packet_number,timestamp,elapsed_seconds,interval_ms,Xg,Yg,Zg,Xdeg,Ydeg,Zdeg,acceleration_magnitude_g,gyroscope_magnitude_dps,raw_payload
1,2026-07-27T13:54:26.433,0.038939,,-0.2800,0.2600,1.0200,-69.1500,17.2100,-10.4400,1.089220,72.020137,"-0.28,0.26,1.02,-69.15,17.21,-10.44"
2,2026-07-27T13:54:26.462,0.067637,28.697700,-0.4700,0.0900,0.9600,-78.9800,1.2200,-9.0900,1.072660,79.510734,"-0.47,0.09,0.96,-78.98,1.22,-9.09"
3,2026-07-27T13:54:26.492,0.097787,30.150100,-0.3600,0.0700,0.9300,-77.0900,-16.9100,3.1700,0.999700,78.986487,"-0.36,0.07,0.93,-77.09,-16.91,3.17"
4,2026-07-27T13:54:26.552,0.157728,59.940900,-0.1600,0.1300,0.9300,-70.6800,-8.3600,20.0200,0.952575,73.934785,"-0.16,0.13,0.93,-70.68,-8.36,20.02"
5,2026-07-27T13:54:26.582,0.187411,29.683800,-0.2200,0.0400,0.9300,-66.5300,16.2400,32.4700,0.956504,75.791025,"-0.22,0.04,0.93,-66.53,16.24,32.47"
6,2026-07-27T13:54:26.627,0.232411,44.999100,-0.3100,-0.0200,0.9500,-58.8400,34.9700,31.7400,0.999500,75.448486,"-0.31,-0.02,0.95,-58.84,34.97,31.74"
7,2026-07-27T13:54:26.673,0.278611,46.200700,-0.3600,-0.0200,0.9600,-23.6200,39.0000,18.3700,1.025475,49.156498,"-0.36,-0.02,0.96,-23.62,39.00,18.37"
8,2026-07-27T13:54:26.702,0.307808,29.196700,-0.3500,0.0300,0.9600,40.8300,25.8800,-7.2600,1.022252,48.883237,"-0.35,0.03,0.96,40.83,25.88,-7.26"
9,2026-07-27T13:54:26.732,0.337806,29.997800,-0.3200,0.1100,0.9500,91.9200,1.4600,-42.6000,1.008464,101.322150,"-0.32,0.11,0.95,91.92,1.46,-42.60"
10,2026-07-27T13:54:26.777,0.382679,44.873500,-0.2600,0.1300,0.9000,99.0000,-21.9700,-55.4800,0.945780,115.592869,"-0.26,0.13,0.90,99.00,-21.97,-55.48"
11,2026-07-27T13:54:26.822,0.428161,45.482200,-0.1900,0.0900,0.8100,61.4000,-23.9900,-47.9100,0.836839,81.491400,"-0.19,0.09,0.81,61.40,-23.99,-47.91"
12,2026-07-27T13:54:26.852,0.457928,29.766900,-0.2200,0.0700,0.8000,10.0700,0.1200,-46.7500,0.832646,47.822399,"-0.22,0.07,0.80,10.07,0.12,-46.75"
13,2026-07-27T13:54:26.912,0.517678,59.749600,-0.3600,0.1100,0.8900,-11.7200,20.0200,-37.7200,0.966333,44.282696,"-0.36,0.11,0.89,-11.72,20.02,-37.72"
14,2026-07-27T13:54:26.973,0.578622,60.944100,-0.4700,0.1700,1.0000,-8.0600,15.5600,-24.8400,1.117945,30.399059,"-0.47,0.17,1.00,-8.06,15.56,-24.84"
15,2026-07-27T13:54:26.974,0.579701,1.078900,-0.4400,0.1400,1.0100,-0.2400,0.8500,-28.0200,1.110540,28.033917,"-0.44,0.14,1.01,-0.24,0.85,-28.02"
16,2026-07-27T13:54:27.032,0.637955,58.254000,-0.3300,0.1000,0.9300,12.5100,13.0600,-36.0100,0.991867,40.296201,"-0.33,0.10,0.93,12.51,13.06,-36.01"
17,2026-07-27T13:54:27.062,0.667736,29.781200,-0.3300,0.1300,0.8900,28.9900,55.8500,-24.3500,0.958071,67.472699,"-0.33,0.13,0.89,28.99,55.85,-24.35"
18,2026-07-27T13:54:27.122,0.727809,60.072500,-0.4200,0.1300,0.9000,38.7000,73.6700,-1.4000,1.001649,83.228114,"-0.42,0.13,0.90,38.70,73.67,-1.40"
19,2026-07-27T13:54:27.137,0.742650,14.841700,-0.4100,0.1500,0.9200,42.7900,43.3300,18.9800,1.018332,63.786467,"-0.41,0.15,0.92,42.79,43.33,18.98"
20,2026-07-27T13:54:27.183,0.788183,45.532700,-0.3500,0.2500,0.9100,51.4500,7.1400,44.0700,1.006529,68.119358,"-0.35,0.25,0.91,51.45,7.14,44.07"
21,2026-07-27T13:54:27.212,0.817533,29.350200,-0.3400,0.3500,0.8900,63.0500,-9.4000,62.2600,1.014988,89.106510,"-0.34,0.35,0.89,63.05,-9.40,62.26"
22,2026-07-27T13:54:27.273,0.879171,61.638000,-0.3400,0.3900,0.8700,54.2000,-19.4700,68.6600,1.012225,89.615381,"-0.34,0.39,0.87,54.20,-19.47,68.66"
23,2026-07-27T13:54:27.317,0.922938,43.767000,-0.3300,0.4400,0.9200,42.1100,-24.7200,93.5700,1.071868,105.544661,"-0.33,0.44,0.92,42.11,-24.72,93.57"
24,2026-07-27T13:54:27.332,0.937681,14.743200,-0.4200,0.4800,0.9900,47.9100,-34.4800,146.4800,1.177667,157.926024,"-0.42,0.48,0.99,47.91,-34.48,146.48"
25,2026-07-27T13:54:27.392,0.997569,59.887800,-0.5100,0.5000,1.0000,35.0300,-71.1700,163.6400,1.228861,181.852466,"-0.51,0.50,1.00,35.03,-71.17,163.64"
26,2026-07-27T13:54:27.422,1.027696,30.126800,-0.4300,0.4700,1.0200,0.0600,-115.4200,108.9500,1.202581,158.719509,"-0.43,0.47,1.02,0.06,-115.42,108.95"
27,2026-07-27T13:54:27.453,1.058641,30.944700,-0.2100,0.4100,1.0600,-38.2700,-162.7800,19.6500,1.155768,168.368773,"-0.21,0.41,1.06,-38.27,-162.78,19.65"
28,2026-07-27T13:54:27.497,1.102906,44.265000,0.0900,0.3200,0.9700,-69.7600,-227.8400,-45.7800,1.025378,242.638273,"0.09,0.32,0.97,-69.76,-227.84,-45.78"
29,2026-07-27T13:54:27.557,1.162925,60.019000,0.3700,0.2200,0.8100,-76.2900,-246.7700,-51.5700,0.917279,263.391461,"0.37,0.22,0.81,-76.29,-246.77,-51.57"
30,2026-07-27T13:54:27.573,1.178567,15.642200,0.5500,0.1500,0.7300,-57.0100,-175.2900,-15.5600,0.926229,184.983345,"0.55,0.15,0.73,-57.01,-175.29,-15.56"
31,2026-07-27T13:54:27.617,1.222498,43.931300,0.5900,0.1000,0.6300,-21.6700,-81.7900,35.5200,0.868907,91.765262,"0.59,0.10,0.63,-21.67,-81.79,35.52"
32,2026-07-27T13:54:27.662,1.267583,45.084900,0.5000,0.1000,0.5000,29.7200,-8.7300,83.8000,0.714143,89.341655,"0.50,0.10,0.50,29.72,-8.73,83.80"
33,2026-07-27T13:54:27.723,1.328306,60.723200,0.3700,0.1700,0.4300,76.1700,45.4100,104.0600,0.592199,136.720227,"0.37,0.17,0.43,76.17,45.41,104.06"
34,2026-07-27T13:54:27.842,1.448016,119.709200,0.3000,0.2900,0.4300,92.0400,52.1200,89.7200,0.599166,138.699439,"0.30,0.29,0.43,92.04,52.12,89.72"
35,2026-07-27T13:54:27.843,1.448402,0.386700,0.3100,0.4000,0.4300,88.2000,12.8200,58.7200,0.664078,106.731583,"0.31,0.40,0.43,88.20,12.82,58.72"
36,2026-07-27T13:54:27.843,1.448539,0.136800,0.3800,0.5000,0.4200,82.3400,-34.8500,17.0300,0.755513,91.018784,"0.38,0.50,0.42,82.34,-34.85,17.03"
37,2026-07-27T13:54:27.903,1.508604,60.065300,0.4800,0.5900,0.3800,78.9200,-76.7200,-28.9900,0.850235,113.818913,"0.48,0.59,0.38,78.92,-76.72,-28.99"
38,2026-07-27T13:54:27.904,1.509481,0.876600,0.5900,0.6700,0.3300,79.1000,-113.2800,-66.6500,0.951788,153.399449,"0.59,0.67,0.33,79.10,-113.28,-66.65"
39,2026-07-27T13:54:27.963,1.568475,58.994000,0.6900,0.7800,0.2900,85.0200,-131.7700,-96.6200,1.081018,184.193262,"0.69,0.78,0.29,85.02,-131.77,-96.62"
40,2026-07-27T13:54:28.145,1.750263,181.788200,0.7600,0.9400,0.3200,99.4900,-121.9500,-115.1100,1.250440,194.988140,"0.76,0.94,0.32,99.49,-121.95,-115.11"
41,2026-07-27T13:54:28.145,1.750645,0.381400,0.7100,1.0900,0.3700,125.7900,-67.0800,-104.0000,1.352442,176.462037,"0.71,1.09,0.37,125.79,-67.08,-104.00"
42,2026-07-27T13:54:28.145,1.750765,0.120400,0.5100,1.2200,0.4000,153.2000,49.5600,-86.0600,1.381485,182.572608,"0.51,1.22,0.40,153.20,49.56,-86.06"
43,2026-07-27T13:54:28.145,1.751005,0.240300,0.3500,1.2800,0.4600,166.3200,163.1500,-91.2500,1.404457,250.213564,"0.35,1.28,0.46,166.32,163.15,-91.25"
44,2026-07-27T13:54:28.146,1.751320,0.314300,0.3200,1.1900,0.5100,153.9300,170.9000,-91.4300,1.333642,247.508989,"0.32,1.19,0.51,153.93,170.90,-91.43"
45,2026-07-27T13:54:28.322,1.927995,176.675400,0.2900,1.0500,0.5000,112.7900,78.3100,-58.3500,1.198582,149.193709,"0.29,1.05,0.50,112.79,78.31,-58.35"
46,2026-07-27T13:54:28.323,1.928526,0.531400,0.2300,0.9800,0.4400,61.2200,-11.8400,-14.5300,1.098590,64.024955,"0.23,0.98,0.44,61.22,-11.84,-14.53"
47,2026-07-27T13:54:28.323,1.928683,0.156700,0.1800,1.0200,0.3800,21.7900,-34.3600,4.7000,1.103268,40.957340,"0.18,1.02,0.38,21.79,-34.36,4.70"
48,2026-07-27T13:54:28.324,1.929346,0.663000,0.1700,1.0600,0.3400,0.3100,-10.5000,0.6700,1.126099,10.525920,"0.17,1.06,0.34,0.31,-10.50,0.67"
49,2026-07-27T13:54:28.384,1.990104,60.757700,0.1700,1.0300,0.3100,-10.0100,17.2700,-4.8800,1.088990,20.549146,"0.17,1.03,0.31,-10.01,17.27,-4.88"
50,2026-07-27T13:54:28.386,1.991664,1.560700,0.1700,0.9800,0.2700,-14.7100,40.5300,-5.0700,1.030631,43.413937,"0.17,0.98,0.27,-14.71,40.53,-5.07"
51,2026-07-27T13:54:28.442,2.047532,55.867800,0.1900,0.9600,0.2300,-14.4700,71.9600,-3.9100,1.005286,73.504494,"0.19,0.96,0.23,-14.47,71.96,-3.91"
52,2026-07-27T13:54:28.504,2.109233,61.700400,0.2100,0.9500,0.2000,-10.8000,105.4100,-1.1000,0.993277,105.967533,"0.21,0.95,0.20,-10.80,105.41,-1.10"
53,2026-07-27T13:54:28.504,2.109359,0.126500,0.2200,0.9000,0.1700,-7.6300,122.1900,6.6500,0.941966,122.608464,"0.22,0.90,0.17,-7.63,122.19,6.65"
54,2026-07-27T13:54:28.562,2.167966,58.606400,0.2200,0.8500,0.1400,-5.6800,122.0700,18.9200,0.889101,123.658051,"0.22,0.85,0.14,-5.68,122.07,18.92"
55,2026-07-27T13:54:28.622,2.227404,59.438500,0.2000,0.8400,0.1000,-1.8300,122.8000,30.6400,0.869253,126.578033,"0.20,0.84,0.10,-1.83,122.80,30.64"
56,2026-07-27T13:54:28.622,2.227727,0.323000,0.1800,0.9000,0.0800,6.4700,133.7900,35.5800,0.921303,138.591347,"0.18,0.90,0.08,6.47,133.79,35.58"
57,2026-07-27T13:54:28.682,2.287994,60.266700,0.1500,0.9500,0.1200,15.2000,141.6000,33.2000,0.969226,146.232144,"0.15,0.95,0.12,15.20,141.60,33.20"
58,2026-07-27T13:54:28.862,2.467418,179.424400,0.1600,0.9600,0.1600,16.1700,124.8800,28.4400,0.986306,129.094217,"0.16,0.96,0.16,16.17,124.88,28.44"
59,2026-07-27T13:54:28.862,2.467781,0.362800,0.2100,0.9400,0.1600,7.7500,82.9500,25.8200,0.976371,87.220625,"0.21,0.94,0.16,7.75,82.95,25.82"
60,2026-07-27T13:54:28.862,2.468091,0.309900,0.2600,0.9200,0.1200,-3.0500,43.5800,25.9400,0.963535,50.807504,"0.26,0.92,0.12,-3.05,43.58,25.94"
61,2026-07-27T13:54:28.863,2.468641,0.550300,0.2900,0.9000,0.0800,-9.8300,28.5000,26.7900,0.948947,40.330919,"0.29,0.90,0.08,-9.83,28.50,26.79"
62,2026-07-27T13:54:28.864,2.469715,1.073600,0.3100,0.8700,0.0400,-9.0900,30.8800,27.0400,0.924446,42.040030,"0.31,0.87,0.04,-9.09,30.88,27.04"
63,2026-07-27T13:54:28.982,2.587192,117.476700,0.3000,0.8400,0.0300,1.5900,36.2500,28.8700,0.892468,46.368820,"0.30,0.84,0.03,1.59,36.25,28.87"
64,2026-07-27T13:54:28.982,2.587539,0.347900,0.2900,0.8500,0.0400,19.5300,38.8800,33.3300,0.898999,54.808432,"0.29,0.85,0.04,19.53,38.88,33.33"
65,2026-07-27T13:54:28.982,2.587952,0.412600,0.3000,0.9300,0.0400,39.4900,39.6100,36.6800,0.978008,66.886730,"0.30,0.93,0.04,39.49,39.61,36.68"
66,2026-07-27T13:54:29.042,2.647953,60.001200,0.2900,1.0700,0.0800,59.3300,42.4200,37.2900,1.111485,81.914891,"0.29,1.07,0.08,59.33,42.42,37.29"
67,2026-07-27T13:54:29.102,2.707700,59.747300,0.2400,1.1500,0.1900,74.6500,46.5100,39.1200,1.190042,96.260984,"0.24,1.15,0.19,74.65,46.51,39.12"
68,2026-07-27T13:54:29.103,2.708200,0.499800,0.1700,1.1000,0.3400,71.4700,42.9700,41.4400,1.163830,93.121724,"0.17,1.10,0.34,71.47,42.97,41.44"
69,2026-07-27T13:54:29.342,2.947341,239.140800,0.1500,1.0400,0.3800,-18.1900,11.1100,7.6900,1.117363,22.659309,"0.15,1.04,0.38,-18.19,11.11,7.69"
70,2026-07-27T13:54:29.342,2.947698,0.356600,0.2100,1.1200,0.3000,-75.0100,0.5500,-31.4300,1.178346,81.330483,"0.21,1.12,0.30,-75.01,0.55,-31.43"
71,2026-07-27T13:54:29.343,2.948466,0.768300,0.3400,1.2700,0.2000,-120.7300,-23.4400,-61.9500,1.329850,137.706096,"0.34,1.27,0.20,-120.73,-23.44,-61.95"
72,2026-07-27T13:54:29.344,2.949252,0.786000,0.4500,1.3200,0.1300,-153.9300,-68.0500,-65.8600,1.400643,180.728490,"0.45,1.32,0.13,-153.93,-68.05,-65.86"
73,2026-07-27T13:54:29.344,2.950009,0.757500,0.4800,1.2200,0.0300,-168.5800,-105.4100,-51.2700,1.311373,205.326806,"0.48,1.22,0.03,-168.58,-105.41,-51.27"
74,2026-07-27T13:54:29.345,2.950799,0.789700,0.4400,1.0500,-0.0700,-158.0200,-111.4500,-39.7900,1.140614,197.420027,"0.44,1.05,-0.07,-158.02,-111.45,-39.79"
75,2026-07-27T13:54:29.405,3.010443,59.644300,0.3900,0.8900,-0.0800,-133.0000,-106.8700,-40.5300,0.974987,175.364985,"0.39,0.89,-0.08,-133.00,-106.87,-40.53"
76,2026-07-27T13:54:29.462,3.067668,57.224300,0.3700,0.8100,0.0400,-118.5900,-139.0400,-44.8600,0.891403,188.170479,"0.37,0.81,0.04,-118.59,-139.04,-44.86"
77,2026-07-27T13:54:29.462,3.067997,0.329100,0.3900,0.8300,0.2300,-131.9600,-218.9900,-43.2100,0.945463,259.301303,"0.39,0.83,0.23,-131.96,-218.99,-43.21"
78,2026-07-27T13:54:29.522,3.127383,59.386000,0.4500,0.8800,0.3200,-161.3200,-283.8100,-41.6300,1.038894,329.097729,"0.45,0.88,0.32,-161.32,-283.81,-41.63"
79,2026-07-27T13:54:29.642,3.247601,120.218400,0.5700,0.8300,0.1900,-175.4800,-264.5300,-56.2100,1.024646,322.380079,"0.57,0.83,0.19,-175.48,-264.53,-56.21"
80,2026-07-27T13:54:29.642,3.247976,0.374500,0.5800,0.7500,0.1700,-162.4100,-187.7400,-85.2700,0.963224,262.477215,"0.58,0.75,0.17,-162.41,-187.74,-85.27"
81,2026-07-27T13:54:29.643,3.248626,0.650400,0.5600,0.6500,0.1500,-132.8100,-130.6800,-102.2900,0.870976,212.553529,"0.56,0.65,0.15,-132.81,-130.68,-102.29"
82,2026-07-27T13:54:29.702,3.307641,59.014500,0.5200,0.5300,0.1300,-99.4300,-112.7900,-90.8200,0.753790,175.659276,"0.52,0.53,0.13,-99.43,-112.79,-90.82"
83,2026-07-27T13:54:29.703,3.308507,0.866200,0.4700,0.4300,0.0900,-68.5400,-111.1500,-68.8500,0.643351,147.622412,"0.47,0.43,0.09,-68.54,-111.15,-68.85"
84,2026-07-27T13:54:29.762,3.367585,59.078300,0.4800,0.4300,0.0800,-34.3000,-113.7700,-65.1900,0.649384,135.535379,"0.48,0.43,0.08,-34.30,-113.77,-65.19"
85,2026-07-27T13:54:29.822,3.427586,60.000400,0.6200,0.5700,0.1800,12.1500,-123.2300,-92.9000,0.861220,154.802020,"0.62,0.57,0.18,12.15,-123.23,-92.90"
86,2026-07-27T13:54:29.823,3.428184,0.598000,0.8100,0.7600,0.4000,60.7900,-133.4800,-134.2200,1.180551,198.814846,"0.81,0.76,0.40,60.79,-133.48,-134.22"
87,2026-07-27T13:54:29.942,3.548115,119.931200,0.8900,0.8600,0.5400,78.3700,-117.1300,-147.0900,1.350296,203.707540,"0.89,0.86,0.54,78.37,-117.13,-147.09"
88,2026-07-27T13:54:29.945,3.550535,2.420600,0.8500,0.8300,0.5100,60.3600,-73.4900,-113.2200,1.292865,147.861009,"0.85,0.83,0.51,60.36,-73.49,-113.22"
89,2026-07-27T13:54:29.945,3.550723,0.187900,0.8400,0.7400,0.4400,43.7600,-39.4300,-65.0600,1.202830,87.763695,"0.84,0.74,0.44,43.76,-39.43,-65.06"
90,2026-07-27T13:54:30.002,3.607632,56.908700,0.8500,0.6800,0.3800,48.1000,-15.2600,-42.0500,1.152953,65.686225,"0.85,0.68,0.38,48.10,-15.26,-42.05"
91,2026-07-27T13:54:30.062,3.667690,60.057600,0.7500,0.7200,0.3000,71.3500,54.6300,-43.8800,1.082081,100.003569,"0.75,0.72,0.30,71.35,54.63,-43.88"
92,2026-07-27T13:54:30.062,3.668055,0.365400,0.5200,0.8700,0.2800,111.0200,199.9500,-55.8500,1.051523,235.424437,"0.52,0.87,0.28,111.02,199.95,-55.85"
93,2026-07-27T13:54:30.182,3.788033,119.978100,0.2600,1.0600,0.3800,148.9300,350.2800,-65.1900,1.155682,386.168304,"0.26,1.06,0.38,148.93,350.28,-65.19"
94,2026-07-27T13:54:30.183,3.788678,0.645100,0.1200,1.1900,0.5300,144.1000,383.6700,-53.2800,1.308205,413.287112,"0.12,1.19,0.53,144.10,383.67,-53.28"
95,2026-07-27T13:54:30.184,3.789379,0.700700,0.1200,1.1800,0.5500,71.9600,253.8500,-22.4600,1.307402,264.806563,"0.12,1.18,0.55,71.96,253.85,-22.46"
96,2026-07-27T13:54:30.243,3.848626,59.247500,0.2300,1.0800,0.3700,-36.3200,52.0000,5.0700,1.164560,63.630553,"0.23,1.08,0.37,-36.32,52.00,5.07"
97,2026-07-27T13:54:30.724,4.329414,480.787600,0.3500,0.9600,0.1200,-114.1400,-72.6900,23.1900,1.028834,137.293670,"0.35,0.96,0.12,-114.14,-72.69,23.19"
98,2026-07-27T13:54:30.725,4.330220,0.805700,0.3900,0.8700,-0.0500,-124.6900,-61.8900,37.1700,0.954725,144.081842,"0.39,0.87,-0.05,-124.69,-61.89,37.17"
99,2026-07-27T13:54:30.726,4.331490,1.270700,0.3400,0.8200,-0.0800,-89.0500,18.0100,41.2600,0.891291,99.783016,"0.34,0.82,-0.08,-89.05,18.01,41.26"
100,2026-07-27T13:54:30.727,4.332531,1.041100,0.2800,0.8200,-0.0600,-46.8100,78.9800,33.4500,0.868562,97.713454,"0.28,0.82,-0.06,-46.81,78.98,33.45"
101,2026-07-27T13:54:30.902,4.507660,175.128100,0.2600,0.8800,-0.0500,-17.4000,91.3100,23.1900,0.918967,95.802151,"0.26,0.88,-0.05,-17.40,91.31,23.19"
102,2026-07-27T13:54:30.903,4.508623,0.963200,0.2300,0.9400,-0.0200,5.3100,73.7900,20.8700,0.967936,76.868180,"0.23,0.94,-0.02,5.31,73.79,20.87"
103,2026-07-27T13:54:30.904,4.509949,1.326600,0.1500,0.9100,0.0800,26.1200,45.0400,26.8600,0.925743,58.585968,"0.15,0.91,0.08,26.12,45.04,26.86"
104,2026-07-27T13:54:30.905,4.510622,0.672600,0.1000,0.8400,0.1700,31.9800,-0.1200,27.7700,0.862844,42.354548,"0.10,0.84,0.17,31.98,-0.12,27.77"
105,2026-07-27T13:54:30.905,4.511160,0.538100,0.1900,0.8400,0.1800,16.2400,-73.6700,12.0200,0.879830,76.390359,"0.19,0.84,0.18,16.24,-73.67,12.02"
106,2026-07-27T13:54:30.906,4.511492,0.331800,0.3800,0.8900,0.1300,-1.7700,-163.5100,-10.9300,0.976422,163.884465,"0.38,0.89,0.13,-1.77,-163.51,-10.93"
107,2026-07-27T13:54:30.906,4.511992,0.500600,0.5700,0.9100,0.0900,0.9800,-222.7200,-31.1900,1.077544,224.895475,"0.57,0.91,0.09,0.98,-222.72,-31.19"
108,2026-07-27T13:54:30.907,4.512521,0.528400,0.7000,0.9000,0.1000,26.4900,-211.7300,-52.7300,1.144552,219.799376,"0.70,0.90,0.10,26.49,-211.73,-52.73"
109,2026-07-27T13:54:30.908,4.513261,0.740300,0.7100,0.8900,0.1900,67.4400,-125.1800,-66.0400,1.154253,156.778403,"0.71,0.89,0.19,67.44,-125.18,-66.04"
110,2026-07-27T13:54:30.908,4.513984,0.723200,0.5900,0.9000,0.3500,104.1300,2.5000,-56.1500,1.131636,118.330594,"0.59,0.90,0.35,104.13,2.50,-56.15"
111,2026-07-27T13:54:30.909,4.514548,0.563700,0.4600,0.9400,0.5100,108.8900,94.7300,-33.9400,1.164174,148.265736,"0.46,0.94,0.51,108.89,94.73,-33.94"
112,2026-07-27T13:54:30.910,4.515268,0.719900,0.4600,0.9900,0.6400,77.4500,95.7000,-20.8100,1.265425,124.860116,"0.46,0.99,0.64,77.45,95.70,-20.81"
113,2026-07-27T13:54:30.910,4.515967,0.698900,0.5500,1.0500,0.5800,17.7600,34.7300,-12.1500,1.319621,40.856003,"0.55,1.05,0.58,17.76,34.73,-12.15"
114,2026-07-27T13:54:31.082,4.687739,171.772300,0.5600,1.0700,0.3200,-51.4500,-1.2800,8.3000,1.249360,52.130902,"0.56,1.07,0.32,-51.45,-1.28,8.30"
115,2026-07-27T13:54:31.084,4.689848,2.109200,0.5000,1.0500,0.1100,-92.2200,22.4600,30.2100,1.168161,99.607350,"0.50,1.05,0.11,-92.22,22.46,30.21"
116,2026-07-27T13:54:31.085,4.690313,0.464500,0.4100,1.0200,0.0500,-94.8500,61.6500,39.3100,1.100454,119.760265,"0.41,1.02,0.05,-94.85,61.65,39.31"
117,2026-07-27T13:54:31.086,4.691604,1.291300,0.3200,0.9900,0.1000,-80.5700,75.2600,39.1800,1.045227,117.007115,"0.32,0.99,0.10,-80.57,75.26,39.18"
118,2026-07-27T13:54:31.262,4.867922,176.317300,0.2900,1.0100,0.2300,-69.3400,50.7200,32.9000,1.075686,91.994369,"0.29,1.01,0.23,-69.34,50.72,32.90"
119,2026-07-27T13:54:31.263,4.868693,0.772000,0.3300,1.0400,0.3400,-73.6700,-13.0600,26.4900,1.142847,79.369721,"0.33,1.04,0.34,-73.67,-13.06,26.49"
120,2026-07-27T13:54:31.263,4.869125,0.431900,0.4300,1.0200,0.3800,-90.9400,-93.0800,32.9600,1.170342,134.239829,"0.43,1.02,0.38,-90.94,-93.08,32.96"
121,2026-07-27T13:54:31.264,4.869656,0.530800,0.5600,0.9500,0.3500,-106.0800,-138.1200,51.2100,1.156979,181.528413,"0.56,0.95,0.35,-106.08,-138.12,51.21"
122,2026-07-27T13:54:31.265,4.870224,0.568000,0.6700,0.8400,0.3400,-107.7900,-110.9000,65.6100,1.126987,167.994542,"0.67,0.84,0.34,-107.79,-110.90,65.61"
123,2026-07-27T13:54:31.322,4.927858,57.634000,0.7300,0.7400,0.3900,-96.1900,-39.2500,64.8200,1.110225,122.452893,"0.73,0.74,0.39,-96.19,-39.25,64.82"
124,2026-07-27T13:54:31.382,4.987639,59.781300,0.7500,0.6900,0.4200,-80.0800,19.9600,53.1000,1.102270,98.136731,"0.75,0.69,0.42,-80.08,19.96,53.10"
125,2026-07-27T13:54:31.382,4.987978,0.338100,0.7100,0.6200,0.3800,-68.5400,49.7400,45.2900,1.016317,96.036364,"0.71,0.62,0.38,-68.54,49.74,45.29"
126,2026-07-27T13:54:31.442,5.047803,59.825600,0.6300,0.5300,0.3100,-60.8500,62.4400,41.7500,0.879716,96.667154,"0.63,0.53,0.31,-60.85,62.44,41.75"
127,2026-07-27T13:54:31.625,5.230416,182.612900,0.5600,0.4400,0.2500,-49.1300,67.6900,28.4400,0.754785,88.343232,"0.56,0.44,0.25,-49.13,67.69,28.44"
128,2026-07-27T13:54:31.625,5.231057,0.641100,0.5200,0.4100,0.2800,-30.1500,69.8200,2.9300,0.718958,76.108080,"0.52,0.41,0.28,-30.15,69.82,2.93"
129,2026-07-27T13:54:31.626,5.231834,0.777300,0.5000,0.4400,0.3500,-8.9100,64.7600,-18.6800,0.752396,67.986676,"0.50,0.44,0.35,-8.91,64.76,-18.68"
130,2026-07-27T13:54:31.627,5.232483,0.648300,0.4500,0.5000,0.4100,8.9700,54.3800,-23.6200,0.787782,59.962903,"0.45,0.50,0.41,8.97,54.38,-23.62"
131,2026-07-27T13:54:31.627,5.233078,0.595200,0.3200,0.5600,0.5000,23.8600,51.4500,-19.5900,0.816088,60.001418,"0.32,0.56,0.50,23.86,51.45,-19.59"
132,2026-07-27T13:54:31.742,5.347770,114.691700,0.2100,0.6500,0.6100,39.9800,44.5600,-22.5200,0.915806,63.962054,"0.21,0.65,0.61,39.98,44.56,-22.52"
133,2026-07-27T13:54:31.743,5.348352,0.582000,0.2400,0.7300,0.5900,58.9000,6.1000,-33.3300,0.968814,67.950783,"0.24,0.73,0.59,58.90,6.10,-33.33"
134,2026-07-27T13:54:31.743,5.348843,0.491600,0.3300,0.7800,0.5000,68.7300,-41.8100,-36.9300,0.983514,88.519568,"0.33,0.78,0.50,68.73,-41.81,-36.93"
135,2026-07-27T13:54:31.803,5.408327,59.484000,0.3700,0.8300,0.4800,70.5600,-57.3100,-16.3000,1.027716,92.351717,"0.37,0.83,0.48,70.56,-57.31,-16.30"
136,2026-07-27T13:54:31.862,5.467962,59.634600,0.3800,0.8600,0.5500,83.6200,-54.6900,19.8400,1.089266,101.867198,"0.38,0.86,0.55,83.62,-54.69,19.84"
137,2026-07-27T13:54:31.863,5.468654,0.691700,0.4100,0.8700,0.5300,102.4200,-61.2200,42.3000,1.098135,126.597926,"0.41,0.87,0.53,102.42,-61.22,42.30"
138,2026-07-27T13:54:32.222,5.827867,359.213000,0.4400,0.8600,0.4400,80.4400,-51.8800,43.2100,1.061508,105.020151,"0.44,0.86,0.44,80.44,-51.88,43.21"
139,2026-07-27T13:54:32.223,5.828241,0.374800,0.4400,0.8400,0.4500,8.1200,-5.4300,32.8400,1.049619,34.262004,"0.44,0.84,0.45,8.12,-5.43,32.84"
140,2026-07-27T13:54:32.223,5.829048,0.806800,0.4500,0.8300,0.4700,-39.9200,21.4800,13.3700,1.054656,47.262604,"0.45,0.83,0.47,-39.92,21.48,13.37"
141,2026-07-27T13:54:32.224,5.829851,0.803000,0.4800,0.8500,0.4000,-30.8200,6.8400,-17.9400,1.054941,36.311177,"0.48,0.85,0.40,-30.82,6.84,-17.94"
142,2026-07-27T13:54:32.225,5.830477,0.625400,0.4200,0.7500,0.3400,-9.7700,17.8200,-91.7400,0.924392,93.963998,"0.42,0.75,0.34,-9.77,17.82,-91.74"
143,2026-07-27T13:54:32.225,5.831062,0.585800,0.2700,0.6800,0.3400,-21.9700,18.0100,-162.7200,0.806784,165.181232,"0.27,0.68,0.34,-21.97,18.01,-162.72"
144,2026-07-27T13:54:32.226,5.831993,0.930200,0.1900,0.8100,0.4100,-46.9400,-7.0200,-193.1800,0.927524,198.925002,"0.19,0.81,0.41,-46.94,-7.02,-193.18"
145,2026-07-27T13:54:32.227,5.832536,0.543900,0.1700,0.9600,0.5000,-83.3100,-33.9400,-149.0500,1.095673,174.093027,"0.17,0.96,0.50,-83.31,-33.94,-149.05"
146,2026-07-27T13:54:32.228,5.833587,1.050500,0.1600,0.9400,0.5800,-107.6000,-38.3900,-92.3500,1.116065,146.901581,"0.16,0.94,0.58,-107.60,-38.39,-92.35"
147,2026-07-27T13:54:32.342,5.947834,114.247000,0.1500,0.7900,0.6400,-89.5400,-33.9400,-57.8600,1.027716,111.879912,"0.15,0.79,0.64,-89.54,-33.94,-57.86"
148,2026-07-27T13:54:32.343,5.948185,0.351500,0.1100,0.7100,0.6700,-24.4100,-47.9100,-33.2000,0.982395,63.193799,"0.11,0.71,0.67,-24.41,-47.91,-33.20"
149,2026-07-27T13:54:32.343,5.948600,0.414600,0.0800,0.7400,0.6400,59.2000,-78.6100,-18.1300,0.981631,100.064324,"0.08,0.74,0.64,59.20,-78.61,-18.13"
150,2026-07-27T13:54:32.462,6.067979,119.378700,0.0800,0.8200,0.5800,116.0900,-91.4900,-13.7900,1.007571,148.450235,"0.08,0.82,0.58,116.09,-91.49,-13.79"
151,2026-07-27T13:54:32.463,6.068427,0.448400,0.0200,0.9800,0.3700,123.2300,-74.9500,-21.6100,1.047712,145.842818,"0.02,0.98,0.37,123.23,-74.95,-21.61"
152,2026-07-27T13:54:32.463,6.068776,0.348400,0.0100,0.8900,0.2300,91.9200,-59.9400,-43.6400,0.919293,118.095468,"0.01,0.89,0.23,91.92,-59.94,-43.64"
153,2026-07-27T13:54:32.582,6.188027,119.251500,0.0500,0.7900,0.2200,30.4600,-59.8800,-58.0400,0.821584,88.781009,"0.05,0.79,0.22,30.46,-59.88,-58.04"
154,2026-07-27T13:54:32.583,6.188476,0.449200,0.0400,0.7500,0.3800,15.5000,-68.3000,-65.7300,0.841724,96.049846,"0.04,0.75,0.38,15.50,-68.30,-65.73"
155,2026-07-27T13:54:32.583,6.189014,0.537700,-0.1200,0.7100,0.2900,184.1400,-91.4900,-80.1400,0.776273,220.681624,"-0.12,0.71,0.29,184.14,-91.49,-80.14"
156,2026-07-27T13:54:32.642,6.247972,58.958500,-0.3200,0.6500,-0.0700,382.1400,-112.7900,-88.3800,0.727874,408.122026,"-0.32,0.65,-0.07,382.14,-112.79,-88.38"
157,2026-07-27T13:54:32.762,6.368108,120.135900,-0.4200,0.6800,-0.2400,302.3100,-96.4400,-83.8600,0.834506,328.214121,"-0.42,0.68,-0.24,302.31,-96.44,-83.86"
158,2026-07-27T13:54:32.763,6.368777,0.669100,-0.4200,0.8900,-0.2000,62.6200,-68.1200,-78.1200,1.004241,121.096380,"-0.42,0.89,-0.20,62.62,-68.12,-78.12"
159,2026-07-27T13:54:32.764,6.369283,0.505800,-0.3900,1.1200,-0.1400,-69.6400,-66.8300,-80.8100,1.194194,125.881828,"-0.39,1.12,-0.14,-69.64,-66.83,-80.81"
160,2026-07-27T13:54:33.063,6.668241,298.957300,-0.4000,1.1300,-0.2300,-79.2200,-80.5100,-82.0300,1.220574,139.594375,"-0.40,1.13,-0.23,-79.22,-80.51,-82.03"
161,2026-07-27T13:54:33.063,6.668397,0.156900,-0.5000,0.9100,-0.3900,-68.8500,-68.1800,-99.9100,1.109144,139.179176,"-0.50,0.91,-0.39,-68.85,-68.18,-99.91"
162,2026-07-27T13:54:33.063,6.669086,0.689000,-0.6300,0.7500,-0.4200,-110.6600,-7.3900,-160.2800,1.065739,194.910046,"-0.63,0.75,-0.42,-110.66,-7.39,-160.28"
163,2026-07-27T13:54:33.064,6.670011,0.924400,-0.7300,0.7700,-0.2600,-184.1400,72.3900,-217.4700,1.092428,294.008593,"-0.73,0.77,-0.26,-184.14,72.39,-217.47"
164,2026-07-27T13:54:33.065,6.670912,0.900900,-0.7700,0.8300,-0.0200,-234.7400,134.0300,-192.8700,1.132343,332.062864,"-0.77,0.83,-0.02,-234.74,134.03,-192.87"
165,2026-07-27T13:54:33.066,6.671855,0.943300,-0.7200,0.8200,0.1400,-211.9800,151.8600,-99.2400,1.100182,279.008168,"-0.72,0.82,0.14,-211.98,151.86,-99.24"
166,2026-07-27T13:54:33.067,6.672648,0.792800,-0.6200,0.8000,0.1600,-109.6800,110.0500,-26.7300,1.024695,157.655313,"-0.62,0.80,0.16,-109.68,110.05,-26.73"
167,2026-07-27T13:54:33.068,6.673367,0.719300,-0.5500,0.8300,0.1300,-2.9900,41.9900,-3.0500,1.004141,42.206667,"-0.55,0.83,0.13,-2.99,41.99,-3.05"
168,2026-07-27T13:54:33.482,7.087983,414.615700,-0.5600,0.8400,0.1100,34.7900,-6.2300,-5.1300,1.015529,35.713777,"-0.56,0.84,0.11,34.79,-6.23,-5.13"
169,2026-07-27T13:54:33.483,7.088541,0.558600,-0.6000,0.8400,0.1000,24.2300,-23.7400,-5.9800,1.037111,34.444751,"-0.60,0.84,0.10,24.23,-23.74,-5.98"
170,2026-07-27T13:54:33.484,7.089356,0.814400,-0.5800,0.9100,0.0900,18.3100,-15.3800,14.2800,1.082867,27.851731,"-0.58,0.91,0.09,18.31,-15.38,14.28"
171,2026-07-27T13:54:33.484,7.089846,0.490600,-0.5100,0.9600,0.0800,26.6100,-0.3700,36.9900,1.090000,45.568510,"-0.51,0.96,0.08,26.61,-0.37,36.99"
172,2026-07-27T13:54:33.485,7.090427,0.580900,-0.4600,0.9400,0.0900,50.4800,12.3900,46.3300,1.050381,69.629099,"-0.46,0.94,0.09,50.48,12.39,46.33"
173,2026-07-27T13:54:33.485,7.090900,0.472700,-0.4600,0.9000,0.0700,104.4300,49.9300,53.9600,1.013163,127.711830,"-0.46,0.90,0.07,104.43,49.93,53.96"
174,2026-07-27T13:54:33.486,7.091446,0.546400,-0.5000,0.8700,-0.0600,166.0800,116.9400,68.6600,1.005236,214.410181,"-0.50,0.87,-0.06,166.08,116.94,68.66"
175,2026-07-27T13:54:33.487,7.092367,0.920100,-0.5300,0.8600,-0.2500,178.8900,175.3500,90.5200,1.040673,266.351506,"-0.53,0.86,-0.25,178.89,175.35,90.52"
176,2026-07-27T13:54:33.487,7.093071,0.704200,-0.4300,0.8700,-0.4700,159.8500,246.8900,161.4400,1.078286,335.513887,"-0.43,0.87,-0.47,159.85,246.89,161.44"
177,2026-07-27T13:54:33.488,7.093787,0.716700,-0.1000,0.8500,-0.6200,115.7200,302.0000,284.0000,1.056835,430.408084,"-0.10,0.85,-0.62,115.72,302.00,284.00"
178,2026-07-27T13:54:33.842,7.448146,354.358200,0.3000,0.8000,-0.6200,16.1700,219.7300,331.7900,1.055651,398.280486,"0.30,0.80,-0.62,16.17,219.73,331.79"
179,2026-07-27T13:54:33.843,7.448971,0.825600,0.5100,0.7900,-0.5600,-68.4800,68.2400,252.0800,1.094440,269.982471,"0.51,0.79,-0.56,-68.48,68.24,252.08"
180,2026-07-27T13:54:33.843,7.449030,0.058500,0.4500,0.8500,-0.4800,-79.3500,-4.9400,126.3400,1.074895,149.273647,"0.45,0.85,-0.48,-79.35,-4.94,126.34"
181,2026-07-27T13:54:33.844,7.449739,0.709600,0.3900,1.0000,-0.4100,-47.6700,-10.6200,18.0100,1.149000,52.053563,"0.39,1.00,-0.41,-47.67,-10.62,18.01"
182,2026-07-27T13:54:33.845,7.450219,0.479700,0.4400,1.0800,-0.3300,-21.4800,1.9500,-35.7100,1.211982,41.718066,"0.44,1.08,-0.33,-21.48,1.95,-35.71"
183,2026-07-27T13:54:33.846,7.451234,1.015000,0.5200,0.9900,-0.2500,-26.1800,13.9200,-54.6900,1.145862,62.210569,"0.52,0.99,-0.25,-26.18,13.92,-54.69"
184,2026-07-27T13:54:33.846,7.452131,0.897200,0.6600,0.9700,-0.1500,-43.0300,22.2200,-103.7000,1.182793,114.450860,"0.66,0.97,-0.15,-43.03,22.22,-103.70"
185,2026-07-27T13:54:33.847,7.453016,0.884800,0.8400,1.0200,-0.0700,-38.1500,55.9700,-148.3800,1.323216,163.109435,"0.84,1.02,-0.07,-38.15,55.97,-148.38"
186,2026-07-27T13:54:33.848,7.453594,0.577500,0.9400,1.0100,-0.0800,-13.6100,127.2600,-145.0800,1.382064,193.464586,"0.94,1.01,-0.08,-13.61,127.26,-145.08"
187,2026-07-27T13:54:34.022,7.627912,174.318700,0.8900,0.9900,-0.1900,2.8100,204.4100,-140.0800,1.344730,247.817979,"0.89,0.99,-0.19,2.81,204.41,-140.08"
188,2026-07-27T13:54:34.023,7.628628,0.716100,0.7900,0.9300,-0.3200,0.6700,254.8200,-152.6500,1.261507,297.044952,"0.79,0.93,-0.32,0.67,254.82,-152.65"
189,2026-07-27T13:54:34.023,7.629062,0.433900,0.6700,0.8600,-0.4200,-12.7000,270.5100,-163.6400,1.168289,316.409544,"0.67,0.86,-0.42,-12.70,270.51,-163.64"
190,2026-07-27T13:54:34.024,7.629697,0.634500,0.5100,0.8200,-0.4700,-23.0100,267.2100,-171.8100,1.073965,318.511099,"0.51,0.82,-0.47,-23.01,267.21,-171.81"
191,2026-07-27T13:54:34.025,7.630352,0.655500,0.3000,0.7600,-0.4900,-25.3300,264.1000,-190.1900,0.952733,326.439359,"0.30,0.76,-0.49,-25.33,264.10,-190.19"
192,2026-07-27T13:54:34.203,7.808275,177.922400,0.1400,0.6600,-0.5200,-29.9700,258.6100,-214.2300,0.851822,337.152526,"0.14,0.66,-0.52,-29.97,258.61,-214.23"
193,2026-07-27T13:54:34.203,7.808667,0.392200,0.0900,0.5500,-0.6000,-39.6100,241.8800,-233.6400,0.818902,338.618570,"0.09,0.55,-0.60,-39.61,241.88,-233.64"
194,2026-07-27T13:54:34.203,7.808819,0.151800,0.1000,0.4300,-0.7900,-45.5900,222.7200,-253.1700,0.904986,340.261216,"0.10,0.43,-0.79,-45.59,222.72,-253.17"
195,2026-07-27T13:54:34.204,7.809470,0.651800,-0.0300,0.4000,-0.9600,-33.2600,216.0600,-255.9800,1.040433,336.621318,"-0.03,0.40,-0.96,-33.26,216.06,-255.98"
196,2026-07-27T13:54:34.263,7.868383,58.912100,-0.2900,0.5500,-0.9500,2.6900,209.9000,-214.7200,1.135385,300.283074,"-0.29,0.55,-0.95,2.69,209.90,-214.72"
197,2026-07-27T13:54:34.264,7.869588,1.205100,-0.3600,0.7300,-0.8100,38.1500,163.8200,-121.6400,1.148303,207.578189,"-0.36,0.73,-0.81,38.15,163.82,-121.64"
198,2026-07-27T13:54:34.442,8.047997,178.409500,-0.1600,0.7800,-0.7000,46.2600,84.5900,-4.6400,1.060189,96.524532,"-0.16,0.78,-0.70,46.26,84.59,-4.64"
199,2026-07-27T13:54:34.443,8.048511,0.514000,-0.0100,0.7300,-0.7100,29.9100,39.6100,67.2600,1.018381,83.591075,"-0.01,0.73,-0.71,29.91,39.61,67.26"
200,2026-07-27T13:54:34.443,8.048851,0.339600,-0.0800,0.6300,-0.7800,13.8500,54.2600,68.9100,1.005833,88.795035,"-0.08,0.63,-0.78,13.85,54.26,68.91"
201,2026-07-27T13:54:34.444,8.049684,0.833000,-0.2400,0.5600,-0.8500,15.0800,86.1200,41.8700,1.045801,96.938938,"-0.24,0.56,-0.85,15.08,86.12,41.87"
202,2026-07-27T13:54:34.562,8.167701,118.016900,-0.3300,0.5300,-0.8500,28.9900,91.1300,22.3400,1.054656,98.204748,"-0.33,0.53,-0.85,28.99,91.13,22.34"
203,2026-07-27T13:54:34.563,8.168175,0.474500,-0.2900,0.5800,-0.7800,41.6300,65.6100,20.4500,1.014347,80.348811,"-0.29,0.58,-0.78,41.63,65.61,20.45"
204,2026-07-27T13:54:34.563,8.168541,0.365500,-0.2400,0.6600,-0.7000,46.4500,36.4400,30.5800,0.991564,66.487687,"-0.24,0.66,-0.70,46.45,36.44,30.58"
205,2026-07-27T13:54:34.922,8.527789,359.248700,-0.2600,0.7500,-0.6200,43.8800,23.5000,42.3600,1.007224,65.361105,"-0.26,0.75,-0.62,43.88,23.50,42.36"
206,2026-07-27T13:54:34.923,8.528261,0.472000,-0.3700,0.8600,-0.5900,34.1800,29.1700,46.0800,1.106616,64.362471,"-0.37,0.86,-0.59,34.18,29.17,46.08"
207,2026-07-27T13:54:34.923,8.529030,0.769100,-0.6300,1.0000,-0.6300,19.4700,53.2800,21.0000,1.339328,60.488340,"-0.63,1.00,-0.63,19.47,53.28,21.00"
208,2026-07-27T13:54:34.924,8.529645,0.614900,-0.9300,1.1100,-0.7400,0.6100,75.0100,-35.4600,1.626223,82.971584,"-0.93,1.11,-0.74,0.61,75.01,-35.46"
209,2026-07-27T13:54:34.925,8.530405,0.759600,-0.9800,1.1800,-0.8300,-27.0400,49.8000,-69.7000,1.744047,89.829236,"-0.98,1.18,-0.83,-27.04,49.80,-69.70"
210,2026-07-27T13:54:34.925,8.530968,0.563400,-0.7500,1.2300,-0.8500,-63.9000,-23.5600,-37.7200,1.672692,77.852951,"-0.75,1.23,-0.85,-63.90,-23.56,-37.72"
211,2026-07-27T13:54:34.926,8.531910,0.941300,-0.4000,1.2400,-0.7500,-97.5300,-96.8600,38.0900,1.503363,142.635229,"-0.40,1.24,-0.75,-97.53,-96.86,38.09"
212,2026-07-27T13:54:34.927,8.532820,0.910700,0.0800,1.1800,-0.5400,-117.5500,-135.8000,117.8600,1.300154,214.826959,"0.08,1.18,-0.54,-117.55,-135.80,117.86"
213,2026-07-27T13:54:34.928,8.533376,0.556100,0.6700,1.1000,-0.3200,-120.1200,-125.8500,158.3900,1.327140,235.275220,"0.67,1.10,-0.32,-120.12,-125.85,158.39"
214,2026-07-27T13:54:35.443,9.048239,514.862500,1.1300,1.3600,-0.2400,-96.3700,-64.2700,117.6800,1.784405,165.125383,"1.13,1.36,-0.24,-96.37,-64.27,117.68"
215,2026-07-27T13:54:35.444,9.049787,1.548000,1.2700,2.0400,-0.4100,-77.2700,30.5200,15.6200,2.437745,84.534654,"1.27,2.04,-0.41,-77.27,30.52,15.62"
216,2026-07-27T13:54:35.445,9.050612,0.824900,1.1100,2.4000,-0.8600,-314.1500,187.4400,-146.3600,2.780593,394.011708,"1.11,2.40,-0.86,-314.15,187.44,-146.36"
217,2026-07-27T13:54:35.446,9.051427,0.815200,0.8100,1.9000,-1.3000,-419.1300,217.5300,-211.5500,2.440512,517.438557,"0.81,1.90,-1.30,-419.13,217.53,-211.55"
218,2026-07-27T13:54:35.447,9.052179,0.751900,0.5200,0.9100,-1.3800,-370.0600,234.4400,-301.2700,1.732888,531.667311,"0.52,0.91,-1.38,-370.06,234.44,-301.27"
219,2026-07-27T13:54:35.448,9.053847,1.667600,0.3100,0.0300,-1.1200,-218.6300,233.4600,-373.6600,1.162497,491.858154,"0.31,0.03,-1.12,-218.63,233.46,-373.66"
220,2026-07-27T13:54:35.449,9.054461,0.614900,0.1600,-0.4100,-0.7700,-72.4500,201.9700,-369.3800,0.886905,427.179667,"0.16,-0.41,-0.77,-72.45,201.97,-369.38"
221,2026-07-27T13:54:35.450,9.055726,1.264400,0.1100,-0.4700,-0.5500,10.6800,152.2800,-275.6300,0.731779,315.079605,"0.11,-0.47,-0.55,10.68,152.28,-275.63"
222,2026-07-27T13:54:35.451,9.056308,0.582400,0.1200,-0.3900,-0.5100,36.9300,102.9100,-121.2200,0.653146,163.243932,"0.12,-0.39,-0.51,36.93,102.91,-121.22"
223,2026-07-27T13:54:35.452,9.057733,1.424400,0.1800,-0.3200,-0.6200,44.7400,69.0300,41.5600,0.720555,92.163128,"0.18,-0.32,-0.62,44.74,69.03,41.56"
224,2026-07-27T13:54:35.452,9.058001,0.268000,0.2800,-0.2500,-0.8100,75.3200,67.0200,164.8600,0.892749,193.244929,"0.28,-0.25,-0.81,75.32,67.02,164.86"
225,2026-07-27T13:54:35.464,9.069900,11.899600,0.4100,0.0000,-1.0500,137.6300,102.4800,243.7100,1.127209,298.058268,"0.41,0.00,-1.05,137.63,102.48,243.71"
226,2026-07-27T13:54:35.465,9.070787,0.886800,0.8600,1.3600,-2.2000,206.7300,165.1000,303.2200,2.725656,402.414800,"0.86,1.36,-2.20,206.73,165.10,303.22"
227,2026-07-27T13:54:35.466,9.071789,1.002300,0.7300,2.2900,-2.9700,260.2500,237.0600,352.4800,3.820720,498.166294,"0.73,2.29,-2.97,260.25,237.06,352.48"
228,2026-07-27T13:54:35.585,9.190991,119.201200,-0.0400,2.8700,-2.9600,295.9000,282.2900,390.6200,4.123118,565.533764,"-0.04,2.87,-2.96,295.90,282.29,390.62"
229,2026-07-27T13:54:35.587,9.192484,1.493500,-0.8200,2.9200,-2.0800,301.5700,231.6300,412.9600,3.677662,561.366977,"-0.82,2.92,-2.08,301.57,231.63,412.96"
230,2026-07-27T13:54:35.589,9.194950,2.465600,-0.6300,2.3900,-1.2000,216.9200,64.3900,384.0300,2.747544,445.734674,"-0.63,2.39,-1.20,216.92,64.39,384.03"
231,2026-07-27T13:54:35.942,9.547963,353.013000,0.1200,1.3800,-0.8400,57.6800,-79.1000,273.5600,1.620000,290.549249,"0.12,1.38,-0.84,57.68,-79.10,273.56"
232,2026-07-27T13:54:35.943,9.549064,1.101400,0.4200,0.6200,-0.7500,-18.7400,-60.2400,112.0000,1.059858,128.545888,"0.42,0.62,-0.75,-18.74,-60.24,112.00"
233,2026-07-27T13:54:35.944,9.549373,0.309400,0.1700,0.5200,-0.6800,40.6500,59.8100,-21.0000,0.872754,75.303775,"0.17,0.52,-0.68,40.65,59.81,-21.00"
234,2026-07-27T13:54:35.944,9.550051,0.677600,-0.3200,0.7200,-0.6100,112.2400,147.7700,-62.7400,0.996444,195.882868,"-0.32,0.72,-0.61,112.24,147.77,-62.74"
235,2026-07-27T13:54:35.945,9.550835,0.784200,-0.7900,0.9200,-0.5300,112.5500,143.1900,-18.8000,1.323405,183.096473,"-0.79,0.92,-0.53,112.55,143.19,-18.80"
236,2026-07-27T13:54:35.946,9.551474,0.639200,-0.9200,1.1100,-0.4100,68.0500,64.7000,45.1700,1.498866,104.197991,"-0.92,1.11,-0.41,68.05,64.70,45.17"
237,2026-07-27T13:54:35.946,9.552016,0.541800,-0.6600,1.2300,-0.3900,11.9000,-14.2800,48.8300,1.449345,52.248419,"-0.66,1.23,-0.39,11.90,-14.28,48.83"
238,2026-07-27T13:54:35.947,9.552559,0.542800,-0.3900,1.2700,-0.6300,-47.0000,-28.6900,-42.1100,1.470340,69.320763,"-0.39,1.27,-0.63,-47.00,-28.69,-42.11"
239,2026-07-27T13:54:35.948,9.553653,1.094100,-0.3400,1.4000,-1.0700,-93.3800,2.5600,-181.4000,1.794575,204.040040,"-0.34,1.40,-1.07,-93.38,2.56,-181.40"
240,2026-07-27T13:54:36.003,9.608190,54.537200,-0.3800,1.5900,-1.5200,-125.3100,7.7500,-281.0100,2.232241,307.781219,"-0.38,1.59,-1.52,-125.31,7.75,-281.01"
241,2026-07-27T13:54:36.242,9.847930,239.739600,-0.2500,1.7000,-1.8600,-148.2500,-39.0000,-302.6100,2.532212,339.222456,"-0.25,1.70,-1.86,-148.25,-39.00,-302.61"
242,2026-07-27T13:54:36.243,9.848450,0.520100,0.0400,1.8200,-2.0800,-153.2600,-97.2900,-289.8600,2.764127,342.012853,"0.04,1.82,-2.08,-153.26,-97.29,-289.86"
243,2026-07-27T13:54:36.243,9.848646,0.196400,0.1600,1.9900,-2.2300,-136.8400,-123.4700,-301.6400,2.993092,353.492173,"0.16,1.99,-2.23,-136.84,-123.47,-301.64"
244,2026-07-27T13:54:36.244,9.849756,1.109400,0.1100,2.0700,-2.2600,-113.7700,-134.4000,-332.6400,3.066692,376.372611,"0.11,2.07,-2.26,-113.77,-134.40,-332.64"
245,2026-07-27T13:54:36.245,9.850577,0.821600,0.1800,1.9100,-2.0700,-98.3300,-165.9500,-333.5000,2.822304,385.266715,"0.18,1.91,-2.07,-98.33,-165.95,-333.50"
246,2026-07-27T13:54:36.246,9.851798,1.220100,0.4000,1.4500,-1.6000,-87.7700,-199.5800,-294.5600,2.196019,366.471476,"0.40,1.45,-1.60,-87.77,-199.58,-294.56"
247,2026-07-27T13:54:36.422,10.028144,176.346800,0.5800,0.8500,-1.0300,-76.1700,-205.7500,-242.5500,1.455953,327.055705,"0.58,0.85,-1.03,-76.17,-205.75,-242.55"
248,2026-07-27T13:54:36.423,10.028996,0.851800,0.6400,0.3700,-0.5500,-65.1900,-191.8300,-189.9400,0.921412,277.715121,"0.64,0.37,-0.55,-65.19,-191.83,-189.94"
249,2026-07-27T13:54:36.424,10.029803,0.806700,0.6200,0.1000,-0.2400,-57.3100,-167.1100,-143.9200,0.672309,227.866528,"0.62,0.10,-0.24,-57.31,-167.11,-143.92"
250,2026-07-27T13:54:36.425,10.030437,0.633800,0.5200,-0.0300,-0.1300,-51.1500,-127.3800,-113.0400,0.536843,177.820214,"0.52,-0.03,-0.13,-51.15,-127.38,-113.04"
251,2026-07-27T13:54:36.425,10.030824,0.387300,0.4300,-0.1000,-0.1700,-39.9800,-83.3100,-80.8100,0.473075,122.756721,"0.43,-0.10,-0.17,-39.98,-83.31,-80.81"
252,2026-07-27T13:54:36.543,10.148287,117.463400,0.5000,-0.1200,-0.2500,-12.4500,-44.8600,-12.5700,0.571752,48.222681,"0.50,-0.12,-0.25,-12.45,-44.86,-12.57"
253,2026-07-27T13:54:36.543,10.148885,0.597800,0.6700,-0.0900,-0.2900,40.3400,12.0200,108.9500,0.735595,116.798538,"0.67,-0.09,-0.29,40.34,12.02,108.95"
254,2026-07-27T13:54:36.544,10.149448,0.563300,0.9300,0.0100,-0.3500,100.2200,92.1600,243.0400,0.993730,278.578455,"0.93,0.01,-0.35,100.22,92.16,243.04"
255,2026-07-27T13:54:36.602,10.207712,58.263500,1.3100,0.3200,-0.6300,146.5500,170.2300,329.4100,1.488422,398.705535,"1.31,0.32,-0.63,146.55,170.23,329.41"
256,2026-07-27T13:54:36.783,10.388225,180.512700,1.7500,0.9100,-1.4500,181.0300,242.7400,332.5800,2.448081,449.782197,"1.75,0.91,-1.45,181.03,242.74,332.58"
257,2026-07-27T13:54:36.783,10.388694,0.469500,2.0300,1.8100,-2.8200,197.7500,324.2800,273.1900,3.917831,467.862541,"2.03,1.81,-2.82,197.75,324.28,273.19"
258,2026-07-27T13:54:36.784,10.389360,0.666300,1.3200,2.6600,-3.8100,196.7800,414.6100,240.1700,4.830538,517.982094,"1.32,2.66,-3.81,196.78,414.61,240.17"
259,2026-07-27T13:54:36.784,10.389917,0.556800,0.0400,2.9900,-3.2700,180.8500,404.1100,333.3700,4.431095,554.208599,"0.04,2.99,-3.27,180.85,404.11,333.37"
260,2026-07-27T13:54:36.785,10.390695,0.777300,-0.4100,2.5800,-1.8500,75.8100,187.1300,513.9200,3.201094,552.158093,"-0.41,2.58,-1.85,75.81,187.13,513.92"
261,2026-07-27T13:54:36.902,10.508129,117.434900,-0.1200,1.5600,-1.0500,-125.3700,-93.3800,562.7400,1.884277,584.049458,"-0.12,1.56,-1.05,-125.37,-93.38,562.74"
262,2026-07-27T13:54:36.905,10.510543,2.413100,0.2900,0.6500,-0.8900,-213.3800,-227.4200,394.7800,1.139605,503.092565,"0.29,0.65,-0.89,-213.38,-227.42,394.78"
263,2026-07-27T13:54:36.905,10.510872,0.329900,0.5400,0.4900,-0.7600,-78.3100,-207.6400,165.5900,1.053233,276.887836,"0.54,0.49,-0.76,-78.31,-207.64,165.59"
264,2026-07-27T13:54:37.143,10.748202,237.329600,0.5500,0.7900,-0.5400,104.9800,-153.9900,29.1700,1.103721,188.638833,"0.55,0.79,-0.54,104.98,-153.99,29.17"
265,2026-07-27T13:54:37.143,10.748798,0.596300,0.3400,1.0800,-0.4300,167.9100,-150.8800,17.4600,1.211156,226.414209,"0.34,1.08,-0.43,167.91,-150.88,17.46"
266,2026-07-27T13:54:37.144,10.749533,0.734300,0.0900,1.2700,-0.3700,136.3500,-170.0400,71.1100,1.325858,229.263072,"0.09,1.27,-0.37,136.35,-170.04,71.11"
267,2026-07-27T13:54:37.144,10.750094,0.561600,-0.1200,1.5100,-0.2500,94.4200,-145.1400,99.3700,1.535252,199.637554,"-0.12,1.51,-0.25,94.42,-145.14,99.37"
268,2026-07-27T13:54:37.145,10.751042,0.947400,-0.3000,1.7600,-0.1700,45.2900,-83.3100,71.3500,1.793460,118.669974,"-0.30,1.76,-0.17,45.29,-83.31,71.35"
269,2026-07-27T13:54:37.146,10.751538,0.496500,-0.4600,1.7300,-0.3600,-46.2600,-28.9300,27.7100,1.825952,61.194580,"-0.46,1.73,-0.36,-46.26,-28.93,27.71"
270,2026-07-27T13:54:37.263,10.869144,117.605600,-0.6800,1.5500,-0.8200,-162.6600,5.5500,-24.6000,1.880771,164.603275,"-0.68,1.55,-0.82,-162.66,5.55,-24.60"
271,2026-07-27T13:54:37.264,10.869696,0.552500,-0.8900,1.6000,-1.3200,-241.6400,22.2200,-108.8300,2.257100,265.946587,"-0.89,1.60,-1.32,-241.64,22.22,-108.83"
272,2026-07-27T13:54:37.264,10.870042,0.346200,-0.9000,1.9000,-1.7800,-275.3900,10.9300,-201.4200,2.754705,341.363638,"-0.90,1.90,-1.78,-275.39,10.93,-201.42"
273,2026-07-27T13:54:37.442,11.047852,177.809800,-0.6700,2.2600,-2.3300,-318.4200,-23.3800,-267.0900,3.314423,416.263125,"-0.67,2.26,-2.33,-318.42,-23.38,-267.09"
274,2026-07-27T13:54:37.443,11.048330,0.477900,-0.0600,2.2800,-2.7500,-388.0000,-48.1000,-321.4100,3.572744,506.124489,"-0.06,2.28,-2.75,-388.00,-48.10,-321.41"
275,2026-07-27T13:54:37.443,11.048907,0.577200,0.5900,1.6200,-2.5800,-424.9300,-34.1200,-373.4700,3.103047,566.753492,"0.59,1.62,-2.58,-424.93,-34.12,-373.47"
276,2026-07-27T13:54:37.444,11.049716,0.808500,0.7800,0.6800,-1.8400,-379.4600,-20.4500,-359.3700,2.111019,523.024752,"0.78,0.68,-1.84,-379.46,-20.45,-359.37"
277,2026-07-27T13:54:37.622,11.227965,178.249100,0.6600,0.1300,-1.0300,-277.0400,-53.2800,-231.2000,1.230203,364.751093,"0.66,0.13,-1.03,-277.04,-53.28,-231.20"
278,2026-07-27T13:54:37.623,11.228536,0.570800,0.5000,0.0500,-0.5300,-179.4400,-84.8400,-63.6600,0.730342,208.444560,"0.50,0.05,-0.53,-179.44,-84.84,-63.66"
279,2026-07-27T13:54:37.623,11.229157,0.621400,0.4100,0.1000,-0.4000,-115.6600,-64.9400,35.1000,0.581464,137.209508,"0.41,0.10,-0.40,-115.66,-64.94,35.10"
280,2026-07-27T13:54:37.624,11.229535,0.377700,0.5000,0.2100,-0.4600,-58.2300,-11.6000,45.7200,0.711126,74.937383,"0.50,0.21,-0.46,-58.23,-11.60,45.72"
281,2026-07-27T13:54:37.626,11.231299,1.764500,0.6400,0.4700,-0.6200,11.6600,53.4100,8.8500,1.007422,55.379655,"0.64,0.47,-0.62,11.66,53.41,8.85"
282,2026-07-27T13:54:37.803,11.408429,177.129600,0.5400,0.8300,-0.8700,70.3100,134.0900,-21.9100,1.318105,152.982588,"0.54,0.83,-0.87,70.31,134.09,-21.91"
283,2026-07-27T13:54:37.803,11.409159,0.730200,-0.0100,1.2900,-1.1300,88.9900,212.1000,0.6100,1.714964,230.013048,"-0.01,1.29,-1.13,88.99,212.10,0.61"
284,2026-07-27T13:54:37.804,11.409636,0.476500,-0.9700,1.5400,-1.3700,50.6600,260.0700,58.7200,2.278025,271.386954,"-0.97,1.54,-1.37,50.66,260.07,58.72"
285,2026-07-27T13:54:37.805,11.410372,0.736300,-1.9200,1.2800,-1.3800,-14.2800,279.6000,61.2200,2.688717,286.579774,"-1.92,1.28,-1.38,-14.28,279.60,61.22"
286,2026-07-27T13:54:38.643,12.248250,837.878100,-2.1700,0.9400,-1.0100,-49.0100,236.0200,-2.7500,2.571498,241.070494,"-2.17,0.94,-1.01,-49.01,236.02,-2.75"
287,2026-07-27T13:54:38.643,12.248848,0.597800,-1.6600,0.7100,-0.5100,-59.3900,116.6400,-20.2000,1.876113,132.439049,"-1.66,0.71,-0.51,-59.39,116.64,-20.20"
288,2026-07-27T13:54:38.644,12.249319,0.471100,-1.1900,0.4500,-0.1600,-74.2800,33.0800,12.5700,1.282264,82.278853,"-1.19,0.45,-0.16,-74.28,33.08,12.57"
289,2026-07-27T13:54:38.645,12.250292,0.973100,-0.9200,0.1300,-0.0800,-109.0700,50.4200,68.2400,0.932577,138.185162,"-0.92,0.13,-0.08,-109.07,50.42,68.24"
290,2026-07-27T13:54:38.645,12.250752,0.460300,-0.4100,-0.1700,-0.4300,-75.8100,53.4700,91.3100,0.617981,130.168019,"-0.41,-0.17,-0.43,-75.81,53.47,91.31"
291,2026-07-27T13:54:38.646,12.251285,0.532200,-0.1000,-0.1700,-0.7900,13.7300,72.3900,65.5500,0.814248,98.618596,"-0.10,-0.17,-0.79,13.73,72.39,65.55"
292,2026-07-27T13:54:38.649,12.254191,2.906500,-0.2000,0.2300,-0.7100,55.4200,75.2000,100.1000,0.772658,136.917590,"-0.20,0.23,-0.71,55.42,75.20,100.10"
293,2026-07-27T13:54:38.649,12.254817,0.626100,-0.2700,0.7300,-0.6300,40.4100,54.0200,168.6400,1.001349,181.633086,"-0.27,0.73,-0.63,40.41,54.02,168.64"
294,2026-07-27T13:54:38.650,12.255759,0.941900,-0.3100,1.1100,-0.8300,21.7900,29.9100,113.8900,1.420246,119.751177,"-0.31,1.11,-0.83,21.79,29.91,113.89"
295,2026-07-27T13:54:38.651,12.256347,0.588100,-0.2700,1.2200,-1.0600,9.4000,3.7200,-7.6300,1.638566,12.665516,"-0.27,1.22,-1.06,9.40,3.72,-7.63"
296,2026-07-27T13:54:38.651,12.256853,0.505400,-0.0500,1.1700,-1.0200,11.7800,8.7300,-52.7300,1.552997,54.730560,"-0.05,1.17,-1.02,11.78,8.73,-52.73"
297,2026-07-27T13:54:38.651,12.256963,0.110700,0.1900,1.0400,-0.7400,18.4300,62.2600,-9.6400,1.290465,65.642228,"0.19,1.04,-0.74,18.43,62.26,-9.64"
298,2026-07-27T13:54:38.652,12.257822,0.858300,0.3800,0.6600,-0.2100,11.6000,134.2800,69.8200,0.790000,151.791010,"0.38,0.66,-0.21,11.60,134.28,69.82"
299,2026-07-27T13:54:38.652,12.258080,0.258300,0.4300,0.6600,-0.1900,-11.1100,182.2500,118.0400,0.810309,217.421103,"0.43,0.66,-0.19,-11.11,182.25,118.04"
300,2026-07-27T13:54:38.653,12.259021,0.940700,0.4300,0.7900,-0.3400,-48.1600,190.2500,119.6300,0.961561,229.838606,"0.43,0.79,-0.34,-48.16,190.25,119.63"
301,2026-07-27T13:54:38.654,12.259870,0.849400,0.5000,0.8900,-0.3600,-77.7600,177.2500,112.7300,1.082451,223.991591,"0.50,0.89,-0.36,-77.76,177.25,112.73"
302,2026-07-27T13:54:38.655,12.260857,0.986600,0.5400,0.8000,-0.2800,-70.9200,166.6900,106.1400,1.004988,209.954524,"0.54,0.80,-0.28,-70.92,166.69,106.14"
303,2026-07-27T13:54:38.656,12.261350,0.493500,0.5500,0.6000,-0.1800,-60.1800,143.4900,86.8500,0.833607,178.196338,"0.55,0.60,-0.18,-60.18,143.49,86.85"
304,2026-07-27T13:54:38.657,12.262263,0.912600,0.5600,0.4900,-0.0900,-101.5600,103.4500,75.3800,0.749533,163.396697,"0.56,0.49,-0.09,-101.56,103.45,75.38"
305,2026-07-27T13:54:38.657,12.263143,0.880400,0.5600,0.5700,-0.0200,-161.8700,68.4200,85.9400,0.799312,195.624326,"0.56,0.57,-0.02,-161.87,68.42,85.94"
306,2026-07-27T13:54:38.658,12.263807,0.664200,0.6400,0.6500,0.0300,-176.4500,44.3700,90.2100,0.912688,203.079156,"0.64,0.65,0.03,-176.45,44.37,90.21"
307,2026-07-27T13:54:38.660,12.265389,1.582000,0.7300,0.6700,0.0100,-138.1200,37.9000,56.4600,0.990909,153.952187,"0.73,0.67,0.01,-138.12,37.90,56.46"
308,2026-07-27T13:54:39.123,12.728565,463.176100,0.8200,0.7000,-0.0200,-76.1100,36.0100,22.2200,1.078332,87.081460,"0.82,0.70,-0.02,-76.11,36.01,22.22"
309,2026-07-27T13:54:39.124,12.729402,0.836500,0.8700,0.7700,-0.0400,-26.9800,0.4300,31.3700,1.162497,41.378523,"0.87,0.77,-0.04,-26.98,0.43,31.37"
310,2026-07-27T13:54:39.124,12.730119,0.717100,0.9000,0.8200,-0.0600,-1.2800,-87.7700,60.9700,1.219016,106.876341,"0.90,0.82,-0.06,-1.28,-87.77,60.97"
311,2026-07-27T13:54:39.125,12.730677,0.558000,0.9100,0.7900,-0.0800,-28.0200,-222.0500,40.2200,1.207725,227.396067,"0.91,0.79,-0.08,-28.02,-222.05,40.22"
312,2026-07-27T13:54:39.126,12.731216,0.539400,0.8600,0.7300,-0.1400,-121.3400,-337.2200,-86.2400,1.136706,368.616415,"0.86,0.73,-0.14,-121.34,-337.22,-86.24"
313,2026-07-27T13:54:39.126,12.732051,0.834300,0.8600,0.6200,-0.2700,-146.1200,-304.8100,-231.2000,1.094029,409.528547,"0.86,0.62,-0.27,-146.12,-304.81,-231.20"
314,2026-07-27T13:54:39.127,12.732593,0.542600,0.8600,0.6900,-0.4700,-29.4800,-176.4500,-250.3700,1.198582,307.715469,"0.86,0.69,-0.47,-29.48,-176.45,-250.37"
315,2026-07-27T13:54:39.127,12.733172,0.579100,0.7400,0.9000,-0.6600,85.8800,-115.3600,-147.1600,1.339104,205.765327,"0.74,0.90,-0.66,85.88,-115.36,-147.16"
316,2026-07-27T13:54:39.128,12.733635,0.463100,0.5400,0.8700,-0.6400,86.8500,-129.7000,-47.4200,1.207518,163.136964,"0.54,0.87,-0.64,86.85,-129.70,-47.42"
317,2026-07-27T13:54:39.129,12.734329,0.693600,0.4000,0.7000,-0.3800,9.2800,-149.5400,-24.6600,0.891291,151.843490,"0.40,0.70,-0.38,9.28,-149.54,-24.66"
318,2026-07-27T13:54:39.129,12.735031,0.702000,0.2600,0.6100,-0.2000,-63.2300,-120.3000,-49.6200,0.692604,144.679879,"0.26,0.61,-0.20,-63.23,-120.30,-49.62"
319,2026-07-27T13:54:39.183,12.788228,53.196600,0.1400,0.5300,-0.2100,-60.4200,-41.2000,-37.2300,0.587026,82.061497,"0.14,0.53,-0.21,-60.42,-41.20,-37.23"
320,2026-07-27T13:54:39.183,12.788824,0.596200,0.1500,0.4200,-0.3000,1.9500,35.3400,15.0800,0.537494,38.472386,"0.15,0.42,-0.30,1.95,35.34,15.08"
321,2026-07-27T13:54:39.482,13.088084,299.260400,0.1900,0.4100,-0.3000,37.3500,77.2100,27.6500,0.542402,90.116198,"0.19,0.41,-0.30,37.35,77.21,27.65"
322,2026-07-27T13:54:39.483,13.088582,0.498000,0.2400,0.6200,-0.4600,29.0500,87.2800,2.3200,0.808455,92.016756,"0.24,0.62,-0.46,29.05,87.28,2.32"
323,2026-07-27T13:54:39.483,13.089076,0.493500,0.3300,1.0000,-0.7600,24.9000,136.4100,8.6700,1.298653,138.934758,"0.33,1.00,-0.76,24.90,136.41,8.67"
324,2026-07-27T13:54:39.484,13.089804,0.728700,0.4000,1.3400,-0.9500,55.1800,240.5400,52.4300,1.690592,252.295915,"0.40,1.34,-0.95,55.18,240.54,52.43"
325,2026-07-27T13:54:39.485,13.090327,0.522800,0.5600,1.2500,-0.7400,62.6200,271.5500,68.3600,1.556824,286.938594,"0.56,1.25,-0.74,62.62,271.55,68.36"
326,2026-07-27T13:54:39.486,13.091252,0.924800,0.7300,0.9200,-0.2900,30.3300,214.4800,43.0900,1.209711,220.858161,"0.73,0.92,-0.29,30.33,214.48,43.09"
327,2026-07-27T13:54:39.486,13.092060,0.808100,0.6300,0.7000,-0.1500,29.8500,153.5600,0.6700,0.953625,156.435754,"0.63,0.70,-0.15,29.85,153.56,0.67"
328,2026-07-27T13:54:39.963,13.568544,476.484300,0.4600,0.6500,-0.0800,70.8000,74.9500,-45.5900,0.800312,112.732385,"0.46,0.65,-0.08,70.80,74.95,-45.59"
329,2026-07-27T13:54:39.964,13.569294,0.749100,0.5300,0.6500,0.0300,100.4600,-15.0800,-78.4900,0.839226,128.375613,"0.53,0.65,0.03,100.46,-15.08,-78.49"
330,2026-07-27T13:54:39.964,13.569789,0.495800,0.8000,0.6500,-0.1100,97.4100,-49.8700,-88.5000,1.036629,140.740808,"0.80,0.65,-0.11,97.41,-49.87,-88.50"
331,2026-07-27T13:54:39.965,13.570546,0.757100,0.8700,0.7000,-0.4700,69.2700,-36.2500,-73.0000,1.211528,106.964459,"0.87,0.70,-0.47,69.27,-36.25,-73.00"
332,2026-07-27T13:54:39.966,13.571298,0.751500,0.7100,0.7900,-0.4800,16.4200,-22.5200,-32.3500,1.165590,42.699992,"0.71,0.79,-0.48,16.42,-22.52,-32.35"
333,2026-07-27T13:54:39.966,13.571741,0.442700,0.4600,0.8600,-0.2300,-52.9200,-12.0800,12.4500,1.002048,55.690711,"0.46,0.86,-0.23,-52.92,-12.08,12.45"
334,2026-07-27T13:54:39.967,13.572629,0.888500,0.3000,0.7700,-0.1200,-110.2900,19.0400,42.9100,0.835045,119.865232,"0.30,0.77,-0.12,-110.29,19.04,42.91"
335,2026-07-27T13:54:39.968,13.573196,0.566500,0.2700,0.7100,-0.0700,-153.9900,51.4500,53.7700,0.762824,171.029926,"0.27,0.71,-0.07,-153.99,51.45,53.77"
336,2026-07-27T13:54:39.968,13.573983,0.787200,0.3800,0.7100,-0.0300,-190.0000,68.2400,46.5700,0.805854,207.184610,"0.38,0.71,-0.03,-190.00,68.24,46.57"
337,2026-07-27T13:54:39.969,13.574958,0.975400,0.5000,0.7800,-0.0600,-166.9900,96.4400,30.6400,0.928440,195.256609,"0.50,0.78,-0.06,-166.99,96.44,30.64"
338,2026-07-27T13:54:39.970,13.575359,0.400500,0.5200,0.9500,-0.0800,-96.9800,104.7400,20.4500,1.085956,144.200522,"0.52,0.95,-0.08,-96.98,104.74,20.45"
339,2026-07-27T13:54:39.971,13.576179,0.820600,0.4500,1.0100,-0.0700,-40.8300,41.0200,29.4200,1.107926,64.925078,"0.45,1.01,-0.07,-40.83,41.02,29.42"
340,2026-07-27T13:54:40.262,13.868146,291.966600,0.4300,0.8500,-0.1700,13.9800,-82.2800,59.1400,0.967626,102.288701,"0.43,0.85,-0.17,13.98,-82.28,59.14"
341,2026-07-27T13:54:40.263,13.868549,0.402700,0.4100,0.5400,-0.2300,83.4400,-197.5100,134.0900,0.715961,252.888437,"0.41,0.54,-0.23,83.44,-197.51,134.09"
342,2026-07-27T13:54:40.264,13.869533,0.984800,0.4500,0.3400,-0.1900,79.2800,-183.1100,266.6600,0.595147,333.049765,"0.45,0.34,-0.19,79.28,-183.11,266.66"
343,2026-07-27T13:54:40.265,13.870284,0.750900,1.0400,0.3000,-0.0700,7.4500,-102.4800,358.9500,1.084666,373.366784,"1.04,0.30,-0.07,7.45,-102.48,358.95"
344,2026-07-27T13:54:40.265,13.870781,0.496100,1.5100,0.2700,-0.5000,-18.8000,-217.5300,243.2900,1.613382,326.898708,"1.51,0.27,-0.50,-18.80,-217.53,243.29"
345,2026-07-27T13:54:40.265,13.871025,0.244300,1.3400,0.2500,-0.9200,-144.7800,-285.5800,-57.2500,1.644536,325.261045,"1.34,0.25,-0.92,-144.78,-285.58,-57.25"
346,2026-07-27T13:54:40.266,13.871896,0.871500,0.9700,0.3200,-0.5300,-295.5300,-53.7700,-321.7800,1.150739,440.194914,"0.97,0.32,-0.53,-295.53,-53.77,-321.78"
347,2026-07-27T13:54:40.322,13.927345,55.449100,0.3900,0.5800,-0.1400,-269.5300,211.1800,-432.8600,0.712811,551.915929,"0.39,0.58,-0.14,-269.53,211.18,-432.86"
348,2026-07-27T13:54:40.322,13.927803,0.457900,-0.2400,1.1100,0.0300,-115.7200,279.5400,-452.3900,1.136046,544.233812,"-0.24,1.11,0.03,-115.72,279.54,-452.39"
349,2026-07-27T13:54:40.503,14.108436,180.633100,-0.3400,1.4300,0.0800,49.8700,138.1200,-370.9100,1.472039,398.921520,"-0.34,1.43,0.08,49.87,138.12,-370.91"
350,2026-07-27T13:54:40.503,14.109094,0.658000,0.0500,1.1700,0.0200,102.3600,3.8500,-179.4400,1.171239,206.618261,"0.05,1.17,0.02,102.36,3.85,-179.44"
351,2026-07-27T13:54:40.504,14.109956,0.861900,0.3100,0.8000,-0.0200,81.9100,-3.7200,-23.6200,0.858196,85.328723,"0.31,0.80,-0.02,81.91,-3.72,-23.62"
352,2026-07-27T13:54:40.505,14.110681,0.724500,0.2900,0.5700,-0.0700,41.6300,33.4500,32.1000,0.643351,62.308662,"0.29,0.57,-0.07,41.63,33.45,32.10"
353,2026-07-27T13:54:40.506,14.111444,0.763200,0.1200,0.5500,-0.1700,-19.7100,47.9100,39.2500,0.588048,64.995498,"0.12,0.55,-0.17,-19.71,47.91,39.25"
354,2026-07-27T13:54:40.862,14.467843,356.399500,-0.1000,0.7800,-0.3500,-56.5200,44.0700,30.8800,0.860755,78.040052,"-0.10,0.78,-0.35,-56.52,44.07,30.88"
355,2026-07-27T13:54:40.863,14.468428,0.584200,-0.2900,1.1900,-0.5400,-38.3300,37.7200,12.8800,1.338581,55.298117,"-0.29,1.19,-0.54,-38.33,37.72,12.88"
356,2026-07-27T13:54:40.863,14.468928,0.500300,-0.3300,1.2500,-0.5400,-2.9900,28.0800,-10.1300,1.401071,30.000723,"-0.33,1.25,-0.54,-2.99,28.08,-10.13"
357,2026-07-27T13:54:40.864,14.469676,0.747600,-0.1800,0.8900,-0.2700,6.4100,12.5100,-28.1400,0.947312,31.455489,"-0.18,0.89,-0.27,6.41,12.51,-28.14"
358,2026-07-27T13:54:40.865,14.471025,1.349300,0.1000,1.1000,-0.1500,-24.1100,-2.4400,-12.9400,1.114675,27.471609,"0.10,1.10,-0.15,-24.11,-2.44,-12.94"
359,2026-07-27T13:54:40.866,14.472053,1.027700,0.1700,1.3600,-0.0400,-57.6800,9.6400,21.0600,1.371167,62.156541,"0.17,1.36,-0.04,-57.68,9.64,21.06"
360,2026-07-27T13:54:40.867,14.472618,0.565100,0.3800,0.9200,0.0600,-72.2700,-4.7600,41.2000,0.997196,83.324969,"0.38,0.92,0.06,-72.27,-4.76,41.20"
361,2026-07-27T13:54:40.867,14.473014,0.396200,0.6300,0.6900,0.1000,-62.3800,-64.2700,56.4600,0.939681,105.875535,"0.63,0.69,0.10,-62.38,-64.27,56.46"
362,2026-07-27T13:54:40.868,14.473323,0.308900,0.3000,0.9200,0.3300,-23.9900,-47.8500,65.1900,1.022399,84.349740,"0.30,0.92,0.33,-23.99,-47.85,65.19"
363,2026-07-27T13:54:41.162,14.767905,294.582300,-0.0500,1.0600,0.4100,-33.4500,24.7200,-0.7900,1.137629,41.600541,"-0.05,1.06,0.41,-33.45,24.72,-0.79"
364,2026-07-27T13:54:41.163,14.768676,0.771200,-0.0100,1.0500,0.1800,-52.3700,-24.1100,-33.2600,1.065364,66.559271,"-0.01,1.05,0.18,-52.37,-24.11,-33.26"
365,2026-07-27T13:54:41.163,14.769114,0.437700,0.1300,1.0100,0.0200,-36.1300,-38.7000,-18.8600,1.018528,56.202905,"0.13,1.01,0.02,-36.13,-38.70,-18.86"
366,2026-07-27T13:54:41.164,14.769579,0.465500,0.1800,0.9700,0.0700,-14.4700,-36.0700,11.2300,0.989040,40.454156,"0.18,0.97,0.07,-14.47,-36.07,11.23"
367,2026-07-27T13:54:41.165,14.770407,0.827500,0.1800,0.9700,0.0700,-14.4700,-36.0700,11.2300,0.989040,40.454156,"0.18,0.97,0.07,-14.47,-36.07,11.23"
368,2026-07-27T13:54:41.166,14.771268,0.861300,0.1300,0.8800,0.1600,-22.8900,-43.7000,32.6500,0.903825,59.157963,"0.13,0.88,0.16,-22.89,-43.70,32.65"
369,2026-07-27T13:54:41.166,14.771776,0.508200,0.1200,0.8900,0.1200,-31.1300,-40.0400,30.8800,0.906035,59.378893,"0.12,0.89,0.12,-31.13,-40.04,30.88"
370,2026-07-27T13:54:41.942,15.547823,776.046600,0.0900,0.9500,0.1400,-27.5900,-39.4900,28.8700,0.964469,56.161776,"0.09,0.95,0.14,-27.59,-39.49,28.87"
371,2026-07-27T13:54:41.943,15.548478,0.654600,0.0300,1.0000,0.1400,-18.4300,-46.1400,23.4400,1.010198,54.936309,"0.03,1.00,0.14,-18.43,-46.14,23.44"
372,2026-07-27T13:54:41.943,15.548948,0.470300,-0.0200,1.0300,0.1100,-13.1800,-45.1000,12.6300,1.036050,48.654283,"-0.02,1.03,0.11,-13.18,-45.10,12.63"
373,2026-07-27T13:54:41.943,15.549055,0.107400,-0.0000,1.1500,-0.0900,-12.3900,-37.4800,2.9300,1.153516,39.583423,"-0.00,1.15,-0.09,-12.39,-37.48,2.93"
374,2026-07-27T13:54:41.945,15.550301,1.245200,-0.0700,1.2300,-0.1700,2.7500,-42.4800,-6.9600,1.243664,43.134145,"-0.07,1.23,-0.17,2.75,-42.48,-6.96"
375,2026-07-27T13:54:41.946,15.551194,0.893800,-0.0400,1.2300,-0.2300,50.2300,-31.8600,-30.2700,1.251958,66.741182,"-0.04,1.23,-0.23,50.23,-31.86,-30.27"
376,2026-07-27T13:54:41.946,15.551740,0.546100,0.2800,1.2500,-0.0700,118.3500,2.6200,-58.9600,1.282887,132.249267,"0.28,1.25,-0.07,118.35,2.62,-58.96"
377,2026-07-27T13:54:42.182,15.787762,236.022000,0.5500,1.2300,0.1400,148.8000,-40.2200,-70.4300,1.354622,169.468207,"0.55,1.23,0.14,148.80,-40.22,-70.43"
378,2026-07-27T13:54:42.183,15.789064,1.302000,0.3600,1.1300,0.1300,106.8100,-157.2300,-76.5400,1.193063,204.909786,"0.36,1.13,0.13,106.81,-157.23,-76.54"
379,2026-07-27T13:54:42.184,15.789794,0.729900,-0.0100,1.0400,0.0300,46.6300,-187.0700,-87.0400,1.040481,211.531330,"-0.01,1.04,0.03,46.63,-187.07,-87.04"
380,2026-07-27T13:54:42.185,15.790475,0.680300,-0.0700,0.9600,-0.0400,31.0700,-89.6000,-88.8100,0.963379,129.925829,"-0.07,0.96,-0.04,31.07,-89.60,-88.81"
381,2026-07-27T13:54:42.185,15.790909,0.433900,0.1300,0.8200,-0.0900,51.4500,25.9400,-81.0500,0.835105,99.443897,"0.13,0.82,-0.09,51.45,25.94,-81.05"
382,2026-07-27T13:54:42.186,15.791178,0.269500,0.2700,0.6800,-0.1200,60.1200,76.1700,-64.3900,0.741418,116.457526,"0.27,0.68,-0.12,60.12,76.17,-64.39"
383,2026-07-27T13:54:42.186,15.791640,0.461600,0.2300,0.5900,-0.1200,38.2700,67.5000,-38.9400,0.644515,86.816856,"0.23,0.59,-0.12,38.27,67.50,-38.94"
384,2026-07-27T13:54:42.186,15.792147,0.507800,0.0900,0.6000,-0.1700,-1.5900,35.1600,-7.8700,0.630079,36.065088,"0.09,0.60,-0.17,-1.59,35.16,-7.87"
385,2026-07-27T13:54:42.187,15.793023,0.875200,-0.1500,0.7700,-0.3500,-38.4500,6.5900,20.5700,0.859011,44.101650,"-0.15,0.77,-0.35,-38.45,6.59,20.57"
386,2026-07-27T13:54:42.188,15.794031,1.008000,-0.3700,0.9700,-0.5400,-52.0000,-2.0800,33.4500,1.170214,61.864601,"-0.37,0.97,-0.54,-52.00,-2.08,33.45"
387,2026-07-27T13:54:42.189,15.794518,0.487100,-0.4400,1.1100,-0.6300,-34.6700,8.2400,27.6500,1.350037,45.104645,"-0.44,1.11,-0.63,-34.67,8.24,27.65"
388,2026-07-27T13:54:42.190,15.795908,1.390700,-0.3700,1.0100,-0.5100,-4.2100,26.3100,10.1300,1.190420,28.505387,"-0.37,1.01,-0.51,-4.21,26.31,10.13"
389,2026-07-27T13:54:42.191,15.796826,0.917800,-0.1100,0.7900,-0.2600,-6.5900,27.8900,2.0100,0.838928,28.728388,"-0.11,0.79,-0.26,-6.59,27.89,2.01"
390,2026-07-27T13:54:42.193,15.798451,1.624600,0.0900,0.9600,-0.1900,-58.2900,10.1900,22.7700,0.982751,63.403731,"0.09,0.96,-0.19,-58.29,10.19,22.77"
391,2026-07-27T13:54:42.193,15.798960,0.509000,-0.2300,1.4700,-0.2200,-106.0200,13.0000,33.8100,1.504061,112.037300,"-0.23,1.47,-0.22,-106.02,13.00,33.81"
392,2026-07-27T13:54:42.194,15.799502,0.542300,-0.0000,1.4100,-0.2200,-111.2100,5.4300,-4.0900,1.427060,111.417580,"-0.00,1.41,-0.22,-111.21,5.43,-4.09"
393,2026-07-27T13:54:42.195,15.800260,0.758000,0.8100,0.7800,-0.1800,-70.6800,-56.8800,-21.0000,1.138815,93.123557,"0.81,0.78,-0.18,-70.68,-56.88,-21.00"
394,2026-07-27T13:54:42.195,15.801106,0.845400,0.7200,0.6000,0.3100,-15.3200,-95.2800,29.9100,0.987168,101.032613,"0.72,0.60,0.31,-15.32,-95.28,29.91"
395,2026-07-27T13:54:42.196,15.801635,0.529100,0.0800,0.9100,0.8000,14.2800,-46.8700,76.6000,1.214290,90.930057,"0.08,0.91,0.80,14.28,-46.87,76.60"
396,2026-07-27T13:54:42.243,15.848606,46.971600,-0.1500,1.1300,0.4700,-12.4500,-16.4800,59.0200,1.233004,62.529619,"-0.15,1.13,0.47,-12.45,-16.48,59.02"
397,2026-07-27T13:54:42.482,16.087911,239.304500,0.0400,1.1300,-0.0200,-70.4300,-63.2300,8.4200,1.130885,95.022704,"0.04,1.13,-0.02,-70.43,-63.23,8.42"
398,2026-07-27T13:54:42.483,16.088364,0.453300,0.1900,1.0800,-0.0200,-66.1600,-95.6400,-14.2800,1.096768,117.166862,"0.19,1.08,-0.02,-66.16,-95.64,-14.28"
399,2026-07-27T13:54:42.483,16.089034,0.669600,0.1300,1.0000,0.0900,-23.2500,-110.1100,-8.3600,1.012423,112.847969,"0.13,1.00,0.09,-23.25,-110.11,-8.36"
400,2026-07-27T13:54:42.485,16.090722,1.687900,-0.0100,0.9400,0.1400,-6.4700,-123.9600,2.7500,0.950421,124.159192,"-0.01,0.94,0.14,-6.47,-123.96,2.75"
401,2026-07-27T13:54:42.486,16.091375,0.653400,-0.0300,0.8900,0.1100,-9.4600,-105.5900,15.4400,0.897274,107.131383,"-0.03,0.89,0.11,-9.46,-105.59,15.44"
402,2026-07-27T13:54:42.486,16.092133,0.758400,-0.0000,0.8900,0.0600,-18.8000,-66.7700,25.7000,0.892020,73.974069,"-0.00,0.89,0.06,-18.80,-66.77,25.70"
403,2026-07-27T13:54:42.602,16.207984,115.850800,-0.0200,0.9700,0.1200,-20.4500,-43.7600,27.5300,0.977599,55.597131,"-0.02,0.97,0.12,-20.45,-43.76,27.53"
404,2026-07-27T13:54:42.603,16.208297,0.313300,-0.1100,1.0600,0.0800,-14.8300,-48.9500,20.0800,1.068691,54.947591,"-0.11,1.06,0.08,-14.83,-48.95,20.08"
405,2026-07-27T13:54:42.603,16.208695,0.397200,-0.2200,1.1000,-0.1300,-14.2800,-54.6300,1.8900,1.129292,56.497145,"-0.22,1.10,-0.13,-14.28,-54.63,1.89"
406,2026-07-27T13:54:42.782,16.387924,179.229100,-0.3500,1.1300,-0.3000,-0.3100,-51.2100,-21.5500,1.220410,55.560442,"-0.35,1.13,-0.30,-0.31,-51.21,-21.55"
407,2026-07-27T13:54:42.783,16.388250,0.326700,-0.2600,1.2600,-0.3400,49.6200,-53.2800,-48.7700,1.330714,87.632275,"-0.26,1.26,-0.34,49.62,-53.28,-48.77"
408,2026-07-27T13:54:42.783,16.388727,0.476700,0.3200,1.4700,-0.1400,119.1400,-65.8000,-84.5900,1.510927,160.248082,"0.32,1.47,-0.14,119.14,-65.80,-84.59"
409,2026-07-27T13:54:42.784,16.389554,0.826800,0.5900,1.4300,0.1500,149.8400,-121.6400,-111.0800,1.554188,222.681570,"0.59,1.43,0.15,149.84,-121.64,-111.08"
410,2026-07-27T13:54:42.785,16.390639,1.084900,0.0300,1.1600,0.1500,100.9500,-199.3400,-114.1400,1.170043,250.908903,"0.03,1.16,0.15,100.95,-199.34,-114.14"
411,2026-07-27T13:54:42.962,16.568086,177.447300,-0.4700,0.9300,0.0400,37.9600,-172.0600,-99.4900,1.042785,202.345905,"-0.47,0.93,0.04,37.96,-172.06,-99.49"
412,2026-07-27T13:54:42.963,16.568508,0.421800,-0.3300,0.7300,0.0000,33.1400,-25.9400,-77.0300,0.801124,87.776786,"-0.33,0.73,0.00,33.14,-25.94,-77.03"
413,2026-07-27T13:54:43.022,16.627519,59.010900,0.0500,0.6000,-0.0900,60.0000,107.6700,-58.4100,0.608769,136.398523,"0.05,0.60,-0.09,60.00,107.67,-58.41"
414,2026-07-27T13:54:43.023,16.628213,0.693800,0.2700,0.5800,-0.1900,70.2500,152.5900,-44.4900,0.667383,173.776094,"0.27,0.58,-0.19,70.25,152.59,-44.49"
415,2026-07-27T13:54:43.023,16.628773,0.559900,0.2500,0.5900,-0.2700,54.3800,119.0800,-28.1400,0.695342,133.899553,"0.25,0.59,-0.27,54.38,119.08,-28.14"
416,2026-07-27T13:54:43.024,16.629994,1.221100,-0.0300,0.6500,-0.3900,21.4800,40.1000,-7.6300,0.758617,46.126102,"-0.03,0.65,-0.39,21.48,40.10,-7.63"
417,2026-07-27T13:54:43.144,16.749423,119.429100,-0.4600,0.8000,-0.6300,-8.4200,-36.6200,11.7800,1.117363,39.378791,"-0.46,0.80,-0.63,-8.42,-36.62,11.78"
418,2026-07-27T13:54:43.144,16.750144,0.721700,-0.8000,0.9700,-0.8000,-3.7200,-49.9900,17.4600,1.490268,53.081919,"-0.80,0.97,-0.80,-3.72,-49.99,17.46"
419,2026-07-27T13:54:43.145,16.750745,0.600900,-0.8500,0.9300,-0.8000,46.7500,15.9900,-6.1000,1.492448,49.784060,"-0.85,0.93,-0.80,46.75,15.99,-6.10"
420,2026-07-27T13:54:43.263,16.868401,117.656000,-0.6000,0.6400,-0.7300,101.3800,89.1700,-42.7200,1.141271,141.612823,"-0.60,0.64,-0.73,101.38,89.17,-42.72"
421,2026-07-27T13:54:43.263,16.869064,0.662400,-0.2600,0.4100,-0.7300,111.6300,116.5800,-59.7500,0.876698,172.111057,"-0.26,0.41,-0.73,111.63,116.58,-59.75"
422,2026-07-27T13:54:43.264,16.869573,0.509300,-0.0200,0.2400,-0.7800,73.3000,108.5200,-47.0000,0.816333,139.134756,"-0.02,0.24,-0.78,73.30,108.52,-47.00"
423,2026-07-27T13:54:43.802,17.408116,538.543300,0.0700,0.5200,-0.8600,-0.4900,51.9400,-8.0000,1.007422,52.554769,"0.07,0.52,-0.86,-0.49,51.94,-8.00"
424,2026-07-27T13:54:43.803,17.408618,0.501900,0.1600,0.7200,-0.5600,-66.5900,-33.3300,26.3700,0.926067,78.996797,"0.16,0.72,-0.56,-66.59,-33.33,26.37"
425,2026-07-27T13:54:43.804,17.409274,0.656000,0.1200,0.6900,0.0600,-97.1100,-103.5200,40.9500,0.702922,147.728281,"0.12,0.69,0.06,-97.11,-103.52,40.95"
426,2026-07-27T13:54:43.804,17.409775,0.501000,-0.0200,1.1900,0.2300,-115.7800,-141.6600,56.5800,1.212188,191.504205,"-0.02,1.19,0.23,-115.78,-141.66,56.58"
427,2026-07-27T13:54:43.805,17.410874,1.099100,0.1000,1.3300,-0.0500,-125.2400,-141.1100,66.0400,1.334691,199.895901,"0.10,1.33,-0.05,-125.24,-141.11,66.04"
428,2026-07-27T13:54:43.806,17.411611,0.736600,0.1200,1.2500,-0.2400,-129.7000,-150.3300,78.9200,1.278476,213.657589,"0.12,1.25,-0.24,-129.70,-150.33,78.92"
429,2026-07-27T13:54:43.806,17.412122,0.510900,-0.3500,1.4600,-0.1700,-116.0900,-161.7400,111.6300,1.510960,228.249803,"-0.35,1.46,-0.17,-116.09,-161.74,111.63"
430,2026-07-27T13:54:43.807,17.412812,0.689800,-0.7900,1.7300,-0.0300,-87.2200,-126.2200,129.5800,1.902078,200.822791,"-0.79,1.73,-0.03,-87.22,-126.22,129.58"
431,2026-07-27T13:54:43.809,17.414233,1.421600,-0.8300,1.8500,-0.1100,-80.8100,-81.1200,126.7100,2.030640,170.780955,"-0.83,1.85,-0.11,-80.81,-81.12,126.71"
432,2026-07-27T13:54:43.809,17.414747,0.513500,-0.6500,1.5100,-0.3400,-99.7300,-59.2700,130.5500,1.678750,174.649100,"-0.65,1.51,-0.34,-99.73,-59.27,130.55"
433,2026-07-27T13:54:43.810,17.415395,0.647900,-0.7100,0.8500,-0.4600,-113.9500,-62.6800,134.0900,1.199250,186.798054,"-0.71,0.85,-0.46,-113.95,-62.68,134.09"
434,2026-07-27T13:54:43.811,17.416269,0.874100,-0.8000,0.3500,-0.3900,-80.6900,-82.3400,87.5200,0.956347,144.742883,"-0.80,0.35,-0.39,-80.69,-82.34,87.52"
435,2026-07-27T13:54:43.811,17.417158,0.889400,-0.6800,0.1500,-0.1900,-0.5500,-91.0600,-22.7700,0.721803,93.865324,"-0.68,0.15,-0.19,-0.55,-91.06,-22.77"
436,2026-07-27T13:54:44.343,17.948225,531.067300,-0.5800,0.4700,0.0900,92.4100,-50.7200,-146.8500,0.751931,180.767942,"-0.58,0.47,0.09,92.41,-50.72,-146.85"
437,2026-07-27T13:54:44.343,17.948460,0.234800,-0.3900,1.7100,0.1800,192.3200,41.5000,-300.2300,1.763122,358.953041,"-0.39,1.71,0.18,192.32,41.50,-300.23"
438,2026-07-27T13:54:44.343,17.948958,0.497900,-0.2200,3.1000,-0.1000,141.3600,18.2500,-305.9100,3.109405,337.485763,"-0.22,3.10,-0.10,141.36,18.25,-305.91"
439,2026-07-27T13:54:44.344,17.949646,0.688100,-0.4000,3.6100,-0.3800,139.1600,116.0900,-320.6200,3.651917,368.292789,"-0.40,3.61,-0.38,139.16,116.09,-320.62"
440,2026-07-27T13:54:44.345,17.950769,1.122600,-0.7400,3.2700,-0.2700,219.1800,340.8800,-300.4200,3.363540,504.471231,"-0.74,3.27,-0.27,219.18,340.88,-300.42"
441,2026-07-27T13:54:44.346,17.951456,0.687600,-0.2900,1.7100,0.1500,214.9000,440.4300,-207.3400,1.740891,532.118850,"-0.29,1.71,0.15,214.90,440.43,-207.34"
442,2026-07-27T13:54:44.346,17.952079,0.622400,0.6200,-0.0400,0.4200,77.2100,315.6100,-87.1600,0.749933,336.404402,"0.62,-0.04,0.42,77.21,315.61,-87.16"
443,2026-07-27T13:54:44.347,17.953129,1.050400,0.9300,-0.6700,0.5200,-76.7200,112.9800,1.7100,1.258650,136.577315,"0.93,-0.67,0.52,-76.72,112.98,1.71"
444,2026-07-27T13:54:44.348,17.953632,0.502600,0.6000,-0.5900,0.5000,-163.7600,-35.3400,42.1100,0.978826,172.741151,"0.60,-0.59,0.50,-163.76,-35.34,42.11"
445,2026-07-27T13:54:44.349,17.954575,0.942700,-0.1200,0.3400,-0.0200,-185.0000,-81.6700,55.5400,0.361109,209.713329,"-0.12,0.34,-0.02,-185.00,-81.67,55.54"
446,2026-07-27T13:54:44.350,17.955392,0.817100,-0.1000,0.4500,-0.2000,-184.2700,-51.6400,61.7700,0.502494,201.091162,"-0.10,0.45,-0.20,-184.27,-51.64,61.77"
447,2026-07-27T13:54:44.350,17.956059,0.667200,0.0100,0.1900,-0.1000,-185.8500,-12.3300,62.1900,0.214942,196.366615,"0.01,0.19,-0.10,-185.85,-12.33,62.19"
448,2026-07-27T13:54:44.351,17.956915,0.856100,0.1500,-0.1000,0.0700,-176.5700,5.1900,63.2300,0.193391,187.621784,"0.15,-0.10,0.07,-176.57,5.19,63.23"
449,2026-07-27T13:54:44.352,17.957669,0.754500,0.2300,-0.0700,0.0200,-162.2300,20.9400,77.0300,0.241247,180.805634,"0.23,-0.07,0.02,-162.23,20.94,77.03"
450,2026-07-27T13:54:44.402,18.007878,50.208300,0.0200,0.5500,-0.5300,-145.8700,58.4100,76.5400,0.764068,174.780310,"0.02,0.55,-0.53,-145.87,58.41,76.54"
451,2026-07-27T13:54:44.522,18.127980,120.102500,0.0800,1.6900,-0.0900,-87.8300,12.3300,12.8800,1.694285,89.621606,"0.08,1.69,-0.09,-87.83,12.33,12.88"
452,2026-07-27T13:54:44.523,18.129076,1.095800,0.0900,2.5400,0.6500,-45.3500,-139.7100,-36.3200,2.623395,151.309778,"0.09,2.54,0.65,-45.35,-139.71,-36.32"
453,2026-07-27T13:54:44.524,18.129388,0.311700,0.0600,2.3900,0.5500,-21.5500,-197.1400,-38.9400,2.453202,202.101226,"0.06,2.39,0.55,-21.55,-197.14,-38.94"
454,2026-07-27T13:54:44.582,18.187616,58.228500,-0.0300,2.0100,0.4300,12.3900,-129.7000,-18.0700,2.055699,131.537550,"-0.03,2.01,0.43,12.39,-129.70,-18.07"
455,2026-07-27T13:54:44.582,18.188102,0.485400,-0.4200,1.8100,0.1100,-29.1700,-117.8000,35.1600,1.861344,126.348544,"-0.42,1.81,0.11,-29.17,-117.80,35.16"
456,2026-07-27T13:54:44.703,18.308462,120.360500,-0.5600,1.3200,-0.1800,-97.1700,-153.8100,65.4300,1.445130,193.340658,"-0.56,1.32,-0.18,-97.17,-153.81,65.43"
457,2026-07-27T13:54:44.703,18.309110,0.647800,-0.5900,0.8000,-0.4000,-102.8400,-138.3700,65.5500,1.071494,184.442742,"-0.59,0.80,-0.40,-102.84,-138.37,65.55"
458,2026-07-27T13:54:44.704,18.309604,0.494200,-0.4600,0.4100,-0.4400,-59.6900,-90.8800,54.8100,0.757166,121.762911,"-0.46,0.41,-0.44,-59.69,-90.88,54.81"
459,2026-07-27T13:54:44.824,18.429767,120.162700,-0.2900,0.1000,-0.3300,-9.2200,-53.5300,33.2000,0.450555,63.660893,"-0.29,0.10,-0.33,-9.22,-53.53,33.20"
460,2026-07-27T13:54:44.825,18.430522,0.755500,-0.1500,-0.0800,-0.1400,26.5500,-29.3000,3.9700,0.220227,39.738563,"-0.15,-0.08,-0.14,26.55,-29.30,3.97"
461,2026-07-27T13:54:45.002,18.607459,176.936300,-0.1400,0.1300,0.0600,55.9700,-1.5300,-29.7900,0.200250,63.422598,"-0.14,0.13,0.06,55.97,-1.53,-29.79"
462,2026-07-27T13:54:45.002,18.607963,0.504300,-0.1800,0.9500,0.1100,88.4400,6.4700,-87.5200,0.973139,124.592315,"-0.18,0.95,0.11,88.44,6.47,-87.52"
463,2026-07-27T13:54:45.003,18.608351,0.387800,-0.0500,2.0200,0.0300,94.3600,-58.2300,-146.7900,2.020841,183.961536,"-0.05,2.02,0.03,94.36,-58.23,-146.79"
464,2026-07-27T13:54:45.003,18.609093,0.742700,-0.2300,2.4400,-0.0500,53.4100,-140.2600,-149.1700,2.451326,211.606202,"-0.23,2.44,-0.05,53.41,-140.26,-149.17"
465,2026-07-27T13:54:45.004,18.609771,0.677400,-0.5800,2.0600,-0.1300,5.9200,-121.4000,-100.3400,2.144038,157.610666,"-0.58,2.06,-0.13,5.92,-121.40,-100.34"
466,2026-07-27T13:54:45.123,18.728753,118.982000,-0.3900,1.3900,-0.2000,-5.8600,-28.0200,-42.5400,1.457464,51.274863,"-0.39,1.39,-0.20,-5.86,-28.02,-42.54"
467,2026-07-27T13:54:45.124,18.729389,0.636300,0.1400,0.6800,-0.1900,1.1000,51.2100,4.8200,0.719792,51.448095,"0.14,0.68,-0.19,1.10,51.21,4.82"
468,2026-07-27T13:54:45.124,18.729846,0.457200,0.5000,0.1000,-0.1700,-6.1600,56.4600,38.8200,0.537494,68.794401,"0.50,0.10,-0.17,-6.16,56.46,38.82"
469,2026-07-27T13:54:45.182,18.787746,57.899300,0.5300,-0.1500,-0.1300,-23.6200,-17.7600,65.2500,0.565951,71.630193,"0.53,-0.15,-0.13,-23.62,-17.76,65.25"
470,2026-07-27T13:54:45.182,18.788124,0.378400,0.2900,0.0100,0.0500,-26.8600,-78.6100,79.7100,0.294449,115.128953,"0.29,0.01,0.05,-26.86,-78.61,79.71"
471,2026-07-27T13:54:45.242,18.847869,59.745000,-0.5100,0.5100,0.2200,-14.7700,-62.1300,70.1300,0.754056,94.849917,"-0.51,0.51,0.22,-14.77,-62.13,70.13"
472,2026-07-27T13:54:45.303,18.908187,60.318100,-1.0000,1.0200,0.3400,-18.3100,-111.8200,6.9600,1.468332,113.522729,"-1.00,1.02,0.34,-18.31,-111.82,6.96"
473,2026-07-27T13:54:45.303,18.908708,0.520600,-0.0800,1.9000,0.2200,-56.7600,-188.8400,-49.3800,1.914367,203.274759,"-0.08,1.90,0.22,-56.76,-188.84,-49.38"
474,2026-07-27T13:54:45.362,18.967958,59.250400,0.9300,2.4400,-0.0500,-62.0100,-169.3700,-20.6300,2.611704,181.540722,"0.93,2.44,-0.05,-62.01,-169.37,-20.63"
475,2026-07-27T13:54:45.423,19.028595,60.636400,0.8000,1.9100,0.1300,25.0900,-116.2100,30.5200,2.074849,122.742587,"0.80,1.91,0.13,25.09,-116.21,30.52"
476,2026-07-27T13:54:45.424,19.029576,0.981400,0.1000,1.3100,0.5500,117.9800,-58.7800,43.7000,1.424289,138.867054,"0.10,1.31,0.55,117.98,-58.78,43.70"
477,2026-07-27T13:54:45.482,19.087731,58.154700,-0.3300,0.8600,0.7100,104.4900,-61.9500,31.6200,1.163013,125.522058,"-0.33,0.86,0.71,104.49,-61.95,31.62"
478,2026-07-27T13:54:45.542,19.147940,60.209000,-0.4200,0.4700,0.4900,1.8300,-125.9200,28.9300,0.798373,129.213545,"-0.42,0.47,0.49,1.83,-125.92,28.93"
479,2026-07-27T13:54:45.543,19.148342,0.402000,-0.4400,0.3400,0.1800,-78.8600,-184.1400,45.0400,0.584466,205.316928,"-0.44,0.34,0.18,-78.86,-184.14,45.04"
480,2026-07-27T13:54:45.603,19.208517,60.175800,-0.4600,0.4500,0.0300,-86.3000,-190.3100,53.4700,0.644205,215.695681,"-0.46,0.45,0.03,-86.30,-190.31,53.47"
481,2026-07-27T13:54:45.662,19.267853,59.335300,-0.3900,0.7100,-0.0800,-70.0700,-132.5700,46.2000,0.814002,156.904588,"-0.39,0.71,-0.08,-70.07,-132.57,46.20"
482,2026-07-27T13:54:45.663,19.268545,0.692000,-0.2400,1.1200,-0.1400,-58.8400,-41.0800,33.3900,1.153950,79.149252,"-0.24,1.12,-0.14,-58.84,-41.08,33.39"
483,2026-07-27T13:54:45.722,19.328054,59.509000,-0.3600,1.3900,-0.0400,-25.0200,4.8200,16.1700,1.436419,30.177835,"-0.36,1.39,-0.04,-25.02,4.82,16.17"
484,2026-07-27T13:54:45.842,19.447974,119.920400,-0.6500,1.3900,-0.0500,26.6700,-27.8300,-0.5500,1.535285,38.549971,"-0.65,1.39,-0.05,26.67,-27.83,-0.55"
485,2026-07-27T13:54:45.843,19.448535,0.561300,-0.7400,1.2300,-0.3200,72.2000,-61.0400,-19.3500,1.470680,96.504633,"-0.74,1.23,-0.32,72.20,-61.04,-19.35"
486,2026-07-27T13:54:45.902,19.507468,58.932300,-0.4300,1.1500,-0.3900,115.3600,-32.0400,-61.9500,1.288216,134.804650,"-0.43,1.15,-0.39,115.36,-32.04,-61.95"
487,2026-07-27T13:54:45.962,19.567865,60.396800,0.3200,1.5100,-0.1600,160.3400,-23.6200,-114.8100,1.551805,198.615599,"0.32,1.51,-0.16,160.34,-23.62,-114.81"
488,2026-07-27T13:54:45.963,19.568553,0.688800,0.6400,1.7300,-0.0400,167.2400,-128.7200,-123.2300,1.845020,244.384306,"0.64,1.73,-0.04,167.24,-128.72,-123.23"
489,2026-07-27T13:54:45.963,19.569012,0.458800,0.0300,1.4000,-0.0100,97.0500,-190.9800,-100.2200,1.400357,236.508163,"0.03,1.40,-0.01,97.05,-190.98,-100.22"
490,2026-07-27T13:54:46.022,19.627844,58.831700,-0.4200,1.0200,-0.0000,34.5500,-75.2000,-94.7300,1.103087,125.787580,"-0.42,1.02,-0.00,34.55,-75.20,-94.73"
491,2026-07-27T13:54:46.023,19.628332,0.488500,-0.1200,0.6600,-0.0300,40.9500,97.7800,-91.7400,0.671491,140.192933,"-0.12,0.66,-0.03,40.95,97.78,-91.74"
492,2026-07-27T13:54:46.082,19.687913,59.580500,0.3000,0.3400,-0.0300,47.9100,166.6300,-67.7500,0.454423,186.147757,"0.30,0.34,-0.03,47.91,166.63,-67.75"
493,2026-07-27T13:54:46.142,19.747783,59.869800,0.4200,0.1600,0.0100,13.9800,107.6000,-30.4600,0.449555,112.698767,"0.42,0.16,0.01,13.98,107.60,-30.46"
494,2026-07-27T13:54:46.143,19.748394,0.611000,0.3600,0.1100,0.1100,-41.5000,11.5400,12.9400,0.392173,44.976274,"0.36,0.11,0.11,-41.50,11.54,12.94"
495,2026-07-27T13:54:46.203,19.808491,60.097700,0.2100,0.3200,0.0100,-101.6800,-59.5700,61.2800,0.382884,132.825621,"0.21,0.32,0.01,-101.68,-59.57,61.28"
496,2026-07-27T13:54:46.263,19.868186,59.694900,-0.7900,1.2400,-0.4400,-145.8700,-77.0300,83.6200,1.534699,184.943186,"-0.79,1.24,-0.44,-145.87,-77.03,83.62"
497,2026-07-27T13:54:46.263,19.868942,0.755800,-1.7500,1.8700,-0.5700,-112.7900,-64.4500,29.1700,2.623795,133.140060,"-1.75,1.87,-0.57,-112.79,-64.45,29.17"
498,2026-07-27T13:54:46.322,19.927763,58.821300,-0.9600,1.6800,-0.0600,-36.2500,-58.1100,-30.4000,1.935872,74.933268,"-0.96,1.68,-0.06,-36.25,-58.11,-30.40"
499,2026-07-27T13:54:46.382,19.987982,60.218300,0.4700,1.5700,0.2300,-34.3000,-10.0700,-23.3800,1.654902,42.714392,"0.47,1.57,0.23,-34.30,-10.07,-23.38"
500,2026-07-27T13:54:46.383,19.988689,0.707400,1.3800,1.3100,-0.2200,-62.5600,15.0800,6.5900,1.915437,64.688392,"1.38,1.31,-0.22,-62.56,15.08,6.59"
501,2026-07-27T13:54:46.442,20.047987,59.298200,1.4300,0.9000,0.0700,-20.7500,-109.0700,50.8400,1.691094,122.112788,"1.43,0.90,0.07,-20.75,-109.07,50.84"
502,2026-07-27T13:54:46.502,20.107918,59.931100,0.3500,1.0100,1.0900,56.8800,-212.9500,97.9000,1.526663,241.179284,"0.35,1.01,1.09,56.88,-212.95,97.90"
503,2026-07-27T13:54:46.562,20.167929,60.010700,-0.8700,1.2200,0.9800,50.7200,-123.3500,93.2000,1.790447,162.708269,"-0.87,1.22,0.98,50.72,-123.35,93.20"
504,2026-07-27T13:54:46.622,20.227853,59.923600,-0.9900,1.0400,0.0300,-57.4300,-120.1800,37.4100,1.436175,138.350806,"-0.99,1.04,0.03,-57.43,-120.18,37.41"
505,2026-07-27T13:54:46.624,20.229664,1.811200,-0.4400,0.8900,-0.2800,-115.4200,-241.0900,-15.9300,1.031552,267.768425,"-0.44,0.89,-0.28,-115.42,-241.09,-15.93"
506,2026-07-27T13:54:46.624,20.229956,0.292000,-0.0900,0.8700,0.0200,-59.3300,-232.7900,-35.4000,0.874871,242.825849,"-0.09,0.87,0.02,-59.33,-232.79,-35.40"
507,2026-07-27T13:54:46.802,20.407626,177.669700,-0.0700,0.8400,0.2100,7.6900,-149.2300,-20.4500,0.868677,150.820859,"-0.07,0.84,0.21,7.69,-149.23,-20.45"
508,2026-07-27T13:54:46.802,20.407907,0.281200,-0.2600,0.8000,0.2000,23.0100,-76.2300,10.0100,0.864639,80.253804,"-0.26,0.80,0.20,23.01,-76.23,10.01"
509,2026-07-27T13:54:46.802,20.408171,0.263900,-0.3100,0.8400,0.1100,19.2300,-25.6300,33.6300,0.902109,46.450691,"-0.31,0.84,0.11,19.23,-25.63,33.63"
510,2026-07-27T13:54:46.804,20.409551,1.380100,-0.3400,0.9700,0.0100,46.2000,7.8100,8.4800,1.027911,47.616662,"-0.34,0.97,0.01,46.20,7.81,8.48"
511,2026-07-27T13:54:46.862,20.468114,58.563500,-0.4800,1.1300,-0.1600,82.2800,31.1300,-42.6600,1.238103,97.769887,"-0.48,1.13,-0.16,82.28,31.13,-42.66"
512,2026-07-27T13:54:46.863,20.468439,0.324900,-0.3700,1.4400,-0.3100,145.2600,27.5300,-87.3400,1.518749,171.716755,"-0.37,1.44,-0.31,145.26,27.53,-87.34"
513,2026-07-27T13:54:46.923,20.528842,60.402500,0.2800,1.7100,-0.1300,174.8700,-88.1300,-85.5700,1.737642,213.702220,"0.28,1.71,-0.13,174.87,-88.13,-85.57"
514,2026-07-27T13:54:47.041,20.647121,118.279500,0.6500,1.5200,0.1100,104.3700,-220.9500,-68.3600,1.656804,253.742170,"0.65,1.52,0.11,104.37,-220.95,-68.36"
515,2026-07-27T13:54:47.042,20.647586,0.464800,0.1900,1.0600,-0.0100,15.2000,-192.3200,-77.2700,1.076940,207.818852,"0.19,1.06,-0.01,15.20,-192.32,-77.27"
516,2026-07-27T13:54:47.043,20.648642,1.056400,-0.2600,0.7700,-0.1200,2.7500,-46.7500,-88.1300,0.821523,99.799909,"-0.26,0.77,-0.12,2.75,-46.75,-88.13"
517,2026-07-27T13:54:47.102,20.707948,59.305200,-0.1400,0.6700,-0.0700,23.9300,58.5300,-75.2000,0.688041,98.251951,"-0.14,0.67,-0.07,23.93,58.53,-75.20"
518,2026-07-27T13:54:47.103,20.708476,0.528400,0.1400,0.6100,-0.0400,18.0700,66.6500,-43.4000,0.627136,81.561679,"0.14,0.61,-0.04,18.07,66.65,-43.40"
519,2026-07-27T13:54:47.162,20.767824,59.347900,0.2700,0.5200,-0.0600,-14.2800,24.9000,-4.3300,0.588982,29.028905,"0.27,0.52,-0.06,-14.28,24.90,-4.33"
520,2026-07-27T13:54:47.282,20.887910,120.086100,-0.0600,0.6600,-0.1500,-56.7600,-14.0400,37.3500,0.679485,69.381854,"-0.06,0.66,-0.15,-56.76,-14.04,37.35"
521,2026-07-27T13:54:47.283,20.889038,1.127700,-0.6300,0.9300,-0.2600,-93.1400,-34.1200,66.1000,1.152996,119.199178,"-0.63,0.93,-0.26,-93.14,-34.12,66.10"
522,2026-07-27T13:54:47.284,20.889657,0.619200,-1.0600,1.2000,-0.2800,-97.7800,-44.1900,64.1500,1.625423,125.015627,"-1.06,1.20,-0.28,-97.78,-44.19,64.15"
523,2026-07-27T13:54:47.402,21.007440,117.783400,-1.0400,1.2500,-0.0700,-71.0400,-44.5600,25.7600,1.627575,87.726010,"-1.04,1.25,-0.07,-71.04,-44.56,25.76"
524,2026-07-27T13:54:47.403,21.008358,0.917400,-0.2500,1.3700,0.1000,-54.3200,-40.3400,-7.7500,1.396209,68.103161,"-0.25,1.37,0.10,-54.32,-40.34,-7.75"
525,2026-07-27T13:54:47.404,21.009410,1.052700,0.7400,1.4900,-0.0800,-48.5200,-0.0600,8.0600,1.665563,49.184933,"0.74,1.49,-0.08,-48.52,-0.06,8.06"
526,2026-07-27T13:54:47.522,21.127651,118.241100,1.0300,1.0500,-0.0800,-17.0300,34.6100,44.2500,1.473024,58.702091,"1.03,1.05,-0.08,-17.03,34.61,44.25"
527,2026-07-27T13:54:47.522,21.128145,0.493300,0.5900,0.8400,0.5200,15.8100,-4.2700,64.5100,1.150695,66.556210,"0.59,0.84,0.52,15.81,-4.27,64.51"
528,2026-07-27T13:54:47.523,21.128703,0.558600,-0.1000,1.0300,0.7000,2.6200,-33.5100,59.6900,1.249360,68.503143,"-0.10,1.03,0.70,2.62,-33.51,59.69"
529,2026-07-27T13:54:47.583,21.188369,59.665600,-0.3000,1.0300,0.2200,-32.2300,-86.4300,24.9000,1.095126,95.545423,"-0.30,1.03,0.22,-32.23,-86.43,24.90"
530,2026-07-27T13:54:47.583,21.189003,0.634100,-0.0500,0.9200,-0.0000,-35.7700,-157.7800,-13.5500,0.921358,162.350312,"-0.05,0.92,-0.00,-35.77,-157.78,-13.55"
531,2026-07-27T13:54:47.642,21.247968,58.964800,0.0100,0.8900,0.0900,-12.7000,-162.3500,-25.1500,0.894595,164.776622,"0.01,0.89,0.09,-12.70,-162.35,-25.15"
532,2026-07-27T13:54:47.703,21.308446,60.478100,-0.1000,0.9000,0.2300,8.6100,-141.7800,-12.8800,0.934291,142.623963,"-0.10,0.90,0.23,8.61,-141.78,-12.88"
533,2026-07-27T13:54:47.703,21.309001,0.555200,-0.2300,0.9300,0.2200,16.3000,-114.7500,7.5700,0.982955,116.148859,"-0.23,0.93,0.22,16.30,-114.75,7.57"
534,2026-07-27T13:54:47.762,21.367521,58.520300,-0.3400,0.9800,0.0900,13.3700,-71.6600,22.8900,1.041201,76.405920,"-0.34,0.98,0.09,13.37,-71.66,22.89"
535,2026-07-27T13:54:47.823,21.428522,61.000800,-0.3700,1.0600,-0.0100,12.1500,-31.9200,25.3900,1.122764,42.557737,"-0.37,1.06,-0.01,12.15,-31.92,25.39"
536,2026-07-27T13:54:47.824,21.429386,0.863900,-0.3700,1.1500,-0.1300,26.8600,-15.3200,11.6600,1.215031,33.047203,"-0.37,1.15,-0.13,26.86,-15.32,11.66"
537,2026-07-27T13:54:47.883,21.488178,58.791600,-0.2600,1.2100,-0.3300,65.3700,-26.9800,-22.4600,1.280859,74.199790,"-0.26,1.21,-0.33,65.37,-26.98,-22.46"
538,2026-07-27T13:54:47.942,21.547990,59.811800,0.1600,1.2700,-0.3000,125.8500,-64.5800,-70.2500,1.314724,157.936257,"0.16,1.27,-0.30,125.85,-64.58,-70.25"
539,2026-07-27T13:54:47.943,21.548600,0.610300,0.4000,1.2800,-0.0700,159.2400,-113.9500,-103.9400,1.342870,221.687852,"0.40,1.28,-0.07,159.24,-113.95,-103.94"
540,2026-07-27T13:54:48.002,21.607817,59.217100,0.1600,1.1400,0.0200,127.1400,-148.3800,-110.6600,1.151347,224.559212,"0.16,1.14,0.02,127.14,-148.38,-110.66"
541,2026-07-27T13:54:48.062,21.668088,60.270800,-0.1700,0.9200,0.0200,72.3900,-124.2700,-94.3000,0.935788,171.976263,"-0.17,0.92,0.02,72.39,-124.27,-94.30"
542,2026-07-27T13:54:48.063,21.668525,0.437100,-0.2700,0.7400,-0.0200,38.5700,-44.9800,-63.4800,0.787972,86.836373,"-0.27,0.74,-0.02,38.57,-44.98,-63.48"
543,2026-07-27T13:54:48.123,21.728630,60.105600,-0.1000,0.6300,-0.1000,22.8300,20.8700,-35.5200,0.645678,47.100278,"-0.10,0.63,-0.10,22.83,20.87,-35.52"
544,2026-07-27T13:54:48.182,21.788041,59.410700,0.0800,0.5900,-0.1800,6.5900,37.7200,-15.5600,0.622013,41.332071,"0.08,0.59,-0.18,6.59,37.72,-15.56"
545,2026-07-27T13:54:48.183,21.788635,0.593300,0.1600,0.5900,-0.2000,-11.9000,29.2400,4.5800,0.643195,31.899279,"0.16,0.59,-0.20,-11.90,29.24,4.58"
546,2026-07-27T13:54:48.242,21.848137,59.502300,0.0700,0.6700,-0.1900,-30.4600,3.9100,29.3600,0.699929,42.486578,"0.07,0.67,-0.19,-30.46,3.91,29.36"
547,2026-07-27T13:54:48.304,21.909423,61.286600,-0.1800,0.8500,-0.2400,-53.1600,-30.8800,50.2900,0.901388,79.426973,"-0.18,0.85,-0.24,-53.16,-30.88,50.29"
548,2026-07-27T13:54:48.304,21.909933,0.509800,-0.6300,1.1600,-0.4400,-72.8100,-53.4100,55.0500,1.391438,105.756450,"-0.63,1.16,-0.44,-72.81,-53.41,55.05"
549,2026-07-27T13:54:48.362,21.967965,58.032100,-0.9300,1.4000,-0.5300,-58.8400,-50.4800,33.2000,1.762328,84.336327,"-0.93,1.40,-0.53,-58.84,-50.48,33.20"
550,2026-07-27T13:54:48.422,22.027864,59.898700,-0.5800,1.0400,-0.3200,-10.5600,-32.9000,-4.9400,1.233045,34.904544,"-0.58,1.04,-0.32,-10.56,-32.90,-4.94"
551,2026-07-27T13:54:48.423,22.028556,0.691700,0.0800,0.9300,-0.1200,9.5800,-43.0300,-4.3300,0.941116,44.295668,"0.08,0.93,-0.12,9.58,-43.03,-4.33"
552,2026-07-27T13:54:48.482,22.087770,59.214700,0.3600,1.4000,-0.0100,-22.7100,-81.9700,36.1300,1.445579,92.413213,"0.36,1.40,-0.01,-22.71,-81.97,36.13"
553,2026-07-27T13:54:48.542,22.147878,60.107800,0.3000,1.2400,0.0400,-56.4000,-103.2700,52.5500,1.276401,128.868753,"0.30,1.24,0.04,-56.40,-103.27,52.55"
554,2026-07-27T13:54:48.543,22.148205,0.326500,0.1900,0.8300,0.0600,-53.6500,-119.9300,46.7500,0.853581,139.452823,"0.19,0.83,0.06,-53.65,-119.93,46.75"
555,2026-07-27T13:54:48.603,22.208993,60.788800,-0.1700,0.9200,0.3000,-22.3400,-87.3400,47.4900,0.982497,101.895296,"-0.17,0.92,0.30,-22.34,-87.34,47.49"
556,2026-07-27T13:54:48.662,22.268036,59.042500,-0.3500,1.0400,0.4400,-4.2700,-15.6900,41.0200,1.182244,44.125383,"-0.35,1.04,0.44,-4.27,-15.69,41.02"
557,2026-07-27T13:54:48.663,22.268705,0.669500,-0.0600,0.9800,0.1800,-18.9800,-43.9500,18.3100,0.998198,51.255234,"-0.06,0.98,0.18,-18.98,-43.95,18.31"
558,2026-07-27T13:54:48.722,22.327890,59.184100,0.1400,0.9400,0.0700,-32.5300,-115.7200,2.7500,0.952943,120.236774,"0.14,0.94,0.07,-32.53,-115.72,2.75"
559,2026-07-27T13:54:48.782,22.387687,59.797500,0.0400,0.9500,0.1600,-26.6100,-127.1400,7.5700,0.964210,130.115244,"0.04,0.95,0.16,-26.61,-127.14,7.57"
560,2026-07-27T13:54:48.783,22.388432,0.744600,-0.1400,0.9400,0.1300,-16.5400,-117.7400,16.1700,0.959218,119.990617,"-0.14,0.94,0.13,-16.54,-117.74,16.17"
561,2026-07-27T13:54:48.843,22.448521,60.089200,-0.2100,0.9300,0.1200,-5.0700,-111.0800,18.3700,0.960937,112.702831,"-0.21,0.93,0.12,-5.07,-111.08,18.37"
562,2026-07-27T13:54:48.903,22.508389,59.868400,-0.2800,0.9900,0.0900,8.3000,-77.5800,19.5900,1.032763,80.444481,"-0.28,0.99,0.09,8.30,-77.58,19.59"
563,2026-07-27T13:54:48.903,22.508521,0.131400,-0.3500,1.0500,-0.0100,18.4300,-27.8300,20.1400,1.106842,38.984528,"-0.35,1.05,-0.01,18.43,-27.83,20.14"
564,2026-07-27T13:54:49.022,22.628148,119.627600,-0.3800,1.0200,-0.1400,29.7200,-0.5500,11.1700,1.097452,31.754524,"-0.38,1.02,-0.14,29.72,-0.55,11.17"
565,2026-07-27T13:54:49.023,22.628571,0.423000,-0.3200,1.0900,-0.3000,48.5200,6.5900,-16.1700,1.174947,51.566340,"-0.32,1.09,-0.30,48.52,6.59,-16.17"
566,2026-07-27T13:54:49.024,22.629201,0.629300,0.0400,1.3100,-0.3000,81.2400,-6.3500,-66.4700,1.344507,105.159503,"0.04,1.31,-0.30,81.24,-6.35,-66.47"
567,2026-07-27T13:54:49.084,22.689587,60.386300,0.4300,1.4000,-0.1000,119.1400,-66.0400,-106.9900,1.467958,173.212244,"0.43,1.40,-0.10,119.14,-66.04,-106.99"
568,2026-07-27T13:54:49.202,22.807872,118.284700,0.2500,1.2600,0.0300,110.6600,-144.9600,-106.6900,1.284912,211.286046,"0.25,1.26,0.03,110.66,-144.96,-106.69"
569,2026-07-27T13:54:49.203,22.808603,0.731700,-0.2100,1.0300,0.0100,56.6400,-145.4500,-89.8400,1.051237,180.097245,"-0.21,1.03,0.01,56.64,-145.45,-89.84"
570,2026-07-27T13:54:49.204,22.809510,0.906500,-0.2600,0.8400,-0.0600,28.2600,-48.6500,-79.9000,0.881363,97.721339,"-0.26,0.84,-0.06,28.26,-48.65,-79.90"
571,2026-07-27T13:54:49.263,22.868255,58.745000,-0.0000,0.7100,-0.1200,34.8500,55.3000,-70.2500,0.720069,95.956631,"-0.00,0.71,-0.12,34.85,55.30,-70.25"
572,2026-07-27T13:54:49.263,22.868566,0.311700,0.1700,0.6400,-0.2000,42.5400,94.9700,-55.2400,0.691737,117.815152,"0.17,0.64,-0.20,42.54,94.97,-55.24"
573,2026-07-27T13:54:49.322,22.928128,59.561300,0.1500,0.5900,-0.2600,40.5900,77.3900,-34.3600,0.661967,93.900851,"0.15,0.59,-0.26,40.59,77.39,-34.36"
574,2026-07-27T13:54:49.382,22.988135,60.006900,-0.1200,0.5800,-0.3100,24.7200,38.7600,-9.7700,0.668506,46.998605,"-0.12,0.58,-0.31,24.72,38.76,-9.77"
575,2026-07-27T13:54:49.383,22.988444,0.309700,-0.5200,0.6500,-0.3800,-2.2000,-1.6500,4.3300,0.915041,5.129464,"-0.52,0.65,-0.38,-2.20,-1.65,4.33"
576,2026-07-27T13:54:49.503,23.108275,119.830200,-0.6900,0.7500,-0.5000,-16.5400,-25.1500,-0.3700,1.135165,30.103671,"-0.69,0.75,-0.50,-16.54,-25.15,-0.37"
577,2026-07-27T13:54:49.504,23.109256,0.981000,-0.6300,0.7900,-0.6000,-6.9000,-10.2500,-11.6000,1.175160,16.947935,"-0.63,0.79,-0.60,-6.90,-10.25,-11.60"
578,2026-07-27T13:54:49.521,23.127136,17.880700,-0.5300,0.8000,-0.7100,8.4200,23.9300,-10.8600,1.193734,27.594943,"-0.53,0.80,-0.71,8.42,23.93,-10.86"
579,2026-07-27T13:54:49.563,23.168264,41.127800,-0.5000,0.8300,-0.8000,13.3100,34.4200,5.8600,1.256543,37.366189,"-0.50,0.83,-0.80,13.31,34.42,5.86"
580,2026-07-27T13:54:49.622,23.227845,59.580900,-0.4300,1.2200,-0.8300,2.5600,20.1400,23.0100,1.536945,30.686044,"-0.43,1.22,-0.83,2.56,20.14,23.01"
581,2026-07-27T13:54:49.623,23.228241,0.396200,-0.1000,1.7800,-0.4800,-24.1700,-4.5800,14.1000,1.846294,28.354458,"-0.10,1.78,-0.48,-24.17,-4.58,14.10"
582,2026-07-27T13:54:49.742,23.348033,119.792000,0.5100,1.2600,0.2200,-13.7900,-26.5500,-12.4500,1.376989,32.404770,"0.51,1.26,0.22,-13.79,-26.55,-12.45"
583,2026-07-27T13:54:49.743,23.348192,0.158700,0.6600,0.7400,0.6600,14.2200,-79.2200,6.5900,1.191134,80.755464,"0.66,0.74,0.66,14.22,-79.22,6.59"
584,2026-07-27T13:54:49.743,23.348541,0.349100,0.2300,1.1500,0.4700,-105.8300,-258.1800,63.4200,1.263448,286.145064,"0.23,1.15,0.47,-105.83,-258.18,63.42"
585,2026-07-27T13:54:49.803,23.408356,59.815400,0.0400,1.2100,0.1000,-71.1100,-158.5700,58.1700,1.214784,183.261632,"0.04,1.21,0.10,-71.11,-158.57,58.17"
586,2026-07-27T13:54:49.862,23.468119,59.762700,-0.0600,0.9500,0.2600,-10.0700,-120.7900,38.8800,0.986762,127.292118,"-0.06,0.95,0.26,-10.07,-120.79,38.88"
587,2026-07-27T13:54:49.863,23.468522,0.403200,-0.3400,0.9100,0.5600,-5.4900,-194.7000,8.6100,1.121294,194.967593,"-0.34,0.91,0.56,-5.49,-194.70,8.61"
588,2026-07-27T13:54:49.923,23.528291,59.769100,-0.3400,0.9100,0.5600,-5.4900,-194.7000,8.6100,1.121294,194.967593,"-0.34,0.91,0.56,-5.49,-194.70,8.61"
589,2026-07-27T13:54:50.043,23.648909,120.618100,0.1300,0.9800,0.2900,16.6600,-242.1900,-15.5600,1.030243,243.260489,"0.13,0.98,0.29,16.66,-242.19,-15.56"
590,2026-07-27T13:54:50.044,23.649353,0.443600,0.1900,0.9000,0.5200,39.1800,-208.4400,0.3700,1.056646,212.090648,"0.19,0.90,0.52,39.18,-208.44,0.37"
591,2026-07-27T13:54:50.044,23.649695,0.341600,-0.6400,0.8500,0.5900,28.0800,-143.2500,-3.0500,1.216635,146.008053,"-0.64,0.85,0.59,28.08,-143.25,-3.05"
592,2026-07-27T13:54:50.162,23.767554,117.859200,-0.3500,0.9800,0.0100,28.0200,-86.3000,-26.4900,1.040673,94.522645,"-0.35,0.98,0.01,28.02,-86.30,-26.49"
593,2026-07-27T13:54:50.163,23.768275,0.720700,-0.1400,0.9100,-0.0600,42.6600,-75.5000,-24.3500,0.922659,90.072460,"-0.14,0.91,-0.06,42.66,-75.50,-24.35"
594,2026-07-27T13:54:50.163,23.768943,0.668600,-0.2900,0.9000,-0.0800,48.1600,-93.1400,2.9900,0.948947,104.897022,"-0.29,0.90,-0.08,48.16,-93.14,2.99"
595,2026-07-27T13:54:50.222,23.827842,58.899100,-0.4500,0.8900,-0.0600,47.3600,-103.7000,28.5000,0.999100,117.511317,"-0.45,0.89,-0.06,47.36,-103.70,28.50"
596,2026-07-27T13:54:50.223,23.828346,0.504200,-0.5400,0.8900,0.0400,41.2600,-91.9800,39.9200,1.041777,108.426539,"-0.54,0.89,0.04,41.26,-91.98,39.92"
597,2026-07-27T13:54:50.342,23.948102,119.755300,-0.5900,0.8800,0.2500,35.6400,-49.6200,41.8100,1.088577,74.029927,"-0.59,0.88,0.25,35.64,-49.62,41.81"
598,2026-07-27T13:54:50.343,23.948511,0.409100,-0.4500,0.8400,0.4300,34.6100,31.1900,41.8100,1.045466,62.599875,"-0.45,0.84,0.43,34.61,31.19,41.81"
599,2026-07-27T13:54:50.344,23.949604,1.093100,-0.2000,0.8400,0.4400,34.7900,115.3600,38.5100,0.969123,126.496220,"-0.20,0.84,0.44,34.79,115.36,38.51"
600,2026-07-27T13:54:50.402,24.007908,58.304400,-0.1000,0.9400,0.2700,36.0700,152.7700,30.0900,0.983107,159.828426,"-0.10,0.94,0.27,36.07,152.77,30.09"
601,2026-07-27T13:54:50.463,24.068483,60.574200,-0.2200,1.1600,0.0000,44.2500,144.2900,19.3500,1.180678,152.158106,"-0.22,1.16,0.00,44.25,144.29,19.35"
602,2026-07-27T13:54:50.463,24.068991,0.508900,-0.3400,1.3600,-0.2500,60.1800,127.2000,-3.6600,1.423973,140.765294,"-0.34,1.36,-0.25,60.18,127.20,-3.66"
603,2026-07-27T13:54:50.583,24.188302,119.311000,-0.1800,1.4800,-0.4500,72.0200,117.1300,-53.1000,1.557337,147.397175,"-0.18,1.48,-0.45,72.02,117.13,-53.10"
604,2026-07-27T13:54:50.584,24.189286,0.983400,0.1500,1.4700,-0.6300,65.8600,82.8900,-107.9700,1.606331,151.214459,"0.15,1.47,-0.63,65.86,82.89,-107.97"
605,2026-07-27T13:54:50.584,24.190019,0.733300,0.4200,1.2000,-0.5500,43.5200,28.5000,-124.6300,1.385244,135.051388,"0.42,1.20,-0.55,43.52,28.50,-124.63"
606,2026-07-27T13:54:50.643,24.248256,58.237000,0.4300,0.8500,-0.3000,23.3800,10.5600,-100.9500,0.998699,104.158727,"0.43,0.85,-0.30,23.38,10.56,-100.95"
607,2026-07-27T13:54:50.702,24.307854,59.597800,0.2600,0.6100,-0.1900,16.5400,19.4700,-69.5800,0.689783,74.121717,"0.26,0.61,-0.19,16.54,19.47,-69.58"
608,2026-07-27T13:54:50.703,24.308294,0.439700,0.0500,0.4200,-0.1600,17.5800,13.6100,-50.1100,0.452217,54.820622,"0.05,0.42,-0.16,17.58,13.61,-50.11"
609,2026-07-27T13:54:50.762,24.367901,59.606900,-0.1300,0.3700,-0.1500,10.1300,7.0200,-40.5300,0.419881,42.362462,"-0.13,0.37,-0.15,10.13,7.02,-40.53"
610,2026-07-27T13:54:50.822,24.428116,60.215700,-0.2400,0.4300,-0.1600,-1.4600,10.1900,-29.3600,0.517784,31.112334,"-0.24,0.43,-0.16,-1.46,10.19,-29.36"
611,2026-07-27T13:54:50.823,24.428833,0.716300,-0.4200,0.5400,-0.2800,-19.5300,17.0900,-12.2700,0.739189,28.706130,"-0.42,0.54,-0.28,-19.53,17.09,-12.27"
612,2026-07-27T13:54:50.882,24.488172,59.339000,-0.5200,0.6800,-0.6500,-60.1800,45.2300,5.1900,1.074849,75.460728,"-0.52,0.68,-0.65,-60.18,45.23,5.19"
613,2026-07-27T13:54:50.942,24.548111,59.939800,-0.5500,1.1300,-1.1300,-78.0600,68.5400,8.1800,1.690059,104.201764,"-0.55,1.13,-1.13,-78.06,68.54,8.18"
614,2026-07-27T13:54:50.943,24.548477,0.365900,-0.4400,1.3500,-0.9500,-33.7500,49.4400,-6.4700,1.708391,60.209941,"-0.44,1.35,-0.95,-33.75,49.44,-6.47"
615,2026-07-27T13:54:51.063,24.668228,119.751000,0.0100,1.3800,-0.0800,2.1400,-15.5600,-5.6200,1.382353,16.681655,"0.01,1.38,-0.08,2.14,-15.56,-5.62"
616,2026-07-27T13:54:51.063,24.668983,0.754300,0.2800,1.5100,0.4300,-12.5700,-77.0300,15.2000,1.594804,79.515192,"0.28,1.51,0.43,-12.57,-77.03,15.20"
617,2026-07-27T13:54:51.064,24.669628,0.645200,0.4000,1.2100,0.4200,-18.7400,-89.2900,27.8900,1.341827,95.403060,"0.40,1.21,0.42,-18.74,-89.29,27.89"
618,2026-07-27T13:54:51.122,24.728046,58.418100,0.4500,0.9100,0.4200,-15.1400,-85.1400,42.9100,1.098636,96.536559,"0.45,0.91,0.42,-15.14,-85.14,42.91"
619,2026-07-27T13:54:51.182,24.788006,59.960100,0.0000,0.9900,0.2900,-28.0200,-101.7500,63.7800,1.031601,123.312900,"0.00,0.99,0.29,-28.02,-101.75,63.78"
620,2026-07-27T13:54:51.183,24.788681,0.675400,-0.5100,1.0100,0.0400,-36.5600,-112.5500,72.3900,1.132166,138.724361,"-0.51,1.01,0.04,-36.56,-112.55,72.39"
621,2026-07-27T13:54:51.242,24.847549,58.867600,-0.5300,0.8600,-0.0100,-32.4100,-80.3800,59.6300,1.010247,105.200235,"-0.53,0.86,-0.01,-32.41,-80.38,59.63"
622,2026-07-27T13:54:51.302,24.907723,60.173900,-0.2200,0.8100,-0.0000,-28.6900,-30.5800,34.0000,0.839345,53.983817,"-0.22,0.81,-0.00,-28.69,-30.58,34.00"
623,2026-07-27T13:54:51.303,24.908639,0.916400,0.1800,0.8300,-0.0700,-25.6300,11.1700,18.1900,0.852174,33.354788,"0.18,0.83,-0.07,-25.63,11.17,18.19"
624,2026-07-27T13:54:51.362,24.967942,59.303100,0.3500,0.8400,0.0000,-16.9700,18.9800,16.0500,0.910000,30.096907,"0.35,0.84,0.00,-16.97,18.98,16.05"
625,2026-07-27T13:54:51.422,25.028128,60.185800,0.1200,1.0800,0.1500,-11.8400,-18.5500,19.1700,1.096950,29.185219,"0.12,1.08,0.15,-11.84,-18.55,19.17"
626,2026-07-27T13:54:51.423,25.028447,0.319100,-0.1600,1.2600,0.1200,-14.5900,-70.8600,21.3600,1.275774,75.433794,"-0.16,1.26,0.12,-14.59,-70.86,21.36"
627,2026-07-27T13:54:51.482,25.087927,59.480200,-0.2200,1.1500,0.0900,-12.3300,-95.4000,16.4200,1.174308,97.584862,"-0.22,1.15,0.09,-12.33,-95.40,16.42"
628,2026-07-27T13:54:51.542,25.148092,60.164900,-0.1400,1.0200,0.1400,-2.8100,-70.1900,9.4000,1.039038,70.872366,"-0.14,1.02,0.14,-2.81,-70.19,9.40"
629,2026-07-27T13:54:51.543,25.148405,0.312600,-0.0200,0.9600,0.2000,3.5400,-18.3700,8.8500,0.980816,20.695676,"-0.02,0.96,0.20,3.54,-18.37,8.85"
630,2026-07-27T13:54:51.602,25.207732,59.327000,0.0800,0.9700,0.1800,1.8300,8.3600,10.1300,0.989798,13.261048,"0.08,0.97,0.18,1.83,8.36,10.13"
631,2026-07-27T13:54:51.663,25.268395,60.662800,0.1000,1.0000,0.0700,-6.0400,-9.2200,8.2400,1.007422,13.761817,"0.10,1.00,0.07,-6.04,-9.22,8.24"
632,2026-07-27T13:54:51.663,25.268799,0.403900,0.0200,0.9900,0.0600,-10.7400,-39.7900,7.6300,0.992018,41.914301,"0.02,0.99,0.06,-10.74,-39.79,7.63"
633,2026-07-27T13:54:51.723,25.328266,59.467500,-0.1000,0.9400,0.1600,-8.9100,-54.5000,6.7100,0.958749,55.629688,"-0.10,0.94,0.16,-8.91,-54.50,6.71"
634,2026-07-27T13:54:51.782,25.388033,59.767000,-0.2000,0.9400,0.2300,-5.8000,-47.7300,0.0000,0.988180,48.081108,"-0.20,0.94,0.23,-5.80,-47.73,0.00"
635,2026-07-27T13:54:51.842,25.447408,59.374900,-0.2500,0.9900,0.1900,-4.5800,-25.7600,-10.2500,1.038605,28.100116,"-0.25,0.99,0.19,-4.58,-25.76,-10.25"
636,2026-07-27T13:54:51.842,25.447811,0.402800,-0.1000,1.0500,0.0500,-4.5200,-8.6700,-19.9600,1.055936,22.226131,"-0.10,1.05,0.05,-4.52,-8.67,-19.96"
637,2026-07-27T13:54:51.903,25.508176,60.365000,0.1400,1.0300,0.0200,3.3000,-11.0500,-23.3200,1.039663,26.015666,"0.14,1.03,0.02,3.30,-11.05,-23.32"
638,2026-07-27T13:54:51.903,25.508569,0.393300,0.1200,0.9500,0.1200,20.6300,-15.7500,-19.1700,0.965039,32.266830,"0.12,0.95,0.12,20.63,-15.75,-19.17"
639,2026-07-27T13:54:52.022,25.627297,118.727600,-0.0600,0.9700,0.2100,33.3900,-14.7700,-14.5300,0.994284,39.295876,"-0.06,0.97,0.21,33.39,-14.77,-14.53"
640,2026-07-27T13:54:52.022,25.627813,0.516300,-0.2000,1.0100,0.2400,33.0200,-34.1200,-14.8900,1.057213,49.761500,"-0.20,1.01,0.24,33.02,-34.12,-14.89"
641,2026-07-27T13:54:52.023,25.628526,0.712800,-0.2300,0.9900,0.1300,17.1500,-69.8200,-23.9900,1.024646,75.792315,"-0.23,0.99,0.13,17.15,-69.82,-23.99"
642,2026-07-27T13:54:52.083,25.688462,59.936200,-0.1800,0.9800,0.0200,-6.2300,-87.3400,-37.3500,0.996594,95.195121,"-0.18,0.98,0.02,-6.23,-87.34,-37.35"
643,2026-07-27T13:54:52.142,25.748105,59.643100,-0.1100,0.9900,0.0000,-19.1000,-92.9600,-44.5600,0.996092,104.842573,"-0.11,0.99,0.00,-19.10,-92.96,-44.56"
644,2026-07-27T13:54:52.143,25.748510,0.404800,-0.1100,0.9800,0.0400,-15.2600,-93.0200,-43.1500,0.986965,103.670201,"-0.11,0.98,0.04,-15.26,-93.02,-43.15"
645,2026-07-27T13:54:52.203,25.808305,59.795300,-0.1900,0.9500,0.1100,-2.8700,-72.8800,-33.8100,0.975038,80.391837,"-0.19,0.95,0.11,-2.87,-72.88,-33.81"
646,2026-07-27T13:54:52.264,25.869316,61.010700,-0.2500,0.9300,0.1300,2.3200,-38.0900,-18.9800,0.971751,42.620076,"-0.25,0.93,0.13,2.32,-38.09,-18.98"
647,2026-07-27T13:54:52.264,25.869659,0.342600,-0.2400,0.9300,0.1000,-2.7500,-4.5800,-4.7600,0.965660,7.155173,"-0.24,0.93,0.10,-2.75,-4.58,-4.76"
648,2026-07-27T13:54:52.323,25.928538,58.879400,-0.2000,0.9600,0.0300,-9.2200,19.2900,4.4600,0.981071,21.840424,"-0.20,0.96,0.03,-9.22,19.29,4.46"
649,2026-07-27T13:54:52.382,25.987980,59.441900,-0.1700,0.9900,-0.0200,-12.5700,34.7900,9.2200,1.004689,38.122925,"-0.17,0.99,-0.02,-12.57,34.79,9.22"
650,2026-07-27T13:54:52.383,25.988480,0.499800,-0.1300,0.9900,-0.0100,-11.2900,42.3000,11.0500,0.998549,45.153700,"-0.13,0.99,-0.01,-11.29,42.30,11.05"
651,2026-07-27T13:54:52.442,26.048083,59.602900,-0.1300,0.9700,0.0700,-7.4500,37.4100,10.6800,0.981173,39.611526,"-0.13,0.97,0.07,-7.45,37.41,10.68"
652,2026-07-27T13:54:52.682,26.287288,239.205200,-0.1700,0.9500,0.1500,-3.6600,24.2300,10.8000,0.976678,26.779255,"-0.17,0.95,0.15,-3.66,24.23,10.80"
653,2026-07-27T13:54:52.683,26.288499,1.211500,-0.2100,0.9500,0.1600,-0.6700,15.7500,14.1600,0.986002,21.190021,"-0.21,0.95,0.16,-0.67,15.75,14.16"
654,2026-07-27T13:54:52.683,26.288795,0.295700,-0.2800,0.9500,0.1400,0.7900,17.0900,21.1800,1.000250,27.226542,"-0.28,0.95,0.14,0.79,17.09,21.18"
655,2026-07-27T13:54:52.684,26.289809,1.013600,-0.3400,0.9500,0.1400,-0.6100,31.7400,28.5000,1.018676,42.662041,"-0.34,0.95,0.14,-0.61,31.74,28.50"
656,2026-07-27T13:54:52.685,26.290230,0.421400,-0.3300,0.9400,0.1900,-3.4800,93.6300,25.2100,1.014199,97.026962,"-0.33,0.94,0.19,-3.48,93.63,25.21"
657,2026-07-27T13:54:52.685,26.290643,0.413300,-0.3000,0.9400,0.2400,-2.6900,122.8000,16.9100,1.015480,123.988000,"-0.30,0.94,0.24,-2.69,122.80,16.91"
658,2026-07-27T13:54:52.742,26.347858,57.215200,-0.2000,0.9600,0.2500,-0.6700,134.2200,11.2900,1.011978,134.695662,"-0.20,0.96,0.25,-0.67,134.22,11.29"
659,2026-07-27T13:54:52.742,26.348083,0.224900,-0.0500,1.0000,0.2300,0.8500,123.5400,14.6500,1.027327,124.408507,"-0.05,1.00,0.23,0.85,123.54,14.65"
660,2026-07-27T13:54:52.802,26.407828,59.744800,-0.0400,1.0000,0.2200,0.7900,104.3100,19.2300,1.024695,106.070699,"-0.04,1.00,0.22,0.79,104.31,19.23"
661,2026-07-27T13:54:52.862,26.467922,60.093900,-0.0900,0.9900,0.1900,0.6700,84.4100,14.1600,1.012077,85.592071,"-0.09,0.99,0.19,0.67,84.41,14.16"
662,2026-07-27T13:54:52.863,26.468641,0.719400,-0.0400,1.0000,0.1500,1.2800,61.5200,3.8500,1.011978,61.653640,"-0.04,1.00,0.15,1.28,61.52,3.85"
663,2026-07-27T13:54:52.983,26.588839,120.197900,0.0200,1.0100,0.1100,3.6600,43.9500,-1.7100,1.016169,44.135272,"0.02,1.01,0.11,3.66,43.95,-1.71"
664,2026-07-27T13:54:52.984,26.589688,0.848700,0.0500,1.0200,0.0700,6.9000,36.3800,-0.4300,1.023621,37.031059,"0.05,1.02,0.07,6.90,36.38,-0.43"
665,2026-07-27T13:54:52.985,26.590287,0.599400,0.0400,1.0200,0.0300,8.6100,32.0400,2.5000,1.021225,33.270763,"0.04,1.02,0.03,8.61,32.04,2.50"
666,2026-07-27T13:54:53.042,26.647951,57.663900,0.0100,1.0000,-0.0800,8.9100,26.6100,3.0500,1.003245,28.227340,"0.01,1.00,-0.08,8.91,26.61,3.05"
667,2026-07-27T13:54:53.162,26.767748,119.796500,-0.0000,0.9800,-0.0700,9.0300,21.3000,2.5000,0.982497,23.269742,"-0.00,0.98,-0.07,9.03,21.30,2.50"
668,2026-07-27T13:54:53.282,26.887521,119.772700,-0.0200,0.9600,-0.0500,7.8700,19.0400,2.8100,0.961509,20.793138,"-0.02,0.96,-0.05,7.87,19.04,2.81"
669,2026-07-27T13:54:53.343,26.949032,61.511900,-0.0200,0.9500,-0.0700,7.8700,19.0400,2.8100,0.952785,20.793138,"-0.02,0.95,-0.07,7.87,19.04,2.81"
670,2026-07-27T13:54:53.344,26.950081,1.048500,-0.0100,0.9500,-0.1500,-0.7300,-4.5200,-0.0600,0.961821,4.578963,"-0.01,0.95,-0.15,-0.73,-4.52,-0.06"
671,2026-07-27T13:54:53.345,26.950745,0.663600,-0.0500,0.9800,-0.1800,-2.9900,-35.2800,0.4300,0.997647,35.409086,"-0.05,0.98,-0.18,-2.99,-35.28,0.43"
672,2026-07-27T13:54:53.346,26.951354,0.609800,-0.0800,1.0100,-0.0600,-2.0100,-59.6300,4.9400,1.014938,59.868027,"-0.08,1.01,-0.06,-2.01,-59.63,4.94"
673,2026-07-27T13:54:53.346,26.951614,0.259300,-0.0300,1.0100,0.1200,4.4600,-66.3500,12.5700,1.017546,67.677315,"-0.03,1.01,0.12,4.46,-66.35,12.57"
674,2026-07-27T13:54:53.347,26.952369,0.755500,0.1000,1.0000,0.2000,9.0300,-72.3900,19.8400,1.024695,75.600784,"0.10,1.00,0.20,9.03,-72.39,19.84"
675,2026-07-27T13:54:53.402,27.008004,55.634700,0.1900,0.9900,0.1900,6.7700,-79.0400,21.3000,1.025817,82.139178,"0.19,0.99,0.19,6.77,-79.04,21.30"
676,2026-07-27T13:54:53.463,27.068954,60.950400,0.1300,1.0200,0.1400,-0.8500,-80.5700,16.4800,1.037738,82.242555,"0.13,1.02,0.14,-0.85,-80.57,16.48"
677,2026-07-27T13:54:53.464,27.069952,0.997400,-0.0000,1.0500,0.1300,-8.1800,-103.7600,5.4900,1.058017,104.226629,"-0.00,1.05,0.13,-8.18,-103.76,5.49"
678,2026-07-27T13:54:53.523,27.128627,58.675200,-0.1300,0.9800,0.1800,-2.0100,-137.8800,-7.4500,1.004838,138.095753,"-0.13,0.98,0.18,-2.01,-137.88,-7.45"
679,2026-07-27T13:54:53.582,27.188100,59.472900,-0.2700,0.9200,0.2300,11.7800,-136.3500,-16.4200,0.986002,137.839426,"-0.27,0.92,0.23,11.78,-136.35,-16.42"
680,2026-07-27T13:54:53.583,27.188709,0.609400,-0.3100,0.9400,0.1700,11.6600,-127.3800,-22.2200,1.004291,129.828149,"-0.31,0.94,0.17,11.66,-127.38,-22.22"
681,2026-07-27T13:54:53.642,27.247822,59.113100,-0.2000,1.0000,0.0200,1.7100,-153.2000,-24.9600,1.020000,155.229397,"-0.20,1.00,0.02,1.71,-153.20,-24.96"
682,2026-07-27T13:54:53.703,27.308348,60.525400,-0.1000,1.0300,0.0100,2.1400,-162.9600,-22.0900,1.034891,164.464310,"-0.10,1.03,0.01,2.14,-162.96,-22.09"
683,2026-07-27T13:54:53.703,27.309074,0.726300,-0.1300,1.0100,0.1700,12.2100,-109.6800,-12.0800,1.032424,111.016724,"-0.13,1.01,0.17,12.21,-109.68,-12.08"
684,2026-07-27T13:54:53.762,27.368003,58.928800,-0.2400,0.9700,0.1600,7.2000,-34.7900,-0.1800,1.011978,35.527686,"-0.24,0.97,0.16,7.20,-34.79,-0.18"
685,2026-07-27T13:54:53.823,27.428464,60.461400,-0.2700,0.9600,0.0200,-16.3600,-2.0100,-1.8300,0.997447,16.584288,"-0.27,0.96,0.02,-16.36,-2.01,-1.83"
686,2026-07-27T13:54:53.823,27.428805,0.341100,-0.1400,0.9800,-0.0100,-31.1900,-27.8300,-23.5000,0.990000,47.953884,"-0.14,0.98,-0.01,-31.19,-27.83,-23.50"
687,2026-07-27T13:54:53.883,27.488175,59.369600,0.0600,0.9900,0.0300,-28.3800,-73.6700,-46.5100,0.992270,91.628999,"0.06,0.99,0.03,-28.38,-73.67,-46.51"
688,2026-07-27T13:54:53.942,27.547965,59.790500,0.0600,0.9700,0.1300,-13.3700,-94.0600,-41.6300,0.980510,103.726069,"0.06,0.97,0.13,-13.37,-94.06,-41.63"
689,2026-07-27T13:54:54.002,27.607651,59.685400,-0.0700,0.9700,0.1700,5.4900,-85.8200,-14.2200,0.987269,87.163185,"-0.07,0.97,0.17,5.49,-85.82,-14.22"
690,2026-07-27T13:54:54.003,27.608307,0.656300,-0.1700,0.9600,0.1400,12.2700,-61.8300,6.4100,0.984937,63.360792,"-0.17,0.96,0.14,12.27,-61.83,6.41"
691,2026-07-27T13:54:54.062,27.667929,59.622100,-0.2400,0.9400,0.1000,9.0900,-25.2100,15.2000,0.975295,30.809288,"-0.24,0.94,0.10,9.09,-25.21,15.20"
692,2026-07-27T13:54:54.063,27.668223,0.293900,-0.2900,0.9600,0.0700,5.9200,18.6800,20.5100,1.005286,28.366334,"-0.29,0.96,0.07,5.92,18.68,20.51"
693,2026-07-27T13:54:54.122,27.727759,59.535700,-0.3100,0.9700,0.0900,4.3300,60.2400,26.3100,1.022301,65.877330,"-0.31,0.97,0.09,4.33,60.24,26.31"
694,2026-07-27T13:54:54.184,27.789265,61.506300,-0.3200,0.9600,0.1300,2.2600,98.2700,31.8000,1.020245,103.311860,"-0.32,0.96,0.13,2.26,98.27,31.80"
695,2026-07-27T13:54:54.184,27.789891,0.626300,-0.2800,0.9500,0.1600,-0.9800,136.8400,33.5100,1.003245,140.886714,"-0.28,0.95,0.16,-0.98,136.84,33.51"
696,2026-07-27T13:54:54.243,27.848191,58.300100,-0.1900,0.9700,0.1600,-2.5000,164.2500,31.9200,1.001299,167.341564,"-0.19,0.97,0.16,-2.50,164.25,31.92"
697,2026-07-27T13:54:54.302,27.907839,59.648000,-0.1200,1.0000,0.1700,-1.7700,170.9600,29.8500,1.021421,173.555400,"-0.12,1.00,0.17,-1.77,170.96,29.85"
698,2026-07-27T13:54:54.303,27.908372,0.532300,-0.0700,1.0100,0.1800,1.4000,166.0800,27.9500,1.028300,168.421284,"-0.07,1.01,0.18,1.40,166.08,27.95"
699,2026-07-27T13:54:54.362,27.967812,59.440200,-0.0900,1.0000,0.2200,6.5300,167.7200,28.6300,1.027862,170.271302,"-0.09,1.00,0.22,6.53,167.72,28.63"
700,2026-07-27T13:54:54.422,28.027902,60.089700,-0.2000,0.9800,0.3100,11.9000,179.1400,30.5200,1.047139,182.110461,"-0.20,0.98,0.31,11.90,179.14,30.52"
701,2026-07-27T13:54:54.423,28.028327,0.424900,-0.3100,0.9700,0.4100,16.6600,205.0800,30.6400,1.097770,208.024450,"-0.31,0.97,0.41,16.66,205.08,30.64"
702,2026-07-27T13:54:54.482,28.087854,59.527200,-0.2900,0.9700,0.5000,18.6800,249.3900,27.7100,1.129159,251.619074,"-0.29,0.97,0.50,18.68,249.39,27.71"
703,2026-07-27T13:54:54.542,28.148016,60.162600,-0.0700,0.9800,0.5000,21.0600,285.8300,22.2200,1.102406,287.464852,"-0.07,0.98,0.50,21.06,285.83,22.22"
704,2026-07-27T13:54:54.543,28.148366,0.350100,0.1600,0.9700,0.4000,28.0200,284.4800,19.9000,1.061367,286.548427,"0.16,0.97,0.40,28.02,284.48,19.90"
705,2026-07-27T13:54:54.602,28.208012,59.646000,0.1800,0.9400,0.3300,37.3500,251.2800,24.8400,1.012373,255.252202,"0.18,0.94,0.33,37.35,251.28,24.84"
706,2026-07-27T13:54:54.782,28.387609,179.596100,0.0600,0.9800,0.3100,43.1500,218.0800,31.4300,1.029612,224.518716,"0.06,0.98,0.31,43.15,218.08,31.43"
707,2026-07-27T13:54:54.783,28.388295,0.686600,-0.0500,1.0400,0.2500,42.1100,189.8800,32.4700,1.070794,197.185109,"-0.05,1.04,0.25,42.11,189.88,32.47"
708,2026-07-27T13:54:54.783,28.388765,0.469500,-0.1300,1.0500,0.1100,42.6600,161.3800,30.1500,1.063720,169.624298,"-0.13,1.05,0.11,42.66,161.38,30.15"
709,2026-07-27T13:54:54.783,28.388995,0.230600,-0.1000,1.0700,-0.0200,55.3600,153.3800,28.0200,1.074849,165.454750,"-0.10,1.07,-0.02,55.36,153.38,28.02"
710,2026-07-27T13:54:54.784,28.389845,0.849900,0.0700,1.1600,0.0100,78.4900,176.0900,16.3600,1.162153,193.483895,"0.07,1.16,0.01,78.49,176.09,16.36"
711,2026-07-27T13:54:54.962,28.568109,178.263900,0.5200,1.1800,0.0900,94.8500,195.5600,-1.7100,1.292633,217.354918,"0.52,1.18,0.09,94.85,195.56,-1.71"
712,2026-07-27T13:54:54.964,28.569270,1.161000,0.6200,0.9800,-0.0100,83.9800,161.9900,-8.3600,1.159698,182.656207,"0.62,0.98,-0.01,83.98,161.99,-8.36"
713,2026-07-27T13:54:54.965,28.570389,1.119200,0.0900,0.7400,-0.1600,47.7300,98.1400,-14.0400,0.762430,110.030605,"0.09,0.74,-0.16,47.73,98.14,-14.04"
714,2026-07-27T13:54:54.966,28.571300,0.910400,-0.2600,0.7300,-0.1700,16.8500,80.0800,-34.5500,0.793347,88.828100,"-0.26,0.73,-0.17,16.85,80.08,-34.55"
715,2026-07-27T13:54:55.022,28.627646,56.346600,-0.0300,0.9100,-0.0900,7.3200,78.0000,-57.9200,0.914932,97.428480,"-0.03,0.91,-0.09,7.32,78.00,-57.92"
716,2026-07-27T13:54:55.025,28.630424,2.777500,0.2900,1.0400,-0.0600,-2.9900,36.1900,-73.7300,1.081342,82.187402,"0.29,1.04,-0.06,-2.99,36.19,-73.73"
717,2026-07-27T13:54:55.142,28.747514,117.090300,0.1500,1.0900,-0.0900,-11.0500,14.5300,-79.6500,1.103947,81.715029,"0.15,1.09,-0.09,-11.05,14.53,-79.65"
718,2026-07-27T13:54:55.143,28.748612,1.097800,-0.0900,1.1600,-0.0900,0.2400,32.9000,-78.4300,1.166962,85.051352,"-0.09,1.16,-0.09,0.24,32.90,-78.43"
719,2026-07-27T13:54:55.144,28.749227,0.615600,-0.1000,1.2000,-0.0300,20.1400,65.2500,-79.8300,1.204533,105.052420,"-0.10,1.20,-0.03,20.14,65.25,-79.83"
720,2026-07-27T13:54:55.202,28.808015,58.787600,-0.0400,1.1700,0.0500,35.1000,115.0500,-84.5900,1.171751,147.050946,"-0.04,1.17,0.05,35.10,115.05,-84.59"
721,2026-07-27T13:54:55.263,28.868509,60.493900,0.0000,1.0900,0.0700,37.4100,167.6000,-88.7500,1.092245,193.302433,"0.00,1.09,0.07,37.41,167.60,-88.75"
722,2026-07-27T13:54:55.263,28.869126,0.617300,0.0700,1.0000,-0.0000,29.5400,203.8000,-90.9400,1.002447,225.115826,"0.07,1.00,-0.00,29.54,203.80,-90.94"
723,2026-07-27T13:54:55.382,28.987537,118.410800,0.1500,0.9200,-0.1700,21.1800,207.0900,-89.1700,0.947523,226.464455,"0.15,0.92,-0.17,21.18,207.09,-89.17"
724,2026-07-27T13:54:55.382,28.987844,0.307200,0.1300,0.8800,-0.3600,21.4800,176.8800,-80.8700,0.959635,195.672895,"0.13,0.88,-0.36,21.48,176.88,-80.87"
725,2026-07-27T13:54:55.383,28.988768,0.923500,-0.0200,0.8600,-0.4600,31.5600,132.3900,-71.0400,0.975500,153.524680,"-0.02,0.86,-0.46,31.56,132.39,-71.04"
726,2026-07-27T13:54:55.502,29.107669,118.900800,-0.2000,0.8200,-0.4300,43.3300,102.2300,-68.1800,0.947259,130.295718,"-0.20,0.82,-0.43,43.33,102.23,-68.18"
727,2026-07-27T13:54:55.502,29.108161,0.492600,-0.2500,0.7000,-0.3300,43.5800,95.9500,-71.3500,0.813265,127.265240,"-0.25,0.70,-0.33,43.58,95.95,-71.35"
728,2026-07-27T13:54:55.503,29.108663,0.501500,-0.1900,0.6000,-0.2600,26.7300,95.0900,-70.8000,0.680955,121.528766,"-0.19,0.60,-0.26,26.73,95.09,-70.80"
729,2026-07-27T13:54:55.562,29.168157,59.493900,-0.1400,0.6000,-0.2700,-4.0300,88.7500,-60.9100,0.672681,107.716440,"-0.14,0.60,-0.27,-4.03,88.75,-60.91"
730,2026-07-27T13:54:55.623,29.228568,60.411300,-0.1200,0.6600,-0.3100,-115.4200,62.8100,-13.7300,0.738986,132.118831,"-0.12,0.66,-0.31,-115.42,62.81,-13.73"
731,2026-07-27T13:54:55.624,29.229876,1.307700,-0.1100,0.7700,-0.3100,-186.0400,25.1500,18.9200,0.837317,188.683254,"-0.11,0.77,-0.31,-186.04,25.15,18.92"
732,2026-07-27T13:54:55.683,29.288601,58.725300,-0.1800,1.3900,-0.4000,-194.1500,1.2200,39.9200,1.457566,198.215331,"-0.18,1.39,-0.40,-194.15,1.22,39.92"
733,2026-07-27T13:54:55.746,29.351689,63.087900,-0.2400,2.0200,-0.5600,-106.0800,22.0900,22.7700,2.109882,110.722208,"-0.24,2.02,-0.56,-106.08,22.09,22.77"
734,2026-07-27T13:54:55.747,29.352491,0.802200,0.2900,1.3600,-0.5100,-13.3100,-8.8500,14.0400,1.481148,21.274402,"0.29,1.36,-0.51,-13.31,-8.85,14.04"
735,2026-07-27T13:54:55.803,29.408205,55.714000,0.9300,0.5200,-0.0700,8.1800,-88.1300,64.0300,1.067801,109.241248,"0.93,0.52,-0.07,8.18,-88.13,64.03"
736,2026-07-27T13:54:55.863,29.469105,60.900000,0.5600,0.7300,0.5300,-37.9600,-92.6500,103.2100,1.061791,143.795995,"0.56,0.73,0.53,-37.96,-92.65,103.21"
737,2026-07-27T13:54:55.864,29.469892,0.786600,-0.3000,1.1100,0.6800,-86.3000,-46.9400,78.5500,1.335852,125.782177,"-0.30,1.11,0.68,-86.30,-46.94,78.55"
738,2026-07-27T13:54:55.923,29.528188,58.296100,-0.5000,1.0900,0.1800,-81.1200,-2.1400,30.7000,1.212642,86.761305,"-0.50,1.09,0.18,-81.12,-2.14,30.70"
739,2026-07-27T13:54:55.983,29.589042,60.854700,0.1000,0.9500,-0.0700,-44.6800,26.9800,1.4600,0.957810,52.214504,"0.10,0.95,-0.07,-44.68,26.98,1.46"
740,2026-07-27T13:54:56.043,29.648285,59.242900,0.2100,0.9200,0.1600,-21.7300,-18.4300,-8.1800,0.957131,29.644058,"0.21,0.92,0.16,-21.73,-18.43,-8.18"
741,2026-07-27T13:54:56.044,29.649236,0.951100,0.1300,0.9200,0.3000,-26.3700,-99.9800,-1.0400,0.976371,103.404347,"0.13,0.92,0.30,-26.37,-99.98,-1.04"
742,2026-07-27T13:54:56.164,29.769658,120.421200,-0.0100,0.9500,0.2400,-39.4900,-131.2300,18.9800,0.979898,138.351051,"-0.01,0.95,0.24,-39.49,-131.23,18.98"
743,2026-07-27T13:54:56.166,29.771399,1.741700,-0.1100,1.0100,0.0700,-37.7200,-104.5500,38.7000,1.018381,117.691082,"-0.11,1.01,0.07,-37.72,-104.55,38.70"
744,2026-07-27T13:54:56.167,29.772566,1.166600,-0.2000,1.0800,0.0000,-16.6000,-47.5500,47.3000,1.098362,69.093071,"-0.20,1.08,0.00,-16.60,-47.55,47.30"
745,2026-07-27T13:54:56.222,29.828109,55.542700,-0.2500,1.1100,-0.0200,7.9300,-11.3500,35.9500,1.137981,38.524147,"-0.25,1.11,-0.02,7.93,-11.35,35.95"
746,2026-07-27T13:54:56.282,29.888044,59.935500,-0.3500,1.2100,-0.0100,29.7200,-4.3900,5.7400,1.259643,30.585913,"-0.35,1.21,-0.01,29.72,-4.39,5.74"
747,2026-07-27T13:54:56.283,29.888301,0.256800,-0.3900,1.2800,-0.0600,56.8200,10.0700,-32.1000,1.339440,66.032774,"-0.39,1.28,-0.06,56.82,10.07,-32.10"
748,2026-07-27T13:54:56.342,29.948061,59.760100,-0.0900,1.3300,-0.0300,95.0900,64.6400,-68.4800,1.333379,133.828054,"-0.09,1.33,-0.03,95.09,64.64,-68.48"
749,2026-07-27T13:54:56.402,30.008092,60.031200,0.3600,1.2600,0.1200,124.2700,75.9300,-80.7500,1.315903,166.520150,"0.36,1.26,0.12,124.27,75.93,-80.75"
750,2026-07-27T13:54:56.403,30.008703,0.610400,0.7200,0.9700,0.1400,97.9000,-36.8700,-81.9700,1.216100,132.901798,"0.72,0.97,0.14,97.90,-36.87,-81.97"
751,2026-07-27T13:54:56.462,30.068134,59.431500,0.2100,0.8800,0.0900,26.5500,-134.4600,-97.9000,0.909175,168.430413,"0.21,0.88,0.09,26.55,-134.46,-97.90"
752,2026-07-27T13:54:56.582,30.187699,119.564600,-0.5700,1.0200,0.0800,-30.4600,-112.6100,-90.1500,1.171196,147.430818,"-0.57,1.02,0.08,-30.46,-112.61,-90.15"
753,2026-07-27T13:54:56.583,30.188179,0.480400,-0.3100,1.0300,0.0900,-28.1400,-0.9800,-61.8300,1.079398,67.939450,"-0.31,1.03,0.09,-28.14,-0.98,-61.83"
754,2026-07-27T13:54:56.583,30.188663,0.484400,0.2300,0.8700,0.0900,10.3100,119.6300,-54.2600,0.904378,131.764110,"0.23,0.87,0.09,10.31,119.63,-54.26"
755,2026-07-27T13:54:56.584,30.189338,0.674400,0.5000,0.6400,0.0500,22.0300,158.7500,-47.8500,0.813695,167.261789,"0.50,0.64,0.05,22.03,158.75,-47.85"
756,2026-07-27T13:54:56.642,30.248017,58.678900,0.3900,0.5200,-0.1500,-13.1200,122.7400,-14.3400,0.667083,124.269375,"0.39,0.52,-0.15,-13.12,122.74,-14.34"
757,2026-07-27T13:54:56.702,30.307930,59.913200,0.0000,0.6800,-0.3700,-57.9800,77.5800,33.9400,0.774145,102.626802,"0.00,0.68,-0.37,-57.98,77.58,33.94"
758,2026-07-27T13:54:56.763,30.368533,60.602600,-0.4800,1.0200,-0.4200,-64.8800,64.0900,60.7900,1.202996,109.600943,"-0.48,1.02,-0.42,-64.88,64.09,60.79"
759,2026-07-27T13:54:56.763,30.369142,0.609900,-0.8200,1.2000,-0.2200,-45.8400,39.3100,37.9000,1.469966,71.295103,"-0.82,1.20,-0.22,-45.84,39.31,37.90"
760,2026-07-27T13:54:56.822,30.428083,58.940100,-0.6500,1.2700,0.0600,-29.4200,0.9800,-2.6200,1.427936,29.552685,"-0.65,1.27,0.06,-29.42,0.98,-2.62"
761,2026-07-27T13:54:56.883,30.488510,60.427500,0.0100,1.5600,0.2000,-36.5000,-8.0000,0.4300,1.572800,37.368903,"0.01,1.56,0.20,-36.50,-8.00,0.43"
762,2026-07-27T13:54:56.883,30.488875,0.364700,0.6500,1.2600,0.1100,-50.0500,30.6400,31.9200,1.422041,66.803432,"0.65,1.26,0.11,-50.05,30.64,31.92"
763,2026-07-27T13:54:56.943,30.548320,59.445300,0.8600,0.6300,-0.0500,-48.7100,63.7800,56.5200,1.067239,98.158356,"0.86,0.63,-0.05,-48.71,63.78,56.52"
764,2026-07-27T13:54:57.002,30.607934,59.613900,0.2300,0.7800,0.1700,-30.8200,62.5000,76.5400,0.830783,103.510840,"0.23,0.78,0.17,-30.82,62.50,76.54"
765,2026-07-27T13:54:57.003,30.608470,0.536200,-0.3300,1.0900,0.4600,-1.7100,100.8300,65.3700,1.228251,120.178409,"-0.33,1.09,0.46,-1.71,100.83,65.37"
766,2026-07-27T13:54:57.063,30.668668,60.197500,0.1100,1.0400,0.3400,10.8000,99.1200,3.2300,1.099682,99.758946,"0.11,1.04,0.34,10.80,99.12,3.23"
767,2026-07-27T13:54:57.123,30.728264,59.596200,0.4600,0.9200,0.1400,-8.3600,-8.7300,-43.3300,1.038075,44.984346,"0.46,0.92,0.14,-8.36,-8.73,-43.33"
768,2026-07-27T13:54:57.123,30.728900,0.636300,0.3000,0.9200,0.0800,-32.2900,-94.4200,-24.2900,0.970979,102.702408,"0.30,0.92,0.08,-32.29,-94.42,-24.29"
769,2026-07-27T13:54:57.183,30.788675,59.775100,0.0700,0.9100,0.1000,-31.9800,-108.2200,16.3000,0.918150,114.017450,"0.07,0.91,0.10,-31.98,-108.22,16.30"
770,2026-07-27T13:54:57.242,30.848007,59.331700,-0.0800,0.8800,0.1500,-22.0900,-93.9900,36.6200,0.896270,103.262348,"-0.08,0.88,0.15,-22.09,-93.99,36.62"
771,2026-07-27T13:54:57.243,30.848640,0.633200,-0.1000,0.8900,0.1500,-17.2100,-75.8100,41.4400,0.908075,88.094346,"-0.10,0.89,0.15,-17.21,-75.81,41.44"
772,2026-07-27T13:54:57.303,30.908337,59.696800,-0.1500,0.9700,0.1000,-7.5700,-53.1000,43.5200,0.986610,69.071740,"-0.15,0.97,0.10,-7.57,-53.10,43.52"
773,2026-07-27T13:54:57.362,30.968158,59.821400,-0.2800,1.0700,0.0500,7.6900,-19.9000,42.7900,1.107159,47.813494,"-0.28,1.07,0.05,7.69,-19.90,42.79"
774,2026-07-27T13:54:57.363,30.968590,0.431300,-0.3100,1.1600,-0.0700,10.6200,7.8700,34.1200,1.202747,36.590924,"-0.31,1.16,-0.07,10.62,7.87,34.12"
775,2026-07-27T13:54:57.422,31.028006,59.416200,-0.2800,1.2100,-0.2200,8.3600,12.2100,15.5600,1.261309,21.472943,"-0.28,1.21,-0.22,8.36,12.21,15.56"
776,2026-07-27T13:54:57.485,31.090244,62.238600,-0.2500,1.1600,-0.3100,34.3600,6.2900,-14.4700,1.226458,37.809451,"-0.25,1.16,-0.31,34.36,6.29,-14.47"
777,2026-07-27T13:54:57.485,31.090362,0.117600,-0.0400,1.2400,-0.1500,97.6000,15.7500,-59.3900,1.249680,115.329938,"-0.04,1.24,-0.15,97.60,15.75,-59.39"
778,2026-07-27T13:54:57.542,31.148105,57.742900,0.2500,1.4000,0.1900,148.9900,4.3900,-95.0900,1.434782,176.803281,"0.25,1.40,0.19,148.99,4.39,-95.09"
779,2026-07-27T13:54:57.603,31.208374,60.268900,0.1700,1.2900,0.2800,121.5800,-90.3300,-100.5200,1.330940,181.784146,"0.17,1.29,0.28,121.58,-90.33,-100.52"
780,2026-07-27T13:54:57.604,31.209361,0.987200,-0.2200,1.0800,0.1400,37.5400,-169.8600,-99.3000,1.111036,200.305170,"-0.22,1.08,0.14,37.54,-169.86,-99.30"
781,2026-07-27T13:54:57.663,31.268269,58.908200,-0.3200,0.9800,0.0800,-17.4600,-100.7700,-102.6000,1.034021,144.866161,"-0.32,0.98,0.08,-17.46,-100.77,-102.60"
782,2026-07-27T13:54:57.784,31.389732,121.463100,-0.0500,0.9100,0.0800,-14.5300,56.7000,-98.6300,0.914877,114.690400,"-0.05,0.91,0.08,-14.53,56.70,-98.63"
783,2026-07-27T13:54:57.785,31.390351,0.618100,0.2600,0.7500,0.0800,10.9300,170.4700,-88.0700,0.797810,192.186916,"0.26,0.75,0.08,10.93,170.47,-88.07"
784,2026-07-27T13:54:57.842,31.448009,57.658700,0.4000,0.5500,0.0200,14.6500,187.5000,-66.2800,0.680368,199.408904,"0.40,0.55,0.02,14.65,187.50,-66.28"
785,2026-07-27T13:54:57.843,31.448632,0.622500,0.2500,0.5200,-0.1600,-20.7500,137.3900,-23.5000,0.598749,140.921342,"0.25,0.52,-0.16,-20.75,137.39,-23.50"
786,2026-07-27T13:54:57.844,31.449598,0.966300,-0.0700,0.7500,-0.4000,-65.6700,83.6200,26.9800,0.852877,109.694000,"-0.07,0.75,-0.40,-65.67,83.62,26.98"
787,2026-07-27T13:54:57.903,31.508552,58.954100,-0.2400,1.0500,-0.5100,-74.7100,69.6400,58.5300,1.191721,117.716076,"-0.24,1.05,-0.51,-74.71,69.64,58.53"
788,2026-07-27T13:54:57.963,31.569069,60.516600,-0.3700,1.1600,-0.4200,-56.2100,65.8600,50.4800,1.287983,100.226414,"-0.37,1.16,-0.42,-56.21,65.86,50.48"
789,2026-07-27T13:54:57.965,31.570353,1.284600,-0.5900,1.0200,-0.2500,-44.7400,18.9200,15.3800,1.204575,50.952707,"-0.59,1.02,-0.25,-44.74,18.92,15.38"
790,2026-07-27T13:54:58.022,31.627718,57.364700,-0.7200,1.2100,0.1200,-56.4600,-45.6500,5.5500,1.413117,72.817969,"-0.72,1.21,0.12,-56.46,-45.65,5.55"
791,2026-07-27T13:54:58.083,31.688191,60.472600,-0.3400,1.4100,0.3800,-80.1400,-32.5300,28.0800,1.499367,90.934630,"-0.34,1.41,0.38,-80.14,-32.53,28.08"
792,2026-07-27T13:54:58.083,31.688824,0.633900,0.6000,1.0000,-0.0200,-78.8600,54.5000,44.5600,1.166362,105.710658,"0.60,1.00,-0.02,-78.86,54.50,44.56"
793,2026-07-27T13:54:58.142,31.748027,59.202200,0.9200,0.8500,-0.1000,-52.8000,76.9700,57.1300,1.256543,109.435176,"0.92,0.85,-0.10,-52.80,76.97,57.13"
794,2026-07-27T13:54:58.202,31.808051,60.024500,-0.1000,1.0100,0.3200,-11.2900,68.2400,73.4900,1.064190,100.920473,"-0.10,1.01,0.32,-11.29,68.24,73.49"
795,2026-07-27T13:54:58.203,31.808298,0.246900,-0.4000,1.0200,0.4200,32.5900,125.1200,49.7400,1.173371,138.532271,"-0.40,1.02,0.42,32.59,125.12,49.74"
796,2026-07-27T13:54:58.265,31.871143,62.844500,0.4100,0.9800,0.2500,5.8000,64.0900,-22.7700,1.091329,68.261563,"0.41,0.98,0.25,5.80,64.09,-22.77"
797,2026-07-27T13:54:58.322,31.927830,56.687700,0.4600,0.9600,0.0400,-52.0000,-79.1000,-53.9600,1.065270,108.960964,"0.46,0.96,0.04,-52.00,-79.10,-53.96"
798,2026-07-27T13:54:58.323,31.928634,0.803800,0.0900,0.9600,0.0400,-48.8300,-109.1300,-13.6100,0.965039,120.328542,"0.09,0.96,0.04,-48.83,-109.13,-13.61"
799,2026-07-27T13:54:58.442,32.047784,119.149700,-0.0700,0.8900,0.1200,-15.4400,-82.3400,28.8700,0.900777,88.610079,"-0.07,0.89,0.12,-15.44,-82.34,28.87"
800,2026-07-27T13:54:58.442,32.048159,0.374900,-0.1100,0.8300,0.1100,1.4000,-55.4200,41.4400,0.844452,69.214233,"-0.11,0.83,0.11,1.40,-55.42,41.44"
801,2026-07-27T13:54:58.443,32.048716,0.557400,-0.1300,0.8700,0.1000,-4.0900,-37.7800,40.3400,0.885325,55.419961,"-0.13,0.87,0.10,-4.09,-37.78,40.34"
802,2026-07-27T13:54:58.503,32.108191,59.475100,-0.1900,0.9900,0.0800,-9.7700,-34.9700,40.5300,1.011237,54.415390,"-0.19,0.99,0.08,-9.77,-34.97,40.53"
803,2026-07-27T13:54:58.562,32.167902,59.711300,-0.2600,1.0700,-0.0100,-4.3900,-63.9000,25.7600,1.101181,69.036655,"-0.26,1.07,-0.01,-4.39,-63.90,25.76"
804,2026-07-27T13:54:58.563,32.168269,0.366800,-0.3700,1.1100,-0.1600,10.9300,-49.3200,4.3300,1.180932,50.701836,"-0.37,1.11,-0.16,10.93,-49.32,4.33"
805,2026-07-27T13:54:58.622,32.228008,59.738500,-0.5000,1.1700,-0.3000,63.2900,-3.9700,-28.3800,1.307249,69.475243,"-0.50,1.17,-0.30,63.29,-3.97,-28.38"
806,2026-07-27T13:54:58.683,32.288217,60.208800,-0.4600,1.2300,-0.3700,135.5000,68.7300,-75.9300,1.364331,169.851193,"-0.46,1.23,-0.37,135.50,68.73,-75.93"
807,2026-07-27T13:54:58.683,32.288536,0.319700,-0.1400,1.4500,-0.1000,160.6400,65.6700,-105.7700,1.460171,203.236442,"-0.14,1.45,-0.10,160.64,65.67,-105.77"
808,2026-07-27T13:54:58.742,32.347884,59.347600,0.1100,1.5700,0.2800,97.3500,-67.6300,-101.9300,1.598562,156.334783,"0.11,1.57,0.28,97.35,-67.63,-101.93"
809,2026-07-27T13:54:58.802,32.407705,59.820800,-0.0800,1.3500,0.2900,12.8200,-110.5300,-99.3700,1.383112,149.183210,"-0.08,1.35,0.29,12.82,-110.53,-99.37"
810,2026-07-27T13:54:58.803,32.408571,0.866000,-0.3700,1.1100,0.1900,-4.5200,37.7800,-106.9300,1.185369,113.497946,"-0.37,1.11,0.19,-4.52,37.78,-106.93"
811,2026-07-27T13:54:58.862,32.467976,59.404900,-0.1800,0.9600,0.1600,26.6100,185.4200,-106.6300,0.989747,215.542630,"-0.18,0.96,0.16,26.61,185.42,-106.63"
812,2026-07-27T13:54:58.922,32.527833,59.857600,0.3800,0.6000,0.1800,39.8600,218.0800,-90.2700,0.732666,239.366620,"0.38,0.60,0.18,39.86,218.08,-90.27"
813,2026-07-27T13:54:58.923,32.528243,0.410200,0.4600,0.5600,-0.0400,8.0600,168.8800,-50.9600,0.725810,176.585219,"0.46,0.56,-0.04,8.06,168.88,-50.96"
814,2026-07-27T13:54:58.982,32.588064,59.821000,0.2600,0.6400,-0.3700,-49.6200,91.0000,6.8400,0.783645,103.874588,"0.26,0.64,-0.37,-49.62,91.00,6.84"
815,2026-07-27T13:54:59.043,32.648331,60.266600,0.0000,0.8900,-0.5400,-84.8400,40.5300,60.7300,1.041009,111.931405,"0.00,0.89,-0.54,-84.84,40.53,60.73"
816,2026-07-27T13:54:59.043,32.648649,0.318000,-0.2500,1.1600,-0.5100,-79.9000,41.9300,81.6700,1.291588,121.705069,"-0.25,1.16,-0.51,-79.90,41.93,81.67"
817,2026-07-27T13:54:59.163,32.768619,119.969700,-0.6400,1.1500,-0.4000,-62.7400,17.2100,46.2000,1.375536,79.793055,"-0.64,1.15,-0.40,-62.74,17.21,46.20"
818,2026-07-27T13:54:59.164,32.769818,1.199600,-0.6900,0.9500,-0.1300,-51.5700,-60.0600,-2.3200,1.181313,79.196281,"-0.69,0.95,-0.13,-51.57,-60.06,-2.32"
819,2026-07-27T13:54:59.165,32.770306,0.487800,-0.3400,1.2000,0.0900,-59.3300,-90.1500,3.4800,1.250480,107.977691,"-0.34,1.20,0.09,-59.33,-90.15,3.48"
820,2026-07-27T13:54:59.282,32.887691,117.384900,0.1200,1.2500,0.0700,-71.5900,-21.0000,39.3100,1.257696,84.329142,"0.12,1.25,0.07,-71.59,-21.00,39.31"
821,2026-07-27T13:54:59.282,32.888090,0.399000,0.5300,0.9100,-0.0100,-59.5700,32.1700,55.9100,1.053138,87.803314,"0.53,0.91,-0.01,-59.57,32.17,55.91"
822,2026-07-27T13:54:59.284,32.889193,1.103200,0.3100,0.9200,0.2500,-34.6700,21.9700,59.2700,1.002497,72.094540,"0.31,0.92,0.25,-34.67,21.97,59.27"
823,2026-07-27T13:54:59.342,32.947624,58.431300,-0.1100,1.0200,0.3900,-19.2900,29.6000,50.7200,1.097543,61.812479,"-0.11,1.02,0.39,-19.29,29.60,50.72"
824,2026-07-27T13:54:59.402,33.007946,60.321500,-0.0900,1.0000,0.1800,-21.3000,24.7800,20.9400,1.020049,38.810076,"-0.09,1.00,0.18,-21.30,24.78,20.94"
825,2026-07-27T13:54:59.403,33.008496,0.549700,0.0900,0.9700,0.0900,-27.7700,-7.0800,-2.6200,0.978315,28.777833,"0.09,0.97,0.09,-27.77,-7.08,-2.62"
826,2026-07-27T13:54:59.463,33.068439,59.943500,0.1500,0.9100,0.0900,-26.7900,-33.9400,3.4200,0.926661,43.374233,"0.15,0.91,0.09,-26.79,-33.94,3.42"
827,2026-07-27T13:54:59.583,33.188592,120.152600,0.0100,0.8600,0.1300,-20.2600,-52.3700,24.1100,0.869828,61.109546,"0.01,0.86,0.13,-20.26,-52.37,24.11"
828,2026-07-27T13:54:59.583,33.188948,0.356400,-0.1000,0.8800,0.1100,-17.2100,-60.4200,38.5100,0.892468,73.687045,"-0.10,0.88,0.11,-17.21,-60.42,38.51"
829,2026-07-27T13:54:59.584,33.189672,0.724200,-0.1300,0.9400,0.0500,-19.9000,-62.8100,43.4000,0.950263,78.896553,"-0.13,0.94,0.05,-19.90,-62.81,43.40"
830,2026-07-27T13:54:59.585,33.190345,0.672100,-0.1700,1.0100,0.0500,-14.8900,-54.0800,43.8800,1.025427,71.216662,"-0.17,1.01,0.05,-14.89,-54.08,43.88"
831,2026-07-27T13:54:59.642,33.248122,57.777400,-0.2600,1.0900,0.0300,-0.3700,-37.8400,38.2700,1.120982,53.820028,"-0.26,1.09,0.03,-0.37,-37.84,38.27"
832,2026-07-27T13:54:59.702,33.307986,59.864100,-0.3400,1.1500,-0.1000,15.0800,-8.6100,23.3200,1.203370,29.075091,"-0.34,1.15,-0.10,15.08,-8.61,23.32"
833,2026-07-27T13:54:59.762,33.368045,60.058500,-0.4400,1.1900,-0.2600,36.5000,24.9000,-0.1800,1.295106,44.184753,"-0.44,1.19,-0.26,36.50,24.90,-0.18"
834,2026-07-27T13:54:59.763,33.368580,0.535900,-0.3800,1.2100,-0.3300,77.5800,59.6900,-35.8900,1.310496,104.257588,"-0.38,1.21,-0.33,77.58,59.69,-35.89"
835,2026-07-27T13:54:59.823,33.428241,59.661100,-0.0500,1.3600,-0.0400,131.7700,107.1200,-81.1800,1.361507,188.223855,"-0.05,1.36,-0.04,131.77,107.12,-81.18"
836,2026-07-27T13:54:59.882,33.487991,59.750000,0.2400,1.4500,0.2700,149.7200,71.1700,-102.2900,1.494323,194.793458,"0.24,1.45,0.27,149.72,71.17,-102.29"
837,2026-07-27T13:54:59.883,33.488519,0.527600,0.0500,1.3000,0.2300,91.6100,-74.7100,-98.8800,1.321136,154.114343,"0.05,1.30,0.23,91.61,-74.71,-98.88"
838,2026-07-27T13:55:00.002,33.608147,119.628100,-0.2600,1.1400,0.1500,16.6000,-111.6300,-105.0400,1.178855,154.175934,"-0.26,1.14,0.15,16.60,-111.63,-105.04"
839,2026-07-27T13:55:00.003,33.608448,0.301100,-0.1400,0.9800,0.1100,2.2600,34.6700,-114.9900,0.996042,120.124172,"-0.14,0.98,0.11,2.26,34.67,-114.99"
840,2026-07-27T13:55:00.004,33.609348,0.899500,0.2300,0.7700,0.0700,27.8300,182.1900,-112.2400,0.806660,215.790460,"0.23,0.77,0.07,27.83,182.19,-112.24"
841,2026-07-27T13:55:00.062,33.667805,58.457200,0.4800,0.5300,0.0600,28.8700,211.6700,-89.8400,0.717565,231.751788,"0.48,0.53,0.06,28.87,211.67,-89.84"
842,2026-07-27T13:55:00.242,33.847407,179.601600,0.5000,0.4500,-0.0800,-15.3800,142.5200,-43.7600,0.677422,149.878058,"0.50,0.45,-0.08,-15.38,142.52,-43.76"
843,2026-07-27T13:55:00.302,33.907810,60.403800,0.1800,0.7100,-0.3900,-72.2700,47.5500,14.5300,0.829819,87.721584,"0.18,0.71,-0.39,-72.27,47.55,14.53"
844,2026-07-27T13:55:00.302,33.908006,0.195400,-0.1900,1.0600,-0.6100,-91.5500,0.7300,53.9600,1.237659,106.271431,"-0.19,1.06,-0.61,-91.55,0.73,53.96"
845,2026-07-27T13:55:00.303,33.908503,0.497300,-0.4400,1.2400,-0.5500,-67.8100,-5.1900,50.7200,1.426079,84.838969,"-0.44,1.24,-0.55,-67.81,-5.19,50.72"
846,2026-07-27T13:55:00.304,33.909425,0.922000,-0.6500,1.0000,-0.3200,-40.8300,-33.4500,12.7600,1.234868,54.302937,"-0.65,1.00,-0.32,-40.83,-33.45,12.76"
847,2026-07-27T13:55:00.305,33.910399,0.974200,-0.4900,0.8800,-0.0100,-40.2800,-84.5900,-2.6200,1.007274,93.727322,"-0.49,0.88,-0.01,-40.28,-84.59,-2.62"
848,2026-07-27T13:55:00.362,33.968112,57.712500,-0.0500,1.3600,0.2000,-64.7000,-86.4300,38.2100,1.375536,114.526150,"-0.05,1.36,0.20,-64.70,-86.43,38.21"
849,2026-07-27T13:55:00.363,33.968761,0.648900,0.3300,1.2900,-0.0100,-79.6500,-17.7600,73.7300,1.331578,109.980239,"0.33,1.29,-0.01,-79.65,-17.76,73.73"
850,2026-07-27T13:55:00.422,34.028140,59.379300,0.5900,0.8300,-0.2000,-66.9600,2.5000,66.7100,1.037786,94.552185,"0.59,0.83,-0.20,-66.96,2.50,66.71"
851,2026-07-27T13:55:00.482,34.088040,59.899800,0.2900,0.9000,0.2100,-34.1800,-28.5600,54.5000,0.968607,70.386050,"0.29,0.90,0.21,-34.18,-28.56,54.50"
852,2026-07-27T13:55:00.483,34.088651,0.610800,-0.3000,1.0800,0.5300,-5.2500,-3.9700,44.9800,1.239879,45.459034,"-0.30,1.08,0.53,-5.25,-3.97,44.98"
853,2026-07-27T13:55:00.542,34.147921,59.270000,-0.2800,1.0500,0.2700,-11.4100,1.1000,19.1700,1.119732,22.335778,"-0.28,1.05,0.27,-11.41,1.10,19.17"
854,2026-07-27T13:55:00.603,34.208340,60.419500,0.0800,0.9700,0.0300,-28.9300,-25.9400,-4.4600,0.973756,39.111636,"0.08,0.97,0.03,-28.93,-25.94,-4.46"
855,2026-07-27T13:55:00.603,34.208539,0.198800,0.2300,0.9400,0.0300,-29.3600,-30.6400,-1.8900,0.968194,42.478127,"0.23,0.94,0.03,-29.36,-30.64,-1.89"
856,2026-07-27T13:55:00.662,34.267679,59.140100,0.1200,0.8700,0.1100,-15.9900,-51.5100,15.6900,0.885099,56.170600,"0.12,0.87,0.11,-15.99,-51.51,15.69"
857,2026-07-27T13:55:00.723,34.328172,60.493100,-0.0700,0.8100,0.1500,-4.2700,-81.5400,27.8900,0.826741,86.283582,"-0.07,0.81,0.15,-4.27,-81.54,27.89"
858,2026-07-27T13:55:00.723,34.328661,0.489100,-0.1400,0.8400,0.1200,-8.9100,-82.0900,34.1200,0.860000,89.343890,"-0.14,0.84,0.12,-8.91,-82.09,34.12"
859,2026-07-27T13:55:00.783,34.388352,59.690700,-0.1600,0.9500,0.1000,-17.8800,-47.0000,41.7500,0.968556,65.358679,"-0.16,0.95,0.10,-17.88,-47.00,41.75"
860,2026-07-27T13:55:00.843,34.448479,60.127200,-0.2100,1.0900,0.0700,-17.2700,-11.1700,48.4000,1.112250,52.588799,"-0.21,1.09,0.07,-17.27,-11.17,48.40"
861,2026-07-27T13:55:00.843,34.449006,0.527200,-0.2400,1.1600,-0.0500,-5.8600,4.3900,44.2500,1.185622,44.851691,"-0.24,1.16,-0.05,-5.86,4.39,44.25"
862,2026-07-27T13:55:00.903,34.508416,59.409400,-0.2500,1.1800,-0.2200,11.4700,7.7500,26.0600,1.226091,29.508423,"-0.25,1.18,-0.22,11.47,7.75,26.06"
863,2026-07-27T13:55:00.963,34.568499,60.083200,-0.3300,1.1600,-0.3300,41.9300,11.3500,-2.5000,1.250360,43.510888,"-0.33,1.16,-0.33,41.93,11.35,-2.50"
864,2026-07-27T13:55:00.964,34.569368,0.869100,-0.2900,1.1900,-0.2800,99.6700,37.4800,-44.3700,1.256423,115.358382,"-0.29,1.19,-0.28,99.67,37.48,-44.37"
865,2026-07-27T13:55:01.022,34.627989,58.620900,0.0200,1.3900,0.1400,153.3800,72.5700,-92.8300,1.397176,193.414679,"0.02,1.39,0.14,153.38,72.57,-92.83"
866,2026-07-27T13:55:01.082,34.687952,59.963200,0.2100,1.4300,0.4000,130.2500,-13.7300,-115.1100,1.499667,174.367106,"0.21,1.43,0.40,130.25,-13.73,-115.11"
867,2026-07-27T13:55:01.083,34.688398,0.446200,-0.1400,1.2500,0.2400,36.6200,-158.9400,-115.6000,1.280508,199.915752,"-0.14,1.25,0.24,36.62,-158.94,-115.60"
868,2026-07-27T13:55:01.145,34.750566,62.167700,-0.3600,1.1200,0.1200,-17.6400,-105.4700,-116.1500,1.182540,157.879426,"-0.36,1.12,0.12,-17.64,-105.47,-116.15"
869,2026-07-27T13:55:01.203,34.808970,58.404000,-0.0100,0.9300,0.1000,6.2900,91.8000,-112.6100,0.935414,145.422887,"-0.01,0.93,0.10,6.29,91.80,-112.61"
870,2026-07-27T13:55:01.204,34.809503,0.533400,0.3200,0.7100,0.1000,45.1000,212.5200,-102.9100,0.785175,240.393903,"0.32,0.71,0.10,45.10,212.52,-102.91"
871,2026-07-27T13:55:01.263,34.868982,59.478200,0.4200,0.5500,0.0700,46.4500,213.8700,-77.2700,0.695557,232.096170,"0.42,0.55,0.07,46.45,213.87,-77.27"
872,2026-07-27T13:55:01.322,34.927549,58.567600,0.4100,0.5200,-0.0600,-2.0800,140.9300,-27.9500,0.664906,143.689922,"0.41,0.52,-0.06,-2.08,140.93,-27.95"
873,2026-07-27T13:55:01.322,34.928121,0.571900,0.1200,0.7600,-0.3500,-65.9800,57.3700,32.9600,0.845281,93.440028,"0.12,0.76,-0.35,-65.98,57.37,32.96"
874,2026-07-27T13:55:01.383,34.988616,60.494800,-0.2900,1.1200,-0.6300,-86.1200,37.9600,75.0100,1.317346,120.349973,"-0.29,1.12,-0.63,-86.12,37.96,75.01"
875,2026-07-27T13:55:01.443,35.048403,59.787600,-0.5200,1.2800,-0.6000,-56.8200,48.4000,60.9100,1.506254,96.338468,"-0.52,1.28,-0.60,-56.82,48.40,60.91"
876,2026-07-27T13:55:01.443,35.048886,0.483000,-0.5000,0.9000,-0.3200,-26.1200,2.8100,3.7800,1.078147,26.541268,"-0.50,0.90,-0.32,-26.12,2.81,3.78"
877,2026-07-27T13:55:01.503,35.108273,59.386400,-0.2500,0.8800,-0.0400,-58.5300,-74.1600,46.6300,0.915696,105.355699,"-0.25,0.88,-0.04,-58.53,-74.16,46.63"
878,2026-07-27T13:55:01.562,35.167930,59.657500,-0.0500,1.4300,0.1900,-83.2500,-3.1700,82.2800,1.443433,117.092313,"-0.05,1.43,0.19,-83.25,-3.17,82.28"
879,2026-07-27T13:55:01.563,35.168604,0.673500,0.1700,1.2300,0.1300,-77.7000,18.6200,67.9300,1.248479,104.873635,"0.17,1.23,0.13,-77.70,18.62,67.93"
880,2026-07-27T13:55:01.623,35.228371,59.767200,0.4800,0.8000,-0.1000,-46.9400,10.5600,53.2200,0.938296,71.744307,"0.48,0.80,-0.10,-46.94,10.56,53.22"
881,2026-07-27T13:55:01.682,35.287760,59.388600,0.2700,0.9100,0.1000,-11.6000,38.2100,46.2000,0.954463,61.065572,"0.27,0.91,0.10,-11.60,38.21,46.20"
882,2026-07-27T13:55:01.682,35.288014,0.254100,-0.2000,1.0400,0.3300,-3.6000,38.6400,25.3900,1.109279,46.375227,"-0.20,1.04,0.33,-3.60,38.64,25.39"
883,2026-07-27T13:55:01.743,35.348242,60.228400,-0.1800,1.0000,0.1900,-22.3400,8.3600,3.9700,1.033683,24.181110,"-0.18,1.00,0.19,-22.34,8.36,3.97"
884,2026-07-27T13:55:01.803,35.408279,60.036400,0.0900,0.9400,0.0900,-38.3900,-21.6700,4.2100,0.948578,44.284366,"0.09,0.94,0.09,-38.39,-21.67,4.21"
885,2026-07-27T13:55:01.803,35.408587,0.308100,0.2000,0.9200,0.0800,-36.2500,-48.2800,18.4900,0.944881,63.141912,"0.20,0.92,0.08,-36.25,-48.28,18.49"
886,2026-07-27T13:55:01.863,35.468238,59.651200,0.0600,0.9100,0.1100,-25.0200,-55.6000,30.4600,0.918586,68.155499,"0.06,0.91,0.11,-25.02,-55.60,30.46"
887,2026-07-27T13:55:01.983,35.588329,120.091500,-0.1400,0.9600,0.1000,-16.3600,-56.1500,35.8900,0.975295,68.618978,"-0.14,0.96,0.10,-16.36,-56.15,35.89"
888,2026-07-27T13:55:01.983,35.588850,0.520800,-0.2100,1.0300,0.0600,-6.3500,-51.5700,37.2900,1.052901,63.955700,"-0.21,1.03,0.06,-6.35,-51.57,37.29"
889,2026-07-27T13:55:01.984,35.589725,0.874600,-0.2800,1.0800,0.0100,8.4200,-32.0400,32.7800,1.115751,46.604575,"-0.28,1.08,0.01,8.42,-32.04,32.78"
890,2026-07-27T13:55:02.043,35.648327,58.602100,-0.3200,1.1300,-0.1100,27.1600,2.5000,18.1900,1.179576,32.784016,"-0.32,1.13,-0.11,27.16,2.50,18.19"
891,2026-07-27T13:55:02.043,35.649025,0.697900,-0.3400,1.1600,-0.2600,52.8000,28.1400,-5.7400,1.236447,60.105301,"-0.34,1.16,-0.26,52.80,28.14,-5.74"
892,2026-07-27T13:55:02.102,35.708031,59.006600,-0.1800,1.1800,-0.3100,88.9900,48.2200,-41.7500,1.233248,109.487218,"-0.18,1.18,-0.31,88.99,48.22,-41.75"
893,2026-07-27T13:55:02.162,35.768025,59.993400,0.1500,1.3200,-0.0300,121.4600,63.6000,-86.0000,1.328834,161.844035,"0.15,1.32,-0.03,121.46,63.60,-86.00"
894,2026-07-27T13:55:02.163,35.768985,0.960300,0.3100,1.3600,0.2100,109.8000,-3.7200,-104.7400,1.410603,151.790467,"0.31,1.36,0.21,109.80,-3.72,-104.74"
895,2026-07-27T13:55:02.223,35.828287,59.302200,0.0600,1.2000,0.1300,43.8800,-135.3800,-97.0500,1.208511,172.255338,"0.06,1.20,0.13,43.88,-135.38,-97.05"
896,2026-07-27T13:55:02.283,35.888647,60.359900,-0.2200,1.0800,0.0700,-13.8500,-140.4400,-96.1900,1.104400,170.785632,"-0.22,1.08,0.07,-13.85,-140.44,-96.19"
897,2026-07-27T13:55:02.283,35.889114,0.467200,-0.0600,0.9600,0.0600,-8.2400,16.1700,-100.2200,0.963743,101.849963,"-0.06,0.96,0.06,-8.24,16.17,-100.22"
898,2026-07-27T13:55:02.342,35.947482,58.367200,0.2600,0.7900,0.0300,34.2400,166.0200,-95.3400,0.832226,194.485819,"0.26,0.79,0.03,34.24,166.02,-95.34"
899,2026-07-27T13:55:02.402,36.008036,60.554500,0.4300,0.5900,0.0000,48.2200,199.4600,-75.3200,0.730068,218.592229,"0.43,0.59,0.00,48.22,199.46,-75.32"
900,2026-07-27T13:55:02.403,36.008352,0.315700,0.3100,0.5400,-0.1000,7.2600,130.1900,-34.9700,0.630635,135.000165,"0.31,0.54,-0.10,7.26,130.19,-34.97"
901,2026-07-27T13:55:02.462,36.068140,59.788100,-0.0200,0.7600,-0.3200,-54.2000,44.5600,15.9300,0.824864,71.951362,"-0.02,0.76,-0.32,-54.20,44.56,15.93"
902,2026-07-27T13:55:02.523,36.128299,60.159100,-0.2900,1.0600,-0.5400,-80.8100,19.1000,51.5100,1.224459,97.715639,"-0.29,1.06,-0.54,-80.81,19.10,51.51"
903,2026-07-27T13:55:02.523,36.128541,0.241700,-0.4300,1.2300,-0.5600,-61.7700,29.7200,48.9500,1.418238,84.231311,"-0.43,1.23,-0.56,-61.77,29.72,48.95"
904,2026-07-27T13:55:02.582,36.187873,59.332300,-0.4700,0.9900,-0.3700,-33.1400,0.7900,9.7700,1.156676,34.559175,"-0.47,0.99,-0.37,-33.14,0.79,9.77"
905,2026-07-27T13:55:02.642,36.248010,60.137000,-0.2500,0.9900,-0.1800,-32.0400,-66.5300,-4.0300,1.036822,73.952981,"-0.25,0.99,-0.18,-32.04,-66.53,-4.03"
906,2026-07-27T13:55:02.643,36.248368,0.357600,-0.0800,1.3500,0.1300,-54.4400,-73.3600,37.7200,1.358602,98.834213,"-0.08,1.35,0.13,-54.44,-73.36,37.72"
907,2026-07-27T13:55:02.763,36.368366,119.998600,0.1300,1.1100,0.2000,-66.2800,-9.1600,68.1800,1.135341,95.527255,"0.13,1.11,0.20,-66.28,-9.16,68.18"
908,2026-07-27T13:55:02.822,36.427184,58.818100,0.4300,0.7800,0.0600,-58.7800,5.6800,57.5600,0.892693,82.465171,"0.43,0.78,0.06,-58.78,5.68,57.56"
909,2026-07-27T13:55:02.824,36.429203,2.018800,0.2400,0.8800,0.3200,-40.4700,-19.0400,48.3400,0.966644,65.856648,"0.24,0.88,0.32,-40.47,-19.04,48.34"
910,2026-07-27T13:55:02.825,36.430297,1.093800,-0.1000,1.0000,0.4000,-25.7600,-16.3600,49.4400,1.081665,58.099404,"-0.10,1.00,0.40,-25.76,-16.36,49.44"
911,2026-07-27T13:55:02.883,36.488582,58.284900,-0.1300,1.0100,0.1000,-22.4600,-12.7600,37.9600,1.023230,45.915475,"-0.13,1.01,0.10,-22.46,-12.76,37.96"
912,2026-07-27T13:55:02.883,36.488841,0.258700,0.0100,0.9900,0.0200,-18.6200,9.4000,18.7400,0.990252,28.040185,"0.01,0.99,0.02,-18.62,9.40,18.74"
913,2026-07-27T13:55:02.942,36.547864,59.024000,0.1400,0.9600,0.1100,-16.7200,22.9500,9.3400,0.976371,29.891412,"0.14,0.96,0.11,-16.72,22.95,9.34"
914,2026-07-27T13:55:03.002,36.607996,60.131500,0.0800,0.9400,0.1900,-17.1500,-13.4900,14.1000,0.962341,25.979080,"0.08,0.94,0.19,-17.15,-13.49,14.10"
915,2026-07-27T13:55:03.003,36.608685,0.689200,-0.0200,0.9300,0.2000,-15.8100,-51.9400,24.6000,0.951473,59.606037,"-0.02,0.93,0.20,-15.81,-51.94,24.60"
916,2026-07-27T13:55:03.063,36.668207,59.521600,-0.0500,0.9500,0.1100,-16.3000,-67.6300,32.4100,0.957653,76.745782,"-0.05,0.95,0.11,-16.30,-67.63,32.41"
917,2026-07-27T13:55:03.182,36.787857,119.650600,-0.1100,1.0000,0.0800,-11.2900,-59.6900,36.8000,1.009208,71.025349,"-0.11,1.00,0.08,-11.29,-59.69,36.80"
918,2026-07-27T13:55:03.184,36.789742,1.884400,-0.2100,1.0500,0.0700,1.1600,-39.0000,36.8000,1.073080,53.633810,"-0.21,1.05,0.07,1.16,-39.00,36.80"
919,2026-07-27T13:55:03.185,36.790296,0.554500,-0.2300,1.0800,0.0100,18.0100,-11.4700,28.4400,1.104264,35.563388,"-0.23,1.08,0.01,18.01,-11.47,28.44"
920,2026-07-27T13:55:03.243,36.848736,58.439600,-0.2600,1.0900,-0.1200,38.3300,16.6600,13.1200,1.126987,43.805010,"-0.26,1.09,-0.12,38.33,16.66,13.12"
921,2026-07-27T13:55:03.244,36.850117,1.380900,-0.2900,1.0800,-0.2300,64.4500,30.3300,-9.1600,1.141665,71.816551,"-0.29,1.08,-0.23,64.45,30.33,-9.16"
922,2026-07-27T13:55:03.302,36.907767,57.650400,-0.1500,1.1100,-0.2500,97.2300,43.5800,-44.8000,1.147650,115.585160,"-0.15,1.11,-0.25,97.23,43.58,-44.80"
923,2026-07-27T13:55:03.362,36.968004,60.236900,0.1700,1.2600,0.0200,122.6200,54.7500,-86.9800,1.271574,159.996085,"0.17,1.26,0.02,122.62,54.75,-86.98"
924,2026-07-27T13:55:03.363,36.968374,0.369500,0.3000,1.3000,0.2200,101.7500,-29.6600,-102.2300,1.352183,147.254036,"0.30,1.30,0.22,101.75,-29.66,-102.23"
925,2026-07-27T13:55:03.423,37.028703,60.329100,-0.1200,1.1800,0.1500,24.2300,-163.0900,-94.3600,1.195533,189.971710,"-0.12,1.18,0.15,24.23,-163.09,-94.36"
926,2026-07-27T13:55:03.482,37.087847,59.144700,-0.3800,1.1200,0.1000,-37.7200,-131.0400,-91.4900,1.186929,164.209318,"-0.38,1.12,0.10,-37.72,-131.04,-91.49"
927,2026-07-27T13:55:03.483,37.088439,0.591300,-0.0200,1.0300,0.0500,-30.7600,51.8800,-90.7000,1.031407,108.922918,"-0.02,1.03,0.05,-30.76,51.88,-90.70"
928,2026-07-27T13:55:03.543,37.148896,60.457700,0.3500,0.8600,0.0000,2.7500,183.4700,-87.2200,0.928493,203.165282,"0.35,0.86,0.00,2.75,183.47,-87.22"
929,2026-07-27T13:55:03.602,37.207989,59.092200,0.4100,0.6900,-0.0400,13.4300,183.9600,-72.3300,0.803617,198.124394,"0.41,0.69,-0.04,13.43,183.96,-72.33"
930,2026-07-27T13:55:03.603,37.208222,0.233900,0.2100,0.6400,-0.1200,-8.8500,107.3600,-38.5100,0.684178,114.400665,"0.21,0.64,-0.12,-8.85,107.36,-38.51"
931,2026-07-27T13:55:03.722,37.327775,119.552000,-0.0600,0.7800,-0.2600,-43.7600,41.0800,3.6000,0.824379,60.128729,"-0.06,0.78,-0.26,-43.76,41.08,3.60"
932,2026-07-27T13:55:03.722,37.328098,0.323100,-0.2000,0.9200,-0.3700,-52.7300,39.1200,35.7700,1.011583,74.768444,"-0.20,0.92,-0.37,-52.73,39.12,35.77"
933,2026-07-27T13:55:03.723,37.329033,0.935500,-0.3000,0.9800,-0.4000,-40.4700,46.9400,43.7600,1.100182,75.869112,"-0.30,0.98,-0.40,-40.47,46.94,43.76"
934,2026-07-27T13:55:03.783,37.388191,59.157500,-0.5700,0.9700,-0.3300,-33.5700,4.5800,25.3300,1.172476,42.302839,"-0.57,0.97,-0.33,-33.57,4.58,25.33"
935,2026-07-27T13:55:03.843,37.448438,60.247000,-0.6400,0.9200,-0.0500,-32.4100,-35.8300,7.7500,1.121829,48.931171,"-0.64,0.92,-0.05,-32.41,-35.83,7.75"
936,2026-07-27T13:55:03.843,37.448929,0.491900,-0.4000,1.2100,0.1300,-44.6800,-21.4200,25.0900,1.281015,55.539418,"-0.40,1.21,0.13,-44.68,-21.42,25.09"
937,2026-07-27T13:55:03.902,37.508134,59.204600,-0.0100,1.4400,-0.0100,-71.7800,12.5700,45.6500,1.440069,85.990091,"-0.01,1.44,-0.01,-71.78,12.57,45.65"
938,2026-07-27T13:55:03.963,37.568262,60.127600,0.6000,1.0700,-0.2600,-74.7100,12.3900,33.0800,1.253994,82.640079,"0.60,1.07,-0.26,-74.71,12.39,33.08"
939,2026-07-27T13:55:03.963,37.568675,0.413200,0.7000,0.8400,0.0600,-35.9500,-27.5300,31.3100,1.095080,55.051063,"0.70,0.84,0.06,-35.95,-27.53,31.31"
940,2026-07-27T13:55:04.023,37.628351,59.676300,0.0100,0.9300,0.6700,1.0400,-33.2600,55.6600,1.146255,64.848630,"0.01,0.93,0.67,1.04,-33.26,55.66"
941,2026-07-27T13:55:04.083,37.688259,59.908200,-0.3500,0.9700,0.4500,-9.7700,-3.0500,60.6100,1.125122,61.468101,"-0.35,0.97,0.45,-9.77,-3.05,60.61"
942,2026-07-27T13:55:04.083,37.688865,0.605800,-0.1400,0.9600,-0.0400,-38.3300,-18.6200,35.6400,0.970979,55.552704,"-0.14,0.96,-0.04,-38.33,-18.62,35.64"
943,2026-07-27T13:55:04.143,37.748530,59.665100,0.1000,0.9600,-0.0700,-35.2800,-24.1700,12.0800,0.967729,44.438651,"0.10,0.96,-0.07,-35.28,-24.17,12.08"
944,2026-07-27T13:55:04.203,37.808673,60.143000,0.1500,0.9300,0.1100,-18.1900,-16.7200,7.8700,0.948420,25.930125,"0.15,0.93,0.11,-18.19,-16.72,7.87"
945,2026-07-27T13:55:04.204,37.809480,0.806700,0.0400,0.9300,0.2300,-10.1300,-41.8700,16.4200,0.958853,46.101304,"0.04,0.93,0.23,-10.13,-41.87,16.42"
946,2026-07-27T13:55:04.262,37.868117,58.636600,-0.0300,0.9700,0.1600,-14.4000,-62.4400,27.7700,0.983565,69.837572,"-0.03,0.97,0.16,-14.40,-62.44,27.77"
947,2026-07-27T13:55:04.323,37.928347,60.230500,-0.0300,1.0000,0.0500,-20.8700,-56.0900,34.4200,1.001699,69.038985,"-0.03,1.00,0.05,-20.87,-56.09,34.42"
948,2026-07-27T13:55:04.323,37.929042,0.695000,-0.0800,1.0100,0.0900,-14.5300,-34.6100,32.7800,1.017153,49.834741,"-0.08,1.01,0.09,-14.53,-34.61,32.78"
949,2026-07-27T13:55:04.383,37.988186,59.144100,-0.1400,1.0400,0.1500,20.1400,-10.5000,9.7000,1.060047,24.697360,"-0.14,1.04,0.15,20.14,-10.50,9.70"
950,2026-07-27T13:55:04.442,38.047951,59.764900,-0.2000,1.1000,0.0800,34.3600,0.3700,-9.9500,1.120893,35.773580,"-0.20,1.10,0.08,34.36,0.37,-9.95"
951,2026-07-27T13:55:04.443,38.048361,0.410100,-0.2200,1.1800,-0.1100,52.9200,6.9600,-40.6500,1.205363,67.092403,"-0.22,1.18,-0.11,52.92,6.96,-40.65"
952,2026-07-27T13:55:04.503,38.108346,59.984500,-0.1000,1.1900,-0.3100,95.9500,6.6500,-73.6100,1.233775,121.115883,"-0.10,1.19,-0.31,95.95,6.65,-73.61"
953,2026-07-27T13:55:04.503,38.108595,0.249100,-0.1000,1.1900,-0.3100,95.9500,6.6500,-73.6100,1.233775,121.115883,"-0.10,1.19,-0.31,95.95,6.65,-73.61"
954,2026-07-27T13:55:04.562,38.167906,59.310900,0.5600,1.2000,0.0100,105.6500,-156.1900,-76.5400,1.324273,203.508256,"0.56,1.20,0.01,105.65,-156.19,-76.54"
955,2026-07-27T13:55:04.623,38.229046,61.140400,0.2700,1.1300,0.0800,37.7200,-197.0200,-86.4300,1.164560,218.425785,"0.27,1.13,0.08,37.72,-197.02,-86.43"
956,2026-07-27T13:55:04.683,38.288303,59.257300,-0.2000,1.0800,0.0400,12.4500,-99.3700,-89.6000,1.099091,134.378419,"-0.20,1.08,0.04,12.45,-99.37,-89.60"
957,2026-07-27T13:55:04.683,38.288696,0.392600,-0.2900,0.9500,0.0200,30.2100,40.1600,-75.2000,0.993479,90.446170,"-0.29,0.95,0.02,30.21,40.16,-75.20"
958,2026-07-27T13:55:04.742,38.348171,59.475400,-0.0700,0.7600,-0.0400,40.3400,109.5000,-52.1200,0.764264,127.804773,"-0.07,0.76,-0.04,40.34,109.50,-52.12"
959,2026-07-27T13:55:04.802,38.408160,59.988700,0.1700,0.5100,-0.1500,21.0600,98.8800,-24.2300,0.558122,103.960910,"0.17,0.51,-0.15,21.06,98.88,-24.23"
960,2026-07-27T13:55:04.803,38.408684,0.524400,-0.0400,0.6600,-0.1900,-21.3000,56.6400,6.9000,0.687968,60.904758,"-0.04,0.66,-0.19,-21.30,56.64,6.90"
961,2026-07-27T13:55:04.863,38.468244,59.559800,-0.2600,0.9500,-0.2500,-69.2700,22.8900,31.0700,1.016169,79.294577,"-0.26,0.95,-0.25,-69.27,22.89,31.07"
962,2026-07-27T13:55:04.923,38.528240,59.995700,-0.3300,1.1500,-0.3200,-69.2700,22.8900,31.0700,1.238467,79.294577,"-0.33,1.15,-0.32,-69.27,22.89,31.07"
963,2026-07-27T13:55:04.923,38.528838,0.598100,-0.3500,1.3300,-0.4100,-80.7500,-4.5800,47.3600,1.435096,93.725709,"-0.35,1.33,-0.41,-80.75,-4.58,47.36"
964,2026-07-27T13:55:04.983,38.589064,60.226200,-0.2200,1.4400,-0.3500,-39.2500,-13.5500,33.8100,1.498166,53.546999,"-0.22,1.44,-0.35,-39.25,-13.55,33.81"
965,2026-07-27T13:55:05.043,38.648725,59.661200,0.1400,1.1900,-0.1500,-4.1500,-36.3800,23.0700,1.207560,43.277613,"0.14,1.19,-0.15,-4.15,-36.38,23.07"
966,2026-07-27T13:55:05.044,38.650020,1.294400,0.2900,0.8400,0.0500,2.0800,-54.9300,34.4200,0.890056,64.856516,"0.29,0.84,0.05,2.08,-54.93,34.42"
967,2026-07-27T13:55:05.103,38.708926,58.906100,0.0900,0.7600,0.2000,-16.1700,-57.2500,48.1600,0.791012,76.540297,"0.09,0.76,0.20,-16.17,-57.25,48.16"
968,2026-07-27T13:55:05.163,38.768230,59.304100,-0.1000,0.8900,0.2100,-35.1600,-52.0000,40.7700,0.919891,74.849305,"-0.10,0.89,0.21,-35.16,-52.00,40.77"
969,2026-07-27T13:55:05.163,38.768706,0.475900,-0.0500,0.9900,0.1400,-37.7200,-31.5600,20.2000,1.001099,53.168336,"-0.05,0.99,0.14,-37.72,-31.56,20.20"
970,2026-07-27T13:55:05.223,38.828573,59.866600,0.1000,1.0100,0.1800,-23.4400,16.9100,6.5900,1.030776,29.644726,"0.10,1.01,0.18,-23.44,16.91,6.59"
971,2026-07-27T13:55:05.283,38.888332,59.759100,0.1900,1.0300,0.2900,-5.0700,71.5300,3.9700,1.086784,71.819264,"0.19,1.03,0.29,-5.07,71.53,3.97"
972,2026-07-27T13:55:05.284,38.889245,0.913800,0.2700,1.0300,0.3000,7.3200,83.8600,2.2000,1.106255,84.207612,"0.27,1.03,0.30,7.32,83.86,2.20"
973,2026-07-27T13:55:05.342,38.947966,58.720700,0.2300,1.0000,0.1800,11.8400,31.1900,-0.1800,1.041777,33.362166,"0.23,1.00,0.18,11.84,31.19,-0.18"
974,2026-07-27T13:55:05.403,39.008647,60.681200,0.0200,0.9500,0.0800,12.7000,-44.8600,2.8100,0.953572,46.707662,"0.02,0.95,0.08,12.70,-44.86,2.81"
975,2026-07-27T13:55:05.404,39.009353,0.705900,-0.1700,0.9200,0.0800,14.1000,-98.8200,7.8100,0.938989,100.125913,"-0.17,0.92,0.08,14.10,-98.82,7.81"
976,2026-07-27T13:55:05.462,39.068021,58.668200,-0.1900,0.9200,0.0600,8.1200,-126.0400,6.6500,0.941329,126.476237,"-0.19,0.92,0.06,8.12,-126.04,6.65"
977,2026-07-27T13:55:05.523,39.128535,60.513400,-0.1900,1.0300,-0.0500,-8.4200,-117.7400,-0.6700,1.048570,118.042589,"-0.19,1.03,-0.05,-8.42,-117.74,-0.67"
978,2026-07-27T13:55:05.523,39.128942,0.406800,-0.1500,1.1400,-0.1200,-16.6600,-66.2800,-7.5700,1.156071,68.759719,"-0.15,1.14,-0.12,-16.66,-66.28,-7.57"
979,2026-07-27T13:55:05.582,39.188020,59.077900,0.0600,1.1000,-0.0600,-5.4300,9.5800,-11.7200,1.103268,16.081657,"0.06,1.10,-0.06,-5.43,9.58,-11.72"
980,2026-07-27T13:55:05.642,39.248081,60.061400,0.1200,1.0000,0.0000,14.7100,86.8500,-11.7800,1.007174,88.871115,"0.12,1.00,0.00,14.71,86.85,-11.78"
981,2026-07-27T13:55:05.643,39.248636,0.555300,-0.0500,0.9600,0.0300,30.4600,129.5800,-7.0800,0.961769,133.300092,"-0.05,0.96,0.03,30.46,129.58,-7.08"
982,2026-07-27T13:55:05.702,39.308115,59.478600,-0.1500,0.9500,0.0300,24.4100,87.2200,-2.1400,0.962237,90.596667,"-0.15,0.95,0.03,24.41,87.22,-2.14"
983,2026-07-27T13:55:05.762,39.368150,60.035300,-0.1300,0.9500,-0.0000,6.5900,0.4300,-0.1200,0.958853,6.605104,"-0.13,0.95,-0.00,6.59,0.43,-0.12"
984,2026-07-27T13:55:05.763,39.368736,0.586000,-0.0500,0.9800,0.0300,0.1800,-50.3500,0.0600,0.981733,50.350357,"-0.05,0.98,0.03,0.18,-50.35,0.06"
985,2026-07-27T13:55:05.822,39.427948,59.212300,0.0500,0.9900,0.0800,1.0400,-64.4500,-0.6700,0.994485,64.461872,"0.05,0.99,0.08,1.04,-64.45,-0.67"
986,2026-07-27T13:55:05.882,39.487964,60.015200,0.1300,0.9900,0.0600,5.8600,-67.4400,-2.1400,1.000300,67.727932,"0.13,0.99,0.06,5.86,-67.44,-2.14"
987,2026-07-27T13:55:05.883,39.488214,0.250300,0.1400,1.0000,0.0500,13.9200,-63.8400,-2.1400,1.010990,65.375007,"0.14,1.00,0.05,13.92,-63.84,-2.14"
988,2026-07-27T13:55:05.942,39.548072,59.858400,0.0300,1.0000,0.0600,20.5100,-52.3100,-0.3100,1.002247,56.188009,"0.03,1.00,0.06,20.51,-52.31,-0.31"
989,2026-07-27T13:55:06.002,39.608062,59.990100,-0.0900,0.9900,0.0800,25.6300,-29.4200,-0.9800,0.997296,39.030676,"-0.09,0.99,0.08,25.63,-29.42,-0.98"
990,2026-07-27T13:55:06.003,39.608387,0.324200,-0.1100,0.9900,0.1600,30.4000,7.8700,-8.7900,1.008861,32.609216,"-0.11,0.99,0.16,30.40,7.87,-8.79"
991,2026-07-27T13:55:06.062,39.668112,59.725800,0.0600,1.0000,0.2100,37.8400,43.2700,-24.2900,1.023572,62.403226,"0.06,1.00,0.21,37.84,43.27,-24.29"
992,2026-07-27T13:55:06.122,39.728083,59.970800,0.2400,0.9800,0.0800,45.5300,48.5200,-43.1500,1.012126,79.303807,"0.24,0.98,0.08,45.53,48.52,-43.15"
993,2026-07-27T13:55:06.123,39.728505,0.421400,0.1500,0.9500,-0.2500,39.2500,19.7800,-51.0300,0.993730,67.348881,"0.15,0.95,-0.25,39.25,19.78,-51.03"
994,2026-07-27T13:55:06.184,39.789288,60.783800,-0.1800,1.0700,-0.5600,25.4500,-1.5900,-33.8700,1.221024,42.395843,"-0.18,1.07,-0.56,25.45,-1.59,-33.87"
995,2026-07-27T13:55:06.302,39.907734,118.445800,-0.3000,1.1600,-0.5800,22.4600,-2.3200,-5.0700,1.331165,23.141713,"-0.30,1.16,-0.58,22.46,-2.32,-5.07"
996,2026-07-27T13:55:06.302,39.907995,0.261100,-0.1500,1.0900,-0.4300,18.8000,-20.7500,14.7100,1.181313,31.628889,"-0.15,1.09,-0.43,18.80,-20.75,14.71"
997,2026-07-27T13:55:06.303,39.908641,0.646000,-0.0200,0.9600,-0.3200,2.4400,-54.0200,30.5800,1.012126,62.122865,"-0.02,0.96,-0.32,2.44,-54.02,30.58"
998,2026-07-27T13:55:06.362,39.968120,59.478800,0.0100,0.8400,-0.2100,-15.0800,-57.5000,52.6700,0.865910,79.421567,"0.01,0.84,-0.21,-15.08,-57.50,52.67"
999,2026-07-27T13:55:06.363,39.968571,0.451200,0.0000,0.7500,-0.1000,-22.0900,-30.7000,75.3800,0.756637,84.336247,"0.00,0.75,-0.10,-22.09,-30.70,75.38"
1000,2026-07-27T13:55:06.423,40.028267,59.695600,0.0500,0.7300,-0.0700,-21.9700,-12.7000,86.1800,0.735051,89.838540,"0.05,0.73,-0.07,-21.97,-12.70,86.18"
1001,2026-07-27T13:55:06.483,40.088200,59.933400,0.1900,0.8300,-0.1000,-20.9400,-9.0300,83.1900,0.857321,86.258916,"0.19,0.83,-0.10,-20.94,-9.03,83.19"
1002,2026-07-27T13:55:06.483,40.089105,0.904600,0.2900,1.0300,-0.1200,-14.5900,-0.3100,75.9900,1.076754,77.378578,"0.29,1.03,-0.12,-14.59,-0.31,75.99"
1003,2026-07-27T13:55:06.542,40.147645,58.539800,0.2600,1.2200,-0.1000,-1.0400,-0.3700,68.8500,1.251399,68.858848,"0.26,1.22,-0.10,-1.04,-0.37,68.85"
1004,2026-07-27T13:55:06.603,40.208244,60.599700,0.2000,1.2300,-0.1200,9.0900,-30.0900,59.5100,1.251919,67.301384,"0.20,1.23,-0.12,9.09,-30.09,59.51"
1005,2026-07-27T13:55:06.606,40.211619,3.374800,0.2100,1.0600,-0.1900,9.7000,-64.8800,48.8300,1.097178,81.779419,"0.21,1.06,-0.19,9.70,-64.88,48.83"
1006,2026-07-27T13:55:06.663,40.268727,57.107600,0.2500,0.8600,-0.1800,9.2200,-84.4700,40.8300,0.913510,94.272362,"0.25,0.86,-0.18,9.22,-84.47,40.83"
1007,2026-07-27T13:55:06.722,40.327894,59.167600,0.2400,0.7600,-0.0900,10.0100,-105.3500,34.9700,0.802060,111.452786,"0.24,0.76,-0.09,10.01,-105.35,34.97"
1008,2026-07-27T13:55:06.723,40.328655,0.760300,0.1400,0.7800,-0.0700,3.6000,-123.7800,26.9800,0.795550,126.737401,"0.14,0.78,-0.07,3.60,-123.78,26.98"
1009,2026-07-27T13:55:06.783,40.388183,59.528500,0.0200,0.8300,-0.1200,-10.1900,-118.0400,14.4000,0.838868,119.350902,"0.02,0.83,-0.12,-10.19,-118.04,14.40"
1010,2026-07-27T13:55:06.842,40.448096,59.912600,-0.0100,0.8700,-0.2000,-25.0900,-90.8800,-3.0500,0.892749,94.329131,"-0.01,0.87,-0.20,-25.09,-90.88,-3.05"
1011,2026-07-27T13:55:06.843,40.448606,0.510200,0.1100,0.9100,-0.2600,-37.1700,-69.1500,-24.9600,0.952785,82.379202,"0.11,0.91,-0.26,-37.17,-69.15,-24.96"
1012,2026-07-27T13:55:06.903,40.508268,59.662000,0.3100,0.9800,-0.3300,-42.2400,-76.6600,-43.4000,1.079537,97.696127,"0.31,0.98,-0.33,-42.24,-76.66,-43.40"
1013,2026-07-27T13:55:06.963,40.568312,60.043600,0.4200,1.1200,-0.3600,-43.5800,-102.4800,-44.1900,1.249160,119.808693,"0.42,1.12,-0.36,-43.58,-102.48,-44.19"
1014,2026-07-27T13:55:06.963,40.568631,0.319500,0.4000,1.1500,-0.2200,-45.1000,-126.5300,-22.5200,1.237295,136.202061,"0.40,1.15,-0.22,-45.10,-126.53,-22.52"
1015,2026-07-27T13:55:07.082,40.687831,119.200100,0.0100,1.0200,0.1400,-35.4000,-171.6300,1.1000,1.029612,175.246189,"0.01,1.02,0.14,-35.40,-171.63,1.10"
1016,2026-07-27T13:55:07.083,40.688321,0.489400,-0.5000,0.9800,0.4600,-34.1200,-238.2200,2.2600,1.192476,240.661693,"-0.50,0.98,0.46,-34.12,-238.22,2.26"
1017,2026-07-27T13:55:07.083,40.688563,0.241900,-0.4500,1.0900,0.4400,-59.0800,-243.7100,-14.5900,1.258650,251.192911,"-0.45,1.09,0.44,-59.08,-243.71,-14.59"
1018,2026-07-27T13:55:07.143,40.748632,60.069100,-0.1000,1.2200,0.2300,-77.2100,-191.1000,-24.1700,1.245512,207.520560,"-0.10,1.22,0.23,-77.21,-191.10,-24.17"
1019,2026-07-27T13:55:07.202,40.808121,59.488900,0.1100,1.2000,0.1400,-67.9900,-164.3100,-17.4000,1.213136,178.670580,"0.11,1.20,0.14,-67.99,-164.31,-17.40"
1020,2026-07-27T13:55:07.203,40.808205,0.084000,0.0900,1.0000,0.2000,-43.2100,-160.9500,-7.0800,1.023768,166.799679,"0.09,1.00,0.20,-43.21,-160.95,-7.08"
1021,2026-07-27T13:55:07.286,40.891424,83.219900,-0.1000,0.8100,0.2400,-22.7700,-159.9100,0.7300,0.850706,161.524654,"-0.10,0.81,0.24,-22.77,-159.91,0.73"
1022,2026-07-27T13:55:07.323,40.929145,37.720600,-0.2100,0.7600,0.2200,-17.4000,-163.5700,4.5200,0.818596,164.554961,"-0.21,0.76,0.22,-17.40,-163.57,4.52"
1023,2026-07-27T13:55:07.324,40.929787,0.642000,-0.1500,0.8000,0.1600,-28.2000,-142.8800,8.0000,0.829518,145.855869,"-0.15,0.80,0.16,-28.20,-142.88,8.00"
1024,2026-07-27T13:55:07.382,40.987639,57.852400,-0.0500,0.8600,0.1400,-31.1300,-155.1500,11.7800,0.872754,158.680080,"-0.05,0.86,0.14,-31.13,-155.15,11.78"
1025,2026-07-27T13:55:07.443,41.048237,60.598000,-0.0200,0.9500,0.1400,-28.6300,-178.6500,15.8100,0.960469,181.618984,"-0.02,0.95,0.14,-28.63,-178.65,15.81"
1026,2026-07-27T13:55:07.443,41.048859,0.621400,-0.0500,1.0600,0.1100,-16.9700,-164.1200,20.6900,1.066865,166.287196,"-0.05,1.06,0.11,-16.97,-164.12,20.69"
1027,2026-07-27T13:55:07.562,41.167798,118.939400,-0.2000,1.1300,0.0400,0.1800,-109.5000,22.0300,1.148260,111.694240,"-0.20,1.13,0.04,0.18,-109.50,22.03"
1028,2026-07-27T13:55:07.563,41.168804,1.005800,-0.4400,1.1300,-0.0900,14.7700,-77.5100,10.4400,1.215977,79.592378,"-0.44,1.13,-0.09,14.77,-77.51,10.44"
1029,2026-07-27T13:55:07.564,41.169460,0.656000,-0.4800,1.1200,-0.2800,38.7000,-75.2000,-20.8100,1.250280,87.096418,"-0.48,1.12,-0.28,38.70,-75.20,-20.81"
1030,2026-07-27T13:55:07.623,41.228533,59.072500,-0.2100,1.1900,-0.4600,95.9500,-71.7200,-63.1700,1.292981,135.427508,"-0.21,1.19,-0.46,95.95,-71.72,-63.17"
1031,2026-07-27T13:55:07.683,41.288217,59.684800,0.3100,1.3900,-0.2700,140.8100,-127.0100,-89.1700,1.449517,209.547811,"0.31,1.39,-0.27,140.81,-127.01,-89.17"
1032,2026-07-27T13:55:07.683,41.288566,0.348800,0.5800,1.4400,0.1100,107.1800,-220.2800,-93.5100,1.556310,262.211653,"0.58,1.44,0.11,107.18,-220.28,-93.51"
1033,2026-07-27T13:55:07.742,41.348073,59.507300,-0.2100,0.9200,-0.0200,44.9200,-203.7400,-88.0100,0.943875,226.436645,"-0.21,0.92,-0.02,44.92,-203.74,-88.01"
1034,2026-07-27T13:55:07.803,41.408303,60.229500,-0.1700,0.7800,-0.0800,27.8900,-73.6700,-75.6800,0.802309,109.236365,"-0.17,0.78,-0.08,27.89,-73.67,-75.68"
1035,2026-07-27T13:55:07.803,41.408717,0.413600,0.1200,0.6900,-0.1200,37.9000,33.4500,-60.6700,0.710563,78.969370,"0.12,0.69,-0.12,37.90,33.45,-60.67"
1036,2026-07-27T13:55:07.982,41.587598,178.881700,0.2900,0.6500,-0.1400,37.9000,33.4500,-60.6700,0.725396,78.969370,"0.29,0.65,-0.14,37.90,33.45,-60.67"
1037,2026-07-27T13:55:07.983,41.588451,0.852800,0.2900,0.5800,-0.0800,4.8800,17.0300,-15.2000,0.653376,23.342564,"0.29,0.58,-0.08,4.88,17.03,-15.20"
1038,2026-07-27T13:55:07.983,41.589037,0.586300,0.1500,0.5700,-0.0500,-36.3200,-24.3500,21.4800,0.591523,48.718121,"0.15,0.57,-0.05,-36.32,-24.35,21.48"
1039,2026-07-27T13:55:07.984,41.589469,0.431700,-0.3100,0.8100,-0.2300,-85.0800,-62.5000,54.8700,0.897274,118.977197,"-0.31,0.81,-0.23,-85.08,-62.50,54.87"
1040,2026-07-27T13:55:08.043,41.648855,59.385500,-1.0000,1.3000,-0.4700,-104.8000,-72.5700,60.8500,1.706136,141.252141,"-1.00,1.30,-0.47,-104.80,-72.57,60.85"
1041,2026-07-27T13:55:08.044,41.649829,0.974000,-1.0700,1.4200,-0.4400,-59.3300,-44.4300,19.4700,1.831639,76.636510,"-1.07,1.42,-0.44,-59.33,-44.43,19.47"
1042,2026-07-27T13:55:08.102,41.708059,58.230200,-0.2700,1.4700,-0.2400,-13.1800,-24.1100,-29.2400,1.513737,40.124582,"-0.27,1.47,-0.24,-13.18,-24.11,-29.24"
1043,2026-07-27T13:55:08.162,41.767867,59.808600,0.6400,1.3000,-0.0900,-17.8200,-32.7100,-38.9400,1.451792,53.887105,"0.64,1.30,-0.09,-17.82,-32.71,-38.94"
1044,2026-07-27T13:55:08.163,41.768182,0.314900,1.1400,0.7400,-0.0500,-21.5500,-51.7000,-19.4700,1.360037,59.299017,"1.14,0.74,-0.05,-21.55,-51.70,-19.47"
1045,2026-07-27T13:55:08.223,41.828456,60.274200,0.7200,0.8600,0.3500,4.9400,-95.2800,30.9400,1.174947,100.299380,"0.72,0.86,0.35,4.94,-95.28,30.94"
1046,2026-07-27T13:55:08.283,41.888254,59.797100,-0.2800,1.2100,0.6700,28.0800,-115.4800,82.6400,1.411170,144.753191,"-0.28,1.21,0.67,28.08,-115.48,82.64"
1047,2026-07-27T13:55:08.283,41.888657,0.403100,-0.5600,1.1400,0.2900,5.2500,-119.5700,75.3800,1.302805,141.445013,"-0.56,1.14,0.29,5.25,-119.57,75.38"
1048,2026-07-27T13:55:08.343,41.948193,59.536300,-0.1500,1.0600,-0.0300,-25.9400,-126.7100,27.8900,1.070981,132.310845,"-0.15,1.06,-0.03,-25.94,-126.71,27.89"
1049,2026-07-27T13:55:08.404,42.009393,61.199800,0.1400,1.0200,0.0200,-18.0700,-97.6600,-3.1100,1.029757,99.366355,"0.14,1.02,0.02,-18.07,-97.66,-3.11"
1050,2026-07-27T13:55:08.404,42.010045,0.651800,0.1100,0.9400,0.1100,2.2600,-80.8700,-0.6100,0.952785,80.903873,"0.11,0.94,0.11,2.26,-80.87,-0.61"
1051,2026-07-27T13:55:08.462,42.068159,58.114500,-0.0500,0.8400,0.1700,4.6400,-91.4300,19.5900,0.858487,93.620204,"-0.05,0.84,0.17,4.64,-91.43,19.59"
1052,2026-07-27T13:55:08.523,42.128323,60.163600,-0.1800,0.7900,0.1300,-12.9400,-107.3000,37.4100,0.820610,114.368884,"-0.18,0.79,0.13,-12.94,-107.30,37.41"
1053,2026-07-27T13:55:08.523,42.128572,0.248900,-0.1600,0.8300,0.0400,-27.1600,-111.7600,42.1100,0.846227,122.479448,"-0.16,0.83,0.04,-27.16,-111.76,42.11"
1054,2026-07-27T13:55:08.582,42.187737,59.165300,-0.0500,0.9100,0.0700,-5.2500,-102.9100,29.9700,0.914057,107.313706,"-0.05,0.91,0.07,-5.25,-102.91,29.97"
1055,2026-07-27T13:55:08.642,42.247808,60.071400,0.0400,1.1500,0.0700,36.9300,-115.9100,2.2000,1.152823,121.670839,"0.04,1.15,0.07,36.93,-115.91,2.20"
1056,2026-07-27T13:55:08.643,42.248561,0.752500,0.3600,1.4800,-0.1500,67.6300,-152.5300,-35.6400,1.530523,170.614851,"0.36,1.48,-0.15,67.63,-152.53,-35.64"
1057,2026-07-27T13:55:08.703,42.308293,59.731800,0.6800,1.4800,-0.2900,86.6100,-184.0800,-57.1900,1.654358,211.323057,"0.68,1.48,-0.29,86.61,-184.08,-57.19"
1058,2026-07-27T13:55:08.763,42.368374,60.081600,0.5100,1.2000,-0.2200,80.5100,-216.6100,-36.5000,1.322309,233.952991,"0.51,1.20,-0.22,80.51,-216.61,-36.50"
1059,2026-07-27T13:55:08.763,42.368938,0.563600,0.2600,0.8800,-0.0800,54.5700,-225.7100,3.3600,0.921086,232.237332,"0.26,0.88,-0.08,54.57,-225.71,3.36"
1060,2026-07-27T13:55:08.822,42.428036,59.098200,0.1800,0.6300,0.0800,34.9700,-190.8600,26.4300,0.660076,195.828970,"0.18,0.63,0.08,34.97,-190.86,26.43"
1061,2026-07-27T13:55:08.883,42.488766,60.729900,-0.0400,0.6400,0.1200,14.1000,-170.9600,24.3500,0.652380,173.260076,"-0.04,0.64,0.12,14.10,-170.96,24.35"
1062,2026-07-27T13:55:08.884,42.489421,0.654800,-0.2600,0.7900,-0.0100,-8.2400,-177.4900,9.4600,0.831745,177.932822,"-0.26,0.79,-0.01,-8.24,-177.49,9.46"
1063,2026-07-27T13:55:09.003,42.608744,119.323400,-0.1700,0.8600,-0.1600,-11.2900,-151.6700,1.8900,0.891123,152.101365,"-0.17,0.86,-0.16,-11.29,-151.67,1.89"
1064,2026-07-27T13:55:09.004,42.609541,0.796800,0.0400,0.8600,-0.2700,-1.4000,-94.3600,9.6400,0.902275,94.861474,"0.04,0.86,-0.27,-1.40,-94.36,9.64"
1065,2026-07-27T13:55:09.005,42.610513,0.972100,0.0700,0.8700,-0.3400,0.0600,-58.9600,25.4500,0.936696,64.218282,"0.07,0.87,-0.34,0.06,-58.96,25.45"
1066,2026-07-27T13:55:09.063,42.669091,58.578500,-0.0800,0.8800,-0.3300,-1.8300,-60.7900,36.8000,0.943239,71.084548,"-0.08,0.88,-0.33,-1.83,-60.79,36.80"
1067,2026-07-27T13:55:09.124,42.729229,60.137700,-0.2600,0.9400,-0.3100,2.8100,-73.0000,41.5000,1.023377,84.018725,"-0.26,0.94,-0.31,2.81,-73.00,41.50"
1068,2026-07-27T13:55:09.182,42.787806,58.576900,-0.3800,0.9900,-0.3300,5.5500,-75.2000,40.2800,1.110585,85.488718,"-0.38,0.99,-0.33,5.55,-75.20,40.28"
1069,2026-07-27T13:55:09.182,42.788053,0.247200,-0.3600,1.0400,-0.3800,-6.2300,-80.1400,26.6700,1.164302,84.690740,"-0.36,1.04,-0.38,-6.23,-80.14,26.67"
1070,2026-07-27T13:55:09.242,42.848125,60.071600,-0.2300,1.2700,-0.4300,-37.6000,-100.7700,1.6500,1.360404,107.568933,"-0.23,1.27,-0.43,-37.60,-100.77,1.65"
1071,2026-07-27T13:55:09.243,42.848250,0.125500,0.1300,1.3100,-0.1900,-65.8600,-118.6500,-21.3000,1.330075,137.364668,"0.13,1.31,-0.19,-65.86,-118.65,-21.30"
1072,2026-07-27T13:55:09.303,42.908720,60.469400,0.5100,0.9300,0.1000,-52.9200,-104.6100,-18.3700,1.065364,118.664381,"0.51,0.93,0.10,-52.92,-104.61,-18.37"
1073,2026-07-27T13:55:09.362,42.967807,59.087500,0.4600,0.8100,0.3100,-18.2500,-100.7100,5.4900,0.981733,102.497350,"0.46,0.81,0.31,-18.25,-100.71,5.49"
1074,2026-07-27T13:55:09.366,42.971823,4.015700,0.0500,0.9800,0.6000,5.0700,-107.1800,24.1700,1.150174,109.988391,"0.05,0.98,0.60,5.07,-107.18,24.17"
1075,2026-07-27T13:55:09.422,43.028026,56.203300,-0.2600,1.0500,0.5700,11.2300,-74.1600,30.9400,1.222702,81.136318,"-0.26,1.05,0.57,11.23,-74.16,30.94"
1076,2026-07-27T13:55:09.483,43.088630,60.603800,-0.2400,1.0500,0.2400,-2.3200,-45.5300,22.5800,1.103494,50.874549,"-0.24,1.05,0.24,-2.32,-45.53,22.58"
1077,2026-07-27T13:55:09.483,43.089149,0.518700,-0.0700,1.0400,-0.1000,-15.2600,-30.6400,6.0400,1.047139,34.758579,"-0.07,1.04,-0.10,-15.26,-30.64,6.04"
1078,2026-07-27T13:55:09.543,43.148375,59.226200,0.0800,0.9900,-0.2800,-10.9900,-37.4100,-5.5500,1.031940,39.383889,"0.08,0.99,-0.28,-10.99,-37.41,-5.55"
1079,2026-07-27T13:55:09.603,43.208661,60.286400,0.1100,0.9700,-0.2300,1.3400,-66.1000,-4.5800,1.002946,66.272030,"0.11,0.97,-0.23,1.34,-66.10,-4.58"
1080,2026-07-27T13:55:09.604,43.209396,0.734200,-0.0200,1.0100,-0.0600,15.2000,-55.1800,8.2400,1.011978,57.825340,"-0.02,1.01,-0.06,15.20,-55.18,8.24"
1081,2026-07-27T13:55:09.663,43.268175,58.779000,-0.1200,1.0300,0.1100,28.2000,-18.8600,17.2700,1.042785,38.068261,"-0.12,1.03,0.11,28.20,-18.86,17.27"
1082,2026-07-27T13:55:09.722,43.327932,59.757900,-0.0400,0.9900,0.1200,30.3300,-13.6100,12.9400,0.998048,35.673304,"-0.04,0.99,0.12,30.33,-13.61,12.94"
1083,2026-07-27T13:55:09.723,43.328345,0.412300,0.1200,0.9600,0.0000,23.9900,-37.2300,6.2300,0.967471,44.725897,"0.12,0.96,0.00,23.99,-37.23,6.23"
1084,2026-07-27T13:55:09.782,43.387893,59.547900,0.1700,0.9500,-0.0700,19.2300,-62.0700,8.1200,0.967626,65.485969,"0.17,0.95,-0.07,19.23,-62.07,8.12"
1085,2026-07-27T13:55:09.843,43.448387,60.494700,0.0400,0.9500,-0.0600,19.6500,-83.4400,17.7600,0.952733,87.542982,"0.04,0.95,-0.06,19.65,-83.44,17.76"
1086,2026-07-27T13:55:09.843,43.448967,0.579500,-0.1200,0.9700,0.0200,23.0100,-90.0900,26.3700,0.977599,96.649082,"-0.12,0.97,0.02,23.01,-90.09,26.37"
1087,2026-07-27T13:55:09.903,43.508656,59.689100,-0.2100,0.9800,0.1100,27.6500,-64.8800,26.3700,1.008266,75.294846,"-0.21,0.98,0.11,27.65,-64.88,26.37"
1088,2026-07-27T13:55:09.962,43.568059,59.402800,-0.1800,0.9600,0.1100,34.9700,-16.6600,20.8100,0.982904,43.971725,"-0.18,0.96,0.11,34.97,-16.66,20.81"
1089,2026-07-27T13:55:09.963,43.568435,0.376700,-0.0300,0.9600,0.0200,45.7800,19.7800,15.0800,0.960677,52.100511,"-0.03,0.96,0.02,45.78,19.78,15.08"
1090,2026-07-27T13:55:10.022,43.628126,59.690400,0.1600,1.0800,-0.1000,61.1600,13.6100,10.7400,1.096358,63.569846,"0.16,1.08,-0.10,61.16,13.61,10.74"
1091,2026-07-27T13:55:10.084,43.689451,61.324900,0.3000,1.2700,-0.2800,81.4200,-25.5100,0.4300,1.334654,85.323862,"0.30,1.27,-0.28,81.42,-25.51,0.43"
1092,2026-07-27T13:55:10.084,43.689615,0.164100,0.3200,1.3100,-0.5800,103.1500,-60.3000,-33.0200,1.467958,123.961014,"0.32,1.31,-0.58,103.15,-60.30,-33.02"
1093,2026-07-27T13:55:10.143,43.748706,59.091600,0.2200,1.0300,-0.7800,99.5500,-70.1300,-73.9100,1.310611,142.446859,"0.22,1.03,-0.78,99.55,-70.13,-73.91"
1094,2026-07-27T13:55:10.262,43.867513,118.807000,0.1900,0.7200,-0.6800,55.4200,-55.6000,-78.9200,1.008415,111.315330,"0.19,0.72,-0.68,55.42,-55.60,-78.92"
1095,2026-07-27T13:55:10.262,43.867597,0.083900,0.1800,0.7000,-0.5300,12.6300,-41.9900,-56.1500,0.896270,71.242540,"0.18,0.70,-0.53,12.63,-41.99,-56.15"
1096,2026-07-27T13:55:10.263,43.868778,1.180800,0.1000,0.7300,-0.4500,-34.2400,-73.2400,-42.4800,0.863366,91.329215,"0.10,0.73,-0.45,-34.24,-73.24,-42.48"
1097,2026-07-27T13:55:10.323,43.928325,59.547000,0.0600,0.6500,-0.4100,-57.6200,-92.4700,-33.6900,0.770844,114.042893,"0.06,0.65,-0.41,-57.62,-92.47,-33.69"
1098,2026-07-27T13:55:10.323,43.929127,0.802000,-0.0100,0.6200,-0.3700,-65.9800,-97.1700,-23.0700,0.722080,119.697929,"-0.01,0.62,-0.37,-65.98,-97.17,-23.07"
1099,2026-07-27T13:55:10.442,44.047999,118.872000,-0.1200,0.6800,-0.3200,-59.0800,-68.4800,-12.3900,0.761052,91.287835,"-0.12,0.68,-0.32,-59.08,-68.48,-12.39"
1100,2026-07-27T13:55:10.443,44.048837,0.837900,-0.1800,0.7500,-0.3300,-45.9000,-23.8600,0.0600,0.838928,51.731163,"-0.18,0.75,-0.33,-45.90,-23.86,0.06"
1101,2026-07-27T13:55:10.444,44.049563,0.726300,-0.2500,0.8700,-0.3900,-25.5700,8.0600,9.2200,0.985647,28.351312,"-0.25,0.87,-0.39,-25.57,8.06,9.22"
1102,2026-07-27T13:55:10.502,44.108022,58.458400,-0.4200,1.1300,-0.5600,10.8600,16.0500,-2.5000,1.329248,19.539501,"-0.42,1.13,-0.56,10.86,16.05,-2.50"
1103,2026-07-27T13:55:10.563,44.168202,60.179800,-0.5500,1.2600,-0.6000,59.2700,-11.7200,-37.2900,1.500033,70.998841,"-0.55,1.26,-0.60,59.27,-11.72,-37.29"
1104,2026-07-27T13:55:10.563,44.168577,0.375400,-0.3500,0.9500,-0.5800,105.1600,-48.1600,-60.2400,1.166790,130.410386,"-0.35,0.95,-0.58,105.16,-48.16,-60.24"
1105,2026-07-27T13:55:10.683,44.288505,119.927900,-0.1400,0.4000,-0.4200,121.5200,-67.9300,-56.8200,0.596657,150.366578,"-0.14,0.40,-0.42,121.52,-67.93,-56.82"
1106,2026-07-27T13:55:10.684,44.289253,0.748000,-0.4800,0.5900,-0.2400,99.4300,-74.5200,-49.7400,0.797559,133.841783,"-0.48,0.59,-0.24,99.43,-74.52,-49.74"
1107,2026-07-27T13:55:10.684,44.289775,0.522400,-0.7200,0.7500,-0.2600,65.3700,-57.5600,-56.1500,1.071681,103.630174,"-0.72,0.75,-0.26,65.37,-57.56,-56.15"
1108,2026-07-27T13:55:10.743,44.348450,58.675200,-0.7100,0.7400,-0.4200,38.3300,-31.4300,-71.8400,1.108197,87.281266,"-0.71,0.74,-0.42,38.33,-31.43,-71.84"
1109,2026-07-27T13:55:10.802,44.408008,59.557100,-0.7000,0.7000,-0.5200,23.1300,-18.7400,-79.7700,1.118213,85.143628,"-0.70,0.70,-0.52,23.13,-18.74,-79.77"
1110,2026-07-27T13:55:10.803,44.408471,0.463900,-0.7200,0.6700,-0.5800,20.2600,-10.1900,-77.8200,1.141797,81.057116,"-0.72,0.67,-0.58,20.26,-10.19,-77.82"
1111,2026-07-27T13:55:10.862,44.468139,59.667200,-0.7600,0.7000,-0.5800,22.5800,1.3400,-71.2900,1.184905,74.792487,"-0.76,0.70,-0.58,22.58,1.34,-71.29"
1112,2026-07-27T13:55:10.923,44.528722,60.583600,-0.7900,0.6700,-0.4900,26.8600,9.9500,-56.4000,1.145906,63.256795,"-0.79,0.67,-0.49,26.86,9.95,-56.40"
1113,2026-07-27T13:55:10.924,44.529482,0.759800,-0.7400,0.5000,-0.4200,36.9300,21.0000,-37.1700,0.986914,56.448506,"-0.74,0.50,-0.42,36.93,21.00,-37.17"
1114,2026-07-27T13:55:10.982,44.587715,58.233000,-0.6700,0.3400,-0.4400,43.4600,38.5100,-21.7300,0.870689,61.999876,"-0.67,0.34,-0.44,43.46,38.51,-21.73"
1115,2026-07-27T13:55:11.043,44.648598,60.882700,-0.6500,0.3100,-0.5200,32.3500,47.6700,-10.7400,0.888257,58.602892,"-0.65,0.31,-0.52,32.35,47.67,-10.74"
1116,2026-07-27T13:55:11.043,44.649005,0.406900,-0.6700,0.3800,-0.5800,7.7500,38.0200,-5.1300,0.964210,39.139492,"-0.67,0.38,-0.58,7.75,38.02,-5.13"
1117,2026-07-27T13:55:11.102,44.707991,58.986600,-0.6600,0.4600,-0.6200,-11.1700,22.2200,-4.4600,1.015677,25.266359,"-0.66,0.46,-0.62,-11.17,22.22,-4.46"
1118,2026-07-27T13:55:11.163,44.768501,60.509500,-0.6100,0.5000,-0.6600,-14.1000,10.3100,-3.9700,1.028445,17.912761,"-0.61,0.50,-0.66,-14.10,10.31,-3.97"
1119,2026-07-27T13:55:11.164,44.769349,0.848100,-0.5700,0.4900,-0.6600,-6.0400,0.0600,-1.4600,1.000300,6.214242,"-0.57,0.49,-0.66,-6.04,0.06,-1.46"
1120,2026-07-27T13:55:11.222,44.828056,58.706800,-0.5700,0.4500,-0.6200,4.9400,-4.5800,4.0300,0.954882,7.849898,"-0.57,0.45,-0.62,4.94,-4.58,4.03"
1121,2026-07-27T13:55:11.282,44.887742,59.686200,-0.6100,0.4300,-0.5800,12.1500,-0.8500,11.3500,0.945198,16.648348,"-0.61,0.43,-0.58,12.15,-0.85,11.35"
1122,2026-07-27T13:55:11.282,44.888023,0.281200,-0.6600,0.4300,-0.5500,12.3300,6.1000,17.7000,0.960729,22.417156,"-0.66,0.43,-0.55,12.33,6.10,17.70"
1123,2026-07-27T13:55:11.402,45.007567,119.543900,-0.6900,0.4500,-0.5500,7.3200,11.0500,21.0000,0.990505,24.833141,"-0.69,0.45,-0.55,7.32,11.05,21.00"
1124,2026-07-27T13:55:11.402,45.008070,0.502700,-0.6700,0.4500,-0.5700,-0.6700,13.4900,21.8500,0.988079,25.687575,"-0.67,0.45,-0.57,-0.67,13.49,21.85"
1125,2026-07-27T13:55:11.403,45.008942,0.872500,-0.6200,0.4700,-0.5900,-11.4100,14.1000,23.0100,0.976422,29.299457,"-0.62,0.47,-0.59,-11.41,14.10,23.01"
1126,2026-07-27T13:55:11.463,45.068189,59.246700,-0.5900,0.4800,-0.5900,-23.3200,12.9400,27.3400,0.962601,38.193476,"-0.59,0.48,-0.59,-23.32,12.94,27.34"
1127,2026-07-27T13:55:11.523,45.128460,60.271600,-0.5600,0.4700,-0.5900,-35.1000,11.1100,36.8000,0.939468,52.054607,"-0.56,0.47,-0.59,-35.10,11.11,36.80"
1128,2026-07-27T13:55:11.523,45.129063,0.602600,-0.5400,0.5200,-0.5900,-44.8600,11.6600,50.4200,0.953992,68.487602,"-0.54,0.52,-0.59,-44.86,11.66,50.42"
1129,2026-07-27T13:55:11.582,45.188056,58.993200,-0.5500,0.6600,-0.5900,-48.7700,13.5500,62.0100,1.042209,80.045959,"-0.55,0.66,-0.59,-48.77,13.55,62.01"
1130,2026-07-27T13:55:11.643,45.248384,60.327400,-0.5900,0.8800,-0.6400,-55.9700,6.1600,63.1100,1.237780,84.578121,"-0.59,0.88,-0.64,-55.97,6.16,63.11"
1131,2026-07-27T13:55:11.643,45.248496,0.112200,-0.5400,0.8800,-0.6900,-66.4100,-18.3100,51.2100,1.241813,85.837103,"-0.54,0.88,-0.69,-66.41,-18.31,51.21"
1132,2026-07-27T13:55:11.705,45.311020,62.524500,-0.4000,0.7500,-0.6400,-63.9600,-28.6900,43.5200,1.064002,82.510533,"-0.40,0.75,-0.64,-63.96,-28.69,43.52"
1133,2026-07-27T13:55:11.762,45.367964,56.943600,-0.3400,0.8100,-0.5600,-49.2600,-8.7300,52.2500,1.041777,72.338254,"-0.34,0.81,-0.56,-49.26,-8.73,52.25"
1134,2026-07-27T13:55:11.763,45.368586,0.621700,-0.3500,0.8300,-0.4600,-33.6900,14.8300,62.7400,1.011435,72.740997,"-0.35,0.83,-0.46,-33.69,14.83,62.74"
1135,2026-07-27T13:55:11.822,45.427798,59.212000,-0.3600,0.8200,-0.3900,-28.9900,27.4000,67.1400,0.976780,78.095837,"-0.36,0.82,-0.39,-28.99,27.40,67.14"
1136,2026-07-27T13:55:11.943,45.548249,120.451600,-0.3600,0.8700,-0.3200,-41.2000,31.4900,68.6000,0.994435,85.994303,"-0.36,0.87,-0.32,-41.20,31.49,68.60"
1137,2026-07-27T13:55:11.943,45.548693,0.443900,-0.3400,0.9300,-0.2500,-53.8900,37.8400,70.9800,1.021274,96.820236,"-0.34,0.93,-0.25,-53.89,37.84,70.98"
1138,2026-07-27T13:55:11.943,45.549030,0.336500,-0.2600,0.9400,-0.1900,-54.5700,48.0300,79.5900,0.993630,107.793014,"-0.26,0.94,-0.19,-54.57,48.03,79.59"
1139,2026-07-27T13:55:12.003,45.608730,59.700800,0.0900,0.8400,-0.1800,-49.6800,67.8100,87.1000,0.863771,121.048373,"0.09,0.84,-0.18,-49.68,67.81,87.10"
1140,2026-07-27T13:55:12.003,45.609125,0.395000,0.3600,0.8200,-0.2800,-53.1000,83.6800,77.2100,0.938296,125.631750,"0.36,0.82,-0.28,-53.10,83.68,77.21"
1141,2026-07-27T13:55:12.063,45.668771,59.645600,0.1300,0.9900,-0.2700,-54.7500,70.5600,34.4200,1.034360,95.713178,"0.13,0.99,-0.27,-54.75,70.56,34.42"
1142,2026-07-27T13:55:12.123,45.728227,59.456300,-0.0500,1.0500,-0.1400,-32.4100,51.0300,-4.3900,1.060472,60.611394,"-0.05,1.05,-0.14,-32.41,51.03,-4.39"
1143,2026-07-27T13:55:12.123,45.728729,0.501200,0.0100,0.9600,-0.1000,-2.3200,53.4700,5.6200,0.965246,53.814568,"0.01,0.96,-0.10,-2.32,53.47,5.62"
1144,2026-07-27T13:55:12.183,45.788257,59.528400,0.0800,0.8900,-0.1100,16.4200,55.3600,33.2600,0.900333,66.637629,"0.08,0.89,-0.11,16.42,55.36,33.26"
1145,2026-07-27T13:55:12.242,45.848140,59.883100,0.1700,0.8800,-0.1300,16.9700,21.9100,34.6700,0.905649,44.385109,"0.17,0.88,-0.13,16.97,21.91,34.67"
1146,2026-07-27T13:55:12.243,45.848748,0.608400,0.1800,0.8900,-0.1600,-0.9800,-53.3400,11.5400,0.922009,54.582851,"0.18,0.89,-0.16,-0.98,-53.34,11.54"
1147,2026-07-27T13:55:12.303,45.908491,59.742600,0.1900,0.9200,-0.2100,-23.7400,-138.0000,-10.1900,0.962601,140.397378,"0.19,0.92,-0.21,-23.74,-138.00,-10.19"
1148,2026-07-27T13:55:12.364,45.969459,60.967800,0.2200,0.9500,-0.2400,-35.0300,-184.2000,-16.7200,1.004241,188.245317,"0.22,0.95,-0.24,-35.03,-184.20,-16.72"
1149,2026-07-27T13:55:12.422,46.028097,58.637700,0.2200,0.9600,-0.2300,-32.7100,-185.4900,-8.6100,1.011385,188.548711,"0.22,0.96,-0.23,-32.71,-185.49,-8.61"
1150,2026-07-27T13:55:12.423,46.028797,0.700600,0.1600,0.9700,-0.1800,-24.7800,-167.8500,8.4200,0.999450,169.878095,"0.16,0.97,-0.18,-24.78,-167.85,8.42"
1151,2026-07-27T13:55:12.483,46.088273,59.475400,0.0100,1.0400,-0.1800,-14.8900,-136.1700,28.0800,1.055509,139.830138,"0.01,1.04,-0.18,-14.89,-136.17,28.08"
1152,2026-07-27T13:55:12.542,46.147513,59.240400,-0.1700,1.1300,-0.3100,-9.8300,-92.6500,43.2100,1.184019,102.702266,"-0.17,1.13,-0.31,-9.83,-92.65,43.21"
1153,2026-07-27T13:55:12.542,46.148154,0.641100,-0.2200,1.1200,-0.4100,-12.7000,-77.7000,44.8000,1.212807,90.584877,"-0.22,1.12,-0.41,-12.70,-77.70,44.80"
1154,2026-07-27T13:55:12.604,46.209290,61.135800,-0.1600,1.0200,-0.3600,-20.3900,-108.1500,29.4200,1.093435,113.919757,"-0.16,1.02,-0.36,-20.39,-108.15,29.42"
1155,2026-07-27T13:55:12.604,46.209870,0.580300,-0.1500,0.9400,-0.2500,-25.7600,-142.5200,5.6200,0.984175,144.938305,"-0.15,0.94,-0.25,-25.76,-142.52,5.62"
1156,2026-07-27T13:55:12.663,46.268490,58.619900,-0.1000,0.8900,-0.2100,-21.3600,-158.8100,-14.7700,0.919891,160.919292,"-0.10,0.89,-0.21,-21.36,-158.81,-14.77"
1157,2026-07-27T13:55:12.722,46.328152,59.662000,-0.0100,0.8600,-0.0900,-10.3100,-157.9000,-23.0700,0.864754,159.909134,"-0.01,0.86,-0.09,-10.31,-157.90,-23.07"
1158,2026-07-27T13:55:12.723,46.328489,0.337400,-0.0900,0.8300,0.0300,-4.7000,-126.1000,-15.4400,0.835404,127.128650,"-0.09,0.83,0.03,-4.70,-126.10,-15.44"
1159,2026-07-27T13:55:12.783,46.388680,60.190400,-0.2700,0.8200,-0.0200,-14.2800,-78.5500,-1.7100,0.863539,79.855776,"-0.27,0.82,-0.02,-14.28,-78.55,-1.71"
1160,2026-07-27T13:55:12.845,46.450645,61.965000,-0.3900,0.9300,-0.1400,-30.8800,-29.4800,5.4900,1.018136,43.043988,"-0.39,0.93,-0.14,-30.88,-29.48,5.49"
1161,2026-07-27T13:55:12.845,46.450931,0.286100,-0.2600,1.1700,-0.2200,-41.5000,14.8900,1.4600,1.218565,44.114552,"-0.26,1.17,-0.22,-41.50,14.89,1.46"
1162,2026-07-27T13:55:12.903,46.509114,58.182900,0.2600,1.2000,-0.2400,-36.3800,24.3500,-8.7900,1.251080,44.650767,"0.26,1.20,-0.24,-36.38,24.35,-8.79"
1163,2026-07-27T13:55:12.963,46.568475,59.360700,0.5900,0.9900,-0.1400,-17.2700,12.1500,-4.9400,1.160948,21.685917,"0.59,0.99,-0.14,-17.27,12.15,-4.94"
1164,2026-07-27T13:55:12.963,46.569060,0.585500,0.3000,0.9800,0.1000,-5.9800,-5.2500,19.1700,1.029757,20.756006,"0.30,0.98,0.10,-5.98,-5.25,19.17"
1165,2026-07-27T13:55:13.023,46.628255,59.195200,-0.1600,1.0600,0.2300,-16.9700,-10.0100,42.1800,1.096403,46.554628,"-0.16,1.06,0.23,-16.97,-10.01,42.18"
1166,2026-07-27T13:55:13.083,46.688553,60.298200,-0.3600,1.0600,0.2200,-40.4100,16.4800,44.7400,1.140877,62.499809,"-0.36,1.06,0.22,-40.41,16.48,44.74"
1167,2026-07-27T13:55:13.084,46.689206,0.652900,-0.2700,1.0000,0.1800,-49.2600,29.9100,23.8000,1.051332,62.350587,"-0.27,1.00,0.18,-49.26,29.91,23.80"
1168,2026-07-27T13:55:13.202,46.807687,118.480400,0.1200,0.9400,0.0500,-30.5800,-14.9500,-3.6600,0.948947,34.234989,"0.12,0.94,0.05,-30.58,-14.95,-3.66"
1169,2026-07-27T13:55:13.203,46.808520,0.833200,0.3100,0.9400,-0.0100,-13.0600,-65.9200,-18.0100,0.989848,69.572768,"0.31,0.94,-0.01,-13.06,-65.92,-18.01"
1170,2026-07-27T13:55:13.203,46.808991,0.471300,0.0500,0.9800,0.1500,-18.8000,32.1000,-32.3500,0.992673,49.298808,"0.05,0.98,0.15,-18.80,32.10,-32.35"
1171,2026-07-27T13:55:13.262,46.867959,58.967600,0.0300,1.0000,0.2200,-16.9100,-14.1600,-11.4700,1.024353,24.859899,"0.03,1.00,0.22,-16.91,-14.16,-11.47"
1172,2026-07-27T13:55:13.323,46.928483,60.524000,0.1600,0.9900,0.1500,-8.5400,-60.1800,8.1800,1.014002,61.330876,"0.16,0.99,0.15,-8.54,-60.18,8.18"
1173,2026-07-27T13:55:13.442,47.047765,119.282000,0.0800,0.9900,0.1300,-4.6400,-59.8800,14.9500,1.001699,61.892217,"0.08,0.99,0.13,-4.64,-59.88,14.95"
1174,2026-07-27T13:55:13.443,47.048197,0.432500,-0.0200,0.9900,0.1600,-5.6200,-55.1800,12.0800,1.003045,56.765687,"-0.02,0.99,0.16,-5.62,-55.18,12.08"
1175,2026-07-27T13:55:13.443,47.048706,0.508800,-0.0700,0.9700,0.2000,-8.0000,-57.0700,8.9100,0.992875,58.312717,"-0.07,0.97,0.20,-8.00,-57.07,8.91"
1176,2026-07-27T13:55:13.444,47.049557,0.851200,-0.0600,0.9300,0.1900,-7.8100,-63.6600,9.2200,0.951105,64.796606,"-0.06,0.93,0.19,-7.81,-63.66,9.22"
1177,2026-07-27T13:55:13.503,47.108608,59.051100,-0.0600,0.9200,0.1700,-5.8600,-71.7800,10.7400,0.937497,72.815215,"-0.06,0.92,0.17,-5.86,-71.78,10.74"
1178,2026-07-27T13:55:13.562,47.167973,59.364800,-0.0200,0.9300,0.1400,-7.1400,-79.3500,12.1500,0.940691,80.591715,"-0.02,0.93,0.14,-7.14,-79.35,12.15"
1179,2026-07-27T13:55:13.563,47.168437,0.463500,0.0100,0.9500,0.1200,-8.3600,-84.2900,13.4300,0.957601,85.761638,"0.01,0.95,0.12,-8.36,-84.29,13.43"
1180,2026-07-27T13:55:13.623,47.228713,60.276000,-0.1100,1.0300,0.0300,-4.3900,-80.1400,15.0800,1.036291,81.664546,"-0.11,1.03,0.03,-4.39,-80.14,15.08"
1181,2026-07-27T13:55:13.683,47.288644,59.931700,-0.2100,1.0700,-0.0200,4.5800,-63.4800,17.2700,1.090596,65.946491,"-0.21,1.07,-0.02,4.58,-63.48,17.27"
1182,2026-07-27T13:55:13.684,47.289466,0.821100,-0.3500,1.1500,-0.0700,21.2400,-36.6800,16.6600,1.204118,45.542459,"-0.35,1.15,-0.07,21.24,-36.68,16.66"
1183,2026-07-27T13:55:13.802,47.407770,118.304600,-0.4000,1.1900,-0.2200,53.9600,0.3100,4.0300,1.274559,54.111169,"-0.40,1.19,-0.22,53.96,0.31,4.03"
1184,2026-07-27T13:55:13.803,47.408215,0.444700,-0.1800,1.2300,-0.2300,109.6200,67.0200,-25.9400,1.264199,131.076727,"-0.18,1.23,-0.23,109.62,67.02,-25.94"
1185,2026-07-27T13:55:13.803,47.408930,0.715200,0.1400,1.3000,0.0800,157.0400,115.9700,-54.8100,1.309962,202.767696,"0.14,1.30,0.08,157.04,115.97,-54.81"
1186,2026-07-27T13:55:13.863,47.468947,60.017300,0.2200,1.2000,0.2800,132.0800,5.0000,-70.3100,1.251719,149.711798,"0.22,1.20,0.28,132.08,5.00,-70.31"
1187,2026-07-27T13:55:13.923,47.528284,59.336200,-0.0900,1.0800,0.2500,47.5500,-157.7100,-90.4500,1.112205,187.921923,"-0.09,1.08,0.25,47.55,-157.71,-90.45"
1188,2026-07-27T13:55:13.923,47.528794,0.510600,-0.3400,1.0500,0.1600,-10.9300,-129.8200,-111.9400,1.115213,171.765133,"-0.34,1.05,0.16,-10.93,-129.82,-111.94"
1189,2026-07-27T13:55:13.983,47.588854,60.059900,-0.1700,1.0300,0.0800,-10.0100,33.0200,-118.1600,1.046996,123.094704,"-0.17,1.03,0.08,-10.01,33.02,-118.16"
1190,2026-07-27T13:55:14.043,47.648250,59.396100,0.0800,0.9200,0.0800,17.6400,166.1400,-110.4700,0.926930,200.293011,"0.08,0.92,0.08,17.64,166.14,-110.47"
1191,2026-07-27T13:55:14.043,47.648609,0.359200,0.2900,0.7500,0.0300,28.9300,211.4300,-89.7200,0.804674,231.493560,"0.29,0.75,0.03,28.93,211.43,-89.72"
1192,2026-07-27T13:55:14.102,47.707666,59.057000,0.3200,0.6400,-0.1500,5.6800,177.8600,-53.8300,0.731095,185.914257,"0.32,0.64,-0.15,5.68,177.86,-53.83"
1193,2026-07-27T13:55:14.178,47.783296,75.629800,0.0800,0.7300,-0.3300,-32.9600,116.0900,-6.9600,0.805109,120.878829,"0.08,0.73,-0.33,-32.96,116.09,-6.96"
1194,2026-07-27T13:55:14.179,47.784604,1.307800,-0.1500,0.8600,-0.4000,-54.7500,82.4600,34.1800,0.960260,104.716219,"-0.15,0.86,-0.40,-54.75,82.46,34.18"
1195,2026-07-27T13:55:14.222,47.828044,43.440300,-0.3200,1.0600,-0.3500,-56.4000,86.1200,55.5400,1.161249,116.971390,"-0.32,1.06,-0.35,-56.40,86.12,55.54"
1196,2026-07-27T13:55:14.286,47.891918,63.873700,-0.3600,1.1700,-0.2900,-46.6900,87.7700,47.4200,1.258014,110.146200,"-0.36,1.17,-0.29,-46.69,87.77,47.42"
1197,2026-07-27T13:55:14.287,47.892588,0.670300,-0.1200,0.9700,-0.2300,-35.7100,40.3400,13.6700,1.004092,55.582269,"-0.12,0.97,-0.23,-35.71,40.34,13.67"
1198,2026-07-27T13:55:14.342,47.948032,55.444200,0.1900,0.9700,-0.1100,-37.7800,-24.3500,-3.1100,0.994535,45.054667,"0.19,0.97,-0.11,-37.78,-24.35,-3.11"
1199,2026-07-27T13:55:14.402,48.008165,60.132200,0.1700,1.2400,-0.1700,-45.3500,-18.0100,25.2700,1.263091,54.950482,"0.17,1.24,-0.17,-45.35,-18.01,25.27"
1200,2026-07-27T13:55:14.403,48.008290,0.125600,-0.1500,1.1400,-0.2800,-41.3800,50.7800,57.0700,1.183427,86.878638,"-0.15,1.14,-0.28,-41.38,50.78,57.07"
1201,2026-07-27T13:55:14.463,48.068195,59.904800,-0.2300,0.8800,-0.1700,-29.5400,69.1500,50.1700,0.925311,90.395592,"-0.23,0.88,-0.17,-29.54,69.15,50.17"
1202,2026-07-27T13:55:14.523,48.128275,60.079900,-0.2200,0.8900,-0.0400,-20.1400,57.5600,23.2500,0.917660,65.263586,"-0.22,0.89,-0.04,-20.14,57.56,23.25"
1203,2026-07-27T13:55:14.523,48.128581,0.306300,-0.2300,0.9800,0.0500,-21.6700,98.1400,4.7600,1.007869,100.616629,"-0.23,0.98,0.05,-21.67,98.14,4.76"
1204,2026-07-27T13:55:14.582,48.187777,59.196100,0.0600,1.0100,0.1400,-29.2400,125.7300,-3.7800,1.021421,129.140617,"0.06,1.01,0.14,-29.24,125.73,-3.78"
1205,2026-07-27T13:55:14.643,48.248281,60.503400,0.2100,1.0100,0.1500,-26.8600,121.8900,-1.2200,1.042449,124.820351,"0.21,1.01,0.15,-26.86,121.89,-1.22"
1206,2026-07-27T13:55:14.702,48.307934,59.653400,0.0900,1.0100,0.0800,-23.8600,109.0700,7.8700,1.017153,111.926321,"0.09,1.01,0.08,-23.86,109.07,7.87"
1207,2026-07-27T13:55:14.703,48.308416,0.482100,-0.0000,0.9600,0.0600,-26.0000,59.4500,10.9900,0.961873,65.810961,"-0.00,0.96,0.06,-26.00,59.45,10.99"
1208,2026-07-27T13:55:14.763,48.368186,59.769600,-0.0400,0.9400,0.0800,-25.5700,18.5500,11.2300,0.944246,33.526710,"-0.04,0.94,0.08,-25.57,18.55,11.23"
1209,2026-07-27T13:55:14.763,48.368645,0.459600,-0.0300,0.9500,0.1000,-24.7800,24.4800,13.1800,0.955720,37.242868,"-0.03,0.95,0.10,-24.78,24.48,13.18"
1210,2026-07-27T13:55:14.823,48.428283,59.637700,0.0400,0.9800,0.1000,-22.7100,37.4800,13.7300,0.985901,45.923931,"0.04,0.98,0.10,-22.71,37.48,13.73"
1211,2026-07-27T13:55:14.883,48.488716,60.433200,0.1000,1.0000,0.1100,-17.7600,37.2900,13.4300,1.010990,43.431862,"0.10,1.00,0.11,-17.76,37.29,13.43"
1212,2026-07-27T13:55:14.884,48.489825,1.108600,0.1300,0.9800,0.1500,-12.4500,27.8900,13.6700,0.999900,33.462270,"0.13,0.98,0.15,-12.45,27.89,13.67"
1213,2026-07-27T13:55:14.943,48.548180,58.354800,0.1300,0.9700,0.1600,-11.1100,14.5300,13.9800,0.991665,23.021586,"0.13,0.97,0.16,-11.11,14.53,13.98"
1214,2026-07-27T13:55:15.062,48.667766,119.586600,0.0900,0.9800,0.1600,-13.4300,-0.2400,15.3200,0.997046,20.374614,"0.09,0.98,0.16,-13.43,-0.24,15.32"
1215,2026-07-27T13:55:15.063,48.668357,0.590200,0.0400,1.0000,0.1500,-14.1600,-15.4400,17.5800,1.011978,27.348777,"0.04,1.00,0.15,-14.16,-15.44,17.58"
1216,2026-07-27T13:55:15.063,48.668698,0.341600,-0.0000,1.0100,0.1300,-10.8600,-22.3400,18.9200,1.018332,31.224695,"-0.00,1.01,0.13,-10.86,-22.34,18.92"
1217,2026-07-27T13:55:15.124,48.729799,61.100900,-0.0500,1.0200,0.0800,-3.3600,-14.5300,18.9200,1.024353,24.091013,"-0.05,1.02,0.08,-3.36,-14.53,18.92"
1218,2026-07-27T13:55:15.125,48.730382,0.583100,-0.0800,1.0300,0.0300,5.4900,-4.0900,18.5500,1.033538,19.772979,"-0.08,1.03,0.03,5.49,-4.09,18.55"
1219,2026-07-27T13:55:15.182,48.787897,57.515200,-0.1300,1.0600,0.0500,12.8200,-11.8400,18.4900,1.069112,25.424754,"-0.13,1.06,0.05,12.82,-11.84,18.49"
1220,2026-07-27T13:55:15.243,48.848296,60.398700,-0.1700,1.0800,0.0400,23.3800,-29.2400,16.0500,1.094029,40.733334,"-0.17,1.08,0.04,23.38,-29.24,16.05"
1221,2026-07-27T13:55:15.243,48.848896,0.600200,-0.2000,1.1000,-0.0800,44.6200,-17.7000,6.3500,1.120893,48.420625,"-0.20,1.10,-0.08,44.62,-17.70,6.35"
1222,2026-07-27T13:55:15.362,48.967947,119.050900,-0.1200,1.0900,-0.1800,75.4400,46.8100,-12.7600,1.111261,89.694968,"-0.12,1.09,-0.18,75.44,46.81,-12.76"
1223,2026-07-27T13:55:15.363,48.968304,0.356700,0.0900,1.0600,-0.1700,106.9900,101.9300,-35.4600,1.077311,151.967091,"0.09,1.06,-0.17,106.99,101.93,-35.46"
1224,2026-07-27T13:55:15.363,48.968905,0.601300,0.1800,1.0600,-0.1000,113.7100,42.3000,-53.7700,1.079815,132.704435,"0.18,1.06,-0.10,113.71,42.30,-53.77"
1225,2026-07-27T13:55:15.423,49.028469,59.564100,0.0400,1.0900,0.0200,76.2300,-61.9500,-65.7300,1.090917,118.191575,"0.04,1.09,0.02,76.23,-61.95,-65.73"
1226,2026-07-27T13:55:15.483,49.088653,60.183400,-0.1100,1.0900,0.1600,20.8100,-69.6400,-73.8500,1.107159,103.617606,"-0.11,1.09,0.16,20.81,-69.64,-73.85"
1227,2026-07-27T13:55:15.484,49.089393,0.740600,-0.1200,1.0400,0.1900,-23.5000,-4.5200,-79.0400,1.064002,82.583303,"-0.12,1.04,0.19,-23.50,-4.52,-79.04"
1228,2026-07-27T13:55:15.543,49.148406,59.013100,-0.0600,0.9600,0.1000,-51.3900,63.1700,-78.5500,0.967057,113.143641,"-0.06,0.96,0.10,-51.39,63.17,-78.55"
1229,2026-07-27T13:55:15.603,49.208626,60.219300,0.0500,0.8800,-0.0100,-51.8200,123.9600,-70.3700,0.881476,151.668490,"0.05,0.88,-0.01,-51.82,123.96,-70.37"
1230,2026-07-27T13:55:15.603,49.208957,0.331400,0.1800,0.8300,-0.0800,-30.7600,165.8300,-53.5300,0.853053,176.949788,"0.18,0.83,-0.08,-30.76,165.83,-53.53"
1231,2026-07-27T13:55:15.663,49.268513,59.556000,0.2400,0.8600,-0.1500,-17.0900,160.2200,-31.7400,0.905373,164.225285,"0.24,0.86,-0.15,-17.09,160.22,-31.74"
1232,2026-07-27T13:55:15.722,49.328119,59.606200,0.1600,0.9200,-0.2800,-14.4000,117.6100,-13.7900,0.974885,119.288039,"0.16,0.92,-0.28,-14.40,117.61,-13.79"
1233,2026-07-27T13:55:15.723,49.328706,0.586400,-0.0100,0.9700,-0.3700,-5.6800,72.1400,-3.7800,1.038220,72.461924,"-0.01,0.97,-0.37,-5.68,72.14,-3.78"
1234,2026-07-27T13:55:15.783,49.388239,59.532900,-0.2100,1.0000,-0.3100,7.8700,32.8400,-3.7800,1.067801,33.980743,"-0.21,1.00,-0.31,7.87,32.84,-3.78"
1235,2026-07-27T13:55:15.843,49.448429,60.190700,-0.3800,1.0100,-0.1900,12.2100,1.2800,-15.9300,1.095719,20.111872,"-0.38,1.01,-0.19,12.21,1.28,-15.93"
1236,2026-07-27T13:55:15.843,49.448879,0.449600,-0.4600,0.9500,-0.2000,9.2200,2.3800,-28.7500,1.074290,30.285893,"-0.46,0.95,-0.20,9.22,2.38,-28.75"
1237,2026-07-27T13:55:15.903,49.508440,59.561200,-0.3000,0.8400,-0.1800,6.4700,30.0900,-25.5700,0.909945,40.013671,"-0.30,0.84,-0.18,6.47,30.09,-25.57"
1238,2026-07-27T13:55:15.963,49.568199,59.758900,0.0000,0.8300,-0.0600,-7.1400,52.9800,-0.4900,0.832166,53.461202,"0.00,0.83,-0.06,-7.14,52.98,-0.49"
1239,2026-07-27T13:55:15.963,49.568776,0.576600,0.1200,1.0100,-0.0800,-32.4100,75.3800,33.6900,1.020245,88.699316,"0.12,1.01,-0.08,-32.41,75.38,33.69"
1240,2026-07-27T13:55:16.022,49.628063,59.287900,-0.0800,1.3600,-0.3100,-52.4300,78.9800,42.4800,1.397176,103.881161,"-0.08,1.36,-0.31,-52.43,78.98,42.48"
1241,2026-07-27T13:55:16.083,49.688181,60.117200,-0.1600,1.3500,-0.3700,-42.9700,-8.0600,-12.9400,1.408900,45.594167,"-0.16,1.35,-0.37,-42.97,-8.06,-12.94"
1242,2026-07-27T13:55:16.083,49.688605,0.424700,0.1300,0.9300,-0.2000,-23.0700,-33.1400,12.0200,0.960104,42.130332,"0.13,0.93,-0.20,-23.07,-33.14,12.02"
1243,2026-07-27T13:55:16.143,49.748340,59.734700,0.1900,0.7500,0.0000,-22.5800,-6.0400,46.5700,0.773692,52.106649,"0.19,0.75,0.00,-22.58,-6.04,46.57"
1244,2026-07-27T13:55:16.203,49.808467,60.127400,-0.0300,0.8500,0.2100,-36.6200,9.2800,48.1600,0.876071,61.208892,"-0.03,0.85,0.21,-36.62,9.28,48.16"
1245,2026-07-27T13:55:16.203,49.809028,0.560500,-0.1500,0.9600,0.2100,-45.2300,-16.7200,28.4400,0.994082,55.983434,"-0.15,0.96,0.21,-45.23,-16.72,28.44"
1246,2026-07-27T13:55:16.264,49.869498,60.470200,-0.1500,0.9600,0.2100,-45.2300,-16.7200,28.4400,0.994082,55.983434,"-0.15,0.96,0.21,-45.23,-16.72,28.44"
1247,2026-07-27T13:55:16.322,49.928160,58.661700,0.0300,1.0000,0.1700,-29.5400,-2.9300,11.4700,1.014791,31.823850,"0.03,1.00,0.17,-29.54,-2.93,11.47"
1248,2026-07-27T13:55:16.323,49.928480,0.320300,0.0400,1.0300,0.2200,-22.7700,-13.0600,6.9000,1.053992,27.141232,"0.04,1.03,0.22,-22.77,-13.06,6.90"
1249,2026-07-27T13:55:16.382,49.987970,59.490300,0.1000,1.0000,0.1600,-16.3600,-28.8100,5.9200,1.017644,33.655789,"0.10,1.00,0.16,-16.36,-28.81,5.92"
1250,2026-07-27T13:55:16.443,50.048292,60.321200,0.0900,0.9600,0.1300,-10.0700,-29.6600,9.4000,0.972934,32.702913,"0.09,0.96,0.13,-10.07,-29.66,9.40"
1251,2026-07-27T13:55:16.443,50.048842,0.549900,0.0200,0.9500,0.1400,-7.8100,-34.0000,10.3100,0.960469,36.377083,"0.02,0.95,0.14,-7.81,-34.00,10.31"
1252,2026-07-27T13:55:16.502,50.107997,59.155700,0.0400,0.9700,0.0500,-13.3700,-32.2900,9.1600,0.972111,36.129027,"0.04,0.97,0.05,-13.37,-32.29,9.16"
1253,2026-07-27T13:55:16.563,50.168370,60.372800,0.0300,1.0000,0.0700,-19.5300,-22.6400,9.6400,1.002896,31.415284,"0.03,1.00,0.07,-19.53,-22.64,9.64"
1254,2026-07-27T13:55:16.563,50.168844,0.474300,-0.0100,1.0000,0.1300,-19.5300,-22.2200,10.5000,1.008464,31.391070,"-0.01,1.00,0.13,-19.53,-22.22,10.50"
1255,2026-07-27T13:55:16.622,50.227952,59.107600,0.0000,0.9900,0.1900,-16.9100,-23.4400,10.0700,1.008067,30.606970,"0.00,0.99,0.19,-16.91,-23.44,10.07"
1256,2026-07-27T13:55:16.683,50.288287,60.335500,0.0600,0.9800,0.1800,-14.8300,-23.7400,7.8700,0.998198,29.076681,"0.06,0.98,0.18,-14.83,-23.74,7.87"
1257,2026-07-27T13:55:16.683,50.288943,0.655400,0.1100,0.9800,0.1600,-13.6700,-32.2900,5.2500,0.999050,35.455261,"0.11,0.98,0.16,-13.67,-32.29,5.25"
1258,2026-07-27T13:55:16.743,50.348622,59.678900,0.0900,0.9800,0.1400,-11.8400,-52.0600,4.0300,0.994032,53.541293,"0.09,0.98,0.14,-11.84,-52.06,4.03"
1259,2026-07-27T13:55:16.803,50.408233,59.611200,0.0200,0.9800,0.1400,-8.4800,-67.9900,5.4300,0.990152,68.731619,"0.02,0.98,0.14,-8.48,-67.99,5.43"
1260,2026-07-27T13:55:16.803,50.408626,0.393000,-0.0600,0.9800,0.1600,-6.9600,-72.3300,9.7000,0.994786,73.308666,"-0.06,0.98,0.16,-6.96,-72.33,9.70"
1261,2026-07-27T13:55:16.863,50.468604,59.978000,-0.1000,0.9900,0.1600,-7.9300,-64.3300,16.5400,1.007819,66.893986,"-0.10,0.99,0.16,-7.93,-64.33,16.54"
1262,2026-07-27T13:55:16.922,50.527858,59.253600,-0.0900,1.0200,0.1500,-6.1600,-41.5000,22.8900,1.034891,47.792758,"-0.09,1.02,0.15,-6.16,-41.50,22.89"
1263,2026-07-27T13:55:16.923,50.528369,0.511200,-0.1200,1.0500,0.0800,4.0300,-11.2900,22.5200,1.059858,25.511868,"-0.12,1.05,0.08,4.03,-11.29,22.52"
1264,2026-07-27T13:55:16.982,50.588085,59.716300,-0.1600,1.0800,-0.0000,16.4800,16.6600,12.7000,1.091788,26.654005,"-0.16,1.08,-0.00,16.48,16.66,12.70"
1265,2026-07-27T13:55:17.043,50.648237,60.151700,-0.0900,1.1300,-0.0800,26.0600,47.0600,-5.7400,1.136398,54.099120,"-0.09,1.13,-0.08,26.06,47.06,-5.74"
1266,2026-07-27T13:55:17.043,50.648853,0.615800,0.1000,1.1100,-0.1700,47.9700,82.6400,-24.2300,1.127386,98.577804,"0.10,1.11,-0.17,47.97,82.64,-24.23"
1267,2026-07-27T13:55:17.103,50.708290,59.437400,0.3300,1.0300,-0.1200,97.6000,79.2800,-33.6900,1.088210,130.177166,"0.33,1.03,-0.12,97.60,79.28,-33.69"
1268,2026-07-27T13:55:17.162,50.767854,59.563600,0.3000,1.0400,0.0900,136.7800,3.3000,-47.2400,1.086140,144.745556,"0.30,1.04,0.09,136.78,3.30,-47.24"
1269,2026-07-27T13:55:17.163,50.768450,0.596400,-0.0300,1.1200,0.2500,119.8700,-88.4400,-77.0300,1.147955,167.702330,"-0.03,1.12,0.25,119.87,-88.44,-77.03"
1270,2026-07-27T13:55:17.222,50.828170,59.720100,-0.2900,1.1500,0.1900,62.4400,-137.5100,-103.9400,1.201124,183.333787,"-0.29,1.15,0.19,62.44,-137.51,-103.94"
1271,2026-07-27T13:55:17.283,50.888786,60.615700,-0.3000,1.1000,-0.0200,4.9400,-124.5700,-106.6900,1.140351,164.087917,"-0.30,1.10,-0.02,4.94,-124.57,-106.69"
1272,2026-07-27T13:55:17.284,50.889389,0.603200,-0.1200,0.9700,-0.1700,-10.6200,-40.8300,-89.6000,0.992069,99.035515,"-0.12,0.97,-0.17,-10.62,-40.83,-89.60"
1273,2026-07-27T13:55:17.342,50.948041,58.651900,0.1100,0.8100,-0.1900,14.9500,66.3500,-65.0600,0.839226,94.120288,"0.11,0.81,-0.19,14.95,66.35,-65.06"
1274,2026-07-27T13:55:17.402,51.008091,60.050600,0.2400,0.7000,-0.1500,38.9400,118.2900,-38.7600,0.755050,130.426935,"0.24,0.70,-0.15,38.94,118.29,-38.76"
1275,2026-07-27T13:55:17.403,51.008401,0.309800,0.1500,0.6800,-0.1600,36.3800,92.9000,-11.3500,0.714493,100.412832,"0.15,0.68,-0.16,36.38,92.90,-11.35"
1276,2026-07-27T13:55:17.464,51.069493,61.091900,-0.0700,0.7500,-0.2400,16.8500,43.5800,13.4900,0.790569,48.632489,"-0.07,0.75,-0.24,16.85,43.58,13.49"
1277,2026-07-27T13:55:17.522,51.128165,58.671400,-0.3000,0.8700,-0.3400,-9.4000,6.1000,27.3400,0.981071,29.547345,"-0.30,0.87,-0.34,-9.40,6.10,27.34"
1278,2026-07-27T13:55:17.523,51.128967,0.802500,-0.4700,0.9800,-0.4000,-27.1600,-2.6900,30.2100,1.158145,40.712968,"-0.47,0.98,-0.40,-27.16,-2.69,30.21"
1279,2026-07-27T13:55:17.583,51.188270,59.303200,-0.5700,1.0500,-0.4900,-18.6800,27.7700,23.6200,1.291317,40.963639,"-0.57,1.05,-0.49,-18.68,27.77,23.62"
1280,2026-07-27T13:55:17.642,51.248103,59.832600,-0.4500,0.9600,-0.4900,1.4600,54.7500,6.4700,1.167990,55.150295,"-0.45,0.96,-0.49,1.46,54.75,6.47"
1281,2026-07-27T13:55:17.643,51.248484,0.381000,-0.1400,0.8100,-0.2800,2.8100,39.9800,-11.5400,0.868389,41.706931,"-0.14,0.81,-0.28,2.81,39.98,-11.54"
1282,2026-07-27T13:55:17.702,51.308040,59.555900,0.0500,0.9200,-0.1800,-23.1900,9.7700,-7.5100,0.938776,26.260790,"0.05,0.92,-0.18,-23.19,9.77,-7.51"
1283,2026-07-27T13:55:17.764,51.369592,61.551800,-0.0800,1.2100,-0.3000,-48.6500,21.6100,20.3900,1.249200,57.004971,"-0.08,1.21,-0.30,-48.65,21.61,20.39"
1284,2026-07-27T13:55:17.764,51.370118,0.526700,-0.1100,1.3000,-0.3700,-60.3000,44.9200,31.3700,1.356097,81.473758,"-0.11,1.30,-0.37,-60.30,44.92,31.37"
1285,2026-07-27T13:55:17.823,51.428333,58.214900,0.1200,1.0300,-0.2300,-62.0700,7.4500,22.8900,1.062168,66.574316,"0.12,1.03,-0.23,-62.07,7.45,22.89"
1286,2026-07-27T13:55:17.893,51.498531,70.198300,0.1500,0.8100,-0.1000,-50.9600,-58.9000,25.7600,0.829819,82.034805,"0.15,0.81,-0.10,-50.96,-58.90,25.76"
1287,2026-07-27T13:55:17.893,51.499109,0.577400,-0.0600,0.8500,0.0400,-35.6400,-65.0600,36.3800,0.853053,82.622743,"-0.06,0.85,0.04,-35.64,-65.06,36.38"
1288,2026-07-27T13:55:17.942,51.548102,48.992800,-0.1600,0.9500,0.1800,-33.0200,-27.0400,37.4800,0.980051,56.799933,"-0.16,0.95,0.18,-33.02,-27.04,37.48"
1289,2026-07-27T13:55:18.003,51.608400,60.298600,-0.0300,0.9700,0.1600,-40.3400,-14.7100,25.8800,0.983565,50.134560,"-0.03,0.97,0.16,-40.34,-14.71,25.88"
1290,2026-07-27T13:55:18.003,51.608717,0.316600,0.0800,1.0100,0.1400,-41.9900,-20.0800,14.8300,1.022790,48.849723,"0.08,1.01,0.14,-41.99,-20.08,14.83"
1291,2026-07-27T13:55:18.063,51.668893,60.176400,0.1200,1.0600,0.1800,-35.2200,-31.0700,11.4700,1.081850,48.346191,"0.12,1.06,0.18,-35.22,-31.07,11.47"
1292,2026-07-27T13:55:18.123,51.728203,59.309400,0.1500,1.0100,0.2000,-27.4000,-58.8400,9.2200,1.040481,65.558478,"0.15,1.01,0.20,-27.40,-58.84,9.22"
1293,2026-07-27T13:55:18.123,51.728722,0.519300,0.1700,0.9400,0.2200,-25.0900,-87.4000,3.4800,0.980255,90.996585,"0.17,0.94,0.22,-25.09,-87.40,3.48"
1294,2026-07-27T13:55:18.182,51.788015,59.292800,0.1800,0.9300,0.2200,-25.5100,-99.9100,-0.7300,0.972471,103.117899,"0.18,0.93,0.22,-25.51,-99.91,-0.73"
1295,2026-07-27T13:55:18.242,51.848107,60.092100,0.2000,0.9600,0.1900,-23.8000,-103.4500,-0.3100,0.998849,106.152902,"0.20,0.96,0.19,-23.80,-103.45,-0.31"
1296,2026-07-27T13:55:18.243,51.848677,0.570500,0.1800,0.9800,0.1900,-20.3900,-106.3200,3.5400,1.014347,108.315401,"0.18,0.98,0.19,-20.39,-106.32,3.54"
1297,2026-07-27T13:55:18.302,51.907954,59.277000,0.0900,0.9800,0.2000,-16.8500,-108.4600,8.5400,1.004241,110.092805,"0.09,0.98,0.20,-16.85,-108.46,8.54"
1298,2026-07-27T13:55:18.362,51.967939,59.984700,-0.0200,0.9700,0.2100,-14.9500,-106.3200,11.6000,0.992673,107.990763,"-0.02,0.97,0.21,-14.95,-106.32,11.60"
1299,2026-07-27T13:55:18.363,51.968479,0.539800,-0.0700,0.9800,0.2400,-12.1500,-99.1800,11.7800,1.011385,100.613435,"-0.07,0.98,0.24,-12.15,-99.18,11.78"
1300,2026-07-27T13:55:18.422,52.027999,59.520000,-0.0400,1.0000,0.2500,-6.5300,-96.9200,10.1900,1.031552,97.672736,"-0.04,1.00,0.25,-6.53,-96.92,10.19"
1301,2026-07-27T13:55:18.484,52.089687,61.688600,-0.0100,1.0000,0.2200,1.4000,-106.0200,7.2000,1.023963,106.273423,"-0.01,1.00,0.22,1.40,-106.02,7.20"
1302,2026-07-27T13:55:18.485,52.090224,0.536800,0.0400,0.9900,0.1800,11.7200,-112.6700,2.2600,1.007025,113.300463,"0.04,0.99,0.18,11.72,-112.67,2.26"
1303,2026-07-27T13:55:18.543,52.148686,58.461300,0.0500,1.0000,0.1800,20.1400,-116.5800,-2.6200,1.017300,118.335880,"0.05,1.00,0.18,20.14,-116.58,-2.62"
1304,2026-07-27T13:55:18.603,52.208267,59.581400,0.1200,1.0400,0.1700,23.1300,-129.7000,-9.8300,1.060613,132.112512,"0.12,1.04,0.17,23.13,-129.70,-9.83"
1305,2026-07-27T13:55:18.662,52.267362,59.095400,0.3200,1.0900,0.1100,25.0900,-135.4400,-22.7100,1.141315,139.603889,"0.32,1.09,0.11,25.09,-135.44,-22.71"
1306,2026-07-27T13:55:18.663,52.268623,1.260400,0.5000,1.0600,0.1300,38.9400,-119.6300,-23.8600,1.179195,128.050615,"0.50,1.06,0.13,38.94,-119.63,-23.86"
1307,2026-07-27T13:55:18.723,52.328402,59.779400,0.5700,0.9500,0.2000,53.8900,-114.1400,-0.6700,1.125789,126.224089,"0.57,0.95,0.20,53.89,-114.14,-0.67"
1308,2026-07-27T13:55:18.723,52.328812,0.409800,0.5600,0.9000,0.2400,42.1100,-157.5900,25.5100,1.086830,165.101848,"0.56,0.90,0.24,42.11,-157.59,25.51"
1309,2026-07-27T13:55:18.782,52.388123,59.311200,0.4100,0.9500,0.2600,13.9800,-219.9100,37.4800,1.066865,223.518677,"0.41,0.95,0.26,13.98,-219.91,37.48"
1310,2026-07-27T13:55:18.842,52.448088,59.965100,0.2200,1.0000,0.2400,-7.3900,-250.7900,38.3900,1.051665,253.818889,"0.22,1.00,0.24,-7.39,-250.79,38.39"
1311,2026-07-27T13:55:18.843,52.448527,0.438800,0.0500,0.9900,0.1500,-18.8000,-266.3000,28.2600,1.002547,268.454386,"0.05,0.99,0.15,-18.80,-266.30,28.26"
1312,2026-07-27T13:55:18.903,52.508892,60.365200,-0.1700,0.9600,0.0100,-18.6200,-285.9500,10.0100,0.974987,286.730373,"-0.17,0.96,0.01,-18.62,-285.95,10.01"
1313,2026-07-27T13:55:18.963,52.569032,60.139400,-0.2200,0.9200,-0.1000,-6.9000,-293.2100,-5.1300,0.951210,293.336038,"-0.22,0.92,-0.10,-6.90,-293.21,-5.13"
1314,2026-07-27T13:55:18.964,52.569543,0.511300,-0.0800,0.8700,-0.1500,2.8700,-271.7900,-9.4000,0.886454,271.967647,"-0.08,0.87,-0.15,2.87,-271.79,-9.40"
1315,2026-07-27T13:55:19.022,52.628132,58.589400,0.0000,0.8400,-0.1500,2.9900,-212.4000,-1.6500,0.853288,212.427453,"0.00,0.84,-0.15,2.99,-212.40,-1.65"
1316,2026-07-27T13:55:19.082,52.688036,59.903900,-0.0600,0.8400,-0.1900,-20.8700,-84.6600,21.1200,0.863308,89.715812,"-0.06,0.84,-0.19,-20.87,-84.66,21.12"
1317,2026-07-27T13:55:19.083,52.688392,0.355300,-0.1800,0.8600,-0.2800,-34.1800,-76.2900,15.9300,0.922171,85.101125,"-0.18,0.86,-0.28,-34.18,-76.29,15.93"
1318,2026-07-27T13:55:19.143,52.748424,60.032100,-0.2200,0.8800,-0.3500,-35.2200,-86.2400,5.6200,0.972265,93.324008,"-0.22,0.88,-0.35,-35.22,-86.24,5.62"
1319,2026-07-27T13:55:19.203,52.808220,59.796100,-0.2100,0.9300,-0.3900,-31.5600,-80.0800,0.6100,1.030097,86.076780,"-0.21,0.93,-0.39,-31.56,-80.08,0.61"
1320,2026-07-27T13:55:19.203,52.808638,0.418200,-0.1900,1.1000,-0.3800,-37.1700,-65.1900,-3.3600,1.179195,75.117472,"-0.19,1.10,-0.38,-37.17,-65.19,-3.36"
1321,2026-07-27T13:55:19.262,52.868019,59.380700,-0.0700,1.2800,-0.1800,-47.3600,-67.3200,-11.3500,1.294488,83.088955,"-0.07,1.28,-0.18,-47.36,-67.32,-11.35"
1322,2026-07-27T13:55:19.323,52.928356,60.337600,0.2400,1.1900,-0.0400,-41.5000,-79.8300,-10.5600,1.214619,90.590245,"0.24,1.19,-0.04,-41.50,-79.83,-10.56"
1323,2026-07-27T13:55:19.323,52.928839,0.482300,0.4000,0.9500,0.0200,-21.1200,-86.5500,5.6800,1.030970,89.270484,"0.40,0.95,0.02,-21.12,-86.55,5.68"
1324,2026-07-27T13:55:19.383,52.988943,60.104200,0.1900,0.8900,0.3600,-12.8800,-84.9600,17.7000,0.978673,87.734748,"0.19,0.89,0.36,-12.88,-84.96,17.70"
1325,2026-07-27T13:55:19.443,53.048318,59.375400,-0.0900,1.0200,0.4300,-22.8900,-102.4800,9.4600,1.110585,105.430518,"-0.09,1.02,0.43,-22.89,-102.48,9.46"
1326,2026-07-27T13:55:19.443,53.048968,0.650300,0.0700,0.9600,0.2100,-33.5100,-127.8100,-7.0200,0.985190,132.316275,"0.07,0.96,0.21,-33.51,-127.81,-7.02"
1327,2026-07-27T13:55:19.502,53.108012,59.043800,0.0900,0.9100,0.0600,-32.1000,-129.3900,-14.1600,0.916406,134.062253,"0.09,0.91,0.06,-32.10,-129.39,-14.16"
1328,2026-07-27T13:55:19.562,53.167986,59.974200,-0.0300,0.9800,-0.0100,-32.1000,-129.3900,-14.1600,0.980510,134.062253,"-0.03,0.98,-0.01,-32.10,-129.39,-14.16"
1329,2026-07-27T13:55:19.563,53.168997,1.010300,-0.0300,0.9800,-0.0100,-32.1000,-129.3900,-14.1600,0.980510,134.062253,"-0.03,0.98,-0.01,-32.10,-129.39,-14.16"
1330,2026-07-27T13:55:19.623,53.228336,59.338800,-0.0400,1.0900,0.0700,-5.3100,-101.6200,-4.4600,1.092978,101.856331,"-0.04,1.09,0.07,-5.31,-101.62,-4.46"
1331,2026-07-27T13:55:19.683,53.288624,60.288300,-0.0100,1.0000,0.1200,2.8100,-74.5200,2.2600,1.007224,74.607199,"-0.01,1.00,0.12,2.81,-74.52,2.26"
1332,2026-07-27T13:55:19.683,53.289026,0.401800,-0.0900,0.9800,0.1200,5.5500,-54.2600,7.6300,0.991413,55.074195,"-0.09,0.98,0.12,5.55,-54.26,7.63"
1333,2026-07-27T13:55:19.743,53.348241,59.215400,-0.1400,0.9900,0.0800,6.1600,-48.4600,6.5900,1.003045,49.292447,"-0.14,0.99,0.08,6.16,-48.46,6.59"
1334,2026-07-27T13:55:19.803,53.408947,60.706400,-0.1300,0.9900,0.0500,9.9500,-53.7700,1.4000,0.999750,54.700781,"-0.13,0.99,0.05,9.95,-53.77,1.40"
1335,2026-07-27T13:55:19.804,53.409357,0.409200,-0.1000,0.9800,-0.0000,16.9700,-52.3700,-1.7100,0.985089,55.077417,"-0.10,0.98,-0.00,16.97,-52.37,-1.71"
1336,2026-07-27T13:55:19.862,53.467973,58.616800,-0.1000,1.0100,-0.0800,22.2200,-44.0100,-1.2800,1.018086,49.317815,"-0.10,1.01,-0.08,22.22,-44.01,-1.28"
1337,2026-07-27T13:55:19.922,53.527907,59.933200,-0.0900,1.0400,-0.1400,24.9600,-36.9900,-2.3800,1.053233,44.686979,"-0.09,1.04,-0.14,24.96,-36.99,-2.38"
1338,2026-07-27T13:55:19.923,53.528389,0.482300,-0.1000,1.0200,-0.2000,32.4100,-39.6100,-10.1300,1.044222,52.172570,"-0.10,1.02,-0.20,32.41,-39.61,-10.13"
1339,2026-07-27T13:55:20.042,53.647546,119.156600,-0.1500,1.0100,-0.1900,50.1700,-61.2200,-25.8800,1.038605,83.274796,"-0.15,1.01,-0.19,50.17,-61.22,-25.88"
1340,2026-07-27T13:55:20.043,53.649036,1.490300,-0.1700,1.0400,-0.0800,62.1300,-102.4200,-54.3200,1.056835,131.531957,"-0.17,1.04,-0.08,62.13,-102.42,-54.32"
1341,2026-07-27T13:55:20.044,53.649596,0.560600,-0.1200,1.1100,0.0300,49.4400,-110.6000,-89.4800,1.116871,150.609907,"-0.12,1.11,0.03,49.44,-110.60,-89.48"
1342,2026-07-27T13:55:20.103,53.708365,58.768200,-0.1300,1.1600,0.1000,30.1500,-43.1500,-103.7600,1.171537,116.348969,"-0.13,1.16,0.10,30.15,-43.15,-103.76"
1343,2026-07-27T13:55:20.162,53.768145,59.780200,-0.2000,1.1000,0.1100,22.1600,51.5700,-86.3000,1.123432,102.947659,"-0.20,1.10,0.11,22.16,51.57,-86.30"
1344,2026-07-27T13:55:20.163,53.768953,0.808200,-0.1400,0.9200,-0.0100,16.4800,114.2600,-58.4100,0.930645,129.377997,"-0.14,0.92,-0.01,16.48,114.26,-58.41"
1345,2026-07-27T13:55:20.222,53.827831,58.878000,0.0200,0.7600,-0.1800,6.5900,129.7600,-39.0000,0.781281,135.654287,"0.02,0.76,-0.18,6.59,129.76,-39.00"
1346,2026-07-27T13:55:20.282,53.887987,60.155800,0.1200,0.7200,-0.2500,-7.6900,107.8500,-27.5900,0.771557,111.588381,"0.12,0.72,-0.25,-7.69,107.85,-27.59"
1347,2026-07-27T13:55:20.283,53.888336,0.349400,0.1000,0.7700,-0.2600,-23.3800,67.0800,-15.3800,0.818841,72.683528,"0.10,0.77,-0.26,-23.38,67.08,-15.38"
1348,2026-07-27T13:55:20.343,53.948307,59.971100,0.0300,0.8500,-0.2400,-34.2400,31.6200,2.9900,0.883742,46.702699,"0.03,0.85,-0.24,-34.24,31.62,2.99"
1349,2026-07-27T13:55:20.403,54.008329,60.021900,-0.0500,0.9300,-0.2200,-39.7300,10.8600,24.0500,0.956974,47.695021,"-0.05,0.93,-0.22,-39.73,10.86,24.05"
1350,2026-07-27T13:55:20.403,54.008895,0.565900,-0.1200,0.9900,-0.2400,-44.1900,-5.6200,38.2700,1.025719,58.727620,"-0.12,0.99,-0.24,-44.19,-5.62,38.27"
1351,2026-07-27T13:55:20.463,54.068407,59.512200,-0.3000,1.0000,-0.2900,-40.2800,-17.9400,38.8200,1.083559,58.747888,"-0.30,1.00,-0.29,-40.28,-17.94,38.82"
1352,2026-07-27T13:55:20.523,54.129056,60.648600,-0.5200,1.0000,-0.2700,-25.4500,-25.1500,27.7700,1.159008,45.292360,"-0.52,1.00,-0.27,-25.45,-25.15,27.77"
1353,2026-07-27T13:55:20.524,54.130033,0.976800,-0.4700,1.0700,-0.0500,-19.1700,-36.9900,16.3000,1.169744,44.737445,"-0.47,1.07,-0.05,-19.17,-36.99,16.30"
1354,2026-07-27T13:55:20.583,54.188284,58.251300,-0.1500,1.1300,0.0800,-25.0900,-27.3400,17.4600,1.142716,41.010185,"-0.15,1.13,0.08,-25.09,-27.34,17.46"
1355,2026-07-27T13:55:20.642,54.248109,59.825100,0.1400,1.1200,-0.0800,-34.7300,3.7800,24.6600,1.131548,42.761863,"0.14,1.12,-0.08,-34.73,3.78,24.66"
1356,2026-07-27T13:55:20.643,54.248622,0.513100,0.1300,1.0400,-0.1600,-43.4000,9.6400,26.7300,1.060236,51.874681,"0.13,1.04,-0.16,-43.40,9.64,26.73"
1357,2026-07-27T13:55:20.703,54.308312,59.689700,0.0500,0.9000,-0.0800,-33.9400,-14.4000,21.8500,0.904931,42.856809,"0.05,0.90,-0.08,-33.94,-14.40,21.85"
1358,2026-07-27T13:55:20.763,54.368485,60.173300,0.0700,0.9000,0.1400,-11.5400,-35.5200,15.3200,0.913510,40.367616,"0.07,0.90,0.14,-11.54,-35.52,15.32"
1359,2026-07-27T13:55:20.764,54.369551,1.065600,0.0800,1.0200,0.2700,-8.3600,-25.3900,15.1400,1.058159,30.720698,"0.08,1.02,0.27,-8.36,-25.39,15.14"
1360,2026-07-27T13:55:20.823,54.428441,58.890500,0.1500,1.0500,0.1700,-22.8300,-10.8000,17.4000,1.074197,30.669348,"0.15,1.05,0.17,-22.83,-10.80,17.40"
1361,2026-07-27T13:55:20.942,54.547760,119.318600,0.1000,1.0100,0.1200,-24.9600,-29.5400,17.4600,1.022008,42.431884,"0.10,1.01,0.12,-24.96,-29.54,17.46"
1362,2026-07-27T13:55:20.943,54.548919,1.158800,-0.0400,0.9700,0.1100,-11.4700,-53.5900,13.7300,0.977036,56.497450,"-0.04,0.97,0.11,-11.47,-53.59,13.73"
1363,2026-07-27T13:55:20.944,54.549801,0.882600,-0.0500,0.9600,0.0400,-0.9800,-51.0900,8.5400,0.962133,51.808108,"-0.05,0.96,0.04,-0.98,-51.09,8.54"
1364,2026-07-27T13:55:21.002,54.608163,58.361500,-0.0200,0.9500,0.0800,1.8300,-30.8200,9.2800,0.953572,32.238792,"-0.02,0.95,0.08,1.83,-30.82,9.28"
1365,2026-07-27T13:55:21.003,54.608410,0.247600,-0.0300,0.9700,0.1600,2.0800,-11.4700,13.6100,0.983565,17.919805,"-0.03,0.97,0.16,2.08,-11.47,13.61"
1366,2026-07-27T13:55:21.062,54.668111,59.700400,0.0100,1.0100,0.1800,1.5900,7.2600,13.6700,1.025963,15.559711,"0.01,1.01,0.18,1.59,7.26,13.67"
1367,2026-07-27T13:55:21.122,54.728073,59.962600,0.0200,1.0200,0.1500,3.1700,35.2800,12.1500,1.031164,37.447961,"0.02,1.02,0.15,3.17,35.28,12.15"
1368,2026-07-27T13:55:21.123,54.728463,0.389900,-0.0600,0.9900,0.1200,5.8000,52.1900,13.5500,0.999050,54.231343,"-0.06,0.99,0.12,5.80,52.19,13.55"
1369,2026-07-27T13:55:21.182,54.788076,59.612700,-0.1100,0.9800,0.0900,6.9000,43.3300,14.1000,0.990252,46.085886,"-0.11,0.98,0.09,6.90,43.33,14.10"
1370,2026-07-27T13:55:21.244,54.849924,61.848100,-0.0700,1.0000,0.0700,7.5100,21.4800,11.6600,1.004888,25.568459,"-0.07,1.00,0.07,7.51,21.48,11.66"
1371,2026-07-27T13:55:21.245,54.850464,0.539500,-0.0000,1.0000,0.0800,8.1800,-0.6100,11.1100,1.003195,13.810018,"-0.00,1.00,0.08,8.18,-0.61,11.11"
1372,2026-07-27T13:55:21.303,54.908534,58.070500,0.0100,1.0100,0.1100,8.6100,-10.1900,15.5000,1.016022,20.450384,"0.01,1.01,0.11,8.61,-10.19,15.50"
1373,2026-07-27T13:55:21.364,54.969327,60.793300,0.0200,1.0100,0.1400,10.6200,-0.0600,19.7100,1.019853,22.389107,"0.02,1.01,0.14,10.62,-0.06,19.71"
1374,2026-07-27T13:55:21.365,54.970248,0.920500,0.0900,0.9900,0.0900,13.3700,21.3600,17.8200,0.998148,30.863553,"0.09,0.99,0.09,13.37,21.36,17.82"
1375,2026-07-27T13:55:21.543,55.148410,178.161700,0.1700,0.9600,-0.0200,16.3000,40.2800,11.3500,0.975141,44.910922,"0.17,0.96,-0.02,16.30,40.28,11.35"
1376,2026-07-27T13:55:21.544,55.149506,1.096500,0.2100,0.9300,-0.0800,23.9300,39.4900,5.4300,0.956765,46.492902,"0.21,0.93,-0.08,23.93,39.49,5.43"
1377,2026-07-27T13:55:21.547,55.152992,3.485600,0.1900,0.9600,-0.1300,35.5800,7.5700,0.1800,0.987218,36.376829,"0.19,0.96,-0.13,35.58,7.57,0.18"
1378,2026-07-27T13:55:21.548,55.153439,0.447300,0.1300,1.1000,-0.2300,42.4800,-37.9600,-7.6900,1.131282,57.486069,"0.13,1.10,-0.23,42.48,-37.96,-7.69"
1379,2026-07-27T13:55:21.602,55.208134,54.695300,-0.0900,1.2300,-0.2400,41.7500,-71.3500,-16.6600,1.256423,84.329358,"-0.09,1.23,-0.24,41.75,-71.35,-16.66"
1380,2026-07-27T13:55:21.603,55.208647,0.512400,-0.1900,1.1700,-0.2600,32.0400,-109.3700,-28.0200,1.213507,117.360466,"-0.19,1.17,-0.26,32.04,-109.37,-28.02"
1381,2026-07-27T13:55:21.663,55.268911,60.264600,0.0900,1.0000,-0.3400,34.4200,-119.2000,-31.4300,1.060047,127.989145,"0.09,1.00,-0.34,34.42,-119.20,-31.43"
1382,2026-07-27T13:55:21.723,55.328798,59.886900,0.3300,0.8500,-0.2700,55.9700,-34.9100,-20.9400,0.950947,69.208617,"0.33,0.85,-0.27,55.97,-34.91,-20.94"
1383,2026-07-27T13:55:21.723,55.329131,0.333100,0.2500,0.7800,-0.1400,55.4200,50.2900,-15.2600,0.830963,76.376227,"0.25,0.78,-0.14,55.42,50.29,-15.26"
1384,2026-07-27T13:55:21.843,55.448311,119.179300,0.0500,0.7900,-0.1200,28.5600,46.2600,-17.8800,0.800625,57.230723,"0.05,0.79,-0.12,28.56,46.26,-17.88"
1385,2026-07-27T13:55:21.843,55.448689,0.378100,-0.0300,0.8300,-0.2000,7.1400,11.4700,-17.1500,0.854283,21.832613,"-0.03,0.83,-0.20,7.14,11.47,-17.15"
1386,2026-07-27T13:55:21.843,55.449131,0.441900,-0.0000,0.8700,-0.2600,-1.5300,3.8500,-10.8000,0.908020,11.567342,"-0.00,0.87,-0.26,-1.53,3.85,-10.80"
1387,2026-07-27T13:55:21.903,55.508383,59.252600,0.0600,0.9200,-0.2900,-7.6300,16.2400,-3.6000,0.966488,18.300669,"0.06,0.92,-0.29,-7.63,16.24,-3.60"
1388,2026-07-27T13:55:21.963,55.569042,60.658700,0.0600,0.9500,-0.3500,-13.6700,27.7100,1.7700,1.014199,30.949086,"0.06,0.95,-0.35,-13.67,27.71,1.77"
1389,2026-07-27T13:55:21.965,55.570316,1.273600,0.0000,0.9400,-0.4000,-16.9700,30.4600,0.6100,1.021567,34.873552,"0.00,0.94,-0.40,-16.97,30.46,0.61"
1390,2026-07-27T13:55:22.023,55.628651,58.335800,0.0100,0.9000,-0.4000,-16.0500,10.1300,-9.0900,0.984937,21.043942,"0.01,0.90,-0.40,-16.05,10.13,-9.09"
1391,2026-07-27T13:55:22.083,55.688797,60.145300,0.0800,0.8400,-0.3500,-18.6200,-20.4500,-15.6200,0.913510,31.763049,"0.08,0.84,-0.35,-18.62,-20.45,-15.62"
1392,2026-07-27T13:55:22.084,55.689286,0.489100,-0.0400,1.0300,-0.3300,-27.2200,-37.9600,-14.5900,1.082312,48.936266,"-0.04,1.03,-0.33,-27.22,-37.96,-14.59"
1393,2026-07-27T13:55:22.202,55.807564,118.278500,-0.0300,1.2500,-0.2600,-23.6800,-28.5000,-7.1400,1.277106,37.735554,"-0.03,1.25,-0.26,-23.68,-28.50,-7.14"
1394,2026-07-27T13:55:22.202,55.807912,0.347300,0.2900,1.1000,-0.0100,-11.3500,-31.0700,12.0200,1.137629,35.194429,"0.29,1.10,-0.01,-11.35,-31.07,12.02"
1395,2026-07-27T13:55:22.203,55.808615,0.703500,0.2300,0.9300,0.2700,-23.1300,-71.3500,27.4700,0.995339,79.877533,"0.23,0.93,0.27,-23.13,-71.35,27.47"
1396,2026-07-27T13:55:22.264,55.869421,60.806100,-0.0600,0.9600,0.2900,-41.0200,-96.4400,22.8900,1.004639,107.271926,"-0.06,0.96,0.29,-41.02,-96.44,22.89"
1397,2026-07-27T13:55:22.323,55.928272,58.850700,-0.0800,1.0300,0.1100,-33.6900,-84.1700,9.7000,1.038942,91.179466,"-0.08,1.03,0.11,-33.69,-84.17,9.70"
1398,2026-07-27T13:55:22.323,55.928676,0.404200,-0.1700,1.0300,0.0800,-12.3900,-62.8700,-0.5500,1.046996,64.081600,"-0.17,1.03,0.08,-12.39,-62.87,-0.55"
1399,2026-07-27T13:55:22.382,55.988052,59.376200,-0.1300,0.9600,0.0400,1.4000,-34.3000,-2.3200,0.969588,34.406866,"-0.13,0.96,0.04,1.40,-34.30,-2.32"
1400,2026-07-27T13:55:22.443,56.048251,60.198900,-0.1200,0.9600,-0.0400,1.8900,-1.5300,6.4100,0.968297,6.855735,"-0.12,0.96,-0.04,1.89,-1.53,6.41"
1401,2026-07-27T13:55:22.443,56.048685,0.434100,-0.1600,0.9900,-0.0700,-5.4300,4.2100,14.3400,1.005286,15.901088,"-0.16,0.99,-0.07,-5.43,4.21,14.34"
1402,2026-07-27T13:55:22.503,56.108948,60.263100,-0.1500,1.0000,-0.0400,-10.1900,-19.0400,12.5700,1.011978,24.987249,"-0.15,1.00,-0.04,-10.19,-19.04,12.57"
1403,2026-07-27T13:55:22.623,56.228335,119.386600,-0.1100,0.9900,-0.0000,-9.3400,-26.5500,7.6300,0.996092,29.160847,"-0.11,0.99,-0.00,-9.34,-26.55,7.63"
1404,2026-07-27T13:55:22.623,56.228823,0.487800,-0.0500,1.0000,0.0100,-7.1400,3.4200,7.8100,1.001299,11.120796,"-0.05,1.00,0.01,-7.14,3.42,7.81"
1405,2026-07-27T13:55:22.624,56.229808,0.985300,-0.0200,1.0000,0.0100,-4.7600,38.7000,12.3300,1.000250,40.894700,"-0.02,1.00,0.01,-4.76,38.70,12.33"
1406,2026-07-27T13:55:22.683,56.288300,58.492200,-0.0200,0.9900,0.0000,-3.3600,48.5800,16.4800,0.990202,51.409108,"-0.02,0.99,0.00,-3.36,48.58,16.48"
1407,2026-07-27T13:55:22.683,56.288625,0.324300,-0.0400,0.9900,0.0100,-3.2300,37.6600,19.0400,0.990858,42.322926,"-0.04,0.99,0.01,-3.23,37.66,19.04"
1408,2026-07-27T13:55:22.743,56.348421,59.796000,-0.1000,0.9800,0.0400,-1.5300,26.9200,21.6100,0.985901,34.554586,"-0.10,0.98,0.04,-1.53,26.92,21.61"
1409,2026-07-27T13:55:22.803,56.408196,59.775900,-0.1500,0.9800,0.0900,2.5600,29.2400,24.2300,0.995490,38.060795,"-0.15,0.98,0.09,2.56,29.24,24.23"
1410,2026-07-27T13:55:22.803,56.408832,0.635100,-0.1800,1.0100,0.1400,7.3200,48.5800,24.6600,1.035423,54.970123,"-0.18,1.01,0.14,7.32,48.58,24.66"
1411,2026-07-27T13:55:22.862,56.468151,59.319900,-0.1600,1.0400,0.1500,11.1100,74.8300,22.8300,1.062873,79.020060,"-0.16,1.04,0.15,11.11,74.83,22.83"
1412,2026-07-27T13:55:22.923,56.528235,60.083400,-0.1400,1.0600,0.1000,15.4400,86.4900,21.6700,1.073872,90.490345,"-0.14,1.06,0.10,15.44,86.49,21.67"
1413,2026-07-27T13:55:22.982,56.587536,59.301000,-0.1500,1.0800,0.0000,22.2800,79.5300,23.3200,1.090367,85.820986,"-0.15,1.08,0.00,22.28,79.53,23.32"
1414,2026-07-27T13:55:23.042,56.647846,60.310100,-0.2200,1.1000,-0.1000,34.8500,77.9400,23.7400,1.126233,88.615764,"-0.22,1.10,-0.10,34.85,77.94,23.74"
1415,2026-07-27T13:55:23.044,56.649427,1.580800,-0.2200,1.0700,-0.1500,59.2700,102.0500,11.4100,1.102633,118.563584,"-0.22,1.07,-0.15,59.27,102.05,11.41"
1416,2026-07-27T13:55:23.044,56.650064,0.637200,-0.0500,1.0100,-0.1400,88.9900,117.1300,-14.0400,1.020882,147.769343,"-0.05,1.01,-0.14,88.99,117.13,-14.04"
1417,2026-07-27T13:55:23.102,56.707967,57.902600,0.0300,1.0200,-0.1000,98.2100,74.4000,-38.8800,1.025329,129.198369,"0.03,1.02,-0.10,98.21,74.40,-38.88"
1418,2026-07-27T13:55:23.163,56.768496,60.529400,-0.0400,1.0600,0.0200,66.8300,0.7300,-60.3600,1.060943,90.056157,"-0.04,1.06,0.02,66.83,0.73,-60.36"
1419,2026-07-27T13:55:23.163,56.769128,0.631700,-0.1700,1.1100,0.2200,11.8400,-19.7100,-81.2400,1.144290,84.431080,"-0.17,1.11,0.22,11.84,-19.71,-81.24"
1420,2026-07-27T13:55:23.343,56.948470,179.342200,-0.2000,1.1400,0.3000,-34.5500,40.4700,-92.7100,1.195659,106.895592,"-0.20,1.14,0.30,-34.55,40.47,-92.71"
1421,2026-07-27T13:55:23.343,56.948974,0.504400,-0.0100,1.1400,0.2300,-47.9100,137.3900,-96.1300,1.163013,174.391391,"-0.01,1.14,0.23,-47.91,137.39,-96.13"
1422,2026-07-27T13:55:23.344,56.949644,0.670200,0.2100,1.0700,0.0700,-22.2800,218.5100,-101.5000,1.092657,241.961295,"0.21,1.07,0.07,-22.28,218.51,-101.50"
1423,2026-07-27T13:55:23.345,56.950256,0.611800,0.3100,0.9300,-0.0800,13.9200,241.2700,-103.3300,0.983565,262.834678,"0.31,0.93,-0.08,13.92,241.27,-103.33"
1424,2026-07-27T13:55:23.403,57.008414,58.158100,0.3300,0.8000,-0.1600,32.4700,199.1600,-91.4300,0.880057,221.536569,"0.33,0.80,-0.16,32.47,199.16,-91.43"
1425,2026-07-27T13:55:23.403,57.008962,0.547300,0.2500,0.7100,-0.2000,26.8600,132.5100,-65.8600,0.778845,150.392484,"0.25,0.71,-0.20,26.86,132.51,-65.86"
1426,2026-07-27T13:55:23.522,57.127828,118.866600,0.0600,0.7000,-0.2900,4.8800,87.2200,-33.8700,0.760066,93.692688,"0.06,0.70,-0.29,4.88,87.22,-33.87"
1427,2026-07-27T13:55:23.523,57.128202,0.373900,-0.1900,0.8000,-0.4500,-16.3000,73.8500,-6.2900,0.937337,75.888580,"-0.19,0.80,-0.45,-16.30,73.85,-6.29"
1428,2026-07-27T13:55:23.524,57.129320,1.118200,-0.4800,1.0000,-0.6000,-25.8200,68.1800,4.0900,1.261111,73.019949,"-0.48,1.00,-0.60,-25.82,68.18,4.09"
1429,2026-07-27T13:55:23.583,57.188389,59.068600,-0.6000,0.9500,-0.5000,-27.7700,39.0000,-6.4100,1.229837,48.303840,"-0.60,0.95,-0.50,-27.77,39.00,-6.41"
1430,2026-07-27T13:55:23.643,57.249151,60.761900,-0.3000,0.9900,-0.0500,-47.9700,-11.2300,-6.2900,1.035664,49.666869,"-0.30,0.99,-0.05,-47.97,-11.23,-6.29"
1431,2026-07-27T13:55:23.644,57.249316,0.164700,0.1700,1.6700,0.0800,-89.6000,-38.6400,30.5200,1.680536,102.238349,"0.17,1.67,0.08,-89.60,-38.64,30.52"
1432,2026-07-27T13:55:23.705,57.310305,60.989300,0.6300,1.5200,-0.1600,-109.6200,-49.6800,42.8500,1.653149,127.752766,"0.63,1.52,-0.16,-109.62,-49.68,42.85"
1433,2026-07-27T13:55:23.763,57.368489,58.184100,0.9300,0.6700,-0.0200,-81.7900,-113.0400,25.3300,1.146386,141.807103,"0.93,0.67,-0.02,-81.79,-113.04,25.33"
1434,2026-07-27T13:55:23.763,57.369130,0.641400,0.6600,0.7300,0.4600,-28.2600,-196.3500,50.6000,1.086324,204.724962,"0.66,0.73,0.46,-28.26,-196.35,50.60"
1435,2026-07-27T13:55:23.822,57.427897,58.766700,-0.0700,1.0500,0.7200,-5.8600,-157.9600,92.8300,1.275069,183.311511,"-0.07,1.05,0.72,-5.86,-157.96,92.83"
1436,2026-07-27T13:55:23.882,57.488152,60.254900,-0.5600,1.0400,0.2200,-29.3600,-51.1500,86.1200,1.201499,104.379052,"-0.56,1.04,0.22,-29.36,-51.15,86.12"
1437,2026-07-27T13:55:23.883,57.488639,0.486900,-0.4200,0.9700,-0.2300,-49.7400,-57.7400,37.9600,1.081758,85.140688,"-0.42,0.97,-0.23,-49.74,-57.74,37.96"
1438,2026-07-27T13:55:23.943,57.548743,60.104400,0.0300,0.9500,-0.1200,-41.1400,-121.8300,-0.8500,0.958019,128.591489,"0.03,0.95,-0.12,-41.14,-121.83,-0.85"
1439,2026-07-27T13:55:24.003,57.608476,59.732400,0.2800,0.9200,0.1300,-20.3200,-136.3500,-3.8500,0.970412,137.909562,"0.28,0.92,0.13,-20.32,-136.35,-3.85"
1440,2026-07-27T13:55:24.003,57.609060,0.584600,0.3000,0.9100,0.2700,-5.6800,-129.3300,14.4000,0.995490,130.253105,"0.30,0.91,0.27,-5.68,-129.33,14.40"
1441,2026-07-27T13:55:24.062,57.667926,58.865800,0.2700,0.9300,0.3100,5.7400,-132.3900,27.2800,1.016809,135.293230,"0.27,0.93,0.31,5.74,-132.39,27.28"
1442,2026-07-27T13:55:24.122,57.728153,60.227100,0.1200,1.0000,0.4400,22.0300,-149.0500,25.6300,1.099091,152.833636,"0.12,1.00,0.44,22.03,-149.05,25.63"
1443,2026-07-27T13:55:24.124,57.729681,1.528200,-0.0400,1.2000,0.5300,38.8200,-179.0800,16.7200,1.312440,184.000536,"-0.04,1.20,0.53,38.82,-179.08,16.72"
1444,2026-07-27T13:55:24.244,57.849236,119.554900,0.0800,1.4800,0.3000,48.6500,-196.3500,6.8400,1.512217,202.402892,"0.08,1.48,0.30,48.65,-196.35,6.84"
1445,2026-07-27T13:55:24.244,57.849605,0.368300,0.2100,1.4100,-0.0500,58.6500,-204.9000,-12.7000,1.426429,213.506727,"0.21,1.41,-0.05,58.65,-204.90,-12.70"
1446,2026-07-27T13:55:24.244,57.849820,0.215500,0.0600,0.9100,-0.1800,66.4100,-279.8500,-26.4300,0.929570,288.833612,"0.06,0.91,-0.18,66.41,-279.85,-26.43"
1447,2026-07-27T13:55:24.303,57.908435,58.615400,-0.0000,0.6000,-0.2700,56.0900,-386.8400,-25.0900,0.657951,391.689650,"-0.00,0.60,-0.27,56.09,-386.84,-25.09"
1448,2026-07-27T13:55:24.363,57.968281,59.845600,0.2600,0.5600,-0.1800,52.6700,-401.1200,-14.5900,0.643117,404.826199,"0.26,0.56,-0.18,52.67,-401.12,-14.59"
1449,2026-07-27T13:55:24.363,57.968542,0.261100,0.3100,0.6600,0.3200,52.0600,-312.4400,21.4200,0.796304,317.470965,"0.31,0.66,0.32,52.06,-312.44,21.42"
1450,2026-07-27T13:55:24.423,58.028465,59.922500,-0.0200,0.9100,0.5500,6.2300,-205.5700,74.7700,1.063485,218.834163,"-0.02,0.91,0.55,6.23,-205.57,74.77"
1451,2026-07-27T13:55:24.482,58.088061,59.596300,-0.1700,1.1800,0.1200,-44.4900,-150.9400,109.9900,1.198207,191.989697,"-0.17,1.18,0.12,-44.49,-150.94,109.99"
1452,2026-07-27T13:55:24.483,58.088304,0.243400,-0.1900,1.2300,-0.0800,-49.3200,-105.3500,107.4800,1.247157,158.376246,"-0.19,1.23,-0.08,-49.32,-105.35,107.48"
1453,2026-07-27T13:55:24.602,58.208045,119.740400,-0.1800,1.0000,0.0900,-52.8000,-77.5100,76.9700,1.020049,121.326094,"-0.18,1.00,0.09,-52.80,-77.51,76.97"
1454,2026-07-27T13:55:24.603,58.208601,0.556100,-0.0600,0.7600,0.0800,-80.8100,-147.2800,44.0700,0.766551,173.677343,"-0.06,0.76,0.08,-80.81,-147.28,44.07"
1455,2026-07-27T13:55:24.604,58.209219,0.617900,-0.1000,0.6900,-0.0800,-101.5000,-223.1400,27.9500,0.701783,246.728418,"-0.10,0.69,-0.08,-101.50,-223.14,27.95"
1456,2026-07-27T13:55:24.663,58.268209,58.990100,-0.1500,0.8400,-0.0900,-98.5700,-198.6700,22.2800,0.858021,222.895070,"-0.15,0.84,-0.09,-98.57,-198.67,22.28"
1457,2026-07-27T13:55:24.741,58.347145,78.935900,-0.0400,1.1600,0.0600,-88.0700,-132.2600,15.7500,1.162239,159.678098,"-0.04,1.16,0.06,-88.07,-132.26,15.75"
1458,2026-07-27T13:55:24.743,58.348568,1.423200,-0.0400,1.5600,-0.1000,-88.2600,-77.1500,14.7700,1.563714,118.152880,"-0.04,1.56,-0.10,-88.26,-77.15,14.77"
1459,2026-07-27T13:55:24.783,58.388591,40.023100,-0.1000,1.7300,-0.2800,-80.6300,-29.9700,22.2200,1.755363,88.843268,"-0.10,1.73,-0.28,-80.63,-29.97,22.22"
1460,2026-07-27T13:55:24.843,58.448271,59.679500,-0.1800,1.5000,-0.0500,-36.0100,-7.9300,24.9000,1.511589,44.492865,"-0.18,1.50,-0.05,-36.01,-7.93,24.90"
1461,2026-07-27T13:55:24.843,58.448834,0.563900,-0.3700,1.1200,0.0700,11.8400,-13.8500,9.1600,1.181609,20.393962,"-0.37,1.12,0.07,11.84,-13.85,9.16"
1462,2026-07-27T13:55:24.903,58.508526,59.691300,-0.3800,0.8300,0.0200,35.2200,6.8400,-51.1500,0.913072,62.478448,"-0.38,0.83,0.02,35.22,6.84,-51.15"
1463,2026-07-27T13:55:24.963,58.568251,59.725700,-0.1200,0.7100,0.0300,40.1600,1.1600,-54.9300,0.720694,68.054949,"-0.12,0.71,0.03,40.16,1.16,-54.93"
1464,2026-07-27T13:55:25.022,58.628081,59.829300,0.1600,0.7900,0.0800,40.4700,-23.1900,-35.9500,0.810000,58.889723,"0.16,0.79,0.08,40.47,-23.19,-35.95"
1465,2026-07-27T13:55:25.023,58.629030,0.949200,0.1800,0.9700,0.1000,31.0700,-62.6200,-17.1500,0.991615,71.977301,"0.18,0.97,0.10,31.07,-62.62,-17.15"
1466,2026-07-27T13:55:25.083,58.688332,59.302200,0.0200,1.0700,0.0500,29.0500,-88.3800,-14.4700,1.071354,94.150453,"0.02,1.07,0.05,29.05,-88.38,-14.47"
1467,2026-07-27T13:55:25.083,58.688786,0.454200,0.0000,1.0300,0.0600,42.4800,-64.5100,-21.7900,1.031746,80.255184,"0.00,1.03,0.06,42.48,-64.51,-21.79"
1468,2026-07-27T13:55:25.143,58.748320,59.533900,0.0400,0.9400,0.1400,54.8700,-17.7000,-25.6300,0.951210,63.094404,"0.04,0.94,0.14,54.87,-17.70,-25.63"
1469,2026-07-27T13:55:25.202,58.808168,59.847700,-0.0000,0.9000,0.2000,54.0200,0.2400,-29.0500,0.921954,61.336127,"-0.00,0.90,0.20,54.02,0.24,-29.05"
1470,2026-07-27T13:55:25.262,58.868087,59.919200,-0.0400,0.9200,0.2300,39.0600,-7.9300,-41.9300,0.949158,57.850613,"-0.04,0.92,0.23,39.06,-7.93,-41.93"
1471,2026-07-27T13:55:25.263,58.868876,0.789200,0.0400,0.9300,0.1800,26.7900,-10.2500,-56.1500,0.948103,63.052273,"0.04,0.93,0.18,26.79,-10.25,-56.15"
1472,2026-07-27T13:55:25.323,58.928457,59.580200,0.0500,0.9200,-0.1300,25.7600,-8.6700,-54.5000,0.930484,60.901531,"0.05,0.92,-0.13,25.76,-8.67,-54.50"
1473,2026-07-27T13:55:25.382,58.987886,59.429400,-0.2800,1.2500,-0.5000,29.9100,-13.9200,-33.2000,1.375100,46.804001,"-0.28,1.25,-0.50,29.91,-13.92,-33.20"
1474,2026-07-27T13:55:25.382,58.988013,0.127400,-0.4500,1.5300,-0.8400,46.6900,-11.4100,-8.1800,1.802498,48.755067,"-0.45,1.53,-0.84,46.69,-11.41,-8.18"
1475,2026-07-27T13:55:25.443,59.048883,60.869800,-0.2600,1.2800,-0.7700,65.7300,-6.1600,2.5000,1.516212,66.065335,"-0.26,1.28,-0.77,65.73,-6.16,2.50"
1476,2026-07-27T13:55:25.444,59.049588,0.704900,-0.1600,0.7600,-0.4300,54.8100,-29.6000,4.7000,0.887750,62.469081,"-0.16,0.76,-0.43,54.81,-29.60,4.70"
1477,2026-07-27T13:55:25.503,59.108295,58.706700,-0.2800,0.4100,-0.0700,17.5200,-71.9600,12.4500,0.501398,75.101228,"-0.28,0.41,-0.07,17.52,-71.96,12.45"
1478,2026-07-27T13:55:25.563,59.168415,60.119800,-0.1800,0.3300,0.0900,-21.1200,-89.4800,28.8100,0.386523,96.346982,"-0.18,0.33,0.09,-21.12,-89.48,28.81"
1479,2026-07-27T13:55:25.564,59.169283,0.868200,0.1300,0.5500,0.0000,-53.3400,-68.9700,50.6000,0.565155,100.808613,"0.13,0.55,0.00,-53.34,-68.97,50.60"
1480,2026-07-27T13:55:25.683,59.288708,119.425100,0.3600,0.9600,-0.0700,-58.6500,-14.9500,72.6300,1.027667,94.543333,"0.36,0.96,-0.07,-58.65,-14.95,72.63"
1481,2026-07-27T13:55:25.684,59.289651,0.943500,0.3600,1.3100,-0.0400,-34.6100,63.7200,90.0900,1.359154,115.647303,"0.36,1.31,-0.04,-34.61,63.72,90.09"
1482,2026-07-27T13:55:25.685,59.290349,0.697600,0.1100,1.3700,0.1000,-25.3900,106.7500,92.1000,1.378042,143.257197,"0.11,1.37,0.10,-25.39,106.75,92.10"
1483,2026-07-27T13:55:25.742,59.348096,57.746900,-0.0600,1.1600,0.2300,-52.4900,68.4800,73.5500,1.184103,113.376863,"-0.06,1.16,0.23,-52.49,68.48,73.55"
1484,2026-07-27T13:55:25.803,59.408295,60.198800,0.0700,0.9300,0.1900,-92.9000,-33.5100,45.8400,0.951788,108.878996,"0.07,0.93,0.19,-92.90,-33.51,45.84"
1485,2026-07-27T13:55:25.803,59.408699,0.404600,0.1100,0.8900,0.0600,-115.4200,-144.9000,25.5100,0.898777,186.998787,"0.11,0.89,0.06,-115.42,-144.90,25.51"
1486,2026-07-27T13:55:25.862,59.468137,59.438200,-0.0400,1.0900,-0.0600,-108.9500,-195.5000,13.1800,1.092383,224.196487,"-0.04,1.09,-0.06,-108.95,-195.50,13.18"
1487,2026-07-27T13:55:25.923,59.528470,60.332200,-0.1300,1.1900,-0.1800,-84.1700,-155.5800,4.4600,1.210537,176.945237,"-0.13,1.19,-0.18,-84.17,-155.58,4.46"
1488,2026-07-27T13:55:25.924,59.529209,0.739300,-0.0100,1.0500,-0.1700,-51.0300,-53.7700,4.9400,1.063720,74.294531,"-0.01,1.05,-0.17,-51.03,-53.77,4.94"
1489,2026-07-27T13:55:25.983,59.588914,59.705000,0.0800,1.0700,0.0200,-26.0000,33.1400,13.7900,1.073173,44.321820,"0.08,1.07,0.02,-26.00,33.14,13.79"
1490,2026-07-27T13:55:26.042,59.648019,59.104800,-0.0600,1.2700,0.0600,-20.2600,39.4900,17.2700,1.272831,47.625420,"-0.06,1.27,0.06,-20.26,39.49,17.27"
1491,2026-07-27T13:55:26.102,59.707953,59.934700,-0.2000,1.2500,0.0500,-8.2400,9.5800,4.7000,1.266886,13.481988,"-0.20,1.25,0.05,-8.24,9.58,4.70"
1492,2026-07-27T13:55:26.102,59.708121,0.167600,-0.1900,0.9900,0.1200,24.4100,12.5100,-16.1100,1.015185,31.810066,"-0.19,0.99,0.12,24.41,12.51,-16.11"
1493,2026-07-27T13:55:26.163,59.768493,60.371500,-0.0700,0.8200,0.1700,44.6800,47.7300,-29.4200,0.840357,71.693735,"-0.07,0.82,0.17,44.68,47.73,-29.42"
1494,2026-07-27T13:55:26.163,59.769046,0.553700,0.0200,0.8300,0.1300,31.0100,80.6900,-29.0500,0.840357,91.194291,"0.02,0.83,0.13,31.01,80.69,-29.05"
1495,2026-07-27T13:55:26.222,59.828016,58.970100,0.0300,0.9600,-0.0100,4.7000,76.3500,-19.7800,0.960521,79.010511,"0.03,0.96,-0.01,4.70,76.35,-19.78"
1496,2026-07-27T13:55:26.283,59.888425,60.409100,0.0300,1.0600,-0.0300,-6.3500,56.0900,-10.3100,1.060849,57.382111,"0.03,1.06,-0.03,-6.35,56.09,-10.31"
1497,2026-07-27T13:55:26.283,59.889034,0.608800,0.0400,1.0500,0.0800,3.0500,50.4800,-2.7500,1.053803,50.646771,"0.04,1.05,0.08,3.05,50.48,-2.75"
1498,2026-07-27T13:55:26.403,60.008313,119.278300,0.0100,1.0100,0.1700,18.0100,48.5200,3.1700,1.024256,51.851706,"0.01,1.01,0.17,18.01,48.52,3.17"
1499,2026-07-27T13:55:26.403,60.008992,0.679900,0.0200,0.9800,0.2200,25.1500,43.5200,5.5500,1.004589,50.569906,"0.02,0.98,0.22,25.15,43.52,5.55"
1500,2026-07-27T13:55:26.404,60.009436,0.443400,0.0900,0.9800,0.2400,24.7200,43.4600,5.0000,1.012966,50.247886,"0.09,0.98,0.24,24.72,43.46,5.00"
1501,2026-07-27T13:55:26.463,60.068576,59.140300,0.1500,0.9700,0.2200,23.3200,45.5300,3.2300,1.005883,51.256572,"0.15,0.97,0.22,23.32,45.53,3.23"
1502,2026-07-27T13:55:26.522,60.128037,59.460500,0.1400,0.9500,0.2200,24.7800,41.5600,2.3800,0.985140,48.445293,"0.14,0.95,0.22,24.78,41.56,2.38"
1503,2026-07-27T13:55:26.523,60.128423,0.386300,0.0300,0.9200,0.2400,28.8100,41.0800,4.9400,0.951262,50.418113,"0.03,0.92,0.24,28.81,41.08,4.94"
1504,2026-07-27T13:55:26.583,60.188197,59.773600,-0.0300,0.9100,0.2500,33.8100,56.8200,10.0700,0.944193,66.880740,"-0.03,0.91,0.25,33.81,56.82,10.07"
1505,2026-07-27T13:55:26.643,60.248196,59.999000,0.0400,0.9400,0.2100,35.6400,72.0200,11.2300,0.964002,81.136939,"0.04,0.94,0.21,35.64,72.02,11.23"
1506,2026-07-27T13:55:26.702,60.307867,59.671100,0.1600,0.9900,0.1300,33.8700,59.6300,8.9100,1.011237,69.154189,"0.16,0.99,0.13,33.87,59.63,8.91"
1507,2026-07-27T13:55:26.703,60.308274,0.407400,0.1300,1.0300,0.0200,34.1200,31.4900,10.3800,1.038364,47.576663,"0.13,1.03,0.02,34.12,31.49,10.38"
1508,2026-07-27T13:55:26.763,60.368325,60.050900,-0.0100,1.0200,-0.0400,39.5500,25.3300,15.3800,1.020833,49.420196,"-0.01,1.02,-0.04,39.55,25.33,15.38"
1509,2026-07-27T13:55:26.764,60.369978,1.653000,-0.0400,0.9900,-0.0800,47.0600,35.4600,15.0800,0.994032,60.823200,"-0.04,0.99,-0.08,47.06,35.46,15.08"
1510,2026-07-27T13:55:26.823,60.428241,58.262600,0.0900,0.9800,-0.1700,49.3800,32.5300,4.2100,0.998699,59.281611,"0.09,0.98,-0.17,49.38,32.53,4.21"
1511,2026-07-27T13:55:26.883,60.489088,60.847200,0.2400,0.9900,-0.2800,46.0800,12.0800,-8.2400,1.056456,48.344497,"0.24,0.99,-0.28,46.08,12.08,-8.24"
1512,2026-07-27T13:55:26.884,60.489457,0.368900,0.2500,1.0200,-0.3500,42.4800,-14.1600,-12.7000,1.106978,46.544022,"0.25,1.02,-0.35,42.48,-14.16,-12.70"
1513,2026-07-27T13:55:26.943,60.548345,58.888000,0.1700,1.1300,-0.4100,36.5600,-31.2500,-12.2700,1.214043,49.636166,"0.17,1.13,-0.41,36.56,-31.25,-12.27"
1514,2026-07-27T13:55:27.003,60.608683,60.338100,0.0500,1.1300,-0.4800,22.1600,-30.9400,-13.8500,1.228739,40.499033,"0.05,1.13,-0.48,22.16,-30.94,-13.85"
1515,2026-07-27T13:55:27.005,60.610333,1.650500,-0.1300,0.9700,-0.4700,10.5000,-23.1900,-23.7400,1.085680,34.808242,"-0.13,0.97,-0.47,10.50,-23.19,-23.74"
1516,2026-07-27T13:55:27.062,60.668161,57.827500,-0.1800,0.8100,-0.3200,6.4700,-35.7100,-44.2500,0.889326,57.228730,"-0.18,0.81,-0.32,6.47,-35.71,-44.25"
1517,2026-07-27T13:55:27.183,60.788233,120.072100,-0.1200,0.7600,-0.0800,-5.9800,-57.1300,-60.9100,0.773563,83.723506,"-0.12,0.76,-0.08,-5.98,-57.13,-60.91"
1518,2026-07-27T13:55:27.183,60.788370,0.137100,-0.1000,0.8300,-0.0100,-29.3000,-31.7400,-64.0900,0.836062,77.288070,"-0.10,0.83,-0.01,-29.30,-31.74,-64.09"
1519,2026-07-27T13:55:27.184,60.789320,0.950500,-0.0500,0.9100,-0.1300,-50.9000,35.3400,-60.1200,0.920598,86.337362,"-0.05,0.91,-0.13,-50.90,35.34,-60.12"
1520,2026-07-27T13:55:27.243,60.848240,58.920000,0.0000,0.9000,-0.2900,-60.6100,89.6600,-53.7100,0.945569,120.819087,"0.00,0.90,-0.29,-60.61,89.66,-53.71"
1521,2026-07-27T13:55:27.243,60.848903,0.662000,-0.0200,0.9000,-0.4400,-52.0000,108.2200,-46.5100,1.001998,128.758489,"-0.02,0.90,-0.44,-52.00,108.22,-46.51"
1522,2026-07-27T13:55:27.302,60.908071,59.168800,-0.0700,0.8900,-0.4000,-28.9900,93.3800,-41.6300,0.978264,106.269946,"-0.07,0.89,-0.40,-28.99,93.38,-41.63"
1523,2026-07-27T13:55:27.363,60.968485,60.414000,-0.0600,0.8400,-0.2800,-5.8600,62.5600,-36.6200,0.887468,72.726320,"-0.06,0.84,-0.28,-5.86,62.56,-36.62"
1524,2026-07-27T13:55:27.363,60.968739,0.253800,-0.0500,0.8600,-0.2800,4.6400,44.4300,-20.0800,0.905815,48.977147,"-0.05,0.86,-0.28,4.64,44.43,-20.08"
1525,2026-07-27T13:55:27.422,61.028012,59.273400,-0.1100,0.9400,-0.3100,0.0600,44.6200,7.3900,0.995892,45.227869,"-0.11,0.94,-0.31,0.06,44.62,7.39"
1526,2026-07-27T13:55:27.483,61.088403,60.390200,-0.1300,1.0200,-0.3200,-8.8500,32.7800,32.5900,1.076894,47.063351,"-0.13,1.02,-0.32,-8.85,32.78,32.59"
1527,2026-07-27T13:55:27.483,61.089078,0.675700,-0.1000,1.1800,-0.2900,-18.3100,10.5600,46.5100,1.219221,51.087668,"-0.10,1.18,-0.29,-18.31,10.56,46.51"
1528,2026-07-27T13:55:27.543,61.148417,59.338900,-0.0700,1.3200,-0.1600,-35.7700,-9.3400,42.5400,1.331503,56.359383,"-0.07,1.32,-0.16,-35.77,-9.34,42.54"
1529,2026-07-27T13:55:27.603,61.208392,59.974400,0.1100,1.0900,-0.0000,-48.1000,-39.3100,22.4600,1.095536,66.055565,"0.11,1.09,-0.00,-48.10,-39.31,22.46"
1530,2026-07-27T13:55:27.603,61.208953,0.561500,0.2500,0.8400,0.0800,-42.7900,-73.4300,10.0700,0.880057,85.582439,"0.25,0.84,0.08,-42.79,-73.43,10.07"
1531,2026-07-27T13:55:27.663,61.268281,59.328000,0.1400,0.8900,0.2800,-33.1400,-84.4100,16.0500,0.943451,92.091857,"0.14,0.89,0.28,-33.14,-84.41,16.05"
1532,2026-07-27T13:55:27.723,61.328200,59.918400,-0.0100,1.0100,0.4100,-35.7700,-71.7200,20.6300,1.090092,82.757768,"-0.01,1.01,0.41,-35.77,-71.72,20.63"
1533,2026-07-27T13:55:27.723,61.328856,0.656300,-0.0100,1.0400,0.2200,-51.3900,-84.4100,11.4100,1.063062,99.479487,"-0.01,1.04,0.22,-51.39,-84.41,11.41"
1534,2026-07-27T13:55:27.783,61.388790,59.933800,0.1200,0.9600,0.1100,-54.8700,-108.2200,1.5900,0.973704,121.345842,"0.12,0.96,0.11,-54.87,-108.22,1.59"
1535,2026-07-27T13:55:27.843,61.448244,59.454700,0.1200,0.9100,0.1800,-34.7900,-96.6800,5.9200,0.935361,102.919449,"0.12,0.91,0.18,-34.79,-96.68,5.92"
1536,2026-07-27T13:55:27.843,61.448869,0.625000,0.0700,0.9300,0.2200,-15.9300,-74.9500,17.0300,0.958228,78.493874,"0.07,0.93,0.22,-15.93,-74.95,17.03"
1537,2026-07-27T13:55:27.902,61.508097,59.227600,0.0400,0.9600,0.1700,-13.9200,-75.4400,27.4700,0.975756,81.483501,"0.04,0.96,0.17,-13.92,-75.44,27.47"
1538,2026-07-27T13:55:27.963,61.569168,61.071100,-0.0200,0.9900,0.1100,-11.7800,-53.5900,27.8300,0.996293,61.523698,"-0.02,0.99,0.11,-11.78,-53.59,27.83"
1539,2026-07-27T13:55:27.964,61.569827,0.658600,-0.1000,0.9900,0.0800,-6.9000,-27.2200,24.6000,0.998248,37.332270,"-0.10,0.99,0.08,-6.90,-27.22,24.60"
1540,2026-07-27T13:55:28.023,61.628898,59.071200,-0.1600,1.0200,0.1100,0.1800,-8.7300,21.2400,1.038316,22.964819,"-0.16,1.02,0.11,0.18,-8.73,21.24"
1541,2026-07-27T13:55:28.083,61.688514,59.615800,-0.1600,1.0800,0.1600,1.6500,-15.9900,16.0500,1.103449,22.715746,"-0.16,1.08,0.16,1.65,-15.99,16.05"
1542,2026-07-27T13:55:28.083,61.688763,0.249000,-0.1100,1.0800,0.0400,0.1800,-48.3400,4.8200,1.086324,48.580041,"-0.11,1.08,0.04,0.18,-48.34,4.82"
1543,2026-07-27T13:55:28.203,61.808438,119.675500,-0.1100,1.0600,-0.1400,14.2200,-61.4600,-14.5900,1.074849,64.748808,"-0.11,1.06,-0.14,14.22,-61.46,-14.59"
1544,2026-07-27T13:55:28.206,61.811743,3.304900,-0.1300,1.2000,-0.3000,56.7600,-50.4800,-47.0600,1.243744,89.356430,"-0.13,1.20,-0.30,56.76,-50.48,-47.06"
1545,2026-07-27T13:55:28.206,61.812085,0.342200,0.3300,1.2500,-0.2300,125.9200,-37.4100,-78.3100,1.313126,152.930738,"0.33,1.25,-0.23,125.92,-37.41,-78.31"
1546,2026-07-27T13:55:28.262,61.868148,56.062600,0.5600,1.2400,0.0300,166.9300,-57.8600,-86.0600,1.360919,196.519027,"0.56,1.24,0.03,166.93,-57.86,-86.06"
1547,2026-07-27T13:55:28.323,61.928267,60.119200,0.2300,1.1800,0.1100,133.4200,-116.5200,-85.0200,1.207228,196.484623,"0.23,1.18,0.11,133.42,-116.52,-85.02"
1548,2026-07-27T13:55:28.323,61.928388,0.120500,-0.1700,1.0500,0.0400,78.6100,-121.5800,-83.9800,1.064425,167.373441,"-0.17,1.05,0.04,78.61,-121.58,-83.98"
1549,2026-07-27T13:55:28.383,61.988225,59.837100,-0.1900,0.8700,-0.0700,58.1700,-48.1600,-71.3500,0.893252,103.893970,"-0.19,0.87,-0.07,58.17,-48.16,-71.35"
1550,2026-07-27T13:55:28.502,62.107864,119.639100,0.0100,0.7100,-0.1600,58.2300,17.7000,-54.3200,0.727874,81.576255,"0.01,0.71,-0.16,58.23,17.70,-54.32"
1551,2026-07-27T13:55:28.503,62.108375,0.511300,0.1300,0.6300,-0.1700,50.0500,37.1700,-38.6400,0.665357,73.346172,"0.13,0.63,-0.17,50.05,37.17,-38.64"
1552,2026-07-27T13:55:28.504,62.109277,0.901800,0.1600,0.5700,-0.1400,23.8000,32.2300,-17.2700,0.608358,43.628727,"0.16,0.57,-0.14,23.80,32.23,-17.27"
1553,2026-07-27T13:55:28.563,62.168316,59.039500,0.1200,0.5800,-0.1800,-21.2400,9.9500,14.1000,0.619032,27.366953,"0.12,0.58,-0.18,-21.24,9.95,14.10"
1554,2026-07-27T13:55:28.563,62.168824,0.507600,-0.1000,0.8300,-0.4100,-76.1100,-24.6000,47.8500,0.931128,93.206838,"-0.10,0.83,-0.41,-76.11,-24.60,47.85"
1555,2026-07-27T13:55:28.623,62.228309,59.484800,-0.5900,1.2700,-0.7100,-107.2400,-40.8300,63.6000,1.570064,131.196290,"-0.59,1.27,-0.71,-107.24,-40.83,63.60"
1556,2026-07-27T13:55:28.742,62.348035,119.726000,-0.8600,1.3700,-0.6800,-73.7900,-19.5300,37.1100,1.754679,84.873654,"-0.86,1.37,-0.68,-73.79,-19.53,37.11"
1557,2026-07-27T13:55:28.743,62.348401,0.366400,-0.4800,0.9600,-0.2700,-14.2200,1.2800,-4.2700,1.106752,14.902339,"-0.48,0.96,-0.27,-14.22,1.28,-4.27"
1558,2026-07-27T13:55:28.743,62.348943,0.542200,-0.0100,0.9800,-0.0400,-14.4000,-3.6600,3.3000,0.980867,15.219908,"-0.01,0.98,-0.04,-14.40,-3.66,3.30"
1559,2026-07-27T13:55:28.803,62.408818,59.874200,0.1300,1.2400,-0.0400,-55.6600,23.0100,36.6200,1.247437,70.487730,"0.13,1.24,-0.04,-55.66,23.01,36.62"
1560,2026-07-27T13:55:28.804,62.409454,0.636100,0.4000,1.0100,-0.0700,-67.5700,30.2100,39.1200,1.088577,83.718119,"0.40,1.01,-0.07,-67.57,30.21,39.12"
1561,2026-07-27T13:55:28.863,62.468293,58.839100,0.4600,0.8200,0.0200,-48.5800,-43.4600,38.5100,0.940425,75.708706,"0.46,0.82,0.02,-48.58,-43.46,38.51"
1562,2026-07-27T13:55:28.923,62.528230,59.937400,-0.0100,0.9200,0.3800,-31.1300,-76.4200,55.4800,0.995440,99.434017,"-0.01,0.92,0.38,-31.13,-76.42,55.48"
1563,2026-07-27T13:55:28.923,62.528542,0.312200,-0.2400,1.0100,0.4300,-33.5700,-29.4200,57.1900,1.123655,72.547759,"-0.24,1.01,0.43,-33.57,-29.42,57.19"
1564,2026-07-27T13:55:28.983,62.588295,59.752300,-0.1100,1.0100,0.1300,-43.0300,-9.2800,36.4400,1.024256,57.145191,"-0.11,1.01,0.13,-43.03,-9.28,36.44"
1565,2026-07-27T13:55:29.043,62.648224,59.929400,0.0400,1.0000,-0.0400,-34.1800,-9.7000,18.1900,1.001599,39.915392,"0.04,1.00,-0.04,-34.18,-9.70,18.19"
1566,2026-07-27T13:55:29.043,62.648758,0.533700,0.0800,0.9800,0.0200,-14.9500,22.2200,14.7100,0.983463,30.555114,"0.08,0.98,0.02,-14.95,22.22,14.71"
1567,2026-07-27T13:55:29.103,62.708721,59.963600,0.0700,0.9100,0.1600,-8.0600,29.9100,18.4300,0.926607,36.044925,"0.07,0.91,0.16,-8.06,29.91,18.43"
1568,2026-07-27T13:55:29.163,62.768216,59.494200,0.0600,0.8500,0.2200,-11.9600,-1.4600,23.1300,0.880057,26.080071,"0.06,0.85,0.22,-11.96,-1.46,23.13"
1569,2026-07-27T13:55:29.163,62.768824,0.608500,0.1100,0.8700,0.1700,-19.1000,-22.5800,27.4700,0.893252,40.364183,"0.11,0.87,0.17,-19.10,-22.58,27.47"
1570,2026-07-27T13:55:29.223,62.828724,59.899900,0.1800,0.9600,0.1200,-26.7300,-21.6100,30.2700,0.984073,45.801287,"0.18,0.96,0.12,-26.73,-21.61,30.27"
1571,2026-07-27T13:55:29.283,62.888528,59.804300,0.1500,1.0500,0.0900,-28.2600,-19.5300,31.4900,1.064472,46.601165,"0.15,1.05,0.09,-28.26,-19.53,31.49"
1572,2026-07-27T13:55:29.283,62.889135,0.607000,0.0200,1.1100,0.0800,-18.0100,-29.3600,29.4800,1.113059,45.336962,"0.02,1.11,0.08,-18.01,-29.36,29.48"
1573,2026-07-27T13:55:29.343,62.948214,59.078400,-0.1500,1.1100,-0.0000,2.2000,-48.6500,20.7500,1.120089,52.936046,"-0.15,1.11,-0.00,2.20,-48.65,20.75"
1574,2026-07-27T13:55:29.403,63.008634,60.420500,-0.2900,1.1300,-0.1600,23.8000,-52.2500,2.6900,1.177540,57.478158,"-0.29,1.13,-0.16,23.80,-52.25,2.69"
1575,2026-07-27T13:55:29.404,63.009249,0.614500,-0.3300,1.1900,-0.2900,53.7100,-21.0000,-26.6100,1.268503,63.512646,"-0.33,1.19,-0.29,53.71,-21.00,-26.61"
1576,2026-07-27T13:55:29.463,63.068265,59.016100,-0.0800,1.2500,-0.2300,109.1300,29.9100,-63.8400,1.273499,129.921171,"-0.08,1.25,-0.23,109.13,29.91,-63.84"
1577,2026-07-27T13:55:29.523,63.128365,60.099800,0.2200,1.2600,0.1100,155.4000,46.2600,-87.8900,1.283783,184.428305,"0.22,1.26,0.11,155.40,46.26,-87.89"
1578,2026-07-27T13:55:29.523,63.128933,0.568700,0.0800,1.2100,0.3100,118.2300,-40.5300,-97.1100,1.251639,158.276233,"0.08,1.21,0.31,118.23,-40.53,-97.11"
1579,2026-07-27T13:55:29.583,63.188210,59.276300,-0.2500,1.1300,0.2400,32.1700,-120.8500,-107.6000,1.181948,164.976942,"-0.25,1.13,0.24,32.17,-120.85,-107.60"
1580,2026-07-27T13:55:29.643,63.248725,60.515600,-0.2400,1.0100,0.1300,-3.3600,-47.7300,-110.2900,1.046231,120.221989,"-0.24,1.01,0.13,-3.36,-47.73,-110.29"
1581,2026-07-27T13:55:29.644,63.249405,0.680300,0.0600,0.8700,0.0300,18.5500,97.6000,-99.5500,0.872582,140.641619,"0.06,0.87,0.03,18.55,97.60,-99.55"
1582,2026-07-27T13:55:29.703,63.308519,59.114000,0.3500,0.7200,-0.0100,41.9300,178.4100,-81.7300,0.800625,200.668996,"0.35,0.72,-0.01,41.93,178.41,-81.73"
1583,2026-07-27T13:55:29.762,63.368155,59.635300,0.4600,0.5800,-0.0500,27.7100,166.7500,-52.3700,0.741957,176.963339,"0.46,0.58,-0.05,27.71,166.75,-52.37"
1584,2026-07-27T13:55:29.763,63.368703,0.548100,0.3000,0.6500,-0.1800,-27.8300,104.4300,-6.6500,0.738173,108.279067,"0.30,0.65,-0.18,-27.83,104.43,-6.65"
1585,2026-07-27T13:55:29.823,63.429021,60.318200,-0.0800,0.9400,-0.3900,-91.8600,60.0000,44.0100,1.020833,118.216495,"-0.08,0.94,-0.39,-91.86,60.00,44.01"
1586,2026-07-27T13:55:29.883,63.488803,59.781900,-0.4300,1.2200,-0.5000,-114.7500,75.2600,75.1300,1.386831,156.448544,"-0.43,1.22,-0.50,-114.75,75.26,75.13"
1587,2026-07-27T13:55:29.884,63.489454,0.651500,-0.4600,1.2500,-0.3500,-85.8200,94.8500,62.5000,1.377171,142.365181,"-0.46,1.25,-0.35,-85.82,94.85,62.50"
1588,2026-07-27T13:55:29.942,63.547969,58.514400,-0.1900,1.1600,-0.1200,-37.0500,54.3800,22.0300,1.181567,69.391698,"-0.19,1.16,-0.12,-37.05,54.38,22.03"
1589,2026-07-27T13:55:30.004,63.609251,61.282600,0.0400,1.1000,-0.0000,-6.7700,-9.7700,-3.3000,1.100727,12.335956,"0.04,1.10,-0.00,-6.77,-9.77,-3.30"
1590,2026-07-27T13:55:30.004,63.609822,0.570700,0.2600,0.9800,0.0700,-1.6500,-9.0900,-0.0600,1.016317,9.238734,"0.26,0.98,0.07,-1.65,-9.09,-0.06"
1591,2026-07-27T13:55:30.062,63.667839,58.017200,0.3600,0.8800,0.1000,-12.3900,35.5200,18.8000,0.956033,42.054994,"0.36,0.88,0.10,-12.39,35.52,18.80"
1592,2026-07-27T13:55:30.123,63.728439,60.599200,0.2000,0.9000,0.0500,-33.3300,44.4900,33.6300,0.923309,64.970962,"0.20,0.90,0.05,-33.33,44.49,33.63"
1593,2026-07-27T13:55:30.123,63.728564,0.125700,0.0200,1.0200,0.0600,-41.0200,33.9400,32.9600,1.021959,62.617295,"0.02,1.02,0.06,-41.02,33.94,32.96"
1594,2026-07-27T13:55:30.183,63.788344,59.780000,-0.1100,1.0700,0.0900,-16.7200,8.6700,20.6900,1.079398,27.978624,"-0.11,1.07,0.09,-16.72,8.67,20.69"
1595,2026-07-27T13:55:30.243,63.849094,60.749900,-0.0700,1.0100,0.0700,10.1300,-5.9200,5.1300,1.014840,12.805475,"-0.07,1.01,0.07,10.13,-5.92,5.13"
1596,2026-07-27T13:55:30.244,63.849471,0.376700,0.1000,0.9500,0.0800,2.5000,17.2700,-6.5900,0.958593,18.652909,"0.10,0.95,0.08,2.50,17.27,-6.59"
1597,2026-07-27T13:55:30.303,63.908539,59.068300,0.1300,0.9300,0.0700,-23.4400,17.7600,-3.4800,0.941647,29.613537,"0.13,0.93,0.07,-23.44,17.76,-3.48"
1598,2026-07-27T13:55:30.362,63.967934,59.394900,0.0200,0.9600,0.0500,-35.7100,-6.0400,13.0600,0.961509,38.499991,"0.02,0.96,0.05,-35.71,-6.04,13.06"
1599,2026-07-27T13:55:30.364,63.969564,1.629800,-0.0200,0.9900,0.0200,-30.9400,-20.0800,24.8400,0.990404,44.469266,"-0.02,0.99,0.02,-30.94,-20.08,24.84"
1600,2026-07-27T13:55:30.423,64.028439,58.875100,0.0100,1.0000,-0.0100,-22.3400,-33.2600,25.7600,1.000100,47.632770,"0.01,1.00,-0.01,-22.34,-33.26,25.76"
1601,2026-07-27T13:55:30.483,64.088560,60.121100,0.0100,1.0000,-0.0200,-15.2000,-46.8700,23.1900,1.000250,54.457442,"0.01,1.00,-0.02,-15.20,-46.87,23.19"
1602,2026-07-27T13:55:30.483,64.088966,0.405900,-0.0600,0.9900,0.0100,-10.4400,-46.7500,22.5800,0.991867,52.956704,"-0.06,0.99,0.01,-10.44,-46.75,22.58"
1603,2026-07-27T13:55:30.542,64.148028,59.062500,-0.1000,0.9800,0.0600,-11.5400,-31.4300,22.5200,0.986914,40.350550,"-0.10,0.98,0.06,-11.54,-31.43,22.52"
1604,2026-07-27T13:55:30.603,64.208298,60.269100,-0.0800,0.9700,0.0800,-13.0000,-7.5700,21.1800,0.976576,25.978786,"-0.08,0.97,0.08,-13.00,-7.57,21.18"
1605,2026-07-27T13:55:30.603,64.208817,0.519700,-0.0500,0.9800,0.0800,-7.4500,10.7400,17.7000,0.984530,22.003184,"-0.05,0.98,0.08,-7.45,10.74,17.70"
1606,2026-07-27T13:55:30.662,64.267985,59.167700,-0.0500,1.0400,0.0800,2.6200,11.2300,11.6000,1.044270,16.356567,"-0.05,1.04,0.08,2.62,11.23,11.60"
1607,2026-07-27T13:55:30.723,64.328268,60.283000,-0.0500,1.1500,0.0300,12.2700,4.3900,4.6400,1.151477,13.833098,"-0.05,1.15,0.03,12.27,4.39,4.64"
1608,2026-07-27T13:55:30.723,64.328685,0.417100,-0.0700,1.2300,-0.1100,24.7200,16.0500,-4.9400,1.236891,29.884519,"-0.07,1.23,-0.11,24.72,16.05,-4.94"
1609,2026-07-27T13:55:30.783,64.388619,59.934100,-0.0200,1.1500,-0.2100,72.4500,51.5100,-32.9000,1.169188,94.787618,"-0.02,1.15,-0.21,72.45,51.51,-32.90"
1610,2026-07-27T13:55:30.843,64.448680,60.060600,0.1700,1.0500,-0.2100,84.4700,-8.7300,-41.1400,1.084205,94.360444,"0.17,1.05,-0.21,84.47,-8.73,-41.14"
1611,2026-07-27T13:55:30.844,64.449311,0.631300,0.3100,1.0400,-0.1300,74.7100,-76.7200,-47.9100,1.092978,117.315432,"0.31,1.04,-0.13,74.71,-76.72,-47.91"
1612,2026-07-27T13:55:30.903,64.508391,59.080200,0.2700,1.1000,-0.0600,53.8300,-74.4600,-50.7800,1.134240,104.978897,"0.27,1.10,-0.06,53.83,-74.46,-50.78"
1613,2026-07-27T13:55:30.963,64.568437,60.045600,0.1300,1.1100,-0.0300,42.5400,-25.7600,-44.3700,1.117989,66.647776,"0.13,1.11,-0.03,42.54,-25.76,-44.37"
1614,2026-07-27T13:55:30.963,64.568681,0.243900,0.0100,1.0100,-0.0400,41.3200,9.7000,-37.8400,1.010841,56.862096,"0.01,1.01,-0.04,41.32,9.70,-37.84"
1615,2026-07-27T13:55:31.023,64.628428,59.747700,0.0100,0.8600,-0.1000,39.6700,23.8600,-35.0300,0.865852,58.052643,"0.01,0.86,-0.10,39.67,23.86,-35.03"
1616,2026-07-27T13:55:31.083,64.688273,59.844900,0.0900,0.7600,-0.1800,32.2900,27.5900,-30.2700,0.786193,52.154819,"0.09,0.76,-0.18,32.29,27.59,-30.27"
1617,2026-07-27T13:55:31.083,64.688609,0.335600,0.1600,0.7300,-0.2200,17.3300,16.7800,-19.9000,0.779038,31.271509,"0.16,0.73,-0.22,17.33,16.78,-19.90"
1618,2026-07-27T13:55:31.142,64.748125,59.515900,0.1200,0.7400,-0.2600,-5.8000,-6.5300,-5.5500,0.793473,10.348111,"0.12,0.74,-0.26,-5.80,-6.53,-5.55"
1619,2026-07-27T13:55:31.203,64.808195,60.070300,-0.1000,0.8600,-0.3600,-28.0800,-25.1500,7.2600,0.937657,38.389015,"-0.10,0.86,-0.36,-28.08,-25.15,7.26"
1620,2026-07-27T13:55:31.203,64.808844,0.648900,-0.1600,0.9600,-0.4600,-35.7700,-22.6400,14.6500,1.076476,44.796038,"-0.16,0.96,-0.46,-35.77,-22.64,14.65"
1621,2026-07-27T13:55:31.263,64.868525,59.680500,-0.2400,1.0400,-0.5400,-25.2700,0.1800,11.5400,1.196161,27.780873,"-0.24,1.04,-0.54,-25.27,0.18,11.54"
1622,2026-07-27T13:55:31.323,64.928872,60.347400,-0.2600,1.0100,-0.5300,-4.2700,15.4400,-5.4300,1.169872,16.914828,"-0.26,1.01,-0.53,-4.27,15.44,-5.43"
1623,2026-07-27T13:55:31.324,64.929388,0.516500,-0.1500,0.8900,-0.4600,14.7700,5.1300,-25.8200,1.013015,30.185132,"-0.15,0.89,-0.46,14.77,5.13,-25.82"
1624,2026-07-27T13:55:31.386,64.991599,62.210700,-0.0300,0.7700,-0.3900,15.5600,-15.6200,-31.8000,0.863655,38.695452,"-0.03,0.77,-0.39,15.56,-15.62,-31.80"
1625,2026-07-27T13:55:31.443,65.048289,56.689400,0.0000,0.7400,-0.3400,-6.2900,-27.8300,-14.7700,0.814371,32.128273,"0.00,0.74,-0.34,-6.29,-27.83,-14.77"
1626,2026-07-27T13:55:31.443,65.048839,0.550900,-0.0600,0.9800,-0.3100,-38.7600,-20.1400,16.9700,1.029612,46.860838,"-0.06,0.98,-0.31,-38.76,-20.14,16.97"
1627,2026-07-27T13:55:31.503,65.108789,59.949800,-0.2100,1.4000,-0.3000,-67.9300,3.6600,41.0200,1.447101,79.438787,"-0.21,1.40,-0.30,-67.93,3.66,41.02"
1628,2026-07-27T13:55:31.563,65.168661,59.871400,0.0800,1.2400,-0.1700,-65.9200,-7.1400,30.2100,1.254153,72.863366,"0.08,1.24,-0.17,-65.92,-7.14,30.21"
1629,2026-07-27T13:55:31.563,65.169045,0.384500,0.4300,0.8200,0.1200,-34.9700,-68.4200,12.5700,0.933649,77.860145,"0.43,0.82,0.12,-34.97,-68.42,12.57"
1630,2026-07-27T13:55:31.623,65.228477,59.431600,0.1000,0.8700,0.4100,-25.2100,-114.3200,30.5800,0.966954,120.994805,"0.10,0.87,0.41,-25.21,-114.32,30.58"
1631,2026-07-27T13:55:31.684,65.289327,60.850000,-0.1400,1.0200,0.3800,-50.5400,-113.0400,51.2700,1.097452,134.018454,"-0.14,1.02,0.38,-50.54,-113.04,51.27"
1632,2026-07-27T13:55:31.684,65.290001,0.674200,0.0300,1.0400,0.1100,-75.5000,-98.9400,47.5500,1.046231,133.230537,"0.03,1.04,0.11,-75.50,-98.94,47.55"
1633,2026-07-27T13:55:31.743,65.348363,58.361900,0.0900,1.0200,0.0600,-68.6600,-85.4500,36.5000,1.025719,115.534186,"0.09,1.02,0.06,-68.66,-85.45,36.50"
1634,2026-07-27T13:55:31.803,65.408603,60.240500,-0.0500,0.9600,0.1200,-37.8400,-81.0500,24.4100,0.968762,92.719017,"-0.05,0.96,0.12,-37.84,-81.05,24.41"
1635,2026-07-27T13:55:31.804,65.409297,0.693300,-0.1300,0.9100,0.1500,-13.8500,-92.4100,8.6700,0.931397,93.843484,"-0.13,0.91,0.15,-13.85,-92.41,8.67"
1636,2026-07-27T13:55:31.863,65.468286,58.989300,-0.0500,0.8800,0.0900,-12.1500,-84.9000,-1.2800,0.886002,85.774535,"-0.05,0.88,0.09,-12.15,-84.90,-1.28"
1637,2026-07-27T13:55:31.931,65.537170,68.884400,0.0800,0.8800,0.0300,-18.2500,-57.5600,2.1400,0.884138,60.421815,"0.08,0.88,0.03,-18.25,-57.56,2.14"
1638,2026-07-27T13:55:31.932,65.537447,0.276500,0.0800,0.8800,0.0300,-15.7500,-30.5800,14.7700,0.884138,37.434634,"0.08,0.88,0.03,-15.75,-30.58,14.77"
1639,2026-07-27T13:55:31.982,65.588165,50.718000,-0.0800,0.8500,0.0500,-4.7600,-10.5000,25.2100,0.855219,27.720961,"-0.08,0.85,0.05,-4.76,-10.50,25.21"
1640,2026-07-27T13:55:32.042,65.648020,59.855400,-0.2300,0.9100,0.0700,7.2000,12.7600,22.2800,0.941223,26.665633,"-0.23,0.91,0.07,7.20,12.76,22.28"
1641,2026-07-27T13:55:32.043,65.648423,0.402500,-0.2100,1.0300,-0.0100,17.7600,35.3400,3.3600,1.051237,39.694115,"-0.21,1.03,-0.01,17.76,35.34,3.36"
1642,2026-07-27T13:55:32.104,65.709392,60.969200,-0.2200,1.1100,-0.3100,31.9200,24.6000,-24.1100,1.173286,46.961032,"-0.22,1.11,-0.31,31.92,24.60,-24.11"
1643,2026-07-27T13:55:32.163,65.768292,58.900400,-0.3000,1.2700,-0.7300,61.8900,-31.8600,-61.0400,1.495259,92.581387,"-0.30,1.27,-0.73,61.89,-31.86,-61.04"
1644,2026-07-27T13:55:32.163,65.768623,0.330800,0.0100,1.5400,-0.4200,170.7800,-32.5900,-109.1900,1.596277,205.305559,"0.01,1.54,-0.42,170.78,-32.59,-109.19"
1645,2026-07-27T13:55:32.223,65.828207,59.584100,0.2700,1.6300,0.1700,321.1100,26.6100,-152.5300,1.660933,356.490007,"0.27,1.63,0.17,321.11,26.61,-152.53"
1646,2026-07-27T13:55:32.283,65.888991,60.783300,0.0400,1.7100,0.1100,356.8100,13.5500,-198.0000,1.714001,408.290312,"0.04,1.71,0.11,356.81,13.55,-198.00"
1647,2026-07-27T13:55:32.284,65.889861,0.870300,0.1400,1.3100,0.1100,286.1300,-22.0300,-247.0700,1.322044,378.680977,"0.14,1.31,0.11,286.13,-22.03,-247.07"
1648,2026-07-27T13:55:32.343,65.948282,58.421000,0.4400,0.3200,0.3200,188.4800,-49.0700,-245.9700,0.631189,313.741639,"0.44,0.32,0.32,188.48,-49.07,-245.97"
1649,2026-07-27T13:55:32.403,66.008517,60.235000,0.3400,-0.6000,0.3000,92.9000,-53.6500,-190.3100,0.752064,218.464250,"0.34,-0.60,0.30,92.90,-53.65,-190.31"
1650,2026-07-27T13:55:32.403,66.008915,0.398500,-0.1100,-0.4900,-0.3900,36.9300,25.4500,-127.2600,0.635846,134.931964,"-0.11,-0.49,-0.39,36.93,25.45,-127.26"
1651,2026-07-27T13:55:32.463,66.068398,59.482300,-0.5200,0.3200,-0.6700,80.6900,20.5700,-100.3400,0.906477,130.392165,"-0.52,0.32,-0.67,80.69,20.57,-100.34"
1652,2026-07-27T13:55:32.523,66.128628,60.230800,-0.7000,0.4600,-0.4400,189.7600,-57.7400,-122.7400,0.946150,233.254952,"-0.70,0.46,-0.44,189.76,-57.74,-122.74"
1653,2026-07-27T13:55:32.523,66.128961,0.332000,-0.6300,0.2000,-0.6200,269.2300,-37.2900,-138.9200,0.906256,305.244334,"-0.63,0.20,-0.62,269.23,-37.29,-138.92"
1654,2026-07-27T13:55:32.583,66.188519,59.558900,-0.4200,-0.1700,-0.8300,309.6300,16.3000,-116.5800,0.945621,331.251148,"-0.42,-0.17,-0.83,309.63,16.30,-116.58"
1655,2026-07-27T13:55:32.643,66.248322,59.802700,-0.4000,-0.5400,-1.0100,310.7900,21.9100,-67.6300,1.213136,318.817015,"-0.40,-0.54,-1.01,310.79,21.91,-67.63"
1656,2026-07-27T13:55:32.643,66.248723,0.400600,-0.5400,-0.7300,-0.9800,282.5900,-7.8100,-10.7400,1.336001,282.901841,"-0.54,-0.73,-0.98,282.59,-7.81,-10.74"
1657,2026-07-27T13:55:32.703,66.308201,59.478800,-1.0400,-1.1700,-0.6700,225.6500,-40.0400,25.3300,1.702762,230.570451,"-1.04,-1.17,-0.67,225.65,-40.04,25.33"
1658,2026-07-27T13:55:32.763,66.368671,60.469900,-1.4600,-1.2000,-0.4200,101.0100,-56.9500,35.7700,1.935975,121.349971,"-1.46,-1.20,-0.42,101.01,-56.95,35.77"
1659,2026-07-27T13:55:32.764,66.370043,1.371800,-1.2400,-0.5100,-0.5300,-51.3900,-35.4600,35.5200,1.441735,71.833238,"-1.24,-0.51,-0.53,-51.39,-35.46,35.52"
1660,2026-07-27T13:55:32.823,66.428250,58.207100,-0.9600,-0.3900,-0.6200,-130.1900,1.0400,9.6400,1.207518,130.550555,"-0.96,-0.39,-0.62,-130.19,1.04,9.64"
1661,2026-07-27T13:55:32.883,66.488336,60.086100,-0.8300,-0.6900,-0.3600,-126.7700,-0.1200,-39.6100,1.137805,132.814154,"-0.83,-0.69,-0.36,-126.77,-0.12,-39.61"
1662,2026-07-27T13:55:32.883,66.488865,0.528600,-0.7500,-0.8700,-0.0800,-93.3800,-38.7600,-72.8100,1.151434,124.593170,"-0.75,-0.87,-0.08,-93.38,-38.76,-72.81"
1663,2026-07-27T13:55:32.943,66.548427,59.561700,-0.7300,-0.8900,-0.0600,-72.4500,-82.9500,-83.3700,1.152649,138.131321,"-0.73,-0.89,-0.06,-72.45,-82.95,-83.37"
1664,2026-07-27T13:55:33.003,66.608942,60.515100,-0.6500,-0.7500,-0.2000,-78.4300,-100.8300,-84.4100,1.012423,153.111077,"-0.65,-0.75,-0.20,-78.43,-100.83,-84.41"
1665,2026-07-27T13:55:33.005,66.610367,1.424900,-0.4300,-0.6200,-0.3200,-100.3400,-89.4800,-77.7000,0.819573,155.280636,"-0.43,-0.62,-0.32,-100.34,-89.48,-77.70"
1666,2026-07-27T13:55:33.063,66.668347,57.980700,-0.3400,-0.5900,-0.4000,-113.4600,-79.1000,-62.8100,0.789747,151.904831,"-0.34,-0.59,-0.40,-113.46,-79.10,-62.81"
1667,2026-07-27T13:55:33.123,66.728369,60.021600,-0.5100,-0.6200,-0.4900,-93.6900,-78.0600,-39.4900,0.940532,128.182057,"-0.51,-0.62,-0.49,-93.69,-78.06,-39.49"
1668,2026-07-27T13:55:33.123,66.728768,0.399200,-0.6500,-0.6100,-0.5200,-47.7300,-66.4100,-12.4500,1.031988,82.725108,"-0.65,-0.61,-0.52,-47.73,-66.41,-12.45"
1669,2026-07-27T13:55:33.183,66.788443,59.675200,-0.6400,-0.5600,-0.4900,-4.7600,-40.5900,11.0500,0.981478,42.335661,"-0.64,-0.56,-0.49,-4.76,-40.59,11.05"
1670,2026-07-27T13:55:33.243,66.848909,60.466100,-0.6100,-0.5300,-0.4500,12.8800,-23.5000,28.4400,0.924932,39.076566,"-0.61,-0.53,-0.45,12.88,-23.50,28.44"
1671,2026-07-27T13:55:33.244,66.849634,0.724800,-0.6500,-0.5700,-0.4100,6.3500,-22.4600,37.4100,0.956818,44.094015,"-0.65,-0.57,-0.41,6.35,-22.46,37.41"
1672,2026-07-27T13:55:33.303,66.908268,58.634100,-0.7100,-0.6400,-0.3500,-7.9300,-26.9800,38.2700,1.017939,47.491033,"-0.71,-0.64,-0.35,-7.93,-26.98,38.27"
1673,2026-07-27T13:55:33.363,66.968422,60.153600,-0.7200,-0.6600,-0.3200,-17.6400,-26.8600,34.4200,1.027813,47.088912,"-0.72,-0.66,-0.32,-17.64,-26.86,34.42"
1674,2026-07-27T13:55:33.364,66.969178,0.756200,-0.7200,-0.6300,-0.3100,-23.0100,-22.8900,28.9300,1.005684,43.478237,"-0.72,-0.63,-0.31,-23.01,-22.89,28.93"
1675,2026-07-27T13:55:33.423,67.028229,59.051000,-0.7400,-0.5900,-0.3000,-29.7200,-20.1400,25.3300,0.992824,43.937534,"-0.74,-0.59,-0.30,-29.72,-20.14,25.33"
1676,2026-07-27T13:55:33.483,67.088416,60.186300,-0.7500,-0.5100,-0.3300,-39.6100,-14.2200,24.6600,0.965142,48.777824,"-0.75,-0.51,-0.33,-39.61,-14.22,24.66"
1677,2026-07-27T13:55:33.483,67.088824,0.408300,-0.7700,-0.4100,-0.4000,-37.9600,-5.4900,25.3900,0.959687,45.997324,"-0.77,-0.41,-0.40,-37.96,-5.49,25.39"
1678,2026-07-27T13:55:33.545,67.150309,61.485300,-0.7600,-0.3900,-0.4400,-18.6200,1.1600,27.7100,0.960885,33.405001,"-0.76,-0.39,-0.44,-18.62,1.16,27.71"
1679,2026-07-27T13:55:33.602,67.208154,57.844900,-0.7800,-0.4100,-0.4400,0.0000,5.9200,28.2000,0.984937,28.814691,"-0.78,-0.41,-0.44,0.00,5.92,28.20"
1680,2026-07-27T13:55:33.603,67.208716,0.562100,-0.8000,-0.4000,-0.4300,7.7500,9.6400,23.0700,0.992421,26.176650,"-0.80,-0.40,-0.43,7.75,9.64,23.07"
1681,2026-07-27T13:55:33.663,67.268254,59.537500,-0.8300,-0.4100,-0.4100,8.6100,13.7900,15.2600,1.012472,22.297170,"-0.83,-0.41,-0.41,8.61,13.79,15.26"
1682,2026-07-27T13:55:33.723,67.328503,60.249400,-0.8700,-0.4300,-0.4000,4.9400,16.4200,5.6200,1.049667,18.044512,"-0.87,-0.43,-0.40,4.94,16.42,5.62"
1683,2026-07-27T13:55:33.723,67.329095,0.592400,-0.8700,-0.4000,-0.4000,-23.5000,1.9500,-17.8200,1.037738,29.556808,"-0.87,-0.40,-0.40,-23.50,1.95,-17.82"
1684,2026-07-27T13:55:33.783,67.388690,59.594300,-0.8500,-0.3400,-0.4300,-48.1000,-11.7800,-25.5700,1.011435,55.733323,"-0.85,-0.34,-0.43,-48.10,-11.78,-25.57"
1685,2026-07-27T13:55:33.842,67.448129,59.439400,-0.8000,-0.3400,-0.4600,-72.1400,-24.6600,-32.7800,0.983463,82.986888,"-0.80,-0.34,-0.46,-72.14,-24.66,-32.78"
1686,2026-07-27T13:55:33.844,67.449575,1.446400,-0.7900,-0.3800,-0.4600,-83.3100,-32.8400,-37.6600,0.990000,97.145753,"-0.79,-0.38,-0.46,-83.31,-32.84,-37.66"
1687,2026-07-27T13:55:33.903,67.508591,59.015700,-0.7900,-0.3800,-0.4600,-83.3100,-32.8400,-37.6600,0.990000,97.145753,"-0.79,-0.38,-0.46,-83.31,-32.84,-37.66"
1688,2026-07-27T13:55:33.962,67.568172,59.580600,-0.8100,-0.3700,-0.4200,-61.4000,-28.8100,-29.6600,0.984581,74.024940,"-0.81,-0.37,-0.42,-61.40,-28.81,-29.66"
1689,2026-07-27T13:55:34.024,67.629471,61.299100,-0.8500,-0.3700,-0.4500,-35.8300,-15.8100,-26.3700,1.030485,47.213577,"-0.85,-0.37,-0.45,-35.83,-15.81,-26.37"
1690,2026-07-27T13:55:34.024,67.630052,0.581400,-0.8500,-0.3700,-0.4500,-22.5200,-1.6500,-20.2000,1.030485,30.297077,"-0.85,-0.37,-0.45,-22.52,-1.65,-20.20"
1691,2026-07-27T13:55:34.083,67.688530,58.477800,-0.7000,-0.4500,-0.5100,-18.6800,10.6800,-11.7800,0.976012,24.531066,"-0.70,-0.45,-0.51,-18.68,10.68,-11.78"
1692,2026-07-27T13:55:34.083,67.689146,0.615900,-0.6000,-0.4700,-0.5400,-4.5800,17.4000,-1.7100,0.934077,18.073752,"-0.60,-0.47,-0.54,-4.58,17.40,-1.71"
1693,2026-07-27T13:55:34.143,67.748585,59.439500,-0.5900,-0.4200,-0.5500,17.0900,13.7900,10.7400,0.909395,24.445445,"-0.59,-0.42,-0.55,17.09,13.79,10.74"
1694,2026-07-27T13:55:34.203,67.808434,59.848600,-0.7200,-0.3400,-0.5200,32.5300,1.5300,21.7300,0.950999,39.150156,"-0.72,-0.34,-0.52,32.53,1.53,21.73"
1695,2026-07-27T13:55:34.203,67.808787,0.352500,-0.8500,-0.2900,-0.4800,35.5200,-6.1000,24.7800,1.018332,43.737042,"-0.85,-0.29,-0.48,35.52,-6.10,24.78"
1696,2026-07-27T13:55:34.262,67.868075,59.288700,-0.8800,-0.3200,-0.4600,27.0400,-6.2300,18.3100,1.043264,33.245009,"-0.88,-0.32,-0.46,27.04,-6.23,18.31"
1697,2026-07-27T13:55:34.323,67.928406,60.330700,-0.8200,-0.3900,-0.4400,10.6200,-7.0200,8.6100,1.009009,15.368699,"-0.82,-0.39,-0.44,10.62,-7.02,8.61"
1698,2026-07-27T13:55:34.323,67.929110,0.703900,-0.7800,-0.4500,-0.4200,-6.2300,-4.6400,2.9900,0.993630,8.323617,"-0.78,-0.45,-0.42,-6.23,-4.64,2.99"
1699,2026-07-27T13:55:34.383,67.988437,59.326700,-0.7700,-0.4100,-0.4200,-8.7900,1.1000,3.5400,0.968194,9.539691,"-0.77,-0.41,-0.42,-8.79,1.10,3.54"
1700,2026-07-27T13:55:34.443,68.049088,60.651500,-0.7500,-0.3600,-0.4400,1.1600,4.0300,5.9800,0.941116,7.303896,"-0.75,-0.36,-0.44,1.16,4.03,5.98"
1701,2026-07-27T13:55:34.444,68.049550,0.461900,-0.7300,-0.3600,-0.4700,9.0900,0.9200,6.9000,0.939894,11.449214,"-0.73,-0.36,-0.47,9.09,0.92,6.90"
1702,2026-07-27T13:55:34.503,68.108482,58.932200,-0.7300,-0.3800,-0.5000,10.0700,-9.8900,7.4500,0.962964,15.959934,"-0.73,-0.38,-0.50,10.07,-9.89,7.45"
1703,2026-07-27T13:55:34.563,68.168190,59.708000,-0.8000,-0.4000,-0.4900,1.7700,-22.1600,7.7500,1.019853,23.542748,"-0.80,-0.40,-0.49,1.77,-22.16,7.75"
1704,2026-07-27T13:55:34.563,68.168739,0.548500,-0.8700,-0.3900,-0.4500,-13.6700,-29.3600,4.3300,1.054277,32.674568,"-0.87,-0.39,-0.45,-13.67,-29.36,4.33"
1705,2026-07-27T13:55:34.623,68.228259,59.520400,-0.8700,-0.3700,-0.3900,-23.6800,-30.5200,-2.2000,1.022693,38.691767,"-0.87,-0.37,-0.39,-23.68,-30.52,-2.20"
1706,2026-07-27T13:55:34.684,68.289474,61.214600,-0.8400,-0.3500,-0.3500,-18.8000,-23.8000,-5.5500,0.974987,30.833140,"-0.84,-0.35,-0.35,-18.80,-23.80,-5.55"
1707,2026-07-27T13:55:34.684,68.289969,0.495300,-0.8300,-0.3400,-0.3500,-2.3200,-10.3100,-2.8700,0.962808,10.950589,"-0.83,-0.34,-0.35,-2.32,-10.31,-2.87"
1708,2026-07-27T13:55:34.743,68.348535,58.565700,-0.8500,-0.3500,-0.3500,13.9800,3.5400,3.1100,0.983616,14.752766,"-0.85,-0.35,-0.35,13.98,3.54,3.11"
1709,2026-07-27T13:55:34.803,68.408677,60.142200,-0.8600,-0.3600,-0.3700,22.1600,11.6600,7.7500,1.003045,26.212281,"-0.86,-0.36,-0.37,22.16,11.66,7.75"
1710,2026-07-27T13:55:34.804,68.409300,0.623400,-0.8500,-0.3600,-0.3900,22.7100,14.1600,9.5200,1.002098,28.405635,"-0.85,-0.36,-0.39,22.71,14.16,9.52"
1711,2026-07-27T13:55:34.922,68.527860,118.559700,-0.8200,-0.3600,-0.4100,19.7800,13.8500,9.7700,0.984937,26.048489,"-0.82,-0.36,-0.41,19.78,13.85,9.77"
1712,2026-07-27T13:55:34.922,68.528067,0.207300,-0.8100,-0.3600,-0.4100,15.2600,11.3500,9.7000,0.976627,21.349007,"-0.81,-0.36,-0.41,15.26,11.35,9.70"
1713,2026-07-27T13:55:34.923,68.528644,0.576400,-0.8200,-0.3800,-0.4000,9.0900,8.4800,8.9100,0.988332,15.294659,"-0.82,-0.38,-0.40,9.09,8.48,8.91"
1714,2026-07-27T13:55:34.983,68.588455,59.811800,-0.8300,-0.3900,-0.4000,1.8300,6.5300,6.6500,1.000500,9.498016,"-0.83,-0.39,-0.40,1.83,6.53,6.65"
1715,2026-07-27T13:55:35.043,68.649075,60.619800,-0.8200,-0.4000,-0.4100,-5.0000,5.3100,2.8700,1.000250,7.837921,"-0.82,-0.40,-0.41,-5.00,5.31,2.87"
1716,2026-07-27T13:55:35.044,68.649404,0.328400,-0.8100,-0.3800,-0.4200,-9.7000,4.5200,-1.3400,0.988383,10.784990,"-0.81,-0.38,-0.42,-9.70,4.52,-1.34"
1717,2026-07-27T13:55:35.103,68.708711,59.307200,-0.8000,-0.3600,-0.4300,-10.8000,3.4200,-3.7800,0.976985,11.942563,"-0.80,-0.36,-0.43,-10.80,3.42,-3.78"
1718,2026-07-27T13:55:35.164,68.770167,61.456300,-0.7900,-0.3400,-0.4300,-7.7500,2.6900,-3.5400,0.961561,8.934775,"-0.79,-0.34,-0.43,-7.75,2.69,-3.54"
1719,2026-07-27T13:55:35.166,68.771409,1.241500,-0.7900,-0.3300,-0.4400,-3.5400,2.5600,-1.8900,0.962601,4.759968,"-0.79,-0.33,-0.44,-3.54,2.56,-1.89"
1720,2026-07-27T13:55:35.223,68.828368,56.959000,-0.8000,-0.3300,-0.4500,-1.2800,1.7100,-0.3100,0.975397,2.158379,"-0.80,-0.33,-0.45,-1.28,1.71,-0.31"
1721,2026-07-27T13:55:35.282,68.888011,59.643700,-0.8000,-0.3300,-0.4500,-1.0400,0.0000,0.7300,0.975397,1.270630,"-0.80,-0.33,-0.45,-1.04,0.00,0.73"
1722,2026-07-27T13:55:35.283,68.888640,0.629100,-0.8000,-0.3300,-0.4500,-1.3400,-1.6500,1.3400,0.975397,2.512708,"-0.80,-0.33,-0.45,-1.34,-1.65,1.34"
1723,2026-07-27T13:55:35.343,68.948340,59.699900,-0.8000,-0.3400,-0.4400,-1.4600,-2.9900,1.8900,0.974269,3.826722,"-0.80,-0.34,-0.44,-1.46,-2.99,1.89"
1724,2026-07-27T13:55:35.403,69.008472,60.131200,-0.8100,-0.3500,-0.4300,-0.3700,-3.3600,2.6200,0.981580,4.276786,"-0.81,-0.35,-0.43,-0.37,-3.36,2.62"
1725,2026-07-27T13:55:35.403,69.008896,0.424200,-0.8200,-0.3600,-0.4200,2.0800,-2.8700,3.4800,0.989141,4.967263,"-0.82,-0.36,-0.42,2.08,-2.87,3.48"
1726,2026-07-27T13:55:35.463,69.068372,59.476000,-0.8200,-0.3600,-0.4200,4.2100,-2.3200,3.8500,0.989141,6.158652,"-0.82,-0.36,-0.42,4.21,-2.32,3.85"
1727,2026-07-27T13:55:35.523,69.128824,60.452400,-0.8300,-0.3600,-0.4200,4.7000,-2.1400,3.6000,0.997447,6.295205,"-0.83,-0.36,-0.42,4.70,-2.14,3.60"
1728,2026-07-27T13:55:35.524,69.129453,0.628900,-0.8300,-0.3500,-0.4100,3.0500,-2.3800,2.9300,0.989697,4.853020,"-0.83,-0.35,-0.41,3.05,-2.38,2.93"
1729,2026-07-27T13:55:35.583,69.188183,58.729900,-0.8300,-0.3400,-0.4100,0.4900,-2.2600,2.0100,0.986205,3.063952,"-0.83,-0.34,-0.41,0.49,-2.26,2.01"
1730,2026-07-27T13:55:35.645,69.250508,62.324600,-0.8300,-0.3400,-0.4100,-1.5900,-1.1000,1.1600,0.986205,2.254706,"-0.83,-0.34,-0.41,-1.59,-1.10,1.16"
1731,2026-07-27T13:55:35.646,69.252008,1.500400,-0.8300,-0.3400,-0.4200,-2.9900,0.0000,0.6100,0.990404,3.051590,"-0.83,-0.34,-0.42,-2.99,0.00,0.61"
1732,2026-07-27T13:55:35.702,69.308108,56.100000,-0.8200,-0.3400,-0.4200,-3.3600,0.7900,0.4900,0.982039,3.486230,"-0.82,-0.34,-0.42,-3.36,0.79,0.49"
1733,2026-07-27T13:55:35.762,69.368079,59.971200,-0.8200,-0.3400,-0.4300,-2.7500,1.2200,0.7900,0.986357,3.110466,"-0.82,-0.34,-0.43,-2.75,1.22,0.79"
1734,2026-07-27T13:55:35.763,69.368783,0.704100,-0.8100,-0.3400,-0.4300,-1.9500,0.9800,1.0400,0.978059,2.417540,"-0.81,-0.34,-0.43,-1.95,0.98,1.04"
1735,2026-07-27T13:55:35.823,69.428367,59.584200,-0.8200,-0.3400,-0.4300,-1.7100,0.1200,1.0400,0.986357,2.005019,"-0.82,-0.34,-0.43,-1.71,0.12,1.04"
1736,2026-07-27T13:55:35.882,69.488122,59.754400,-0.8200,-0.3300,-0.4300,-1.7100,-0.6100,0.9200,0.982955,2.035338,"-0.82,-0.33,-0.43,-1.71,-0.61,0.92"
1737,2026-07-27T13:55:35.883,69.488624,0.501900,-0.8200,-0.3300,-0.4200,-0.9800,-0.7300,1.1000,0.978621,1.644172,"-0.82,-0.33,-0.42,-0.98,-0.73,1.10"
1738,2026-07-27T13:55:35.942,69.548044,59.419900,-0.8200,-0.3300,-0.4200,0.1200,-0.4900,1.5300,0.978621,1.611025,"-0.82,-0.33,-0.42,0.12,-0.49,1.53"
1739,2026-07-27T13:55:36.003,69.608306,60.262400,-0.8300,-0.3300,-0.4200,0.6100,-0.2400,2.0100,0.987016,2.114190,"-0.83,-0.33,-0.42,0.61,-0.24,2.01"
1740,2026-07-27T13:55:36.064,69.669503,61.196700,-0.8300,-0.3300,-0.4200,0.4300,-0.0600,2.2600,0.987016,2.301326,"-0.83,-0.33,-0.42,0.43,-0.06,2.26"
1741,2026-07-27T13:55:36.064,69.670052,0.549100,-0.8200,-0.3400,-0.4200,0.0600,0.0600,2.2600,0.982039,2.261592,"-0.82,-0.34,-0.42,0.06,0.06,2.26"
1742,2026-07-27T13:55:36.123,69.728358,58.305700,-0.8200,-0.3400,-0.4200,-0.3100,-0.1200,1.8300,0.982039,1.859946,"-0.82,-0.34,-0.42,-0.31,-0.12,1.83"
1743,2026-07-27T13:55:36.183,69.788573,60.215000,-0.8200,-0.3300,-0.4200,-0.7900,-0.7300,1.3400,0.978621,1.718313,"-0.82,-0.33,-0.42,-0.79,-0.73,1.34"
1744,2026-07-27T13:55:36.184,69.789335,0.762500,-0.8200,-0.3200,-0.4200,-0.6700,-0.9200,1.1600,0.975295,1.625085,"-0.82,-0.32,-0.42,-0.67,-0.92,1.16"
1745,2026-07-27T13:55:36.243,69.848540,59.204500,-0.8200,-0.3200,-0.4300,-0.0600,-0.8500,1.4600,0.979643,1.690473,"-0.82,-0.32,-0.43,-0.06,-0.85,1.46"
1746,2026-07-27T13:55:36.303,69.908379,59.839000,-0.8300,-0.3200,-0.4300,0.1800,-1.1600,1.8300,0.988028,2.174144,"-0.83,-0.32,-0.43,0.18,-1.16,1.83"
1747,2026-07-27T13:55:36.303,69.908774,0.395200,-0.8300,-0.3200,-0.4200,0.2400,-1.4600,1.8900,0.983717,2.400271,"-0.83,-0.32,-0.42,0.24,-1.46,1.89"
1748,2026-07-27T13:55:36.363,69.969034,60.260000,-0.8300,-0.3200,-0.4200,0.4900,-1.2800,1.8300,0.983717,2.286351,"-0.83,-0.32,-0.42,0.49,-1.28,1.83"
1749,2026-07-27T13:55:36.422,70.028081,59.046800,-0.8300,-0.3200,-0.4200,0.9200,-0.6700,1.9500,0.983717,2.257831,"-0.83,-0.32,-0.42,0.92,-0.67,1.95"
1750,2026-07-27T13:55:36.423,70.028604,0.523300,-0.8300,-0.3300,-0.4200,0.9800,-0.0600,2.2000,0.987016,2.409149,"-0.83,-0.33,-0.42,0.98,-0.06,2.20"
1751,2026-07-27T13:55:36.483,70.088286,59.681900,-0.8300,-0.3300,-0.4200,0.3700,0.1800,1.9500,0.987016,1.992938,"-0.83,-0.33,-0.42,0.37,0.18,1.95"
1752,2026-07-27T13:55:36.543,70.149078,60.792000,-0.8400,-0.3300,-0.4200,-1.1000,-0.3700,1.2800,0.995440,1.727802,"-0.84,-0.33,-0.42,-1.10,-0.37,1.28"
1753,2026-07-27T13:55:36.544,70.149622,0.544500,-0.8600,-0.3000,-0.3900,-4.2100,-5.1900,0.9200,0.990808,6.745858,"-0.86,-0.30,-0.39,-4.21,-5.19,0.92"
1754,2026-07-27T13:55:36.603,70.208566,58.944100,-0.8100,-0.3000,-0.3700,-7.2600,-15.3200,1.5300,0.939681,17.022071,"-0.81,-0.30,-0.37,-7.26,-15.32,1.53"
1755,2026-07-27T13:55:36.663,70.268576,60.010000,-0.7300,-0.3100,-0.3700,-18.4300,-6.1600,19.7100,0.875157,27.678414,"-0.73,-0.31,-0.37,-18.43,-6.16,19.71"
1756,2026-07-27T13:55:36.663,70.269139,0.563000,-0.6700,-0.3200,-0.3700,-37.2300,1.9500,40.6500,0.829578,55.157029,"-0.67,-0.32,-0.37,-37.23,1.95,40.65"
1757,2026-07-27T13:55:36.722,70.327863,58.723900,-0.6900,-0.3100,-0.3900,-57.3100,3.6600,60.8500,0.851058,83.669315,"-0.69,-0.31,-0.39,-57.31,3.66,60.85"
1758,2026-07-27T13:55:36.783,70.388510,60.646300,-0.8200,-0.2300,-0.4100,-66.4100,4.0900,68.9100,0.945198,95.789375,"-0.82,-0.23,-0.41,-66.41,4.09,68.91"
1759,2026-07-27T13:55:36.784,70.389262,0.752600,-0.9200,-0.1200,-0.4200,-62.4400,2.0100,65.8000,1.018430,90.732760,"-0.92,-0.12,-0.42,-62.44,2.01,65.80"
1760,2026-07-27T13:55:36.844,70.449227,59.965200,-0.9100,-0.0800,-0.4100,-48.9500,-7.4500,58.4700,1.001299,76.618183,"-0.91,-0.08,-0.41,-48.95,-7.45,58.47"
1761,2026-07-27T13:55:36.903,70.508358,59.130700,-0.9700,-0.0300,-0.4700,-14.1600,-17.4600,37.3500,1.078286,43.593345,"-0.97,-0.03,-0.47,-14.16,-17.46,37.35"
1762,2026-07-27T13:55:36.904,70.509426,1.068100,-1.1700,0.1500,-0.5800,33.7500,-15.4400,-3.4800,1.314458,37.276890,"-1.17,0.15,-0.58,33.75,-15.44,-3.48"
1763,2026-07-27T13:55:36.963,70.568513,59.086800,-1.1400,0.1700,-0.5800,56.0900,-6.9000,-33.1400,1.290310,65.513035,"-1.14,0.17,-0.58,56.09,-6.90,-33.14"
1764,2026-07-27T13:55:37.023,70.628599,60.086500,-0.8100,-0.0300,-0.4300,40.6500,-5.3100,-28.6900,0.917551,50.037333,"-0.81,-0.03,-0.43,40.65,-5.31,-28.69"
1765,2026-07-27T13:55:37.023,70.628929,0.329200,-0.7600,-0.1400,-0.3000,6.7700,-6.8400,-3.1700,0.828975,10.132492,"-0.76,-0.14,-0.30,6.77,-6.84,-3.17"
1766,2026-07-27T13:55:37.083,70.688338,59.409800,-0.9500,-0.0500,-0.3500,-23.9300,-3.6600,20.6900,1.013657,31.845197,"-0.95,-0.05,-0.35,-23.93,-3.66,20.69"
1767,2026-07-27T13:55:37.203,70.808307,119.968900,-1.0700,0.0300,-0.4400,-34.1200,-4.7600,25.0900,1.157325,42.618542,"-1.07,0.03,-0.44,-34.12,-4.76,25.09"
1768,2026-07-27T13:55:37.203,70.808959,0.651500,-1.0700,0.0200,-0.4900,-34.1200,-4.7600,25.0900,1.177030,42.618542,"-1.07,0.02,-0.49,-34.12,-4.76,25.09"
1769,2026-07-27T13:55:37.204,70.809839,0.879700,-0.9200,-0.0800,-0.4300,10.8600,-3.7800,-11.1100,1.018676,15.989375,"-0.92,-0.08,-0.43,10.86,-3.78,-11.11"
1770,2026-07-27T13:55:37.205,70.810513,0.674000,-0.8000,-0.1500,-0.3400,19.2900,0.4900,-18.1300,0.882100,26.477181,"-0.80,-0.15,-0.34,19.29,0.49,-18.13"
1771,2026-07-27T13:55:37.263,70.868380,57.867400,-0.8100,-0.1200,-0.3200,7.0800,2.2000,-8.4800,0.879147,11.263960,"-0.81,-0.12,-0.32,7.08,2.20,-8.48"
1772,2026-07-27T13:55:37.323,70.928404,60.023500,-0.8800,-0.0200,-0.3900,-9.5200,4.6400,5.6800,0.962756,12.017587,"-0.88,-0.02,-0.39,-9.52,4.64,5.68"
1773,2026-07-27T13:55:37.383,70.989015,60.611400,-0.9100,0.0500,-0.4700,-16.1700,3.7800,10.0700,1.025427,19.420664,"-0.91,0.05,-0.47,-16.17,3.78,10.07"
1774,2026-07-27T13:55:37.384,70.989639,0.623700,-0.8900,0.0300,-0.4800,-10.3100,-0.8500,3.4200,1.011632,10.895641,"-0.89,0.03,-0.48,-10.31,-0.85,3.42"
1775,2026-07-27T13:55:37.443,71.048338,58.699000,-0.8500,-0.0500,-0.4200,-0.1800,-9.2800,-4.3300,0.949421,10.242055,"-0.85,-0.05,-0.42,-0.18,-9.28,-4.33"
1776,2026-07-27T13:55:37.503,71.108368,60.030200,-0.8500,-0.0900,-0.3700,6.2900,-15.2000,-4.6400,0.931397,17.091919,"-0.85,-0.09,-0.37,6.29,-15.20,-4.64"
1777,2026-07-27T13:55:37.503,71.108759,0.391700,-0.9300,-0.0900,-0.3500,6.7100,-13.3700,1.2800,0.997747,15.013973,"-0.93,-0.09,-0.35,6.71,-13.37,1.28"
1778,2026-07-27T13:55:37.563,71.168742,59.982500,-0.9800,-0.0700,-0.3500,2.9300,-9.5200,4.8800,1.042977,11.091875,"-0.98,-0.07,-0.35,2.93,-9.52,4.88"
1779,2026-07-27T13:55:37.624,71.229923,61.181000,-0.9600,-0.0600,-0.3600,-0.4300,-5.4900,1.8300,1.027035,5.802922,"-0.96,-0.06,-0.36,-0.43,-5.49,1.83"
1780,2026-07-27T13:55:37.625,71.230179,0.255700,-0.9000,-0.0600,-0.3600,-0.6700,-0.7300,-2.2000,0.971185,2.412841,"-0.90,-0.06,-0.36,-0.67,-0.73,-2.20"
1781,2026-07-27T13:55:37.683,71.288442,58.262900,-0.8600,-0.0600,-0.3500,0.0000,3.1100,-1.5300,0.930430,3.465977,"-0.86,-0.06,-0.35,0.00,3.11,-1.53"
1782,2026-07-27T13:55:37.743,71.348197,59.755200,-0.8800,-0.0400,-0.3600,-0.4300,5.8600,3.4800,0.951630,6.828975,"-0.88,-0.04,-0.36,-0.43,5.86,3.48"
1783,2026-07-27T13:55:37.743,71.348844,0.646900,-0.9300,-0.0200,-0.3900,0.7300,7.1400,7.8100,1.008662,10.607007,"-0.93,-0.02,-0.39,0.73,7.14,7.81"
1784,2026-07-27T13:55:37.803,71.408614,59.770600,-0.9500,-0.0200,-0.4100,5.2500,7.0800,7.3900,1.034891,11.502217,"-0.95,-0.02,-0.41,5.25,7.08,7.39"
1785,2026-07-27T13:55:37.863,71.468923,60.309200,-0.9200,-0.0400,-0.4100,10.7400,7.0800,3.6000,1.008018,13.357919,"-0.92,-0.04,-0.41,10.74,7.08,3.60"
1786,2026-07-27T13:55:37.864,71.469312,0.389000,-0.8900,-0.0600,-0.3900,12.2100,6.9000,0.7900,0.973550,14.047000,"-0.89,-0.06,-0.39,12.21,6.90,0.79"
1787,2026-07-27T13:55:37.922,71.528166,58.853400,-0.8900,-0.0600,-0.3800,7.5100,6.2300,0.7900,0.969588,9.789642,"-0.89,-0.06,-0.38,7.51,6.23,0.79"
1788,2026-07-27T13:55:37.982,71.587947,59.780700,-0.9100,-0.0400,-0.3900,0.4900,6.1600,1.7100,0.990858,6.411692,"-0.91,-0.04,-0.39,0.49,6.16,1.71"
1789,2026-07-27T13:55:37.983,71.588674,0.727600,-0.9100,-0.0300,-0.4100,-4.0900,6.4700,1.1600,0.998549,7.741744,"-0.91,-0.03,-0.41,-4.09,6.47,1.16"
1790,2026-07-27T13:55:38.043,71.648303,59.629100,-0.8900,-0.0400,-0.4200,-5.3700,5.6200,-0.9800,0.984937,7.834647,"-0.89,-0.04,-0.42,-5.37,5.62,-0.98"
1791,2026-07-27T13:55:38.103,71.708288,59.985000,-0.8700,-0.0500,-0.4300,-5.3700,3.5400,-2.6900,0.971751,6.971700,"-0.87,-0.05,-0.43,-5.37,3.54,-2.69"
1792,2026-07-27T13:55:38.103,71.708899,0.610800,-0.8700,-0.0400,-0.4200,-5.3700,1.2800,-2.3800,0.966902,6.011630,"-0.87,-0.04,-0.42,-5.37,1.28,-2.38"
1793,2026-07-27T13:55:38.163,71.768404,59.505200,-0.8900,-0.0300,-0.4200,-4.7600,-0.5500,-0.9800,0.984581,4.890859,"-0.89,-0.03,-0.42,-4.76,-0.55,-0.98"
1794,2026-07-27T13:55:38.223,71.828320,59.916000,-0.9000,-0.0300,-0.4100,-3.3600,-1.4600,-0.3700,0.989444,3.682133,"-0.90,-0.03,-0.41,-3.36,-1.46,-0.37"
1795,2026-07-27T13:55:38.223,71.828626,0.306200,-0.9000,-0.0400,-0.4000,-1.9500,-1.2800,-0.7300,0.985698,2.444136,"-0.90,-0.04,-0.40,-1.95,-1.28,-0.73"
1796,2026-07-27T13:55:38.283,71.888434,59.807600,-0.8900,-0.0400,-0.4000,-1.4000,-0.7300,-0.9800,0.976576,1.858306,"-0.89,-0.04,-0.40,-1.40,-0.73,-0.98"
1797,2026-07-27T13:55:38.342,71.948030,59.596400,-0.8900,-0.0400,-0.4100,-1.7700,-0.0600,-0.7300,0.980714,1.915568,"-0.89,-0.04,-0.41,-1.77,-0.06,-0.73"
1798,2026-07-27T13:55:38.343,71.948651,0.620100,-0.9000,-0.0400,-0.4100,-2.0100,0.9200,-0.4300,0.989798,2.251977,"-0.90,-0.04,-0.41,-2.01,0.92,-0.43"
1799,2026-07-27T13:55:38.403,72.008376,59.725700,-0.8900,-0.0300,-0.4100,-1.5900,1.7700,-0.2400,0.980357,2.391359,"-0.89,-0.03,-0.41,-1.59,1.77,-0.24"
1800,2026-07-27T13:55:38.463,72.068475,60.098900,-0.8900,-0.0300,-0.4200,-0.4300,1.8300,-0.1800,0.984581,1.888439,"-0.89,-0.03,-0.42,-0.43,1.83,-0.18"
1801,2026-07-27T13:55:38.463,72.069018,0.543300,-0.8900,-0.0400,-0.4100,0.7300,1.1600,0.1200,0.980714,1.375827,"-0.89,-0.04,-0.41,0.73,1.16,0.12"
1802,2026-07-27T13:55:38.523,72.128398,59.379900,-0.8900,-0.0400,-0.4100,1.0400,0.5500,0.4900,0.980714,1.274441,"-0.89,-0.04,-0.41,1.04,0.55,0.49"
1803,2026-07-27T13:55:38.582,72.188137,59.738300,-0.9000,-0.0500,-0.4200,0.3700,0.8500,0.3100,0.994435,0.977497,"-0.90,-0.05,-0.42,0.37,0.85,0.31"
1804,2026-07-27T13:55:38.583,72.188553,0.416800,-0.8900,-0.0500,-0.4200,-0.7300,1.6500,-0.1800,0.985393,1.813229,"-0.89,-0.05,-0.42,-0.73,1.65,-0.18"
1805,2026-07-27T13:55:38.643,72.248333,59.780000,-0.8800,-0.0400,-0.4200,-1.1600,1.8900,-0.4900,0.975910,2.271079,"-0.88,-0.04,-0.42,-1.16,1.89,-0.49"
1806,2026-07-27T13:55:38.703,72.308417,60.083500,-0.8800,-0.0300,-0.4200,-0.8500,1.1600,-0.1800,0.975551,1.449310,"-0.88,-0.03,-0.42,-0.85,1.16,-0.18"
1807,2026-07-27T13:55:38.703,72.308808,0.391500,-0.8900,-0.0300,-0.4200,-0.4300,0.1200,0.2400,0.984581,0.506853,"-0.89,-0.03,-0.42,-0.43,0.12,0.24"
1808,2026-07-27T13:55:38.762,72.368046,59.237200,-0.8900,-0.0400,-0.4200,-0.1200,-0.6700,0.3100,0.984937,0.747930,"-0.89,-0.04,-0.42,-0.12,-0.67,0.31"
1809,2026-07-27T13:55:38.823,72.428321,60.275300,-0.8900,-0.0400,-0.4200,0.3700,-1.1600,0.1800,0.984937,1.230813,"-0.89,-0.04,-0.42,0.37,-1.16,0.18"
1810,2026-07-27T13:55:38.823,72.428759,0.438200,-0.8900,-0.0400,-0.4200,0.7300,-1.4000,0.2400,0.984937,1.597028,"-0.89,-0.04,-0.42,0.73,-1.40,0.24"
1811,2026-07-27T13:55:38.882,72.487888,59.128700,-0.9000,-0.0400,-0.4100,0.5500,-1.1600,0.3700,0.989798,1.336039,"-0.90,-0.04,-0.41,0.55,-1.16,0.37"
1812,2026-07-27T13:55:38.943,72.548641,60.753000,-0.9000,-0.0400,-0.4100,0.0600,-0.4900,0.3100,0.989798,0.582924,"-0.90,-0.04,-0.41,0.06,-0.49,0.31"
1813,2026-07-27T13:55:38.944,72.549184,0.543200,-0.8900,-0.0400,-0.4200,-0.1200,0.1800,0.1800,0.984937,0.281425,"-0.89,-0.04,-0.42,-0.12,0.18,0.18"
1814,2026-07-27T13:55:39.003,72.608393,59.209000,-0.8900,-0.0400,-0.4200,-0.1200,0.1800,0.1200,0.984937,0.247386,"-0.89,-0.04,-0.42,-0.12,0.18,0.12"
1815,2026-07-27T13:55:39.064,72.669716,61.322600,-0.8900,-0.0400,-0.4200,-0.2400,-0.2400,0.1800,0.984937,0.384187,"-0.89,-0.04,-0.42,-0.24,-0.24,0.18"
1816,2026-07-27T13:55:39.065,72.670371,0.655100,-0.8900,-0.0400,-0.4100,-0.1800,-0.4300,0.1800,0.980714,0.499700,"-0.89,-0.04,-0.41,-0.18,-0.43,0.18"
1817,2026-07-27T13:55:39.123,72.729063,58.692500,-0.8800,-0.0400,-0.4200,0.0000,-0.3100,0.2400,0.975910,0.392046,"-0.88,-0.04,-0.42,0.00,-0.31,0.24"
1818,2026-07-27T13:55:39.183,72.788454,59.390600,-0.8800,-0.0400,-0.4300,-0.1800,-1.1000,0.0600,0.980255,1.116244,"-0.88,-0.04,-0.43,-0.18,-1.10,0.06"
1819,2026-07-27T13:55:39.183,72.788707,0.253200,-0.8900,-0.0400,-0.4200,-0.9200,-3.1700,-0.3700,0.984937,3.321476,"-0.89,-0.04,-0.42,-0.92,-3.17,-0.37"
1820,2026-07-27T13:55:39.243,72.848257,59.549800,-0.9000,-0.0400,-0.4100,-1.8900,-4.7600,-0.9800,0.989798,5.214413,"-0.90,-0.04,-0.41,-1.89,-4.76,-0.98"
1821,2026-07-27T13:55:39.302,72.908089,59.832500,-0.9000,-0.0300,-0.3900,-2.5600,-5.0000,-1.1600,0.981326,5.735782,"-0.90,-0.03,-0.39,-2.56,-5.00,-1.16"
1822,2026-07-27T13:55:39.303,72.908511,0.422000,-0.9000,-0.0400,-0.3900,-1.9500,-4.1500,-0.5500,0.981682,4.618171,"-0.90,-0.04,-0.39,-1.95,-4.15,-0.55"
1823,2026-07-27T13:55:39.363,72.968223,59.711900,-0.9000,-0.0400,-0.4000,-0.1800,-2.3200,0.3100,0.985698,2.347531,"-0.90,-0.04,-0.40,-0.18,-2.32,0.31"
1824,2026-07-27T13:55:39.423,73.028266,60.042700,-0.9000,-0.0400,-0.4100,1.1600,-0.4900,0.6100,0.989798,1.399214,"-0.90,-0.04,-0.41,1.16,-0.49,0.61"
1825,2026-07-27T13:55:39.424,73.029226,0.959800,-0.8900,-0.0400,-0.4100,0.9200,0.3700,0.4300,0.980714,1.080833,"-0.89,-0.04,-0.41,0.92,0.37,0.43"
1826,2026-07-27T13:55:39.483,73.088492,59.266700,-0.9000,-0.0300,-0.4000,-0.0600,0.3700,0.1200,0.985343,0.393573,"-0.90,-0.03,-0.40,-0.06,0.37,0.12"
1827,2026-07-27T13:55:39.543,73.148372,59.879500,-0.9000,-0.0300,-0.4000,-0.3700,0.1800,0.0600,0.985343,0.415812,"-0.90,-0.03,-0.40,-0.37,0.18,0.06"
1828,2026-07-27T13:55:39.543,73.148953,0.581000,-0.9000,-0.0400,-0.4000,0.4900,0.1800,0.3100,0.985698,0.607124,"-0.90,-0.04,-0.40,0.49,0.18,0.31"
1829,2026-07-27T13:55:39.603,73.208260,59.307500,-0.9000,-0.0400,-0.4100,0.3700,0.9800,0.1800,0.989798,1.062873,"-0.90,-0.04,-0.41,0.37,0.98,0.18"
1830,2026-07-27T13:55:39.664,73.269312,61.052000,-0.9000,-0.0400,-0.4100,-1.4000,0.9800,-0.2400,0.989798,1.725688,"-0.90,-0.04,-0.41,-1.40,0.98,-0.24"
1831,2026-07-27T13:55:39.665,73.270387,1.074700,-0.8900,-0.0400,-0.4100,-2.5600,0.7300,-0.7300,0.980714,2.760326,"-0.89,-0.04,-0.41,-2.56,0.73,-0.73"
1832,2026-07-27T13:55:39.724,73.329230,58.842800,-0.9000,-0.0400,-0.4100,-2.6900,1.2200,-1.2800,0.989798,3.219146,"-0.90,-0.04,-0.41,-2.69,1.22,-1.28"
1833,2026-07-27T13:55:39.783,73.388834,59.603800,-0.9000,-0.0400,-0.4100,-2.8100,2.0100,-1.7700,0.989798,3.881894,"-0.90,-0.04,-0.41,-2.81,2.01,-1.77"
1834,2026-07-27T13:55:39.784,73.389373,0.538900,-0.8900,-0.0400,-0.4000,-2.4400,2.3200,-1.5300,0.976576,3.698229,"-0.89,-0.04,-0.40,-2.44,2.32,-1.53"
1835,2026-07-27T13:55:39.843,73.448527,59.153900,-0.8700,-0.0400,-0.4100,-0.7900,1.7100,-0.1200,0.962601,1.887485,"-0.87,-0.04,-0.41,-0.79,1.71,-0.12"
1836,2026-07-27T13:55:39.903,73.508327,59.800400,-0.8800,-0.0400,-0.4200,1.3400,0.6100,1.1600,0.975910,1.874380,"-0.88,-0.04,-0.42,1.34,0.61,1.16"
1837,2026-07-27T13:55:39.904,73.509577,1.250100,-0.8900,-0.0400,-0.4200,2.5000,-0.1200,1.2200,0.984937,2.784385,"-0.89,-0.04,-0.42,2.50,-0.12,1.22"
1838,2026-07-27T13:55:39.963,73.568319,58.741500,-0.8900,-0.0400,-0.4200,2.3200,-0.4900,0.7300,0.984937,2.481008,"-0.89,-0.04,-0.42,2.32,-0.49,0.73"
1839,2026-07-27T13:55:40.023,73.628358,60.039500,-0.8900,-0.0400,-0.4100,1.5900,-0.8500,0.6700,0.980714,1.923408,"-0.89,-0.04,-0.41,1.59,-0.85,0.67"
1840,2026-07-27T13:55:40.023,73.628908,0.550200,-0.8900,-0.0400,-0.4100,1.0400,-0.9200,0.7900,0.980714,1.597529,"-0.89,-0.04,-0.41,1.04,-0.92,0.79"
1841,2026-07-27T13:55:40.083,73.688209,59.301100,-0.9000,-0.0400,-0.4100,0.3700,-0.4900,0.3700,0.989798,0.716868,"-0.90,-0.04,-0.41,0.37,-0.49,0.37"
1842,2026-07-27T13:55:40.144,73.749678,61.468400,-0.8900,-0.0400,-0.4100,-0.6100,-0.2400,-0.1800,0.980714,0.679779,"-0.89,-0.04,-0.41,-0.61,-0.24,-0.18"
1843,2026-07-27T13:55:40.145,73.750403,0.725700,-0.8900,-0.0400,-0.4100,-0.9800,-0.5500,-0.2400,0.980714,1.149130,"-0.89,-0.04,-0.41,-0.98,-0.55,-0.24"
1844,2026-07-27T13:55:40.204,73.809936,59.532100,-0.8900,-0.0400,-0.4100,-0.3700,-0.9800,0.1200,0.980714,1.054372,"-0.89,-0.04,-0.41,-0.37,-0.98,0.12"
1845,2026-07-27T13:55:40.263,73.868332,58.396100,-0.9000,-0.0400,-0.4100,0.4900,-1.1600,0.3700,0.989798,1.312479,"-0.90,-0.04,-0.41,0.49,-1.16,0.37"
1846,2026-07-27T13:55:40.264,73.869254,0.922400,-0.9000,-0.0400,-0.4100,0.9200,-0.6100,0.4300,0.989798,1.184652,"-0.90,-0.04,-0.41,0.92,-0.61,0.43"
1847,2026-07-27T13:55:40.323,73.928718,59.464100,-0.9000,-0.0400,-0.4100,0.6700,0.0000,0.4300,0.989798,0.796116,"-0.90,-0.04,-0.41,0.67,0.00,0.43"
1848,2026-07-27T13:55:40.383,73.988209,59.490400,-0.9000,-0.0400,-0.4100,0.2400,0.3100,0.2400,0.989798,0.459674,"-0.90,-0.04,-0.41,0.24,0.31,0.24"
1849,2026-07-27T13:55:40.383,73.988728,0.519100,-0.8900,-0.0400,-0.4100,0.0000,0.6700,0.0000,0.980714,0.670000,"-0.89,-0.04,-0.41,0.00,0.67,0.00"
1850,2026-07-27T13:55:40.443,74.048253,59.525000,-0.8900,-0.0400,-0.4200,-0.1200,0.9200,-0.1200,0.984937,0.935521,"-0.89,-0.04,-0.42,-0.12,0.92,-0.12"
1851,2026-07-27T13:55:40.502,74.108016,59.763100,-0.8900,-0.0400,-0.4200,-0.1800,0.4900,0.0000,0.984937,0.522015,"-0.89,-0.04,-0.42,-0.18,0.49,0.00"
1852,2026-07-27T13:55:40.504,74.109500,1.484000,-0.8900,-0.0300,-0.4100,0.3700,-0.1800,0.2400,0.980357,0.476340,"-0.89,-0.03,-0.41,0.37,-0.18,0.24"
1853,2026-07-27T13:55:40.563,74.168461,58.961200,-0.8900,-0.0400,-0.4100,1.0400,-0.5500,0.4300,0.980714,1.252597,"-0.89,-0.04,-0.41,1.04,-0.55,0.43"
1854,2026-07-27T13:55:40.682,74.288042,119.580600,-0.8900,-0.0400,-0.4100,1.0400,-0.7300,0.4300,0.980714,1.341417,"-0.89,-0.04,-0.41,1.04,-0.73,0.43"
1855,2026-07-27T13:55:40.683,74.288370,0.328200,-0.8900,-0.0400,-0.4100,0.3700,-0.8500,0.3700,0.980714,0.998148,"-0.89,-0.04,-0.41,0.37,-0.85,0.37"
1856,2026-07-27T13:55:40.683,74.288716,0.346500,-0.8900,-0.0400,-0.4100,0.0600,-0.8500,0.3100,0.980714,0.906752,"-0.89,-0.04,-0.41,0.06,-0.85,0.31"
1857,2026-07-27T13:55:40.744,74.349831,61.114600,-0.9000,-0.0400,-0.4100,0.3700,-0.5500,0.3700,0.989798,0.759144,"-0.90,-0.04,-0.41,0.37,-0.55,0.37"
1858,2026-07-27T13:55:40.746,74.351285,1.454500,-0.9000,-0.0400,-0.4100,0.6700,-0.1800,0.3100,0.989798,0.759868,"-0.90,-0.04,-0.41,0.67,-0.18,0.31"
1859,2026-07-27T13:55:40.803,74.408244,56.958700,-0.9000,-0.0400,-0.4100,0.3100,0.1800,0.1200,0.989798,0.378021,"-0.90,-0.04,-0.41,0.31,0.18,0.12"
1860,2026-07-27T13:55:40.863,74.468397,60.153200,-0.8900,-0.0400,-0.4100,-0.4900,0.6100,-0.1800,0.980714,0.802870,"-0.89,-0.04,-0.41,-0.49,0.61,-0.18"
1861,2026-07-27T13:55:40.863,74.468863,0.465600,-0.8900,-0.0300,-0.4100,-1.1000,0.6100,-0.3700,0.980357,1.311106,"-0.89,-0.03,-0.41,-1.10,0.61,-0.37"
1862,2026-07-27T13:55:40.923,74.528256,59.392800,-0.8900,-0.0400,-0.4100,-0.7900,0.2400,-0.3100,0.980714,0.881930,"-0.89,-0.04,-0.41,-0.79,0.24,-0.31"
1863,2026-07-27T13:55:40.983,74.588378,60.122000,-0.8900,-0.0400,-0.4100,0.2400,-0.2400,0.0000,0.980714,0.339411,"-0.89,-0.04,-0.41,0.24,-0.24,0.00"
1864,2026-07-27T13:55:40.983,74.588901,0.523300,-0.8900,-0.0400,-0.4100,0.7900,-0.6100,0.1800,0.980714,1.014199,"-0.89,-0.04,-0.41,0.79,-0.61,0.18"
1865,2026-07-27T13:55:41.044,74.649292,60.390600,-0.8900,-0.0400,-0.4100,0.4900,-0.7300,0.1800,0.980714,0.897441,"-0.89,-0.04,-0.41,0.49,-0.73,0.18"
1866,2026-07-27T13:55:41.102,74.708147,58.855000,-0.8900,-0.0400,-0.4100,0.0600,-0.5500,0.1200,0.980714,0.566127,"-0.89,-0.04,-0.41,0.06,-0.55,0.12"
1867,2026-07-27T13:55:41.105,74.710577,2.430300,-0.8900,-0.0300,-0.4100,-0.2400,-0.2400,0.0600,0.980357,0.344674,"-0.89,-0.03,-0.41,-0.24,-0.24,0.06"
1868,2026-07-27T13:55:41.163,74.768420,57.842800,-0.8900,-0.0400,-0.4100,-0.2400,-0.2400,0.0000,0.980714,0.339411,"-0.89,-0.04,-0.41,-0.24,-0.24,0.00"
1869,2026-07-27T13:55:41.222,74.828006,59.585900,-0.8900,-0.0400,-0.4100,0.0000,-0.4900,0.0000,0.980714,0.490000,"-0.89,-0.04,-0.41,0.00,-0.49,0.00"
1870,2026-07-27T13:55:41.223,74.828440,0.434500,-0.8900,-0.0400,-0.4100,0.2400,-0.4900,0.0600,0.980714,0.548908,"-0.89,-0.04,-0.41,0.24,-0.49,0.06"
1871,2026-07-27T13:55:41.283,74.888467,60.026800,-0.8900,-0.0400,-0.4100,0.1800,-0.3700,0.1200,0.980714,0.428602,"-0.89,-0.04,-0.41,0.18,-0.37,0.12"
1872,2026-07-27T13:55:41.343,74.948435,59.967700,-0.8900,-0.0400,-0.4100,0.1200,-0.1800,0.1200,0.980714,0.247386,"-0.89,-0.04,-0.41,0.12,-0.18,0.12"
1873,2026-07-27T13:55:41.343,74.948700,0.265200,-0.9000,-0.0400,-0.4100,0.1200,0.1200,0.1200,0.989798,0.207846,"-0.90,-0.04,-0.41,0.12,0.12,0.12"
1874,2026-07-27T13:55:41.402,75.007995,59.294800,-0.8900,-0.0300,-0.4100,0.0600,0.5500,0.1800,0.980357,0.581808,"-0.89,-0.03,-0.41,0.06,0.55,0.18"
1875,2026-07-27T13:55:41.463,75.068680,60.685700,-0.8900,-0.0300,-0.4100,-0.1200,0.4300,0.0600,0.980357,0.450444,"-0.89,-0.03,-0.41,-0.12,0.43,0.06"
1876,2026-07-27T13:55:41.464,75.069287,0.606600,-0.8900,-0.0400,-0.4100,-0.2400,-0.1200,0.0000,0.980714,0.268328,"-0.89,-0.04,-0.41,-0.24,-0.12,0.00"
1877,2026-07-27T13:55:41.523,75.128452,59.165100,-0.8900,-0.0400,-0.4100,0.0000,-0.4900,0.0000,0.980714,0.490000,"-0.89,-0.04,-0.41,0.00,-0.49,0.00"
1878,2026-07-27T13:55:41.583,75.188832,60.379800,-0.8900,-0.0400,-0.4100,0.3100,-0.3700,0.0600,0.980714,0.486415,"-0.89,-0.04,-0.41,0.31,-0.37,0.06"
1879,2026-07-27T13:55:41.584,75.189307,0.474900,-0.8900,-0.0400,-0.4100,0.3100,-0.2400,0.1200,0.980714,0.410000,"-0.89,-0.04,-0.41,0.31,-0.24,0.12"
1880,2026-07-27T13:55:41.644,75.249181,59.874600,-0.8900,-0.0300,-0.4100,0.1200,-0.2400,0.1200,0.980357,0.293939,"-0.89,-0.03,-0.41,0.12,-0.24,0.12"
1881,2026-07-27T13:55:41.703,75.308742,59.560800,-0.8900,-0.0400,-0.4100,0.1200,-0.3700,0.1800,0.980714,0.428602,"-0.89,-0.04,-0.41,0.12,-0.37,0.18"
1882,2026-07-27T13:55:41.704,75.309386,0.644200,-0.8900,-0.0400,-0.4100,0.3100,-0.5500,0.1800,0.980714,0.656506,"-0.89,-0.04,-0.41,0.31,-0.55,0.18"
1883,2026-07-27T13:55:41.763,75.368428,59.042000,-0.9000,-0.0400,-0.4100,0.4900,-0.5500,0.2400,0.989798,0.774726,"-0.90,-0.04,-0.41,0.49,-0.55,0.24"
1884,2026-07-27T13:55:41.822,75.428089,59.660600,-0.9000,-0.0400,-0.4100,0.4300,-0.3100,0.2400,0.989798,0.581893,"-0.90,-0.04,-0.41,0.43,-0.31,0.24"
1885,2026-07-27T13:55:41.828,75.433397,5.308100,-0.8900,-0.0400,-0.4100,0.1200,-0.0600,0.1200,0.980714,0.180000,"-0.89,-0.04,-0.41,0.12,-0.06,0.12"
1886,2026-07-27T13:55:41.883,75.488297,54.900000,-0.8900,-0.0400,-0.4100,-0.3100,0.0600,-0.0600,0.980714,0.321403,"-0.89,-0.04,-0.41,-0.31,0.06,-0.06"
1887,2026-07-27T13:55:41.944,75.549612,61.315100,-0.8900,-0.0400,-0.4100,-0.4300,0.2400,0.0000,0.980714,0.492443,"-0.89,-0.04,-0.41,-0.43,0.24,0.00"
1888,2026-07-27T13:55:41.945,75.550974,1.361400,-0.8900,-0.0300,-0.4100,-0.0600,0.3700,0.1800,0.980357,0.415812,"-0.89,-0.03,-0.41,-0.06,0.37,0.18"
1889,2026-07-27T13:55:42.003,75.608604,57.630400,-0.8900,-0.0400,-0.4100,0.1800,0.1200,0.2400,0.980714,0.323110,"-0.89,-0.04,-0.41,0.18,0.12,0.24"
1890,2026-07-27T13:55:42.063,75.668654,60.050500,-0.8900,-0.0400,-0.4100,0.1200,-0.1800,0.1200,0.980714,0.247386,"-0.89,-0.04,-0.41,0.12,-0.18,0.12"
1891,2026-07-27T13:55:42.063,75.669166,0.511300,-0.8900,-0.0400,-0.4100,0.0000,-0.2400,0.0600,0.980714,0.247386,"-0.89,-0.04,-0.41,0.00,-0.24,0.06"
1892,2026-07-27T13:55:42.122,75.728130,58.964000,-0.8900,-0.0400,-0.4100,-0.0600,-0.1200,0.0600,0.980714,0.146969,"-0.89,-0.04,-0.41,-0.06,-0.12,0.06"
1893,2026-07-27T13:55:42.183,75.788251,60.121000,-0.8900,-0.0400,-0.4100,0.1200,-0.1800,0.0600,0.980714,0.224499,"-0.89,-0.04,-0.41,0.12,-0.18,0.06"
1894,2026-07-27T13:55:42.183,75.788753,0.502000,-0.8900,-0.0400,-0.4100,0.3700,-0.3700,0.1200,0.980714,0.536843,"-0.89,-0.04,-0.41,0.37,-0.37,0.12"
1895,2026-07-27T13:55:42.243,75.848860,60.107700,-0.9000,-0.0400,-0.4100,0.3700,-0.3100,0.2400,0.989798,0.539073,"-0.90,-0.04,-0.41,0.37,-0.31,0.24"
1896,2026-07-27T13:55:42.303,75.908856,59.995600,-0.9000,-0.0400,-0.4100,0.3700,-0.0600,0.3100,0.989798,0.486415,"-0.90,-0.04,-0.41,0.37,-0.06,0.31"
1897,2026-07-27T13:55:42.304,75.909532,0.676400,-0.8900,-0.0400,-0.4100,0.3100,0.1200,0.1200,0.980714,0.353412,"-0.89,-0.04,-0.41,0.31,0.12,0.12"
1898,2026-07-27T13:55:42.363,75.968788,59.255800,-0.8900,-0.0400,-0.4100,-0.1800,0.1800,-0.1200,0.980714,0.281425,"-0.89,-0.04,-0.41,-0.18,0.18,-0.12"
1899,2026-07-27T13:55:42.423,76.028479,59.690900,-0.8900,-0.0400,-0.4100,-0.7900,0.1200,-0.1200,0.980714,0.808022,"-0.89,-0.04,-0.41,-0.79,0.12,-0.12"
1900,2026-07-27T13:55:42.423,76.028874,0.395300,-0.8900,-0.0400,-0.4100,-0.6100,0.1200,0.0000,0.980714,0.621691,"-0.89,-0.04,-0.41,-0.61,0.12,0.00"
1901,2026-07-27T13:55:42.483,76.088230,59.355700,-0.8900,-0.0400,-0.4100,0.7900,-0.1800,0.3700,0.980714,0.890730,"-0.89,-0.04,-0.41,0.79,-0.18,0.37"
1902,2026-07-27T13:55:42.543,76.148959,60.729200,-0.8900,-0.0400,-0.4100,0.8500,-0.1200,0.4300,0.980714,0.960104,"-0.89,-0.04,-0.41,0.85,-0.12,0.43"
1903,2026-07-27T13:55:42.561,76.166845,17.886100,-0.9000,-0.0400,-0.4100,0.2400,0.0600,0.1800,0.989798,0.305941,"-0.90,-0.04,-0.41,0.24,0.06,0.18"
1904,2026-07-27T13:55:42.603,76.209073,42.227100,-0.9000,-0.0400,-0.4100,-0.4300,0.1200,-0.0600,0.989798,0.450444,"-0.90,-0.04,-0.41,-0.43,0.12,-0.06"
1905,2026-07-27T13:55:42.663,76.268380,59.307700,-0.8900,-0.0400,-0.4100,-0.4900,0.4300,0.0000,0.980714,0.651920,"-0.89,-0.04,-0.41,-0.49,0.43,0.00"
1906,2026-07-27T13:55:42.663,76.268708,0.328200,-0.8900,-0.0400,-0.4100,-0.0600,0.6100,0.1800,0.980714,0.638827,"-0.89,-0.04,-0.41,-0.06,0.61,0.18"
1907,2026-07-27T13:55:42.723,76.328297,59.588200,-0.8900,-0.0400,-0.4100,0.6100,0.1800,0.4300,0.980714,0.767724,"-0.89,-0.04,-0.41,0.61,0.18,0.43"
1908,2026-07-27T13:55:42.783,76.388495,60.198400,-0.8900,-0.0300,-0.4100,0.9800,-0.3100,0.4900,0.980357,1.138683,"-0.89,-0.03,-0.41,0.98,-0.31,0.49"
1909,2026-07-27T13:55:42.783,76.388804,0.308800,-0.8900,-0.0400,-0.4100,0.6700,-0.3700,0.3700,0.980714,0.850118,"-0.89,-0.04,-0.41,0.67,-0.37,0.37"
1910,2026-07-27T13:55:42.902,76.507745,118.941500,-0.9000,-0.0400,-0.4100,0.1200,0.0000,0.1200,0.989798,0.169706,"-0.90,-0.04,-0.41,0.12,0.00,0.12"
1911,2026-07-27T13:55:42.903,76.508204,0.458700,-0.8900,-0.0400,-0.4100,-0.2400,0.4300,-0.0600,0.980714,0.496085,"-0.89,-0.04,-0.41,-0.24,0.43,-0.06"
1912,2026-07-27T13:55:42.903,76.508850,0.646300,-0.8900,-0.0400,-0.4100,-0.4900,0.6100,-0.0600,0.980714,0.784729,"-0.89,-0.04,-0.41,-0.49,0.61,-0.06"
1913,2026-07-27T13:55:42.963,76.569156,60.305700,-0.8900,-0.0300,-0.4100,-0.2400,0.4900,0.1800,0.980357,0.574543,"-0.89,-0.03,-0.41,-0.24,0.49,0.18"
1914,2026-07-27T13:55:43.023,76.628713,59.556900,-0.8900,-0.0300,-0.4100,0.3100,0.0600,0.4300,0.980357,0.533479,"-0.89,-0.03,-0.41,0.31,0.06,0.43"
1915,2026-07-27T13:55:43.024,76.629315,0.602300,-0.8900,-0.0400,-0.4100,0.6700,-0.4900,0.3700,0.980714,0.908790,"-0.89,-0.04,-0.41,0.67,-0.49,0.37"
1916,2026-07-27T13:55:43.083,76.688307,58.992000,-0.8900,-0.0400,-0.4100,0.4900,-0.6700,0.2400,0.980714,0.864060,"-0.89,-0.04,-0.41,0.49,-0.67,0.24"
1917,2026-07-27T13:55:43.143,76.748977,60.670200,-0.9000,-0.0400,-0.4100,-0.1800,-0.4900,0.1200,0.989798,0.535630,"-0.90,-0.04,-0.41,-0.18,-0.49,0.12"
1918,2026-07-27T13:55:43.144,76.749677,0.699400,-0.8900,-0.0400,-0.4100,-0.4900,-0.1800,0.0000,0.980714,0.522015,"-0.89,-0.04,-0.41,-0.49,-0.18,0.00"
1919,2026-07-27T13:55:43.203,76.808318,58.641600,-0.8900,-0.0400,-0.4100,-0.1800,0.0600,0.0000,0.980714,0.189737,"-0.89,-0.04,-0.41,-0.18,0.06,0.00"
1920,2026-07-27T13:55:43.323,76.928205,119.886500,-0.8900,-0.0400,-0.4100,0.0000,0.0000,0.0000,0.980714,0.000000,"-0.89,-0.04,-0.41,0.00,0.00,0.00"
1921,2026-07-27T13:55:43.323,76.929053,0.848200,-0.8900,-0.0400,-0.4100,0.0000,-0.2400,0.0000,0.980714,0.240000,"-0.89,-0.04,-0.41,0.00,-0.24,0.00"
1922,2026-07-27T13:55:43.324,76.929893,0.840200,-0.8900,-0.0400,-0.4100,0.0600,-0.3100,-0.0600,0.980714,0.321403,"-0.89,-0.04,-0.41,0.06,-0.31,-0.06"
1923,2026-07-27T13:55:43.383,76.988604,58.710600,-0.8900,-0.0400,-0.4100,0.0600,-0.1800,0.0000,0.980714,0.189737,"-0.89,-0.04,-0.41,0.06,-0.18,0.00"
1924,2026-07-27T13:55:43.383,76.988975,0.371100,-0.8900,-0.0400,-0.4100,-0.0600,-0.1200,0.0000,0.980714,0.134164,"-0.89,-0.04,-0.41,-0.06,-0.12,0.00"
1925,2026-07-27T13:55:43.443,77.048341,59.365900,-0.8900,-0.0400,-0.4100,-0.1200,-0.0600,0.0000,0.980714,0.134164,"-0.89,-0.04,-0.41,-0.12,-0.06,0.00"
1926,2026-07-27T13:55:43.503,77.108382,60.040900,-0.8900,-0.0400,-0.4100,-0.1200,-0.1200,-0.0600,0.980714,0.180000,"-0.89,-0.04,-0.41,-0.12,-0.12,-0.06"
1927,2026-07-27T13:55:43.503,77.109006,0.624700,-0.8900,-0.0400,-0.4100,-0.0600,-0.1800,0.0600,0.980714,0.198997,"-0.89,-0.04,-0.41,-0.06,-0.18,0.06"
1928,2026-07-27T13:55:43.567,77.172389,63.382900,-0.8900,-0.0400,-0.4100,0.0600,-0.0600,0.1200,0.980714,0.146969,"-0.89,-0.04,-0.41,0.06,-0.06,0.12"
1929,2026-07-27T13:55:43.623,77.228755,56.365800,-0.8900,-0.0400,-0.4100,0.1800,0.1800,0.0600,0.980714,0.261534,"-0.89,-0.04,-0.41,0.18,0.18,0.06"
1930,2026-07-27T13:55:43.624,77.229610,0.854700,-0.8900,-0.0400,-0.4100,0.1200,0.2400,0.0000,0.980714,0.268328,"-0.89,-0.04,-0.41,0.12,0.24,0.00"
1931,2026-07-27T13:55:43.742,77.347939,118.329200,-0.8900,-0.0400,-0.4100,0.0000,0.1200,0.0600,0.980714,0.134164,"-0.89,-0.04,-0.41,0.00,0.12,0.06"
1932,2026-07-27T13:55:43.743,77.348657,0.717500,-0.8900,-0.0400,-0.4100,0.0000,0.0600,0.1800,0.980714,0.189737,"-0.89,-0.04,-0.41,0.00,0.06,0.18"
1933,2026-07-27T13:55:43.743,77.348890,0.233400,-0.8900,-0.0400,-0.4100,0.1800,-0.0600,0.1200,0.980714,0.224499,"-0.89,-0.04,-0.41,0.18,-0.06,0.12"
1934,2026-07-27T13:55:43.862,77.468034,119.143900,-0.8900,-0.0400,-0.4100,0.3100,-0.1200,0.1200,0.980714,0.353412,"-0.89,-0.04,-0.41,0.31,-0.12,0.12"
1935,2026-07-27T13:55:43.863,77.468324,0.290400,-0.8900,-0.0400,-0.4100,0.0600,-0.0600,0.1200,0.980714,0.146969,"-0.89,-0.04,-0.41,0.06,-0.06,0.12"
1936,2026-07-27T13:55:43.863,77.468885,0.561000,-0.8900,-0.0400,-0.4100,-0.3700,-0.0600,0.0000,0.980714,0.374833,"-0.89,-0.04,-0.41,-0.37,-0.06,0.00"
1937,2026-07-27T13:55:43.923,77.528722,59.836500,-0.8900,-0.0400,-0.4100,-0.6100,-0.1800,-0.1200,0.980714,0.647225,"-0.89,-0.04,-0.41,-0.61,-0.18,-0.12"
1938,2026-07-27T13:55:43.983,77.588653,59.930900,-0.8900,-0.0400,-0.4100,-0.3700,-0.1800,-0.1200,0.980714,0.428602,"-0.89,-0.04,-0.41,-0.37,-0.18,-0.12"
1939,2026-07-27T13:55:43.984,77.589287,0.633900,-0.8900,-0.0400,-0.4100,0.1800,0.0600,0.1800,0.980714,0.261534,"-0.89,-0.04,-0.41,0.18,0.06,0.18"
1940,2026-07-27T13:55:44.043,77.648757,59.470100,-0.8900,-0.0400,-0.4100,0.5500,0.2400,0.4300,0.980714,0.738241,"-0.89,-0.04,-0.41,0.55,0.24,0.43"
1941,2026-07-27T13:55:44.103,77.709001,60.244800,-0.8900,-0.0400,-0.4100,0.5500,0.2400,0.3100,0.980714,0.675426,"-0.89,-0.04,-0.41,0.55,0.24,0.31"
1942,2026-07-27T13:55:44.104,77.709527,0.525800,-0.8900,-0.0400,-0.4100,0.2400,0.0600,0.1200,0.980714,0.274955,"-0.89,-0.04,-0.41,0.24,0.06,0.12"
1943,2026-07-27T13:55:44.163,77.768358,58.831100,-0.8900,-0.0400,-0.4100,0.0600,-0.0600,0.1200,0.980714,0.146969,"-0.89,-0.04,-0.41,0.06,-0.06,0.12"
1944,2026-07-27T13:55:44.223,77.828283,59.925000,-0.8900,-0.0400,-0.4100,0.0600,-0.1200,0.1200,0.980714,0.180000,"-0.89,-0.04,-0.41,0.06,-0.12,0.12"
1945,2026-07-27T13:55:44.223,77.828951,0.667800,-0.8900,-0.0400,-0.4100,-0.0600,-0.3100,0.1200,0.980714,0.337787,"-0.89,-0.04,-0.41,-0.06,-0.31,0.12"
1946,2026-07-27T13:55:44.284,77.889295,60.343700,-0.8900,-0.0400,-0.4100,-0.1200,-0.4300,0.0600,0.980714,0.450444,"-0.89,-0.04,-0.41,-0.12,-0.43,0.06"
1947,2026-07-27T13:55:44.343,77.948852,59.557400,-0.8900,-0.0400,-0.4100,-0.0600,-0.3700,0.1200,0.980714,0.393573,"-0.89,-0.04,-0.41,-0.06,-0.37,0.12"
1948,2026-07-27T13:55:44.344,77.949595,0.743000,-0.8900,-0.0400,-0.4100,0.1200,-0.2400,0.2400,0.980714,0.360000,"-0.89,-0.04,-0.41,0.12,-0.24,0.24"
1949,2026-07-27T13:55:44.403,78.008421,58.826100,-0.8900,-0.0400,-0.4100,0.4300,0.0600,0.2400,0.980714,0.496085,"-0.89,-0.04,-0.41,0.43,0.06,0.24"
1950,2026-07-27T13:55:44.463,78.068752,60.330600,-0.8900,-0.0400,-0.4200,0.4300,0.4300,0.1800,0.984937,0.634192,"-0.89,-0.04,-0.42,0.43,0.43,0.18"
1951,2026-07-27T13:55:44.464,78.069358,0.606000,-0.8900,-0.0400,-0.4200,0.0000,0.4300,0.1200,0.984937,0.446430,"-0.89,-0.04,-0.42,0.00,0.43,0.12"
1952,2026-07-27T13:55:44.523,78.128501,59.142700,-0.8900,-0.0300,-0.4100,-0.3100,-0.1200,0.1200,0.980357,0.353412,"-0.89,-0.03,-0.41,-0.31,-0.12,0.12"
1953,2026-07-27T13:55:44.583,78.188193,59.691900,-0.8900,-0.0300,-0.4100,-0.1800,-0.6100,0.0600,0.980357,0.638827,"-0.89,-0.03,-0.41,-0.18,-0.61,0.06"
1954,2026-07-27T13:55:44.589,78.194244,6.051700,-0.8900,-0.0400,-0.4100,0.2400,-0.7300,0.1200,0.980714,0.777753,"-0.89,-0.04,-0.41,0.24,-0.73,0.12"
1955,2026-07-27T13:55:44.643,78.248521,54.276800,-0.8900,-0.0400,-0.4100,0.5500,-0.5500,0.2400,0.980714,0.814002,"-0.89,-0.04,-0.41,0.55,-0.55,0.24"
1956,2026-07-27T13:55:44.703,78.308701,60.179900,-0.8900,-0.0400,-0.4100,0.6700,-0.0600,0.3700,0.980714,0.767724,"-0.89,-0.04,-0.41,0.67,-0.06,0.37"
1957,2026-07-27T13:55:44.704,78.309416,0.714800,-0.8900,-0.0400,-0.4100,0.7900,0.4300,0.4300,0.980714,0.996945,"-0.89,-0.04,-0.41,0.79,0.43,0.43"
1958,2026-07-27T13:55:44.762,78.368130,58.714500,-0.8900,-0.0300,-0.4100,0.8500,0.6700,0.4300,0.980357,1.164603,"-0.89,-0.03,-0.41,0.85,0.67,0.43"
1959,2026-07-27T13:55:44.826,78.431267,63.136400,-0.8900,-0.0400,-0.4100,0.4900,0.4300,0.1800,0.980714,0.676314,"-0.89,-0.04,-0.41,0.49,0.43,0.18"
1960,2026-07-27T13:55:44.826,78.431609,0.342400,-0.8900,-0.0400,-0.4100,-0.1800,0.0600,-0.1800,0.980714,0.261534,"-0.89,-0.04,-0.41,-0.18,0.06,-0.18"
1961,2026-07-27T13:55:44.883,78.488421,56.811700,-0.8900,-0.0400,-0.4100,-0.7300,-0.0600,-0.4300,0.980714,0.849353,"-0.89,-0.04,-0.41,-0.73,-0.06,-0.43"
1962,2026-07-27T13:55:44.943,78.548741,60.320500,-0.8900,-0.0400,-0.4100,-0.7900,0.0600,-0.3700,0.980714,0.874414,"-0.89,-0.04,-0.41,-0.79,0.06,-0.37"
1963,2026-07-27T13:55:44.943,78.549056,0.314900,-0.8900,-0.0400,-0.4100,-0.0600,0.0000,0.0000,0.980714,0.060000,"-0.89,-0.04,-0.41,-0.06,0.00,0.00"
1964,2026-07-27T13:55:45.003,78.608299,59.243100,-0.8900,-0.0300,-0.4100,1.1600,-0.3700,0.4900,0.980357,1.312479,"-0.89,-0.03,-0.41,1.16,-0.37,0.49"
1965,2026-07-27T13:55:45.063,78.668425,60.125300,-0.9000,-0.0400,-0.4100,1.4600,-0.7900,0.6700,0.989798,1.790140,"-0.90,-0.04,-0.41,1.46,-0.79,0.67"
1966,2026-07-27T13:55:45.063,78.668664,0.239700,-0.9000,-0.0400,-0.4100,0.8500,-0.7300,0.3700,0.989798,1.179958,"-0.90,-0.04,-0.41,0.85,-0.73,0.37"
1967,2026-07-27T13:55:45.123,78.728698,60.033700,-0.9000,-0.0400,-0.4100,-0.0600,0.0600,0.0000,0.989798,0.084853,"-0.90,-0.04,-0.41,-0.06,0.06,0.00"
1968,2026-07-27T13:55:45.183,78.788406,59.708300,-0.8900,-0.0400,-0.4100,-0.6100,0.9800,-0.1200,0.980714,1.160560,"-0.89,-0.04,-0.41,-0.61,0.98,-0.12"
1969,2026-07-27T13:55:45.183,78.788730,0.323900,-0.8900,-0.0300,-0.4200,-0.6100,1.3400,0.0000,0.984581,1.472311,"-0.89,-0.03,-0.42,-0.61,1.34,0.00"
1970,2026-07-27T13:55:45.243,78.848316,59.586300,-0.8900,-0.0300,-0.4200,-0.1800,0.9200,0.1200,0.984581,0.945093,"-0.89,-0.03,-0.42,-0.18,0.92,0.12"
1971,2026-07-27T13:55:45.302,78.908085,59.768300,-0.8900,-0.0400,-0.4200,0.3700,-0.1200,0.2400,0.984937,0.457056,"-0.89,-0.04,-0.42,0.37,-0.12,0.24"
1972,2026-07-27T13:55:45.304,78.909549,1.463800,-0.8900,-0.0400,-0.4100,0.6100,-0.7300,0.3100,0.980714,1.000550,"-0.89,-0.04,-0.41,0.61,-0.73,0.31"
1973,2026-07-27T13:55:45.363,78.968437,58.888600,-0.9000,-0.0400,-0.4100,0.2400,-0.4300,0.3100,0.989798,0.581893,"-0.90,-0.04,-0.41,0.24,-0.43,0.31"
1974,2026-07-27T13:55:45.423,79.028891,60.453900,-0.8900,-0.0400,-0.4100,-0.1200,0.3100,0.1800,0.980714,0.378021,"-0.89,-0.04,-0.41,-0.12,0.31,0.18"
1975,2026-07-27T13:55:45.424,79.029489,0.597800,-0.8900,-0.0400,-0.4200,-0.2400,0.5500,0.1200,0.984937,0.611964,"-0.89,-0.04,-0.42,-0.24,0.55,0.12"
1976,2026-07-27T13:55:45.483,79.088764,59.274800,-0.8900,-0.0400,-0.4200,-0.1200,-0.2400,0.1200,0.984937,0.293939,"-0.89,-0.04,-0.42,-0.12,-0.24,0.12"
1977,2026-07-27T13:55:45.543,79.148538,59.774600,-0.8900,-0.0400,-0.4100,0.2400,-0.4900,0.2400,0.980714,0.596070,"-0.89,-0.04,-0.41,0.24,-0.49,0.24"
1978,2026-07-27T13:55:45.543,79.149145,0.606300,-0.8900,-0.0400,-0.4100,0.3700,-0.4300,0.2400,0.980714,0.615955,"-0.89,-0.04,-0.41,0.37,-0.43,0.24"
1979,2026-07-27T13:55:45.603,79.208751,59.606100,-0.8900,-0.0400,-0.4100,0.2400,-0.1200,0.3100,0.980714,0.410000,"-0.89,-0.04,-0.41,0.24,-0.12,0.31"
1980,2026-07-27T13:55:45.663,79.268360,59.609200,-0.8900,-0.0400,-0.4100,0.0000,0.0600,0.3100,0.980714,0.315753,"-0.89,-0.04,-0.41,0.00,0.06,0.31"
1981,2026-07-27T13:55:45.663,79.268824,0.464400,-0.8900,-0.0400,-0.4100,0.0000,0.1800,0.2400,0.980714,0.300000,"-0.89,-0.04,-0.41,0.00,0.18,0.24"
1982,2026-07-27T13:55:45.724,79.329587,60.762500,-0.8900,-0.0400,-0.4100,0.0600,0.3100,0.1200,0.980714,0.337787,"-0.89,-0.04,-0.41,0.06,0.31,0.12"
1983,2026-07-27T13:55:45.783,79.388560,58.973400,-0.8900,-0.0400,-0.4200,0.0000,0.3100,0.0600,0.984937,0.315753,"-0.89,-0.04,-0.42,0.00,0.31,0.06"
1984,2026-07-27T13:55:45.784,79.389212,0.651900,-0.8900,-0.0400,-0.4200,-0.0600,0.0600,0.0600,0.984937,0.103923,"-0.89,-0.04,-0.42,-0.06,0.06,0.06"
1985,2026-07-27T13:55:45.843,79.448265,59.052800,-0.8900,-0.0300,-0.4100,0.1200,-0.3100,0.1800,0.980357,0.378021,"-0.89,-0.03,-0.41,0.12,-0.31,0.18"
1986,2026-07-27T13:55:45.903,79.508243,59.978300,-0.8900,-0.0400,-0.4100,0.2400,-0.7900,0.1200,0.980714,0.834326,"-0.89,-0.04,-0.41,0.24,-0.79,0.12"
1987,2026-07-27T13:55:45.903,79.508841,0.597900,-0.8900,-0.0400,-0.4100,0.2400,-1.0400,0.0600,0.980714,1.069018,"-0.89,-0.04,-0.41,0.24,-1.04,0.06"
1988,2026-07-27T13:55:45.963,79.568630,59.789100,-0.8900,-0.0400,-0.4100,-0.0600,-0.7300,-0.0600,0.980714,0.734915,"-0.89,-0.04,-0.41,-0.06,-0.73,-0.06"
1989,2026-07-27T13:55:46.023,79.629052,60.421800,-0.8900,-0.0400,-0.4100,-0.3700,-0.2400,-0.1800,0.980714,0.476340,"-0.89,-0.04,-0.41,-0.37,-0.24,-0.18"
1990,2026-07-27T13:55:46.024,79.629384,0.332000,-0.8900,-0.0400,-0.4100,-0.3100,0.1800,-0.1200,0.980714,0.378021,"-0.89,-0.04,-0.41,-0.31,0.18,-0.12"
1991,2026-07-27T13:55:46.083,79.688574,59.189600,-0.8900,-0.0400,-0.4100,0.0000,0.4300,0.1200,0.980714,0.446430,"-0.89,-0.04,-0.41,0.00,0.43,0.12"
1992,2026-07-27T13:55:46.143,79.748438,59.864000,-0.8900,-0.0400,-0.4200,0.1800,0.3700,0.1800,0.984937,0.449110,"-0.89,-0.04,-0.42,0.18,0.37,0.18"
1993,2026-07-27T13:55:46.144,79.749239,0.801800,-0.8900,-0.0400,-0.4100,0.3100,0.1200,0.0600,0.980714,0.337787,"-0.89,-0.04,-0.41,0.31,0.12,0.06"
1994,2026-07-27T13:55:46.203,79.808828,59.588200,-0.8900,-0.0400,-0.4100,0.2400,-0.0600,0.0600,0.980714,0.254558,"-0.89,-0.04,-0.41,0.24,-0.06,0.06"
1995,2026-07-27T13:55:46.263,79.868843,60.015300,-0.8900,-0.0400,-0.4100,-0.1200,-0.0600,0.0600,0.980714,0.146969,"-0.89,-0.04,-0.41,-0.12,-0.06,0.06"
1996,2026-07-27T13:55:46.264,79.869372,0.529300,-0.8900,-0.0400,-0.4100,-0.3700,-0.0600,-0.0600,0.980714,0.379605,"-0.89,-0.04,-0.41,-0.37,-0.06,-0.06"
1997,2026-07-27T13:55:46.324,79.929201,59.828900,-0.8900,-0.0400,-0.4100,-0.2400,-0.1800,-0.1200,0.980714,0.323110,"-0.89,-0.04,-0.41,-0.24,-0.18,-0.12"
1998,2026-07-27T13:55:46.383,79.988340,59.139100,-0.8900,-0.0400,-0.4100,0.0000,-0.3100,0.0000,0.980714,0.310000,"-0.89,-0.04,-0.41,0.00,-0.31,0.00"
1999,2026-07-27T13:55:46.383,79.988854,0.513400,-0.8900,-0.0400,-0.4100,0.1800,-0.4300,0.1200,0.980714,0.481352,"-0.89,-0.04,-0.41,0.18,-0.43,0.12"
2000,2026-07-27T13:55:46.443,80.048260,59.406700,-0.8900,-0.0400,-0.4100,0.1800,-0.4300,0.1800,0.980714,0.499700,"-0.89,-0.04,-0.41,0.18,-0.43,0.18"
2001,2026-07-27T13:55:46.503,80.108835,60.575200,-0.8900,-0.0400,-0.4100,0.1800,-0.3100,0.1200,0.980714,0.378021,"-0.89,-0.04,-0.41,0.18,-0.31,0.12"
2002,2026-07-27T13:55:46.504,80.109426,0.590800,-0.8900,-0.0400,-0.4100,0.1200,-0.1200,0.1800,0.980714,0.247386,"-0.89,-0.04,-0.41,0.12,-0.12,0.18"
2003,2026-07-27T13:55:46.563,80.168209,58.782600,-0.8900,-0.0400,-0.4100,0.1200,0.1200,0.1800,0.980714,0.247386,"-0.89,-0.04,-0.41,0.12,0.12,0.18"
2004,2026-07-27T13:55:46.624,80.229176,60.966800,-0.8900,-0.0400,-0.4100,0.1800,0.1800,0.1200,0.980714,0.281425,"-0.89,-0.04,-0.41,0.18,0.18,0.12"
2005,2026-07-27T13:55:46.624,80.229825,0.649400,-0.8900,-0.0400,-0.4100,0.1200,0.1800,0.1200,0.980714,0.247386,"-0.89,-0.04,-0.41,0.12,0.18,0.12"
2006,2026-07-27T13:55:46.683,80.288551,58.726000,-0.8900,-0.0400,-0.4100,-0.0600,0.1200,0.0600,0.980714,0.146969,"-0.89,-0.04,-0.41,-0.06,0.12,0.06"
2007,2026-07-27T13:55:46.743,80.348276,59.725300,-0.8900,-0.0400,-0.4100,-0.1200,0.0000,0.0000,0.980714,0.120000,"-0.89,-0.04,-0.41,-0.12,0.00,0.00"
2008,2026-07-27T13:55:46.743,80.348531,0.254600,-0.8900,-0.0400,-0.4100,-0.1200,-0.1200,0.0000,0.980714,0.169706,"-0.89,-0.04,-0.41,-0.12,-0.12,0.00"
2009,2026-07-27T13:55:46.803,80.408543,60.012100,-0.8900,-0.0400,-0.4100,-0.0600,-0.2400,0.1200,0.980714,0.274955,"-0.89,-0.04,-0.41,-0.06,-0.24,0.12"
2010,2026-07-27T13:55:46.863,80.468903,60.360000,-0.8900,-0.0400,-0.4100,0.1200,-0.4300,0.2400,0.980714,0.506853,"-0.89,-0.04,-0.41,0.12,-0.43,0.24"
2011,2026-07-27T13:55:46.864,80.469676,0.772900,-0.8900,-0.0400,-0.4100,0.2400,-0.4300,0.2400,0.980714,0.547814,"-0.89,-0.04,-0.41,0.24,-0.43,0.24"
2012,2026-07-27T13:55:46.923,80.528951,59.275200,-0.8900,-0.0400,-0.4100,0.1200,-0.3100,0.1800,0.980714,0.378021,"-0.89,-0.04,-0.41,0.12,-0.31,0.18"
2013,2026-07-27T13:55:46.982,80.588017,59.065400,-0.8900,-0.0400,-0.4100,0.0600,-0.0600,0.0600,0.980714,0.103923,"-0.89,-0.04,-0.41,0.06,-0.06,0.06"
2014,2026-07-27T13:55:46.983,80.588559,0.542800,-0.8900,-0.0400,-0.4100,0.1800,0.1800,0.0000,0.980714,0.254558,"-0.89,-0.04,-0.41,0.18,0.18,0.00"
2015,2026-07-27T13:55:47.042,80.647983,59.423300,-0.8900,-0.0400,-0.4100,0.1800,0.3700,0.1200,0.980714,0.428602,"-0.89,-0.04,-0.41,0.18,0.37,0.12"
2016,2026-07-27T13:55:47.106,80.711395,63.412700,-0.8900,-0.0400,-0.4100,0.0600,0.3700,0.3100,0.980714,0.486415,"-0.89,-0.04,-0.41,0.06,0.37,0.31"
2017,2026-07-27T13:55:47.107,80.712514,1.118800,-0.8900,-0.0400,-0.4100,0.3100,0.3700,0.4300,0.980714,0.646452,"-0.89,-0.04,-0.41,0.31,0.37,0.43"
2018,2026-07-27T13:55:47.163,80.768293,55.778800,-0.8900,-0.0400,-0.4100,0.9800,0.7900,0.6100,0.980714,1.398785,"-0.89,-0.04,-0.41,0.98,0.79,0.61"
2019,2026-07-27T13:55:47.224,80.829362,61.069500,-0.8900,-0.0400,-0.4200,1.2200,1.2200,0.6700,0.984937,1.850865,"-0.89,-0.04,-0.42,1.22,1.22,0.67"
2020,2026-07-27T13:55:47.225,80.830281,0.918700,-0.8900,-0.0400,-0.4200,0.5500,1.0400,0.4300,0.984937,1.252597,"-0.89,-0.04,-0.42,0.55,1.04,0.43"
2021,2026-07-27T13:55:47.283,80.888521,58.240200,-0.8900,-0.0300,-0.4200,-0.3100,0.2400,0.0000,0.984581,0.392046,"-0.89,-0.03,-0.42,-0.31,0.24,0.00"
2022,2026-07-27T13:55:47.343,80.948677,60.155900,-0.8900,-0.0400,-0.4100,-0.4300,-0.4300,-0.1800,0.980714,0.634192,"-0.89,-0.04,-0.41,-0.43,-0.43,-0.18"
2023,2026-07-27T13:55:47.343,80.949112,0.434400,-0.8900,-0.0400,-0.4100,0.0600,-0.5500,0.0600,0.980714,0.556507,"-0.89,-0.04,-0.41,0.06,-0.55,0.06"
2024,2026-07-27T13:55:47.403,81.008349,59.237700,-0.8900,-0.0400,-0.4200,0.6100,-0.3700,0.4300,0.984937,0.833007,"-0.89,-0.04,-0.42,0.61,-0.37,0.43"
2025,2026-07-27T13:55:47.463,81.069137,60.787200,-0.8800,-0.0400,-0.4200,0.8500,-0.0600,0.6700,0.975910,1.083974,"-0.88,-0.04,-0.42,0.85,-0.06,0.67"
2026,2026-07-27T13:55:47.464,81.069464,0.327300,-0.8800,-0.0400,-0.4300,0.8500,-0.3100,0.8500,0.980255,1.241410,"-0.88,-0.04,-0.43,0.85,-0.31,0.85"
2027,2026-07-27T13:55:47.523,81.128516,59.052400,-0.8800,-0.0300,-0.4300,0.2400,-1.5900,0.9200,0.979898,1.852593,"-0.88,-0.03,-0.43,0.24,-1.59,0.92"
2028,2026-07-27T13:55:47.583,81.188497,59.980700,-0.8800,-0.0300,-0.4200,-0.6100,-3.9100,0.0600,0.975551,3.957752,"-0.88,-0.03,-0.42,-0.61,-3.91,0.06"
2029,2026-07-27T13:55:47.583,81.189120,0.622800,-0.9100,-0.0300,-0.4400,0.0600,-5.9800,-3.1100,1.011237,6.740631,"-0.91,-0.03,-0.44,0.06,-5.98,-3.11"
2030,2026-07-27T13:55:47.643,81.248534,59.413900,-0.9700,-0.0300,-0.4400,3.1100,-8.4800,-10.5000,1.065552,13.850361,"-0.97,-0.03,-0.44,3.11,-8.48,-10.50"
2031,2026-07-27T13:55:47.703,81.308689,60.155100,-1.0500,-0.0600,-0.4100,10.1300,-17.1500,-23.6200,1.128805,30.897311,"-1.05,-0.06,-0.41,10.13,-17.15,-23.62"
2032,2026-07-27T13:55:47.704,81.309233,0.544600,-1.0800,-0.1000,-0.4000,23.0700,-29.3600,-41.0800,1.156028,55.513970,"-1.08,-0.10,-0.40,23.07,-29.36,-41.08"
2033,2026-07-27T13:55:47.763,81.368566,59.332600,-1.0700,-0.1200,-0.3700,34.0000,-31.6800,-60.6100,1.138508,76.375353,"-1.07,-0.12,-0.37,34.00,-31.68,-60.61"
2034,2026-07-27T13:55:47.823,81.428456,59.889900,-0.9800,-0.1300,-0.3500,35.4600,-20.8700,-78.0000,1.048713,88.187122,"-0.98,-0.13,-0.35,35.46,-20.87,-78.00"
2035,2026-07-27T13:55:47.824,81.429242,0.786400,-0.8000,-0.1800,-0.3700,38.1500,-8.5400,-85.0800,0.899611,93.632048,"-0.80,-0.18,-0.37,38.15,-8.54,-85.08"
2036,2026-07-27T13:55:47.883,81.488297,59.054800,-0.7100,-0.2700,-0.3200,48.2800,-3.9100,-78.8600,0.824257,92.548075,"-0.71,-0.27,-0.32,48.28,-3.91,-78.86"
2037,2026-07-27T13:55:47.943,81.548684,60.386600,-0.7900,-0.3600,-0.2600,55.0500,-9.5800,-63.5400,0.906256,84.614482,"-0.79,-0.36,-0.26,55.05,-9.58,-63.54"
2038,2026-07-27T13:55:47.944,81.549304,0.620800,-0.8700,-0.4000,-0.2300,53.9600,-15.2000,-47.3000,0.984784,73.348562,"-0.87,-0.40,-0.23,53.96,-15.20,-47.30"
2039,2026-07-27T13:55:48.003,81.608327,59.022200,-0.8900,-0.4100,-0.2100,49.4400,-9.5200,-37.5400,1.002148,62.802831,"-0.89,-0.41,-0.21,49.44,-9.52,-37.54"
2040,2026-07-27T13:55:48.062,81.668152,59.825100,-0.8700,-0.4200,-0.2000,44.4300,1.2200,-35.1600,0.986560,56.672206,"-0.87,-0.42,-0.20,44.43,1.22,-35.16"
2041,2026-07-27T13:55:48.063,81.668668,0.516000,-0.8100,-0.4500,-0.1900,41.3800,12.5700,-36.3800,0.945886,56.513836,"-0.81,-0.45,-0.19,41.38,12.57,-36.38"
2042,2026-07-27T13:55:48.123,81.728463,59.795000,-0.7800,-0.4900,-0.1700,41.7500,23.6800,-36.3800,0.936696,60.227148,"-0.78,-0.49,-0.17,41.75,23.68,-36.38"
2043,2026-07-27T13:55:48.183,81.788329,59.866600,-0.7700,-0.5300,-0.1500,43.5200,31.3700,-32.4100,0.946731,62.677551,"-0.77,-0.53,-0.15,43.52,31.37,-32.41"
2044,2026-07-27T13:55:48.183,81.788840,0.510700,-0.7500,-0.5900,-0.1500,42.5400,36.1300,-25.7000,0.965971,61.445248,"-0.75,-0.59,-0.15,42.54,36.13,-25.70"
2045,2026-07-27T13:55:48.243,81.848326,59.486100,-0.7500,-0.6300,-0.1500,38.7600,39.5500,-19.2300,0.990909,58.620244,"-0.75,-0.63,-0.15,38.76,39.55,-19.23"
2046,2026-07-27T13:55:48.303,81.908948,60.622000,-0.7400,-0.6500,-0.1700,32.9600,41.8100,-13.9800,0.999500,55.044328,"-0.74,-0.65,-0.17,32.96,41.81,-13.98"
2047,2026-07-27T13:55:48.304,81.909433,0.485200,-0.7000,-0.6700,-0.2000,25.7000,41.6900,-9.9500,0.989394,49.975480,"-0.70,-0.67,-0.20,25.70,41.69,-9.95"
2048,2026-07-27T13:55:48.363,81.968719,59.285800,-0.6800,-0.6900,-0.2300,11.0500,32.7100,-8.4800,0.995691,35.552173,"-0.68,-0.69,-0.23,11.05,32.71,-8.48"
2049,2026-07-27T13:55:48.423,82.028227,59.507400,-0.7000,-0.6700,-0.2500,6.5900,30.9400,-8.9100,1.000700,32.864872,"-0.70,-0.67,-0.25,6.59,30.94,-8.91"
2050,2026-07-27T13:55:48.423,82.028823,0.596300,-0.7000,-0.6500,-0.2800,5.5500,32.1000,-10.0700,0.995440,34.097176,"-0.70,-0.65,-0.28,5.55,32.10,-10.07"
2051,2026-07-27T13:55:48.483,82.088367,59.544200,-0.6700,-0.6500,-0.3000,7.2600,31.0100,-11.8400,0.980510,33.978130,"-0.67,-0.65,-0.30,7.26,31.01,-11.84"
2052,2026-07-27T13:55:48.543,82.148472,60.105200,-0.6500,-0.6400,-0.3300,12.1500,27.0400,-13.6700,0.970052,32.644341,"-0.65,-0.64,-0.33,12.15,27.04,-13.67"
2053,2026-07-27T13:55:48.543,82.149006,0.534200,-0.6500,-0.6100,-0.3700,21.8500,24.6600,-14.4700,0.965142,35.984983,"-0.65,-0.61,-0.37,21.85,24.66,-14.47"
2054,2026-07-27T13:55:48.662,82.267979,118.972200,-0.6200,-0.5700,-0.3900,36.3200,28.3800,-14.5300,0.928116,48.328953,"-0.62,-0.57,-0.39,36.32,28.38,-14.53"
2055,2026-07-27T13:55:48.663,82.268254,0.275600,-0.5900,-0.5600,-0.4000,54.7500,40.9500,-14.7100,0.906477,69.934606,"-0.59,-0.56,-0.40,54.75,40.95,-14.71"
2056,2026-07-27T13:55:48.663,82.268593,0.339100,-0.5800,-0.6100,-0.3600,76.7200,58.6500,-13.0000,0.915478,97.441166,"-0.58,-0.61,-0.36,76.72,58.65,-13.00"
2057,2026-07-27T13:55:48.723,82.328661,60.067900,-0.5800,-0.7200,-0.2700,97.8400,70.1300,-7.9300,0.963172,120.638996,"-0.58,-0.72,-0.27,97.84,70.13,-7.93"
2058,2026-07-27T13:55:48.843,82.448815,120.153900,-0.5200,-0.7800,-0.2400,105.7700,66.7100,-1.4600,0.967678,125.058581,"-0.52,-0.78,-0.24,105.77,66.71,-1.46"
2059,2026-07-27T13:55:48.844,82.449342,0.526500,-0.4600,-0.8200,-0.1900,94.0600,50.1700,3.6000,0.959218,106.664298,"-0.46,-0.82,-0.19,94.06,50.17,3.60"
2060,2026-07-27T13:55:48.844,82.449970,0.628600,-0.4400,-0.8700,-0.1400,69.2100,23.8000,9.0300,0.984937,73.742830,"-0.44,-0.87,-0.14,69.21,23.80,9.03"
2061,2026-07-27T13:55:48.904,82.509391,59.420400,-0.4700,-0.9400,-0.0800,39.9800,-7.6900,16.7800,1.053992,44.035269,"-0.47,-0.94,-0.08,39.98,-7.69,16.78"
2062,2026-07-27T13:55:48.904,82.510054,0.663000,-0.5900,-0.9600,0.0000,14.8300,-27.2800,24.3500,1.126810,39.459470,"-0.59,-0.96,0.00,14.83,-27.28,24.35"
2063,2026-07-27T13:55:48.963,82.568424,58.370600,-0.7300,-0.8900,0.1000,1.2200,-18.6200,29.2400,1.155422,34.686747,"-0.73,-0.89,0.10,1.22,-18.62,29.24"
2064,2026-07-27T13:55:49.023,82.628442,60.017700,-0.8000,-0.7800,0.1800,-7.4500,8.0000,29.0500,1.131724,31.038766,"-0.80,-0.78,0.18,-7.45,8.00,29.05"
2065,2026-07-27T13:55:49.023,82.629054,0.612300,-0.7900,-0.7200,0.2100,-27.4000,25.7600,23.9300,1.089312,44.575582,"-0.79,-0.72,0.21,-27.40,25.76,23.93"
2066,2026-07-27T13:55:49.083,82.688518,59.463600,-0.7600,-0.7300,0.1300,-58.2900,31.2500,18.2500,1.061791,68.610124,"-0.76,-0.73,0.13,-58.29,31.25,18.25"
2067,2026-07-27T13:55:49.143,82.748353,59.834900,-0.6300,-0.7600,-0.0700,-81.9100,38.3900,16.1700,0.989646,91.894010,"-0.63,-0.76,-0.07,-81.91,38.39,16.17"
2068,2026-07-27T13:55:49.143,82.748911,0.558100,-0.5600,-0.7100,-0.4700,-84.1100,39.4900,15.3200,1.019117,94.173534,"-0.56,-0.71,-0.47,-84.11,39.49,15.32"
2069,2026-07-27T13:55:49.203,82.808916,60.004700,-0.6600,-0.5700,-0.7400,-50.4200,31.6200,1.7100,1.143722,59.539272,"-0.66,-0.57,-0.74,-50.42,31.62,1.71"
2070,2026-07-27T13:55:49.264,82.869224,60.308300,-0.6100,-0.5400,-0.6100,-6.7700,36.9300,-21.5500,1.017743,43.290418,"-0.61,-0.54,-0.61,-6.77,36.93,-21.55"
2071,2026-07-27T13:55:49.264,82.869597,0.373100,-0.5300,-0.6400,-0.4700,-2.2600,51.1500,-28.0800,0.954673,58.394490,"-0.53,-0.64,-0.47,-2.26,51.15,-28.08"
2072,2026-07-27T13:55:49.323,82.928841,59.244500,-0.6400,-0.7600,-0.4700,-24.6600,49.1900,-15.9900,1.099136,57.301412,"-0.64,-0.76,-0.47,-24.66,49.19,-15.99"
2073,2026-07-27T13:55:49.383,82.988678,59.837000,-0.6900,-0.9300,-0.4200,-48.8900,45.4700,-3.1100,1.231828,66.838799,"-0.69,-0.93,-0.42,-48.89,45.47,-3.11"
2074,2026-07-27T13:55:49.384,82.989351,0.672800,-0.4800,-1.0700,-0.3100,-77.9400,49.1300,10.2500,1.213013,92.700933,"-0.48,-1.07,-0.31,-77.94,49.13,10.25"
2075,2026-07-27T13:55:49.443,83.048288,58.936400,-0.3000,-1.0100,-0.2800,-122.2500,22.4000,37.3500,1.090183,129.776134,"-0.30,-1.01,-0.28,-122.25,22.40,37.35"
2076,2026-07-27T13:55:49.504,83.109609,61.321300,-0.4800,-0.7100,-0.4600,-180.2400,-49.5600,79.0400,0.972677,202.953130,"-0.48,-0.71,-0.46,-180.24,-49.56,79.04"
2077,2026-07-27T13:55:49.505,83.110306,0.696700,-0.8200,-0.3400,-0.7800,-221.6200,-120.1800,114.5000,1.181694,276.891507,"-0.82,-0.34,-0.78,-221.62,-120.18,114.5"
2078,2026-07-27T13:55:49.563,83.168542,58.236500,-1.1200,-0.0300,-0.9400,-235.5300,-146.8500,125.6000,1.462498,304.654991,"-1.12,-0.03,-0.94,-235.53,-146.85,125.6"
2079,2026-07-27T13:55:49.623,83.228823,60.281200,-1.0700,0.2300,-0.7800,-235.6000,-127.3200,123.6000,1.343949,294.948644,"-1.07,0.23,-0.78,-235.60,-127.32,123.60"
2080,2026-07-27T13:55:49.624,83.229256,0.432300,-0.6900,0.3000,-0.4700,-219.3600,-91.6100,132.5100,0.887130,272.158229,"-0.69,0.30,-0.47,-219.36,-91.61,132.51"
2081,2026-07-27T13:55:49.683,83.288323,59.067400,-0.5000,0.4000,-0.2500,-174.2600,-72.6900,140.0800,0.687386,235.101659,"-0.50,0.40,-0.25,-174.26,-72.69,140.08"
2082,2026-07-27T13:55:49.743,83.349052,60.728700,-0.7200,0.7300,-0.2800,-110.7800,-73.2400,127.1400,1.062873,183.850172,"-0.72,0.73,-0.28,-110.78,-73.24,127.14"
2083,2026-07-27T13:55:49.744,83.349918,0.866700,-1.0400,0.8800,-0.3700,-65.1200,-64.1500,114.5600,1.411701,146.559989,"-1.04,0.88,-0.37,-65.12,-64.15,114.56"
2084,2026-07-27T13:55:49.804,83.409302,59.383200,-1.0900,0.7700,-0.3600,-46.6900,-17.2700,116.7000,1.382245,126.874343,"-1.09,0.77,-0.36,-46.69,-17.27,116.70"
2085,2026-07-27T13:55:49.863,83.468281,58.979000,-0.9300,0.7400,-0.3200,-49.3200,33.3300,122.1300,1.230813,135.864227,"-0.93,0.74,-0.32,-49.32,33.33,122.13"
2086,2026-07-27T13:55:49.863,83.468672,0.391400,-0.8100,0.8800,-0.2100,-65.3100,51.5700,123.6600,1.214331,149.052530,"-0.81,0.88,-0.21,-65.31,51.57,123.66"
2087,2026-07-27T13:55:49.923,83.528593,59.921200,-0.6300,1.0100,-0.0500,-79.0400,55.4800,125.6700,1.191428,158.487542,"-0.63,1.01,-0.05,-79.04,55.48,125.67"
2088,2026-07-27T13:55:49.983,83.588250,59.656500,-0.3400,1.0400,0.0200,-84.4700,53.4100,132.0200,1.094349,165.581066,"-0.34,1.04,0.02,-84.47,53.41,132.02"
2089,2026-07-27T13:55:49.983,83.588689,0.439000,-0.0300,1.0200,-0.0300,-75.2000,34.3000,138.4900,1.020882,161.279292,"-0.03,1.02,-0.03,-75.20,34.30,138.49"
2090,2026-07-27T13:55:50.043,83.648343,59.654100,0.0300,0.7500,-0.1100,-55.1800,9.4000,135.3800,0.758617,146.495518,"0.03,0.75,-0.11,-55.18,9.40,135.38"
2091,2026-07-27T13:55:50.103,83.708715,60.372400,-0.0700,0.2500,-0.2000,-35.7100,4.4600,114.9900,0.327719,120.489816,"-0.07,0.25,-0.20,-35.71,4.46,114.99"
2092,2026-07-27T13:55:50.104,83.709567,0.851900,0.0300,0.1000,-0.1700,-14.0400,5.7400,86.6700,0.199499,87.987261,"0.03,0.10,-0.17,-14.04,5.74,86.67"
2093,2026-07-27T13:55:50.163,83.768583,59.015600,0.1900,0.2600,0.0100,13.1200,-9.4600,52.9800,0.322180,55.394101,"0.19,0.26,0.01,13.12,-9.46,52.98"
2094,2026-07-27T13:55:50.223,83.828306,59.723100,0.1700,0.4100,0.1000,30.7000,-25.0200,22.2800,0.454973,45.441048,"0.17,0.41,0.10,30.70,-25.02,22.28"
2095,2026-07-27T13:55:50.223,83.828661,0.355100,0.1500,0.6300,0.1200,35.1600,-20.7500,19.6500,0.658635,45.309056,"0.15,0.63,0.12,35.16,-20.75,19.65"
2096,2026-07-27T13:55:50.283,83.888266,59.605000,0.2700,0.8600,0.1200,33.6900,-3.4800,51.0900,0.909340,61.296938,"0.27,0.86,0.12,33.69,-3.48,51.09"
2097,2026-07-27T13:55:50.343,83.948762,60.495600,0.4700,1.1700,-0.0800,12.0800,38.8200,114.8100,1.263408,121.795956,"0.47,1.17,-0.08,12.08,38.82,114.81"
2098,2026-07-27T13:55:50.344,83.949405,0.643300,0.5200,1.4700,-0.2000,-20.0800,102.9700,150.8800,1.572037,183.768337,"0.52,1.47,-0.20,-20.08,102.97,150.88"
2099,2026-07-27T13:55:50.403,84.008373,58.968400,0.4300,1.2300,-0.1200,-32.1700,119.4500,99.0600,1.308511,158.480582,"0.43,1.23,-0.12,-32.17,119.45,99.06"
2100,2026-07-27T13:55:50.463,84.069079,60.705300,0.1800,1.0600,-0.1700,-52.0600,61.2200,25.3300,1.088531,84.259960,"0.18,1.06,-0.17,-52.06,61.22,25.33"
2101,2026-07-27T13:55:50.464,84.070147,1.068900,-0.0400,1.1700,-0.1600,-52.4900,-1.9500,-13.1200,1.181567,54.139976,"-0.04,1.17,-0.16,-52.49,-1.95,-13.12"
2102,2026-07-27T13:55:50.526,84.131524,61.376200,-0.0600,1.0400,-0.0100,-9.5200,-21.1800,-26.4900,1.041777,35.227019,"-0.06,1.04,-0.01,-9.52,-21.18,-26.49"
2103,2026-07-27T13:55:50.583,84.188298,56.774500,-0.1400,0.9700,0.1100,10.0100,-7.3900,-20.2600,0.986205,23.775614,"-0.14,0.97,0.11,10.01,-7.39,-20.26"
2104,2026-07-27T13:55:50.584,84.189212,0.914000,-0.2200,1.0100,-0.0100,1.5900,24.6600,-10.6800,1.033731,26.920366,"-0.22,1.01,-0.01,1.59,24.66,-10.68"
2105,2026-07-27T13:55:50.642,84.247974,58.762200,-0.0700,1.0100,-0.1700,-6.0400,25.2100,-11.1700,1.026596,28.227550,"-0.07,1.01,-0.17,-6.04,25.21,-11.17"
2106,2026-07-27T13:55:50.703,84.309083,61.109100,0.0600,0.9800,-0.1500,-2.2000,17.5200,-13.8500,0.993227,22.441321,"0.06,0.98,-0.15,-2.20,17.52,-13.85"
2107,2026-07-27T13:55:50.704,84.310012,0.928100,-0.0200,1.0300,-0.0800,10.8600,36.8700,-11.7800,1.033296,40.200807,"-0.02,1.03,-0.08,10.86,36.87,-11.78"
2108,2026-07-27T13:55:50.763,84.368379,58.367500,-0.0500,1.0600,0.0100,22.0900,52.6700,-9.0300,1.061226,57.824198,"-0.05,1.06,0.01,22.09,52.67,-9.03"
2109,2026-07-27T13:55:50.823,84.428498,60.118600,0.0200,1.0000,0.0300,24.6000,64.0300,-5.9200,1.000650,68.848001,"0.02,1.00,0.03,24.60,64.03,-5.92"
2110,2026-07-27T13:55:50.823,84.428821,0.323200,0.0900,0.9900,-0.0400,20.5700,70.3700,-0.9800,0.994887,73.321363,"0.09,0.99,-0.04,20.57,70.37,-0.98"
2111,2026-07-27T13:55:50.883,84.488305,59.483700,0.1100,1.0100,-0.1000,19.7800,67.1400,1.2800,1.020882,70.004760,"0.11,1.01,-0.10,19.78,67.14,1.28"
2112,2026-07-27T13:55:50.942,84.548127,59.822100,0.1100,1.0000,-0.1300,26.1800,58.2900,-1.2800,1.014396,63.912087,"0.11,1.00,-0.13,26.18,58.29,-1.28"
2113,2026-07-27T13:55:50.943,84.548613,0.486800,0.1500,0.9800,-0.1600,32.7800,53.4100,-6.8400,1.004241,63.039211,"0.15,0.98,-0.16,32.78,53.41,-6.84"
2114,2026-07-27T13:55:51.003,84.608624,60.010800,0.2200,0.9900,-0.2300,33.3900,48.5200,-14.3400,1.039904,60.619453,"0.22,0.99,-0.23,33.39,48.52,-14.34"
2115,2026-07-27T13:55:51.063,84.668472,59.847300,0.2700,0.9700,-0.2200,25.5100,28.4400,-19.7800,1.030631,43.021414,"0.27,0.97,-0.22,25.51,28.44,-19.78"
2116,2026-07-27T13:55:51.063,84.668749,0.277400,0.2500,0.9400,-0.1900,11.4700,7.3200,-15.6900,0.991060,20.768231,"0.25,0.94,-0.19,11.47,7.32,-15.69"
2117,2026-07-27T13:55:51.182,84.788006,119.257100,0.1300,0.9400,-0.3100,3.7200,15.9900,-0.9800,0.998299,16.446243,"0.13,0.94,-0.31,3.72,15.99,-0.98"
2118,2026-07-27T13:55:51.183,84.788354,0.347900,0.0900,0.9200,-0.4200,9.1600,34.1200,13.2400,1.015332,37.727677,"0.09,0.92,-0.42,9.16,34.12,13.24"
2119,2026-07-27T13:55:51.183,84.789097,0.742800,0.1800,0.8700,-0.4100,12.4500,13.0000,18.1300,0.978468,25.547982,"0.18,0.87,-0.41,12.45,13.00,18.13"
2120,2026-07-27T13:55:51.242,84.847978,58.881200,0.2700,0.8400,-0.3700,3.4800,-36.9900,16.4800,0.956765,40.644322,"0.27,0.84,-0.37,3.48,-36.99,16.48"
2121,2026-07-27T13:55:51.303,84.908436,60.457900,0.2100,0.8300,-0.2700,-28.8100,-94.9100,15.2000,0.897719,100.344229,"0.21,0.83,-0.27,-28.81,-94.91,15.20"
2122,2026-07-27T13:55:51.303,84.909085,0.648800,0.0600,0.9300,-0.1400,-41.9300,-93.5700,19.9000,0.942391,104.448455,"0.06,0.93,-0.14,-41.93,-93.57,19.90"
2123,2026-07-27T13:55:51.362,84.968128,59.043500,0.0900,1.0400,-0.0600,-51.8800,-85.1400,19.6500,1.045610,101.619272,"0.09,1.04,-0.06,-51.88,-85.14,19.65"
2124,2026-07-27T13:55:51.422,85.028134,60.006000,0.2700,1.0300,0.0700,-72.3300,-88.3200,16.4200,1.067099,115.332856,"0.27,1.03,0.07,-72.33,-88.32,16.42"
2125,2026-07-27T13:55:51.423,85.028580,0.446200,0.2600,1.0400,0.1700,-83.5000,-83.3700,16.3600,1.085403,119.123703,"0.26,1.04,0.17,-83.50,-83.37,16.36"
2126,2026-07-27T13:55:51.483,85.088416,59.835900,0.2600,1.0400,0.1700,-83.5000,-83.3700,16.3600,1.085403,119.123703,"0.26,1.04,0.17,-83.50,-83.37,16.36"
2127,2026-07-27T13:55:51.543,85.148360,59.943500,0.1300,0.9900,0.1300,-40.4700,-17.2700,18.4300,1.006926,47.704703,"0.13,0.99,0.13,-40.47,-17.27,18.43"
2128,2026-07-27T13:55:51.543,85.148678,0.318100,0.0600,0.9800,0.1300,-23.8000,5.3100,16.7800,0.990404,29.600752,"0.06,0.98,0.13,-23.80,5.31,16.78"
2129,2026-07-27T13:55:51.603,85.208417,59.739100,0.0600,0.9800,0.1000,-22.1600,3.9100,14.7100,0.986914,26.883783,"0.06,0.98,0.10,-22.16,3.91,14.71"
2130,2026-07-27T13:55:51.663,85.268377,59.959800,0.1100,0.9700,0.0400,-22.3400,-13.3700,14.0400,0.977036,29.579623,"0.11,0.97,0.04,-22.34,-13.37,14.04"
2131,2026-07-27T13:55:51.663,85.269073,0.695800,0.1100,0.9700,0.0400,-18.2500,-32.6500,14.3400,0.977036,40.058964,"0.11,0.97,0.04,-18.25,-32.65,14.34"
2132,2026-07-27T13:55:51.723,85.328614,59.541500,0.0900,0.9700,0.0800,-13.4900,-42.3600,15.8700,0.977446,47.203883,"0.09,0.97,0.08,-13.49,-42.36,15.87"
2133,2026-07-27T13:55:51.783,85.388298,59.683700,0.1200,0.9600,0.0800,-9.2800,-36.0100,19.3500,0.970773,41.919697,"0.12,0.96,0.08,-9.28,-36.01,19.35"
2134,2026-07-27T13:55:51.783,85.388828,0.530300,0.1500,0.9700,0.0900,-6.9600,-20.8700,23.9300,0.985647,32.506052,"0.15,0.97,0.09,-6.96,-20.87,23.93"
2135,2026-07-27T13:55:51.843,85.448647,59.818600,0.1700,0.9900,0.1000,-7.2000,-10.8000,27.7100,1.009455,30.599413,"0.17,0.99,0.10,-7.20,-10.80,27.71"
2136,2026-07-27T13:55:51.903,85.508468,59.820900,0.1600,1.0300,0.0600,-8.9100,-15.3200,29.0500,1.044079,34.029296,"0.16,1.03,0.06,-8.91,-15.32,29.05"
2137,2026-07-27T13:55:51.903,85.508749,0.281500,0.0500,1.0700,0.0300,-5.5500,-28.8100,27.1000,1.071588,39.940313,"0.05,1.07,0.03,-5.55,-28.81,27.10"
2138,2026-07-27T13:55:51.962,85.568038,59.288500,-0.1200,1.1700,0.0700,10.6200,-27.5900,18.9800,1.178219,35.131651,"-0.12,1.17,0.07,10.62,-27.59,18.98"
2139,2026-07-27T13:55:52.023,85.628214,60.176200,-0.1900,1.2500,0.0200,38.2100,-1.5300,-0.7900,1.264516,38.248779,"-0.19,1.25,0.02,38.21,-1.53,-0.79"
2140,2026-07-27T13:55:52.023,85.628675,0.461400,-0.0500,1.2100,-0.1500,79.4100,38.4500,-31.0700,1.220287,93.539807,"-0.05,1.21,-0.15,79.41,38.45,-31.07"
2141,2026-07-27T13:55:52.083,85.689083,60.407600,0.3200,1.0900,-0.1200,122.8000,63.2300,-64.5800,1.142322,152.474422,"0.32,1.09,-0.12,122.80,63.23,-64.58"
2142,2026-07-27T13:55:52.143,85.748396,59.313300,0.5100,1.0100,0.0200,119.6900,1.6500,-88.3200,1.131636,148.757659,"0.51,1.01,0.02,119.69,1.65,-88.32"
2143,2026-07-27T13:55:52.143,85.748541,0.145100,0.2300,1.0600,0.0700,53.2200,-104.4300,-97.5300,1.086922,152.479816,"0.23,1.06,0.07,53.22,-104.43,-97.53"
2144,2026-07-27T13:55:52.202,85.808157,59.616200,-0.0300,1.1400,0.0800,-6.7700,-98.8800,-99.5500,1.143197,140.475228,"-0.03,1.14,0.08,-6.77,-98.88,-99.55"
2145,2026-07-27T13:55:52.263,85.868568,60.410800,0.0600,1.0700,0.0500,-4.4600,22.4600,-99.7900,1.072847,102.383530,"0.06,1.07,0.05,-4.46,22.46,-99.79"
2146,2026-07-27T13:55:52.263,85.868982,0.413700,0.2800,0.9100,-0.0700,27.8900,124.1500,-101.6200,0.954673,162.842559,"0.28,0.91,-0.07,27.89,124.15,-101.62"
2147,2026-07-27T13:55:52.323,85.928679,59.696800,0.3800,0.7600,-0.1200,40.6500,146.9700,-98.2700,0.858138,181.410023,"0.38,0.76,-0.12,40.65,146.97,-98.27"
2148,2026-07-27T13:55:52.383,85.988533,59.854800,0.3400,0.6500,-0.1000,22.7100,127.2600,-77.3300,0.740338,150.634593,"0.34,0.65,-0.10,22.71,127.26,-77.33"
2149,2026-07-27T13:55:52.384,85.989275,0.741500,0.1100,0.6800,-0.0900,-15.2000,101.5600,-36.8000,0.694694,109.085808,"0.11,0.68,-0.09,-15.20,101.56,-36.80"
2150,2026-07-27T13:55:52.443,86.048452,59.177000,-0.1400,0.8800,-0.1500,-46.5100,114.2600,12.7000,0.903604,124.015393,"-0.14,0.88,-0.15,-46.51,114.26,12.70"
2151,2026-07-27T13:55:52.503,86.108557,60.105500,-0.1300,1.0700,-0.2500,-46.7500,177.3700,52.6100,1.106481,190.823194,"-0.13,1.07,-0.25,-46.75,177.37,52.61"
2152,2026-07-27T13:55:52.503,86.108963,0.405600,0.1300,1.1400,-0.3400,-27.8300,225.1000,62.1900,1.196704,235.185278,"0.13,1.14,-0.34,-27.83,225.10,62.19"
2153,2026-07-27T13:55:52.563,86.168409,59.446300,0.4000,1.0700,-0.3600,-12.8200,200.5600,36.9300,1.197706,204.334263,"0.40,1.07,-0.36,-12.82,200.56,36.93"
2154,2026-07-27T13:55:52.623,86.229058,60.649100,0.4500,1.1200,-0.3500,-8.4800,116.9400,1.5900,1.256742,117.257845,"0.45,1.12,-0.35,-8.48,116.94,1.59"
2155,2026-07-27T13:55:52.624,86.229813,0.754800,0.2800,1.1500,-0.2200,-4.7000,48.4600,-12.2100,1.203869,50.195076,"0.28,1.15,-0.22,-4.70,48.46,-12.21"
2156,2026-07-27T13:55:52.683,86.288389,58.575900,0.0200,0.9100,0.1000,10.8600,65.7300,1.1000,0.915696,66.630192,"0.02,0.91,0.10,10.86,65.73,1.10"
2157,2026-07-27T13:55:52.743,86.348573,60.184200,-0.1200,0.8300,0.3000,13.3100,126.1000,16.6000,0.890674,127.882470,"-0.12,0.83,0.30,13.31,126.10,16.60"
2158,2026-07-27T13:55:52.743,86.348819,0.245800,0.0400,0.9400,0.2200,-16.8500,144.3500,15.9900,0.966230,146.207131,"0.04,0.94,0.22,-16.85,144.35,15.99"
2159,2026-07-27T13:55:52.803,86.408523,59.704100,0.2900,1.0300,-0.0400,-49.4400,117.4300,6.3500,1.070794,127.571317,"0.29,1.03,-0.04,-49.44,117.43,6.35"
2160,2026-07-27T13:55:52.863,86.468511,59.987600,0.3400,1.0400,-0.1900,-51.1500,92.7700,-3.4200,1.110540,105.991942,"0.34,1.04,-0.19,-51.15,92.77,-3.42"
2161,2026-07-27T13:55:52.863,86.468649,0.138200,0.2300,0.9900,-0.0900,-23.3200,77.1500,-7.2000,1.020343,80.918384,"0.23,0.99,-0.09,-23.32,77.15,-7.20"
2162,2026-07-27T13:55:52.923,86.528303,59.653600,0.1000,0.9700,0.0400,-0.1800,54.0200,-1.9500,0.975961,54.055484,"0.10,0.97,0.04,-0.18,54.02,-1.95"
2163,2026-07-27T13:55:52.984,86.589751,61.448800,0.0800,1.0100,0.0800,0.9200,42.7200,4.3900,1.016317,42.954824,"0.08,1.01,0.08,0.92,42.72,4.39"
2164,2026-07-27T13:55:52.984,86.590108,0.356300,0.1000,1.0400,0.0800,-9.4600,42.2400,3.9700,1.047855,43.468035,"0.10,1.04,0.08,-9.46,42.24,3.97"
2165,2026-07-27T13:55:53.043,86.648610,58.502500,0.1700,1.0300,0.1000,-19.9600,22.6400,0.9200,1.048713,30.196318,"0.17,1.03,0.10,-19.96,22.64,0.92"
2166,2026-07-27T13:55:53.103,86.708530,59.919500,0.2600,0.9900,0.0800,-26.1800,-8.2400,1.3400,1.026694,27.478821,"0.26,0.99,0.08,-26.18,-8.24,1.34"
2167,2026-07-27T13:55:53.103,86.709114,0.584200,0.2400,0.9800,0.0300,-25.7000,-16.1700,6.5300,1.009406,31.058007,"0.24,0.98,0.03,-25.70,-16.17,6.53"
2168,2026-07-27T13:55:53.163,86.768507,59.392800,0.1500,1.0000,0.0200,-16.0500,-1.5300,12.8800,1.011385,20.635838,"0.15,1.00,0.02,-16.05,-1.53,12.88"
2169,2026-07-27T13:55:53.249,86.854302,85.794800,0.1100,0.9900,0.1000,-2.2000,14.3400,15.9900,1.001099,21.590639,"0.11,0.99,0.10,-2.20,14.34,15.99"
2170,2026-07-27T13:55:53.250,86.855433,1.131900,0.1300,0.9500,0.1600,6.0400,24.7800,14.8900,0.972111,29.533745,"0.13,0.95,0.16,6.04,24.78,14.89"
2171,2026-07-27T13:55:53.283,86.888668,33.234100,0.1800,0.9100,0.1900,5.8000,28.1400,11.4100,0.946890,30.914199,"0.18,0.91,0.19,5.80,28.14,11.41"
2172,2026-07-27T13:55:53.343,86.948355,59.687400,0.2300,0.8100,0.2300,0.4900,18.3100,6.3500,0.872869,19.386044,"0.23,0.81,0.23,0.49,18.31,6.35"
2173,2026-07-27T13:55:53.343,86.948746,0.390700,0.2800,0.8000,0.2500,-9.8900,-0.7900,0.7900,0.883685,9.952904,"0.28,0.80,0.25,-9.89,-0.79,0.79"
2174,2026-07-27T13:55:53.403,87.009153,60.407600,0.2800,0.9500,0.2100,-25.3300,-22.4600,-2.1400,1.012423,33.921086,"0.28,0.95,0.21,-25.33,-22.46,-2.14"
2175,2026-07-27T13:55:53.463,87.068422,59.268600,0.2100,1.0800,0.1000,-32.1000,-41.0200,-3.2300,1.104762,52.187003,"0.21,1.08,0.10,-32.10,-41.02,-3.23"
2176,2026-07-27T13:55:53.463,87.069138,0.716500,0.2000,1.1000,0.0600,-21.6700,-45.1700,-6.7700,1.119643,50.554433,"0.20,1.10,0.06,-21.67,-45.17,-6.77"
2177,2026-07-27T13:55:53.523,87.128306,59.167800,0.2500,1.0200,0.0600,-5.6800,-35.5800,-10.5600,1.051903,37.546137,"0.25,1.02,0.06,-5.68,-35.58,-10.56"
2178,2026-07-27T13:55:53.584,87.189210,60.903700,0.2300,0.9300,0.0800,6.5900,-19.7800,-9.9500,0.961353,23.101493,"0.23,0.93,0.08,6.59,-19.78,-9.95"
2179,2026-07-27T13:55:53.584,87.189370,0.160200,0.1600,0.9000,0.1100,11.2900,-9.1600,-7.3200,0.920706,16.277349,"0.16,0.90,0.11,11.29,-9.16,-7.32"
2180,2026-07-27T13:55:53.643,87.248368,58.998200,0.1200,0.9200,0.1400,8.1200,-12.3900,-6.2300,0.938296,16.070451,"0.12,0.92,0.14,8.12,-12.39,-6.23"
2181,2026-07-27T13:55:53.702,87.308039,59.670500,0.1300,0.9700,0.1500,1.9500,-18.8600,-5.9200,0.990101,19.863245,"0.13,0.97,0.15,1.95,-18.86,-5.92"
2182,2026-07-27T13:55:53.705,87.311158,3.118900,0.1600,1.0100,0.1300,-2.2600,-18.5500,-5.0700,1.030825,19.362722,"0.16,1.01,0.13,-2.26,-18.55,-5.07"
2183,2026-07-27T13:55:53.763,87.368215,57.057700,0.1900,1.0200,0.0900,-1.8300,-15.5000,-4.3300,1.041441,16.197154,"0.19,1.02,0.09,-1.83,-15.50,-4.33"
2184,2026-07-27T13:55:53.823,87.428415,60.200000,0.2000,1.0100,0.0600,2.4400,-14.9500,-3.9100,1.031358,15.644302,"0.20,1.01,0.06,2.44,-14.95,-3.91"
2185,2026-07-27T13:55:53.823,87.428922,0.506900,0.1900,0.9800,0.0500,7.0200,-16.1100,-2.3800,0.999500,17.733497,"0.19,0.98,0.05,7.02,-16.11,-2.38"
2186,2026-07-27T13:55:53.883,87.488856,59.933800,0.1400,0.9600,0.0400,8.8500,-16.4200,0.1800,0.970979,18.653989,"0.14,0.96,0.04,8.85,-16.42,0.18"
2187,2026-07-27T13:55:53.943,87.548242,59.385700,0.1000,0.9700,0.0400,7.8100,-12.4500,2.2000,0.975961,14.860639,"0.10,0.97,0.04,7.81,-12.45,2.20"
2188,2026-07-27T13:55:53.943,87.548668,0.425800,0.1000,0.9900,0.0500,6.9000,-3.1700,2.7500,0.996293,8.075977,"0.10,0.99,0.05,6.90,-3.17,2.75"
2189,2026-07-27T13:55:54.004,87.609469,60.801400,0.1300,1.0000,0.0600,7.8700,6.7700,2.4400,1.010198,10.664117,"0.13,1.00,0.06,7.87,6.77,2.44"
2190,2026-07-27T13:55:54.063,87.668563,59.094100,0.1500,1.0000,0.0600,8.5400,11.2900,2.5600,1.012966,14.385733,"0.15,1.00,0.06,8.54,11.29,2.56"
2191,2026-07-27T13:55:54.063,87.669143,0.579500,0.1400,0.9900,0.0600,8.0600,9.5800,4.1500,1.001649,13.189484,"0.14,0.99,0.06,8.06,9.58,4.15"
2192,2026-07-27T13:55:54.123,87.728473,59.330600,0.1300,0.9900,0.0700,9.8900,9.1600,6.0400,1.000950,14.771571,"0.13,0.99,0.07,9.89,9.16,6.04"
2193,2026-07-27T13:55:54.183,87.788408,59.935000,0.1400,0.9800,0.0900,14.2200,13.8500,6.4700,0.994032,20.878022,"0.14,0.98,0.09,14.22,13.85,6.47"
2194,2026-07-27T13:55:54.183,87.789034,0.626000,0.1600,0.9700,0.1200,22.2800,26.9800,5.0000,0.990404,35.345704,"0.16,0.97,0.12,22.28,26.98,5.00"
2195,2026-07-27T13:55:54.243,87.848465,59.430800,0.1700,0.9600,0.1200,23.3800,31.4300,3.5400,0.982293,39.331932,"0.17,0.96,0.12,23.38,31.43,3.54"
2196,2026-07-27T13:55:54.302,87.908131,59.665800,0.2100,0.9500,0.1100,18.1300,26.4900,2.2600,0.979132,32.179568,"0.21,0.95,0.11,18.13,26.49,2.26"
2197,2026-07-27T13:55:54.303,87.908657,0.526200,0.2400,0.9500,0.0900,10.6200,13.6700,2.0100,0.983972,17.426801,"0.24,0.95,0.09,10.62,13.67,2.01"
2198,2026-07-27T13:55:54.422,88.027987,119.330200,0.2600,0.9800,0.0100,12.9400,5.2500,2.0100,1.013953,14.108373,"0.26,0.98,0.01,12.94,5.25,2.01"
2199,2026-07-27T13:55:54.423,88.028493,0.505700,0.2900,0.9900,-0.0800,25.4500,0.9800,2.0100,1.034698,25.548053,"0.29,0.99,-0.08,25.45,0.98,2.01"
2200,2026-07-27T13:55:54.423,88.029076,0.583500,0.3100,1.0300,-0.1100,36.7400,-4.5200,2.9900,1.081249,37.137556,"0.31,1.03,-0.11,36.74,-4.52,2.99"
2201,2026-07-27T13:55:54.483,88.088600,59.523700,0.2700,1.0900,-0.1300,41.4400,-4.6400,4.0900,1.130442,41.899061,"0.27,1.09,-0.13,41.44,-4.64,4.09"
2202,2026-07-27T13:55:54.543,88.148774,60.173500,0.2000,1.0700,-0.2200,42.8500,1.2200,2.7500,1.110540,42.955482,"0.20,1.07,-0.22,42.85,1.22,2.75"
2203,2026-07-27T13:55:54.544,88.149277,0.503100,0.1500,1.0000,-0.3000,44.6800,8.0600,-2.0100,1.054751,45.445639,"0.15,1.00,-0.30,44.68,8.06,-2.01"
2204,2026-07-27T13:55:54.603,88.209000,59.723400,0.1700,0.8900,-0.2600,47.7300,19.4700,-8.0600,0.942656,52.174682,"0.17,0.89,-0.26,47.73,19.47,-8.06"
2205,2026-07-27T13:55:54.663,88.268540,59.539900,0.2300,0.8800,-0.2400,49.0100,31.6800,-11.1700,0.940691,59.416929,"0.23,0.88,-0.24,49.01,31.68,-11.17"
2206,2026-07-27T13:55:54.663,88.268849,0.309500,0.2400,0.8900,-0.2500,39.3700,24.7800,-10.5600,0.955092,47.702819,"0.24,0.89,-0.25,39.37,24.78,-10.56"
2207,2026-07-27T13:55:54.723,88.328345,59.495200,0.2000,0.8900,-0.2600,19.5300,2.3800,-9.5200,0.948525,21.856708,"0.20,0.89,-0.26,19.53,2.38,-9.52"
2208,2026-07-27T13:55:54.842,88.447680,119.335700,0.1700,0.8800,-0.2600,3.0500,-8.5400,-9.8300,0.933220,13.373967,"0.17,0.88,-0.26,3.05,-8.54,-9.83"
2209,2026-07-27T13:55:54.843,88.448340,0.659500,0.1800,0.8700,-0.2500,-3.4200,-0.2400,-10.1300,0.922930,10.694433,"0.18,0.87,-0.25,-3.42,-0.24,-10.13"
2210,2026-07-27T13:55:54.843,88.448623,0.283300,0.2100,0.8700,-0.2500,-3.7200,15.4400,-9.5800,0.929247,18.547463,"0.21,0.87,-0.25,-3.72,15.44,-9.58"
2211,2026-07-27T13:55:54.903,88.508418,59.794600,0.2300,0.8800,-0.2600,-3.3000,26.2500,-8.2400,0.945992,27.710108,"0.23,0.88,-0.26,-3.30,26.25,-8.24"
2212,2026-07-27T13:55:54.903,88.508721,0.303400,0.2400,0.8900,-0.2800,-4.2100,26.1800,-7.2000,0.963379,27.476472,"0.24,0.89,-0.28,-4.21,26.18,-7.20"
2213,2026-07-27T13:55:54.963,88.568406,59.685100,0.2700,0.9000,-0.3100,-6.1000,16.1100,-6.6500,0.989444,18.465227,"0.27,0.90,-0.31,-6.10,16.11,-6.65"
2214,2026-07-27T13:55:55.024,88.629411,61.004900,0.3100,0.9000,-0.3300,-7.4500,3.4800,-4.9400,1.007472,9.592523,"0.31,0.90,-0.33,-7.45,3.48,-4.94"
2215,2026-07-27T13:55:55.025,88.630193,0.782100,0.3200,0.8900,-0.2800,-8.1200,-6.0400,-0.3100,0.986357,10.124826,"0.32,0.89,-0.28,-8.12,-6.04,-0.31"
2216,2026-07-27T13:55:55.083,88.688553,58.359300,0.2900,0.8700,-0.2300,-8.9100,-11.0500,6.3500,0.945463,15.550341,"0.29,0.87,-0.23,-8.91,-11.05,6.35"
2217,2026-07-27T13:55:55.144,88.749695,61.141900,0.2200,0.8800,-0.2200,-10.8600,-11.9000,11.1100,0.933381,19.569918,"0.22,0.88,-0.22,-10.86,-11.90,11.11"
2218,2026-07-27T13:55:55.145,88.750386,0.691500,0.1800,0.9000,-0.2400,-16.3000,-14.1000,11.4100,0.948683,24.386228,"0.18,0.90,-0.24,-16.30,-14.10,11.41"
2219,2026-07-27T13:55:55.203,88.808409,58.022800,0.1600,0.9200,-0.2700,-25.7000,-22.9500,8.5400,0.972060,35.498227,"0.16,0.92,-0.27,-25.70,-22.95,8.54"
2220,2026-07-27T13:55:55.263,88.868780,60.371200,0.1800,0.9500,-0.2800,-35.0300,-34.5500,4.8800,1.006628,49.443076,"0.18,0.95,-0.28,-35.03,-34.55,4.88"
2221,2026-07-27T13:55:55.264,88.869242,0.461600,0.2000,0.9800,-0.2600,-41.6300,-43.2700,1.7100,1.033441,60.068910,"0.20,0.98,-0.26,-41.63,-43.27,1.71"
2222,2026-07-27T13:55:55.323,88.929140,59.898300,0.2200,1.0200,-0.2000,-46.4500,-50.4200,-1.1000,1.062450,68.563758,"0.22,1.02,-0.20,-46.45,-50.42,-1.10"
2223,2026-07-27T13:55:55.383,88.988456,59.316600,0.2600,1.0300,-0.1100,-51.1500,-61.2200,-5.4900,1.067989,79.964686,"0.26,1.03,-0.11,-51.15,-61.22,-5.49"
2224,2026-07-27T13:55:55.383,88.988951,0.494100,0.2900,1.0100,-0.0500,-53.7100,-71.9000,-7.7500,1.051998,90.080168,"0.29,1.01,-0.05,-53.71,-71.90,-7.75"
2225,2026-07-27T13:55:55.443,89.048552,59.601900,0.2500,0.9900,0.0200,-46.3900,-65.6700,-0.5500,1.021274,80.404499,"0.25,0.99,0.02,-46.39,-65.67,-0.55"
2226,2026-07-27T13:55:55.503,89.108527,59.974300,0.1000,1.0100,0.1900,-29.4800,-36.6200,13.1200,1.032570,48.808085,"0.10,1.01,0.19,-29.48,-36.62,13.12"
2227,2026-07-27T13:55:55.503,89.108849,0.322400,0.0100,1.0500,0.2900,-16.3000,-0.3700,21.1800,1.089358,26.728623,"0.01,1.05,0.29,-16.30,-0.37,21.18"
2228,2026-07-27T13:55:55.563,89.168306,59.456800,0.0700,1.0600,0.2000,-12.8800,19.3500,15.8700,1.080972,28.145582,"0.07,1.06,0.20,-12.88,19.35,15.87"
2229,2026-07-27T13:55:55.623,89.228754,60.447600,0.2100,1.0000,0.0300,-11.4100,11.6600,3.1100,1.022252,16.607703,"0.21,1.00,0.03,-11.41,11.66,3.11"
2230,2026-07-27T13:55:55.624,89.229413,0.659600,0.2600,0.9500,-0.0400,-10.0700,-23.1300,-2.8700,0.985748,25.389736,"0.26,0.95,-0.04,-10.07,-23.13,-2.87"
2231,2026-07-27T13:55:55.683,89.288786,59.372800,0.1100,0.9600,0.0500,-11.1100,-62.8100,3.1100,0.967574,63.860788,"0.11,0.96,0.05,-11.11,-62.81,3.11"
2232,2026-07-27T13:55:55.743,89.348832,60.045800,-0.0200,1.0000,0.1400,-11.0500,-69.9500,11.2300,1.009950,71.702287,"-0.02,1.00,0.14,-11.05,-69.95,11.23"
2233,2026-07-27T13:55:55.743,89.349005,0.173300,0.0600,1.0000,0.1200,-11.1100,-46.6900,12.2700,1.008960,49.537270,"0.06,1.00,0.12,-11.11,-46.69,12.27"
2234,2026-07-27T13:55:55.803,89.408377,59.372400,0.2100,0.9800,0.0500,-10.8600,-24.1100,9.3400,1.003494,28.044024,"0.21,0.98,0.05,-10.86,-24.11,9.34"
2235,2026-07-27T13:55:55.862,89.468172,59.794200,0.2500,1.0000,0.0500,-4.5200,-17.8800,8.9100,1.031988,20.482014,"0.25,1.00,0.05,-4.52,-17.88,8.91"
2236,2026-07-27T13:55:55.863,89.468606,0.434500,0.2300,1.0000,0.1300,8.6100,-23.0700,10.7400,1.034311,26.864560,"0.23,1.00,0.13,8.61,-23.07,10.74"
2237,2026-07-27T13:55:55.923,89.528419,59.813100,0.2500,1.0000,0.0800,17.9400,-27.4700,9.2200,1.033876,34.080095,"0.25,1.00,0.08,17.94,-27.47,9.22"
2238,2026-07-27T13:55:55.983,89.589143,60.723900,0.3200,1.0200,-0.0400,18.8600,-19.1700,3.1700,1.069766,27.078357,"0.32,1.02,-0.04,18.86,-19.17,3.17"
2239,2026-07-27T13:55:55.984,89.589886,0.743200,0.3700,0.9900,-0.0700,26.0600,0.0600,1.8900,1.059198,26.128515,"0.37,0.99,-0.07,26.06,0.06,1.89"
2240,2026-07-27T13:55:56.043,89.648823,58.936600,0.3400,0.9300,-0.0500,40.5300,2.3800,8.8500,0.991464,41.553192,"0.34,0.93,-0.05,40.53,2.38,8.85"
2241,2026-07-27T13:55:56.103,89.708855,60.031700,0.2600,0.9200,-0.1000,41.5600,-26.6100,12.8200,0.961249,50.987039,"0.26,0.92,-0.10,41.56,-26.61,12.82"
2242,2026-07-27T13:55:56.104,89.709363,0.508300,0.2000,1.0000,-0.2400,29.3000,-57.6800,5.7400,1.047664,64.949365,"0.20,1.00,-0.24,29.30,-57.68,5.74"
2243,2026-07-27T13:55:56.162,89.767999,58.636100,0.1900,1.0400,-0.3600,26.6700,-60.1200,-7.5100,1.116826,66.197458,"0.19,1.04,-0.36,26.67,-60.12,-7.51"
2244,2026-07-27T13:55:56.223,89.828432,60.432600,0.2000,0.9500,-0.3400,36.3200,-35.9500,-15.0100,1.028640,53.262041,"0.20,0.95,-0.34,36.32,-35.95,-15.01"
2245,2026-07-27T13:55:56.223,89.828953,0.521700,0.2000,0.8700,-0.2600,35.6400,-14.8300,-11.2300,0.929785,40.202629,"0.20,0.87,-0.26,35.64,-14.83,-11.23"
2246,2026-07-27T13:55:56.283,89.888356,59.402200,0.1500,0.8700,-0.2000,16.3000,-15.5000,-3.7200,0.905207,22.798649,"0.15,0.87,-0.20,16.30,-15.50,-3.72"
2247,2026-07-27T13:55:56.343,89.948610,60.254200,0.1100,0.8900,-0.1400,-8.2400,-21.7900,-0.7300,0.907634,23.307394,"0.11,0.89,-0.14,-8.24,-21.79,-0.73"
2248,2026-07-27T13:55:56.343,89.948918,0.308600,0.1600,0.9000,-0.1100,-26.0600,-14.4000,-1.7100,0.920706,29.822939,"0.16,0.90,-0.11,-26.06,-14.40,-1.71"
2249,2026-07-27T13:55:56.403,90.008657,59.738500,0.2700,0.8900,-0.1700,-34.3600,1.5900,-4.3300,0.945463,34.668236,"0.27,0.89,-0.17,-34.36,1.59,-4.33"
2250,2026-07-27T13:55:56.463,90.068715,60.058000,0.3500,0.9100,-0.2800,-32.9000,8.9100,-5.3700,1.014396,34.505579,"0.35,0.91,-0.28,-32.90,8.91,-5.37"
2251,2026-07-27T13:55:56.464,90.069230,0.515500,0.3600,0.9400,-0.3200,-22.5200,6.1000,-1.1000,1.056220,23.357448,"0.36,0.94,-0.32,-22.52,6.10,-1.10"
2252,2026-07-27T13:55:56.523,90.128239,59.008800,0.3300,0.9500,-0.2900,-8.7300,0.3700,6.0400,1.046661,10.622213,"0.33,0.95,-0.29,-8.73,0.37,6.04"
2253,2026-07-27T13:55:56.584,90.189549,61.309800,0.2700,0.9400,-0.2400,0.0600,-0.9800,10.6800,1.007025,10.725036,"0.27,0.94,-0.24,0.06,-0.98,10.68"
2254,2026-07-27T13:55:56.584,90.190143,0.593600,0.2200,0.9200,-0.1700,3.9700,8.1200,11.9600,0.961093,14.991227,"0.22,0.92,-0.17,3.97,8.12,11.96"
2255,2026-07-27T13:55:56.643,90.248288,58.145500,0.2000,0.9000,-0.0900,1.2800,16.2400,10.9900,0.926337,19.650855,"0.20,0.90,-0.09,1.28,16.24,10.99"
2256,2026-07-27T13:55:56.703,90.308571,60.282900,0.2000,0.8900,-0.0800,-12.0800,15.9900,8.0600,0.915696,21.600234,"0.20,0.89,-0.08,-12.08,15.99,8.06"
2257,2026-07-27T13:55:56.703,90.308904,0.332900,0.2300,0.9000,-0.1600,-27.0400,9.8300,1.8300,0.942603,28.829488,"0.23,0.90,-0.16,-27.04,9.83,1.83"
2258,2026-07-27T13:55:56.763,90.368902,59.998100,0.2900,0.9400,-0.2700,-32.5900,0.0000,-8.1200,1.020098,33.586344,"0.29,0.94,-0.27,-32.59,0.00,-8.12"
2259,2026-07-27T13:55:56.823,90.428751,59.848900,0.3500,0.9700,-0.2700,-26.6100,-8.7300,-16.8500,1.065974,32.683750,"0.35,0.97,-0.27,-26.61,-8.73,-16.85"
2260,2026-07-27T13:55:56.823,90.428881,0.129700,0.3700,0.9900,-0.1400,-17.6400,-10.9900,-18.4300,1.066114,27.777952,"0.37,0.99,-0.14,-17.64,-10.99,-18.43"
2261,2026-07-27T13:55:56.883,90.488408,59.527800,0.3000,1.0000,-0.0200,-15.8700,1.2800,-12.8200,1.044222,20.441323,"0.30,1.00,-0.02,-15.87,1.28,-12.82"
2262,2026-07-27T13:55:56.943,90.548945,60.536700,0.2600,0.9300,0.0900,-16.6600,19.2900,-3.8500,0.969845,25.777552,"0.26,0.93,0.09,-16.66,19.29,-3.85"
2263,2026-07-27T13:55:56.944,90.549573,0.628300,0.2600,0.8700,0.1400,-16.2400,27.5900,5.2500,0.918749,32.442383,"0.26,0.87,0.14,-16.24,27.59,5.25"
2264,2026-07-27T13:55:57.003,90.608495,58.922100,0.2300,0.9300,0.1400,-16.4200,35.4000,11.4100,0.968194,40.656666,"0.23,0.93,0.14,-16.42,35.40,11.41"
2265,2026-07-27T13:55:57.063,90.668765,60.269200,0.2000,1.0400,0.0900,-13.6700,51.0300,11.0500,1.062873,53.972514,"0.20,1.04,0.09,-13.67,51.03,11.05"
2266,2026-07-27T13:55:57.064,90.669707,0.942600,0.2000,1.1000,0.0200,-6.6500,50.7200,1.5900,1.118213,51.178794,"0.20,1.10,0.02,-6.65,50.72,1.59"
2267,2026-07-27T13:55:57.123,90.728288,58.580800,0.2200,1.0500,-0.0000,0.9800,19.2900,-11.6000,1.072800,22.530524,"0.22,1.05,-0.00,0.98,19.29,-11.60"
2268,2026-07-27T13:55:57.183,90.788319,60.030900,0.1900,0.9900,0.0200,13.3100,0.9800,-11.7200,1.008266,17.761613,"0.19,0.99,0.02,13.31,0.98,-11.72"
2269,2026-07-27T13:55:57.183,90.788658,0.339000,0.0700,0.9800,0.0600,11.2300,8.8500,-7.7500,0.984327,16.263391,"0.07,0.98,0.06,11.23,8.85,-7.75"
2270,2026-07-27T13:55:57.243,90.848376,59.717600,0.0200,1.0000,0.0700,1.0400,-5.1900,-8.6100,1.002646,10.106918,"0.02,1.00,0.07,1.04,-5.19,-8.61"
2271,2026-07-27T13:55:57.303,90.908351,59.975000,0.0900,0.9900,0.0600,-5.6800,-15.5000,-9.5800,0.995892,19.086351,"0.09,0.99,0.06,-5.68,-15.50,-9.58"
2272,2026-07-27T13:55:57.303,90.908798,0.447600,0.1700,0.9700,0.0500,-1.5300,-2.2000,-7.5700,0.986053,8.030305,"0.17,0.97,0.05,-1.53,-2.20,-7.57"
2273,2026-07-27T13:55:57.362,90.968109,59.311000,0.1700,0.9900,0.0700,8.6700,21.3600,-5.3100,1.006926,23.656175,"0.17,0.99,0.07,8.67,21.36,-5.31"
2274,2026-07-27T13:55:57.423,91.028368,60.258400,0.1400,1.0000,0.1000,18.8600,42.4200,-5.2500,1.014692,46.719573,"0.14,1.00,0.10,18.86,42.42,-5.25"
2275,2026-07-27T13:55:57.423,91.028976,0.608000,0.1600,0.9900,0.1200,26.0600,56.8800,-6.9000,1.010000,62.944960,"0.16,0.99,0.12,26.06,56.88,-6.90"
2276,2026-07-27T13:55:57.483,91.088414,59.438000,0.2000,0.9900,0.1400,32.1000,64.7000,-8.1800,1.019657,72.687086,"0.20,0.99,0.14,32.10,64.70,-8.18"
2277,2026-07-27T13:55:57.543,91.148715,60.301400,0.2300,0.9700,0.0900,39.4300,66.1000,-8.1200,1.000950,77.394246,"0.23,0.97,0.09,39.43,66.10,-8.12"
2278,2026-07-27T13:55:57.543,91.149144,0.429300,0.2200,0.9700,0.0600,47.1800,59.5100,-8.3600,0.996444,76.402108,"0.22,0.97,0.06,47.18,59.51,-8.36"
2279,2026-07-27T13:55:57.603,91.208537,59.392800,0.2200,0.9500,0.0300,54.9900,48.5200,-10.1900,0.975602,74.040034,"0.22,0.95,0.03,54.99,48.52,-10.19"
2280,2026-07-27T13:55:57.663,91.268432,59.895300,0.1900,0.9200,-0.0500,60.0000,40.7700,-13.4900,0.940744,73.784639,"0.19,0.92,-0.05,60.00,40.77,-13.49"
2281,2026-07-27T13:55:57.663,91.269008,0.575900,0.1500,0.9400,-0.1900,60.0000,40.7700,-13.4900,0.970670,73.784639,"0.15,0.94,-0.19,60.00,40.77,-13.49"
2282,2026-07-27T13:55:57.723,91.328224,59.216000,0.1300,0.9800,-0.3400,47.9100,35.8900,-14.8900,1.045419,61.686079,"0.13,0.98,-0.34,47.91,35.89,-14.89"
2283,2026-07-27T13:55:57.783,91.388429,60.204700,0.1100,1.0600,-0.4700,31.8600,25.0200,-11.8400,1.164732,42.204805,"0.11,1.06,-0.47,31.86,25.02,-11.84"
2284,2026-07-27T13:55:57.783,91.388890,0.461100,0.0700,1.1200,-0.5100,16.9100,20.2600,-7.8700,1.232639,27.538203,"0.07,1.12,-0.51,16.91,20.26,-7.87"
2285,2026-07-27T13:55:57.843,91.448534,59.644100,0.0100,1.0800,-0.4200,8.0600,30.5200,-4.9400,1.158836,31.950549,"0.01,1.08,-0.42,8.06,30.52,-4.94"
2286,2026-07-27T13:55:57.903,91.508344,59.809900,0.0100,0.9300,-0.2700,4.8800,42.8500,-2.4400,0.968452,43.195955,"0.01,0.93,-0.27,4.88,42.85,-2.44"
2287,2026-07-27T13:55:57.903,91.508586,0.241900,0.0400,0.8000,-0.1300,-8.0000,32.4700,0.1800,0.811480,33.441491,"0.04,0.80,-0.13,-8.00,32.47,0.18"
2288,2026-07-27T13:55:57.963,91.568770,60.184100,0.0400,0.8000,-0.1000,-38.7600,14.4000,-3.8500,0.807217,41.527342,"0.04,0.80,-0.10,-38.76,14.40,-3.85"
2289,2026-07-27T13:55:58.025,91.630174,61.403500,0.1000,0.9000,-0.1700,-55.4200,18.9200,-17.0900,0.921358,61.003368,"0.10,0.90,-0.17,-55.42,18.92,-17.09"
2290,2026-07-27T13:55:58.025,91.630720,0.546700,0.2200,0.9800,-0.2500,-43.3300,34.3600,-28.5600,1.035036,62.239634,"0.22,0.98,-0.25,-43.33,34.36,-28.56"
2291,2026-07-27T13:55:58.083,91.688517,57.796400,0.1900,1.0000,-0.2900,-26.4300,38.2100,-27.1600,1.058395,53.816490,"0.19,1.00,-0.29,-26.43,38.21,-27.16"
2292,2026-07-27T13:55:58.144,91.749202,60.685000,0.0900,0.9700,-0.2500,-18.8600,25.5100,-16.8500,1.005734,35.921890,"0.09,0.97,-0.25,-18.86,25.51,-16.85"
2293,2026-07-27T13:55:58.144,91.749942,0.740300,0.0300,0.9600,-0.1800,-16.8500,11.1100,-8.6700,0.977190,21.966418,"0.03,0.96,-0.18,-16.85,11.11,-8.67"
2294,2026-07-27T13:55:58.204,91.809688,59.746500,0.0500,0.9700,-0.1300,-13.1800,11.0500,-6.2900,0.979949,18.313356,"0.05,0.97,-0.13,-13.18,11.05,-6.29"
2295,2026-07-27T13:55:58.263,91.868703,59.014400,0.1500,0.9800,-0.1400,-7.3900,18.9200,-7.2000,1.001249,21.550371,"0.15,0.98,-0.14,-7.39,18.92,-7.20"
2296,2026-07-27T13:55:58.264,91.869471,0.768400,0.2700,0.9900,-0.2000,-2.6200,16.6600,-6.4100,1.045466,18.041843,"0.27,0.99,-0.20,-2.62,16.66,-6.41"
2297,2026-07-27T13:55:58.325,91.930262,60.790600,0.3400,0.9900,-0.2300,-0.4900,0.0600,-1.0400,1.071728,1.151217,"0.34,0.99,-0.23,-0.49,0.06,-1.04"
2298,2026-07-27T13:55:58.383,91.988667,58.405400,0.3100,0.9900,-0.1900,-0.2400,-24.9000,5.9800,1.054656,25.609139,"0.31,0.99,-0.19,-0.24,-24.90,5.98"
2299,2026-07-27T13:55:58.383,91.988797,0.129800,0.1900,1.0000,-0.1200,-0.5500,-48.5800,10.5000,1.024939,49.704818,"0.19,1.00,-0.12,-0.55,-48.58,10.50"
2300,2026-07-27T13:55:58.443,92.048928,60.131300,0.0600,1.0100,-0.0800,-0.6700,-61.5200,11.3500,1.014938,62.561824,"0.06,1.01,-0.08,-0.67,-61.52,11.35"
2301,2026-07-27T13:55:58.503,92.108441,59.512600,0.0000,1.0200,-0.1000,0.4900,-62.3200,8.8500,1.024890,62.947160,"0.00,1.02,-0.10,0.49,-62.32,8.85"
2302,2026-07-27T13:55:58.503,92.108570,0.128800,0.0200,1.0100,-0.1600,3.9100,-56.4000,4.7000,1.022790,56.730398,"0.02,1.01,-0.16,3.91,-56.40,4.70"
2303,2026-07-27T13:55:58.563,92.168697,60.126900,0.0800,0.9800,-0.2000,10.5000,-47.4200,2.3800,1.003394,48.626853,"0.08,0.98,-0.20,10.50,-47.42,2.38"
2304,2026-07-27T13:55:58.623,92.228581,59.884300,0.1200,0.9400,-0.2000,18.1300,-39.3700,3.8500,0.968504,43.514553,"0.12,0.94,-0.20,18.13,-39.37,3.85"
2305,2026-07-27T13:55:58.624,92.229322,0.740600,0.1800,0.8900,-0.1900,22.4600,-40.0400,7.6300,0.927685,46.538910,"0.18,0.89,-0.19,22.46,-40.04,7.63"
2306,2026-07-27T13:55:58.683,92.288593,59.271200,0.2100,0.8600,-0.1700,23.0100,-51.3900,12.7000,0.901443,57.720726,"0.21,0.86,-0.17,23.01,-51.39,12.70"
2307,2026-07-27T13:55:58.743,92.348523,59.930300,0.1600,0.8700,-0.1300,22.8900,-58.4700,19.7100,0.894092,65.811679,"0.16,0.87,-0.13,22.89,-58.47,19.71"
2308,2026-07-27T13:55:58.743,92.348970,0.447200,0.0700,0.9100,-0.1400,22.4600,-47.0600,25.7000,0.923363,58.134200,"0.07,0.91,-0.14,22.46,-47.06,25.70"
2309,2026-07-27T13:55:58.803,92.408485,59.514800,0.0400,0.9400,-0.1900,19.1000,-27.7700,27.2200,0.959844,43.323334,"0.04,0.94,-0.19,19.10,-27.77,27.22"
2310,2026-07-27T13:55:58.863,92.468546,60.061200,0.0700,0.9400,-0.2400,11.0500,-16.4200,26.4900,0.972677,33.067189,"0.07,0.94,-0.24,11.05,-16.42,26.49"
2311,2026-07-27T13:55:58.864,92.469222,0.676200,0.1200,0.9500,-0.2600,-1.7100,-12.5700,25.9400,0.992220,28.875813,"0.12,0.95,-0.26,-1.71,-12.57,25.94"
2312,2026-07-27T13:55:58.924,92.529489,60.266200,0.1400,1.0300,-0.2800,-19.9600,-12.2700,23.5600,1.076522,33.226918,"0.14,1.03,-0.28,-19.96,-12.27,23.56"
2313,2026-07-27T13:55:58.983,92.588240,58.751400,0.0300,1.1600,-0.2200,-43.0900,-25.6300,16.3000,1.181059,52.719399,"0.03,1.16,-0.22,-43.09,-25.63,16.30"
2314,2026-07-27T13:55:58.983,92.588661,0.420800,0.0100,1.1300,-0.0800,-72.4500,-66.6500,4.3300,1.132872,98.539200,"0.01,1.13,-0.08,-72.45,-66.65,4.33"
2315,2026-07-27T13:55:59.043,92.648407,59.745800,0.1400,0.9700,-0.1700,-92.7100,-92.4700,-4.5800,0.994686,131.022217,"0.14,0.97,-0.17,-92.71,-92.47,-4.58"
2316,2026-07-27T13:55:59.103,92.708430,60.023200,0.2500,0.8800,-0.2400,-73.4300,-54.4400,0.0600,0.945780,91.409420,"0.25,0.88,-0.24,-73.43,-54.44,0.06"
2317,2026-07-27T13:55:59.104,92.709212,0.782200,0.2300,0.9000,0.0300,-33.8700,4.8200,12.3900,0.929408,36.385731,"0.23,0.90,0.03,-33.87,4.82,12.39"
2318,2026-07-27T13:55:59.163,92.768632,59.420200,0.0900,0.9600,0.1900,-18.8600,21.4200,17.3300,0.982751,33.389293,"0.09,0.96,0.19,-18.86,21.42,17.33"
2319,2026-07-27T13:55:59.223,92.828694,60.061700,0.0800,0.9900,0.1600,-23.9900,8.9100,13.3700,1.006032,28.873259,"0.08,0.99,0.16,-23.99,8.91,13.37"
2320,2026-07-27T13:55:59.224,92.829222,0.528200,0.1500,0.9900,0.1900,-24.7200,15.0100,8.0600,1.019166,30.022360,"0.15,0.99,0.19,-24.72,15.01,8.06"
2321,2026-07-27T13:55:59.283,92.888872,59.649700,0.2200,0.9900,0.2200,-20.3200,29.7200,4.7000,1.037738,36.307999,"0.22,0.99,0.22,-20.32,29.72,4.70"
2322,2026-07-27T13:55:59.343,92.948656,59.783700,0.2800,0.9700,0.1900,-18.9200,25.8800,2.9300,1.027327,32.192013,"0.28,0.97,0.19,-18.92,25.88,2.93"
2323,2026-07-27T13:55:59.343,92.949017,0.361500,0.2600,0.9700,0.1600,-18.0700,12.6300,3.4200,1.016907,22.310047,"0.26,0.97,0.16,-18.07,12.63,3.42"
2324,2026-07-27T13:55:59.404,93.009427,60.410100,0.2100,0.9800,0.1400,-14.2800,-1.1000,4.9400,1.011978,15.150314,"0.21,0.98,0.14,-14.28,-1.10,4.94"
2325,2026-07-27T13:55:59.463,93.068471,59.044200,0.1800,0.9700,0.1300,-10.0700,-10.8600,5.6800,0.995088,15.862122,"0.18,0.97,0.13,-10.07,-10.86,5.68"
2326,2026-07-27T13:55:59.463,93.069049,0.578000,0.2000,0.9500,0.1500,-7.9300,-10.7400,5.1300,0.982344,14.302077,"0.20,0.95,0.15,-7.93,-10.74,5.13"
2327,2026-07-27T13:55:59.523,93.128322,59.272300,0.2700,0.9400,0.1800,-6.9600,-6.5300,3.9100,0.994435,10.313612,"0.27,0.94,0.18,-6.96,-6.53,3.91"
2328,2026-07-27T13:55:59.583,93.188384,60.062000,0.3000,0.9500,0.2200,-5.3100,-7.5700,2.9300,1.020245,9.699789,"0.30,0.95,0.22,-5.31,-7.57,2.93"
2329,2026-07-27T13:55:59.583,93.188707,0.323100,0.2800,0.9700,0.2400,-2.5000,-13.0600,1.8300,1.037738,13.422463,"0.28,0.97,0.24,-2.50,-13.06,1.83"
2330,2026-07-27T13:55:59.643,93.248513,59.806400,0.2600,0.9700,0.2200,0.8500,-16.3000,-0.2400,1.028056,16.323912,"0.26,0.97,0.22,0.85,-16.30,-0.24"
2331,2026-07-27T13:55:59.703,93.308441,59.928000,0.2600,0.9500,0.1600,4.5800,-19.0400,-2.6900,0.997848,19.766995,"0.26,0.95,0.16,4.58,-19.04,-2.69"
2332,2026-07-27T13:55:59.703,93.308750,0.308400,0.2300,0.9600,0.1200,8.6100,-23.9900,-3.6600,0.994435,25.749715,"0.23,0.96,0.12,8.61,-23.99,-3.66"
2333,2026-07-27T13:55:59.763,93.368928,60.178700,0.2000,0.9800,0.1200,14.7100,-25.0900,-3.6600,1.007373,29.313611,"0.20,0.98,0.12,14.71,-25.09,-3.66"
2334,2026-07-27T13:55:59.823,93.428680,59.751500,0.1900,0.9800,0.1300,22.5200,-20.2000,-4.2700,1.006678,30.551977,"0.19,0.98,0.13,22.52,-20.20,-4.27"
2335,2026-07-27T13:55:59.823,93.429061,0.381000,0.2000,0.9700,0.1200,28.7500,-11.6000,-4.9400,0.997647,31.393090,"0.20,0.97,0.12,28.75,-11.60,-4.94"
2336,2026-07-27T13:55:59.884,93.490023,60.962400,0.1900,0.9500,0.0900,29.0500,-7.5100,-4.5800,0.972985,30.352578,"0.19,0.95,0.09,29.05,-7.51,-4.58"
2337,2026-07-27T13:55:59.942,93.548006,57.982800,0.1700,0.9600,0.0500,22.0300,-18.8600,-4.1500,0.976217,29.295785,"0.17,0.96,0.05,22.03,-18.86,-4.15"
2338,2026-07-27T13:55:59.943,93.548423,0.417500,0.1500,0.9700,0.0300,13.9200,-37.2900,-5.1900,0.981988,40.140336,"0.15,0.97,0.03,13.92,-37.29,-5.19"
2339,2026-07-27T13:56:00.003,93.608251,59.827800,0.1500,0.9700,0.0300,16.6600,-29.6000,-7.6300,0.981988,34.812821,"0.15,0.97,0.03,16.66,-29.60,-7.63"
2340,2026-07-27T13:56:00.064,93.669951,61.699400,0.1400,0.9600,0.0300,20.9400,-16.7200,-6.4700,0.970618,27.566336,"0.14,0.96,0.03,20.94,-16.72,-6.47"
2341,2026-07-27T13:56:00.065,93.670713,0.762400,0.1400,0.9800,0.0300,21.7300,-9.5800,-6.7700,0.990404,24.694173,"0.14,0.98,0.03,21.73,-9.58,-6.77"
2342,2026-07-27T13:56:00.123,93.728535,57.821800,0.1400,1.0000,0.0200,26.5500,-2.8100,-9.5200,1.009950,28.344823,"0.14,1.00,0.02,26.55,-2.81,-9.52"
2343,2026-07-27T13:56:00.183,93.788335,59.799900,0.1400,1.0000,0.0200,35.5800,3.0500,-12.7000,1.009950,37.901569,"0.14,1.00,0.02,35.58,3.05,-12.70"
2344,2026-07-27T13:56:00.183,93.788906,0.571700,0.1500,1.0000,0.0200,43.5800,4.9400,-14.1600,1.011385,46.088237,"0.15,1.00,0.02,43.58,4.94,-14.16"
2345,2026-07-27T13:56:00.243,93.848387,59.480900,0.1900,0.9800,0.0400,47.7300,-4.2700,-12.5100,0.999050,49.526618,"0.19,0.98,0.04,47.73,-4.27,-12.51"
2346,2026-07-27T13:56:00.303,93.908611,60.223700,0.2400,0.9100,0.0300,41.3200,-23.8600,-10.8600,0.941594,48.934462,"0.24,0.91,0.03,41.32,-23.86,-10.86"
2347,2026-07-27T13:56:00.303,93.908927,0.315600,0.2200,0.9000,-0.0500,30.0900,-34.9100,-11.9000,0.927847,47.599645,"0.22,0.90,-0.05,30.09,-34.91,-11.90"
2348,2026-07-27T13:56:00.363,93.968295,59.368800,0.2200,0.9700,-0.2000,21.5500,-29.7200,-10.5600,1.014544,38.199404,"0.22,0.97,-0.20,21.55,-29.72,-10.56"
2349,2026-07-27T13:56:00.424,94.029409,61.113900,0.2800,1.0700,-0.4200,17.8200,-26.1800,-3.8500,1.183089,31.902465,"0.28,1.07,-0.42,17.82,-26.18,-3.85"
2350,2026-07-27T13:56:00.424,94.029903,0.493200,0.1100,1.0500,-0.5600,18.1300,-35.5800,-1.8900,1.195073,39.977561,"0.11,1.05,-0.56,18.13,-35.58,-1.89"
2351,2026-07-27T13:56:00.483,94.088585,58.682700,-0.0600,0.8900,-0.4100,13.0000,-43.7600,-6.7700,0.981733,46.149437,"-0.06,0.89,-0.41,13.00,-43.76,-6.77"
2352,2026-07-27T13:56:00.543,94.148522,59.936300,-0.0900,0.7200,-0.2200,2.2000,-41.5600,-5.4300,0.758222,41.970924,"-0.09,0.72,-0.22,2.20,-41.56,-5.43"
2353,2026-07-27T13:56:00.544,94.149272,0.750800,0.0200,0.6700,-0.0700,-15.0800,-43.1500,4.3900,0.673944,45.919506,"0.02,0.67,-0.07,-15.08,-43.15,4.39"
2354,2026-07-27T13:56:00.603,94.208600,59.327700,0.2100,0.7400,-0.0500,-44.1900,-60.2400,17.5800,0.770844,76.750701,"0.21,0.74,-0.05,-44.19,-60.24,17.58"
2355,2026-07-27T13:56:00.662,94.268157,59.557000,0.3600,0.9000,-0.1000,-65.9200,-72.6900,33.1400,0.974474,103.573849,"0.36,0.90,-0.10,-65.92,-72.69,33.14"
2356,2026-07-27T13:56:00.664,94.269376,1.218600,0.4000,1.0400,-0.1200,-60.9100,-54.5000,48.8300,1.120714,95.208440,"0.40,1.04,-0.12,-60.91,-54.50,48.83"
2357,2026-07-27T13:56:00.723,94.328331,58.955300,0.3700,1.0600,-0.0700,-45.9600,-18.5500,60.0000,1.124900,77.823031,"0.37,1.06,-0.07,-45.96,-18.55,60.00"
2358,2026-07-27T13:56:00.843,94.448660,120.328900,0.3300,1.0400,-0.0700,-39.8600,3.4200,63.1700,1.093343,74.772755,"0.33,1.04,-0.07,-39.86,3.42,63.17"
2359,2026-07-27T13:56:00.844,94.449265,0.605400,0.3000,1.0000,-0.1100,-41.0200,-6.1600,58.4100,1.049810,71.640171,"0.30,1.00,-0.11,-41.02,-6.16,58.41"
2360,2026-07-27T13:56:00.844,94.449729,0.463800,0.2500,0.9800,-0.0300,-46.6300,-33.1400,47.4900,1.011830,74.349960,"0.25,0.98,-0.03,-46.63,-33.14,47.49"
2361,2026-07-27T13:56:00.903,94.508285,58.555600,0.2100,0.9800,0.1100,-56.7600,-51.2700,32.9600,1.008266,83.286686,"0.21,0.98,0.11,-56.76,-51.27,32.96"
2362,2026-07-27T13:56:00.903,94.509096,0.811500,0.1900,0.9700,0.1400,-66.6500,-68.2400,18.8600,0.998299,97.234869,"0.19,0.97,0.14,-66.65,-68.24,18.86"
2363,2026-07-27T13:56:00.963,94.568621,59.524900,0.1500,1.0000,0.0800,-71.1700,-91.1300,7.6300,1.014347,115.879518,"0.15,1.00,0.08,-71.17,-91.13,7.63"
2364,2026-07-27T13:56:01.023,94.628929,60.308200,0.1700,1.0500,0.0300,-71.7800,-98.8800,-1.6500,1.064096,122.197976,"0.17,1.05,0.03,-71.78,-98.88,-1.65"
2365,2026-07-27T13:56:01.024,94.629627,0.698100,0.2500,1.0300,-0.0300,-69.1500,-83.2500,-8.9100,1.060330,108.589470,"0.25,1.03,-0.03,-69.15,-83.25,-8.91"
2366,2026-07-27T13:56:01.083,94.688370,58.743100,0.3200,0.9700,-0.0300,-54.8100,-49.6800,-9.3400,1.021861,74.561881,"0.32,0.97,-0.03,-54.81,-49.68,-9.34"
2367,2026-07-27T13:56:01.144,94.749315,60.944100,0.2600,1.0500,0.0500,-30.0900,-20.6300,-0.7300,1.082867,36.490244,"0.26,1.05,0.05,-30.09,-20.63,-0.73"
2368,2026-07-27T13:56:01.144,94.750002,0.687800,0.1000,1.1700,0.0800,-7.6300,-5.3100,7.8700,1.176988,12.179897,"0.10,1.17,0.08,-7.63,-5.31,7.87"
2369,2026-07-27T13:56:01.203,94.808647,58.644900,-0.0000,1.1100,0.1400,10.6800,7.6900,6.9000,1.118794,14.859627,"-0.00,1.11,0.14,10.68,7.69,6.90"
2370,2026-07-27T13:56:01.263,94.868489,59.842100,0.0200,0.9600,0.1900,21.3000,13.9200,-4.4600,0.978826,25.833080,"0.02,0.96,0.19,21.30,13.92,-4.46"
2371,2026-07-27T13:56:01.263,94.868819,0.329800,0.1100,0.8800,0.1600,22.2800,23.9900,-17.4600,0.901166,37.104853,"0.11,0.88,0.16,22.28,23.99,-17.46"
2372,2026-07-27T13:56:01.323,94.928336,59.517300,0.1700,0.8900,0.0700,19.4100,43.0900,-20.8700,0.908790,51.662879,"0.17,0.89,0.07,19.41,43.09,-20.87"
2373,2026-07-27T13:56:01.383,94.988482,60.145800,0.1400,0.9600,-0.0100,15.0100,50.1100,-15.1400,0.970206,54.456697,"0.14,0.96,-0.01,15.01,50.11,-15.14"
2374,2026-07-27T13:56:01.383,94.988953,0.470600,0.0900,1.0200,-0.0100,13.6100,47.3000,-9.4600,1.024012,50.119993,"0.09,1.02,-0.01,13.61,47.30,-9.46"
2375,2026-07-27T13:56:01.445,95.050323,61.370000,0.0700,1.0200,0.0300,18.8600,47.7300,-6.9600,1.022839,51.790869,"0.07,1.02,0.03,18.86,47.73,-6.96"
2376,2026-07-27T13:56:01.503,95.108304,57.980900,0.0800,1.0100,0.0700,26.1200,51.0900,-5.6200,1.015579,57.654375,"0.08,1.01,0.07,26.12,51.09,-5.62"
2377,2026-07-27T13:56:01.503,95.108830,0.525800,0.1100,0.9900,0.1200,30.1500,58.1100,-3.7200,1.003295,65.571587,"0.11,0.99,0.12,30.15,58.11,-3.72"
2378,2026-07-27T13:56:01.563,95.168305,59.475700,0.1400,0.9700,0.1700,29.2400,62.3800,-1.0400,0.994686,68.900824,"0.14,0.97,0.17,29.24,62.38,-1.04"
2379,2026-07-27T13:56:01.623,95.228403,60.097700,0.1800,0.9700,0.1800,25.9400,58.1700,1.6500,1.002846,63.713068,"0.18,0.97,0.18,25.94,58.17,1.65"
2380,2026-07-27T13:56:01.623,95.228643,0.240500,0.2000,0.9800,0.1900,24.7800,52.3700,4.6400,1.018086,58.122241,"0.20,0.98,0.19,24.78,52.37,4.64"
2381,2026-07-27T13:56:01.683,95.288239,59.595800,0.1700,0.9700,0.1900,28.5000,52.4900,8.4200,1.002946,60.318708,"0.17,0.97,0.19,28.50,52.49,8.42"
2382,2026-07-27T13:56:01.743,95.348783,60.544000,0.1300,0.9700,0.1700,37.6000,63.4800,11.2900,0.993328,74.638693,"0.13,0.97,0.17,37.60,63.48,11.29"
2383,2026-07-27T13:56:01.744,95.349455,0.671700,0.1200,0.9800,0.1400,49.3200,84.7200,11.9600,0.997196,98.757189,"0.12,0.98,0.14,49.32,84.72,11.96"
2384,2026-07-27T13:56:01.806,95.411990,62.535500,0.1600,0.9800,0.1100,58.6500,100.4600,10.5600,0.999050,116.805598,"0.16,0.98,0.11,58.65,100.46,10.56"
2385,2026-07-27T13:56:01.863,95.468642,56.651700,0.1700,0.9800,0.0900,64.0900,98.2700,8.1800,0.998699,117.607115,"0.17,0.98,0.09,64.09,98.27,8.18"
2386,2026-07-27T13:56:01.863,95.468928,0.285400,0.1400,0.9700,0.0500,71.1100,90.3900,5.9800,0.981326,115.163990,"0.14,0.97,0.05,71.11,90.39,5.98"
2387,2026-07-27T13:56:01.923,95.528557,59.629600,0.1500,1.0000,-0.0400,85.3300,93.5700,1.2800,1.011978,126.641984,"0.15,1.00,-0.04,85.33,93.57,1.28"
2388,2026-07-27T13:56:01.983,95.588750,60.192400,0.2000,1.0500,-0.2000,101.3800,102.3600,-8.3000,1.087428,144.306493,"0.20,1.05,-0.20,101.38,102.36,-8.30"
2389,2026-07-27T13:56:01.984,95.589328,0.578800,0.2300,1.0300,-0.3100,103.7000,101.4400,-18.4300,1.099955,146.230737,"0.23,1.03,-0.31,103.70,101.44,-18.43"
2390,2026-07-27T13:56:02.044,95.649409,60.080200,0.2400,0.9500,-0.3300,87.2200,91.9200,-22.5800,1.033925,128.710805,"0.24,0.95,-0.33,87.22,91.92,-22.58"
2391,2026-07-27T13:56:02.104,95.709551,60.142600,0.2400,0.8800,-0.3200,59.1400,78.5500,-22.2800,0.966644,100.816866,"0.24,0.88,-0.32,59.14,78.55,-22.28"
2392,2026-07-27T13:56:02.105,95.710307,0.755400,0.1900,0.8600,-0.2900,28.9300,67.0200,-26.3700,0.927254,77.614446,"0.19,0.86,-0.29,28.93,67.02,-26.37"
2393,2026-07-27T13:56:02.163,95.768604,58.297000,0.1300,0.9100,-0.2100,0.7300,53.4700,-35.8300,0.942921,64.368958,"0.13,0.91,-0.21,0.73,53.47,-35.83"
2394,2026-07-27T13:56:02.223,95.828630,60.026000,0.2000,0.9800,-0.1100,-29.9700,22.0900,-44.4900,1.006231,58.013180,"0.20,0.98,-0.11,-29.97,22.09,-44.49"
2395,2026-07-27T13:56:02.224,95.829196,0.566900,0.2000,1.0200,-0.0900,-54.1400,4.0300,-52.3700,1.043312,75.432071,"0.20,1.02,-0.09,-54.14,4.03,-52.37"
2396,2026-07-27T13:56:02.283,95.888729,59.532600,0.1800,1.0100,-0.1400,-51.8800,33.3900,-61.4600,1.035423,87.084775,"0.18,1.01,-0.14,-51.88,33.39,-61.46"
2397,2026-07-27T13:56:02.343,95.948477,59.748000,0.2600,0.9900,-0.2100,-29.1100,81.6700,-67.3200,1.044892,109.769592,"0.26,0.99,-0.21,-29.11,81.67,-67.32"
2398,2026-07-27T13:56:02.344,95.949190,0.712800,0.2600,0.9300,-0.2200,-9.4000,107.0600,-64.9400,0.990404,125.568337,"0.26,0.93,-0.22,-9.40,107.06,-64.94"
2399,2026-07-27T13:56:02.402,96.008088,58.898500,0.2000,0.8600,-0.1800,-2.7500,96.2500,-58.5300,0.901110,112.682678,"0.20,0.86,-0.18,-2.75,96.25,-58.53"
2400,2026-07-27T13:56:02.463,96.068672,60.583900,0.1500,0.8300,-0.1500,-4.5200,69.4000,-52.7300,0.856680,87.276820,"0.15,0.83,-0.15,-4.52,69.40,-52.73"
2401,2026-07-27T13:56:02.464,96.069467,0.794400,0.0900,0.8400,-0.1500,-5.3100,51.9400,-45.1000,0.858021,68.992534,"0.09,0.84,-0.15,-5.31,51.94,-45.10"
2402,2026-07-27T13:56:02.524,96.129415,59.948000,0.0200,0.8700,-0.1900,-4.3300,45.9000,-35.1600,0.890730,57.980898,"0.02,0.87,-0.19,-4.33,45.90,-35.16"
2403,2026-07-27T13:56:02.583,96.188504,59.089800,-0.0400,0.9300,-0.2400,-6.7100,43.2100,-24.9000,0.961301,50.320356,"-0.04,0.93,-0.24,-6.71,43.21,-24.90"
2404,2026-07-27T13:56:02.583,96.188745,0.240500,-0.1100,0.9700,-0.2700,-9.8900,39.7900,-12.2100,1.012867,42.780139,"-0.11,0.97,-0.27,-9.89,39.79,-12.21"
2405,2026-07-27T13:56:02.643,96.248694,59.949100,-0.1600,1.0000,-0.3200,-11.2900,35.1600,5.1900,1.062073,37.291095,"-0.16,1.00,-0.32,-11.29,35.16,5.19"
2406,2026-07-27T13:56:02.703,96.308603,59.909000,-0.1400,1.1300,-0.3300,-15.2000,27.3400,22.6400,1.185496,38.614572,"-0.14,1.13,-0.33,-15.20,27.34,22.64"
2407,2026-07-27T13:56:02.703,96.308913,0.310400,0.1100,1.4200,-0.1700,-30.7000,13.1200,26.7900,1.434364,42.805706,"0.11,1.42,-0.17,-30.70,13.12,26.79"
2408,2026-07-27T13:56:02.763,96.368488,59.574000,0.5100,1.2400,0.0200,-48.8300,-15.9900,12.0800,1.340933,52.782340,"0.51,1.24,0.02,-48.83,-15.99,12.08"
2409,2026-07-27T13:56:02.823,96.428730,60.242600,0.7000,0.7100,-0.0200,-60.3000,-61.3400,5.1300,0.997246,86.168454,"0.70,0.71,-0.02,-60.30,-61.34,5.13"
2410,2026-07-27T13:56:02.823,96.428861,0.130900,0.5100,0.7000,0.1600,-57.6800,-97.1100,28.5000,0.880738,116.488560,"0.51,0.70,0.16,-57.68,-97.11,28.50"
2411,2026-07-27T13:56:02.883,96.489100,60.239400,0.0900,0.9800,0.5100,-42.7200,-90.2700,64.5800,1.108422,118.929591,"0.09,0.98,0.51,-42.72,-90.27,64.58"
2412,2026-07-27T13:56:02.942,96.547975,58.874600,-0.1500,1.1200,0.3600,-42.6600,-72.8800,68.8500,1.185960,108.957297,"-0.15,1.12,0.36,-42.66,-72.88,68.85"
2413,2026-07-27T13:56:02.943,96.548546,0.571400,0.0300,1.0700,0.0900,-52.0600,-79.4700,31.2500,1.074197,100.011434,"0.03,1.07,0.09,-52.06,-79.47,31.25"
2414,2026-07-27T13:56:03.003,96.608530,59.983900,0.3400,0.9700,0.0600,-22.4000,-95.2100,-4.8800,1.029612,97.931193,"0.34,0.97,0.06,-22.40,-95.21,-4.88"
2415,2026-07-27T13:56:03.063,96.668420,59.889800,0.3900,0.8900,0.1500,-12.6300,-109.6200,6.1600,0.983209,110.516998,"0.39,0.89,0.15,-12.63,-109.62,6.16"
2416,2026-07-27T13:56:03.063,96.668835,0.414900,0.2600,0.8800,0.2500,-20.5100,-128.9700,11.3500,0.951052,131.082964,"0.26,0.88,0.25,-20.51,-128.97,11.35"
2417,2026-07-27T13:56:03.183,96.788811,119.976200,0.1600,0.9000,0.2600,-25.2100,-126.1000,12.6300,0.950368,129.214051,"0.16,0.90,0.26,-25.21,-126.10,12.63"
2418,2026-07-27T13:56:03.183,96.789171,0.359700,0.1800,0.9100,0.2300,-15.1400,-103.7600,14.2200,0.955720,105.818550,"0.18,0.91,0.23,-15.14,-103.76,14.22"
2419,2026-07-27T13:56:03.184,96.789417,0.246500,0.2300,0.9200,0.2500,-0.3700,-91.7400,13.0000,0.980714,92.657242,"0.23,0.92,0.25,-0.37,-91.74,13.00"
2420,2026-07-27T13:56:03.243,96.848340,58.922400,0.2400,0.9700,0.3400,10.4400,-102.1100,12.8800,1.055509,103.447282,"0.24,0.97,0.34,10.44,-102.11,12.88"
2421,2026-07-27T13:56:03.303,96.908293,59.952800,0.2300,1.0200,0.4000,16.2400,-117.0700,17.7000,1.119509,119.509048,"0.23,1.02,0.40,16.24,-117.07,17.70"
2422,2026-07-27T13:56:03.303,96.908683,0.390400,0.2200,1.0200,0.3100,21.0600,-108.5200,20.2600,1.088531,112.385860,"0.22,1.02,0.31,21.06,-108.52,20.26"
2423,2026-07-27T13:56:03.363,96.969038,60.355400,0.2900,1.0000,0.1700,22.4000,-87.3400,12.5100,1.054988,91.030411,"0.29,1.00,0.17,22.40,-87.34,12.51"
2424,2026-07-27T13:56:03.423,97.028643,59.604600,0.6500,1.0300,-0.0300,17.2100,-105.7100,-1.3400,1.218319,107.110148,"0.65,1.03,-0.03,17.21,-105.71,-1.34"
2425,2026-07-27T13:56:03.424,97.029632,0.989400,0.5300,0.9000,-0.0700,16.2400,-161.4400,-1.6500,1.046805,162.263162,"0.53,0.90,-0.07,16.24,-161.44,-1.65"
2426,2026-07-27T13:56:03.483,97.088672,59.039800,0.2900,0.7000,-0.1600,13.9800,-189.8200,12.8800,0.774403,190.769408,"0.29,0.70,-0.16,13.98,-189.82,12.88"
2427,2026-07-27T13:56:03.543,97.148240,59.567300,0.1400,0.7000,-0.1900,-7.8100,-186.9500,18.6800,0.738715,188.043189,"0.14,0.70,-0.19,-7.81,-186.95,18.68"
2428,2026-07-27T13:56:03.543,97.148921,0.681500,0.1200,0.9100,-0.2100,-24.7800,-184.9400,15.6900,0.941594,187.251243,"0.12,0.91,-0.21,-24.78,-184.94,15.69"
2429,2026-07-27T13:56:03.603,97.208444,59.523200,0.2700,0.9700,-0.1900,-7.4500,-175.8400,21.7900,1.024646,177.341513,"0.27,0.97,-0.19,-7.45,-175.84,21.79"
2430,2026-07-27T13:56:03.663,97.268947,60.503300,0.3400,0.8700,0.0000,4.1500,-144.5300,34.7900,0.934077,148.716131,"0.34,0.87,0.00,4.15,-144.53,34.79"
2431,2026-07-27T13:56:03.664,97.269391,0.443700,0.2400,0.8500,0.1300,-31.1900,-110.6000,43.0300,0.892749,122.705978,"0.24,0.85,0.13,-31.19,-110.60,43.03"
2432,2026-07-27T13:56:03.723,97.328570,59.179200,0.2000,0.8700,0.0000,-83.4400,-103.6400,43.2700,0.892693,139.913459,"0.20,0.87,0.00,-83.44,-103.64,43.27"
2433,2026-07-27T13:56:03.789,97.394775,66.204200,0.2800,0.9100,-0.1600,-107.7300,-100.9500,38.6400,0.965453,152.609649,"0.28,0.91,-0.16,-107.73,-100.95,38.64"
2434,2026-07-27T13:56:03.790,97.395323,0.548600,0.3800,0.9700,-0.1900,-101.5600,-77.2100,31.7400,1.058962,131.465757,"0.38,0.97,-0.19,-101.56,-77.21,31.74"
2435,2026-07-27T13:56:03.843,97.448449,53.125900,0.4300,1.0100,-0.1600,-92.1600,-63.0500,22.3400,1.109324,113.876440,"0.43,1.01,-0.16,-92.16,-63.05,22.34"
2436,2026-07-27T13:56:03.903,97.508508,60.059400,0.3900,1.0100,-0.1500,-87.8900,-75.2600,12.8800,1.093023,116.424285,"0.39,1.01,-0.15,-87.89,-75.26,12.88"
2437,2026-07-27T13:56:03.903,97.508587,0.078600,0.3200,0.9800,-0.1100,-75.3200,-85.6900,5.1300,1.036774,114.202432,"0.32,0.98,-0.11,-75.32,-85.69,5.13"
2438,2026-07-27T13:56:03.964,97.570137,61.549900,0.3400,0.9400,-0.1000,-57.7400,-77.5800,-1.9500,1.004589,96.728313,"0.34,0.94,-0.10,-57.74,-77.58,-1.95"
2439,2026-07-27T13:56:04.023,97.628698,58.561000,0.3800,0.9600,-0.1200,-49.0700,-66.7700,-7.5100,1.039423,83.201550,"0.38,0.96,-0.12,-49.07,-66.77,-7.51"
2440,2026-07-27T13:56:04.024,97.629414,0.715900,0.3100,1.0800,-0.1300,-47.9100,-66.6500,-11.4100,1.131106,82.872062,"0.31,1.08,-0.13,-47.91,-66.65,-11.41"
2441,2026-07-27T13:56:04.083,97.688486,59.072200,0.2000,1.1300,-0.1000,-43.4600,-66.5900,-15.2000,1.151911,80.957024,"0.20,1.13,-0.10,-43.46,-66.59,-15.20"
2442,2026-07-27T13:56:04.143,97.748705,60.218500,0.1400,1.0200,-0.0200,-31.0700,-54.2000,-18.0100,1.029757,65.018036,"0.14,1.02,-0.02,-31.07,-54.20,-18.01"
2443,2026-07-27T13:56:04.144,97.749391,0.686900,0.0800,0.9300,0.1200,-20.5100,-38.9400,-17.0300,0.941116,47.191150,"0.08,0.93,0.12,-20.51,-38.94,-17.03"
2444,2026-07-27T13:56:04.203,97.808352,58.960800,0.0500,0.9800,0.2500,-20.2600,-28.8100,-14.6500,1.012620,38.145854,"0.05,0.98,0.25,-20.26,-28.81,-14.65"
2445,2026-07-27T13:56:04.263,97.868682,60.329800,0.1200,1.0500,0.2700,-28.0800,-20.5100,-15.8700,1.090780,38.223074,"0.12,1.05,0.27,-28.08,-20.51,-15.87"
2446,2026-07-27T13:56:04.264,97.869230,0.547600,0.2500,1.0300,0.1800,-37.9600,-20.2600,-18.5500,1.075081,46.856501,"0.25,1.03,0.18,-37.96,-20.26,-18.55"
2447,2026-07-27T13:56:04.324,97.929502,60.272700,0.3400,0.9700,0.1000,-40.8900,-34.6100,-17.4600,1.032715,56.344439,"0.34,0.97,0.10,-40.89,-34.61,-17.46"
2448,2026-07-27T13:56:04.383,97.988591,59.088300,0.3500,0.9200,0.0900,-34.7300,-60.0600,-11.8400,0.988433,70.381547,"0.35,0.92,0.09,-34.73,-60.06,-11.84"
2449,2026-07-27T13:56:04.384,97.989210,0.619200,0.2700,0.8800,0.1400,-29.3600,-85.0200,-4.8200,0.931075,90.075759,"0.27,0.88,0.14,-29.36,-85.02,-4.82"
2450,2026-07-27T13:56:04.443,98.048284,59.074300,0.1600,0.8700,0.1800,-32.4700,-97.7200,1.8300,0.902718,102.989554,"0.16,0.87,0.18,-32.47,-97.72,1.83"
2451,2026-07-27T13:56:04.503,98.108879,60.594600,0.0800,0.8800,0.1200,-40.1000,-95.6400,8.5400,0.891740,104.057442,"0.08,0.88,0.12,-40.10,-95.64,8.54"
2452,2026-07-27T13:56:04.504,98.109494,0.615100,0.1400,0.8900,0.0500,-43.6400,-86.1200,12.5700,0.902330,97.360715,"0.14,0.89,0.05,-43.64,-86.12,12.57"
2453,2026-07-27T13:56:04.563,98.168614,59.119900,0.2500,0.9200,0.0400,-40.8300,-77.8800,10.8000,0.954201,88.594714,"0.25,0.92,0.04,-40.83,-77.88,10.80"
2454,2026-07-27T13:56:04.623,98.229142,60.528000,0.2700,0.9700,0.0600,-35.7700,-75.3200,7.0200,1.008662,83.677211,"0.27,0.97,0.06,-35.77,-75.32,7.02"
2455,2026-07-27T13:56:04.624,98.229729,0.587200,0.2500,0.9900,0.0500,-30.0900,-77.3300,4.3900,1.022301,83.093978,"0.25,0.99,0.05,-30.09,-77.33,4.39"
2456,2026-07-27T13:56:04.683,98.288728,58.999300,0.2200,1.0200,0.0600,-18.1300,-74.8300,0.1200,1.045179,76.995066,"0.22,1.02,0.06,-18.13,-74.83,0.12"
2457,2026-07-27T13:56:04.743,98.348646,59.917900,0.0300,1.1500,0.1400,7.8100,-57.8600,-9.3400,1.158879,59.127078,"0.03,1.15,0.14,7.81,-57.86,-9.34"
2458,2026-07-27T13:56:04.743,98.348910,0.264300,-0.1300,1.2300,0.2500,32.6500,-36.3800,-30.8800,1.261864,57.819558,"-0.13,1.23,0.25,32.65,-36.38,-30.88"
2459,2026-07-27T13:56:04.803,98.408543,59.632900,0.1000,1.1600,0.1600,35.8900,-40.5300,-62.5000,1.175245,82.686293,"0.10,1.16,0.16,35.89,-40.53,-62.50"
2460,2026-07-27T13:56:04.922,98.527965,119.421800,0.4200,0.9800,0.0200,34.8500,-66.9600,-77.2100,1.066396,107.979388,"0.42,0.98,0.02,34.85,-66.96,-77.21"
2461,2026-07-27T13:56:04.924,98.529198,1.233300,0.3100,0.9200,0.1200,41.6900,-105.8300,-68.4800,0.978213,132.768804,"0.31,0.92,0.12,41.69,-105.83,-68.48"
2462,2026-07-27T13:56:04.925,98.530603,1.404100,0.0100,1.0500,0.2600,34.0000,-140.3800,-66.2200,1.081758,158.895037,"0.01,1.05,0.26,34.00,-140.38,-66.22"
2463,2026-07-27T13:56:04.983,98.588989,58.386000,-0.1300,1.1500,0.2600,15.6900,-97.5300,-72.2000,1.186170,122.356516,"-0.13,1.15,0.26,15.69,-97.53,-72.20"
2464,2026-07-27T13:56:04.984,98.589592,0.603600,-0.0400,1.1000,0.1600,15.9900,16.4200,-68.3600,1.112295,72.099834,"-0.04,1.10,0.16,15.99,16.42,-68.36"
2465,2026-07-27T13:56:05.044,98.649177,59.584900,0.1400,0.9900,0.0200,30.2100,98.1400,-59.9400,1.000050,118.898727,"0.14,0.99,0.02,30.21,98.14,-59.94"
2466,2026-07-27T13:56:05.104,98.709203,60.025500,0.2100,0.9200,-0.0700,38.5100,110.6600,-55.5400,0.946256,129.666292,"0.21,0.92,-0.07,38.51,110.66,-55.54"
2467,2026-07-27T13:56:05.104,98.709852,0.649600,0.2100,0.9000,-0.1100,42.0500,98.8200,-52.7300,0.930699,119.641330,"0.21,0.90,-0.11,42.05,98.82,-52.73"
2468,2026-07-27T13:56:05.163,98.768324,58.471800,0.2000,0.8700,-0.1100,40.8900,87.1000,-47.5500,0.899444,107.328489,"0.20,0.87,-0.11,40.89,87.10,-47.55"
2469,2026-07-27T13:56:05.224,98.829192,60.868200,0.2000,0.8200,-0.1000,30.9400,72.4500,-37.4100,0.849941,87.211205,"0.20,0.82,-0.10,30.94,72.45,-37.41"
2470,2026-07-27T13:56:05.224,98.829906,0.713900,0.2100,0.7300,-0.1100,13.8500,60.4900,-17.9400,0.767529,64.596488,"0.21,0.73,-0.11,13.85,60.49,-17.94"
2471,2026-07-27T13:56:05.283,98.889049,59.143200,0.1700,0.7100,-0.1700,-8.3000,53.6500,13.0600,0.749600,55.837050,"0.17,0.71,-0.17,-8.30,53.65,13.06"
2472,2026-07-27T13:56:05.403,99.008416,119.366800,0.0700,0.8400,-0.2700,-28.8700,54.9900,50.4200,0.885099,79.997209,"0.07,0.84,-0.27,-28.87,54.99,50.42"
2473,2026-07-27T13:56:05.403,99.008950,0.533800,-0.1600,1.1300,-0.3600,-36.9300,64.5800,74.0400,1.196704,104.958672,"-0.16,1.13,-0.36,-36.93,64.58,74.04"
2474,2026-07-27T13:56:05.404,99.009297,0.347200,-0.4100,1.3800,-0.2900,-36.8000,48.3400,50.4800,1.468537,78.988771,"-0.41,1.38,-0.29,-36.80,48.34,50.48"
2475,2026-07-27T13:56:05.463,99.068366,59.069000,-0.2800,1.4700,-0.2600,-34.7900,2.2600,2.3200,1.518848,34.940436,"-0.28,1.47,-0.26,-34.79,2.26,2.32"
2476,2026-07-27T13:56:05.463,99.068826,0.460300,0.1500,1.1700,-0.1600,-18.3700,-13.4300,-12.4500,1.190378,25.938857,"0.15,1.17,-0.16,-18.37,-13.43,-12.45"
2477,2026-07-27T13:56:05.523,99.128744,59.917600,0.4300,0.7600,0.1400,5.8600,41.8700,11.0500,0.884364,43.698272,"0.43,0.76,0.14,5.86,41.87,11.05"
2478,2026-07-27T13:56:05.584,99.189482,60.738500,0.1700,0.8200,0.1000,-3.3000,98.9400,44.4900,0.843386,108.532823,"0.17,0.82,0.10,-3.30,98.94,44.49"
2479,2026-07-27T13:56:05.584,99.189926,0.443500,-0.2300,1.1100,0.0700,-28.0200,98.4500,63.1700,1.135738,120.282882,"-0.23,1.11,0.07,-28.02,98.45,63.17"
2480,2026-07-27T13:56:05.643,99.248400,58.473600,0.3700,0.9300,0.2100,-36.7400,58.5900,42.1800,1.022693,81.004741,"0.37,0.93,0.21,-36.74,58.59,42.18"
2481,2026-07-27T13:56:05.703,99.308363,59.963800,1.0200,0.7200,0.2300,-40.4100,12.1500,-1.7100,1.269527,42.231679,"1.02,0.72,0.23,-40.41,12.15,-1.71"
2482,2026-07-27T13:56:05.703,99.308936,0.572500,0.5100,0.9600,0.1900,-27.1000,-11.9600,-18.3100,1.103540,34.823953,"0.51,0.96,0.19,-27.10,-11.96,-18.31"
2483,2026-07-27T13:56:05.763,99.368456,59.520100,-0.0900,1.1000,0.1300,-2.0100,-16.3600,1.2200,1.111306,16.528100,"-0.09,1.10,0.13,-2.01,-16.36,1.22"
2484,2026-07-27T13:56:05.823,99.428858,60.401600,-0.1000,1.0200,0.0900,4.0900,-8.0000,23.9300,1.028834,25.561162,"-0.10,1.02,0.09,4.09,-8.00,23.93"
2485,2026-07-27T13:56:05.824,99.429657,0.799500,0.2000,0.8800,0.0800,-6.3500,4.9400,27.5300,0.905980,28.681475,"0.20,0.88,0.08,-6.35,4.94,27.53"
2486,2026-07-27T13:56:05.883,99.488531,58.874400,0.3700,0.8000,0.1400,-9.2200,17.0300,23.0700,0.892468,30.120661,"0.37,0.80,0.14,-9.22,17.03,23.07"
2487,2026-07-27T13:56:05.944,99.549492,60.960200,0.3200,0.8400,0.1800,-10.9300,13.3700,21.7300,0.916733,27.756345,"0.32,0.84,0.18,-10.93,13.37,21.73"
2488,2026-07-27T13:56:05.944,99.550090,0.598000,0.2400,0.9500,0.1500,-19.7800,-0.9200,24.6000,0.991262,31.579341,"0.24,0.95,0.15,-19.78,-0.92,24.60"
2489,2026-07-27T13:56:06.003,99.608472,58.381900,0.2200,1.0500,0.1000,-18.3100,-8.7300,26.1200,1.077451,33.071489,"0.22,1.05,0.10,-18.31,-8.73,26.12"
2490,2026-07-27T13:56:06.063,99.668451,59.978900,0.2000,1.0800,0.0900,-3.0500,0.3700,20.0800,1.102044,20.313685,"0.20,1.08,0.09,-3.05,0.37,20.08"
2491,2026-07-27T13:56:06.063,99.668609,0.158500,0.1700,1.0500,0.1000,5.7400,0.7300,10.0700,1.068363,11.614017,"0.17,1.05,0.10,5.74,0.73,10.07"
2492,2026-07-27T13:56:06.184,99.789473,120.864500,0.0900,1.0000,0.0800,4.3300,-12.7000,3.4200,1.007224,13.846852,"0.09,1.00,0.08,4.33,-12.70,3.42"
2493,2026-07-27T13:56:06.184,99.790017,0.543900,0.0100,0.9800,0.0400,5.7400,-23.6200,6.0400,0.980867,25.046629,"0.01,0.98,0.04,5.74,-23.62,6.04"
2494,2026-07-27T13:56:06.185,99.790694,0.677100,-0.0400,1.0000,0.0700,19.5300,-28.9300,7.9300,1.003245,35.794562,"-0.04,1.00,0.07,19.53,-28.93,7.93"
2495,2026-07-27T13:56:06.303,99.908840,118.145400,-0.1100,1.0500,0.1000,48.6500,-7.1400,-7.0800,1.060472,49.678250,"-0.11,1.05,0.10,48.65,-7.14,-7.08"
2496,2026-07-27T13:56:06.307,99.913064,4.224500,0.0200,1.1200,-0.1500,90.8800,60.0000,-43.8800,1.130177,117.407959,"0.02,1.12,-0.15,90.88,60.00,-43.88"
2497,2026-07-27T13:56:06.308,99.913920,0.855600,0.6800,1.0100,0.1000,124.3300,106.9300,-79.7700,1.221679,182.360157,"0.68,1.01,0.10,124.33,106.93,-79.77"
2498,2026-07-27T13:56:06.363,99.968802,54.882000,0.6100,1.0400,0.4600,78.1200,30.3300,-71.6600,1.290465,110.262409,"0.61,1.04,0.46,78.12,30.33,-71.66"
2499,2026-07-27T13:56:06.482,100.088105,119.302900,-0.4500,1.3300,0.3200,-28.1400,-112.2400,-42.0500,1.440069,123.117341,"-0.45,1.33,0.32,-28.14,-112.24,-42.05"
2500,2026-07-27T13:56:06.483,100.088648,0.543000,-0.4700,1.3300,0.1000,-61.5200,-130.8000,-47.9700,1.414143,152.297312,"-0.47,1.33,0.10,-61.52,-130.80,-47.97"
2501,2026-07-27T13:56:06.483,100.089044,0.395800,0.2600,1.0800,0.1300,-33.5100,-5.2500,-72.6300,1.118436,80.159837,"0.26,1.08,0.13,-33.51,-5.25,-72.63"
2502,2026-07-27T13:56:06.543,100.149059,60.015600,0.5400,0.9100,0.1100,-23.2500,110.2300,-81.5400,1.063861,139.068282,"0.54,0.91,0.11,-23.25,110.23,-81.54"
2503,2026-07-27T13:56:06.544,100.149676,0.616700,0.4800,0.8200,0.0700,-13.8500,162.7800,-68.4800,0.952733,177.140231,"0.48,0.82,0.07,-13.85,162.78,-68.48"
2504,2026-07-27T13:56:06.603,100.208622,58.946100,0.4700,0.7700,-0.0100,5.0700,182.2500,-38.8800,0.902164,186.420014,"0.47,0.77,-0.01,5.07,182.25,-38.88"
2505,2026-07-27T13:56:06.664,100.269258,60.636400,0.4200,0.7700,-0.2100,13.8500,168.8200,-5.0000,0.901887,169.460954,"0.42,0.77,-0.21,13.85,168.82,-5.00"
2506,2026-07-27T13:56:06.664,100.269807,0.548100,0.2300,0.8200,-0.3500,14.9500,131.8400,20.3200,0.920761,134.231854,"0.23,0.82,-0.35,14.95,131.84,20.32"
2507,2026-07-27T13:56:06.723,100.328301,58.494000,0.1100,0.8700,-0.2800,14.1000,81.8500,27.9500,0.920543,87.632386,"0.11,0.87,-0.28,14.10,81.85,27.95"
2508,2026-07-27T13:56:06.843,100.448501,120.200800,-0.0300,0.9000,-0.0200,-3.9100,16.3600,19.6500,0.900722,25.866198,"-0.03,0.90,-0.02,-3.91,16.36,19.65"
2509,2026-07-27T13:56:06.903,100.508210,59.709000,-0.3200,1.0300,0.1500,-34.7900,-40.4100,9.1600,1.088944,54.103769,"-0.32,1.03,0.15,-34.79,-40.41,9.16"
2510,2026-07-27T13:56:06.903,100.508486,0.276100,-0.4200,1.1700,0.1300,-41.5000,-27.8300,7.6300,1.249880,50.546768,"-0.42,1.17,0.13,-41.50,-27.83,7.63"
2511,2026-07-27T13:56:06.903,100.508974,0.487800,-0.0600,1.3000,-0.0800,-14.5300,50.0500,24.2300,1.303840,57.473614,"-0.06,1.30,-0.08,-14.53,50.05,24.23"
2512,2026-07-27T13:56:06.904,100.509606,0.631400,0.1900,1.3600,-0.2100,19.4700,116.8800,46.4500,1.389172,127.269862,"0.19,1.36,-0.21,19.47,116.88,46.45"
2513,2026-07-27T13:56:06.967,100.572728,63.122600,0.2000,1.0500,-0.0000,30.9400,130.5500,43.4600,1.068878,141.029634,"0.20,1.05,-0.00,30.94,130.55,43.46"
2514,2026-07-27T13:56:07.025,100.630357,57.628300,0.3600,0.7400,0.0300,1.4000,105.9000,27.4000,0.823468,109.396207,"0.36,0.74,0.03,1.40,105.90,27.40"
2515,2026-07-27T13:56:07.025,100.631044,0.687700,0.3800,0.7900,-0.0200,-30.8800,67.5000,26.0000,0.876869,78.650012,"0.38,0.79,-0.02,-30.88,67.50,26.00"
2516,2026-07-27T13:56:07.083,100.688675,57.630600,0.2800,0.8900,0.2100,-20.0200,62.3200,36.0100,0.956347,74.708118,"0.28,0.89,0.21,-20.02,62.32,36.01"
2517,2026-07-27T13:56:07.143,100.748380,59.704800,0.2300,0.9500,0.4300,2.0800,93.2000,41.4400,1.067848,102.018822,"0.23,0.95,0.43,2.08,93.20,41.44"
2518,2026-07-27T13:56:07.143,100.748728,0.348700,0.2300,0.9800,0.3500,-8.6700,79.1000,31.0700,1.065739,85.424375,"0.23,0.98,0.35,-8.67,79.10,31.07"
2519,2026-07-27T13:56:07.203,100.808522,59.793200,0.2900,0.9400,0.1400,-34.7300,16.4200,11.1100,0.993630,39.990266,"0.29,0.94,0.14,-34.73,16.42,11.11"
2520,2026-07-27T13:56:07.263,100.868580,60.058600,0.3700,0.8800,0.0700,-37.3500,-18.0700,0.3100,0.957183,41.492692,"0.37,0.88,0.07,-37.35,-18.07,0.31"
2521,2026-07-27T13:56:07.263,100.868839,0.258800,0.4200,0.8600,0.0900,-25.5100,-21.7300,0.9800,0.961301,33.524818,"0.42,0.86,0.09,-25.51,-21.73,0.98"
2522,2026-07-27T13:56:07.324,100.929305,60.466100,0.4300,0.8500,0.1300,-22.3400,-28.5000,3.4200,0.961405,36.373369,"0.43,0.85,0.13,-22.34,-28.50,3.42"
2523,2026-07-27T13:56:07.383,100.988862,59.557200,0.3700,0.8900,0.1900,-26.6700,-33.2000,7.9300,0.982395,43.317592,"0.37,0.89,0.19,-26.67,-33.20,7.93"
2524,2026-07-27T13:56:07.384,100.989398,0.535800,0.2700,0.9600,0.2300,-31.2500,-35.8300,17.8200,1.023426,50.773062,"0.27,0.96,0.23,-31.25,-35.83,17.82"
2525,2026-07-27T13:56:07.443,101.048366,58.968000,0.2300,0.9900,0.2500,-31.4900,-30.7600,27.2200,1.046661,51.756411,"0.23,0.99,0.25,-31.49,-30.76,27.22"
2526,2026-07-27T13:56:07.506,101.111926,63.560000,0.2700,0.9800,0.1500,-27.6500,-22.6400,26.2500,1.027521,44.341342,"0.27,0.98,0.15,-27.65,-22.64,26.25"
2527,2026-07-27T13:56:07.507,101.112660,0.733500,0.2800,0.9600,0.1000,-11.2900,-7.3200,16.9100,1.004988,21.610058,"0.28,0.96,0.10,-11.29,-7.32,16.91"
2528,2026-07-27T13:56:07.564,101.169268,56.608400,0.2400,0.9400,0.1600,3.3000,-4.3300,6.4700,0.983260,8.455755,"0.24,0.94,0.16,3.30,-4.33,6.47"
2529,2026-07-27T13:56:07.623,101.228560,59.292400,0.1800,0.9300,0.2100,-8.0600,-45.7800,-0.6700,0.970258,46.488933,"0.18,0.93,0.21,-8.06,-45.78,-0.67"
2530,2026-07-27T13:56:07.623,101.229014,0.454100,0.1600,0.9600,0.2000,-27.5900,-84.8400,0.9200,0.993579,89.218160,"0.16,0.96,0.20,-27.59,-84.84,0.92"
2531,2026-07-27T13:56:07.683,101.289164,60.149900,0.1700,0.9900,0.1700,-30.7600,-89.7800,9.2200,1.018774,95.350062,"0.17,0.99,0.17,-30.76,-89.78,9.22"
2532,2026-07-27T13:56:07.743,101.348611,59.446400,0.1500,1.0600,0.1500,-14.2800,-68.3600,16.1100,1.081018,71.669660,"0.15,1.06,0.15,-14.28,-68.36,16.11"
2533,2026-07-27T13:56:07.743,101.348891,0.280400,0.0600,1.1300,0.0300,15.3800,-24.2900,14.1600,1.131989,32.047685,"0.06,1.13,0.03,15.38,-24.29,14.16"
2534,2026-07-27T13:56:07.803,101.408847,59.955900,-0.0900,1.1600,-0.1500,53.4700,16.8500,-3.6600,1.173116,56.181483,"-0.09,1.16,-0.15,53.47,16.85,-3.66"
2535,2026-07-27T13:56:07.863,101.468695,59.847700,0.0100,1.1700,-0.1800,105.4100,40.8900,-37.2300,1.183807,119.035008,"0.01,1.17,-0.18,105.41,40.89,-37.23"
2536,2026-07-27T13:56:07.864,101.469231,0.536100,0.3600,1.1200,0.0600,164.8600,52.9200,-70.0100,1.177964,186.763878,"0.36,1.12,0.06,164.86,52.92,-70.01"
2537,2026-07-27T13:56:07.923,101.528865,59.634400,0.4300,1.0700,0.3300,167.9700,20.9400,-90.2100,1.199458,191.807843,"0.43,1.07,0.33,167.97,20.94,-90.21"
2538,2026-07-27T13:56:07.983,101.588972,60.106600,0.1700,1.0700,0.3400,84.9600,-49.1900,-107.0600,1.135518,145.257362,"0.17,1.07,0.34,84.96,-49.19,-107.06"
2539,2026-07-27T13:56:07.984,101.589663,0.691300,-0.0300,1.0800,0.1900,-10.3800,-68.5400,-114.7500,1.096996,134.063561,"-0.03,1.08,0.19,-10.38,-68.54,-114.75"
2540,2026-07-27T13:56:08.043,101.648376,58.712700,0.0200,1.0200,0.0800,-51.3300,-0.9800,-104.5500,1.023328,116.475027,"0.02,1.02,0.08,-51.33,-0.98,-104.55"
2541,2026-07-27T13:56:08.103,101.708916,60.540500,0.2000,0.9000,0.0300,-41.2600,92.1600,-85.4500,0.922442,132.278327,"0.20,0.90,0.03,-41.26,92.16,-85.45"
2542,2026-07-27T13:56:08.104,101.709765,0.848600,0.3700,0.7600,-0.0000,-15.6900,159.3000,-59.3900,0.845281,170.733237,"0.37,0.76,-0.00,-15.69,159.30,-59.39"
2543,2026-07-27T13:56:08.163,101.768370,58.605300,0.4400,0.6700,-0.0600,-2.3200,188.4800,-22.7100,0.803803,189.857412,"0.44,0.67,-0.06,-2.32,188.48,-22.71"
2544,2026-07-27T13:56:08.223,101.828369,59.998700,0.3200,0.7700,-0.2200,-15.0800,179.9300,20.3900,0.862380,181.708457,"0.32,0.77,-0.22,-15.08,179.93,20.39"
2545,2026-07-27T13:56:08.224,101.829248,0.878600,0.1400,1.0300,-0.3900,-32.5900,160.5800,55.2400,1.110225,172.914725,"0.14,1.03,-0.39,-32.59,160.58,55.24"
2546,2026-07-27T13:56:08.282,101.888084,58.836700,0.0000,1.2200,-0.4000,-23.3200,151.4300,64.7600,1.283900,166.339186,"0.00,1.22,-0.40,-23.32,151.43,64.76"
2547,2026-07-27T13:56:08.343,101.948937,60.852300,-0.0000,1.2600,-0.1900,-7.0800,113.9500,40.2800,1.274245,121.066954,"-0.00,1.26,-0.19,-7.08,113.95,40.28"
2548,2026-07-27T13:56:08.344,101.949488,0.551300,0.0700,1.1700,-0.0800,-8.4800,30.7000,12.4500,1.174819,34.196533,"0.07,1.17,-0.08,-8.48,30.70,12.45"
2549,2026-07-27T13:56:08.403,102.008665,59.177400,0.0700,1.0000,-0.0800,-5.8600,-17.3300,12.6300,1.005634,22.230281,"0.07,1.00,-0.08,-5.86,-17.33,12.63"
2550,2026-07-27T13:56:08.463,102.068443,59.777800,0.1100,0.8500,0.2000,13.3100,43.4000,26.0600,0.880114,52.343478,"0.11,0.85,0.20,13.31,43.40,26.06"
2551,2026-07-27T13:56:08.463,102.069132,0.688500,0.2400,0.8500,0.4200,12.1500,148.3200,35.5800,0.978008,153.011050,"0.24,0.85,0.42,12.15,148.32,35.58"
2552,2026-07-27T13:56:08.523,102.128606,59.474700,0.3700,0.9200,0.2100,-21.6700,168.0300,35.1600,1.013607,173.031487,"0.37,0.92,0.21,-21.67,168.03,35.16"
2553,2026-07-27T13:56:08.583,102.188665,60.058800,0.3800,0.9700,-0.0500,-36.0100,121.9500,26.9200,1.042977,129.973878,"0.38,0.97,-0.05,-36.01,121.95,26.92"
2554,2026-07-27T13:56:08.584,102.189293,0.628100,0.2300,1.0100,0.0000,-5.9200,102.7200,17.2700,1.035857,104.329755,"0.23,1.01,0.00,-5.92,102.72,17.27"
2555,2026-07-27T13:56:08.643,102.248740,59.446500,0.1300,1.0000,0.2300,29.9100,103.0900,7.2000,1.034311,107.582509,"0.13,1.00,0.23,29.91,103.09,7.20"
2556,2026-07-27T13:56:08.703,102.308733,59.993800,0.2200,0.9600,0.3300,36.5000,94.7900,-1.1600,1.038701,101.581198,"0.22,0.96,0.33,36.50,94.79,-1.16"
2557,2026-07-27T13:56:08.703,102.309055,0.321500,0.3200,0.9300,0.2400,20.9400,81.2400,-3.7200,1.012373,83.977733,"0.32,0.93,0.24,20.94,81.24,-3.72"
2558,2026-07-27T13:56:08.823,102.428388,119.332900,0.3100,0.9300,0.1500,5.5500,67.3800,0.5500,0.991716,67.610424,"0.31,0.93,0.15,5.55,67.38,0.55"
2559,2026-07-27T13:56:08.824,102.429208,0.820400,0.2800,0.9500,0.0700,2.9900,56.6400,6.7700,0.992875,57.121472,"0.28,0.95,0.07,2.99,56.64,6.77"
2560,2026-07-27T13:56:08.824,102.429814,0.605800,0.3200,0.9500,0.0100,9.4600,51.8200,8.0600,1.002497,53.289470,"0.32,0.95,0.01,9.46,51.82,8.06"
2561,2026-07-27T13:56:08.883,102.488310,58.496000,0.3600,0.9400,0.0100,5.1900,14.6500,0.4900,1.006628,15.549878,"0.36,0.94,0.01,5.19,14.65,0.49"
2562,2026-07-27T13:56:08.943,102.548624,60.314300,0.3200,0.9500,0.0400,2.5000,10.0100,-0.1800,1.003245,10.319036,"0.32,0.95,0.04,2.50,10.01,-0.18"
2563,2026-07-27T13:56:08.943,102.549052,0.427400,0.2300,0.9700,0.0400,9.3400,27.2200,1.8300,0.997697,28.835965,"0.23,0.97,0.04,9.34,27.22,1.83"
2564,2026-07-27T13:56:09.003,102.608537,59.485300,0.1900,1.0000,0.0300,18.1300,38.0200,2.8100,1.018332,42.215085,"0.19,1.00,0.03,18.13,38.02,2.81"
2565,2026-07-27T13:56:09.064,102.669221,60.684000,0.2300,1.0000,0.0800,23.5000,40.8900,2.3800,1.029223,47.221886,"0.23,1.00,0.08,23.50,40.89,2.38"
2566,2026-07-27T13:56:09.064,102.669429,0.208000,0.2400,0.9800,0.1300,26.7300,41.6300,1.3400,1.017300,49.490862,"0.24,0.98,0.13,26.73,41.63,1.34"
2567,2026-07-27T13:56:09.123,102.728177,58.747700,0.2500,0.9700,0.1100,26.5500,29.1700,-0.6700,1.007720,39.449212,"0.25,0.97,0.11,26.55,29.17,-0.67"
2568,2026-07-27T13:56:09.183,102.788850,60.673300,0.2900,0.9600,0.0800,23.6200,0.2400,-2.2000,1.006032,23.723448,"0.29,0.96,0.08,23.62,0.24,-2.20"
2569,2026-07-27T13:56:09.184,102.789390,0.540200,0.2800,0.9600,0.0900,24.2300,-24.7800,-2.2000,1.004042,34.727241,"0.28,0.96,0.09,24.23,-24.78,-2.20"
2570,2026-07-27T13:56:09.243,102.848754,59.363700,0.2000,0.9700,0.1200,32.2900,-28.2000,-0.9800,0.997647,42.881750,"0.20,0.97,0.12,32.29,-28.20,-0.98"
2571,2026-07-27T13:56:09.363,102.968873,120.118800,0.1000,1.0100,0.1000,47.1800,-12.3900,-0.2400,1.019853,48.780345,"0.10,1.01,0.10,47.18,-12.39,-0.24"
2572,2026-07-27T13:56:09.364,102.969337,0.464600,0.1000,1.0000,0.0200,63.0500,7.6900,-1.1600,1.005187,63.527822,"0.10,1.00,0.02,63.05,7.69,-1.16"
2573,2026-07-27T13:56:09.364,102.969584,0.246700,0.0600,1.0100,-0.0700,73.7900,23.7400,-2.5000,1.014199,77.555153,"0.06,1.01,-0.07,73.79,23.74,-2.50"
2574,2026-07-27T13:56:09.423,103.028632,59.047900,0.1100,1.0700,-0.1800,79.5900,36.6800,-7.6300,1.090596,87.967081,"0.11,1.07,-0.18,79.59,36.68,-7.63"
2575,2026-07-27T13:56:09.423,103.029107,0.475100,0.2300,1.0800,-0.3600,78.1900,47.3600,-15.6900,1.161422,92.751398,"0.23,1.08,-0.36,78.19,47.36,-15.69"
2576,2026-07-27T13:56:09.487,103.092268,63.161100,0.2500,0.9500,-0.5100,64.0300,63.1100,-16.0500,1.106842,91.325328,"0.25,0.95,-0.51,64.03,63.11,-16.05"
2577,2026-07-27T13:56:09.543,103.148698,56.429300,0.1600,0.8100,-0.4800,44.0100,83.2500,-9.2800,0.955039,94.623258,"0.16,0.81,-0.48,44.01,83.25,-9.28"
2578,2026-07-27T13:56:09.543,103.148818,0.120500,0.0800,0.7800,-0.3700,30.2100,99.3000,-8.6700,0.867006,104.155187,"0.08,0.78,-0.37,30.21,99.30,-8.67"
2579,2026-07-27T13:56:09.603,103.208828,60.009800,0.0500,0.8400,-0.2500,17.8800,106.9300,-20.0800,0.877838,110.258450,"0.05,0.84,-0.25,17.88,106.93,-20.08"
2580,2026-07-27T13:56:09.663,103.269112,60.284500,0.0900,0.9100,-0.1600,-1.5300,94.7900,-37.2300,0.928332,101.850665,"0.09,0.91,-0.16,-1.53,94.79,-37.23"
2581,2026-07-27T13:56:09.664,103.269711,0.598700,0.1800,0.9800,-0.1000,-22.3400,62.7400,-50.4800,1.001399,83.568018,"0.18,0.98,-0.10,-22.34,62.74,-50.48"
2582,2026-07-27T13:56:09.782,103.387687,117.976100,0.2600,1.0100,-0.0800,-36.9900,45.1000,-55.9700,1.045992,80.838796,"0.26,1.01,-0.08,-36.99,45.10,-55.97"
2583,2026-07-27T13:56:09.786,103.391936,4.248700,0.2100,1.0000,-0.0700,-41.5600,65.4300,-56.4600,1.024207,95.896038,"0.21,1.00,-0.07,-41.56,65.43,-56.46"
2584,2026-07-27T13:56:09.787,103.392208,0.272600,0.1000,1.0300,-0.0300,-40.7700,102.4200,-58.5300,1.035278,124.811098,"0.10,1.03,-0.03,-40.77,102.42,-58.53"
2585,2026-07-27T13:56:09.843,103.448743,56.534800,0.1400,1.0400,0.0300,-36.0100,136.1700,-65.3700,1.049810,155.281119,"0.14,1.04,0.03,-36.01,136.17,-65.37"
2586,2026-07-27T13:56:09.903,103.508883,60.139400,0.2600,1.0100,0.0600,-23.1900,161.9300,-71.1100,1.044653,178.369653,"0.26,1.01,0.06,-23.19,161.93,-71.11"
2587,2026-07-27T13:56:09.904,103.509248,0.365000,0.2800,0.9600,0.0100,-9.4000,171.9400,-69.4600,1.000050,185.678257,"0.28,0.96,0.01,-9.40,171.94,-69.46"
2588,2026-07-27T13:56:09.963,103.568483,59.235600,0.2400,0.9200,-0.0400,-0.7900,167.1100,-60.4900,0.951630,177.722864,"0.24,0.92,-0.04,-0.79,167.11,-60.49"
2589,2026-07-27T13:56:10.023,103.628735,60.251500,0.2200,0.9000,-0.0700,4.7000,155.7600,-47.1800,0.929139,162.816523,"0.22,0.90,-0.07,4.70,155.76,-47.18"
2590,2026-07-27T13:56:10.023,103.629066,0.331700,0.2000,0.9000,-0.1200,8.1800,138.8500,-33.0800,0.929731,142.970351,"0.20,0.90,-0.12,8.18,138.85,-33.08"
2591,2026-07-27T13:56:10.085,103.690979,61.912800,0.1500,0.9300,-0.1700,5.1300,113.2200,-21.9100,0.957236,115.434542,"0.15,0.93,-0.17,5.13,113.22,-21.91"
2592,2026-07-27T13:56:10.143,103.748482,57.503000,0.0700,0.9800,-0.2000,-5.3100,83.9800,-13.1800,1.002646,85.173640,"0.07,0.98,-0.20,-5.31,83.98,-13.18"
2593,2026-07-27T13:56:10.143,103.748938,0.455700,-0.0100,1.0300,-0.2000,-12.2700,65.8600,-2.9900,1.049285,67.059918,"-0.01,1.03,-0.20,-12.27,65.86,-2.99"
2594,2026-07-27T13:56:10.203,103.808521,59.583000,-0.0000,1.0300,-0.1400,-10.0700,63.0500,9.0900,1.039471,64.492910,"-0.00,1.03,-0.14,-10.07,63.05,9.09"
2595,2026-07-27T13:56:10.263,103.868585,60.064400,0.1300,1.0300,-0.1100,-9.7700,64.4500,23.6200,1.043983,69.333684,"0.13,1.03,-0.11,-9.77,64.45,23.62"
2596,2026-07-27T13:56:10.263,103.868992,0.406800,0.1500,1.0900,-0.2200,-14.2200,67.6900,37.0500,1.122052,78.465578,"0.15,1.09,-0.22,-14.22,67.69,37.05"
2597,2026-07-27T13:56:10.323,103.928656,59.663600,0.0100,1.1300,-0.3100,-15.6900,59.8800,35.6400,1.171793,71.428286,"0.01,1.13,-0.31,-15.69,59.88,35.64"
2598,2026-07-27T13:56:10.383,103.988820,60.164700,-0.0100,1.0800,-0.1900,-17.2100,25.5700,22.6400,1.096631,38.243674,"-0.01,1.08,-0.19,-17.21,25.57,22.64"
2599,2026-07-27T13:56:10.384,103.989327,0.506600,0.0600,1.0100,-0.0100,-20.3200,1.1600,20.5100,1.011830,28.894776,"0.06,1.01,-0.01,-20.32,1.16,20.51"
2600,2026-07-27T13:56:10.443,104.048352,59.025400,0.1300,0.9200,0.1100,-18.5500,19.5300,31.7400,0.935628,41.628728,"0.13,0.92,0.11,-18.55,19.53,31.74"
2601,2026-07-27T13:56:10.504,104.110033,61.680900,0.2600,0.8500,0.2000,-21.9100,51.4500,41.6900,0.911098,69.751034,"0.26,0.85,0.20,-21.91,51.45,41.69"
2602,2026-07-27T13:56:10.506,104.111228,1.194500,0.3700,0.8800,0.2000,-38.3900,54.6300,42.2400,0.975346,79.009155,"0.37,0.88,0.20,-38.39,54.63,42.24"
2603,2026-07-27T13:56:10.623,104.228375,117.147300,0.3700,0.9700,0.1600,-50.8400,28.2600,35.3400,1.050428,68.060626,"0.37,0.97,0.16,-50.84,28.26,35.34"
2604,2026-07-27T13:56:10.623,104.229034,0.658700,0.3200,0.9900,0.1800,-47.4200,2.6200,26.8600,1.055888,54.561712,"0.32,0.99,0.18,-47.42,2.62,26.86"
2605,2026-07-27T13:56:10.624,104.229638,0.603900,0.2800,0.9600,0.1900,-35.0300,-5.4900,19.9600,1.017890,40.689588,"0.28,0.96,0.19,-35.03,-5.49,19.96"
2606,2026-07-27T13:56:10.683,104.288764,59.126500,0.2600,0.9100,0.1800,-21.3600,2.8100,15.7500,0.963379,26.687229,"0.26,0.91,0.18,-21.36,2.81,15.75"
2607,2026-07-27T13:56:10.743,104.348958,60.194000,0.2800,0.8800,0.2000,-12.6300,12.6300,13.7900,0.944881,22.565414,"0.28,0.88,0.20,-12.63,12.63,13.79"
2608,2026-07-27T13:56:10.744,104.349514,0.555700,0.3300,0.8700,0.2200,-13.6100,0.6700,11.6600,0.956138,17.934230,"0.33,0.87,0.22,-13.61,0.67,11.66"
2609,2026-07-27T13:56:10.803,104.408400,58.886600,0.3400,0.9000,0.2200,-22.4000,-31.9800,8.8500,0.986914,40.035021,"0.34,0.90,0.22,-22.40,-31.98,8.85"
2610,2026-07-27T13:56:10.863,104.468945,60.544900,0.3500,0.9200,0.2000,-30.8800,-56.5200,7.6300,1.004440,64.856007,"0.35,0.92,0.20,-30.88,-56.52,7.63"
2611,2026-07-27T13:56:10.864,104.469561,0.615800,0.3600,0.9200,0.2100,-31.9200,-60.7900,9.0300,1.010000,69.252086,"0.36,0.92,0.21,-31.92,-60.79,9.03"
2612,2026-07-27T13:56:10.924,104.529215,59.654300,0.3300,0.9200,0.2500,-26.4900,-61.5800,10.6800,1.008861,67.881359,"0.33,0.92,0.25,-26.49,-61.58,10.68"
2613,2026-07-27T13:56:10.985,104.590423,61.207600,0.3100,0.9200,0.2900,-22.6400,-74.3400,9.1600,1.013213,78.249031,"0.31,0.92,0.29,-22.64,-74.34,9.16"
2614,2026-07-27T13:56:10.985,104.590613,0.190200,0.2500,0.9300,0.3200,-23.8600,-99.9100,3.3000,1.014791,102.772553,"0.25,0.93,0.32,-23.86,-99.91,3.30"
2615,2026-07-27T13:56:11.043,104.648624,58.010700,0.1400,0.9700,0.2600,-25.8800,-126.0400,-2.8100,1.013953,128.700241,"0.14,0.97,0.26,-25.88,-126.04,-2.81"
2616,2026-07-27T13:56:11.103,104.708266,59.641800,0.0500,1.0400,0.1800,-19.7800,-124.0800,-2.4400,1.056646,125.670396,"0.05,1.04,0.18,-19.78,-124.08,-2.44"
2617,2026-07-27T13:56:11.103,104.708763,0.497000,0.0200,1.0900,0.1100,-3.6600,-92.2200,0.7900,1.095719,92.295981,"0.02,1.09,0.11,-3.66,-92.22,0.79"
2618,2026-07-27T13:56:11.163,104.768647,59.884600,0.0200,1.1000,0.0100,15.0100,-65.3700,-3.4200,1.100227,67.158271,"0.02,1.10,0.01,15.01,-65.37,-3.42"
2619,2026-07-27T13:56:11.223,104.828546,59.899100,0.0100,1.0800,-0.1000,41.0800,-43.8200,-18.3100,1.084666,62.793430,"0.01,1.08,-0.10,41.08,-43.82,-18.31"
2620,2026-07-27T13:56:11.223,104.829124,0.577200,0.1000,1.0400,-0.1800,85.4500,0.2400,-40.6500,1.060189,94.626543,"0.10,1.04,-0.18,85.45,0.24,-40.65"
2621,2026-07-27T13:56:11.283,104.888658,59.534800,0.3600,1.0500,-0.1100,127.3200,33.1400,-65.7300,1.115437,147.068266,"0.36,1.05,-0.11,127.32,33.14,-65.73"
2622,2026-07-27T13:56:11.343,104.948670,60.011900,0.4600,1.0600,0.0100,124.4500,-4.7600,-79.7700,1.155552,147.897644,"0.46,1.06,0.01,124.45,-4.76,-79.77"
2623,2026-07-27T13:56:11.403,105.008216,59.545200,0.2400,1.0500,0.0300,75.6200,-56.8800,-75.2000,1.077497,120.866698,"0.24,1.05,0.03,75.62,-56.88,-75.20"
2624,2026-07-27T13:56:11.403,105.008624,0.408900,0.0500,1.0400,0.0100,26.4300,-37.9000,-64.2700,1.041249,79.155466,"0.05,1.04,0.01,26.43,-37.90,-64.27"
2625,2026-07-27T13:56:11.522,105.128087,119.462800,0.1000,0.9900,0.0200,-2.3200,20.2600,-58.9600,0.995239,62.386951,"0.10,0.99,0.02,-2.32,20.26,-58.96"
2626,2026-07-27T13:56:11.523,105.128624,0.536200,0.2400,0.9000,-0.0200,-17.6400,63.2900,-59.3300,0.931665,88.525943,"0.24,0.90,-0.02,-17.64,63.29,-59.33"
2627,2026-07-27T13:56:11.524,105.129195,0.571800,0.2900,0.8200,-0.0700,-15.4400,92.2200,-59.0200,0.872582,110.572521,"0.29,0.82,-0.07,-15.44,92.22,-59.02"
2628,2026-07-27T13:56:11.583,105.188787,59.592200,0.1900,0.7900,-0.0800,-5.8000,107.3600,-52.8600,0.816456,119.808135,"0.19,0.79,-0.08,-5.80,107.36,-52.86"
2629,2026-07-27T13:56:11.584,105.189874,1.086900,0.0800,0.8400,-0.0600,-9.8900,99.4900,-39.0000,0.845931,107.317623,"0.08,0.84,-0.06,-9.89,99.49,-39.00"
2630,2026-07-27T13:56:11.643,105.248401,58.526400,0.1000,0.8900,-0.1000,-22.0300,88.6800,-20.1400,0.901166,93.568600,"0.10,0.89,-0.10,-22.03,88.68,-20.14"
2631,2026-07-27T13:56:11.703,105.308892,60.491000,0.1100,0.9300,-0.2200,-25.5700,94.7900,-2.4400,0.961977,98.208567,"0.11,0.93,-0.22,-25.57,94.79,-2.44"
2632,2026-07-27T13:56:11.704,105.309433,0.541000,0.0900,0.9800,-0.2900,-17.9400,104.3700,9.2200,1.025963,106.301218,"0.09,0.98,-0.29,-17.94,104.37,9.22"
2633,2026-07-27T13:56:11.763,105.368177,58.744000,0.0600,1.0000,-0.3100,-12.2100,92.7700,10.7400,1.048666,94.184418,"0.06,1.00,-0.31,-12.21,92.77,10.74"
2634,2026-07-27T13:56:11.823,105.428678,60.500900,-0.1400,1.0300,-0.2700,-18.3700,58.1700,2.5600,1.073965,61.055380,"-0.14,1.03,-0.27,-18.37,58.17,2.56"
2635,2026-07-27T13:56:11.824,105.429933,1.255400,-0.3400,1.1500,-0.0800,-42.6600,47.7300,7.4500,1.201874,64.447894,"-0.34,1.15,-0.08,-42.66,47.73,7.45"
2636,2026-07-27T13:56:11.883,105.488795,58.861600,-0.1500,1.4000,0.0400,-42.4200,76.4800,24.6000,1.408581,90.850464,"-0.15,1.40,0.04,-42.42,76.48,24.60"
2637,2026-07-27T13:56:11.943,105.548979,60.184300,0.3500,1.2100,-0.0300,-17.6400,89.4200,35.5200,1.259960,97.820123,"0.35,1.21,-0.03,-17.64,89.42,35.52"
2638,2026-07-27T13:56:11.945,105.550564,1.585500,0.7300,0.6600,-0.0500,-19.7100,49.4400,48.5800,0.985393,72.061183,"0.73,0.66,-0.05,-19.71,49.44,48.58"
2639,2026-07-27T13:56:12.003,105.608388,57.823900,0.7300,0.6600,-0.0500,-19.7100,49.4400,48.5800,0.985393,72.061183,"0.73,0.66,-0.05,-19.71,49.44,48.58"
2640,2026-07-27T13:56:12.063,105.668849,60.460300,0.2800,0.9400,0.3700,-51.8200,-11.9600,63.1700,1.048284,82.576043,"0.28,0.94,0.37,-51.82,-11.96,63.17"
2641,2026-07-27T13:56:12.064,105.669421,0.571900,0.1100,1.0100,0.4300,-51.4500,-14.8900,37.5400,1.103223,65.406928,"0.11,1.01,0.43,-51.45,-14.89,37.54"
2642,2026-07-27T13:56:12.123,105.728281,58.860500,0.1700,0.9900,0.2400,-46.5700,-42.4200,9.8900,1.032763,63.765456,"0.17,0.99,0.24,-46.57,-42.42,9.89"
2643,2026-07-27T13:56:12.183,105.788472,60.190500,0.3700,0.9100,0.1200,-28.5000,-44.7400,4.1500,0.989646,53.208459,"0.37,0.91,0.12,-28.50,-44.74,4.15"
2644,2026-07-27T13:56:12.183,105.789128,0.656700,0.3100,0.8800,0.2400,-16.5400,-45.2900,11.9600,0.963379,49.676929,"0.31,0.88,0.24,-16.54,-45.29,11.96"
2645,2026-07-27T13:56:12.243,105.848384,59.255800,0.2400,0.8900,0.2200,-23.1900,-68.1200,16.6000,0.947681,73.848971,"0.24,0.89,0.22,-23.19,-68.12,16.60"
2646,2026-07-27T13:56:12.303,105.908989,60.604700,0.2500,0.9200,0.1500,-29.6000,-75.6800,19.2300,0.965091,83.506978,"0.25,0.92,0.15,-29.60,-75.68,19.23"
2647,2026-07-27T13:56:12.304,105.909572,0.583600,0.2500,0.9400,0.1300,-23.6800,-57.3100,24.4800,0.981326,66.666700,"0.25,0.94,0.13,-23.68,-57.31,24.48"
2648,2026-07-27T13:56:12.363,105.968430,58.857100,0.1800,0.9800,0.1500,-13.8500,-42.7200,26.9200,1.007621,52.359405,"0.18,0.98,0.15,-13.85,-42.72,26.92"
2649,2026-07-27T13:56:12.423,106.028928,60.498400,0.0900,0.9900,0.2100,-5.1900,-45.0400,21.4200,1.016022,50.143336,"0.09,0.99,0.21,-5.19,-45.04,21.42"
2650,2026-07-27T13:56:12.424,106.029558,0.630300,-0.0100,1.0300,0.2500,6.1000,-42.8500,9.7700,1.059953,44.370997,"-0.01,1.03,0.25,6.10,-42.85,9.77"
2651,2026-07-27T13:56:12.483,106.088621,59.063100,-0.0600,1.1500,0.1800,23.5600,-19.9600,-7.2000,1.165547,31.706706,"-0.06,1.15,0.18,23.56,-19.96,-7.20"
2652,2026-07-27T13:56:12.543,106.148562,59.940500,-0.0000,1.2000,-0.0300,49.3200,17.7600,-33.8100,1.200375,62.377849,"-0.00,1.20,-0.03,49.32,17.76,-33.81"
2653,2026-07-27T13:56:12.543,106.148989,0.427700,0.2200,1.1200,-0.1500,86.1800,43.8200,-69.4600,1.151217,119.045690,"0.22,1.12,-0.15,86.18,43.82,-69.46"
2654,2026-07-27T13:56:12.603,106.208835,59.845800,0.5800,1.0400,-0.0800,115.5400,1.1000,-97.1100,1.193482,150.933938,"0.58,1.04,-0.08,115.54,1.10,-97.11"
2655,2026-07-27T13:56:12.664,106.269200,60.364300,0.6100,1.0500,-0.0300,91.3100,-103.4500,-101.6800,1.214702,171.400820,"0.61,1.05,-0.03,91.31,-103.45,-101.68"
2656,2026-07-27T13:56:12.664,106.269785,0.585600,0.2600,1.1100,-0.0100,28.9900,-154.1100,-92.1000,1.140088,181.859072,"0.26,1.11,-0.01,28.99,-154.11,-92.10"
2657,2026-07-27T13:56:12.723,106.328450,58.665300,0.0500,1.0700,0.0000,-3.0500,-94.6700,-79.9600,1.071168,123.956900,"0.05,1.07,0.00,-3.05,-94.67,-79.96"
2658,2026-07-27T13:56:12.784,106.389209,60.758100,0.0900,0.9300,-0.0300,-1.1000,0.3700,-66.8300,0.934826,66.840076,"0.09,0.93,-0.03,-1.10,0.37,-66.83"
2659,2026-07-27T13:56:12.784,106.390002,0.793200,0.2200,0.7800,-0.0900,-1.0400,63.7200,-52.1200,0.815414,82.327483,"0.22,0.78,-0.09,-1.04,63.72,-52.12"
2660,2026-07-27T13:56:12.844,106.449340,59.338600,0.3000,0.6500,-0.1300,-10.0700,90.5800,-30.7600,0.727599,96.188975,"0.30,0.65,-0.13,-10.07,90.58,-30.76"
2661,2026-07-27T13:56:12.903,106.508929,59.588500,0.2500,0.6800,-0.1600,-22.2800,87.4000,-3.1100,0.741957,90.248715,"0.25,0.68,-0.16,-22.28,87.40,-3.11"
2662,2026-07-27T13:56:12.904,106.509521,0.592600,0.1200,0.8200,-0.2300,-30.6400,69.7600,17.8200,0.860058,78.248448,"0.12,0.82,-0.23,-30.64,69.76,17.82"
2663,2026-07-27T13:56:13.023,106.628430,118.908200,-0.0300,0.9500,-0.2800,-32.3500,45.2300,20.8700,0.990858,59.395558,"-0.03,0.95,-0.28,-32.35,45.23,20.87"
2664,2026-07-27T13:56:13.024,106.629535,1.105100,-0.1500,1.0400,-0.2400,-30.1500,3.1100,8.9700,1.077822,31.609421,"-0.15,1.04,-0.24,-30.15,3.11,8.97"
2665,2026-07-27T13:56:13.024,106.630054,0.518900,-0.2300,1.1000,-0.1400,-17.4000,-26.4900,-2.5600,1.132475,31.796756,"-0.23,1.10,-0.14,-17.40,-26.49,-2.56"
2666,2026-07-27T13:56:13.083,106.689002,58.947900,-0.1900,1.0100,-0.0500,-0.5500,-25.9400,-3.9100,1.028931,26.238792,"-0.19,1.01,-0.05,-0.55,-25.94,-3.91"
2667,2026-07-27T13:56:13.143,106.748862,59.860200,-0.1400,0.9000,-0.0700,-4.8800,-26.6700,11.4700,0.913510,29.439161,"-0.14,0.90,-0.07,-4.88,-26.67,11.47"
2668,2026-07-27T13:56:13.144,106.749525,0.663000,-0.1900,1.0400,-0.0500,-28.7500,-4.2700,37.6000,1.058395,47.524261,"-0.19,1.04,-0.05,-28.75,-4.27,37.60"
2669,2026-07-27T13:56:13.203,106.808523,58.998200,0.0100,1.2700,0.2700,-49.9900,64.1500,50.7200,1.298422,95.847488,"0.01,1.27,0.27,-49.99,64.15,50.72"
2670,2026-07-27T13:56:13.263,106.868272,59.748600,0.5800,1.3300,0.1400,-66.0400,101.6800,37.2300,1.457704,126.831293,"0.58,1.33,0.14,-66.04,101.68,37.23"
2671,2026-07-27T13:56:13.263,106.869037,0.765300,1.0000,0.9600,-0.2600,-60.0000,49.1300,7.5700,1.410390,77.917019,"1.00,0.96,-0.26,-60.00,49.13,7.57"
2672,2026-07-27T13:56:13.323,106.929054,60.017200,0.9100,0.6600,0.0400,-35.9500,-59.6300,-0.0600,1.124856,69.628608,"0.91,0.66,0.04,-35.95,-59.63,-0.06"
2673,2026-07-27T13:56:13.383,106.988505,59.451400,0.4500,0.8600,0.6400,-25.3900,-138.2400,24.4800,1.162626,142.668217,"0.45,0.86,0.64,-25.39,-138.24,24.48"
2674,2026-07-27T13:56:13.383,106.989067,0.561900,-0.0000,1.0700,0.7100,-31.4900,-125.7900,40.8300,1.284134,135.947906,"-0.00,1.07,0.71,-31.49,-125.79,40.83"
2675,2026-07-27T13:56:13.443,107.048837,59.769600,-0.0400,1.0100,0.2800,-50.7800,-101.2000,20.8700,1.048857,115.132990,"-0.04,1.01,0.28,-50.78,-101.20,20.87"
2676,2026-07-27T13:56:13.503,107.108781,59.944300,0.1900,0.9300,0.0600,-59.6300,-120.2400,-13.3700,0.951105,134.878284,"0.19,0.93,0.06,-59.63,-120.24,-13.37"
2677,2026-07-27T13:56:13.504,107.109200,0.418500,0.3700,0.9100,0.1400,-48.0300,-155.6400,-31.6200,0.992270,165.923220,"0.37,0.91,0.14,-48.03,-155.64,-31.62"
2678,2026-07-27T13:56:13.563,107.168873,59.673500,0.3600,0.8800,0.2700,-30.3300,-178.9600,-31.5600,0.988383,184.235241,"0.36,0.88,0.27,-30.33,-178.96,-31.56"
2679,2026-07-27T13:56:13.624,107.229697,60.823300,0.2500,0.8800,0.3300,-9.2200,-146.2400,-19.4100,0.972522,147.810332,"0.25,0.88,0.33,-9.22,-146.24,-19.41"
2680,2026-07-27T13:56:13.625,107.230311,0.614100,0.2400,0.9000,0.2900,4.2100,-102.7200,-9.7000,0.975551,103.262832,"0.24,0.90,0.29,4.21,-102.72,-9.70"
2681,2026-07-27T13:56:13.684,107.290131,59.820600,0.2700,0.9400,0.2500,2.5600,-108.6400,-11.3500,1.009455,109.261273,"0.27,0.94,0.25,2.56,-108.64,-11.35"
2682,2026-07-27T13:56:13.743,107.348485,58.353500,0.2100,0.9300,0.2800,3.8500,-128.9700,-14.5300,0.993680,129.842999,"0.21,0.93,0.28,3.85,-128.97,-14.53"
2683,2026-07-27T13:56:13.743,107.349020,0.535000,0.1000,0.9700,0.2800,12.2100,-139.1000,-17.0900,1.014544,140.676801,"0.10,0.97,0.28,12.21,-139.10,-17.09"
2684,2026-07-27T13:56:13.803,107.408399,59.379000,0.0500,1.0900,0.1200,6.1000,-171.6300,-29.9700,1.097725,174.333783,"0.05,1.09,0.12,6.10,-171.63,-29.97"
2685,2026-07-27T13:56:13.863,107.468869,60.470700,0.1200,1.1000,-0.1400,-3.4200,-226.9300,-54.5000,1.115347,233.407736,"0.12,1.10,-0.14,-3.42,-226.93,-54.50"
2686,2026-07-27T13:56:13.864,107.469577,0.707100,0.3200,1.0000,-0.2400,8.1200,-262.7000,-80.8100,1.077033,274.968145,"0.32,1.00,-0.24,8.12,-262.70,-80.81"
2687,2026-07-27T13:56:13.923,107.528647,59.070900,0.4700,0.9500,-0.1500,22.7700,-257.1400,-92.2200,1.070467,274.124025,"0.47,0.95,-0.15,22.77,-257.14,-92.22"
2688,2026-07-27T13:56:13.985,107.590214,61.566300,0.3800,0.9400,0.0400,23.5600,-229.4300,-76.2300,1.014692,242.907825,"0.38,0.94,0.04,23.56,-229.43,-76.23"
2689,2026-07-27T13:56:14.043,107.648876,58.661900,0.0500,0.9500,0.2100,18.5500,-193.2400,-40.2800,0.974218,198.263155,"0.05,0.95,0.21,18.55,-193.24,-40.28"
2690,2026-07-27T13:56:14.044,107.649191,0.315800,-0.3200,1.0000,0.2200,11.8400,-140.3800,-5.8600,1.072753,141.000247,"-0.32,1.00,0.22,11.84,-140.38,-5.86"
2691,2026-07-27T13:56:14.104,107.709683,60.491400,-0.3800,0.9900,0.0500,8.1200,-75.7400,10.5000,1.061603,76.894291,"-0.38,0.99,0.05,8.12,-75.74,10.50"
2692,2026-07-27T13:56:14.104,107.709812,0.128700,-0.1300,0.9200,-0.1800,8.1800,-23.9900,12.3300,0.946414,28.186192,"-0.13,0.92,-0.18,8.18,-23.99,12.33"
2693,2026-07-27T13:56:14.163,107.768338,58.526400,0.0400,0.9000,-0.3000,0.7300,-13.9200,10.3800,0.949526,17.379404,"0.04,0.90,-0.30,0.73,-13.92,10.38"
2694,2026-07-27T13:56:14.224,107.829294,60.956200,0.0300,0.9400,-0.2800,-8.3000,-36.9900,9.2800,0.981275,39.029072,"0.03,0.94,-0.28,-8.30,-36.99,9.28"
2695,2026-07-27T13:56:14.224,107.829720,0.425600,-0.0200,0.9900,-0.1900,-4.5800,-56.5200,8.0000,1.008266,57.266804,"-0.02,0.99,-0.19,-4.58,-56.52,8.00"
2696,2026-07-27T13:56:14.283,107.889000,59.280400,-0.0900,1.0100,-0.1500,5.0000,-64.3300,2.2000,1.025037,64.561513,"-0.09,1.01,-0.15,5.00,-64.33,2.20"
2697,2026-07-27T13:56:14.343,107.948790,59.789400,-0.1200,0.9800,-0.1300,13.1800,-67.6900,-6.0400,0.995841,69.225213,"-0.12,0.98,-0.13,13.18,-67.69,-6.04"
2698,2026-07-27T13:56:14.344,107.949769,0.979000,-0.1000,0.9100,-0.1000,22.5200,-57.8000,-8.6100,0.920923,62.626851,"-0.10,0.91,-0.10,22.52,-57.80,-8.61"
2699,2026-07-27T13:56:14.403,108.008571,58.802800,-0.0600,0.8300,-0.0800,29.1700,-34.2400,-2.2000,0.836002,45.034503,"-0.06,0.83,-0.08,29.17,-34.24,-2.20"
2700,2026-07-27T13:56:14.463,108.068880,60.308800,-0.0200,0.8000,-0.1100,26.7300,-13.7900,9.0300,0.807775,31.403788,"-0.02,0.80,-0.11,26.73,-13.79,9.03"
2701,2026-07-27T13:56:14.464,108.069537,0.657000,-0.0500,0.8500,-0.1500,15.3200,-2.9300,20.0200,0.864581,25.378883,"-0.05,0.85,-0.15,15.32,-2.93,20.02"
2702,2026-07-27T13:56:14.523,108.129070,59.533300,-0.0900,0.9500,-0.2200,0.3100,2.3200,28.3200,0.979285,28.416560,"-0.09,0.95,-0.22,0.31,2.32,28.32"
2703,2026-07-27T13:56:14.583,108.189116,60.045400,-0.0900,1.0300,-0.2700,-11.6600,5.3700,32.7800,1.068597,35.203990,"-0.09,1.03,-0.27,-11.66,5.37,32.78"
2704,2026-07-27T13:56:14.585,108.190650,1.533600,-0.0300,1.1500,-0.3300,-19.3500,8.3600,35.7100,1.196787,41.467050,"-0.03,1.15,-0.33,-19.35,8.36,35.71"
2705,2026-07-27T13:56:14.665,108.270697,80.047400,-0.0500,1.3400,-0.4200,-28.5600,5.6800,34.3600,1.405169,45.039378,"-0.05,1.34,-0.42,-28.56,5.68,34.36"
2706,2026-07-27T13:56:14.703,108.309053,38.356100,-0.0700,1.3000,-0.3100,-39.4300,-5.0700,18.4900,1.338282,43.844155,"-0.07,1.30,-0.31,-39.43,-5.07,18.49"
2707,2026-07-27T13:56:14.704,108.309905,0.851800,0.1500,0.9700,-0.0700,-42.9100,-36.9300,3.7200,0.984022,56.735627,"0.15,0.97,-0.07,-42.91,-36.93,3.72"
2708,2026-07-27T13:56:14.764,108.369271,59.366300,0.5100,0.7100,-0.0100,-45.1000,-54.8100,11.2300,0.874243,71.862779,"0.51,0.71,-0.01,-45.10,-54.81,11.23"
2709,2026-07-27T13:56:14.822,108.428134,58.862800,0.4800,0.7700,0.1900,-49.9300,-54.7500,21.6700,0.927038,77.202049,"0.48,0.77,0.19,-49.93,-54.75,21.67"
2710,2026-07-27T13:56:14.823,108.429065,0.931600,0.1900,0.9600,0.4100,-58.5900,-56.2700,22.2800,1.061037,84.234787,"0.19,0.96,0.41,-58.59,-56.27,22.28"
2711,2026-07-27T13:56:14.883,108.488382,59.316000,0.1300,1.0200,0.3700,-63.4800,-50.3500,12.0800,1.092795,81.919224,"0.13,1.02,0.37,-63.48,-50.35,12.08"
2712,2026-07-27T13:56:14.943,108.548785,60.403600,0.2200,1.0000,0.2700,-59.6900,-50.6000,2.3200,1.058915,78.285621,"0.22,1.00,0.27,-59.69,-50.60,2.32"
2713,2026-07-27T13:56:14.944,108.549288,0.502600,0.3000,0.9600,0.1900,-49.9300,-64.8800,-1.6500,1.023572,81.884930,"0.30,0.96,0.19,-49.93,-64.88,-1.65"
2714,2026-07-27T13:56:15.006,108.611269,61.980900,0.3200,0.9000,0.1600,-39.7900,-73.4300,-0.3700,0.968504,83.518536,"0.32,0.90,0.16,-39.79,-73.43,-0.37"
2715,2026-07-27T13:56:15.063,108.668562,57.293700,0.2900,0.9000,0.1800,-32.7800,-68.4200,2.1400,0.962549,75.897328,"0.29,0.90,0.18,-32.78,-68.42,2.14"
2716,2026-07-27T13:56:15.063,108.668821,0.258500,0.2300,0.9300,0.2000,-30.3300,-70.1900,3.9100,0.978673,76.562609,"0.23,0.93,0.20,-30.33,-70.19,3.91"
2717,2026-07-27T13:56:15.123,108.728494,59.673500,0.1800,0.9600,0.2400,-31.8600,-78.6100,5.6800,1.005783,85.010906,"0.18,0.96,0.24,-31.86,-78.61,5.68"
2718,2026-07-27T13:56:15.184,108.789925,61.430600,0.1900,0.9600,0.2400,-32.5900,-78.2500,7.1400,1.007621,85.065564,"0.19,0.96,0.24,-32.59,-78.25,7.14"
2719,2026-07-27T13:56:15.185,108.790864,0.938700,0.2300,0.9400,0.2700,-31.1300,-81.5400,5.7400,1.004689,87.468829,"0.23,0.94,0.27,-31.13,-81.54,5.74"
2720,2026-07-27T13:56:15.243,108.848770,57.906300,0.2500,0.9200,0.3200,-29.1700,-96.3100,3.4200,1.005634,100.688636,"0.25,0.92,0.32,-29.17,-96.31,3.42"
2721,2026-07-27T13:56:15.303,108.908396,59.625700,0.2200,0.9300,0.2900,-27.5900,-109.5000,3.9100,0.998699,112.990027,"0.22,0.93,0.29,-27.59,-109.50,3.91"
2722,2026-07-27T13:56:15.303,108.908768,0.372300,0.1700,0.9400,0.2300,-22.5200,-109.0100,6.0400,0.982548,111.475612,"0.17,0.94,0.23,-22.52,-109.01,6.04"
2723,2026-07-27T13:56:15.363,108.968393,59.624900,0.1600,0.9600,0.2300,-12.8200,-95.1500,6.1000,1.000050,96.203352,"0.16,0.96,0.23,-12.82,-95.15,6.10"
2724,2026-07-27T13:56:15.423,109.028503,60.110500,0.1800,1.0000,0.2500,-6.0400,-85.4500,4.2100,1.046375,85.766591,"0.18,1.00,0.25,-6.04,-85.45,4.21"
2725,2026-07-27T13:56:15.423,109.029107,0.603700,0.1500,1.0400,0.2400,-1.1000,-85.0200,2.7500,1.077822,85.071575,"0.15,1.04,0.24,-1.10,-85.02,2.75"
2726,2026-07-27T13:56:15.483,109.088446,59.338900,0.0600,1.0700,0.1400,11.4100,-73.0600,-0.1800,1.080787,73.945819,"0.06,1.07,0.14,11.41,-73.06,-0.18"
2727,2026-07-27T13:56:15.543,109.149130,60.684100,-0.0100,1.0500,-0.0300,36.7400,-33.2000,-11.1700,1.050476,50.762550,"-0.01,1.05,-0.03,36.74,-33.20,-11.17"
2728,2026-07-27T13:56:15.544,109.149816,0.685800,0.0700,0.9800,-0.1400,75.6200,22.9500,-33.2000,0.992421,85.716550,"0.07,0.98,-0.14,75.62,22.95,-33.20"
2729,2026-07-27T13:56:15.603,109.208398,58.582000,0.3000,0.9900,-0.0600,107.7300,30.0300,-62.4400,1.036195,128.087109,"0.30,0.99,-0.06,107.73,30.03,-62.44"
2730,2026-07-27T13:56:15.663,109.268479,60.081700,0.4500,1.0900,0.0400,93.4400,-56.3400,-84.0500,1.179915,137.730286,"0.45,1.09,0.04,93.44,-56.34,-84.05"
2731,2026-07-27T13:56:15.663,109.268890,0.410600,0.3100,1.1500,-0.0000,37.1100,-145.2000,-83.3700,1.191050,171.495624,"0.31,1.15,-0.00,37.11,-145.20,-83.37"
2732,2026-07-27T13:56:15.723,109.328783,59.892500,0.1200,1.1100,-0.0600,-13.7300,-149.1100,-66.2200,1.118079,163.729635,"0.12,1.11,-0.06,-13.73,-149.11,-66.22"
2733,2026-07-27T13:56:15.783,109.388682,59.899000,0.1200,1.0100,-0.0900,-33.4500,-90.6400,-54.1400,1.021078,110.750403,"0.12,1.01,-0.09,-33.45,-90.64,-54.14"
2734,2026-07-27T13:56:15.784,109.389288,0.606500,0.1900,0.9100,-0.1100,-25.8200,-13.1800,-57.8600,0.936109,64.716029,"0.19,0.91,-0.11,-25.82,-13.18,-57.86"
2735,2026-07-27T13:56:15.843,109.448384,59.095700,0.1900,0.8600,-0.0900,-8.6700,47.6700,-63.5400,0.885325,79.905753,"0.19,0.86,-0.09,-8.67,47.67,-63.54"
2736,2026-07-27T13:56:15.903,109.508638,60.254400,0.2100,0.8000,-0.0400,1.8300,69.8200,-56.1500,0.828070,89.615868,"0.21,0.80,-0.04,1.83,69.82,-56.15"
2737,2026-07-27T13:56:15.903,109.509169,0.530700,0.1800,0.7600,-0.0500,-1.8900,60.1200,-35.3400,0.782624,69.763186,"0.18,0.76,-0.05,-1.89,60.12,-35.34"
2738,2026-07-27T13:56:15.963,109.568848,59.679500,0.0500,0.8100,-0.1200,-14.6500,44.7400,-11.2900,0.820366,48.412335,"0.05,0.81,-0.12,-14.65,44.74,-11.29"
2739,2026-07-27T13:56:16.022,109.628047,59.198300,-0.0500,0.9100,-0.1700,-20.0800,42.7900,4.0900,0.927092,47.443847,"-0.05,0.91,-0.17,-20.08,42.79,4.09"
2740,2026-07-27T13:56:16.083,109.688695,60.648000,-0.1100,0.9300,-0.1400,-14.5300,48.7100,7.8700,0.946890,51.436581,"-0.11,0.93,-0.14,-14.53,48.71,7.87"
2741,2026-07-27T13:56:16.083,109.689154,0.459000,-0.2400,0.9700,-0.0900,-11.6000,49.2600,8.1200,1.003295,51.254678,"-0.24,0.97,-0.09,-11.60,49.26,8.12"
2742,2026-07-27T13:56:16.143,109.748645,59.491000,-0.4100,1.1100,-0.0700,-10.3100,54.5700,10.0100,1.185369,56.430321,"-0.41,1.11,-0.07,-10.31,54.57,10.01"
2743,2026-07-27T13:56:16.203,109.808717,60.072300,-0.4000,1.0600,-0.0000,-3.6000,76.2900,7.9300,1.132961,76.785474,"-0.40,1.06,-0.00,-3.60,76.29,7.93"
2744,2026-07-27T13:56:16.203,109.809137,0.419700,-0.0800,0.8900,0.0700,-0.4900,97.4100,16.1700,0.896326,98.744200,"-0.08,0.89,0.07,-0.49,97.41,16.17"
2745,2026-07-27T13:56:16.264,109.869292,60.155600,0.0900,1.2900,-0.0400,-9.5800,120.6700,42.5400,1.293754,128.306964,"0.09,1.29,-0.04,-9.58,120.67,42.54"
2746,2026-07-27T13:56:16.324,109.929275,59.982600,0.2300,1.5600,-0.1700,-33.2000,136.5400,35.3400,1.586001,144.894193,"0.23,1.56,-0.17,-33.20,136.54,35.34"
2747,2026-07-27T13:56:16.325,109.930510,1.235200,0.6700,1.0000,-0.2800,-39.9800,103.3300,2.0100,1.235840,110.813038,"0.67,1.00,-0.28,-39.98,103.33,2.01"
2748,2026-07-27T13:56:16.383,109.988696,58.185600,0.7700,0.6200,-0.1700,-19.2900,34.1800,15.6900,1.003095,42.267631,"0.77,0.62,-0.17,-19.29,34.18,15.69"
2749,2026-07-27T13:56:16.444,110.049226,60.530100,0.2600,0.8000,0.4400,-2.5000,15.6900,62.7400,0.949316,64.720427,"0.26,0.80,0.44,-2.50,15.69,62.74"
2750,2026-07-27T13:56:16.444,110.049966,0.740400,-0.0600,1.0100,0.7500,-6.4700,65.6700,75.2600,1.259444,100.092344,"-0.06,1.01,0.75,-6.47,65.67,75.26"
2751,2026-07-27T13:56:16.503,110.108515,58.549300,0.1900,1.0100,0.3100,-36.7400,51.1500,36.6200,1.073452,72.850357,"0.19,1.01,0.31,-36.74,51.15,36.62"
2752,2026-07-27T13:56:16.563,110.168827,60.311300,0.4900,0.9400,-0.0200,-65.3100,-32.4100,-6.2300,1.060236,73.175249,"0.49,0.94,-0.02,-65.31,-32.41,-6.23"
2753,2026-07-27T13:56:16.564,110.169353,0.525800,0.5000,0.9000,0.0600,-58.9600,-70.9200,-10.9300,1.031310,92.872993,"0.50,0.90,0.06,-58.96,-70.92,-10.93"
2754,2026-07-27T13:56:16.623,110.228587,59.234800,0.3700,0.8900,0.2100,-39.7300,-86.6100,6.9000,0.986458,95.537296,"0.37,0.89,0.21,-39.73,-86.61,6.90"
2755,2026-07-27T13:56:16.684,110.289751,61.163800,0.2700,0.8600,0.3000,-35.9500,-104.1900,15.8100,0.950000,111.345924,"0.27,0.86,0.30,-35.95,-104.19,15.81"
2756,2026-07-27T13:56:16.685,110.290456,0.704400,0.2300,0.8500,0.2800,-42.0500,-96.6200,15.8100,0.924013,106.553193,"0.23,0.85,0.28,-42.05,-96.62,15.81"
2757,2026-07-27T13:56:16.743,110.349117,58.661800,0.2500,0.8800,0.2600,-46.5100,-81.8500,16.1100,0.951052,95.509867,"0.25,0.88,0.26,-46.51,-81.85,16.11"
2758,2026-07-27T13:56:16.803,110.408781,59.663400,0.2700,0.9200,0.3000,-46.4500,-84.4700,15.3800,1.004639,97.618276,"0.27,0.92,0.30,-46.45,-84.47,15.38"
2759,2026-07-27T13:56:16.804,110.409344,0.562900,0.2700,0.9400,0.3100,-47.4900,-113.2800,11.7200,1.025963,123.389695,"0.27,0.94,0.31,-47.49,-113.28,11.72"
2760,2026-07-27T13:56:16.863,110.468780,59.436800,0.1900,0.9600,0.2500,-46.0200,-150.6300,7.1400,1.010050,157.664888,"0.19,0.96,0.25,-46.02,-150.63,7.14"
2761,2026-07-27T13:56:16.924,110.529590,60.809200,0.1100,0.9800,0.1900,-34.1800,-158.3300,3.8500,1.004291,162.023097,"0.11,0.98,0.19,-34.18,-158.33,3.85"
2762,2026-07-27T13:56:16.983,110.588266,58.676600,0.0800,1.0100,0.1400,-22.2200,-133.1800,2.9900,1.022790,135.053993,"0.08,1.01,0.14,-22.22,-133.18,2.99"
2763,2026-07-27T13:56:16.983,110.588639,0.373100,0.0900,1.0500,0.1300,-15.3200,-111.0200,3.6600,1.061838,112.131790,"0.09,1.05,0.13,-15.32,-111.02,3.66"
2764,2026-07-27T13:56:17.046,110.651308,62.668500,-0.0100,1.1000,0.1100,2.0100,-95.7600,-0.4900,1.105532,95.782346,"-0.01,1.10,0.11,2.01,-95.76,-0.49"
2765,2026-07-27T13:56:17.047,110.652285,0.977400,-0.2300,1.1200,-0.0100,41.3200,-38.7000,-16.0500,1.143416,58.844158,"-0.23,1.12,-0.01,41.32,-38.70,-16.05"
2766,2026-07-27T13:56:17.103,110.708830,56.545000,-0.1900,1.1400,-0.0700,87.7700,56.5800,-47.7900,1.157843,114.842298,"-0.19,1.14,-0.07,87.77,56.58,-47.79"
2767,2026-07-27T13:56:17.163,110.769101,60.271200,0.2800,1.2400,0.0900,115.9100,106.5100,-85.5100,1.274402,179.140917,"0.28,1.24,0.09,115.91,106.51,-85.51"
2768,2026-07-27T13:56:17.164,110.769713,0.611700,0.6400,1.2400,0.2200,110.4100,54.3800,-100.3400,1.412657,158.794421,"0.64,1.24,0.22,110.41,54.38,-100.34"
2769,2026-07-27T13:56:17.223,110.828653,58.939700,0.5200,1.1600,0.1500,66.4700,-40.2800,-93.5700,1.280039,121.639156,"0.52,1.16,0.15,66.47,-40.28,-93.57"
2770,2026-07-27T13:56:17.283,110.888397,59.744400,0.2800,1.1000,0.0500,18.0100,-72.2700,-91.0600,1.136178,117.640285,"0.28,1.10,0.05,18.01,-72.27,-91.06"
2771,2026-07-27T13:56:17.283,110.888827,0.429700,0.2100,0.9900,0.0200,5.1900,-26.3700,-95.0300,1.012225,98.757349,"0.21,0.99,0.02,5.19,-26.37,-95.03"
2772,2026-07-27T13:56:17.343,110.948264,59.437200,0.2100,0.8800,0.0200,16.9100,34.6700,-96.0700,0.904931,103.524885,"0.21,0.88,0.02,16.91,34.67,-96.07"
2773,2026-07-27T13:56:17.465,111.070739,122.474600,0.2500,0.7600,0.0200,28.0200,69.9500,-85.7500,0.800312,114.154218,"0.25,0.76,0.02,28.02,69.95,-85.75"
2774,2026-07-27T13:56:17.465,111.071066,0.327400,0.2700,0.6500,-0.0100,25.0200,77.8200,-59.0200,0.703918,100.823178,"0.27,0.65,-0.01,25.02,77.82,-59.02"
2775,2026-07-27T13:56:17.466,111.071327,0.261200,0.1900,0.6400,-0.1100,2.3200,68.3600,-19.2900,0.676609,71.067405,"0.19,0.64,-0.11,2.32,68.36,-19.29"
2776,2026-07-27T13:56:17.466,111.071669,0.341300,0.0400,0.7900,-0.2300,-21.6100,65.6100,23.2500,0.823772,72.885024,"0.04,0.79,-0.23,-21.61,65.61,23.25"
2777,2026-07-27T13:56:17.523,111.128644,56.975600,-0.0700,1.0100,-0.2900,-22.4600,79.6500,53.5900,1.053138,98.592404,"-0.07,1.01,-0.29,-22.46,79.65,53.59"
2778,2026-07-27T13:56:17.583,111.189090,60.446000,-0.2500,1.2000,-0.2500,-12.6300,83.7400,50.2300,1.251000,98.462975,"-0.25,1.20,-0.25,-12.63,83.74,50.23"
2779,2026-07-27T13:56:17.643,111.248834,59.743300,-0.4600,1.1600,-0.1400,-13.7300,51.1500,18.3700,1.255707,56.056153,"-0.46,1.16,-0.14,-13.73,51.15,18.37"
2780,2026-07-27T13:56:17.643,111.249080,0.246400,-0.3300,1.1400,-0.0800,-18.9200,17.1500,12.2100,1.189496,28.305000,"-0.33,1.14,-0.08,-18.92,17.15,12.21"
2781,2026-07-27T13:56:17.703,111.308422,59.341600,0.1000,1.2800,-0.0600,-20.2600,115.9700,33.6300,1.285302,122.435638,"0.10,1.28,-0.06,-20.26,115.97,33.63"
2782,2026-07-27T13:56:17.765,111.370412,61.990900,0.4100,1.0300,-0.0400,-20.5100,120.7300,19.8400,1.109324,124.056514,"0.41,1.03,-0.04,-20.51,120.73,19.84"
2783,2026-07-27T13:56:17.766,111.371425,1.012200,0.5900,0.7000,-0.0900,-26.4900,64.5800,21.7300,0.919891,73.106015,"0.59,0.70,-0.09,-26.49,64.58,21.73"
2784,2026-07-27T13:56:17.823,111.428783,57.358200,0.4300,0.8000,-0.0100,-23.3200,44.7400,38.0200,0.908295,63.174444,"0.43,0.80,-0.01,-23.32,44.74,38.02"
2785,2026-07-27T13:56:17.883,111.489110,60.327400,0.0700,0.9900,0.2800,-16.6600,60.9700,42.5400,1.031213,76.187585,"0.07,0.99,0.28,-16.66,60.97,42.54"
2786,2026-07-27T13:56:17.889,111.494792,5.681300,0.0700,1.0100,0.3600,-24.2900,54.7500,28.2000,1.074523,66.202769,"0.07,1.01,0.36,-24.29,54.75,28.20"
2787,2026-07-27T13:56:17.943,111.548748,53.956800,0.2500,0.9600,0.2000,-35.8300,25.0900,16.4200,1.011978,46.721659,"0.25,0.96,0.20,-35.83,25.09,16.42"
2788,2026-07-27T13:56:18.063,111.668537,119.788800,0.3500,0.9000,0.0800,-35.7100,-5.6200,19.5300,0.968969,41.087825,"0.35,0.90,0.08,-35.71,-5.62,19.53"
2789,2026-07-27T13:56:18.063,111.669143,0.605600,0.2400,0.9200,0.1400,-25.8800,-20.3900,26.9800,0.961041,42.584585,"0.24,0.92,0.14,-25.88,-20.39,26.98"
2790,2026-07-27T13:56:18.064,111.669524,0.380900,0.2200,0.9200,0.2200,-20.3200,-20.6300,29.6000,0.971185,41.408445,"0.22,0.92,0.22,-20.32,-20.63,29.60"
2791,2026-07-27T13:56:18.124,111.729521,59.996900,0.2400,0.9300,0.2000,-23.6800,-17.3300,30.0300,0.981071,41.986572,"0.24,0.93,0.20,-23.68,-17.33,30.03"
2792,2026-07-27T13:56:18.124,111.730161,0.640100,0.2700,0.9700,0.1600,-23.6800,-17.3300,30.0300,1.019510,41.986572,"0.27,0.97,0.16,-23.68,-17.33,30.03"
2793,2026-07-27T13:56:18.184,111.789252,59.091600,0.2700,1.0000,0.1400,-22.3400,-17.0300,31.1900,1.045227,41.975143,"0.27,1.00,0.14,-22.34,-17.03,31.19"
2794,2026-07-27T13:56:18.243,111.848789,59.536500,0.2300,1.0000,0.1200,-13.2400,-25.2700,28.0200,1.033102,39.987384,"0.23,1.00,0.12,-13.24,-25.27,28.02"
2795,2026-07-27T13:56:18.244,111.849375,0.586300,0.1100,1.0100,0.1200,-0.6100,-27.5900,21.4200,1.023035,34.934175,"0.11,1.01,0.12,-0.61,-27.59,21.42"
2796,2026-07-27T13:56:18.303,111.908862,59.487400,-0.0100,1.1000,0.1200,13.9800,-20.1400,8.0600,1.106571,25.807433,"-0.01,1.10,0.12,13.98,-20.14,8.06"
2797,2026-07-27T13:56:18.364,111.969304,60.441900,-0.0200,1.2100,0.0500,32.7800,-5.9200,-14.6500,1.211198,36.389522,"-0.02,1.21,0.05,32.78,-5.92,-14.65"
2798,2026-07-27T13:56:18.364,111.969977,0.672600,0.1300,1.2000,-0.1200,64.2100,20.1400,-39.5500,1.212972,78.056045,"0.13,1.20,-0.12,64.21,20.14,-39.55"
2799,2026-07-27T13:56:18.423,112.028779,58.802200,0.3800,1.0400,-0.1600,114.0700,40.2200,-57.0700,1.118749,133.740787,"0.38,1.04,-0.16,114.07,40.22,-57.07"
2800,2026-07-27T13:56:18.483,112.089075,60.295700,0.5100,0.9200,-0.0300,148.6800,7.4500,-66.6500,1.052331,163.105694,"0.51,0.92,-0.03,148.68,7.45,-66.65"
2801,2026-07-27T13:56:18.484,112.089421,0.346400,0.3700,0.9800,0.0800,120.1800,-65.3100,-76.2900,1.050571,156.616706,"0.37,0.98,0.08,120.18,-65.31,-76.29"
2802,2026-07-27T13:56:18.543,112.149017,59.595900,0.1600,1.0500,0.0500,54.6300,-104.3100,-85.3300,1.063297,145.417406,"0.16,1.05,0.05,54.63,-104.31,-85.33"
2803,2026-07-27T13:56:18.603,112.208515,59.498200,0.0300,1.0100,-0.0700,5.9200,-83.7400,-83.5600,1.012867,118.447067,"0.03,1.01,-0.07,5.92,-83.74,-83.56"
2804,2026-07-27T13:56:18.603,112.209085,0.569500,0.0400,0.9000,-0.1500,-10.6800,-35.4000,-73.6700,0.913291,82.428704,"0.04,0.90,-0.15,-10.68,-35.40,-73.67"
2805,2026-07-27T13:56:18.663,112.268465,59.380300,0.1100,0.8000,-0.1700,-3.7800,13.1800,-62.3200,0.825227,63.810526,"0.11,0.80,-0.17,-3.78,13.18,-62.32"
2806,2026-07-27T13:56:18.723,112.328749,60.283800,0.1600,0.7200,-0.1300,4.5200,56.7000,-46.3300,0.748933,73.360680,"0.16,0.72,-0.13,4.52,56.70,-46.33"
2807,2026-07-27T13:56:18.724,112.329373,0.623800,0.1500,0.6800,-0.0700,-4.7000,87.0400,-21.2400,0.699857,89.717274,"0.15,0.68,-0.07,-4.70,87.04,-21.24"
2808,2026-07-27T13:56:18.783,112.388210,58.837000,0.0200,0.7900,-0.1100,-32.4700,104.0000,11.9600,0.797872,109.605394,"0.02,0.79,-0.11,-32.47,104.00,11.96"
2809,2026-07-27T13:56:18.843,112.448618,60.408400,-0.1700,1.0900,-0.2900,-56.3400,134.0900,42.3600,1.140658,151.488261,"-0.17,1.09,-0.29,-56.34,134.09,42.36"
2810,2026-07-27T13:56:18.843,112.448874,0.255800,-0.1700,1.3100,-0.3900,-42.7200,178.9600,49.8000,1.377353,190.608814,"-0.17,1.31,-0.39,-42.72,178.96,49.80"
2811,2026-07-27T13:56:18.905,112.510816,61.942200,0.1200,1.1900,-0.2900,-12.4500,177.9800,19.7800,1.230691,179.508026,"0.12,1.19,-0.29,-12.45,177.98,19.78"
2812,2026-07-27T13:56:18.963,112.568692,57.876000,0.3500,1.1000,-0.2800,-3.3600,116.8800,-16.5400,1.187813,118.092318,"0.35,1.10,-0.28,-3.36,116.88,-16.54"
2813,2026-07-27T13:56:18.964,112.569292,0.599700,0.3400,1.0600,-0.2200,2.8700,67.9300,-17.2700,1.134725,70.149659,"0.34,1.06,-0.22,2.87,67.93,-17.27"
2814,2026-07-27T13:56:19.023,112.628307,59.015600,0.2000,0.8800,0.0800,20.6300,88.3200,8.0000,0.905980,91.049543,"0.20,0.88,0.08,20.63,88.32,8.00"
2815,2026-07-27T13:56:19.083,112.688711,60.403200,0.0700,0.8200,0.3200,27.8300,150.2100,28.7500,0.883006,155.448112,"0.07,0.82,0.32,27.83,150.21,28.75"
2816,2026-07-27T13:56:19.084,112.689270,0.559700,0.1400,0.9000,0.3200,4.7600,176.1500,31.6800,0.965401,179.039388,"0.14,0.90,0.32,4.76,176.15,31.68"
2817,2026-07-27T13:56:19.143,112.748574,59.304100,0.2800,0.9800,0.1500,-29.6000,157.8400,22.2800,1.030194,162.129652,"0.28,0.98,0.15,-29.60,157.84,22.28"
2818,2026-07-27T13:56:19.203,112.808538,59.963800,0.2600,1.0400,0.0000,-37.1100,143.4300,9.4600,1.072007,148.454736,"0.26,1.04,0.00,-37.11,143.43,9.46"
2819,2026-07-27T13:56:19.203,112.808912,0.373600,0.1500,1.0600,-0.0100,-12.0800,141.3000,-2.8700,1.070607,141.844469,"0.15,1.06,-0.01,-12.08,141.30,-2.87"
2820,2026-07-27T13:56:19.264,112.869708,60.795900,0.0800,1.0200,0.0900,13.9800,117.0700,-10.8600,1.027083,118.400865,"0.08,1.02,0.09,13.98,117.07,-10.86"
2821,2026-07-27T13:56:19.323,112.928889,59.181400,0.0800,0.9900,0.1100,20.0200,84.7200,-10.8600,0.999300,87.728094,"0.08,0.99,0.11,20.02,84.72,-10.86"
2822,2026-07-27T13:56:19.324,112.929568,0.678400,0.1500,0.9900,0.0300,13.5500,95.5200,-5.5500,1.001748,96.635787,"0.15,0.99,0.03,13.55,95.52,-5.55"
2823,2026-07-27T13:56:19.383,112.988825,59.257000,0.2000,1.0000,0.0000,8.3600,116.2100,-2.0100,1.019804,116.527653,"0.20,1.00,0.00,8.36,116.21,-2.01"
2824,2026-07-27T13:56:19.443,113.048875,60.050400,0.2500,1.0000,0.0700,8.1800,91.1300,-1.3400,1.033151,91.506201,"0.25,1.00,0.07,8.18,91.13,-1.34"
2825,2026-07-27T13:56:19.444,113.049808,0.932900,0.3000,0.9700,0.1300,9.9500,50.7800,-0.7300,1.023621,51.750786,"0.30,0.97,0.13,9.95,50.78,-0.73"
2826,2026-07-27T13:56:19.504,113.109223,59.415400,0.2200,0.9500,0.1200,12.0200,41.3800,0.0600,0.982497,43.090468,"0.22,0.95,0.12,12.02,41.38,0.06"
2827,2026-07-27T13:56:19.563,113.168408,59.184900,0.1300,0.9700,0.1000,15.9300,56.4600,-0.1800,0.983768,58.664546,"0.13,0.97,0.10,15.93,56.46,-0.18"
2828,2026-07-27T13:56:19.563,113.168965,0.557300,0.1400,0.9800,0.1200,21.4200,66.9600,-0.0600,0.997196,70.302643,"0.14,0.98,0.12,21.42,66.96,-0.06"
2829,2026-07-27T13:56:19.623,113.228392,59.426300,0.1500,0.9700,0.1300,26.3100,66.4100,2.4400,0.990101,71.473476,"0.15,0.97,0.13,26.31,66.41,2.44"
2830,2026-07-27T13:56:19.684,113.289256,60.864500,0.1300,0.9700,0.1100,29.3600,64.3300,5.0700,0.984835,70.894735,"0.13,0.97,0.11,29.36,64.33,5.07"
2831,2026-07-27T13:56:19.684,113.289932,0.675500,0.1300,0.9700,0.0700,29.4800,60.1800,5.6200,0.981173,67.247953,"0.13,0.97,0.07,29.48,60.18,5.62"
2832,2026-07-27T13:56:19.743,113.348685,58.753300,0.1700,0.9800,0.0600,28.2600,48.1000,5.6800,0.996444,56.075842,"0.17,0.98,0.06,28.26,48.10,5.68"
2833,2026-07-27T13:56:19.803,113.408764,60.078600,0.1900,1.0000,0.0500,30.4000,29.6600,7.7500,1.019117,43.173349,"0.19,1.00,0.05,30.40,29.66,7.75"
2834,2026-07-27T13:56:19.803,113.409018,0.253800,0.1600,1.0100,0.0200,38.0900,15.2600,11.4700,1.022790,42.606063,"0.16,1.01,0.02,38.09,15.26,11.47"
2835,2026-07-27T13:56:19.863,113.468470,59.452700,0.1000,1.0000,-0.0300,50.2300,11.5400,15.6200,1.005435,53.853588,"0.10,1.00,-0.03,50.23,11.54,15.62"
2836,2026-07-27T13:56:19.923,113.528254,59.784000,0.0800,0.9900,-0.0900,64.1500,14.8900,18.0700,0.997296,68.289527,"0.08,0.99,-0.09,64.15,14.89,18.07"
2837,2026-07-27T13:56:19.924,113.530056,1.801400,0.2000,0.9700,-0.2000,71.2900,13.4300,14.4000,1.010396,73.959374,"0.20,0.97,-0.20,71.29,13.43,14.40"
2838,2026-07-27T13:56:19.983,113.588655,58.599400,0.3500,0.9800,-0.3700,57.0100,0.4900,7.2600,1.104446,57.472496,"0.35,0.98,-0.37,57.01,0.49,7.26"
2839,2026-07-27T13:56:20.043,113.648313,59.657700,0.3100,1.0300,-0.5400,22.9500,-2.2600,6.1600,1.203578,23.869556,"0.31,1.03,-0.54,22.95,-2.26,6.16"
2840,2026-07-27T13:56:20.043,113.648577,0.264100,0.0900,1.0400,-0.5800,-0.5500,34.6100,7.4500,1.194194,35.407020,"0.09,1.04,-0.58,-0.55,34.61,7.45"
2841,2026-07-27T13:56:20.103,113.708533,59.956700,-0.0300,0.9600,-0.4600,0.3700,94.8500,-2.8700,1.064941,94.894132,"-0.03,0.96,-0.46,0.37,94.85,-2.87"
2842,2026-07-27T13:56:20.163,113.768896,60.362800,0.1100,0.9200,-0.2800,1.3400,107.8500,-21.7300,0.967936,110.025502,"0.11,0.92,-0.28,1.34,107.85,-21.73"
2843,2026-07-27T13:56:20.164,113.769563,0.667000,0.3300,0.9000,-0.1300,-19.5300,48.5200,-37.2900,0.967368,64.235157,"0.33,0.90,-0.13,-19.53,48.52,-37.29"
2844,2026-07-27T13:56:20.223,113.828536,58.973200,0.2400,0.8600,-0.0100,-47.8500,6.5900,-45.5900,0.892917,66.419114,"0.24,0.86,-0.01,-47.85,6.59,-45.59"
2845,2026-07-27T13:56:20.284,113.889697,61.160800,-0.0100,0.8700,0.0600,-54.9900,21.6700,-49.8000,0.872124,77.288608,"-0.01,0.87,0.06,-54.99,21.67,-49.80"
2846,2026-07-27T13:56:20.285,113.890402,0.705100,-0.0100,0.9400,0.0200,-41.4400,43.1500,-55.4200,0.940266,81.551042,"-0.01,0.94,0.02,-41.44,43.15,-55.42"
2847,2026-07-27T13:56:20.343,113.949072,58.669500,0.1600,0.9800,-0.0500,-21.1800,68.6000,-56.8200,0.994233,91.559078,"0.16,0.98,-0.05,-21.18,68.60,-56.82"
2848,2026-07-27T13:56:20.403,114.008874,59.801900,0.2500,0.9800,-0.0400,-2.3800,98.2700,-47.7900,1.012176,109.300235,"0.25,0.98,-0.04,-2.38,98.27,-47.79"
2849,2026-07-27T13:56:20.404,114.009810,0.936700,0.2700,0.9700,-0.0200,8.0600,110.5300,-35.5200,1.007075,116.376608,"0.27,0.97,-0.02,8.06,110.53,-35.52"
2850,2026-07-27T13:56:20.463,114.068382,58.571500,0.2400,0.9600,-0.0700,8.8500,107.6000,-27.9500,0.992018,111.522576,"0.24,0.96,-0.07,8.85,107.60,-27.95"
2851,2026-07-27T13:56:20.523,114.128770,60.387800,0.2100,0.9600,-0.1100,5.0700,99.1200,-23.5000,0.988838,101.993771,"0.21,0.96,-0.11,5.07,99.12,-23.50"
2852,2026-07-27T13:56:20.523,114.129155,0.385600,0.1900,0.9600,-0.1300,1.4600,86.5500,-19.6500,0.987218,88.764613,"0.19,0.96,-0.13,1.46,86.55,-19.65"
2853,2026-07-27T13:56:20.583,114.188528,59.373100,0.1500,0.9700,-0.1600,-2.8100,45.7200,-16.5400,0.994485,48.700987,"0.15,0.97,-0.16,-2.81,45.72,-16.54"
2854,2026-07-27T13:56:20.643,114.248597,60.068100,0.0700,0.9800,-0.1900,2.5000,23.6200,-15.6200,1.000700,28.427782,"0.07,0.98,-0.19,2.50,23.62,-15.62"
2855,2026-07-27T13:56:20.644,114.249253,0.656600,-0.0100,0.9700,-0.1500,6.5300,9.6400,-15.0800,0.981580,19.051953,"-0.01,0.97,-0.15,6.53,9.64,-15.08"
2856,2026-07-27T13:56:20.703,114.308725,59.471700,-0.0400,0.9400,-0.0700,2.3200,8.8500,-14.4700,0.943451,17.119749,"-0.04,0.94,-0.07,2.32,8.85,-14.47"
2857,2026-07-27T13:56:20.763,114.368794,60.068800,-0.0300,0.9300,-0.0600,-6.6500,16.6600,-12.0200,0.932416,21.593020,"-0.03,0.93,-0.06,-6.65,16.66,-12.02"
2858,2026-07-27T13:56:20.763,114.369116,0.322600,-0.0100,0.9400,-0.1000,-13.4300,27.8300,-4.3300,0.945357,31.202928,"-0.01,0.94,-0.10,-13.43,27.83,-4.33"
2859,2026-07-27T13:56:20.823,114.428522,59.405500,0.0000,0.9400,-0.1000,-16.7800,40.8900,10.6200,0.945304,45.457067,"0.00,0.94,-0.10,-16.78,40.89,10.62"
2860,2026-07-27T13:56:20.883,114.488710,60.188600,0.0100,0.9500,-0.0700,-24.7800,51.0300,27.4000,0.952628,62.998963,"0.01,0.95,-0.07,-24.78,51.03,27.40"
2861,2026-07-27T13:56:20.884,114.489354,0.643800,-0.0200,1.0000,-0.0300,-39.1800,51.7600,39.3100,1.000650,75.891015,"-0.02,1.00,-0.03,-39.18,51.76,39.31"
2862,2026-07-27T13:56:20.944,114.549630,60.275700,0.0100,1.1300,-0.0100,-52.4900,41.8100,39.8600,1.130088,78.051879,"0.01,1.13,-0.01,-52.49,41.81,39.86"
2863,2026-07-27T13:56:21.003,114.608814,59.184600,0.3300,1.1000,-0.1500,-49.5000,30.5800,25.5100,1.158188,63.530674,"0.33,1.10,-0.15,-49.50,30.58,25.51"
2864,2026-07-27T13:56:21.003,114.608916,0.101800,0.4700,0.8200,-0.1800,-34.3600,4.7000,12.3900,0.962133,36.826780,"0.47,0.82,-0.18,-34.36,4.70,12.39"
2865,2026-07-27T13:56:21.063,114.668620,59.703900,0.3700,0.7800,0.0700,-29.7900,-54.2600,15.5600,0.866141,63.825585,"0.37,0.78,0.07,-29.79,-54.26,15.56"
2866,2026-07-27T13:56:21.123,114.728939,60.318400,0.1100,0.9000,0.4800,-30.1500,-75.6800,28.1400,1.025914,86.187844,"0.11,0.90,0.48,-30.15,-75.68,28.14"
2867,2026-07-27T13:56:21.124,114.729453,0.514000,-0.0100,1.0000,0.5600,-31.2500,-32.8400,35.0300,1.146168,57.289868,"-0.01,1.00,0.56,-31.25,-32.84,35.03"
2868,2026-07-27T13:56:21.183,114.788981,59.528000,0.1800,1.0300,0.3100,-39.2500,0.9200,26.1800,1.090596,47.188996,"0.18,1.03,0.31,-39.25,0.92,26.18"
2869,2026-07-27T13:56:21.246,114.851791,62.810600,0.3800,1.0100,0.1300,-42.1800,-7.8700,9.5800,1.086922,43.964369,"0.38,1.01,0.13,-42.18,-7.87,9.58"
2870,2026-07-27T13:56:21.247,114.852252,0.460400,0.3900,0.9600,0.1500,-30.8800,-49.4400,-2.1400,1.046996,58.330675,"0.39,0.96,0.15,-30.88,-49.44,-2.14"
2871,2026-07-27T13:56:21.304,114.909317,57.065200,0.2600,0.8900,0.2300,-16.4800,-87.2800,-5.9800,0.955301,89.023307,"0.26,0.89,0.23,-16.48,-87.28,-5.98"
2872,2026-07-27T13:56:21.423,115.028527,119.210700,0.1400,0.8700,0.2700,-11.7200,-95.4600,-4.0900,0.921629,96.263690,"0.14,0.87,0.27,-11.72,-95.46,-4.09"
2873,2026-07-27T13:56:21.482,115.087907,59.379800,0.1500,0.8900,0.2400,-18.9200,-93.8700,0.2400,0.933916,95.758033,"0.15,0.89,0.24,-18.92,-93.87,0.24"
2874,2026-07-27T13:56:21.483,115.088511,0.603400,0.2300,0.9200,0.2000,-28.7500,-94.9100,5.9200,0.969175,99.345443,"0.23,0.92,0.20,-28.75,-94.91,5.92"
2875,2026-07-27T13:56:21.483,115.088971,0.460200,0.2400,0.9700,0.1600,-31.4300,-85.0800,12.5100,1.011978,91.558459,"0.24,0.97,0.16,-31.43,-85.08,12.51"
2876,2026-07-27T13:56:21.484,115.089906,0.935100,0.1800,1.0000,0.1900,-23.8600,-64.2700,18.0100,1.033683,70.882245,"0.18,1.00,0.19,-23.86,-64.27,18.01"
2877,2026-07-27T13:56:21.544,115.149224,59.317900,0.0800,1.0200,0.2800,-7.0200,-39.9200,21.9700,1.060754,46.103879,"0.08,1.02,0.28,-7.02,-39.92,21.97"
2878,2026-07-27T13:56:21.664,115.269425,120.201300,0.0000,1.0100,0.2900,7.9300,-24.6000,22.7100,1.050809,34.406235,"0.00,1.01,0.29,7.93,-24.60,22.71"
2879,2026-07-27T13:56:21.665,115.270257,0.832100,-0.0100,1.0200,0.1200,9.2200,-34.9100,15.5000,1.027083,39.293339,"-0.01,1.02,0.12,9.22,-34.91,15.50"
2880,2026-07-27T13:56:21.665,115.270531,0.274000,-0.0200,1.0700,-0.0100,10.5600,-48.4000,2.3800,1.070234,49.595746,"-0.02,1.07,-0.01,10.56,-48.40,2.38"
2881,2026-07-27T13:56:21.724,115.329206,58.675000,-0.0400,1.1600,-0.0700,29.4800,-34.9100,-14.6500,1.162798,47.983341,"-0.04,1.16,-0.07,29.48,-34.91,-14.65"
2882,2026-07-27T13:56:21.724,115.329468,0.261900,0.0800,1.2000,-0.1300,67.0800,-0.3700,-40.1600,1.209669,78.183687,"0.08,1.20,-0.13,67.08,-0.37,-40.16"
2883,2026-07-27T13:56:21.784,115.389603,60.134900,0.4300,1.1300,-0.0800,110.9600,7.0800,-65.4900,1.211693,129.039483,"0.43,1.13,-0.08,110.96,7.08,-65.49"
2884,2026-07-27T13:56:21.843,115.448966,59.362800,0.6100,1.0300,-0.0100,108.2200,-72.4500,-76.9000,1.197122,151.242127,"0.61,1.03,-0.01,108.22,-72.45,-76.90"
2885,2026-07-27T13:56:21.844,115.449439,0.473600,0.4000,1.0200,-0.0600,45.2900,-163.8200,-79.9600,1.097269,187.834443,"0.40,1.02,-0.06,45.29,-163.82,-79.96"
2886,2026-07-27T13:56:21.903,115.508596,59.156300,0.1700,1.0300,-0.0800,-0.8500,-152.3400,-77.2100,1.046996,170.791048,"0.17,1.03,-0.08,-0.85,-152.34,-77.21"
2887,2026-07-27T13:56:21.965,115.570312,61.716200,0.1400,0.9300,-0.1000,8.3000,-62.8700,-67.5000,0.945780,92.616289,"0.14,0.93,-0.10,8.30,-62.87,-67.50"
2888,2026-07-27T13:56:21.965,115.570720,0.408200,0.2300,0.8000,-0.1400,31.9200,12.9400,-57.0700,0.844097,66.658195,"0.23,0.80,-0.14,31.92,12.94,-57.07"
2889,2026-07-27T13:56:22.023,115.628615,57.894400,0.2800,0.7200,-0.1700,33.6300,33.1400,-45.3500,0.791012,65.466472,"0.28,0.72,-0.17,33.63,33.14,-45.35"
2890,2026-07-27T13:56:22.083,115.688392,59.777000,0.2700,0.6700,-0.1400,15.5600,21.8500,-27.6500,0.735799,38.523481,"0.27,0.67,-0.14,15.56,21.85,-27.65"
2891,2026-07-27T13:56:22.085,115.690204,1.812800,0.1800,0.6800,-0.1100,-13.0600,2.3200,-3.6600,0.711969,13.760145,"0.18,0.68,-0.11,-13.06,2.32,-3.66"
2892,2026-07-27T13:56:22.146,115.751734,61.530100,0.0100,0.8100,-0.1600,-45.5900,-10.1900,19.3500,0.825712,50.563887,"0.01,0.81,-0.16,-45.59,-10.19,19.35"
2893,2026-07-27T13:56:22.203,115.808743,57.008900,-0.2600,1.0600,-0.2700,-63.9000,-3.4200,34.1800,1.124322,72.547769,"-0.26,1.06,-0.27,-63.90,-3.42,34.18"
2894,2026-07-27T13:56:22.204,115.809469,0.725200,-0.5000,1.3400,-0.3900,-51.8200,9.7700,30.6400,1.482464,60.988318,"-0.50,1.34,-0.39,-51.82,9.77,30.64"
2895,2026-07-27T13:56:22.263,115.869069,59.600500,-0.4100,1.2600,-0.3400,-18.0700,13.0000,2.9900,1.367955,22.460298,"-0.41,1.26,-0.34,-18.07,13.00,2.99"
2896,2026-07-27T13:56:22.323,115.928914,59.845400,0.0500,0.9700,-0.1600,1.2800,15.8100,-13.1200,0.984378,20.584676,"0.05,0.97,-0.16,1.28,15.81,-13.12"
2897,2026-07-27T13:56:22.324,115.929512,0.597600,0.3200,1.1400,-0.0500,-18.3700,18.9200,9.2200,1.185116,27.936208,"0.32,1.14,-0.05,-18.37,18.92,9.22"
2898,2026-07-27T13:56:22.383,115.988366,58.854100,0.3900,1.1700,0.0500,-43.8800,12.8800,29.3600,1.234301,54.344810,"0.39,1.17,0.05,-43.88,12.88,29.36"
2899,2026-07-27T13:56:22.443,116.048876,60.510200,0.4200,0.8900,-0.0100,-51.5700,-19.9600,26.0000,0.984175,61.105372,"0.42,0.89,-0.01,-51.57,-19.96,26.00"
2900,2026-07-27T13:56:22.444,116.049410,0.533200,0.4800,0.8000,0.0400,-51.6400,-77.2100,20.5100,0.933809,95.124833,"0.48,0.80,0.04,-51.64,-77.21,20.51"
2901,2026-07-27T13:56:22.503,116.108645,59.235700,0.4400,0.8500,0.3900,-40.5900,-88.9900,26.9800,1.033538,101.462745,"0.44,0.85,0.39,-40.59,-88.99,26.98"
2902,2026-07-27T13:56:22.563,116.169084,60.438600,0.1200,0.9900,0.4000,-30.8800,-52.6700,39.3700,1.074477,72.647782,"0.12,0.99,0.40,-30.88,-52.67,39.37"
2903,2026-07-27T13:56:22.564,116.169216,0.132000,0.0200,1.0600,0.2000,-33.4500,-37.7800,35.6400,1.078888,61.777346,"0.02,1.06,0.20,-33.45,-37.78,35.64"
2904,2026-07-27T13:56:22.623,116.228617,59.401000,0.2100,1.0000,0.1600,-38.3300,-64.6400,14.8900,1.034263,76.610904,"0.21,1.00,0.16,-38.33,-64.64,14.89"
2905,2026-07-27T13:56:22.684,116.290151,61.534300,0.3300,0.9400,0.1600,-41.3800,-119.7500,-2.1400,1.009009,126.716007,"0.33,0.94,0.16,-41.38,-119.75,-2.14"
2906,2026-07-27T13:56:22.685,116.291128,0.976900,0.3100,0.9200,0.1700,-39.5500,-161.7400,-5.2500,0.985596,166.588093,"0.31,0.92,0.17,-39.55,-161.74,-5.25"
2907,2026-07-27T13:56:22.743,116.348475,57.346400,0.2500,0.9100,0.1900,-29.3000,-149.4100,1.4600,0.962653,152.262831,"0.25,0.91,0.19,-29.30,-149.41,1.46"
2908,2026-07-27T13:56:22.803,116.408549,60.074500,0.2100,0.9000,0.1800,-14.2800,-102.1100,11.4700,0.941541,103.739729,"0.21,0.90,0.18,-14.28,-102.11,11.47"
2909,2026-07-27T13:56:22.803,116.409087,0.538400,0.2300,0.8800,0.2500,-1.4600,-71.0400,16.5400,0.943292,72.954676,"0.23,0.88,0.25,-1.46,-71.04,16.54"
2910,2026-07-27T13:56:22.863,116.468557,59.469700,0.2400,0.9300,0.4000,7.6900,-65.4300,14.8300,1.040433,67.528882,"0.24,0.93,0.40,7.69,-65.43,14.83"
2911,2026-07-27T13:56:22.923,116.528439,59.881800,0.2700,1.0100,0.4100,11.7200,-74.7100,10.6200,1.122987,76.365744,"0.27,1.01,0.41,11.72,-74.71,10.62"
2912,2026-07-27T13:56:22.982,116.587920,59.480900,0.3300,1.0800,0.2300,7.4500,-99.1800,6.5900,1.152476,99.677495,"0.33,1.08,0.23,7.45,-99.18,6.59"
2913,2026-07-27T13:56:22.989,116.594173,6.253400,0.4500,1.0600,-0.0100,6.8400,-111.5700,3.7800,1.151608,111.843368,"0.45,1.06,-0.01,6.84,-111.57,3.78"
2914,2026-07-27T13:56:23.043,116.648415,54.241900,0.5600,0.9200,-0.0400,16.7800,-108.8300,-0.4300,1.077775,110.116857,"0.56,0.92,-0.04,16.78,-108.83,-0.43"
2915,2026-07-27T13:56:23.043,116.648841,0.425800,0.5500,0.8100,0.0800,22.2200,-128.7800,-1.1600,0.982344,130.688035,"0.55,0.81,0.08,22.22,-128.78,-1.16"
2916,2026-07-27T13:56:23.103,116.708397,59.556200,0.4900,0.8200,0.0800,9.1600,-161.3800,5.9800,0.958593,161.750334,"0.49,0.82,0.08,9.16,-161.38,5.98"
2917,2026-07-27T13:56:23.164,116.769506,61.109300,0.4000,0.8700,-0.0100,-13.0000,-176.3300,14.0400,0.957601,177.365133,"0.40,0.87,-0.01,-13.00,-176.33,14.04"
2918,2026-07-27T13:56:23.165,116.770262,0.755300,0.3000,0.9100,-0.0800,-25.1500,-178.2800,19.2900,0.961509,181.075633,"0.30,0.91,-0.08,-25.15,-178.28,19.29"
2919,2026-07-27T13:56:23.223,116.828662,58.400600,0.2100,0.9500,-0.0900,-15.3800,-166.9300,21.0600,0.977088,168.954707,"0.21,0.95,-0.09,-15.38,-166.93,21.06"
2920,2026-07-27T13:56:23.283,116.888694,60.032100,0.2000,0.9600,-0.0700,7.4500,-129.7000,21.4200,0.983107,131.667798,"0.20,0.96,-0.07,7.45,-129.70,21.42"
2921,2026-07-27T13:56:23.283,116.889027,0.332600,0.2800,0.9100,-0.1000,15.3200,-89.9700,23.0700,0.957340,94.135690,"0.28,0.91,-0.10,15.32,-89.97,23.07"
2922,2026-07-27T13:56:23.343,116.948652,59.625500,0.3900,0.8300,-0.1600,-1.1000,-77.3900,25.0900,0.930914,81.362953,"0.39,0.83,-0.16,-1.10,-77.39,25.09"
2923,2026-07-27T13:56:23.403,117.008470,59.817800,0.4400,0.8100,-0.1800,-26.9800,-83.5000,27.7700,0.939202,92.039901,"0.44,0.81,-0.18,-26.98,-83.50,27.77"
2924,2026-07-27T13:56:23.403,117.009087,0.616600,0.3900,0.8200,-0.1900,-45.0400,-90.4500,30.2100,0.927685,105.463018,"0.39,0.82,-0.19,-45.04,-90.45,30.21"
2925,2026-07-27T13:56:23.463,117.068844,59.757000,0.3200,0.8600,-0.2100,-49.0700,-93.6300,28.0200,0.941329,109.359783,"0.32,0.86,-0.21,-49.07,-93.63,28.02"
2926,2026-07-27T13:56:23.523,117.128564,59.719700,0.3300,0.8700,-0.2000,-43.5200,-95.9500,19.8400,0.951735,107.210160,"0.33,0.87,-0.20,-43.52,-95.95,19.84"
2927,2026-07-27T13:56:23.523,117.128688,0.124700,0.3400,0.8800,-0.1900,-20.5100,-66.9600,2.0100,0.962341,70.059559,"0.34,0.88,-0.19,-20.51,-66.96,2.01"
2928,2026-07-27T13:56:23.583,117.188820,60.131500,0.2300,0.8900,-0.2200,-35.4600,-72.2700,-2.4400,0.945198,80.537681,"0.23,0.89,-0.22,-35.46,-72.27,-2.44"
2929,2026-07-27T13:56:23.644,117.249989,61.168900,0.1900,0.8800,-0.2300,-63.2900,-104.4900,-5.2500,0.929193,122.275700,"0.19,0.88,-0.23,-63.29,-104.49,-5.25"
2930,2026-07-27T13:56:23.645,117.250611,0.622800,0.2900,0.8500,-0.2000,-87.5200,-127.9300,-5.1900,0.920109,155.089559,"0.29,0.85,-0.20,-87.52,-127.93,-5.19"
2931,2026-07-27T13:56:23.762,117.368042,117.430700,0.4200,0.8600,-0.1700,-97.1100,-127.7500,-2.3200,0.972060,160.486127,"0.42,0.86,-0.17,-97.11,-127.75,-2.32"
2932,2026-07-27T13:56:23.763,117.369045,1.003200,0.3800,0.9700,-0.2400,-88.3800,-114.5600,-1.7700,1.069065,144.700210,"0.38,0.97,-0.24,-88.38,-114.56,-1.77"
2933,2026-07-27T13:56:23.764,117.369692,0.646900,0.1900,1.0900,-0.2200,-77.4500,-103.2700,-7.3900,1.128096,129.297361,"0.19,1.09,-0.22,-77.45,-103.27,-7.39"
2934,2026-07-27T13:56:23.824,117.429648,59.956100,0.1200,1.1200,-0.0500,-78.0000,-97.7800,-13.9800,1.127519,125.858527,"0.12,1.12,-0.05,-78.00,-97.78,-13.98"
2935,2026-07-27T13:56:23.883,117.488874,59.225900,0.1700,1.1100,0.0300,-71.5300,-90.5200,-16.9700,1.123343,116.612144,"0.17,1.11,0.03,-71.53,-90.52,-16.97"
2936,2026-07-27T13:56:23.884,117.489461,0.586700,0.2200,1.0500,0.1300,-52.9800,-91.7400,-15.5600,1.080648,107.075775,"0.22,1.05,0.13,-52.98,-91.74,-15.56"
2937,2026-07-27T13:56:23.943,117.549125,59.663900,0.2300,0.9800,0.4400,-43.4000,-96.5600,-11.3500,1.098590,106.471668,"0.23,0.98,0.44,-43.40,-96.56,-11.35"
2938,2026-07-27T13:56:24.003,117.608800,59.675000,0.1900,0.9700,0.3900,-43.3300,-80.0200,-8.1800,1.062591,91.365211,"0.19,0.97,0.39,-43.33,-80.02,-8.18"
2939,2026-07-27T13:56:24.004,117.609443,0.643000,0.2400,0.9300,0.2200,-42.4800,-62.6800,-9.0300,0.985343,76.255319,"0.24,0.93,0.22,-42.48,-62.68,-9.03"
2940,2026-07-27T13:56:24.064,117.669513,60.070200,0.3100,0.8800,0.1100,-36.8700,-64.5100,-10.9300,0.939468,75.102609,"0.31,0.88,0.11,-36.87,-64.51,-10.93"
2941,2026-07-27T13:56:24.123,117.728888,59.375000,0.2800,0.8800,0.1100,-27.5900,-73.0600,-8.8500,0.930000,78.595765,"0.28,0.88,0.11,-27.59,-73.06,-8.85"
2942,2026-07-27T13:56:24.124,117.730011,1.122900,0.1900,0.9100,0.1800,-19.7800,-77.6400,-3.7200,0.946890,80.206336,"0.19,0.91,0.18,-19.78,-77.64,-3.72"
2943,2026-07-27T13:56:24.183,117.788803,58.792300,0.1500,0.9300,0.2300,-17.2700,-69.1500,1.7100,0.969691,71.294456,"0.15,0.93,0.23,-17.27,-69.15,1.71"
2944,2026-07-27T13:56:24.243,117.848495,59.692100,0.2200,0.9700,0.1900,-21.3000,-53.1600,5.7400,1.012620,57.555392,"0.22,0.97,0.19,-21.30,-53.16,5.74"
2945,2026-07-27T13:56:24.243,117.849049,0.553400,0.3200,0.9800,0.1400,-26.0000,-47.1800,6.3500,1.040385,54.242741,"0.32,0.98,0.14,-26.00,-47.18,6.35"
2946,2026-07-27T13:56:24.303,117.908807,59.757800,0.3500,0.9600,0.1500,-28.6300,-68.3600,2.3800,1.032763,74.151405,"0.35,0.96,0.15,-28.63,-68.36,2.38"
2947,2026-07-27T13:56:24.363,117.968960,60.153500,0.2800,0.9300,0.1700,-30.3300,-106.2600,-2.8700,0.986002,110.541094,"0.28,0.93,0.17,-30.33,-106.26,-2.87"
2948,2026-07-27T13:56:24.364,117.969620,0.660200,0.2000,0.9300,0.2000,-29.4800,-127.4400,-3.4200,0.972060,130.849992,"0.20,0.93,0.20,-29.48,-127.44,-3.42"
2949,2026-07-27T13:56:24.424,118.029460,59.840200,0.1100,0.9400,0.2000,-27.7700,-123.2900,1.3400,0.967316,126.385888,"0.11,0.94,0.20,-27.77,-123.29,1.34"
2950,2026-07-27T13:56:24.483,118.088570,59.109800,0.0200,0.9900,0.1400,-28.1400,-116.7000,5.3100,1.000050,120.162164,"0.02,0.99,0.14,-28.14,-116.70,5.31"
2951,2026-07-27T13:56:24.483,118.088893,0.322500,-0.0300,1.0500,0.0700,-29.0500,-122.0700,4.0900,1.052758,125.545671,"-0.03,1.05,0.07,-29.05,-122.07,4.09"
2952,2026-07-27T13:56:24.543,118.148965,60.072400,-0.0100,1.1000,0.0300,-19.6500,-113.8300,0.1800,1.100454,115.513739,"-0.01,1.10,0.03,-19.65,-113.83,0.18"
2953,2026-07-27T13:56:24.603,118.209060,60.095200,-0.0300,1.1200,-0.0000,4.3300,-76.6600,-8.5400,1.120402,77.255654,"-0.03,1.12,-0.00,4.33,-76.66,-8.54"
2954,2026-07-27T13:56:24.604,118.209456,0.396000,-0.1000,1.1100,-0.0400,38.2700,-34.1800,-31.1300,1.115213,60.016183,"-0.10,1.11,-0.04,38.27,-34.18,-31.13"
2955,2026-07-27T13:56:24.666,118.272020,62.564000,0.0200,1.1000,-0.0400,74.5200,-15.5000,-66.0400,1.100909,100.770839,"0.02,1.10,-0.04,74.52,-15.50,-66.04"
2956,2026-07-27T13:56:24.724,118.329912,57.892100,0.3100,1.0700,-0.0200,91.4300,-37.4100,-91.9800,1.114181,134.978789,"0.31,1.07,-0.02,91.43,-37.41,-91.98"
2957,2026-07-27T13:56:24.783,118.388401,58.489000,0.3800,1.0300,0.0300,70.5000,-68.1800,-94.5400,1.098271,136.222516,"0.38,1.03,0.03,70.50,-68.18,-94.54"
2958,2026-07-27T13:56:24.842,118.447990,59.588500,0.1900,1.0700,0.1300,29.1700,-60.6100,-88.8700,1.094486,111.455542,"0.19,1.07,0.13,29.17,-60.61,-88.87"
2959,2026-07-27T13:56:24.843,118.448471,0.481100,0.0200,1.1200,0.2100,-5.8000,-12.8200,-85.8200,1.139693,86.965883,"0.02,1.12,0.21,-5.80,-12.82,-85.82"
2960,2026-07-27T13:56:24.843,118.449087,0.616300,0.0300,1.0900,0.2000,-23.0100,60.4200,-79.2800,1.108603,102.300317,"0.03,1.09,0.20,-23.01,60.42,-79.28"
2961,2026-07-27T13:56:24.903,118.508888,59.800500,0.2000,0.9800,0.1300,-25.7000,132.0800,-68.9100,1.008613,151.176071,"0.20,0.98,0.13,-25.70,132.08,-68.91"
2962,2026-07-27T13:56:24.963,118.568776,59.888100,0.3200,0.8400,0.0100,-22.3400,172.2400,-53.4100,0.898944,181.709442,"0.32,0.84,0.01,-22.34,172.24,-53.41"
2963,2026-07-27T13:56:24.964,118.569199,0.423100,0.2800,0.7900,-0.1300,-20.2600,174.1300,-29.2400,0.848175,177.726481,"0.28,0.79,-0.13,-20.26,174.13,-29.24"
2964,2026-07-27T13:56:25.024,118.629622,60.423400,0.1900,0.8300,-0.2300,-20.8700,155.5200,-2.3200,0.881986,156.931226,"0.19,0.83,-0.23,-20.87,155.52,-2.32"
2965,2026-07-27T13:56:25.083,118.688862,59.239700,0.1700,0.8400,-0.2500,-10.8000,140.6900,19.3500,0.892749,142.424501,"0.17,0.84,-0.25,-10.80,140.69,19.35"
2966,2026-07-27T13:56:25.084,118.689572,0.709600,0.1200,0.8900,-0.2100,-1.0400,123.5400,32.4700,0.922280,127.740025,"0.12,0.89,-0.21,-1.04,123.54,32.47"
2967,2026-07-27T13:56:25.143,118.748839,59.267500,-0.0200,1.0500,-0.1000,-10.1300,88.2600,34.4200,1.054941,95.274240,"-0.02,1.05,-0.10,-10.13,88.26,34.42"
2968,2026-07-27T13:56:25.203,118.808492,59.652300,-0.1600,1.1600,0.0800,-24.6000,42.3000,24.7800,1.173712,54.849780,"-0.16,1.16,0.08,-24.60,42.30,24.78"
2969,2026-07-27T13:56:25.203,118.808755,0.263400,-0.0800,1.2000,0.1100,-31.1900,10.1300,16.6600,1.207684,36.782993,"-0.08,1.20,0.11,-31.19,10.13,16.66"
2970,2026-07-27T13:56:25.265,118.870781,62.026400,0.1200,1.1600,-0.0700,-27.5300,21.1200,23.7400,1.168289,42.042156,"0.12,1.16,-0.07,-27.53,21.12,23.74"
2971,2026-07-27T13:56:25.383,118.988447,117.665900,0.2500,0.9400,-0.0900,-5.6800,69.5200,39.7300,0.976832,80.273070,"0.25,0.94,-0.09,-5.68,69.52,39.73"
2972,2026-07-27T13:56:25.383,118.989002,0.554800,0.2800,0.7700,0.0400,9.7700,111.2700,53.5900,0.820305,123.888474,"0.28,0.77,0.04,9.77,111.27,53.59"
2973,2026-07-27T13:56:25.384,118.989650,0.648100,0.1900,0.8800,0.0800,-1.3400,132.9300,59.2000,0.903825,145.522577,"0.19,0.88,0.08,-1.34,132.93,59.20"
2974,2026-07-27T13:56:25.443,119.048967,59.316900,0.1700,1.0600,0.1000,-7.4500,143.7400,53.8900,1.078193,153.690671,"0.17,1.06,0.10,-7.45,143.74,53.89"
2975,2026-07-27T13:56:25.444,119.049609,0.641500,0.1800,1.1100,0.2000,4.9400,129.9400,38.0900,1.142147,135.497806,"0.18,1.11,0.20,4.94,129.94,38.09"
2976,2026-07-27T13:56:25.503,119.108820,59.211000,0.1800,1.0500,0.2300,8.1200,71.7200,16.6000,1.089862,74.062493,"0.18,1.05,0.23,8.12,71.72,16.60"
2977,2026-07-27T13:56:25.623,119.228654,119.834800,0.2400,0.9700,0.1300,-4.8800,2.2000,2.6900,1.007671,5.990868,"0.24,0.97,0.13,-4.88,2.20,2.69"
2978,2026-07-27T13:56:25.623,119.229171,0.516600,0.2400,0.8600,0.1000,-12.2100,-20.9400,4.3300,0.898443,24.623497,"0.24,0.86,0.10,-12.21,-20.94,4.33"
2979,2026-07-27T13:56:25.624,119.229884,0.713300,0.2100,0.8100,0.1300,-8.2400,-2.9900,13.9200,0.846818,16.450049,"0.21,0.81,0.13,-8.24,-2.99,13.92"
2980,2026-07-27T13:56:25.683,119.288832,58.947400,0.2600,0.8400,0.1800,-3.6600,19.4700,20.8100,0.897552,28.732083,"0.26,0.84,0.18,-3.66,19.47,20.81"
2981,2026-07-27T13:56:25.684,119.289226,0.394400,0.3200,0.9100,0.2200,-5.6200,23.9900,24.5400,0.989394,34.775223,"0.32,0.91,0.22,-5.62,23.99,24.54"
2982,2026-07-27T13:56:25.803,119.408212,118.985700,0.2900,1.0000,0.2100,-8.0000,6.9600,28.3200,1.062168,30.240106,"0.29,1.00,0.21,-8.00,6.96,28.32"
2983,2026-07-27T13:56:25.804,119.409430,1.218500,0.2100,1.0600,0.1900,-4.7000,-13.0600,29.9700,1.097178,33.028087,"0.21,1.06,0.19,-4.70,-13.06,29.97"
2984,2026-07-27T13:56:25.804,119.410103,0.672300,0.1700,1.0700,0.1700,4.2100,-19.4700,27.7100,1.096677,34.126956,"0.17,1.07,0.17,4.21,-19.47,27.71"
2985,2026-07-27T13:56:25.863,119.468362,58.259800,0.1500,1.0400,0.1400,19.5900,-15.0800,23.2500,1.060047,33.937251,"0.15,1.04,0.14,19.59,-15.08,23.25"
2986,2026-07-27T13:56:25.923,119.528747,60.384600,0.1100,1.0400,0.0400,36.1300,-7.5100,17.8800,1.046566,41.005748,"0.11,1.04,0.04,36.13,-7.51,17.88"
2987,2026-07-27T13:56:25.923,119.529142,0.395000,0.0900,1.0600,-0.0700,46.5700,3.6000,11.1700,1.066114,48.025970,"0.09,1.06,-0.07,46.57,3.60,11.17"
2988,2026-07-27T13:56:25.983,119.588547,59.405500,0.0900,1.0300,-0.1300,56.8800,21.6700,1.2200,1.042065,60.880306,"0.09,1.03,-0.13,56.88,21.67,1.22"
2989,2026-07-27T13:56:26.044,119.649429,60.881800,0.1600,0.9500,-0.1200,72.3300,44.5600,-15.5000,0.970824,86.356659,"0.16,0.95,-0.12,72.33,44.56,-15.50"
2990,2026-07-27T13:56:26.044,119.649758,0.329000,0.2800,0.8900,-0.1300,82.8200,36.8700,-38.5100,0.942019,98.496545,"0.28,0.89,-0.13,82.82,36.87,-38.51"
2991,2026-07-27T13:56:26.103,119.709110,59.351700,0.2700,0.9600,-0.1900,75.8100,-13.1800,-61.2200,1.015185,98.329837,"0.27,0.96,-0.19,75.81,-13.18,-61.22"
2992,2026-07-27T13:56:26.163,119.768996,59.885800,0.2200,1.0700,-0.1600,52.5500,-45.1000,-75.4400,1.104038,102.404620,"0.22,1.07,-0.16,52.55,-45.10,-75.44"
2993,2026-07-27T13:56:26.164,119.769401,0.405300,0.1300,1.1500,-0.1200,26.1800,-28.8700,-70.1900,1.163529,80.283905,"0.13,1.15,-0.12,26.18,-28.87,-70.19"
2994,2026-07-27T13:56:26.223,119.828825,59.423900,0.0600,1.1400,-0.0300,14.6500,16.1100,-37.5400,1.141972,43.398228,"0.06,1.14,-0.03,14.65,16.11,-37.54"
2995,2026-07-27T13:56:26.283,119.888724,59.899300,0.3000,0.9800,-0.0100,21.8500,68.8500,-19.1000,1.024939,74.716498,"0.30,0.98,-0.01,21.85,68.85,-19.10"
2996,2026-07-27T13:56:26.343,119.948505,59.780700,0.4900,0.8600,-0.1300,15.2600,104.8000,-57.5000,0.998299,120.507915,"0.49,0.86,-0.13,15.26,104.80,-57.50"
2997,2026-07-27T13:56:26.343,119.948897,0.392200,0.4000,0.8300,-0.1800,-8.2400,107.0600,-106.8100,0.938776,151.453350,"0.40,0.83,-0.18,-8.24,107.06,-106.81"
2998,2026-07-27T13:56:26.403,120.009092,60.194900,0.2400,0.8000,-0.1500,-21.3000,88.2600,-112.4300,0.848587,144.513053,"0.24,0.80,-0.15,-21.30,88.26,-112.43"
2999,2026-07-27T13:56:26.404,120.009656,0.563600,0.1400,0.7500,-0.1100,-25.3300,69.8200,-77.5100,0.770844,107.351020,"0.14,0.75,-0.11,-25.33,69.82,-77.51"
3000,2026-07-27T13:56:26.463,120.068771,59.115600,0.1100,0.7800,-0.1900,-31.8600,95.4000,9.7000,0.810309,101.046077,"0.11,0.78,-0.19,-31.86,95.40,9.70"
