packet_number,timestamp,elapsed_seconds,interval_ms,Xg,Yg,Zg,Xdeg,Ydeg,Zdeg,acceleration_magnitude_g,gyroscope_magnitude_dps,raw_payload
1,2026-07-27T13:53:57.160,0.103837,,-0.3300,0.4200,0.8300,0.9800,1.6500,0.9200,0.987016,2.128215,"-0.33,0.42,0.83,0.98,1.65,0.92"
2,2026-07-27T13:53:57.162,0.106512,2.674900,-0.3200,0.4200,0.8300,1.2800,0.9800,0.3100,0.983717,1.641615,"-0.32,0.42,0.83,1.28,0.98,0.31"
3,2026-07-27T13:53:57.174,0.118443,11.931200,-0.3200,0.4200,0.8400,1.3400,1.0400,0.3100,0.992169,1.724326,"-0.32,0.42,0.84,1.34,1.04,0.31"
4,2026-07-27T13:53:57.249,0.193333,74.890500,-0.3300,0.4200,0.8500,0.9800,1.0400,0.6100,1.003892,1.553737,"-0.33,0.42,0.85,0.98,1.04,0.61"
5,2026-07-27T13:53:57.250,0.193597,0.264000,-0.3300,0.4200,0.8500,0.1200,0.7900,0.4900,1.003892,0.937337,"-0.33,0.42,0.85,0.12,0.79,0.49"
6,2026-07-27T13:53:57.333,0.276830,83.232700,-0.3300,0.4200,0.8500,-0.3700,0.0600,0.1800,1.003892,0.415812,"-0.33,0.42,0.85,-0.37,0.06,0.18"
7,2026-07-27T13:53:57.333,0.277100,0.269800,-0.3300,0.4200,0.8400,-0.6100,-0.6100,0.0600,0.995440,0.864754,"-0.33,0.42,0.84,-0.61,-0.61,0.06"
8,2026-07-27T13:53:57.369,0.313394,36.294100,-0.3300,0.4200,0.8400,-0.7900,-0.6700,0.1200,0.995440,1.042785,"-0.33,0.42,0.84,-0.79,-0.67,0.12"
9,2026-07-27T13:53:57.463,0.406903,93.508600,-0.3400,0.4200,0.8300,-0.9800,-0.1800,0.0000,0.990404,0.996393,"-0.34,0.42,0.83,-0.98,-0.18,0.00"
10,2026-07-27T13:53:57.463,0.407077,0.174500,-0.3400,0.4200,0.8300,-0.9800,0.3700,-0.4300,0.990404,1.132343,"-0.34,0.42,0.83,-0.98,0.37,-0.43"
11,2026-07-27T13:53:57.537,0.480989,73.912000,-0.3300,0.4200,0.8200,-0.2400,0.2400,-0.8500,0.978621,0.915260,"-0.33,0.42,0.82,-0.24,0.24,-0.85"
12,2026-07-27T13:53:57.537,0.481171,0.182000,-0.3300,0.4300,0.8300,0.8500,-0.1800,-0.9800,0.991312,1.309695,"-0.33,0.43,0.83,0.85,-0.18,-0.98"
13,2026-07-27T13:53:57.564,0.508250,27.079300,-0.3300,0.4300,0.8300,1.4000,-0.2400,-0.7900,0.991312,1.625331,"-0.33,0.43,0.83,1.40,-0.24,-0.79"
14,2026-07-27T13:53:57.669,0.613151,104.900600,-0.3300,0.4300,0.8400,1.4000,0.0600,-0.4300,0.999700,1.465776,"-0.33,0.43,0.84,1.40,0.06,-0.43"
15,2026-07-27T13:53:57.669,0.613397,0.245700,-0.3300,0.4300,0.8500,0.9200,0.5500,-0.1200,1.008117,1.078564,"-0.33,0.43,0.85,0.92,0.55,-0.12"
16,2026-07-27T13:53:57.684,0.627945,14.548100,-0.3300,0.4300,0.8400,0.0000,0.7300,0.1200,0.999700,0.739797,"-0.33,0.43,0.84,0.00,0.73,0.12"
17,2026-07-27T13:53:57.789,0.733259,105.314200,-0.3400,0.4200,0.8400,-1.0400,0.6100,-0.0600,0.998799,1.207187,"-0.34,0.42,0.84,-1.04,0.61,-0.06"
18,2026-07-27T13:53:57.789,0.733462,0.202900,-0.3400,0.4200,0.8300,-1.5300,0.0000,-0.3700,0.990404,1.574103,"-0.34,0.42,0.83,-1.53,0.00,-0.37"
19,2026-07-27T13:53:57.821,0.764891,31.429100,-0.3300,0.4200,0.8300,-1.4600,-0.6700,-0.6100,0.987016,1.718313,"-0.33,0.42,0.83,-1.46,-0.67,-0.61"
20,2026-07-27T13:53:57.864,0.808434,43.543200,-0.3300,0.4200,0.8200,-1.4600,-0.7900,-0.4900,0.978621,1.730838,"-0.33,0.42,0.82,-1.46,-0.79,-0.49"
21,2026-07-27T13:53:57.880,0.824571,16.137100,-0.3400,0.4200,0.8300,-1.1600,-0.6700,0.0600,0.990404,1.340933,"-0.34,0.42,0.83,-1.16,-0.67,0.06"
22,2026-07-27T13:53:58.074,1.017946,193.374300,-0.3400,0.4200,0.8300,-0.4300,-0.4900,0.4300,0.990404,0.780961,"-0.34,0.42,0.83,-0.43,-0.49,0.43"
23,2026-07-27T13:53:58.074,1.018223,0.277600,-0.3400,0.4200,0.8300,0.1200,-0.5500,0.2400,0.990404,0.611964,"-0.34,0.42,0.83,0.12,-0.55,0.24"
24,2026-07-27T13:53:58.075,1.018658,0.435000,-0.3400,0.4200,0.8400,0.1800,-0.5500,-0.1200,0.998799,0.591016,"-0.34,0.42,0.84,0.18,-0.55,-0.12"
25,2026-07-27T13:53:58.075,1.019188,0.529900,-0.3400,0.4100,0.8400,-0.1200,-0.4900,-0.4300,0.994636,0.662873,"-0.34,0.41,0.84,-0.12,-0.49,-0.43"
26,2026-07-27T13:53:58.119,1.063371,44.183100,-0.3400,0.4100,0.8500,-0.3100,-0.3100,-0.8500,1.003095,0.956399,"-0.34,0.41,0.85,-0.31,-0.31,-0.85"
27,2026-07-27T13:53:58.119,1.063533,0.161300,-0.3400,0.4100,0.8500,-0.4900,-0.2400,-1.2800,1.003095,1.391438,"-0.34,0.41,0.85,-0.49,-0.24,-1.28"
28,2026-07-27T13:53:58.164,1.108068,44.535400,-0.3400,0.4200,0.8500,-1.1000,-0.5500,-1.5900,1.007224,2.010124,"-0.34,0.42,0.85,-1.10,-0.55,-1.59"
29,2026-07-27T13:53:58.344,1.288206,180.138200,-0.3300,0.4100,0.8400,-1.8300,-1.0400,-1.7700,0.991262,2.750164,"-0.33,0.41,0.84,-1.83,-1.04,-1.77"
30,2026-07-27T13:53:58.345,1.288585,0.378600,-0.3300,0.4200,0.8300,-1.9500,-1.2800,-1.8300,0.987016,2.964760,"-0.33,0.42,0.83,-1.95,-1.28,-1.83"
31,2026-07-27T13:53:58.345,1.288948,0.363700,-0.3300,0.4200,0.8300,-1.4600,-1.0400,-1.6500,0.987016,2.436329,"-0.33,0.42,0.83,-1.46,-1.04,-1.65"
32,2026-07-27T13:53:58.346,1.289585,0.636500,-0.3300,0.4200,0.8300,-0.9800,-0.7300,-1.3400,0.987016,1.813532,"-0.33,0.42,0.83,-0.98,-0.73,-1.34"
33,2026-07-27T13:53:58.404,1.348235,58.650100,-0.3300,0.4200,0.8300,-0.6100,-0.5500,-1.1000,0.987016,1.372807,"-0.33,0.42,0.83,-0.61,-0.55,-1.10"
34,2026-07-27T13:53:58.405,1.348611,0.375500,-0.3300,0.4200,0.8300,-0.4300,-0.4300,-0.9800,0.987016,1.153343,"-0.33,0.42,0.83,-0.43,-0.43,-0.98"
35,2026-07-27T13:53:58.584,1.528456,179.845800,-0.3300,0.4200,0.8400,-0.0600,-0.3700,-0.6700,0.995440,0.767724,"-0.33,0.42,0.84,-0.06,-0.37,-0.67"
36,2026-07-27T13:53:58.585,1.528808,0.351300,-0.3300,0.4100,0.8400,0.3100,-0.6100,-0.0600,0.991262,0.686877,"-0.33,0.41,0.84,0.31,-0.61,-0.06"
37,2026-07-27T13:53:58.585,1.529012,0.204100,-0.3300,0.4100,0.8500,0.3700,-0.6700,0.4900,0.999750,0.908790,"-0.33,0.41,0.85,0.37,-0.67,0.49"
38,2026-07-27T13:53:58.586,1.529644,0.632000,-0.3300,0.4100,0.8500,0.1800,-0.7900,0.8500,0.999750,1.174308,"-0.33,0.41,0.85,0.18,-0.79,0.85"
39,2026-07-27T13:53:58.644,1.588572,58.928700,-0.3400,0.4100,0.8500,-0.1200,-0.9800,1.1600,1.003095,1.523286,"-0.34,0.41,0.85,-0.12,-0.98,1.16"
40,2026-07-27T13:53:58.645,1.588882,0.309700,-0.3400,0.4100,0.8500,-0.7900,-0.7300,1.2200,1.003095,1.626469,"-0.34,0.41,0.85,-0.79,-0.73,1.22"
41,2026-07-27T13:53:59.124,2.068253,479.371100,-0.3400,0.4100,0.8400,-1.3400,-0.3700,0.9800,0.994636,1.700853,"-0.34,0.41,0.84,-1.34,-0.37,0.98"
42,2026-07-27T13:53:59.124,2.068530,0.276500,-0.3400,0.4100,0.8300,-1.3400,-0.3100,0.6700,0.986205,1.529902,"-0.34,0.41,0.83,-1.34,-0.31,0.67"
43,2026-07-27T13:53:59.125,2.069079,0.549700,-0.3300,0.4100,0.8300,-0.9800,-0.6700,0.4300,0.982802,1.262616,"-0.33,0.41,0.83,-0.98,-0.67,0.43"
44,2026-07-27T13:53:59.126,2.069585,0.505400,-0.3300,0.4100,0.8400,-0.6100,-0.7900,0.1200,0.991262,1.005286,"-0.33,0.41,0.84,-0.61,-0.79,0.12"
45,2026-07-27T13:53:59.126,2.070033,0.447700,-0.3300,0.4100,0.8400,-0.4900,-0.3100,-0.1800,0.991262,0.607124,"-0.33,0.41,0.84,-0.49,-0.31,-0.18"
46,2026-07-27T13:53:59.127,2.070690,0.657900,-0.3300,0.4100,0.8400,0.7900,-0.4300,-0.4300,0.991262,0.996945,"-0.33,0.41,0.84,0.79,-0.43,-0.43"
47,2026-07-27T13:53:59.127,2.071159,0.468400,-0.3300,0.4100,0.8400,0.6700,-0.6700,-0.7300,0.991262,1.196119,"-0.33,0.41,0.84,0.67,-0.67,-0.73"
48,2026-07-27T13:53:59.128,2.071808,0.649600,-0.3300,0.4100,0.8500,0.1200,-0.6700,-0.6100,0.999750,0.914002,"-0.33,0.41,0.85,0.12,-0.67,-0.61"
49,2026-07-27T13:53:59.128,2.072283,0.474800,-0.3300,0.4100,0.8500,-0.5500,-0.3100,-0.3700,0.999750,0.731779,"-0.33,0.41,0.85,-0.55,-0.31,-0.37"
50,2026-07-27T13:53:59.129,2.072854,0.570700,-0.3300,0.4100,0.8500,-0.9800,-0.1800,-0.2400,0.999750,1.024890,"-0.33,0.41,0.85,-0.98,-0.18,-0.24"
51,2026-07-27T13:53:59.186,2.129810,56.956000,-0.3300,0.4100,0.8400,-0.9800,-0.6700,-0.0600,0.991262,1.188655,"-0.33,0.41,0.84,-0.98,-0.67,-0.06"
52,2026-07-27T13:53:59.304,2.248283,118.472900,-0.3300,0.4100,0.8300,-0.6100,-1.0400,0.2400,0.982802,1.229349,"-0.33,0.41,0.83,-0.61,-1.04,0.24"
53,2026-07-27T13:53:59.304,2.248500,0.217200,-0.3300,0.4100,0.8300,-0.0600,0.1800,0.7900,0.982802,0.812465,"-0.33,0.41,0.83,-0.06,0.18,0.79"
54,2026-07-27T13:53:59.364,2.308194,59.694300,-0.3300,0.4100,0.8300,-0.1200,0.9800,0.8500,0.982802,1.302805,"-0.33,0.41,0.83,-0.12,0.98,0.85"
55,2026-07-27T13:53:59.364,2.308422,0.227300,-0.3400,0.4000,0.8400,-0.1200,0.9800,0.8500,0.990555,1.302805,"-0.34,0.40,0.84,-0.12,0.98,0.85"
56,2026-07-27T13:53:59.424,2.368080,59.658500,-0.3400,0.4000,0.8400,0.1800,1.4000,0.7300,0.990555,1.589119,"-0.34,0.40,0.84,0.18,1.40,0.73"
57,2026-07-27T13:53:59.484,2.428205,60.124700,-0.3400,0.4100,0.8500,0.6700,1.2200,0.4300,1.003095,1.456777,"-0.34,0.41,0.85,0.67,1.22,0.43"
58,2026-07-27T13:53:59.484,2.428354,0.149200,-0.3300,0.4100,0.8500,0.6700,0.9200,0.1800,0.999750,1.152259,"-0.33,0.41,0.85,0.67,0.92,0.18"
59,2026-07-27T13:53:59.606,2.550023,121.668800,-0.3300,0.4100,0.8500,0.1800,0.6700,0.0600,0.999750,0.696348,"-0.33,0.41,0.85,0.18,0.67,0.06"
60,2026-07-27T13:53:59.606,2.550219,0.195900,-0.3300,0.4100,0.8500,-0.4900,0.3100,0.1800,0.999750,0.607124,"-0.33,0.41,0.85,-0.49,0.31,0.18"
61,2026-07-27T13:53:59.606,2.550335,0.115800,-0.3300,0.4100,0.8500,-0.8500,-0.0600,0.3100,0.999750,0.906752,"-0.33,0.41,0.85,-0.85,-0.06,0.31"
62,2026-07-27T13:53:59.667,2.611079,60.743900,-0.3400,0.4100,0.8400,-1.1000,-0.3100,0.3100,0.994636,1.184145,"-0.34,0.41,0.84,-1.10,-0.31,0.31"
63,2026-07-27T13:53:59.968,2.911862,300.783900,-0.3400,0.4100,0.8400,-1.1600,-0.4300,-0.0600,0.994636,1.238588,"-0.34,0.41,0.84,-1.16,-0.43,-0.06"
64,2026-07-27T13:53:59.969,2.912600,0.737200,-0.3300,0.4100,0.8300,-0.7900,-0.6100,-0.1800,0.982802,1.014199,"-0.33,0.41,0.83,-0.79,-0.61,-0.18"
65,2026-07-27T13:53:59.969,2.913060,0.460800,-0.3400,0.4100,0.8300,-0.4900,-0.7300,-0.1800,0.986205,0.897441,"-0.34,0.41,0.83,-0.49,-0.73,-0.18"
66,2026-07-27T13:53:59.971,2.914639,1.578400,-0.3400,0.4100,0.8400,-0.4900,-0.6100,-0.2400,0.994636,0.818413,"-0.34,0.41,0.84,-0.49,-0.61,-0.24"
67,2026-07-27T13:53:59.972,2.915698,1.059300,-0.3400,0.4100,0.8400,-0.6100,-0.4300,-0.4300,0.994636,0.861336,"-0.34,0.41,0.84,-0.61,-0.43,-0.43"
68,2026-07-27T13:53:59.972,2.915889,0.191100,-0.3400,0.4000,0.8400,-1.0400,0.0600,-0.8500,0.990555,1.344507,"-0.34,0.40,0.84,-1.04,0.06,-0.85"
69,2026-07-27T13:53:59.972,2.916018,0.128400,-0.3400,0.4000,0.8500,-1.2800,0.4300,-1.2200,0.999050,1.819808,"-0.34,0.40,0.85,-1.28,0.43,-1.22"
70,2026-07-27T13:53:59.972,2.916153,0.135100,-0.3400,0.4000,0.8500,-0.8500,0.1200,-1.0400,0.999050,1.348518,"-0.34,0.40,0.85,-0.85,0.12,-1.04"
71,2026-07-27T13:54:00.090,3.033829,117.676300,-0.3300,0.4000,0.8500,-0.3100,-0.3700,-0.6700,0.995691,0.825772,"-0.33,0.40,0.85,-0.31,-0.37,-0.67"
72,2026-07-27T13:54:00.090,3.034021,0.191800,-0.3300,0.4000,0.8400,-0.1200,-0.5500,-0.3700,0.987168,0.673647,"-0.33,0.40,0.84,-0.12,-0.55,-0.37"
73,2026-07-27T13:54:00.090,3.034135,0.114400,-0.3300,0.4000,0.8400,-0.1800,-0.6100,-0.1200,0.987168,0.647225,"-0.33,0.40,0.84,-0.18,-0.61,-0.12"
74,2026-07-27T13:54:00.204,3.148284,114.148900,-0.3400,0.4000,0.8400,-0.3100,-0.7300,0.1800,0.990555,0.813265,"-0.34,0.40,0.84,-0.31,-0.73,0.18"
75,2026-07-27T13:54:00.205,3.148658,0.373600,-0.3400,0.4000,0.8400,-0.3100,-0.7900,0.4300,0.990555,0.951367,"-0.34,0.40,0.84,-0.31,-0.79,0.43"
76,2026-07-27T13:54:00.205,3.149055,0.397200,-0.3400,0.4000,0.8400,-0.4900,-0.8500,0.4300,0.990555,1.071214,"-0.34,0.40,0.84,-0.49,-0.85,0.43"
77,2026-07-27T13:54:00.264,3.208171,59.115900,-0.3400,0.4000,0.8400,-0.7300,-0.8500,0.1800,0.990555,1.134813,"-0.34,0.40,0.84,-0.73,-0.85,0.18"
78,2026-07-27T13:54:00.324,3.268347,60.176000,-0.3400,0.4000,0.8400,-1.0400,-0.4900,0.0000,0.990555,1.149652,"-0.34,0.40,0.84,-1.04,-0.49,0.00"
79,2026-07-27T13:54:00.324,3.268529,0.182400,-0.3400,0.4000,0.8400,-1.4600,-0.1200,-0.1200,0.990555,1.469830,"-0.34,0.40,0.84,-1.46,-0.12,-0.12"
80,2026-07-27T13:54:00.384,3.328337,59.808000,-0.3400,0.4000,0.8400,-1.8900,0.5500,-0.6100,0.990555,2.060752,"-0.34,0.40,0.84,-1.89,0.55,-0.61"
81,2026-07-27T13:54:00.447,3.390791,62.453400,-0.3400,0.4000,0.8400,-1.7700,0.3700,-1.8300,0.990555,2.572683,"-0.34,0.40,0.84,-1.77,0.37,-1.83"
82,2026-07-27T13:54:00.447,3.390902,0.111100,-0.3400,0.4000,0.8500,-1.2200,-1.4600,-2.7500,0.999050,3.344025,"-0.34,0.40,0.85,-1.22,-1.46,-2.75"
83,2026-07-27T13:54:00.684,3.628103,237.201700,-0.3400,0.4000,0.8500,-1.1000,-3.1100,-2.4400,0.999050,4.103133,"-0.34,0.40,0.85,-1.10,-3.11,-2.44"
84,2026-07-27T13:54:00.684,3.628435,0.331300,-0.3300,0.3900,0.8600,-0.8500,-3.1100,-1.4000,1.000300,3.514911,"-0.33,0.39,0.86,-0.85,-3.11,-1.40"
85,2026-07-27T13:54:00.685,3.628944,0.509500,-0.3300,0.4000,0.8600,-0.7900,-2.2000,-0.7300,1.004241,2.448877,"-0.33,0.40,0.86,-0.79,-2.20,-0.73"
86,2026-07-27T13:54:00.685,3.629479,0.535300,-0.3300,0.4000,0.8500,-1.5300,-1.5300,-0.7300,0.995691,2.283572,"-0.33,0.40,0.85,-1.53,-1.53,-0.73"
87,2026-07-27T13:54:00.686,3.630022,0.543000,-0.3300,0.3900,0.8500,-2.6200,-1.5300,-1.3400,0.991716,3.316760,"-0.33,0.39,0.85,-2.62,-1.53,-1.34"
88,2026-07-27T13:54:00.687,3.630679,0.656900,-0.3400,0.3800,0.8400,-3.3600,-1.5300,-1.8300,0.982649,4.120607,"-0.34,0.38,0.84,-3.36,-1.53,-1.83"
89,2026-07-27T13:54:00.744,3.688177,57.497300,-0.3400,0.3800,0.8500,-2.9900,-1.2200,-1.4000,0.991211,3.519730,"-0.34,0.38,0.85,-2.99,-1.22,-1.40"
90,2026-07-27T13:54:00.805,3.749462,61.285400,-0.3400,0.3800,0.8500,-2.5600,-1.3400,-0.2400,0.991211,2.899448,"-0.34,0.38,0.85,-2.56,-1.34,-0.24"
91,2026-07-27T13:54:00.806,3.749675,0.212800,-0.3400,0.3800,0.8600,-2.5000,-1.7700,0.3700,0.999800,3.085417,"-0.34,0.38,0.86,-2.50,-1.77,0.37"
92,2026-07-27T13:54:00.985,3.928736,179.061200,-0.3300,0.3800,0.8500,-2.5000,-1.8900,0.4900,0.987826,3.172097,"-0.33,0.38,0.85,-2.50,-1.89,0.49"
93,2026-07-27T13:54:00.985,3.929113,0.376600,-0.3300,0.3800,0.8500,-2.4400,-1.9500,0.7300,0.987826,3.207647,"-0.33,0.38,0.85,-2.44,-1.95,0.73"
94,2026-07-27T13:54:00.985,3.929299,0.186800,-0.3300,0.3800,0.8600,-2.5000,-1.8300,0.4900,0.996444,3.136718,"-0.33,0.38,0.86,-2.50,-1.83,0.49"
95,2026-07-27T13:54:00.987,3.930715,1.416000,-0.3300,0.3700,0.8600,-2.2000,-1.7100,-0.1200,0.992673,2.788996,"-0.33,0.37,0.86,-2.20,-1.71,-0.12"
96,2026-07-27T13:54:01.104,4.048376,117.660200,-0.3200,0.3800,0.8600,-2.1400,-2.0100,-0.4900,0.993177,2.976542,"-0.32,0.38,0.86,-2.14,-2.01,-0.49"
97,2026-07-27T13:54:01.105,4.048631,0.255300,-0.3200,0.3800,0.8700,-3.0500,-2.5000,-0.4300,1.001848,3.967039,"-0.32,0.38,0.87,-3.05,-2.50,-0.43"
98,2026-07-27T13:54:01.105,4.048932,0.300700,-0.3200,0.3700,0.8700,-4.5800,-2.9300,-0.6700,0.998098,5.478157,"-0.32,0.37,0.87,-4.58,-2.93,-0.67"
99,2026-07-27T13:54:01.225,4.168841,119.909800,-0.3300,0.3700,0.8600,-6.1000,-3.7800,-2.3200,0.992673,7.541936,"-0.33,0.37,0.86,-6.10,-3.78,-2.32"
100,2026-07-27T13:54:01.225,4.169046,0.204800,-0.3300,0.3600,0.8600,-8.0600,-5.0000,-4.7000,0.988989,10.585537,"-0.33,0.36,0.86,-8.06,-5.00,-4.70"
101,2026-07-27T13:54:01.225,4.169113,0.066600,-0.3300,0.3500,0.8700,-9.5800,-5.0000,-5.3100,0.994133,12.040453,"-0.33,0.35,0.87,-9.58,-5.00,-5.31"
102,2026-07-27T13:54:01.344,4.288247,119.133700,-0.3200,0.3400,0.8800,-8.6100,-3.4200,-3.4200,0.996193,9.875470,"-0.32,0.34,0.88,-8.61,-3.42,-3.42"
103,2026-07-27T13:54:01.345,4.288608,0.361500,-0.3200,0.3400,0.8800,-5.6800,-1.8900,-1.2200,0.996193,6.109247,"-0.32,0.34,0.88,-5.68,-1.89,-1.22"
104,2026-07-27T13:54:01.345,4.289064,0.455900,-0.3200,0.3400,0.8800,-2.8700,-1.3400,0.2400,0.996193,3.176492,"-0.32,0.34,0.88,-2.87,-1.34,0.24"
105,2026-07-27T13:54:01.647,4.591273,302.208900,-0.3100,0.3400,0.8800,-1.7700,-1.4600,0.7900,0.993026,2.426644,"-0.31,0.34,0.88,-1.77,-1.46,0.79"
106,2026-07-27T13:54:01.647,4.591453,0.179800,-0.3100,0.3400,0.8800,-1.5300,-1.5300,0.7300,0.993026,2.283572,"-0.31,0.34,0.88,-1.53,-1.53,0.73"
107,2026-07-27T13:54:01.648,4.591597,0.144300,-0.3100,0.3400,0.8800,-0.7900,-1.4600,0.5500,0.993026,1.748771,"-0.31,0.34,0.88,-0.79,-1.46,0.55"
108,2026-07-27T13:54:01.648,4.591660,0.063100,-0.3100,0.3400,0.8800,-0.2400,-1.7100,0.3100,0.993026,1.754366,"-0.31,0.34,0.88,-0.24,-1.71,0.31"
109,2026-07-27T13:54:01.648,4.591712,0.051500,-0.3100,0.3400,0.8800,-0.5500,-2.2000,0.0000,0.993026,2.267708,"-0.31,0.34,0.88,-0.55,-2.20,0.00"
110,2026-07-27T13:54:01.648,4.591777,0.065600,-0.3100,0.3400,0.8800,-0.3100,-1.7700,0.1800,0.993026,1.805935,"-0.31,0.34,0.88,-0.31,-1.77,0.18"
111,2026-07-27T13:54:01.648,4.591956,0.179100,-0.3100,0.3400,0.8800,0.1200,-1.2200,0.3100,0.993026,1.264476,"-0.31,0.34,0.88,0.12,-1.22,0.31"
112,2026-07-27T13:54:01.824,4.768381,176.424500,-0.3200,0.3400,0.8800,0.0600,-0.7900,0.0000,0.996193,0.792275,"-0.32,0.34,0.88,0.06,-0.79,0.00"
113,2026-07-27T13:54:01.824,4.768544,0.163700,-0.3200,0.3400,0.8800,-0.2400,-0.9200,-0.3100,0.996193,1.000050,"-0.32,0.34,0.88,-0.24,-0.92,-0.31"
114,2026-07-27T13:54:01.825,4.769064,0.519100,-0.3100,0.3400,0.8800,-0.4300,-1.2800,-0.2400,0.993026,1.371459,"-0.31,0.34,0.88,-0.43,-1.28,-0.24"
115,2026-07-27T13:54:01.826,4.769720,0.656900,-0.3100,0.3400,0.8800,-0.9800,-0.9200,0.0000,0.993026,1.344173,"-0.31,0.34,0.88,-0.98,-0.92,0.00"
116,2026-07-27T13:54:02.004,4.948162,178.441900,-0.3100,0.3400,0.8800,-1.1600,-0.0600,0.6100,0.993026,1.311983,"-0.31,0.34,0.88,-1.16,-0.06,0.61"
117,2026-07-27T13:54:02.004,4.948495,0.332700,-0.3100,0.3400,0.8800,-1.1600,-0.0600,0.6100,0.993026,1.311983,"-0.31,0.34,0.88,-1.16,-0.06,0.61"
118,2026-07-27T13:54:02.005,4.949076,0.580800,-0.3000,0.3400,0.8800,-0.9200,-0.3700,0.7300,0.989949,1.231341,"-0.30,0.34,0.88,-0.92,-0.37,0.73"
119,2026-07-27T13:54:02.304,5.248335,299.259300,-0.3000,0.3400,0.8800,-0.8500,-0.7300,1.0400,0.989949,1.528725,"-0.30,0.34,0.88,-0.85,-0.73,1.04"
120,2026-07-27T13:54:02.304,5.248565,0.230100,-0.3000,0.3400,0.8800,-1.1000,-0.9200,1.4000,0.989949,2.004096,"-0.30,0.34,0.88,-1.10,-0.92,1.40"
121,2026-07-27T13:54:02.305,5.249037,0.471400,-0.3100,0.3300,0.8800,-1.8300,-0.7300,1.2800,0.989646,2.349511,"-0.31,0.33,0.88,-1.83,-0.73,1.28"
122,2026-07-27T13:54:02.306,5.249692,0.655500,-0.3100,0.3300,0.8800,-2.8700,-0.3700,0.6700,0.989646,2.970303,"-0.31,0.33,0.88,-2.87,-0.37,0.67"
123,2026-07-27T13:54:02.306,5.250122,0.429900,-0.3200,0.3300,0.8800,-4.2100,0.1800,-0.1800,0.992824,4.217689,"-0.32,0.33,0.88,-4.21,0.18,-0.18"
124,2026-07-27T13:54:02.307,5.250633,0.511200,-0.3200,0.3300,0.8800,-5.8000,0.4900,-0.1800,0.992824,5.823444,"-0.32,0.33,0.88,-5.80,0.49,-0.18"
125,2026-07-27T13:54:02.307,5.251196,0.563200,-0.3300,0.3500,0.8700,-7.8100,0.4300,0.7900,0.994133,7.861622,"-0.33,0.35,0.87,-7.81,0.43,0.79"
126,2026-07-27T13:54:02.485,5.428816,177.619500,-0.3500,0.4300,0.8200,-10.9900,1.8900,-2.2000,0.989848,11.366275,"-0.35,0.43,0.82,-10.99,1.89,-2.20"
127,2026-07-27T13:54:02.485,5.428956,0.139900,-0.3600,0.5100,0.7400,-36.6200,-5.2500,-19.1000,0.968143,41.634083,"-0.36,0.51,0.74,-36.62,-5.25,-19.10"
128,2026-07-27T13:54:02.485,5.429093,0.137000,-0.3300,0.5100,0.6600,-101.4400,-41.8100,-57.9800,0.896995,124.096052,"-0.33,0.51,0.66,-101.44,-41.81,-57.98"
129,2026-07-27T13:54:02.605,5.548860,119.767100,-0.2600,0.3800,0.6500,-164.8600,-105.2200,-117.6100,0.796555,228.215206,"-0.26,0.38,0.65,-164.86,-105.22,-117.61"
130,2026-07-27T13:54:02.605,5.549109,0.249000,-0.2600,0.3200,0.6300,-144.1000,-146.7300,-166.9300,0.752928,264.877571,"-0.26,0.32,0.63,-144.10,-146.73,-166.93"
131,2026-07-27T13:54:02.724,5.668444,119.334600,-0.3700,0.4900,0.6800,-28.6300,-142.8200,-201.5400,0.916188,248.667651,"-0.37,0.49,0.68,-28.63,-142.82,-201.54"
132,2026-07-27T13:54:02.725,5.668829,0.385200,-0.4400,0.5900,1.0000,75.0100,-115.1100,-256.2300,1.241652,290.741509,"-0.44,0.59,1.00,75.01,-115.11,-256.23"
133,2026-07-27T13:54:02.725,5.669235,0.406200,-0.3500,0.3100,1.4800,81.8500,-35.4000,-321.9600,1.552095,334.082062,"-0.35,0.31,1.48,81.85,-35.40,-321.96"
134,2026-07-27T13:54:02.726,5.669782,0.547200,-0.2300,-0.2100,1.7600,19.0400,103.5800,-322.3300,1.787344,339.098757,"-0.23,-0.21,1.76,19.04,103.58,-322.33"
135,2026-07-27T13:54:02.726,5.670143,0.361000,-0.1700,-0.6300,1.7200,-39.9800,219.8500,-224.7900,1.839620,316.958936,"-0.17,-0.63,1.72,-39.98,219.85,-224.79"
136,2026-07-27T13:54:02.727,5.670642,0.499200,-0.1000,-0.7500,1.5500,-62.1900,252.3200,-106.3800,1.724819,280.801857,"-0.10,-0.75,1.55,-62.19,252.32,-106.38"
137,2026-07-27T13:54:02.788,5.732430,61.787400,-0.0200,-0.6300,1.3400,-68.1200,209.2300,-24.9000,1.480844,221.444208,"-0.02,-0.63,1.34,-68.12,209.23,-24.90"
138,2026-07-27T13:54:03.085,6.029109,296.679200,-0.0000,-0.4800,1.0900,-72.7500,128.9100,32.4700,1.191008,151.540924,"-0.00,-0.48,1.09,-72.75,128.91,32.47"
139,2026-07-27T13:54:03.085,6.029449,0.339700,-0.0400,-0.4000,0.8800,-68.6600,44.0700,88.6800,0.967471,120.501049,"-0.04,-0.40,0.88,-68.66,44.07,88.68"
140,2026-07-27T13:54:03.086,6.029758,0.309400,-0.0900,-0.3300,0.7500,-62.6200,-22.0300,145.6900,0.824318,160.100473,"-0.09,-0.33,0.75,-62.62,-22.03,145.69"
141,2026-07-27T13:54:03.086,6.030097,0.338600,-0.1200,-0.2300,0.6700,-69.1500,-53.0400,188.1100,0.718471,207.316994,"-0.12,-0.23,0.67,-69.15,-53.04,188.11"
142,2026-07-27T13:54:03.088,6.031635,1.538300,-0.1500,-0.0600,0.6300,-82.0900,-53.1000,204.7700,0.650385,226.912166,"-0.15,-0.06,0.63,-82.09,-53.10,204.77"
143,2026-07-27T13:54:03.089,6.032821,1.186000,-0.2600,0.1600,0.6100,-90.9400,-37.6000,215.8200,0.682129,237.196366,"-0.26,0.16,0.61,-90.94,-37.60,215.82"
144,2026-07-27T13:54:03.090,6.033828,1.007100,-0.4200,0.4000,0.6800,-111.2700,-13.5500,260.6800,0.893756,283.758133,"-0.42,0.40,0.68,-111.27,-13.55,260.68"
145,2026-07-27T13:54:03.090,6.034142,0.313400,-0.5100,0.5300,0.9000,-136.6000,14.4700,354.8000,1.162325,380.462851,"-0.51,0.53,0.90,-136.60,14.47,354.80"
146,2026-07-27T13:54:03.144,6.088564,54.423000,-0.4200,0.3400,1.1600,-132.9300,31.5600,458.2500,1.279687,478.183522,"-0.42,0.34,1.16,-132.93,31.56,458.25"
147,2026-07-27T13:54:03.265,6.209082,120.517700,-0.1600,-0.0400,1.3800,-101.4400,33.5700,480.6500,1.389820,492.383429,"-0.16,-0.04,1.38,-101.44,33.57,480.65"
148,2026-07-27T13:54:03.265,6.209248,0.166000,0.1000,-0.1700,1.4700,-84.4700,15.8700,366.1500,1.483172,376.102194,"0.10,-0.17,1.47,-84.47,15.87,366.15"
149,2026-07-27T13:54:03.265,6.209384,0.135600,0.2000,-0.0200,1.4100,-106.8100,-38.7000,187.9900,1.424254,219.650418,"0.20,-0.02,1.41,-106.81,-38.70,187.99"
150,2026-07-27T13:54:03.330,6.274218,64.834200,0.1700,0.1300,1.2500,-144.2900,-113.2800,62.1300,1.268188,193.680405,"0.17,0.13,1.25,-144.29,-113.28,62.13"
151,2026-07-27T13:54:03.330,6.274388,0.170000,0.1200,0.1800,1.0600,-148.7400,-165.5300,13.3100,1.081850,222.937042,"0.12,0.18,1.06,-148.74,-165.53,13.31"
152,2026-07-27T13:54:03.386,6.329721,55.333200,0.0800,0.1300,0.9100,-86.9100,-169.8000,-4.8800,0.922713,190.811956,"0.08,0.13,0.91,-86.91,-169.80,-4.88"
153,2026-07-27T13:54:03.450,6.394270,64.548600,0.0300,0.0900,0.8700,-1.8300,-140.0800,-30.3300,0.875157,143.337588,"0.03,0.09,0.87,-1.83,-140.08,-30.33"
154,2026-07-27T13:54:03.452,6.395762,1.491800,-0.0100,0.0800,0.8800,36.5000,-106.0200,-57.5000,0.883685,126.010874,"-0.01,0.08,0.88,36.50,-106.02,-57.50"
155,2026-07-27T13:54:03.572,6.515772,120.010300,0.0400,-0.0200,0.9500,30.8800,-78.3100,-73.6100,0.951052,111.823354,"0.04,-0.02,0.95,30.88,-78.31,-73.61"
156,2026-07-27T13:54:03.572,6.516191,0.419300,0.2000,-0.1500,1.0600,6.8400,-63.4200,-93.2600,1.089082,112.988095,"0.20,-0.15,1.06,6.84,-63.42,-93.26"
157,2026-07-27T13:54:03.572,6.516396,0.205200,0.3900,-0.1300,1.1100,-25.0200,-66.7700,-130.0000,1.183681,148.270811,"0.39,-0.13,1.11,-25.02,-66.77,-130.00"
158,2026-07-27T13:54:03.626,6.569841,53.444200,0.4800,-0.0300,1.0500,-47.6700,-85.4500,-140.5000,1.154903,171.214431,"0.48,-0.03,1.05,-47.67,-85.45,-140.50"
159,2026-07-27T13:54:03.806,6.749911,180.070900,0.4000,0.0500,0.9300,-65.2500,-104.1900,-94.7300,1.013607,155.199522,"0.40,0.05,0.93,-65.25,-104.19,-94.73"
160,2026-07-27T13:54:03.806,6.750462,0.550500,0.2300,0.1200,0.9100,-73.2400,-103.5200,-43.0900,0.946256,133.929967,"0.23,0.12,0.91,-73.24,-103.52,-43.09"
161,2026-07-27T13:54:03.807,6.751199,0.737300,0.1100,0.1400,1.0200,-63.4200,-88.0700,-20.8100,1.035423,110.505554,"0.11,0.14,1.02,-63.42,-88.07,-20.81"
162,2026-07-27T13:54:03.807,6.751317,0.117900,0.0300,0.2200,1.0800,-62.6800,-79.4700,-15.3200,1.102588,102.366819,"0.03,0.22,1.08,-62.68,-79.47,-15.32"
163,2026-07-27T13:54:03.807,6.751450,0.132500,-0.0700,0.3500,1.0300,-66.4100,-80.9300,-22.9500,1.090092,107.175816,"-0.07,0.35,1.03,-66.41,-80.93,-22.95"
164,2026-07-27T13:54:03.866,6.809737,58.287300,-0.1400,0.4200,0.9100,-43.8800,-76.9700,-29.4800,1.011978,93.375081,"-0.14,0.42,0.91,-43.88,-76.97,-29.48"
165,2026-07-27T13:54:03.925,6.868787,59.049900,-0.1600,0.4000,0.8300,-2.5000,-49.8000,1.4600,0.935147,49.884082,"-0.16,0.40,0.83,-2.50,-49.80,1.46"
166,2026-07-27T13:54:03.925,6.869121,0.334000,-0.1000,0.3500,0.8600,39.9200,0.0000,54.8100,0.933863,67.806655,"-0.10,0.35,0.86,39.92,0.00,54.81"
167,2026-07-27T13:54:04.045,6.988815,119.694400,-0.0300,0.2600,0.9100,77.1500,53.6500,87.9500,0.946890,128.707605,"-0.03,0.26,0.91,77.15,53.65,87.95"
168,2026-07-27T13:54:04.045,6.988930,0.115200,-0.0900,0.0600,0.9700,102.2300,106.5700,96.9800,0.976012,176.672743,"-0.09,0.06,0.97,102.23,106.57,96.98"
169,2026-07-27T13:54:04.045,6.989169,0.238700,-0.2000,-0.2000,1.1500,111.5100,174.0100,73.4300,1.184272,219.330630,"-0.20,-0.20,1.15,111.51,174.01,73.43"
170,2026-07-27T13:54:04.105,7.049083,59.914100,-0.2500,-0.4100,1.4600,96.3700,259.2800,27.9500,1.536945,278.018880,"-0.25,-0.41,1.46,96.37,259.28,27.95"
171,2026-07-27T13:54:04.287,7.230619,181.536000,-0.3200,-0.5600,1.8000,-48.9500,328.4300,178.2800,1.912067,376.890071,"-0.32,-0.56,1.80,-48.95,328.43,178.28"
172,2026-07-27T13:54:04.287,7.230809,0.189800,-0.3200,-0.5600,1.8000,-72.5100,289.7300,190.3100,1.912067,354.145548,"-0.32,-0.56,1.80,-72.51,289.73,190.31"
173,2026-07-27T13:54:04.287,7.231018,0.209400,-0.2300,-0.3700,1.7300,-39.1200,255.2500,75.7400,1.784012,269.108685,"-0.23,-0.37,1.73,-39.12,255.25,75.74"
174,2026-07-27T13:54:04.347,7.290882,59.863500,0.1100,-0.1600,1.6200,31.9800,204.1600,-99.3700,1.631594,229.299854,"0.11,-0.16,1.62,31.98,204.16,-99.37"
175,2026-07-27T13:54:04.405,7.348933,58.050600,0.5100,0.0100,1.4800,68.2400,113.8900,-203.8600,1.565439,243.282818,"0.51,0.01,1.48,68.24,113.89,-203.86"
176,2026-07-27T13:54:04.405,7.348965,0.032400,0.6300,0.1500,1.3300,48.8900,6.5300,-176.7000,1.479290,183.455071,"0.63,0.15,1.33,48.89,6.53,-176.70"
177,2026-07-27T13:54:04.531,7.475352,126.387200,0.4700,0.2400,1.2500,20.0800,-84.2900,-71.2900,1.356835,112.206393,"0.47,0.24,1.25,20.08,-84.29,-71.29"
178,2026-07-27T13:54:04.532,7.476170,0.817700,-0.0200,0.1300,1.5900,22.8900,-219.1200,71.3500,1.595431,231.577954,"-0.02,0.13,1.59,22.89,-219.12,71.35"
179,2026-07-27T13:54:04.590,7.533785,57.614900,-0.2000,0.0400,1.8700,32.3500,-284.6100,72.2700,1.881090,295.418902,"-0.20,0.04,1.87,32.35,-284.61,72.27"
180,2026-07-27T13:54:04.709,7.652700,118.915500,-0.3700,-0.0200,2.0500,32.3500,-284.6100,72.2700,2.083219,295.418902,"-0.37,-0.02,2.05,32.35,-284.61,72.27"
181,2026-07-27T13:54:04.709,7.652875,0.174800,-0.5500,-0.0300,2.0200,28.2600,-343.0800,57.0100,2.093753,348.930730,"-0.55,-0.03,2.02,28.26,-343.08,57.01"
182,2026-07-27T13:54:04.709,7.653126,0.250800,-0.6600,-0.0200,1.7300,8.1800,-363.7700,31.0100,1.851729,365.180976,"-0.66,-0.02,1.73,8.18,-363.77,31.01"
183,2026-07-27T13:54:04.947,7.890759,237.632900,-0.6400,-0.0200,1.3000,-7.0200,-325.5000,-10.1300,1.449138,325.733246,"-0.64,-0.02,1.30,-7.02,-325.50,-10.13"
184,2026-07-27T13:54:04.947,7.891074,0.315700,-0.5900,0.0000,0.8900,-7.3900,-247.1300,-53.4700,1.067801,252.956300,"-0.59,0.00,0.89,-7.39,-247.13,-53.47"
185,2026-07-27T13:54:04.947,7.891193,0.118100,-0.6600,0.1100,0.5500,-9.8300,-162.0500,-76.3500,0.866141,179.405000,"-0.66,0.11,0.55,-9.83,-162.05,-76.35"
186,2026-07-27T13:54:04.947,7.891293,0.100800,-0.8100,0.2600,0.4200,-27.1600,-77.3900,-64.3300,0.948736,104.236398,"-0.81,0.26,0.42,-27.16,-77.39,-64.33"
187,2026-07-27T13:54:04.947,7.891406,0.113100,-0.8700,0.3400,0.5400,-39.6100,15.1400,-14.5900,1.078935,44.844618,"-0.87,0.34,0.54,-39.61,15.14,-14.59"
188,2026-07-27T13:54:04.947,7.891523,0.116200,-0.8300,0.2600,0.8100,-20.6900,101.7500,57.9200,1.188529,118.894344,"-0.83,0.26,0.81,-20.69,101.75,57.92"
189,2026-07-27T13:54:05.008,7.952129,60.606100,-0.7500,0.0400,1.1200,26.0000,164.1200,124.2100,1.348518,207.459631,"-0.75,0.04,1.12,26.00,164.12,124.21"
190,2026-07-27T13:54:05.010,7.953897,1.768200,-0.6400,-0.1900,1.4100,61.3400,201.9700,160.8300,1.560064,265.369112,"-0.64,-0.19,1.41,61.34,201.97,160.83"
191,2026-07-27T13:54:05.186,8.129939,176.042200,-0.5100,-0.3100,1.6300,49.9900,228.7000,171.0800,1.735828,289.950093,"-0.51,-0.31,1.63,49.99,228.70,171.08"
192,2026-07-27T13:54:05.187,8.130737,0.798000,-0.3700,-0.3000,1.7400,15.2600,255.8000,164.9800,1.804023,304.770254,"-0.37,-0.30,1.74,15.26,255.80,164.98"
193,2026-07-27T13:54:05.187,8.131153,0.415900,-0.2200,-0.2300,1.7300,0.4300,275.2100,131.1600,1.759034,304.866651,"-0.22,-0.23,1.73,0.43,275.21,131.16"
194,2026-07-27T13:54:05.187,8.131175,0.021900,-0.0100,-0.1700,1.6000,8.8500,272.5800,74.2800,1.609037,282.658269,"-0.01,-0.17,1.60,8.85,272.58,74.28"
195,2026-07-27T13:54:05.249,8.193428,62.253000,0.2300,-0.1500,1.4300,18.4900,241.0300,24.5400,1.456125,242.980560,"0.23,-0.15,1.43,18.49,241.03,24.54"
196,2026-07-27T13:54:05.250,8.193723,0.295000,0.4300,-0.1100,1.2800,14.4700,184.3900,-5.1900,1.354769,185.029698,"0.43,-0.11,1.28,14.47,184.39,-5.19"
197,2026-07-27T13:54:05.366,8.310424,116.701400,0.4900,-0.0200,1.1700,-2.1400,110.4100,-22.5200,1.268621,112.703585,"0.49,-0.02,1.17,-2.14,110.41,-22.52"
198,2026-07-27T13:54:05.367,8.310954,0.529700,0.4000,0.0500,1.1200,-20.3200,30.0300,-23.3800,1.190336,43.143107,"0.40,0.05,1.12,-20.32,30.03,-23.38"
199,2026-07-27T13:54:05.367,8.311197,0.243000,0.2600,0.0600,1.1600,-29.7900,-39.0600,-4.6400,1.190294,49.342247,"0.26,0.06,1.16,-29.79,-39.06,-4.64"
200,2026-07-27T13:54:05.486,8.430540,119.342900,0.1400,0.0300,1.2800,-30.7000,-91.1300,15.2000,1.287983,97.356083,"0.14,0.03,1.28,-30.70,-91.13,15.20"
201,2026-07-27T13:54:05.487,8.430768,0.227500,0.0500,0.0300,1.4500,-27.7100,-136.8400,15.5000,1.451172,140.475192,"0.05,0.03,1.45,-27.71,-136.84,15.50"
202,2026-07-27T13:54:05.487,8.430883,0.115400,-0.0300,0.0400,1.6300,-16.1100,-180.1800,-5.8600,1.630767,180.993658,"-0.03,0.04,1.63,-16.11,-180.18,-5.86"
203,2026-07-27T13:54:05.905,8.848635,417.752600,-0.1200,0.0300,1.8000,6.9000,-212.9500,-34.4800,1.804245,215.833693,"-0.12,0.03,1.80,6.90,-212.95,-34.48"
204,2026-07-27T13:54:05.905,8.848887,0.251600,-0.2000,-0.0100,1.8900,28.1400,-232.8500,-54.9900,1.900579,240.904301,"-0.20,-0.01,1.89,28.14,-232.85,-54.99"
205,2026-07-27T13:54:05.905,8.849371,0.484400,-0.3000,-0.0500,1.8500,33.8700,-246.0300,-66.2200,1.874833,257.027287,"-0.30,-0.05,1.85,33.87,-246.03,-66.22"
206,2026-07-27T13:54:05.906,8.849923,0.551200,-0.3800,-0.0600,1.7000,26.6700,-255.1900,-83.6800,1.742986,269.880654,"-0.38,-0.06,1.70,26.67,-255.19,-83.68"
207,2026-07-27T13:54:05.906,8.850443,0.520500,-0.4100,-0.0200,1.4500,17.1500,-253.4800,-112.6100,1.506984,277.897904,"-0.41,-0.02,1.45,17.15,-253.48,-112.61"
208,2026-07-27T13:54:05.907,8.850914,0.470700,-0.3900,0.0200,1.1600,12.6300,-233.9500,-132.0800,1.223969,268.955844,"-0.39,0.02,1.16,12.63,-233.95,-132.08"
209,2026-07-27T13:54:05.907,8.851556,0.642300,-0.3600,0.0500,0.8800,12.5700,-199.5800,-119.5700,0.952103,232.996065,"-0.36,0.05,0.88,12.57,-199.58,-119.57"
210,2026-07-27T13:54:05.908,8.852009,0.452600,-0.3400,0.0600,0.6600,14.1600,-156.0100,-76.2300,0.744849,174.214347,"-0.34,0.06,0.66,14.16,-156.01,-76.23"
211,2026-07-27T13:54:05.909,8.852827,0.818200,-0.3700,0.0300,0.5000,15.5000,-104.8000,-24.2300,0.622736,108.675586,"-0.37,0.03,0.50,15.50,-104.80,-24.23"
212,2026-07-27T13:54:05.909,8.853396,0.568800,-0.4300,-0.0000,0.4500,13.6100,-43.2700,16.4200,0.622415,48.240454,"-0.43,-0.00,0.45,13.61,-43.27,16.42"
213,2026-07-27T13:54:05.965,8.908586,55.190300,-0.4900,-0.0200,0.5400,8.3000,33.5100,39.0600,0.729452,52.129586,"-0.49,-0.02,0.54,8.30,33.51,39.06"
214,2026-07-27T13:54:05.965,8.908691,0.105000,-0.5200,0.0100,0.8200,4.3900,121.5200,45.1000,0.971030,129.693456,"-0.52,0.01,0.82,4.39,121.52,45.10"
215,2026-07-27T13:54:06.205,9.149484,240.793300,-0.5300,0.0400,1.2000,4.5800,207.3400,49.4400,1.312440,213.202171,"-0.53,0.04,1.20,4.58,207.34,49.44"
216,2026-07-27T13:54:06.206,9.149740,0.255900,-0.5600,0.0300,1.6100,9.4000,281.3100,75.0100,1.704875,291.290536,"-0.56,0.03,1.61,9.40,281.31,75.01"
217,2026-07-27T13:54:06.206,9.150074,0.334000,-0.5900,0.0200,1.9700,22.2200,343.9900,117.9200,2.056551,364.318507,"-0.59,0.02,1.97,22.22,343.99,117.92"
218,2026-07-27T13:54:06.206,9.150274,0.200100,-0.4900,0.0500,2.1300,35.8300,386.9600,138.3100,2.186207,412.494226,"-0.49,0.05,2.13,35.83,386.96,138.31"
219,2026-07-27T13:54:06.206,9.150295,0.020900,-0.2200,0.0800,1.9500,28.3200,378.0500,111.0800,1.964001,395.047581,"-0.22,0.08,1.95,28.32,378.05,111.08"
220,2026-07-27T13:54:06.207,9.151011,0.715800,0.0300,0.0800,1.5800,1.3400,308.8400,68.0500,1.582308,316.251077,"0.03,0.08,1.58,1.34,308.84,68.05"
221,2026-07-27T13:54:06.264,9.208541,57.530300,0.1200,0.0700,1.2800,-20.0200,217.7100,44.8600,1.287517,223.183476,"0.12,0.07,1.28,-20.02,217.71,44.86"
222,2026-07-27T13:54:06.325,9.269257,60.715600,0.1000,0.0700,1.1000,-33.2000,137.5100,41.4400,1.106752,147.405949,"0.10,0.07,1.10,-33.20,137.51,41.44"
223,2026-07-27T13:54:06.325,9.269553,0.295800,0.0600,0.1000,0.9600,-45.9000,77.5100,54.2000,0.967057,105.129682,"0.06,0.10,0.96,-45.90,77.51,54.20"
224,2026-07-27T13:54:06.565,9.508968,239.415100,0.0400,0.1400,0.8700,-48.5800,40.1000,73.4300,0.882100,96.747048,"0.04,0.14,0.87,-48.58,40.10,73.43"
225,2026-07-27T13:54:06.565,9.509131,0.162800,0.0500,0.1600,0.8600,-29.7200,24.2300,77.9400,0.876185,86.862045,"0.05,0.16,0.86,-29.72,24.23,77.94"
226,2026-07-27T13:54:06.565,9.509253,0.122500,0.0200,0.2400,0.9800,9.9500,24.0500,54.9900,1.009158,60.838352,"0.02,0.24,0.98,9.95,24.05,54.99"
227,2026-07-27T13:54:06.566,9.509995,0.741900,0.0100,0.4200,1.1700,46.9400,17.9400,6.7100,1.243141,50.697449,"0.01,0.42,1.17,46.94,17.94,6.71"
228,2026-07-27T13:54:06.566,9.510295,0.300200,-0.0300,0.5900,1.3300,49.8700,-18.1900,-30.1500,1.455301,61.048468,"-0.03,0.59,1.33,49.87,-18.19,-30.15"
229,2026-07-27T13:54:06.567,9.510878,0.582900,-0.1800,0.7100,1.4000,23.2500,-81.1200,-20.6300,1.580032,86.871248,"-0.18,0.71,1.40,23.25,-81.12,-20.63"
230,2026-07-27T13:54:06.748,9.691653,180.775100,-0.3400,0.7700,1.4000,-2.5000,-149.7800,12.7000,1.633554,150.338247,"-0.34,0.77,1.40,-2.50,-149.78,12.70"
231,2026-07-27T13:54:06.748,9.691820,0.166900,-0.4500,0.7500,1.4300,-5.4900,-204.6500,31.0700,1.676276,207.067881,"-0.45,0.75,1.43,-5.49,-204.65,31.07"
232,2026-07-27T13:54:06.748,9.692133,0.313000,-0.4900,0.6900,1.4600,11.2900,-237.6100,24.2300,1.687543,239.108906,"-0.49,0.69,1.46,11.29,-237.61,24.23"
233,2026-07-27T13:54:06.748,9.692325,0.191800,-0.5000,0.5900,1.4700,30.2700,-257.1400,1.5300,1.661024,258.920052,"-0.50,0.59,1.47,30.27,-257.14,1.53"
234,2026-07-27T13:54:06.926,9.869907,177.582500,-0.4900,0.4300,1.2200,54.3200,-286.2500,-58.4100,1.383257,297.155604,"-0.49,0.43,1.22,54.32,-286.25,-58.41"
235,2026-07-27T13:54:06.926,9.870036,0.128300,-0.4600,0.3900,1.0000,58.3500,-271.4200,-70.9200,1.167776,286.536534,"-0.46,0.39,1.00,58.35,-271.42,-70.92"
236,2026-07-27T13:54:06.926,9.870188,0.152700,-0.4600,0.3900,1.0000,51.5700,-221.0700,-54.4400,1.167776,233.441906,"-0.46,0.39,1.00,51.57,-221.07,-54.44"
237,2026-07-27T13:54:06.926,9.870373,0.184400,-0.3900,0.3400,0.7900,33.7500,-154.4200,-14.4000,0.944352,158.719750,"-0.39,0.34,0.79,33.75,-154.42,-14.40"
238,2026-07-27T13:54:07.050,9.994185,123.811800,-0.3200,0.2900,0.6300,13.1800,-95.4600,28.0800,0.763806,100.373355,"-0.32,0.29,0.63,13.18,-95.46,28.08"
239,2026-07-27T13:54:07.164,10.108079,113.894700,-0.3100,0.2200,0.5400,-2.5000,-46.7500,52.4900,0.660379,70.335003,"-0.31,0.22,0.54,-2.50,-46.75,52.49"
240,2026-07-27T13:54:07.164,10.108302,0.222200,-0.3700,0.1600,0.5200,-12.6300,3.7200,50.4200,0.657951,52.110764,"-0.37,0.16,0.52,-12.63,3.72,50.42"
241,2026-07-27T13:54:07.165,10.108777,0.475000,-0.4900,0.1900,0.6800,-28.6300,127.3200,-16.0500,0.859418,131.482553,"-0.49,0.19,0.68,-28.63,127.32,-16.05"
242,2026-07-27T13:54:07.165,10.109518,0.741600,-0.4600,0.3700,0.8900,-39.5500,176.8800,-43.0300,1.067989,186.285581,"-0.46,0.37,0.89,-39.55,176.88,-43.03"
243,2026-07-27T13:54:07.584,10.528534,419.015900,-0.4400,0.5500,1.1300,-39.5500,176.8800,-43.0300,1.331540,186.285581,"-0.44,0.55,1.13,-39.55,176.88,-43.03"
244,2026-07-27T13:54:07.585,10.528869,0.334700,-0.4500,0.6600,1.3700,-46.9400,216.9200,-31.1900,1.585875,224.121543,"-0.45,0.66,1.37,-46.94,216.92,-31.19"
245,2026-07-27T13:54:07.585,10.529468,0.599600,-0.4000,0.7200,1.5500,-42.8500,254.3300,-4.1500,1.755249,257.947851,"-0.40,0.72,1.55,-42.85,254.33,-4.15"
246,2026-07-27T13:54:07.586,10.530025,0.556500,-0.2300,0.7300,1.5800,-30.2700,276.3700,1.1000,1.755620,278.024927,"-0.23,0.73,1.58,-30.27,276.37,1.10"
247,2026-07-27T13:54:07.586,10.530266,0.241400,-0.0100,0.6400,1.4500,-17.5800,269.9600,-5.5500,1.584992,270.588729,"-0.01,0.64,1.45,-17.58,269.96,-5.55"
248,2026-07-27T13:54:07.587,10.531004,0.737200,0.1300,0.4900,1.3000,-6.1600,236.3900,2.8700,1.395349,236.487663,"0.13,0.49,1.30,-6.16,236.39,2.87"
249,2026-07-27T13:54:07.588,10.531947,0.943600,0.1700,0.3800,1.2000,-2.3200,184.2700,24.7800,1.270157,185.943173,"0.17,0.38,1.20,-2.32,184.27,24.78"
250,2026-07-27T13:54:07.588,10.532541,0.593800,0.1500,0.3400,1.0800,-16.3000,124.6300,42.3600,1.142147,132.637463,"0.15,0.34,1.08,-16.30,124.63,42.36"
251,2026-07-27T13:54:07.591,10.534776,2.235500,0.1100,0.3900,0.9400,-36.7400,73.1800,40.5900,1.023621,91.393042,"0.11,0.39,0.94,-36.74,73.18,40.59"
252,2026-07-27T13:54:07.591,10.534965,0.188400,0.1100,0.4500,0.8500,-43.9500,34.5500,15.8700,0.968039,58.113354,"0.11,0.45,0.85,-43.95,34.55,15.87"
253,2026-07-27T13:54:07.705,10.649235,114.270100,0.1500,0.4800,0.8700,-31.7400,5.0000,-17.8800,1.004888,36.771212,"0.15,0.48,0.87,-31.74,5.00,-17.88"
254,2026-07-27T13:54:07.705,10.649285,0.050000,0.2200,0.4800,0.9800,-6.7100,-17.4000,-43.7600,1.113194,47.568074,"0.22,0.48,0.98,-6.71,-17.40,-43.76"
255,2026-07-27T13:54:07.705,10.649524,0.238600,0.2400,0.4900,1.1400,12.8800,-43.5800,-48.2200,1.263843,66.259182,"0.24,0.49,1.14,12.88,-43.58,-48.22"
256,2026-07-27T13:54:07.826,10.769658,120.134900,0.1400,0.5100,1.2800,15.2600,-78.6700,-24.5400,1.384955,83.809594,"0.14,0.51,1.28,15.26,-78.67,-24.54"
257,2026-07-27T13:54:07.826,10.769825,0.167100,-0.0400,0.5300,1.3800,12.0800,-115.6600,6.4700,1.478817,116.468978,"-0.04,0.53,1.38,12.08,-115.66,6.47"
258,2026-07-27T13:54:07.826,10.769869,0.043500,-0.2000,0.5300,1.4700,20.4500,-149.8400,14.2800,1.575373,151.901766,"-0.20,0.53,1.47,20.45,-149.84,14.28"
259,2026-07-27T13:54:08.065,11.008621,238.752000,-0.2600,0.5200,1.5100,37.0500,-179.2000,-3.6000,1.618054,183.025415,"-0.26,0.52,1.51,37.05,-179.20,-3.60"
260,2026-07-27T13:54:08.065,11.008810,0.189100,-0.2600,0.4800,1.4900,51.0300,-200.1300,-26.6700,1.586852,208.248329,"-0.26,0.48,1.49,51.03,-200.13,-26.67"
261,2026-07-27T13:54:08.065,11.009289,0.478900,-0.2600,0.4300,1.4300,60.1800,-212.3400,-36.3200,1.515718,223.671747,"-0.26,0.43,1.43,60.18,-212.34,-36.32"
262,2026-07-27T13:54:08.066,11.009798,0.508600,-0.2700,0.3800,1.3500,62.8700,-218.4400,-31.3700,1.428216,229.461865,"-0.27,0.38,1.35,62.87,-218.44,-31.37"
263,2026-07-27T13:54:08.067,11.010740,0.942600,-0.3000,0.3600,1.2400,58.4700,-217.2200,-19.5900,1.325594,225.803094,"-0.30,0.36,1.24,58.47,-217.22,-19.59"
264,2026-07-27T13:54:08.067,11.011275,0.534700,-0.3100,0.3400,1.0900,48.6500,-204.1600,-4.1500,1.183131,209.917485,"-0.31,0.34,1.09,48.65,-204.16,-4.15"
265,2026-07-27T13:54:08.125,11.069010,57.735600,-0.2900,0.2900,0.9500,36.6200,-178.3400,14.4700,1.034746,182.635048,"-0.29,0.29,0.95,36.62,-178.34,14.47"
266,2026-07-27T13:54:08.125,11.069165,0.154400,-0.2900,0.2400,0.8400,25.6300,-146.4800,31.4900,0.920489,152.002985,"-0.29,0.24,0.84,25.63,-146.48,31.49"
267,2026-07-27T13:54:08.545,11.489084,419.919400,-0.3300,0.1800,0.7700,12.8200,-116.8800,40.8900,0.856855,124.488067,"-0.33,0.18,0.77,12.82,-116.88,40.89"
268,2026-07-27T13:54:08.545,11.489359,0.274400,-0.3600,0.1200,0.7100,-9.4600,-85.6900,39.2500,0.805047,94.725024,"-0.36,0.12,0.71,-9.46,-85.69,39.25"
269,2026-07-27T13:54:08.546,11.489727,0.368000,-0.3600,0.1200,0.6800,-38.0900,-39.3100,23.9300,0.778717,59.739176,"-0.36,0.12,0.68,-38.09,-39.31,23.93"
270,2026-07-27T13:54:08.546,11.489792,0.064900,-0.3500,0.2500,0.7100,-63.6600,26.0600,-6.9000,0.830120,69.132693,"-0.35,0.25,0.71,-63.66,26.06,-6.90"
271,2026-07-27T13:54:08.546,11.490346,0.554100,-0.3500,0.5200,0.8300,-80.7500,94.7300,-47.7300,1.040096,133.313496,"-0.35,0.52,0.83,-80.75,94.73,-47.73"
272,2026-07-27T13:54:08.725,11.668940,178.594500,-0.3200,0.8300,0.9800,-75.1300,143.1300,-92.5900,1.323518,186.289082,"-0.32,0.83,0.98,-75.13,143.13,-92.59"
273,2026-07-27T13:54:08.725,11.669316,0.376200,-0.2400,0.9700,1.1200,-46.3300,172.7300,-121.3400,1.500966,216.114593,"-0.24,0.97,1.12,-46.33,172.73,-121.34"
274,2026-07-27T13:54:08.726,11.669783,0.466800,-0.1600,0.9000,1.2500,-20.2000,205.9300,-99.8500,1.548580,229.750359,"-0.16,0.90,1.25,-20.20,205.93,-99.85"
275,2026-07-27T13:54:08.726,11.670080,0.297100,-0.1000,0.7400,1.3100,-12.6300,243.2300,-33.8100,1.507879,245.893200,"-0.10,0.74,1.31,-12.63,243.23,-33.81"
276,2026-07-27T13:54:08.727,11.671319,1.238500,-0.0400,0.6100,1.3000,-12.3300,263.1200,29.8500,1.436558,265.094673,"-0.04,0.61,1.30,-12.33,263.12,29.85"
277,2026-07-27T13:54:08.728,11.671870,0.551100,0.0600,0.5500,1.2300,-3.1700,249.0200,60.2400,1.348703,256.222300,"0.06,0.55,1.23,-3.17,249.02,60.24"
278,2026-07-27T13:54:08.728,11.671892,0.022300,0.1500,0.5500,1.1100,21.3000,211.6100,72.8100,1.247838,224.797193,"0.15,0.55,1.11,21.30,211.61,72.81"
279,2026-07-27T13:54:08.728,11.672069,0.176700,0.2500,0.5300,1.0300,55.0500,178.2200,93.3200,1.185032,208.570116,"0.25,0.53,1.03,55.05,178.22,93.32"
280,2026-07-27T13:54:08.728,11.672343,0.273600,0.3900,0.4500,1.0000,70.7400,153.5000,109.9900,1.163873,201.653658,"0.39,0.45,1.00,70.74,153.50,109.99"
281,2026-07-27T13:54:08.729,11.672606,0.263700,0.4700,0.4100,0.9600,52.4900,116.4600,98.2100,1.144814,161.131424,"0.47,0.41,0.96,52.49,116.46,98.21"
282,2026-07-27T13:54:08.849,11.793234,120.627800,0.4400,0.4300,0.9500,18.3100,51.7000,55.2400,1.131813,77.843456,"0.44,0.43,0.95,18.31,51.70,55.24"
283,2026-07-27T13:54:08.849,11.793384,0.149900,0.3800,0.5000,1.0000,-15.7500,-33.3300,0.1800,1.180847,36.864397,"0.38,0.50,1.00,-15.75,-33.33,0.18"
284,2026-07-27T13:54:08.849,11.793459,0.075500,0.3400,0.5900,1.1200,-49.9900,-105.6500,-29.5400,1.310763,120.555109,"0.34,0.59,1.12,-49.99,-105.65,-29.54"
285,2026-07-27T13:54:09.025,11.968602,175.142200,0.2600,0.7200,1.2700,-83.4400,-139.2200,-14.2800,1.482869,162.936676,"0.26,0.72,1.27,-83.44,-139.22,-14.28"
286,2026-07-27T13:54:09.025,11.968693,0.091000,0.1400,0.8100,1.3800,-104.0000,-149.4800,15.3200,1.606269,182.742915,"0.14,0.81,1.38,-104.00,-149.48,15.32"
287,2026-07-27T13:54:09.025,11.969299,0.606700,-0.0000,0.7800,1.4800,-97.8400,-167.7200,14.4000,1.672961,194.704967,"-0.00,0.78,1.48,-97.84,-167.72,14.40"
288,2026-07-27T13:54:09.151,12.095519,126.220000,-0.1200,0.7200,1.5900,-68.4800,-202.3900,-26.3100,1.749543,215.275262,"-0.12,0.72,1.59,-68.48,-202.39,-26.31"
289,2026-07-27T13:54:09.152,12.096039,0.519600,-0.1900,0.6700,1.6100,-35.7100,-240.9100,-76.8400,1.754166,255.376620,"-0.19,0.67,1.61,-35.71,-240.91,-76.84"
290,2026-07-27T13:54:09.152,12.096465,0.426000,-0.2400,0.5900,1.5000,-10.6200,-264.7100,-102.4200,1.629632,284.031732,"-0.24,0.59,1.50,-10.62,-264.71,-102.42"
291,2026-07-27T13:54:09.152,12.096565,0.100100,-0.2500,0.5000,1.3000,6.5900,-262.3300,-96.0100,1.415097,279.425083,"-0.25,0.50,1.30,6.59,-262.33,-96.01"
292,2026-07-27T13:54:09.267,12.211000,114.435300,-0.2400,0.4300,1.0600,15.8100,-238.1000,-75.5000,1.168803,250.283471,"-0.24,0.43,1.06,15.81,-238.10,-75.50"
293,2026-07-27T13:54:09.267,12.211032,0.032100,-0.2100,0.3600,0.8600,19.4100,-200.2600,-50.4800,0.955667,207.434438,"-0.21,0.36,0.86,19.41,-200.26,-50.48"
294,2026-07-27T13:54:09.267,12.211132,0.099600,-0.1900,0.3000,0.7200,19.2900,-153.9300,-20.8100,0.802808,156.523497,"-0.19,0.30,0.72,19.29,-153.93,-20.81"
295,2026-07-27T13:54:09.326,12.269938,58.805600,-0.2100,0.2400,0.6100,14.9500,-107.6000,2.8100,0.688331,108.669953,"-0.21,0.24,0.61,14.95,-107.60,2.81"
296,2026-07-27T13:54:09.386,12.330104,60.166700,-0.2600,0.1900,0.5600,8.8500,-67.0800,9.2800,0.645988,68.294709,"-0.26,0.19,0.56,8.85,-67.08,9.28"
297,2026-07-27T13:54:09.446,12.389905,59.800800,-0.2600,0.2400,0.7000,-15.6200,28.2600,11.4100,0.784347,34.246169,"-0.26,0.24,0.70,-15.62,28.26,11.41"
298,2026-07-27T13:54:09.446,12.390083,0.177900,-0.2300,0.4000,0.8200,-42.5400,93.4400,24.9000,0.940904,105.644192,"-0.23,0.40,0.82,-42.54,93.44,24.90"
299,2026-07-27T13:54:09.509,12.453078,62.994700,-0.2300,0.4000,0.8200,-59.3300,151.6700,19.7800,0.940904,164.058179,"-0.23,0.40,0.82,-59.33,151.67,19.78"
300,2026-07-27T13:54:09.565,12.508945,55.867000,-0.2000,0.5900,0.9300,-43.4600,189.5100,-10.3100,1.119375,194.702614,"-0.20,0.59,0.93,-43.46,189.51,-10.31"
301,2026-07-27T13:54:09.565,12.509062,0.117500,-0.2100,0.6900,1.0500,-4.3900,211.1800,-45.6500,1.273852,216.102261,"-0.21,0.69,1.05,-4.39,211.18,-45.65"
302,2026-07-27T13:54:09.865,12.809272,300.209500,-0.2500,0.6900,1.2500,18.3700,226.8700,-67.6300,1.449517,237.447406,"-0.25,0.69,1.25,18.37,226.87,-67.63"
303,2026-07-27T13:54:09.865,12.809500,0.228100,-0.2400,0.7000,1.4400,5.3100,239.6200,-66.9600,1.619012,248.856549,"-0.24,0.70,1.44,5.31,239.62,-66.96"
304,2026-07-27T13:54:09.865,12.809523,0.023600,0.0100,0.7000,1.3600,-33.0800,232.6000,2.0100,1.529608,234.949115,"0.01,0.70,1.36,-33.08,232.60,2.01"
305,2026-07-27T13:54:09.866,12.809642,0.118400,0.0900,0.5900,1.2000,-28.5000,202.7600,43.4000,1.340224,209.302240,"0.09,0.59,1.20,-28.50,202.76,43.40"
306,2026-07-27T13:54:09.867,12.810764,1.122300,0.1100,0.4800,1.0900,-28.5000,202.7600,43.4000,1.196077,209.302240,"0.11,0.48,1.09,-28.50,202.76,43.40"
307,2026-07-27T13:54:09.869,12.812935,2.170700,0.1300,0.4200,1.0100,-24.1100,162.4100,65.7300,1.101544,176.857946,"0.13,0.42,1.01,-24.11,162.41,65.73"
308,2026-07-27T13:54:10.104,13.048540,235.605100,0.1600,0.4200,0.9300,-24.9000,122.5600,67.1400,1.032909,141.946269,"0.16,0.42,0.93,-24.90,122.56,67.14"
309,2026-07-27T13:54:10.105,13.048710,0.170100,0.2000,0.4500,0.8800,-23.2500,85.8800,53.3400,1.008415,103.735686,"0.20,0.45,0.88,-23.25,85.88,53.34"
310,2026-07-27T13:54:10.105,13.049213,0.502500,0.2100,0.5000,0.9000,-16.4200,49.0700,29.8500,1.050762,59.736955,"0.21,0.50,0.90,-16.42,49.07,29.85"
311,2026-07-27T13:54:10.106,13.049688,0.475700,0.2100,0.5800,0.9800,-8.3600,8.4800,0.1800,1.157972,11.909341,"0.21,0.58,0.98,-8.36,8.48,0.18"
312,2026-07-27T13:54:10.106,13.050316,0.628300,0.2100,0.6900,1.0400,-2.5000,-40.4100,-28.7500,1.265622,49.656627,"0.21,0.69,1.04,-2.50,-40.41,-28.75"
313,2026-07-27T13:54:10.107,13.050801,0.485000,0.1400,0.7400,1.0700,0.5500,-90.2100,-33.1400,1.308472,96.106224,"0.14,0.74,1.07,0.55,-90.21,-33.14"
314,2026-07-27T13:54:10.165,13.108719,57.917700,-0.0200,0.7200,1.1100,0.1200,-124.4500,-4.3900,1.323216,124.527463,"-0.02,0.72,1.11,0.12,-124.45,-4.39"
315,2026-07-27T13:54:10.165,13.109496,0.776900,-0.1700,0.6500,1.1400,-1.2800,-141.8500,20.3200,1.323254,143.303745,"-0.17,0.65,1.14,-1.28,-141.85,20.32"
316,2026-07-27T13:54:10.287,13.231334,121.838100,-0.2500,0.6000,1.1800,4.5200,-150.5700,7.9300,1.347182,150.846413,"-0.25,0.60,1.18,4.52,-150.57,7.93"
317,2026-07-27T13:54:10.288,13.231828,0.493900,-0.2300,0.5800,1.2400,19.7100,-155.3300,-31.0100,1.388128,159.616769,"-0.23,0.58,1.24,19.71,-155.33,-31.01"
318,2026-07-27T13:54:10.288,13.231949,0.121300,-0.1600,0.5700,1.2900,38.9400,-158.5700,-63.5400,1.419366,175.208733,"-0.16,0.57,1.29,38.94,-158.57,-63.54"
319,2026-07-27T13:54:10.650,13.593795,361.846100,-0.0900,0.5300,1.3000,55.0500,-160.4000,-62.1900,1.406769,180.627403,"-0.09,0.53,1.30,55.05,-160.40,-62.19"
320,2026-07-27T13:54:10.650,13.594009,0.213200,-0.0900,0.4600,1.2700,59.7500,-163.6400,-27.9500,1.353736,176.435015,"-0.09,0.46,1.27,59.75,-163.64,-27.95"
321,2026-07-27T13:54:10.650,13.594031,0.022100,-0.1400,0.4000,1.2000,51.3300,-171.5700,13.6100,1.272635,179.600295,"-0.14,0.40,1.20,51.33,-171.57,13.61"
322,2026-07-27T13:54:10.650,13.594180,0.149100,-0.2000,0.3700,1.1000,36.1900,-179.3800,41.3800,1.177667,187.614511,"-0.20,0.37,1.10,36.19,-179.38,41.38"
323,2026-07-27T13:54:10.650,13.594320,0.139900,-0.2500,0.3500,0.9800,21.0600,-177.3700,51.8200,1.070234,185.981055,"-0.25,0.35,0.98,21.06,-177.37,51.82"
324,2026-07-27T13:54:10.650,13.594342,0.022600,-0.2800,0.3100,0.8600,8.7300,-161.1300,50.1700,0.956086,168.985558,"-0.28,0.31,0.86,8.73,-161.13,50.17"
325,2026-07-27T13:54:10.650,13.594543,0.200900,-0.3100,0.2700,0.7400,-1.7700,-132.9300,39.7300,0.846522,138.751543,"-0.31,0.27,0.74,-1.77,-132.93,39.73"
326,2026-07-27T13:54:10.651,13.594660,0.116800,-0.3700,0.2600,0.6200,-14.0400,-91.6700,22.7100,0.767398,95.479079,"-0.37,0.26,0.62,-14.04,-91.67,22.71"
327,2026-07-27T13:54:10.651,13.594751,0.091400,-0.4000,0.3200,0.5500,-28.2000,-35.8900,-0.1800,0.751598,45.643888,"-0.40,0.32,0.55,-28.20,-35.89,-0.18"
328,2026-07-27T13:54:10.709,13.652762,58.010700,-0.3900,0.4800,0.5900,-38.6400,28.2000,-25.7000,0.854751,54.302667,"-0.39,0.48,0.59,-38.64,28.20,-25.70"
329,2026-07-27T13:54:10.766,13.710308,57.545600,-0.3400,0.6500,0.7000,-42.8500,94.1200,-39.9200,1.013953,110.852620,"-0.34,0.65,0.70,-42.85,94.12,-39.92"
330,2026-07-27T13:54:10.766,13.710447,0.138900,-0.3100,0.7600,0.8800,-42.1800,157.7800,-32.8400,1.203370,166.589755,"-0.31,0.76,0.88,-42.18,157.78,-32.84"
331,2026-07-27T13:54:10.945,13.888585,178.138300,-0.3100,0.8200,1.1200,-36.1300,211.2400,-15.3200,1.422287,214.854409,"-0.31,0.82,1.12,-36.13,211.24,-15.32"
332,2026-07-27T13:54:10.945,13.888851,0.266000,-0.2900,0.8200,1.3200,-25.3900,244.9300,-6.4100,1.580791,246.325892,"-0.29,0.82,1.32,-25.39,244.93,-6.41"
333,2026-07-27T13:54:10.945,13.889255,0.404400,-0.2100,0.7500,1.4000,-12.8200,257.2000,-5.1900,1.602061,257.571599,"-0.21,0.75,1.40,-12.82,257.20,-5.19"
334,2026-07-27T13:54:10.946,13.890149,0.893800,-0.1100,0.6300,1.3500,-3.6000,254.0900,3.6000,1.493821,254.141000,"-0.11,0.63,1.35,-3.60,254.09,3.60"
335,2026-07-27T13:54:11.005,13.948984,58.835200,-0.0200,0.5100,1.2500,0.5500,237.9800,20.1400,1.350185,238.831326,"-0.02,0.51,1.25,0.55,237.98,20.14"
336,2026-07-27T13:54:11.005,13.949576,0.591300,0.0400,0.4500,1.1600,1.3400,208.3700,31.3100,1.244869,210.713475,"0.04,0.45,1.16,1.34,208.37,31.31"
337,2026-07-27T13:54:11.246,14.190106,240.530600,0.1100,0.4500,1.0700,-1.9500,167.9100,29.7900,1.165976,170.543293,"0.11,0.45,1.07,-1.95,167.91,29.79"
338,2026-07-27T13:54:11.246,14.190283,0.177100,0.1600,0.4700,0.9600,-7.7500,122.3800,19.5300,1.080787,124.170640,"0.16,0.47,0.96,-7.75,122.38,19.53"
339,2026-07-27T13:54:11.246,14.190372,0.088400,0.1900,0.5000,0.8700,-11.2900,79.4100,9.4600,1.021274,80.764496,"0.19,0.50,0.87,-11.29,79.41,9.46"
340,2026-07-27T13:54:11.246,14.190566,0.194200,0.1800,0.5100,0.8500,-11.1100,43.1500,3.1100,1.007472,44.665722,"0.18,0.51,0.85,-11.11,43.15,3.11"
341,2026-07-27T13:54:11.247,14.190735,0.168900,0.1800,0.5100,0.9000,-8.9100,11.1700,-3.9100,1.050000,14.813679,"0.18,0.51,0.90,-8.91,11.17,-3.91"
342,2026-07-27T13:54:11.248,14.192498,1.762600,0.1800,0.5000,0.9700,-8.0000,-21.4800,-10.4400,1.106029,25.186981,"0.18,0.50,0.97,-8.00,-21.48,-10.44"
343,2026-07-27T13:54:11.306,14.250111,57.613100,0.1300,0.5100,1.0500,-12.6300,-55.8500,-8.1800,1.174521,57.841610,"0.13,0.51,1.05,-12.63,-55.85,-8.18"
344,2026-07-27T13:54:11.365,14.309122,59.011200,-0.0000,0.5200,1.1300,-18.8600,-89.7200,-3.0500,1.243905,91.731568,"-0.00,0.52,1.13,-18.86,-89.72,-3.05"
345,2026-07-27T13:54:11.365,14.309263,0.141700,-0.1400,0.5500,1.2300,-15.4400,-121.5800,-14.9500,1.354622,123.464944,"-0.14,0.55,1.23,-15.44,-121.58,-14.95"
346,2026-07-27T13:54:11.425,14.369053,59.789800,-0.2000,0.6100,1.3400,1.4600,-151.2500,-51.5700,1.485833,159.806630,"-0.20,0.61,1.34,1.46,-151.25,-51.57"
347,2026-07-27T13:54:11.666,14.610164,241.111000,-0.1800,0.6400,1.4200,27.8900,-180.0500,-93.5700,1.567929,204.819920,"-0.18,0.64,1.42,27.89,-180.05,-93.57"
348,2026-07-27T13:54:11.666,14.610295,0.130600,-0.1400,0.6000,1.4700,55.9700,-207.0900,-111.2100,1.593895,241.633137,"-0.14,0.60,1.47,55.97,-207.09,-111.21"
349,2026-07-27T13:54:11.666,14.610406,0.111000,-0.1500,0.5200,1.4700,76.6600,-227.7800,-94.4200,1.566461,258.216228,"-0.15,0.52,1.47,76.66,-227.78,-94.42"
350,2026-07-27T13:54:11.666,14.610532,0.126600,-0.2000,0.4300,1.4100,81.6000,-237.7900,-54.9900,1.487616,257.345185,"-0.20,0.43,1.41,81.60,-237.79,-54.99"
351,2026-07-27T13:54:11.667,14.610649,0.116400,-0.2600,0.3600,1.2900,70.2500,-234.1300,-9.7000,1.364295,244.634440,"-0.26,0.36,1.29,70.25,-234.13,-9.70"
352,2026-07-27T13:54:11.667,14.610870,0.220900,-0.3100,0.3100,1.1200,49.7400,-215.5800,26.4900,1.202747,222.823976,"-0.31,0.31,1.12,49.74,-215.58,26.49"
353,2026-07-27T13:54:11.731,14.675179,64.309000,-0.3400,0.2800,0.9200,29.5400,-185.0600,44.1300,1.020000,192.528627,"-0.34,0.28,0.92,29.54,-185.06,44.13"
354,2026-07-27T13:54:11.731,14.675350,0.171000,-0.3400,0.2900,0.7400,16.3000,-147.6400,44.0100,0.864465,154.919785,"-0.34,0.29,0.74,16.30,-147.64,44.01"
355,2026-07-27T13:54:11.848,14.792032,116.682200,-0.3300,0.2800,0.6400,11.1100,-103.0900,38.3900,0.772593,110.565692,"-0.33,0.28,0.64,11.11,-103.09,38.39"
356,2026-07-27T13:54:11.849,14.793415,1.382900,-0.3300,0.2100,0.6100,9.4600,-48.1000,40.4700,0.724638,63.568251,"-0.33,0.21,0.61,9.46,-48.10,40.47"
357,2026-07-27T13:54:11.851,14.794675,1.260600,-0.3500,0.1600,0.6300,3.2300,11.7800,40.3400,0.738241,42.148747,"-0.35,0.16,0.63,3.23,11.78,40.34"
358,2026-07-27T13:54:11.907,14.850871,56.195200,-0.3600,0.2400,0.6800,-11.3500,64.3900,8.2400,0.805978,65.899865,"-0.36,0.24,0.68,-11.35,64.39,8.24"
359,2026-07-27T13:54:11.968,14.912253,61.382600,-0.3700,0.4400,0.7900,-28.3200,103.3900,-58.5900,0.977036,122.165063,"-0.37,0.44,0.79,-28.32,103.39,-58.59"
360,2026-07-27T13:54:11.969,14.912927,0.673400,-0.3900,0.6600,0.9700,-41.2000,136.1100,-114.6900,1.236366,182.694193,"-0.39,0.66,0.97,-41.20,136.11,-114.69"
361,2026-07-27T13:54:12.146,15.090400,177.473400,-0.3400,0.8500,1.3600,-56.8800,218.4400,-92.1000,1.639421,243.790439,"-0.34,0.85,1.36,-56.88,218.44,-92.10"
362,2026-07-27T13:54:12.146,15.090573,0.172800,-0.2100,0.8200,1.4000,-62.8100,246.8900,-61.5200,1.636001,262.077238,"-0.21,0.82,1.40,-62.81,246.89,-61.52"
363,2026-07-27T13:54:12.147,15.090596,0.022700,-0.2100,0.8200,1.4000,-67.9900,249.8800,-35.9500,1.636001,261.448001,"-0.21,0.82,1.40,-67.99,249.88,-35.95"
364,2026-07-27T13:54:12.266,15.210574,119.978500,-0.0600,0.7400,1.3100,-64.8800,226.8100,-10.5000,1.505756,236.140722,"-0.06,0.74,1.31,-64.88,226.81,-10.50"
365,2026-07-27T13:54:12.267,15.210608,0.033500,0.0500,0.6200,1.1800,-49.3800,187.6200,14.8900,1.333904,194.579960,"0.05,0.62,1.18,-49.38,187.62,14.89"
366,2026-07-27T13:54:12.267,15.210686,0.077900,0.1200,0.5100,1.1000,-32.7100,142.1500,35.5800,1.218401,150.141610,"0.12,0.51,1.10,-32.71,142.15,35.58"
367,2026-07-27T13:54:12.392,15.336105,125.419100,0.1600,0.4500,1.0400,-25.9400,95.7000,46.2600,1.144421,109.413716,"0.16,0.45,1.04,-25.94,95.70,46.26"
368,2026-07-27T13:54:12.392,15.336266,0.161000,0.1300,0.4500,0.9300,-15.2000,10.9900,31.9200,1.041297,37.023054,"0.13,0.45,0.93,-15.20,10.99,31.92"
369,2026-07-27T13:54:12.446,15.389709,53.443500,0.0400,0.4700,0.9500,-0.9200,-22.0900,7.5100,1.060660,23.349831,"0.04,0.47,0.95,-0.92,-22.09,7.51"
370,2026-07-27T13:54:12.446,15.389889,0.179500,0.0100,0.4500,0.9900,-0.9200,-22.0900,7.5100,1.087520,23.349831,"0.01,0.45,0.99,-0.92,-22.09,7.51"
371,2026-07-27T13:54:12.569,15.513124,123.235300,0.0400,0.4300,1.0400,9.0300,-49.8000,-16.9700,1.126099,53.381287,"0.04,0.43,1.04,9.03,-49.80,-16.97"
372,2026-07-27T13:54:12.570,15.514261,1.137200,0.0200,0.4600,1.1100,9.0300,-75.2000,-29.4200,1.201707,81.253414,"0.02,0.46,1.11,9.03,-75.20,-29.42"
373,2026-07-27T13:54:12.571,15.514773,0.512100,-0.0600,0.5200,1.2200,9.0300,-102.9700,-36.7400,1.327554,109.700453,"-0.06,0.52,1.22,9.03,-102.97,-36.74"
374,2026-07-27T13:54:12.625,15.569358,54.584900,-0.1300,0.5900,1.3800,24.1700,-134.4000,-54.2000,1.506453,146.918988,"-0.13,0.59,1.38,24.17,-134.40,-54.20"
375,2026-07-27T13:54:12.868,15.812167,242.808600,-0.1600,0.5900,1.5200,53.2800,-169.4900,-77.3300,1.638322,193.766735,"-0.16,0.59,1.52,53.28,-169.49,-77.33"
376,2026-07-27T13:54:12.868,15.812338,0.171000,-0.1700,0.5300,1.5500,77.5100,-201.6600,-78.8000,1.646906,229.965205,"-0.17,0.53,1.55,77.51,-201.66,-78.80"
377,2026-07-27T13:54:12.868,15.812504,0.166700,-0.2200,0.4300,1.5100,84.1100,-221.0700,-47.0600,1.585371,241.166085,"-0.22,0.43,1.51,84.11,-221.07,-47.06"
378,2026-07-27T13:54:12.869,15.812613,0.108400,-0.2800,0.3700,1.4100,72.8800,-224.7900,-1.4000,1.484385,236.313348,"-0.28,0.37,1.41,72.88,-224.79,-1.40"
379,2026-07-27T13:54:12.927,15.871459,58.846000,-0.3100,0.3500,1.2700,49.5000,-212.8900,38.1500,1.353329,221.873443,"-0.31,0.35,1.27,49.50,-212.89,38.15"
380,2026-07-27T13:54:12.928,15.871603,0.143900,-0.3000,0.3200,1.1100,26.0600,-189.0900,62.5000,1.193524,200.849201,"-0.30,0.32,1.11,26.06,-189.09,62.50"
381,2026-07-27T13:54:12.928,15.871705,0.101900,-0.2800,0.2700,0.9700,12.2700,-160.1600,68.8500,1.045084,174.762985,"-0.28,0.27,0.97,12.27,-160.16,68.85"
382,2026-07-27T13:54:12.928,15.871741,0.036800,-0.2600,0.1900,0.8500,9.2800,-131.4100,58.8400,0.908955,144.280463,"-0.26,0.19,0.85,9.28,-131.41,58.84"
383,2026-07-27T13:54:12.987,15.931575,59.833900,-0.2600,0.0900,0.7600,10.8000,-103.2100,38.5700,0.808270,110.709480,"-0.26,0.09,0.76,10.80,-103.21,38.57"
384,2026-07-27T13:54:13.349,16.293237,361.661400,-0.2800,0.0100,0.7200,6.2900,-70.6800,19.2300,0.772593,73.518837,"-0.28,0.01,0.72,6.29,-70.68,19.23"
385,2026-07-27T13:54:13.350,16.293645,0.408000,-0.3200,0.0100,0.7000,-10.1300,-30.0900,4.5800,0.769740,32.078052,"-0.32,0.01,0.70,-10.13,-30.09,4.58"
386,2026-07-27T13:54:13.350,16.294046,0.401100,-0.3400,0.1100,0.7400,-32.9600,15.3200,-15.9900,0.821766,39.708237,"-0.34,0.11,0.74,-32.96,15.32,-15.99"
387,2026-07-27T13:54:13.350,16.294349,0.303600,-0.3300,0.3400,0.8100,-54.8100,57.5000,-55.6600,0.938403,96.997019,"-0.33,0.34,0.81,-54.81,57.50,-55.66"
388,2026-07-27T13:54:13.351,16.295136,0.786700,-0.2900,0.6400,0.8600,-70.1900,89.3600,-112.3000,1.110540,159.759618,"-0.29,0.64,0.86,-70.19,89.36,-112.30"
389,2026-07-27T13:54:13.351,16.295158,0.022000,-0.2500,0.8500,0.9200,-66.9600,114.6200,-146.1200,1.277263,197.414388,"-0.25,0.85,0.92,-66.96,114.62,-146.12"
390,2026-07-27T13:54:13.351,16.295254,0.095800,-0.2400,0.8500,1.0600,-48.8300,145.9400,-119.3200,1.379746,194.730878,"-0.24,0.85,1.06,-48.83,145.94,-119.32"
391,2026-07-27T13:54:13.351,16.295391,0.137200,-0.2200,0.7800,1.1800,-38.7600,180.2400,-58.2300,1.431503,193.337860,"-0.22,0.78,1.18,-38.76,180.24,-58.23"
392,2026-07-27T13:54:13.351,16.295513,0.121600,-0.1800,0.7200,1.2000,-39.9800,199.2200,-17.8200,1.410957,203.971962,"-0.18,0.72,1.20,-39.98,199.22,-17.82"
393,2026-07-27T13:54:13.467,16.411373,115.859900,-0.1300,0.6700,1.1600,-36.7400,192.9300,-16.3600,1.345883,197.077300,"-0.13,0.67,1.16,-36.74,192.93,-16.36"
394,2026-07-27T13:54:13.469,16.412622,1.249600,-0.0800,0.6200,1.1200,-23.0100,168.8200,-31.4900,1.282653,173.266479,"-0.08,0.62,1.12,-23.01,168.82,-31.49"
395,2026-07-27T13:54:13.470,16.413941,1.318700,-0.0200,0.5700,1.0900,-9.8300,141.7800,-36.0700,1.230203,146.626199,"-0.02,0.57,1.09,-9.83,141.78,-36.07"
396,2026-07-27T13:54:13.885,16.828693,414.752400,0.0300,0.5500,1.0400,-7.4500,117.1300,-24.8400,1.176860,119.966516,"0.03,0.55,1.04,-7.45,117.13,-24.84"
397,2026-07-27T13:54:13.885,16.828805,0.111400,0.0800,0.5400,0.9600,-9.7700,90.6400,-11.8400,1.104355,91.930670,"0.08,0.54,0.96,-9.77,90.64,-11.84"
398,2026-07-27T13:54:13.886,16.829674,0.869500,0.0900,0.5300,0.9200,-5.4300,59.9400,-8.0000,1.065552,60.714813,"0.09,0.53,0.92,-5.43,59.94,-8.00"
399,2026-07-27T13:54:13.886,16.830387,0.712900,0.0800,0.5100,0.9500,6.4700,27.7700,-12.8800,1.081203,31.287828,"0.08,0.51,0.95,6.47,27.77,-12.88"
400,2026-07-27T13:54:13.887,16.830658,0.270700,0.1000,0.4800,1.0100,18.6200,-3.2300,-20.2000,1.122720,27.661838,"0.10,0.48,1.01,18.62,-3.23,-20.20"
401,2026-07-27T13:54:13.887,16.830993,0.335600,0.1200,0.4400,1.0800,25.1500,-34.7300,-19.0400,1.172348,46.917129,"0.12,0.44,1.08,25.15,-34.73,-19.04"
402,2026-07-27T13:54:13.888,16.832063,1.069200,0.0400,0.4100,1.1700,24.6000,-68.1800,-2.6900,1.240403,72.532120,"0.04,0.41,1.17,24.60,-68.18,-2.69"
403,2026-07-27T13:54:13.888,16.832374,0.311000,-0.1100,0.4100,1.2600,19.9600,-99.5500,14.9500,1.329586,102.626052,"-0.11,0.41,1.26,19.96,-99.55,14.95"
404,2026-07-27T13:54:13.889,16.832745,0.371100,-0.2100,0.4500,1.3300,18.8600,-125.1200,9.8300,1.419683,126.914707,"-0.21,0.45,1.33,18.86,-125.12,9.83"
405,2026-07-27T13:54:13.889,16.833528,0.783000,-0.2000,0.4800,1.4000,25.8200,-146.9700,-16.9100,1.493452,150.175902,"-0.20,0.48,1.40,25.82,-146.97,-16.91"
406,2026-07-27T13:54:13.890,16.834004,0.476800,-0.1200,0.4700,1.4600,33.9400,-165.0400,-28.5000,1.538473,170.887025,"-0.12,0.47,1.46,33.94,-165.04,-28.50"
407,2026-07-27T13:54:14.066,17.009820,175.816000,-0.0900,0.3900,1.4900,30.9400,-175.6600,3.7200,1.542822,178.402796,"-0.09,0.39,1.49,30.94,-175.66,3.72"
408,2026-07-27T13:54:14.066,17.010091,0.270200,-0.1600,0.3000,1.4500,15.8100,-185.1800,53.7100,1.489329,193.458917,"-0.16,0.30,1.45,15.81,-185.18,53.71"
409,2026-07-27T13:54:14.066,17.010281,0.190300,-0.2700,0.2500,1.3200,-1.1600,-198.9100,71.4100,1.370328,211.343138,"-0.27,0.25,1.32,-1.16,-198.91,71.41"
410,2026-07-27T13:54:14.066,17.010409,0.128000,-0.3400,0.2500,1.1500,-8.6100,-209.1100,44.8000,1.224990,214.028419,"-0.34,0.25,1.15,-8.61,-209.11,44.80"
411,2026-07-27T13:54:14.245,17.189331,178.921900,-0.3500,0.2400,0.9700,-3.9700,-206.0500,-0.0600,1.058773,206.088251,"-0.35,0.24,0.97,-3.97,-206.05,-0.06"
412,2026-07-27T13:54:14.246,17.189611,0.279900,-0.3200,0.2100,0.8200,6.4700,-184.7500,-34.1200,0.904931,187.985632,"-0.32,0.21,0.82,6.47,-184.75,-34.12"
413,2026-07-27T13:54:14.246,17.189645,0.034700,-0.2700,0.1600,0.7200,11.7200,-144.9000,-39.0000,0.785430,150.513682,"-0.27,0.16,0.72,11.72,-144.90,-39.00"
414,2026-07-27T13:54:14.246,17.189744,0.098900,-0.2500,0.1300,0.6700,-0.5500,-88.9300,-6.6500,0.726842,89.179986,"-0.25,0.13,0.67,-0.55,-88.93,-6.65"
415,2026-07-27T13:54:14.247,17.191445,1.700300,-0.2800,0.1200,0.6700,-29.2400,-22.5800,44.5600,0.736003,57.882878,"-0.28,0.12,0.67,-29.24,-22.58,44.56"
416,2026-07-27T13:54:14.425,17.369420,177.975100,-0.3300,0.2000,0.7300,-55.2400,42.7200,68.9100,0.825712,98.107309,"-0.33,0.20,0.73,-55.24,42.72,68.91"
417,2026-07-27T13:54:14.730,17.673796,304.376600,-0.3400,0.3600,0.8100,-62.1300,98.0200,37.6000,0.949368,121.991054,"-0.34,0.36,0.81,-62.13,98.02,37.60"
418,2026-07-27T13:54:14.730,17.674437,0.641100,-0.3300,0.5700,0.9000,-46.9400,139.7700,-30.3300,1.115258,150.528819,"-0.33,0.57,0.90,-46.94,139.77,-30.33"
419,2026-07-27T13:54:14.730,17.674519,0.081800,-0.3300,0.7700,1.0100,-13.2400,172.8500,-95.1500,1.312212,197.752225,"-0.33,0.77,1.01,-13.24,172.85,-95.15"
420,2026-07-27T13:54:14.731,17.675385,0.865500,-0.3400,0.8800,1.2000,31.3100,206.2400,-139.1000,1.526434,250.727070,"-0.34,0.88,1.20,31.31,206.24,-139.10"
421,2026-07-27T13:54:14.737,17.680927,5.542500,-0.3000,0.9100,1.3800,60.1800,222.1700,-165.7700,1.680030,283.656190,"-0.30,0.91,1.38,60.18,222.17,-165.77"
422,2026-07-27T13:54:14.737,17.681173,0.245600,-0.2000,0.8700,1.3700,43.5200,214.2900,-156.1300,1.635176,268.683404,"-0.20,0.87,1.37,43.52,214.29,-156.13"
423,2026-07-27T13:54:14.737,17.681434,0.260700,-0.1400,0.7500,1.2200,0.9200,203.0000,-91.7400,1.438923,222.769105,"-0.14,0.75,1.22,0.92,203.00,-91.74"
424,2026-07-27T13:54:14.737,17.681455,0.021800,-0.0600,0.5100,1.0300,-11.2300,159.2400,49.6800,1.150913,167.187299,"-0.06,0.51,1.03,-11.23,159.24,49.68"
425,2026-07-27T13:54:14.738,17.681620,0.164300,-0.0100,0.4500,0.9900,-7.0200,135.6200,75.7400,1.087520,155.494734,"-0.01,0.45,0.99,-7.02,135.62,75.74"
426,2026-07-27T13:54:14.738,17.681640,0.020100,-0.0100,0.4500,0.9900,-17.4000,119.6900,72.7500,1.087520,141.141839,"-0.01,0.45,0.99,-17.40,119.69,72.75"
427,2026-07-27T13:54:14.910,17.853789,172.149700,0.0300,0.4300,0.9300,-27.1000,96.0700,48.2800,1.025037,110.881979,"0.03,0.43,0.93,-27.10,96.07,48.28"
428,2026-07-27T13:54:14.910,17.854418,0.628600,0.0500,0.4500,0.8700,-22.8300,55.6000,12.7000,0.980765,61.431742,"0.05,0.45,0.87,-22.83,55.60,12.70"
429,2026-07-27T13:54:14.911,17.855197,0.779400,0.0700,0.4900,0.8500,-3.7200,6.6500,-25.0200,0.983616,26.154566,"0.07,0.49,0.85,-3.72,6.65,-25.02"
430,2026-07-27T13:54:14.911,17.855384,0.186600,0.1100,0.5300,0.9000,15.5000,-40.1600,-46.6300,1.050238,63.462056,"0.11,0.53,0.90,15.50,-40.16,-46.63"
431,2026-07-27T13:54:14.967,17.910602,55.218100,0.1400,0.5400,1.0100,20.0800,-79.5900,-36.2500,1.153820,89.732029,"0.14,0.54,1.01,20.08,-79.59,-36.25"
432,2026-07-27T13:54:15.205,18.149280,238.677700,-0.0800,0.6100,1.2300,29.4800,-144.5300,-0.0600,1.375282,147.505915,"-0.08,0.61,1.23,29.48,-144.53,-0.06"
433,2026-07-27T13:54:15.206,18.149580,0.300400,-0.1900,0.6800,1.3600,29.4800,-144.5300,-0.0600,1.532351,147.505915,"-0.19,0.68,1.36,29.48,-144.53,-0.06"
434,2026-07-27T13:54:15.206,18.149701,0.121200,-0.2700,0.6900,1.4800,51.1500,-164.9800,-1.6500,1.655113,172.735189,"-0.27,0.69,1.48,51.15,-164.98,-1.65"
435,2026-07-27T13:54:15.206,18.149799,0.097500,-0.3300,0.6400,1.5200,60.9100,-183.7200,-5.6200,1.681933,193.635356,"-0.33,0.64,1.52,60.91,-183.72,-5.62"
436,2026-07-27T13:54:15.627,18.570686,420.886700,-0.3700,0.5700,1.4800,55.1800,-209.4700,-6.2900,1.628558,216.707354,"-0.37,0.57,1.48,55.18,-209.47,-6.29"
437,2026-07-27T13:54:15.627,18.570935,0.249000,-0.3900,0.5000,1.3900,43.4600,-235.1100,-4.7600,1.527809,239.140422,"-0.39,0.50,1.39,43.46,-235.11,-4.76"
438,2026-07-27T13:54:15.627,18.571076,0.141000,-0.4000,0.4400,1.2700,32.2900,-246.2200,-1.5900,1.402320,248.333366,"-0.40,0.44,1.27,32.29,-246.22,-1.59"
439,2026-07-27T13:54:15.627,18.571274,0.198600,-0.4100,0.3900,1.1200,24.1700,-237.4300,5.4300,1.254831,238.718828,"-0.41,0.39,1.12,24.17,-237.43,5.43"
440,2026-07-27T13:54:15.627,18.571293,0.018500,-0.4000,0.3500,0.9400,22.4000,-214.9700,16.9700,1.079861,216.799082,"-0.40,0.35,0.94,22.40,-214.97,16.97"
441,2026-07-27T13:54:15.629,18.573039,1.746400,-0.3700,0.2900,0.7900,28.0200,-184.0200,28.5600,0.919293,188.319288,"-0.37,0.29,0.79,28.02,-184.02,28.56"
442,2026-07-27T13:54:15.629,18.573277,0.238300,-0.3500,0.2000,0.6800,31.4300,-144.6500,33.9400,0.790506,151.866359,"-0.35,0.20,0.68,31.43,-144.65,33.94"
443,2026-07-27T13:54:15.629,18.573529,0.251800,-0.3500,0.1400,0.6000,20.3200,-95.0300,30.5800,0.708590,101.876100,"-0.35,0.14,0.60,20.32,-95.03,30.58"
444,2026-07-27T13:54:15.630,18.573883,0.353300,-0.3700,0.1600,0.5800,-3.6600,-37.1100,17.7600,0.706329,41.303333,"-0.37,0.16,0.58,-3.66,-37.11,17.76"
445,2026-07-27T13:54:15.630,18.574071,0.188100,-0.4100,0.2700,0.6300,-29.8500,22.1600,-7.3900,0.798686,37.903828,"-0.41,0.27,0.63,-29.85,22.16,-7.39"
446,2026-07-27T13:54:15.630,18.574094,0.023800,-0.4300,0.4700,0.7400,-49.1900,75.2600,-48.3400,0.976422,102.080749,"-0.43,0.47,0.74,-49.19,75.26,-48.34"
447,2026-07-27T13:54:15.630,18.574171,0.076700,-0.4100,0.7000,0.8700,-59.5100,119.8100,-93.1400,1.189538,163.005938,"-0.41,0.70,0.87,-59.51,119.81,-93.14"
448,2026-07-27T13:54:15.685,18.629477,55.306000,-0.3900,0.8800,1.0700,-62.6800,162.1100,-109.9200,1.439236,205.647370,"-0.39,0.88,1.07,-62.68,162.11,-109.92"
449,2026-07-27T13:54:15.685,18.629512,0.035200,-0.3400,0.9600,1.3000,-60.6700,206.6700,-87.4600,1.651424,232.470621,"-0.34,0.96,1.30,-60.67,206.67,-87.46"
450,2026-07-27T13:54:15.749,18.692778,63.265200,-0.2000,0.9400,1.4400,-56.6400,241.5800,-48.8900,1.731242,252.901598,"-0.20,0.94,1.44,-56.64,241.58,-48.89"
451,2026-07-27T13:54:16.287,19.231295,538.517200,-0.0400,0.8200,1.4000,-50.6000,249.7600,-8.1200,1.622960,254.963433,"-0.04,0.82,1.40,-50.60,249.76,-8.12"
452,2026-07-27T13:54:16.287,19.231458,0.163000,0.0400,0.6700,1.1900,-43.5200,223.9400,36.8000,1.366236,231.078675,"0.04,0.67,1.19,-43.52,223.94,36.80"
453,2026-07-27T13:54:16.287,19.231510,0.051900,-0.0200,0.5700,0.9900,-35.1600,174.5000,73.4900,1.142541,192.580517,"-0.02,0.57,0.99,-35.16,174.50,73.49"
454,2026-07-27T13:54:16.287,19.231520,0.010700,-0.0900,0.5200,0.9000,-21.0600,128.2300,84.0500,1.043312,154.760651,"-0.09,0.52,0.90,-21.06,128.23,84.05"
455,2026-07-27T13:54:16.288,19.231646,0.125500,-0.0800,0.4700,0.8900,-7.5100,103.7600,70.1900,1.009653,125.495712,"-0.08,0.47,0.89,-7.51,103.76,70.19"
456,2026-07-27T13:54:16.288,19.231661,0.015400,-0.0000,0.4400,0.8900,-6.0400,98.1400,46.2000,0.992824,108.638765,"-0.00,0.44,0.89,-6.04,98.14,46.20"
457,2026-07-27T13:54:16.288,19.231860,0.198300,0.1000,0.4600,0.8900,-10.8600,97.7200,20.6300,1.006827,100.462604,"0.10,0.46,0.89,-10.86,97.72,20.63"
458,2026-07-27T13:54:16.288,19.231975,0.115000,0.2000,0.5200,0.9200,-9.0900,87.8300,-7.9300,1.075546,88.654509,"0.20,0.52,0.92,-9.09,87.83,-7.93"
459,2026-07-27T13:54:16.292,19.235810,3.835100,0.3200,0.5800,0.9900,2.9900,56.7600,-42.5400,1.191176,70.994995,"0.32,0.58,0.99,2.99,56.76,-42.54"
460,2026-07-27T13:54:16.292,19.235996,0.186400,0.4100,0.5800,1.0700,18.2500,1.1600,-69.2700,1.284290,71.643150,"0.41,0.58,1.07,18.25,1.16,-69.27"
461,2026-07-27T13:54:16.292,19.236346,0.349900,0.3200,0.5500,1.1500,21.3600,-65.8000,-57.2500,1.314306,89.796727,"0.32,0.55,1.15,21.36,-65.80,-57.25"
462,2026-07-27T13:54:16.292,19.236367,0.020600,0.0700,0.5300,1.2200,7.5700,-121.3400,-9.0300,1.331991,121.910793,"0.07,0.53,1.22,7.57,-121.34,-9.03"
463,2026-07-27T13:54:16.292,19.236477,0.110600,-0.1500,0.5600,1.2800,-6.1600,-156.3700,24.1700,1.405169,158.346807,"-0.15,0.56,1.28,-6.16,-156.37,24.17"
464,2026-07-27T13:54:16.293,19.236592,0.114900,-0.2500,0.6100,1.3700,-0.6100,-182.6800,9.5200,1.520362,182.928907,"-0.25,0.61,1.37,-0.61,-182.68,9.52"
465,2026-07-27T13:54:16.345,19.288890,52.298300,-0.2500,0.6600,1.4800,23.2500,-209.1100,-28.5000,1.639665,212.320052,"-0.25,0.66,1.48,23.25,-209.11,-28.50"
466,2026-07-27T13:54:16.527,19.470810,181.919700,-0.2100,0.6100,1.5400,43.7600,-224.4300,-48.2800,1.669671,233.697927,"-0.21,0.61,1.54,43.76,-224.43,-48.28"
467,2026-07-27T13:54:16.527,19.470853,0.043400,-0.1700,0.5000,1.5000,46.7500,-221.1300,-41.2600,1.590252,229.752970,"-0.17,0.50,1.50,46.75,-221.13,-41.26"
468,2026-07-27T13:54:16.527,19.471201,0.347600,-0.1600,0.4000,1.3700,41.1400,-210.7500,-26.9800,1.436141,216.416225,"-0.16,0.40,1.37,41.14,-210.75,-26.98"
469,2026-07-27T13:54:16.527,19.471233,0.032100,-0.2000,0.3500,1.2400,37.4800,-202.6400,-19.1000,1.303879,206.960214,"-0.20,0.35,1.24,37.48,-202.64,-19.10"
470,2026-07-27T13:54:16.527,19.471376,0.142900,-0.2500,0.3200,1.1400,35.5200,-192.0200,-16.2400,1.210165,195.951750,"-0.25,0.32,1.14,35.52,-192.02,-16.24"
471,2026-07-27T13:54:16.706,19.650564,179.188300,-0.2900,0.2500,1.0500,31.9800,-167.6000,-8.7300,1.117631,170.846988,"-0.29,0.25,1.05,31.98,-167.60,-8.73"
472,2026-07-27T13:54:16.707,19.650626,0.061700,-0.2900,0.1400,0.9300,25.0200,-129.4600,7.4500,0.984175,132.065872,"-0.29,0.14,0.93,25.02,-129.46,7.45"
473,2026-07-27T13:54:16.707,19.650748,0.121900,-0.2900,0.0400,0.8200,14.1000,-90.2100,25.7600,0.870689,94.869551,"-0.29,0.04,0.82,14.10,-90.21,25.76"
474,2026-07-27T13:54:17.005,19.949012,298.264100,-0.3100,0.0100,0.7700,-2.9300,-55.2400,34.5500,0.830120,65.220741,"-0.31,0.01,0.77,-2.93,-55.24,34.55"
475,2026-07-27T13:54:17.005,19.949148,0.135700,-0.3300,0.0700,0.7500,-24.8400,-21.1200,22.1600,0.822375,39.422653,"-0.33,0.07,0.75,-24.84,-21.12,22.16"
476,2026-07-27T13:54:17.487,20.431558,482.410100,-0.3100,0.1900,0.7600,-43.1500,12.2100,-12.7000,0.842496,46.607903,"-0.31,0.19,0.76,-43.15,12.21,-12.70"
477,2026-07-27T13:54:17.907,20.851399,419.841100,-0.3100,0.3800,0.8000,-55.4200,43.0300,-62.3200,0.938350,93.844231,"-0.31,0.38,0.80,-55.42,43.03,-62.32"
478,2026-07-27T13:54:17.908,20.851697,0.297700,-0.3500,0.6200,0.8200,-69.0300,69.5200,-114.2600,1.085956,150.510860,"-0.35,0.62,0.82,-69.03,69.52,-114.26"
479,2026-07-27T13:54:17.908,20.851728,0.031800,-0.4100,0.8200,0.8200,-85.6300,95.8900,-145.4500,1.230000,194.121332,"-0.41,0.82,0.82,-85.63,95.89,-145.45"
480,2026-07-27T13:54:17.908,20.852498,0.769000,-0.4600,0.9400,0.9200,-90.7600,132.1400,-143.4900,1.393413,215.145851,"-0.46,0.94,0.92,-90.76,132.14,-143.49"
481,2026-07-27T13:54:17.910,20.853925,1.427400,-0.4600,1.0200,1.1700,-79.5300,178.1600,-125.9200,1.618919,232.210794,"-0.46,1.02,1.17,-79.53,178.16,-125.92"
482,2026-07-27T13:54:17.910,20.854155,0.230000,-0.3600,1.0600,1.3900,-69.4000,221.2500,-111.0800,1.784741,257.112211,"-0.36,1.06,1.39,-69.40,221.25,-111.08"
483,2026-07-27T13:54:17.910,20.854266,0.110800,-0.1800,1.0200,1.4100,-68.1200,248.8400,-90.6400,1.749543,273.454365,"-0.18,1.02,1.41,-68.12,248.84,-90.64"
484,2026-07-27T13:54:17.910,20.854420,0.154600,0.0300,0.8800,1.2800,-64.5800,248.1700,-52.8600,1.553609,261.826479,"0.03,0.88,1.28,-64.58,248.17,-52.86"
485,2026-07-27T13:54:17.910,20.854445,0.024300,0.1700,0.6800,1.1500,-49.2600,208.2500,-12.5100,1.346774,214.362101,"0.17,0.68,1.15,-49.26,208.25,-12.51"
486,2026-07-27T13:54:17.911,20.854631,0.186400,0.1800,0.5100,1.0900,-25.4500,136.6000,10.3100,1.216799,139.332547,"0.18,0.51,1.09,-25.45,136.60,10.31"
487,2026-07-27T13:54:17.911,20.854648,0.017500,0.0600,0.3800,1.0700,-9.4600,60.7900,16.9100,1.137058,63.803321,"0.06,0.38,1.07,-9.46,60.79,16.91"
488,2026-07-27T13:54:17.911,20.854763,0.114100,0.1000,0.2300,0.6300,-47.4200,-14.9500,-18.1900,0.678086,52.943697,"0.10,0.23,0.63,-47.42,-14.95,-18.19"
489,2026-07-27T13:54:17.911,20.854951,0.188700,0.4200,0.3500,0.2000,-77.7600,-8.3000,-61.6500,0.582151,99.580270,"0.42,0.35,0.20,-77.76,-8.30,-61.65"
490,2026-07-27T13:54:17.911,20.854978,0.026500,0.4200,0.3500,0.2000,-59.3300,4.0900,-92.1000,0.582151,109.632053,"0.42,0.35,0.20,-59.33,4.09,-92.10"
491,2026-07-27T13:54:17.916,20.860458,5.480200,0.6400,0.4200,0.0600,80.5700,-8.3600,-81.3600,0.767854,114.807944,"0.64,0.42,0.06,80.57,-8.36,-81.36"
492,2026-07-27T13:54:17.917,20.860773,0.315200,0.3800,0.2000,0.7000,273.5000,-65.0600,-38.8800,0.821219,283.807519,"0.38,0.20,0.70,273.50,-65.06,-38.88"
493,2026-07-27T13:54:17.917,20.861037,0.264200,-0.2900,-0.1500,2.0600,297.1800,-154.3600,-8.4200,2.085713,334.983370,"-0.29,-0.15,2.06,297.18,-154.36,-8.42"
494,2026-07-27T13:54:17.917,20.861059,0.021600,-0.9400,-0.5300,3.0400,123.1100,-249.1500,17.7000,3.225849,278.469181,"-0.94,-0.53,3.04,123.11,-249.15,17.70"
495,2026-07-27T13:54:17.917,20.861227,0.167900,-2.2000,-0.1400,2.5600,-133.5400,-320.9800,-50.1100,3.378343,351.243653,"-2.20,-0.14,2.56,-133.54,-320.98,-50.11"
496,2026-07-27T13:54:17.917,20.861248,0.021600,-1.9100,0.4500,1.7900,-103.7600,-257.1400,-125.1200,2.656069,304.207383,"-1.91,0.45,1.79,-103.76,-257.14,-125.12"
497,2026-07-27T13:54:17.917,20.861307,0.058400,-1.1900,0.6700,1.2100,-103.7600,-257.1400,-125.1200,1.824582,304.207383,"-1.19,0.67,1.21,-103.76,-257.14,-125.12"
498,2026-07-27T13:54:18.089,21.033241,171.934500,-0.6300,0.4900,0.8100,-36.3800,-164.7300,-134.9500,1.137146,216.034673,"-0.63,0.49,0.81,-36.38,-164.73,-134.95"
499,2026-07-27T13:54:18.090,21.034018,0.776100,-0.3700,0.3100,0.5000,-8.0000,-86.8500,-130.6200,0.694982,157.062112,"-0.37,0.31,0.50,-8.00,-86.85,-130.62"
500,2026-07-27T13:54:18.091,21.034601,0.583800,-0.2700,0.3100,0.2800,-20.3200,-38.3300,-138.7300,0.497393,145.355097,"-0.27,0.31,0.28,-20.32,-38.33,-138.73"
501,2026-07-27T13:54:18.091,21.034978,0.376800,-0.2200,0.3700,0.2100,-28.2000,-0.3700,-132.2000,0.478957,135.174764,"-0.22,0.37,0.21,-28.20,-0.37,-132.20"
502,2026-07-27T13:54:18.092,21.036422,1.444300,-0.2100,0.3500,0.3200,-11.9000,45.2900,-93.2600,0.518652,104.356225,"-0.21,0.35,0.32,-11.90,45.29,-93.26"
503,2026-07-27T13:54:18.093,21.036641,0.218200,-0.2700,0.2800,0.5000,8.9700,100.7700,-41.6300,0.633482,109.398861,"-0.27,0.28,0.50,8.97,100.77,-41.63"
504,2026-07-27T13:54:18.093,21.036735,0.094700,-0.3300,0.2800,0.7200,25.2700,154.4200,-14.2200,0.840060,157.118801,"-0.33,0.28,0.72,25.27,154.42,-14.22"
505,2026-07-27T13:54:18.093,21.036972,0.237100,-0.2800,0.3600,0.9100,41.2000,183.8400,-30.0900,1.017890,190.787824,"-0.28,0.36,0.91,41.20,183.84,-30.09"
506,2026-07-27T13:54:18.093,21.036994,0.021500,-0.1600,0.4900,1.0100,58.7800,180.9700,-64.5800,1.133931,200.937318,"-0.16,0.49,1.01,58.78,180.97,-64.58"
507,2026-07-27T13:54:18.093,21.037054,0.060400,-0.1500,0.5700,1.1500,64.7600,152.5300,-68.7300,1.292246,179.396409,"-0.15,0.57,1.15,64.76,152.53,-68.73"
508,2026-07-27T13:54:18.265,21.209298,172.243600,-0.2800,0.3700,1.2900,34.0000,111.8800,-9.0300,1.370912,117.280328,"-0.28,0.37,1.29,34.00,111.88,-9.03"
509,2026-07-27T13:54:18.265,21.209466,0.168600,-0.4100,-0.0100,1.1900,-30.7000,75.2600,100.4000,1.258690,129.177078,"-0.41,-0.01,1.19,-30.70,75.26,100.40"
510,2026-07-27T13:54:18.266,21.209588,0.121700,-0.5000,-0.1000,0.8900,-105.0400,41.7500,173.2200,1.025719,206.837213,"-0.50,-0.10,0.89,-105.04,41.75,173.22"
511,2026-07-27T13:54:18.266,21.210457,0.869000,-0.5900,0.1500,0.6500,-145.0200,5.3700,133.1800,0.890562,196.968398,"-0.59,0.15,0.65,-145.02,5.37,133.18"
512,2026-07-27T13:54:18.507,21.450980,240.523000,-0.6300,0.4000,0.5800,-106.0200,-20.8700,36.8000,0.945145,114.149189,"-0.63,0.40,0.58,-106.02,-20.87,36.80"
513,2026-07-27T13:54:18.507,21.451168,0.188300,-0.6400,0.4300,0.6600,-18.2500,-17.6400,-5.3700,1.014938,25.943573,"-0.64,0.43,0.66,-18.25,-17.64,-5.37"
514,2026-07-27T13:54:18.749,21.692786,241.617200,-0.6300,0.3200,0.7700,38.3300,10.9900,15.2600,1.045084,42.694691,"-0.63,0.32,0.77,38.33,10.99,15.26"
515,2026-07-27T13:54:18.749,21.693134,0.348300,-0.5600,0.2700,0.8200,41.6900,44.1300,29.1100,1.029029,67.326853,"-0.56,0.27,0.82,41.69,44.13,29.11"
516,2026-07-27T13:54:18.749,21.693207,0.073000,-0.4400,0.3300,0.8200,32.1000,60.1200,-2.4400,0.987370,68.196613,"-0.44,0.33,0.82,32.10,60.12,-2.44"
517,2026-07-27T13:54:18.749,21.693540,0.333200,-0.2900,0.4200,0.8100,33.8700,52.0000,-51.3900,0.957392,80.573625,"-0.29,0.42,0.81,33.87,52.00,-51.39"
518,2026-07-27T13:54:18.751,21.694672,1.131900,-0.1600,0.4600,0.8300,38.0200,33.1400,-73.3600,0.962341,89.025107,"-0.16,0.46,0.83,38.02,33.14,-73.36"
519,2026-07-27T13:54:18.751,21.694960,0.287700,-0.0600,0.4700,0.8700,36.4400,10.2500,-69.2700,0.990656,78.938387,"-0.06,0.47,0.87,36.44,10.25,-69.27"
520,2026-07-27T13:54:18.751,21.695295,0.335500,0.0300,0.4500,0.9100,31.4300,-28.8100,-61.9500,1.015628,75.204145,"0.03,0.45,0.91,31.43,-28.81,-61.95"
521,2026-07-27T13:54:18.751,21.695478,0.183000,0.0400,0.4400,1.0500,23.6200,-76.6000,-39.9200,1.139166,89.549265,"0.04,0.44,1.05,23.62,-76.60,-39.92"
522,2026-07-27T13:54:18.752,21.695668,0.189200,-0.0200,0.3800,1.2100,-2.8700,-110.5300,9.4600,1.268424,110.971210,"-0.02,0.38,1.21,-2.87,-110.53,9.46"
523,2026-07-27T13:54:18.752,21.695832,0.164800,-0.0300,0.2600,1.2400,-46.8700,-114.7500,47.3000,1.267320,132.671208,"-0.03,0.26,1.24,-46.87,-114.75,47.30"
524,2026-07-27T13:54:18.927,21.871012,175.179300,-0.0200,0.2100,1.1900,-60.4900,-95.4000,36.5600,1.208553,118.730088,"-0.02,0.21,1.19,-60.49,-95.40,36.56"
525,2026-07-27T13:54:18.927,21.871194,0.182200,-0.0200,0.2500,1.2100,-19.7100,-82.3400,-8.0000,1.235718,85.043281,"-0.02,0.25,1.21,-19.71,-82.34,-8.00"
526,2026-07-27T13:54:18.927,21.871428,0.234200,-0.0300,0.3100,1.3000,44.6800,-90.2100,-51.2100,1.336787,112.945166,"-0.03,0.31,1.30,44.68,-90.21,-51.21"
527,2026-07-27T13:54:18.927,21.871451,0.023200,-0.0500,0.3300,1.4100,93.3200,-114.0700,-72.6900,1.448965,164.330227,"-0.05,0.33,1.41,93.32,-114.07,-72.69"
528,2026-07-27T13:54:18.928,21.871600,0.149000,-0.0600,0.3200,1.4400,109.8000,-143.3700,-66.9600,1.476347,192.599685,"-0.06,0.32,1.44,109.80,-143.37,-66.96"
529,2026-07-27T13:54:19.047,21.990590,118.990200,-0.1100,0.3500,1.3700,109.1300,-164.6700,-29.7200,1.418274,199.771981,"-0.11,0.35,1.37,109.13,-164.67,-29.72"
530,2026-07-27T13:54:19.047,21.990859,0.268300,-0.2100,0.3700,1.2500,106.1400,-170.6500,29.7900,1.320417,203.161429,"-0.21,0.37,1.25,106.14,-170.65,29.79"
531,2026-07-27T13:54:19.047,21.990881,0.022600,-0.3100,0.3100,1.0900,91.8000,-167.2400,77.5100,1.174862,205.922941,"-0.31,0.31,1.09,91.80,-167.24,77.51"
532,2026-07-27T13:54:19.229,22.173196,182.314800,-0.3500,0.2100,0.9000,63.4200,-156.4300,86.0600,0.988231,189.469694,"-0.35,0.21,0.90,63.42,-156.43,86.06"
533,2026-07-27T13:54:19.229,22.173327,0.130700,-0.3500,0.1500,0.7300,36.0700,-131.0400,60.4200,0.823347,148.738371,"-0.35,0.15,0.73,36.07,-131.04,60.42"
534,2026-07-27T13:54:19.229,22.173411,0.083900,-0.3400,0.1500,0.6300,17.2700,-89.6000,21.3000,0.731437,93.702203,"-0.34,0.15,0.63,17.27,-89.60,21.30"
535,2026-07-27T13:54:19.229,22.173568,0.156900,-0.3500,0.2300,0.6000,2.5000,-39.0000,-24.1700,0.731710,45.950396,"-0.35,0.23,0.60,2.50,-39.00,-24.17"
536,2026-07-27T13:54:19.408,22.351635,178.067400,-0.3600,0.3500,0.6600,-13.5500,15.3800,-81.6000,0.829277,84.135052,"-0.36,0.35,0.66,-13.55,15.38,-81.60"
537,2026-07-27T13:54:19.408,22.351829,0.193600,-0.3600,0.4600,0.7600,-26.9800,64.1500,-142.3300,0.958541,158.432862,"-0.36,0.46,0.76,-26.98,64.15,-142.33"
538,2026-07-27T13:54:19.408,22.352096,0.267900,-0.3300,0.5300,0.8500,-37.0500,95.7600,-180.3600,1.054656,207.538935,"-0.33,0.53,0.85,-37.05,95.76,-180.36"
539,2026-07-27T13:54:19.408,22.352128,0.031600,-0.3200,0.5800,0.9600,-50.1100,115.5400,-172.8500,1.166362,213.863569,"-0.32,0.58,0.96,-50.11,115.54,-172.85"
540,2026-07-27T13:54:19.468,22.411782,59.653500,-0.3100,0.5900,1.0400,-70.4300,135.6800,-118.8400,1.235233,193.629525,"-0.31,0.59,1.04,-70.43,135.68,-118.84"
541,2026-07-27T13:54:19.468,22.411997,0.215600,-0.3000,0.5700,1.0600,-93.3200,154.5400,-43.1500,1.240363,185.615615,"-0.30,0.57,1.06,-93.32,154.54,-43.15"
542,2026-07-27T13:54:19.530,22.473924,61.927200,-0.3100,0.5400,1.0400,-103.2100,161.1300,17.1500,1.212147,192.117942,"-0.31,0.54,1.04,-103.21,161.13,17.15"
543,2026-07-27T13:54:19.531,22.474663,0.739000,-0.3300,0.5200,1.0000,-92.0400,148.4400,34.6100,1.174436,178.055180,"-0.33,0.52,1.00,-92.04,148.44,34.61"
544,2026-07-27T13:54:19.709,22.652890,178.226500,-0.3300,0.5200,0.9800,-67.3200,124.7600,14.2200,1.157454,142.475431,"-0.33,0.52,0.98,-67.32,124.76,14.22"
545,2026-07-27T13:54:19.709,22.653348,0.458100,-0.3100,0.5400,0.9900,-45.4700,106.5700,-14.0400,1.169530,116.712499,"-0.31,0.54,0.99,-45.47,106.57,-14.04"
546,2026-07-27T13:54:19.710,22.653935,0.587000,-0.2500,0.5800,0.9800,-37.3500,98.0800,-29.5400,1.165890,109.028989,"-0.25,0.58,0.98,-37.35,98.08,-29.54"
547,2026-07-27T13:54:19.710,22.654037,0.101900,-0.1800,0.6600,0.9300,-35.7100,93.1400,-32.6500,1.154513,104.958498,"-0.18,0.66,0.93,-35.71,93.14,-32.65"
548,2026-07-27T13:54:20.010,22.953660,299.622800,-0.1000,0.7600,0.8500,-21.4200,85.1400,-27.1600,1.144596,91.898322,"-0.10,0.76,0.85,-21.42,85.14,-27.16"
549,2026-07-27T13:54:20.010,22.953886,0.226600,-0.0700,0.7900,0.8500,16.3000,69.3400,-5.4300,1.162540,71.436759,"-0.07,0.79,0.85,16.30,69.34,-5.43"
550,2026-07-27T13:54:20.010,22.954055,0.168500,-0.0600,0.6900,0.9700,58.5900,47.0000,31.0700,1.191889,81.284273,"-0.06,0.69,0.97,58.59,47.00,31.07"
551,2026-07-27T13:54:20.010,22.954212,0.157600,0.0100,0.4900,1.2100,73.7300,-29.6000,57.2500,1.305488,97.927705,"0.01,0.49,1.21,73.73,-29.60,57.25"
552,2026-07-27T13:54:20.010,22.954441,0.228900,-0.1400,0.4500,1.2100,55.6600,-82.4600,62.5600,1.298538,117.522086,"-0.14,0.45,1.21,55.66,-82.46,62.56"
553,2026-07-27T13:54:20.011,22.954651,0.209400,-0.1400,0.4500,1.2100,45.6500,-128.4200,55.0500,1.298538,146.990209,"-0.14,0.45,1.21,45.65,-128.42,55.05"
554,2026-07-27T13:54:20.011,22.954827,0.176700,-0.3300,0.4200,1.1800,64.0300,-174.8000,-6.5900,1.295261,186.274821,"-0.33,0.42,1.18,64.03,-174.80,-6.59"
555,2026-07-27T13:54:20.186,23.130529,175.701200,-0.4100,0.4000,1.1900,91.1300,-213.3200,-88.2000,1.320682,248.171995,"-0.41,0.40,1.19,91.13,-213.32,-88.20"
556,2026-07-27T13:54:20.187,23.130662,0.133200,-0.3800,0.4300,1.2300,95.4600,-217.0400,-112.4300,1.357277,262.410896,"-0.38,0.43,1.23,95.46,-217.04,-112.43"
557,2026-07-27T13:54:20.187,23.130758,0.095800,-0.3300,0.4500,1.2500,74.8900,-189.5100,-69.0900,1.368905,215.165007,"-0.33,0.45,1.25,74.89,-189.51,-69.09"
558,2026-07-27T13:54:20.250,23.194060,63.302300,-0.3100,0.4100,1.2000,22.7100,-144.8400,36.8000,1.305450,151.157566,"-0.31,0.41,1.20,22.71,-144.84,36.80"
559,2026-07-27T13:54:20.250,23.194195,0.135400,-0.3200,0.3700,1.1300,11.0500,-147.2800,42.9700,1.231341,153.817820,"-0.32,0.37,1.13,11.05,-147.28,42.97"
560,2026-07-27T13:54:20.488,23.432211,238.016000,-0.3300,0.3400,1.0400,11.0500,-147.2800,42.9700,1.142847,153.817820,"-0.33,0.34,1.04,11.05,-147.28,42.97"
561,2026-07-27T13:54:20.488,23.432378,0.166800,-0.3100,0.3300,0.9500,6.9600,-152.6500,26.6700,1.052378,155.118513,"-0.31,0.33,0.95,6.96,-152.65,26.67"
562,2026-07-27T13:54:20.551,23.494724,62.345900,-0.2900,0.3200,0.8700,4.3300,-149.7800,7.8700,0.971288,150.049106,"-0.29,0.32,0.87,4.33,-149.78,7.87"
563,2026-07-27T13:54:20.724,23.668536,173.812500,-0.2800,0.3100,0.7800,-0.4900,-137.5100,-4.2100,0.884816,137.575304,"-0.28,0.31,0.78,-0.49,-137.51,-4.21"
564,2026-07-27T13:54:20.726,23.669732,1.195200,-0.3000,0.3000,0.6900,-11.5400,-116.5200,-9.4600,0.810000,117.471586,"-0.30,0.30,0.69,-11.54,-116.52,-9.46"
565,2026-07-27T13:54:20.726,23.669910,0.178200,-0.3400,0.3200,0.6000,-28.9900,-84.9000,-15.0800,0.760263,90.971625,"-0.34,0.32,0.60,-28.99,-84.90,-15.08"
566,2026-07-27T13:54:20.727,23.670591,0.681500,-0.3800,0.3800,0.5500,-46.3300,-42.4800,-29.4200,0.768960,69.401410,"-0.38,0.38,0.55,-46.33,-42.48,-29.42"
567,2026-07-27T13:54:20.727,23.670894,0.302300,-0.3900,0.4900,0.5700,-56.7000,6.7700,-52.9800,0.846818,77.894822,"-0.39,0.49,0.57,-56.70,6.77,-52.98"
568,2026-07-27T13:54:20.727,23.670938,0.044100,-0.3900,0.6000,0.6900,-56.0900,57.0100,-75.0700,0.994082,109.689257,"-0.39,0.60,0.69,-56.09,57.01,-75.07"
569,2026-07-27T13:54:20.728,23.671833,0.894900,-0.3800,0.6600,0.8500,-49.5600,103.7600,-78.0600,1.141271,138.980915,"-0.38,0.66,0.85,-49.56,103.76,-78.06"
570,2026-07-27T13:54:20.728,23.672287,0.454400,-0.3700,0.6700,1.0000,-48.6500,145.6900,-58.8400,1.259286,164.482656,"-0.37,0.67,1.00,-48.65,145.69,-58.84"
571,2026-07-27T13:54:20.729,23.672928,0.640900,-0.3400,0.7100,1.1300,-53.5900,177.9800,-34.6700,1.377171,189.078760,"-0.34,0.71,1.13,-53.59,177.98,-34.67"
572,2026-07-27T13:54:20.789,23.733111,60.182800,-0.2800,0.7400,1.2000,-56.1500,191.1000,-20.2600,1.437359,200.206144,"-0.28,0.74,1.20,-56.15,191.10,-20.26"
573,2026-07-27T13:54:20.849,23.792939,59.827900,-0.1800,0.7100,1.1700,-52.4300,183.2300,-11.4100,1.380362,190.924922,"-0.18,0.71,1.17,-52.43,183.23,-11.41"
574,2026-07-27T13:54:20.850,23.793774,0.835400,-0.1000,0.6300,1.0800,-44.8600,161.3200,3.7200,1.254313,167.482538,"-0.10,0.63,1.08,-44.86,161.32,3.72"
575,2026-07-27T13:54:21.269,24.212709,418.934800,-0.0700,0.5500,0.9900,-40.6500,133.3000,27.6500,1.134681,142.076863,"-0.07,0.55,0.99,-40.65,133.30,27.65"
576,2026-07-27T13:54:21.269,24.212768,0.059100,-0.0800,0.5100,0.9100,-42.2400,106.5100,51.6400,1.046231,125.679303,"-0.08,0.51,0.91,-42.24,106.51,51.64"
577,2026-07-27T13:54:21.269,24.213006,0.238300,-0.1100,0.4900,0.8500,-42.1800,83.1900,60.4900,0.987269,111.169999,"-0.11,0.49,0.85,-42.18,83.19,60.49"
578,2026-07-27T13:54:21.269,24.213065,0.058300,-0.1100,0.4700,0.8300,-32.4700,61.5200,46.8700,0.960156,83.879725,"-0.11,0.47,0.83,-32.47,61.52,46.87"
579,2026-07-27T13:54:21.269,24.213254,0.189000,-0.1100,0.4700,0.8300,-16.8500,41.6300,18.6200,0.960156,48.617731,"-0.11,0.47,0.83,-16.85,41.63,18.62"
580,2026-07-27T13:54:21.269,24.213281,0.027800,-0.1000,0.5000,0.8400,-4.3900,23.3200,-13.5500,0.982649,27.325757,"-0.10,0.50,0.84,-4.39,23.32,-13.55"
581,2026-07-27T13:54:21.269,24.213435,0.154000,-0.0700,0.5700,0.8800,4.0300,5.7400,-42.6600,1.050809,43.232674,"-0.07,0.57,0.88,4.03,5.74,-42.66"
582,2026-07-27T13:54:21.325,24.268597,55.161700,-0.0100,0.6000,0.9500,11.9000,-13.0600,-58.5300,1.123655,61.138650,"-0.01,0.60,0.95,11.90,-13.06,-58.53"
583,2026-07-27T13:54:21.325,24.268756,0.158600,0.0200,0.5900,1.0400,15.9900,-33.9400,-45.9000,1.195868,59.282491,"0.02,0.59,1.04,15.99,-33.94,-45.90"
584,2026-07-27T13:54:21.325,24.268841,0.085200,-0.0600,0.5700,1.1300,10.8000,-54.7500,-7.8100,1.267044,56.348901,"-0.06,0.57,1.13,10.80,-54.75,-7.81"
585,2026-07-27T13:54:21.327,24.270604,1.763100,-0.1700,0.5800,1.1800,3.9700,-78.9200,18.5500,1.325783,81.167911,"-0.17,0.58,1.18,3.97,-78.92,18.55"
586,2026-07-27T13:54:21.327,24.270860,0.256100,-0.2500,0.6000,1.2200,16.3600,-111.8800,3.5400,1.382353,113.125221,"-0.25,0.60,1.22,16.36,-111.88,3.54"
587,2026-07-27T13:54:21.444,24.388577,117.717000,-0.3000,0.5900,1.2600,51.5100,-147.8900,-31.9800,1.423271,159.835705,"-0.30,0.59,1.26,51.51,-147.89,-31.98"
588,2026-07-27T13:54:21.445,24.388838,0.260700,-0.3400,0.5300,1.2900,85.3900,-172.9100,-48.8300,1.435479,198.931368,"-0.34,0.53,1.29,85.39,-172.91,-48.83"
589,2026-07-27T13:54:21.448,24.392436,3.598000,-0.3600,0.4600,1.2600,96.6800,-179.6300,-37.3500,1.388812,207.386069,"-0.36,0.46,1.26,96.68,-179.63,-37.35"
590,2026-07-27T13:54:22.225,25.169324,776.888100,-0.3300,0.4200,1.1700,86.3000,-173.4600,-12.0200,1.286157,194.114765,"-0.33,0.42,1.17,86.30,-173.46,-12.02"
591,2026-07-27T13:54:22.344,25.287868,118.544300,-0.3100,0.4000,1.0500,67.2000,-163.6400,15.1400,1.165590,177.547484,"-0.31,0.40,1.05,67.20,-163.64,15.14"
592,2026-07-27T13:54:22.345,25.288843,0.974700,-0.3100,0.3800,0.9300,50.9600,-153.6900,38.0900,1.051380,166.338167,"-0.31,0.38,0.93,50.96,-153.69,38.09"
593,2026-07-27T13:54:22.345,25.288974,0.131300,-0.3200,0.3500,0.8100,40.9500,-142.5200,50.0500,0.938616,156.505129,"-0.32,0.35,0.81,40.95,-142.52,50.05"
594,2026-07-27T13:54:22.345,25.289241,0.267200,-0.3200,0.3200,0.6900,35.4000,-127.9300,47.3600,0.825167,140.933369,"-0.32,0.32,0.69,35.40,-127.93,47.36"
595,2026-07-27T13:54:22.346,25.289701,0.459700,-0.3500,0.2900,0.6000,30.5200,-106.3800,34.4800,0.752728,115.918269,"-0.35,0.29,0.60,30.52,-106.38,34.48"
596,2026-07-27T13:54:22.346,25.290256,0.555200,-0.4000,0.2900,0.5600,20.0200,-73.2400,19.1700,0.746793,78.309558,"-0.40,0.29,0.56,20.02,-73.24,19.17"
597,2026-07-27T13:54:22.347,25.290816,0.559800,-0.4500,0.3100,0.5800,-1.5300,-28.6300,3.3000,0.796869,28.860142,"-0.45,0.31,0.58,-1.53,-28.63,3.30"
598,2026-07-27T13:54:22.348,25.291600,0.783800,-0.4700,0.4100,0.6500,-26.9200,24.6600,-21.7900,0.900833,42.515951,"-0.47,0.41,0.65,-26.92,24.66,-21.79"
599,2026-07-27T13:54:22.529,25.473032,181.431700,-0.4400,0.5700,0.7700,-42.4800,82.9500,-56.6400,1.054230,109.056602,"-0.44,0.57,0.77,-42.48,82.95,-56.64"
600,2026-07-27T13:54:22.529,25.473229,0.197000,-0.3800,0.6700,0.9500,-46.0200,140.1400,-75.8700,1.223029,165.871387,"-0.38,0.67,0.95,-46.02,140.14,-75.87"
601,2026-07-27T13:54:22.529,25.473502,0.273000,-0.3300,0.7000,1.1500,-47.4200,190.0600,-59.6300,1.386146,204.761317,"-0.33,0.70,1.15,-47.42,190.06,-59.63"
602,2026-07-27T13:54:22.530,25.473587,0.085800,-0.2800,0.7000,1.3000,-54.9300,223.9400,-24.9600,1.502797,231.925484,"-0.28,0.70,1.30,-54.93,223.94,-24.96"
603,2026-07-27T13:54:22.530,25.473695,0.108100,-0.1700,0.6900,1.3000,-63.2300,233.2800,1.5300,1.481553,241.702156,"-0.17,0.69,1.30,-63.23,233.28,1.53"
604,2026-07-27T13:54:22.530,25.473805,0.109300,-0.0300,0.6400,1.1900,-63.6600,217.2200,18.3700,1.351518,227.100376,"-0.03,0.64,1.19,-63.66,217.22,18.37"
605,2026-07-27T13:54:22.530,25.473865,0.060600,0.0300,0.5500,1.0600,-57.6800,182.8600,40.1600,1.194571,195.901985,"0.03,0.55,1.06,-57.68,182.86,40.16"
606,2026-07-27T13:54:22.530,25.474130,0.264600,0.0000,0.4700,0.9700,-53.6500,143.1900,67.3800,1.077868,167.098064,"0.00,0.47,0.97,-53.65,143.19,67.38"
607,2026-07-27T13:54:22.530,25.474215,0.085000,-0.0700,0.4300,0.9200,-55.0500,111.8200,85.4500,1.017939,151.115576,"-0.07,0.43,0.92,-55.05,111.82,85.45"
608,2026-07-27T13:54:22.530,25.474434,0.219000,-0.1100,0.4300,0.8900,-55.6600,93.0200,83.0700,0.994535,136.570059,"-0.11,0.43,0.89,-55.66,93.02,83.07"
609,2026-07-27T13:54:22.531,25.474729,0.295100,-0.1000,0.4500,0.8700,-49.8000,80.2000,56.8800,0.984581,110.215309,"-0.10,0.45,0.87,-49.80,80.20,56.88"
610,2026-07-27T13:54:22.531,25.474776,0.047200,-0.0500,0.5000,0.8700,-38.8200,64.7000,14.7700,1.004689,76.884558,"-0.05,0.50,0.87,-38.82,64.70,14.77"
611,2026-07-27T13:54:22.534,25.478069,3.292800,0.0200,0.5800,0.9000,-27.7100,42.5400,-26.7900,1.070887,57.403831,"0.02,0.58,0.90,-27.71,42.54,-26.79"
612,2026-07-27T13:54:22.708,25.651840,173.771100,0.0900,0.6600,0.9400,-18.1900,12.1500,-55.9100,1.152085,60.036878,"0.09,0.66,0.94,-18.19,12.15,-55.91"
613,2026-07-27T13:54:22.708,25.651957,0.116400,0.1300,0.7100,1.0000,-9.6400,-25.5100,-59.6900,1.233288,65.624582,"0.13,0.71,1.00,-9.64,-25.51,-59.69"
614,2026-07-27T13:54:22.708,25.652000,0.043300,0.0400,0.7000,1.0400,-5.0700,-63.6000,-27.4000,1.254273,69.436481,"0.04,0.70,1.04,-5.07,-63.60,-27.40"
615,2026-07-27T13:54:22.765,25.708850,56.850500,-0.2800,0.6700,1.1200,1.7100,-112.7900,38.3300,1.334803,119.137304,"-0.28,0.67,1.12,1.71,-112.79,38.33"
616,2026-07-27T13:54:22.765,25.709180,0.329800,-0.3200,0.6600,1.1800,19.9000,-125.7900,16.5400,1.389388,128.423930,"-0.32,0.66,1.18,19.90,-125.79,16.54"
617,2026-07-27T13:54:22.765,25.709230,0.050200,-0.3200,0.6600,1.1800,45.2300,-137.5100,-21.1200,1.389388,146.290148,"-0.32,0.66,1.18,45.23,-137.51,-21.12"
618,2026-07-27T13:54:22.767,25.710683,1.452700,-0.2700,0.6300,1.2300,66.7100,-149.6000,-39.1800,1.408084,168.420475,"-0.27,0.63,1.23,66.71,-149.60,-39.18"
619,2026-07-27T13:54:22.767,25.710838,0.155400,-0.2000,0.5700,1.2400,73.9100,-160.8300,-21.1800,1.379311,178.262642,"-0.20,0.57,1.24,73.91,-160.83,-21.18"
620,2026-07-27T13:54:22.767,25.711364,0.525600,-0.1700,0.4900,1.1900,64.1500,-168.1500,20.5700,1.298114,181.142954,"-0.17,0.49,1.19,64.15,-168.15,20.57"
621,2026-07-27T13:54:22.767,25.711402,0.038300,-0.2300,0.4300,1.1100,45.1700,-166.5600,58.4100,1.212394,182.193004,"-0.23,0.43,1.11,45.17,-166.56,58.41"
622,2026-07-27T13:54:22.893,25.836696,125.293800,-0.3800,0.3500,0.8500,20.6300,-124.6300,63.5400,0.994686,141.405677,"-0.38,0.35,0.85,20.63,-124.63,63.54"
623,2026-07-27T13:54:22.893,25.837134,0.437500,-0.3800,0.2900,0.7200,19.2300,-89.1100,43.0900,0.864234,100.832203,"-0.38,0.29,0.72,19.23,-89.11,43.09"
624,2026-07-27T13:54:23.008,25.951805,114.671100,-0.3800,0.2300,0.6300,19.2300,-89.1100,43.0900,0.770844,100.832203,"-0.38,0.23,0.63,19.23,-89.11,43.09"
625,2026-07-27T13:54:23.244,26.188127,236.322600,-0.4000,0.1900,0.6100,15.7500,-44.2500,25.5700,0.753790,53.478499,"-0.40,0.19,0.61,15.75,-44.25,25.57"
626,2026-07-27T13:54:23.244,26.188294,0.166400,-0.4400,0.2100,0.6600,4.2100,11.1700,11.7200,0.820549,16.728760,"-0.44,0.21,0.66,4.21,11.17,11.72"
627,2026-07-27T13:54:23.247,26.191520,3.226400,-0.4800,0.3300,0.7900,-11.6000,70.4300,-9.2200,0.981529,71.971892,"-0.48,0.33,0.79,-11.60,70.43,-9.22"
628,2026-07-27T13:54:23.248,26.191774,0.254200,-0.5000,0.4800,0.9700,-23.8600,124.5700,-37.0500,1.192183,132.135109,"-0.50,0.48,0.97,-23.86,124.57,-37.05"
629,2026-07-27T13:54:23.248,26.192119,0.344700,-0.4900,0.6000,1.1400,-31.0100,171.0200,-56.9500,1.378296,182.900965,"-0.49,0.60,1.14,-31.01,171.02,-56.95"
630,2026-07-27T13:54:23.248,26.192300,0.181200,-0.4400,0.6900,1.2800,-36.6800,204.1600,-67.4400,1.519243,218.116670,"-0.44,0.69,1.28,-36.68,204.16,-67.44"
631,2026-07-27T13:54:23.248,26.192396,0.095600,-0.3400,0.7200,1.3500,-45.1000,215.6400,-73.3600,1.567323,232.198857,"-0.34,0.72,1.35,-45.10,215.64,-73.36"
632,2026-07-27T13:54:23.248,26.192494,0.098600,-0.2000,0.6700,1.3100,-59.5100,207.3400,-63.9000,1.484924,224.976723,"-0.20,0.67,1.31,-59.51,207.34,-63.90"
633,2026-07-27T13:54:23.305,26.249395,56.900100,-0.1200,0.5800,1.1700,-72.7500,188.8400,-31.0700,1.311373,204.739964,"-0.12,0.58,1.17,-72.75,188.84,-31.07"
634,2026-07-27T13:54:23.365,26.309526,60.131400,-0.1000,0.5000,1.0300,-73.7900,169.3100,10.5600,1.149304,184.992848,"-0.10,0.50,1.03,-73.79,169.31,10.56"
635,2026-07-27T13:54:23.366,26.309686,0.160200,-0.0500,0.4400,0.9400,-61.6500,153.0200,37.8400,1.039086,169.256340,"-0.05,0.44,0.94,-61.65,153.02,37.84"
636,2026-07-27T13:54:23.428,26.371923,62.236800,0.0500,0.4100,0.9000,-47.4200,136.0500,44.4900,0.990252,150.789983,"0.05,0.41,0.90,-47.42,136.05,44.49"
637,2026-07-27T13:54:23.487,26.431191,59.268300,0.1500,0.4300,0.8900,-41.7500,108.9500,40.8300,0.999750,123.613324,"0.15,0.43,0.89,-41.75,108.95,40.83"
638,2026-07-27T13:54:23.487,26.431355,0.164000,0.2000,0.4700,0.8900,-41.2600,65.4300,33.9400,1.026158,84.471274,"0.20,0.47,0.89,-41.26,65.43,33.94"
639,2026-07-27T13:54:23.784,26.728355,297.000000,0.1400,0.5300,0.8900,-38.1500,10.0100,26.9200,1.045275,47.752581,"0.14,0.53,0.89,-38.15,10.01,26.92"
640,2026-07-27T13:54:23.784,26.728576,0.220300,0.0100,0.6000,0.9000,-31.1300,-41.8100,20.6300,1.081712,56.060235,"0.01,0.60,0.90,-31.13,-41.81,20.63"
641,2026-07-27T13:54:23.785,26.729107,0.531600,-0.1100,0.6500,0.9200,-18.9800,-76.8400,10.1300,1.131813,79.795005,"-0.11,0.65,0.92,-18.98,-76.84,10.13"
642,2026-07-27T13:54:23.785,26.729561,0.453900,-0.2000,0.6600,0.9900,-2.8100,-100.4600,3.4200,1.206524,100.557467,"-0.20,0.66,0.99,-2.81,-100.46,3.42"
643,2026-07-27T13:54:23.786,26.730222,0.660500,-0.3400,0.7300,1.1200,10.6800,-122.1900,11.0500,1.379456,123.152592,"-0.34,0.73,1.12,10.68,-122.19,11.05"
644,2026-07-27T13:54:23.787,26.730649,0.427800,-0.4700,0.8200,1.2800,22.3400,-140.9300,18.6200,1.591132,143.899426,"-0.47,0.82,1.28,22.34,-140.93,18.62"
645,2026-07-27T13:54:23.787,26.731223,0.573800,-0.4700,0.8300,1.3800,36.7400,-153.9900,15.5000,1.677558,159.069160,"-0.47,0.83,1.38,36.74,-153.99,15.50"
646,2026-07-27T13:54:23.964,26.908435,177.212000,-0.4000,0.7600,1.4000,49.5000,-163.0200,21.4800,1.642437,171.718260,"-0.40,0.76,1.40,49.50,-163.02,21.48"
647,2026-07-27T13:54:23.965,26.908617,0.181400,-0.3800,0.6600,1.3100,53.0400,-172.4900,48.1000,1.515289,186.760948,"-0.38,0.66,1.31,53.04,-172.49,48.10"
648,2026-07-27T13:54:23.966,26.910119,1.502100,-0.4100,0.5600,1.1500,48.8900,-182.1300,72.7500,1.343205,202.124050,"-0.41,0.56,1.15,48.89,-182.13,72.75"
649,2026-07-27T13:54:23.967,26.910697,0.578700,-0.4300,0.4800,0.9400,45.7800,-181.5800,77.3900,1.139693,202.623584,"-0.43,0.48,0.94,45.78,-181.58,77.39"
650,2026-07-27T13:54:23.967,26.911039,0.342100,-0.4400,0.3900,0.7300,48.2200,-159.5500,69.6400,0.937337,180.640805,"-0.44,0.39,0.73,48.22,-159.55,69.64"
651,2026-07-27T13:54:24.084,27.028379,117.339200,-0.4200,0.2900,0.5600,52.1900,-116.6400,62.4400,0.757694,142.223202,"-0.42,0.29,0.56,52.19,-116.64,62.44"
652,2026-07-27T13:54:24.084,27.028503,0.124800,-0.3900,0.2000,0.4400,50.3500,-63.4200,58.4700,0.621048,99.879727,"-0.39,0.20,0.44,50.35,-63.42,58.47"
653,2026-07-27T13:54:24.085,27.028810,0.306700,-0.3900,0.1500,0.4100,38.8800,-8.9700,51.4500,0.585406,65.109276,"-0.39,0.15,0.41,38.88,-8.97,51.45"
654,2026-07-27T13:54:24.145,27.089267,60.457000,-0.4400,0.1700,0.5000,20.7500,46.5700,36.2500,0.687386,62.557093,"-0.44,0.17,0.50,20.75,46.57,36.25"
655,2026-07-27T13:54:24.326,27.270045,180.778200,-0.5300,0.2600,0.7100,1.2200,107.5400,14.3400,0.923363,108.498735,"-0.53,0.26,0.71,1.22,107.54,14.34"
656,2026-07-27T13:54:24.326,27.270215,0.169600,-0.6000,0.4300,1.0500,-12.8200,171.5700,-8.6100,1.283511,172.263604,"-0.60,0.43,1.05,-12.82,171.57,-8.61"
657,2026-07-27T13:54:24.326,27.270246,0.031400,-0.6100,0.5800,1.4600,-18.0100,231.3800,-21.7300,1.685260,233.094954,"-0.61,0.58,1.46,-18.01,231.38,-21.73"
658,2026-07-27T13:54:24.326,27.270385,0.139000,-0.4900,0.6200,1.7200,-20.7500,280.3300,-17.7600,1.892855,281.657396,"-0.49,0.62,1.72,-20.75,280.33,-17.76"
659,2026-07-27T13:54:24.327,27.270648,0.262900,-0.2500,0.6000,1.7200,-27.9500,298.4000,-11.7800,1.838722,299.937545,"-0.25,0.60,1.72,-27.95,298.40,-11.78"
660,2026-07-27T13:54:24.384,27.328573,57.924700,-0.0100,0.5700,1.4900,-40.5900,264.7100,-11.8400,1.595337,268.065510,"-0.01,0.57,1.49,-40.59,264.71,-11.84"
661,2026-07-27T13:54:24.505,27.448682,120.109100,0.0900,0.5300,1.1700,-54.6900,195.0700,10.8000,1.287595,202.879129,"0.09,0.53,1.17,-54.69,195.07,10.80"
662,2026-07-27T13:54:24.505,27.448954,0.271700,0.0300,0.4600,0.9600,-62.2600,130.4900,70.8600,1.064941,161.012693,"0.03,0.46,0.96,-62.26,130.49,70.86"
663,2026-07-27T13:54:24.505,27.449448,0.494100,-0.1200,0.3600,0.8600,-63.2300,93.6900,137.2700,0.940000,177.817046,"-0.12,0.36,0.86,-63.23,93.69,137.27"
664,2026-07-27T13:54:24.625,27.569065,119.617500,-0.2300,0.2500,0.7900,-64.5100,82.9500,172.1200,0.859942,201.661937,"-0.23,0.25,0.79,-64.51,82.95,172.12"
665,2026-07-27T13:54:24.625,27.569268,0.202800,-0.2600,0.1800,0.7300,-66.0400,87.3400,160.5200,0.795550,194.309618,"-0.26,0.18,0.73,-66.04,87.34,160.52"
666,2026-07-27T13:54:24.625,27.569499,0.230400,-0.2100,0.1800,0.7500,-64.1500,96.6200,114.2600,0.799375,162.806617,"-0.21,0.18,0.75,-64.15,96.62,114.26"
667,2026-07-27T13:54:24.744,27.688408,118.909800,-0.1100,0.2500,0.8500,-65.6100,107.1800,68.7300,0.892805,143.234205,"-0.11,0.25,0.85,-65.61,107.18,68.73"
668,2026-07-27T13:54:24.745,27.688584,0.175500,-0.0200,0.3500,0.9800,-77.1500,114.6900,52.4900,1.040817,147.855060,"-0.02,0.35,0.98,-77.15,114.69,52.49"
669,2026-07-27T13:54:24.745,27.689200,0.616600,0.0600,0.4600,1.0900,-89.7200,108.1500,52.4300,1.184610,149.983352,"0.06,0.46,1.09,-89.72,108.15,52.43"
670,2026-07-27T13:54:24.806,27.749684,60.484000,0.1900,0.5900,1.1700,-84.7200,70.9200,26.1200,1.324047,113.531402,"0.19,0.59,1.17,-84.72,70.92,26.12"
671,2026-07-27T13:54:24.806,27.749920,0.235600,0.2500,0.6900,1.2400,-57.2500,-2.9300,-26.4900,1.440902,63.149565,"0.25,0.69,1.24,-57.25,-2.93,-26.49"
672,2026-07-27T13:54:24.988,27.932298,182.378100,0.1200,0.7400,1.2700,-29.9700,-86.3600,-51.0900,1.474754,104.720765,"0.12,0.74,1.27,-29.97,-86.36,-51.09"
673,2026-07-27T13:54:24.988,27.932505,0.206900,-0.1000,0.7300,1.2600,-21.7300,-144.6500,-30.8200,1.459623,149.484741,"-0.10,0.73,1.26,-21.73,-144.65,-30.82"
674,2026-07-27T13:54:24.989,27.932629,0.124200,-0.2500,0.6800,1.3000,-17.2700,-170.5300,-8.0000,1.488254,171.588851,"-0.25,0.68,1.30,-17.27,-170.53,-8.00"
675,2026-07-27T13:54:24.989,27.932819,0.190100,-0.2600,0.6000,1.4000,0.5500,-178.7700,-10.3800,1.545186,179.071940,"-0.26,0.60,1.40,0.55,-178.77,-10.38"
676,2026-07-27T13:54:25.046,27.990230,57.411100,-0.1200,0.4900,1.5600,21.7900,-186.8300,-22.8900,1.639543,189.484050,"-0.12,0.49,1.56,21.79,-186.83,-22.89"
677,2026-07-27T13:54:25.048,27.991704,1.473700,-0.0000,0.4000,1.6900,29.1700,-207.8900,-11.9600,1.736692,210.266932,"-0.00,0.40,1.69,29.17,-207.89,-11.96"
678,2026-07-27T13:54:25.285,28.229246,237.541800,-0.2600,0.3200,1.4200,-16.3000,-261.9600,76.3500,1.478648,273.346034,"-0.26,0.32,1.42,-16.30,-261.96,76.35"
679,2026-07-27T13:54:25.285,28.229477,0.231000,-0.3700,0.2700,1.0300,-36.1900,-258.9700,74.9500,1.127253,272.015954,"-0.37,0.27,1.03,-36.19,-258.97,74.95"
680,2026-07-27T13:54:25.285,28.229501,0.024500,-0.3700,0.2700,1.0300,-35.3400,-224.5500,39.3700,1.127253,230.698104,"-0.37,0.27,1.03,-35.34,-224.55,39.37"
681,2026-07-27T13:54:25.286,28.229654,0.152600,-0.3900,0.2000,0.6500,-21.4200,-164.7300,1.8300,0.783964,166.126874,"-0.39,0.20,0.65,-21.42,-164.73,1.83"
682,2026-07-27T13:54:25.287,28.230773,1.118500,-0.3800,0.1400,0.3900,-5.9200,-89.2300,-22.4000,0.562228,92.188933,"-0.38,0.14,0.39,-5.92,-89.23,-22.40"
683,2026-07-27T13:54:25.527,28.471243,240.470500,-0.3700,0.1300,0.2900,5.1300,-8.7300,-37.9000,0.487750,39.229323,"-0.37,0.13,0.29,5.13,-8.73,-37.90"
684,2026-07-27T13:54:25.527,28.471352,0.109200,-0.3800,0.1700,0.3600,12.3300,64.9400,-55.1100,0.550364,86.060122,"-0.38,0.17,0.36,12.33,64.94,-55.11"
685,2026-07-27T13:54:25.527,28.471426,0.073300,-0.4100,0.4100,0.7900,22.8900,183.2900,-101.3200,0.979949,210.677285,"-0.41,0.41,0.79,22.89,183.29,-101.32"
686,2026-07-27T13:54:25.527,28.471486,0.060500,-0.4500,0.5600,1.1000,27.2200,242.4300,-89.4200,1.313811,259.825268,"-0.45,0.56,1.10,27.22,242.43,-89.42"
687,2026-07-27T13:54:25.528,28.471585,0.098500,-0.5000,0.6200,1.4500,27.2200,242.4300,-89.4200,1.654358,259.825268,"-0.50,0.62,1.45,27.22,242.43,-89.42"
688,2026-07-27T13:54:25.649,28.592727,121.142600,-0.4900,0.6200,1.7500,31.0700,294.1900,-54.6300,1.920156,300.828087,"-0.49,0.62,1.75,31.07,294.19,-54.63"
689,2026-07-27T13:54:25.649,28.592849,0.121600,-0.3500,0.5900,1.8500,20.0800,318.9100,-29.9100,1.973094,320.938316,"-0.35,0.59,1.85,20.08,318.91,-29.91"
690,2026-07-27T13:54:25.649,28.593030,0.180800,-0.1300,0.5500,1.6900,-8.7900,309.4500,-15.9900,1.781993,309.987494,"-0.13,0.55,1.69,-8.79,309.45,-15.99"
691,2026-07-27T13:54:26.005,28.948944,355.914500,0.0200,0.4900,1.4300,-31.9200,265.5000,4.7600,1.511754,267.454284,"0.02,0.49,1.43,-31.92,265.50,4.76"
692,2026-07-27T13:54:26.071,29.015322,66.377500,0.0300,0.4000,1.2400,-35.7100,199.1600,36.7400,1.303265,205.644687,"0.03,0.40,1.24,-35.71,199.16,36.74"
693,2026-07-27T13:54:26.072,29.015702,0.380500,-0.0500,0.3400,1.1200,-33.8100,138.3100,69.0900,1.171537,158.259914,"-0.05,0.34,1.12,-33.81,138.31,69.09"
694,2026-07-27T13:54:26.072,29.015761,0.058900,-0.0900,0.3400,1.0200,-40.1000,101.5000,85.0800,1.078935,138.379429,"-0.09,0.34,1.02,-40.10,101.50,85.08"
695,2026-07-27T13:54:26.072,29.016026,0.265400,-0.0600,0.3900,0.8900,-50.0500,83.7400,72.2700,0.973550,121.409814,"-0.06,0.39,0.89,-50.05,83.74,72.27"
696,2026-07-27T13:54:26.073,29.016583,0.557000,0.0200,0.4500,0.7900,-52.6700,73.0600,37.9000,0.909395,97.715416,"0.02,0.45,0.79,-52.67,73.06,37.90"
697,2026-07-27T13:54:26.073,29.016786,0.202700,0.0800,0.4800,0.7600,-43.0300,64.8800,3.3600,0.902441,77.924867,"0.08,0.48,0.76,-43.03,64.88,3.36"
698,2026-07-27T13:54:26.073,29.017554,0.768100,0.1100,0.4900,0.8400,-25.1500,50.7800,-22.4000,0.978673,60.933496,"0.11,0.49,0.84,-25.15,50.78,-22.40"
699,2026-07-27T13:54:26.074,29.017621,0.067000,0.1300,0.4800,1.0000,-5.1900,16.9700,-42.4200,1.116826,45.982316,"0.13,0.48,1.00,-5.19,16.97,-42.42"
700,2026-07-27T13:54:26.074,29.018047,0.425400,0.1200,0.4700,1.2000,10.4400,-36.1300,-50.4800,1.294334,62.949193,"0.12,0.47,1.20,10.44,-36.13,-50.48"
701,2026-07-27T13:54:26.126,29.069670,51.623500,-0.0000,0.5000,1.3400,14.1600,-94.2400,-37.4100,1.430245,102.377689,"-0.00,0.50,1.34,14.16,-94.24,-37.41"
702,2026-07-27T13:54:26.126,29.070000,0.330400,-0.2000,0.5600,1.4500,12.0200,-145.4500,-14.7100,1.567195,146.685265,"-0.20,0.56,1.45,12.02,-145.45,-14.71"
703,2026-07-27T13:54:26.246,29.189664,119.663700,-0.3700,0.5800,1.5600,19.2900,-185.9100,-4.5200,1.704963,186.962731,"-0.37,0.58,1.56,19.29,-185.91,-4.52"
704,2026-07-27T13:54:26.246,29.189929,0.264800,-0.4500,0.5400,1.6200,37.7200,-216.4300,-11.0500,1.765928,219.970102,"-0.45,0.54,1.62,37.72,-216.43,-11.05"
705,2026-07-27T13:54:26.246,29.189966,0.036900,-0.4900,0.4400,1.6100,57.0100,-239.9300,-23.5000,1.739483,247.727259,"-0.49,0.44,1.61,57.01,-239.93,-23.50"
706,2026-07-27T13:54:26.308,29.252134,62.168500,-0.5000,0.3600,1.5000,66.4100,-258.4200,-33.0200,1.621604,268.852199,"-0.50,0.36,1.50,66.41,-258.42,-33.02"
707,2026-07-27T13:54:26.365,29.308891,56.756200,-0.5100,0.3300,1.3000,59.0200,-266.3600,-36.5000,1.434922,275.251267,"-0.51,0.33,1.30,59.02,-266.36,-36.50"
708,2026-07-27T13:54:26.365,29.309129,0.238700,-0.4800,0.3400,1.0300,40.5300,-252.8700,-33.8100,1.186128,258.319635,"-0.48,0.34,1.03,40.53,-252.87,-33.81"
709,2026-07-27T13:54:26.426,29.370089,60.959700,-0.4200,0.3300,0.8000,25.0200,-214.8400,-24.2300,0.961925,217.644938,"-0.42,0.33,0.80,25.02,-214.84,-24.23"
710,2026-07-27T13:54:26.548,29.491890,121.800900,-0.3500,0.2900,0.6600,20.3900,-162.7800,-8.9700,0.801374,164.297113,"-0.35,0.29,0.66,20.39,-162.78,-8.97"
711,2026-07-27T13:54:26.548,29.492083,0.192800,-0.3300,0.2200,0.5800,21.9100,-109.8000,7.2600,0.702638,112.199803,"-0.33,0.22,0.58,21.91,-109.80,7.26"
712,2026-07-27T13:54:26.548,29.492168,0.085700,-0.3700,0.1500,0.5600,19.2300,-59.8800,19.7800,0.687750,65.929172,"-0.37,0.15,0.56,19.23,-59.88,19.78"
713,2026-07-27T13:54:26.610,29.554352,62.183400,-0.4200,0.1200,0.5900,8.0600,-8.3000,23.5000,0.734098,26.193579,"-0.42,0.12,0.59,8.06,-8.30,23.50"
714,2026-07-27T13:54:26.611,29.554763,0.410900,-0.4700,0.1700,0.6800,-8.3600,48.5200,11.2900,0.843919,50.512811,"-0.47,0.17,0.68,-8.36,48.52,11.29"
715,2026-07-27T13:54:26.666,29.609642,54.879800,-0.5100,0.3200,0.8400,-24.8400,106.6300,-18.1300,1.033489,110.976031,"-0.51,0.32,0.84,-24.84,106.63,-18.13"
716,2026-07-27T13:54:26.786,29.730474,120.831700,-0.5300,0.5100,1.0500,-34.9100,161.0700,-52.1900,1.281991,172.875820,"-0.53,0.51,1.05,-34.91,161.07,-52.19"
717,2026-07-27T13:54:26.787,29.731011,0.536700,-0.5400,0.6700,1.2700,-35.6400,208.9200,-78.4900,1.534080,226.005434,"-0.54,0.67,1.27,-35.64,208.92,-78.49"
718,2026-07-27T13:54:26.787,29.731462,0.450700,-0.4800,0.7800,1.4500,-36.5000,241.0300,-95.9500,1.715022,261.981132,"-0.48,0.78,1.45,-36.50,241.03,-95.95"
719,2026-07-27T13:54:26.845,29.788655,57.193000,-0.3300,0.7900,1.4700,-49.1300,249.8800,-92.9000,1.701147,271.079659,"-0.33,0.79,1.47,-49.13,249.88,-92.90"
720,2026-07-27T13:54:26.845,29.788811,0.156700,-0.1800,0.7000,1.3700,-67.8100,239.3200,-50.7200,1.548967,253.859758,"-0.18,0.70,1.37,-67.81,239.32,-50.72"
721,2026-07-27T13:54:26.909,29.853369,64.557400,-0.1100,0.5700,1.2200,-76.1100,215.5800,17.1500,1.351074,229.263148,"-0.11,0.57,1.22,-76.11,215.58,17.15"
722,2026-07-27T13:54:26.966,29.910131,56.762700,-0.0900,0.4400,1.0900,-70.9800,183.2300,74.2800,1.178898,210.068826,"-0.09,0.44,1.09,-70.98,183.23,74.28"
723,2026-07-27T13:54:26.966,29.910331,0.199200,-0.0900,0.3700,1.0100,-60.9700,146.3000,97.8400,1.079398,186.262440,"-0.09,0.37,1.01,-60.97,146.30,97.84"
724,2026-07-27T13:54:27.084,30.028411,118.080100,-0.0800,0.3600,0.9300,-50.7200,108.0300,87.4600,1.000450,147.960302,"-0.08,0.36,0.93,-50.72,108.03,87.46"
725,2026-07-27T13:54:27.085,30.028590,0.179600,-0.0500,0.3900,0.8700,-38.9400,72.3900,56.3400,0.954725,99.653556,"-0.05,0.39,0.87,-38.94,72.39,56.34"
726,2026-07-27T13:54:27.085,30.029091,0.501200,-0.0200,0.4300,0.8300,-25.8800,41.3200,21.5500,0.934987,53.305903,"-0.02,0.43,0.83,-25.88,41.32,21.55"
727,2026-07-27T13:54:27.146,30.089693,60.601500,-0.0200,0.4700,0.8300,-13.7300,14.4000,-6.1000,0.954044,20.810644,"-0.02,0.47,0.83,-13.73,14.40,-6.10"
728,2026-07-27T13:54:27.207,30.150633,60.940500,-0.0300,0.5100,0.8900,-1.8300,-11.7200,-28.3200,1.026207,30.703904,"-0.03,0.51,0.89,-1.83,-11.72,-28.32"
729,2026-07-27T13:54:27.207,30.150784,0.150400,-0.0200,0.5400,1.0000,10.8600,-41.6300,-44.9800,1.136662,62.243047,"-0.02,0.54,1.00,10.86,-41.63,-44.98"
730,2026-07-27T13:54:27.266,30.209907,59.123500,-0.0600,0.5500,1.1200,19.1700,-74.6500,-41.9300,1.249200,87.739594,"-0.06,0.55,1.12,19.17,-74.65,-41.93"
731,2026-07-27T13:54:27.385,30.329023,119.115100,-0.1800,0.5500,1.2100,19.3500,-105.8300,-18.0700,1.341268,109.091413,"-0.18,0.55,1.21,19.35,-105.83,-18.07"
732,2026-07-27T13:54:27.385,30.329141,0.118100,-0.3100,0.5600,1.2600,20.6300,-133.3000,-2.0100,1.413259,134.901916,"-0.31,0.56,1.26,20.63,-133.30,-2.01"
733,2026-07-27T13:54:27.385,30.329260,0.119500,-0.3700,0.5600,1.3000,35.2800,-157.8400,-11.2900,1.463045,162.128369,"-0.37,0.56,1.30,35.28,-157.84,-11.29"
734,2026-07-27T13:54:27.447,30.391172,61.911500,-0.3800,0.5300,1.3300,58.7800,-176.0900,-26.9800,1.481283,187.591836,"-0.38,0.53,1.33,58.78,-176.09,-26.98"
735,2026-07-27T13:54:27.447,30.391206,0.034100,-0.3700,0.4700,1.3200,75.9300,-184.3300,-27.2800,1.449207,201.214095,"-0.37,0.47,1.32,75.93,-184.33,-27.28"
736,2026-07-27T13:54:27.507,30.450788,59.582500,-0.3800,0.4100,1.2600,78.6700,-184.7500,-14.2800,1.378441,201.309339,"-0.38,0.41,1.26,78.67,-184.75,-14.28"
737,2026-07-27T13:54:27.565,30.509006,58.217800,-0.3800,0.3600,1.1300,68.4200,-179.5700,-1.7100,1.245351,192.170771,"-0.38,0.36,1.13,68.42,-179.57,-1.71"
738,2026-07-27T13:54:27.565,30.509194,0.188300,-0.3500,0.3200,0.9800,52.6700,-167.4200,5.7400,1.088715,175.603340,"-0.35,0.32,0.98,52.67,-167.42,5.74"
739,2026-07-27T13:54:27.625,30.568884,59.689600,-0.3200,0.2900,0.8500,38.3300,-146.8500,12.7000,0.953415,152.300366,"-0.32,0.29,0.85,38.33,-146.85,12.70"
740,2026-07-27T13:54:27.689,30.632767,63.882900,-0.3100,0.2600,0.7500,27.5300,-120.3600,20.0800,0.852174,125.090515,"-0.31,0.26,0.75,27.53,-120.36,20.08"
741,2026-07-27T13:54:27.805,30.749501,116.734100,-0.3800,0.1800,0.6500,1.8300,-23.5000,13.8500,0.774145,27.339009,"-0.38,0.18,0.65,1.83,-23.50,13.85"
742,2026-07-27T13:54:27.806,30.749825,0.323800,-0.4200,0.2600,0.7100,-14.5300,19.0400,0.1800,0.864928,23.951511,"-0.42,0.26,0.71,-14.53,19.04,0.18"
743,2026-07-27T13:54:27.868,30.812502,62.677800,-0.4200,0.2600,0.7100,-31.0700,60.8500,-28.0800,0.864928,73.868490,"-0.42,0.26,0.71,-31.07,60.85,-28.08"
744,2026-07-27T13:54:27.925,30.869219,56.716800,-0.4500,0.4300,0.8000,-39.1200,95.7000,-64.0900,1.013607,121.640423,"-0.45,0.43,0.80,-39.12,95.70,-64.09"
745,2026-07-27T13:54:27.926,30.870490,1.270300,-0.4800,0.6000,0.9000,-38.8200,128.4200,-83.4400,1.183385,157.990260,"-0.48,0.60,0.90,-38.82,128.42,-83.44"
746,2026-07-27T13:54:27.986,30.930248,59.758700,-0.4900,0.7100,1.0200,-42.5400,162.4800,-78.2500,1.335889,185.290217,"-0.49,0.71,1.02,-42.54,162.48,-78.25"
747,2026-07-27T13:54:28.048,30.992477,62.228500,-0.4700,0.7700,1.1300,-55.0500,190.6700,-58.3500,1.445925,206.858101,"-0.47,0.77,1.13,-55.05,190.67,-58.35"
748,2026-07-27T13:54:28.225,31.169401,176.924200,-0.2900,0.7600,1.1900,-59.3900,206.2400,7.0800,1.441458,214.737598,"-0.29,0.76,1.19,-59.39,206.24,7.08"
749,2026-07-27T13:54:28.225,31.169556,0.155500,-0.2000,0.6500,1.1500,-44.0700,190.8000,34.3000,1.336039,198.804665,"-0.20,0.65,1.15,-44.07,190.80,34.30"
750,2026-07-27T13:54:28.226,31.169706,0.149700,-0.1500,0.5200,1.1100,-44.0700,190.8000,34.3000,1.234909,198.804665,"-0.15,0.52,1.11,-44.07,190.80,34.30"
751,2026-07-27T13:54:28.227,31.171245,1.538900,-0.0900,0.4400,1.0500,-30.2700,162.0500,42.2400,1.142016,170.178415,"-0.09,0.44,1.05,-30.27,162.05,42.24"
752,2026-07-27T13:54:28.285,31.229160,57.915400,-0.0200,0.4300,0.9700,-20.5700,123.6000,25.7600,1.061226,127.920532,"-0.02,0.43,0.97,-20.57,123.60,25.76"
753,2026-07-27T13:54:28.286,31.229603,0.442300,0.0700,0.4600,0.8800,-10.6800,78.8600,-9.4000,0.995440,80.133152,"0.07,0.46,0.88,-10.68,78.86,-9.40"
754,2026-07-27T13:54:28.345,31.289577,59.973900,0.1300,0.4800,0.8200,-0.6700,33.5700,-39.7300,0.959010,52.017946,"0.13,0.48,0.82,-0.67,33.57,-39.73"
755,2026-07-27T13:54:28.406,31.350036,60.459800,0.1200,0.4900,0.8200,6.9000,-6.2900,-45.9000,0.962756,46.839984,"0.12,0.49,0.82,6.90,-6.29,-45.90"
756,2026-07-27T13:54:28.406,31.350151,0.114000,0.0500,0.5000,0.9100,13.1800,-40.8300,-37.9600,1.039519,57.286673,"0.05,0.50,0.91,13.18,-40.83,-37.96"
757,2026-07-27T13:54:28.469,31.413464,63.313600,-0.0100,0.4900,1.0800,19.1000,-74.7100,-29.7200,1.186002,82.641833,"-0.01,0.49,1.08,19.10,-74.71,-29.72"
758,2026-07-27T13:54:28.588,31.532332,118.868100,-0.1300,0.4700,1.3100,22.2800,-111.5700,-16.2400,1.397820,114.926067,"-0.13,0.47,1.31,22.28,-111.57,-16.24"
759,2026-07-27T13:54:28.589,31.532614,0.282100,-0.2800,0.3900,1.5600,17.6400,-149.6600,3.2300,1.632207,150.730614,"-0.28,0.39,1.56,17.64,-149.66,3.23"
760,2026-07-27T13:54:28.589,31.532887,0.273100,-0.4300,0.2100,1.7500,-3.1700,-183.4100,13.1200,1.814249,183.905985,"-0.43,0.21,1.75,-3.17,-183.41,13.12"
761,2026-07-27T13:54:28.648,31.592161,59.274100,-0.5700,-0.0300,1.7900,-39.9200,-212.2200,-4.0900,1.878803,215.980700,"-0.57,-0.03,1.79,-39.92,-212.22,-4.09"
762,2026-07-27T13:54:28.648,31.592394,0.232800,-0.6800,-0.2100,1.6400,-77.2700,-233.8900,-49.7400,1.787764,251.295150,"-0.68,-0.21,1.64,-77.27,-233.89,-49.74"
763,2026-07-27T13:54:28.705,31.649138,56.744100,-0.6700,-0.2600,1.3400,-94.3600,-236.0200,-97.7800,1.520559,272.342025,"-0.67,-0.26,1.34,-94.36,-236.02,-97.78"
764,2026-07-27T13:54:28.829,31.773181,124.042500,-0.5700,-0.2400,1.0600,-88.5000,-215.2700,-119.5700,1.227233,261.668507,"-0.57,-0.24,1.06,-88.50,-215.27,-119.57"
765,2026-07-27T13:54:28.830,31.773682,0.501400,-0.4100,-0.2100,0.8700,-76.6000,-181.9500,-117.5500,0.984429,229.763716,"-0.41,-0.21,0.87,-76.60,-181.95,-117.55"
766,2026-07-27T13:54:28.830,31.774270,0.587300,-0.2400,-0.2000,0.7900,-60.5500,-144.9600,-112.3700,0.849529,193.149478,"-0.24,-0.20,0.79,-60.55,-144.96,-112.37"
767,2026-07-27T13:54:29.070,32.014417,240.147100,-0.1000,-0.2000,0.8000,-33.2600,-112.4300,-109.9900,0.830662,160.762348,"-0.10,-0.20,0.80,-33.26,-112.43,-109.99"
768,2026-07-27T13:54:29.071,32.014586,0.169100,-0.0200,-0.2100,0.7900,-8.8500,-86.9800,-94.6000,0.817680,128.813830,"-0.02,-0.21,0.79,-8.85,-86.98,-94.60"
769,2026-07-27T13:54:29.125,32.069092,54.506600,-0.0100,-0.2300,0.7400,-5.7400,-58.8400,-56.6400,0.774984,81.872967,"-0.01,-0.23,0.74,-5.74,-58.84,-56.64"
770,2026-07-27T13:54:29.125,32.069268,0.176100,-0.0200,-0.2100,0.6700,-20.6900,-21.7900,-16.7800,0.702424,34.415819,"-0.02,-0.21,0.67,-20.69,-21.79,-16.78"
771,2026-07-27T13:54:29.126,32.069720,0.451100,0.0100,-0.1600,0.6400,-34.0000,20.3200,-3.6600,0.659773,39.778110,"0.01,-0.16,0.64,-34.00,20.32,-3.66"
772,2026-07-27T13:54:29.126,32.070082,0.362100,0.0600,-0.0600,0.6600,-35.1000,59.6300,-19.6500,0.665432,71.929614,"0.06,-0.06,0.66,-35.10,59.63,-19.65"
773,2026-07-27T13:54:29.127,32.071304,1.222700,0.1200,0.1000,0.6700,-29.3600,87.1600,-46.1400,0.687968,102.896913,"0.12,0.10,0.67,-29.36,87.16,-46.14"
774,2026-07-27T13:54:29.127,32.071383,0.078500,0.1000,0.3300,0.5900,-17.5800,94.6700,-69.8900,0.683374,118.979315,"0.10,0.33,0.59,-17.58,94.67,-69.89"
775,2026-07-27T13:54:29.186,32.129765,58.382100,-0.0000,0.6300,0.6000,15.6900,81.0500,-108.1500,0.870000,136.057712,"-0.00,0.63,0.60,15.69,81.05,-108.15"
776,2026-07-27T13:54:29.307,32.250686,120.920700,-0.2000,0.9300,1.1600,74.8900,63.2300,-149.6000,1.500167,178.848274,"-0.20,0.93,1.16,74.89,63.23,-149.60"
777,2026-07-27T13:54:29.307,32.251369,0.683700,-0.3400,1.1100,2.2700,143.3100,75.2600,-121.8900,2.549627,202.630195,"-0.34,1.11,2.27,143.31,75.26,-121.89"
778,2026-07-27T13:54:29.308,32.251618,0.248600,-0.0600,1.1600,2.9000,185.7300,108.8900,-25.1500,3.123972,216.760669,"-0.06,1.16,2.90,185.73,108.89,-25.15"
779,2026-07-27T13:54:29.367,32.311464,59.845800,0.3100,1.0200,2.2600,134.4000,124.3900,76.6600,2.498820,198.527045,"0.31,1.02,2.26,134.40,124.39,76.66"
780,2026-07-27T13:54:29.369,32.313440,1.975800,0.1700,0.5400,0.9000,9.6400,107.6700,137.6300,1.063250,175.007930,"0.17,0.54,0.90,9.64,107.67,137.63"
781,2026-07-27T13:54:29.546,32.489872,176.432000,-0.1800,-0.0400,-0.0300,-55.3600,63.6600,100.2200,0.186815,131.001426,"-0.18,-0.04,-0.03,-55.36,63.66,100.22"
782,2026-07-27T13:54:29.546,32.489986,0.114800,-0.2100,-0.3500,-0.2200,-37.3500,29.5400,-2.3200,0.463681,47.676163,"-0.21,-0.35,-0.22,-37.35,29.54,-2.32"
783,2026-07-27T13:54:29.546,32.490100,0.114000,-0.0300,-0.3800,-0.1500,-25.4500,34.4200,-38.5700,0.409634,57.620168,"-0.03,-0.38,-0.15,-25.45,34.42,-38.57"
784,2026-07-27T13:54:29.546,32.490218,0.117300,0.0200,-0.2400,-0.1300,-54.6900,54.3800,41.0200,0.273679,87.354570,"0.02,-0.24,-0.13,-54.69,54.38,41.02"
785,2026-07-27T13:54:29.725,32.669140,178.922100,-0.0900,0.0100,-0.1500,-96.8000,64.3900,154.9700,0.175214,193.731807,"-0.09,0.01,-0.15,-96.80,64.39,154.97"
786,2026-07-27T13:54:29.725,32.669331,0.191600,-0.3100,0.2800,0.1600,-101.0700,72.9400,195.3700,0.447325,231.743016,"-0.31,0.28,0.16,-101.07,72.94,195.37"
787,2026-07-27T13:54:29.726,32.669636,0.304400,-0.6200,0.5600,1.1800,-25.8800,91.3700,142.0900,1.445822,170.902953,"-0.62,0.56,1.18,-25.88,91.37,142.09"
788,2026-07-27T13:54:29.726,32.669863,0.227100,-0.7400,0.7800,2.5400,88.7500,105.3500,39.6700,2.758188,143.348854,"-0.74,0.78,2.54,88.75,105.35,39.67"
789,2026-07-27T13:54:29.726,32.670564,0.701500,-0.3300,0.8500,2.9600,117.9200,114.8100,-57.8000,3.097257,174.434235,"-0.33,0.85,2.96,117.92,114.81,-57.80"
790,2026-07-27T13:54:29.794,32.738141,67.576500,0.1900,0.9500,2.2200,27.5300,97.1100,-85.8200,2.422189,132.488963,"0.19,0.95,2.22,27.53,97.11,-85.82"
791,2026-07-27T13:54:29.906,32.849603,111.462600,0.2500,1.0600,1.2100,-59.6300,8.3000,-36.4400,1.627943,70.374004,"0.25,1.06,1.21,-59.63,8.30,-36.44"
792,2026-07-27T13:54:29.906,32.849807,0.203700,0.0400,0.9000,0.4400,-56.1500,-99.5500,26.7300,1.002597,117.377672,"0.04,0.90,0.44,-56.15,-99.55,26.73"
793,2026-07-27T13:54:29.906,32.850043,0.235600,-0.2100,0.5600,0.1000,-7.2000,-152.2200,78.6700,0.606383,171.498505,"-0.21,0.56,0.10,-7.20,-152.22,78.67"
794,2026-07-27T13:54:29.968,32.912538,62.494800,-0.3900,0.3400,0.0700,7.0800,-141.9100,135.0100,0.522111,196.000701,"-0.39,0.34,0.07,7.08,-141.91,135.01"
795,2026-07-27T13:54:29.969,32.912779,0.241600,-0.5100,0.3100,0.3600,-10.1300,-89.2900,168.0300,0.696994,190.550261,"-0.51,0.31,0.36,-10.13,-89.29,168.03"
796,2026-07-27T13:54:30.265,33.208872,296.093000,-0.5300,0.3000,0.8400,0.8500,-26.1200,134.2800,1.037545,136.799471,"-0.53,0.30,0.84,0.85,-26.12,134.28"
797,2026-07-27T13:54:30.265,33.209102,0.229800,-0.4400,0.1900,1.1700,38.4500,19.4700,57.6800,1.264358,72.003235,"-0.44,0.19,1.17,38.45,19.47,57.68"
798,2026-07-27T13:54:30.265,33.209125,0.023300,-0.2700,0.1000,1.1900,47.3600,42.4200,-6.9600,1.224337,63.959891,"-0.27,0.10,1.19,47.36,42.42,-6.96"
799,2026-07-27T13:54:30.270,33.214313,5.187900,-0.1300,0.2400,1.0000,3.2300,40.8300,-53.1600,1.036581,67.108177,"-0.13,0.24,1.00,3.23,40.83,-53.16"
800,2026-07-27T13:54:30.270,33.214578,0.264400,-0.0900,0.5600,0.7800,-47.7300,8.9700,-91.1900,0.964417,103.316165,"-0.09,0.56,0.78,-47.73,8.97,-91.19"
801,2026-07-27T13:54:30.271,33.214740,0.162700,-0.1300,0.7400,0.6800,-46.5700,-26.9200,-93.0800,1.013361,107.505059,"-0.13,0.74,0.68,-46.57,-26.92,-93.08"
802,2026-07-27T13:54:30.386,33.330172,115.432000,-0.2200,0.6400,0.7800,-7.0800,-24.6600,-21.1200,1.032666,33.230955,"-0.22,0.64,0.78,-7.08,-24.66,-21.12"
803,2026-07-27T13:54:30.386,33.330299,0.126600,-0.3500,0.4300,0.9100,8.4800,19.6500,106.0800,1.065598,108.217371,"-0.35,0.43,0.91,8.48,19.65,106.08"
804,2026-07-27T13:54:30.386,33.330379,0.080100,-0.5000,0.2400,0.9800,-50.6000,138.3100,231.1400,1.126055,274.072464,"-0.50,0.24,0.98,-50.60,138.31,231.14"
805,2026-07-27T13:54:30.447,33.391494,61.115300,-0.4600,0.2500,1.0300,-46.4500,180.1800,167.0500,1.155422,250.056268,"-0.46,0.25,1.03,-46.45,180.18,167.05"
806,2026-07-27T13:54:30.448,33.391655,0.160900,-0.4600,0.2500,1.0300,-7.3900,200.9900,61.1600,1.155422,210.219261,"-0.46,0.25,1.03,-7.39,200.99,61.16"
807,2026-07-27T13:54:30.630,33.573923,182.268000,-0.3700,0.3000,1.1600,38.3300,204.6500,-41.6900,1.253994,212.341394,"-0.37,0.30,1.16,38.33,204.65,-41.69"
808,2026-07-27T13:54:30.630,33.574059,0.136100,-0.2400,0.3700,1.3300,64.3900,192.5000,-112.6700,1.401214,232.156953,"-0.24,0.37,1.33,64.39,192.50,-112.67"
809,2026-07-27T13:54:30.630,33.574170,0.110500,-0.0200,0.4400,1.4200,65.5500,156.1300,-144.7800,1.486741,222.788303,"-0.02,0.44,1.42,65.55,156.13,-144.78"
810,2026-07-27T13:54:30.630,33.574273,0.103600,0.2300,0.4700,1.3900,47.7300,89.2300,-135.7400,1.485227,169.308870,"0.23,0.47,1.39,47.73,89.23,-135.74"
811,2026-07-27T13:54:30.689,33.632665,58.391600,0.3600,0.4600,1.2500,16.1700,15.5600,-71.7200,1.379746,75.148792,"0.36,0.46,1.25,16.17,15.56,-71.72"
812,2026-07-27T13:54:30.746,33.690544,57.878700,0.0200,0.4200,1.0000,-31.6200,-50.0500,110.7200,1.084804,125.553755,"0.02,0.42,1.00,-31.62,-50.05,110.72"
813,2026-07-27T13:54:30.865,33.809031,118.487800,-0.1600,0.3600,1.0200,-31.6200,-50.0500,110.7200,1.093435,125.553755,"-0.16,0.36,1.02,-31.62,-50.05,110.72"
814,2026-07-27T13:54:30.865,33.809175,0.143300,-0.2500,0.3100,1.1100,-24.0500,-64.5100,125.8500,1.179279,143.450915,"-0.25,0.31,1.11,-24.05,-64.51,125.85"
815,2026-07-27T13:54:30.865,33.809245,0.070400,-0.2800,0.3100,1.2100,-6.7100,-86.6100,89.6000,1.280078,124.797741,"-0.28,0.31,1.21,-6.71,-86.61,89.60"
816,2026-07-27T13:54:30.924,33.868169,58.924000,-0.2800,0.3400,1.2400,6.6500,-113.6500,43.7600,1.315903,121.965088,"-0.28,0.34,1.24,6.65,-113.65,43.76"
817,2026-07-27T13:54:30.925,33.868620,0.450800,-0.2800,0.3800,1.1700,11.3500,-138.6100,16.4800,1.261626,140.046939,"-0.28,0.38,1.17,11.35,-138.61,16.48"
818,2026-07-27T13:54:31.045,33.989329,120.708600,-0.2800,0.4200,1.0500,10.8600,-157.8400,1.8900,1.165032,158.224452,"-0.28,0.42,1.05,10.86,-157.84,1.89"
819,2026-07-27T13:54:31.045,33.989486,0.157600,-0.2900,0.4700,0.9500,13.4300,-172.7300,-18.9200,1.098863,174.281336,"-0.29,0.47,0.95,13.43,-172.73,-18.92"
820,2026-07-27T13:54:31.046,33.989621,0.135100,-0.3300,0.4900,0.9000,25.0200,-180.6000,-42.9100,1.076569,187.306243,"-0.33,0.49,0.90,25.02,-180.60,-42.91"
821,2026-07-27T13:54:31.469,34.413058,423.436700,-0.4200,0.4600,0.8700,37.6000,-170.9600,-46.8100,1.070000,181.196738,"-0.42,0.46,0.87,37.60,-170.96,-46.81"
822,2026-07-27T13:54:31.469,34.413377,0.318800,-0.5300,0.4100,0.8000,34.9700,-138.4300,-23.3200,1.043552,144.670620,"-0.53,0.41,0.80,34.97,-138.43,-23.32"
823,2026-07-27T13:54:31.469,34.413411,0.034100,-0.5800,0.4200,0.7100,16.6600,-91.0000,0.1200,1.008415,92.512540,"-0.58,0.42,0.71,16.66,-91.00,0.12"
824,2026-07-27T13:54:31.470,34.413614,0.202700,-0.5500,0.4700,0.6300,-0.1200,-42.9100,-2.0800,0.959323,42.960551,"-0.55,0.47,0.63,-0.12,-42.91,-2.08"
825,2026-07-27T13:54:31.470,34.414144,0.530700,-0.4900,0.5000,0.6200,-3.6600,-0.5500,-15.6200,0.935147,16.052492,"-0.49,0.50,0.62,-3.66,-0.55,-15.62"
826,2026-07-27T13:54:31.470,34.414394,0.249900,-0.4900,0.4700,0.6500,-0.5500,38.7600,-11.1100,0.939947,40.324586,"-0.49,0.47,0.65,-0.55,38.76,-11.11"
827,2026-07-27T13:54:31.471,34.414712,0.317700,-0.5700,0.4200,0.7000,-5.9800,81.6000,19.2300,0.995640,84.048280,"-0.57,0.42,0.70,-5.98,81.60,19.23"
828,2026-07-27T13:54:31.471,34.414907,0.194900,-0.6300,0.3900,0.8100,-20.2000,130.4900,50.1700,1.097770,141.254058,"-0.63,0.39,0.81,-20.20,130.49,50.17"
829,2026-07-27T13:54:31.471,34.415110,0.203000,-0.6100,0.4300,0.9700,-25.0900,173.8900,43.0300,1.223887,180.883446,"-0.61,0.43,0.97,-25.09,173.89,43.03"
830,2026-07-27T13:54:31.471,34.415330,0.220500,-0.4800,0.5300,1.1500,-11.2900,193.6000,-13.6100,1.354179,194.405906,"-0.48,0.53,1.15,-11.29,193.60,-13.61"
831,2026-07-27T13:54:31.528,34.471846,56.515800,-0.3100,0.6900,1.3000,11.9600,177.3700,-96.7400,1.504061,202.390183,"-0.31,0.69,1.30,11.96,177.37,-96.74"
832,2026-07-27T13:54:31.528,34.471974,0.127800,0.0200,0.8900,1.3600,33.7500,130.1900,-187.2600,1.625454,230.553261,"0.02,0.89,1.36,33.75,130.19,-187.26"
833,2026-07-27T13:54:31.649,34.592748,120.774400,0.7500,1.2000,1.2700,44.0100,60.1800,-282.9600,1.901421,292.617283,"0.75,1.20,1.27,44.01,60.18,-282.96"
834,2026-07-27T13:54:31.649,34.592793,0.044500,1.1100,1.4200,1.0300,42.8500,-29.9700,-293.8200,2.075909,298.436787,"1.11,1.42,1.03,42.85,-29.97,-293.82"
835,2026-07-27T13:54:31.649,34.593044,0.251300,0.5100,1.2100,0.8600,45.2300,-82.2100,-99.7900,1.569650,136.975476,"0.51,1.21,0.86,45.23,-82.21,-99.79"
836,2026-07-27T13:54:31.826,34.770008,176.964100,-0.2300,0.7200,0.8800,53.9600,-73.6100,152.3400,1.160043,177.588258,"-0.23,0.72,0.88,53.96,-73.61,152.34"
837,2026-07-27T13:54:31.826,34.770163,0.155100,-0.5400,0.3300,0.9600,62.9300,-71.8400,214.4800,1.149826,234.782540,"-0.54,0.33,0.96,62.93,-71.84,214.48"
838,2026-07-27T13:54:31.826,34.770268,0.104900,-0.6200,0.2200,1.1200,79.2800,-102.4800,95.1500,1.298923,160.751334,"-0.62,0.22,1.12,79.28,-102.48,95.15"
839,2026-07-27T13:54:31.826,34.770359,0.090900,-0.6500,0.2900,1.2600,95.7000,-129.8800,-36.0700,1.447135,165.312883,"-0.65,0.29,1.26,95.70,-129.88,-36.07"
840,2026-07-27T13:54:31.888,34.832206,61.847300,-0.6900,0.3500,1.1900,87.3400,-117.4300,-68.3000,1.419401,161.502231,"-0.69,0.35,1.19,87.34,-117.43,-68.30"
841,2026-07-27T13:54:31.888,34.832472,0.265400,-0.6300,0.2900,1.0000,71.8400,-79.9600,-53.5300,1.216963,120.083505,"-0.63,0.29,1.00,71.84,-79.96,-53.53"
842,2026-07-27T13:54:31.948,34.891905,59.433400,-0.4500,0.2400,0.8500,77.5100,-55.9100,-85.9400,0.991262,128.527864,"-0.45,0.24,0.85,77.51,-55.91,-85.94"
843,2026-07-27T13:54:32.246,35.189692,297.787100,-0.2400,0.3700,0.7700,89.5400,-55.6600,-157.9000,0.887356,189.862733,"-0.24,0.37,0.77,89.54,-55.66,-157.90"
844,2026-07-27T13:54:32.246,35.189981,0.289000,-0.0800,0.6200,0.7600,94.5400,-70.1300,-220.8900,0.984073,250.296665,"-0.08,0.62,0.76,94.54,-70.13,-220.89"
845,2026-07-27T13:54:32.246,35.190357,0.376200,0.0000,0.8100,0.7900,94.7300,-83.0700,-244.3800,1.131459,274.947235,"0.00,0.81,0.79,94.73,-83.07,-244.38"
846,2026-07-27T13:54:32.246,35.190380,0.022300,-0.0400,0.8100,0.8300,90.5800,-84.5300,-210.8800,1.160431,244.582157,"-0.04,0.81,0.83,90.58,-84.53,-210.88"
847,2026-07-27T13:54:32.246,35.190441,0.061200,-0.2200,0.6100,0.8000,79.7700,-76.4200,-126.7100,1.029806,168.103222,"-0.22,0.61,0.80,79.77,-76.42,-126.71"
848,2026-07-27T13:54:32.247,35.191069,0.627600,-0.4300,0.3000,0.7100,58.8400,-61.5800,-31.0100,0.882610,90.641393,"-0.43,0.30,0.71,58.84,-61.58,-31.01"
849,2026-07-27T13:54:32.247,35.191534,0.465200,-0.5900,0.1000,0.7100,33.3300,-46.6300,25.0900,0.928547,62.567994,"-0.59,0.10,0.71,33.33,-46.63,25.09"
850,2026-07-27T13:54:32.248,35.192108,0.574200,-0.7000,0.1200,0.7500,7.1400,-41.3200,26.4300,1.032909,49.566792,"-0.70,0.12,0.75,7.14,-41.32,26.43"
851,2026-07-27T13:54:32.307,35.250643,58.534900,-0.8100,0.1800,0.6500,-23.5000,-41.5000,17.4000,1.054040,50.766721,"-0.81,0.18,0.65,-23.50,-41.50,17.40"
852,2026-07-27T13:54:32.367,35.310660,60.017200,-0.8700,0.2400,0.5300,-51.7600,-20.3200,25.7600,1.046614,61.282768,"-0.87,0.24,0.53,-51.76,-20.32,25.76"
853,2026-07-27T13:54:32.367,35.310879,0.218800,-0.7100,0.4700,0.6300,-61.7700,17.4000,-8.7300,1.059198,64.765004,"-0.71,0.47,0.63,-61.77,17.40,-8.73"
854,2026-07-27T13:54:32.485,35.428803,117.923700,-0.4000,0.7800,0.8700,-47.1800,30.2100,-95.0300,1.235030,110.314538,"-0.40,0.78,0.87,-47.18,30.21,-95.03"
855,2026-07-27T13:54:32.485,35.429316,0.513900,-0.1500,0.9600,1.0100,-26.0600,17.0900,-139.1600,1.401499,142.606793,"-0.15,0.96,1.01,-26.06,17.09,-139.16"
856,2026-07-27T13:54:32.485,35.429505,0.188400,-0.0100,0.9900,0.9300,-20.2600,0.9800,-98.2700,1.358345,100.341521,"-0.01,0.99,0.93,-20.26,0.98,-98.27"
857,2026-07-27T13:54:32.551,35.494788,65.283500,0.0400,0.9200,0.7300,-30.0900,-5.3700,-8.9700,1.175117,31.854449,"0.04,0.92,0.73,-30.09,-5.37,-8.97"
858,2026-07-27T13:54:32.664,35.608481,113.692200,0.0700,0.8900,0.6900,-33.0200,-12.8800,38.0200,1.128317,51.978219,"0.07,0.89,0.69,-33.02,-12.88,38.02"
859,2026-07-27T13:54:32.665,35.608741,0.260100,0.0800,0.9200,0.8900,-0.7300,-49.4400,-3.7200,1.282537,49.585128,"0.08,0.92,0.89,-0.73,-49.44,-3.72"
860,2026-07-27T13:54:32.665,35.609080,0.338800,-0.0700,0.8400,1.1400,52.9800,-102.1700,-38.8800,1.417780,121.479396,"-0.07,0.84,1.14,52.98,-102.17,-38.88"
861,2026-07-27T13:54:32.729,35.672800,63.720700,-0.3400,0.5400,1.1900,75.8700,-127.8700,24.1700,1.350296,150.635928,"-0.34,0.54,1.19,75.87,-127.87,24.17"
862,2026-07-27T13:54:32.729,35.672883,0.083000,-0.5800,0.1600,1.0700,45.3500,-116.2100,140.3200,1.227559,187.752734,"-0.58,0.16,1.07,45.35,-116.21,140.32"
863,2026-07-27T13:54:32.846,35.789840,116.956600,-0.6700,-0.1000,0.9400,-10.4400,-88.0700,206.3600,1.158663,224.610258,"-0.67,-0.10,0.94,-10.44,-88.07,206.36"
864,2026-07-27T13:54:32.847,35.791013,1.172900,-0.6800,-0.1300,0.7700,-57.4300,-68.3000,169.7400,1.035471,191.767470,"-0.68,-0.13,0.77,-57.43,-68.30,169.74"
865,2026-07-27T13:54:32.848,35.791703,0.690000,-0.6800,-0.0800,0.6000,-80.5700,-57.0100,75.2000,0.910385,124.083460,"-0.68,-0.08,0.60,-80.57,-57.01,75.20"
866,2026-07-27T13:54:32.908,35.852064,60.361800,-0.6800,-0.0800,0.5800,-89.9000,-24.4800,3.1700,0.897329,93.227299,"-0.68,-0.08,0.58,-89.90,-24.48,3.17"
867,2026-07-27T13:54:32.971,35.914725,62.660700,-0.5900,-0.0000,0.7500,-102.3600,35.5800,-36.4400,0.954254,114.330134,"-0.59,-0.00,0.75,-102.36,35.58,-36.44"
868,2026-07-27T13:54:33.270,36.214140,299.414700,0.0400,0.4400,1.3400,-78.2500,127.9900,-134.0300,1.410957,201.167948,"0.04,0.44,1.34,-78.25,127.99,-134.03"
869,2026-07-27T13:54:33.270,36.214182,0.041800,0.5600,0.7600,1.5400,-18.4300,111.5100,-190.0600,1.806322,221.126544,"0.56,0.76,1.54,-18.43,111.51,-190.06"
870,2026-07-27T13:54:33.271,36.214778,0.596400,0.5600,0.7600,1.5400,44.6200,47.9700,-222.1100,1.806322,231.570545,"0.56,0.76,1.54,44.62,47.97,-222.11"
871,2026-07-27T13:54:33.271,36.215038,0.259500,0.9700,1.0700,1.5800,83.9200,-33.5100,-198.0000,2.140607,217.645323,"0.97,1.07,1.58,83.92,-33.51,-198.00"
872,2026-07-27T13:54:33.271,36.215468,0.430900,0.9100,1.1200,1.5000,103.8200,-103.0300,-142.9400,2.081466,204.513122,"0.91,1.12,1.50,103.82,-103.03,-142.94"
873,2026-07-27T13:54:33.272,36.215690,0.221600,0.5200,0.9100,1.4200,114.8100,-144.6500,-101.2000,1.764908,210.585846,"0.52,0.91,1.42,114.81,-144.65,-101.20"
874,2026-07-27T13:54:33.272,36.215715,0.024400,0.1800,0.5000,1.3100,102.2300,-145.9400,-52.4900,1.413683,185.754291,"0.18,0.50,1.31,102.23,-145.94,-52.49"
875,2026-07-27T13:54:33.569,36.513110,297.395900,-0.2500,-0.5700,1.1400,19.7800,-96.8600,20.6900,1.298846,101.000911,"-0.25,-0.57,1.14,19.78,-96.86,20.69"
876,2026-07-27T13:54:33.749,36.693128,180.017300,-0.3400,-0.6800,1.0000,-4.4600,-83.8600,-49.3200,1.256185,97.390213,"-0.34,-0.68,1.00,-4.46,-83.86,-49.32"
877,2026-07-27T13:54:33.750,36.693707,0.579800,-0.2900,-0.4300,0.8600,-4.4600,-83.8600,-49.3200,1.004291,97.390213,"-0.29,-0.43,0.86,-4.46,-83.86,-49.32"
878,2026-07-27T13:54:33.750,36.694229,0.521700,-0.2300,-0.1700,0.7500,-5.3100,-75.5000,-131.6500,0.802683,151.855749,"-0.23,-0.17,0.75,-5.31,-75.50,-131.65"
879,2026-07-27T13:54:33.751,36.694868,0.639100,-0.2800,-0.0400,0.6900,-4.6400,-62.5600,-162.4800,0.745721,174.169554,"-0.28,-0.04,0.69,-4.64,-62.56,-162.48"
880,2026-07-27T13:54:33.751,36.695437,0.568500,-0.3400,0.1300,0.7900,-15.0100,-32.2900,-156.1300,0.869828,160.139068,"-0.34,0.13,0.79,-15.01,-32.29,-156.13"
881,2026-07-27T13:54:33.751,36.695459,0.021800,-0.1700,0.4400,1.0400,-24.1700,8.0000,-166.3800,1.141972,168.316646,"-0.17,0.44,1.04,-24.17,8.00,-166.38"
882,2026-07-27T13:54:33.752,36.695607,0.148800,0.1900,0.7500,1.2500,-23.6200,28.0200,-193.8500,1.470068,197.283672,"0.19,0.75,1.25,-23.62,28.02,-193.85"
883,2026-07-27T13:54:33.752,36.695629,0.021500,0.4000,0.8400,1.3200,-12.8800,6.2900,-189.6400,1.614930,190.180935,"0.40,0.84,1.32,-12.88,6.29,-189.64"
884,2026-07-27T13:54:33.752,36.695750,0.120800,0.2800,0.7600,1.2100,0.9800,-52.5500,-143.3100,1.456056,152.644093,"0.28,0.76,1.21,0.98,-52.55,-143.31"
885,2026-07-27T13:54:33.752,36.695864,0.114100,-0.0600,0.5800,0.9100,-3.3000,-109.0700,-71.7800,1.080787,130.612110,"-0.06,0.58,0.91,-3.30,-109.07,-71.78"
886,2026-07-27T13:54:33.927,36.871275,175.410900,-0.4500,0.3600,0.6900,-25.0900,-114.4400,6.0400,0.898999,117.313696,"-0.45,0.36,0.69,-25.09,-114.44,6.04"
887,2026-07-27T13:54:33.928,36.871796,0.521200,-0.6700,0.1700,0.7100,-27.2800,-68.9100,30.5200,0.990909,80.151462,"-0.67,0.17,0.71,-27.28,-68.91,30.52"
888,2026-07-27T13:54:34.170,37.114520,242.724400,-0.7100,0.1000,0.8400,0.5500,-14.9500,-21.2400,1.104400,25.979657,"-0.71,0.10,0.84,0.55,-14.95,-21.24"
889,2026-07-27T13:54:34.171,37.114973,0.453200,-0.7700,0.2100,0.8700,26.0600,16.9100,-89.9700,1.180635,95.182312,"-0.77,0.21,0.87,26.06,16.91,-89.97"
890,2026-07-27T13:54:34.171,37.114999,0.026000,-0.8600,0.4200,0.7700,23.9900,34.7300,-111.5100,1.228373,119.231594,"-0.86,0.42,0.77,23.99,34.73,-111.51"
891,2026-07-27T13:54:34.171,37.115204,0.204500,-0.8700,0.5300,0.7100,-0.2400,68.1800,-53.9600,1.241733,86.949707,"-0.87,0.53,0.71,-0.24,68.18,-53.96"
892,2026-07-27T13:54:34.171,37.115228,0.024200,-0.7700,0.4100,0.8100,-12.5700,120.5400,50.9000,1.190420,131.448494,"-0.77,0.41,0.81,-12.57,120.54,50.90"
893,2026-07-27T13:54:34.171,37.115238,0.010100,-0.6800,0.1900,1.0100,10.0100,156.3100,107.6000,1.232315,190.028356,"-0.68,0.19,1.01,10.01,156.31,107.60"
894,2026-07-27T13:54:34.171,37.115416,0.177800,-0.5900,0.0700,1.1500,34.3600,157.9000,80.3200,1.294411,180.455873,"-0.59,0.07,1.15,34.36,157.90,80.32"
895,2026-07-27T13:54:34.171,37.115438,0.021900,-0.4900,0.0900,1.1900,19.1700,149.7200,39.9200,1.290078,156.131911,"-0.49,0.09,1.19,19.17,149.72,39.92"
896,2026-07-27T13:54:34.171,37.115566,0.127700,-0.4300,0.1500,1.1600,-21.0600,146.8500,40.1600,1.246194,153.692133,"-0.43,0.15,1.16,-21.06,146.85,40.16"
897,2026-07-27T13:54:34.407,37.351369,235.803500,-0.4400,0.1800,1.0800,-53.4700,144.1700,66.1000,1.180000,167.371562,"-0.44,0.18,1.08,-53.47,144.17,66.10"
898,2026-07-27T13:54:34.407,37.351544,0.174600,-0.4500,0.2100,1.0100,-67.0800,141.6600,83.8600,1.125478,177.763274,"-0.45,0.21,1.01,-67.08,141.66,83.86"
899,2026-07-27T13:54:34.408,37.351624,0.079800,-0.4000,0.2600,0.9700,-62.4400,136.1100,67.9300,1.080972,164.435916,"-0.40,0.26,0.97,-62.44,136.11,67.93"
900,2026-07-27T13:54:34.408,37.351711,0.087300,-0.3000,0.3600,0.9300,-45.2900,119.5100,16.1700,1.041393,128.822720,"-0.30,0.36,0.93,-45.29,119.51,16.17"
901,2026-07-27T13:54:34.408,37.351798,0.086700,-0.1700,0.4800,0.8800,-27.3400,91.2500,-44.2500,1.016710,105.033807,"-0.17,0.48,0.88,-27.34,91.25,-44.25"
902,2026-07-27T13:54:34.408,37.351897,0.099900,-0.0400,0.5800,0.8100,-17.4000,58.3500,-78.5500,0.997046,99.386040,"-0.04,0.58,0.81,-17.40,58.35,-78.55"
903,2026-07-27T13:54:34.468,37.412478,60.580500,0.0500,0.6400,0.7500,-16.4200,27.2200,-70.6800,0.987218,77.499724,"0.05,0.64,0.75,-16.42,27.22,-70.68"
904,2026-07-27T13:54:34.824,37.768307,355.828800,0.0600,0.6400,0.7400,-19.7100,-1.8300,-33.3900,0.980204,38.816557,"0.06,0.64,0.74,-19.71,-1.83,-33.39"
905,2026-07-27T13:54:34.824,37.768493,0.186000,-0.0000,0.6200,0.7900,-18.6200,-31.8000,3.4200,1.004241,37.008658,"-0.00,0.62,0.79,-18.62,-31.80,3.42"
906,2026-07-27T13:54:34.825,37.768980,0.486800,-0.0700,0.5900,0.9300,-7.6300,-62.5000,20.6300,1.103585,66.257557,"-0.07,0.59,0.93,-7.63,-62.50,20.63"
907,2026-07-27T13:54:34.825,37.769480,0.500500,-0.1300,0.5800,1.1300,11.4100,-92.4100,20.8100,1.276793,95.408869,"-0.13,0.58,1.13,11.41,-92.41,20.81"
908,2026-07-27T13:54:34.826,37.769992,0.512000,-0.1800,0.5800,1.3600,32.2900,-123.1100,17.0900,1.489429,128.416449,"-0.18,0.58,1.36,32.29,-123.11,17.09"
909,2026-07-27T13:54:34.827,37.770623,0.630600,-0.2300,0.5700,1.5800,51.3900,-152.2200,24.0500,1.695347,162.450802,"-0.23,0.57,1.58,51.39,-152.22,24.05"
910,2026-07-27T13:54:34.827,37.771233,0.610700,-0.2700,0.5300,1.7300,60.6100,-177.2500,50.2900,1.829399,193.959322,"-0.27,0.53,1.73,60.61,-177.25,50.29"
911,2026-07-27T13:54:34.828,37.771742,0.508500,-0.3400,0.4600,1.7600,48.1000,-200.5000,91.4900,1.850622,225.575442,"-0.34,0.46,1.76,48.10,-200.50,91.49"
912,2026-07-27T13:54:34.828,37.772339,0.597200,-0.4200,0.4000,1.6800,19.1700,-223.5700,123.7800,1.777301,256.266506,"-0.42,0.40,1.68,19.17,-223.57,123.78"
913,2026-07-27T13:54:34.886,37.829902,57.562700,-0.4700,0.3600,1.4900,-11.4700,-241.5800,122.6800,1.603309,271.187831,"-0.47,0.36,1.49,-11.47,-241.58,122.68"
914,2026-07-27T13:54:34.886,37.830101,0.199400,-0.4800,0.3000,1.2000,-34.7900,-242.3100,91.6100,1.326801,261.374965,"-0.48,0.30,1.20,-34.79,-242.31,91.61"
915,2026-07-27T13:54:34.945,37.888826,58.724400,-0.4400,0.2200,0.9000,-47.1800,-218.5700,52.3700,1.025671,229.654989,"-0.44,0.22,0.90,-47.18,-218.57,52.37"
916,2026-07-27T13:54:35.005,37.949489,60.663300,-0.3900,0.1700,0.6400,-50.7200,-174.5600,19.4100,0.768505,182.812637,"-0.39,0.17,0.64,-50.72,-174.56,19.41"
917,2026-07-27T13:54:35.006,37.949914,0.425600,-0.3600,0.1500,0.4600,-47.7900,-117.4300,-5.6800,0.603075,126.909225,"-0.36,0.15,0.46,-47.79,-117.43,-5.68"
918,2026-07-27T13:54:35.189,38.133349,183.434100,-0.3200,0.1600,0.4100,-39.0600,-52.4900,-25.3900,0.544151,70.182162,"-0.32,0.16,0.41,-39.06,-52.49,-25.39"
919,2026-07-27T13:54:35.189,38.133521,0.172200,-0.3100,0.2100,0.4700,-27.2800,14.7100,-43.7600,0.600916,53.623876,"-0.31,0.21,0.47,-27.28,14.71,-43.76"
920,2026-07-27T13:54:35.189,38.133552,0.031400,-0.3300,0.3000,0.6300,-17.7600,77.3900,-67.2600,0.771881,104.060258,"-0.33,0.30,0.63,-17.76,77.39,-67.26"
921,2026-07-27T13:54:35.190,38.133681,0.128800,-0.3900,0.4700,0.8600,-10.9900,128.6000,-102.2900,1.054799,164.687535,"-0.39,0.47,0.86,-10.99,128.60,-102.29"
922,2026-07-27T13:54:35.308,38.252536,118.855300,-0.4600,0.6800,1.1600,-1.1600,167.3000,-145.9400,1.421126,222.011529,"-0.46,0.68,1.16,-1.16,167.30,-145.94"
923,2026-07-27T13:54:35.309,38.252871,0.334900,-0.4800,0.8400,1.4800,11.2900,202.0900,-177.8000,1.768163,269.408003,"-0.48,0.84,1.48,11.29,202.09,-177.80"
924,2026-07-27T13:54:35.309,38.253355,0.483700,-0.3800,0.8800,1.6900,14.3400,236.3900,-176.5700,1.942910,295.402831,"-0.38,0.88,1.69,14.34,236.39,-176.57"
925,2026-07-27T13:54:35.425,38.369042,115.687000,-0.1900,0.8200,1.6600,-1.2800,256.7100,-139.9500,1.861209,292.382737,"-0.19,0.82,1.66,-1.28,256.71,-139.95"
926,2026-07-27T13:54:35.425,38.369171,0.129100,0.0000,0.7200,1.4400,-28.1400,245.9700,-80.4400,1.609969,260.314606,"0.00,0.72,1.44,-28.14,245.97,-80.44"
927,2026-07-27T13:54:35.425,38.369537,0.365700,0.1100,0.6400,1.1700,-43.9500,202.5100,-18.4300,1.338133,208.042225,"0.11,0.64,1.17,-43.95,202.51,-18.43"
928,2026-07-27T13:54:35.607,38.551440,181.903200,0.1200,0.5600,1.0000,-35.5200,143.6800,25.9400,1.152389,150.261427,"0.12,0.56,1.00,-35.52,143.68,25.94"
929,2026-07-27T13:54:35.608,38.551605,0.165300,0.0700,0.4500,0.9200,-13.1200,91.4300,48.8900,1.026548,104.507471,"0.07,0.45,0.92,-13.12,91.43,48.89"
930,2026-07-27T13:54:35.608,38.551792,0.186400,0.0400,0.3700,0.9000,6.1000,53.7100,54.6900,0.973910,76.895840,"0.04,0.37,0.90,6.10,53.71,54.69"
931,2026-07-27T13:54:35.608,38.551903,0.111300,0.0600,0.3700,0.9400,26.0600,-18.4300,6.1000,1.011978,32.496131,"0.06,0.37,0.94,26.06,-18.43,6.10"
932,2026-07-27T13:54:35.727,38.670939,119.036400,0.0500,0.4400,0.9700,32.6500,-65.1900,-29.2400,1.066302,78.554034,"0.05,0.44,0.97,32.65,-65.19,-29.24"
933,2026-07-27T13:54:35.727,38.671069,0.129500,0.0500,0.4400,0.9700,39.7300,-111.2700,-45.4100,1.066302,126.576277,"0.05,0.44,0.97,39.73,-111.27,-45.41"
934,2026-07-27T13:54:35.727,38.671150,0.081400,-0.0200,0.4900,1.0300,48.4600,-150.3900,-41.6900,1.140789,163.412300,"-0.02,0.49,1.03,48.46,-150.39,-41.69"
935,2026-07-27T13:54:35.787,38.731162,60.012000,-0.1200,0.4800,1.1100,55.2400,-179.5000,-29.6000,1.215278,190.125926,"-0.12,0.48,1.11,55.24,-179.50,-29.60"
936,2026-07-27T13:54:35.966,38.910016,178.853900,-0.2400,0.4300,1.1800,53.1000,-194.4600,-19.5900,1.278632,202.529182,"-0.24,0.43,1.18,53.10,-194.46,-19.59"
937,2026-07-27T13:54:35.966,38.910446,0.429700,-0.3200,0.3800,1.1900,40.3400,-192.2600,-16.7200,1.289535,197.156744,"-0.32,0.38,1.19,40.34,-192.26,-16.72"
938,2026-07-27T13:54:35.967,38.911279,0.833100,-0.2900,0.3200,1.1600,14.0400,-166.7500,-37.3500,1.237780,171.457594,"-0.29,0.32,1.16,14.04,-166.75,-37.35"
939,2026-07-27T13:54:35.968,38.911664,0.384700,-0.2200,0.3400,1.2200,10.0100,-163.8200,-46.5100,1.285457,170.588313,"-0.22,0.34,1.22,10.01,-163.82,-46.51"
940,2026-07-27T13:54:36.029,38.972809,61.145700,-0.1900,0.3600,1.2800,10.0100,-163.8200,-46.5100,1.343168,170.588313,"-0.19,0.36,1.28,10.01,-163.82,-46.51"
941,2026-07-27T13:54:36.144,39.088478,115.668800,-0.2200,0.3300,1.2900,4.4600,-165.2200,-35.8900,1.349593,169.131996,"-0.22,0.33,1.29,4.46,-165.22,-35.89"
942,2026-07-27T13:54:36.145,39.088632,0.154100,-0.2900,0.2600,1.2000,-10.8600,-158.1400,-8.0000,1.261626,158.714206,"-0.29,0.26,1.20,-10.86,-158.14,-8.00"
943,2026-07-27T13:54:36.145,39.089212,0.580200,-0.3200,0.2100,1.0100,-35.5200,-138.0000,12.0200,1.080093,143.004024,"-0.32,0.21,1.01,-35.52,-138.00,12.02"
944,2026-07-27T13:54:36.448,39.392285,303.072900,-0.3100,0.1900,0.7900,-59.5700,-111.2100,3.7800,0.869655,126.216233,"-0.31,0.19,0.79,-59.57,-111.21,3.78"
945,2026-07-27T13:54:36.448,39.392446,0.160700,-0.3000,0.2200,0.5900,-72.2700,-83.6800,-26.9200,0.697496,113.797986,"-0.30,0.22,0.59,-72.27,-83.68,-26.92"
946,2026-07-27T13:54:36.448,39.392530,0.084200,-0.3200,0.2800,0.5100,-66.2200,-54.5000,-61.1600,0.664003,105.337002,"-0.32,0.28,0.51,-66.22,-54.50,-61.16"
947,2026-07-27T13:54:36.449,39.392605,0.075200,-0.3600,0.3500,0.5700,-44.8600,-16.7200,-86.7300,0.759605,99.065993,"-0.36,0.35,0.57,-44.86,-16.72,-86.73"
948,2026-07-27T13:54:36.449,39.392918,0.313000,-0.4100,0.4000,0.7400,-23.5600,35.2200,-103.9400,0.935788,112.245470,"-0.41,0.40,0.74,-23.56,35.22,-103.94"
949,2026-07-27T13:54:36.449,39.393059,0.141000,-0.3900,0.4600,0.9600,-13.7300,94.3600,-118.6500,1.133711,152.217427,"-0.39,0.46,0.96,-13.73,94.36,-118.65"
950,2026-07-27T13:54:36.449,39.393151,0.092000,-0.3200,0.5400,1.1500,-14.5900,145.4500,-128.7200,1.310153,194.775278,"-0.32,0.54,1.15,-14.59,145.45,-128.72"
951,2026-07-27T13:54:36.452,39.395835,2.684100,-0.2100,0.5900,1.2500,-19.0400,177.9200,-127.4400,1.398106,219.679315,"-0.21,0.59,1.25,-19.04,177.92,-127.44"
952,2026-07-27T13:54:36.567,39.511538,115.702700,-0.0800,0.6100,1.2800,-19.3500,189.7000,-114.0100,1.420176,222.168388,"-0.08,0.61,1.28,-19.35,189.70,-114.01"
953,2026-07-27T13:54:36.568,39.511716,0.177800,0.0900,0.5900,1.2900,-12.2700,182.1900,-89.7800,1.421373,203.480214,"0.09,0.59,1.29,-12.27,182.19,-89.78"
954,2026-07-27T13:54:36.568,39.511813,0.097000,0.3100,0.5900,1.2800,1.1000,151.4900,-64.2100,1.443122,164.539826,"0.31,0.59,1.28,1.10,151.49,-64.21"
955,2026-07-27T13:54:36.687,39.631496,119.683100,0.4800,0.6000,1.2700,17.3300,93.2600,-49.3800,1.484352,106.939894,"0.48,0.60,1.27,17.33,93.26,-49.38"
956,2026-07-27T13:54:36.687,39.631533,0.036800,0.4300,0.6000,1.2500,26.6700,18.6800,-32.9600,1.451689,46.331338,"0.43,0.60,1.25,26.67,18.68,-32.96"
957,2026-07-27T13:54:36.688,39.631871,0.338000,0.2100,0.5800,1.2400,22.1600,-48.1000,0.5500,1.384955,52.962044,"0.21,0.58,1.24,22.16,-48.10,0.55"
958,2026-07-27T13:54:37.109,40.053524,421.653600,0.0000,0.5500,1.2600,11.8400,-93.5100,37.4100,1.374809,101.409141,"0.00,0.55,1.26,11.84,-93.51,37.41"
959,2026-07-27T13:54:37.110,40.054052,0.527800,-0.1300,0.5300,1.2700,6.2300,-124.6300,59.2000,1.382281,138.116218,"-0.13,0.53,1.27,6.23,-124.63,59.20"
960,2026-07-27T13:54:37.110,40.054089,0.036900,-0.2100,0.5200,1.2200,6.7700,-152.4000,63.4800,1.342721,165.231060,"-0.21,0.52,1.22,6.77,-152.40,63.48"
961,2026-07-27T13:54:37.110,40.054243,0.153800,-0.2900,0.5100,1.1300,13.7300,-175.6600,54.6300,1.273224,184.470554,"-0.29,0.51,1.13,13.73,-175.66,54.63"
962,2026-07-27T13:54:37.110,40.054411,0.168200,-0.3700,0.4600,1.0300,26.9800,-182.4300,43.0900,1.187182,189.381555,"-0.37,0.46,1.03,26.98,-182.43,43.09"
963,2026-07-27T13:54:37.110,40.054574,0.162600,-0.4400,0.3400,0.8600,36.6800,-162.7200,44.8000,1.024109,172.714391,"-0.44,0.34,0.86,36.68,-162.72,44.80"
964,2026-07-27T13:54:37.111,40.054712,0.138400,-0.5800,0.2200,0.6400,27.7700,-119.3800,64.2100,0.891291,138.367920,"-0.58,0.22,0.64,27.77,-119.38,64.21"
965,2026-07-27T13:54:37.111,40.054852,0.140000,-0.7500,0.2000,0.4700,4.7000,-62.0700,76.9700,0.907414,98.990685,"-0.75,0.20,0.47,4.70,-62.07,76.97"
966,2026-07-27T13:54:37.111,40.054997,0.144500,-0.8000,0.2900,0.4900,-7.8700,3.9700,54.5700,0.981937,55.277325,"-0.80,0.29,0.49,-7.87,3.97,54.57"
967,2026-07-27T13:54:37.113,40.057211,2.213900,-0.7000,0.3900,0.6900,0.6100,71.2900,7.2600,1.057450,71.661313,"-0.70,0.39,0.69,0.61,71.29,7.26"
968,2026-07-27T13:54:37.352,40.296099,238.888600,-0.5300,0.4600,0.9300,15.6200,126.4000,-33.8700,1.165075,131.788168,"-0.53,0.46,0.93,15.62,126.40,-33.87"
969,2026-07-27T13:54:37.353,40.297188,1.088900,-0.3800,0.5000,1.0900,18.5500,161.9900,-55.8500,1.257975,172.348731,"-0.38,0.50,1.09,18.55,161.99,-55.85"
970,2026-07-27T13:54:37.354,40.298139,0.951300,-0.2700,0.5400,1.1700,9.1600,180.7300,-61.4000,1.316586,191.094737,"-0.27,0.54,1.17,9.16,180.73,-61.40"
971,2026-07-27T13:54:37.355,40.298662,0.522400,-0.1900,0.5300,1.2100,-3.1700,187.9900,-53.6500,1.334579,195.521384,"-0.19,0.53,1.21,-3.17,187.99,-53.65"
972,2026-07-27T13:54:37.355,40.298684,0.021900,-0.1200,0.5100,1.1900,-17.5200,186.8300,-34.3600,1.300231,190.769518,"-0.12,0.51,1.19,-17.52,186.83,-34.36"
973,2026-07-27T13:54:37.355,40.298904,0.220300,-0.0400,0.5000,1.1400,-32.9600,175.7800,-11.8400,1.245472,179.234917,"-0.04,0.50,1.14,-32.96,175.78,-11.84"
974,2026-07-27T13:54:37.470,40.414379,115.475000,0.0400,0.5100,1.0800,-43.0900,151.6100,2.1400,1.195031,157.629058,"0.04,0.51,1.08,-43.09,151.61,2.14"
975,2026-07-27T13:54:37.471,40.414603,0.224400,0.1200,0.5200,1.0100,-44.6200,114.8100,4.7600,1.142322,123.267750,"0.12,0.52,1.01,-44.62,114.81,4.76"
976,2026-07-27T13:54:37.471,40.414828,0.224600,0.2000,0.5400,0.9700,-39.3700,68.3000,2.6200,1.128051,78.878079,"0.20,0.54,0.97,-39.37,68.30,2.62"
977,2026-07-27T13:54:37.652,40.596471,181.643000,0.1900,0.5700,1.0100,-33.0200,16.9700,10.1900,1.175202,38.498538,"0.19,0.57,1.01,-33.02,16.97,10.19"
978,2026-07-27T13:54:37.653,40.596645,0.174500,0.0700,0.6000,1.0700,-32.1700,-30.9400,35.5800,1.228739,57.080022,"0.07,0.60,1.07,-32.17,-30.94,35.58"
979,2026-07-27T13:54:37.654,40.597849,1.203400,-0.0600,0.6300,1.0900,-33.4500,-70.3700,60.6700,1.260397,98.750637,"-0.06,0.63,1.09,-33.45,-70.37,60.67"
980,2026-07-27T13:54:37.655,40.598663,0.814400,-0.1300,0.6500,1.1300,-23.6200,-103.2700,63.4200,1.310076,123.469404,"-0.13,0.65,1.13,-23.62,-103.27,63.42"
981,2026-07-27T13:54:37.655,40.599126,0.462800,-0.1800,0.6300,1.2600,1.1000,-132.9300,49.1900,1.420176,141.743610,"-0.18,0.63,1.26,1.10,-132.93,49.19"
982,2026-07-27T13:54:37.705,40.649104,49.977900,-0.2200,0.5900,1.3800,26.1800,-160.8300,39.0600,1.516872,167.563018,"-0.22,0.59,1.38,26.18,-160.83,39.06"
983,2026-07-27T13:54:37.767,40.710890,61.785500,-0.2700,0.5400,1.4200,35.8900,-186.1600,42.6000,1.543017,194.315202,"-0.27,0.54,1.42,35.89,-186.16,42.60"
984,2026-07-27T13:54:37.767,40.711484,0.594400,-0.3300,0.5200,1.3700,30.2100,-206.9700,51.3900,1.502065,215.383744,"-0.33,0.52,1.37,30.21,-206.97,51.39"
985,2026-07-27T13:54:37.830,40.773798,62.314500,-0.4200,0.5200,1.2200,18.3100,-217.4700,55.8500,1.391115,225.272456,"-0.42,0.52,1.22,18.31,-217.47,55.85"
986,2026-07-27T13:54:37.946,40.890071,116.273000,-0.4700,0.5000,0.9600,8.9700,-208.0700,55.6600,1.180042,215.572775,"-0.47,0.50,0.96,8.97,-208.07,55.66"
987,2026-07-27T13:54:37.946,40.890106,0.035100,-0.4800,0.4400,0.6600,7.2000,-173.1000,54.0200,0.927146,181.476198,"-0.48,0.44,0.66,7.20,-173.10,54.02"
988,2026-07-27T13:54:37.946,40.890188,0.081800,-0.4900,0.3600,0.4100,11.7200,-116.7000,52.0000,0.733348,128.297500,"-0.49,0.36,0.41,11.72,-116.70,52.00"
989,2026-07-27T13:54:38.005,40.948626,58.437400,-0.5200,0.3100,0.3300,16.0500,-46.7500,47.7900,0.689493,68.753539,"-0.52,0.31,0.33,16.05,-46.75,47.79"
990,2026-07-27T13:54:38.005,40.948770,0.144500,-0.5400,0.3700,0.4800,20.0800,34.8500,32.9000,0.811727,51.962861,"-0.54,0.37,0.48,20.08,34.85,32.90"
991,2026-07-27T13:54:38.125,41.069048,120.277800,-0.5000,0.4800,0.8100,30.1500,119.3800,5.5500,1.066068,123.253436,"-0.50,0.48,0.81,30.15,119.38,5.55"
992,2026-07-27T13:54:38.125,41.069404,0.355700,-0.4200,0.5200,1.1700,43.2100,194.4600,-6.9600,1.347479,199.324452,"-0.42,0.52,1.17,43.21,194.46,-6.96"
993,2026-07-27T13:54:38.125,41.069551,0.147700,-0.3300,0.5000,1.4300,43.9500,255.0700,16.1100,1.550419,259.329596,"-0.33,0.50,1.43,43.95,255.07,16.11"
994,2026-07-27T13:54:38.368,41.311818,242.266300,-0.2300,0.4400,1.5000,26.6100,287.7800,54.8100,1.580032,294.159067,"-0.23,0.44,1.50,26.61,287.78,54.81"
995,2026-07-27T13:54:38.370,41.313661,1.843100,-0.2000,0.2400,1.3600,-7.5700,247.6200,126.7100,1.395421,278.259579,"-0.20,0.24,1.36,-7.57,247.62,126.71"
996,2026-07-27T13:54:38.370,41.314551,0.890300,-0.2800,0.1300,1.2300,-16.5400,207.0900,162.9000,1.268148,264.000473,"-0.28,0.13,1.23,-16.54,207.09,162.90"
997,2026-07-27T13:54:38.371,41.315491,0.939500,-0.2800,0.1300,1.2300,-30.3300,179.3800,183.5900,1.268148,258.461567,"-0.28,0.13,1.23,-30.33,179.38,183.59"
998,2026-07-27T13:54:38.372,41.316474,0.983700,-0.3500,0.0800,1.0900,-44.9200,166.9300,169.6800,1.147606,242.228681,"-0.35,0.08,1.09,-44.92,166.93,169.68"
999,2026-07-27T13:54:38.608,41.552377,235.902500,-0.3600,0.1100,0.9700,-45.6500,158.0200,123.1700,1.040481,205.487449,"-0.36,0.11,0.97,-45.65,158.02,123.17"
1000,2026-07-27T13:54:38.609,41.552668,0.291300,-0.3200,0.1500,0.9200,-37.6600,148.5600,71.5900,0.985546,169.155187,"-0.32,0.15,0.92,-37.66,148.56,71.59"
1001,2026-07-27T13:54:38.609,41.552936,0.267800,-0.2700,0.1800,0.9300,-39.9200,140.7500,34.9100,0.984987,150.409032,"-0.27,0.18,0.93,-39.92,140.75,34.91"
1002,2026-07-27T13:54:38.609,41.553162,0.226100,-0.0800,0.4300,0.9600,-66.7100,106.5700,-17.1500,1.054941,126.891731,"-0.08,0.43,0.96,-66.71,106.57,-17.15"
1003,2026-07-27T13:54:38.609,41.553454,0.292500,0.0300,0.6200,0.9400,-70.7400,74.0400,-28.2000,1.126455,106.213508,"0.03,0.62,0.94,-70.74,74.04,-28.20"
1004,2026-07-27T13:54:38.668,41.612331,58.876500,0.1200,0.7700,0.9200,-70.7400,74.0400,-28.2000,1.205695,106.213508,"0.12,0.77,0.92,-70.74,74.04,-28.20"
1005,2026-07-27T13:54:38.725,41.668663,56.332400,0.1800,0.8500,0.9100,-65.7300,38.4500,-16.3600,1.258173,77.887643,"0.18,0.85,0.91,-65.73,38.45,-16.36"
1006,2026-07-27T13:54:38.725,41.669084,0.420400,0.1700,0.8400,0.8900,-56.8800,2.5000,10.9900,1.235557,57.985899,"0.17,0.84,0.89,-56.88,2.50,10.99"
1007,2026-07-27T13:54:38.787,41.731529,62.445500,0.0900,0.8000,0.8900,-46.6300,-36.6800,35.2800,1.200083,69.025051,"0.09,0.80,0.89,-46.63,-36.68,35.28"
1008,2026-07-27T13:54:38.849,41.793352,61.823100,-0.0500,0.7800,0.9200,-34.0600,-74.6500,44.3100,1.207187,93.252787,"-0.05,0.78,0.92,-34.06,-74.65,44.31"
1009,2026-07-27T13:54:38.849,41.793469,0.116400,-0.1500,0.7400,1.0300,-15.8100,-100.0400,38.9400,1.277106,108.509360,"-0.15,0.74,1.03,-15.81,-100.04,38.94"
1010,2026-07-27T13:54:38.908,41.852074,58.605100,-0.1800,0.6600,1.1500,4.8200,-109.1300,26.6100,1.338096,112.430785,"-0.18,0.66,1.15,4.82,-109.13,26.61"
1011,2026-07-27T13:54:38.966,41.910156,58.082200,-0.1500,0.5700,1.2400,17.5800,-111.0800,15.9300,1.372953,113.585156,"-0.15,0.57,1.24,17.58,-111.08,15.93"
1012,2026-07-27T13:54:38.966,41.910472,0.316200,-0.1200,0.5100,1.2900,19.7800,-116.8800,12.4500,1.392336,119.193898,"-0.12,0.51,1.29,19.78,-116.88,12.45"
1013,2026-07-27T13:54:39.025,41.969550,59.077300,-0.1300,0.4500,1.2900,19.4700,-130.9200,15.2000,1.372407,133.229754,"-0.13,0.45,1.29,19.47,-130.92,15.20"
1014,2026-07-27T13:54:39.088,42.032169,62.619700,-0.1700,0.3800,1.2300,21.5500,-147.4600,19.5300,1.298538,150.300615,"-0.17,0.38,1.23,21.55,-147.46,19.53"
1015,2026-07-27T13:54:39.088,42.032405,0.235600,-0.2300,0.3100,1.1100,21.7900,-155.6400,20.6300,1.175202,158.506185,"-0.23,0.31,1.11,21.79,-155.64,20.63"
1016,2026-07-27T13:54:39.147,42.090700,58.295000,-0.2600,0.2600,0.9700,18.7400,-150.6300,15.5000,1.037352,152.580584,"-0.26,0.26,0.97,18.74,-150.63,15.50"
1017,2026-07-27T13:54:39.208,42.152250,61.550100,-0.2700,0.2500,0.8300,15.5000,-133.0600,7.1400,0.907910,134.149891,"-0.27,0.25,0.83,15.50,-133.06,7.14"
1018,2026-07-27T13:54:39.209,42.152860,0.610100,-0.2700,0.2400,0.7300,13.3700,-105.0400,-1.5300,0.814494,105.898534,"-0.27,0.24,0.73,13.37,-105.04,-1.53"
1019,2026-07-27T13:54:39.266,42.210124,57.264300,-0.2600,0.2200,0.6900,11.7800,-69.6400,-10.0700,0.769480,71.343555,"-0.26,0.22,0.69,11.78,-69.64,-10.07"
1020,2026-07-27T13:54:39.325,42.268738,58.613600,-0.2500,0.2200,0.6900,8.1200,-31.4900,-19.1000,0.766159,37.714248,"-0.25,0.22,0.69,8.12,-31.49,-19.10"
1021,2026-07-27T13:54:39.325,42.268895,0.156600,-0.2500,0.2600,0.7200,0.1200,4.6400,-32.0400,0.805295,32.374459,"-0.25,0.26,0.72,0.12,4.64,-32.04"
1022,2026-07-27T13:54:39.449,42.392652,123.757600,-0.2500,0.3600,0.7700,-10.6200,36.3800,-49.3200,0.886002,62.199286,"-0.25,0.36,0.77,-10.62,36.38,-49.32"
1023,2026-07-27T13:54:39.508,42.451998,59.346000,-0.2500,0.4900,0.8400,-18.9200,63.4800,-65.4900,1.004092,93.148360,"-0.25,0.49,0.84,-18.92,63.48,-65.49"
1024,2026-07-27T13:54:39.508,42.452122,0.124200,-0.2600,0.6000,0.9300,-18.1300,88.5000,-76.2300,1.136882,118.203045,"-0.26,0.60,0.93,-18.13,88.50,-76.23"
1025,2026-07-27T13:54:39.508,42.452235,0.112600,-0.2500,0.6300,1.0500,-12.1500,116.0900,-76.8400,1.249760,139.745827,"-0.25,0.63,1.05,-12.15,116.09,-76.84"
1026,2026-07-27T13:54:39.689,42.632587,180.351600,-0.2100,0.6100,1.1300,-13.9200,145.9400,-60.8500,1.301192,158.729243,"-0.21,0.61,1.13,-13.92,145.94,-60.85"
1027,2026-07-27T13:54:39.689,42.633254,0.666900,-0.1100,0.5900,1.1100,-25.5100,167.6000,-35.5800,1.261864,173.223718,"-0.11,0.59,1.11,-25.51,167.60,-35.58"
1028,2026-07-27T13:54:39.690,42.634192,0.938300,0.0000,0.5800,1.0500,-34.8500,166.5600,-19.5900,1.199542,171.290759,"0.00,0.58,1.05,-34.85,166.56,-19.59"
1029,2026-07-27T13:54:39.691,42.634736,0.544400,0.0700,0.5700,1.0100,-31.1300,138.4900,-17.5200,1.161852,143.022751,"0.07,0.57,1.01,-31.13,138.49,-17.52"
1030,2026-07-27T13:54:39.691,42.634835,0.099300,0.0500,0.5200,1.0000,-18.1300,93.5100,-14.3400,1.128229,96.324725,"0.05,0.52,1.00,-18.13,93.51,-14.34"
1031,2026-07-27T13:54:39.745,42.688992,54.157000,-0.0500,0.4500,0.9600,-11.0500,47.7300,3.9100,1.061414,49.148179,"-0.05,0.45,0.96,-11.05,47.73,3.91"
1032,2026-07-27T13:54:39.810,42.754400,65.407900,-0.1700,0.4000,0.8700,-17.6400,15.0100,32.5900,0.972522,39.982219,"-0.17,0.40,0.87,-17.64,15.01,32.59"
1033,2026-07-27T13:54:39.811,42.754756,0.355200,-0.2700,0.3700,0.7900,-30.0300,1.0400,53.8900,0.913181,61.701010,"-0.27,0.37,0.79,-30.03,1.04,53.89"
1034,2026-07-27T13:54:39.925,42.869098,114.342500,-0.3200,0.3800,0.7700,-35.2800,-0.6100,50.3500,0.916351,61.483112,"-0.32,0.38,0.77,-35.28,-0.61,50.35"
1035,2026-07-27T13:54:39.985,42.929221,60.122600,-0.3100,0.4200,0.7800,-28.2000,-2.2000,17.1500,0.938563,33.078732,"-0.31,0.42,0.78,-28.20,-2.20,17.15"
1036,2026-07-27T13:54:39.985,42.929254,0.033400,-0.2700,0.4700,0.8000,-13.9200,-11.1100,-29.4200,0.966333,34.390913,"-0.27,0.47,0.80,-13.92,-11.11,-29.42"
1037,2026-07-27T13:54:39.985,42.929405,0.151400,-0.2600,0.5200,0.7800,-1.7700,-24.7800,-61.6500,0.972831,66.467314,"-0.26,0.52,0.78,-1.77,-24.78,-61.65"
1038,2026-07-27T13:54:40.045,42.988681,59.275200,-0.2700,0.5500,0.7600,4.2700,-34.0600,-66.2200,0.976217,74.588236,"-0.27,0.55,0.76,4.27,-34.06,-66.22"
1039,2026-07-27T13:54:40.167,43.110831,122.150700,-0.2800,0.5500,0.8100,8.9700,-33.6300,-54.5700,1.018332,64.724977,"-0.28,0.55,0.81,8.97,-33.63,-54.57"
1040,2026-07-27T13:54:40.168,43.111610,0.778200,-0.2300,0.5100,0.8800,17.5800,-29.4800,-42.4800,1.042785,54.613892,"-0.23,0.51,0.88,17.58,-29.48,-42.48"
1041,2026-07-27T13:54:40.168,43.111694,0.084700,-0.1900,0.4400,0.9400,24.8400,-30.1500,-29.1700,1.055130,48.753841,"-0.19,0.44,0.94,24.84,-30.15,-29.17"
1042,2026-07-27T13:54:40.168,43.112296,0.601600,-0.2000,0.3800,0.9900,23.0100,-35.9500,-9.4000,1.079120,43.706093,"-0.20,0.38,0.99,23.01,-35.95,-9.40"
1043,2026-07-27T13:54:40.226,43.170449,58.153000,-0.2200,0.3500,1.0000,14.6500,-41.2600,6.7700,1.082081,44.303984,"-0.22,0.35,1.00,14.65,-41.26,6.77"
1044,2026-07-27T13:54:40.346,43.289630,119.180800,-0.2300,0.3600,1.0300,10.5000,-44.9800,4.8800,1.115078,46.446365,"-0.23,0.36,1.03,10.50,-44.98,4.88"
1045,2026-07-27T13:54:40.346,43.289922,0.292400,-0.2300,0.3700,1.0800,17.5800,-50.3500,-16.6000,1.164560,55.854623,"-0.23,0.37,1.08,17.58,-50.35,-16.60"
1046,2026-07-27T13:54:40.346,43.290018,0.096200,-0.2100,0.3800,1.1200,32.3500,-59.2000,-45.0400,1.201208,81.115745,"-0.21,0.38,1.12,32.35,-59.20,-45.04"
1047,2026-07-27T13:54:40.407,43.351391,61.372300,-0.1600,0.3600,1.1300,44.5600,-69.7000,-62.7400,1.196704,103.826736,"-0.16,0.36,1.13,44.56,-69.70,-62.74"
1048,2026-07-27T13:54:40.408,43.352116,0.725800,-0.1300,0.3400,1.1100,48.0300,-79.9000,-58.2300,1.168161,109.916440,"-0.13,0.34,1.11,48.03,-79.90,-58.23"
1049,2026-07-27T13:54:40.465,43.409176,57.059600,-0.1400,0.3100,1.0600,42.6600,-90.7000,-36.3200,1.113239,106.609137,"-0.14,0.31,1.06,42.66,-90.70,-36.32"
1050,2026-07-27T13:54:40.648,43.592027,182.850800,-0.1700,0.3000,0.9800,31.8600,-102.4800,-12.7600,1.038894,108.074176,"-0.17,0.30,0.98,31.86,-102.48,-12.76"
1051,2026-07-27T13:54:40.648,43.592146,0.118800,-0.2300,0.3000,0.9000,21.1800,-109.8000,3.9700,0.976166,111.894563,"-0.23,0.30,0.90,21.18,-109.80,3.97"
1052,2026-07-27T13:54:40.648,43.592278,0.132000,-0.2800,0.2700,0.8300,13.8500,-105.2900,15.5000,0.916624,107.322209,"-0.28,0.27,0.83,13.85,-105.29,15.50"
1053,2026-07-27T13:54:40.648,43.592300,0.022900,-0.3100,0.2400,0.7800,8.4800,-86.9100,22.8900,0.872983,90.272978,"-0.31,0.24,0.78,8.48,-86.91,22.89"
1054,2026-07-27T13:54:40.705,43.649110,56.809400,-0.3400,0.2200,0.7600,2.9900,-58.3500,23.1300,0.861162,62.838360,"-0.34,0.22,0.76,2.99,-58.35,23.13"
1055,2026-07-27T13:54:40.705,43.649246,0.136600,-0.3600,0.2500,0.8000,-3.0500,-24.1100,14.1000,0.912195,28.096345,"-0.36,0.25,0.80,-3.05,-24.11,14.10"
1056,2026-07-27T13:54:40.766,43.710143,60.896000,-0.3600,0.3100,0.8600,-8.9700,12.0800,-3.2300,0.982497,15.388964,"-0.36,0.31,0.86,-8.97,12.08,-3.23"
1057,2026-07-27T13:54:40.766,43.710173,0.030500,-0.3300,0.4000,0.9500,-14.1600,43.2100,-25.0200,1.082312,51.900001,"-0.33,0.40,0.95,-14.16,43.21,-25.02"
1058,2026-07-27T13:54:40.944,43.888562,178.388700,-0.1600,0.5100,1.0000,-31.1300,68.4800,-43.2700,1.133887,86.780644,"-0.16,0.51,1.00,-31.13,68.48,-43.27"
1059,2026-07-27T13:54:40.945,43.888863,0.301200,-0.0600,0.5800,0.9100,-34.9700,73.5500,-36.2500,1.080787,89.143513,"-0.06,0.58,0.91,-34.97,73.55,-36.25"
1060,2026-07-27T13:54:40.946,43.889784,0.921400,-0.0600,0.5800,0.9100,-23.3800,74.8900,-24.8400,1.080787,82.293147,"-0.06,0.58,0.91,-23.38,74.89,-24.84"
1061,2026-07-27T13:54:41.005,43.949357,59.573100,-0.0200,0.6100,0.8500,-4.3300,71.4700,-0.4300,1.046422,71.602337,"-0.02,0.61,0.85,-4.33,71.47,-0.43"
1062,2026-07-27T13:54:41.005,43.949494,0.137000,-0.0500,0.5700,0.8500,7.6300,65.3700,37.2900,1.024646,75.643889,"-0.05,0.57,0.85,7.63,65.37,37.29"
1063,2026-07-27T13:54:41.066,44.009685,60.190600,-0.1100,0.4800,0.8800,5.8000,60.2400,76.2900,1.008415,97.378959,"-0.11,0.48,0.88,5.80,60.24,76.29"
1064,2026-07-27T13:54:41.127,44.070727,61.042300,-0.1800,0.3800,0.8800,-4.4600,56.6400,96.4400,0.975295,111.931474,"-0.18,0.38,0.88,-4.46,56.64,96.44"
1065,2026-07-27T13:54:41.185,44.128977,58.250000,-0.1900,0.2800,0.8400,-20.9400,43.1500,50.7800,0.905594,69.849943,"-0.19,0.28,0.84,-20.94,43.15,50.78"
1066,2026-07-27T13:54:41.244,44.188563,59.585600,-0.1500,0.2900,0.8600,-31.1300,34.0000,17.4600,0.919891,49.294305,"-0.15,0.29,0.86,-31.13,34.00,17.46"
1067,2026-07-27T13:54:41.245,44.188703,0.140600,-0.1200,0.3400,0.8800,-31.1300,34.0000,17.4600,0.950999,49.294305,"-0.12,0.34,0.88,-31.13,34.00,17.46"
1068,2026-07-27T13:54:41.605,44.548999,360.295100,-0.1000,0.4100,0.8900,-41.8700,26.0600,-1.7100,0.984987,49.347184,"-0.10,0.41,0.89,-41.87,26.06,-1.71"
1069,2026-07-27T13:54:41.605,44.549307,0.308000,-0.1000,0.4900,0.8900,-47.0000,19.0400,-9.2800,1.020882,51.552304,"-0.10,0.49,0.89,-47.00,19.04,-9.28"
1070,2026-07-27T13:54:41.605,44.549541,0.234600,-0.1100,0.5700,0.8900,-43.4000,12.4500,-13.2400,1.062591,47.051675,"-0.11,0.57,0.89,-43.40,12.45,-13.24"
1071,2026-07-27T13:54:41.606,44.550181,0.639600,-0.1200,0.6400,0.9100,-32.7100,8.1200,-16.9100,1.118973,37.707116,"-0.12,0.64,0.91,-32.71,8.12,-16.91"
1072,2026-07-27T13:54:41.607,44.550699,0.517800,-0.1100,0.6600,0.9600,-19.4700,7.7500,-17.6400,1.170171,27.391842,"-0.11,0.66,0.96,-19.47,7.75,-17.64"
1073,2026-07-27T13:54:41.607,44.551336,0.637900,-0.0800,0.6300,1.0000,-7.6300,8.1800,-10.5600,1.184610,15.383202,"-0.08,0.63,1.00,-7.63,8.18,-10.56"
1074,2026-07-27T13:54:41.608,44.551632,0.295700,-0.0700,0.6000,1.0100,1.6500,6.2300,2.5600,1.176860,6.934623,"-0.07,0.60,1.01,1.65,6.23,2.56"
1075,2026-07-27T13:54:41.608,44.552201,0.569300,-0.0800,0.5600,1.0500,14.6500,1.1000,6.2900,1.192686,15.981133,"-0.08,0.56,1.05,14.65,1.10,6.29"
1076,2026-07-27T13:54:41.609,44.552710,0.508600,-0.0500,0.5100,1.1200,41.1400,-12.0800,-19.5900,1.231666,47.140154,"-0.05,0.51,1.12,41.14,-12.08,-19.59"
1077,2026-07-27T13:54:41.665,44.608869,56.159000,0.0300,0.4500,1.1800,75.9900,-40.1600,-68.8500,1.263250,110.125511,"0.03,0.45,1.18,75.99,-40.16,-68.85"
1078,2026-07-27T13:54:41.725,44.669089,60.219700,0.0900,0.4000,1.2300,96.8600,-77.8200,-94.5400,1.296534,156.126947,"0.09,0.40,1.23,96.86,-77.82,-94.54"
1079,2026-07-27T13:54:41.965,44.909048,239.958900,0.0300,0.3500,1.2300,87.5900,-109.1300,-59.5100,1.279179,152.061846,"0.03,0.35,1.23,87.59,-109.13,-59.51"
1080,2026-07-27T13:54:41.965,44.909103,0.055400,-0.1000,0.3000,1.1700,56.8200,-127.3200,11.0500,1.211982,139.860635,"-0.10,0.30,1.17,56.82,-127.32,11.05"
1081,2026-07-27T13:54:41.965,44.909361,0.258100,-0.2200,0.2600,1.0800,27.3400,-136.2900,63.2900,1.132431,152.735274,"-0.22,0.26,1.08,27.34,-136.29,63.29"
1082,2026-07-27T13:54:41.965,44.909406,0.044600,-0.2900,0.2500,0.9700,12.0200,-137.5700,77.0900,1.042833,158.154524,"-0.29,0.25,0.97,12.02,-137.57,77.09"
1083,2026-07-27T13:54:41.966,44.910140,0.734600,-0.3200,0.2300,0.8600,9.5200,-125.6100,69.5200,0.945992,143.880273,"-0.32,0.23,0.86,9.52,-125.61,69.52"
1084,2026-07-27T13:54:41.967,44.910698,0.558100,-0.3400,0.2000,0.7400,10.4400,-98.1400,60.7900,0.838570,115.913232,"-0.34,0.20,0.74,10.44,-98.14,60.79"
1085,2026-07-27T13:54:41.967,44.911256,0.557400,-0.3800,0.1600,0.6500,7.1400,-61.4000,54.2000,0.769740,82.210581,"-0.38,0.16,0.65,7.14,-61.40,54.20"
1086,2026-07-27T13:54:42.209,45.152942,241.686600,-0.4300,0.1700,0.6500,-1.4000,-18.8000,41.8700,0.797684,45.918372,"-0.43,0.17,0.65,-1.40,-18.80,41.87"
1087,2026-07-27T13:54:42.209,45.153217,0.274100,-0.4500,0.2400,0.7500,-10.9300,29.9100,17.8200,0.906973,36.491443,"-0.45,0.24,0.75,-10.93,29.91,17.82"
1088,2026-07-27T13:54:42.209,45.153507,0.290100,-0.4400,0.3600,0.9200,-17.3300,78.8000,-17.5800,1.081480,82.576179,"-0.44,0.36,0.92,-17.33,78.80,-17.58"
1089,2026-07-27T13:54:42.209,45.153557,0.050600,-0.3900,0.4500,1.0400,-18.9200,118.3500,-54.6900,1.198416,131.740977,"-0.39,0.45,1.04,-18.92,118.35,-54.69"
1090,2026-07-27T13:54:42.214,45.158393,4.835300,-0.2900,0.4800,1.0800,-18.3700,145.3200,-80.2600,1.216922,167.024031,"-0.29,0.48,1.08,-18.37,145.32,-80.26"
1091,2026-07-27T13:54:42.214,45.158414,0.021200,-0.2000,0.5100,1.0800,-20.9400,156.3700,-89.4800,1.210991,181.374560,"-0.20,0.51,1.08,-20.94,156.37,-89.48"
1092,2026-07-27T13:54:42.267,45.211373,52.958800,-0.1600,0.5300,1.0700,-27.7700,148.4400,-79.2200,1.204741,170.532738,"-0.16,0.53,1.07,-27.77,148.44,-79.22"
1093,2026-07-27T13:54:42.448,45.391836,180.463700,-0.1700,0.5000,1.0600,-32.5300,129.6400,-45.1000,1.184272,141.062896,"-0.17,0.50,1.06,-32.53,129.64,-45.10"
1094,2026-07-27T13:54:42.448,45.392052,0.215700,-0.2200,0.4100,1.0600,-35.4600,111.2700,2.1400,1.157627,116.803271,"-0.22,0.41,1.06,-35.46,111.27,2.14"
1095,2026-07-27T13:54:42.448,45.392077,0.024900,-0.2700,0.3600,1.0100,-44.5600,96.7400,33.2000,1.105712,111.563709,"-0.27,0.36,1.01,-44.56,96.74,33.20"
1096,2026-07-27T13:54:42.448,45.392222,0.145400,-0.2600,0.3700,0.9300,-55.6600,82.5200,29.9700,1.034118,103.950887,"-0.26,0.37,0.93,-55.66,82.52,29.97"
1097,2026-07-27T13:54:42.448,45.392244,0.021900,-0.2400,0.3900,0.8700,-56.4600,68.6600,10.8000,0.983158,89.546453,"-0.24,0.39,0.87,-56.46,68.66,10.80"
1098,2026-07-27T13:54:42.570,45.513784,121.539500,-0.2100,0.4200,0.8600,-47.4200,59.3900,2.1400,0.979847,76.028995,"-0.21,0.42,0.86,-47.42,59.39,2.14"
1099,2026-07-27T13:54:42.684,45.628207,114.423700,-0.1700,0.4400,0.9000,-35.7700,53.0400,2.3800,1.016120,64.018739,"-0.17,0.44,0.90,-35.77,53.04,2.38"
1100,2026-07-27T13:54:42.684,45.628458,0.251100,-0.1000,0.4700,0.9200,-25.2100,43.6400,-0.5500,1.037931,50.401351,"-0.10,0.47,0.92,-25.21,43.64,-0.55"
1101,2026-07-27T13:54:42.685,45.628956,0.497900,-0.0500,0.5100,0.9300,-16.5400,27.1600,-7.5100,1.061838,32.674720,"-0.05,0.51,0.93,-16.54,27.16,-7.51"
1102,2026-07-27T13:54:42.686,45.629583,0.626600,-0.0300,0.5600,0.9500,-7.4500,3.4200,-16.9100,1.103177,18.792206,"-0.03,0.56,0.95,-7.45,3.42,-16.91"
1103,2026-07-27T13:54:42.686,45.630085,0.502000,-0.0400,0.6000,1.0000,4.2700,-27.4000,-25.2700,1.166876,37.517540,"-0.04,0.60,1.00,4.27,-27.40,-25.27"
1104,2026-07-27T13:54:42.806,45.750484,120.399400,-0.0700,0.5900,1.0800,15.7500,-63.7800,-19.7800,1.232639,68.609032,"-0.07,0.59,1.08,15.75,-63.78,-19.78"
1105,2026-07-27T13:54:42.806,45.750516,0.031600,-0.1600,0.5500,1.1400,24.0500,-93.6300,3.9100,1.275813,96.748475,"-0.16,0.55,1.14,24.05,-93.63,3.91"
1106,2026-07-27T13:54:42.807,45.750611,0.095000,-0.2600,0.5100,1.1600,31.6200,-108.3400,23.6800,1.293561,115.317485,"-0.26,0.51,1.16,31.62,-108.34,23.68"
1107,2026-07-27T13:54:43.348,46.291855,541.244100,-0.3100,0.4800,1.2000,45.8400,-112.8500,17.9400,1.329097,123.118933,"-0.31,0.48,1.20,45.84,-112.85,17.94"
1108,2026-07-27T13:54:43.348,46.292048,0.193400,-0.2900,0.4300,1.2600,68.9700,-112.1200,-5.1900,1.362571,131.737206,"-0.29,0.43,1.26,68.97,-112.12,-5.19"
1109,2026-07-27T13:54:43.348,46.292168,0.119300,-0.2100,0.3400,1.3300,92.3500,-111.6900,-21.5500,1.388740,146.518194,"-0.21,0.34,1.33,92.35,-111.69,-21.55"
1110,2026-07-27T13:54:43.348,46.292358,0.190000,-0.1600,0.2600,1.3500,103.7000,-117.1900,-16.7200,1.384088,157.374536,"-0.16,0.26,1.35,103.70,-117.19,-16.72"
1111,2026-07-27T13:54:43.411,46.354705,62.347600,-0.1500,0.2000,1.2800,95.3400,-127.9300,4.7000,1.304186,159.617952,"-0.15,0.20,1.28,95.34,-127.93,4.70"
1112,2026-07-27T13:54:43.411,46.355301,0.595200,-0.1900,0.1800,1.1600,72.6900,-138.5500,30.1500,1.189159,159.339139,"-0.19,0.18,1.16,72.69,-138.55,30.15"
1113,2026-07-27T13:54:43.411,46.355572,0.271700,-0.2500,0.1700,1.0200,48.2200,-143.0700,48.0300,1.063861,158.433185,"-0.25,0.17,1.02,48.22,-143.07,48.03"
1114,2026-07-27T13:54:43.412,46.356066,0.493500,-0.2900,0.1600,0.8700,29.5400,-138.4900,49.1900,0.930914,149.905796,"-0.29,0.16,0.87,29.54,-138.49,49.19"
1115,2026-07-27T13:54:43.412,46.356442,0.376300,-0.3100,0.1400,0.7500,18.7400,-122.1300,35.2800,0.823529,128.497482,"-0.31,0.14,0.75,18.74,-122.13,35.28"
1116,2026-07-27T13:54:43.414,46.358240,1.797700,-0.3100,0.1300,0.6800,11.0500,-92.4700,15.6200,0.758551,94.428745,"-0.31,0.13,0.68,11.05,-92.47,15.62"
1117,2026-07-27T13:54:43.415,46.358891,0.650800,-0.3100,0.1600,0.6500,-1.4000,-53.0400,-3.9100,0.737699,53.202347,"-0.31,0.16,0.65,-1.40,-53.04,-3.91"
1118,2026-07-27T13:54:43.415,46.359358,0.467900,-0.3200,0.2500,0.6800,-20.3900,-11.1700,-23.6800,0.792023,33.185289,"-0.32,0.25,0.68,-20.39,-11.17,-23.68"
1119,2026-07-27T13:54:43.465,46.409400,50.041800,-0.3600,0.3800,0.7700,-41.2000,29.4800,-42.5400,0.931075,66.152566,"-0.36,0.38,0.77,-41.20,29.48,-42.54"
1120,2026-07-27T13:54:43.466,46.409810,0.410000,-0.4000,0.5000,0.8800,-56.0900,71.6600,-52.2500,1.088301,104.934771,"-0.40,0.50,0.88,-56.09,71.66,-52.25"
1121,2026-07-27T13:54:43.530,46.474429,64.618300,-0.2700,0.5800,1.1700,-54.8700,185.5500,-22.8900,1.333492,194.842171,"-0.27,0.58,1.17,-54.87,185.55,-22.89"
1122,2026-07-27T13:54:43.531,46.474625,0.196500,-0.2000,0.6100,1.1900,-58.2900,187.4400,-21.1800,1.352109,197.433711,"-0.20,0.61,1.19,-58.29,187.44,-21.18"
1123,2026-07-27T13:54:43.829,46.773067,298.442300,-0.2000,0.6100,1.1900,-54.2600,169.4900,-13.3100,1.352109,178.460538,"-0.20,0.61,1.19,-54.26,169.49,-13.31"
1124,2026-07-27T13:54:43.829,46.773190,0.122700,-0.1500,0.5900,1.1700,-44.3100,143.8600,15.0800,1.318901,151.282789,"-0.15,0.59,1.17,-44.31,143.86,15.08"
1125,2026-07-27T13:54:43.829,46.773307,0.116700,-0.1600,0.5100,1.1200,-40.2200,121.5800,54.6300,1.241008,139.225650,"-0.16,0.51,1.12,-40.22,121.58,54.63"
1126,2026-07-27T13:54:43.829,46.773385,0.077800,-0.2200,0.4300,1.0400,-45.1000,108.6400,84.2300,1.146691,144.676717,"-0.22,0.43,1.04,-45.10,108.64,84.23"
1127,2026-07-27T13:54:43.831,46.774702,1.317900,-0.2700,0.3800,0.9500,-49.8000,104.7400,94.6000,1.058206,149.665185,"-0.27,0.38,0.95,-49.80,104.74,94.60"
1128,2026-07-27T13:54:43.831,46.774944,0.241200,-0.3100,0.4100,0.8800,-31.8000,96.5600,47.6700,1.019117,112.283135,"-0.31,0.41,0.88,-31.80,96.56,47.67"
1129,2026-07-27T13:54:44.065,47.008845,233.901600,-0.2400,0.4700,0.8900,-12.0800,79.2200,8.2400,1.034698,80.558255,"-0.24,0.47,0.89,-12.08,79.22,8.24"
1130,2026-07-27T13:54:44.065,47.009169,0.323800,-0.1600,0.5000,0.9000,-12.0800,79.2200,8.2400,1.041921,80.558255,"-0.16,0.50,0.90,-12.08,79.22,8.24"
1131,2026-07-27T13:54:44.066,47.009582,0.412700,-0.1100,0.5300,0.8600,0.7900,55.2400,-13.1200,1.016169,56.782181,"-0.11,0.53,0.86,0.79,55.24,-13.12"
1132,2026-07-27T13:54:44.066,47.010578,0.995800,-0.0900,0.5400,0.8300,8.8500,29.2400,-23.0700,0.994284,38.282176,"-0.09,0.54,0.83,8.85,29.24,-23.07"
1133,2026-07-27T13:54:44.067,47.010734,0.156500,-0.0600,0.5000,0.8500,24.0500,1.2800,-36.9900,0.987978,44.139563,"-0.06,0.50,0.85,24.05,1.28,-36.99"
1134,2026-07-27T13:54:44.067,47.010845,0.111400,-0.0600,0.4000,0.9200,42.3000,-26.3700,-44.0700,1.004988,66.534441,"-0.06,0.40,0.92,42.30,-26.37,-44.07"
1135,2026-07-27T13:54:44.189,47.132715,121.869100,-0.1100,0.3200,1.0200,48.0300,-47.9100,-30.7000,1.074663,74.463004,"-0.11,0.32,1.02,48.03,-47.91,-30.70"
1136,2026-07-27T13:54:44.189,47.132995,0.280500,-0.1500,0.2800,1.1200,41.0800,-60.9100,-11.9000,1.164174,74.425832,"-0.15,0.28,1.12,41.08,-60.91,-11.90"
1137,2026-07-27T13:54:44.189,47.133276,0.281200,-0.1400,0.2900,1.1900,38.1500,-73.9100,-16.7200,1.232802,84.839077,"-0.14,0.29,1.19,38.15,-73.91,-16.72"
1138,2026-07-27T13:54:44.606,47.550046,416.769400,-0.1200,0.3500,1.2200,48.2800,-101.4400,-54.3800,1.274873,124.812725,"-0.12,0.35,1.22,48.28,-101.44,-54.38"
1139,2026-07-27T13:54:44.606,47.550231,0.185500,-0.1300,0.4300,1.3100,70.0100,-143.3700,-101.0100,1.384883,188.836906,"-0.13,0.43,1.31,70.01,-143.37,-101.01"
1140,2026-07-27T13:54:44.606,47.550355,0.123900,-0.2000,0.4500,1.4900,99.3700,-184.0800,-121.0900,1.569267,241.707740,"-0.20,0.45,1.49,99.37,-184.08,-121.09"
1141,2026-07-27T13:54:44.606,47.550490,0.135400,-0.2900,0.4200,1.6800,123.4100,-210.7500,-98.2700,1.755819,263.253839,"-0.29,0.42,1.68,123.41,-210.75,-98.27"
1142,2026-07-27T13:54:44.606,47.550562,0.071300,-0.3700,0.3400,1.7500,127.0100,-222.6000,-44.1300,1.820714,260.057219,"-0.37,0.34,1.75,127.01,-222.60,-44.13"
1143,2026-07-27T13:54:44.665,47.609313,58.751300,-0.4200,0.2800,1.6500,104.8000,-226.2000,18.0100,1.725485,249.947675,"-0.42,0.28,1.65,104.80,-226.20,18.01"
1144,2026-07-27T13:54:44.666,47.609854,0.541300,-0.4600,0.2400,1.4400,63.6600,-224.4900,69.4000,1.530621,243.443455,"-0.46,0.24,1.44,63.66,-224.49,69.40"
1145,2026-07-27T13:54:44.666,47.610077,0.222900,-0.4800,0.2100,1.1900,19.7100,-215.2100,95.5800,1.300231,236.303543,"-0.48,0.21,1.19,19.71,-215.21,95.58"
1146,2026-07-27T13:54:44.666,47.610141,0.063300,-0.4700,0.1900,0.9500,-10.1300,-196.6600,86.7300,1.076801,215.174035,"-0.47,0.19,0.95,-10.13,-196.66,86.73"
1147,2026-07-27T13:54:44.666,47.610228,0.087900,-0.4200,0.1600,0.7500,-19.4100,-169.2500,52.2500,0.874357,178.191956,"-0.42,0.16,0.75,-19.41,-169.25,52.25"
1148,2026-07-27T13:54:44.667,47.610611,0.382800,-0.3700,0.1400,0.6000,-16.8500,-133.2400,18.2500,0.718679,135.535540,"-0.37,0.14,0.60,-16.85,-133.24,18.25"
1149,2026-07-27T13:54:44.908,47.852263,241.651900,-0.3400,0.1500,0.4900,-16.6000,-88.3800,-0.1800,0.614980,89.925618,"-0.34,0.15,0.49,-16.60,-88.38,-0.18"
1150,2026-07-27T13:54:44.909,47.852700,0.436900,-0.3400,0.1900,0.4400,-25.6300,-37.9600,-10.9900,0.587622,47.102427,"-0.34,0.19,0.44,-25.63,-37.96,-10.99"
1151,2026-07-27T13:54:44.909,47.852804,0.104200,-0.3900,0.2800,0.4800,-40.6500,14.5300,-27.3400,0.678896,51.098131,"-0.39,0.28,0.48,-40.65,14.53,-27.34"
1152,2026-07-27T13:54:44.909,47.852925,0.121200,-0.4500,0.4200,0.6200,-53.8900,69.8200,-54.6900,0.873670,103.778421,"-0.45,0.42,0.62,-53.89,69.82,-54.69"
1153,2026-07-27T13:54:44.909,47.853020,0.094400,-0.5200,0.5900,0.8800,-60.8500,129.7600,-81.2400,1.180212,164.743187,"-0.52,0.59,0.88,-60.85,129.76,-81.24"
1154,2026-07-27T13:54:44.909,47.853115,0.094700,-0.5700,0.6900,1.2400,-62.7400,201.1100,-74.8900,1.529248,223.584552,"-0.57,0.69,1.24,-62.74,201.11,-74.89"
1155,2026-07-27T13:54:44.909,47.853223,0.108800,-0.5400,0.7300,1.6000,-63.2300,282.4100,-30.4600,1.839701,291.000434,"-0.54,0.73,1.60,-63.23,282.41,-30.46"
1156,2026-07-27T13:54:45.025,47.968748,115.524500,-0.3700,0.7500,1.8300,-61.2800,346.5000,11.4100,2.012039,352.062035,"-0.37,0.75,1.83,-61.28,346.50,11.41"
1157,2026-07-27T13:54:45.025,47.968899,0.150900,-0.0400,0.7200,1.8600,-47.0000,358.1500,18.0700,1.994893,361.672431,"-0.04,0.72,1.86,-47.00,358.15,18.07"
1158,2026-07-27T13:54:45.025,47.969063,0.164000,0.3100,0.6200,1.6900,-16.2400,292.6000,-9.2200,1.826636,293.195338,"0.31,0.62,1.69,-16.24,292.60,-9.22"
1159,2026-07-27T13:54:45.145,48.088644,119.581200,0.3600,0.5200,1.4300,2.2000,162.4800,-23.0100,1.563618,164.115967,"0.36,0.52,1.43,2.20,162.48,-23.01"
1160,2026-07-27T13:54:45.145,48.088807,0.162600,0.1100,0.5200,1.1300,-24.0500,40.3400,29.6000,1.248759,55.514666,"0.11,0.52,1.13,-24.05,40.34,29.60"
1161,2026-07-27T13:54:45.145,48.089252,0.445200,-0.1400,0.6200,0.8200,-61.2800,-15.5600,106.5100,1.037497,123.861746,"-0.14,0.62,0.82,-61.28,-15.56,106.51"
1162,2026-07-27T13:54:45.388,48.331819,242.567500,-0.2400,0.7500,0.6100,-43.1500,-20.6300,129.2700,0.996092,137.834148,"-0.24,0.75,0.61,-43.15,-20.63,129.27"
1163,2026-07-27T13:54:45.388,48.332227,0.407400,-0.2000,0.7800,0.6000,19.2300,0.0000,102.1100,1.004191,103.904981,"-0.20,0.78,0.60,19.23,0.00,102.11"
1164,2026-07-27T13:54:45.388,48.332249,0.022100,-0.0600,0.7200,0.7200,52.5500,39.4900,71.2900,1.020000,96.970236,"-0.06,0.72,0.72,52.55,39.49,71.29"
1165,2026-07-27T13:54:45.388,48.332350,0.100900,0.1400,0.7200,0.8300,37.4100,66.1600,48.7700,1.107655,90.305961,"0.14,0.72,0.83,37.41,66.16,48.77"
1166,2026-07-27T13:54:45.389,48.332642,0.292800,0.2500,0.7000,0.8900,18.3100,45.9000,26.4300,1.159569,56.041155,"0.25,0.70,0.89,18.31,45.90,26.43"
1167,2026-07-27T13:54:45.389,48.332732,0.089400,0.2100,0.5600,0.9600,25.0200,-10.7400,7.2000,1.131061,28.163594,"0.21,0.56,0.96,25.02,-10.74,7.20"
1168,2026-07-27T13:54:45.566,48.509794,177.062000,0.0700,0.3400,1.0600,45.5900,-69.8200,-2.3200,1.115392,83.418600,"0.07,0.34,1.06,45.59,-69.82,-2.32"
1169,2026-07-27T13:54:45.566,48.509836,0.042400,-0.0800,0.1800,1.2000,60.4900,-110.9600,-1.4600,1.216059,126.385495,"-0.08,0.18,1.20,60.49,-110.96,-1.46"
1170,2026-07-27T13:54:45.566,48.510033,0.196400,-0.2200,0.1500,1.3100,63.2300,-137.3900,1.1000,1.336787,151.245678,"-0.22,0.15,1.31,63.23,-137.39,1.10"
1171,2026-07-27T13:54:45.566,48.510062,0.029300,-0.2900,0.2400,1.3100,47.5500,-161.0700,-8.3000,1.363011,168.147071,"-0.29,0.24,1.31,47.55,-161.07,-8.30"
1172,2026-07-27T13:54:45.570,48.514450,4.387700,-0.3100,0.3300,1.1900,12.8200,-177.3700,-26.6100,1.273224,179.812573,"-0.31,0.33,1.19,12.82,-177.37,-26.61"
1173,2026-07-27T13:54:45.806,48.750360,235.910100,-0.3000,0.3900,1.0900,-23.6800,-174.3200,-41.7500,1.195910,180.807266,"-0.30,0.39,1.09,-23.68,-174.32,-41.75"
1174,2026-07-27T13:54:45.807,48.751446,1.086600,-0.3000,0.4100,1.1400,-41.6300,-158.2000,-54.0200,1.248079,172.274366,"-0.30,0.41,1.14,-41.63,-158.20,-54.02"
1175,2026-07-27T13:54:45.808,48.751888,0.442100,-0.3200,0.4000,1.3000,-36.1900,-146.7900,-67.8700,1.397283,165.720720,"-0.32,0.40,1.30,-36.19,-146.79,-67.87"
1176,2026-07-27T13:54:45.808,48.752157,0.268700,-0.3600,0.3500,1.4200,-21.3600,-150.9400,-78.8600,1.506154,171.633426,"-0.36,0.35,1.42,-21.36,-150.94,-78.86"
1177,2026-07-27T13:54:45.808,48.752403,0.245300,-0.4000,0.3100,1.4100,-15.0100,-166.0800,-76.9000,1.498065,183.634083,"-0.40,0.31,1.41,-15.01,-166.08,-76.90"
1178,2026-07-27T13:54:45.808,48.752545,0.142500,-0.4300,0.2900,1.2700,-23.8000,-177.4900,-62.2600,1.371824,189.592847,"-0.43,0.29,1.27,-23.80,-177.49,-62.26"
1179,2026-07-27T13:54:45.931,48.875009,122.464100,-0.4000,0.3100,1.0800,-38.2700,-177.0600,-49.4400,1.192686,187.774200,"-0.40,0.31,1.08,-38.27,-177.06,-49.44"
1180,2026-07-27T13:54:45.931,48.875189,0.180100,-0.3500,0.3600,0.9200,-40.4100,-170.1000,-49.5000,1.048094,181.706434,"-0.35,0.36,0.92,-40.41,-170.10,-49.50"
1181,2026-07-27T13:54:45.932,48.875733,0.543900,-0.3200,0.4200,0.8000,-27.1600,-167.4200,-61.1000,0.958541,180.278485,"-0.32,0.42,0.80,-27.16,-167.42,-61.10"
1182,2026-07-27T13:54:46.048,48.991901,116.168200,-0.3300,0.4700,0.6700,-14.9500,-168.0900,-75.2000,0.882440,184.750617,"-0.33,0.47,0.67,-14.95,-168.09,-75.20"
1183,2026-07-27T13:54:46.048,48.992069,0.167800,-0.3900,0.5200,0.5400,-18.3100,-154.4800,-79.9600,0.845044,174.908342,"-0.39,0.52,0.54,-18.31,-154.48,-79.96"
1184,2026-07-27T13:54:46.348,49.291978,299.908500,-0.4700,0.6200,0.4600,-41.1400,-110.0500,-66.3500,0.903825,134.928961,"-0.47,0.62,0.46,-41.14,-110.05,-66.35"
1185,2026-07-27T13:54:46.349,49.292707,0.729200,-0.5300,0.7300,0.4600,-72.7500,-28.2600,-24.9000,1.012620,81.921915,"-0.53,0.73,0.46,-72.75,-28.26,-24.90"
1186,2026-07-27T13:54:46.349,49.292954,0.247700,-0.5600,0.5900,0.9400,-58.1100,205.3800,158.3300,1.243101,265.755725,"-0.56,0.59,0.94,-58.11,205.38,158.33"
1187,2026-07-27T13:54:46.349,49.293076,0.121700,-0.5200,0.6800,1.2500,-33.5100,287.1700,190.1200,1.515025,346.027663,"-0.52,0.68,1.25,-33.51,287.17,190.12"
1188,2026-07-27T13:54:46.349,49.293469,0.393000,-0.5200,0.6800,1.2500,-18.9200,329.7100,158.5100,1.515025,366.322359,"-0.52,0.68,1.25,-18.92,329.71,158.51"
1189,2026-07-27T13:54:46.349,49.293563,0.093500,-0.4300,0.9000,1.4800,25.0200,338.7500,128.4200,1.784741,363.138072,"-0.43,0.90,1.48,25.02,338.75,128.42"
1190,2026-07-27T13:54:46.350,49.293727,0.164400,-0.3900,0.9200,1.7500,102.7800,322.6900,135.6200,2.015192,364.808647,"-0.39,0.92,1.75,102.78,322.69,135.62"
1191,2026-07-27T13:54:46.653,49.596865,303.138100,-0.3500,0.6200,2.0400,147.7100,290.1000,170.8400,2.160671,367.644611,"-0.35,0.62,2.04,147.71,290.10,170.84"
1192,2026-07-27T13:54:46.709,49.652649,55.783800,-0.2000,0.2000,1.9500,105.5900,229.4300,199.8900,1.970406,322.092200,"-0.20,0.20,1.95,105.59,229.43,199.89"
1193,2026-07-27T13:54:46.709,49.652678,0.028900,-0.0900,0.0000,1.1100,-59.4500,63.2900,207.7000,1.113643,225.120449,"-0.09,0.00,1.11,-59.45,63.29,207.70"
1194,2026-07-27T13:54:46.709,49.652795,0.117500,-0.2500,0.0700,0.8400,-68.8500,27.2200,202.1500,0.879204,215.280917,"-0.25,0.07,0.84,-68.85,27.22,202.15"
1195,2026-07-27T13:54:46.766,49.710555,57.759700,-0.4500,-0.0300,0.7000,-68.8500,27.2200,202.1500,0.832706,215.280917,"-0.45,-0.03,0.70,-68.85,27.22,202.15"
1196,2026-07-27T13:54:46.768,49.711963,1.407500,-0.5400,-0.2500,0.7500,-28.5600,25.5100,154.7900,0.957392,159.456508,"-0.54,-0.25,0.75,-28.56,25.51,154.79"
1197,2026-07-27T13:54:46.769,49.712675,0.712600,-0.5200,-0.4400,0.9700,0.0000,38.4500,35.4600,1.185285,52.305010,"-0.52,-0.44,0.97,0.00,38.45,35.46"
1198,2026-07-27T13:54:46.769,49.712776,0.100400,-0.4700,-0.3200,1.2000,-40.1000,45.9600,-158.9400,1.327893,170.241755,"-0.47,-0.32,1.20,-40.10,45.96,-158.94"
1199,2026-07-27T13:54:46.774,49.717638,4.862800,-0.4500,0.1600,1.2800,-124.2700,48.6500,-350.9500,1.366199,375.467386,"-0.45,0.16,1.28,-124.27,48.65,-350.95"
1200,2026-07-27T13:54:46.774,49.718130,0.491700,-0.4300,0.6900,1.2200,-183.1700,56.7000,-412.1100,1.466083,454.533597,"-0.43,0.69,1.22,-183.17,56.70,-412.11"
1201,2026-07-27T13:54:46.946,49.890166,172.036100,-0.4900,0.9800,1.0600,-182.3100,47.1200,-308.1100,1.524500,361.094174,"-0.49,0.98,1.06,-182.31,47.12,-308.11"
1202,2026-07-27T13:54:46.946,49.890359,0.193100,-0.6500,1.0300,0.9100,-129.8800,21.4800,-149.8400,1.520362,199.454833,"-0.65,1.03,0.91,-129.88,21.48,-149.84"
1203,2026-07-27T13:54:46.946,49.890377,0.018000,-0.7100,1.0500,0.8700,-37.0500,24.5400,-99.3000,1.537368,108.790643,"-0.71,1.05,0.87,-37.05,24.54,-99.30"
1204,2026-07-27T13:54:46.946,49.890486,0.108500,-0.5700,1.1100,0.9500,93.5100,55.7900,-191.4100,1.568279,220.214514,"-0.57,1.11,0.95,93.51,55.79,-191.41"
1205,2026-07-27T13:54:47.066,50.009708,119.222500,-0.3500,0.9800,1.1000,226.6800,72.5100,-280.4600,1.514232,367.830578,"-0.35,0.98,1.10,226.68,72.51,-280.46"
1206,2026-07-27T13:54:47.066,50.010005,0.296400,-0.2500,0.6100,1.2600,305.6000,58.9000,-229.4300,1.422041,386.650611,"-0.25,0.61,1.26,305.60,58.90,-229.43"
1207,2026-07-27T13:54:47.066,50.010497,0.491900,-0.3000,0.2400,1.4000,300.1100,24.0500,-68.6000,1.451758,308.788560,"-0.30,0.24,1.40,300.11,24.05,-68.60"
1208,2026-07-27T13:54:47.304,50.248369,237.872400,-0.3900,0.0200,1.4100,225.8300,-9.8900,87.1000,1.463079,242.246591,"-0.39,0.02,1.41,225.83,-9.89,87.10"
1209,2026-07-27T13:54:47.306,50.249898,1.528900,-0.3800,-0.0500,1.2900,138.0600,-20.3900,164.3700,1.345734,215.624239,"-0.38,-0.05,1.29,138.06,-20.39,164.37"
1210,2026-07-27T13:54:47.306,50.249923,0.024700,-0.3100,-0.0300,1.2300,94.4200,-15.1400,152.0400,1.268818,179.612131,"-0.31,-0.03,1.23,94.42,-15.14,152.04"
1211,2026-07-27T13:54:47.428,50.372505,122.582400,-0.2500,-0.0200,1.3500,109.9200,-16.7800,82.3400,1.373099,138.361304,"-0.25,-0.02,1.35,109.92,-16.78,82.34"
1212,2026-07-27T13:54:47.429,50.372895,0.390300,-0.1600,-0.0200,1.5800,153.1400,-38.4500,-4.3900,1.588207,157.954216,"-0.16,-0.02,1.58,153.14,-38.45,-4.39"
1213,2026-07-27T13:54:47.429,50.373032,0.136900,-0.1000,0.0200,1.7700,181.7000,-90.6400,-73.0600,1.772935,215.796810,"-0.10,0.02,1.77,181.70,-90.64,-73.06"
1214,2026-07-27T13:54:47.429,50.373113,0.080600,-0.2000,0.1100,1.8600,167.6600,-174.3200,-74.1600,1.873953,252.976370,"-0.20,0.11,1.86,167.66,-174.32,-74.16"
1215,2026-07-27T13:54:47.429,50.373343,0.230100,-0.4500,0.1900,1.8300,103.9400,-258.3000,11.1700,1.894070,278.652440,"-0.45,0.19,1.83,103.94,-258.30,11.17"
1216,2026-07-27T13:54:47.429,50.373381,0.038300,-0.7000,0.2400,1.6900,12.3900,-308.1100,118.7100,1.844912,330.419957,"-0.70,0.24,1.69,12.39,-308.11,118.71"
1217,2026-07-27T13:54:47.490,50.433891,60.509600,-0.7900,0.2400,1.4500,-66.2800,-316.5900,160.9500,1.668592,361.285440,"-0.79,0.24,1.45,-66.28,-316.59,160.95"
1218,2026-07-27T13:54:47.490,50.433915,0.024700,-0.7400,0.2000,1.1700,-103.6400,-291.3200,113.5900,1.398749,329.410504,"-0.74,0.20,1.17,-103.64,-291.32,113.59"
1219,2026-07-27T13:54:47.731,50.675388,241.472700,-0.6200,0.1500,0.9300,-102.9700,-246.8900,19.2900,1.127741,268.196937,"-0.62,0.15,0.93,-102.97,-246.89,19.29"
1220,2026-07-27T13:54:47.731,50.675423,0.034400,-0.5200,0.1500,0.8000,-87.8300,-199.4600,-66.5300,0.965867,227.869790,"-0.52,0.15,0.80,-87.83,-199.46,-66.53"
1221,2026-07-27T13:54:47.731,50.675528,0.105000,-0.4900,0.2100,0.7400,-77.7000,-159.9700,-120.8500,0.912031,215.017240,"-0.49,0.21,0.74,-77.70,-159.97,-120.85"
1222,2026-07-27T13:54:47.732,50.675606,0.078300,-0.5300,0.3400,0.7100,-81.5400,-130.0700,-156.1900,0.948999,219.002951,"-0.53,0.34,0.71,-81.54,-130.07,-156.19"
1223,2026-07-27T13:54:47.732,50.675742,0.136300,-0.6000,0.5400,0.6700,-96.7400,-102.2900,-190.2500,1.049047,236.678969,"-0.60,0.54,0.67,-96.74,-102.29,-190.25"
1224,2026-07-27T13:54:47.732,50.675808,0.065400,-0.6300,0.7700,0.6000,-111.0800,-61.4000,-205.0800,1.161809,241.177389,"-0.63,0.77,0.60,-111.08,-61.40,-205.08"
1225,2026-07-27T13:54:47.966,50.909775,233.967300,-0.6200,0.9100,0.6000,-114.2000,6.2300,-157.4100,1.253994,194.572251,"-0.62,0.91,0.60,-114.20,6.23,-157.41"
1226,2026-07-27T13:54:47.966,50.909881,0.106500,-0.6100,0.9200,0.7400,-106.7500,89.7200,-53.5300,1.328947,149.367673,"-0.61,0.92,0.74,-106.75,89.72,-53.53"
1227,2026-07-27T13:54:47.966,50.909897,0.015300,-0.6300,0.8500,1.0000,-93.3800,163.8200,41.1400,1.455816,193.000820,"-0.63,0.85,1.00,-93.38,163.82,41.14"
1228,2026-07-27T13:54:47.966,50.910055,0.158300,-0.6000,0.7400,1.3000,-69.0300,219.1800,80.3200,1.611707,243.426202,"-0.60,0.74,1.30,-69.03,219.18,80.32"
1229,2026-07-27T13:54:47.967,50.910624,0.569000,-0.4600,0.6000,1.5000,-36.8000,252.5000,70.3100,1.679762,264.677136,"-0.46,0.60,1.50,-36.80,252.50,70.31"
1230,2026-07-27T13:54:47.967,50.911400,0.775700,-0.2400,0.4700,1.4700,-18.5500,256.0400,50.7800,1.561858,261.685293,"-0.24,0.47,1.47,-18.55,256.04,50.78"
1231,2026-07-27T13:54:48.090,51.033797,122.397100,-0.0600,0.3700,1.3100,-22.6400,230.7700,58.7800,1.362571,239.212146,"-0.06,0.37,1.31,-22.64,230.77,58.78"
1232,2026-07-27T13:54:48.091,51.034735,0.938100,-0.0100,0.2900,1.1600,-32.7100,184.7500,90.7600,1.195742,208.422370,"-0.01,0.29,1.16,-32.71,184.75,90.76"
1233,2026-07-27T13:54:48.091,51.035003,0.267700,-0.0600,0.2300,1.0600,-36.6200,129.4600,112.7300,1.086324,175.524838,"-0.06,0.23,1.06,-36.62,129.46,112.73"
1234,2026-07-27T13:54:48.147,51.090732,55.729800,-0.1300,0.2000,0.9800,-36.9300,80.9900,106.0200,1.008613,138.432097,"-0.13,0.20,0.98,-36.93,80.99,106.02"
1235,2026-07-27T13:54:48.206,51.149965,59.232100,-0.1400,0.2100,0.9000,-38.2700,49.9300,78.9200,0.934719,100.925538,"-0.14,0.21,0.90,-38.27,49.93,78.92"
1236,2026-07-27T13:54:48.206,51.150076,0.111900,-0.1100,0.2600,0.8400,-40.5900,34.1200,43.2100,0.886172,68.401949,"-0.11,0.26,0.84,-40.59,34.12,43.21"
1237,2026-07-27T13:54:48.325,51.269482,119.405500,-0.0200,0.3600,0.8500,-39.8600,19.1000,6.3500,0.923309,44.653691,"-0.02,0.36,0.85,-39.86,19.10,6.35"
1238,2026-07-27T13:54:48.445,51.389161,119.679000,0.1000,0.4500,0.9000,-34.1200,-10.4400,-18.4900,1.011187,40.187661,"0.10,0.45,0.90,-34.12,-10.44,-18.49"
1239,2026-07-27T13:54:48.445,51.389333,0.172200,0.1700,0.5000,0.9300,-27.4700,-45.4100,-17.5200,1.069486,55.889350,"0.17,0.50,0.93,-27.47,-45.41,-17.52"
1240,2026-07-27T13:54:48.445,51.389419,0.086100,0.1300,0.5200,0.9900,-23.6800,-72.0800,4.3300,1.125789,75.993537,"0.13,0.52,0.99,-23.68,-72.08,4.33"
1241,2026-07-27T13:54:48.446,51.389962,0.542500,0.0100,0.5800,1.0500,-21.4200,-96.3100,26.3100,1.199583,102.110962,"0.01,0.58,1.05,-21.42,-96.31,26.31"
1242,2026-07-27T13:54:48.447,51.391247,1.285000,-0.0900,0.6200,1.0500,-14.6500,-122.4400,33.8700,1.222702,127.880229,"-0.09,0.62,1.05,-14.65,-122.44,33.87"
1243,2026-07-27T13:54:48.511,51.454863,63.616100,-0.1100,0.5500,1.0500,1.2800,-138.6700,24.7200,1.190420,140.861938,"-0.11,0.55,1.05,1.28,-138.67,24.72"
1244,2026-07-27T13:54:48.746,51.689888,235.025500,-0.0200,0.4100,1.1900,16.3000,-139.8900,4.9400,1.258809,140.923049,"-0.02,0.41,1.19,16.30,-139.89,4.94"
1245,2026-07-27T13:54:48.746,51.690046,0.157900,0.1300,0.2600,1.5100,4.2700,-136.0500,-11.3500,1.537726,136.589377,"0.13,0.26,1.51,4.27,-136.05,-11.35"
1246,2026-07-27T13:54:48.746,51.690163,0.116600,0.2300,0.1200,1.8800,-40.1000,-140.7500,-19.7800,1.897815,147.681485,"0.23,0.12,1.88,-40.10,-140.75,-19.78"
1247,2026-07-27T13:54:48.746,51.690261,0.098300,0.2300,0.0100,2.0800,-91.1300,-167.4800,-34.4800,2.092702,193.760413,"0.23,0.01,2.08,-91.13,-167.48,-34.48"
1248,2026-07-27T13:54:48.746,51.690350,0.089200,0.1400,-0.0500,1.9700,-138.4900,-202.5800,-51.0300,1.975601,250.643566,"0.14,-0.05,1.97,-138.49,-202.58,-51.03"
1249,2026-07-27T13:54:48.751,51.694947,4.596700,0.0000,0.0100,1.5700,-178.7100,-218.3800,-59.9400,1.570032,288.478582,"0.00,0.01,1.57,-178.71,-218.38,-59.94"
1250,2026-07-27T13:54:49.048,51.992241,297.293700,-0.1200,0.1100,0.9600,-197.0800,-207.8200,-74.2200,0.973704,295.868699,"-0.12,0.11,0.96,-197.08,-207.82,-74.22"
1251,2026-07-27T13:54:49.226,52.169703,177.462400,-0.1600,0.2100,0.0900,-144.5300,-125.7900,-68.3000,0.278927,203.413212,"-0.16,0.21,0.09,-144.53,-125.79,-68.30"
1252,2026-07-27T13:54:49.226,52.170023,0.319700,-0.1000,0.2100,0.1900,-64.2700,-68.9700,-36.5000,0.300333,101.092749,"-0.10,0.21,0.19,-64.27,-68.97,-36.50"
1253,2026-07-27T13:54:49.226,52.170044,0.021700,-0.1000,0.2100,0.1900,31.3700,-37.9600,-31.7400,0.300333,58.587252,"-0.10,0.21,0.19,31.37,-37.96,-31.74"
1254,2026-07-27T13:54:49.226,52.170167,0.122700,-0.1000,0.3000,0.5200,109.0100,-30.2700,-41.3800,0.608605,120.464756,"-0.10,0.30,0.52,109.01,-30.27,-41.38"
1255,2026-07-27T13:54:49.227,52.171567,1.399800,-0.0700,0.4400,0.9000,127.9900,2.5000,-11.6600,1.004241,128.544334,"-0.07,0.44,0.90,127.99,2.50,-11.66"
1256,2026-07-27T13:54:49.228,52.171874,0.307000,0.3500,0.5300,1.3600,113.6500,59.9400,64.8200,1.501000,143.912329,"0.35,0.53,1.36,113.65,59.94,64.82"
1257,2026-07-27T13:54:49.228,52.172016,0.142200,1.2000,0.4500,1.6800,94.0600,92.4700,175.7800,2.113031,219.764858,"1.20,0.45,1.68,94.06,92.47,175.78"
1258,2026-07-27T13:54:49.707,52.650798,478.781600,1.2500,-0.5000,0.3000,91.1300,47.7300,160.8300,1.379311,190.916523,"1.25,-0.50,0.30,91.13,47.73,160.83"
1259,2026-07-27T13:54:49.707,52.650949,0.151300,0.7600,-0.6100,-0.4000,79.4700,0.7900,26.7900,1.053423,83.867807,"0.76,-0.61,-0.40,79.47,0.79,26.79"
1260,2026-07-27T13:54:49.707,52.651465,0.516100,0.4100,-0.2600,-0.6700,79.4700,0.7900,26.7900,0.827406,83.867807,"0.41,-0.26,-0.67,79.47,0.79,26.79"
1261,2026-07-27T13:54:49.708,52.652133,0.668200,0.3200,0.0600,-0.5700,29.4200,-38.0900,-43.8200,0.656430,65.088992,"0.32,0.06,-0.57,29.42,-38.09,-43.82"
1262,2026-07-27T13:54:49.708,52.652263,0.129700,0.6600,0.0300,0.0700,-8.7300,-63.0500,-47.9700,0.664379,79.703427,"0.66,0.03,0.07,-8.73,-63.05,-47.97"
1263,2026-07-27T13:54:49.709,52.652645,0.381900,1.6400,-0.0600,1.3300,-34.7300,-53.7100,-57.6800,2.112368,86.127344,"1.64,-0.06,1.33,-34.73,-53.71,-57.68"
1264,2026-07-27T13:54:49.710,52.654263,1.618500,2.5700,0.0900,2.3700,-25.2700,-30.9400,-166.6300,3.497127,171.351724,"2.57,0.09,2.37,-25.27,-30.94,-166.63"
1265,2026-07-27T13:54:49.711,52.654888,0.624700,2.1200,0.2200,2.1200,-15.0100,-51.0900,-229.9800,3.006194,236.064162,"2.12,0.22,2.12,-15.01,-51.09,-229.98"
1266,2026-07-27T13:54:49.711,52.655094,0.206100,0.6500,0.1600,0.9500,-81.5400,-85.6900,-77.9400,1.162153,141.655185,"0.65,0.16,0.95,-81.54,-85.69,-77.94"
1267,2026-07-27T13:54:49.711,52.655221,0.127200,-0.4000,0.0800,0.0300,-149.1700,-75.3800,69.2100,0.409023,180.897367,"-0.40,0.08,0.03,-149.17,-75.38,69.21"
1268,2026-07-27T13:54:49.711,52.655321,0.099100,-0.6100,0.0600,-0.2600,-129.3900,-36.0700,13.4900,0.665808,134.999249,"-0.61,0.06,-0.26,-129.39,-36.07,13.49"
1269,2026-07-27T13:54:49.711,52.655410,0.089600,-0.4400,0.1000,-0.1300,-68.5400,-3.2300,-84.9000,0.469574,109.161232,"-0.44,0.10,-0.13,-68.54,-3.23,-84.90"
1270,2026-07-27T13:54:49.711,52.655497,0.087200,-0.1300,0.2200,0.2900,-31.3100,14.3400,-68.4800,0.386523,76.651563,"-0.13,0.22,0.29,-31.31,14.34,-68.48"
1271,2026-07-27T13:54:49.712,52.655618,0.120900,0.7400,0.2500,1.1500,-4.6400,33.9400,12.9400,1.390180,36.618258,"0.74,0.25,1.15,-4.64,33.94,12.94"
1272,2026-07-27T13:54:49.766,52.710207,54.588900,2.0500,0.2000,2.1700,75.7400,60.4900,30.0900,2.991889,101.493821,"2.05,0.20,2.17,75.74,60.49,30.09"
1273,2026-07-27T13:54:49.766,52.710444,0.237200,2.2800,0.2700,2.1100,139.4000,46.0800,12.9400,3.118237,147.387822,"2.28,0.27,2.11,139.40,46.08,12.94"
1274,2026-07-27T13:54:49.831,52.774639,64.194500,1.1000,0.3500,0.8300,56.4600,-7.1400,102.7200,1.421759,117.431297,"1.10,0.35,0.83,56.46,-7.14,102.72"
1275,2026-07-27T13:54:49.886,52.829789,55.150500,0.0700,0.1900,-0.3600,-47.5500,-38.4500,185.4200,0.413038,195.243390,"0.07,0.19,-0.36,-47.55,-38.45,185.42"
1276,2026-07-27T13:54:49.886,52.830023,0.233900,-0.1500,-0.1200,-0.7300,-33.8700,-24.6000,106.4500,0.754851,114.385049,"-0.15,-0.12,-0.73,-33.87,-24.60,106.45"
1277,2026-07-27T13:54:49.946,52.889830,59.806800,-0.0000,-0.3300,-0.6200,1.1600,3.5400,-27.7100,0.702353,27.959279,"-0.00,-0.33,-0.62,1.16,3.54,-27.71"
1278,2026-07-27T13:54:50.245,53.189547,299.717200,0.2000,-0.4500,-0.3200,-30.0300,7.8700,-88.8100,0.587282,94.079508,"0.20,-0.45,-0.32,-30.03,7.87,-88.81"
1279,2026-07-27T13:54:50.246,53.190035,0.487400,0.7200,-0.5200,0.3200,-100.4600,-3.6600,-78.0000,0.944034,127.238387,"0.72,-0.52,0.32,-100.46,-3.66,-78.00"
1280,2026-07-27T13:54:50.246,53.190509,0.474300,1.8900,-0.6300,1.4400,-153.6300,23.6800,-49.5000,2.458170,163.135432,"1.89,-0.63,1.44,-153.63,23.68,-49.50"
1281,2026-07-27T13:54:50.247,53.191102,0.592600,2.6000,-0.6400,2.2500,-141.7200,75.9300,-66.9600,3.497442,174.165338,"2.60,-0.64,2.25,-141.72,75.93,-66.96"
1282,2026-07-27T13:54:50.248,53.192428,1.326600,1.8500,-0.3700,1.8100,-116.6400,71.5300,-125.4900,2.614479,185.658748,"1.85,-0.37,1.81,-116.64,71.53,-125.49"
1283,2026-07-27T13:54:50.249,53.192690,0.261900,0.6500,-0.0900,0.7700,-111.3300,21.0000,-155.8200,1.011682,192.653163,"0.65,-0.09,0.77,-111.33,21.00,-155.82"
1284,2026-07-27T13:54:50.249,53.192999,0.309200,-0.0500,0.0200,0.1100,-87.9500,-13.0000,-140.2000,0.122474,166.012778,"-0.05,0.02,0.11,-87.95,-13.00,-140.20"
1285,2026-07-27T13:54:50.249,53.193290,0.290400,-0.2100,-0.0000,-0.0800,-52.4300,-10.7400,-104.3700,0.224722,117.291728,"-0.21,-0.00,-0.08,-52.43,-10.74,-104.37"
1286,2026-07-27T13:54:50.786,53.729705,536.415800,-0.0700,-0.0700,0.0500,-21.6100,1.8900,-70.1300,0.110905,73.408318,"-0.07,-0.07,0.05,-21.61,1.89,-70.13"
1287,2026-07-27T13:54:50.786,53.729836,0.130300,0.2400,-0.0700,0.4100,-5.5500,2.1400,-50.2900,0.480208,50.640559,"0.24,-0.07,0.41,-5.55,2.14,-50.29"
1288,2026-07-27T13:54:50.786,53.729944,0.108200,0.7500,0.0100,0.8600,-2.6200,0.2400,-40.1600,1.141140,40.246088,"0.75,0.01,0.86,-2.62,0.24,-40.16"
1289,2026-07-27T13:54:50.786,53.730127,0.182900,1.5300,-0.0500,1.4200,47.4200,17.8800,-29.4200,2.088013,58.599379,"1.53,-0.05,1.42,47.42,17.88,-29.42"
1290,2026-07-27T13:54:50.789,53.732821,2.694600,1.8300,-0.1500,1.5700,135.4400,36.3200,1.8900,2.415844,140.238041,"1.83,-0.15,1.57,135.44,36.32,1.89"
1291,2026-07-27T13:54:50.905,53.849028,116.206500,1.1700,-0.0800,0.8800,100.9500,21.4200,86.2400,1.466186,134.488128,"1.17,-0.08,0.88,100.95,21.42,86.24"
1292,2026-07-27T13:54:50.905,53.849157,0.128900,0.3400,0.0600,0.0300,-36.6800,-3.2300,150.3900,0.346554,154.832191,"0.34,0.06,0.03,-36.68,-3.23,150.39"
1293,2026-07-27T13:54:50.905,53.849244,0.087100,-0.0300,0.1100,-0.3700,-97.2300,-4.5200,81.5400,0.387169,126.975883,"-0.03,0.11,-0.37,-97.23,-4.52,81.54"
1294,2026-07-27T13:54:50.905,53.849379,0.135000,0.0000,0.0700,-0.3700,-69.0900,14.2800,-63.6600,0.376563,95.026007,"0.00,0.07,-0.37,-69.09,14.28,-63.66"
1295,2026-07-27T13:54:50.906,53.850540,1.161100,0.0700,0.0500,-0.2300,-42.1800,30.8200,-151.4300,0.245561,160.187608,"0.07,0.05,-0.23,-42.18,30.82,-151.43"
1296,2026-07-27T13:54:50.907,53.851285,0.745000,-0.0500,0.0400,-0.0200,-59.3300,31.9200,-144.5900,0.067082,159.515527,"-0.05,0.04,-0.02,-59.33,31.92,-144.59"
1297,2026-07-27T13:54:50.908,53.851680,0.395300,0.4700,-0.3500,1.0000,-94.4200,60.7300,-66.6500,1.159051,130.558385,"0.47,-0.35,1.00,-94.42,60.73,-66.65"
1298,2026-07-27T13:54:50.908,53.852113,0.432900,2.1600,-0.8000,2.7800,-49.1300,147.8900,-34.9700,3.610263,159.712585,"2.16,-0.80,2.78,-49.13,147.89,-34.97"
1299,2026-07-27T13:54:50.909,53.852949,0.835600,2.8900,-0.6600,3.1700,14.8300,150.2700,-131.1000,4.340115,199.970527,"2.89,-0.66,3.17,14.83,150.27,-131.10"
1300,2026-07-27T13:54:50.909,53.853336,0.387400,1.6300,-0.2300,1.7400,-54.8100,11.5400,-168.4000,2.395287,177.470752,"1.63,-0.23,1.74,-54.81,11.54,-168.40"
1301,2026-07-27T13:54:50.910,53.853820,0.483800,0.1900,0.0000,0.2900,-143.1300,-103.8200,-92.6500,0.346699,199.621672,"0.19,0.00,0.29,-143.13,-103.82,-92.65"
1302,2026-07-27T13:54:50.964,53.908509,54.689000,-0.3900,-0.0200,-0.2700,-118.5300,-115.6600,-74.7700,0.474763,181.706217,"-0.39,-0.02,-0.27,-118.53,-115.66,-74.77"
1303,2026-07-27T13:54:51.389,54.332717,424.207500,-0.4000,-0.0200,-0.2100,-54.6300,-80.4400,-134.5200,0.452217,165.983918,"-0.40,-0.02,-0.21,-54.63,-80.44,-134.52"
1304,2026-07-27T13:54:51.389,54.332906,0.189400,-0.3600,0.1300,-0.0800,-36.8700,-55.8500,-183.7200,0.391024,195.529174,"-0.36,0.13,-0.08,-36.87,-55.85,-183.72"
1305,2026-07-27T13:54:51.389,54.333129,0.223200,-0.3900,0.2700,0.0600,-53.4700,-38.2100,-172.4200,0.478121,184.520192,"-0.39,0.27,0.06,-53.47,-38.21,-172.42"
1306,2026-07-27T13:54:51.389,54.333447,0.317800,0.0700,0.0400,0.8000,-56.1500,7.6900,-92.7700,0.804052,108.711690,"0.07,0.04,0.80,-56.15,7.69,-92.77"
1307,2026-07-27T13:54:51.389,54.333469,0.022200,1.2900,-0.4100,2.1800,9.2800,82.2800,-22.0900,2.566048,85.697636,"1.29,-0.41,2.18,9.28,82.28,-22.09"
1308,2026-07-27T13:54:51.390,54.333600,0.131000,1.9900,-0.4300,2.7200,97.2900,109.9900,-44.1300,3.397558,153.331670,"1.99,-0.43,2.72,97.29,109.99,-44.13"
1309,2026-07-27T13:54:51.390,54.333711,0.110400,1.3400,-0.0100,1.7800,55.1800,45.8400,-53.8300,2.228026,89.687273,"1.34,-0.01,1.78,55.18,45.84,-53.83"
1310,2026-07-27T13:54:51.390,54.333947,0.236700,0.3000,0.3400,0.5100,-89.7800,-39.5500,23.1300,0.682422,100.795078,"0.30,0.34,0.51,-89.78,-39.55,23.13"
1311,2026-07-27T13:54:51.390,54.333968,0.021100,-0.2200,0.3800,-0.1900,-168.4000,-63.8400,70.8600,0.478435,193.533576,"-0.22,0.38,-0.19,-168.40,-63.84,70.86"
1312,2026-07-27T13:54:51.390,54.334074,0.105400,-0.1700,0.2800,-0.1900,-130.9200,-23.5000,22.8300,0.378682,134.957420,"-0.17,0.28,-0.19,-130.92,-23.50,22.83"
1313,2026-07-27T13:54:51.390,54.334296,0.222200,0.2200,0.1900,0.2300,-50.6000,30.0300,-64.2100,0.370675,87.092393,"0.22,0.19,0.23,-50.60,30.03,-64.21"
1314,2026-07-27T13:54:51.506,54.450280,115.984100,0.7100,0.2000,0.7500,-1.0400,47.6700,-118.5900,1.051951,127.816660,"0.71,0.20,0.75,-1.04,47.67,-118.59"
1315,2026-07-27T13:54:51.506,54.450492,0.212300,1.0800,0.3400,1.1600,18.3100,21.1200,-123.9600,1.620987,127.072389,"1.08,0.34,1.16,18.31,21.12,-123.96"
1316,2026-07-27T13:54:51.568,54.512356,61.864000,1.0800,0.4400,1.3400,98.4500,-88.8100,-103.5200,1.776401,168.214176,"1.08,0.44,1.34,98.45,-88.81,-103.52"
1317,2026-07-27T13:54:51.569,54.512706,0.349300,0.9800,0.2100,1.1400,89.6600,-106.5700,-55.3000,1.517926,149.847157,"0.98,0.21,1.14,89.66,-106.57,-55.30"
1318,2026-07-27T13:54:51.686,54.629865,117.159500,0.9800,0.2100,1.1400,33.6900,-93.8100,0.9800,1.517926,99.680954,"0.98,0.21,1.14,33.69,-93.81,0.98"
1319,2026-07-27T13:54:51.686,54.630137,0.272200,0.9100,-0.0500,0.9200,-31.8000,-75.6200,23.5000,1.294990,85.333899,"0.91,-0.05,0.92,-31.80,-75.62,23.50"
1320,2026-07-27T13:54:51.686,54.630256,0.118800,0.8100,-0.2000,0.7400,-90.1500,-62.1300,15.3800,1.115213,110.560860,"0.81,-0.20,0.74,-90.15,-62.13,15.38"
1321,2026-07-27T13:54:51.745,54.689412,59.156300,0.6500,-0.1900,0.6000,-133.0600,-48.0300,-6.2300,0.904765,141.600344,"0.65,-0.19,0.60,-133.06,-48.03,-6.23"
1322,2026-07-27T13:54:51.810,54.753789,64.376600,0.4900,-0.0700,0.5200,-152.5900,-31.6800,-33.2600,0.717914,159.353563,"0.49,-0.07,0.52,-152.59,-31.68,-33.26"
1323,2026-07-27T13:54:52.046,54.989704,235.915400,0.3200,0.2600,0.4400,-100.5200,-1.1000,-67.3200,0.602993,120.985383,"0.32,0.26,0.44,-100.52,-1.10,-67.32"
1324,2026-07-27T13:54:52.046,54.989987,0.282600,0.3700,0.3400,0.4500,-27.3400,11.7800,-49.9900,0.674537,58.182851,"0.37,0.34,0.45,-27.34,11.78,-49.99"
1325,2026-07-27T13:54:52.046,54.990116,0.128500,0.5100,0.3100,0.5700,-27.3400,11.7800,-49.9900,0.825288,58.182851,"0.51,0.31,0.57,-27.34,11.78,-49.99"
1326,2026-07-27T13:54:52.046,54.990141,0.025800,0.6300,0.2900,0.7900,40.7100,13.8500,-15.0100,1.051237,45.545875,"0.63,0.29,0.79,40.71,13.85,-15.01"
1327,2026-07-27T13:54:52.050,54.994340,4.199100,0.6700,0.3600,1.0500,76.1100,7.5700,15.6200,1.296534,78.064213,"0.67,0.36,1.05,76.11,7.57,15.62"
1328,2026-07-27T13:54:52.050,54.994503,0.162200,0.8700,0.4700,1.3200,98.3900,10.6200,14.0400,1.649303,99.952479,"0.87,0.47,1.32,98.39,10.62,14.04"
1329,2026-07-27T13:54:52.291,55.235553,241.050800,1.0400,0.4500,1.3300,113.0400,32.7100,10.1900,1.747284,118.117830,"1.04,0.45,1.33,113.04,32.71,10.19"
1330,2026-07-27T13:54:52.292,55.235719,0.165600,0.8600,0.2600,0.9300,97.6600,60.1200,28.4400,1.293097,118.155506,"0.86,0.26,0.93,97.66,60.12,28.44"
1331,2026-07-27T13:54:52.292,55.236235,0.515700,0.6100,0.1100,0.4300,52.4300,73.7900,16.1700,0.754387,91.952911,"0.61,0.11,0.43,52.43,73.79,16.17"
1332,2026-07-27T13:54:52.292,55.236387,0.152000,0.5100,0.1000,0.1300,-0.1200,75.9900,-31.8600,0.535724,82.398751,"0.51,0.10,0.13,-0.12,75.99,-31.86"
1333,2026-07-27T13:54:52.294,55.238524,2.137500,0.4900,0.1200,0.0200,-37.1100,76.2900,-55.0500,0.504876,101.132679,"0.49,0.12,0.02,-37.11,76.29,-55.05"
1334,2026-07-27T13:54:52.295,55.239517,0.992500,0.4800,0.1000,-0.0000,-51.1500,68.4800,-42.1800,0.490306,95.315189,"0.48,0.10,-0.00,-51.15,68.48,-42.18"
1335,2026-07-27T13:54:52.347,55.290673,51.156400,0.5000,0.1000,0.0400,-45.5300,44.6800,-39.6700,0.511468,75.119852,"0.50,0.10,0.04,-45.53,44.68,-39.67"
1336,2026-07-27T13:54:52.465,55.408910,118.237200,0.4500,0.1500,0.1300,-32.0400,9.6400,-61.6500,0.491833,70.144235,"0.45,0.15,0.13,-32.04,9.64,-61.65"
1337,2026-07-27T13:54:52.465,55.409133,0.222800,0.2100,0.2200,0.3000,-33.8700,-11.6000,-73.6700,0.427200,81.908521,"0.21,0.22,0.30,-33.87,-11.60,-73.67"
1338,2026-07-27T13:54:52.465,55.409423,0.289500,-0.0100,0.3200,0.8800,-42.4200,30.9400,-56.7600,0.936429,77.320357,"-0.01,0.32,0.88,-42.42,30.94,-56.76"
1339,2026-07-27T13:54:52.707,55.651367,241.944100,-0.0100,0.4700,1.8000,-3.3000,141.6000,-69.5800,1.860376,157.806294,"-0.01,0.47,1.80,-3.30,141.60,-69.58"
1340,2026-07-27T13:54:52.708,55.651722,0.355000,0.0300,0.5800,2.3900,40.1000,229.8000,-135.8600,2.459553,269.951828,"0.03,0.58,2.39,40.10,229.80,-135.86"
1341,2026-07-27T13:54:52.708,55.652077,0.355000,0.0700,0.6000,2.2200,-2.9900,248.7200,-169.3700,2.300717,300.926528,"0.07,0.60,2.22,-2.99,248.72,-169.37"
1342,2026-07-27T13:54:52.708,55.652545,0.468400,0.2400,0.5400,1.5300,-82.4000,218.8100,-150.7000,1.640152,278.169132,"0.24,0.54,1.53,-82.40,218.81,-150.70"
1343,2026-07-27T13:54:52.709,55.652932,0.387300,0.3500,0.4200,0.7500,-102.4200,126.9500,-140.4400,0.928116,215.243008,"0.35,0.42,0.75,-102.42,126.95,-140.44"
1344,2026-07-27T13:54:52.709,55.653066,0.133700,0.0300,0.3200,0.3100,-61.6500,-17.3300,-93.8100,0.446542,113.584187,"0.03,0.32,0.31,-61.65,-17.33,-93.81"
1345,2026-07-27T13:54:52.889,55.832628,179.561400,-0.6000,0.3400,0.4900,-28.3200,-118.9600,83.4400,0.845991,148.039649,"-0.60,0.34,0.49,-28.32,-118.96,83.44"
1346,2026-07-27T13:54:53.064,56.008112,175.484900,-1.0000,0.3400,1.0800,-2.7500,-78.9800,297.2400,1.510629,307.566286,"-1.00,0.34,1.08,-2.75,-78.98,297.24"
1347,2026-07-27T13:54:53.064,56.008312,0.199200,-0.8700,0.1100,1.5900,74.6500,45.6500,356.2600,1.815792,366.848378,"-0.87,0.11,1.59,74.65,45.65,356.26"
1348,2026-07-27T13:54:53.065,56.008825,0.513500,-0.4200,-0.1600,1.6100,133.6700,126.7100,227.9100,1.671556,293.029113,"-0.42,-0.16,1.61,133.67,126.71,227.91"
1349,2026-07-27T13:54:53.065,56.009372,0.546500,-0.1000,-0.1400,1.1900,64.3300,117.1300,28.8100,1.202373,136.703335,"-0.10,-0.14,1.19,64.33,117.13,28.81"
1350,2026-07-27T13:54:53.066,56.009916,0.544700,-0.0500,0.2000,0.7100,-67.2600,49.5600,-145.4500,0.739324,167.737306,"-0.05,0.20,0.71,-67.26,49.56,-145.45"
1351,2026-07-27T13:54:53.066,56.010436,0.519700,-0.0200,0.5100,0.4300,-126.8900,4.3900,-252.3200,0.667383,282.463673,"-0.02,0.51,0.43,-126.89,4.39,-252.32"
1352,2026-07-27T13:54:53.067,56.011137,0.700700,0.1000,0.5000,0.4000,-91.2500,14.4700,-234.4400,0.648074,251.988208,"0.10,0.50,0.40,-91.25,14.47,-234.44"
1353,2026-07-27T13:54:53.068,56.011830,0.692800,0.0700,0.2800,0.6500,-39.2500,42.8500,-91.9200,0.711196,108.747282,"0.07,0.28,0.65,-39.25,42.85,-91.92"
1354,2026-07-27T13:54:53.245,56.188821,176.991400,-0.2200,0.1300,1.2300,-13.7300,62.5600,76.4800,1.256264,99.756989,"-0.22,0.13,1.23,-13.73,62.56,76.48"
1355,2026-07-27T13:54:53.245,56.189007,0.186300,-0.4500,0.0600,1.8000,13.1800,77.8800,137.3900,1.856367,158.477187,"-0.45,0.06,1.80,13.18,77.88,137.39"
1356,2026-07-27T13:54:53.245,56.189147,0.140000,-0.3800,-0.0200,2.0100,75.8700,67.4400,40.5300,2.045703,109.302751,"-0.38,-0.02,2.01,75.87,67.44,40.53"
1357,2026-07-27T13:54:53.246,56.189628,0.481100,-0.2300,-0.0900,1.7600,141.4200,-9.7700,-104.3700,1.777245,176.034560,"-0.23,-0.09,1.76,141.42,-9.77,-104.37"
1358,2026-07-27T13:54:53.246,56.190095,0.466300,-0.2500,-0.0500,1.1600,104.0600,-144.2900,-165.4700,1.187687,242.957627,"-0.25,-0.05,1.16,104.06,-144.29,-165.47"
1359,2026-07-27T13:54:53.427,56.370918,180.823600,-0.4700,0.1800,0.4300,-48.3400,-251.7100,-100.8300,0.661967,275.429426,"-0.47,0.18,0.43,-48.34,-251.71,-100.83"
1360,2026-07-27T13:54:53.428,56.371882,0.963800,-0.6800,0.4800,-0.2100,-196.1700,-230.7700,16.3600,0.858429,303.323444,"-0.68,0.48,-0.21,-196.17,-230.77,16.36"
1361,2026-07-27T13:54:53.428,56.371909,0.026700,-0.6900,0.6200,-0.2000,-190.8600,-96.5600,39.6100,0.948947,217.532355,"-0.69,0.62,-0.20,-190.86,-96.56,39.61"
1362,2026-07-27T13:54:53.428,56.371919,0.010200,-0.7100,0.5900,0.9600,38.2700,25.3300,-38.5700,1.331841,59.948701,"-0.71,0.59,0.96,38.27,25.33,-38.57"
1363,2026-07-27T13:54:53.608,56.552397,180.477600,-0.6300,0.4000,2.4500,358.6400,50.1100,-117.0700,2.561133,380.577254,"-0.63,0.40,2.45,358.64,50.11,-117.07"
1364,2026-07-27T13:54:53.666,56.609918,57.521300,-0.2200,-0.0400,2.6600,461.1800,10.5600,-124.8200,2.669382,477.889672,"-0.22,-0.04,2.66,461.18,10.56,-124.82"
1365,2026-07-27T13:54:53.666,56.610063,0.145200,-0.0200,-0.2900,1.6200,221.7400,-26.7300,28.0800,1.645874,225.103547,"-0.02,-0.29,1.62,221.74,-26.73,28.08"
1366,2026-07-27T13:54:53.666,56.610145,0.082400,-0.2800,-0.0100,0.5200,-151.6700,-43.2700,265.9900,0.590678,309.235771,"-0.28,-0.01,0.52,-151.67,-43.27,265.99"
1367,2026-07-27T13:54:53.666,56.610295,0.149400,-0.3900,0.5400,-0.1700,-377.1400,-5.6800,315.1900,0.687459,491.540007,"-0.39,0.54,-0.17,-377.14,-5.68,315.19"
1368,2026-07-27T13:54:53.666,56.610421,0.126600,-0.1800,0.7200,-0.3100,-307.7400,72.7500,126.4000,0.804301,340.548719,"-0.18,0.72,-0.31,-307.74,72.75,126.40"
1369,2026-07-27T13:54:53.732,56.675724,65.302300,-0.1200,0.4000,0.3100,-51.0300,110.4100,-87.3400,0.520096,149.742127,"-0.12,0.40,0.31,-51.03,110.41,-87.34"
1370,2026-07-27T13:54:53.733,56.676727,1.003500,-0.4400,0.1500,1.5800,166.3200,102.1700,-169.8600,1.646967,258.753688,"-0.44,0.15,1.58,166.32,102.17,-169.86"
1371,2026-07-27T13:54:53.785,56.729256,52.529200,-0.6000,0.1500,2.4500,206.3600,111.9400,-150.7600,2.526856,279.004643,"-0.60,0.15,2.45,206.36,111.94,-150.76"
1372,2026-07-27T13:54:54.150,57.094016,364.759200,-0.2300,0.1800,2.2600,110.6600,150.0900,-139.5300,2.278794,232.897541,"-0.23,0.18,2.26,110.66,150.09,-139.53"
1373,2026-07-27T13:54:54.150,57.094248,0.232800,0.1500,0.2000,1.5600,16.4800,141.4800,-159.4200,1.579905,213.782406,"0.15,0.20,1.56,16.48,141.48,-159.42"
1374,2026-07-27T13:54:54.150,57.094298,0.049200,0.1400,0.2800,0.8100,-48.6500,42.4200,-166.6300,0.868389,178.694812,"0.14,0.28,0.81,-48.65,42.42,-166.63"
1375,2026-07-27T13:54:54.150,57.094459,0.160900,-0.1600,0.4700,0.0700,-122.6200,-73.7300,-122.5000,0.501398,188.356118,"-0.16,0.47,0.07,-122.62,-73.73,-122.50"
1376,2026-07-27T13:54:54.150,57.094480,0.021900,-0.4900,0.6500,-0.3000,-188.3500,-124.7600,-13.1800,0.867525,226.306192,"-0.49,0.65,-0.30,-188.35,-124.76,-13.18"
1377,2026-07-27T13:54:54.151,57.094581,0.100500,-0.8400,0.6100,0.4800,-120.6700,-99.7900,158.5700,1.143722,222.853624,"-0.84,0.61,0.48,-120.67,-99.79,158.57"
1378,2026-07-27T13:54:54.151,57.094783,0.201500,-1.1100,0.4800,2.0000,173.2200,-42.9100,319.0900,2.337199,365.602058,"-1.11,0.48,2.00,173.22,-42.91,319.09"
1379,2026-07-27T13:54:54.151,57.095089,0.306200,-0.8700,0.1800,2.5600,437.8100,-9.4000,321.9000,2.709779,543.493851,"-0.87,0.18,2.56,437.81,-9.40,321.90"
1380,2026-07-27T13:54:54.151,57.095214,0.125800,-0.4400,-0.1100,1.8500,352.3600,-42.4200,166.2600,1.904783,391.917611,"-0.44,-0.11,1.85,352.36,-42.42,166.26"
1381,2026-07-27T13:54:54.327,57.271531,176.316800,-0.4000,0.0400,0.8900,15.2600,-139.4000,41.2000,0.976576,146.159733,"-0.40,0.04,0.89,15.26,-139.40,41.20"
1382,2026-07-27T13:54:54.388,57.331689,60.157400,-0.4900,0.4200,0.1100,-281.2500,-176.9400,50.9600,0.654675,336.164019,"-0.49,0.42,0.11,-281.25,-176.94,50.96"
1383,2026-07-27T13:54:54.388,57.331883,0.194000,-0.1300,0.5300,-0.3800,-265.8700,42.4200,130.7400,0.664981,299.297947,"-0.13,0.53,-0.38,-265.87,42.42,130.74"
1384,2026-07-27T13:54:54.388,57.332009,0.126800,-0.2100,0.2500,0.2200,-66.2800,89.8400,48.1600,0.393700,121.588032,"-0.21,0.25,0.22,-66.28,89.84,48.16"
1385,2026-07-27T13:54:54.388,57.332209,0.199500,-0.2100,0.2500,0.2200,131.7700,75.2000,-63.7200,0.393700,164.555800,"-0.21,0.25,0.22,131.77,75.20,-63.72"
1386,2026-07-27T13:54:54.625,57.568764,236.554700,-0.7400,0.2600,1.5700,226.9300,77.9400,-163.0900,1.755021,290.121038,"-0.74,0.26,1.57,226.93,77.94,-163.09"
1387,2026-07-27T13:54:54.625,57.568915,0.151000,-0.9600,0.4500,2.5800,169.7400,121.4000,-243.1600,2.789355,320.431605,"-0.96,0.45,2.58,169.74,121.40,-243.16"
1388,2026-07-27T13:54:54.626,57.569859,0.944200,-0.3300,0.5000,2.3400,52.9200,126.2800,-240.6000,2.415471,276.831221,"-0.33,0.50,2.34,52.92,126.28,-240.60"
1389,2026-07-27T13:54:54.626,57.570042,0.182800,0.3100,0.4500,1.5200,-46.2600,24.5400,-117.6100,1.615240,128.741257,"0.31,0.45,1.52,-46.26,24.54,-117.61"
1390,2026-07-27T13:54:54.628,57.572139,2.097100,-0.1400,0.5700,0.1600,-174.5000,-149.9600,248.5400,0.608358,338.689213,"-0.14,0.57,0.16,-174.50,-149.96,248.54"
1391,2026-07-27T13:54:54.865,57.809224,237.085100,-0.5300,0.7100,-0.2700,-141.1100,-111.0800,348.9400,0.926229,392.440979,"-0.53,0.71,-0.27,-141.11,-111.08,348.94"
1392,2026-07-27T13:54:54.865,57.809434,0.210300,-0.7400,0.6800,-0.1300,-141.1100,-111.0800,348.9400,1.013361,392.440979,"-0.74,0.68,-0.13,-141.11,-111.08,348.94"
1393,2026-07-27T13:54:54.866,57.809665,0.230400,-1.1100,0.4800,1.0100,2.9900,-56.6400,389.5300,1.575627,393.637715,"-1.11,0.48,1.01,2.99,-56.64,389.53"
1394,2026-07-27T13:54:54.868,57.812095,2.430600,-1.4400,0.1200,2.1900,199.3400,-9.4000,398.5600,2.623757,445.729592,"-1.44,0.12,2.19,199.34,-9.40,398.56"
1395,2026-07-27T13:54:54.868,57.812301,0.205700,-1.0300,-0.3000,2.1900,250.5500,44.1300,267.5200,2.438647,369.174362,"-1.03,-0.30,2.19,250.55,44.13,267.52"
1396,2026-07-27T13:54:54.869,57.812622,0.320800,-0.3200,-0.2900,1.5700,100.6500,86.3600,-23.9900,1.628312,134.773856,"-0.32,-0.29,1.57,100.65,86.36,-23.99"
1397,2026-07-27T13:54:55.048,57.991857,179.235100,-0.0900,0.2500,1.0200,-98.0200,54.4400,-284.4800,1.054040,305.778522,"-0.09,0.25,1.02,-98.02,54.44,-284.48"
1398,2026-07-27T13:54:55.048,57.992201,0.344600,-0.0700,0.8600,0.4400,-216.9200,-32.8400,-364.0100,0.968556,425.012979,"-0.07,0.86,0.44,-216.92,-32.84,-364.01"
1399,2026-07-27T13:54:55.049,57.993423,1.222000,0.0800,1.0000,-0.0700,-225.8300,-64.7600,-232.1200,1.005634,330.261625,"0.08,1.00,-0.07,-225.83,-64.76,-232.12"
1400,2026-07-27T13:54:55.050,57.994094,0.670700,0.1100,0.6600,-0.2300,-164.9800,-53.7100,17.8800,0.707531,174.421498,"0.11,0.66,-0.23,-164.98,-53.71,17.88"
1401,2026-07-27T13:54:55.056,57.999583,5.489100,-0.3400,0.3000,0.2700,-81.9700,-59.6300,228.5800,0.527731,250.047264,"-0.34,0.30,0.27,-81.97,-59.63,228.58"
1402,2026-07-27T13:54:55.110,58.054359,54.775900,-1.2200,0.1800,1.4500,28.9900,-37.2900,313.2900,1.903497,316.830536,"-1.22,0.18,1.45,28.99,-37.29,313.29"
1403,2026-07-27T13:54:55.289,58.232932,178.572600,-1.4600,0.2100,2.4400,141.2400,61.7100,213.1300,2.851193,263.023304,"-1.46,0.21,2.44,141.24,61.71,213.13"
1404,2026-07-27T13:54:55.289,58.233350,0.418100,-0.5600,0.2700,2.4200,171.4500,172.1200,-52.4900,2.498580,248.546971,"-0.56,0.27,2.42,171.45,172.12,-52.49"
1405,2026-07-27T13:54:55.290,58.233587,0.236800,0.2900,0.4300,1.7100,103.3900,153.0200,-276.9200,1.786925,332.850265,"0.29,0.43,1.71,103.39,153.02,-276.92"
1406,2026-07-27T13:54:55.290,58.233661,0.074400,0.3100,0.6300,0.9700,-0.9200,-7.8700,-270.9400,1.197456,271.055837,"0.31,0.63,0.97,-0.92,-7.87,-270.94"
1407,2026-07-27T13:54:55.290,58.233774,0.112900,-0.1200,0.6400,0.4900,-62.1300,-162.9000,-61.5800,0.814923,184.901713,"-0.12,0.64,0.49,-62.13,-162.90,-61.58"
1408,2026-07-27T13:54:55.346,58.290048,56.273900,-0.6900,0.5300,0.1500,-81.4200,-237.2400,231.0200,0.882893,341.001869,"-0.69,0.53,0.15,-81.42,-237.24,231.02"
1409,2026-07-27T13:54:55.410,58.354166,64.118000,-1.0700,0.4300,-0.0100,-121.2800,-222.7200,470.5800,1.153213,534.563909,"-1.07,0.43,-0.01,-121.28,-222.72,470.58"
1410,2026-07-27T13:54:55.410,58.354335,0.169400,-1.1900,0.3600,0.5800,-108.5800,-124.9400,519.4100,1.371896,545.148024,"-1.19,0.36,0.58,-108.58,-124.94,519.41"
1411,2026-07-27T13:54:55.585,58.529003,174.668200,-1.2700,0.1700,1.6500,61.8900,-38.4500,404.4800,2.089091,410.990079,"-1.27,0.17,1.65,61.89,-38.45,404.48"
1412,2026-07-27T13:54:55.585,58.529156,0.152700,-1.0000,-0.1400,2.0000,255.5500,0.4300,210.7500,2.240446,331.242434,"-1.00,-0.14,2.00,255.55,0.43,210.75"
1413,2026-07-27T13:54:55.586,58.529590,0.433700,-0.4000,-0.1900,1.5500,258.0600,24.6000,-38.0200,1.612017,262.003137,"-0.40,-0.19,1.55,258.06,24.60,-38.02"
1414,2026-07-27T13:54:55.586,58.529872,0.282200,-0.0600,0.1600,0.9500,74.2200,24.4800,-224.7900,0.965246,237.988283,"-0.06,0.16,0.95,74.22,24.48,-224.79"
1415,2026-07-27T13:54:55.645,58.589578,59.705600,0.0200,0.6000,0.4300,-130.8000,16.8500,-246.9500,0.738444,279.958684,"0.02,0.60,0.43,-130.80,16.85,-246.95"
1416,2026-07-27T13:54:55.646,58.589747,0.169400,0.1600,0.7500,0.1200,-221.4400,48.2200,-171.0800,0.776209,283.952828,"0.16,0.75,0.12,-221.44,48.22,-171.08"
1417,2026-07-27T13:54:55.825,58.768976,179.228800,0.3300,0.5400,0.1500,-174.3200,102.9100,-103.3300,0.650385,227.277406,"0.33,0.54,0.15,-174.32,102.91,-103.33"
1418,2026-07-27T13:54:55.825,58.769355,0.379500,0.1300,0.3400,0.7500,-51.6400,119.9300,-74.0400,0.833667,150.106016,"0.13,0.34,0.75,-51.64,119.93,-74.04"
1419,2026-07-27T13:54:55.826,58.769659,0.304000,-0.3800,0.3900,1.7700,77.5800,77.6400,-72.5700,1.851864,131.578991,"-0.38,0.39,1.77,77.58,77.64,-72.57"
1420,2026-07-27T13:54:55.826,58.769828,0.168900,-0.4800,0.4500,2.3100,144.8400,31.9200,-90.8200,2.401874,173.913152,"-0.48,0.45,2.31,144.84,31.92,-90.82"
1421,2026-07-27T13:54:56.007,58.951262,181.433900,-0.1200,0.2900,2.1100,136.4100,15.9900,-76.1100,2.133214,157.022611,"-0.12,0.29,2.11,136.41,15.99,-76.11"
1422,2026-07-27T13:54:56.007,58.951529,0.267200,0.0400,0.0500,1.6800,77.4500,-41.6300,31.8000,1.681220,93.502938,"0.04,0.05,1.68,77.45,-41.63,31.80"
1423,2026-07-27T13:54:56.008,58.951646,0.117200,-0.2000,0.0400,1.2200,-54.6300,-167.4800,182.6800,1.236932,253.783312,"-0.20,0.04,1.22,-54.63,-167.48,182.68"
1424,2026-07-27T13:54:56.008,58.951791,0.144400,-0.5600,0.2900,0.6200,-221.3700,-257.6900,275.7000,0.884364,437.514917,"-0.56,0.29,0.62,-221.37,-257.69,275.70"
1425,2026-07-27T13:54:56.008,58.951912,0.121100,-0.8000,0.5400,0.0400,-299.0100,-236.2700,279.1700,0.966023,472.404892,"-0.80,0.54,0.04,-299.01,-236.27,279.17"
1426,2026-07-27T13:54:56.065,59.009083,57.171400,-0.8200,0.5400,0.0100,-205.5100,-145.0200,210.2700,0.981886,327.839341,"-0.82,0.54,0.01,-205.51,-145.02,210.27"
1427,2026-07-27T13:54:56.248,59.192251,183.167600,-0.8600,0.3900,0.7900,35.2200,-66.7100,127.8100,1.231178,148.411821,"-0.86,0.39,0.79,35.22,-66.71,127.81"
1428,2026-07-27T13:54:56.248,59.192557,0.305600,-1.0000,0.2100,1.7400,274.6600,-20.9400,120.7900,2.017845,300.777033,"-1.00,0.21,1.74,274.66,-20.94,120.79"
1429,2026-07-27T13:54:56.249,59.193004,0.447300,-0.7000,0.0900,1.9600,333.6800,35.8300,146.6100,2.083195,366.224826,"-0.70,0.09,1.96,333.68,35.83,146.61"
1430,2026-07-27T13:54:56.249,59.193289,0.285200,-0.0400,0.2100,1.5000,195.9200,101.8100,105.7700,1.515157,244.820782,"-0.04,0.21,1.50,195.92,101.81,105.77"
1431,2026-07-27T13:54:56.249,59.193564,0.274700,0.3700,0.4100,0.9000,27.5900,138.7300,38.2100,1.055936,146.516979,"0.37,0.41,0.90,27.59,138.73,38.21"
1432,2026-07-27T13:54:56.369,59.312958,119.394100,0.5300,0.3800,0.4600,-32.2900,141.6000,-8.9700,0.798060,145.511735,"0.53,0.38,0.46,-32.29,141.60,-8.97"
1433,2026-07-27T13:54:56.369,59.313099,0.141600,0.6100,0.2000,0.2700,-6.7700,118.9000,-42.9700,0.696419,126.607519,"0.61,0.20,0.27,-6.77,118.90,-42.97"
1434,2026-07-27T13:54:56.369,59.313208,0.108200,0.4100,0.0700,0.4000,14.0400,75.9900,-44.1300,0.577062,88.989093,"0.41,0.07,0.40,14.04,75.99,-44.13"
1435,2026-07-27T13:54:56.545,59.489385,176.177700,-0.2100,0.1500,1.1000,32.6500,21.7300,-4.7600,1.129867,39.507885,"-0.21,0.15,1.10,32.65,21.73,-4.76"
1436,2026-07-27T13:54:56.545,59.489559,0.173200,-0.6900,0.2700,1.9000,72.7500,-5.7400,21.7900,2.039363,76.159794,"-0.69,0.27,1.90,72.75,-5.74,21.79"
1437,2026-07-27T13:54:56.546,59.489649,0.090700,-0.5600,0.2000,2.0600,92.5900,24.4800,-21.3600,2.144108,98.124554,"-0.56,0.20,2.06,92.59,24.48,-21.36"
1438,2026-07-27T13:54:56.546,59.489811,0.161800,-0.2300,0.1000,1.7200,81.8500,46.2600,-109.1300,1.738189,144.044323,"-0.23,0.10,1.72,81.85,46.26,-109.13"
1439,2026-07-27T13:54:56.668,59.612459,122.648300,-0.0700,0.1300,1.1600,52.3100,-12.0800,-177.6100,1.169359,185.546691,"-0.07,0.13,1.16,52.31,-12.08,-177.61"
1440,2026-07-27T13:54:56.668,59.612572,0.112700,-0.1000,0.2100,0.5400,1.6500,-104.5500,-181.8800,0.587963,209.794565,"-0.10,0.21,0.54,1.65,-104.55,-181.88"
1441,2026-07-27T13:54:56.669,59.612642,0.070000,-0.2400,0.2900,0.0600,-57.6800,-148.1900,-112.9200,0.381182,195.033805,"-0.24,0.29,0.06,-57.68,-148.19,-112.92"
1442,2026-07-27T13:54:56.728,59.672028,59.386100,-0.4700,0.3500,0.0800,-83.8000,-119.1400,-15.7500,0.591439,146.508846,"-0.47,0.35,0.08,-83.80,-119.14,-15.75"
1443,2026-07-27T13:54:56.846,59.790042,118.013900,-0.7000,0.4000,0.8100,-21.2400,-52.7300,55.7900,1.142847,79.649950,"-0.70,0.40,0.81,-21.24,-52.73,55.79"
1444,2026-07-27T13:54:56.846,59.790163,0.121000,-0.7800,0.3000,1.6100,105.5900,-4.5200,78.1900,1.813974,131.466173,"-0.78,0.30,1.61,105.59,-4.52,78.19"
1445,2026-07-27T13:54:56.846,59.790260,0.097000,-0.6500,0.0700,1.7400,170.7200,-2.8100,71.3500,1.858763,185.051444,"-0.65,0.07,1.74,170.72,-2.81,71.35"
1446,2026-07-27T13:54:56.846,59.790406,0.145600,-0.5400,-0.0300,1.2800,95.0900,-39.6100,75.2000,1.389568,127.538622,"-0.54,-0.03,1.28,95.09,-39.61,75.20"
1447,2026-07-27T13:54:56.969,59.912933,122.527300,-0.4400,0.1800,0.6100,-66.1600,-66.7100,79.5300,0.773369,123.095047,"-0.44,0.18,0.61,-66.16,-66.71,79.53"
1448,2026-07-27T13:54:57.147,60.091198,178.265200,0.0500,0.6100,-0.1500,-171.3900,53.8300,-37.0500,0.630159,183.425471,"0.05,0.61,-0.15,-171.39,53.83,-37.05"
1449,2026-07-27T13:54:57.147,60.091234,0.035400,-0.0100,0.5600,0.5400,-34.7300,118.7100,-100.4600,0.778010,159.343806,"-0.01,0.56,0.54,-34.73,118.71,-100.46"
1450,2026-07-27T13:54:57.148,60.092149,0.915600,-0.0100,0.5600,0.5400,108.5800,134.5200,-101.2000,0.778010,200.316467,"-0.01,0.56,0.54,108.58,134.52,-101.20"
1451,2026-07-27T13:54:57.148,60.092174,0.024400,-0.2500,0.5300,1.7600,155.1500,127.5600,-69.0300,1.854993,212.386951,"-0.25,0.53,1.76,155.15,127.56,-69.03"
1452,2026-07-27T13:54:57.148,60.092264,0.090800,-0.1900,0.4500,2.3700,109.0700,85.4500,-43.7000,2.419814,145.284746,"-0.19,0.45,2.37,109.07,85.45,-43.70"
1453,2026-07-27T13:54:57.267,60.211089,118.825100,-0.0100,0.2600,2.0500,40.0400,-15.5000,-0.4900,2.066446,42.938231,"-0.01,0.26,2.05,40.04,-15.50,-0.49"
1454,2026-07-27T13:54:57.267,60.211243,0.153400,-0.1100,0.1300,1.4200,-35.7700,-118.5300,67.0200,1.430175,140.785419,"-0.11,0.13,1.42,-35.77,-118.53,67.02"
1455,2026-07-27T13:54:57.505,60.449478,238.235400,-0.4800,0.1700,-0.0600,-170.2300,-88.0700,123.9600,0.512738,228.255689,"-0.48,0.17,-0.06,-170.23,-88.07,123.96"
1456,2026-07-27T13:54:57.506,60.449775,0.296700,-0.5500,0.3100,-0.2300,-67.3800,-3.1700,46.4500,0.671937,81.900646,"-0.55,0.31,-0.23,-67.38,-3.17,46.45"
1457,2026-07-27T13:54:57.506,60.449797,0.022500,-0.6000,0.3700,0.6600,-67.3800,-3.1700,46.4500,0.965660,81.900646,"-0.60,0.37,0.66,-67.38,-3.17,46.45"
1458,2026-07-27T13:54:57.506,60.449875,0.077000,-0.5200,0.1300,1.7700,120.2400,37.6000,-49.3800,1.849378,135.313717,"-0.52,0.13,1.77,120.24,37.60,-49.38"
1459,2026-07-27T13:54:57.507,60.450617,0.742500,-0.2800,-0.2600,2.0300,200.8700,40.1000,-89.2300,2.065648,223.425065,"-0.28,-0.26,2.03,200.87,40.10,-89.23"
1460,2026-07-27T13:54:57.507,60.451130,0.513000,-0.2700,-0.3000,1.5900,105.6500,-6.6500,-50.4800,1.640427,117.279049,"-0.27,-0.30,1.59,105.65,-6.65,-50.48"
1461,2026-07-27T13:54:57.565,60.509028,57.897500,-0.4700,0.0700,0.9400,-79.3500,-79.2200,32.3500,1.053281,116.699415,"-0.47,0.07,0.94,-79.35,-79.22,32.35"
1462,2026-07-27T13:54:57.565,60.509222,0.194200,-0.4400,0.4000,0.3000,-216.3700,-83.1300,82.8900,0.666033,246.165241,"-0.44,0.40,0.30,-216.37,-83.13,82.89"
1463,2026-07-27T13:54:57.686,60.629797,120.575500,-0.1800,0.4000,-0.0300,-205.4400,-11.1100,60.9100,0.439659,214.567131,"-0.18,0.40,-0.03,-205.44,-11.11,60.91"
1464,2026-07-27T13:54:57.686,60.630291,0.493600,0.0200,0.2000,0.0400,-96.8000,56.5200,-7.0200,0.204939,112.312202,"0.02,0.20,0.04,-96.80,56.52,-7.02"
1465,2026-07-27T13:54:57.686,60.630439,0.148700,-0.1400,0.0800,0.6600,-14.1000,81.4200,-67.7500,0.679412,106.855458,"-0.14,0.08,0.66,-14.10,81.42,-67.75"
1466,2026-07-27T13:54:57.746,60.689597,59.157200,-0.5400,0.0900,1.6600,12.5700,93.3200,-89.5400,1.747942,129.938597,"-0.54,0.09,1.66,12.57,93.32,-89.54"
1467,2026-07-27T13:54:57.926,60.870463,180.866200,-0.6300,0.0600,2.2300,15.3200,122.6200,-97.5300,2.318060,157.424483,"-0.63,0.06,2.23,15.32,122.62,-97.53"
1468,2026-07-27T13:54:57.927,60.870682,0.218800,-0.3500,-0.0500,2.0700,22.0300,140.7500,-111.3900,2.099976,180.841410,"-0.35,-0.05,2.07,22.03,140.75,-111.39"
1469,2026-07-27T13:54:57.927,60.870828,0.146400,-0.1400,-0.0600,1.4700,19.9000,90.5200,-95.2100,1.477870,132.871459,"-0.14,-0.06,1.47,19.90,90.52,-95.21"
1470,2026-07-27T13:54:57.927,60.870891,0.062700,-0.0900,0.0700,0.7200,-41.0200,-8.5400,-24.4100,0.728972,48.491444,"-0.09,0.07,0.72,-41.02,-8.54,-24.41"
1471,2026-07-27T13:54:57.927,60.871160,0.269100,-0.0800,0.1500,0.0900,-121.5200,-77.8800,68.1800,0.192354,159.627432,"-0.08,0.15,0.09,-121.52,-77.88,68.18"
1472,2026-07-27T13:54:57.988,60.931687,60.526700,-0.1100,0.1500,-0.2100,-136.1700,-98.8800,128.3600,0.280535,211.650214,"-0.11,0.15,-0.21,-136.17,-98.88,128.36"
1473,2026-07-27T13:54:58.285,61.228815,297.128700,-0.3000,0.1200,-0.1000,-90.9400,-104.9800,157.5900,0.338231,210.060687,"-0.30,0.12,-0.10,-90.94,-104.98,157.59"
1474,2026-07-27T13:54:58.285,61.228989,0.173500,-0.7100,-0.0100,0.5000,-11.6000,-108.9500,187.6800,0.868447,217.321064,"-0.71,-0.01,0.50,-11.60,-108.95,187.68"
1475,2026-07-27T13:54:58.286,61.229624,0.635600,-1.1000,-0.1700,1.4400,82.5800,-95.2800,192.3200,1.820027,229.966774,"-1.10,-0.17,1.44,82.58,-95.28,192.32"
1476,2026-07-27T13:54:58.286,61.229872,0.247800,-1.1300,-0.1100,2.1000,146.3600,-57.6200,120.2400,2.387258,197.987302,"-1.13,-0.11,2.10,146.36,-57.62,120.24"
1477,2026-07-27T13:54:58.286,61.230409,0.536400,-0.8100,0.2700,1.8200,120.9700,-29.6000,-27.4000,2.010323,127.517296,"-0.81,0.27,1.82,120.97,-29.60,-27.40"
1478,2026-07-27T13:54:58.287,61.231021,0.612200,-0.5100,0.6500,1.0000,26.8600,-30.3300,-142.2700,1.297151,147.926067,"-0.51,0.65,1.00,26.86,-30.33,-142.27"
1479,2026-07-27T13:54:58.287,61.231482,0.461100,-0.4000,0.6200,0.4800,-26.8600,-23.3200,-102.9700,0.880227,108.940823,"-0.40,0.62,0.48,-26.86,-23.32,-102.97"
1480,2026-07-27T13:54:58.288,61.232091,0.608800,-0.3500,0.2500,0.3500,-22.5200,11.7800,41.9900,0.554527,49.082369,"-0.35,0.25,0.35,-22.52,11.78,41.99"
1481,2026-07-27T13:54:58.406,61.349749,117.658600,-0.2800,-0.0500,0.3600,-15.4400,50.1700,144.1700,0.458803,153.428848,"-0.28,-0.05,0.36,-15.44,50.17,144.17"
1482,2026-07-27T13:54:58.407,61.350628,0.878500,-0.2100,-0.0900,0.3500,-24.5400,66.4100,136.9000,0.417971,154.123683,"-0.21,-0.09,0.35,-24.54,66.41,136.90"
1483,2026-07-27T13:54:58.407,61.351113,0.485500,-0.2600,0.0300,0.4600,-30.0900,57.7400,56.5800,0.529245,86.258983,"-0.26,0.03,0.46,-30.09,57.74,56.58"
1484,2026-07-27T13:54:58.644,61.588386,237.272300,-0.5500,0.1500,0.9700,-10.6800,35.8900,-15.6900,1.125122,40.599638,"-0.55,0.15,0.97,-10.68,35.89,-15.69"
1485,2026-07-27T13:54:58.645,61.588779,0.393700,-0.9000,0.0200,1.6300,16.4200,30.9400,-4.5800,1.862069,35.325294,"-0.90,0.02,1.63,16.42,30.94,-4.58"
1486,2026-07-27T13:54:58.645,61.589299,0.520000,-0.9900,-0.3300,1.8800,12.3900,52.1900,63.6000,2.150209,83.200169,"-0.99,-0.33,1.88,12.39,52.19,63.60"
1487,2026-07-27T13:54:58.646,61.589826,0.526500,-1.0000,-0.4400,1.5800,-34.3600,44.9200,97.3500,1.920937,112.585250,"-1.00,-0.44,1.58,-34.36,44.92,97.35"
1488,2026-07-27T13:54:58.646,61.590356,0.529800,-0.9700,-0.1500,1.0200,-95.8300,9.7700,72.8800,1.415556,120.790464,"-0.97,-0.15,1.02,-95.83,9.77,72.88"
1489,2026-07-27T13:54:58.647,61.590922,0.566100,-0.7600,0.1900,0.5800,-115.1100,14.3400,23.6800,0.974731,118.392103,"-0.76,0.19,0.58,-115.11,14.34,23.68"
1490,2026-07-27T13:54:58.824,61.768388,177.466800,-0.4800,0.2700,0.4400,-68.6000,56.7000,-8.3600,0.704911,89.390937,"-0.48,0.27,0.44,-68.60,56.70,-8.36"
1491,2026-07-27T13:54:58.825,61.768747,0.358300,-0.3100,0.1800,0.5200,-6.3500,93.9300,-1.2800,0.631585,94.153098,"-0.31,0.18,0.52,-6.35,93.93,-1.28"
1492,2026-07-27T13:54:58.825,61.769304,0.557200,-0.2100,0.1000,0.6700,27.1600,108.8900,23.6800,0.709225,114.697167,"-0.21,0.10,0.67,27.16,108.89,23.68"
1493,2026-07-27T13:54:58.826,61.769869,0.565000,-0.1400,0.0700,0.7700,39.9800,97.6600,31.1900,0.785748,110.039502,"-0.14,0.07,0.77,39.98,97.66,31.19"
1494,2026-07-27T13:54:59.004,61.948486,178.617100,-0.2000,0.0400,0.8600,44.3100,61.8900,29.4800,0.883855,81.626090,"-0.20,0.04,0.86,44.31,61.89,29.48"
1495,2026-07-27T13:54:59.005,61.948688,0.202400,-0.4000,0.0200,0.9300,32.1700,23.6800,51.5100,1.012571,65.183828,"-0.40,0.02,0.93,32.17,23.68,51.51"
1496,2026-07-27T13:54:59.005,61.949191,0.502200,-0.5100,0.1100,0.9700,5.1900,9.3400,70.6800,1.101408,71.483104,"-0.51,0.11,0.97,5.19,9.34,70.68"
1497,2026-07-27T13:54:59.006,61.949717,0.526600,-0.4300,0.2700,0.9500,-5.0000,4.2100,31.7400,1.077172,32.406044,"-0.43,0.27,0.95,-5.00,4.21,31.74"
1498,2026-07-27T13:54:59.006,61.950248,0.530600,-0.3500,0.3400,0.8700,19.7100,-22.1600,-32.5300,0.997497,44.019889,"-0.35,0.34,0.87,19.71,-22.16,-32.53"
1499,2026-07-27T13:54:59.124,62.068405,118.157000,-0.4000,0.3400,0.7700,48.6500,-62.5000,-46.3300,0.931933,91.758059,"-0.40,0.34,0.77,48.65,-62.50,-46.33"
1500,2026-07-27T13:54:59.125,62.068743,0.338300,-0.4400,0.3300,0.7500,52.8600,-86.1800,-5.5500,0.930054,101.252035,"-0.44,0.33,0.75,52.86,-86.18,-5.55"
1501,2026-07-27T13:54:59.125,62.069280,0.536700,-0.3000,0.3500,0.9000,30.8200,-80.1400,59.5700,1.011187,104.502999,"-0.30,0.35,0.90,30.82,-80.14,59.57"
1502,2026-07-27T13:54:59.305,62.248842,179.561700,-0.1900,0.3100,1.1600,-8.1200,-54.9300,149.9600,1.215648,159.910103,"-0.19,0.31,1.16,-8.12,-54.93,149.96"
1503,2026-07-27T13:54:59.305,62.249092,0.250300,-0.2100,0.1600,1.3500,-24.5400,-61.5200,187.1300,1.375573,198.505816,"-0.21,0.16,1.35,-24.54,-61.52,187.13"
1504,2026-07-27T13:54:59.305,62.249318,0.226300,-0.3000,0.0700,1.3600,-10.4400,-131.9000,99.7900,1.394453,165.724614,"-0.30,0.07,1.36,-10.44,-131.90,99.79"
1505,2026-07-27T13:54:59.306,62.249801,0.483100,-0.4600,0.1100,1.2100,-13.0000,-200.1300,-4.0300,1.299154,200.592268,"-0.46,0.11,1.21,-13.00,-200.13,-4.03"
1506,2026-07-27T13:54:59.551,62.495416,245.614400,-0.6100,0.1900,1.0200,-40.1000,-205.9900,-40.8900,1.203578,213.803373,"-0.61,0.19,1.02,-40.10,-205.99,-40.89"
1507,2026-07-27T13:54:59.551,62.495527,0.111600,-0.6800,0.2800,0.8800,-60.9700,-163.7000,-49.7400,1.146822,181.629013,"-0.68,0.28,0.88,-60.97,-163.70,-49.74"
1508,2026-07-27T13:54:59.552,62.495633,0.105400,-0.7100,0.3600,0.7800,-59.3300,-102.2900,-55.4200,1.114495,130.593527,"-0.71,0.36,0.78,-59.33,-102.29,-55.42"
1509,2026-07-27T13:54:59.552,62.495737,0.103900,-0.7300,0.3800,0.6800,-37.9600,-35.5800,-50.9000,1.067567,72.785356,"-0.73,0.38,0.68,-37.96,-35.58,-50.90"
1510,2026-07-27T13:54:59.552,62.495836,0.099500,-0.7100,0.3500,0.6600,-9.7000,31.8000,-35.4000,1.030631,48.564287,"-0.71,0.35,0.66,-9.70,31.80,-35.40"
1511,2026-07-27T13:54:59.552,62.495955,0.119000,-0.6500,0.3300,0.7500,12.5100,93.8100,-18.3700,1.045897,96.406810,"-0.65,0.33,0.75,12.51,93.81,-18.37"
1512,2026-07-27T13:54:59.791,62.734963,239.008200,-0.5800,0.3300,0.9300,28.6300,143.3100,-13.1800,1.144640,146.734949,"-0.58,0.33,0.93,28.63,143.31,-13.18"
1513,2026-07-27T13:54:59.791,62.735147,0.183300,-0.4700,0.3100,1.2500,37.7800,196.1700,-25.9400,1.370949,201.451932,"-0.47,0.31,1.25,37.78,196.17,-25.94"
1514,2026-07-27T13:54:59.791,62.735253,0.106100,-0.4200,0.2700,1.2600,28.9300,201.0500,-21.7900,1.355323,204.286200,"-0.42,0.27,1.26,28.93,201.05,-21.79"
1515,2026-07-27T13:54:59.791,62.735370,0.117700,-0.4200,0.2700,1.2600,19.7800,192.5000,-13.0000,1.355323,193.949732,"-0.42,0.27,1.26,19.78,192.50,-13.00"
1516,2026-07-27T13:54:59.791,62.735388,0.018100,-0.3100,0.2200,1.2000,18.9200,167.2400,-13.5500,1.258769,168.851374,"-0.31,0.22,1.20,18.92,167.24,-13.55"
1517,2026-07-27T13:54:59.847,62.790601,55.212200,-0.1400,0.2100,1.1100,24.1100,120.0000,-25.3900,1.138332,125.003777,"-0.14,0.21,1.11,24.11,120.00,-25.39"
1518,2026-07-27T13:54:59.847,62.791427,0.826400,0.0200,0.2200,1.0500,24.9000,57.7400,-36.1900,1.072986,72.550904,"0.02,0.22,1.05,24.90,57.74,-36.19"
1519,2026-07-27T13:55:00.445,63.388624,597.197000,0.0900,0.2600,1.0100,18.8000,-4.3300,-35.4600,1.046805,40.368311,"0.09,0.26,1.01,18.80,-4.33,-35.46"
1520,2026-07-27T13:55:00.445,63.388803,0.178800,0.0100,0.2900,1.1400,10.1300,-109.3700,0.9200,1.176350,109.841978,"0.01,0.29,1.14,10.13,-109.37,0.92"
1521,2026-07-27T13:55:00.445,63.389199,0.396300,-0.1100,0.2400,1.2800,6.3500,-162.1100,14.1000,1.306943,162.845892,"-0.11,0.24,1.28,6.35,-162.11,14.10"
1522,2026-07-27T13:55:00.446,63.389807,0.607700,-0.2600,0.2100,1.4000,0.5500,-208.5600,16.9100,1.439340,209.245129,"-0.26,0.21,1.40,0.55,-208.56,16.91"
1523,2026-07-27T13:55:00.446,63.390302,0.494700,-0.4100,0.2200,1.4200,-3.1700,-235.7200,10.8600,1.494289,235.991328,"-0.41,0.22,1.42,-3.17,-235.72,10.86"
1524,2026-07-27T13:55:00.447,63.391089,0.787600,-0.5200,0.2800,1.3100,-3.1700,-235.7200,10.8600,1.436976,235.991328,"-0.52,0.28,1.31,-3.17,-235.72,10.86"
1525,2026-07-27T13:55:00.447,63.391359,0.270100,-0.5700,0.3500,1.1500,6.7700,-238.6500,-6.7700,1.330376,238.841973,"-0.57,0.35,1.15,6.77,-238.65,-6.77"
1526,2026-07-27T13:55:00.448,63.392128,0.769000,-0.5700,0.3400,1.0200,27.2200,-218.3200,-23.0700,1.216922,221.216581,"-0.57,0.34,1.02,27.22,-218.32,-23.07"
1527,2026-07-27T13:55:00.448,63.392497,0.368700,-0.5600,0.2700,0.9200,38.0900,-179.0800,-19.6500,1.110360,184.137495,"-0.56,0.27,0.92,38.09,-179.08,-19.65"
1528,2026-07-27T13:55:00.449,63.393141,0.643800,-0.5600,0.2000,0.8500,29.4800,-130.3700,-2.6200,1.037352,133.687216,"-0.56,0.20,0.85,29.48,-130.37,-2.62"
1529,2026-07-27T13:55:00.450,63.393704,0.563300,-0.5500,0.1800,0.7900,8.0600,-79.9000,12.0200,0.979285,81.200086,"-0.55,0.18,0.79,8.06,-79.90,12.02"
1530,2026-07-27T13:55:00.450,63.394181,0.477400,-0.5300,0.1900,0.7500,-11.8400,-30.0300,15.1400,0.937817,35.653977,"-0.53,0.19,0.75,-11.84,-30.03,15.14"
1531,2026-07-27T13:55:00.451,63.394801,0.619200,-0.5000,0.2300,0.7500,-20.3900,17.8800,4.9400,0.930269,27.565379,"-0.50,0.23,0.75,-20.39,17.88,4.94"
1532,2026-07-27T13:55:00.451,63.395535,0.734700,-0.4800,0.2700,0.7900,-19.3500,62.1900,-11.6600,0.963016,66.166262,"-0.48,0.27,0.79,-19.35,62.19,-11.66"
1533,2026-07-27T13:55:00.690,63.634232,238.696400,-0.4700,0.3100,0.8700,-14.4700,102.6600,-23.1300,1.036291,106.223601,"-0.47,0.31,0.87,-14.47,102.66,-23.13"
1534,2026-07-27T13:55:00.690,63.634343,0.111600,-0.4800,0.3300,1.0000,-9.0300,140.4400,-23.5600,1.157281,142.688500,"-0.48,0.33,1.00,-9.03,140.44,-23.56"
1535,2026-07-27T13:55:00.690,63.634498,0.154600,-0.4900,0.3200,1.1400,-5.6800,175.1100,-16.2400,1.281444,175.953153,"-0.49,0.32,1.14,-5.68,175.11,-16.24"
1536,2026-07-27T13:55:00.691,63.634619,0.121100,-0.5000,0.3100,1.2400,-4.4600,201.9700,-10.6800,1.372480,202.301347,"-0.50,0.31,1.24,-4.46,201.97,-10.68"
1537,2026-07-27T13:55:00.691,63.634746,0.127300,-0.5200,0.3100,1.2800,-2.4400,215.6400,-15.8700,1.415945,216.236954,"-0.52,0.31,1.28,-2.44,215.64,-15.87"
1538,2026-07-27T13:55:00.691,63.634923,0.176800,-0.4500,0.3300,1.2900,2.2000,214.4800,-35.2800,1.405525,217.373386,"-0.45,0.33,1.29,2.20,214.48,-35.28"
1539,2026-07-27T13:55:00.745,63.689025,54.102300,-0.2800,0.3500,1.2600,8.0600,196.2900,-63.5400,1.337348,206.475324,"-0.28,0.35,1.26,8.06,196.29,-63.54"
1540,2026-07-27T13:55:00.946,63.890278,201.252700,-0.0800,0.3500,1.1700,10.8600,157.5900,-81.3600,1.223846,177.685107,"-0.08,0.35,1.17,10.86,157.59,-81.36"
1541,2026-07-27T13:55:00.946,63.890487,0.209300,0.0300,0.3300,1.0600,5.8000,101.7500,-69.8200,1.110585,123.537585,"0.03,0.33,1.06,5.80,101.75,-69.82"
1542,2026-07-27T13:55:00.947,63.890634,0.146200,0.0400,0.3200,0.9800,-4.7000,38.0200,-32.2300,1.031698,50.063792,"0.04,0.32,0.98,-4.70,38.02,-32.23"
1543,2026-07-27T13:55:00.947,63.890791,0.157200,-0.0400,0.3200,0.9600,-10.8000,-24.1100,8.8500,1.012719,27.861346,"-0.04,0.32,0.96,-10.80,-24.11,8.85"
1544,2026-07-27T13:55:00.947,63.891039,0.248100,-0.1600,0.2900,0.9900,-8.0600,-77.8800,36.9900,1.043935,86.593984,"-0.16,0.29,0.99,-8.06,-77.88,36.99"
1545,2026-07-27T13:55:00.984,63.928507,37.468500,-0.3000,0.2600,1.0400,-3.7200,-118.4700,53.7100,1.113194,130.129718,"-0.30,0.26,1.04,-3.72,-118.47,53.71"
1546,2026-07-27T13:55:01.044,63.988322,59.814400,-0.4100,0.2300,1.1000,-4.2100,-143.8600,61.8300,1.196244,156.640903,"-0.41,0.23,1.10,-4.21,-143.86,61.83"
1547,2026-07-27T13:55:01.045,63.988621,0.299500,-0.4500,0.2100,1.1700,-6.5300,-157.4700,58.5900,1.271023,168.143480,"-0.45,0.21,1.17,-6.53,-157.47,58.59"
1548,2026-07-27T13:55:01.178,64.122004,133.382700,-0.4400,0.1900,1.2700,-8.0600,-166.6900,46.2000,1.357424,173.161658,"-0.44,0.19,1.27,-8.06,-166.69,46.20"
1549,2026-07-27T13:55:01.178,64.122239,0.235200,-0.4100,0.2000,1.3400,-13.3700,-174.2600,33.5700,1.415521,177.966990,"-0.41,0.20,1.34,-13.37,-174.26,33.57"
1550,2026-07-27T13:55:01.178,64.122463,0.223700,-0.4200,0.2400,1.3300,-30.3300,-174.4400,35.7700,1.415238,180.634203,"-0.42,0.24,1.33,-30.33,-174.44,35.77"
1551,2026-07-27T13:55:01.304,64.247775,125.311700,-0.4900,0.2800,1.1700,-57.3100,-162.8400,56.5200,1.299000,181.647494,"-0.49,0.28,1.17,-57.31,-162.84,56.52"
1552,2026-07-27T13:55:01.304,64.247919,0.144200,-0.5700,0.2900,0.9200,-77.0300,-142.5200,71.5300,1.120446,177.093513,"-0.57,0.29,0.92,-77.03,-142.52,71.53"
1553,2026-07-27T13:55:01.304,64.248180,0.260700,-0.6200,0.2800,0.6700,-76.1100,-112.7300,61.0400,0.954830,149.086105,"-0.62,0.28,0.67,-76.11,-112.73,61.04"
1554,2026-07-27T13:55:01.352,64.296074,47.894800,-0.6300,0.2800,0.5200,-53.5300,-69.5800,28.9900,0.863539,92.451379,"-0.63,0.28,0.52,-53.53,-69.58,28.99"
1555,2026-07-27T13:55:01.415,64.359538,63.463300,-0.5900,0.2900,0.5100,-15.9900,-15.5600,-6.7100,0.832046,23.298451,"-0.59,0.29,0.51,-15.99,-15.56,-6.71"
1556,2026-07-27T13:55:01.416,64.359695,0.157400,-0.5400,0.3000,0.6200,21.8500,42.5400,-28.8100,0.875214,55.830907,"-0.54,0.30,0.62,21.85,42.54,-28.81"
1557,2026-07-27T13:55:01.600,64.544145,184.449800,-0.5100,0.3100,0.8000,49.0700,98.2100,-34.4200,0.998098,115.055662,"-0.51,0.31,0.80,49.07,98.21,-34.42"
1558,2026-07-27T13:55:01.600,64.544261,0.115700,-0.4900,0.3100,1.0100,65.6100,146.2400,-32.4100,1.164603,163.527422,"-0.49,0.31,1.01,65.61,146.24,-32.41"
1559,2026-07-27T13:55:01.600,64.544339,0.078100,-0.4700,0.3000,1.2400,71.4100,183.9000,-29.3600,1.359596,199.450765,"-0.47,0.30,1.24,71.41,183.90,-29.36"
1560,2026-07-27T13:55:01.600,64.544421,0.082000,-0.4300,0.3000,1.4100,66.0400,208.1300,-26.9800,1.504327,220.016588,"-0.43,0.30,1.41,66.04,208.13,-26.98"
1561,2026-07-27T13:55:01.649,64.593014,48.593500,-0.3400,0.3000,1.4400,55.5400,211.4300,-32.7100,1.509702,221.036831,"-0.34,0.30,1.44,55.54,211.43,-32.71"
1562,2026-07-27T13:55:01.649,64.593188,0.174300,-0.2300,0.2800,1.3400,47.0600,187.9900,-49.7400,1.388128,200.072365,"-0.23,0.28,1.34,47.06,187.99,-49.74"
1563,2026-07-27T13:55:01.710,64.653730,60.541200,-0.1700,0.2500,1.1600,41.5000,143.3700,-64.0300,1.198749,162.410122,"-0.17,0.25,1.16,41.50,143.37,-64.03"
1564,2026-07-27T13:55:01.950,64.893684,239.954100,-0.1900,0.2200,0.9900,31.6200,93.1400,-59.2700,1.031795,114.838221,"-0.19,0.22,0.99,31.62,93.14,-59.27"
1565,2026-07-27T13:55:01.950,64.893867,0.183400,-0.2200,0.2100,0.8800,14.1600,52.3700,-37.8400,0.931075,66.143693,"-0.22,0.21,0.88,14.16,52.37,-37.84"
1566,2026-07-27T13:55:01.950,64.893955,0.087500,-0.1900,0.2200,0.8600,0.0000,24.1700,-17.0300,0.907800,29.567039,"-0.19,0.22,0.86,0.00,24.17,-17.03"
1567,2026-07-27T13:55:01.950,64.894117,0.162200,-0.1100,0.2200,0.9300,-1.5300,-2.4400,-6.3500,0.961977,6.972589,"-0.11,0.22,0.93,-1.53,-2.44,-6.35"
1568,2026-07-27T13:55:01.950,64.894189,0.072400,-0.0700,0.2200,1.0600,4.0300,-40.7700,-1.4000,1.084850,40.992607,"-0.07,0.22,1.06,4.03,-40.77,-1.40"
1569,2026-07-27T13:55:01.950,64.894487,0.298100,-0.1400,0.2400,1.2000,5.0700,-93.2600,7.0200,1.231747,93.661160,"-0.14,0.24,1.20,5.07,-93.26,7.02"
1570,2026-07-27T13:55:02.130,65.074520,180.032300,-0.3000,0.2600,1.3000,-3.2300,-147.5200,22.6400,1.359265,149.282125,"-0.30,0.26,1.30,-3.23,-147.52,22.64"
1571,2026-07-27T13:55:02.131,65.074768,0.247800,-0.4600,0.2700,1.3000,-18.0100,-185.9700,40.3400,1.405169,191.145276,"-0.46,0.27,1.30,-18.01,-185.97,40.34"
1572,2026-07-27T13:55:02.131,65.074994,0.226600,-0.5700,0.2700,1.2200,-32.8400,-200.2600,50.6000,1.373390,209.148017,"-0.57,0.27,1.22,-32.84,-200.26,50.60"
1573,2026-07-27T13:55:02.131,65.075222,0.227800,-0.5900,0.2800,1.0800,-41.0800,-194.1500,45.8400,1.262101,203.673991,"-0.59,0.28,1.08,-41.08,-194.15,45.84"
1574,2026-07-27T13:55:02.131,65.075333,0.111400,-0.5900,0.2700,0.9500,-38.5100,-175.2300,28.8100,1.150435,181.710179,"-0.59,0.27,0.95,-38.51,-175.23,28.81"
1575,2026-07-27T13:55:02.244,65.188507,113.173700,-0.5900,0.2500,0.8300,-28.9900,-146.2400,13.0000,1.048570,149.651454,"-0.59,0.25,0.83,-28.99,-146.24,13.00"
1576,2026-07-27T13:55:02.245,65.188746,0.239400,-0.5900,0.2400,0.7200,-21.3000,-106.2000,4.5800,0.961301,108.411745,"-0.59,0.24,0.72,-21.30,-106.20,4.58"
1577,2026-07-27T13:55:02.546,65.489623,300.877100,-0.5800,0.2500,0.6500,-16.5400,-56.3400,-1.4000,0.906311,58.734378,"-0.58,0.25,0.65,-16.54,-56.34,-1.40"
1578,2026-07-27T13:55:02.546,65.489809,0.186000,-0.5500,0.2700,0.6700,-8.1200,-0.3100,-6.4100,0.907910,10.349812,"-0.55,0.27,0.67,-8.12,-0.31,-6.41"
1579,2026-07-27T13:55:02.546,65.489969,0.159000,-0.5100,0.2800,0.7600,6.2900,55.3600,-9.7000,0.957131,56.554254,"-0.51,0.28,0.76,6.29,55.36,-9.70"
1580,2026-07-27T13:55:02.546,65.490086,0.117100,-0.4700,0.2500,1.0500,31.4300,142.9400,-12.5100,1.177243,146.888354,"-0.47,0.25,1.05,31.43,142.94,-12.51"
1581,2026-07-27T13:55:02.549,65.492811,2.725400,-0.4400,0.2400,1.1800,35.7700,169.8000,-15.3800,1.282030,174.206996,"-0.44,0.24,1.18,35.77,169.80,-15.38"
1582,2026-07-27T13:55:02.549,65.493065,0.253700,-0.4400,0.2400,1.1800,34.6100,182.5000,-20.7500,1.282030,186.908172,"-0.44,0.24,1.18,34.61,182.50,-20.75"
1583,2026-07-27T13:55:02.550,65.494045,0.980400,-0.3900,0.2400,1.2600,28.6300,180.7300,-28.6300,1.340634,185.209845,"-0.39,0.24,1.26,28.63,180.73,-28.63"
1584,2026-07-27T13:55:02.608,65.551983,57.938200,-0.3200,0.2400,1.2600,19.4700,163.1500,-35.8300,1.321968,168.168940,"-0.32,0.24,1.26,19.47,163.15,-35.83"
1585,2026-07-27T13:55:03.205,66.149201,597.217700,-0.2400,0.2200,1.2000,10.0100,130.6200,-36.8700,1.243382,136.092547,"-0.24,0.22,1.20,10.01,130.62,-36.87"
1586,2026-07-27T13:55:03.205,66.149406,0.204900,-0.1800,0.2100,1.0900,1.4600,89.1100,-29.5400,1.124544,93.890017,"-0.18,0.21,1.09,1.46,89.11,-29.54"
1587,2026-07-27T13:55:03.205,66.149480,0.074500,-0.1600,0.2000,0.9200,-4.8800,8.4200,-8.4800,0.954987,12.908183,"-0.16,0.20,0.92,-4.88,8.42,-8.48"
1588,2026-07-27T13:55:03.206,66.149587,0.106700,-0.1500,0.2000,0.9200,0.1800,-29.6600,-4.0300,0.953362,29.933074,"-0.15,0.20,0.92,0.18,-29.66,-4.03"
1589,2026-07-27T13:55:03.207,66.150615,1.028400,-0.1500,0.2100,0.9800,0.1800,-29.6600,-4.0300,1.013410,29.933074,"-0.15,0.21,0.98,0.18,-29.66,-4.03"
1590,2026-07-27T13:55:03.207,66.150808,0.192200,-0.1800,0.2300,1.0600,6.3500,-69.7000,-1.6500,1.099500,70.008107,"-0.18,0.23,1.06,6.35,-69.70,-1.65"
1591,2026-07-27T13:55:03.208,66.151709,0.901400,-0.2500,0.2400,1.1300,8.7900,-109.3100,3.9100,1.181948,109.732531,"-0.25,0.24,1.13,8.79,-109.31,3.91"
1592,2026-07-27T13:55:03.208,66.152082,0.373400,-0.3400,0.2500,1.1700,5.2500,-141.9700,14.6500,1.243785,142.820397,"-0.34,0.25,1.17,5.25,-141.97,14.65"
1593,2026-07-27T13:55:03.210,66.153825,1.742200,-0.4300,0.2500,1.1600,-2.2000,-162.1700,24.6000,1.262141,164.039961,"-0.43,0.25,1.16,-2.20,-162.17,24.60"
1594,2026-07-27T13:55:03.210,66.154012,0.187200,-0.4900,0.2400,1.1000,-9.4000,-168.5200,27.5300,1.227884,171.012430,"-0.49,0.24,1.10,-9.40,-168.52,27.53"
1595,2026-07-27T13:55:03.210,66.154141,0.129100,-0.5400,0.2300,1.0100,-14.4700,-161.6200,24.6000,1.168161,164.120582,"-0.54,0.23,1.01,-14.47,-161.62,24.60"
1596,2026-07-27T13:55:03.210,66.154238,0.096700,-0.5700,0.2300,0.9000,-17.9400,-142.4600,18.9200,1.089862,144.826315,"-0.57,0.23,0.90,-17.94,-142.46,18.92"
1597,2026-07-27T13:55:03.211,66.155092,0.854500,-0.5900,0.2300,0.8000,-19.3500,-112.7300,11.5400,1.020294,114.959328,"-0.59,0.23,0.80,-19.35,-112.73,11.54"
1598,2026-07-27T13:55:03.211,66.155318,0.226000,-0.5900,0.2300,0.7300,-17.0300,-73.7900,4.3900,0.966385,75.856820,"-0.59,0.23,0.73,-17.03,-73.79,4.39"
1599,2026-07-27T13:55:03.212,66.156336,1.017600,-0.5800,0.2400,0.7000,-10.6200,-26.6100,-0.6700,0.940213,28.658775,"-0.58,0.24,0.70,-10.62,-26.61,-0.67"
1600,2026-07-27T13:55:03.337,66.281148,124.812200,-0.5700,0.2500,0.7300,-1.9500,24.1700,-3.1100,0.959323,24.447157,"-0.57,0.25,0.73,-1.95,24.17,-3.11"
1601,2026-07-27T13:55:03.337,66.281411,0.262800,-0.6000,0.2400,0.7900,4.2700,72.3900,0.7900,1.020637,72.520129,"-0.60,0.24,0.79,4.27,72.39,0.79"
1602,2026-07-27T13:55:03.509,66.453513,172.102000,-0.6500,0.2100,0.8900,4.5800,119.0800,16.9700,1.121918,120.370277,"-0.65,0.21,0.89,4.58,119.08,16.97"
1603,2026-07-27T13:55:03.510,66.453651,0.138500,-0.6700,0.1800,1.0400,2.3800,166.6300,41.5600,1.250160,171.751142,"-0.67,0.18,1.04,2.38,166.63,41.56"
1604,2026-07-27T13:55:03.510,66.453669,0.018200,-0.6100,0.1800,1.2000,6.7100,205.7500,51.7000,1.358124,212.252153,"-0.61,0.18,1.20,6.71,205.75,51.70"
1605,2026-07-27T13:55:03.510,66.453765,0.095700,-0.4700,0.1900,1.2900,23.6200,219.3000,26.0000,1.386038,222.095462,"-0.47,0.19,1.29,23.62,219.30,26.00"
1606,2026-07-27T13:55:03.510,66.453868,0.103200,-0.3100,0.2000,1.2800,43.8200,200.5000,-23.8000,1.332104,206.608041,"-0.31,0.20,1.28,43.82,200.50,-23.80"
1607,2026-07-27T13:55:03.625,66.568670,114.801800,-0.1500,0.2100,1.2100,49.8700,160.9500,-65.3700,1.237215,180.735044,"-0.15,0.21,1.21,49.87,160.95,-65.37"
1608,2026-07-27T13:55:03.625,66.568843,0.172900,-0.0000,0.2300,1.1100,37.9000,108.9500,-80.3200,1.133578,140.562495,"-0.00,0.23,1.11,37.90,108.95,-80.32"
1609,2026-07-27T13:55:03.625,66.569235,0.391900,0.0600,0.2600,1.0300,17.0300,46.5700,-64.4500,1.064002,81.317823,"0.06,0.26,1.03,17.03,46.57,-64.45"
1610,2026-07-27T13:55:03.744,66.688355,119.119600,0.0200,0.2800,1.0200,-0.8500,-18.1300,-24.7800,1.057922,30.715921,"0.02,0.28,1.02,-0.85,-18.13,-24.78"
1611,2026-07-27T13:55:03.745,66.688678,0.323200,-0.0900,0.2700,1.1000,-9.0900,-77.7600,17.3300,1.136222,80.184628,"-0.09,0.27,1.10,-9.09,-77.76,17.33"
1612,2026-07-27T13:55:03.745,66.689146,0.468000,-0.2400,0.2500,1.2100,-9.8900,-129.7000,42.4200,1.258650,136.818707,"-0.24,0.25,1.21,-9.89,-129.70,42.42"
1613,2026-07-27T13:55:03.866,66.810125,120.979000,-0.3800,0.2500,1.2800,-10.0700,-171.2600,47.8500,1.358418,178.103944,"-0.38,0.25,1.28,-10.07,-171.26,47.85"
1614,2026-07-27T13:55:03.867,66.810982,0.857700,-0.5000,0.2500,1.2600,-13.9200,-198.0000,43.9500,1.378441,203.296259,"-0.50,0.25,1.26,-13.92,-198.00,43.95"
1615,2026-07-27T13:55:03.867,66.811202,0.219400,-0.5700,0.2400,1.1600,-20.8100,-205.5100,38.3300,1.314572,210.087137,"-0.57,0.24,1.16,-20.81,-205.51,38.33"
1616,2026-07-27T13:55:03.986,66.930549,119.346800,-0.6000,0.2300,1.0300,-25.5700,-194.0300,30.3300,1.214002,198.043871,"-0.60,0.23,1.03,-25.57,-194.03,30.33"
1617,2026-07-27T13:55:03.987,66.930725,0.176500,-0.6000,0.2200,0.9100,-23.8000,-168.4000,18.6200,1.111980,171.089755,"-0.60,0.22,0.91,-23.80,-168.40,18.62"
1618,2026-07-27T13:55:03.987,66.930887,0.161300,-0.6000,0.2100,0.8300,-17.4000,-133.4200,6.5300,1.045466,134.708193,"-0.60,0.21,0.83,-17.40,-133.42,6.53"
1619,2026-07-27T13:55:04.044,66.988329,57.442600,-0.6000,0.2100,0.7800,-10.1900,-91.5500,-2.2000,1.006231,92.141623,"-0.60,0.21,0.78,-10.19,-91.55,-2.20"
1620,2026-07-27T13:55:04.167,67.111485,123.155700,-0.5900,0.2200,0.7600,-3.9100,-43.6400,-6.9600,0.986965,44.364167,"-0.59,0.22,0.76,-3.91,-43.64,-6.96"
1621,2026-07-27T13:55:04.168,67.111670,0.185200,-0.5700,0.2300,0.8000,2.6200,8.3000,-7.2600,1.008861,11.334108,"-0.57,0.23,0.80,2.62,8.30,-7.26"
1622,2026-07-27T13:55:04.168,67.111727,0.057500,-0.5500,0.2200,0.8800,9.6400,60.4200,-2.0800,1.060802,61.219543,"-0.55,0.22,0.88,9.64,60.42,-2.08"
1623,2026-07-27T13:55:04.225,67.169041,57.314000,-0.5500,0.2000,1.0000,15.3800,108.5800,6.1000,1.158663,109.833377,"-0.55,0.20,1.00,15.38,108.58,6.10"
1624,2026-07-27T13:55:04.225,67.169246,0.204200,-0.5400,0.1900,1.1400,18.6200,148.9900,11.9600,1.275657,150.624587,"-0.54,0.19,1.14,18.62,148.99,11.96"
1625,2026-07-27T13:55:04.284,67.228565,59.319100,-0.5200,0.1600,1.2400,18.4300,177.1900,17.5800,1.354105,179.011221,"-0.52,0.16,1.24,18.43,177.19,17.58"
1626,2026-07-27T13:55:04.645,67.589454,360.889300,-0.5100,0.1100,1.2800,13.4300,190.2500,30.3300,1.382245,193.120005,"-0.51,0.11,1.28,13.43,190.25,30.33"
1627,2026-07-27T13:55:04.646,67.589658,0.204400,-0.5100,0.0300,1.2400,6.3500,186.5800,43.4600,1.341119,191.679917,"-0.51,0.03,1.24,6.35,186.58,43.46"
1628,2026-07-27T13:55:04.646,67.589787,0.128100,-0.5200,-0.0200,1.1400,3.5400,165.6500,41.3200,1.253156,170.762398,"-0.52,-0.02,1.14,3.54,165.65,41.32"
1629,2026-07-27T13:55:04.646,67.590522,0.735800,-0.4900,-0.0400,1.0300,5.6200,137.7600,23.4400,1.141315,139.852907,"-0.49,-0.04,1.03,5.62,137.76,23.44"
1630,2026-07-27T13:55:04.647,67.590915,0.392800,-0.4600,-0.0300,0.9300,3.6600,112.7300,12.8200,1.037979,113.515642,"-0.46,-0.03,0.93,3.66,112.73,12.82"
1631,2026-07-27T13:55:04.650,67.594231,3.316300,-0.4600,-0.0100,0.8400,-5.9800,90.2100,23.0100,0.957758,93.290217,"-0.46,-0.01,0.84,-5.98,90.21,23.01"
1632,2026-07-27T13:55:04.650,67.594570,0.338500,-0.4900,0.0100,0.7500,-17.8800,69.5200,39.5500,0.895935,81.956862,"-0.49,0.01,0.75,-17.88,69.52,39.55"
1633,2026-07-27T13:55:04.651,67.594991,0.421400,-0.4900,0.0500,0.6700,-29.4200,53.8300,46.2600,0.831565,76.832239,"-0.49,0.05,0.67,-29.42,53.83,46.26"
1634,2026-07-27T13:55:04.651,67.595083,0.091300,-0.4300,0.1600,0.6200,-42.7200,44.0700,32.5300,0.771298,69.464841,"-0.43,0.16,0.62,-42.72,44.07,32.53"
1635,2026-07-27T13:55:04.651,67.595182,0.099200,-0.3100,0.3400,0.6300,-57.2500,35.5800,4.1500,0.780128,67.533113,"-0.31,0.34,0.63,-57.25,35.58,4.15"
1636,2026-07-27T13:55:04.705,67.648904,53.722000,-0.2000,0.5200,0.7100,-62.2600,24.0500,-14.1600,0.902497,68.229141,"-0.20,0.52,0.71,-62.26,24.05,-14.16"
1637,2026-07-27T13:55:04.825,67.769453,120.549200,-0.0900,0.6300,0.8800,-45.5900,4.5200,-10.9300,1.086002,47.099293,"-0.09,0.63,0.88,-45.59,4.52,-10.93"
1638,2026-07-27T13:55:04.826,67.769641,0.187800,-0.0200,0.6400,1.0800,-15.1400,-30.5800,8.9100,1.255548,35.266756,"-0.02,0.64,1.08,-15.14,-30.58,8.91"
1639,2026-07-27T13:55:04.826,67.769740,0.099500,-0.0300,0.5900,1.2100,3.0500,-79.1000,42.9700,1.346514,90.069603,"-0.03,0.59,1.21,3.05,-79.10,42.97"
1640,2026-07-27T13:55:04.945,67.888763,119.022700,-0.1500,0.5400,1.2400,1.1000,-131.3500,75.8100,1.360772,151.661428,"-0.15,0.54,1.24,1.10,-131.35,75.81"
1641,2026-07-27T13:55:04.945,67.888986,0.223000,-0.2900,0.4800,1.2600,-2.8100,-176.7600,84.2300,1.379166,195.823100,"-0.29,0.48,1.26,-2.81,-176.76,84.23"
1642,2026-07-27T13:55:04.945,67.889221,0.234900,-0.4100,0.4200,1.2900,2.6200,-205.3800,68.7300,1.417251,216.590909,"-0.41,0.42,1.29,2.62,-205.38,68.73"
1643,2026-07-27T13:55:05.006,67.950094,60.873000,-0.4700,0.3400,1.3500,11.1100,-215.9400,44.3100,1.469354,220.719034,"-0.47,0.34,1.35,11.11,-215.94,44.31"
1644,2026-07-27T13:55:05.185,68.128770,178.676300,-0.5100,0.2800,1.3900,12.4500,-215.7000,20.6900,1.506851,217.047388,"-0.51,0.28,1.39,12.45,-215.70,20.69"
1645,2026-07-27T13:55:05.185,68.129022,0.251800,-0.5600,0.2700,1.2500,-11.2300,-211.0600,-16.0500,1.396066,211.967071,"-0.56,0.27,1.25,-11.23,-211.06,-16.05"
1646,2026-07-27T13:55:05.185,68.129380,0.358300,-0.5800,0.3100,1.0900,-22.2800,-204.2200,-31.2500,1.273028,207.795018,"-0.58,0.31,1.09,-22.28,-204.22,-31.25"
1647,2026-07-27T13:55:05.186,68.129956,0.576000,-0.5800,0.3100,1.0900,-29.9700,-187.5600,-42.5400,1.273028,194.644820,"-0.58,0.31,1.09,-29.97,-187.56,-42.54"
1648,2026-07-27T13:55:05.424,68.368178,238.221500,-0.5900,0.3500,0.8900,-37.8400,-155.1500,-42.1100,1.123699,165.156411,"-0.59,0.35,0.89,-37.84,-155.15,-42.11"
1649,2026-07-27T13:55:05.424,68.368422,0.244100,-0.6000,0.3900,0.6700,-44.2500,-97.6600,-20.7500,0.980306,109.206688,"-0.60,0.39,0.67,-44.25,-97.66,-20.75"
1650,2026-07-27T13:55:05.425,68.368735,0.313400,-0.6000,0.3900,0.4900,-41.8700,-16.7800,12.6300,0.867295,46.842099,"-0.60,0.39,0.49,-41.87,-16.78,12.63"
1651,2026-07-27T13:55:05.425,68.369334,0.598500,-0.5700,0.3800,0.4400,-26.7300,69.4600,33.5100,0.814187,81.621716,"-0.57,0.38,0.44,-26.73,69.46,33.51"
1652,2026-07-27T13:55:05.426,68.369885,0.551100,-0.5100,0.3500,0.7500,17.2100,219.7900,60.1800,0.972163,228.528905,"-0.51,0.35,0.75,17.21,219.79,60.18"
1653,2026-07-27T13:55:05.489,68.432850,62.965200,-0.5900,0.3200,1.1200,27.8300,294.2500,121.2200,1.305718,319.455568,"-0.59,0.32,1.12,27.83,294.25,121.22"
1654,2026-07-27T13:55:05.545,68.489297,56.447200,-0.7300,0.2500,1.6200,27.8300,294.2500,121.2200,1.794380,319.455568,"-0.73,0.25,1.62,27.83,294.25,121.22"
1655,2026-07-27T13:55:05.545,68.489392,0.094800,-0.7900,0.0800,2.1000,25.7600,367.9200,221.1300,2.245106,430.031605,"-0.79,0.08,2.10,25.76,367.92,221.13"
1656,2026-07-27T13:55:05.605,68.548775,59.382400,-0.6300,-0.2000,2.2800,9.7000,411.5000,321.2900,2.373879,522.162431,"-0.63,-0.20,2.28,9.70,411.50,321.29"
1657,2026-07-27T13:55:05.669,68.613266,64.491100,-0.2700,-0.4100,2.1100,-7.0800,387.8800,351.0700,2.166356,523.212352,"-0.27,-0.41,2.11,-7.08,387.88,351.07"
1658,2026-07-27T13:55:05.669,68.613392,0.126600,0.1000,-0.3800,1.7500,-2.5600,287.4100,248.8400,1.793572,380.174180,"0.10,-0.38,1.75,-2.56,287.41,248.84"
1659,2026-07-27T13:55:05.845,68.788666,175.273200,0.1900,-0.2100,1.3600,18.4900,141.4200,74.5800,1.389172,160.946180,"0.19,-0.21,1.36,18.49,141.42,74.58"
1660,2026-07-27T13:55:05.845,68.788852,0.186400,0.0400,-0.1100,1.0700,27.3400,22.2200,-26.6700,1.076383,44.187022,"0.04,-0.11,1.07,27.34,22.22,-26.67"
1661,2026-07-27T13:55:05.846,68.789641,0.789600,-0.1100,-0.1400,0.9600,12.4500,-19.4100,-15.9300,0.976371,28.027049,"-0.11,-0.14,0.96,12.45,-19.41,-15.93"
1662,2026-07-27T13:55:05.846,68.789713,0.071600,-0.1500,-0.1600,1.0100,-16.2400,-7.6900,28.2000,1.033538,33.438207,"-0.15,-0.16,1.01,-16.24,-7.69,28.20"
1663,2026-07-27T13:55:06.265,69.209346,419.633300,-0.1100,-0.0800,1.1000,-44.6800,6.4100,38.6400,1.108377,59.417507,"-0.11,-0.08,1.10,-44.68,6.41,38.64"
1664,2026-07-27T13:55:06.266,69.209582,0.235200,-0.0500,0.0700,1.1800,-62.1900,-3.4800,11.6000,1.183131,63.358239,"-0.05,0.07,1.18,-62.19,-3.48,11.60"
1665,2026-07-27T13:55:06.266,69.209693,0.111300,-0.0500,0.2300,1.2300,-68.6600,-35.8300,-27.2200,1.252318,82.090882,"-0.05,0.23,1.23,-68.66,-35.83,-27.22"
1666,2026-07-27T13:55:06.276,69.220189,10.495700,-0.1100,0.3700,1.2600,-69.4000,-77.4500,-58.4700,1.317801,119.304666,"-0.11,0.37,1.26,-69.40,-77.45,-58.47"
1667,2026-07-27T13:55:06.277,69.220830,0.641700,-0.2000,0.4600,1.2700,-61.4600,-117.9800,-82.7000,1.365467,156.639401,"-0.20,0.46,1.27,-61.46,-117.98,-82.70"
1668,2026-07-27T13:55:06.277,69.221031,0.200300,-0.2700,0.5000,1.2800,-39.5500,-154.4200,-107.6000,1.400464,192.321343,"-0.27,0.50,1.28,-39.55,-154.42,-107.60"
1669,2026-07-27T13:55:06.277,69.221225,0.194900,-0.3300,0.4900,1.3000,-11.6000,-184.3300,-130.0700,1.427936,225.898902,"-0.33,0.49,1.30,-11.60,-184.33,-130.07"
1670,2026-07-27T13:55:06.277,69.221435,0.209600,-0.3700,0.4800,1.3000,9.0900,-203.9800,-142.5200,1.434329,249.002849,"-0.37,0.48,1.30,9.09,-203.98,-142.52"
1671,2026-07-27T13:55:06.277,69.221535,0.100200,-0.4200,0.4900,1.2500,16.5400,-211.7900,-139.0400,1.406769,253.891113,"-0.42,0.49,1.25,16.54,-211.79,-139.04"
1672,2026-07-27T13:55:06.278,69.221629,0.094200,-0.4600,0.4800,1.1300,12.6300,-205.0200,-114.6200,1.311068,235.224280,"-0.46,0.48,1.13,12.63,-205.02,-114.62"
1673,2026-07-27T13:55:06.278,69.221725,0.095300,-0.4700,0.4200,0.9300,3.3000,-178.4700,-72.6300,1.123477,192.711047,"-0.47,0.42,0.93,3.30,-178.47,-72.63"
1674,2026-07-27T13:55:06.325,69.268592,46.867600,-0.4500,0.3300,0.7100,-7.5700,-133.4800,-26.1200,0.903050,136.222134,"-0.45,0.33,0.71,-7.57,-133.48,-26.12"
1675,2026-07-27T13:55:06.386,69.330489,61.897000,-0.4800,0.2600,0.4800,-20.8700,-79.0400,14.2200,0.726911,82.976424,"-0.48,0.26,0.48,-20.87,-79.04,14.22"
1676,2026-07-27T13:55:06.387,69.330646,0.157000,-0.5300,0.2400,0.3600,-33.3300,-17.1500,48.7700,0.684178,61.510359,"-0.53,0.24,0.36,-33.33,-17.15,48.77"
1677,2026-07-27T13:55:06.566,69.509884,179.237800,-0.5600,0.2100,0.4900,-26.5500,53.8900,76.1700,0.773175,97.009811,"-0.56,0.21,0.49,-26.55,53.89,76.17"
1678,2026-07-27T13:55:06.566,69.510044,0.160300,-0.5600,0.1400,0.8700,10.7400,124.5700,86.1200,1.044079,151.821233,"-0.56,0.14,0.87,10.74,124.57,86.12"
1679,2026-07-27T13:55:06.566,69.510061,0.016400,-0.5300,0.0400,1.2600,57.2500,179.3200,77.3900,1.367516,203.525028,"-0.53,0.04,1.26,57.25,179.32,77.39"
1680,2026-07-27T13:55:06.569,69.513130,3.069200,-0.3900,-0.0300,1.5000,76.0500,208.1900,64.1500,1.550161,230.742066,"-0.39,-0.03,1.50,76.05,208.19,64.15"
1681,2026-07-27T13:55:06.625,69.569039,55.909000,-0.0400,-0.0500,1.6000,47.8500,202.8800,64.7000,1.601281,218.256745,"-0.04,-0.05,1.60,47.85,202.88,64.70"
1682,2026-07-27T13:55:06.625,69.569189,0.150400,0.3800,-0.0200,1.6200,-4.5200,151.8600,78.9200,1.664091,171.202384,"0.38,-0.02,1.62,-4.52,151.86,78.92"
1683,2026-07-27T13:55:06.864,69.808554,239.364600,0.6400,-0.0300,1.5000,-39.1200,62.8100,82.0900,1.631104,110.518046,"0.64,-0.03,1.50,-39.12,62.81,82.09"
1684,2026-07-27T13:55:06.865,69.808909,0.354900,0.7700,-0.1000,1.1400,-48.5200,-29.9100,57.3100,1.379311,80.828427,"0.77,-0.10,1.14,-48.52,-29.91,57.31"
1685,2026-07-27T13:55:06.865,69.809304,0.395400,0.8200,-0.1400,0.5900,-54.0800,-103.3900,5.1300,1.019853,116.792360,"0.82,-0.14,0.59,-54.08,-103.39,5.13"
1686,2026-07-27T13:55:06.866,69.809801,0.496600,0.6800,-0.0900,0.1200,-54.2600,-162.2900,-72.2700,0.696348,185.755604,"0.68,-0.09,0.12,-54.26,-162.29,-72.27"
1687,2026-07-27T13:55:06.866,69.810423,0.621800,0.3200,-0.0200,-0.1100,-27.4700,-208.6800,-156.3100,0.338969,262.173148,"0.32,-0.02,-0.11,-27.47,-208.68,-156.31"
1688,2026-07-27T13:55:06.867,69.810934,0.511000,-0.0800,-0.0400,-0.1400,20.6300,-216.6100,-204.2800,0.166132,298.455704,"-0.08,-0.04,-0.14,20.63,-216.61,-204.28"
1689,2026-07-27T13:55:06.925,69.869209,58.275400,-0.3100,-0.1100,-0.0700,49.6800,-165.0400,-194.1500,0.336303,259.616114,"-0.31,-0.11,-0.07,49.68,-165.04,-194.15"
1690,2026-07-27T13:55:07.044,69.988545,119.335800,-0.3000,-0.1300,0.1600,31.5600,-68.9700,-149.4800,0.364005,167.622090,"-0.30,-0.13,0.16,31.56,-68.97,-149.48"
1691,2026-07-27T13:55:07.045,69.988875,0.330200,-0.3100,-0.1300,0.6300,-12.8800,35.0300,-91.5500,0.714073,98.865554,"-0.31,-0.13,0.63,-12.88,35.03,-91.55"
1692,2026-07-27T13:55:07.045,69.989538,0.662700,-0.5100,-0.1000,1.3200,-45.8400,116.5200,-47.6100,1.418626,133.958681,"-0.51,-0.10,1.32,-45.84,116.52,-47.61"
1693,2026-07-27T13:55:07.105,70.049062,59.524300,-0.6000,-0.0200,2.0200,-63.8400,171.8100,-51.2700,2.107321,190.322974,"-0.60,-0.02,2.02,-63.84,171.81,-51.27"
1694,2026-07-27T13:55:07.105,70.049321,0.258800,-0.3600,0.0500,2.3300,-62.8100,192.6900,-80.6900,2.358177,218.140799,"-0.36,0.05,2.33,-62.81,192.69,-80.69"
1695,2026-07-27T13:55:07.165,70.108675,59.353900,-0.0800,0.1200,2.1700,-32.4100,143.6200,-111.5700,2.174787,184.729471,"-0.08,0.12,2.17,-32.41,143.62,-111.57"
1696,2026-07-27T13:55:07.525,70.468832,360.157000,-0.2300,0.1900,1.9700,4.5200,28.3200,-120.3000,1.992461,123.671107,"-0.23,0.19,1.97,4.52,28.32,-120.30"
1697,2026-07-27T13:55:07.525,70.469276,0.444500,-0.7500,0.1400,2.1200,27.4700,-69.4600,-55.2400,2.253109,92.901830,"-0.75,0.14,2.12,27.47,-69.46,-55.24"
1698,2026-07-27T13:55:07.526,70.469649,0.372300,-1.0000,0.1500,2.3200,8.4200,-77.5800,37.8400,2.530790,86.726111,"-1.00,0.15,2.32,8.42,-77.58,37.84"
1699,2026-07-27T13:55:07.526,70.469943,0.294300,-0.7200,0.3700,2.1400,-54.3200,-27.0400,45.9600,2.287990,76.119285,"-0.72,0.37,2.14,-54.32,-27.04,45.96"
1700,2026-07-27T13:55:07.528,70.472231,2.288200,-0.2900,0.5600,1.7700,-97.1700,9.3400,-6.9600,1.878989,97.865653,"-0.29,0.56,1.77,-97.17,9.34,-6.96"
1701,2026-07-27T13:55:07.528,70.472481,0.249400,-0.0400,0.4900,1.4800,-87.7700,6.5300,-15.8100,1.559519,89.421306,"-0.04,0.49,1.48,-87.77,6.53,-15.81"
1702,2026-07-27T13:55:07.529,70.472652,0.171400,-0.0300,0.2600,1.2800,-52.6700,-17.2700,24.6000,1.306484,60.642739,"-0.03,0.26,1.28,-52.67,-17.27,24.60"
1703,2026-07-27T13:55:07.529,70.473013,0.360800,-0.1300,0.0200,1.1600,-14.8300,-33.2600,63.5400,1.167433,73.235839,"-0.13,0.02,1.16,-14.83,-33.26,63.54"
1704,2026-07-27T13:55:07.529,70.473219,0.206400,-0.1500,-0.1300,1.0900,13.3700,-20.4500,71.2900,1.107926,75.360623,"-0.15,-0.13,1.09,13.37,-20.45,71.29"
1705,2026-07-27T13:55:07.529,70.473406,0.186800,-0.0600,-0.1100,0.9900,24.6000,12.5700,38.8200,0.997898,47.646168,"-0.06,-0.11,0.99,24.60,12.57,38.82"
1706,2026-07-27T13:55:07.584,70.528480,55.073800,0.0300,-0.0100,0.8400,28.8100,35.5800,-3.9100,0.840595,45.948238,"0.03,-0.01,0.84,28.81,35.58,-3.91"
1707,2026-07-27T13:55:07.705,70.648870,120.390400,0.0700,0.0900,0.6600,34.0600,38.3300,-19.2900,0.669776,54.784821,"0.07,0.09,0.66,34.06,38.33,-19.29"
1708,2026-07-27T13:55:07.705,70.649186,0.316300,0.0500,0.1300,0.4800,36.2500,26.3700,-1.8300,0.499800,44.864109,"0.05,0.13,0.48,36.25,26.37,-1.83"
1709,2026-07-27T13:55:07.705,70.649424,0.237900,-0.0900,0.1000,0.3000,21.7300,2.9900,51.8200,0.328786,56.271177,"-0.09,0.10,0.30,21.73,2.99,51.82"
1710,2026-07-27T13:55:08.068,71.011736,362.311600,-0.2500,0.0400,0.2500,-42.7900,16.6000,143.0700,0.355809,150.251686,"-0.25,0.04,0.25,-42.79,16.60,143.07"
1711,2026-07-27T13:55:08.068,71.011912,0.176100,-0.1500,0.0400,0.4500,-11.6000,59.0800,68.4800,0.476025,91.183972,"-0.15,0.04,0.45,-11.60,59.08,68.48"
1712,2026-07-27T13:55:08.069,71.012764,0.852200,-0.1500,0.0400,0.4500,54.0200,83.6200,-63.7200,0.476025,118.197729,"-0.15,0.04,0.45,54.02,83.62,-63.72"
1713,2026-07-27T13:55:08.069,71.012978,0.214000,-0.0500,0.0700,0.6200,101.5600,73.7900,-178.3400,0.625939,218.092992,"-0.05,0.07,0.62,101.56,73.79,-178.34"
1714,2026-07-27T13:55:08.069,71.013093,0.114300,-0.0100,0.1400,0.7200,110.9000,35.0300,-211.7900,0.733553,241.621429,"-0.01,0.14,0.72,110.90,35.03,-211.79"
1715,2026-07-27T13:55:08.069,71.013226,0.133700,-0.0800,0.1900,0.8300,91.1900,-8.9700,-148.2500,0.855219,174.281782,"-0.08,0.19,0.83,91.19,-8.97,-148.25"
1716,2026-07-27T13:55:08.069,71.013346,0.120200,-0.2500,0.1500,0.9600,54.6300,-31.9800,-40.1600,1.003295,74.966545,"-0.25,0.15,0.96,54.63,-31.98,-40.16"
1717,2026-07-27T13:55:08.069,71.013484,0.137900,-0.4100,0.0500,1.0300,14.8900,-28.3200,27.9500,1.109730,42.484550,"-0.41,0.05,1.03,14.89,-28.32,27.95"
1718,2026-07-27T13:55:08.425,71.368890,355.405800,-0.4700,-0.0300,1.0300,-6.7700,-11.2300,17.1500,1.132563,21.588615,"-0.47,-0.03,1.03,-6.77,-11.23,17.15"
1719,2026-07-27T13:55:08.426,71.369616,0.725600,-0.3500,0.0400,0.9700,6.7700,7.9300,-85.2700,1.031988,85.905126,"-0.35,0.04,0.97,6.77,7.93,-85.27"
1720,2026-07-27T13:55:08.426,71.369866,0.250000,-0.2600,0.0900,0.9300,10.6800,2.4400,-98.5700,0.969845,99.176917,"-0.26,0.09,0.93,10.68,2.44,-98.57"
1721,2026-07-27T13:55:08.426,71.369955,0.089500,-0.2400,0.1100,0.9000,10.6800,2.4400,-98.5700,0.937923,99.176917,"-0.24,0.11,0.90,10.68,2.44,-98.57"
1722,2026-07-27T13:55:08.426,71.370065,0.109700,-0.2900,0.1300,0.8900,8.9100,-5.1300,-91.8600,0.945040,92.433569,"-0.29,0.13,0.89,8.91,-5.13,-91.86"
1723,2026-07-27T13:55:08.427,71.371287,1.221600,-0.3500,0.1500,0.9300,10.3100,-5.2500,-88.4400,1.004938,89.193566,"-0.35,0.15,0.93,10.31,-5.25,-88.44"
1724,2026-07-27T13:55:08.427,71.371471,0.184500,-0.3600,0.1800,0.9900,20.8700,3.5400,-98.3300,1.068691,100.582689,"-0.36,0.18,0.99,20.87,3.54,-98.33"
1725,2026-07-27T13:55:08.428,71.372174,0.702500,-0.3100,0.1900,1.0300,35.2200,12.5100,-110.9000,1.092291,117.028879,"-0.31,0.19,1.03,35.22,12.51,-110.90"
1726,2026-07-27T13:55:08.485,71.428844,56.670500,-0.2500,0.1800,1.0500,42.9100,12.2700,-109.5600,1.094258,118.301372,"-0.25,0.18,1.05,42.91,12.27,-109.56"
1727,2026-07-27T13:55:08.605,71.549078,120.234200,-0.2300,0.1800,1.0500,41.2600,1.0400,-88.6800,1.089862,97.814169,"-0.23,0.18,1.05,41.26,1.04,-88.68"
1728,2026-07-27T13:55:08.605,71.549328,0.250200,-0.2500,0.1600,1.0300,37.4100,-16.4200,-58.5300,1.071914,71.378466,"-0.25,0.16,1.03,37.41,-16.42,-58.53"
1729,2026-07-27T13:55:08.606,71.549678,0.350000,-0.3000,0.1100,1.0200,38.4500,-33.3900,-34.4800,1.068878,61.499309,"-0.30,0.11,1.02,38.45,-33.39,-34.48"
1730,2026-07-27T13:55:08.665,71.609438,59.759200,-0.3400,0.0700,1.0000,42.2400,-44.1900,-23.1300,1.058537,65.360314,"-0.34,0.07,1.00,42.24,-44.19,-23.13"
1731,2026-07-27T13:55:08.666,71.609589,0.151400,-0.3600,0.0600,0.9700,42.7200,-46.0800,-21.6100,1.036388,66.448152,"-0.36,0.06,0.97,42.72,-46.08,-21.61"
1732,2026-07-27T13:55:08.967,71.910954,301.364900,-0.3600,0.0700,0.9500,40.1600,-38.8200,-26.2500,1.018332,61.716128,"-0.36,0.07,0.95,40.16,-38.82,-26.25"
1733,2026-07-27T13:55:08.967,71.911089,0.135400,-0.3400,0.0900,0.9500,39.5500,-26.3100,-35.7100,1.013015,59.427457,"-0.34,0.09,0.95,39.55,-26.31,-35.71"
1734,2026-07-27T13:55:08.967,71.911162,0.072100,-0.3000,0.1000,0.9700,42.6000,-15.9300,-44.4300,1.020245,63.581049,"-0.30,0.10,0.97,42.60,-15.93,-44.43"
1735,2026-07-27T13:55:08.967,71.911246,0.085000,-0.2700,0.0900,0.9800,45.0400,-12.9400,-43.6400,1.020490,64.035106,"-0.27,0.09,0.98,45.04,-12.94,-43.64"
1736,2026-07-27T13:55:08.967,71.911332,0.085600,-0.2600,0.0700,0.9800,42.3600,-17.5800,-30.9400,1.016317,55.323680,"-0.26,0.07,0.98,42.36,-17.58,-30.94"
1737,2026-07-27T13:55:08.967,71.911430,0.097700,-0.2800,0.0500,0.9600,33.2600,-25.7000,-11.9600,1.001249,43.700792,"-0.28,0.05,0.96,33.26,-25.70,-11.96"
1738,2026-07-27T13:55:08.967,71.911556,0.126000,-0.3100,0.0500,0.9400,21.1800,-31.8600,4.2100,0.991060,38.488649,"-0.31,0.05,0.94,21.18,-31.86,4.21"
1739,2026-07-27T13:55:09.025,71.968705,57.148900,-0.3500,0.0800,0.9300,10.9900,-32.9000,12.0800,0.996895,36.730321,"-0.35,0.08,0.93,10.99,-32.90,12.08"
1740,2026-07-27T13:55:09.025,71.968826,0.121800,-0.3800,0.1400,0.9400,4.9400,-28.6300,14.1600,1.023523,32.320057,"-0.38,0.14,0.94,4.94,-28.63,14.16"
1741,2026-07-27T13:55:09.084,72.028450,59.623400,-0.3800,0.2000,0.9300,1.5900,-20.1400,18.3100,1.024353,27.265432,"-0.38,0.20,0.93,1.59,-20.14,18.31"
1742,2026-07-27T13:55:09.147,72.091107,62.656600,-0.3700,0.2400,0.9000,-1.5300,-6.9600,30.0300,1.002247,30.863950,"-0.37,0.24,0.90,-1.53,-6.96,30.03"
1743,2026-07-27T13:55:09.147,72.091138,0.031200,-0.3600,0.2900,0.8300,-5.8000,8.7900,39.1200,0.950053,40.512696,"-0.36,0.29,0.83,-5.80,8.79,39.12"
1744,2026-07-27T13:55:09.204,72.148466,57.328800,-0.3500,0.3700,0.7800,-5.9800,23.1300,29.4200,0.931558,37.898466,"-0.35,0.37,0.78,-5.98,23.13,29.42"
1745,2026-07-27T13:55:09.567,72.510976,362.509600,-0.3400,0.4300,0.7900,4.7600,35.5200,4.0300,0.961561,36.063401,"-0.34,0.43,0.79,4.76,35.52,4.03"
1746,2026-07-27T13:55:09.567,72.511440,0.464300,-0.3300,0.4500,0.8400,19.1000,46.7500,-16.1700,1.008464,53.026799,"-0.33,0.45,0.84,19.10,46.75,-16.17"
1747,2026-07-27T13:55:09.568,72.511631,0.191100,-0.3100,0.4400,0.9000,21.0600,55.9100,-20.7500,1.048666,63.245665,"-0.31,0.44,0.90,21.06,55.91,-20.75"
1748,2026-07-27T13:55:09.568,72.511902,0.270700,-0.2800,0.4400,0.9100,8.7300,58.4100,-18.9200,1.048857,62.015380,"-0.28,0.44,0.91,8.73,58.41,-18.92"
1749,2026-07-27T13:55:09.568,72.511989,0.086400,-0.2600,0.4200,0.8800,-3.9100,51.7000,-13.7300,1.009158,53.634793,"-0.26,0.42,0.88,-3.91,51.70,-13.73"
1750,2026-07-27T13:55:09.568,72.512045,0.056900,-0.2700,0.3700,0.8600,-9.2200,38.8800,-1.9500,0.974372,40.005816,"-0.27,0.37,0.86,-9.22,38.88,-1.95"
1751,2026-07-27T13:55:09.568,72.512093,0.047300,-0.3000,0.3100,0.8600,-11.1100,25.6300,12.4500,0.962133,30.583190,"-0.30,0.31,0.86,-11.11,25.63,12.45"
1752,2026-07-27T13:55:09.568,72.512333,0.240300,-0.3200,0.2800,0.8600,-14.1600,16.3000,20.9400,0.959375,30.077886,"-0.32,0.28,0.86,-14.16,16.30,20.94"
1753,2026-07-27T13:55:09.568,72.512525,0.191900,-0.3300,0.2900,0.8500,-17.3300,11.7200,18.7400,0.956818,28.086917,"-0.33,0.29,0.85,-17.33,11.72,18.74"
1754,2026-07-27T13:55:09.570,72.514460,1.935200,-0.3300,0.3100,0.8500,-16.1100,10.2500,7.0200,0.963068,20.343918,"-0.33,0.31,0.85,-16.11,10.25,7.02"
1755,2026-07-27T13:55:09.686,72.630147,115.686900,-0.3100,0.3300,0.8600,-10.9300,9.1600,-8.2400,0.971905,16.470219,"-0.31,0.33,0.86,-10.93,9.16,-8.24"
1756,2026-07-27T13:55:09.686,72.630356,0.209200,-0.3000,0.3600,0.8700,-6.7700,5.7400,-18.7400,0.988180,20.735672,"-0.30,0.36,0.87,-6.77,5.74,-18.74"
1757,2026-07-27T13:55:09.746,72.689833,59.476300,-0.3000,0.3700,0.8800,-4.8200,-0.7900,-18.4300,1.000650,19.066237,"-0.30,0.37,0.88,-4.82,-0.79,-18.43"
1758,2026-07-27T13:55:09.746,72.689969,0.136900,-0.3200,0.3600,0.8900,-3.9700,-9.0300,-7.3200,1.011978,12.283493,"-0.32,0.36,0.89,-3.97,-9.03,-7.32"
1759,2026-07-27T13:55:09.984,72.928480,238.510400,-0.3500,0.3200,0.8900,-4.4600,-16.1700,8.2400,1.008464,18.688448,"-0.35,0.32,0.89,-4.46,-16.17,8.24"
1760,2026-07-27T13:55:09.985,72.928682,0.202000,-0.3800,0.2900,0.8900,-5.7400,-19.7100,18.5500,1.010247,27.668289,"-0.38,0.29,0.89,-5.74,-19.71,18.55"
1761,2026-07-27T13:55:09.985,72.929323,0.641400,-0.3800,0.2700,0.8800,-6.3500,-19.1700,18.1300,0.995841,27.138686,"-0.38,0.27,0.88,-6.35,-19.17,18.13"
1762,2026-07-27T13:55:09.986,72.929721,0.397600,-0.3600,0.2600,0.8800,-5.8600,-16.1700,9.8300,0.985698,19.810033,"-0.36,0.26,0.88,-5.86,-16.17,9.83"
1763,2026-07-27T13:55:09.986,72.930407,0.686200,-0.3300,0.2600,0.8800,-6.2300,-13.3700,0.8500,0.975141,14.774718,"-0.33,0.26,0.88,-6.23,-13.37,0.85"
1764,2026-07-27T13:55:09.987,72.930864,0.456700,-0.3200,0.2700,0.8900,-8.8500,-11.3500,-3.1100,0.983565,14.724711,"-0.32,0.27,0.89,-8.85,-11.35,-3.11"
1765,2026-07-27T13:55:10.225,73.168855,237.991200,-0.3100,0.2700,0.9000,-11.1700,-9.2200,-2.6200,0.989444,14.718753,"-0.31,0.27,0.90,-11.17,-9.22,-2.62"
1766,2026-07-27T13:55:10.225,73.168993,0.138400,-0.3200,0.2800,0.9100,-10.5600,-7.6900,-2.9900,1.004440,13.401112,"-0.32,0.28,0.91,-10.56,-7.69,-2.99"
1767,2026-07-27T13:55:10.406,73.350034,181.041000,-0.3300,0.2800,0.9100,-8.2400,-7.9300,-5.5500,1.007671,12.711609,"-0.33,0.28,0.91,-8.24,-7.93,-5.55"
1768,2026-07-27T13:55:10.406,73.350066,0.031600,-0.3300,0.2800,0.9000,-6.5900,-8.7300,-7.5700,0.998649,13.302101,"-0.33,0.28,0.90,-6.59,-8.73,-7.57"
1769,2026-07-27T13:55:10.406,73.350185,0.119200,-0.3200,0.2900,0.8800,-6.3500,-8.7900,-8.3000,0.980255,13.655644,"-0.32,0.29,0.88,-6.35,-8.79,-8.30"
1770,2026-07-27T13:55:10.406,73.350338,0.152300,-0.3100,0.2800,0.8800,-6.5300,-7.9300,-7.4500,0.974115,12.689693,"-0.31,0.28,0.88,-6.53,-7.93,-7.45"
1771,2026-07-27T13:55:10.406,73.350432,0.095000,-0.3000,0.2700,0.8900,-6.2300,-6.6500,-4.7000,0.977241,10.253068,"-0.30,0.27,0.89,-6.23,-6.65,-4.70"
1772,2026-07-27T13:55:10.406,73.350545,0.112800,-0.3000,0.2500,0.9200,-5.3700,-5.4300,-2.3200,0.999450,7.981491,"-0.30,0.25,0.92,-5.37,-5.43,-2.32"
1773,2026-07-27T13:55:10.407,73.351162,0.616400,-0.3000,0.2400,0.9500,-4.0900,-4.4600,-1.2800,1.024744,6.185313,"-0.30,0.24,0.95,-4.09,-4.46,-1.28"
1774,2026-07-27T13:55:10.408,73.352510,1.348000,-0.2900,0.2300,0.9800,-3.1700,-4.2700,0.4900,1.047569,5.340590,"-0.29,0.23,0.98,-3.17,-4.27,0.49"
1775,2026-07-27T13:55:10.465,73.409107,56.597000,-0.3000,0.2200,0.9900,-4.8800,-5.2500,5.3100,1.057592,8.920370,"-0.30,0.22,0.99,-4.88,-5.25,5.31"
1776,2026-07-27T13:55:10.465,73.409262,0.154900,-0.3000,0.2200,0.9700,-8.5400,-6.9000,11.1100,1.038894,15.619657,"-0.30,0.22,0.97,-8.54,-6.90,11.11"
1777,2026-07-27T13:55:10.586,73.530558,121.296200,-0.3300,0.2100,0.9300,-11.2300,-10.5600,12.1500,1.008910,19.627761,"-0.33,0.21,0.93,-11.23,-10.56,12.15"
1778,2026-07-27T13:55:10.587,73.530678,0.120600,-0.3500,0.1800,0.9200,-10.5000,-12.1500,5.4900,1.000650,16.970934,"-0.35,0.18,0.92,-10.50,-12.15,5.49"
1779,2026-07-27T13:55:10.644,73.588477,57.798900,-0.3500,0.1800,0.9200,-7.4500,-14.3400,-11.7800,1.000650,19.997662,"-0.35,0.18,0.92,-7.45,-14.34,-11.78"
1780,2026-07-27T13:55:10.765,73.708803,120.325300,-0.3700,0.1300,0.9100,-2.0800,-18.1900,-38.5700,0.990909,42.694817,"-0.37,0.13,0.91,-2.08,-18.19,-38.57"
1781,2026-07-27T13:55:10.765,73.709423,0.620300,-0.3900,0.1000,0.8900,0.5500,-19.5900,-58.8400,0.976832,62.017870,"-0.39,0.10,0.89,0.55,-19.59,-58.84"
1782,2026-07-27T13:55:10.766,73.709831,0.408300,-0.4000,0.0700,0.8800,-5.2500,-14.9500,-62.1900,0.969175,64.176796,"-0.40,0.07,0.88,-5.25,-14.95,-62.19"
1783,2026-07-27T13:55:10.886,73.830335,120.503400,-0.3800,0.0500,0.9000,-18.0100,-7.2000,-51.0300,0.978213,54.591767,"-0.38,0.05,0.90,-18.01,-7.20,-51.03"
1784,2026-07-27T13:55:10.886,73.830511,0.176300,-0.3300,0.0200,0.9600,-48.0300,4.1500,-11.1100,1.015332,49.472573,"-0.33,0.02,0.96,-48.03,4.15,-11.11"
1785,2026-07-27T13:55:11.127,74.070931,240.420400,-0.3300,-0.0000,0.9800,-59.7500,6.5900,3.3000,1.034070,60.202829,"-0.33,-0.00,0.98,-59.75,6.59,3.30"
1786,2026-07-27T13:55:11.127,74.071363,0.431700,-0.3200,-0.0200,0.9900,-59.7500,6.5900,3.3000,1.040625,60.202829,"-0.32,-0.02,0.99,-59.75,6.59,3.30"
1787,2026-07-27T13:55:11.127,74.071388,0.025100,-0.2800,-0.0500,0.9900,-60.5500,5.1300,13.6100,1.030049,62.272398,"-0.28,-0.05,0.99,-60.55,5.13,13.61"
1788,2026-07-27T13:55:11.127,74.071515,0.126700,-0.2600,-0.0800,0.9800,-53.6500,-1.2800,29.3600,1.017055,61.171648,"-0.26,-0.08,0.98,-53.65,-1.28,29.36"
1789,2026-07-27T13:55:11.128,74.071698,0.183200,-0.2500,-0.1200,0.9600,-47.1800,-10.4400,44.7400,0.999250,65.852970,"-0.25,-0.12,0.96,-47.18,-10.44,44.74"
1790,2026-07-27T13:55:11.128,74.071815,0.117000,-0.2100,-0.1500,0.9800,-44.3700,-17.6400,48.4000,1.013410,67.988429,"-0.21,-0.15,0.98,-44.37,-17.64,48.40"
1791,2026-07-27T13:55:11.189,74.132873,61.057700,-0.1300,-0.1600,1.0200,-45.5300,-23.3200,42.7200,1.040625,66.646843,"-0.13,-0.16,1.02,-45.53,-23.32,42.72"
1792,2026-07-27T13:55:11.189,74.133147,0.274000,-0.0800,-0.1700,1.0400,-47.9700,-31.0100,40.4100,1.056835,69.969344,"-0.08,-0.17,1.04,-47.97,-31.01,40.41"
1793,2026-07-27T13:55:11.724,74.668266,535.119300,-0.0600,-0.2000,1.0500,-46.8700,-41.9900,43.2700,1.070561,76.369169,"-0.06,-0.20,1.05,-46.87,-41.99,43.27"
1794,2026-07-27T13:55:11.724,74.668363,0.096800,-0.0500,-0.2100,1.0400,-44.3700,-55.1800,44.4900,1.062168,83.623498,"-0.05,-0.21,1.04,-44.37,-55.18,44.49"
1795,2026-07-27T13:55:11.725,74.668851,0.488500,-0.0800,-0.2000,0.9900,-39.6700,-63.6000,49.7400,1.013163,89.959638,"-0.08,-0.20,0.99,-39.67,-63.60,49.74"
1796,2026-07-27T13:55:11.725,74.669316,0.464800,-0.1100,-0.2000,0.9700,-22.2800,-59.5100,54.6300,0.996494,83.799018,"-0.11,-0.20,0.97,-22.28,-59.51,54.63"
1797,2026-07-27T13:55:11.726,74.670040,0.723800,-0.0800,-0.2000,0.9700,0.0600,-49.6800,45.5300,0.993630,67.387587,"-0.08,-0.20,0.97,0.06,-49.68,45.53"
1798,2026-07-27T13:55:11.726,74.670470,0.430300,0.0000,-0.2000,0.9700,6.8400,-47.0600,30.0900,0.990404,56.274659,"0.00,-0.20,0.97,6.84,-47.06,30.09"
1799,2026-07-27T13:55:11.727,74.670942,0.471500,0.1200,-0.2000,1.0100,-5.4900,-52.5500,25.8800,1.036581,58.833808,"0.12,-0.20,1.01,-5.49,-52.55,25.88"
1800,2026-07-27T13:55:11.728,74.671689,0.747500,0.1300,-0.2300,1.0400,-26.0600,-59.8100,41.5600,1.073033,77.353690,"0.13,-0.23,1.04,-26.06,-59.81,41.56"
1801,2026-07-27T13:55:11.728,74.672058,0.368400,-0.0300,-0.2700,0.9300,-21.4800,-48.7100,36.0100,0.968865,64.271102,"-0.03,-0.27,0.93,-21.48,-48.71,36.01"
1802,2026-07-27T13:55:11.729,74.673033,0.975200,-0.1400,-0.2700,0.8300,16.7800,-12.3900,-24.1100,0.883968,31.880599,"-0.14,-0.27,0.83,16.78,-12.39,-24.11"
1803,2026-07-27T13:55:11.966,74.910327,237.294600,-0.0900,-0.2300,0.8400,32.7800,13.7900,-51.6400,0.875557,62.700734,"-0.09,-0.23,0.84,32.78,13.79,-51.64"
1804,2026-07-27T13:55:11.967,74.911044,0.716600,0.0400,-0.2200,0.9100,11.1100,2.9900,4.2100,0.937070,12.251380,"0.04,-0.22,0.91,11.11,2.99,4.21"
1805,2026-07-27T13:55:11.967,74.911067,0.023400,0.2600,-0.2000,1.0300,0.1200,-31.1900,85.4500,1.080972,90.964460,"0.26,-0.20,1.03,0.12,-31.19,85.45"
1806,2026-07-27T13:55:11.967,74.911078,0.010500,0.3300,-0.1800,1.1100,13.3100,-69.2100,166.4400,1.171921,180.746933,"0.33,-0.18,1.11,13.31,-69.21,166.44"
1807,2026-07-27T13:55:11.967,74.911087,0.008600,0.1000,-0.1500,1.0400,34.4800,-92.3500,193.4200,1.055509,217.091431,"0.10,-0.15,1.04,34.48,-92.35,193.42"
1808,2026-07-27T13:55:11.967,74.911264,0.177900,-0.0200,-0.0800,0.9300,59.4500,-85.2100,133.4800,0.933649,169.150693,"-0.02,-0.08,0.93,59.45,-85.21,133.48"
1809,2026-07-27T13:55:11.967,74.911282,0.018100,0.0200,-0.0200,0.9700,89.7200,-72.6300,92.8300,0.970412,148.129012,"0.02,-0.02,0.97,89.72,-72.63,92.83"
1810,2026-07-27T13:55:11.970,74.914134,2.851300,0.0900,0.0100,1.0500,111.1500,-74.1000,97.3500,1.053898,165.294147,"0.09,0.01,1.05,111.15,-74.10,97.35"
1811,2026-07-27T13:55:11.970,74.914428,0.294400,0.2300,0.0300,1.0200,120.4800,-72.2000,84.6600,1.046040,163.998738,"0.23,0.03,1.02,120.48,-72.20,84.66"
1812,2026-07-27T13:55:12.025,74.968783,54.355300,0.3800,0.1000,0.9700,159.6700,-66.2200,82.8200,1.046566,191.673550,"0.38,0.10,0.97,159.67,-66.22,82.82"
1813,2026-07-27T13:55:12.025,74.969049,0.265100,0.4500,0.2100,0.9200,229.3700,-61.1600,121.8900,1.045466,266.848861,"0.45,0.21,0.92,229.37,-61.16,121.89"
1814,2026-07-27T13:55:12.566,75.510031,540.982500,0.4100,0.2900,0.8100,275.3900,-34.9100,168.0900,0.953048,324.519042,"0.41,0.29,0.81,275.39,-34.91,168.09"
1815,2026-07-27T13:55:12.566,75.510093,0.061900,0.3200,0.3800,0.6700,253.3000,30.3300,158.6900,0.834086,300.438538,"0.32,0.38,0.67,253.30,30.33,158.69"
1816,2026-07-27T13:55:12.566,75.510436,0.342800,0.2800,0.5300,0.5900,172.7300,73.7900,61.8900,0.841071,197.764985,"0.28,0.53,0.59,172.73,73.79,61.89"
1817,2026-07-27T13:55:12.567,75.510609,0.173600,0.3000,0.6400,0.6200,49.5000,42.8500,-66.4700,0.940213,93.298625,"0.30,0.64,0.62,49.50,42.85,-66.47"
1818,2026-07-27T13:55:12.567,75.510814,0.204400,0.3600,0.6400,0.7300,-88.2600,-11.4700,-145.3900,1.035423,170.468885,"0.36,0.64,0.73,-88.26,-11.47,-145.39"
1819,2026-07-27T13:55:12.567,75.511269,0.455400,0.3700,0.5900,0.8800,-152.2800,-34.9100,-155.4600,1.122230,220.398998,"0.37,0.59,0.88,-152.28,-34.91,-155.46"
1820,2026-07-27T13:55:12.568,75.511682,0.412600,0.3300,0.5600,0.9500,-131.1600,-34.8500,-129.8800,1.151086,187.846433,"0.33,0.56,0.95,-131.16,-34.85,-129.88"
1821,2026-07-27T13:55:12.569,75.512644,0.962500,0.3000,0.5300,0.9000,-90.4500,-37.9000,-98.3300,1.086692,138.875489,"0.30,0.53,0.90,-90.45,-37.90,-98.33"
1822,2026-07-27T13:55:12.569,75.512800,0.156000,0.2900,0.4600,0.8600,-55.9700,-41.4400,-72.3900,1.017497,100.450120,"0.29,0.46,0.86,-55.97,-41.44,-72.39"
1823,2026-07-27T13:55:12.569,75.513352,0.551300,0.3000,0.3800,0.8700,-32.8400,-38.3300,-62.8700,0.995640,80.624385,"0.30,0.38,0.87,-32.84,-38.33,-62.87"
1824,2026-07-27T13:55:12.570,75.513778,0.426500,0.3100,0.3700,0.8800,-36.0100,-40.7700,-75.2600,1.003693,92.860005,"0.31,0.37,0.88,-36.01,-40.77,-75.26"
1825,2026-07-27T13:55:12.624,75.568357,54.579300,0.2600,0.4000,0.8600,-63.9600,-42.7200,-93.2000,0.983463,120.839232,"0.26,0.40,0.86,-63.96,-42.72,-93.20"
1826,2026-07-27T13:55:12.624,75.568555,0.197900,0.2400,0.4500,0.8200,-108.4600,-23.1300,-91.0000,0.965660,143.455807,"0.24,0.45,0.82,-108.46,-23.13,-91.00"
1827,2026-07-27T13:55:12.625,75.569086,0.530800,0.2700,0.3900,0.8600,-137.1500,5.9800,-40.1600,0.982141,143.033942,"0.27,0.39,0.86,-137.15,5.98,-40.16"
1828,2026-07-27T13:55:12.626,75.569612,0.526300,0.2900,0.2300,1.0000,-108.7600,17.0900,58.7200,1.066302,124.775174,"0.29,0.23,1.00,-108.76,17.09,58.72"
1829,2026-07-27T13:55:12.867,75.811301,241.689100,0.3400,0.1700,1.1200,-41.9900,3.9700,160.8300,1.182751,166.268487,"0.34,0.17,1.12,-41.99,3.97,160.83"
1830,2026-07-27T13:55:12.867,75.811419,0.117900,0.3100,0.1400,1.1400,18.1300,-14.0400,239.0700,1.189664,240.167199,"0.31,0.14,1.14,18.13,-14.04,239.07"
1831,2026-07-27T13:55:12.867,75.811470,0.050900,0.1500,0.0200,1.0500,52.0600,-10.9300,280.4000,1.060849,285.401241,"0.15,0.02,1.05,52.06,-10.93,280.40"
1832,2026-07-27T13:55:12.867,75.811519,0.048900,0.1100,-0.0400,0.9100,67.7500,1.9500,231.6900,0.917497,241.400334,"0.11,-0.04,0.91,67.75,1.95,231.69"
1833,2026-07-27T13:55:12.867,75.811561,0.041600,0.2700,0.0100,0.8300,89.4200,1.6500,106.8700,0.872869,139.355143,"0.27,0.01,0.83,89.42,1.65,106.87"
1834,2026-07-27T13:55:12.868,75.811731,0.170300,0.3800,0.0700,0.8600,122.8000,7.3900,16.1100,0.942815,124.072496,"0.38,0.07,0.86,122.80,7.39,16.11"
1835,2026-07-27T13:55:12.989,75.933192,121.460400,0.3800,0.2700,0.9300,158.0800,28.3800,13.3100,1.040288,161.157894,"0.38,0.27,0.93,158.08,28.38,13.31"
1836,2026-07-27T13:55:12.989,75.933382,0.190800,0.2500,0.4600,0.9300,163.3300,45.0400,65.4900,1.067239,181.643141,"0.25,0.46,0.93,163.33,45.04,65.49"
1837,2026-07-27T13:55:12.989,75.933515,0.132900,0.0700,0.4400,0.7800,114.3200,36.8000,90.3300,0.898276,150.275784,"0.07,0.44,0.78,114.32,36.80,90.33"
1838,2026-07-27T13:55:13.166,76.110308,176.792400,0.0900,0.4100,0.6500,86.4300,-5.7400,39.0000,0.773757,94.995224,"0.09,0.41,0.65,86.43,-5.74,39.00"
1839,2026-07-27T13:55:13.166,76.110505,0.197500,0.1900,0.4800,0.6600,121.8900,-56.1500,-42.5400,0.837914,140.782265,"0.19,0.48,0.66,121.89,-56.15,-42.54"
1840,2026-07-27T13:55:13.227,76.171058,60.552500,0.2000,0.5400,0.6000,160.4600,-108.4600,-96.7400,0.831625,216.493905,"0.20,0.54,0.60,160.46,-108.46,-96.74"
1841,2026-07-27T13:55:13.227,76.171213,0.155900,0.2000,0.6200,0.3600,165.7700,-188.6600,-123.1100,0.744312,279.693333,"0.20,0.62,0.36,165.77,-188.66,-123.11"
1842,2026-07-27T13:55:13.227,76.171266,0.053000,0.0900,1.0300,0.0200,56.7600,-294.5600,-137.3900,1.034118,329.944394,"0.09,1.03,0.02,56.76,-294.56,-137.39"
1843,2026-07-27T13:55:13.285,76.229082,57.815400,0.1000,1.2400,0.1800,-35.1000,-243.4700,-144.7800,1.256981,285.431076,"0.10,1.24,0.18,-35.10,-243.47,-144.78"
1844,2026-07-27T13:55:13.524,76.468572,239.490600,0.1000,1.2400,0.1800,-139.4700,-102.2300,-142.8200,1.256981,224.277520,"0.10,1.24,0.18,-139.47,-102.23,-142.82"
1845,2026-07-27T13:55:13.526,76.469925,1.352600,0.3000,1.3100,0.4600,-216.1300,58.3500,-129.7600,1.420458,258.755786,"0.30,1.31,0.46,-216.13,58.35,-129.76"
1846,2026-07-27T13:55:13.526,76.470098,0.172800,0.5300,1.1400,0.7000,-184.0800,124.5700,-116.5800,1.438923,250.986111,"0.53,1.14,0.70,-184.08,124.57,-116.58"
1847,2026-07-27T13:55:13.526,76.470120,0.022000,0.3900,0.9000,0.7400,-58.7200,91.6100,-104.7400,1.228698,151.032772,"0.39,0.90,0.74,-58.72,91.61,-104.74"
1848,2026-07-27T13:55:13.527,76.471199,1.079500,-0.0800,0.7600,0.6000,36.3200,33.5700,-85.3300,0.971597,98.627056,"-0.08,0.76,0.60,36.32,33.57,-85.33"
1849,2026-07-27T13:55:13.646,76.590069,118.869800,-0.4000,0.5100,0.6400,18.1900,43.8800,-42.4200,0.910879,63.685060,"-0.40,0.51,0.64,18.19,43.88,-42.42"
1850,2026-07-27T13:55:13.646,76.590254,0.184900,-0.3300,0.4800,0.7400,25.9400,56.7000,-31.9200,0.941754,70.047555,"-0.33,0.48,0.74,25.94,56.70,-31.92"
1851,2026-07-27T13:55:13.646,76.590278,0.023900,-0.2400,0.6300,0.6400,25.9400,56.7000,-31.9200,0.929570,70.047555,"-0.24,0.63,0.64,25.94,56.70,-31.92"
1852,2026-07-27T13:55:13.705,76.648659,58.381500,-0.2300,0.8100,0.4900,71.4100,83.1900,-15.9900,0.974218,110.795507,"-0.23,0.81,0.49,71.41,83.19,-15.99"
1853,2026-07-27T13:55:13.705,76.648833,0.173400,-0.2300,0.8900,0.4200,113.3400,111.3300,1.1000,1.010643,158.875846,"-0.23,0.89,0.42,113.34,111.33,1.10"
1854,2026-07-27T13:55:13.890,76.834348,185.514700,-0.1900,0.9600,0.3500,122.8600,98.3900,13.7900,1.039327,158.004227,"-0.19,0.96,0.35,122.86,98.39,13.79"
1855,2026-07-27T13:55:13.890,76.834456,0.108000,-0.1400,1.0300,0.3100,70.2500,39.7300,21.0600,1.084712,83.408986,"-0.14,1.03,0.31,70.25,39.73,21.06"
1856,2026-07-27T13:55:13.891,76.834625,0.169000,-0.1400,1.0100,0.3000,-14.8900,-11.2900,35.8300,1.062873,40.409963,"-0.14,1.01,0.30,-14.89,-11.29,35.83"
1857,2026-07-27T13:55:13.891,76.834642,0.017000,-0.1400,0.9400,0.2300,-26.6700,-4.2700,39.9800,0.977804,48.248546,"-0.14,0.94,0.23,-26.67,-4.27,39.98"
1858,2026-07-27T13:55:14.487,77.430613,595.971700,-0.1300,0.9600,0.1400,44.1900,21.6700,15.7500,0.978826,51.675986,"-0.13,0.96,0.14,44.19,21.67,15.75"
1859,2026-07-27T13:55:14.487,77.430749,0.135800,-0.1500,1.0200,0.0500,131.7700,27.2200,-15.6200,1.032182,135.455696,"-0.15,1.02,0.05,131.77,27.22,-15.62"
1860,2026-07-27T13:55:14.487,77.430920,0.170600,-0.2300,1.0600,-0.0200,185.2400,1.2200,-51.3300,1.084850,192.224127,"-0.23,1.06,-0.02,185.24,1.22,-51.33"
1861,2026-07-27T13:55:14.487,77.430943,0.023800,-0.3300,1.0900,-0.0900,180.9700,-38.7600,-67.6300,1.142410,197.043892,"-0.33,1.09,-0.09,180.97,-38.76,-67.63"
1862,2026-07-27T13:55:14.487,77.431007,0.063200,-0.3600,1.0000,-0.1500,109.1900,-51.2100,-35.7700,1.073359,125.795124,"-0.36,1.00,-0.15,109.19,-51.21,-35.77"
1863,2026-07-27T13:55:14.487,77.431111,0.104000,-0.3100,0.9000,-0.1800,28.3800,-34.4200,2.2000,0.968762,44.665432,"-0.31,0.90,-0.18,28.38,-34.42,2.20"
1864,2026-07-27T13:55:14.488,77.431811,0.700700,-0.2600,0.9300,-0.1800,9.9500,-9.4000,18.8600,0.982293,23.303693,"-0.26,0.93,-0.18,9.95,-9.40,18.86"
1865,2026-07-27T13:55:14.488,77.432081,0.269300,-0.2700,0.9800,-0.1200,22.9500,4.5200,33.4500,1.023572,40.817097,"-0.27,0.98,-0.12,22.95,4.52,33.45"
1866,2026-07-27T13:55:14.491,77.435030,2.948900,-0.2700,0.9700,-0.1000,15.6200,9.8300,32.5300,1.011830,37.400725,"-0.27,0.97,-0.10,15.62,9.83,32.53"
1867,2026-07-27T13:55:14.491,77.435318,0.288500,-0.2200,0.8000,-0.1700,-5.3100,31.6800,-1.1600,0.846936,32.142870,"-0.22,0.80,-0.17,-5.31,31.68,-1.16"
1868,2026-07-27T13:55:14.492,77.435742,0.424200,-0.3200,0.5500,-0.1900,-10.0100,37.4100,-102.4800,0.664078,109.552994,"-0.32,0.55,-0.19,-10.01,37.41,-102.48"
1869,2026-07-27T13:55:14.492,77.435957,0.214700,-0.6400,0.4800,-0.3400,136.7200,-3.1100,-296.0800,0.869253,326.137083,"-0.64,0.48,-0.34,136.72,-3.11,-296.08"
1870,2026-07-27T13:55:14.492,77.436163,0.205800,-0.9200,0.5000,-0.4100,241.3900,-96.8600,-371.3400,1.124500,453.370034,"-0.92,0.50,-0.41,241.39,-96.86,-371.34"
1871,2026-07-27T13:55:14.492,77.436560,0.397400,-1.0100,0.4300,-0.2500,92.4100,-135.5000,-237.3000,1.125833,288.463426,"-1.01,0.43,-0.25,92.41,-135.50,-237.30"
1872,2026-07-27T13:55:14.493,77.436777,0.216700,-0.9500,0.3600,-0.1900,-48.5800,-71.2900,-75.6200,1.033538,114.719941,"-0.95,0.36,-0.19,-48.58,-71.29,-75.62"
1873,2026-07-27T13:55:14.493,77.437038,0.261100,-0.8700,0.3900,-0.2100,-58.2900,-25.0900,13.1200,0.976268,64.802520,"-0.87,0.39,-0.21,-58.29,-25.09,13.12"
1874,2026-07-27T13:55:14.724,77.668323,231.284900,-0.8700,0.4100,-0.2200,-18.9200,-18.3100,20.3900,0.986610,33.301270,"-0.87,0.41,-0.22,-18.92,-18.31,20.39"
1875,2026-07-27T13:55:14.724,77.668539,0.216500,-0.9000,0.4000,-0.1800,5.1900,-21.6100,0.9200,1.001199,22.243529,"-0.90,0.40,-0.18,5.19,-21.61,0.92"
1876,2026-07-27T13:55:14.725,77.669326,0.786600,-0.9100,0.3900,-0.1300,6.5900,-24.9600,2.5600,0.998549,25.941922,"-0.91,0.39,-0.13,6.59,-24.96,2.56"
1877,2026-07-27T13:55:14.726,77.669598,0.271900,-0.9100,0.4100,-0.0600,-2.6900,-32.1700,33.5100,0.999900,46.530260,"-0.91,0.41,-0.06,-2.69,-32.17,33.51"
1878,2026-07-27T13:55:14.726,77.670534,0.936500,-0.8800,0.5200,-0.0100,-20.7500,-36.6200,66.5900,1.022204,78.776995,"-0.88,0.52,-0.01,-20.75,-36.62,66.59"
1879,2026-07-27T13:55:14.965,77.908910,238.375400,-0.8300,0.6300,-0.0600,-31.1300,-25.0900,51.3900,1.043743,65.111574,"-0.83,0.63,-0.06,-31.13,-25.09,51.39"
1880,2026-07-27T13:55:14.965,77.909101,0.190900,-0.8900,0.6200,-0.2000,-13.7300,-17.1500,3.6000,1.102951,22.261972,"-0.89,0.62,-0.20,-13.73,-17.15,3.60"
1881,2026-07-27T13:55:14.965,77.909191,0.090000,-0.9600,0.5500,-0.1600,19.5900,-69.2700,-22.3400,1.117900,75.373580,"-0.96,0.55,-0.16,19.59,-69.27,-22.34"
1882,2026-07-27T13:55:14.966,77.910142,0.951800,-0.8000,0.4000,0.1900,5.4900,-188.9000,-7.4500,0.914385,189.126552,"-0.80,0.40,0.19,5.49,-188.90,-7.45"
1883,2026-07-27T13:55:14.966,77.910361,0.218900,-0.4800,0.2400,0.4900,-45.2300,-300.9600,34.9700,0.726705,306.342252,"-0.48,0.24,0.49,-45.23,-300.96,34.97"
1884,2026-07-27T13:55:14.967,77.911260,0.898800,-0.4200,0.3100,0.5200,-39.1200,-274.9600,74.8900,0.736817,287.648897,"-0.42,0.31,0.52,-39.12,-274.96,74.89"
1885,2026-07-27T13:55:15.205,78.148814,237.553700,-0.6500,0.6000,0.4900,9.0900,-127.8700,112.1200,1.011237,170.306369,"-0.65,0.60,0.49,9.09,-127.87,112.12"
1886,2026-07-27T13:55:15.205,78.148935,0.121200,-0.7400,0.6600,0.5100,40.7700,-20.2000,90.1500,1.115034,100.981461,"-0.74,0.66,0.51,40.77,-20.20,90.15"
1887,2026-07-27T13:55:15.205,78.149325,0.389600,-0.6200,0.5200,0.5600,48.8900,9.0900,20.1400,0.984073,53.651466,"-0.62,0.52,0.56,48.89,9.09,20.14"
1888,2026-07-27T13:55:15.206,78.149754,0.429300,-0.4600,0.5000,0.5800,12.7600,6.9600,39.4900,0.893308,42.079916,"-0.46,0.50,0.58,12.76,6.96,39.49"
1889,2026-07-27T13:55:15.207,78.150634,0.880200,-0.4300,0.6100,0.4100,-69.4000,5.8000,181.2700,0.851528,194.187571,"-0.43,0.61,0.41,-69.40,5.80,181.27"
1890,2026-07-27T13:55:15.209,78.153053,2.419200,-0.4300,1.0600,0.1400,-142.9400,-25.4500,357.0600,1.152432,385.449594,"-0.43,1.06,0.14,-142.94,-25.45,357.06"
1891,2026-07-27T13:55:15.265,78.209328,56.274200,-0.1800,1.5300,0.4400,-119.2600,-78.9200,387.2100,1.602155,412.774634,"-0.18,1.53,0.44,-119.26,-78.92,387.21"
1892,2026-07-27T13:55:15.265,78.209358,0.030600,0.0100,1.3100,1.1400,91.9200,-27.3400,147.0300,1.736606,175.540830,"0.01,1.31,1.14,91.92,-27.34,147.03"
1893,2026-07-27T13:55:15.446,78.390448,181.089800,0.0300,0.6500,1.2600,363.2800,82.9500,-196.1100,1.418097,421.084544,"0.03,0.65,1.26,363.28,82.95,-196.11"
1894,2026-07-27T13:55:15.447,78.390583,0.134500,0.0600,0.2800,0.7200,422.7900,124.0200,-335.8800,0.774855,554.028626,"0.06,0.28,0.72,422.79,124.02,-335.88"
1895,2026-07-27T13:55:15.447,78.390772,0.189700,-0.1100,0.2900,-0.0300,284.7900,135.6200,-228.2700,0.311609,389.365280,"-0.11,0.29,-0.03,284.79,135.62,-228.27"
1896,2026-07-27T13:55:15.447,78.390964,0.191800,-0.5200,0.4600,-0.6300,169.0100,132.5700,-116.0900,0.937497,244.164029,"-0.52,0.46,-0.63,169.01,132.57,-116.09"
1897,2026-07-27T13:55:15.806,78.749884,358.919700,-0.7000,0.5600,-0.6500,162.5400,118.7100,-160.0300,1.107294,257.139877,"-0.70,0.56,-0.65,162.54,118.71,-160.03"
1898,2026-07-27T13:55:15.806,78.750351,0.467500,-0.4300,0.3300,-0.2500,211.8500,137.1500,-310.0000,0.596909,399.738096,"-0.43,0.33,-0.25,211.85,137.15,-310.00"
1899,2026-07-27T13:55:15.806,78.750376,0.024500,-0.1200,-0.0800,-0.2700,250.1800,210.8200,-477.0500,0.306105,578.456401,"-0.12,-0.08,-0.27,250.18,210.82,-477.05"
1900,2026-07-27T13:55:15.806,78.750386,0.010500,-0.1200,-0.2300,-0.7900,215.5800,267.0900,-485.6600,0.831505,594.707861,"-0.12,-0.23,-0.79,215.58,267.09,-485.66"
1901,2026-07-27T13:55:15.806,78.750520,0.133800,-0.2800,-0.1900,-1.2000,121.4600,237.0000,-295.5300,1.246796,397.818442,"-0.28,-0.19,-1.20,121.46,237.00,-295.53"
1902,2026-07-27T13:55:15.809,78.753521,3.000700,-0.3000,-0.3600,-1.1600,74.2800,180.4200,-118.1000,1.251080,228.071271,"-0.30,-0.36,-1.16,74.28,180.42,-118.10"
1903,2026-07-27T13:55:15.810,78.753821,0.300700,-0.1500,-0.5900,-1.0200,68.4200,147.8900,-53.5900,1.187855,171.536109,"-0.15,-0.59,-1.02,68.42,147.89,-53.59"
1904,2026-07-27T13:55:15.810,78.754003,0.181300,0.0900,-0.7400,-1.0400,42.3000,130.1300,-49.8000,1.279570,145.613004,"0.09,-0.74,-1.04,42.30,130.13,-49.80"
1905,2026-07-27T13:55:15.810,78.754026,0.023200,0.2900,-0.8800,-1.1300,18.2500,103.5800,-48.0300,1.461301,115.623353,"0.29,-0.88,-1.13,18.25,103.58,-48.03"
1906,2026-07-27T13:55:15.869,78.812999,58.973600,0.3200,-0.9400,-1.2400,6.9600,59.5100,-34.0000,1.588584,68.890360,"0.32,-0.94,-1.24,6.96,59.51,-34.00"
1907,2026-07-27T13:55:15.925,78.868637,55.637700,0.0900,-0.7200,-1.3300,-42.4200,-27.8900,20.9400,1.515058,54.916228,"0.09,-0.72,-1.33,-42.42,-27.89,20.94"
1908,2026-07-27T13:55:16.108,79.051825,183.187400,0.0200,-0.6200,-1.2100,-62.7400,-53.2200,50.5400,1.359743,96.555516,"0.02,-0.62,-1.21,-62.74,-53.22,50.54"
1909,2026-07-27T13:55:16.108,79.052124,0.299500,0.0200,-0.6200,-1.2100,-72.0200,-74.0400,70.1900,1.359743,124.881696,"0.02,-0.62,-1.21,-72.02,-74.04,70.19"
1910,2026-07-27T13:55:16.284,79.228534,176.410000,0.0200,-0.5200,-1.0900,-69.4600,-96.6200,79.9000,1.207849,143.332222,"0.02,-0.52,-1.09,-69.46,-96.62,79.90"
1911,2026-07-27T13:55:16.285,79.228928,0.394200,-0.0300,-0.4200,-1.0300,-56.0900,-119.1400,79.1600,1.112744,153.644828,"-0.03,-0.42,-1.03,-56.09,-119.14,79.16"
1912,2026-07-27T13:55:16.285,79.229113,0.184700,-0.1100,-0.3600,-0.9900,-41.0800,-140.0100,72.0800,1.059151,162.744871,"-0.11,-0.36,-0.99,-41.08,-140.01,72.08"
1913,2026-07-27T13:55:16.288,79.231875,2.761900,-0.1900,-0.3100,-0.9400,-32.9000,-159.9700,69.1500,1.007869,177.354260,"-0.19,-0.31,-0.94,-32.90,-159.97,69.15"
1914,2026-07-27T13:55:16.288,79.232085,0.210300,-0.3000,-0.2300,-0.8400,-35.5200,-183.4100,79.2200,0.921141,202.920445,"-0.30,-0.23,-0.84,-35.52,-183.41,79.22"
1915,2026-07-27T13:55:16.288,79.232253,0.167800,-0.4700,-0.0900,-0.6800,-59.5100,-212.8900,108.8300,0.831505,246.389044,"-0.47,-0.09,-0.68,-59.51,-212.89,108.83"
1916,2026-07-27T13:55:16.526,79.469640,237.387300,-0.6800,0.1600,-0.2800,-158.2000,-248.6600,177.6700,0.752596,344.130302,"-0.68,0.16,-0.28,-158.20,-248.66,177.67"
1917,2026-07-27T13:55:16.526,79.470009,0.368500,-0.5800,0.2100,-0.0400,-195.6200,-248.1700,193.7900,0.618142,370.688680,"-0.58,0.21,-0.04,-195.62,-248.17,193.79"
1918,2026-07-27T13:55:16.526,79.470326,0.316800,-0.5100,0.2900,0.1200,-195.6200,-248.1700,193.7900,0.598832,370.688680,"-0.51,0.29,0.12,-195.62,-248.17,193.79"
1919,2026-07-27T13:55:16.526,79.470346,0.020800,-0.4100,0.4300,0.2200,-237.1200,-279.2400,240.1100,0.633561,438.011055,"-0.41,0.43,0.22,-237.12,-279.24,240.11"
1920,2026-07-27T13:55:16.532,79.475957,5.610900,-0.2800,0.5600,0.2500,-260.2500,-332.7600,314.2700,0.674166,526.521522,"-0.28,0.56,0.25,-260.25,-332.76,314.27"
1921,2026-07-27T13:55:16.532,79.476342,0.384300,-0.3100,0.8000,0.1400,-210.1400,-324.2800,386.0500,0.869310,546.215105,"-0.31,0.80,0.14,-210.14,-324.28,386.05"
1922,2026-07-27T13:55:16.589,79.533493,57.151200,-0.4300,1.1600,0.1000,-115.8400,-207.4000,369.3800,1.241169,439.175648,"-0.43,1.16,0.10,-115.84,-207.40,369.38"
1923,2026-07-27T13:55:16.589,79.533576,0.083100,-0.4000,1.3900,0.4200,-38.0900,-67.8100,204.1000,1.506154,218.416699,"-0.40,1.39,0.42,-38.09,-67.81,204.10"
1924,2026-07-27T13:55:16.645,79.589226,55.650000,-0.1900,1.3900,0.7800,27.7100,20.8100,7.9300,1.605179,35.549755,"-0.19,1.39,0.78,27.71,20.81,7.93"
1925,2026-07-27T13:55:16.885,79.828988,239.762100,0.1300,1.1000,0.8000,82.2100,56.0900,-96.3700,1.366345,138.534289,"0.13,1.10,0.80,82.21,56.09,-96.37"
1926,2026-07-27T13:55:16.885,79.829232,0.244200,0.3500,0.7500,0.6300,105.2200,45.9600,-105.5900,1.040144,155.989801,"0.35,0.75,0.63,105.22,45.96,-105.59"
1927,2026-07-27T13:55:16.886,79.829778,0.545400,0.3100,0.5500,0.4700,92.2200,19.8400,-60.1800,0.787083,111.891851,"0.31,0.55,0.47,92.22,19.84,-60.18"
1928,2026-07-27T13:55:16.886,79.830259,0.481900,-0.0200,0.6000,0.4000,63.7200,9.2800,-5.0000,0.721388,64.586042,"-0.02,0.60,0.40,63.72,9.28,-5.00"
1929,2026-07-27T13:55:16.886,79.830469,0.209200,-0.4800,0.8700,0.4000,27.4000,3.7800,34.7300,1.071121,44.398438,"-0.48,0.87,0.40,27.40,3.78,34.73"
1930,2026-07-27T13:55:16.887,79.831359,0.890700,-0.6400,1.0900,0.3300,-5.4900,-31.8000,42.2400,1.306369,53.156351,"-0.64,1.09,0.33,-5.49,-31.80,42.24"
1931,2026-07-27T13:55:16.945,79.889434,58.074800,-0.4400,1.1500,0.2200,-8.4200,-52.3100,16.7200,1.250800,55.558896,"-0.44,1.15,0.22,-8.42,-52.31,16.72"
1932,2026-07-27T13:55:16.946,79.889596,0.162100,-0.1900,1.0800,0.1400,11.3500,-21.9100,-11.6600,1.105486,27.291504,"-0.19,1.08,0.14,11.35,-21.91,-11.66"
1933,2026-07-27T13:55:17.006,79.949975,60.378400,-0.0200,0.9200,0.1900,31.4900,2.3800,-29.1100,0.939628,42.949698,"-0.02,0.92,0.19,31.49,2.38,-29.11"
1934,2026-07-27T13:55:17.305,80.248670,298.695700,0.0800,0.7600,0.3000,38.4500,-2.7500,-34.1800,0.820975,51.519292,"0.08,0.76,0.30,38.45,-2.75,-34.18"
1935,2026-07-27T13:55:17.305,80.248981,0.310600,0.0800,0.7000,0.4000,22.7700,-7.3200,-15.5600,0.810185,28.533645,"0.08,0.70,0.40,22.77,-7.32,-15.56"
1936,2026-07-27T13:55:17.305,80.249272,0.291000,0.0000,0.7600,0.4700,-11.8400,-4.6400,21.4800,0.893588,24.962083,"0.00,0.76,0.47,-11.84,-4.64,21.48"
1937,2026-07-27T13:55:17.306,80.249927,0.655400,-0.1300,0.9100,0.4300,-43.7600,-12.8800,49.3200,1.014840,67.181057,"-0.13,0.91,0.43,-43.76,-12.88,49.32"
1938,2026-07-27T13:55:17.306,80.250326,0.398300,-0.3500,1.0500,0.3000,-54.6900,-43.2100,46.7500,1.146734,83.926532,"-0.35,1.05,0.30,-54.69,-43.21,46.75"
1939,2026-07-27T13:55:17.307,80.250867,0.541200,-0.4500,1.0600,0.2800,-45.9000,-101.9900,12.0800,1.185116,112.493095,"-0.45,1.06,0.28,-45.90,-101.99,12.08"
1940,2026-07-27T13:55:17.307,80.251396,0.529000,-0.2400,0.9700,0.4000,-31.7400,-134.7000,-24.0500,1.076336,140.463234,"-0.24,0.97,0.40,-31.74,-134.70,-24.05"
1941,2026-07-27T13:55:17.309,80.252776,1.379700,0.1100,0.9100,0.4400,-22.0300,-78.9800,-18.4900,1.016760,84.053801,"0.11,0.91,0.44,-22.03,-78.98,-18.49"
1942,2026-07-27T13:55:17.546,80.489955,237.179100,0.2800,0.9000,0.3700,-9.7000,26.8600,27.1000,1.012571,39.369526,"0.28,0.90,0.37,-9.70,26.86,27.10"
1943,2026-07-27T13:55:17.546,80.490157,0.202100,0.2100,0.9400,0.3000,8.7900,93.8100,62.7400,1.008811,113.198444,"0.21,0.94,0.30,8.79,93.81,62.74"
1944,2026-07-27T13:55:17.546,80.490212,0.055400,0.0600,0.9400,0.3500,16.8500,76.1100,55.6600,1.004838,95.784603,"0.06,0.94,0.35,16.85,76.11,55.66"
1945,2026-07-27T13:55:17.546,80.490345,0.132600,-0.0500,0.8900,0.4700,7.8100,13.3700,26.1800,1.007720,30.416203,"-0.05,0.89,0.47,7.81,13.37,26.18"
1946,2026-07-27T13:55:17.546,80.490551,0.206200,-0.0600,0.8600,0.5300,-5.1900,-30.8800,5.0700,1.011978,31.720898,"-0.06,0.86,0.53,-5.19,-30.88,5.07"
1947,2026-07-27T13:55:17.547,80.491379,0.827700,0.0100,0.8700,0.5100,-12.3900,-38.8200,-1.2200,1.008514,40.767547,"0.01,0.87,0.51,-12.39,-38.82,-1.22"
1948,2026-07-27T13:55:17.664,80.608565,117.186100,0.0600,0.9000,0.4700,-12.7600,-24.3500,1.9500,1.017104,27.559800,"0.06,0.90,0.47,-12.76,-24.35,1.95"
1949,2026-07-27T13:55:17.665,80.608776,0.211700,0.0700,0.9100,0.4500,-8.9700,-8.1800,6.7100,1.017595,13.870739,"0.07,0.91,0.45,-8.97,-8.18,6.71"
1950,2026-07-27T13:55:17.665,80.609193,0.416800,0.0800,0.9000,0.4500,-4.8200,-1.3400,7.5700,1.009406,9.073748,"0.08,0.90,0.45,-4.82,-1.34,7.57"
1951,2026-07-27T13:55:17.728,80.671807,62.613600,0.1000,0.8900,0.4500,-2.4400,-1.5900,5.9200,1.002297,6.597583,"0.10,0.89,0.45,-2.44,-1.59,5.92"
1952,2026-07-27T13:55:17.905,80.848594,176.787000,0.1000,0.8800,0.4600,-0.6100,-4.1500,2.2600,0.997998,4.764683,"0.10,0.88,0.46,-0.61,-4.15,2.26"
1953,2026-07-27T13:55:17.905,80.848710,0.116400,0.0700,0.8700,0.4800,1.8300,-6.7100,-4.3900,0.996092,8.224664,"0.07,0.87,0.48,1.83,-6.71,-4.39"
1954,2026-07-27T13:55:17.905,80.849212,0.502000,0.0500,0.8700,0.5000,2.6900,-8.2400,-11.4700,1.004689,14.376877,"0.05,0.87,0.50,2.69,-8.24,-11.47"
1955,2026-07-27T13:55:17.906,80.849686,0.473900,0.0300,0.8900,0.5000,0.0000,-6.5900,-13.3700,1.021274,14.905871,"0.03,0.89,0.50,0.00,-6.59,-13.37"
1956,2026-07-27T13:55:17.906,80.850223,0.537100,0.0200,0.9000,0.4900,-4.8200,-1.5300,-8.6700,1.024939,10.037041,"0.02,0.90,0.49,-4.82,-1.53,-8.67"
1957,2026-07-27T13:55:18.265,81.208821,358.597400,0.0100,0.9200,0.4200,-7.8700,5.0000,-1.0400,1.011385,9.381818,"0.01,0.92,0.42,-7.87,5.00,-1.04"
1958,2026-07-27T13:55:18.265,81.208969,0.148100,0.0100,0.9200,0.3800,-2.8700,12.6300,3.3000,0.995440,13.365770,"0.01,0.92,0.38,-2.87,12.63,3.30"
1959,2026-07-27T13:55:18.265,81.209551,0.582100,0.0000,0.8700,0.4400,10.8000,20.6300,0.4900,0.974936,23.291136,"0.00,0.87,0.44,10.80,20.63,0.49"
1960,2026-07-27T13:55:18.266,81.209888,0.337300,-0.0200,0.8300,0.5200,19.1700,27.9500,-2.0100,0.979643,33.951900,"-0.02,0.83,0.52,19.17,27.95,-2.01"
1961,2026-07-27T13:55:18.269,81.213065,3.176400,-0.0200,0.8400,0.5300,10.3800,28.2000,0.8500,0.993428,30.061718,"-0.02,0.84,0.53,10.38,28.20,0.85"
1962,2026-07-27T13:55:18.269,81.213086,0.021600,0.0300,0.8600,0.4900,-9.8900,16.8500,5.4300,0.990252,20.278548,"0.03,0.86,0.49,-9.89,16.85,5.43"
1963,2026-07-27T13:55:18.269,81.213170,0.084000,0.1000,0.8800,0.4400,-26.0000,8.0000,13.0600,0.988939,30.175546,"0.10,0.88,0.44,-26.00,8.00,13.06"
1964,2026-07-27T13:55:18.269,81.213374,0.203400,0.1200,0.8700,0.4300,-27.9500,13.8500,23.2500,0.977855,38.904852,"0.12,0.87,0.43,-27.95,13.85,23.25"
1965,2026-07-27T13:55:18.269,81.213487,0.113500,0.1000,0.8400,0.4800,-20.3900,23.0700,28.8700,0.972625,42.207273,"0.10,0.84,0.48,-20.39,23.07,28.87"
1966,2026-07-27T13:55:18.385,81.329420,115.932500,0.1100,0.8100,0.5500,-13.2400,23.8600,28.5000,0.985241,39.456903,"0.11,0.81,0.55,-13.24,23.86,28.50"
1967,2026-07-27T13:55:18.385,81.329567,0.147700,0.1600,0.8200,0.5600,-9.4600,25.1500,31.3700,1.005783,41.304854,"0.16,0.82,0.56,-9.46,25.15,31.37"
1968,2026-07-27T13:55:18.386,81.329633,0.065500,0.2300,0.8600,0.5200,-5.9800,43.4600,47.3000,1.030970,64.512185,"0.23,0.86,0.52,-5.98,43.46,47.30"
1969,2026-07-27T13:55:18.444,81.388499,58.866300,0.2600,0.8900,0.4500,-0.4900,77.2700,69.6400,1.030631,104.022222,"0.26,0.89,0.45,-0.49,77.27,69.64"
1970,2026-07-27T13:55:18.685,81.628688,240.188600,0.2600,0.9200,0.4300,1.5300,101.6800,82.4600,1.048284,130.922935,"0.26,0.92,0.43,1.53,101.68,82.46"
1971,2026-07-27T13:55:18.685,81.628875,0.187300,0.1900,0.9300,0.3800,-2.2000,102.1700,81.9700,1.022448,131.006220,"0.19,0.93,0.38,-2.20,102.17,81.97"
1972,2026-07-27T13:55:18.686,81.629771,0.895900,0.1500,0.9100,0.3600,-2.7500,78.0000,63.7200,0.990051,100.756146,"0.15,0.91,0.36,-2.75,78.00,63.72"
1973,2026-07-27T13:55:18.686,81.630227,0.455900,0.1900,0.8500,0.4500,4.3300,48.2200,35.6400,0.980357,60.117609,"0.19,0.85,0.45,4.33,48.22,35.64"
1974,2026-07-27T13:55:18.687,81.630754,0.527400,0.0600,0.8800,0.4600,5.8000,56.7000,29.8500,0.994786,64.339354,"0.06,0.88,0.46,5.80,56.70,29.85"
1975,2026-07-27T13:55:18.926,81.869690,238.936200,0.0900,0.9600,0.3300,-10.1900,47.9100,30.7000,1.019117,57.807389,"0.09,0.96,0.33,-10.19,47.91,30.70"
1976,2026-07-27T13:55:18.926,81.870027,0.336600,0.0900,0.9600,0.3300,-21.0000,36.9900,27.1000,1.019117,50.434810,"0.09,0.96,0.33,-21.00,36.99,27.10"
1977,2026-07-27T13:55:18.926,81.870221,0.194200,0.2000,1.0200,0.2000,-13.1200,41.3800,26.0000,1.058489,50.600779,"0.20,1.02,0.20,-13.12,41.38,26.00"
1978,2026-07-27T13:55:18.927,81.870699,0.477400,0.2500,1.0600,0.1600,9.4000,33.6300,20.0800,1.100772,40.280806,"0.25,1.06,0.16,9.40,33.63,20.08"
1979,2026-07-27T13:55:18.927,81.870759,0.060000,0.3000,1.1400,0.2100,41.6300,-0.7300,7.2000,1.197372,42.254347,"0.30,1.14,0.21,41.63,-0.73,7.20"
1980,2026-07-27T13:55:18.927,81.870910,0.151500,0.3100,1.1700,0.3400,74.3400,-34.3000,-6.1000,1.257219,82.098329,"0.31,1.17,0.34,74.34,-34.30,-6.10"
1981,2026-07-27T13:55:18.985,81.928918,58.007700,-0.2500,1.0000,0.5900,121.0300,-26.9800,-65.2500,1.187687,140.120462,"-0.25,1.00,0.59,121.03,-26.98,-65.25"
1982,2026-07-27T13:55:19.407,82.351192,422.273800,-0.3300,0.9600,0.7000,125.1800,21.9100,-74.6500,1.233086,147.386237,"-0.33,0.96,0.70,125.18,21.91,-74.65"
1983,2026-07-27T13:55:19.407,82.351446,0.254100,-0.2100,0.9800,0.6800,125.1800,21.9100,-74.6500,1.211156,147.386237,"-0.21,0.98,0.68,125.18,21.91,-74.65"
1984,2026-07-27T13:55:19.407,82.351558,0.112600,-0.0000,1.0100,0.5600,112.5500,47.4900,-67.6900,1.154859,139.659367,"-0.00,1.01,0.56,112.55,47.49,-67.69"
1985,2026-07-27T13:55:19.408,82.351793,0.235000,0.0600,0.9600,0.4500,93.9300,34.2400,-62.5600,1.061932,117.936322,"0.06,0.96,0.45,93.93,34.24,-62.56"
1986,2026-07-27T13:55:19.408,82.351816,0.022400,-0.0300,0.8400,0.3900,65.6700,3.2300,-58.2300,0.926607,87.827756,"-0.03,0.84,0.39,65.67,3.23,-58.23"
1987,2026-07-27T13:55:19.408,82.352004,0.188500,-0.0600,0.7300,0.3400,28.3800,-7.1400,-49.1300,0.807527,57.185321,"-0.06,0.73,0.34,28.38,-7.14,-49.13"
1988,2026-07-27T13:55:19.408,82.352076,0.071400,0.0300,0.6900,0.2900,-1.2200,22.3400,-32.6500,0.749066,39.580128,"0.03,0.69,0.29,-1.22,22.34,-32.65"
1989,2026-07-27T13:55:19.408,82.352147,0.071100,0.0900,0.6700,0.2500,-23.5600,54.9300,-9.8300,0.720763,60.572332,"0.09,0.67,0.25,-23.56,54.93,-9.83"
1990,2026-07-27T13:55:19.409,82.353501,1.354300,0.0700,0.6900,0.2300,-44.1900,63.9000,13.3100,0.730685,78.823361,"0.07,0.69,0.23,-44.19,63.90,13.31"
1991,2026-07-27T13:55:19.410,82.353678,0.177500,0.0200,0.8000,0.2400,-60.4900,63.8400,34.4800,0.835464,94.464047,"0.02,0.80,0.24,-60.49,63.84,34.48"
1992,2026-07-27T13:55:19.645,82.588854,235.175900,-0.1200,1.0800,0.0700,-82.1500,59.0200,61.2800,1.088899,118.267583,"-0.12,1.08,0.07,-82.15,59.02,61.28"
1993,2026-07-27T13:55:19.645,82.589365,0.510700,-0.2200,1.6000,-0.2800,-105.4100,39.3100,99.4900,1.639146,150.182570,"-0.22,1.60,-0.28,-105.41,39.31,99.49"
1994,2026-07-27T13:55:19.645,82.589527,0.162300,-0.1700,1.6900,-0.2800,-88.2600,28.7500,136.9600,1.721453,165.452204,"-0.17,1.69,-0.28,-88.26,28.75,136.96"
1995,2026-07-27T13:55:19.646,82.589782,0.254700,-0.1200,1.0400,0.0500,-4.8200,28.8100,114.2600,1.048094,117.934711,"-0.12,1.04,0.05,-4.82,28.81,114.26"
1996,2026-07-27T13:55:19.646,82.590561,0.778700,-0.0000,0.5300,0.3100,66.9600,-1.1000,21.8500,0.614003,70.443411,"-0.00,0.53,0.31,66.96,-1.10,21.85"
1997,2026-07-27T13:55:19.647,82.590844,0.283500,0.2700,0.6600,0.5300,41.9300,-62.6200,-58.9600,0.888482,95.685270,"0.27,0.66,0.53,41.93,-62.62,-58.96"
1998,2026-07-27T13:55:20.065,83.008980,418.136200,0.3700,1.0500,0.5700,-33.1400,-105.5900,-79.5300,1.250720,136.281065,"0.37,1.05,0.57,-33.14,-105.59,-79.53"
1999,2026-07-27T13:55:20.065,83.009281,0.300200,0.2000,1.1700,0.3600,-67.6900,-69.9500,-28.8100,1.240363,101.513323,"0.20,1.17,0.36,-67.69,-69.95,-28.81"
2000,2026-07-27T13:55:20.066,83.009697,0.415900,-0.0000,0.9500,0.3000,-30.0300,9.9500,30.2100,0.996243,43.742971,"-0.00,0.95,0.30,-30.03,9.95,30.21"
2001,2026-07-27T13:55:20.066,83.010416,0.719300,-0.0600,0.7000,0.4300,18.4900,59.2000,41.5600,0.823711,74.657576,"-0.06,0.70,0.43,18.49,59.20,41.56"
2002,2026-07-27T13:55:20.067,83.010657,0.241500,0.0300,0.7000,0.4800,13.4900,77.6400,41.8700,0.849294,89.235904,"0.03,0.70,0.48,13.49,77.64,41.87"
2003,2026-07-27T13:55:20.067,83.010954,0.296200,0.2400,0.9000,0.4500,-22.3400,63.2300,36.3800,1.034456,76.292941,"0.24,0.90,0.45,-22.34,63.23,36.38"
2004,2026-07-27T13:55:20.068,83.012309,1.355200,0.5000,1.0300,0.4300,-54.6300,-12.5700,6.9600,1.223029,56.487905,"0.50,1.03,0.43,-54.63,-12.57,6.96"
2005,2026-07-27T13:55:20.068,83.012527,0.218000,0.4800,1.0500,0.3300,-88.9300,-107.6000,-3.9100,1.200750,139.648104,"0.48,1.05,0.33,-88.93,-107.60,-3.91"
2006,2026-07-27T13:55:20.069,83.012728,0.201100,0.2300,1.0200,0.1800,-107.9100,-138.9200,22.5800,1.060990,177.350475,"0.23,1.02,0.18,-107.91,-138.92,22.58"
2007,2026-07-27T13:55:20.069,83.013176,0.448600,0.2300,0.8600,0.2400,-67.8700,-102.3600,30.2100,0.922009,126.477471,"0.23,0.86,0.24,-67.87,-102.36,30.21"
2008,2026-07-27T13:55:20.070,83.013940,0.763200,0.4300,0.7000,0.4100,10.2500,-15.9300,24.2300,0.918150,30.755817,"0.43,0.70,0.41,10.25,-15.93,24.23"
2009,2026-07-27T13:55:20.126,83.069827,55.887000,0.4000,0.7500,0.4900,68.4200,93.6900,39.7300,0.981122,122.627833,"0.40,0.75,0.49,68.42,93.69,39.73"
2010,2026-07-27T13:55:20.544,83.488459,418.632600,0.1800,0.9000,0.5000,68.4800,149.1700,60.2400,1.045179,174.842949,"0.18,0.90,0.50,68.48,149.17,60.24"
2011,2026-07-27T13:55:20.545,83.488926,0.466900,0.0100,0.9700,0.4800,20.1400,112.6700,60.0000,1.082312,129.229054,"0.01,0.97,0.48,20.14,112.67,60.00"
2012,2026-07-27T13:55:20.545,83.489155,0.229200,0.0200,1.0100,0.3600,-30.0900,23.1900,31.3700,1.072427,49.267242,"0.02,1.01,0.36,-30.09,23.19,31.37"
2013,2026-07-27T13:55:20.546,83.489787,0.631400,0.2200,1.0000,0.2100,-46.2600,-45.5300,-3.2300,1.045227,64.987702,"0.22,1.00,0.21,-46.26,-45.53,-3.23"
2014,2026-07-27T13:55:20.546,83.490258,0.471500,0.4500,0.9300,0.2300,-14.9500,-31.1900,-12.3900,1.058442,36.740042,"0.45,0.93,0.23,-14.95,-31.19,-12.39"
2015,2026-07-27T13:55:20.725,83.668767,178.509100,0.5600,0.9000,0.3500,37.1700,38.2700,4.5800,1.116288,53.546038,"0.56,0.90,0.35,37.17,38.27,4.58"
2016,2026-07-27T13:55:20.725,83.669046,0.278400,0.5400,1.0000,0.2800,58.2300,62.8700,19.2300,1.170470,87.824613,"0.54,1.00,0.28,58.23,62.87,19.23"
2017,2026-07-27T13:55:20.725,83.669216,0.170200,0.3900,1.1900,0.0800,41.6900,5.9800,10.1900,1.254831,43.331889,"0.39,1.19,0.08,41.69,5.98,10.19"
2018,2026-07-27T13:55:20.726,83.669616,0.400200,0.2000,1.2500,0.0400,35.2200,-89.8400,-33.5100,1.266531,102.149861,"0.20,1.25,0.04,35.22,-89.84,-33.51"
2019,2026-07-27T13:55:20.726,83.670126,0.509800,0.1000,1.1500,0.2800,68.4200,-164.3100,-102.7200,1.187813,205.500537,"0.10,1.15,0.28,68.42,-164.31,-102.72"
2020,2026-07-27T13:55:20.727,83.670630,0.504300,0.2500,0.9800,0.5800,101.6800,-188.7200,-156.4300,1.165890,265.375970,"0.25,0.98,0.58,101.68,-188.72,-156.43"
2021,2026-07-27T13:55:20.727,83.671403,0.772300,0.6300,0.8300,0.5900,92.0400,-177.2500,-161.9900,1.197456,257.156925,"0.63,0.83,0.59,92.04,-177.25,-161.99"
2022,2026-07-27T13:55:20.728,83.671761,0.358000,0.8000,0.7200,0.5000,62.9300,-137.5100,-116.6400,1.186760,190.981870,"0.80,0.72,0.50,62.93,-137.51,-116.64"
2023,2026-07-27T13:55:20.729,83.672634,0.873300,0.5300,0.6000,0.5500,36.1900,-85.5100,-43.8800,0.971288,102.699224,"0.53,0.60,0.55,36.19,-85.51,-43.88"
2024,2026-07-27T13:55:20.729,83.672832,0.198200,0.1700,0.5600,0.6100,0.9800,-47.9100,22.2800,0.845340,52.846257,"0.17,0.56,0.61,0.98,-47.91,22.28"
2025,2026-07-27T13:55:21.208,84.151766,478.933900,-0.0300,0.6500,0.6100,-52.7300,-42.7200,59.5100,0.891908,90.260132,"-0.03,0.65,0.61,-52.73,-42.72,59.51"
2026,2026-07-27T13:55:21.208,84.152103,0.336900,-0.0200,0.8500,0.6500,-117.6800,-82.8900,59.5100,1.070234,155.758706,"-0.02,0.85,0.65,-117.68,-82.89,59.51"
2027,2026-07-27T13:55:21.208,84.152372,0.269400,-0.0200,1.0500,0.7700,-147.2200,-125.1200,38.2700,1.302229,196.960239,"-0.02,1.05,0.77,-147.22,-125.12,38.27"
2028,2026-07-27T13:55:21.209,84.152583,0.210400,-0.3800,1.1700,0.6900,-136.5400,-139.4700,21.1800,1.410461,196.325355,"-0.38,1.17,0.69,-136.54,-139.47,21.18"
2029,2026-07-27T13:55:21.209,84.152970,0.387100,-0.3900,1.1000,0.5400,-131.2300,-161.2500,13.7900,1.285963,208.357960,"-0.39,1.10,0.54,-131.23,-161.25,13.79"
2030,2026-07-27T13:55:21.209,84.153203,0.232900,0.1600,0.9900,0.4000,-97.6600,-127.1400,-2.6200,1.079676,160.340012,"0.16,0.99,0.40,-97.66,-127.14,-2.62"
2031,2026-07-27T13:55:21.209,84.153426,0.223000,0.5800,0.9700,-0.0800,-17.9400,0.5500,-23.5600,1.133005,29.617895,"0.58,0.97,-0.08,-17.94,0.55,-23.56"
2032,2026-07-27T13:55:21.210,84.153869,0.443100,0.8000,1.0100,-0.2900,29.1100,48.1600,-38.9400,1.320682,68.433189,"0.80,1.01,-0.29,29.11,48.16,-38.94"
2033,2026-07-27T13:55:21.210,84.154056,0.187600,0.7500,0.9900,0.0800,8.6100,-50.4200,-47.9700,1.244588,70.124385,"0.75,0.99,0.08,8.61,-50.42,-47.97"
2034,2026-07-27T13:55:21.210,84.154285,0.228600,0.5100,0.9200,0.4800,-28.3800,-141.6000,-36.6200,1.156244,148.986606,"0.51,0.92,0.48,-28.38,-141.60,-36.62"
2035,2026-07-27T13:55:21.211,84.154718,0.433400,0.2400,0.8500,0.6100,-32.3500,-128.4200,-11.7800,1.073406,132.954832,"0.24,0.85,0.61,-32.35,-128.42,-11.78"
2036,2026-07-27T13:55:21.211,84.154892,0.173500,0.0500,0.8200,0.5000,-19.5900,-71.6600,1.2800,0.961717,74.300485,"0.05,0.82,0.50,-19.59,-71.66,1.28"
2037,2026-07-27T13:55:21.329,84.272947,118.054900,0.1400,0.8000,0.3800,-24.4800,-67.6300,-15.8700,0.896660,73.654221,"0.14,0.80,0.38,-24.48,-67.63,-15.87"
2038,2026-07-27T13:55:21.329,84.273051,0.104200,0.4000,0.8400,0.3600,-40.7700,-107.3600,-45.9000,0.997597,123.673653,"0.40,0.84,0.36,-40.77,-107.36,-45.90"
2039,2026-07-27T13:55:21.445,84.388814,115.763200,0.4600,0.9300,0.3700,-44.4900,-111.6300,-53.5900,1.101544,131.576993,"0.46,0.93,0.37,-44.49,-111.63,-53.59"
2040,2026-07-27T13:55:21.445,84.389012,0.197900,0.3800,0.9000,0.3700,-37.1700,-90.8200,-59.4500,1.044653,114.735277,"0.38,0.90,0.37,-37.17,-90.82,-59.45"
2041,2026-07-27T13:55:21.446,84.389714,0.702200,0.3800,0.9000,0.3700,-43.6400,-95.4600,-81.8500,1.044653,133.103282,"0.38,0.90,0.37,-43.64,-95.46,-81.85"
2042,2026-07-27T13:55:21.569,84.512846,123.131800,0.3900,0.8500,0.4200,-46.4500,-110.2900,-109.4400,1.025183,162.168432,"0.39,0.85,0.42,-46.45,-110.29,-109.44"
2043,2026-07-27T13:55:21.569,84.512992,0.145800,0.4100,0.8300,0.4800,-31.9800,-108.5800,-136.6000,1.042785,177.403204,"0.41,0.83,0.48,-31.98,-108.58,-136.60"
2044,2026-07-27T13:55:21.569,84.513097,0.105300,0.3800,0.9000,0.4900,-20.6300,-90.9400,-144.2900,1.092932,171.800130,"0.38,0.90,0.49,-20.63,-90.94,-144.29"
2045,2026-07-27T13:55:21.925,84.868827,355.729600,0.3400,0.9300,0.4700,-11.9000,-60.0600,-125.5500,1.096084,139.683987,"0.34,0.93,0.47,-11.90,-60.06,-125.55"
2046,2026-07-27T13:55:21.925,84.869016,0.189600,0.0900,0.7100,0.4000,29.8500,10.2500,-62.2600,0.819878,69.802526,"0.09,0.71,0.40,29.85,10.25,-62.26"
2047,2026-07-27T13:55:21.926,84.869683,0.667000,-0.0400,0.7100,0.4100,34.2400,4.8800,-20.8700,0.820853,40.394912,"-0.04,0.71,0.41,34.24,4.88,-20.87"
2048,2026-07-27T13:55:21.926,84.869939,0.255500,-0.0600,0.8200,0.5000,34.2400,4.8800,-20.8700,0.962289,40.394912,"-0.06,0.82,0.50,34.24,4.88,-20.87"
2049,2026-07-27T13:55:21.926,84.870383,0.444100,-0.0500,0.9100,0.5500,23.0100,-15.3800,-1.8900,1.064472,27.741244,"-0.05,0.91,0.55,23.01,-15.38,-1.89"
2050,2026-07-27T13:55:21.927,84.871066,0.682600,-0.0600,0.9400,0.4500,3.3600,-19.8400,2.8100,1.043887,20.317758,"-0.06,0.94,0.45,3.36,-19.84,2.81"
2051,2026-07-27T13:55:21.927,84.871492,0.426400,-0.1300,1.0100,0.3100,-19.1000,-29.9100,17.5200,1.064472,39.577374,"-0.13,1.01,0.31,-19.10,-29.91,17.52"
2052,2026-07-27T13:55:21.928,84.872169,0.676600,-0.1500,1.0800,0.2000,-32.8400,-59.4500,32.5900,1.108558,75.331774,"-0.15,1.08,0.20,-32.84,-59.45,32.59"
2053,2026-07-27T13:55:22.166,85.109888,237.719700,0.0300,1.0500,0.2100,-23.6200,-86.3600,19.6500,1.071214,91.662841,"0.03,1.05,0.21,-23.62,-86.36,19.65"
2054,2026-07-27T13:55:22.166,85.110015,0.126500,0.1700,0.9900,0.2400,12.0200,-59.2700,-4.2100,1.032763,60.622912,"0.17,0.99,0.24,12.02,-59.27,-4.21"
2055,2026-07-27T13:55:22.166,85.110126,0.111600,0.1300,0.9800,0.2500,58.6500,16.6600,-5.3700,1.019706,61.206331,"0.13,0.98,0.25,58.65,16.66,-5.37"
2056,2026-07-27T13:55:22.166,85.110477,0.350100,0.0500,1.0100,0.3100,88.5600,51.7600,2.6900,1.057686,102.611926,"0.05,1.01,0.31,88.56,51.76,2.69"
2057,2026-07-27T13:55:22.167,85.110751,0.274300,0.0700,1.0500,0.3000,85.9400,18.2500,1.4600,1.094258,87.868525,"0.07,1.05,0.30,85.94,18.25,1.46"
2058,2026-07-27T13:55:22.167,85.111112,0.361400,0.1900,1.0500,0.2300,67.2600,-48.0300,-7.1400,1.091559,82.956423,"0.19,1.05,0.23,67.26,-48.03,-7.14"
2059,2026-07-27T13:55:22.346,85.289795,178.682800,0.2400,1.0400,0.2500,60.1200,-103.8800,-16.8500,1.096221,121.199799,"0.24,1.04,0.25,60.12,-103.88,-16.85"
2060,2026-07-27T13:55:22.346,85.289950,0.155000,0.0000,1.0100,0.2500,66.1600,-118.6500,-15.0800,1.040481,136.683483,"0.00,1.01,0.25,66.16,-118.65,-15.08"
2061,2026-07-27T13:55:22.346,85.290272,0.321700,-0.2800,0.9400,0.2600,68.9100,-106.1400,-11.1700,1.014692,127.039587,"-0.28,0.94,0.26,68.91,-106.14,-11.17"
2062,2026-07-27T13:55:22.346,85.290557,0.284800,-0.2200,0.8600,0.2700,48.7100,-78.9200,-16.2400,0.927847,94.152897,"-0.22,0.86,0.27,48.71,-78.92,-16.24"
2063,2026-07-27T13:55:22.347,85.290635,0.078300,0.0300,0.7800,0.2700,6.2900,-40.2800,-15.2000,0.825954,43.509568,"0.03,0.78,0.27,6.29,-40.28,-15.20"
2064,2026-07-27T13:55:22.404,85.348541,57.906200,0.1200,0.7100,0.2600,-28.7500,-15.2000,-0.6700,0.765572,32.527702,"0.12,0.71,0.26,-28.75,-15.20,-0.67"
2065,2026-07-27T13:55:22.465,85.409297,60.755600,0.0100,0.7400,0.1900,-45.2300,-18.8600,14.4000,0.764068,51.076536,"0.01,0.74,0.19,-45.23,-18.86,14.40"
2066,2026-07-27T13:55:22.465,85.409453,0.156600,-0.1100,0.9200,0.0400,-65.4300,-43.1500,18.8000,0.927416,80.600542,"-0.11,0.92,0.04,-65.43,-43.15,18.80"
2067,2026-07-27T13:55:22.886,85.829726,420.273100,-0.0400,1.1600,-0.1500,-89.0500,-72.7500,13.6100,1.170342,115.791611,"-0.04,1.16,-0.15,-89.05,-72.75,13.61"
2068,2026-07-27T13:55:22.886,85.829915,0.189100,0.1100,1.3000,-0.1900,-82.2800,-70.5600,16.6600,1.318408,109.664341,"0.11,1.30,-0.19,-82.28,-70.56,16.66"
2069,2026-07-27T13:55:22.886,85.830005,0.089300,0.1000,1.2000,0.0200,-44.4900,-32.2900,26.4300,1.204326,60.996304,"0.10,1.20,0.02,-44.49,-32.29,26.43"
2070,2026-07-27T13:55:22.886,85.830158,0.152900,0.1400,0.9600,0.3500,-11.2900,-28.2600,3.9700,1.031358,30.689617,"0.14,0.96,0.35,-11.29,-28.26,3.97"
2071,2026-07-27T13:55:22.886,85.830243,0.084900,0.1300,0.9100,0.5100,1.7700,-50.0500,-27.6500,1.051237,57.207149,"0.13,0.91,0.51,1.77,-50.05,-27.65"
2072,2026-07-27T13:55:22.888,85.832414,2.171700,0.0000,0.9700,0.4300,-0.7900,-20.3900,-7.8700,1.061037,21.870370,"0.00,0.97,0.43,-0.79,-20.39,-7.87"
2073,2026-07-27T13:55:22.889,85.832660,0.246000,-0.0000,0.8900,0.4200,3.6000,34.1200,8.8500,0.984124,35.432427,"-0.00,0.89,0.42,3.60,34.12,8.85"
2074,2026-07-27T13:55:22.889,85.832893,0.232900,0.1400,0.7900,0.5700,13.9200,56.7000,-11.8400,0.984175,59.572158,"0.14,0.79,0.57,13.92,56.70,-11.84"
2075,2026-07-27T13:55:22.889,85.833264,0.370500,0.3600,0.8000,0.6200,-6.1000,41.0800,-16.6000,1.074244,44.725120,"0.36,0.80,0.62,-6.10,41.08,-16.60"
2076,2026-07-27T13:55:22.889,85.833377,0.113800,0.5400,0.9100,0.4400,-46.9400,-7.2000,0.1800,1.145993,47.489325,"0.54,0.91,0.44,-46.94,-7.20,0.18"
2077,2026-07-27T13:55:23.007,85.951468,118.090300,0.4800,1.0300,0.2100,-63.6600,-32.9600,35.0300,1.155595,79.787581,"0.48,1.03,0.21,-63.66,-32.96,35.03"
2078,2026-07-27T13:55:23.008,85.951593,0.125800,0.2300,1.0500,0.1200,-44.6200,-11.0500,81.6000,1.081573,93.656857,"0.23,1.05,0.12,-44.62,-11.05,81.60"
2079,2026-07-27T13:55:23.008,85.951702,0.108700,0.0700,0.9600,0.2300,-10.2500,10.8600,102.1100,0.989646,103.196193,"0.07,0.96,0.23,-10.25,10.86,102.11"
2080,2026-07-27T13:55:23.126,86.070429,118.726700,0.1200,0.8900,0.3700,21.2400,33.0800,83.2500,0.971288,92.065121,"0.12,0.89,0.37,21.24,33.08,83.25"
2081,2026-07-27T13:55:23.127,86.070683,0.253900,0.2400,0.8700,0.3900,34.0600,80.2600,51.5100,0.983158,101.267128,"0.24,0.87,0.39,34.06,80.26,51.51"
2082,2026-07-27T13:55:23.127,86.070708,0.025100,0.3100,0.8800,0.3400,23.3800,122.9200,18.5500,0.993026,126.491317,"0.31,0.88,0.34,23.38,122.92,18.55"
2083,2026-07-27T13:55:23.305,86.248837,178.129500,0.2900,0.8900,0.3200,5.2500,131.9600,-13.0000,0.989242,132.702691,"0.29,0.89,0.32,5.25,131.96,-13.00"
2084,2026-07-27T13:55:23.305,86.249269,0.431900,0.2800,0.9100,0.3200,-6.2300,118.5900,-22.5800,1.004440,120.881171,"0.28,0.91,0.32,-6.23,118.59,-22.58"
2085,2026-07-27T13:55:23.306,86.249650,0.381100,0.2600,0.9700,0.2800,-6.1000,108.8300,2.3200,1.042545,109.025508,"0.26,0.97,0.28,-6.10,108.83,2.32"
2086,2026-07-27T13:55:23.306,86.249944,0.294000,0.0900,1.1100,0.2500,1.5900,102.4800,45.5900,1.141359,112.174536,"0.09,1.11,0.25,1.59,102.48,45.59"
2087,2026-07-27T13:55:23.306,86.250288,0.343900,-0.2100,1.2700,0.1100,10.2500,56.2700,56.1500,1.291937,80.151094,"-0.21,1.27,0.11,10.25,56.27,56.15"
2088,2026-07-27T13:55:23.426,86.370471,120.182900,-0.2400,1.3300,-0.0000,49.6800,-17.2700,0.7300,1.351481,52.601219,"-0.24,1.33,-0.00,49.68,-17.27,0.73"
2089,2026-07-27T13:55:23.427,86.370688,0.216400,-0.0000,1.2600,0.1500,114.9900,-21.2400,-79.8300,1.268897,141.586251,"-0.00,1.26,0.15,114.99,-21.24,-79.83"
2090,2026-07-27T13:55:23.427,86.370749,0.061100,0.1100,1.0700,0.3900,151.7900,48.8900,-127.0800,1.144159,203.911164,"0.11,1.07,0.39,151.79,48.89,-127.08"
2091,2026-07-27T13:55:23.785,86.729572,358.823600,0.0700,0.9100,0.5200,135.8000,95.0900,-122.3100,1.050428,206.018165,"0.07,0.91,0.52,135.80,95.09,-122.31"
2092,2026-07-27T13:55:23.786,86.729838,0.266100,0.0300,0.8500,0.4900,84.1700,90.0900,-86.9100,0.981580,150.844772,"0.03,0.85,0.49,84.17,90.09,-86.91"
2093,2026-07-27T13:55:23.786,86.729954,0.115400,0.0600,0.8500,0.4400,36.6800,57.8000,-55.1800,0.959010,87.926644,"0.06,0.85,0.44,36.68,57.80,-55.18"
2094,2026-07-27T13:55:23.786,86.730047,0.092900,0.0700,0.8100,0.3700,6.4100,15.9300,-28.0800,0.893252,32.914122,"0.07,0.81,0.37,6.41,15.93,-28.08"
2095,2026-07-27T13:55:23.789,86.733209,3.161900,-0.0400,0.7600,0.2400,-23.0700,-16.3000,7.0200,0.797997,29.106620,"-0.04,0.76,0.24,-23.07,-16.30,7.02"
2096,2026-07-27T13:55:23.790,86.733619,0.410800,-0.1200,0.7400,0.2200,-43.8800,-28.6900,36.6200,0.781281,63.949941,"-0.12,0.74,0.22,-43.88,-28.69,36.62"
2097,2026-07-27T13:55:23.790,86.733694,0.074500,-0.0800,0.7300,0.3400,-38.7600,-6.3500,47.4200,0.809259,61.573667,"-0.08,0.73,0.34,-38.76,-6.35,47.42"
2098,2026-07-27T13:55:23.845,86.789347,55.652700,-0.0200,0.7100,0.3800,-30.4600,37.3500,52.8600,0.805543,71.533305,"-0.02,0.71,0.38,-30.46,37.35,52.86"
2099,2026-07-27T13:55:23.845,86.789496,0.149800,0.0400,0.7600,0.3600,-45.3500,65.8600,67.6900,0.841903,104.766875,"0.04,0.76,0.36,-45.35,65.86,67.69"
2100,2026-07-27T13:55:23.846,86.789599,0.102200,0.0400,1.1700,0.0800,-80.8100,84.7800,109.3700,1.173414,160.248873,"0.04,1.17,0.08,-80.81,84.78,109.37"
2101,2026-07-27T13:55:24.384,87.328518,538.919200,0.1300,1.5600,-0.3400,-112.6700,100.0400,210.8800,1.601905,259.177362,"0.13,1.56,-0.34,-112.67,100.04,210.88"
2102,2026-07-27T13:55:24.385,87.328727,0.208900,0.4200,1.4200,-0.2600,-79.3500,57.1300,268.3700,1.503463,285.626883,"0.42,1.42,-0.26,-79.35,57.13,268.37"
2103,2026-07-27T13:55:24.385,87.329305,0.578700,0.6000,1.0600,0.1500,11.0500,-31.6200,145.5700,1.227233,149.373866,"0.60,1.06,0.15,11.05,-31.62,145.57"
2104,2026-07-27T13:55:24.386,87.329951,0.645600,0.3200,0.6000,0.5000,8.9100,-139.4000,-156.6200,0.844038,209.860841,"0.32,0.60,0.50,8.91,-139.40,-156.62"
2105,2026-07-27T13:55:24.386,87.330431,0.479900,0.2100,0.7600,0.5500,-46.9400,-113.4600,-149.9600,0.961353,193.815729,"0.21,0.76,0.55,-46.94,-113.46,-149.96"
2106,2026-07-27T13:55:24.387,87.331545,1.113800,0.0300,0.9700,0.5800,-68.0500,-50.6600,-92.4700,1.130575,125.490792,"0.03,0.97,0.58,-68.05,-50.66,-92.47"
2107,2026-07-27T13:55:24.388,87.331676,0.131600,-0.2100,0.9900,0.6500,-73.2400,-22.7700,-38.7600,1.202788,85.935488,"-0.21,0.99,0.65,-73.24,-22.77,-38.76"
2108,2026-07-27T13:55:24.390,87.334288,2.611600,-0.2100,0.9900,0.6500,-69.0900,-49.5000,-24.2300,1.202788,88.378566,"-0.21,0.99,0.65,-69.09,-49.50,-24.23"
2109,2026-07-27T13:55:24.391,87.334584,0.296300,-0.1200,0.9000,0.6100,-38.3900,-78.3700,-37.9600,1.093846,95.166226,"-0.12,0.90,0.61,-38.39,-78.37,-37.96"
2110,2026-07-27T13:55:24.391,87.334810,0.226000,0.3600,0.8800,0.4000,-7.8100,-55.7900,-37.1100,1.031504,67.458671,"0.36,0.88,0.40,-7.81,-55.79,-37.11"
2111,2026-07-27T13:55:24.391,87.335019,0.208800,0.5900,0.9900,0.3200,0.3700,-10.9900,-20.2000,1.196077,22.999065,"0.59,0.99,0.32,0.37,-10.99,-20.20"
2112,2026-07-27T13:55:24.391,87.335251,0.231800,0.3300,0.9700,0.4700,-8.8500,4.1500,-2.7500,1.127253,10.154186,"0.33,0.97,0.47,-8.85,4.15,-2.75"
2113,2026-07-27T13:55:24.504,87.448510,113.259500,0.1500,0.4300,1.0300,-74.4000,93.0200,124.8200,1.126188,172.534382,"0.15,0.43,1.03,-74.40,93.02,124.82"
2114,2026-07-27T13:55:24.505,87.448914,0.403200,0.4400,0.5200,0.9000,-117.9800,100.1000,121.3400,1.128716,196.628294,"0.44,0.52,0.90,-117.98,100.10,121.34"
2115,2026-07-27T13:55:24.684,87.627992,179.078800,0.5200,0.8500,0.6300,-117.9800,100.1000,121.3400,1.178898,196.628294,"0.52,0.85,0.63,-117.98,100.10,121.34"
2116,2026-07-27T13:55:24.685,87.628768,0.775200,0.4100,1.0500,0.3800,-73.3000,37.4100,54.1400,1.189538,98.506536,"0.41,1.05,0.38,-73.30,37.41,54.14"
2117,2026-07-27T13:55:24.685,87.628975,0.207200,0.3400,1.0000,0.1800,93.3800,12.4500,13.0000,1.071448,95.099037,"0.34,1.00,0.18,93.38,12.45,13.00"
2118,2026-07-27T13:55:24.685,87.629392,0.417800,0.2000,0.8900,0.1500,229.3700,75.6800,-0.4300,0.924446,241.533112,"0.20,0.89,0.15,229.37,75.68,-0.43"
2119,2026-07-27T13:55:24.686,87.629965,0.572100,0.1500,0.8100,0.1800,203.6700,95.4600,-4.8800,0.843208,224.984210,"0.15,0.81,0.18,203.67,95.46,-4.88"
2120,2026-07-27T13:55:24.986,87.929630,299.665100,0.3000,0.7500,0.1800,80.6900,15.9300,34.6100,0.827587,89.232803,"0.30,0.75,0.18,80.69,15.93,34.61"
2121,2026-07-27T13:55:24.986,87.929804,0.174600,0.4100,0.8100,0.3000,-12.9400,-69.7600,70.4300,0.956138,99.971426,"0.41,0.81,0.30,-12.94,-69.76,70.43"
2122,2026-07-27T13:55:24.986,87.929933,0.128600,0.4500,0.9100,0.4300,-3.8500,-96.6800,49.0700,1.102497,108.488293,"0.45,0.91,0.43,-3.85,-96.68,49.07"
2123,2026-07-27T13:55:24.986,87.930099,0.166200,0.5800,0.9100,0.4600,96.8000,-50.3500,34.5500,1.173073,114.451147,"0.58,0.91,0.46,96.80,-50.35,34.55"
2124,2026-07-27T13:55:24.986,87.930293,0.193500,0.6500,0.9600,0.1800,194.6400,56.8200,14.8300,1.173243,203.305610,"0.65,0.96,0.18,194.64,56.82,14.83"
2125,2026-07-27T13:55:24.987,87.930950,0.657800,0.5800,1.0500,-0.3000,167.7200,146.0000,-59.5100,1.236487,230.190005,"0.58,1.05,-0.30,167.72,146.00,-59.51"
2126,2026-07-27T13:55:24.987,87.931395,0.444200,0.3600,1.0400,-0.4600,42.1100,149.6000,-152.8300,1.192812,217.968853,"0.36,1.04,-0.46,42.11,149.60,-152.83"
2127,2026-07-27T13:55:24.988,87.931915,0.520400,-0.0800,0.9600,-0.2500,-28.0800,121.7700,-252.9900,0.995239,282.170798,"-0.08,0.96,-0.25,-28.08,121.77,-252.99"
2128,2026-07-27T13:55:25.165,88.108674,176.758800,-0.4400,0.8100,0.0300,16.7200,109.8000,-350.2200,0.922280,367.409372,"-0.44,0.81,0.03,16.72,109.80,-350.22"
2129,2026-07-27T13:55:25.166,88.109691,1.017200,-0.5700,0.7400,0.0900,118.0400,98.6900,-354.5500,0.938403,386.495615,"-0.57,0.74,0.09,118.04,98.69,-354.55"
2130,2026-07-27T13:55:25.166,88.109854,0.162500,-0.5100,0.8500,-0.1100,136.3500,70.0100,-174.5000,0.997346,232.256265,"-0.51,0.85,-0.11,136.35,70.01,-174.50"
2131,2026-07-27T13:55:25.166,88.109987,0.133900,-0.3800,0.7700,-0.3200,49.1900,50.6600,61.4600,0.916351,93.613158,"-0.38,0.77,-0.32,49.19,50.66,61.46"
2132,2026-07-27T13:55:25.527,88.471107,361.119300,-0.2800,0.6500,-0.3900,14.8900,48.7100,146.5500,0.808084,155.149214,"-0.28,0.65,-0.39,14.89,48.71,146.55"
2133,2026-07-27T13:55:25.527,88.471319,0.212300,-0.3100,0.7100,-0.4200,125.2400,58.5300,70.0700,0.881249,154.985881,"-0.31,0.71,-0.42,125.24,58.53,70.07"
2134,2026-07-27T13:55:25.527,88.471468,0.149100,-0.2900,0.8400,-0.5000,166.5000,96.5600,-36.2500,1.019657,195.857464,"-0.29,0.84,-0.50,166.50,96.56,-36.25"
2135,2026-07-27T13:55:25.527,88.471568,0.099600,-0.1800,0.9500,-0.6400,15.5000,110.6600,-61.1600,1.159526,127.383010,"-0.18,0.95,-0.64,15.50,110.66,-61.16"
2136,2026-07-27T13:55:25.528,88.471665,0.096900,-0.1900,0.9000,-0.6900,-75.8700,74.4600,-40.2800,1.149870,113.679492,"-0.19,0.90,-0.69,-75.87,74.46,-40.28"
2137,2026-07-27T13:55:25.528,88.471855,0.190700,-0.2800,0.7600,-0.6700,-9.1600,10.9900,-29.4800,1.051142,32.768218,"-0.28,0.76,-0.67,-9.16,10.99,-29.48"
2138,2026-07-27T13:55:25.528,88.471947,0.092100,-0.3800,0.6900,-0.6500,113.1000,-52.6700,-29.0500,1.021274,128.100123,"-0.38,0.69,-0.65,113.10,-52.67,-29.05"
2139,2026-07-27T13:55:25.528,88.472047,0.099200,-0.4600,0.6600,-0.6600,201.0500,-97.2300,-45.4700,1.040577,227.908526,"-0.46,0.66,-0.66,201.05,-97.23,-45.47"
2140,2026-07-27T13:55:25.529,88.473442,1.395900,-0.5300,0.5900,-0.6200,209.0500,-131.2900,-60.0600,1.006678,254.059383,"-0.53,0.59,-0.62,209.05,-131.29,-60.06"
2141,2026-07-27T13:55:25.588,88.532193,58.750100,-0.6000,0.5100,-0.6000,156.7400,-122.1900,-59.2000,0.990000,207.370354,"-0.60,0.51,-0.60,156.74,-122.19,-59.20"
2142,2026-07-27T13:55:25.588,88.532264,0.071800,-0.6600,0.4500,-0.6100,73.2400,-65.3100,-48.4600,1.005087,109.443434,"-0.66,0.45,-0.61,73.24,-65.31,-48.46"
2143,2026-07-27T13:55:25.770,88.713584,181.319700,-0.7000,0.4400,-0.5900,-6.7700,-20.0200,-32.8400,1.015726,39.052515,"-0.70,0.44,-0.59,-6.77,-20.02,-32.84"
2144,2026-07-27T13:55:25.770,88.713730,0.145500,-0.6900,0.4700,-0.5800,-59.6300,-7.1400,-20.5100,1.016563,63.461615,"-0.69,0.47,-0.58,-59.63,-7.14,-20.51"
2145,2026-07-27T13:55:25.770,88.713899,0.169800,-0.6500,0.4900,-0.5800,-89.7200,-4.7000,-19.6500,0.999500,91.966792,"-0.65,0.49,-0.58,-89.72,-4.70,-19.65"
2146,2026-07-27T13:55:25.770,88.713942,0.043000,-0.6400,0.5200,-0.5500,-101.2000,8.5400,-29.7200,0.991211,105.818949,"-0.64,0.52,-0.55,-101.20,8.54,-29.72"
2147,2026-07-27T13:55:26.068,89.011675,297.732900,-0.6400,0.5600,-0.4800,-108.0900,36.5000,-44.2500,0.976524,122.367318,"-0.64,0.56,-0.48,-108.09,36.50,-44.25"
2148,2026-07-27T13:55:26.068,89.011897,0.221400,-0.6400,0.5900,-0.4300,-127.8700,69.2700,-60.4200,0.970876,157.479034,"-0.64,0.59,-0.43,-127.87,69.27,-60.42"
2149,2026-07-27T13:55:26.068,89.011921,0.024700,-0.6400,0.6200,-0.4200,-164.9200,91.2500,-75.0100,0.985089,202.858741,"-0.64,0.62,-0.42,-164.92,91.25,-75.01"
2150,2026-07-27T13:55:26.068,89.012084,0.162800,-0.6400,0.6500,-0.4100,-209.1100,85.6900,-78.2500,1.000100,239.150226,"-0.64,0.65,-0.41,-209.11,85.69,-78.25"
2151,2026-07-27T13:55:26.068,89.012107,0.023000,-0.6200,0.7000,-0.3800,-235.4100,51.5100,-68.9700,1.009356,250.655160,"-0.62,0.70,-0.38,-235.41,51.51,-68.97"
2152,2026-07-27T13:55:26.068,89.012367,0.259800,-0.6300,0.7000,-0.3300,-208.3100,20.5100,-59.3900,0.997898,217.579614,"-0.63,0.70,-0.33,-208.31,20.51,-59.39"
2153,2026-07-27T13:55:26.068,89.012541,0.174200,-0.6700,0.6200,-0.2700,-130.2500,22.9500,-54.2000,0.951945,142.931470,"-0.67,0.62,-0.27,-130.25,22.95,-54.20"
2154,2026-07-27T13:55:26.069,89.012701,0.160300,-0.7400,0.5300,-0.2100,-55.3600,33.2600,-59.8800,0.934131,88.071401,"-0.74,0.53,-0.21,-55.36,33.26,-59.88"
2155,2026-07-27T13:55:26.126,89.069671,56.969200,-0.7900,0.4600,-0.2400,-9.6400,23.4400,-78.9200,0.945145,82.889864,"-0.79,0.46,-0.24,-9.64,23.44,-78.92"
2156,2026-07-27T13:55:26.185,89.129070,59.399100,-0.7700,0.4600,-0.3900,15.2600,4.7600,-89.1100,0.978059,90.532410,"-0.77,0.46,-0.39,15.26,4.76,-89.11"
2157,2026-07-27T13:55:26.185,89.129166,0.096600,-0.7400,0.4500,-0.5600,14.9500,-8.3600,-75.1300,1.031358,77.057829,"-0.74,0.45,-0.56,14.95,-8.36,-75.13"
2158,2026-07-27T13:55:26.304,89.248554,119.387900,-0.7300,0.4400,-0.5900,-6.6500,-7.6300,-51.0900,1.036629,52.082891,"-0.73,0.44,-0.59,-6.65,-7.63,-51.09"
2159,2026-07-27T13:55:26.604,89.548180,299.625800,-0.7600,0.4400,-0.4800,-25.4500,5.8000,-35.4600,1.000800,44.031285,"-0.76,0.44,-0.48,-25.45,5.80,-35.46"
2160,2026-07-27T13:55:26.605,89.548610,0.430100,-0.8100,0.4300,-0.3200,-25.2100,16.9700,-27.4000,0.971288,40.918028,"-0.81,0.43,-0.32,-25.21,16.97,-27.40"
2161,2026-07-27T13:55:26.605,89.549407,0.797000,-0.8500,0.3900,-0.2200,-15.0100,16.0500,-21.8500,0.960729,30.989113,"-0.85,0.39,-0.22,-15.01,16.05,-21.85"
2162,2026-07-27T13:55:26.606,89.549777,0.369400,-0.8800,0.3600,-0.1500,-19.2300,20.0200,-21.6100,0.962549,35.179332,"-0.88,0.36,-0.15,-19.23,20.02,-21.61"
2163,2026-07-27T13:55:26.606,89.550362,0.585700,-0.9000,0.3500,-0.1300,-34.7900,34.5500,-20.9400,0.974372,53.315384,"-0.90,0.35,-0.13,-34.79,34.55,-20.94"
2164,2026-07-27T13:55:26.607,89.550952,0.589300,-0.8900,0.3800,-0.1800,-37.9600,44.0100,-11.6000,0.984327,59.265519,"-0.89,0.38,-0.18,-37.96,44.01,-11.60"
2165,2026-07-27T13:55:26.607,89.551452,0.500900,-0.8400,0.4500,-0.2500,-46.3900,45.2300,-3.6600,0.985190,64.893610,"-0.84,0.45,-0.25,-46.39,45.23,-3.66"
2166,2026-07-27T13:55:26.608,89.552009,0.557000,-0.7900,0.5000,-0.2800,-73.9100,33.4500,-7.8100,0.975961,81.502066,"-0.79,0.50,-0.28,-73.91,33.45,-7.81"
2167,2026-07-27T13:55:26.609,89.552619,0.609800,-0.8200,0.4700,-0.3100,-89.9000,11.7800,-10.6200,0.994686,91.288350,"-0.82,0.47,-0.31,-89.90,11.78,-10.62"
2168,2026-07-27T13:55:26.665,89.609178,56.558700,-0.8700,0.3900,-0.3200,-90.1500,3.1700,-6.0400,1.005684,90.407704,"-0.87,0.39,-0.32,-90.15,3.17,-6.04"
2169,2026-07-27T13:55:26.665,89.609261,0.083500,-0.8400,0.3900,-0.3000,-84.4700,15.9900,-2.9900,0.973499,86.022097,"-0.84,0.39,-0.30,-84.47,15.99,-2.99"
2170,2026-07-27T13:55:26.784,89.728576,119.314400,-0.8000,0.4400,-0.2700,-68.4200,31.1300,-1.9500,0.952103,75.194254,"-0.80,0.44,-0.27,-68.42,31.13,-1.95"
2171,2026-07-27T13:55:26.785,89.728838,0.262600,-0.8000,0.5000,-0.2300,-46.2000,24.2300,-5.0000,0.971030,52.407374,"-0.80,0.50,-0.23,-46.20,24.23,-5.00"
2172,2026-07-27T13:55:26.845,89.788665,59.826600,-0.7700,0.5900,-0.2700,-38.7600,25.0200,-8.4800,1.006926,46.906805,"-0.77,0.59,-0.27,-38.76,25.02,-8.48"
2173,2026-07-27T13:55:26.965,89.908649,119.983700,-0.7700,0.5900,-0.2700,-40.9500,34.1800,-10.8600,1.006926,54.434497,"-0.77,0.59,-0.27,-40.95,34.18,-10.86"
2174,2026-07-27T13:55:26.965,89.908818,0.169200,-0.7400,0.6400,-0.3200,-44.1300,41.3200,-10.6800,1.029369,61.391056,"-0.74,0.64,-0.32,-44.13,41.32,-10.68"
2175,2026-07-27T13:55:26.965,89.909192,0.374200,-0.7100,0.6400,-0.3300,-33.0200,34.3600,-8.4800,1.011237,48.402897,"-0.71,0.64,-0.33,-33.02,34.36,-8.48"
2176,2026-07-27T13:55:27.085,90.029008,119.815700,-0.6800,0.6300,-0.3300,-14.2800,15.2600,-3.7800,0.983972,21.238512,"-0.68,0.63,-0.33,-14.28,15.26,-3.78"
2177,2026-07-27T13:55:27.085,90.029228,0.219700,-0.6600,0.6100,-0.3300,-0.4300,-4.1500,3.9700,0.957392,5.759193,"-0.66,0.61,-0.33,-0.43,-4.15,3.97"
2178,2026-07-27T13:55:27.145,90.089200,59.972500,-0.7100,0.5500,-0.3100,14.5900,-26.1800,19.7100,0.950105,35.871222,"-0.71,0.55,-0.31,14.59,-26.18,19.71"
2179,2026-07-27T13:55:27.145,90.089444,0.244000,-0.7500,0.5400,-0.2900,27.1000,-30.9400,23.6800,0.968607,47.459836,"-0.75,0.54,-0.29,27.10,-30.94,23.68"
2180,2026-07-27T13:55:27.327,90.271116,181.671800,-0.7800,0.5300,-0.2800,27.1000,-30.9400,23.6800,0.983717,47.459836,"-0.78,0.53,-0.28,27.10,-30.94,23.68"
2181,2026-07-27T13:55:27.328,90.271703,0.586700,-0.8200,0.5300,-0.2700,38.9400,-29.9700,23.6200,1.013015,54.519986,"-0.82,0.53,-0.27,38.94,-29.97,23.62"
2182,2026-07-27T13:55:27.328,90.272017,0.314500,-0.8400,0.5400,-0.2600,42.7200,-23.8000,20.1400,1.031891,52.887220,"-0.84,0.54,-0.26,42.72,-23.80,20.14"
2183,2026-07-27T13:55:27.328,90.272041,0.024000,-0.8200,0.5800,-0.2600,36.3800,-16.2400,14.9500,1.037497,42.552844,"-0.82,0.58,-0.26,36.38,-16.24,14.95"
2184,2026-07-27T13:55:27.447,90.390874,118.832800,-0.7800,0.6000,-0.2700,24.2300,-11.2300,10.6200,1.020441,28.740045,"-0.78,0.60,-0.27,24.23,-11.23,10.62"
2185,2026-07-27T13:55:27.447,90.391006,0.131700,-0.7600,0.5900,-0.2800,20.6300,-9.4000,11.6600,1.002048,25.493381,"-0.76,0.59,-0.28,20.63,-9.40,11.66"
2186,2026-07-27T13:55:27.447,90.391121,0.115700,-0.7500,0.5400,-0.2500,31.6200,-7.1400,18.7400,0.957392,37.443178,"-0.75,0.54,-0.25,31.62,-7.14,18.74"
2187,2026-07-27T13:55:27.506,90.450251,59.130000,-0.7400,0.5200,-0.2200,37.6000,-2.3800,23.0700,0.930806,44.177475,"-0.74,0.52,-0.22,37.60,-2.38,23.07"
2188,2026-07-27T13:55:27.506,90.450400,0.148800,-0.7400,0.5500,-0.2400,27.0400,0.3700,20.0200,0.952733,33.646677,"-0.74,0.55,-0.24,27.04,0.37,20.02"
2189,2026-07-27T13:55:27.566,90.510341,59.940900,-0.7500,0.5800,-0.2700,12.3300,-3.3000,16.0500,0.985799,20.506618,"-0.75,0.58,-0.27,12.33,-3.30,16.05"
2190,2026-07-27T13:55:27.687,90.631156,120.814900,-0.7700,0.5900,-0.3000,3.1700,-8.6700,13.7900,1.015382,16.594635,"-0.77,0.59,-0.30,3.17,-8.67,13.79"
2191,2026-07-27T13:55:27.687,90.631551,0.395100,-0.7900,0.6000,-0.3800,-4.3900,-6.5900,14.7700,1.062309,16.758672,"-0.79,0.60,-0.38,-4.39,-6.59,14.77"
2192,2026-07-27T13:55:27.688,90.631916,0.365300,-0.7900,0.6500,-0.5300,-24.2300,7.1400,28.2000,1.152172,37.859114,"-0.79,0.65,-0.53,-24.23,7.14,28.20"
2193,2026-07-27T13:55:27.926,90.870084,238.167700,-0.7400,0.6700,-0.4800,-73.2400,25.6300,45.5300,1.107655,89.966524,"-0.74,0.67,-0.48,-73.24,25.63,45.53"
2194,2026-07-27T13:55:27.926,90.870379,0.294800,-0.7100,0.7200,-0.2900,-83.6200,19.9600,27.2200,1.051951,90.175575,"-0.71,0.72,-0.29,-83.62,19.96,27.22"
2195,2026-07-27T13:55:27.926,90.870447,0.068400,-0.7300,0.8600,-0.2500,-10.6800,-1.0400,-13.4300,1.155422,17.190372,"-0.73,0.86,-0.25,-10.68,-1.04,-13.43"
2196,2026-07-27T13:55:27.926,90.870478,0.030700,-0.7700,0.9800,-0.2500,74.2800,-3.3600,-19.7100,1.271141,76.923937,"-0.77,0.98,-0.25,74.28,-3.36,-19.71"
2197,2026-07-27T13:55:27.927,90.870738,0.259700,-0.8300,0.9200,-0.2600,123.3500,6.9600,12.6300,1.266057,124.190100,"-0.83,0.92,-0.26,123.35,6.96,12.63"
2198,2026-07-27T13:55:27.931,90.875262,4.524100,-0.9100,0.6100,-0.3100,138.7300,24.2900,37.5400,1.138552,145.757568,"-0.91,0.61,-0.31,138.73,24.29,37.54"
2199,2026-07-27T13:55:28.107,91.050598,175.336000,-0.8700,0.3800,-0.4100,167.8500,55.6600,16.6600,1.034118,177.620983,"-0.87,0.38,-0.41,167.85,55.66,16.66"
2200,2026-07-27T13:55:28.107,91.050791,0.193500,-0.6600,0.3900,-0.5000,160.4000,66.0400,-14.6500,0.915260,174.080625,"-0.66,0.39,-0.50,160.40,66.04,-14.65"
2201,2026-07-27T13:55:28.107,91.050864,0.072400,-0.5300,0.4400,-0.5400,25.3900,43.8200,-3.1700,0.875271,50.743407,"-0.53,0.44,-0.54,25.39,43.82,-3.17"
2202,2026-07-27T13:55:28.107,91.050976,0.111900,-0.6500,0.2500,-0.6800,-124.8800,0.7900,49.3800,0.973345,134.290815,"-0.65,0.25,-0.68,-124.88,0.79,49.38"
2203,2026-07-27T13:55:28.107,91.051069,0.093700,-0.6900,0.1600,-0.6800,-128.6600,-10.6800,50.0500,0.981886,138.464654,"-0.69,0.16,-0.68,-128.66,-10.68,50.05"
2204,2026-07-27T13:55:28.407,91.351104,300.035200,-0.4300,0.3900,-0.3800,-54.5700,36.3200,-14.4000,0.693830,67.114732,"-0.43,0.39,-0.38,-54.57,36.32,-14.40"
2205,2026-07-27T13:55:28.407,91.351263,0.158800,-0.1100,0.5400,-0.2100,-43.1500,52.2500,-39.6100,0.589746,78.491637,"-0.11,0.54,-0.21,-43.15,52.25,-39.61"
2206,2026-07-27T13:55:28.407,91.351348,0.084600,0.1000,0.6000,-0.2800,-94.1800,19.5300,-29.6600,0.669627,100.652913,"0.10,0.60,-0.28,-94.18,19.53,-29.66"
2207,2026-07-27T13:55:28.407,91.351419,0.070900,0.1200,0.7800,-0.4400,-160.2200,20.0800,-26.7900,0.903549,163.680661,"0.12,0.78,-0.44,-160.22,20.08,-26.79"
2208,2026-07-27T13:55:28.407,91.351530,0.111200,-0.0200,0.9300,-0.5300,-218.0200,68.1800,-19.8400,1.070607,229.292081,"-0.02,0.93,-0.53,-218.02,68.18,-19.84"
2209,2026-07-27T13:55:28.408,91.351639,0.108800,-0.2200,0.8300,-0.4800,-242.1900,120.2400,-8.4200,0.983717,270.526431,"-0.22,0.83,-0.48,-242.19,120.24,-8.42"
2210,2026-07-27T13:55:28.409,91.353131,1.492300,-0.4200,0.7700,-0.1400,-197.7500,174.9900,-25.7600,0.888200,265.311402,"-0.42,0.77,-0.14,-197.75,174.99,-25.76"
2211,2026-07-27T13:55:28.592,91.535676,182.544800,-0.5700,0.9900,0.3600,-118.0400,210.3300,-96.6800,1.197748,259.844517,"-0.57,0.99,0.36,-118.04,210.33,-96.68"
2212,2026-07-27T13:55:28.592,91.535889,0.213600,-0.7200,1.2800,0.5400,-55.1100,184.1400,-188.0500,1.564736,268.900454,"-0.72,1.28,0.54,-55.11,184.14,-188.05"
2213,2026-07-27T13:55:28.592,91.535936,0.046300,-0.7800,1.3700,0.0600,48.4600,95.7000,-192.5700,1.577625,220.431546,"-0.78,1.37,0.06,48.46,95.70,-192.57"
2214,2026-07-27T13:55:28.592,91.536069,0.133000,-0.8200,1.1200,-0.3900,161.1300,-5.1300,-59.2700,1.441839,171.761831,"-0.82,1.12,-0.39,161.13,-5.13,-59.27"
2215,2026-07-27T13:55:28.592,91.536086,0.017100,-1.0000,0.6300,-0.2000,183.7800,-71.0400,114.2000,1.198708,227.735395,"-1.00,0.63,-0.20,183.78,-71.04,114.20"
2216,2026-07-27T13:55:28.945,91.888717,352.631000,-1.1700,0.1900,0.0400,222.9000,-136.1700,242.0700,1.186002,356.124366,"-1.17,0.19,0.04,222.90,-136.17,242.07"
2217,2026-07-27T13:55:28.945,91.888930,0.212900,-1.0700,0.0500,-0.2100,299.8700,-208.2500,303.8300,1.091559,474.976577,"-1.07,0.05,-0.21,299.87,-208.25,303.83"
2218,2026-07-27T13:55:28.945,91.889398,0.468100,-0.7400,0.2000,-0.6500,257.4500,-193.6600,277.1600,1.005037,424.973368,"-0.74,0.20,-0.65,257.45,-193.66,277.16"
2219,2026-07-27T13:55:28.946,91.890025,0.627500,-0.5200,0.3700,-0.7700,100.7100,-65.9200,185.8500,1.000100,221.423063,"-0.52,0.37,-0.77,100.71,-65.92,185.85"
2220,2026-07-27T13:55:28.947,91.891038,1.012800,-0.5100,0.4600,-0.5300,-30.5200,86.0600,86.2400,0.867525,125.599091,"-0.51,0.46,-0.53,-30.52,86.06,86.24"
2221,2026-07-27T13:55:28.947,91.891489,0.451300,-0.5700,0.5400,-0.3100,-74.7700,178.4100,10.4400,0.844156,193.725772,"-0.57,0.54,-0.31,-74.77,178.41,10.44"
2222,2026-07-27T13:55:28.948,91.892101,0.611500,-0.5200,0.5800,-0.3500,-67.1400,188.8400,-28.8700,0.853991,202.489017,"-0.52,0.58,-0.35,-67.14,188.84,-28.87"
2223,2026-07-27T13:55:28.948,91.892577,0.476500,-0.4100,0.5700,-0.6200,-54.9300,140.3800,-32.5300,0.936696,154.214300,"-0.41,0.57,-0.62,-54.93,140.38,-32.53"
2224,2026-07-27T13:55:28.949,91.893114,0.537000,-0.3300,0.5700,-0.9200,-29.3600,88.8700,-11.0500,1.131459,94.244305,"-0.33,0.57,-0.92,-29.36,88.87,-11.05"
2225,2026-07-27T13:55:29.006,91.949849,56.734500,-0.2600,0.6000,-1.1000,28.6900,73.0600,13.8500,1.279687,79.703841,"-0.26,0.60,-1.10,28.69,73.06,13.85"
2226,2026-07-27T13:55:29.064,92.008578,58.728700,-0.2100,0.6300,-1.1100,79.5900,86.0600,25.5100,1.293484,119.965211,"-0.21,0.63,-1.11,79.59,86.06,25.51"
2227,2026-07-27T13:55:29.065,92.008773,0.195500,-0.2000,0.6500,-1.0000,94.1200,102.9100,23.9900,1.209339,141.508171,"-0.20,0.65,-1.00,94.12,102.91,23.99"
2228,2026-07-27T13:55:29.130,92.073651,64.877600,-0.1500,0.5500,-0.9000,97.0500,82.0900,29.3000,1.065364,130.445240,"-0.15,0.55,-0.90,97.05,82.09,29.30"
2229,2026-07-27T13:55:29.246,92.189587,115.936400,-0.0300,0.3700,-0.9000,109.3100,20.6300,63.6600,0.973550,128.167346,"-0.03,0.37,-0.90,109.31,20.63,63.66"
2230,2026-07-27T13:55:29.246,92.189814,0.226600,0.0300,0.2300,-1.0100,144.4100,-63.5400,108.0300,1.036291,191.212083,"0.03,0.23,-1.01,144.41,-63.54,108.03"
2231,2026-07-27T13:55:29.246,92.190196,0.382500,0.0700,0.2200,-1.2800,213.7500,-185.9100,135.7400,1.300654,314.128856,"0.07,0.22,-1.28,213.75,-185.91,135.74"
2232,2026-07-27T13:55:29.305,92.249059,58.863100,0.1300,0.3300,-1.5100,240.1100,-242.5500,88.5600,1.551096,352.599189,"0.13,0.33,-1.51,240.11,-242.55,88.56"
2233,2026-07-27T13:55:29.305,92.249414,0.354800,0.0300,0.4800,-1.3900,161.8000,-115.7800,-42.7200,1.470850,203.492621,"0.03,0.48,-1.39,161.80,-115.78,-42.72"
2234,2026-07-27T13:55:29.366,92.309809,60.394700,-0.1000,0.4600,-1.0400,63.6600,67.0800,-124.5700,1.141578,155.145116,"-0.10,0.46,-1.04,63.66,67.08,-124.57"
2235,2026-07-27T13:55:29.425,92.369366,59.557100,-0.1200,0.3000,-0.7900,14.4000,135.8600,-94.1200,0.853522,165.903207,"-0.12,0.30,-0.79,14.40,135.86,-94.12"
2236,2026-07-27T13:55:29.605,92.548673,179.306900,0.0200,0.1200,-0.3600,-34.1200,54.6300,27.7700,0.380000,70.141173,"0.02,0.12,-0.36,-34.12,54.63,27.77"
2237,2026-07-27T13:55:29.606,92.549742,1.069000,0.0300,0.0300,-0.0700,-75.6800,18.5500,67.8700,0.081854,103.333933,"0.03,0.03,-0.07,-75.68,18.55,67.87"
2238,2026-07-27T13:55:29.606,92.549851,0.108800,0.0300,0.0300,-0.0700,-112.1200,-14.4000,84.4700,0.081854,141.114972,"0.03,0.03,-0.07,-112.12,-14.40,84.47"
2239,2026-07-27T13:55:29.606,92.550082,0.231400,0.0200,-0.0100,0.0600,-124.5100,-30.9400,81.7900,0.064031,152.150017,"0.02,-0.01,0.06,-124.51,-30.94,81.79"
2240,2026-07-27T13:55:29.729,92.673205,123.123500,0.0200,-0.0100,0.0500,-119.8100,-34.2400,74.6500,0.054772,145.256450,"0.02,-0.01,0.05,-119.81,-34.24,74.65"
2241,2026-07-27T13:55:29.729,92.673368,0.162900,0.0100,0.0100,0.0000,-109.9900,-34.4200,70.2500,0.014142,134.972586,"0.01,0.01,0.00,-109.99,-34.42,70.25"
2242,2026-07-27T13:55:29.729,92.673468,0.099800,0.0100,0.0100,-0.0200,-124.3300,-8.0600,77.8800,0.024495,146.929258,"0.01,0.01,-0.02,-124.33,-8.06,77.88"
2243,2026-07-27T13:55:29.904,92.848500,175.031700,0.3900,2.0500,-1.7200,-271.6100,123.8400,-129.1500,2.704256,325.250765,"0.39,2.05,-1.72,-271.61,123.84,-129.15"
2244,2026-07-27T13:55:29.905,92.848768,0.267700,0.2200,1.6500,-0.9800,-356.8700,128.3000,-221.2500,1.931657,439.054267,"0.22,1.65,-0.98,-356.87,128.30,-221.25"
2245,2026-07-27T13:55:29.905,92.849359,0.591000,-0.1200,0.8800,-0.1800,-356.8700,128.3000,-221.2500,0.906201,439.054267,"-0.12,0.88,-0.18,-356.87,128.30,-221.25"
2246,2026-07-27T13:55:29.906,92.849894,0.535900,-0.2100,0.7500,0.0400,-331.3600,115.6000,-143.6800,0.779872,379.218607,"-0.21,0.75,0.04,-331.36,115.60,-143.68"
2247,2026-07-27T13:55:30.025,92.968586,118.691400,-0.0900,0.9200,-0.0200,-190.0600,67.3200,-18.7400,0.924608,202.499318,"-0.09,0.92,-0.02,-190.06,67.32,-18.74"
2248,2026-07-27T13:55:30.025,92.968805,0.218700,-0.0300,1.0100,-0.1100,-37.9600,9.0300,28.5600,1.016415,48.354691,"-0.03,1.01,-0.11,-37.96,9.03,28.56"
2249,2026-07-27T13:55:30.025,92.969318,0.513800,-0.0200,1.0200,-0.1500,32.2900,-14.7100,20.1400,1.031164,40.800096,"-0.02,1.02,-0.15,32.29,-14.71,20.14"
2250,2026-07-27T13:55:30.085,93.028589,59.271000,-0.0300,1.0000,-0.1500,29.9700,-11.6600,2.6900,1.011632,32.270615,"-0.03,1.00,-0.15,29.97,-11.66,2.69"
2251,2026-07-27T13:55:30.267,93.211125,182.535400,-0.0400,0.9900,-0.1300,8.1200,-3.1700,-5.0700,0.999300,10.084057,"-0.04,0.99,-0.13,8.12,-3.17,-5.07"
2252,2026-07-27T13:55:30.267,93.211274,0.149000,-0.0500,0.9800,-0.1300,-4.6400,0.7300,-4.5800,0.989848,6.560404,"-0.05,0.98,-0.13,-4.64,0.73,-4.58"
2253,2026-07-27T13:55:30.267,93.211403,0.129400,-0.0500,0.9900,-0.1200,-5.7400,0.7300,-2.0800,0.998499,6.148732,"-0.05,0.99,-0.12,-5.74,0.73,-2.08"
2254,2026-07-27T13:55:30.267,93.211528,0.125100,-0.0500,0.9900,-0.1200,-2.8700,-0.4300,-0.7300,0.998499,2.992440,"-0.05,0.99,-0.12,-2.87,-0.43,-0.73"
2255,2026-07-27T13:55:30.268,93.211683,0.154600,-0.0500,0.9900,-0.1300,-1.1600,-1.1000,-0.6100,0.999750,1.711052,"-0.05,0.99,-0.13,-1.16,-1.10,-0.61"
2256,2026-07-27T13:55:30.384,93.328017,116.334600,-0.0500,0.9900,-0.1200,-0.8500,-1.2200,-0.8500,0.998499,1.712717,"-0.05,0.99,-0.12,-0.85,-1.22,-0.85"
2257,2026-07-27T13:55:30.386,93.330428,2.410500,-0.0500,0.9900,-0.1200,-1.0400,-0.9800,-1.0400,0.998499,1.767371,"-0.05,0.99,-0.12,-1.04,-0.98,-1.04"
2258,2026-07-27T13:55:30.387,93.330693,0.265100,-0.0500,0.9900,-0.1200,-1.1000,-0.7900,-0.9800,0.998499,1.671676,"-0.05,0.99,-0.12,-1.10,-0.79,-0.98"
2259,2026-07-27T13:55:30.505,93.448851,118.157600,-0.0500,0.9900,-0.1200,-1.3400,-0.7900,-0.9200,0.998499,1.807235,"-0.05,0.99,-0.12,-1.34,-0.79,-0.92"
2260,2026-07-27T13:55:30.505,93.448978,0.127600,-0.0500,0.9900,-0.1200,-1.3400,-0.7900,-0.8500,0.998499,1.772625,"-0.05,0.99,-0.12,-1.34,-0.79,-0.85"
2261,2026-07-27T13:55:30.507,93.450824,1.845600,-0.0500,0.9900,-0.1200,-1.2200,-0.8500,-0.7900,0.998499,1.683746,"-0.05,0.99,-0.12,-1.22,-0.85,-0.79"
2262,2026-07-27T13:55:30.625,93.568845,118.020900,-0.0500,0.9900,-0.1200,-1.1600,-0.7900,-0.7300,0.998499,1.581961,"-0.05,0.99,-0.12,-1.16,-0.79,-0.73"
2263,2026-07-27T13:55:30.625,93.569021,0.176500,-0.0500,0.9900,-0.1200,-1.1000,-0.7900,-0.7300,0.998499,1.538506,"-0.05,0.99,-0.12,-1.10,-0.79,-0.73"
2264,2026-07-27T13:55:30.625,93.569448,0.426300,-0.0500,0.9900,-0.1200,-1.3400,-0.8500,-0.7900,0.998499,1.772625,"-0.05,0.99,-0.12,-1.34,-0.85,-0.79"
2265,2026-07-27T13:55:30.684,93.628578,59.130500,-0.0500,0.9900,-0.1200,-1.4000,-0.8500,-0.7900,0.998499,1.818406,"-0.05,0.99,-0.12,-1.40,-0.85,-0.79"
2266,2026-07-27T13:55:30.805,93.748609,120.031300,-0.0600,0.9900,-0.1100,-1.2200,-0.8500,-0.8500,0.997898,1.712717,"-0.06,0.99,-0.11,-1.22,-0.85,-0.85"
2267,2026-07-27T13:55:30.805,93.749159,0.550000,-0.0600,0.9900,-0.1100,-1.0400,-0.8500,-0.8500,0.997898,1.589528,"-0.06,0.99,-0.11,-1.04,-0.85,-0.85"
2268,2026-07-27T13:55:30.984,93.928374,179.214900,-0.0600,0.9900,-0.1100,-0.9800,-0.7900,-0.8500,0.997898,1.518881,"-0.06,0.99,-0.11,-0.98,-0.79,-0.85"
2269,2026-07-27T13:55:30.985,93.928732,0.358200,-0.0600,0.9900,-0.1100,-0.9800,-0.7900,-0.7900,0.997898,1.486136,"-0.06,0.99,-0.11,-0.98,-0.79,-0.79"
2270,2026-07-27T13:55:30.985,93.928935,0.202800,-0.0600,0.9900,-0.1100,-0.9800,-0.7300,-0.7300,0.997898,1.423447,"-0.06,0.99,-0.11,-0.98,-0.73,-0.73"
2271,2026-07-27T13:55:30.986,93.930435,1.499500,-0.0600,0.9900,-0.1100,-0.8500,-0.6700,-0.6700,0.997898,1.272910,"-0.06,0.99,-0.11,-0.85,-0.67,-0.67"
2272,2026-07-27T13:55:30.987,93.930694,0.259300,-0.0600,0.9900,-0.1100,-0.9200,-0.6700,-0.6100,0.997898,1.291278,"-0.06,0.99,-0.11,-0.92,-0.67,-0.61"
2273,2026-07-27T13:55:30.987,93.930917,0.222600,-0.0600,0.9900,-0.1100,-0.9200,-0.6700,-0.5500,0.997898,1.264041,"-0.06,0.99,-0.11,-0.92,-0.67,-0.55"
2274,2026-07-27T13:55:31.045,93.988864,57.947700,-0.0600,0.9900,-0.1100,-0.7300,-0.6100,-0.5500,0.997898,1.098863,"-0.06,0.99,-0.11,-0.73,-0.61,-0.55"
2275,2026-07-27T13:55:31.165,94.108962,120.098100,-0.0600,0.9900,-0.1100,-0.6700,-0.6100,-0.4900,0.997898,1.030097,"-0.06,0.99,-0.11,-0.67,-0.61,-0.49"
2276,2026-07-27T13:55:31.165,94.109144,0.181700,-0.0600,0.9900,-0.1100,-0.4900,-0.5500,-0.3700,0.997898,0.824318,"-0.06,0.99,-0.11,-0.49,-0.55,-0.37"
2277,2026-07-27T13:55:31.165,94.109166,0.021900,-0.0600,0.9900,-0.1100,-0.4300,-0.5500,-0.3700,0.997898,0.790127,"-0.06,0.99,-0.11,-0.43,-0.55,-0.37"
2278,2026-07-27T13:55:31.285,94.228744,119.577900,-0.0600,0.9900,-0.1100,-0.7300,-0.5500,-0.3700,0.997898,0.986053,"-0.06,0.99,-0.11,-0.73,-0.55,-0.37"
2279,2026-07-27T13:55:31.285,94.229049,0.305300,-0.0600,0.9900,-0.1100,-0.7900,-0.5500,-0.3700,0.997898,1.031261,"-0.06,0.99,-0.11,-0.79,-0.55,-0.37"
2280,2026-07-27T13:55:31.286,94.229972,0.922500,-0.0600,0.9900,-0.1100,-0.6700,-0.4900,-0.3100,0.997898,0.886059,"-0.06,0.99,-0.11,-0.67,-0.49,-0.31"
2281,2026-07-27T13:55:31.348,94.292002,62.029900,-0.0600,0.9900,-0.1100,-0.4900,-0.4900,-0.3100,0.997898,0.759144,"-0.06,0.99,-0.11,-0.49,-0.49,-0.31"
2282,2026-07-27T13:55:31.348,94.292182,0.180600,-0.0600,0.9900,-0.1100,-0.4300,-0.4300,-0.3100,0.997898,0.682569,"-0.06,0.99,-0.11,-0.43,-0.43,-0.31"
2283,2026-07-27T13:55:31.405,94.348963,56.780500,-0.0600,0.9900,-0.1100,-0.6100,-0.4900,-0.3100,0.997898,0.841606,"-0.06,0.99,-0.11,-0.61,-0.49,-0.31"
2284,2026-07-27T13:55:31.708,94.651626,302.663100,-0.0600,0.9900,-0.1100,-0.5500,-0.4900,-0.2400,0.997898,0.774726,"-0.06,0.99,-0.11,-0.55,-0.49,-0.24"
2285,2026-07-27T13:55:31.708,94.651783,0.157400,-0.0700,0.9900,-0.1100,-0.4300,-0.4300,-0.2400,0.998549,0.653758,"-0.07,0.99,-0.11,-0.43,-0.43,-0.24"
2286,2026-07-27T13:55:31.708,94.651895,0.112200,-0.0700,0.9900,-0.1100,-0.6700,-0.4900,-0.2400,0.998549,0.864060,"-0.07,0.99,-0.11,-0.67,-0.49,-0.24"
2287,2026-07-27T13:55:31.708,94.651987,0.091100,-0.0700,0.9900,-0.1100,-0.7300,-0.4900,-0.1800,0.998549,0.897441,"-0.07,0.99,-0.11,-0.73,-0.49,-0.18"
2288,2026-07-27T13:55:31.708,94.652062,0.075500,-0.0700,0.9900,-0.1100,-0.5500,-0.4900,-0.1800,0.998549,0.758288,"-0.07,0.99,-0.11,-0.55,-0.49,-0.18"
2289,2026-07-27T13:55:31.708,94.652231,0.168800,-0.0700,0.9900,-0.1100,-0.4300,-0.4900,-0.1200,0.998549,0.662873,"-0.07,0.99,-0.11,-0.43,-0.49,-0.12"
2290,2026-07-27T13:55:31.708,94.652327,0.095700,-0.0700,0.9900,-0.1000,-0.4300,-0.4900,-0.1800,0.997497,0.676314,"-0.07,0.99,-0.10,-0.43,-0.49,-0.18"
2291,2026-07-27T13:55:31.708,94.652439,0.112800,-0.0700,0.9900,-0.1000,-0.3700,-0.4300,-0.1800,0.997497,0.595147,"-0.07,0.99,-0.10,-0.37,-0.43,-0.18"
2292,2026-07-27T13:55:31.951,94.895329,242.889900,-0.0700,0.9900,-0.1000,-0.3100,-0.4300,-0.1200,0.997497,0.543507,"-0.07,0.99,-0.10,-0.31,-0.43,-0.12"
2293,2026-07-27T13:55:31.952,94.895659,0.330100,-0.0700,0.9900,-0.1000,-0.2400,-0.4300,-0.1200,0.997497,0.506853,"-0.07,0.99,-0.10,-0.24,-0.43,-0.12"
2294,2026-07-27T13:55:31.952,94.896022,0.362300,-0.0700,0.9900,-0.1000,-0.2400,-0.4300,-0.0600,0.997497,0.496085,"-0.07,0.99,-0.10,-0.24,-0.43,-0.06"
2295,2026-07-27T13:55:31.955,94.899473,3.451600,-0.0700,0.9900,-0.1000,-0.4300,-0.4300,-0.1200,0.997497,0.619839,"-0.07,0.99,-0.10,-0.43,-0.43,-0.12"
2296,2026-07-27T13:55:31.956,94.899591,0.118000,-0.0700,0.9900,-0.1000,-0.6100,-0.4300,-0.1200,0.997497,0.755910,"-0.07,0.99,-0.10,-0.61,-0.43,-0.12"
2297,2026-07-27T13:55:31.956,94.900019,0.428000,-0.0700,0.9900,-0.1000,-0.4900,-0.4300,-0.1200,0.997497,0.662873,"-0.07,0.99,-0.10,-0.49,-0.43,-0.12"
2298,2026-07-27T13:55:32.125,95.069216,169.196500,-0.0700,0.9900,-0.1000,-0.3700,-0.4300,-0.0600,0.997497,0.570438,"-0.07,0.99,-0.10,-0.37,-0.43,-0.06"
2299,2026-07-27T13:55:32.125,95.069525,0.309200,-0.0700,0.9900,-0.1000,-0.4900,-0.4900,-0.0600,0.997497,0.695557,"-0.07,0.99,-0.10,-0.49,-0.49,-0.06"
2300,2026-07-27T13:55:32.126,95.069635,0.110400,-0.0700,0.9900,-0.1000,-0.4300,-0.4900,-0.0600,0.997497,0.654675,"-0.07,0.99,-0.10,-0.43,-0.49,-0.06"
2301,2026-07-27T13:55:32.126,95.070355,0.719200,-0.0700,0.9900,-0.1000,-0.3100,-0.5500,-0.0600,0.997497,0.634192,"-0.07,0.99,-0.10,-0.31,-0.55,-0.06"
2302,2026-07-27T13:55:32.247,95.191209,120.854200,-0.0700,0.9900,-0.1000,-0.3700,-0.9200,-0.0600,0.997497,0.993428,"-0.07,0.99,-0.10,-0.37,-0.92,-0.06"
2303,2026-07-27T13:55:32.247,95.191351,0.142500,-0.0700,0.9900,-0.1000,-0.7300,-1.4600,0.0000,0.997497,1.632330,"-0.07,0.99,-0.10,-0.73,-1.46,0.00"
2304,2026-07-27T13:55:32.305,95.248625,57.274000,-0.0700,0.9900,-0.1000,-0.5500,-1.3400,0.0000,0.997497,1.448482,"-0.07,0.99,-0.10,-0.55,-1.34,0.00"
2305,2026-07-27T13:55:32.305,95.249074,0.448400,-0.0700,0.9900,-0.1000,-0.7900,-0.7900,-0.0600,0.997497,1.118839,"-0.07,0.99,-0.10,-0.79,-0.79,-0.06"
2306,2026-07-27T13:55:32.425,95.368738,119.664000,-0.0700,0.9900,-0.1000,-0.6100,-0.4300,-0.0600,0.997497,0.748732,"-0.07,0.99,-0.10,-0.61,-0.43,-0.06"
2307,2026-07-27T13:55:32.425,95.369087,0.349800,-0.0700,0.9900,-0.1000,-0.1800,-0.3100,0.0000,0.997497,0.358469,"-0.07,0.99,-0.10,-0.18,-0.31,0.00"
2308,2026-07-27T13:55:32.425,95.369304,0.216200,-0.0700,0.9900,-0.1000,0.0000,-0.3700,0.0600,0.997497,0.374833,"-0.07,0.99,-0.10,0.00,-0.37,0.06"
2309,2026-07-27T13:55:32.545,95.488852,119.548600,-0.0700,0.9900,-0.1000,0.0600,-0.4300,0.0000,0.997497,0.434166,"-0.07,0.99,-0.10,0.06,-0.43,0.00"
2310,2026-07-27T13:55:32.545,95.489008,0.155600,-0.0700,0.9900,-0.1000,-0.0600,-0.4300,0.0000,0.997497,0.434166,"-0.07,0.99,-0.10,-0.06,-0.43,0.00"
2311,2026-07-27T13:55:32.964,95.908525,419.517500,-0.0700,0.9900,-0.1000,-0.0600,-0.4300,-0.0600,0.997497,0.438292,"-0.07,0.99,-0.10,-0.06,-0.43,-0.06"
2312,2026-07-27T13:55:32.965,95.908830,0.304800,-0.0700,0.9900,-0.1000,-0.0600,-0.4300,-0.0600,0.997497,0.438292,"-0.07,0.99,-0.10,-0.06,-0.43,-0.06"
2313,2026-07-27T13:55:32.965,95.909253,0.423000,-0.0700,0.9900,-0.1000,-0.0600,-0.3700,0.0000,0.997497,0.374833,"-0.07,0.99,-0.10,-0.06,-0.37,0.00"
2314,2026-07-27T13:55:32.966,95.909790,0.536800,-0.0700,0.9900,-0.1000,-0.2400,-0.4300,0.0000,0.997497,0.492443,"-0.07,0.99,-0.10,-0.24,-0.43,0.00"
2315,2026-07-27T13:55:32.966,95.910274,0.484000,-0.0700,0.9900,-0.1000,-0.4900,-0.9200,0.0600,0.997497,1.044079,"-0.07,0.99,-0.10,-0.49,-0.92,0.06"
2316,2026-07-27T13:55:32.967,95.910864,0.590200,-0.0700,0.9900,-0.1000,-0.4300,-1.8300,0.1200,0.997497,1.883667,"-0.07,0.99,-0.10,-0.43,-1.83,0.12"
2317,2026-07-27T13:55:32.967,95.911416,0.552100,-0.0700,0.9900,-0.1000,-0.0600,-2.8700,0.1800,0.997497,2.876265,"-0.07,0.99,-0.10,-0.06,-2.87,0.18"
2318,2026-07-27T13:55:32.968,95.911905,0.488600,-0.0700,0.9900,-0.1000,0.1800,-3.6000,0.2400,0.997497,3.612478,"-0.07,0.99,-0.10,0.18,-3.60,0.24"
2319,2026-07-27T13:55:32.968,95.912416,0.511300,-0.0700,0.9900,-0.1000,0.1800,-3.7800,0.3100,0.997497,3.796959,"-0.07,0.99,-0.10,0.18,-3.78,0.31"
2320,2026-07-27T13:55:32.969,95.912963,0.546900,-0.0700,0.9900,-0.1000,0.1200,-3.4800,0.2400,0.997497,3.490329,"-0.07,0.99,-0.10,0.12,-3.48,0.24"
2321,2026-07-27T13:55:33.025,95.969155,56.192300,-0.0700,0.9900,-0.1000,-0.0600,-2.8100,0.1800,0.997497,2.816398,"-0.07,0.99,-0.10,-0.06,-2.81,0.18"
2322,2026-07-27T13:55:33.025,95.969301,0.145300,-0.0700,0.9900,-0.1000,-0.2400,-2.0800,0.1200,0.997497,2.097236,"-0.07,0.99,-0.10,-0.24,-2.08,0.12"
2323,2026-07-27T13:55:33.206,96.150333,181.032000,-0.0700,0.9900,-0.1000,-0.2400,-1.3400,0.0600,0.997497,1.362644,"-0.07,0.99,-0.10,-0.24,-1.34,0.06"
2324,2026-07-27T13:55:33.206,96.150490,0.157500,-0.0700,0.9900,-0.1000,-0.2400,-0.7900,0.0000,0.997497,0.825651,"-0.07,0.99,-0.10,-0.24,-0.79,0.00"
2325,2026-07-27T13:55:33.207,96.150600,0.109400,-0.0700,0.9900,-0.1000,-0.3700,-0.4900,0.0000,0.997497,0.614003,"-0.07,0.99,-0.10,-0.37,-0.49,0.00"
2326,2026-07-27T13:55:33.207,96.150687,0.087000,-0.0700,0.9900,-0.1000,-0.3700,-0.4300,-0.0600,0.997497,0.570438,"-0.07,0.99,-0.10,-0.37,-0.43,-0.06"
2327,2026-07-27T13:55:33.265,96.209330,58.643100,-0.0700,0.9900,-0.1000,-0.2400,-0.3700,0.0000,0.997497,0.441022,"-0.07,0.99,-0.10,-0.24,-0.37,0.00"
2328,2026-07-27T13:55:33.265,96.209443,0.113500,-0.0700,0.9900,-0.1000,-0.1200,-0.3700,0.0600,0.997497,0.393573,"-0.07,0.99,-0.10,-0.12,-0.37,0.06"
2329,2026-07-27T13:55:33.326,96.269826,60.382800,-0.0700,0.9900,-0.1000,-0.1200,-0.3100,0.0600,0.997497,0.337787,"-0.07,0.99,-0.10,-0.12,-0.31,0.06"
2330,2026-07-27T13:55:33.504,96.448438,178.611700,-0.0700,0.9900,-0.1000,-0.3100,-0.3700,0.0000,0.997497,0.482701,"-0.07,0.99,-0.10,-0.31,-0.37,0.00"
2331,2026-07-27T13:55:33.505,96.448727,0.289700,-0.0700,0.9900,-0.1000,-0.4300,-0.4300,0.0000,0.997497,0.608112,"-0.07,0.99,-0.10,-0.43,-0.43,0.00"
2332,2026-07-27T13:55:33.505,96.449368,0.640300,-0.0700,0.9900,-0.1000,-0.3100,-0.4300,0.0000,0.997497,0.530094,"-0.07,0.99,-0.10,-0.31,-0.43,0.00"
2333,2026-07-27T13:55:33.506,96.449795,0.427500,-0.0700,0.9900,-0.1000,-0.1200,-0.3700,0.0000,0.997497,0.388973,"-0.07,0.99,-0.10,-0.12,-0.37,0.00"
2334,2026-07-27T13:55:33.506,96.450346,0.550400,-0.0700,0.9900,-0.1000,-0.0600,-0.3100,0.0000,0.997497,0.315753,"-0.07,0.99,-0.10,-0.06,-0.31,0.00"
2335,2026-07-27T13:55:33.688,96.631618,181.272100,-0.0700,0.9900,-0.1000,-0.1200,-0.3100,0.0000,0.997497,0.332415,"-0.07,0.99,-0.10,-0.12,-0.31,0.00"
2336,2026-07-27T13:55:33.688,96.631893,0.275800,-0.0700,0.9900,-0.1000,-0.1800,-0.3100,0.0000,0.997497,0.358469,"-0.07,0.99,-0.10,-0.18,-0.31,0.00"
2337,2026-07-27T13:55:33.690,96.633716,1.822400,-0.0800,0.9900,-0.1000,-0.3700,-0.3700,0.0000,0.998248,0.523259,"-0.08,0.99,-0.10,-0.37,-0.37,0.00"
2338,2026-07-27T13:55:33.690,96.633893,0.176900,-0.0800,0.9900,-0.1000,-0.4900,-0.4300,0.0000,0.998248,0.651920,"-0.08,0.99,-0.10,-0.49,-0.43,0.00"
2339,2026-07-27T13:55:33.746,96.690403,56.510500,-0.0800,0.9900,-0.1000,-0.2400,-0.3700,0.0600,0.998248,0.445084,"-0.08,0.99,-0.10,-0.24,-0.37,0.06"
2340,2026-07-27T13:55:33.746,96.690557,0.154100,-0.0800,0.9900,-0.1000,-0.0600,-0.3100,0.0600,0.998248,0.321403,"-0.08,0.99,-0.10,-0.06,-0.31,0.06"
2341,2026-07-27T13:55:33.864,96.808101,117.543700,-0.0800,0.9900,-0.1000,0.0000,-0.3100,0.0600,0.998248,0.315753,"-0.08,0.99,-0.10,0.00,-0.31,0.06"
2342,2026-07-27T13:55:33.864,96.808278,0.176900,-0.0800,0.9900,-0.1000,0.0000,-0.3100,0.0600,0.998248,0.315753,"-0.08,0.99,-0.10,0.00,-0.31,0.06"
2343,2026-07-27T13:55:33.865,96.809001,0.722900,-0.0800,0.9900,-0.1000,-0.0600,-0.3700,0.0600,0.998248,0.379605,"-0.08,0.99,-0.10,-0.06,-0.37,0.06"
2344,2026-07-27T13:55:34.285,97.228598,419.596700,-0.0800,0.9900,-0.1000,-0.1800,-0.3700,0.0600,0.998248,0.415812,"-0.08,0.99,-0.10,-0.18,-0.37,0.06"
2345,2026-07-27T13:55:34.285,97.229030,0.432100,-0.0800,0.9900,-0.1000,-0.3700,-0.4300,0.0600,0.998248,0.570438,"-0.08,0.99,-0.10,-0.37,-0.43,0.06"
2346,2026-07-27T13:55:34.285,97.229331,0.301800,-0.0800,0.9900,-0.0900,-0.3700,-0.4300,0.0600,0.997296,0.570438,"-0.08,0.99,-0.09,-0.37,-0.43,0.06"
2347,2026-07-27T13:55:34.286,97.229821,0.489800,-0.0800,0.9900,-0.0900,-0.1800,-0.4300,0.0600,0.997296,0.470000,"-0.08,0.99,-0.09,-0.18,-0.43,0.06"
2348,2026-07-27T13:55:34.287,97.230830,1.008900,-0.0800,0.9900,-0.0900,-0.3700,-0.4900,0.0600,0.997296,0.616928,"-0.08,0.99,-0.09,-0.37,-0.49,0.06"
2349,2026-07-27T13:55:34.287,97.231350,0.519500,-0.0800,0.9900,-0.0900,-0.7900,-0.6700,0.0600,0.997296,1.037593,"-0.08,0.99,-0.09,-0.79,-0.67,0.06"
2350,2026-07-27T13:55:34.288,97.231749,0.399600,-0.0800,0.9900,-0.0900,-0.9800,-0.7300,0.0000,0.997296,1.222007,"-0.08,0.99,-0.09,-0.98,-0.73,0.00"
2351,2026-07-27T13:55:34.288,97.232445,0.695900,-0.0800,0.9900,-0.0900,-0.7300,-0.6100,0.0000,0.997296,0.951315,"-0.08,0.99,-0.09,-0.73,-0.61,0.00"
2352,2026-07-27T13:55:34.289,97.232980,0.535200,-0.0700,0.9900,-0.1000,-0.1200,-0.3100,0.0600,0.997497,0.337787,"-0.07,0.99,-0.10,-0.12,-0.31,0.06"
2353,2026-07-27T13:55:34.289,97.233424,0.443900,-0.0700,0.9900,-0.1000,-0.1200,0.0000,0.0600,0.997497,0.134164,"-0.07,0.99,-0.10,-0.12,0.00,0.06"
2354,2026-07-27T13:55:34.346,97.289882,56.457600,-0.0800,0.9900,-0.0900,-2.9900,-0.0600,-0.1800,0.997296,2.996014,"-0.08,0.99,-0.09,-2.99,-0.06,-0.18"
2355,2026-07-27T13:55:34.346,97.290046,0.164000,-0.0800,0.9900,-0.0800,-4.8200,-0.5500,-0.3100,0.996444,4.861173,"-0.08,0.99,-0.08,-4.82,-0.55,-0.31"
2356,2026-07-27T13:55:34.405,97.349506,59.460300,-0.0800,0.9900,-0.0800,-2.5000,-0.6700,-0.0600,0.996444,2.588919,"-0.08,0.99,-0.08,-2.50,-0.67,-0.06"
2357,2026-07-27T13:55:34.585,97.528740,179.234300,-0.0800,0.9900,-0.0900,-0.1800,-0.4900,0.1200,0.997296,0.535630,"-0.08,0.99,-0.09,-0.18,-0.49,0.12"
2358,2026-07-27T13:55:34.585,97.528976,0.235300,-0.0800,0.9900,-0.0900,0.5500,-0.3100,0.1800,0.997296,0.656506,"-0.08,0.99,-0.09,0.55,-0.31,0.18"
2359,2026-07-27T13:55:34.585,97.529289,0.312800,-0.0800,0.9900,-0.0900,0.3100,-0.2400,0.1200,0.997296,0.410000,"-0.08,0.99,-0.09,0.31,-0.24,0.12"
2360,2026-07-27T13:55:34.586,97.529765,0.476000,-0.0800,0.9900,-0.0900,-0.0600,-0.2400,0.1200,0.997296,0.274955,"-0.08,0.99,-0.09,-0.06,-0.24,0.12"
2361,2026-07-27T13:55:34.586,97.530236,0.471200,-0.0800,0.9900,-0.0900,-0.1800,-0.3100,0.1200,0.997296,0.378021,"-0.08,0.99,-0.09,-0.18,-0.31,0.12"
2362,2026-07-27T13:55:34.645,97.588580,58.344700,-0.0800,0.9900,-0.0900,-0.1800,-0.3100,0.1200,0.997296,0.378021,"-0.08,0.99,-0.09,-0.18,-0.31,0.12"
2363,2026-07-27T13:55:34.766,97.709710,121.129400,-0.0800,0.9900,-0.0900,-0.1200,-0.3100,0.1200,0.997296,0.353412,"-0.08,0.99,-0.09,-0.12,-0.31,0.12"
2364,2026-07-27T13:55:34.766,97.709867,0.157600,-0.0800,0.9900,-0.0900,-0.0600,-0.3100,0.1200,0.997296,0.337787,"-0.08,0.99,-0.09,-0.06,-0.31,0.12"
2365,2026-07-27T13:55:34.766,97.709989,0.121200,-0.0800,0.9900,-0.0900,-0.0600,-0.3100,0.1200,0.997296,0.337787,"-0.08,0.99,-0.09,-0.06,-0.31,0.12"
2366,2026-07-27T13:55:35.065,98.009163,299.174600,-0.0800,0.9900,-0.0900,-0.0600,-0.3100,0.1200,0.997296,0.337787,"-0.08,0.99,-0.09,-0.06,-0.31,0.12"
2367,2026-07-27T13:55:35.065,98.009368,0.204300,-0.0800,0.9900,-0.0900,-0.0600,-0.3100,0.1200,0.997296,0.337787,"-0.08,0.99,-0.09,-0.06,-0.31,0.12"
2368,2026-07-27T13:55:35.065,98.009513,0.145900,-0.0800,0.9900,-0.0900,-0.0600,-0.3700,0.0600,0.997296,0.379605,"-0.08,0.99,-0.09,-0.06,-0.37,0.06"
2369,2026-07-27T13:55:35.068,98.011958,2.444300,-0.0800,0.9900,-0.0900,-0.0600,-0.3100,0.0600,0.997296,0.321403,"-0.08,0.99,-0.09,-0.06,-0.31,0.06"
2370,2026-07-27T13:55:35.068,98.012151,0.193700,-0.0800,0.9900,-0.0900,-0.1200,-0.3100,0.1200,0.997296,0.353412,"-0.08,0.99,-0.09,-0.12,-0.31,0.12"
2371,2026-07-27T13:55:35.068,98.012310,0.158900,-0.0800,0.9900,-0.0900,-0.1200,-0.3100,0.1200,0.997296,0.353412,"-0.08,0.99,-0.09,-0.12,-0.31,0.12"
2372,2026-07-27T13:55:35.068,98.012512,0.201400,-0.0800,0.9900,-0.0900,-0.1200,-0.3100,0.1200,0.997296,0.353412,"-0.08,0.99,-0.09,-0.12,-0.31,0.12"
2373,2026-07-27T13:55:35.124,98.068485,55.973300,-0.0800,0.9900,-0.0900,-0.1200,-0.3100,0.1200,0.997296,0.353412,"-0.08,0.99,-0.09,-0.12,-0.31,0.12"
2374,2026-07-27T13:55:35.184,98.128572,60.087300,-0.0800,0.9900,-0.0900,-0.1200,-0.2400,0.1200,0.997296,0.293939,"-0.08,0.99,-0.09,-0.12,-0.24,0.12"
2375,2026-07-27T13:55:35.425,98.368740,240.167700,-0.0800,0.9900,-0.0900,-0.0600,-0.3100,0.1200,0.997296,0.337787,"-0.08,0.99,-0.09,-0.06,-0.31,0.12"
2376,2026-07-27T13:55:35.425,98.369338,0.598200,-0.0800,0.9900,-0.0900,-0.0600,-0.3100,0.1800,0.997296,0.363456,"-0.08,0.99,-0.09,-0.06,-0.31,0.18"
2377,2026-07-27T13:55:35.425,98.369429,0.090500,-0.0800,0.9900,-0.0900,-0.0600,-0.3100,0.1800,0.997296,0.363456,"-0.08,0.99,-0.09,-0.06,-0.31,0.18"
2378,2026-07-27T13:55:35.426,98.369815,0.386200,-0.0800,0.9900,-0.0900,-0.0600,-0.3100,0.1800,0.997296,0.363456,"-0.08,0.99,-0.09,-0.06,-0.31,0.18"
2379,2026-07-27T13:55:35.426,98.370392,0.576800,-0.0800,0.9900,-0.0900,-0.0600,-0.3100,0.1200,0.997296,0.337787,"-0.08,0.99,-0.09,-0.06,-0.31,0.12"
2380,2026-07-27T13:55:35.427,98.370877,0.485200,-0.0800,0.9900,-0.0900,-0.0600,-0.3100,0.1200,0.997296,0.337787,"-0.08,0.99,-0.09,-0.06,-0.31,0.12"
2381,2026-07-27T13:55:35.485,98.429374,58.496600,-0.0800,0.9900,-0.0900,-0.1200,-0.3100,0.0600,0.997296,0.337787,"-0.08,0.99,-0.09,-0.12,-0.31,0.06"
2382,2026-07-27T13:55:35.606,98.549681,120.307100,-0.0800,0.9900,-0.0900,-0.1200,-0.3100,0.0600,0.997296,0.337787,"-0.08,0.99,-0.09,-0.12,-0.31,0.06"
2383,2026-07-27T13:55:35.606,98.549717,0.036100,-0.0800,0.9900,-0.0900,-0.3700,-0.3100,0.0600,0.997296,0.486415,"-0.08,0.99,-0.09,-0.37,-0.31,0.06"
2384,2026-07-27T13:55:35.606,98.549889,0.172300,-0.0800,0.9900,-0.0800,-0.5500,-0.3100,0.0600,0.996444,0.634192,"-0.08,0.99,-0.08,-0.55,-0.31,0.06"
2385,2026-07-27T13:55:35.667,98.610656,60.766900,-0.0800,0.9900,-0.0800,-0.4900,-0.3100,0.0600,0.996444,0.582924,"-0.08,0.99,-0.08,-0.49,-0.31,0.06"
2386,2026-07-27T13:55:35.667,98.610688,0.032000,-0.0800,0.9900,-0.0800,-0.1800,-0.3100,0.1200,0.996444,0.378021,"-0.08,0.99,-0.08,-0.18,-0.31,0.12"
2387,2026-07-27T13:55:35.786,98.729623,118.935200,-0.0800,0.9900,-0.0800,-0.0600,-0.3100,0.1200,0.996444,0.337787,"-0.08,0.99,-0.08,-0.06,-0.31,0.12"
2388,2026-07-27T13:55:35.786,98.729653,0.029700,-0.0800,0.9900,-0.0800,-0.0600,-0.3100,0.1200,0.996444,0.337787,"-0.08,0.99,-0.08,-0.06,-0.31,0.12"
2389,2026-07-27T13:55:35.786,98.729804,0.151400,-0.0800,0.9900,-0.0900,-0.1200,-0.2400,0.1200,0.997296,0.293939,"-0.08,0.99,-0.09,-0.12,-0.24,0.12"
2390,2026-07-27T13:55:35.905,98.848610,118.806200,-0.0800,0.9900,-0.0900,-0.1200,-0.2400,0.1200,0.997296,0.293939,"-0.08,0.99,-0.09,-0.12,-0.24,0.12"
2391,2026-07-27T13:55:35.905,98.848817,0.206600,-0.0800,0.9900,-0.0800,-0.1200,-0.3100,0.1200,0.996444,0.353412,"-0.08,0.99,-0.08,-0.12,-0.31,0.12"
2392,2026-07-27T13:55:35.905,98.849251,0.433700,-0.0800,0.9900,-0.0800,-0.1200,-0.3700,0.1200,0.996444,0.407063,"-0.08,0.99,-0.08,-0.12,-0.37,0.12"
2393,2026-07-27T13:55:35.967,98.911073,61.822200,-0.0800,0.9900,-0.0800,-0.0600,-0.3700,0.1200,0.996444,0.393573,"-0.08,0.99,-0.08,-0.06,-0.37,0.12"
2394,2026-07-27T13:55:36.026,98.969819,58.745700,-0.0800,0.9900,-0.0800,-0.0600,-0.3700,0.1200,0.996444,0.393573,"-0.08,0.99,-0.08,-0.06,-0.37,0.12"
2395,2026-07-27T13:55:36.026,98.970063,0.244300,-0.0800,0.9900,-0.0800,-0.1200,-0.3700,0.1200,0.996444,0.407063,"-0.08,0.99,-0.08,-0.12,-0.37,0.12"
2396,2026-07-27T13:55:36.145,99.089019,118.956400,-0.0800,0.9900,-0.0900,-0.1800,-0.3100,0.1200,0.997296,0.378021,"-0.08,0.99,-0.09,-0.18,-0.31,0.12"
2397,2026-07-27T13:55:36.145,99.089132,0.113100,-0.0800,0.9900,-0.0800,-0.3700,-0.3100,0.1200,0.996444,0.497393,"-0.08,0.99,-0.08,-0.37,-0.31,0.12"
2398,2026-07-27T13:55:36.145,99.089212,0.079600,-0.0800,0.9900,-0.0800,-0.5500,-0.3700,0.1200,0.996444,0.673647,"-0.08,0.99,-0.08,-0.55,-0.37,0.12"
2399,2026-07-27T13:55:36.206,99.150132,60.920400,-0.0800,0.9900,-0.0800,-0.4900,-0.3700,0.1200,0.996444,0.625620,"-0.08,0.99,-0.08,-0.49,-0.37,0.12"
2400,2026-07-27T13:55:36.329,99.272815,122.682400,-0.0800,0.9900,-0.0800,-0.2400,-0.3100,0.1200,0.996444,0.410000,"-0.08,0.99,-0.08,-0.24,-0.31,0.12"
2401,2026-07-27T13:55:36.329,99.272977,0.161700,-0.0800,0.9900,-0.0800,-0.0600,-0.3100,0.1200,0.996444,0.337787,"-0.08,0.99,-0.08,-0.06,-0.31,0.12"
2402,2026-07-27T13:55:36.329,99.273100,0.123800,-0.0800,0.9900,-0.0800,-0.0600,-0.3100,0.1200,0.996444,0.337787,"-0.08,0.99,-0.08,-0.06,-0.31,0.12"
2403,2026-07-27T13:55:36.445,99.389248,116.147800,-0.0800,0.9900,-0.0800,-0.0600,-0.3100,0.1200,0.996444,0.337787,"-0.08,0.99,-0.08,-0.06,-0.31,0.12"
2404,2026-07-27T13:55:36.445,99.389437,0.188600,-0.0800,0.9900,-0.0800,-0.1200,-0.3100,0.1200,0.996444,0.353412,"-0.08,0.99,-0.08,-0.12,-0.31,0.12"
2405,2026-07-27T13:55:36.445,99.389544,0.107300,-0.0800,0.9900,-0.0800,-0.1800,-0.3100,0.1200,0.996444,0.378021,"-0.08,0.99,-0.08,-0.18,-0.31,0.12"
2406,2026-07-27T13:55:36.509,99.452597,63.052800,-0.0800,0.9900,-0.0800,-0.1800,-0.3100,0.1200,0.996444,0.378021,"-0.08,0.99,-0.08,-0.18,-0.31,0.12"
2407,2026-07-27T13:55:36.509,99.452792,0.195400,-0.0800,0.9900,-0.0800,-0.1800,-0.3100,0.1200,0.996444,0.378021,"-0.08,0.99,-0.08,-0.18,-0.31,0.12"
2408,2026-07-27T13:55:36.625,99.568650,115.857300,-0.0800,0.9900,-0.0800,-0.2400,-0.3700,0.1200,0.996444,0.457056,"-0.08,0.99,-0.08,-0.24,-0.37,0.12"
2409,2026-07-27T13:55:36.625,99.568815,0.165800,-0.0800,0.9900,-0.0800,-0.2400,-0.3700,0.1200,0.996444,0.457056,"-0.08,0.99,-0.08,-0.24,-0.37,0.12"
2410,2026-07-27T13:55:36.625,99.569200,0.384600,-0.0800,0.9900,-0.0800,-0.2400,-0.3700,0.1200,0.996444,0.457056,"-0.08,0.99,-0.08,-0.24,-0.37,0.12"
2411,2026-07-27T13:55:36.865,99.809172,239.971700,-0.0800,0.9900,-0.0800,-0.1800,-0.3700,0.1200,0.996444,0.428602,"-0.08,0.99,-0.08,-0.18,-0.37,0.12"
2412,2026-07-27T13:55:36.865,99.809207,0.035500,-0.0800,0.9900,-0.0800,-0.1800,-0.3100,0.1200,0.996444,0.378021,"-0.08,0.99,-0.08,-0.18,-0.31,0.12"
2413,2026-07-27T13:55:36.865,99.809342,0.135000,-0.0800,0.9900,-0.0800,-0.1800,-0.3100,0.1200,0.996444,0.378021,"-0.08,0.99,-0.08,-0.18,-0.31,0.12"
2414,2026-07-27T13:55:36.866,99.810037,0.695100,-0.0800,0.9900,-0.0800,-0.2400,-0.3100,0.1200,0.996444,0.410000,"-0.08,0.99,-0.08,-0.24,-0.31,0.12"
2415,2026-07-27T13:55:36.866,99.810417,0.379800,-0.0800,0.9900,-0.0800,-0.3100,-0.3700,0.1200,0.996444,0.497393,"-0.08,0.99,-0.08,-0.31,-0.37,0.12"
2416,2026-07-27T13:55:36.869,99.812688,2.271300,-0.0800,0.9900,-0.0800,-0.3100,-0.3100,0.1200,0.996444,0.454533,"-0.08,0.99,-0.08,-0.31,-0.31,0.12"
2417,2026-07-27T13:55:38.067,101.011029,1198.340800,-0.0800,0.9900,-0.0800,-0.3100,-0.3100,0.1200,0.996444,0.454533,"-0.08,0.99,-0.08,-0.31,-0.31,0.12"
2418,2026-07-27T13:55:38.067,101.011282,0.252400,-0.0800,0.9900,-0.0800,-0.3100,-0.3100,0.1200,0.996444,0.454533,"-0.08,0.99,-0.08,-0.31,-0.31,0.12"
2419,2026-07-27T13:55:38.067,101.011367,0.085300,-0.0800,0.9900,-0.0800,-0.2400,-0.3700,0.1200,0.996444,0.457056,"-0.08,0.99,-0.08,-0.24,-0.37,0.12"
2420,2026-07-27T13:55:38.067,101.011476,0.109000,-0.0800,0.9900,-0.0800,-0.1800,-0.3700,0.1200,0.996444,0.428602,"-0.08,0.99,-0.08,-0.18,-0.37,0.12"
2421,2026-07-27T13:55:38.068,101.011631,0.155400,-0.0800,0.9900,-0.0800,-0.1200,-0.3100,0.1200,0.996444,0.353412,"-0.08,0.99,-0.08,-0.12,-0.31,0.12"
2422,2026-07-27T13:55:38.068,101.011756,0.124400,-0.0800,0.9900,-0.0800,-0.1200,-0.3100,0.1200,0.996444,0.353412,"-0.08,0.99,-0.08,-0.12,-0.31,0.12"
2423,2026-07-27T13:55:38.069,101.012737,0.981100,-0.0800,0.9900,-0.0800,-0.1200,-0.2400,0.1200,0.996444,0.293939,"-0.08,0.99,-0.08,-0.12,-0.24,0.12"
2424,2026-07-27T13:55:38.069,101.013248,0.511200,-0.0800,0.9900,-0.0800,-0.1800,-0.3100,0.1200,0.996444,0.378021,"-0.08,0.99,-0.08,-0.18,-0.31,0.12"
2425,2026-07-27T13:55:38.069,101.013436,0.188400,-0.0800,0.9900,-0.0800,-0.2400,-0.3100,0.1200,0.996444,0.410000,"-0.08,0.99,-0.08,-0.24,-0.31,0.12"
2426,2026-07-27T13:55:38.070,101.013661,0.224700,-0.0800,0.9900,-0.0800,-0.4300,-0.3700,0.0600,0.996444,0.570438,"-0.08,0.99,-0.08,-0.43,-0.37,0.06"
2427,2026-07-27T13:55:38.070,101.014074,0.413400,-0.0800,0.9900,-0.0800,-0.4300,-0.3700,0.0600,0.996444,0.570438,"-0.08,0.99,-0.08,-0.43,-0.37,0.06"
2428,2026-07-27T13:55:38.070,101.014283,0.209000,-0.0800,0.9900,-0.0800,-0.2400,-0.3100,0.1200,0.996444,0.410000,"-0.08,0.99,-0.08,-0.24,-0.31,0.12"
2429,2026-07-27T13:55:38.072,101.015905,1.621900,-0.0800,0.9900,-0.0800,-0.1200,-0.3100,0.1200,0.996444,0.353412,"-0.08,0.99,-0.08,-0.12,-0.31,0.12"
2430,2026-07-27T13:55:38.072,101.016079,0.174000,-0.0800,0.9900,-0.0800,-0.1200,-0.3100,0.1200,0.996444,0.353412,"-0.08,0.99,-0.08,-0.12,-0.31,0.12"
2431,2026-07-27T13:55:38.072,101.016206,0.126600,-0.0800,0.9900,-0.0800,-0.1200,-0.3100,0.1200,0.996444,0.353412,"-0.08,0.99,-0.08,-0.12,-0.31,0.12"
2432,2026-07-27T13:55:38.072,101.016287,0.081300,-0.0800,0.9900,-0.0800,-0.1200,-0.3100,0.1200,0.996444,0.353412,"-0.08,0.99,-0.08,-0.12,-0.31,0.12"
2433,2026-07-27T13:55:38.075,101.019530,3.242500,-0.0800,0.9900,-0.0800,-0.3100,-0.3700,0.1200,0.996444,0.497393,"-0.08,0.99,-0.08,-0.31,-0.37,0.12"
2434,2026-07-27T13:55:38.076,101.020127,0.597200,-0.0800,0.9900,-0.0800,-0.4300,-0.3700,0.1200,0.996444,0.579828,"-0.08,0.99,-0.08,-0.43,-0.37,0.12"
2435,2026-07-27T13:55:38.076,101.020290,0.163400,-0.0800,0.9900,-0.0800,-0.4300,-0.3700,0.1200,0.996444,0.579828,"-0.08,0.99,-0.08,-0.43,-0.37,0.12"
2436,2026-07-27T13:55:38.076,101.020434,0.143600,-0.0800,0.9900,-0.0800,-0.3100,-0.3100,0.1200,0.996444,0.454533,"-0.08,0.99,-0.08,-0.31,-0.31,0.12"
2437,2026-07-27T13:55:38.076,101.020550,0.116200,-0.0800,0.9900,-0.0800,-0.1800,-0.3100,0.1800,0.996444,0.401123,"-0.08,0.99,-0.08,-0.18,-0.31,0.18"
2438,2026-07-27T13:55:38.077,101.020644,0.093500,-0.0800,0.9900,-0.0800,-0.1800,-0.3100,0.1800,0.996444,0.401123,"-0.08,0.99,-0.08,-0.18,-0.31,0.18"
2439,2026-07-27T13:55:38.077,101.020733,0.089300,-0.0800,0.9900,-0.0800,-0.3100,-0.3700,0.1200,0.996444,0.497393,"-0.08,0.99,-0.08,-0.31,-0.37,0.12"
2440,2026-07-27T13:55:38.077,101.020845,0.111800,-0.0800,0.9900,-0.0800,-0.2400,-0.3100,0.1200,0.996444,0.410000,"-0.08,0.99,-0.08,-0.24,-0.31,0.12"
2441,2026-07-27T13:55:38.079,101.023204,2.359500,-0.0800,0.9900,-0.0800,-0.1800,-0.3100,0.1200,0.996444,0.378021,"-0.08,0.99,-0.08,-0.18,-0.31,0.12"
2442,2026-07-27T13:55:38.079,101.023528,0.324000,-0.0800,0.9900,-0.0800,-0.1800,-0.3100,0.1200,0.996444,0.378021,"-0.08,0.99,-0.08,-0.18,-0.31,0.12"
2443,2026-07-27T13:55:38.080,101.023673,0.144700,-0.0800,0.9900,-0.0800,-0.1200,-0.3100,0.1800,0.996444,0.378021,"-0.08,0.99,-0.08,-0.12,-0.31,0.18"
2444,2026-07-27T13:55:38.080,101.023867,0.193900,-0.0800,0.9900,-0.0800,-0.1200,-0.3100,0.1800,0.996444,0.378021,"-0.08,0.99,-0.08,-0.12,-0.31,0.18"
2445,2026-07-27T13:55:38.605,101.549385,525.517900,-0.0800,0.9900,-0.0800,-0.1200,-0.3100,0.1200,0.996444,0.353412,"-0.08,0.99,-0.08,-0.12,-0.31,0.12"
2446,2026-07-27T13:55:38.605,101.549566,0.181400,-0.0800,0.9900,-0.0800,-0.1200,-0.3100,0.1200,0.996444,0.353412,"-0.08,0.99,-0.08,-0.12,-0.31,0.12"
2447,2026-07-27T13:55:38.606,101.549602,0.035400,-0.0800,0.9900,-0.0800,-0.1200,-0.3100,0.1800,0.996444,0.378021,"-0.08,0.99,-0.08,-0.12,-0.31,0.18"
2448,2026-07-27T13:55:38.606,101.549754,0.152500,-0.0800,0.9900,-0.0800,-0.1200,-0.3100,0.1800,0.996444,0.378021,"-0.08,0.99,-0.08,-0.12,-0.31,0.18"
2449,2026-07-27T13:55:38.606,101.550339,0.585400,-0.0800,0.9900,-0.0800,-0.1800,-0.3100,0.1800,0.996444,0.401123,"-0.08,0.99,-0.08,-0.18,-0.31,0.18"
2450,2026-07-27T13:55:38.607,101.550758,0.418800,-0.0800,0.9900,-0.0800,-0.1800,-0.3100,0.1200,0.996444,0.378021,"-0.08,0.99,-0.08,-0.18,-0.31,0.12"
2451,2026-07-27T13:55:38.607,101.551519,0.760600,-0.0800,0.9900,-0.0800,-0.1800,-0.3100,0.1200,0.996444,0.378021,"-0.08,0.99,-0.08,-0.18,-0.31,0.12"
2452,2026-07-27T13:55:38.608,101.551895,0.376300,-0.0800,0.9900,-0.0800,-0.1800,-0.3100,0.1200,0.996444,0.378021,"-0.08,0.99,-0.08,-0.18,-0.31,0.12"
2453,2026-07-27T13:55:38.608,101.552522,0.626500,-0.0800,0.9900,-0.0800,-0.1800,-0.3100,0.1200,0.996444,0.378021,"-0.08,0.99,-0.08,-0.18,-0.31,0.12"
2454,2026-07-27T13:55:38.609,101.553052,0.530500,-0.0800,0.9900,-0.0800,-0.1800,-0.3100,0.1800,0.996444,0.401123,"-0.08,0.99,-0.08,-0.18,-0.31,0.18"
2455,2026-07-27T13:55:38.610,101.553627,0.574400,-0.0800,0.9900,-0.0800,-0.1800,-0.3100,0.1800,0.996444,0.401123,"-0.08,0.99,-0.08,-0.18,-0.31,0.18"
2456,2026-07-27T13:55:38.610,101.554153,0.526000,-0.0800,0.9900,-0.0800,-0.2400,-0.3100,0.1200,0.996444,0.410000,"-0.08,0.99,-0.08,-0.24,-0.31,0.12"
2457,2026-07-27T13:55:38.615,101.559181,5.027900,-0.0800,0.9900,-0.0800,-0.2400,-0.3100,0.1200,0.996444,0.410000,"-0.08,0.99,-0.08,-0.24,-0.31,0.12"
2458,2026-07-27T13:55:38.787,101.731333,172.153000,-0.0800,0.9900,-0.0800,-0.2400,-0.3100,0.1200,0.996444,0.410000,"-0.08,0.99,-0.08,-0.24,-0.31,0.12"
2459,2026-07-27T13:55:38.787,101.731426,0.092300,-0.0800,0.9900,-0.0800,-0.1800,-0.3100,0.1200,0.996444,0.378021,"-0.08,0.99,-0.08,-0.18,-0.31,0.12"
2460,2026-07-27T13:55:38.787,101.731545,0.119100,-0.0800,0.9900,-0.0800,-0.1200,-0.3100,0.1200,0.996444,0.353412,"-0.08,0.99,-0.08,-0.12,-0.31,0.12"
2461,2026-07-27T13:55:38.788,101.731647,0.101700,-0.0800,0.9900,-0.0800,-0.1200,-0.2400,0.1200,0.996444,0.293939,"-0.08,0.99,-0.08,-0.12,-0.24,0.12"
2462,2026-07-27T13:55:38.788,101.731722,0.075500,-0.0800,0.9900,-0.0800,-0.1200,-0.3100,0.1200,0.996444,0.353412,"-0.08,0.99,-0.08,-0.12,-0.31,0.12"
2463,2026-07-27T13:55:39.265,102.208692,476.969800,-0.0800,0.9900,-0.0800,-0.1200,-0.3100,0.1200,0.996444,0.353412,"-0.08,0.99,-0.08,-0.12,-0.31,0.12"
2464,2026-07-27T13:55:39.265,102.209096,0.404600,-0.0800,0.9900,-0.0800,-0.1200,-0.3100,0.1200,0.996444,0.353412,"-0.08,0.99,-0.08,-0.12,-0.31,0.12"
2465,2026-07-27T13:55:39.265,102.209540,0.443100,-0.0800,0.9900,-0.0800,-0.1200,-0.3100,0.1800,0.996444,0.378021,"-0.08,0.99,-0.08,-0.12,-0.31,0.18"
2466,2026-07-27T13:55:39.266,102.210098,0.558300,-0.0800,0.9900,-0.0800,-0.1200,-0.2400,0.1200,0.996444,0.293939,"-0.08,0.99,-0.08,-0.12,-0.24,0.12"
2467,2026-07-27T13:55:39.267,102.211017,0.918800,-0.0800,0.9900,-0.0800,-0.1200,-0.2400,0.1200,0.996444,0.293939,"-0.08,0.99,-0.08,-0.12,-0.24,0.12"
2468,2026-07-27T13:55:39.268,102.211642,0.625500,-0.0800,0.9900,-0.0800,-0.1800,-0.2400,0.1200,0.996444,0.323110,"-0.08,0.99,-0.08,-0.18,-0.24,0.12"
2469,2026-07-27T13:55:39.268,102.212204,0.561700,-0.0800,0.9900,-0.0800,-0.1800,-0.3100,0.1200,0.996444,0.378021,"-0.08,0.99,-0.08,-0.18,-0.31,0.12"
2470,2026-07-27T13:55:39.269,102.212721,0.517300,-0.0800,0.9900,-0.0800,-0.1800,-0.3100,0.1200,0.996444,0.378021,"-0.08,0.99,-0.08,-0.18,-0.31,0.12"
2471,2026-07-27T13:55:39.269,102.213273,0.551700,-0.0800,0.9900,-0.0800,-0.2400,-0.3100,0.1200,0.996444,0.410000,"-0.08,0.99,-0.08,-0.24,-0.31,0.12"
2472,2026-07-27T13:55:39.270,102.213739,0.465900,-0.0800,0.9900,-0.0800,-0.3100,-0.3100,0.0600,0.996444,0.442493,"-0.08,0.99,-0.08,-0.31,-0.31,0.06"
2473,2026-07-27T13:55:39.270,102.214297,0.558600,-0.0800,0.9900,-0.0800,-0.3700,-0.3100,0.0600,0.996444,0.486415,"-0.08,0.99,-0.08,-0.37,-0.31,0.06"
2474,2026-07-27T13:55:39.271,102.214838,0.541000,-0.0800,0.9900,-0.0800,-0.3700,-0.3100,0.1200,0.996444,0.497393,"-0.08,0.99,-0.08,-0.37,-0.31,0.12"
2475,2026-07-27T13:55:39.505,102.449101,234.263000,-0.0800,0.9900,-0.0800,-0.3100,-0.3100,0.1200,0.996444,0.454533,"-0.08,0.99,-0.08,-0.31,-0.31,0.12"
2476,2026-07-27T13:55:39.506,102.449629,0.528100,-0.0800,0.9900,-0.0800,-0.1800,-0.3100,0.1200,0.996444,0.378021,"-0.08,0.99,-0.08,-0.18,-0.31,0.12"
2477,2026-07-27T13:55:39.506,102.449885,0.255500,-0.0800,0.9900,-0.0800,-0.1800,-0.3100,0.1200,0.996444,0.378021,"-0.08,0.99,-0.08,-0.18,-0.31,0.12"
2478,2026-07-27T13:55:39.506,102.450324,0.439100,-0.0800,0.9900,-0.0800,-0.1200,-0.3100,0.1200,0.996444,0.353412,"-0.08,0.99,-0.08,-0.12,-0.31,0.12"
2479,2026-07-27T13:55:39.506,102.450456,0.131900,-0.0800,0.9900,-0.0800,-0.1200,-0.3100,0.1200,0.996444,0.353412,"-0.08,0.99,-0.08,-0.12,-0.31,0.12"
2480,2026-07-27T13:55:39.509,102.453425,2.968600,-0.0800,0.9900,-0.0800,-0.1200,-0.3100,0.1200,0.996444,0.353412,"-0.08,0.99,-0.08,-0.12,-0.31,0.12"
2481,2026-07-27T13:55:40.524,103.468183,1014.758800,-0.0800,0.9900,-0.0800,-0.1800,-0.3100,0.1200,0.996444,0.378021,"-0.08,0.99,-0.08,-0.18,-0.31,0.12"
2482,2026-07-27T13:55:40.524,103.468411,0.227600,-0.0800,0.9900,-0.0800,-0.1800,-0.3100,0.1800,0.996444,0.401123,"-0.08,0.99,-0.08,-0.18,-0.31,0.18"
2483,2026-07-27T13:55:40.525,103.468857,0.445900,-0.0800,0.9900,-0.0800,-0.3100,-0.3100,0.1800,0.996444,0.473920,"-0.08,0.99,-0.08,-0.31,-0.31,0.18"
2484,2026-07-27T13:55:40.525,103.469444,0.586900,-0.0800,0.9900,-0.0800,-0.3100,-0.3100,0.1200,0.996444,0.454533,"-0.08,0.99,-0.08,-0.31,-0.31,0.12"
2485,2026-07-27T13:55:40.526,103.469996,0.552500,-0.0800,0.9900,-0.0800,-0.2400,-0.3100,0.1200,0.996444,0.410000,"-0.08,0.99,-0.08,-0.24,-0.31,0.12"
2486,2026-07-27T13:55:40.526,103.470499,0.502300,-0.0800,0.9900,-0.0800,-0.1800,-0.3100,0.1200,0.996444,0.378021,"-0.08,0.99,-0.08,-0.18,-0.31,0.12"
2487,2026-07-27T13:55:40.527,103.471123,0.624500,-0.0800,0.9900,-0.0800,-0.1200,-0.3100,0.1200,0.996444,0.353412,"-0.08,0.99,-0.08,-0.12,-0.31,0.12"
2488,2026-07-27T13:55:40.527,103.471579,0.455600,-0.0800,0.9900,-0.0800,-0.1200,-0.3100,0.1800,0.996444,0.378021,"-0.08,0.99,-0.08,-0.12,-0.31,0.18"
2489,2026-07-27T13:55:40.528,103.472168,0.589800,-0.0800,0.9900,-0.0800,-0.1200,-0.3100,0.1800,0.996444,0.378021,"-0.08,0.99,-0.08,-0.12,-0.31,0.18"
2490,2026-07-27T13:55:40.529,103.472714,0.545400,-0.0800,0.9900,-0.0800,-0.1200,-0.3100,0.1800,0.996444,0.378021,"-0.08,0.99,-0.08,-0.12,-0.31,0.18"
2491,2026-07-27T13:55:40.529,103.473174,0.460300,-0.0800,0.9900,-0.0800,-0.1200,-0.3100,0.1200,0.996444,0.353412,"-0.08,0.99,-0.08,-0.12,-0.31,0.12"
2492,2026-07-27T13:55:40.530,103.473835,0.661300,-0.0800,0.9900,-0.0800,-0.1800,-0.3100,0.1200,0.996444,0.378021,"-0.08,0.99,-0.08,-0.18,-0.31,0.12"
2493,2026-07-27T13:55:40.530,103.474323,0.487600,-0.0800,0.9900,-0.0800,-0.1800,-0.3100,0.1200,0.996444,0.378021,"-0.08,0.99,-0.08,-0.18,-0.31,0.12"
2494,2026-07-27T13:55:40.531,103.474969,0.646300,-0.0800,0.9900,-0.0800,-0.2400,-0.3100,0.1200,0.996444,0.410000,"-0.08,0.99,-0.08,-0.24,-0.31,0.12"
2495,2026-07-27T13:55:40.531,103.475367,0.397500,-0.0800,0.9900,-0.0800,-0.3700,-0.3700,0.1200,0.996444,0.536843,"-0.08,0.99,-0.08,-0.37,-0.37,0.12"
2496,2026-07-27T13:55:40.532,103.476065,0.697800,-0.0800,0.9900,-0.0800,-0.3700,-0.3100,0.1200,0.996444,0.497393,"-0.08,0.99,-0.08,-0.37,-0.31,0.12"
2497,2026-07-27T13:55:40.533,103.477555,1.490500,-0.0800,0.9900,-0.0700,-0.2400,-0.3100,0.1800,0.995691,0.431393,"-0.08,0.99,-0.07,-0.24,-0.31,0.18"
2498,2026-07-27T13:55:40.534,103.477699,0.143500,-0.0800,0.9900,-0.0700,-0.1200,-0.3100,0.1800,0.995691,0.378021,"-0.08,0.99,-0.07,-0.12,-0.31,0.18"
2499,2026-07-27T13:55:40.534,103.477933,0.234200,-0.0800,0.9900,-0.0700,-0.1200,-0.3100,0.1800,0.995691,0.378021,"-0.08,0.99,-0.07,-0.12,-0.31,0.18"
2500,2026-07-27T13:55:40.534,103.478156,0.222800,-0.0800,0.9900,-0.0700,-0.1800,-0.3100,0.1800,0.995691,0.401123,"-0.08,0.99,-0.07,-0.18,-0.31,0.18"
2501,2026-07-27T13:55:40.535,103.478678,0.522200,-0.0800,0.9900,-0.0700,-0.3100,-0.3100,0.1200,0.995691,0.454533,"-0.08,0.99,-0.07,-0.31,-0.31,0.12"
2502,2026-07-27T13:55:40.535,103.479182,0.503900,-0.0800,0.9900,-0.0700,-0.3700,-0.3100,0.0600,0.995691,0.486415,"-0.08,0.99,-0.07,-0.37,-0.31,0.06"
2503,2026-07-27T13:55:40.538,103.482025,2.843700,-0.0800,0.9900,-0.0700,-0.3100,-0.3100,0.1200,0.995691,0.454533,"-0.08,0.99,-0.07,-0.31,-0.31,0.12"
2504,2026-07-27T13:55:40.538,103.482214,0.189000,-0.0800,0.9900,-0.0700,-0.1800,-0.3100,0.1200,0.995691,0.378021,"-0.08,0.99,-0.07,-0.18,-0.31,0.12"
2505,2026-07-27T13:55:40.586,103.530026,47.811300,-0.0800,0.9900,-0.0700,-0.1200,-0.3100,0.1200,0.995691,0.353412,"-0.08,0.99,-0.07,-0.12,-0.31,0.12"
2506,2026-07-27T13:55:40.586,103.530437,0.411000,-0.0800,0.9900,-0.0700,-0.1200,-0.3100,0.1200,0.995691,0.353412,"-0.08,0.99,-0.07,-0.12,-0.31,0.12"
2507,2026-07-27T13:55:40.708,103.652213,121.776400,-0.0800,0.9900,-0.0700,-0.1800,-0.2400,0.1200,0.995691,0.323110,"-0.08,0.99,-0.07,-0.18,-0.24,0.12"
2508,2026-07-27T13:55:40.708,103.652375,0.162100,-0.0800,0.9900,-0.0700,-0.1800,-0.3100,0.1200,0.995691,0.378021,"-0.08,0.99,-0.07,-0.18,-0.31,0.12"
2509,2026-07-27T13:55:40.767,103.711229,58.853700,-0.0900,0.9900,-0.0700,-0.1800,-0.3100,0.1200,0.996544,0.378021,"-0.09,0.99,-0.07,-0.18,-0.31,0.12"
2510,2026-07-27T13:55:41.006,103.950205,238.976400,-0.0800,0.9900,-0.0700,-0.1800,-0.3100,0.1800,0.995691,0.401123,"-0.08,0.99,-0.07,-0.18,-0.31,0.18"
2511,2026-07-27T13:55:41.006,103.950395,0.189600,-0.0800,0.9900,-0.0700,-0.1200,-0.3700,0.1200,0.995691,0.407063,"-0.08,0.99,-0.07,-0.12,-0.37,0.12"
2512,2026-07-27T13:55:41.006,103.950429,0.034300,-0.0800,0.9900,-0.0700,-0.1800,-0.3700,0.1200,0.995691,0.428602,"-0.08,0.99,-0.07,-0.18,-0.37,0.12"
2513,2026-07-27T13:55:41.007,103.950618,0.189100,-0.0800,0.9900,-0.0700,-0.2400,-0.3700,0.1200,0.995691,0.457056,"-0.08,0.99,-0.07,-0.24,-0.37,0.12"
2514,2026-07-27T13:55:41.007,103.950681,0.062200,-0.0800,0.9900,-0.0700,-0.2400,-0.3100,0.1800,0.995691,0.431393,"-0.08,0.99,-0.07,-0.24,-0.31,0.18"
2515,2026-07-27T13:55:41.010,103.954140,3.459600,-0.0800,0.9900,-0.0700,-0.2400,-0.3100,0.1800,0.995691,0.431393,"-0.08,0.99,-0.07,-0.24,-0.31,0.18"
2516,2026-07-27T13:55:41.125,104.068707,114.567200,-0.0800,0.9900,-0.0700,-0.1800,-0.3100,0.1800,0.995691,0.401123,"-0.08,0.99,-0.07,-0.18,-0.31,0.18"
2517,2026-07-27T13:55:41.125,104.068850,0.142500,-0.0800,0.9900,-0.0700,-0.1800,-0.3100,0.1200,0.995691,0.378021,"-0.08,0.99,-0.07,-0.18,-0.31,0.12"
2518,2026-07-27T13:55:41.125,104.069247,0.397300,-0.0800,0.9900,-0.0700,-0.1800,-0.3100,0.1200,0.995691,0.378021,"-0.08,0.99,-0.07,-0.18,-0.31,0.12"
2519,2026-07-27T13:55:42.625,105.568741,1499.494300,-0.0800,0.9900,-0.0700,-0.1800,-0.3100,0.1200,0.995691,0.378021,"-0.08,0.99,-0.07,-0.18,-0.31,0.12"
2520,2026-07-27T13:55:42.625,105.569019,0.277000,-0.0800,0.9900,-0.0700,-0.1800,-0.3100,0.1200,0.995691,0.378021,"-0.08,0.99,-0.07,-0.18,-0.31,0.12"
2521,2026-07-27T13:55:42.626,105.569745,0.726200,-0.0800,0.9900,-0.0700,-0.1800,-0.3100,0.1800,0.995691,0.401123,"-0.08,0.99,-0.07,-0.18,-0.31,0.18"
2522,2026-07-27T13:55:42.626,105.570116,0.371200,-0.0800,0.9900,-0.0700,-0.1800,-0.3100,0.1800,0.995691,0.401123,"-0.08,0.99,-0.07,-0.18,-0.31,0.18"
2523,2026-07-27T13:55:42.627,105.570906,0.790300,-0.0800,0.9900,-0.0700,-0.1800,-0.3100,0.1200,0.995691,0.378021,"-0.08,0.99,-0.07,-0.18,-0.31,0.12"
2524,2026-07-27T13:55:42.627,105.571136,0.230300,-0.0800,0.9900,-0.0700,-0.1800,-0.3100,0.1200,0.995691,0.378021,"-0.08,0.99,-0.07,-0.18,-0.31,0.12"
2525,2026-07-27T13:55:42.628,105.572274,1.137400,-0.0800,0.9900,-0.0700,-0.1800,-0.3100,0.1200,0.995691,0.378021,"-0.08,0.99,-0.07,-0.18,-0.31,0.12"
2526,2026-07-27T13:55:42.628,105.572485,0.211200,-0.0800,0.9900,-0.0700,-0.1800,-0.3100,0.1200,0.995691,0.378021,"-0.08,0.99,-0.07,-0.18,-0.31,0.12"
2527,2026-07-27T13:55:42.629,105.573013,0.527500,-0.0800,0.9900,-0.0700,-0.1200,-0.3100,0.1200,0.995691,0.353412,"-0.08,0.99,-0.07,-0.12,-0.31,0.12"
2528,2026-07-27T13:55:42.629,105.573503,0.490800,-0.0800,0.9900,-0.0700,-0.1200,-0.3100,0.1800,0.995691,0.378021,"-0.08,0.99,-0.07,-0.12,-0.31,0.18"
2529,2026-07-27T13:55:42.630,105.574052,0.549000,-0.0800,0.9900,-0.0700,-0.1800,-0.3100,0.1800,0.995691,0.401123,"-0.08,0.99,-0.07,-0.18,-0.31,0.18"
2530,2026-07-27T13:55:42.631,105.574657,0.604300,-0.0800,0.9900,-0.0700,-0.1200,-0.3100,0.1800,0.995691,0.378021,"-0.08,0.99,-0.07,-0.12,-0.31,0.18"
2531,2026-07-27T13:55:42.631,105.575217,0.560600,-0.0800,0.9900,-0.0700,-0.1200,-0.3100,0.1800,0.995691,0.378021,"-0.08,0.99,-0.07,-0.12,-0.31,0.18"
2532,2026-07-27T13:55:42.632,105.575656,0.438500,-0.0900,0.9900,-0.0700,-0.1200,-0.3100,0.1800,0.996544,0.378021,"-0.09,0.99,-0.07,-0.12,-0.31,0.18"
2533,2026-07-27T13:55:42.632,105.576271,0.615000,-0.0800,0.9900,-0.0700,-0.1200,-0.3100,0.1800,0.995691,0.378021,"-0.08,0.99,-0.07,-0.12,-0.31,0.18"
2534,2026-07-27T13:55:42.637,105.581105,4.834500,-0.0800,0.9900,-0.0700,-0.1200,-0.3100,0.1200,0.995691,0.353412,"-0.08,0.99,-0.07,-0.12,-0.31,0.12"
2535,2026-07-27T13:55:42.637,105.581259,0.153700,-0.0800,0.9900,-0.0700,-0.1800,-0.3100,0.1800,0.995691,0.401123,"-0.08,0.99,-0.07,-0.18,-0.31,0.18"
2536,2026-07-27T13:55:42.637,105.581520,0.260700,-0.0900,0.9900,-0.0700,-0.1800,-0.3100,0.1800,0.996544,0.401123,"-0.09,0.99,-0.07,-0.18,-0.31,0.18"
2537,2026-07-27T13:55:42.638,105.581613,0.093800,-0.0900,0.9900,-0.0700,-0.2400,-0.3100,0.1200,0.996544,0.410000,"-0.09,0.99,-0.07,-0.24,-0.31,0.12"
2538,2026-07-27T13:55:42.638,105.581675,0.061600,-0.0900,0.9900,-0.0700,-0.2400,-0.3100,0.1200,0.996544,0.410000,"-0.09,0.99,-0.07,-0.24,-0.31,0.12"
2539,2026-07-27T13:55:42.638,105.581730,0.055200,-0.0900,0.9900,-0.0700,-0.2400,-0.3100,0.1200,0.996544,0.410000,"-0.09,0.99,-0.07,-0.24,-0.31,0.12"
2540,2026-07-27T13:55:42.638,105.581777,0.046300,-0.0900,0.9900,-0.0700,-0.2400,-0.3100,0.1200,0.996544,0.410000,"-0.09,0.99,-0.07,-0.24,-0.31,0.12"
2541,2026-07-27T13:55:42.638,105.582062,0.285400,-0.0900,0.9900,-0.0700,-0.1800,-0.3100,0.1200,0.996544,0.378021,"-0.09,0.99,-0.07,-0.18,-0.31,0.12"
2542,2026-07-27T13:55:42.638,105.582145,0.082800,-0.0900,0.9900,-0.0700,-0.1200,-0.3100,0.1800,0.996544,0.378021,"-0.09,0.99,-0.07,-0.12,-0.31,0.18"
2543,2026-07-27T13:55:42.638,105.582237,0.091800,-0.0900,0.9900,-0.0700,-0.1200,-0.3100,0.1800,0.996544,0.378021,"-0.09,0.99,-0.07,-0.12,-0.31,0.18"
2544,2026-07-27T13:55:42.638,105.582278,0.041100,-0.0900,0.9900,-0.0700,-0.1200,-0.3100,0.1200,0.996544,0.353412,"-0.09,0.99,-0.07,-0.12,-0.31,0.12"
2545,2026-07-27T13:55:42.639,105.582829,0.551700,-0.0900,0.9900,-0.0700,-0.1200,-0.3100,0.1800,0.996544,0.378021,"-0.09,0.99,-0.07,-0.12,-0.31,0.18"
2546,2026-07-27T13:55:42.640,105.584535,1.706000,-0.0900,0.9900,-0.0700,-0.1200,-0.3700,0.1800,0.996544,0.428602,"-0.09,0.99,-0.07,-0.12,-0.37,0.18"
2547,2026-07-27T13:55:42.641,105.584792,0.256300,-0.0900,0.9900,-0.0700,-0.1800,-0.3100,0.1800,0.996544,0.401123,"-0.09,0.99,-0.07,-0.18,-0.31,0.18"
2548,2026-07-27T13:55:42.641,105.584920,0.128200,-0.0800,0.9900,-0.0700,-0.1800,-0.3100,0.1800,0.995691,0.401123,"-0.08,0.99,-0.07,-0.18,-0.31,0.18"
2549,2026-07-27T13:55:42.641,105.585031,0.111200,-0.0900,0.9900,-0.0700,-0.1200,-0.3100,0.1200,0.996544,0.353412,"-0.09,0.99,-0.07,-0.12,-0.31,0.12"
2550,2026-07-27T13:55:42.642,105.585721,0.690400,-0.0900,0.9900,-0.0700,-0.1200,-0.3100,0.1200,0.996544,0.353412,"-0.09,0.99,-0.07,-0.12,-0.31,0.12"
2551,2026-07-27T13:55:42.643,105.587549,1.827900,-0.0900,0.9900,-0.0700,-0.1200,-0.3100,0.1200,0.996544,0.353412,"-0.09,0.99,-0.07,-0.12,-0.31,0.12"
2552,2026-07-27T13:55:42.644,105.587756,0.207100,-0.0900,0.9900,-0.0700,-0.1200,-0.3100,0.1800,0.996544,0.378021,"-0.09,0.99,-0.07,-0.12,-0.31,0.18"
2553,2026-07-27T13:55:42.644,105.587944,0.187300,-0.0900,0.9900,-0.0700,-0.1200,-0.2400,0.1800,0.996544,0.323110,"-0.09,0.99,-0.07,-0.12,-0.24,0.18"
2554,2026-07-27T13:55:42.644,105.588265,0.321700,-0.0900,0.9900,-0.0700,-0.1800,-0.3100,0.1800,0.996544,0.401123,"-0.09,0.99,-0.07,-0.18,-0.31,0.18"
2555,2026-07-27T13:55:42.644,105.588453,0.187700,-0.0900,0.9900,-0.0700,-0.1800,-0.3100,0.1200,0.996544,0.378021,"-0.09,0.99,-0.07,-0.18,-0.31,0.12"
2556,2026-07-27T13:55:42.645,105.588915,0.461500,-0.0900,0.9900,-0.0700,-0.2400,-0.3700,0.1200,0.996544,0.457056,"-0.09,0.99,-0.07,-0.24,-0.37,0.12"
2557,2026-07-27T13:55:42.808,105.751690,162.774900,-0.0900,0.9900,-0.0700,-0.3100,-0.3100,0.1200,0.996544,0.454533,"-0.09,0.99,-0.07,-0.31,-0.31,0.12"
2558,2026-07-27T13:55:42.808,105.751855,0.165100,-0.0900,0.9900,-0.0700,-0.2400,-0.3100,0.1200,0.996544,0.410000,"-0.09,0.99,-0.07,-0.24,-0.31,0.12"
2559,2026-07-27T13:55:42.808,105.751922,0.067600,-0.0900,0.9900,-0.0700,-0.1800,-0.3100,0.1200,0.996544,0.378021,"-0.09,0.99,-0.07,-0.18,-0.31,0.12"
2560,2026-07-27T13:55:42.808,105.752011,0.088700,-0.0900,0.9900,-0.0700,-0.1200,-0.3100,0.1800,0.996544,0.378021,"-0.09,0.99,-0.07,-0.12,-0.31,0.18"
2561,2026-07-27T13:55:42.925,105.868582,116.571000,-0.0900,0.9900,-0.0700,-0.1200,-0.3100,0.1800,0.996544,0.378021,"-0.09,0.99,-0.07,-0.12,-0.31,0.18"
2562,2026-07-27T13:55:42.925,105.868768,0.186300,-0.0900,0.9900,-0.0700,-0.1200,-0.3100,0.1800,0.996544,0.378021,"-0.09,0.99,-0.07,-0.12,-0.31,0.18"
2563,2026-07-27T13:55:42.925,105.869341,0.572700,-0.0900,0.9900,-0.0700,-0.1200,-0.3100,0.1800,0.996544,0.378021,"-0.09,0.99,-0.07,-0.12,-0.31,0.18"
2564,2026-07-27T13:55:42.985,105.929371,60.029900,-0.0900,0.9900,-0.0700,-0.1200,-0.3100,0.1800,0.996544,0.378021,"-0.09,0.99,-0.07,-0.12,-0.31,0.18"
2565,2026-07-27T13:55:43.285,106.228642,299.270800,-0.0900,0.9900,-0.0700,-0.1200,-0.3100,0.1800,0.996544,0.378021,"-0.09,0.99,-0.07,-0.12,-0.31,0.18"
2566,2026-07-27T13:55:43.285,106.228993,0.351300,-0.0900,0.9900,-0.0700,-0.1200,-0.2400,0.1800,0.996544,0.323110,"-0.09,0.99,-0.07,-0.12,-0.24,0.18"
2567,2026-07-27T13:55:43.286,106.229703,0.709900,-0.0900,0.9900,-0.0700,-0.1200,-0.3100,0.1200,0.996544,0.353412,"-0.09,0.99,-0.07,-0.12,-0.31,0.12"
2568,2026-07-27T13:55:43.286,106.229885,0.181800,-0.0900,0.9900,-0.0700,-0.1200,-0.3100,0.1800,0.996544,0.378021,"-0.09,0.99,-0.07,-0.12,-0.31,0.18"
2569,2026-07-27T13:55:43.286,106.230567,0.682400,-0.0900,0.9900,-0.0700,-0.1200,-0.3100,0.1800,0.996544,0.378021,"-0.09,0.99,-0.07,-0.12,-0.31,0.18"
2570,2026-07-27T13:55:43.287,106.231076,0.508900,-0.0900,0.9900,-0.0700,-0.1200,-0.3100,0.1200,0.996544,0.353412,"-0.09,0.99,-0.07,-0.12,-0.31,0.12"
2571,2026-07-27T13:55:43.288,106.231724,0.648300,-0.0900,0.9900,-0.0700,-0.1200,-0.3100,0.1800,0.996544,0.378021,"-0.09,0.99,-0.07,-0.12,-0.31,0.18"
2572,2026-07-27T13:55:43.529,106.472633,240.909200,-0.0900,0.9900,-0.0700,-0.1800,-0.3100,0.1800,0.996544,0.401123,"-0.09,0.99,-0.07,-0.18,-0.31,0.18"
2573,2026-07-27T13:55:43.529,106.472774,0.140800,-0.0900,0.9900,-0.0700,-0.1800,-0.3100,0.1200,0.996544,0.378021,"-0.09,0.99,-0.07,-0.18,-0.31,0.12"
2574,2026-07-27T13:55:43.529,106.473044,0.269600,-0.0900,0.9900,-0.0700,-0.1800,-0.3100,0.1200,0.996544,0.378021,"-0.09,0.99,-0.07,-0.18,-0.31,0.12"
2575,2026-07-27T13:55:43.529,106.473262,0.217700,-0.0900,0.9900,-0.0700,-0.1800,-0.3100,0.1200,0.996544,0.378021,"-0.09,0.99,-0.07,-0.18,-0.31,0.12"
2576,2026-07-27T13:55:43.529,106.473278,0.016300,-0.0900,0.9900,-0.0700,-0.1800,-0.3100,0.1200,0.996544,0.378021,"-0.09,0.99,-0.07,-0.18,-0.31,0.12"
2577,2026-07-27T13:55:43.825,106.769513,296.235500,-0.0900,0.9900,-0.0700,-0.2400,-0.3700,0.1200,0.996544,0.457056,"-0.09,0.99,-0.07,-0.24,-0.37,0.12"
2578,2026-07-27T13:55:43.826,106.770041,0.527900,-0.0900,0.9900,-0.0700,-0.2400,-0.3100,0.1200,0.996544,0.410000,"-0.09,0.99,-0.07,-0.24,-0.31,0.12"
2579,2026-07-27T13:55:43.827,106.771461,1.420000,-0.0900,0.9900,-0.0700,-0.1800,-0.3100,0.1200,0.996544,0.378021,"-0.09,0.99,-0.07,-0.18,-0.31,0.12"
2580,2026-07-27T13:55:43.828,106.771733,0.271600,-0.0900,0.9900,-0.0700,-0.1200,-0.3100,0.1800,0.996544,0.378021,"-0.09,0.99,-0.07,-0.12,-0.31,0.18"
2581,2026-07-27T13:55:43.828,106.771756,0.023500,-0.0900,0.9900,-0.0700,-0.1200,-0.3100,0.1800,0.996544,0.378021,"-0.09,0.99,-0.07,-0.12,-0.31,0.18"
2582,2026-07-27T13:55:43.828,106.771774,0.017200,-0.0900,0.9900,-0.0700,-0.1800,-0.3100,0.1800,0.996544,0.401123,"-0.09,0.99,-0.07,-0.18,-0.31,0.18"
2583,2026-07-27T13:55:43.828,106.771890,0.116400,-0.0900,0.9900,-0.0700,-0.1800,-0.3100,0.1800,0.996544,0.401123,"-0.09,0.99,-0.07,-0.18,-0.31,0.18"
2584,2026-07-27T13:55:43.828,106.772138,0.247800,-0.0900,0.9900,-0.0700,-0.1800,-0.3100,0.1800,0.996544,0.401123,"-0.09,0.99,-0.07,-0.18,-0.31,0.18"
2585,2026-07-27T13:55:44.006,106.950333,178.195400,-0.0900,0.9900,-0.0700,-0.1800,-0.3100,0.1200,0.996544,0.378021,"-0.09,0.99,-0.07,-0.18,-0.31,0.12"
2586,2026-07-27T13:55:44.006,106.950472,0.139300,-0.0900,0.9900,-0.0700,-0.1800,-0.3100,0.1200,0.996544,0.378021,"-0.09,0.99,-0.07,-0.18,-0.31,0.12"
2587,2026-07-27T13:55:44.007,106.950609,0.137000,-0.0900,0.9900,-0.0700,-0.1800,-0.3100,0.1200,0.996544,0.378021,"-0.09,0.99,-0.07,-0.18,-0.31,0.12"
2588,2026-07-27T13:55:44.007,106.950683,0.073700,-0.0900,0.9900,-0.0700,-0.1800,-0.3700,0.1200,0.996544,0.428602,"-0.09,0.99,-0.07,-0.18,-0.37,0.12"
2589,2026-07-27T13:55:44.067,107.010713,60.030300,-0.0900,0.9900,-0.0700,-0.1800,-0.3700,0.1200,0.996544,0.428602,"-0.09,0.99,-0.07,-0.18,-0.37,0.12"
2590,2026-07-27T13:55:44.305,107.248680,237.966800,-0.0900,0.9900,-0.0700,-0.1200,-0.3100,0.1200,0.996544,0.353412,"-0.09,0.99,-0.07,-0.12,-0.31,0.12"
2591,2026-07-27T13:55:44.305,107.248829,0.148600,-0.0900,0.9900,-0.0700,-0.1200,-0.3100,0.1200,0.996544,0.353412,"-0.09,0.99,-0.07,-0.12,-0.31,0.12"
2592,2026-07-27T13:55:44.305,107.249269,0.440200,-0.0900,0.9900,-0.0700,-0.1200,-0.3100,0.1800,0.996544,0.378021,"-0.09,0.99,-0.07,-0.12,-0.31,0.18"
2593,2026-07-27T13:55:44.306,107.249836,0.566500,-0.0900,0.9900,-0.0700,-0.1200,-0.3100,0.1800,0.996544,0.378021,"-0.09,0.99,-0.07,-0.12,-0.31,0.18"
2594,2026-07-27T13:55:44.307,107.250910,1.074000,-0.0900,0.9900,-0.0700,-0.1200,-0.3100,0.1800,0.996544,0.378021,"-0.09,0.99,-0.07,-0.12,-0.31,0.18"
2595,2026-07-27T13:55:44.307,107.251364,0.454700,-0.0900,0.9900,-0.0700,-0.1200,-0.3100,0.1800,0.996544,0.378021,"-0.09,0.99,-0.07,-0.12,-0.31,0.18"
2596,2026-07-27T13:55:44.308,107.251851,0.487100,-0.0900,0.9900,-0.0700,-0.1200,-0.3100,0.1800,0.996544,0.378021,"-0.09,0.99,-0.07,-0.12,-0.31,0.18"
2597,2026-07-27T13:55:44.365,107.308651,56.799500,-0.0900,0.9900,-0.0700,-0.1200,-0.3100,0.1800,0.996544,0.378021,"-0.09,0.99,-0.07,-0.12,-0.31,0.18"
2598,2026-07-27T13:55:44.485,107.429085,120.434400,-0.0900,0.9900,-0.0700,-0.1200,-0.3100,0.1800,0.996544,0.378021,"-0.09,0.99,-0.07,-0.12,-0.31,0.18"
2599,2026-07-27T13:55:44.485,107.429280,0.195000,-0.0900,0.9900,-0.0700,-0.1200,-0.3100,0.1800,0.996544,0.378021,"-0.09,0.99,-0.07,-0.12,-0.31,0.18"
2600,2026-07-27T13:55:44.485,107.429417,0.137200,-0.0900,0.9900,-0.0700,-0.1200,-0.3100,0.1800,0.996544,0.378021,"-0.09,0.99,-0.07,-0.12,-0.31,0.18"
2601,2026-07-27T13:55:44.549,107.492982,63.564100,-0.0900,0.9900,-0.0700,-0.0600,-0.3100,0.1800,0.996544,0.363456,"-0.09,0.99,-0.07,-0.06,-0.31,0.18"
2602,2026-07-27T13:55:44.785,107.728989,236.007400,-0.0900,0.9900,-0.0700,-0.1200,-0.3100,0.1800,0.996544,0.378021,"-0.09,0.99,-0.07,-0.12,-0.31,0.18"
2603,2026-07-27T13:55:44.785,107.729187,0.198100,-0.0900,0.9900,-0.0700,-0.1200,-0.3100,0.1800,0.996544,0.378021,"-0.09,0.99,-0.07,-0.12,-0.31,0.18"
2604,2026-07-27T13:55:44.785,107.729357,0.169900,-0.0900,0.9900,-0.0700,-0.1200,-0.3100,0.1800,0.996544,0.378021,"-0.09,0.99,-0.07,-0.12,-0.31,0.18"
2605,2026-07-27T13:55:44.786,107.729763,0.406000,-0.0900,0.9900,-0.0700,-0.1200,-0.3100,0.1200,0.996544,0.353412,"-0.09,0.99,-0.07,-0.12,-0.31,0.12"
2606,2026-07-27T13:55:44.786,107.730309,0.546200,-0.0900,0.9900,-0.0700,-0.1800,-0.3100,0.1800,0.996544,0.401123,"-0.09,0.99,-0.07,-0.18,-0.31,0.18"
2607,2026-07-27T13:55:44.787,107.730986,0.676900,-0.0900,0.9900,-0.0700,-0.1800,-0.3100,0.1800,0.996544,0.401123,"-0.09,0.99,-0.07,-0.18,-0.31,0.18"
2608,2026-07-27T13:55:44.787,107.731505,0.518900,-0.0900,0.9900,-0.0700,-0.1800,-0.3100,0.1800,0.996544,0.401123,"-0.09,0.99,-0.07,-0.18,-0.31,0.18"
2609,2026-07-27T13:55:44.906,107.849738,118.233100,-0.0900,0.9900,-0.0700,-0.1800,-0.3100,0.1800,0.996544,0.401123,"-0.09,0.99,-0.07,-0.18,-0.31,0.18"
2610,2026-07-27T13:55:44.906,107.849977,0.239000,-0.0900,0.9900,-0.0700,-0.1800,-0.3100,0.1800,0.996544,0.401123,"-0.09,0.99,-0.07,-0.18,-0.31,0.18"
2611,2026-07-27T13:55:45.025,107.968732,118.755400,-0.0900,0.9900,-0.0700,-0.1800,-0.3100,0.1800,0.996544,0.401123,"-0.09,0.99,-0.07,-0.18,-0.31,0.18"
2612,2026-07-27T13:55:45.025,107.968888,0.155500,-0.0900,0.9900,-0.0700,-0.1200,-0.3100,0.1800,0.996544,0.378021,"-0.09,0.99,-0.07,-0.12,-0.31,0.18"
2613,2026-07-27T13:55:45.025,107.969283,0.395200,-0.0900,0.9900,-0.0700,-0.1200,-0.3100,0.1800,0.996544,0.378021,"-0.09,0.99,-0.07,-0.12,-0.31,0.18"
2614,2026-07-27T13:55:45.205,108.148924,179.640500,-0.0900,0.9900,-0.0700,-0.1200,-0.3100,0.1800,0.996544,0.378021,"-0.09,0.99,-0.07,-0.12,-0.31,0.18"
2615,2026-07-27T13:55:45.205,108.149057,0.133200,-0.0900,0.9900,-0.0700,-0.1200,-0.3100,0.1800,0.996544,0.378021,"-0.09,0.99,-0.07,-0.12,-0.31,0.18"
2616,2026-07-27T13:55:45.206,108.149604,0.546700,-0.0900,0.9900,-0.0700,-0.1200,-0.3100,0.1800,0.996544,0.378021,"-0.09,0.99,-0.07,-0.12,-0.31,0.18"
2617,2026-07-27T13:55:45.206,108.150175,0.571300,-0.0900,0.9900,-0.0700,-0.1200,-0.3100,0.1200,0.996544,0.353412,"-0.09,0.99,-0.07,-0.12,-0.31,0.12"
2618,2026-07-27T13:55:45.207,108.150709,0.534200,-0.0900,0.9900,-0.0700,-0.1200,-0.3100,0.1200,0.996544,0.353412,"-0.09,0.99,-0.07,-0.12,-0.31,0.12"
2619,2026-07-27T13:55:45.265,108.208683,57.973900,-0.0900,0.9900,-0.0700,-0.1200,-0.3100,0.1800,0.996544,0.378021,"-0.09,0.99,-0.07,-0.12,-0.31,0.18"
2620,2026-07-27T13:55:45.384,108.328563,119.879800,-0.0900,0.9900,-0.0700,-0.1200,-0.3100,0.1800,0.996544,0.378021,"-0.09,0.99,-0.07,-0.12,-0.31,0.18"
2621,2026-07-27T13:55:45.385,108.328919,0.356700,-0.0900,0.9900,-0.0700,-0.1200,-0.3100,0.1800,0.996544,0.378021,"-0.09,0.99,-0.07,-0.12,-0.31,0.18"
2622,2026-07-27T13:55:45.385,108.329228,0.308400,-0.0900,0.9900,-0.0700,-0.1200,-0.3100,0.1800,0.996544,0.378021,"-0.09,0.99,-0.07,-0.12,-0.31,0.18"
2623,2026-07-27T13:55:45.504,108.448433,119.204900,-0.0900,0.9900,-0.0700,-0.1200,-0.3100,0.1800,0.996544,0.378021,"-0.09,0.99,-0.07,-0.12,-0.31,0.18"
2624,2026-07-27T13:55:45.505,108.449087,0.654600,-0.0900,0.9900,-0.0700,-0.1200,-0.3100,0.1800,0.996544,0.378021,"-0.09,0.99,-0.07,-0.12,-0.31,0.18"
2625,2026-07-27T13:55:45.566,108.510546,61.458600,-0.0900,0.9900,-0.0700,-0.1800,-0.3100,0.1800,0.996544,0.401123,"-0.09,0.99,-0.07,-0.18,-0.31,0.18"
2626,2026-07-27T13:55:45.567,108.510779,0.232500,-0.0900,0.9900,-0.0700,-0.1800,-0.3100,0.1800,0.996544,0.401123,"-0.09,0.99,-0.07,-0.18,-0.31,0.18"
2627,2026-07-27T13:55:45.570,108.514339,3.560500,-0.0900,0.9900,-0.0700,-0.1800,-0.3100,0.1200,0.996544,0.378021,"-0.09,0.99,-0.07,-0.18,-0.31,0.12"
2628,2026-07-27T13:55:46.107,109.051377,537.038100,-0.0900,0.9900,-0.0700,-0.1800,-0.3100,0.1200,0.996544,0.378021,"-0.09,0.99,-0.07,-0.18,-0.31,0.12"
2629,2026-07-27T13:55:46.108,109.051586,0.208500,-0.0900,0.9900,-0.0700,-0.1200,-0.3100,0.1200,0.996544,0.353412,"-0.09,0.99,-0.07,-0.12,-0.31,0.12"
2630,2026-07-27T13:55:46.108,109.051716,0.130400,-0.0900,0.9900,-0.0700,-0.0600,-0.3100,0.1800,0.996544,0.363456,"-0.09,0.99,-0.07,-0.06,-0.31,0.18"
2631,2026-07-27T13:55:46.108,109.051800,0.083800,-0.0900,0.9900,-0.0700,-0.0600,-0.3100,0.1800,0.996544,0.363456,"-0.09,0.99,-0.07,-0.06,-0.31,0.18"
2632,2026-07-27T13:55:46.108,109.051942,0.142600,-0.0900,0.9900,-0.0700,-0.1200,-0.3100,0.1800,0.996544,0.378021,"-0.09,0.99,-0.07,-0.12,-0.31,0.18"
2633,2026-07-27T13:55:46.108,109.052010,0.067700,-0.0900,0.9900,-0.0700,-0.1200,-0.3100,0.1800,0.996544,0.378021,"-0.09,0.99,-0.07,-0.12,-0.31,0.18"
2634,2026-07-27T13:55:46.108,109.052101,0.090900,-0.0900,0.9900,-0.0700,-0.1200,-0.3100,0.1200,0.996544,0.353412,"-0.09,0.99,-0.07,-0.12,-0.31,0.12"
2635,2026-07-27T13:55:46.108,109.052284,0.182600,-0.0900,0.9900,-0.0700,-0.1200,-0.3100,0.1200,0.996544,0.353412,"-0.09,0.99,-0.07,-0.12,-0.31,0.12"
2636,2026-07-27T13:55:46.110,109.054135,1.851700,-0.0900,0.9900,-0.0700,-0.1200,-0.2400,0.1200,0.996544,0.293939,"-0.09,0.99,-0.07,-0.12,-0.24,0.12"
2637,2026-07-27T13:55:46.111,109.054966,0.830500,-0.0900,0.9900,-0.0700,-0.0600,-0.3100,0.1800,0.996544,0.363456,"-0.09,0.99,-0.07,-0.06,-0.31,0.18"
2638,2026-07-27T13:55:46.111,109.055352,0.385800,-0.0900,0.9800,-0.0700,5.4300,0.0600,0.9200,0.986610,5.507713,"-0.09,0.98,-0.07,5.43,0.06,0.92"
2639,2026-07-27T13:55:46.111,109.055540,0.188200,-0.1000,0.9400,-0.0600,54.3200,1.8900,12.1500,0.947206,55.694317,"-0.10,0.94,-0.06,54.32,1.89,12.15"
2640,2026-07-27T13:55:46.285,109.229447,173.906900,-0.0900,0.9100,-0.1100,155.5200,1.7100,25.5100,0.921032,157.607597,"-0.09,0.91,-0.11,155.52,1.71,25.51"
2641,2026-07-27T13:55:46.286,109.229813,0.366100,-0.0800,0.9200,-0.2600,155.5200,1.7100,25.5100,0.959375,157.607597,"-0.08,0.92,-0.26,155.52,1.71,25.51"
2642,2026-07-27T13:55:46.286,109.230027,0.213800,-0.0600,0.9400,-0.3900,204.5300,2.8700,18.4900,1.019461,205.384123,"-0.06,0.94,-0.39,204.53,2.87,18.49"
2643,2026-07-27T13:55:46.286,109.230179,0.152300,-0.0100,1.0000,-0.5600,159.9100,32.7800,16.1700,1.146168,164.034159,"-0.01,1.00,-0.56,159.91,32.78,16.17"
2644,2026-07-27T13:55:46.471,109.414825,184.646400,0.1300,1.0500,-0.7800,208.9200,160.7700,40.8300,1.314458,266.761407,"0.13,1.05,-0.78,208.92,160.77,40.83"
2645,2026-07-27T13:55:46.471,109.414996,0.170700,0.4400,0.9400,-0.8900,349.9800,370.6100,91.1300,1.367223,517.824728,"0.44,0.94,-0.89,349.98,370.61,91.13"
2646,2026-07-27T13:55:46.471,109.415203,0.206800,0.8400,0.5500,-0.7700,306.4600,456.9100,171.6900,1.265306,576.334916,"0.84,0.55,-0.77,306.46,456.91,171.69"
2647,2026-07-27T13:55:46.471,109.415225,0.022000,1.2000,0.2400,-0.6000,149.1700,455.2000,248.8400,1.362938,539.796327,"1.20,0.24,-0.60,149.17,455.20,248.84"
2648,2026-07-27T13:55:47.005,109.948753,533.528200,1.3700,0.1800,-0.5600,13.4300,374.7600,225.2800,1.490939,437.466000,"1.37,0.18,-0.56,13.43,374.76,225.28"
2649,2026-07-27T13:55:47.005,109.948948,0.195200,1.2900,0.1900,-0.5900,-173.5200,94.1200,165.2200,1.431188,257.420693,"1.29,0.19,-0.59,-173.52,94.12,165.22"
2650,2026-07-27T13:55:47.006,109.949790,0.841400,1.2900,0.1800,-0.6200,-299.6800,-165.4100,160.3400,1.442532,377.991384,"1.29,0.18,-0.62,-299.68,-165.41,160.34"
2651,2026-07-27T13:55:47.007,109.951404,1.614400,1.3900,0.1000,-0.6200,-222.7200,-198.4900,120.1800,1.525287,321.629773,"1.39,0.10,-0.62,-222.72,-198.49,120.18"
2652,2026-07-27T13:55:47.007,109.951530,0.125800,1.3300,0.0600,-0.6900,-75.1300,-91.6100,54.0800,1.499533,130.236536,"1.33,0.06,-0.69,-75.13,-91.61,54.08"
2653,2026-07-27T13:55:47.008,109.951846,0.316500,1.1500,0.0600,-0.7600,-24.3500,-8.7300,23.6200,1.379746,35.029128,"1.15,0.06,-0.76,-24.35,-8.73,23.62"
2654,2026-07-27T13:55:47.008,109.952059,0.213000,1.0700,-0.0100,-0.7400,-25.0900,9.5200,-0.0600,1.301000,26.835463,"1.07,-0.01,-0.74,-25.09,9.52,-0.06"
2655,2026-07-27T13:55:47.008,109.952570,0.510300,1.0700,-0.2000,-0.8200,-16.2400,-6.7700,-57.0700,1.362828,59.720645,"1.07,-0.20,-0.82,-16.24,-6.77,-57.07"
2656,2026-07-27T13:55:47.012,109.956371,3.801100,1.0700,-0.3600,-1.0200,-14.5300,-88.5000,-108.2200,1.521480,140.552265,"1.07,-0.36,-1.02,-14.53,-88.50,-108.22"
2657,2026-07-27T13:55:47.013,109.956700,0.329000,1.0000,-0.3500,-1.0700,-6.2900,-238.4000,-82.9500,1.505789,252.497181,"1.00,-0.35,-1.07,-6.29,-238.40,-82.95"
2658,2026-07-27T13:55:47.013,109.956973,0.273200,0.8000,-0.2600,-0.9800,53.7100,-299.9300,-28.2000,1.291511,306.003283,"0.80,-0.26,-0.98,53.71,-299.93,-28.20"
2659,2026-07-27T13:55:47.013,109.957209,0.236400,0.5500,-0.1500,-0.8600,156.3100,-213.0100,-15.0100,1.031795,264.634420,"0.55,-0.15,-0.86,156.31,-213.01,-15.01"
2660,2026-07-27T13:55:47.013,109.957288,0.078300,0.3100,-0.0200,-0.7600,260.6800,-114.0100,-51.5700,0.821036,289.157064,"0.31,-0.02,-0.76,260.68,-114.01,-51.57"
2661,2026-07-27T13:55:47.013,109.957393,0.105900,0.0900,0.1200,-0.5700,305.7900,-66.7100,-127.0100,0.589406,337.771059,"0.09,0.12,-0.57,305.79,-66.71,-127.01"
2662,2026-07-27T13:55:47.125,110.069176,111.782500,-0.0900,0.2400,-0.3100,249.3300,7.6900,-188.7200,0.402244,312.793580,"-0.09,0.24,-0.31,249.33,7.69,-188.72"
2663,2026-07-27T13:55:47.125,110.069373,0.196700,-0.2200,0.3100,-0.1000,144.8400,120.9700,-209.6600,0.393065,282.080985,"-0.22,0.31,-0.10,144.84,120.97,-209.66"
2664,2026-07-27T13:55:47.126,110.069596,0.223600,-0.2900,0.3100,0.0300,49.8700,176.8800,-213.9900,0.425558,282.073167,"-0.29,0.31,0.03,49.87,176.88,-213.99"
2665,2026-07-27T13:55:47.545,110.488917,419.320700,-0.3300,0.2600,0.0600,-22.4000,137.6300,-216.8000,0.424382,257.771249,"-0.33,0.26,0.06,-22.40,137.63,-216.80"
2666,2026-07-27T13:55:47.545,110.489105,0.187600,-0.3900,0.1600,0.0000,-54.3200,44.1900,-214.9000,0.421545,226.020859,"-0.39,0.16,0.00,-54.32,44.19,-214.90"
2667,2026-07-27T13:55:47.545,110.489527,0.422300,-0.4400,0.0600,-0.0700,-46.5700,-76.2900,-195.0700,0.449555,214.572211,"-0.44,0.06,-0.07,-46.57,-76.29,-195.07"
2668,2026-07-27T13:55:47.546,110.489914,0.387200,-0.5300,-0.1100,-0.2300,8.0000,-194.7600,-139.5300,0.588133,239.716663,"-0.53,-0.11,-0.23,8.00,-194.76,-139.53"
2669,2026-07-27T13:55:47.546,110.490532,0.618200,-0.6200,-0.4100,-0.5400,114.3200,-285.1600,-46.2600,0.918749,310.685171,"-0.62,-0.41,-0.54,114.32,-285.16,-46.26"
2670,2026-07-27T13:55:47.547,110.491259,0.726400,-0.6100,-0.8500,-0.9900,212.1600,-339.7800,62.0100,1.440382,405.348682,"-0.61,-0.85,-0.99,212.16,-339.78,62.01"
2671,2026-07-27T13:55:47.548,110.491927,0.668200,-0.5400,-1.2200,-1.4100,236.0200,-349.0600,133.3600,1.941159,441.965172,"-0.54,-1.22,-1.41,236.02,-349.06,133.36"
2672,2026-07-27T13:55:47.548,110.492284,0.357300,-0.4600,-1.3500,-1.6300,211.7300,-325.9900,141.1100,2.165872,413.534890,"-0.46,-1.35,-1.63,211.73,-325.99,141.11"
2673,2026-07-27T13:55:47.549,110.492830,0.545900,-0.4200,-1.3400,-1.6300,190.6700,-272.4000,125.1200,2.151488,355.263034,"-0.42,-1.34,-1.63,190.67,-272.40,125.12"
2674,2026-07-27T13:55:47.549,110.493493,0.662900,-0.4000,-1.2600,-1.3800,187.4400,-170.2900,117.2500,1.911021,279.069884,"-0.40,-1.26,-1.38,187.44,-170.29,117.25"
2675,2026-07-27T13:55:47.550,110.493968,0.475200,-0.3000,-1.1800,-1.0700,194.8200,-48.0300,119.9300,1.620895,233.762525,"-0.30,-1.18,-1.07,194.82,-48.03,119.93"
2676,2026-07-27T13:55:47.666,110.609823,115.855100,-0.2300,-1.0700,-0.8500,183.0400,32.0400,115.7200,1.385749,218.909391,"-0.23,-1.07,-0.85,183.04,32.04,115.72"
2677,2026-07-27T13:55:47.666,110.609999,0.175700,-0.2600,-0.9200,-0.6600,159.1800,54.0200,94.6700,1.161723,192.921854,"-0.26,-0.92,-0.66,159.18,54.02,94.67"
2678,2026-07-27T13:55:47.969,110.912610,302.611000,-0.3500,-0.8100,-0.4800,141.4800,49.9900,76.8400,1.004490,168.582253,"-0.35,-0.81,-0.48,141.48,49.99,76.84"
2679,2026-07-27T13:55:47.969,110.913070,0.459900,-0.4200,-0.7200,-0.4100,108.5800,39.9800,70.7400,0.928924,135.617714,"-0.42,-0.72,-0.41,108.58,39.98,70.74"
2680,2026-07-27T13:55:47.970,110.913723,0.653300,-0.4200,-0.7600,-0.4900,59.4500,28.9900,71.8400,0.997046,97.650951,"-0.42,-0.76,-0.49,59.45,28.99,71.84"
2681,2026-07-27T13:55:47.970,110.913896,0.172600,-0.3700,-0.9400,-0.5900,37.9600,29.0500,79.3500,1.169872,92.635234,"-0.37,-0.94,-0.59,37.96,29.05,79.35"
2682,2026-07-27T13:55:47.970,110.914022,0.126300,-0.3300,-1.0500,-0.6100,57.6200,43.1500,87.1000,1.258372,112.997331,"-0.33,-1.05,-0.61,57.62,43.15,87.10"
2683,2026-07-27T13:55:47.970,110.914035,0.012800,-0.3400,-1.0600,-0.5800,66.1000,57.7400,71.1100,1.255229,112.959062,"-0.34,-1.06,-0.58,66.10,57.74,71.11"
2684,2026-07-27T13:55:47.970,110.914044,0.008700,-0.3700,-1.0600,-0.6100,20.3900,62.9900,18.4300,1.277732,68.725229,"-0.37,-1.06,-0.61,20.39,62.99,18.43"
2685,2026-07-27T13:55:47.970,110.914051,0.007100,-0.3900,-1.1100,-0.6700,-44.3100,65.9800,-45.2900,1.353920,91.476339,"-0.39,-1.11,-0.67,-44.31,65.98,-45.29"
2686,2026-07-27T13:55:48.145,111.089242,175.191000,-0.4100,-1.2000,-0.6900,-68.7300,77.5100,-91.2500,1.443676,138.051351,"-0.41,-1.20,-0.69,-68.73,77.51,-91.25"
2687,2026-07-27T13:55:48.145,111.089366,0.123900,-0.4100,-1.2700,-0.6700,-47.7900,97.0500,-128.7800,1.493285,168.187024,"-0.41,-1.27,-0.67,-47.79,97.05,-128.78"
2688,2026-07-27T13:55:48.145,111.089539,0.173600,-0.3400,-1.3800,-0.7800,-21.0600,134.8900,-192.7500,1.621234,236.202028,"-0.34,-1.38,-0.78,-21.06,134.89,-192.75"
2689,2026-07-27T13:55:48.150,111.093614,4.075100,-0.1900,-1.5200,-1.0700,-24.1100,177.1900,-273.8600,1.868529,327.073215,"-0.19,-1.52,-1.07,-24.11,177.19,-273.86"
2690,2026-07-27T13:55:48.448,111.392388,298.774100,-0.1300,-1.5600,-1.2400,-24.7200,177.1900,-293.5200,1.997023,343.746076,"-0.13,-1.56,-1.24,-24.72,177.19,-293.52"
2691,2026-07-27T13:55:48.448,111.392429,0.040900,-0.2200,-1.4000,-1.1100,23.1900,147.1600,-234.5000,1.800139,277.820251,"-0.22,-1.40,-1.11,23.19,147.16,-234.50"
2692,2026-07-27T13:55:48.686,111.630230,237.801100,-0.3200,-1.1000,-0.8100,90.3900,126.7100,-186.5200,1.403032,242.931033,"-0.32,-1.10,-0.81,90.39,126.71,-186.52"
2693,2026-07-27T13:55:48.686,111.630351,0.120700,-0.4000,-0.6900,-0.4800,123.2900,106.6300,-210.5700,0.930860,266.289515,"-0.40,-0.69,-0.48,123.29,106.63,-210.57"
2694,2026-07-27T13:55:48.686,111.630421,0.070100,-0.4700,-0.1800,-0.2100,93.8700,64.5800,-270.5700,0.545344,293.581808,"-0.47,-0.18,-0.21,93.87,64.58,-270.57"
2695,2026-07-27T13:55:48.687,111.630581,0.159500,-0.4700,0.2500,-0.0700,21.9100,-1.2800,-284.2400,0.536936,285.086064,"-0.47,0.25,-0.07,21.91,-1.28,-284.24"
2696,2026-07-27T13:55:48.687,111.630725,0.144300,-0.4000,0.4300,0.0000,-34.4800,-67.2600,-206.3000,0.587282,219.709963,"-0.40,0.43,0.00,-34.48,-67.26,-206.30"
2697,2026-07-27T13:55:48.687,111.630783,0.057700,-0.3900,0.0300,-0.1200,-53.9600,-106.7500,2.1400,0.409145,119.632035,"-0.39,0.03,-0.12,-53.96,-106.75,2.14"
2698,2026-07-27T13:55:48.687,111.631371,0.587900,-0.4700,-0.3000,-0.4100,-35.1000,-112.6100,77.5100,0.692098,141.141143,"-0.47,-0.30,-0.41,-35.10,-112.61,77.51"
2699,2026-07-27T13:55:48.688,111.631769,0.398900,-0.4700,-0.3000,-0.4100,-0.9200,-128.1700,170.0400,0.692098,212.936603,"-0.47,-0.30,-0.41,-0.92,-128.17,170.04"
2700,2026-07-27T13:55:48.691,111.634683,2.913600,-0.6100,-0.6300,-0.8000,14.2200,-149.9000,259.7000,1.187013,300.193785,"-0.61,-0.63,-0.80,14.22,-149.90,259.70"
2701,2026-07-27T13:55:48.691,111.634709,0.025500,-0.7900,-1.0100,-1.2100,7.5100,-170.8400,331.3000,1.763037,372.830251,"-0.79,-1.01,-1.21,7.51,-170.84,331.30"
2702,2026-07-27T13:55:48.691,111.634811,0.102500,-0.9600,-1.4200,-1.5600,11.9000,-175.7800,397.5800,2.317671,434.867882,"-0.96,-1.42,-1.56,11.90,-175.78,397.58"
2703,2026-07-27T13:55:48.747,111.690986,56.174800,-1.0500,-1.7900,-1.7300,42.1100,-162.8400,457.7000,2.701759,487.626299,"-1.05,-1.79,-1.73,42.11,-162.84,457.70"
2704,2026-07-27T13:55:48.925,111.868962,177.976600,-0.5300,-1.9700,-1.2600,89.9700,-125.1200,365.5400,2.397791,396.697753,"-0.53,-1.97,-1.26,89.97,-125.12,365.54"
2705,2026-07-27T13:55:48.925,111.869368,0.405800,-0.1700,-1.6700,-0.9300,62.1300,-93.9300,190.3100,1.919036,221.135429,"-0.17,-1.67,-0.93,62.13,-93.93,190.31"
2706,2026-07-27T13:55:48.925,111.869393,0.025200,-0.0400,-1.1900,-0.8200,62.1300,-93.9300,190.3100,1.445718,221.135429,"-0.04,-1.19,-0.82,62.13,-93.93,190.31"
2707,2026-07-27T13:55:48.928,111.871593,2.199300,-0.0700,-0.7300,-0.8100,34.6100,-45.3500,43.6400,1.092657,71.825651,"-0.07,-0.73,-0.81,34.61,-45.35,43.64"
2708,2026-07-27T13:55:49.225,112.168724,297.131000,-0.1400,-0.4900,-0.7300,26.9200,13.4900,-14.8900,0.890281,33.591347,"-0.14,-0.49,-0.73,26.92,13.49,-14.89"
2709,2026-07-27T13:55:49.225,112.168930,0.206200,-0.2000,-0.5400,-0.5800,27.1600,55.4800,-12.8800,0.817313,63.099845,"-0.20,-0.54,-0.58,27.16,55.48,-12.88"
2710,2026-07-27T13:55:49.225,112.169427,0.496600,-0.2000,-0.7100,-0.5100,15.8100,59.2700,-6.9600,0.896772,61.735975,"-0.20,-0.71,-0.51,15.81,59.27,-6.96"
2711,2026-07-27T13:55:49.226,112.169930,0.503400,-0.1600,-0.8400,-0.6000,-13.3100,30.5200,-30.8200,1.044605,45.370683,"-0.16,-0.84,-0.60,-13.31,30.52,-30.82"
2712,2026-07-27T13:55:49.227,112.170938,1.008300,-0.1100,-0.9200,-0.8000,-57.9800,2.1400,-94.7900,1.224132,111.136871,"-0.11,-0.92,-0.80,-57.98,2.14,-94.79"
2713,2026-07-27T13:55:49.227,112.171505,0.566800,-0.1200,-1.0100,-0.9800,-102.4800,6.1600,-173.1600,1.412409,201.306934,"-0.12,-1.01,-0.98,-102.48,6.16,-173.16"
2714,2026-07-27T13:55:49.228,112.171992,0.486500,-0.2500,-1.1000,-1.0400,-109.7400,44.6800,-213.2600,1.534308,243.965157,"-0.25,-1.10,-1.04,-109.74,44.68,-213.26"
2715,2026-07-27T13:55:49.345,112.288955,116.963100,-0.4600,-1.1600,-1.0100,-74.5800,87.2800,-219.3600,1.605397,247.585913,"-0.46,-1.16,-1.01,-74.58,87.28,-219.36"
2716,2026-07-27T13:55:49.345,112.289117,0.162700,-0.5700,-1.2500,-1.0500,-47.9100,103.3900,-249.3300,1.729133,274.135567,"-0.57,-1.25,-1.05,-47.91,103.39,-249.33"
2717,2026-07-27T13:55:49.346,112.289708,0.590700,-0.5200,-1.3600,-1.2200,-43.8200,102.1100,-292.6600,1.899579,313.043959,"-0.52,-1.36,-1.22,-43.82,102.11,-292.66"
2718,2026-07-27T13:55:49.825,112.769236,479.528200,-0.4600,-1.4100,-1.4000,-35.1000,115.6600,-308.4100,2.039534,331.249111,"-0.46,-1.41,-1.40,-35.10,115.66,-308.41"
2719,2026-07-27T13:55:49.825,112.769380,0.144100,-0.4400,-1.3500,-1.4700,-19.7800,149.5400,-305.4200,2.043771,340.638865,"-0.44,-1.35,-1.47,-19.78,149.54,-305.42"
2720,2026-07-27T13:55:49.825,112.769537,0.157000,-0.4300,-1.1900,-1.3400,-10.5000,174.9300,-301.4500,1.842987,348.687335,"-0.43,-1.19,-1.34,-10.50,174.93,-301.45"
2721,2026-07-27T13:55:49.826,112.770150,0.612700,-0.4700,-0.8600,-1.0400,-6.8400,167.0500,-298.5800,1.429021,342.202432,"-0.47,-0.86,-1.04,-6.84,167.05,-298.58"
2722,2026-07-27T13:55:49.826,112.770530,0.380100,-0.5600,-0.3700,-0.6700,1.1000,125.6700,-277.8900,0.948367,304.986903,"-0.56,-0.37,-0.67,1.10,125.67,-277.89"
2723,2026-07-27T13:55:49.828,112.771824,1.294100,-0.5900,0.0500,-0.3400,11.1100,67.6900,-217.1000,0.682788,227.679112,"-0.59,0.05,-0.34,11.11,67.69,-217.10"
2724,2026-07-27T13:55:49.828,112.771942,0.118000,-0.5200,0.2300,-0.1300,16.1100,21.2400,-126.7100,0.583267,129.483952,"-0.52,0.23,-0.13,16.11,21.24,-126.71"
2725,2026-07-27T13:55:49.828,112.772208,0.266200,-0.4600,0.1900,-0.0600,19.1000,-0.9800,-39.2500,0.501298,43.661572,"-0.46,0.19,-0.06,19.10,-0.98,-39.25"
2726,2026-07-27T13:55:49.829,112.772754,0.545600,-0.4200,0.0300,-0.1400,23.1900,-15.8700,31.0100,0.443734,41.847976,"-0.42,0.03,-0.14,23.19,-15.87,31.01"
2727,2026-07-27T13:55:49.829,112.773395,0.641000,-0.3400,-0.2200,-0.3800,23.9300,-41.0800,93.0200,0.555338,104.464978,"-0.34,-0.22,-0.38,23.93,-41.08,93.02"
2728,2026-07-27T13:55:49.830,112.773957,0.561500,-0.2300,-0.5200,-0.6900,19.3500,-75.3800,157.1700,0.894092,175.382370,"-0.23,-0.52,-0.69,19.35,-75.38,157.17"
2729,2026-07-27T13:55:49.830,112.774419,0.462400,-0.1800,-0.8600,-0.9400,20.5700,-104.6100,220.7600,1.286701,245.155776,"-0.18,-0.86,-0.94,20.57,-104.61,220.76"
2730,2026-07-27T13:55:49.831,112.775031,0.611700,-0.2600,-1.2400,-1.1000,33.2000,-113.7100,284.3000,1.677856,307.991386,"-0.26,-1.24,-1.10,33.20,-113.71,284.30"
2731,2026-07-27T13:55:50.006,112.950532,175.501000,-0.4300,-1.6000,-1.2200,48.5200,-95.4600,354.4300,2.057498,370.253193,"-0.43,-1.60,-1.22,48.52,-95.46,354.43"
2732,2026-07-27T13:55:50.007,112.950681,0.149200,-0.5500,-1.9000,-1.3000,52.6100,-61.0400,415.1000,2.366960,422.849505,"-0.55,-1.90,-1.30,52.61,-61.04,415.10"
2733,2026-07-27T13:55:50.007,112.950879,0.198500,-0.3900,-2.0300,-1.2700,37.7200,-33.5100,448.2400,2.426087,451.070744,"-0.39,-2.03,-1.27,37.72,-33.51,448.24"
2734,2026-07-27T13:55:50.007,112.951191,0.311300,0.0100,-1.9400,-1.0700,18.1300,-29.9700,434.6900,2.215536,436.098950,"0.01,-1.94,-1.07,18.13,-29.97,434.69"
2735,2026-07-27T13:55:50.125,113.068950,117.759100,0.3500,-1.6200,-0.8800,5.4900,-50.4800,320.3100,1.876513,324.309831,"0.35,-1.62,-0.88,5.49,-50.48,320.31"
2736,2026-07-27T13:55:50.125,113.069188,0.237800,0.3100,-1.2000,-0.7700,3.7800,-58.9000,125.9200,1.459109,139.065973,"0.31,-1.20,-0.77,3.78,-58.90,125.92"
2737,2026-07-27T13:55:50.126,113.069775,0.587100,-0.0200,-0.8300,-0.7000,15.7500,-31.8000,-24.9600,1.085956,43.385529,"-0.02,-0.83,-0.70,15.75,-31.80,-24.96"
2738,2026-07-27T13:55:50.305,113.248626,178.851500,-0.2300,-0.6100,-0.6200,27.2200,2.9300,-60.2400,0.899667,66.169259,"-0.23,-0.61,-0.62,27.22,2.93,-60.24"
2739,2026-07-27T13:55:50.305,113.248935,0.308800,-0.2000,-0.6100,-0.5200,23.2500,20.0800,-13.4300,0.826136,33.528105,"-0.20,-0.61,-0.52,23.25,20.08,-13.43"
2740,2026-07-27T13:55:50.305,113.249401,0.466400,-0.0800,-0.7400,-0.4700,10.0100,20.5700,40.8300,0.880284,46.801858,"-0.08,-0.74,-0.47,10.01,20.57,40.83"
2741,2026-07-27T13:55:50.306,113.249832,0.430600,0.0100,-0.8800,-0.5100,3.7200,11.6600,56.5800,1.017153,57.888603,"0.01,-0.88,-0.51,3.72,11.66,56.58"
2742,2026-07-27T13:55:50.426,113.369960,120.128400,0.1000,-0.9600,-0.6600,7.2600,-1.1600,29.4800,1.169273,30.382949,"0.10,-0.96,-0.66,7.26,-1.16,29.48"
2743,2026-07-27T13:55:50.426,113.370222,0.261900,0.1600,-1.0000,-0.8400,12.0800,-7.7500,-23.6200,1.315751,27.638620,"0.16,-1.00,-0.84,12.08,-7.75,-23.62"
2744,2026-07-27T13:55:50.426,113.370373,0.150800,0.1600,-1.0900,-1.0100,11.2300,1.5300,-86.4900,1.494590,87.229433,"0.16,-1.09,-1.01,11.23,1.53,-86.49"
2745,2026-07-27T13:55:50.485,113.428897,58.524100,0.0900,-1.2400,-1.1500,5.8000,24.4100,-151.6700,1.693576,153.731184,"0.09,-1.24,-1.15,5.80,24.41,-151.67"
2746,2026-07-27T13:55:50.485,113.428932,0.034800,-0.0500,-1.4200,-1.2700,2.3200,57.3700,-211.3600,1.905728,219.019974,"-0.05,-1.42,-1.27,2.32,57.37,-211.36"
2747,2026-07-27T13:55:50.545,113.488622,59.689800,-0.2000,-1.5900,-1.3700,8.2400,99.5500,-255.9200,2.108317,274.723764,"-0.20,-1.59,-1.37,8.24,99.55,-255.92"
2748,2026-07-27T13:55:50.727,113.671345,182.723600,-0.2800,-1.6400,-1.4200,24.7200,140.3800,-280.0900,2.187327,314.273815,"-0.28,-1.64,-1.42,24.72,140.38,-280.09"
2749,2026-07-27T13:55:50.727,113.671554,0.209000,-0.2600,-1.4800,-1.3400,42.7200,168.7000,-282.7100,2.013355,331.978361,"-0.26,-1.48,-1.34,42.72,168.70,-282.71"
2750,2026-07-27T13:55:50.727,113.671580,0.026000,-0.1800,-1.1900,-1.1000,53.6500,184.8100,-268.4300,1.630491,330.284307,"-0.18,-1.19,-1.10,53.65,184.81,-268.43"
2751,2026-07-27T13:55:50.728,113.671684,0.103200,-0.1600,-0.8300,-0.7600,59.2000,186.9500,-247.7400,1.136706,315.958937,"-0.16,-0.83,-0.76,59.20,186.95,-247.74"
2752,2026-07-27T13:55:50.729,113.672903,1.219200,-0.2400,-0.4600,-0.4400,56.1500,163.8200,-228.4500,0.680294,286.669178,"-0.24,-0.46,-0.44,56.15,163.82,-228.45"
2753,2026-07-27T13:55:50.967,113.910753,237.850600,-0.3400,-0.1400,-0.2000,38.9400,114.4400,-205.9900,0.418569,238.840359,"-0.34,-0.14,-0.20,38.94,114.44,-205.99"
2754,2026-07-27T13:55:50.967,113.910883,0.130000,-0.4300,0.0800,-0.0800,18.4300,56.5200,-164.1800,0.444635,174.611706,"-0.43,0.08,-0.08,18.43,56.52,-164.18"
2755,2026-07-27T13:55:50.967,113.910969,0.085200,-0.4700,0.1200,-0.0700,6.9600,5.8000,-96.8000,0.490102,97.223051,"-0.47,0.12,-0.07,6.96,5.80,-96.80"
2756,2026-07-27T13:55:50.967,113.911062,0.093700,-0.4900,-0.0300,-0.1500,6.1600,-38.7000,-11.7200,0.513323,40.902249,"-0.49,-0.03,-0.15,6.16,-38.70,-11.72"
2757,2026-07-27T13:55:50.967,113.911135,0.073100,-0.4700,-0.3500,-0.3600,18.8000,-80.9300,86.7900,0.687750,120.148279,"-0.47,-0.35,-0.36,18.80,-80.93,86.79"
2758,2026-07-27T13:55:50.967,113.911224,0.088300,-0.3900,-0.6700,-0.7600,25.2700,-117.1900,190.0600,1.085633,224.710642,"-0.39,-0.67,-0.76,25.27,-117.19,190.06"
2759,2026-07-27T13:55:51.146,114.090033,178.809700,-0.2900,-1.0100,-1.1500,-27.5300,-134.9500,278.9300,1.557787,311.080935,"-0.29,-1.01,-1.15,-27.53,-134.95,278.93"
2760,2026-07-27T13:55:51.146,114.090245,0.211600,-0.3200,-1.3300,-1.3200,-114.5000,-127.9300,335.0800,1.900973,376.503574,"-0.32,-1.33,-1.32,-114.50,-127.93,335.08"
2761,2026-07-27T13:55:51.146,114.090344,0.099000,-0.4900,-1.5600,-1.4200,-160.5800,-110.1700,364.3200,2.165664,413.100990,"-0.49,-1.56,-1.42,-160.58,-110.17,364.32"
2762,2026-07-27T13:55:51.205,114.148822,58.478100,-0.5000,-1.7800,-1.5000,-129.1500,-105.3500,364.6200,2.380840,400.906584,"-0.50,-1.78,-1.50,-129.15,-105.35,364.62"
2763,2026-07-27T13:55:51.205,114.149304,0.481900,-0.3400,-1.7200,-1.3300,-82.6400,-103.1500,366.5200,2.200659,389.623154,"-0.34,-1.72,-1.33,-82.64,-103.15,366.52"
2764,2026-07-27T13:55:51.265,114.208673,59.369100,-0.3400,-1.7200,-1.3300,-37.7200,-80.2600,364.6200,2.200659,375.249531,"-0.34,-1.72,-1.33,-37.72,-80.26,364.62"
2765,2026-07-27T13:55:51.385,114.329516,120.843000,-0.0800,-1.6100,-1.0400,-4.7600,-50.0500,317.1400,1.918359,321.100358,"-0.08,-1.61,-1.04,-4.76,-50.05,317.14"
2766,2026-07-27T13:55:51.386,114.329598,0.081600,0.2400,-1.4400,-0.7800,18.1300,-24.7800,204.2800,1.655174,206.574596,"0.24,-1.44,-0.78,18.13,-24.78,204.28"
2767,2026-07-27T13:55:51.505,114.448765,119.167500,0.4200,-1.1900,-0.6400,36.7400,-2.6200,60.3600,1.414956,70.710831,"0.42,-1.19,-0.64,36.74,-2.62,60.36"
2768,2026-07-27T13:55:51.505,114.449137,0.372000,0.3100,-0.9300,-0.6000,50.6600,13.2400,-54.0200,1.149348,75.232264,"0.31,-0.93,-0.60,50.66,13.24,-54.02"
2769,2026-07-27T13:55:51.505,114.449420,0.283200,-0.0600,-0.6300,-0.7600,45.2300,20.0200,-118.4100,0.988989,128.325685,"-0.06,-0.63,-0.76,45.23,20.02,-118.41"
2770,2026-07-27T13:55:51.746,114.689720,240.299100,-0.0700,-0.6700,-0.9100,29.1100,24.4800,-126.9500,1.132210,132.525337,"-0.07,-0.67,-0.91,29.11,24.48,-126.95"
2771,2026-07-27T13:55:51.746,114.690120,0.400500,-0.0300,-0.8100,-1.0800,29.1100,24.4800,-126.9500,1.350333,132.525337,"-0.03,-0.81,-1.08,29.11,24.48,-126.95"
2772,2026-07-27T13:55:51.746,114.690188,0.067800,0.0100,-1.0500,-1.2900,5.9200,33.3300,-163.7600,1.663340,167.222226,"0.01,-1.05,-1.29,5.92,33.33,-163.76"
2773,2026-07-27T13:55:51.746,114.690459,0.271700,0.0100,-1.3800,-1.5300,-16.7800,49.6800,-226.3800,2.060437,232.373783,"0.01,-1.38,-1.53,-16.78,49.68,-226.38"
2774,2026-07-27T13:55:51.747,114.690956,0.496700,-0.0700,-1.6500,-1.6600,-20.0200,79.2200,-289.0600,2.341581,300.386905,"-0.07,-1.65,-1.66,-20.02,79.22,-289.06"
2775,2026-07-27T13:55:51.747,114.691563,0.606600,-0.2300,-1.6300,-1.5500,5.9200,115.6000,-329.2800,2.261040,349.032556,"-0.23,-1.63,-1.55,5.92,115.60,-329.28"
2776,2026-07-27T13:55:51.866,114.809750,118.187000,-0.3100,-1.3900,-1.3200,42.7900,144.1700,-342.6500,1.941803,374.199139,"-0.31,-1.39,-1.32,42.79,144.17,-342.65"
2777,2026-07-27T13:55:51.866,114.809930,0.179800,-0.2400,-1.1400,-1.1300,71.1700,164.6100,-333.5000,1.622991,378.660628,"-0.24,-1.14,-1.13,71.17,164.61,-333.50"
2778,2026-07-27T13:55:51.866,114.810084,0.154800,-0.1200,-0.9500,-0.9800,88.9900,175.2900,-312.3200,1.370146,369.038733,"-0.12,-0.95,-0.98,88.99,175.29,-312.32"
2779,2026-07-27T13:55:52.046,114.990392,180.308100,-0.0600,-0.7800,-0.8100,90.1500,168.4000,-296.2600,1.126099,352.499036,"-0.06,-0.78,-0.81,90.15,168.40,-296.26"
2780,2026-07-27T13:55:52.046,114.990534,0.142000,-0.1000,-0.5400,-0.6200,77.8800,146.2400,-285.5800,0.828251,330.162639,"-0.10,-0.54,-0.62,77.88,146.24,-285.58"
2781,2026-07-27T13:55:52.047,114.990606,0.071900,-0.2400,-0.2200,-0.4200,67.9300,112.8500,-261.6600,0.531413,292.942935,"-0.24,-0.22,-0.42,67.93,112.85,-261.66"
2782,2026-07-27T13:55:52.047,114.990695,0.088700,-0.4000,0.1000,-0.2500,65.6100,68.3600,-206.6000,0.482183,227.291271,"-0.40,0.10,-0.25,65.61,68.36,-206.60"
2783,2026-07-27T13:55:52.047,114.990789,0.093600,-0.5000,0.3100,-0.1600,70.0100,11.6000,-107.4800,0.609672,128.794062,"-0.50,0.31,-0.16,70.01,11.60,-107.48"
2784,2026-07-27T13:55:52.228,115.172289,181.500300,-0.5400,0.3300,-0.1700,79.7700,-46.9400,22.0300,0.655286,95.141670,"-0.54,0.33,-0.17,79.77,-46.94,22.03"
2785,2026-07-27T13:55:52.347,115.290876,118.587100,-0.5400,0.1000,-0.2900,80.6300,-88.6200,138.3100,0.621048,182.987315,"-0.54,0.10,-0.29,80.63,-88.62,138.31"
2786,2026-07-27T13:55:52.347,115.291019,0.143300,-0.5000,-0.3500,-0.5300,64.7000,-112.9200,223.5700,0.808332,258.690087,"-0.50,-0.35,-0.53,64.70,-112.92,223.57"
2787,2026-07-27T13:55:52.347,115.291097,0.077700,-0.3900,-0.8600,-0.8500,40.8300,-129.8200,288.8800,1.270512,319.330512,"-0.39,-0.86,-0.85,40.83,-129.82,288.88"
2788,2026-07-27T13:55:52.347,115.291152,0.055300,-0.2900,-1.2700,-1.1500,5.7400,-136.1700,324.9500,1.737671,352.374402,"-0.29,-1.27,-1.15,5.74,-136.17,324.95"
2789,2026-07-27T13:55:52.347,115.291208,0.055300,-0.2600,-1.5000,-1.3400,-48.2200,-130.9200,318.9700,2.028103,348.148066,"-0.26,-1.50,-1.34,-48.22,-130.92,318.97"
2790,2026-07-27T13:55:52.347,115.291279,0.071400,-0.3400,-1.6000,-1.3700,-80.6300,-112.9200,312.3800,2.133659,341.808993,"-0.34,-1.60,-1.37,-80.63,-112.92,312.38"
2791,2026-07-27T13:55:52.585,115.529527,238.248100,-0.4400,-1.6900,-1.3500,-57.8600,-83.0100,349.2400,2.207306,363.602829,"-0.44,-1.69,-1.35,-57.86,-83.01,349.24"
2792,2026-07-27T13:55:52.587,115.531196,1.668700,-0.4100,-1.7900,-1.3300,-15.2000,-56.3400,394.6500,2.267399,398.940921,"-0.41,-1.79,-1.33,-15.20,-56.34,394.65"
2793,2026-07-27T13:55:52.587,115.531404,0.208400,-0.2200,-1.7600,-1.1600,15.8100,-35.7100,399.4100,2.119340,401.314725,"-0.22,-1.76,-1.16,15.81,-35.71,399.41"
2794,2026-07-27T13:55:52.587,115.531488,0.084100,0.0500,-1.6300,-0.9000,25.5100,-24.2900,346.5000,1.862633,348.285823,"0.05,-1.63,-0.90,25.51,-24.29,346.50"
2795,2026-07-27T13:55:52.587,115.531554,0.065700,0.2700,-1.4700,-0.6700,17.3300,-32.7100,224.6100,1.637895,227.639902,"0.27,-1.47,-0.67,17.33,-32.71,224.61"
2796,2026-07-27T13:55:52.588,115.531653,0.099000,0.2900,-1.2700,-0.5500,22.4000,-44.8000,67.3800,1.414037,83.957515,"0.29,-1.27,-0.55,22.40,-44.80,67.38"
2797,2026-07-27T13:55:52.705,115.649078,117.424800,0.1500,-1.0000,-0.5300,63.9600,-35.5800,-41.6300,1.141665,84.201395,"0.15,-1.00,-0.53,63.96,-35.58,-41.63"
2798,2026-07-27T13:55:52.705,115.649227,0.149500,0.0100,-0.7900,-0.5500,112.1200,-12.5100,-61.4000,0.962653,128.442028,"0.01,-0.79,-0.55,112.12,-12.51,-61.40"
2799,2026-07-27T13:55:52.705,115.649455,0.227500,-0.0400,-0.7800,-0.5500,109.1300,-7.5100,-45.1000,0.955249,118.320611,"-0.04,-0.78,-0.55,109.13,-7.51,-45.10"
2800,2026-07-27T13:55:53.010,115.953800,304.345200,-0.0500,-0.9400,-0.5700,46.4500,-30.0900,-58.7800,1.100454,80.734745,"-0.05,-0.94,-0.57,46.45,-30.09,-58.78"
2801,2026-07-27T13:55:53.010,115.953982,0.181600,-0.0900,-1.0800,-0.6300,-24.4100,-53.7100,-100.7700,1.253555,116.769881,"-0.09,-1.08,-0.63,-24.41,-53.71,-100.77"
2802,2026-07-27T13:55:53.010,115.954002,0.020600,-0.1800,-1.1400,-0.7000,-62.6800,-56.9500,-139.9500,1.349815,163.578994,"-0.18,-1.14,-0.70,-62.68,-56.95,-139.95"
2803,2026-07-27T13:55:53.010,115.954084,0.081900,-0.2400,-1.1600,-0.7600,-71.7800,-43.4600,-167.7200,1.407409,187.539698,"-0.24,-1.16,-0.76,-71.78,-43.46,-167.72"
2804,2026-07-27T13:55:53.010,115.954196,0.111400,-0.2800,-1.1800,-0.8000,-67.2600,-22.8900,-187.8700,1.452859,200.855661,"-0.28,-1.18,-0.80,-67.26,-22.89,-187.87"
2805,2026-07-27T13:55:53.010,115.954271,0.075300,-0.2900,-1.2000,-0.8200,-55.4200,3.3600,-199.7700,1.482059,207.342034,"-0.29,-1.20,-0.82,-55.42,3.36,-199.77"
2806,2026-07-27T13:55:53.011,115.955338,1.067000,-0.3000,-1.1800,-0.8300,-39.0600,34.1800,-203.1900,1.473533,209.714406,"-0.30,-1.18,-0.83,-39.06,34.18,-203.19"
2807,2026-07-27T13:55:53.011,115.955471,0.133500,-0.3100,-1.1300,-0.7900,-19.8400,64.3300,-198.9700,1.413188,210.050078,"-0.31,-1.13,-0.79,-19.84,64.33,-198.97"
2808,2026-07-27T13:55:53.188,116.131830,176.358500,-0.3000,-1.0100,-0.7200,8.4200,92.1000,-185.3000,1.276127,207.097553,"-0.30,-1.01,-0.72,8.42,92.10,-185.30"
2809,2026-07-27T13:55:53.188,116.131992,0.162600,-0.3300,-0.8000,-0.5900,50.2900,118.4100,-156.7400,1.047378,202.774357,"-0.33,-0.80,-0.59,50.29,118.41,-156.74"
2810,2026-07-27T13:55:53.188,116.132104,0.111200,-0.3700,-0.5500,-0.4400,88.9300,129.0300,-119.0200,0.795613,196.781722,"-0.37,-0.55,-0.44,88.93,129.03,-119.02"
2811,2026-07-27T13:55:53.188,116.132190,0.086000,-0.3800,-0.3400,-0.3200,92.5300,101.9900,-88.8100,0.601997,163.862678,"-0.38,-0.34,-0.32,92.53,101.99,-88.81"
2812,2026-07-27T13:55:53.247,116.191252,59.062800,-0.3700,-0.2400,-0.2800,52.0000,40.7700,-65.1900,0.522398,92.822029,"-0.37,-0.24,-0.28,52.00,40.77,-65.19"
2813,2026-07-27T13:55:53.248,116.191684,0.431400,-0.3600,-0.2700,-0.3100,-8.1800,-28.5000,-32.0400,0.546443,43.654599,"-0.36,-0.27,-0.31,-8.18,-28.50,-32.04"
2814,2026-07-27T13:55:53.305,116.248633,56.949600,-0.3700,-0.4100,-0.4000,-53.0400,-79.6500,24.6600,0.681909,98.820442,"-0.37,-0.41,-0.40,-53.04,-79.65,24.66"
2815,2026-07-27T13:55:53.367,116.311046,62.412600,-0.4100,-0.6300,-0.5400,-65.0600,-102.0500,102.3600,0.925527,158.507336,"-0.41,-0.63,-0.54,-65.06,-102.05,102.36"
2816,2026-07-27T13:55:53.367,116.311163,0.117000,-0.4700,-0.9100,-0.7500,-57.6800,-109.7400,173.7700,1.269449,213.461619,"-0.47,-0.91,-0.75,-57.68,-109.74,173.77"
2817,2026-07-27T13:55:53.486,116.430253,119.089500,-0.5100,-1.1800,-0.9700,-51.8800,-124.3900,218.5100,1.610404,256.731429,"-0.51,-1.18,-0.97,-51.88,-124.39,218.51"
2818,2026-07-27T13:55:53.486,116.430522,0.269900,-0.4600,-1.3300,-1.1500,-58.6500,-164.2500,232.3600,1.817416,290.532364,"-0.46,-1.33,-1.15,-58.65,-164.25,232.36"
2819,2026-07-27T13:55:53.486,116.430548,0.025200,-0.2200,-1.3100,-1.2000,-79.3500,-234.3700,196.1700,1.790112,315.766351,"-0.22,-1.31,-1.20,-79.35,-234.37,196.17"
2820,2026-07-27T13:55:53.550,116.493647,63.098900,0.0900,-1.1200,-1.1200,-89.7800,-283.8100,104.1300,1.586474,315.359511,"0.09,-1.12,-1.12,-89.78,-283.81,104.13"
2821,2026-07-27T13:55:53.725,116.668863,175.216400,0.1400,-0.8400,-1.0200,-57.0700,-237.4300,16.1700,1.328759,244.727315,"0.14,-0.84,-1.02,-57.07,-237.43,16.17"
2822,2026-07-27T13:55:53.725,116.669572,0.708600,-0.0100,-0.6600,-0.9300,14.2200,-95.3400,2.4400,1.140439,96.425503,"-0.01,-0.66,-0.93,14.22,-95.34,2.44"
2823,2026-07-27T13:55:53.726,116.669595,0.023300,-0.1900,-0.6300,-0.8100,77.2700,57.1300,47.7900,1.043600,107.323688,"-0.19,-0.63,-0.81,77.27,57.13,47.79"
2824,2026-07-27T13:55:53.726,116.670003,0.407700,-0.2600,-0.6600,-0.6800,93.0200,134.0300,81.4200,0.982649,182.334796,"-0.26,-0.66,-0.68,93.02,134.03,81.42"
2825,2026-07-27T13:55:53.726,116.670536,0.533500,-0.2400,-0.6800,-0.6300,67.0200,119.6900,66.4100,0.957549,152.406249,"-0.24,-0.68,-0.63,67.02,119.69,66.41"
2826,2026-07-27T13:55:53.785,116.729030,58.493600,-0.1700,-0.6600,-0.6700,27.3400,60.3000,17.3300,0.955720,68.438984,"-0.17,-0.66,-0.67,27.34,60.30,17.33"
2827,2026-07-27T13:55:53.844,116.788553,59.523700,-0.1800,-0.6600,-0.8600,-18.4900,6.8400,-65.8000,1.098909,68.689924,"-0.18,-0.66,-0.86,-18.49,6.84,-65.80"
2828,2026-07-27T13:55:54.089,117.032738,244.184400,-0.2800,-0.6800,-0.9100,-22.2200,31.0700,-80.1400,1.170000,88.777773,"-0.28,-0.68,-0.91,-22.22,31.07,-80.14"
2829,2026-07-27T13:55:54.089,117.032771,0.033300,-0.2800,-0.6800,-0.9100,-20.8100,62.9300,-80.8100,1.170000,104.515535,"-0.28,-0.68,-0.91,-20.81,62.93,-80.81"
2830,2026-07-27T13:55:54.089,117.032924,0.153200,-0.3900,-0.7000,-0.9100,-19.5900,82.2800,-77.0900,1.212518,114.440529,"-0.39,-0.70,-0.91,-19.59,82.28,-77.09"
2831,2026-07-27T13:55:54.089,117.032946,0.022000,-0.4700,-0.6700,-0.8500,-21.6700,79.9000,-75.3200,1.179958,111.922747,"-0.47,-0.67,-0.85,-21.67,79.90,-75.32"
2832,2026-07-27T13:55:54.089,117.033056,0.109600,-0.4900,-0.5800,-0.7700,-26.9800,60.3000,-73.3600,1.081388,98.720312,"-0.49,-0.58,-0.77,-26.98,60.30,-73.36"
2833,2026-07-27T13:55:54.089,117.033184,0.127800,-0.4700,-0.4900,-0.7100,-33.2000,38.0900,-66.1000,0.982395,83.200349,"-0.47,-0.49,-0.71,-33.20,38.09,-66.10"
2834,2026-07-27T13:55:54.208,117.152142,118.958000,-0.4500,-0.4400,-0.6700,-36.8000,23.8600,-51.1500,0.919239,67.378499,"-0.45,-0.44,-0.67,-36.80,23.86,-51.15"
2835,2026-07-27T13:55:54.208,117.152398,0.256100,-0.4300,-0.4700,-0.6500,-35.8300,17.1500,-32.2300,0.910110,51.153537,"-0.43,-0.47,-0.65,-35.83,17.15,-32.23"
2836,2026-07-27T13:55:54.265,117.208853,56.454900,-0.3700,-0.6000,-0.6600,-11.6600,14.4700,9.5800,0.965660,20.907245,"-0.37,-0.60,-0.66,-11.66,14.47,9.58"
2837,2026-07-27T13:55:54.385,117.329231,120.378600,-0.3300,-0.6100,-0.6900,8.4200,14.1000,33.2600,0.978315,37.093584,"-0.33,-0.61,-0.69,8.42,14.10,33.26"
2838,2026-07-27T13:55:54.385,117.329382,0.150300,-0.3100,-0.5900,-0.6800,8.4200,14.1000,33.2600,0.952155,37.093584,"-0.31,-0.59,-0.68,8.42,14.10,33.26"
2839,2026-07-27T13:55:54.386,117.329932,0.550500,-0.3700,-0.5300,-0.6200,27.9500,16.6000,61.5800,0.895656,69.633748,"-0.37,-0.53,-0.62,27.95,16.60,61.58"
2840,2026-07-27T13:55:54.505,117.449264,119.331800,-0.5100,-0.4900,-0.5800,44.6800,20.0200,98.5700,0.914658,110.059746,"-0.51,-0.49,-0.58,44.68,20.02,98.57"
2841,2026-07-27T13:55:54.505,117.449454,0.189900,-0.5500,-0.5600,-0.6000,48.2800,9.2800,134.2800,0.987978,142.997186,"-0.55,-0.56,-0.60,48.28,9.28,134.28"
2842,2026-07-27T13:55:54.505,117.449566,0.112400,-0.4700,-0.7300,-0.6600,34.6700,-18.8600,153.4400,1.090596,158.434662,"-0.47,-0.73,-0.66,34.67,-18.86,153.44"
2843,2026-07-27T13:55:54.565,117.508900,59.334200,-0.3400,-0.8600,-0.7700,28.2000,-42.6000,164.4300,1.203370,172.183695,"-0.34,-0.86,-0.77,28.20,-42.60,164.43"
2844,2026-07-27T13:55:54.565,117.509017,0.116500,-0.1800,-0.9100,-0.8600,42.6600,-47.7300,176.5700,1.264951,187.816382,"-0.18,-0.91,-0.86,42.66,-47.73,176.57"
2845,2026-07-27T13:55:54.627,117.570998,61.981300,0.0000,-0.9400,-0.9200,44.0700,-48.2800,164.5500,1.315295,177.058820,"0.00,-0.94,-0.92,44.07,-48.28,164.55"
2846,2026-07-27T13:55:54.805,117.748677,177.679100,0.2200,-0.9900,-0.9500,11.2900,-54.0800,112.0000,1.389604,124.884389,"0.22,-0.99,-0.95,11.29,-54.08,112.00"
2847,2026-07-27T13:55:54.806,117.750032,1.354700,0.3800,-1.0800,-0.9700,-29.0500,-51.1500,37.0500,1.500567,69.519260,"0.38,-1.08,-0.97,-29.05,-51.15,37.05"
2848,2026-07-27T13:55:54.806,117.750132,0.100100,0.3500,-1.1600,-0.9800,-49.3800,-22.2800,-43.5200,1.558365,69.489375,"0.35,-1.16,-0.98,-49.38,-22.28,-43.52"
2849,2026-07-27T13:55:54.806,117.750234,0.101800,0.1100,-1.2100,-0.9800,-43.0900,31.9200,-116.7600,1.560961,128.485533,"0.11,-1.21,-0.98,-43.09,31.92,-116.76"
2850,2026-07-27T13:55:54.807,117.750692,0.458000,-0.1800,-1.2500,-1.0300,-23.1300,87.2200,-175.2900,1.629663,197.151996,"-0.18,-1.25,-1.03,-23.13,87.22,-175.29"
2851,2026-07-27T13:55:54.986,117.929819,179.127500,-0.3400,-1.3000,-1.1700,-15.6900,119.1400,-227.6600,1.781713,257.428808,"-0.34,-1.30,-1.17,-15.69,119.14,-227.66"
2852,2026-07-27T13:55:54.986,117.929965,0.145800,-0.3800,-1.3700,-1.3400,-29.9100,134.0300,-274.3500,1.953689,306.800540,"-0.38,-1.37,-1.34,-29.91,134.03,-274.35"
2853,2026-07-27T13:55:54.986,117.930031,0.065400,-0.4100,-1.3600,-1.4000,-43.9500,159.9700,-297.6700,1.994417,340.777688,"-0.41,-1.36,-1.40,-43.95,159.97,-297.67"
2854,2026-07-27T13:55:54.986,117.930194,0.163100,-0.5000,-1.1600,-1.2400,-31.9800,197.2000,-284.3000,1.770085,347.472374,"-0.50,-1.16,-1.24,-31.98,197.20,-284.30"
2855,2026-07-27T13:55:55.104,118.048408,118.213900,-0.5800,-0.7500,-0.9000,2.5600,208.0100,-243.4100,1.307249,320.192351,"-0.58,-0.75,-0.90,2.56,208.01,-243.41"
2856,2026-07-27T13:55:55.105,118.049071,0.663600,-0.5900,-0.2900,-0.5400,30.0300,167.5400,-191.9600,0.850764,256.554271,"-0.59,-0.29,-0.54,30.03,167.54,-191.96"
2857,2026-07-27T13:55:55.105,118.049258,0.186600,-0.5300,0.0300,-0.3000,29.4800,93.9300,-137.2100,0.609754,168.874212,"-0.53,0.03,-0.30,29.48,93.93,-137.21"
2858,2026-07-27T13:55:55.228,118.172044,122.786500,-0.4600,0.1600,-0.2100,9.0300,25.6300,-78.1200,0.530377,82.711379,"-0.46,0.16,-0.21,9.03,25.63,-78.12"
2859,2026-07-27T13:55:55.228,118.172205,0.160500,-0.4400,0.1200,-0.2200,-8.7300,-17.8200,-10.2500,0.506360,22.334453,"-0.44,0.12,-0.22,-8.73,-17.82,-10.25"
2860,2026-07-27T13:55:55.228,118.172429,0.223800,-0.4500,-0.0600,-0.3200,-17.2100,-45.5900,63.3500,0.555428,79.924056,"-0.45,-0.06,-0.32,-17.21,-45.59,63.35"
2861,2026-07-27T13:55:55.524,118.468513,296.084300,-0.4300,-0.3800,-0.5200,-23.0100,-69.0900,137.1500,0.774403,155.283646,"-0.43,-0.38,-0.52,-23.01,-69.09,137.15"
2862,2026-07-27T13:55:55.525,118.468848,0.335000,-0.3900,-0.8100,-0.8000,-27.2200,-87.1600,212.8900,1.203412,231.646166,"-0.39,-0.81,-0.80,-27.22,-87.16,212.89"
2863,2026-07-27T13:55:55.525,118.469325,0.477000,-0.3500,-1.2600,-1.0500,-24.3500,-97.7200,289.2500,1.677081,306.280400,"-0.35,-1.26,-1.05,-24.35,-97.72,289.25"
2864,2026-07-27T13:55:55.526,118.469999,0.674600,-0.3400,-1.5700,-1.1900,-9.3400,-100.2200,349.1800,1.999150,363.397794,"-0.34,-1.57,-1.19,-9.34,-100.22,349.18"
2865,2026-07-27T13:55:55.526,118.470425,0.425900,-0.3700,-1.6500,-1.2100,11.4700,-97.2300,368.1600,2.079303,380.955403,"-0.37,-1.65,-1.21,11.47,-97.23,368.16"
2866,2026-07-27T13:55:55.527,118.470976,0.550700,-0.3400,-1.5700,-1.1800,16.1700,-104.1300,333.5000,1.993213,349.752449,"-0.34,-1.57,-1.18,16.17,-104.13,333.50"
2867,2026-07-27T13:55:55.528,118.471695,0.719300,-0.1400,-1.4900,-1.0900,-2.2000,-127.6900,260.4400,1.851432,290.066492,"-0.14,-1.49,-1.09,-2.20,-127.69,260.44"
2868,2026-07-27T13:55:55.528,118.472097,0.401700,0.1700,-1.4600,-0.9000,-15.2000,-145.0200,175.6600,1.723514,228.294275,"0.17,-1.46,-0.90,-15.20,-145.02,175.66"
2869,2026-07-27T13:55:55.945,118.889080,416.983300,0.3200,-1.3400,-0.7100,-2.5600,-139.0400,85.8800,1.549871,163.444332,"0.32,-1.34,-0.71,-2.56,-139.04,85.88"
2870,2026-07-27T13:55:55.945,118.889410,0.329900,0.2000,-1.1400,-0.5500,38.0200,-112.2400,11.1100,1.281444,119.024242,"0.20,-1.14,-0.55,38.02,-112.24,11.11"
2871,2026-07-27T13:55:55.945,118.889574,0.163700,0.0100,-0.9200,-0.4900,95.7600,-67.9900,-10.4400,1.042401,117.905094,"0.01,-0.92,-0.49,95.76,-67.99,-10.44"
2872,2026-07-27T13:55:55.946,118.890258,0.683900,-0.0200,-0.7500,-0.6600,118.7700,-20.3200,3.2300,0.999250,120.538990,"-0.02,-0.75,-0.66,118.77,-20.32,3.23"
2873,2026-07-27T13:55:55.947,118.891013,0.755100,0.0600,-0.7300,-0.8800,70.3700,12.8800,-10.1900,1.144945,72.261106,"0.06,-0.73,-0.88,70.37,12.88,-10.19"
2874,2026-07-27T13:55:55.947,118.891493,0.480400,0.0600,-0.8800,-0.9900,-5.2500,52.2500,-50.5400,1.325934,72.882896,"0.06,-0.88,-0.99,-5.25,52.25,-50.54"
2875,2026-07-27T13:55:55.948,118.891997,0.503800,-0.0700,-1.0900,-0.9800,-50.6000,107.6000,-83.3700,1.467447,145.219410,"-0.07,-1.09,-0.98,-50.60,107.60,-83.37"
2876,2026-07-27T13:55:55.949,118.892600,0.602800,-0.2200,-1.2400,-0.9700,-62.1300,144.1000,-111.6900,1.589623,192.612572,"-0.22,-1.24,-0.97,-62.13,144.10,-111.69"
2877,2026-07-27T13:55:55.949,118.893243,0.642600,-0.3300,-1.2900,-0.9800,-51.9400,148.6800,-144.1700,1.653300,213.514625,"-0.33,-1.29,-0.98,-51.94,148.68,-144.17"
2878,2026-07-27T13:55:55.950,118.893698,0.455100,-0.5100,-1.2200,-0.9400,-28.5600,134.6400,-179.9300,1.622375,226.535666,"-0.51,-1.22,-0.94,-28.56,134.64,-179.93"
2879,2026-07-27T13:55:56.304,119.248440,354.742200,-0.5700,-1.0400,-0.8700,-8.3000,93.8700,-210.3900,1.470850,230.530733,"-0.57,-1.04,-0.87,-8.30,93.87,-210.39"
2880,2026-07-27T13:55:56.305,119.248754,0.313900,-0.3100,-0.9400,-0.9500,-51.9400,41.6300,-254.0300,1.371933,262.606286,"-0.31,-0.94,-0.95,-51.94,41.63,-254.03"
2881,2026-07-27T13:55:56.305,119.249435,0.681600,-0.2100,-0.8900,-0.9700,-77.2100,57.9800,-257.6300,1.333079,275.129572,"-0.21,-0.89,-0.97,-77.21,57.98,-257.63"
2882,2026-07-27T13:55:56.306,119.249961,0.526000,-0.3400,-0.6800,-0.7400,14.3400,118.9600,-158.5100,1.060943,198.702132,"-0.34,-0.68,-0.74,14.34,118.96,-158.51"
2883,2026-07-27T13:55:56.306,119.250565,0.603200,-0.3900,-0.4500,-0.5000,97.2300,127.7500,-58.0400,0.777560,170.711385,"-0.39,-0.45,-0.50,97.23,127.75,-58.04"
2884,2026-07-27T13:55:56.307,119.250980,0.415800,-0.3500,-0.3100,-0.3800,91.8000,88.2000,-33.4500,0.602495,131.625919,"-0.35,-0.31,-0.38,91.80,88.20,-33.45"
2885,2026-07-27T13:55:56.307,119.251527,0.547000,-0.3000,-0.2300,-0.3600,45.9600,42.2400,-43.0900,0.522015,75.850427,"-0.30,-0.23,-0.36,45.96,42.24,-43.09"
2886,2026-07-27T13:55:56.308,119.252220,0.692300,-0.2900,-0.1900,-0.4000,5.1300,0.7900,-37.2900,0.529339,37.649503,"-0.29,-0.19,-0.40,5.13,0.79,-37.29"
2887,2026-07-27T13:55:56.309,119.252654,0.434500,-0.2700,-0.2500,-0.4700,-22.8300,-35.7100,-1.5900,0.596909,42.413926,"-0.27,-0.25,-0.47,-22.83,-35.71,-1.59"
2888,2026-07-27T13:55:56.366,119.310161,57.506800,-0.2200,-0.4400,-0.5700,-38.7000,-61.5800,51.9400,0.752928,89.373094,"-0.22,-0.44,-0.57,-38.70,-61.58,51.94"
2889,2026-07-27T13:55:56.366,119.310357,0.195800,-0.1500,-0.6800,-0.7000,-43.7600,-77.8200,104.2500,0.987370,137.255064,"-0.15,-0.68,-0.70,-43.76,-77.82,104.25"
2890,2026-07-27T13:55:56.430,119.374344,63.987100,-0.0900,-0.9300,-0.8100,-37.7800,-84.4100,150.9400,1.236568,177.017683,"-0.09,-0.93,-0.81,-37.78,-84.41,150.94"
2891,2026-07-27T13:55:56.665,119.609484,235.140300,-0.0100,-1.1400,-0.8500,-21.2400,-78.8600,192.8100,1.422041,209.393728,"-0.01,-1.14,-0.85,-21.24,-78.86,192.81"
2892,2026-07-27T13:55:56.666,119.609649,0.165200,0.0800,-1.3000,-0.8100,-0.1800,-67.7500,214.2300,1.533786,224.687756,"0.08,-1.30,-0.81,-0.18,-67.75,214.23"
2893,2026-07-27T13:55:56.666,119.609721,0.071200,0.1500,-1.3300,-0.7600,23.0100,-57.2500,202.8200,1.539156,211.997583,"0.15,-1.33,-0.76,23.01,-57.25,202.82"
2894,2026-07-27T13:55:56.666,119.609789,0.068200,0.1500,-1.0300,-0.7700,49.2600,-39.7900,123.6600,1.294720,138.930153,"0.15,-1.03,-0.77,49.26,-39.79,123.66"
2895,2026-07-27T13:55:56.668,119.611964,2.175200,0.1000,-0.8900,-0.7300,35.1000,-33.2600,83.1300,1.155422,96.170861,"0.10,-0.89,-0.73,35.10,-33.26,83.13"
2896,2026-07-27T13:55:56.730,119.673744,61.780000,0.1000,-0.8900,-0.7300,16.5400,-25.9400,56.2100,1.155422,64.078228,"0.10,-0.89,-0.73,16.54,-25.94,56.21"
2897,2026-07-27T13:55:56.730,119.673950,0.205900,0.0600,-0.8200,-0.6900,5.6200,-18.8600,44.1300,1.073359,48.319157,"0.06,-0.82,-0.69,5.62,-18.86,44.13"
2898,2026-07-27T13:55:56.905,119.848899,174.948900,0.0400,-0.8000,-0.6900,-4.8800,-17.6400,34.0600,1.057213,38.666104,"0.04,-0.80,-0.69,-4.88,-17.64,34.06"
2899,2026-07-27T13:55:56.905,119.849021,0.122400,0.0400,-0.8200,-0.7000,-24.1700,-26.7300,11.7800,1.078888,37.913720,"0.04,-0.82,-0.70,-24.17,-26.73,11.78"
2900,2026-07-27T13:55:56.905,119.849446,0.425100,0.0600,-0.8600,-0.7300,-47.4200,-38.9400,-22.1600,1.129646,65.238375,"0.06,-0.86,-0.73,-47.42,-38.94,-22.16"
2901,2026-07-27T13:55:56.972,119.916333,66.886800,0.1000,-0.9400,-0.8300,-67.6300,-21.7300,-80.6900,1.257975,107.502958,"0.10,-0.94,-0.83,-67.63,-21.73,-80.69"
2902,2026-07-27T13:55:56.973,119.916961,0.628200,0.0600,-0.9800,-0.8400,-64.5800,5.0000,-103.0900,1.292130,121.750255,"0.06,-0.98,-0.84,-64.58,5.00,-103.09"
2903,2026-07-27T13:55:57.085,120.029002,112.040400,-0.0100,-1.0400,-0.8400,-64.5800,5.0000,-103.0900,1.336899,121.750255,"-0.01,-1.04,-0.84,-64.58,5.00,-103.09"
2904,2026-07-27T13:55:57.085,120.029179,0.177200,-0.0700,-1.0900,-0.8500,-57.3100,34.5500,-123.7800,1.384016,140.711147,"-0.07,-1.09,-0.85,-57.31,34.55,-123.78"
2905,2026-07-27T13:55:57.086,120.030457,1.277800,-0.1300,-1.1400,-0.8900,-40.1600,70.2500,-136.7200,1.452102,158.871793,"-0.13,-1.14,-0.89,-40.16,70.25,-136.72"
2906,2026-07-27T13:55:57.205,120.148755,118.298700,-0.2100,-1.1200,-0.9100,-11.9000,109.6800,-142.7600,1.458287,180.420980,"-0.21,-1.12,-0.91,-11.90,109.68,-142.76"
2907,2026-07-27T13:55:57.205,120.149191,0.435400,-0.3100,-1.0100,-0.8600,22.3400,140.0800,-146.2400,1.362278,203.734189,"-0.31,-1.01,-0.86,22.34,140.08,-146.24"
2908,2026-07-27T13:55:57.206,120.149753,0.562400,-0.4000,-0.8000,-0.7600,51.3900,147.5800,-147.6400,1.173712,214.984553,"-0.40,-0.80,-0.76,51.39,147.58,-147.64"
