worker,recording_type,source_file,packet_number,timestamp,elapsed_seconds,interval_ms,Xg,Yg,Zg,Xdeg,Ydeg,Zdeg,acceleration_magnitude_g,gyroscope_magnitude_dps
kwanteng,near_miss,KT_NearMissed_cleaned.csv,1,2026-08-03 12:40:24.218,3.685095,,0.05,-0.22,1.1,-11.05,-79.22,-16.78,1.122898036332774,81.72808146530787
kwanteng,near_miss,KT_NearMissed_cleaned.csv,2,2026-08-03 12:40:24.262,3.728761,43.66599999999998,0.65,-0.76,1.23,-7.2,-55.05,-6.47,1.5852444606432157,55.89457397637091
kwanteng,near_miss,KT_NearMissed_cleaned.csv,4,2026-08-03 12:40:24.306,3.772902,44.141000000000204,1.63,-1.4,1.33,-14.47,-29.97,30.82,2.5270140482395425,45.359168863637706
kwanteng,near_miss,KT_NearMissed_cleaned.csv,6,2026-08-03 12:40:24.349,3.816063,43.161,1.98,-1.15,1.55,-33.69,-12.02,146.24,2.7650316453885297,150.55110129122272
kwanteng,near_miss,KT_NearMissed_cleaned.csv,7,2026-08-03 12:40:24.349,3.81648,0.41699999999966764,1.28,0.18,2.24,-66.89,37.11,292.91,2.5861941149109438,302.7336986527929
kwanteng,near_miss,KT_NearMissed_cleaned.csv,9,2026-08-03 12:40:24.393,3.860129,43.64900000000027,0.2,1.92,2.45,-114.07,204.28,373.54,3.1191184652077584,440.7657142972897
kwanteng,near_miss,KT_NearMissed_cleaned.csv,11,2026-08-03 12:40:24.480,3.947286,87.15699999999993,-0.11,3.01,1.17,-206.6,470.64,351.62,3.231269100523817,622.7537185758107
kwanteng,near_miss,KT_NearMissed_cleaned.csv,12,2026-08-03 12:40:24.480,3.947612,0.32599999999982643,-0.11,3.01,1.17,-284.36,682.13,257.81,3.231269100523817,782.705527385619
kwanteng,near_miss,KT_NearMissed_cleaned.csv,13,2026-08-03 12:40:24.655,4.122314,174.70200000000037,0.73,2.68,-1.31,-284.36,682.13,257.81,3.0710584494600557,782.705527385619
kwanteng,near_miss,KT_NearMissed_cleaned.csv,14,2026-08-03 12:40:24.656,4.122626,0.31200000000009,2.14,1.28,-3.53,-131.1,631.16,174.38,4.321909300297728,667.8012728349655
kwanteng,near_miss,KT_NearMissed_cleaned.csv,16,2026-08-03 12:40:24.657,4.124313,1.68699999999955,3.23,0.86,-2.97,239.69,125.98,170.23,4.471397991680007,319.84450815982444
kwanteng,near_miss,KT_NearMissed_cleaned.csv,18,2026-08-03 12:40:24.660,4.126156,1.843000000000039,2.65,1.77,0.63,489.44,-594.42,140.87,3.24843039020386,782.7713631067503
kwanteng,near_miss,KT_NearMissed_cleaned.csv,19,2026-08-03 12:40:24.660,4.126584,0.428000000000317,0.65,1.52,3.75,424.68,-875.37,-17.46,4.098219125425091,973.1035869320389
kwanteng,near_miss,KT_NearMissed_cleaned.csv,21,2026-08-03 12:40:24.743,4.209383,82.79899999999962,-0.77,0.18,3.57,224.73,-482.06,-114.56,3.6565284082036063,544.0674683345807
kwanteng,near_miss,KT_NearMissed_cleaned.csv,23,2026-08-03 12:40:24.744,4.210753,1.3700000000005375,-0.92,-0.57,1.42,88.01,51.33,-70.07,1.7854131174604941,123.65408970187764
kwanteng,near_miss,KT_NearMissed_cleaned.csv,25,2026-08-03 12:40:24.787,4.253513,42.759999999999465,-0.51,-0.66,0.02,-0.79,211.43,-25.82,0.834326075344646,213.0022098476915
kwanteng,near_miss,KT_NearMissed_cleaned.csv,26,2026-08-03 12:40:24.831,4.297384,43.871000000000215,-0.25,-0.44,-0.03,-61.52,76.48,-10.68,0.5069516742254631,98.73177401424529
kwanteng,near_miss,KT_NearMissed_cleaned.csv,28,2026-08-03 12:40:24.874,4.341086,43.701999999999686,-0.32,-0.08,0.49,-75.56,-65.12,10.13,0.5906775770248943,100.26238028293564
kwanteng,near_miss,KT_NearMissed_cleaned.csv,30,2026-08-03 12:40:24.919,4.384806,43.720000000000425,-0.52,0.27,0.94,-64.21,-110.11,33.39,1.1076551810017412,131.76504961483528
kwanteng,near_miss,KT_NearMissed_cleaned.csv,32,2026-08-03 12:40:24.962,4.428945,44.138999999999484,-0.56,0.3,1.12,-54.26,-105.77,37.17,1.28763348822559,124.55139260562284
kwanteng,near_miss,KT_NearMissed_cleaned.csv,33,2026-08-03 12:40:24.962,4.42937,0.4249999999998977,-0.45,0.13,1.07,-31.68,-83.98,27.1,1.1680325337934727,93.75858787332497
kwanteng,near_miss,KT_NearMissed_cleaned.csv,35,2026-08-03 12:40:25.006,4.472713,43.34300000000013,-0.3,-0.02,0.96,-14.71,-66.28,26.55,1.0059821071967434,72.89941700727105
kwanteng,near_miss,KT_NearMissed_cleaned.csv,37,2026-08-03 12:40:25.050,4.516513,43.80000000000006,-0.19,-0.13,0.97,-28.02,-69.58,38.94,0.9969453345093702,84.5152080988978
kwanteng,near_miss,KT_NearMissed_cleaned.csv,39,2026-08-03 12:40:25.093,4.560386,43.873000000000495,-0.13,-0.19,1.03,-38.88,-75.01,39.92,1.0554146104730595,93.44389172118208
kwanteng,near_miss,KT_NearMissed_cleaned.csv,40,2026-08-03 12:40:25.181,4.647254,86.86799999999994,-0.11,-0.19,1.02,-34.61,-64.64,20.75,1.0433599570617995,76.20199603684932
kwanteng,near_miss,KT_NearMissed_cleaned.csv,42,2026-08-03 12:40:25.182,4.648772,1.5179999999999083,-0.11,-0.19,0.97,-21.85,-48.89,4.46,0.9945350672550466,53.73589303249738
kwanteng,near_miss,KT_NearMissed_cleaned.csv,44,2026-08-03 12:40:25.268,4.73479,86.01800000000014,-0.12,-0.18,0.95,-2.26,-35.28,2.99,0.9743202758846805,35.47853012738831
kwanteng,near_miss,KT_NearMissed_cleaned.csv,46,2026-08-03 12:40:25.269,4.735922,1.132000000000133,-0.13,-0.14,0.96,13.06,-21.0,10.86,0.9788258272031853,27.009316911021646
kwanteng,near_miss,KT_NearMissed_cleaned.csv,48,2026-08-03 12:40:25.312,4.778611,42.68899999999931,-0.13,-0.06,1.0,19.47,-15.08,19.53,1.010198000393982,31.431006983550493
kwanteng,near_miss,KT_NearMissed_cleaned.csv,49,2026-08-03 12:40:25.312,4.778968,0.35700000000016274,-0.14,-0.01,1.03,19.71,-14.71,21.18,1.0395191195932858,32.457057784093735
kwanteng,near_miss,KT_NearMissed_cleaned.csv,51,2026-08-03 12:40:25.356,4.822605,43.63700000000037,-0.16,0.01,1.02,17.88,-8.12,16.6,1.0325211862233143,25.713591736667205
kwanteng,near_miss,KT_NearMissed_cleaned.csv,53,2026-08-03 12:40:25.399,4.866292,43.686999999999365,-0.16,0.02,0.99,15.01,-0.43,10.56,1.0030453628824572,18.357521619216467
kwanteng,near_miss,KT_NearMissed_cleaned.csv,55,2026-08-03 12:40:25.488,4.954225,87.93300000000048,-0.15,0.01,0.98,9.58,2.32,5.37,0.9914635646356349,11.224780621464278
kwanteng,near_miss,KT_NearMissed_cleaned.csv,59,2026-08-03 12:40:25.531,4.997787,43.56199999999966,-0.14,0.0,0.96,5.98,4.03,1.83,0.9701546268507922,7.439771501867514
kwanteng,near_miss,KT_NearMissed_cleaned.csv,61,2026-08-03 12:40:25.618,5.08521,87.42300000000026,-0.14,-0.0,0.95,6.9,2.26,2.38,0.9602603813549739,7.640811475229579
kwanteng,near_miss,KT_NearMissed_cleaned.csv,62,2026-08-03 12:40:25.619,5.086021,0.8109999999996731,-0.14,0.0,0.96,6.04,-2.2,2.75,0.9701546268507922,6.9917165274344475
kwanteng,near_miss,KT_NearMissed_cleaned.csv,64,2026-08-03 12:40:25.661,5.128209,42.188000000000336,-0.13,0.01,0.99,4.27,-6.71,2.75,0.9985489472229191,8.415432252712868
kwanteng,near_miss,KT_NearMissed_cleaned.csv,66,2026-08-03 12:40:25.749,5.215915,87.70599999999985,-0.12,0.01,1.02,6.59,-7.02,1.59,1.0270832488167645,9.758924121028915
kwanteng,near_miss,KT_NearMissed_cleaned.csv,68,2026-08-03 12:40:25.750,5.217036,1.1210000000003717,-0.12,0.03,1.03,30.94,2.93,-3.85,1.037400597647794,31.315986332862007
kwanteng,near_miss,KT_NearMissed_cleaned.csv,70,2026-08-03 12:40:25.793,5.259834,42.79799999999945,-0.13,0.08,1.0,54.57,13.92,-9.64,1.011582918005242,57.13651109404564
kwanteng,near_miss,KT_NearMissed_cleaned.csv,71,2026-08-03 12:40:25.794,5.260398,0.5640000000006751,-0.13,0.07,0.99,35.58,12.21,-8.54,1.000949549178179,38.57398216414789
kwanteng,near_miss,KT_NearMissed_cleaned.csv,73,2026-08-03 12:40:25.837,5.303906,43.507999999999214,-0.12,0.04,1.04,12.33,7.45,0.37,1.0476640682967036,14.410700885106179
kwanteng,near_miss,KT_NearMissed_cleaned.csv,75,2026-08-03 12:40:25.924,5.391612,87.70600000000073,-0.13,0.07,1.03,29.05,11.35,23.38,1.0405287117614774,38.97883271725822
kwanteng,near_miss,KT_NearMissed_cleaned.csv,77,2026-08-03 12:40:25.926,5.392834,1.2219999999993902,-0.19,0.2,0.95,57.56,-1.53,51.03,0.9892421341612982,76.93864698576392
kwanteng,near_miss,KT_NearMissed_cleaned.csv,79,2026-08-03 12:40:25.969,5.435235,42.40099999999991,-0.23,0.34,0.95,38.76,-43.09,55.66,1.0348912986396204,80.35621506765982
kwanteng,near_miss,KT_NearMissed_cleaned.csv,80,2026-08-03 12:40:26.011,5.478537,43.30200000000062,-0.19,0.36,1.02,-14.71,-62.07,33.81,1.0982258419833326,72.1954645389861
kwanteng,near_miss,KT_NearMissed_cleaned.csv,82,2026-08-03 12:40:26.056,5.522815,44.27799999999937,-0.13,0.17,1.03,-36.5,-19.84,-5.49,1.0519980988575977,41.904841009124475
kwanteng,near_miss,KT_NearMissed_cleaned.csv,84,2026-08-03 12:40:26.099,5.566591,43.77600000000026,-0.04,-0.09,0.99,-10.25,47.91,-50.42,0.9948869282486327,70.30367700198902
kwanteng,near_miss,KT_NearMissed_cleaned.csv,86,2026-08-03 12:40:26.143,5.610109,43.517999999999724,0.0,-0.18,0.95,31.31,88.13,-72.08,0.966902270139025,118.07937753900974
kwanteng,near_miss,KT_NearMissed_cleaned.csv,87,2026-08-03 12:40:26.187,5.653789,43.68000000000016,-0.07,-0.02,0.89,36.13,98.94,-61.52,0.892972563968233,121.98037096188878
kwanteng,near_miss,KT_NearMissed_cleaned.csv,89,2026-08-03 12:40:26.231,5.697365,43.57599999999984,-0.32,0.38,0.96,-27.16,115.48,-43.09,1.0809255293497328,126.21427851079292
kwanteng,near_miss,KT_NearMissed_cleaned.csv,91,2026-08-03 12:40:26.274,5.741054,43.68900000000053,-0.59,0.82,1.01,-71.11,131.47,-6.1,1.4284957122791793,149.59345908160557
kwanteng,near_miss,KT_NearMissed_cleaned.csv,92,2026-08-03 12:40:26.361,5.828562,87.5079999999997,-0.69,1.03,0.76,3.05,100.52,77.51,1.4541664278891875,126.96996889028523
kwanteng,near_miss,KT_NearMissed_cleaned.csv,94,2026-08-03 12:40:26.363,5.829664,1.1020000000003805,-0.62,0.8,0.37,74.4,15.99,111.45,1.0776363022838458,134.95237159827906
kwanteng,near_miss,KT_NearMissed_cleaned.csv,96,2026-08-03 12:40:26.364,5.831249,1.5849999999995035,-0.41,0.24,0.24,-30.64,-116.76,35.95,0.5322593352868505,125.9528074319902
kwanteng,near_miss,KT_NearMissed_cleaned.csv,98,2026-08-03 12:40:26.449,5.916201,84.95200000000037,-0.03,-0.52,0.53,-279.66,-240.42,-69.52,0.7431016081263719,375.2925823940569
kwanteng,near_miss,KT_NearMissed_cleaned.csv,99,2026-08-03 12:40:26.449,5.916531,0.32999999999994145,0.28,-1.05,1.0,-367.61,-232.67,-123.17,1.476787053031005,452.15405549436355
kwanteng,near_miss,KT_NearMissed_cleaned.csv,101,2026-08-03 12:40:26.494,5.960414,43.883000000000116,0.3,-0.85,1.25,-152.47,-95.95,-84.66,1.541103500742244,199.0497902535946
kwanteng,near_miss,KT_NearMissed_cleaned.csv,103,2026-08-03 12:40:26.537,6.004254,43.84000000000032,0.21,-0.37,1.16,43.4,0.31,-29.85,1.235556554755791,52.67521808213043
kwanteng,near_miss,KT_NearMissed_cleaned.csv,104,2026-08-03 12:40:26.580,6.047334,43.079999999999785,0.12,-0.09,0.89,43.58,-8.24,-28.38,0.9025519375637061,52.654899107300544
kwanteng,near_miss,KT_NearMissed_cleaned.csv,106,2026-08-03 12:40:26.712,6.178533,131.19899999999961,0.06,-0.17,0.67,-32.9,-22.09,-52.37,0.6938299503480663,65.67339644026337
kwanteng,near_miss,KT_NearMissed_cleaned.csv,108,2026-08-03 12:40:26.713,6.179775,1.2420000000004094,0.01,-0.4,0.61,-89.17,-3.36,-51.21,0.7295203903935791,102.88363621101269
kwanteng,near_miss,KT_NearMissed_cleaned.csv,110,2026-08-03 12:40:26.714,6.181249,1.4739999999999753,0.01,-0.51,0.7,-76.11,6.16,-23.8,0.8661408661412991,79.98198359630749
kwanteng,near_miss,KT_NearMissed_cleaned.csv,112,2026-08-03 12:40:26.756,6.222236,40.98699999999944,0.03,-0.48,0.89,-28.63,1.77,-9.34,1.0116323442832382,30.166958746283985
kwanteng,near_miss,KT_NearMissed_cleaned.csv,113,2026-08-03 12:40:26.799,6.266066,43.8300000000007,-0.02,-0.43,1.07,-0.67,5.31,-6.1,1.1533429672044653,8.11510936463582
kwanteng,near_miss,KT_NearMissed_cleaned.csv,115,2026-08-03 12:40:26.800,6.267256,1.1899999999993582,-0.15,-0.44,1.2,2.99,19.23,-4.82,1.2868954891520912,20.049074791620686
kwanteng,near_miss,KT_NearMissed_cleaned.csv,117,2026-08-03 12:40:26.887,6.353617,86.36100000000013,-0.18,-0.42,1.23,9.16,18.55,-27.22,1.3121356637177422,34.189713365279914
kwanteng,near_miss,KT_NearMissed_cleaned.csv,119,2026-08-03 12:40:26.888,6.355436,1.819000000000237,-0.1,-0.4,1.1,7.57,1.4,-50.23,1.174734012447073,50.816511096296246
kwanteng,near_miss,KT_NearMissed_cleaned.csv,120,2026-08-03 12:40:26.975,6.44146,86.0240000000001,-0.1,-0.4,1.1,-27.22,-5.68,-30.15,1.174734012447073,41.014793672527475
kwanteng,near_miss,KT_NearMissed_cleaned.csv,121,2026-08-03 12:40:26.975,6.441912,0.452000000000119,-0.07,-0.47,0.92,-27.22,-5.68,-30.15,1.0354709073653399,41.014793672527475
kwanteng,near_miss,KT_NearMissed_cleaned.csv,122,2026-08-03 12:40:26.976,6.442716,0.8039999999995828,-0.01,-0.58,0.77,-40.28,-28.63,1.95,0.9640539403996023,49.45662544088507
kwanteng,near_miss,KT_NearMissed_cleaned.csv,124,2026-08-03 12:40:27.062,6.528657,85.94100000000005,0.25,-0.63,0.63,-5.86,-85.45,4.88,0.9253647929330358,85.78960601378235
kwanteng,near_miss,KT_NearMissed_cleaned.csv,126,2026-08-03 12:40:27.063,6.529727,1.0700000000003485,0.48,-0.65,0.61,6.23,-78.43,-9.77,1.0124228365658292,79.28133891402189
kwanteng,near_miss,KT_NearMissed_cleaned.csv,128,2026-08-03 12:40:27.194,6.66002,130.293,0.45,-0.65,0.76,-27.83,34.24,-19.59,1.0966312051004201,48.27685366715606
kwanteng,near_miss,KT_NearMissed_cleaned.csv,129,2026-08-03 12:40:27.194,6.660853,0.8330000000000837,0.29,-0.59,0.91,-54.02,124.27,-26.49,1.1226308386998818,138.06850980582067
kwanteng,near_miss,KT_NearMissed_cleaned.csv,131,2026-08-03 12:40:27.196,6.662542,1.6889999999998295,0.17,-0.49,0.98,-50.35,121.89,-35.95,1.1087831167545796,136.69197891610173
kwanteng,near_miss,KT_NearMissed_cleaned.csv,133,2026-08-03 12:40:27.237,6.703477,40.935000000000166,0.11,-0.4,0.87,-32.17,63.9,-36.38,0.9638464608017192,80.25972402145426
kwanteng,near_miss,KT_NearMissed_cleaned.csv,135,2026-08-03 12:40:27.280,6.747207,43.73000000000005,0.09,-0.42,0.68,-14.65,8.12,-19.59,0.8043009387039157,25.774502905002844
kwanteng,near_miss,KT_NearMissed_cleaned.csv,136,2026-08-03 12:40:27.280,6.747583,0.3759999999992658,0.1,-0.5,0.64,-3.97,9.95,-4.94,0.8182909018191513,11.796906374130465
kwanteng,near_miss,KT_NearMissed_cleaned.csv,138,2026-08-03 12:40:27.325,6.79162,44.037000000000326,0.05,-0.55,0.76,-3.72,59.81,-6.84,0.9394679345246436,60.31467566024044
kwanteng,near_miss,KT_NearMissed_cleaned.csv,140,2026-08-03 12:40:27.369,6.835461,43.840999999999575,-0.06,-0.55,0.89,-7.81,79.53,-13.24,1.047950380504726,81.00194195202977
kwanteng,near_miss,KT_NearMissed_cleaned.csv,142,2026-08-03 12:40:27.412,6.879038,43.577000000000865,-0.12,-0.52,0.87,-3.78,35.89,-11.41,1.0206370559606388,37.849287972166664
kwanteng,near_miss,KT_NearMissed_cleaned.csv,143,2026-08-03 12:40:27.499,6.966107,87.06899999999962,-0.13,-0.47,0.76,6.16,-7.02,-4.09,0.9029950165975447,10.195788346175101
kwanteng,near_miss,KT_NearMissed_cleaned.csv,145,2026-08-03 12:40:27.501,6.967231,1.1239999999999029,-0.12,-0.42,0.69,19.04,-6.84,0.06,0.8166394553289719,20.23143099239399
kwanteng,near_miss,KT_NearMissed_cleaned.csv,147,2026-08-03 12:40:27.543,7.010077,42.84599999999994,-0.14,-0.4,0.66,30.15,12.27,-3.42,0.7843468620451032,32.730288724666025
kwanteng,near_miss,KT_NearMissed_cleaned.csv,149,2026-08-03 12:40:27.586,7.053664,43.58700000000049,-0.17,-0.39,0.75,28.26,48.03,-17.09,0.8622644605919927,58.28873476067224
kwanteng,near_miss,KT_NearMissed_cleaned.csv,151,2026-08-03 12:40:27.630,7.097381,43.717000000000006,-0.1,-0.43,0.81,22.71,60.12,-27.83,0.922496612459905,70.03333063620492
kwanteng,near_miss,KT_NearMissed_cleaned.csv,152,2026-08-03 12:40:27.675,7.141126,43.74499999999948,0.01,-0.49,0.76,30.52,20.08,-21.91,0.9043229511629128,42.59958802617696
kwanteng,near_miss,KT_NearMissed_cleaned.csv,154,2026-08-03 12:40:27.719,7.184848,43.72199999999982,-0.08,-0.54,0.83,44.68,1.59,-4.88,0.9934284070832684,44.97382460943254
kwanteng,near_miss,KT_NearMissed_cleaned.csv,156,2026-08-03 12:40:27.762,7.228704,43.855999999999895,-0.24,-0.55,1.02,52.67,18.74,3.36,1.183427226321923,56.00541134569052
kwanteng,near_miss,KT_NearMissed_cleaned.csv,158,2026-08-03 12:40:27.806,7.272514,43.81000000000057,-0.22,-0.49,1.16,43.46,34.91,-13.55,1.2783192089615174,57.367954469372535
kwanteng,near_miss,KT_NearMissed_cleaned.csv,162,2026-08-03 12:40:27.894,7.361112,88.59800000000018,0.04,-0.41,1.04,3.85,22.28,-45.17,1.1186152153444007,50.51286766755576
kwanteng,near_miss,KT_NearMissed_cleaned.csv,163,2026-08-03 12:40:27.895,7.361741,0.6289999999999907,0.13,-0.4,0.93,-7.63,11.23,-45.78,1.0206860437960343,47.75079266357785
kwanteng,near_miss,KT_NearMissed_cleaned.csv,165,2026-08-03 12:40:27.937,7.404342,42.600999999999445,0.14,-0.43,0.79,-14.04,13.85,-32.29,0.9102746838180221,37.836334389049895
kwanteng,near_miss,KT_NearMissed_cleaned.csv,167,2026-08-03 12:40:27.981,7.44785,43.5080000000001,0.04,-0.46,0.66,-10.5,21.06,-3.85,0.8054812226240907,23.8452531963911
kwanteng,near_miss,KT_NearMissed_cleaned.csv,169,2026-08-03 12:40:28.156,7.622929,175.0790000000002,-0.1,-0.46,0.64,-4.27,31.74,23.5,0.7944809626416481,39.72292159446483
kwanteng,near_miss,KT_NearMissed_cleaned.csv,171,2026-08-03 12:40:28.158,7.624294,1.3649999999998386,-0.15,-0.4,0.68,4.82,21.18,43.03,0.8030566605165542,48.20171884902032
kwanteng,near_miss,KT_NearMissed_cleaned.csv,172,2026-08-03 12:40:28.158,7.625102,0.8080000000001419,-0.22,-0.34,0.81,20.26,0.18,73.24,0.9055937278934744,75.99077312411026
kwanteng,near_miss,KT_NearMissed_cleaned.csv,174,2026-08-03 12:40:28.160,7.626643,1.5409999999995705,-0.3,-0.38,0.93,22.89,-19.47,120.12,1.048475083156486,123.82183733090056
kwanteng,near_miss,KT_NearMissed_cleaned.csv,176,2026-08-03 12:40:28.199,7.665703,39.060000000000095,-0.32,-0.44,0.96,9.58,-32.71,149.72,1.1034491379306977,153.55063952976556
kwanteng,near_miss,KT_NearMissed_cleaned.csv,178,2026-08-03 12:40:28.288,7.753882,88.17900000000023,-0.34,-0.48,0.95,6.29,-17.27,142.33,1.1173629669896885,143.51183191639637
kwanteng,near_miss,KT_NearMissed_cleaned.csv,179,2026-08-03 12:40:28.288,7.7544,0.5180000000004625,-0.3,-0.48,0.91,2.44,11.96,111.39,1.0716809226630846,112.056803898737
kwanteng,near_miss,KT_NearMissed_cleaned.csv,181,2026-08-03 12:40:28.290,7.755896,1.4959999999994977,-0.26,-0.36,0.92,-1.65,35.46,80.87,1.0215674231297707,88.3181238478264
kwanteng,near_miss,KT_NearMissed_cleaned.csv,183,2026-08-03 12:40:28.375,7.841392,85.49600000000001,-0.26,-0.24,0.89,-4.7,30.52,91.31,0.9577577981932593,96.39023031407281
kwanteng,near_miss,KT_NearMissed_cleaned.csv,184,2026-08-03 12:40:28.375,7.841724,0.332000000000221,-0.24,-0.14,0.8,-26.25,7.93,143.31,0.8468766143896053,145.90991570143547
kwanteng,near_miss,KT_NearMissed_cleaned.csv,186,2026-08-03 12:40:28.462,7.929386,87.6619999999999,-0.3,0.04,0.8,-27.53,-0.37,203.55,0.855336191213724,205.40360342506168
kwanteng,near_miss,KT_NearMissed_cleaned.csv,188,2026-08-03 12:40:28.463,7.930541,1.154999999999795,-0.4,0.25,0.76,8.18,-17.4,262.27,0.8944830909525344,262.9738110534963
kwanteng,near_miss,KT_NearMissed_cleaned.csv,190,2026-08-03 12:40:28.506,7.973014,42.473000000000205,-0.44,0.45,0.71,46.81,-28.2,284.67,0.9487887014504336,289.8679440710891
kwanteng,near_miss,KT_NearMissed_cleaned.csv,194,2026-08-03 12:40:28.593,8.060005,86.99100000000027,-0.22,0.49,0.7,49.99,-87.28,271.24,0.8823264701911645,289.28867260921226
kwanteng,near_miss,KT_NearMissed_cleaned.csv,195,2026-08-03 12:40:28.637,8.103808,43.80300000000048,-0.06,0.45,0.72,43.64,-130.31,253.91,0.8511756575466664,288.71341118832703
kwanteng,near_miss,KT_NearMissed_cleaned.csv,197,2026-08-03 12:40:28.681,8.147478,43.669999999998765,0.02,0.49,0.77,62.93,-128.78,226.75,0.9129074432821763,268.25367807357276
kwanteng,near_miss,KT_NearMissed_cleaned.csv,199,2026-08-03 12:40:28.725,8.191533,44.05500000000018,0.07,0.56,0.8,89.29,-97.05,201.6,0.9790301323248433,240.90240056919316
kwanteng,near_miss,KT_NearMissed_cleaned.csv,201,2026-08-03 12:40:28.769,8.235013,43.48000000000063,0.18,0.58,0.77,80.57,-70.62,191.71,0.9806630410084801,219.61655994027407
kwanteng,near_miss,KT_NearMissed_cleaned.csv,202,2026-08-03 12:40:28.769,8.235693,0.6799999999991257,0.55,0.42,0.63,15.01,-68.79,182.74,0.9358418669839472,195.83480742707619
kwanteng,near_miss,KT_NearMissed_cleaned.csv,204,2026-08-03 12:40:28.813,8.279311,43.61800000000038,1.15,0.11,0.59,-68.05,-96.13,155.27,1.297189269150805,194.8859982143407
kwanteng,near_miss,KT_NearMissed_cleaned.csv,206,2026-08-03 12:40:28.856,8.32283,43.51899999999986,1.65,-0.29,0.81,-116.82,-148.01,105.65,1.8608331467383097,216.13837003179236
kwanteng,near_miss,KT_NearMissed_cleaned.csv,210,2026-08-03 12:40:28.944,8.410788,87.95800000000042,1.17,-0.91,1.1,-147.89,-201.54,78.43,1.8458060569843193,261.99444383421564
kwanteng,near_miss,KT_NearMissed_cleaned.csv,211,2026-08-03 12:40:28.987,8.453888,43.09999999999903,0.68,-0.76,1.15,-153.5,-173.22,63.54,1.5370426148939398,240.00989562932608
kwanteng,near_miss,KT_NearMissed_cleaned.csv,213,2026-08-03 12:40:29.031,8.497836,43.94800000000032,0.6,-0.71,1.11,-163.94,-136.72,-15.14,1.447825956391168,214.00444294453328
kwanteng,near_miss,KT_NearMissed_cleaned.csv,215,2026-08-03 12:40:29.075,8.54148,43.64400000000046,0.86,-0.73,1.1,-163.57,-91.61,-124.08,1.575595125658873,224.81855661844287
kwanteng,near_miss,KT_NearMissed_cleaned.csv,217,2026-08-03 12:40:29.118,8.584936,43.45600000000083,0.94,-0.36,1.41,-111.02,-58.29,-160.52,1.7324260445975752,203.69053708996893
kwanteng,near_miss,KT_NearMissed_cleaned.csv,218,2026-08-03 12:40:29.162,8.628737,43.800999999998425,0.86,0.35,1.62,-55.54,-34.85,-118.71,1.8672171807264415,135.6144468705307
kwanteng,near_miss,KT_NearMissed_cleaned.csv,220,2026-08-03 12:40:29.206,8.672586,43.84900000000158,0.6,1.36,1.14,-86.3,-4.03,-93.57,1.8732858831475778,127.35492059594712
kwanteng,near_miss,KT_NearMissed_cleaned.csv,222,2026-08-03 12:40:29.250,8.716263,43.676999999998856,0.36,1.97,0.38,-204.96,-18.74,-145.39,2.038357181653893,251.98817690518734
kwanteng,near_miss,KT_NearMissed_cleaned.csv,223,2026-08-03 12:40:29.250,8.716625,0.36200000000086163,0.36,1.97,0.38,-256.23,-27.28,-217.9,2.038357181653893,337.4587697778797
kwanteng,near_miss,KT_NearMissed_cleaned.csv,224,2026-08-03 12:40:29.381,8.84768,131.05499999999992,0.58,1.38,0.06,-256.23,-27.28,-217.9,1.4981321704042003,337.4587697778797
kwanteng,near_miss,KT_NearMissed_cleaned.csv,225,2026-08-03 12:40:29.382,8.848205,0.5249999999996646,0.79,0.32,0.17,-149.48,46.69,-187.99,0.8691375035056307,244.6721614732661
kwanteng,near_miss,KT_NearMissed_cleaned.csv,227,2026-08-03 12:40:29.383,8.849533,1.3279999999991077,0.77,-0.34,0.26,-22.09,91.98,-74.34,0.8809653795694812,120.31094754842555
kwanteng,near_miss,KT_NearMissed_cleaned.csv,229,2026-08-03 12:40:29.385,8.851077,1.544000000000878,0.71,-0.39,0.31,56.09,74.34,7.45,0.8673522929006414,93.42390593418797
kwanteng,near_miss,KT_NearMissed_cleaned.csv,230,2026-08-03 12:40:29.424,8.891424,40.34700000000058,0.71,-0.39,0.31,91.8,52.0,13.12,0.8673522929006414,106.31732878510445
kwanteng,near_miss,KT_NearMissed_cleaned.csv,231,2026-08-03 12:40:29.425,8.891769,0.3449999999993736,0.62,-0.07,0.5,91.8,52.0,13.12,0.7995623803056269,106.31732878510445
kwanteng,near_miss,KT_NearMissed_cleaned.csv,232,2026-08-03 12:40:29.468,8.935051,43.2819999999996,0.58,0.2,0.68,60.36,34.67,-25.63,0.9158602513484249,74.17705440363616
kwanteng,near_miss,KT_NearMissed_cleaned.csv,234,2026-08-03 12:40:29.513,8.978979,43.92800000000108,0.59,0.36,0.74,0.31,15.2,-73.61,1.0125709851659783,75.16360954610948
kwanteng,near_miss,KT_NearMissed_cleaned.csv,236,2026-08-03 12:40:29.556,9.023007,44.02799999999907,0.61,0.55,0.76,-23.5,-1.28,-119.81,1.1190174261377703,122.09964987664789
kwanteng,near_miss,KT_NearMissed_cleaned.csv,237,2026-08-03 12:40:29.731,9.197642,174.63500000000033,0.61,0.55,0.76,-32.47,1.34,-149.29,1.1190174261377703,152.78612698802203
kwanteng,near_miss,KT_NearMissed_cleaned.csv,238,2026-08-03 12:40:29.732,9.197939,0.29699999999976967,0.61,0.69,0.74,-32.47,1.34,-149.29,1.1814397995666135,152.78612698802203
kwanteng,near_miss,KT_NearMissed_cleaned.csv,239,2026-08-03 12:40:29.732,9.198612,0.6730000000008118,0.53,0.7,0.82,-75.01,17.7,-155.58,1.2013742131409346,173.62294347234183
kwanteng,near_miss,KT_NearMissed_cleaned.csv,241,2026-08-03 12:40:29.734,9.200063,1.450999999999425,0.4,0.63,0.85,-140.14,34.18,-160.83,1.1311056537742175,216.0411555699515
kwanteng,near_miss,KT_NearMissed_cleaned.csv,243,2026-08-03 12:40:29.736,9.202001,1.937999999999107,0.2,0.67,0.8,-177.0,50.42,-163.09,1.0624970588194587,245.9055194581854
kwanteng,near_miss,KT_NearMissed_cleaned.csv,244,2026-08-03 12:40:29.736,9.202682,0.6810000000001537,0.2,0.67,0.8,-180.18,36.99,-194.89,1.0624970588194587,267.983590169249
kwanteng,near_miss,KT_NearMissed_cleaned.csv,245,2026-08-03 12:40:29.862,9.328678,125.99600000000066,0.11,0.86,0.82,-180.18,36.99,-194.89,1.193356610573721,267.983590169249
kwanteng,near_miss,KT_NearMissed_cleaned.csv,246,2026-08-03 12:40:29.862,9.329187,0.5089999999992045,0.35,0.64,0.74,-200.13,-28.99,-274.66,1.0390861369491944,341.07265003221823
kwanteng,near_miss,KT_NearMissed_cleaned.csv,248,2026-08-03 12:40:29.863,9.33024,1.0530000000006368,0.31,0.15,0.51,-206.18,-120.67,-299.5,0.6153860576906175,383.10793687941265
kwanteng,near_miss,KT_NearMissed_cleaned.csv,250,2026-08-03 12:40:29.865,9.332163,1.922999999999675,0.11,0.05,0.31,-111.51,-258.91,-271.67,0.3327160951922825,391.5015416317029
kwanteng,near_miss,KT_NearMissed_cleaned.csv,251,2026-08-03 12:40:29.906,9.372447,40.283999999999764,0.2,0.2,0.4,32.41,-377.08,-297.12,0.48989794855663565,481.1652823095199
kwanteng,near_miss,KT_NearMissed_cleaned.csv,253,2026-08-03 12:40:29.994,9.460159,87.71200000000157,0.33,0.67,0.69,190.98,-340.76,-379.94,1.0168087332433766,544.9267304876868
kwanteng,near_miss,KT_NearMissed_cleaned.csv,255,2026-08-03 12:40:29.995,9.461226,1.066999999999041,0.37,1.16,0.75,312.5,-177.73,-393.98,1.4300349646075092,533.3520819308761
kwanteng,near_miss,KT_NearMissed_cleaned.csv,256,2026-08-03 12:40:30.037,9.503757,42.53100000000032,0.37,1.16,0.75,263.0,20.08,-279.48,1.4300349646075092,384.29321721831104
kwanteng,near_miss,KT_NearMissed_cleaned.csv,257,2026-08-03 12:40:30.038,9.504145,0.3879999999991668,0.25,1.24,0.54,263.0,20.08,-279.48,1.3753908535394586,384.29321721831104
kwanteng,near_miss,KT_NearMissed_cleaned.csv,258,2026-08-03 12:40:30.081,9.54765,43.50500000000146,0.04,1.05,0.22,102.72,127.69,-119.81,1.0735455276791945,203.0038684360473
kwanteng,near_miss,KT_NearMissed_cleaned.csv,260,2026-08-03 12:40:30.124,9.591397,43.74699999999976,-0.06,0.82,-0.03,-17.7,81.42,13.92,0.8227393268830656,84.4764629941382
kwanteng,near_miss,KT_NearMissed_cleaned.csv,262,2026-08-03 12:40:30.168,9.635121,43.72399999999921,0.08,0.57,-0.13,-34.73,-10.56,81.6,0.5900847396772773,89.30983428492071
kwanteng,near_miss,KT_NearMissed_cleaned.csv,263,2026-08-03 12:40:30.169,9.635511,0.38999999999944635,0.08,0.57,-0.13,149.72,63.48,25.02,0.5900847396772773,164.53506981795704
kwanteng,near_miss,KT_NearMissed_cleaned.csv,264,2026-08-03 12:40:30.212,9.678815,43.3040000000009,0.2,0.6,-0.18,149.72,63.48,25.02,0.6575712889109439,164.53506981795704
kwanteng,near_miss,KT_NearMissed_cleaned.csv,265,2026-08-03 12:40:30.212,9.679174,0.3589999999995541,0.0,1.11,-0.26,451.6,277.95,-145.57,1.140043858805441,549.8994338967808
kwanteng,near_miss,KT_NearMissed_cleaned.csv,267,2026-08-03 12:40:30.299,9.766331,87.15699999999948,-0.31,1.46,-0.32,485.35,338.81,-278.08,1.526466507985026,653.976547744642
kwanteng,near_miss,KT_NearMissed_cleaned.csv,268,2026-08-03 12:40:30.300,9.766713,0.3820000000001045,-0.61,1.42,-0.56,249.27,197.14,-307.56,1.6438065579623413,442.2588225236439
kwanteng,near_miss,KT_NearMissed_cleaned.csv,270,2026-08-03 12:40:30.343,9.810584,43.871000000001104,-0.8,1.12,-0.87,55.36,49.01,-251.53,1.6282813024781684,262.1717959659277
kwanteng,near_miss,KT_NearMissed_cleaned.csv,272,2026-08-03 12:40:30.431,9.898025,87.4410000000001,-0.76,0.96,-0.92,-33.63,-28.5,-106.93,1.5315351775261319,115.66007003283373
kwanteng,near_miss,KT_NearMissed_cleaned.csv,274,2026-08-03 12:40:30.433,9.89961,1.5849999999986153,-0.3,0.87,-0.68,-132.39,-81.73,76.54,1.1442464769445437,173.3934156766052
kwanteng,near_miss,KT_NearMissed_cleaned.csv,275,2026-08-03 12:40:30.474,9.94135,41.74000000000078,0.13,0.65,-0.42,-190.49,-50.42,150.33,0.784729252672538,247.84617285727856
kwanteng,near_miss,KT_NearMissed_cleaned.csv,277,2026-08-03 12:40:30.518,9.985427,44.0769999999997,0.21,0.26,-0.45,-63.05,121.58,63.11,0.5605354582896608,150.7974502436961
kwanteng,near_miss,KT_NearMissed_cleaned.csv,279,2026-08-03 12:40:30.606,10.072864,87.43699999999954,0.24,-0.01,-0.65,176.03,277.71,-100.22,0.6929646455628167,343.73456823543364
kwanteng,near_miss,KT_NearMissed_cleaned.csv,281,2026-08-03 12:40:30.606,10.073741,0.8770000000009048,0.39,0.04,-0.88,341.8,285.22,-224.55,0.9633794683301071,498.5984264917009
kwanteng,near_miss,KT_NearMissed_cleaned.csv,282,2026-08-03 12:40:30.650,10.116268,42.52699999999976,0.51,0.08,-0.95,348.39,218.08,-220.09,1.0812030336620408,466.23393977701795
kwanteng,near_miss,KT_NearMissed_cleaned.csv,284,2026-08-03 12:40:30.693,10.160187,43.91900000000071,0.32,-0.01,-1.22,274.6,212.22,-104.13,1.2613088440187836,362.3334725084063
kwanteng,near_miss,KT_NearMissed_cleaned.csv,286,2026-08-03 12:40:30.737,10.203783,43.59599999999908,0.07,-0.09,-1.55,272.77,188.84,17.76,1.5541878908291624,332.2340080425242
kwanteng,near_miss,KT_NearMissed_cleaned.csv,287,2026-08-03 12:40:30.737,10.204341,0.5579999999998364,-0.14,-0.16,-1.4,241.76,-32.84,-72.02,1.4160508465447135,254.38797848955048
kwanteng,near_miss,KT_NearMissed_cleaned.csv,289,2026-08-03 12:40:30.781,10.248379,44.038000000000466,-0.42,-0.07,-1.22,171.33,-295.78,-375.7,1.292168719633779,507.92742326044964
kwanteng,near_miss,KT_NearMissed_cleaned.csv,291,2026-08-03 12:40:30.825,10.291895,43.51600000000033,-0.46,-0.01,-1.14,193.42,-307.31,-449.8,1.2293494214420895,578.0750578428375
kwanteng,near_miss,KT_NearMissed_cleaned.csv,293,2026-08-03 12:40:30.869,10.335516,43.62099999999991,-0.2,-0.31,-0.92,237.92,-134.34,-194.9,0.9912113800799505,335.61759786995674
kwanteng,near_miss,KT_NearMissed_cleaned.csv,294,2026-08-03 12:40:30.912,10.378994,43.47800000000035,-0.03,-0.55,-0.59,230.04,-29.05,-75.99,0.8071554992688831,244.00160696192145
kwanteng,near_miss,KT_NearMissed_cleaned.csv,296,2026-08-03 12:40:30.956,10.422756,43.76199999999919,0.19,-0.66,-0.48,26.55,-78.55,-218.57,0.837914076740569,233.7687958218547
kwanteng,near_miss,KT_NearMissed_cleaned.csv,298,2026-08-03 12:40:31.000,10.467013,44.25699999999999,0.41,-0.48,-0.74,-362.3,-208.37,-315.8,0.9726767191621274,523.8406121140284
kwanteng,near_miss,KT_NearMissed_cleaned.csv,299,2026-08-03 12:40:31.087,10.554,86.98700000000059,0.31,-0.06,-0.9,-532.1,-256.1,-277.4,0.9537819457297355,652.4326631921489
kwanteng,near_miss,KT_NearMissed_cleaned.csv,301,2026-08-03 12:40:31.088,10.555055,1.05499999999914,-0.09,0.11,-0.8,-284.61,-177.06,-173.2,0.8125269226308751,377.29475970386864
kwanteng,near_miss,KT_NearMissed_cleaned.csv,303,2026-08-03 12:40:31.131,10.597633,42.57800000000067,-0.68,0.0,-0.69,67.26,-135.8,95.58,0.9687620966986683,179.16775379515144
kwanteng,near_miss,KT_NearMissed_cleaned.csv,307,2026-08-03 12:40:31.220,10.686164,88.5309999999997,-0.93,-0.33,-0.32,236.45,-71.11,448.3,1.037400597647794,511.7989103153699
kwanteng,near_miss,KT_NearMissed_cleaned.csv,308,2026-08-03 12:40:31.221,10.687355,1.1910000000003862,-0.29,0.12,-0.38,57.01,67.63,131.1,0.4928488612140643,158.14919222051057
kwanteng,near_miss,KT_NearMissed_cleaned.csv,310,2026-08-03 12:40:31.263,10.729534,42.17899999999908,0.47,0.76,-1.21,-164.25,290.77,-107.12,1.504194136406601,350.7134867666198
kwanteng,near_miss,KT_NearMissed_cleaned.csv,312,2026-08-03 12:40:31.306,10.772962,43.428000000000466,0.99,0.74,-1.68,-281.19,446.96,-175.35,2.0856893344887197,556.4069375915437
kwanteng,near_miss,KT_NearMissed_cleaned.csv,314,2026-08-03 12:40:31.350,10.816838,43.876000000000914,0.89,0.28,-1.15,-83.5,295.17,-211.85,1.4808781178746615,372.79753405836794
kwanteng,near_miss,KT_NearMissed_cleaned.csv,315,2026-08-03 12:40:31.437,10.904206,87.36799999999967,0.42,0.36,-0.82,196.59,48.4,-187.99,0.989141041510259,276.27961958856105
kwanteng,near_miss,KT_NearMissed_cleaned.csv,317,2026-08-03 12:40:31.439,10.906025,1.818999999999349,-0.11,0.55,-0.97,201.48,-42.42,-158.26,1.120490963818986,259.691883585144
kwanteng,near_miss,KT_NearMissed_cleaned.csv,319,2026-08-03 12:40:31.481,10.94783,41.80500000000009,-0.39,0.46,-1.15,48.46,-17.15,-179.57,1.2985376390386225,186.78297299272222
kwanteng,near_miss,KT_NearMissed_cleaned.csv,320,2026-08-03 12:40:31.525,10.991523,43.69300000000109,-0.39,0.46,-1.15,-63.84,-3.48,-134.46,1.2985376390386225,148.88635800502342
kwanteng,near_miss,KT_NearMissed_cleaned.csv,321,2026-08-03 12:40:31.525,10.991803,0.280000000000058,-0.28,0.14,-1.19,-63.84,-3.48,-134.46,1.2304877081872863,148.88635800502342
kwanteng,near_miss,KT_NearMissed_cleaned.csv,322,2026-08-03 12:40:31.656,11.122655,130.85199999999907,0.05,-0.14,-1.07,-79.59,-28.5,-1.83,1.0802777420645118,84.55866011237406
kwanteng,near_miss,KT_NearMissed_cleaned.csv,324,2026-08-03 12:40:31.657,11.123748,1.0930000000008988,0.38,-0.13,-0.91,-29.24,-48.71,100.95,0.9946858800646564,115.83844007927593
kwanteng,near_miss,KT_NearMissed_cleaned.csv,326,2026-08-03 12:40:31.659,11.125339,1.590999999999454,0.35,0.01,-0.81,17.64,-30.15,74.34,0.8824397996464123,82.13785789756147
kwanteng,near_miss,KT_NearMissed_cleaned.csv,328,2026-08-03 12:40:31.744,11.210314,84.97500000000002,-0.0,0.16,-0.8,23.62,8.61,-12.27,0.8158431221748457,27.974799373722057
kwanteng,near_miss,KT_NearMissed_cleaned.csv,329,2026-08-03 12:40:31.744,11.210587,0.2729999999999677,-0.14,0.27,-0.86,-5.0,23.93,-37.23,0.9121951545584969,44.53894700147276
kwanteng,near_miss,KT_NearMissed_cleaned.csv,331,2026-08-03 12:40:31.746,11.212247,1.6599999999993287,-0.0,0.26,-0.96,-39.79,15.38,-5.68,0.9945853407325085,43.03546095953894
kwanteng,near_miss,KT_NearMissed_cleaned.csv,333,2026-08-03 12:40:31.831,11.298013,85.76599999999956,0.02,0.21,-1.07,-45.35,10.8,15.87,1.090596167240652,49.24550131737923
kwanteng,near_miss,KT_NearMissed_cleaned.csv,335,2026-08-03 12:40:31.832,11.299453,1.440000000000552,-0.16,0.06,-1.17,-28.02,18.37,-2.81,1.1824127874815968,33.62251329094837
kwanteng,near_miss,KT_NearMissed_cleaned.csv,336,2026-08-03 12:40:31.919,11.385304,85.8509999999999,-0.34,-0.14,-1.31,-10.19,30.82,-62.38,1.3606248564538281,70.3205012780768
kwanteng,near_miss,KT_NearMissed_cleaned.csv,338,2026-08-03 12:40:31.920,11.387249,1.9450000000009737,-0.32,-0.27,-1.39,12.39,37.35,-121.03,1.4516886718577091,127.26663152609957
kwanteng,near_miss,KT_NearMissed_cleaned.csv,340,2026-08-03 12:40:31.963,11.428826,41.5770000000002,0.01,-0.32,-1.35,50.17,34.85,-148.8,1.3874436925511608,160.85083586975855
kwanteng,near_miss,KT_NearMissed_cleaned.csv,342,2026-08-03 12:40:32.007,11.473007,44.181000000000026,0.29,-0.07,-1.3,103.52,28.56,-149.78,1.3337915879176927,184.29897558044104
kwanteng,near_miss,KT_NearMissed_cleaned.csv,343,2026-08-03 12:40:32.050,11.516401,43.39399999999927,0.18,0.44,-1.21,144.84,21.3,-99.79,1.3000384609695206,177.17324769840394
kwanteng,near_miss,KT_NearMissed_cleaned.csv,345,2026-08-03 12:40:32.093,11.560169,43.76800000000003,-0.06,0.54,-1.14,140.44,9.58,-9.77,1.262853910790951,141.10500664398836
kwanteng,near_miss,KT_NearMissed_cleaned.csv,347,2026-08-03 12:40:32.137,11.604072,43.90300000000025,-0.28,0.28,-1.15,106.93,-11.29,37.48,1.2162647738054406,113.86939623972721
kwanteng,near_miss,KT_NearMissed_cleaned.csv,349,2026-08-03 12:40:32.181,11.647698,43.62599999999972,-0.37,0.19,-1.07,96.8,-38.27,-25.88,1.1479982578383994,107.25953244350825
kwanteng,near_miss,KT_NearMissed_cleaned.csv,350,2026-08-03 12:40:32.181,11.647908,0.2099999999991553,-0.37,0.19,-1.07,110.72,-60.3,-132.87,1.1479982578383994,183.16507663853392
kwanteng,near_miss,KT_NearMissed_cleaned.csv,351,2026-08-03 12:40:32.269,11.735506,87.59800000000162,-0.15,0.22,-0.91,110.72,-60.3,-132.87,0.9481561052906847,183.16507663853392
kwanteng,near_miss,KT_NearMissed_cleaned.csv,352,2026-08-03 12:40:32.269,11.735841,0.33499999999975216,0.17,0.26,-0.82,99.0,-67.81,-174.68,0.8768694315575153,211.92521912221775
kwanteng,near_miss,KT_NearMissed_cleaned.csv,354,2026-08-03 12:40:32.270,11.737104,1.262999999999792,0.4,0.24,-0.7,53.34,-65.49,-151.43,0.8411896337925236,173.39302350440747
kwanteng,near_miss,KT_NearMissed_cleaned.csv,355,2026-08-03 12:40:32.312,11.77883,41.72599999999882,0.52,0.11,-0.55,1.71,-58.78,-95.34,0.7648529270389178,112.01664206715002
kwanteng,near_miss,KT_NearMissed_cleaned.csv,357,2026-08-03 12:40:32.399,11.866326,87.49600000000157,0.51,-0.04,-0.62,-40.89,-45.04,-25.15,0.8038034585643433,65.82640959371854
kwanteng,near_miss,KT_NearMissed_cleaned.csv,359,2026-08-03 12:40:32.400,11.867434,1.1079999999985546,0.37,-0.25,-0.99,-62.99,-21.48,6.84,1.0860478810807561,66.90228770378484
kwanteng,near_miss,KT_NearMissed_cleaned.csv,361,2026-08-03 12:40:32.618,12.085277,217.84300000000025,0.19,-0.6,-1.21,-44.25,4.88,-45.53,1.3638914912851388,63.677765350238225
kwanteng,near_miss,KT_NearMissed_cleaned.csv,362,2026-08-03 12:40:32.618,12.085808,0.5310000000005033,0.19,-0.6,-1.21,-5.43,7.39,-107.6,1.3638914912851388,107.99007824795757
kwanteng,near_miss,KT_NearMissed_cleaned.csv,363,2026-08-03 12:40:32.620,12.086396,0.588000000000477,-0.02,-0.76,-1.04,-5.43,7.39,-107.6,1.2882546332150333,107.99007824795757
kwanteng,near_miss,KT_NearMissed_cleaned.csv,364,2026-08-03 12:40:32.621,12.087144,0.7479999999997489,-0.26,-0.47,-0.75,-15.38,-13.67,-50.11,0.9224966124599049,54.17033690129682
kwanteng,near_miss,KT_NearMissed_cleaned.csv,366,2026-08-03 12:40:32.623,12.089022,1.8779999999996022,-0.16,0.17,-0.96,-51.33,-3.66,45.84,0.9879777325425912,68.91639935458034
kwanteng,near_miss,KT_NearMissed_cleaned.csv,368,2026-08-03 12:40:32.624,12.090432,1.4099999999999113,0.21,0.61,-1.47,-56.15,35.77,17.88,1.6053348560347152,68.93482284012921
kwanteng,near_miss,KT_NearMissed_cleaned.csv,370,2026-08-03 12:40:32.662,12.128667,38.23500000000024,0.4,0.39,-1.4,-61.34,42.3,-46.02,1.507348665704123,87.57697185904523
kwanteng,near_miss,KT_NearMissed_cleaned.csv,371,2026-08-03 12:40:32.662,12.129358,0.6909999999997751,0.4,0.39,-1.4,-71.04,21.36,-25.02,1.507348665704123,78.28749325403133
kwanteng,near_miss,KT_NearMissed_cleaned.csv,372,2026-08-03 12:40:32.749,12.216337,86.97899999999947,0.43,0.12,-0.95,-71.04,21.36,-25.02,1.0496666137398103,78.28749325403133
kwanteng,near_miss,KT_NearMissed_cleaned.csv,373,2026-08-03 12:40:32.750,12.216625,0.2880000000011762,0.18,0.25,-0.86,-46.81,19.84,-55.54,0.9135097153287424,75.29603774435944
kwanteng,near_miss,KT_NearMissed_cleaned.csv,375,2026-08-03 12:40:32.751,12.218275,1.6499999999997073,-0.25,0.39,-1.02,-24.23,17.4,-141.36,1.120267825120404,144.47318955432527
kwanteng,near_miss,KT_NearMissed_cleaned.csv,377,2026-08-03 12:40:32.838,12.304435,86.15999999999957,-0.26,0.28,-0.96,-29.72,-18.68,-100.04,1.0332473082471592,106.01991511032256
kwanteng,near_miss,KT_NearMissed_cleaned.csv,379,2026-08-03 12:40:32.839,12.3058,1.3649999999998386,0.01,0.16,-0.79,-33.63,-57.92,51.33,0.8061017305526643,84.3828904458718
kwanteng,near_miss,KT_NearMissed_cleaned.csv,380,2026-08-03 12:40:32.881,12.347743,41.94299999999984,0.13,0.24,-0.83,-29.6,-61.4,154.97,0.8737276463521112,169.29802391049932
kwanteng,near_miss,KT_NearMissed_cleaned.csv,382,2026-08-03 12:40:33.099,12.566473,218.73000000000076,0.06,0.38,-0.89,-34.48,-39.73,158.75,0.9695875411740809,167.23906780414677
kwanteng,near_miss,KT_NearMissed_cleaned.csv,384,2026-08-03 12:40:33.100,12.567617,1.1440000000000339,0.01,0.25,-0.9,-66.1,-20.39,110.53,0.9341306118525396,130.3911154948833
kwanteng,near_miss,KT_NearMissed_cleaned.csv,385,2026-08-03 12:40:33.101,12.568382,0.7649999999994606,0.01,0.25,-0.9,-92.53,-5.0,44.13,0.9341306118525396,102.63653248234763
kwanteng,near_miss,KT_NearMissed_cleaned.csv,386,2026-08-03 12:40:33.102,12.569719,1.3369999999994775,0.11,0.01,-1.01,-92.53,-5.0,44.13,1.0160216533125659,102.63653248234763
kwanteng,near_miss,KT_NearMissed_cleaned.csv,387,2026-08-03 12:40:33.103,12.570581,0.8620000000014727,0.2,-0.08,-1.15,-70.86,8.48,6.77,1.17,71.6860021203582
kwanteng,near_miss,KT_NearMissed_cleaned.csv,389,2026-08-03 12:40:33.187,12.653523,82.94199999999918,0.03,-0.01,-1.22,-17.27,19.1,7.69,1.220409767250328,26.87376043652991
kwanteng,near_miss,KT_NearMissed_cleaned.csv,391,2026-08-03 12:40:33.188,12.654492,0.9689999999995536,-0.22,0.15,-1.19,23.44,20.51,27.59,1.219426094521517,41.60891491014876
kwanteng,near_miss,KT_NearMissed_cleaned.csv,393,2026-08-03 12:40:33.189,12.656097,1.6050000000014109,-0.32,0.12,-1.17,31.37,14.65,20.63,1.2188929403356146,40.302559472073234
kwanteng,near_miss,KT_NearMissed_cleaned.csv,394,2026-08-03 12:40:33.190,12.656854,0.7569999999983423,-0.32,0.12,-1.17,28.56,10.38,-27.77,1.2188929403356146,41.16540902262481
kwanteng,near_miss,KT_NearMissed_cleaned.csv,395,2026-08-03 12:40:33.275,12.741354,84.50000000000024,-0.28,-0.12,-1.22,28.56,10.38,-27.77,1.257457752769452,41.16540902262481
kwanteng,near_miss,KT_NearMissed_cleaned.csv,396,2026-08-03 12:40:33.275,12.741859,0.5050000000004218,-0.05,-0.29,-1.25,45.53,9.89,-83.37,1.284172885557081,95.50575846513131
kwanteng,near_miss,KT_NearMissed_cleaned.csv,398,2026-08-03 12:40:33.277,12.743187,1.328000000000884,0.26,-0.08,-1.23,90.27,8.91,-110.72,1.2597221915962264,143.1327335028574
kwanteng,near_miss,KT_NearMissed_cleaned.csv,400,2026-08-03 12:40:33.406,12.873113,129.9259999999993,0.41,0.34,-1.27,136.11,4.15,-83.07,1.3771710133458372,159.51106387959427
kwanteng,near_miss,KT_NearMissed_cleaned.csv,402,2026-08-03 12:40:33.408,12.875349,2.2359999999999047,0.36,0.46,-1.33,141.85,1.71,-14.83,1.452618325645109,142.63336040351848
kwanteng,near_miss,KT_NearMissed_cleaned.csv,403,2026-08-03 12:40:33.411,12.877068,1.718999999999582,0.26,0.28,-1.27,116.52,-1.34,53.1,1.3262352732452867,128.05590966448992
kwanteng,near_miss,KT_NearMissed_cleaned.csv,405,2026-08-03 12:40:33.450,12.916437,39.36900000000065,0.08,0.2,-1.08,98.21,-8.61,58.23,1.1012719918348963,114.49921004094307
kwanteng,near_miss,KT_NearMissed_cleaned.csv,407,2026-08-03 12:40:33.494,12.960225,43.78799999999927,-0.07,0.18,-0.81,88.26,-19.17,5.0,0.8327064308626421,90.45615788878058
kwanteng,near_miss,KT_NearMissed_cleaned.csv,409,2026-08-03 12:40:33.538,13.004004,43.77900000000068,0.04,0.16,-0.59,69.58,-35.22,-30.88,0.6126173356998641,83.87728655601586
kwanteng,near_miss,KT_NearMissed_cleaned.csv,411,2026-08-03 12:40:33.581,13.047943,43.93899999999995,0.24,0.17,-0.48,41.38,-43.64,-32.96,0.5629387178015028,68.5792650879258
kwanteng,near_miss,KT_NearMissed_cleaned.csv,412,2026-08-03 12:40:33.624,13.091423,43.48000000000063,0.37,0.14,-0.43,9.22,-33.57,-22.16,0.5842944463196617,41.26764955749237
kwanteng,near_miss,KT_NearMissed_cleaned.csv,414,2026-08-03 12:40:33.669,13.135637,44.21399999999842,0.42,-0.02,-0.53,-22.16,-16.6,-8.67,0.6765352910233139,29.01369504216931
kwanteng,near_miss,KT_NearMissed_cleaned.csv,416,2026-08-03 12:40:33.712,13.179044,43.407000000000195,0.31,-0.45,-0.9,-45.9,-2.56,-3.48,1.0529007550571896,46.10286325164631
kwanteng,near_miss,KT_NearMissed_cleaned.csv,418,2026-08-03 12:40:33.756,13.222798,43.75399999999985,0.08,-0.81,-1.29,-47.91,2.44,3.11,1.525319638633162,48.07279688139644
kwanteng,near_miss,KT_NearMissed_cleaned.csv,419,2026-08-03 12:40:33.757,13.223277,0.47900000000034026,-0.06,-0.68,-1.35,-19.84,1.71,4.27,1.5127788999057332,20.366212215333512
kwanteng,near_miss,KT_NearMissed_cleaned.csv,421,2026-08-03 12:40:33.800,13.266935,43.65800000000064,0.04,-0.3,-1.1,2.38,6.47,0.55,1.1408768557561328,6.915764599811072
kwanteng,near_miss,KT_NearMissed_cleaned.csv,423,2026-08-03 12:40:33.888,13.354373,87.43800000000057,0.2,0.08,-1.07,-13.61,19.65,6.23,1.0914669028422255,24.701568776091932
kwanteng,near_miss,KT_NearMissed_cleaned.csv,425,2026-08-03 12:40:33.889,13.355747,1.373999999998432,0.21,0.24,-1.28,-62.26,23.99,11.47,1.3191285001848758,67.70072820878664
kwanteng,near_miss,KT_NearMissed_cleaned.csv,427,2026-08-03 12:40:34.105,13.572552,216.8050000000008,0.22,0.19,-1.08,-105.83,5.62,29.6,1.118436408563312,110.03514574898331
kwanteng,near_miss,KT_NearMissed_cleaned.csv,428,2026-08-03 12:40:34.106,13.573084,0.5319999999997549,0.3,0.24,-0.72,-104.8,-10.8,60.55,0.8160882305241266,121.51535911151313
kwanteng,near_miss,KT_NearMissed_cleaned.csv,430,2026-08-03 12:40:34.108,13.574653,1.5689999999999316,0.15,0.36,-0.81,-67.08,-1.71,27.04,0.8989994438263019,72.34509036555279
kwanteng,near_miss,KT_NearMissed_cleaned.csv,432,2026-08-03 12:40:34.110,13.576615,1.9620000000006854,-0.18,0.34,-1.11,-45.35,0.49,-8.97,1.1747765745025733,46.231196177473066
kwanteng,near_miss,KT_NearMissed_cleaned.csv,434,2026-08-03 12:40:34.150,13.616036,39.42099999999904,-0.17,0.19,-1.13,-57.01,-33.2,82.46,1.1584040745784692,105.60318034983605
kwanteng,near_miss,KT_NearMissed_cleaned.csv,435,2026-08-03 12:40:34.150,13.616351,0.3150000000005093,-0.17,0.19,-1.13,-57.07,-62.87,190.86,1.1584040745784692,208.89509663943767
kwanteng,near_miss,KT_NearMissed_cleaned.csv,436,2026-08-03 12:40:34.151,13.617272,0.9209999999999496,0.08,0.07,-0.93,-57.07,-62.87,190.86,0.936055553906925,208.89509663943767
kwanteng,near_miss,KT_NearMissed_cleaned.csv,437,2026-08-03 12:40:34.152,13.618009,0.7370000000008758,0.14,0.11,-0.87,-32.9,-50.72,184.39,0.888031530971733,194.04793351128475
kwanteng,near_miss,KT_NearMissed_cleaned.csv,439,2026-08-03 12:40:34.194,13.660501,42.49199999999931,-0.08,0.29,-0.96,-2.5,-18.37,110.84,1.0060318086422517,112.37976908678893
kwanteng,near_miss,KT_NearMissed_cleaned.csv,441,2026-08-03 12:40:34.325,13.79181,131.3089999999999,-0.36,0.43,-1.0,5.25,-7.57,73.18,1.146516463030514,73.75757452628172
kwanteng,near_miss,KT_NearMissed_cleaned.csv,442,2026-08-03 12:40:34.326,13.792581,0.7710000000002992,-0.35,0.36,-0.97,-32.65,-28.38,126.95,1.0922453936730518,134.11841558861335
kwanteng,near_miss,KT_NearMissed_cleaned.csv,444,2026-08-03 12:40:34.328,13.794118,1.5369999999990114,-0.06,0.05,-0.99,-88.44,-43.03,173.95,0.9930760293149764,199.82946979862604
kwanteng,near_miss,KT_NearMissed_cleaned.csv,446,2026-08-03 12:40:34.369,13.835822,41.70400000000107,0.06,-0.07,-1.03,-89.29,-19.65,109.99,1.034117981663601,143.02666429725613
kwanteng,near_miss,KT_NearMissed_cleaned.csv,447,2026-08-03 12:40:34.456,13.923118,87.29600000000026,-0.03,-0.04,-1.09,-36.93,12.94,28.69,1.091146186356347,48.52200119533406
kwanteng,near_miss,KT_NearMissed_cleaned.csv,449,2026-08-03 12:40:34.457,13.923836,0.7179999999991082,-0.05,-0.11,-1.18,2.69,22.58,5.49,1.1861703081766968,23.393003227460984
kwanteng,near_miss,KT_NearMissed_cleaned.csv,451,2026-08-03 12:40:34.499,13.96657,42.73400000000116,0.02,-0.25,-1.24,23.32,18.13,6.41,1.2651086909827156,30.225939191363434
kwanteng,near_miss,KT_NearMissed_cleaned.csv,453,2026-08-03 12:40:34.588,14.054373,87.80299999999919,0.01,-0.44,-1.35,51.15,20.02,-1.1,1.419929575718458,54.93935656703671
kwanteng,near_miss,KT_NearMissed_cleaned.csv,455,2026-08-03 12:40:34.588,14.055192,0.8189999999999031,-0.05,-0.22,-1.38,107.18,23.86,-11.66,1.398320421076657,110.42104690682842
kwanteng,near_miss,KT_NearMissed_cleaned.csv,456,2026-08-03 12:40:34.589,14.055821,0.6289999999999907,0.09,0.39,-1.37,162.96,9.09,-5.68,1.4272701215957686,163.31213090275935
kwanteng,near_miss,KT_NearMissed_cleaned.csv,458,2026-08-03 12:40:34.675,14.141843,86.02199999999982,0.42,0.55,-1.4,154.79,-11.66,21.0,1.5616977940690062,156.64258584433543
kwanteng,near_miss,KT_NearMissed_cleaned.csv,460,2026-08-03 12:40:34.677,14.143316,1.4730000000007237,0.55,0.33,-1.26,115.6,-17.27,73.24,1.413859964777276,137.93371777777904
kwanteng,near_miss,KT_NearMissed_cleaned.csv,462,2026-08-03 12:40:34.762,14.229338,86.02199999999982,0.28,0.18,-0.91,105.29,-4.7,90.21,0.9689685237405806,138.72965868912098
kwanteng,near_miss,KT_NearMissed_cleaned.csv,463,2026-08-03 12:40:34.763,14.230035,0.6970000000006138,-0.03,0.09,-0.68,100.89,13.61,35.64,0.6865857557508749,107.86210548658876
kwanteng,near_miss,KT_NearMissed_cleaned.csv,465,2026-08-03 12:40:34.806,14.272691,42.65599999999914,-0.01,0.06,-0.64,74.77,9.28,-3.11,0.6428841264178172,75.40784707177363
kwanteng,near_miss,KT_NearMissed_cleaned.csv,467,2026-08-03 12:40:34.850,14.317418,44.72699999999996,0.15,0.11,-0.6,37.6,-14.65,5.55,0.6281719509815764,40.733094652874094
kwanteng,near_miss,KT_NearMissed_cleaned.csv,469,2026-08-03 12:40:34.938,14.404269,86.85099999999935,0.22,0.15,-0.51,1.89,-29.79,22.46,0.575325994545701,37.355960702409995
kwanteng,near_miss,KT_NearMissed_cleaned.csv,470,2026-08-03 12:40:34.939,14.405045,0.7760000000001099,0.22,0.15,-0.51,-32.71,-23.56,22.95,0.575325994545701,46.38663816229842
kwanteng,near_miss,KT_NearMissed_cleaned.csv,471,2026-08-03 12:40:34.940,14.405842,0.7970000000003807,0.18,0.05,-0.54,-32.71,-23.56,22.95,0.5714017850864661,46.38663816229842
kwanteng,near_miss,KT_NearMissed_cleaned.csv,472,2026-08-03 12:40:34.981,14.447686,41.843999999999326,0.07,-0.37,-0.93,-63.6,0.18,2.81,1.0033444074693396,63.66230046110492
kwanteng,near_miss,KT_NearMissed_cleaned.csv,474,2026-08-03 12:40:35.025,14.491684,43.998000000000204,-0.09,-0.93,-1.31,-88.87,18.86,3.05,1.6090680532531867,90.90037953716146
kwanteng,near_miss,KT_NearMissed_cleaned.csv,476,2026-08-03 12:40:35.112,14.5789,87.21600000000151,-0.21,-0.78,-1.37,-83.86,17.09,28.69,1.5904087524910067,90.26452126943343
kwanteng,near_miss,KT_NearMissed_cleaned.csv,478,2026-08-03 12:40:35.113,14.58004,1.1399999999994748,0.02,0.03,-1.4,-56.64,10.74,23.25,1.4004642087536545,62.161078658594725
kwanteng,near_miss,KT_NearMissed_cleaned.csv,479,2026-08-03 12:40:35.114,14.580811,0.7710000000002992,0.45,0.53,-1.23,-39.49,8.0,-26.55,1.4129048092493706,48.25310974434705
kwanteng,near_miss,KT_NearMissed_cleaned.csv,481,2026-08-03 12:40:35.156,14.622957,42.14599999999891,0.65,0.45,-0.82,-33.63,1.28,-57.56,1.139034679015525,66.67659934339783
kwanteng,near_miss,KT_NearMissed_cleaned.csv,483,2026-08-03 12:40:35.200,14.667023,44.06600000000083,0.49,0.35,-0.7,-36.99,6.16,-37.11,0.9233634170791043,52.75753785005514
kwanteng,near_miss,KT_NearMissed_cleaned.csv,485,2026-08-03 12:40:35.244,14.710495,43.47199999999951,-0.04,0.34,-0.96,-55.3,19.9,6.1,1.0192153844992726,59.087308281897556
kwanteng,near_miss,KT_NearMissed_cleaned.csv,486,2026-08-03 12:40:35.331,14.797983,87.48800000000045,-0.41,0.22,-1.14,-83.98,-1.1,98.33,1.2313001258832064,129.31604424819065
kwanteng,near_miss,KT_NearMissed_cleaned.csv,488,2026-08-03 12:40:35.332,14.798899,0.9160000000001389,-0.26,0.1,-1.03,-85.08,-36.99,178.1,1.0670051546267245,200.81453259164286
kwanteng,near_miss,KT_NearMissed_cleaned.csv,490,2026-08-03 12:40:35.374,14.841437,42.53800000000041,0.01,0.04,-0.91,-54.14,-36.32,139.77,0.9109335870413386,154.22689421757804
kwanteng,near_miss,KT_NearMissed_cleaned.csv,492,2026-08-03 12:40:35.462,14.92924,87.80299999999919,0.11,0.11,-0.94,-18.74,-9.28,31.8,0.9527853903162034,38.05976878542485
kwanteng,near_miss,KT_NearMissed_cleaned.csv,493,2026-08-03 12:40:35.463,14.929581,0.34100000000059083,0.01,0.22,-0.99,-1.16,6.96,-25.51,1.0141991914806479,26.467854087553075
kwanteng,near_miss,KT_NearMissed_cleaned.csv,495,2026-08-03 12:40:35.506,14.972756,43.17499999999974,-0.12,0.24,-0.96,-13.49,-5.07,28.99,0.996794863550169,32.374451346702386
kwanteng,near_miss,KT_NearMissed_cleaned.csv,497,2026-08-03 12:40:35.549,15.01634,43.58399999999918,-0.13,0.18,-0.94,-38.15,-26.37,123.66,0.9658674857349738,132.07041682375353
kwanteng,near_miss,KT_NearMissed_cleaned.csv,499,2026-08-03 12:40:35.593,15.060189,43.848999999999805,-0.05,-0.13,-1.07,-51.15,-23.19,118.41,1.0790273397833812,131.05352608762573
kwanteng,near_miss,KT_NearMissed_cleaned.csv,503,2026-08-03 12:40:35.682,15.148826,88.6370000000003,0.15,-0.32,-1.55,37.11,12.27,-39.0,1.5897798589741914,55.21507946204551
kwanteng,near_miss,KT_NearMissed_cleaned.csv,504,2026-08-03 12:40:35.683,15.149619,0.7929999999998216,0.15,-0.32,-1.55,112.0,6.04,-21.36,1.5897798589741914,114.17850585815177
kwanteng,near_miss,KT_NearMissed_cleaned.csv,505,2026-08-03 12:40:35.725,15.19152,41.901000000001076,0.43,-0.08,-1.47,112.0,6.04,-21.36,1.5336883646947315,114.17850585815177
kwanteng,near_miss,KT_NearMissed_cleaned.csv,506,2026-08-03 12:40:35.726,15.192391,0.8710000000000662,0.68,0.35,-1.12,154.91,-0.31,45.72,1.3562079486568424,161.5163230141152
kwanteng,near_miss,KT_NearMissed_cleaned.csv,508,2026-08-03 12:40:35.813,15.279911,87.5199999999996,0.58,0.52,-0.88,142.58,5.62,121.7,1.1752446553803169,187.54074437305619
kwanteng,near_miss,KT_NearMissed_cleaned.csv,510,2026-08-03 12:40:35.814,15.280866,0.954999999999373,0.15,0.35,-0.94,110.66,21.97,128.6,1.0141991914806479,171.07389192977402
kwanteng,near_miss,KT_NearMissed_cleaned.csv,512,2026-08-03 12:40:35.856,15.322963,42.09700000000005,-0.11,0.13,-1.04,87.28,30.27,67.02,1.0538500842150178,114.1304153151122
kwanteng,near_miss,KT_NearMissed_cleaned.csv,513,2026-08-03 12:40:35.900,15.36671,43.74699999999976,-0.06,0.02,-0.94,69.15,16.66,7.87,0.9421252570651102,71.56266484697171
kwanteng,near_miss,KT_NearMissed_cleaned.csv,515,2026-08-03 12:40:35.987,15.4541,87.39000000000097,-0.02,0.02,-0.82,46.51,-9.64,-7.02,0.8204876598706405,48.01447802486246
kwanteng,near_miss,KT_NearMissed_cleaned.csv,517,2026-08-03 12:40:35.988,15.455005,0.9049999999994895,0.06,-0.03,-0.77,12.08,-31.13,-5.74,0.7729165543575839,33.881424114107126
kwanteng,near_miss,KT_NearMissed_cleaned.csv,519,2026-08-03 12:40:36.076,15.542141,87.13600000000099,0.22,-0.26,-0.81,-22.83,-40.65,-14.16,0.8786922100485471,48.7251167263866
kwanteng,near_miss,KT_NearMissed_cleaned.csv,523,2026-08-03 12:40:36.119,15.585293,43.15199999999919,0.17,-0.58,-1.08,-34.12,-23.5,12.08,1.2376186811776881,43.154962634672735
kwanteng,near_miss,KT_NearMissed_cleaned.csv,524,2026-08-03 12:40:36.119,15.585732,0.4390000000000782,0.25,-0.44,-1.01,6.53,-3.72,-42.48,1.1296902230257637,43.13965345247919
kwanteng,near_miss,KT_NearMissed_cleaned.csv,526,2026-08-03 12:40:36.207,15.673863,88.13100000000063,0.4,-0.31,-0.78,43.64,5.43,-87.52,0.9297849213662265,97.94735779999375
kwanteng,near_miss,KT_NearMissed_cleaned.csv,528,2026-08-03 12:40:36.208,15.67479,0.926999999999012,0.4,-0.22,-0.66,41.08,6.35,-49.5,0.8024961059095552,64.63852489034693
kwanteng,near_miss,KT_NearMissed_cleaned.csv,530,2026-08-03 12:40:36.250,15.716911,42.12099999999985,0.17,-0.21,-0.61,15.01,7.93,11.17,0.6671581521648371,20.321267184897696
kwanteng,near_miss,KT_NearMissed_cleaned.csv,532,2026-08-03 12:40:36.338,15.804873,87.96200000000098,0.01,-0.1,-0.39,-12.76,11.6,40.28,0.40274061131204536,43.81616140193022
kwanteng,near_miss,KT_NearMissed_cleaned.csv,533,2026-08-03 12:40:36.338,15.805244,0.3709999999994551,-0.08,-0.07,-0.46,-39.67,24.6,36.13,0.4721228653645151,59.02750037058998
kwanteng,near_miss,KT_NearMissed_cleaned.csv,535,2026-08-03 12:40:36.381,15.847964,42.7199999999992,0.05,-0.21,-1.25,-88.75,29.91,81.42,1.2685030547854428,124.09829571754803
kwanteng,near_miss,KT_NearMissed_cleaned.csv,537,2026-08-03 12:40:36.469,15.935217,87.25300000000047,0.49,0.1,-1.35,-98.02,2.44,194.15,1.4396527359054336,217.50424478616503
kwanteng,near_miss,KT_NearMissed_cleaned.csv,538,2026-08-03 12:40:36.469,15.93586,0.6430000000001712,0.8,0.7,-0.69,-49.5,-25.27,252.2,1.2673200069437869,258.2511624368804
kwanteng,near_miss,KT_NearMissed_cleaned.csv,540,2026-08-03 12:40:36.512,15.97931,43.44999999999999,0.62,0.99,-1.01,-10.31,5.55,208.8,1.5442150109359771,209.12804355226967
kwanteng,near_miss,KT_NearMissed_cleaned.csv,542,2026-08-03 12:40:36.557,16.023239,43.92900000000033,-0.4,0.8,-2.09,-15.08,89.9,98.69,2.273345552264327,134.3470598859536
kwanteng,near_miss,KT_NearMissed_cleaned.csv,544,2026-08-03 12:40:36.643,16.110243,87.0040000000003,-1.24,0.39,-2.64,-72.57,124.15,21.18,2.942668856667362,145.3554945641891
kwanteng,near_miss,KT_NearMissed_cleaned.csv,545,2026-08-03 12:40:36.644,16.110931,0.688000000000244,-0.52,-0.39,-2.19,-157.71,59.69,-5.25,2.284425529536912,168.70952166371643
kwanteng,near_miss,KT_NearMissed_cleaned.csv,547,2026-08-03 12:40:36.645,16.112308,1.3769999999979632,0.41,-1.88,-1.35,-192.38,6.16,-27.16,2.3505318547086316,194.38537907980628
kwanteng,near_miss,KT_NearMissed_cleaned.csv,549,2026-08-03 12:40:36.688,16.154449,42.14100000000087,0.57,-2.48,-0.29,-171.14,13.31,1.83,2.561132561973316,171.6665506148475
kwanteng,near_miss,KT_NearMissed_cleaned.csv,551,2026-08-03 12:40:36.907,16.373165,218.71600000000058,0.43,-0.67,0.4,-130.0,21.67,78.92,0.8909545442950499,153.6162598815633
kwanteng,near_miss,KT_NearMissed_cleaned.csv,552,2026-08-03 12:40:36.907,16.373852,0.686999999999216,0.43,-0.67,0.4,-38.27,26.37,114.5,0.8909545442950499,123.57273081064447
kwanteng,near_miss,KT_NearMissed_cleaned.csv,553,2026-08-03 12:40:36.908,16.374578,0.7260000000002265,-0.08,0.74,0.17,-38.27,26.37,114.5,0.7634788798650556,123.57273081064447
kwanteng,near_miss,KT_NearMissed_cleaned.csv,554,2026-08-03 12:40:36.908,16.375412,0.8340000000011116,-0.46,0.53,-0.36,27.1,53.96,53.83,0.7887331614684399,80.893513336979
kwanteng,near_miss,KT_NearMissed_cleaned.csv,556,2026-08-03 12:40:36.910,16.377128,1.7159999999982745,-0.3,0.35,-1.09,12.39,70.43,-42.54,1.183469475736489,83.20786381106056
kwanteng,near_miss,KT_NearMissed_cleaned.csv,558,2026-08-03 12:40:36.994,16.460054,82.9260000000005,0.04,-0.13,-2.1,8.79,23.56,-60.97,2.10440015206234,65.95209321924513
kwanteng,near_miss,KT_NearMissed_cleaned.csv,560,2026-08-03 12:40:36.995,16.461941,1.886999999999972,0.7,-0.86,-3.16,101.32,-90.64,-21.73,3.3489102705208453,137.6718740338781
kwanteng,near_miss,KT_NearMissed_cleaned.csv,561,2026-08-03 12:40:36.996,16.462642,0.7009999999993966,0.76,-0.78,-3.59,223.08,-198.24,80.69,3.751546347841114,309.1515164122602
kwanteng,near_miss,KT_NearMissed_cleaned.csv,563,2026-08-03 12:40:37.168,16.635242,172.60000000000275,-0.08,0.21,-3.62,321.84,-246.58,152.83,3.6269684310729806,433.2893847072647
kwanteng,near_miss,KT_NearMissed_cleaned.csv,565,2026-08-03 12:40:37.170,16.636404,1.1619999999972208,-0.12,1.39,-3.79,591.13,-244.45,-43.15,4.038638384406309,641.1336848895088
kwanteng,near_miss,KT_NearMissed_cleaned.csv,566,2026-08-03 12:40:37.170,16.637205,0.8010000000027162,0.6,2.59,-3.58,1077.76,-209.96,-281.19,4.4592039648349795,1133.4538523027745
kwanteng,near_miss,KT_NearMissed_cleaned.csv,568,2026-08-03 12:40:37.173,16.639734,2.5289999999991153,0.5,3.23,-2.45,1119.2,-188.29,-238.34,4.084776615679247,1159.684318985128
kwanteng,near_miss,KT_NearMissed_cleaned.csv,570,2026-08-03 12:40:37.299,16.766342,126.60800000000094,-0.23,2.4,-0.33,437.62,-181.64,-70.98,2.4334748817277734,479.1059532086822
kwanteng,near_miss,KT_NearMissed_cleaned.csv,572,2026-08-03 12:40:37.300,16.767303,0.960999999996659,-0.69,0.89,0.56,-224.43,-149.66,40.47,1.2576963067449949,272.77236186974665
kwanteng,near_miss,KT_NearMissed_cleaned.csv,573,2026-08-03 12:40:37.301,16.76824,0.9370000000004097,0.08,-0.55,-0.72,-476.5,-111.08,55.91,0.9095603333479314,492.46009432237247
kwanteng,near_miss,KT_NearMissed_cleaned.csv,575,2026-08-03 12:40:37.302,16.769665,1.4250000000011198,0.32,-0.3,-1.13,-412.23,-61.04,-15.69,1.2121468557893469,417.01994029062934
kwanteng,near_miss,KT_NearMissed_cleaned.csv,577,2026-08-03 12:40:37.430,16.897237,127.57200000000068,-0.94,0.51,-0.17,76.9,79.1,106.45,1.082866566110525,153.30369369327016
kwanteng,near_miss,KT_NearMissed_cleaned.csv,578,2026-08-03 12:40:37.431,16.897833,0.5959999999980425,-0.94,0.51,-0.17,513.55,157.35,242.61,1.082866566110525,589.365961945547
kwanteng,near_miss,KT_NearMissed_cleaned.csv,579,2026-08-03 12:40:37.432,16.898592,0.7590000000021746,-1.01,-0.42,0.35,513.55,157.35,242.61,1.1484772527133482,589.365961945547
kwanteng,near_miss,KT_NearMissed_cleaned.csv,580,2026-08-03 12:40:37.432,16.899225,0.6330000000005498,0.12,-0.88,0.39,386.72,103.64,115.42,0.97,416.6717945817788
kwanteng,near_miss,KT_NearMissed_cleaned.csv,582,2026-08-03 12:40:37.518,16.985338,86.11299999999744,0.82,-0.6,0.22,51.03,100.52,0.12,1.039615313469362,112.73129867077732
kwanteng,near_miss,KT_NearMissed_cleaned.csv,584,2026-08-03 12:40:37.520,16.986686,1.3480000000001269,0.61,-0.47,-0.28,-369.26,174.13,19.47,0.8193900170248598,408.721525491379
kwanteng,near_miss,KT_NearMissed_cleaned.csv,585,2026-08-03 12:40:37.520,16.98718,0.4939999999997724,0.06,-0.49,-1.0,-779.42,213.32,91.43,1.1152129841424911,813.2406800572633
kwanteng,near_miss,KT_NearMissed_cleaned.csv,587,2026-08-03 12:40:37.563,17.029913,42.73300000000191,-0.22,-0.71,-1.55,-739.38,139.89,93.87,1.7190113437671084,758.3294623051382
kwanteng,near_miss,KT_NearMissed_cleaned.csv,589,2026-08-03 12:40:37.606,17.073144,43.23099999999869,-0.04,-0.71,-1.35,-371.46,29.72,34.42,1.5258440287263966,374.23327804993505
kwanteng,near_miss,KT_NearMissed_cleaned.csv,591,2026-08-03 12:40:37.694,17.160924,87.78000000000219,0.19,-0.48,-0.68,-116.64,-3.85,-2.14,0.8537564055396598,116.72314123600341
kwanteng,near_miss,KT_NearMissed_cleaned.csv,592,2026-08-03 12:40:37.694,17.161447,0.5229999999976087,0.04,-0.44,-0.44,-67.5,31.98,-11.84,0.6235382907247958,75.62510165282424
kwanteng,near_miss,KT_NearMissed_cleaned.csv,594,2026-08-03 12:40:37.738,17.20402,42.57300000000086,-0.22,-0.55,-0.97,-99.55,69.09,-8.54,1.136573798747798,121.4765911606018
kwanteng,near_miss,KT_NearMissed_cleaned.csv,596,2026-08-03 12:40:37.827,17.293554,89.53400000000045,0.1,-0.54,-1.62,-88.56,72.57,-26.61,1.7105554653386719,117.54731217684223
kwanteng,near_miss,KT_NearMissed_cleaned.csv,598,2026-08-03 12:40:37.829,17.295921,2.366999999999564,0.83,-0.43,-1.56,-53.34,47.55,-38.7,1.8186258548695498,81.26406401356014
kwanteng,near_miss,KT_NearMissed_cleaned.csv,599,2026-08-03 12:40:37.868,17.33553,39.60899999999867,0.95,-0.1,-1.36,-59.08,26.61,3.36,1.6619566781357449,64.88318811525833
kwanteng,near_miss,KT_NearMissed_cleaned.csv,601,2026-08-03 12:40:37.912,17.379459,43.929000000002105,0.51,0.24,-1.14,-78.49,10.31,45.04,1.2717311036535985,91.08006258232369
kwanteng,near_miss,KT_NearMissed_cleaned.csv,603,2026-08-03 12:40:38.087,17.554147,174.68799999999973,0.26,0.12,-0.81,-51.09,-22.46,33.75,0.8591274643497321,65.22041244886451
kwanteng,near_miss,KT_NearMissed_cleaned.csv,605,2026-08-03 12:40:38.089,17.555495,1.3480000000001269,0.09,-0.25,-0.71,-18.98,-43.46,-26.43,0.7580897044545586,54.291407239083426
kwanteng,near_miss,KT_NearMissed_cleaned.csv,606,2026-08-03 12:40:38.089,17.556036,0.5409999999983484,0.09,-0.25,-0.71,-13.73,-39.0,-66.65,0.7580897044545586,78.43299943263678
kwanteng,near_miss,KT_NearMissed_cleaned.csv,607,2026-08-03 12:40:38.090,17.55733,1.2940000000014606,-0.02,-0.34,-0.65,-13.73,-39.0,-66.65,0.7338255923582934,78.43299943263678
kwanteng,near_miss,KT_NearMissed_cleaned.csv,608,2026-08-03 12:40:38.091,17.55814,0.8100000000013097,0.01,-0.11,-0.53,6.41,-31.25,-52.0,0.5413871073455666,61.00533255380221
kwanteng,near_miss,KT_NearMissed_cleaned.csv,610,2026-08-03 12:40:38.130,17.597355,39.21499999999867,0.07,0.04,-0.56,27.71,-32.04,-41.14,0.5657738063926254,59.050023708716665
kwanteng,near_miss,KT_NearMissed_cleaned.csv,612,2026-08-03 12:40:38.131,17.598454,1.0989999999999611,0.14,0.08,-0.89,27.22,-51.33,-27.83,0.9044888059008801,64.42209403613018
kwanteng,near_miss,KT_NearMissed_cleaned.csv,614,2026-08-03 12:40:38.218,17.684991,86.53699999999986,0.13,0.11,-1.2,22.09,-72.39,-1.59,1.212023102090055,75.7021023486138
kwanteng,near_miss,KT_NearMissed_cleaned.csv,615,2026-08-03 12:40:38.219,17.685335,0.34399999999834563,0.11,0.07,-1.19,15.08,-71.78,-12.33,1.1971215477135142,74.37609629444127
kwanteng,near_miss,KT_NearMissed_cleaned.csv,617,2026-08-03 12:40:38.306,17.772988,87.65300000000309,0.24,-0.03,-0.95,7.26,-59.69,-55.42,0.9803060746521975,81.77395734584454
kwanteng,near_miss,KT_NearMissed_cleaned.csv,619,2026-08-03 12:40:38.307,17.77404,1.0519999999978324,0.43,-0.18,-0.67,14.65,-44.25,-87.65,0.8162107570964745,99.27339774582111
kwanteng,near_miss,KT_NearMissed_cleaned.csv,620,2026-08-03 12:40:38.350,17.816672,42.63200000000111,0.4,-0.33,-0.58,37.78,-22.95,-107.06,0.7780102827083971,115.82691612919685
kwanteng,near_miss,KT_NearMissed_cleaned.csv,622,2026-08-03 12:40:38.394,17.860473,43.800999999998425,-0.02,-0.43,-0.81,58.41,-7.51,-114.01,0.9172785836374903,128.3215036539083
kwanteng,near_miss,KT_NearMissed_cleaned.csv,624,2026-08-03 12:40:38.438,17.904259,43.78600000000077,-0.41,-0.42,-1.14,51.94,-10.99,-98.63,1.2822246293064254,112.01080572873315
kwanteng,near_miss,KT_NearMissed_cleaned.csv,626,2026-08-03 12:40:38.481,17.948101,43.84200000000149,-0.3,-0.1,-1.34,23.5,-28.02,-80.93,1.3768079023596576,88.80898209077728
kwanteng,near_miss,KT_NearMissed_cleaned.csv,627,2026-08-03 12:40:38.481,17.948442,0.3409999999988145,0.18,0.53,-1.6,15.2,-33.08,-100.65,1.6950811190028636,107.03153226970079
kwanteng,near_miss,KT_NearMissed_cleaned.csv,629,2026-08-03 12:40:38.569,18.035722,87.2799999999998,0.59,0.83,-1.58,27.95,-16.72,-136.9,1.879734023738465,140.7208971688285
kwanteng,near_miss,KT_NearMissed_cleaned.csv,631,2026-08-03 12:40:38.571,18.037583,1.8610000000016669,0.66,0.62,-1.13,12.82,-6.16,-111.69,1.4480676779764128,112.59198062029107
kwanteng,near_miss,KT_NearMissed_cleaned.csv,633,2026-08-03 12:40:38.613,18.079504,41.92099999999854,0.4,0.43,-0.9,-30.33,-9.89,-36.01,1.0746627377926528,48.10863851742221
kwanteng,near_miss,KT_NearMissed_cleaned.csv,634,2026-08-03 12:40:38.657,18.123158,43.65400000000008,0.04,0.23,-0.84,-73.06,-10.25,-11.78,0.8718371407550839,74.71006960243044
kwanteng,near_miss,KT_NearMissed_cleaned.csv,636,2026-08-03 12:40:38.743,18.21033,87.17199999999892,-0.14,-0.11,-0.74,-100.28,-12.21,-12.76,0.7611175993235211,101.82327877258717
kwanteng,near_miss,KT_NearMissed_cleaned.csv,638,2026-08-03 12:40:38.745,18.21173,1.40000000000029,-0.09,-0.27,-0.76,-97.05,-26.49,61.16,0.8115417426109393,117.7326131537052
kwanteng,near_miss,KT_NearMissed_cleaned.csv,640,2026-08-03 12:40:38.918,18.385264,173.53400000000008,-0.07,-0.09,-0.92,-63.29,-32.78,114.2,0.9270382947861432,134.61720729535287
kwanteng,near_miss,KT_NearMissed_cleaned.csv,641,2026-08-03 12:40:38.919,18.385932,0.6680000000010011,-0.07,0.08,-1.12,-31.07,-25.94,80.87,1.125033332839521,90.43332018675419
kwanteng,near_miss,KT_NearMissed_cleaned.csv,643,2026-08-03 12:40:38.920,18.387103,1.170999999999367,0.01,0.13,-1.19,-23.68,-20.2,49.01,1.1971215477135142,58.05826814502823
kwanteng,near_miss,KT_NearMissed_cleaned.csv,645,2026-08-03 12:40:38.922,18.388775,1.6719999999992297,0.04,0.14,-1.18,-23.01,-13.18,52.06,1.188949115816148,58.42444779371047
kwanteng,near_miss,KT_NearMissed_cleaned.csv,647,2026-08-03 12:40:38.962,18.429467,40.69199999999995,0.0,0.13,-1.13,-20.02,-7.51,60.55,1.137453295744489,64.21450770659229
kwanteng,near_miss,KT_NearMissed_cleaned.csv,649,2026-08-03 12:40:39.050,18.516617,87.15000000000117,0.01,0.13,-0.99,-14.53,-7.81,59.63,0.9985489472229191,61.86965249619558
kwanteng,near_miss,KT_NearMissed_cleaned.csv,650,2026-08-03 12:40:39.050,18.516947,0.3299999999981651,0.05,0.15,-0.86,-3.72,-7.87,57.07,0.874414089547967,57.730063225324805
kwanteng,near_miss,KT_NearMissed_cleaned.csv,652,2026-08-03 12:40:39.051,18.518342,1.3950000000022555,0.03,0.17,-0.81,0.92,-1.65,57.25,0.8281907992727281,57.281160951922054
kwanteng,near_miss,KT_NearMissed_cleaned.csv,654,2026-08-03 12:40:39.138,18.604471,86.12899999999968,-0.09,0.19,-0.85,-7.32,6.47,54.93,0.8756140702387096,55.79200838829877
kwanteng,near_miss,KT_NearMissed_cleaned.csv,656,2026-08-03 12:40:39.181,18.647541,43.070000000000164,-0.19,0.18,-0.92,-22.95,8.36,48.1,0.9565040512198576,53.94628902899624
kwanteng,near_miss,KT_NearMissed_cleaned.csv,657,2026-08-03 12:40:39.181,18.647833,0.2919999999981826,-0.19,0.18,-0.92,-35.64,5.43,38.76,0.9565040512198576,52.93422427881606
kwanteng,near_miss,KT_NearMissed_cleaned.csv,658,2026-08-03 12:40:39.182,18.648567,0.7340000000013447,-0.16,0.18,-1.0,-35.64,5.43,38.76,1.0285912696499033,52.93422427881606
kwanteng,near_miss,KT_NearMissed_cleaned.csv,659,2026-08-03 12:40:39.312,18.778874,130.3069999999984,0.03,0.1,-1.05,-42.79,4.7,24.78,1.0551777101512332,49.670136903374846
kwanteng,near_miss,KT_NearMissed_cleaned.csv,661,2026-08-03 12:40:39.313,18.779735,0.8610000000004447,0.16,-0.02,-1.07,-39.49,11.17,7.2,1.082081327812286,41.666161330268956
kwanteng,near_miss,KT_NearMissed_cleaned.csv,663,2026-08-03 12:40:39.315,18.781416,1.6810000000013758,0.04,-0.02,-1.07,-22.16,20.57,9.64,1.0709341716464182,31.73515558493451
kwanteng,near_miss,KT_NearMissed_cleaned.csv,665,2026-08-03 12:40:39.356,18.822731,41.31500000000088,-0.14,-0.01,-1.09,-6.04,23.44,21.79,1.0989995450408523,32.5686858807659
kwanteng,near_miss,KT_NearMissed_cleaned.csv,666,2026-08-03 12:40:39.400,18.866652,43.920999999997434,-0.18,-0.08,-1.18,2.69,18.31,7.26,1.1963277142990543,19.87963279338932
kwanteng,near_miss,KT_NearMissed_cleaned.csv,668,2026-08-03 12:40:39.443,18.910457,43.805000000002536,-0.09,-0.18,-1.27,16.91,10.5,-28.38,1.2858460249967723,34.66442701098635
kwanteng,near_miss,KT_NearMissed_cleaned.csv,670,2026-08-03 12:40:39.750,19.216897,306.43999999999846,0.12,-0.23,-1.25,46.08,3.17,-50.11,1.2766362050325848,68.15003595010057
kwanteng,near_miss,KT_NearMissed_cleaned.csv,672,2026-08-03 12:40:39.751,19.218133,1.2360000000022353,0.41,-0.05,-1.17,85.88,-3.6,-28.81,1.2407658925034972,90.65511844347233
kwanteng,near_miss,KT_NearMissed_cleaned.csv,673,2026-08-03 12:40:39.752,19.21859,0.45699999999726515,0.41,-0.05,-1.17,111.94,-1.71,20.51,1.2407658925034972,113.81628969528043
kwanteng,near_miss,KT_NearMissed_cleaned.csv,674,2026-08-03 12:40:39.752,19.219371,0.7809999999999206,0.51,0.23,-1.13,111.94,-1.71,20.51,1.2609123680890753,113.81628969528043
kwanteng,near_miss,KT_NearMissed_cleaned.csv,675,2026-08-03 12:40:39.753,19.220111,0.740000000000407,0.3,0.31,-1.09,109.37,9.34,66.35,1.1722627691776277,128.262835614998
kwanteng,near_miss,KT_NearMissed_cleaned.csv,677,2026-08-03 12:40:39.755,19.221919,1.808000000000476,0.02,0.2,-1.04,92.77,14.16,71.41,1.059245014149229,117.92441053488459
kwanteng,near_miss,KT_NearMissed_cleaned.csv,679,2026-08-03 12:40:39.837,19.304377,82.45799999999903,-0.09,0.09,-1.0,70.98,7.87,16.85,1.0080674580602234,73.37588023322105
kwanteng,near_miss,KT_NearMissed_cleaned.csv,681,2026-08-03 12:40:39.838,19.305531,1.1539999999996553,-0.07,0.05,-0.97,47.61,-2.14,-43.33,0.9738069623903908,64.41102855878022
kwanteng,near_miss,KT_NearMissed_cleaned.csv,682,2026-08-03 12:40:39.840,19.306333,0.8020000000001914,0.01,0.04,-0.97,33.81,-20.75,-58.96,0.9708758932015976,71.06307198538492
kwanteng,near_miss,KT_NearMissed_cleaned.csv,684,2026-08-03 12:40:39.841,19.308493,2.1599999999999397,0.18,0.05,-0.88,27.89,-46.81,-56.76,0.8996110270555825,78.6811654717951
kwanteng,near_miss,KT_NearMissed_cleaned.csv,686,2026-08-03 12:40:39.842,19.309606,1.1130000000001417,0.36,-0.01,-0.69,22.03,-58.29,-55.85,0.7783315488916018,83.6795524605623
kwanteng,near_miss,KT_NearMissed_cleaned.csv,688,2026-08-03 12:40:39.925,19.391944,82.33800000000002,0.47,-0.16,-0.61,4.7,-46.75,-26.0,0.7865112840894274,53.69965083685368
kwanteng,near_miss,KT_NearMissed_cleaned.csv,692,2026-08-03 12:40:40.056,19.523334,131.38999999999967,0.19,-0.23,-0.88,-27.53,2.14,31.43,0.9291931984253866,41.83689041981969
kwanteng,near_miss,KT_NearMissed_cleaned.csv,693,2026-08-03 12:40:40.057,19.523635,0.3010000000003288,0.19,-0.23,-0.88,-6.41,7.87,-10.99,0.9291931984253866,14.960116978152277
kwanteng,near_miss,KT_NearMissed_cleaned.csv,694,2026-08-03 12:40:40.057,19.523964,0.32900000000068985,-0.01,-0.19,-0.91,-6.41,7.87,-10.99,0.9296773633901172,14.960116978152277
kwanteng,near_miss,KT_NearMissed_cleaned.csv,695,2026-08-03 12:40:40.058,19.524785,0.821000000001959,-0.14,-0.3,-0.9,19.65,-13.92,-47.73,0.9589577675789482,53.46065656162482
kwanteng,near_miss,KT_NearMissed_cleaned.csv,697,2026-08-03 12:40:40.061,19.526898,2.112999999997811,-0.13,-0.42,-0.95,21.79,-39.43,-24.41,1.0468046618161384,51.238433816813725
kwanteng,near_miss,KT_NearMissed_cleaned.csv,699,2026-08-03 12:40:40.100,19.567105,40.207000000002324,-0.01,-0.41,-0.98,-3.11,-34.12,24.35,1.0623558725775464,42.03295135961785
kwanteng,near_miss,KT_NearMissed_cleaned.csv,701,2026-08-03 12:40:40.145,19.610881,43.775999999997595,0.06,-0.29,-1.3,-40.04,-0.43,35.1,1.3333041663476495,53.24844129174111
kwanteng,near_miss,KT_NearMissed_cleaned.csv,702,2026-08-03 12:40:40.187,19.654153,43.27200000000175,0.17,0.01,-1.72,-71.11,33.81,15.5,1.7284096736595753,80.24959937594704
kwanteng,near_miss,KT_NearMissed_cleaned.csv,704,2026-08-03 12:40:40.275,19.741647,87.49399999999952,0.37,0.34,-1.31,-66.89,30.58,-6.04,1.4030680667736688,73.79627429620007
kwanteng,near_miss,KT_NearMissed_cleaned.csv,706,2026-08-03 12:40:40.276,19.742678,1.0310000000011144,0.54,0.38,-0.59,-39.06,-3.78,-1.83,0.8854942122905152,39.28512313840953
kwanteng,near_miss,KT_NearMissed_cleaned.csv,708,2026-08-03 12:40:40.319,19.785642,42.96399999999778,0.52,0.3,-0.52,-25.63,-14.22,44.31,0.7942291860665912,53.12703078471448
kwanteng,near_miss,KT_NearMissed_cleaned.csv,709,2026-08-03 12:40:40.362,19.829466,43.82400000000075,0.02,0.33,-0.97,-18.55,10.38,95.09,1.024792661956554,97.43692831775847
kwanteng,near_miss,KT_NearMissed_cleaned.csv,711,2026-08-03 12:40:40.450,19.916574,87.10800000000063,-0.49,0.31,-1.27,-29.36,19.1,153.99,1.3961017154921056,157.92320823742153
kwanteng,near_miss,KT_NearMissed_cleaned.csv,713,2026-08-03 12:40:40.451,19.91766,1.0860000000008085,-0.44,0.2,-1.13,-57.68,-10.8,218.44,1.2290240030202826,226.1850039237792
kwanteng,near_miss,KT_NearMissed_cleaned.csv,715,2026-08-03 12:40:40.494,19.960454,42.79399999999711,-0.13,0.1,-0.95,-58.72,-31.98,200.32,0.9640539403996023,211.1844246150743
kwanteng,near_miss,KT_NearMissed_cleaned.csv,716,2026-08-03 12:40:40.494,19.960808,0.35400000000151977,0.03,0.06,-0.96,-32.71,-20.57,102.05,0.9623408959407264,109.12044492211346
kwanteng,near_miss,KT_NearMissed_cleaned.csv,718,2026-08-03 12:40:40.582,20.048987,88.17900000000023,0.05,0.09,-1.01,-6.65,-3.05,38.51,1.0152339631828715,39.19878952212683
kwanteng,near_miss,KT_NearMissed_cleaned.csv,720,2026-08-03 12:40:40.584,20.050601,1.6140000000000043,-0.03,0.16,-1.0,10.31,4.76,45.41,1.01316336293808,46.808351818879494
kwanteng,near_miss,KT_NearMissed_cleaned.csv,722,2026-08-03 12:40:40.669,20.1361,85.49899999999866,-0.17,0.22,-0.99,5.92,5.92,62.87,1.0282995672468214,63.42499270792232
kwanteng,near_miss,KT_NearMissed_cleaned.csv,723,2026-08-03 12:40:40.670,20.136774,0.6740000000000634,-0.22,0.24,-0.97,-25.15,-3.3,92.29,1.0231813133555558,95.71236388262491
kwanteng,near_miss,KT_NearMissed_cleaned.csv,725,2026-08-03 12:40:40.799,20.266114,129.34000000000268,-0.11,0.21,-0.94,-56.4,-18.62,146.85,0.969432823871773,158.40639791372064
kwanteng,near_miss,KT_NearMissed_cleaned.csv,727,2026-08-03 12:40:40.801,20.267317,1.2029999999967345,0.03,0.13,-0.92,-67.87,-19.96,157.1,0.929623579735368,172.29378543638768
kwanteng,near_miss,KT_NearMissed_cleaned.csv,729,2026-08-03 12:40:40.802,20.269134,1.817000000002622,0.01,0.05,-0.95,-55.48,-1.22,101.99,0.9513674369033239,116.10977090667261
kwanteng,near_miss,KT_NearMissed_cleaned.csv,730,2026-08-03 12:40:40.844,20.310507,41.373000000000104,-0.11,-0.01,-1.01,-29.17,19.59,41.56,1.0160216533125659,54.42325422096698
kwanteng,near_miss,KT_NearMissed_cleaned.csv,732,2026-08-03 12:40:40.888,20.354237,43.73000000000005,-0.15,-0.07,-1.06,-7.87,25.82,13.49,1.072846680565308,30.175973886521046
kwanteng,near_miss,KT_NearMissed_cleaned.csv,734,2026-08-03 12:40:41.019,20.485661,131.4239999999991,-0.11,-0.16,-1.15,2.01,19.59,3.54,1.1662761251093154,20.00849319664027
kwanteng,near_miss,KT_NearMissed_cleaned.csv,736,2026-08-03 12:40:41.020,20.486993,1.3319999999978904,0.02,-0.23,-1.33,13.67,12.57,-8.36,1.3498888843160388,20.36574084093186
kwanteng,near_miss,KT_NearMissed_cleaned.csv,738,2026-08-03 12:40:41.022,20.488951,1.9580000000019027,0.29,-0.2,-1.43,49.93,10.25,-18.8,1.4727525250360292,54.32777742554908
kwanteng,near_miss,KT_NearMissed_cleaned.csv,739,2026-08-03 12:40:41.023,20.489732,0.7809999999999206,0.39,0.11,-1.35,104.61,8.06,-9.4,1.4095034586690451,105.34028526636901
kwanteng,near_miss,KT_NearMissed_cleaned.csv,741,2026-08-03 12:40:41.063,20.529731,39.99900000000167,0.3,0.44,-1.21,135.68,2.32,36.07,1.3220060514233662,140.41185740527757
kwanteng,near_miss,KT_NearMissed_cleaned.csv,743,2026-08-03 12:40:41.151,20.617567,87.83599999999936,0.27,0.37,-1.05,121.52,-2.44,87.46,1.1455566332573872,149.74082809975374
kwanteng,near_miss,KT_NearMissed_cleaned.csv,745,2026-08-03 12:40:41.152,20.618552,0.9850000000000136,0.33,0.17,-0.89,91.31,-0.73,97.96,0.9643132271207318,133.91867158839352
kwanteng,near_miss,KT_NearMissed_cleaned.csv,749,2026-08-03 12:40:41.238,20.704174,85.6219999999972,0.34,0.06,-0.83,79.9,16.54,3.54,0.8989438247187641,81.67076098580202
kwanteng,near_miss,KT_NearMissed_cleaned.csv,750,2026-08-03 12:40:41.324,20.791318,87.14400000000211,0.34,0.06,-0.83,69.34,6.23,0.92,0.8989438247187641,69.62538976551586
kwanteng,near_miss,KT_NearMissed_cleaned.csv,751,2026-08-03 12:40:41.325,20.791679,0.3609999999980573,0.16,0.05,-0.84,69.34,6.23,0.92,0.8565628990331066,69.62538976551586
kwanteng,near_miss,KT_NearMissed_cleaned.csv,752,2026-08-03 12:40:41.368,20.835053,43.374000000000024,-0.02,0.01,-0.84,30.46,-25.39,45.41,0.8402975663418286,60.287078217475425
kwanteng,near_miss,KT_NearMissed_cleaned.csv,754,2026-08-03 12:40:41.369,20.836147,1.0940000000019268,-0.1,-0.08,-0.8,-10.93,-45.23,61.89,0.8101851640211638,77.43119461818989
kwanteng,near_miss,KT_NearMissed_cleaned.csv,756,2026-08-03 12:40:41.456,20.922989,86.84200000000075,-0.05,-0.19,-0.76,-28.87,-33.87,26.31,0.7849840762716146,51.69980560891888
kwanteng,near_miss,KT_NearMissed_cleaned.csv,758,2026-08-03 12:40:41.456,20.923943,0.9540000000001214,0.1,-0.3,-0.79,-23.25,-4.09,-21.48,0.8509406559801923,31.916782419285312
kwanteng,near_miss,KT_NearMissed_cleaned.csv,759,2026-08-03 12:40:41.458,20.924837,0.8939999999988402,0.23,-0.37,-0.86,-16.85,21.36,-32.53,0.9640539403996022,42.40722815747334
kwanteng,near_miss,KT_NearMissed_cleaned.csv,761,2026-08-03 12:40:41.500,20.967085,42.24800000000073,0.22,-0.32,-0.92,-26.67,23.19,-9.83,0.9985990186255943,36.683700740247026
kwanteng,near_miss,KT_NearMissed_cleaned.csv,763,2026-08-03 12:40:41.676,21.14247,175.38499999999857,0.14,-0.22,-0.99,-37.11,9.95,-2.14,1.0237675517420934,38.48030925031659
kwanteng,near_miss,KT_NearMissed_cleaned.csv,765,2026-08-03 12:40:41.677,21.14359,1.120000000000232,0.15,-0.23,-1.0,-34.0,1.16,-13.79,1.0370149468546728,36.70844180839062
kwanteng,near_miss,KT_NearMissed_cleaned.csv,766,2026-08-03 12:40:41.678,21.144472,0.8820000000007155,0.27,-0.3,-1.02,-32.29,-3.42,-11.78,1.0969503179269333,34.54140848315251
kwanteng,near_miss,KT_NearMissed_cleaned.csv,768,2026-08-03 12:40:41.678,21.145914,1.4420000000008315,0.38,-0.3,-1.25,-38.88,-5.68,-5.07,1.3404849868610986,39.61845150936619
kwanteng,near_miss,KT_NearMissed_cleaned.csv,770,2026-08-03 12:40:41.762,21.229019,83.10499999999976,0.31,-0.12,-1.37,-41.14,0.0,-6.23,1.4097517511959332,41.60904348816493
kwanteng,near_miss,KT_NearMissed_cleaned.csv,772,2026-08-03 12:40:41.763,21.229964,0.9449999999979752,0.15,0.13,-1.07,-39.55,4.03,-2.62,1.0882554847093582,39.841031613149774
kwanteng,near_miss,KT_NearMissed_cleaned.csv,774,2026-08-03 12:40:41.806,21.272964,43.000000000002814,0.12,0.21,-0.72,-44.13,-4.15,14.47,0.7595393340703297,46.62681953554199
kwanteng,near_miss,KT_NearMissed_cleaned.csv,775,2026-08-03 12:40:41.938,21.404466,131.50199999999757,0.08,0.21,-0.75,-45.53,-10.01,23.19,0.7829431652425354,52.06685221904624
kwanteng,near_miss,KT_NearMissed_cleaned.csv,777,2026-08-03 12:40:41.939,21.405351,0.8850000000002467,-0.1,0.29,-0.97,-35.34,-3.72,3.42,1.0173494974687902,35.699445373843
kwanteng,near_miss,KT_NearMissed_cleaned.csv,779,2026-08-03 12:40:41.940,21.406793,1.4420000000008315,-0.18,0.3,-1.09,-32.17,-4.58,15.81,1.1447707194019248,36.13642760428873
kwanteng,near_miss,KT_NearMissed_cleaned.csv,781,2026-08-03 12:40:42.025,21.491843,85.04999999999896,-0.06,0.19,-1.09,-41.26,-19.71,77.15,1.108061370141564,89.68274192953737
kwanteng,near_miss,KT_NearMissed_cleaned.csv,782,2026-08-03 12:40:42.025,21.492178,0.33499999999975216,-0.06,0.19,-1.09,-40.77,-28.14,103.7,1.108061370141564,114.92494289752769
kwanteng,near_miss,KT_NearMissed_cleaned.csv,783,2026-08-03 12:40:42.026,21.493153,0.9750000000003922,0.08,0.08,-1.06,-40.77,-28.14,103.7,1.0660206376989143,114.92494289752769
kwanteng,near_miss,KT_NearMissed_cleaned.csv,784,2026-08-03 12:40:42.027,21.494162,1.0089999999998156,0.08,0.11,-0.99,-23.74,-20.08,68.05,0.9992997548283498,74.81708695211275
kwanteng,near_miss,KT_NearMissed_cleaned.csv,786,2026-08-03 12:40:42.069,21.535839,41.676999999999964,0.02,0.18,-0.91,-6.84,-7.26,26.79,0.9278469701410896,28.586662974191302
kwanteng,near_miss,KT_NearMissed_cleaned.csv,788,2026-08-03 12:40:42.113,21.580421,44.5820000000019,-0.03,0.18,-0.93,-0.06,-1.28,33.87,0.947734139935879,33.89423107255865
kwanteng,near_miss,KT_NearMissed_cleaned.csv,790,2026-08-03 12:40:42.200,21.667086,86.66499999999999,-0.07,0.15,-0.98,0.24,-2.75,73.06,0.9938812806366764,73.1121310043689
kwanteng,near_miss,KT_NearMissed_cleaned.csv,791,2026-08-03 12:40:42.201,21.667819,0.7330000000003167,-0.11,0.19,-1.02,2.5,-5.74,89.23,1.0433599570617995,89.44937394973763
kwanteng,near_miss,KT_NearMissed_cleaned.csv,793,2026-08-03 12:40:42.244,21.710605,42.78599999999955,-0.1,0.27,-1.04,-0.85,-10.13,82.52,1.0791200118615167,83.1437899064025
kwanteng,near_miss,KT_NearMissed_cleaned.csv,795,2026-08-03 12:40:42.331,21.798063,87.45799999999804,0.01,0.25,-1.03,-24.78,-18.43,97.47,1.0599528291391085,102.2453627310305
kwanteng,near_miss,KT_NearMissed_cleaned.csv,797,2026-08-03 12:40:42.332,21.799134,1.0709999999996,0.12,0.13,-1.01,-54.57,-20.75,113.77,1.0253779790886872,127.87517468218762
kwanteng,near_miss,KT_NearMissed_cleaned.csv,798,2026-08-03 12:40:42.462,21.929406,130.2720000000015,0.05,-0.0,-1.02,-59.27,-5.19,73.85,1.0212247548899311,94.83507526226781
kwanteng,near_miss,KT_NearMissed_cleaned.csv,800,2026-08-03 12:40:42.463,21.930476,1.069999999998572,-0.11,-0.15,-1.03,-37.9,13.37,25.51,1.0466613587975817,47.60175416935808
kwanteng,near_miss,KT_NearMissed_cleaned.csv,802,2026-08-03 12:40:42.465,21.931892,1.4160000000025263,-0.15,-0.16,-1.04,-4.58,13.43,51.51,1.0628734637763801,53.42865710459135
kwanteng,near_miss,KT_NearMissed_cleaned.csv,804,2026-08-03 12:40:42.466,21.933444,1.5520000000002199,0.01,-0.06,-1.17,28.44,2.26,86.36,1.1715801295686095,90.95048543026034
kwanteng,near_miss,KT_NearMissed_cleaned.csv,805,2026-08-03 12:40:42.550,22.016789,83.34499999999778,0.32,-0.01,-1.31,58.11,-9.52,74.52,1.348554781979583,94.9770124819685
kwanteng,near_miss,KT_NearMissed_cleaned.csv,807,2026-08-03 12:40:42.551,22.017956,1.1670000000023606,0.58,0.12,-1.28,96.74,-10.56,58.9,1.4103900169811185,113.75126900391047
kwanteng,near_miss,KT_NearMissed_cleaned.csv,809,2026-08-03 12:40:42.595,22.061731,43.77500000000012,0.58,0.4,-1.11,132.02,9.77,86.0,1.3147243057006286,157.86302068565647
kwanteng,near_miss,KT_NearMissed_cleaned.csv,811,2026-08-03 12:40:42.638,22.104938,43.206999999998885,0.4,0.46,-0.93,129.52,32.9,145.81,1.1119802156513399,197.7837114122394
kwanteng,near_miss,KT_NearMissed_cleaned.csv,812,2026-08-03 12:40:42.769,22.235557,130.61899999999937,0.28,0.22,-0.86,83.74,39.25,151.31,0.9308061022576076,177.33489842667743
kwanteng,near_miss,KT_NearMissed_cleaned.csv,814,2026-08-03 12:40:42.770,22.236673,1.1159999999996728,0.3,-0.0,-0.84,37.96,33.63,110.47,0.8919641248391103,121.5547588537775
kwanteng,near_miss,KT_NearMissed_cleaned.csv,816,2026-08-03 12:40:42.771,22.238263,1.5900000000002024,0.28,-0.12,-0.87,22.52,30.09,96.25,0.9217917335276987,103.32773586990088
kwanteng,near_miss,KT_NearMissed_cleaned.csv,818,2026-08-03 12:40:42.856,22.322927,84.66400000000007,0.11,-0.17,-0.97,11.17,27.59,117.31,0.9909086738948246,121.02732377442707
kwanteng,near_miss,KT_NearMissed_cleaned.csv,819,2026-08-03 12:40:42.857,22.32342,0.49299999999874444,-0.0,-0.2,-0.99,-6.9,17.03,128.91,1.01,130.2129755439142
kwanteng,near_miss,KT_NearMissed_cleaned.csv,821,2026-08-03 12:40:42.858,22.325062,1.6420000000003654,0.07,-0.23,-0.9,-13.06,6.96,99.24,0.9315578350268973,100.33734499178259
kwanteng,near_miss,KT_NearMissed_cleaned.csv,823,2026-08-03 12:40:42.988,22.45424,129.17799999999957,0.2,-0.24,-0.77,-9.09,10.07,55.11,0.8309632964216891,56.755132807526756
kwanteng,near_miss,KT_NearMissed_cleaned.csv,825,2026-08-03 12:40:42.989,22.455411,1.1710000000029197,0.26,-0.24,-0.72,-10.93,21.12,29.85,0.8022468448052631,38.16466690539824
kwanteng,near_miss,KT_NearMissed_cleaned.csv,826,2026-08-03 12:40:42.990,22.456135,0.7239999999981706,0.26,-0.24,-0.72,-23.19,27.77,27.04,0.8022468448052631,45.16758350852965
kwanteng,near_miss,KT_NearMissed_cleaned.csv,827,2026-08-03 12:40:43.031,22.497858,41.723000000001065,0.24,-0.25,-0.75,-23.19,27.77,27.04,0.8261961026293939,45.16758350852965
kwanteng,near_miss,KT_NearMissed_cleaned.csv,828,2026-08-03 12:40:43.032,22.498769,0.9109999999985519,0.24,-0.22,-0.81,-33.08,24.72,30.15,0.8729833904490968,51.13107958961946
kwanteng,near_miss,KT_NearMissed_cleaned.csv,830,2026-08-03 12:40:43.076,22.542512,43.7429999999992,0.2,-0.22,-0.89,-40.59,15.32,31.13,0.9383496150156402,53.397822052963924
kwanteng,near_miss,KT_NearMissed_cleaned.csv,832,2026-08-03 12:40:43.119,22.585979,43.4669999999997,0.06,-0.35,-1.01,-62.68,1.34,51.15,1.07060730429042,80.91291924037841
kwanteng,near_miss,KT_NearMissed_cleaned.csv,833,2026-08-03 12:40:43.206,22.673105,87.12600000000137,0.06,-0.35,-1.01,-88.44,-15.69,79.71,1.07060730429042,120.08952410597686
kwanteng,near_miss,KT_NearMissed_cleaned.csv,834,2026-08-03 12:40:43.207,22.673402,0.29699999999976967,-0.01,-0.44,-1.25,-88.44,-15.69,79.71,1.3252169633686401,120.08952410597686
kwanteng,near_miss,KT_NearMissed_cleaned.csv,835,2026-08-03 12:40:43.208,22.674144,0.7419999999989102,0.13,-0.17,-1.39,-79.9,-26.79,57.5,1.406378327478065,102.01943001213054
kwanteng,near_miss,KT_NearMissed_cleaned.csv,837,2026-08-03 12:40:43.294,22.760509,86.36500000000069,0.39,0.1,-1.09,-44.8,-33.02,12.21,1.161981066971403,56.97757892364329
kwanteng,near_miss,KT_NearMissed_cleaned.csv,839,2026-08-03 12:40:43.295,22.761525,1.0159999999999059,0.53,0.21,-0.73,-21.85,-29.24,10.13,0.926228913390205,37.881618233649945
kwanteng,near_miss,KT_NearMissed_cleaned.csv,841,2026-08-03 12:40:43.337,22.80437,42.8449999999998,0.2,0.34,-0.81,-18.55,-3.6,26.06,0.9009439494219382,32.189844671883705
kwanteng,near_miss,KT_NearMissed_cleaned.csv,842,2026-08-03 12:40:43.338,22.804831,0.461000000001377,-0.33,0.34,-1.07,-33.69,13.73,47.42,1.170213655705658,59.76776221342071
kwanteng,near_miss,KT_NearMissed_cleaned.csv,844,2026-08-03 12:40:43.469,22.935879,131.04799999999983,-0.44,0.2,-1.13,-58.72,-7.87,102.48,1.2290240030202826,118.37282500641776
kwanteng,near_miss,KT_NearMissed_cleaned.csv,846,2026-08-03 12:40:43.470,22.937366,1.4870000000009043,-0.15,0.07,-1.03,-63.35,-36.44,129.21,1.0432161808561062,148.44635462011183
kwanteng,near_miss,KT_NearMissed_cleaned.csv,848,2026-08-03 12:40:43.473,22.939308,1.9419999999996662,0.13,0.04,-0.97,-36.74,-35.4,79.9,0.9794896630388704,94.79977637104426
kwanteng,near_miss,KT_NearMissed_cleaned.csv,849,2026-08-03 12:40:43.512,22.979143,39.835000000000065,0.21,0.09,-0.96,-8.24,-18.68,31.86,0.9868130522039116,37.84044925737537
kwanteng,near_miss,KT_NearMissed_cleaned.csv,851,2026-08-03 12:40:43.600,23.06729,88.14699999999931,0.12,0.13,-0.96,3.48,-7.63,31.68,0.9761659694949419,32.77117178252862
kwanteng,near_miss,KT_NearMissed_cleaned.csv,853,2026-08-03 12:40:43.601,23.068585,1.294999999998936,-0.07,0.17,-0.98,8.3,-1.4,34.97,0.9970957827611147,35.968748935708064
kwanteng,near_miss,KT_NearMissed_cleaned.csv,855,2026-08-03 12:40:43.643,23.110631,42.04600000000269,-0.27,0.21,-1.02,3.6,1.83,12.15,1.0758252646224664,12.803569814704023
kwanteng,near_miss,KT_NearMissed_cleaned.csv,857,2026-08-03 12:40:43.733,23.199242,88.61100000000022,-0.26,0.22,-1.02,-22.77,-10.31,31.07,1.0753604047016052,39.876232269360656
kwanteng,near_miss,KT_NearMissed_cleaned.csv,858,2026-08-03 12:40:43.734,23.199994,0.7519999999985316,0.12,0.18,-0.95,-56.27,-37.17,139.28,0.9743202758846805,154.74766621826643
kwanteng,near_miss,KT_NearMissed_cleaned.csv,860,2026-08-03 12:40:43.863,23.329447,129.45299999999804,0.37,0.07,-0.91,-67.63,-43.09,199.04,0.9848350115628506,214.5867810467364
kwanteng,near_miss,KT_NearMissed_cleaned.csv,862,2026-08-03 12:40:43.864,23.330647,1.200000000000756,0.14,0.06,-0.98,-36.8,-14.83,128.05,0.991766101457395,134.0558517931985
kwanteng,near_miss,KT_NearMissed_cleaned.csv,864,2026-08-03 12:40:43.866,23.332679,2.0319999999998117,-0.08,0.19,-0.99,10.62,7.75,52.06,1.011236866416568,53.69441777317266
kwanteng,near_miss,KT_NearMissed_cleaned.csv,865,2026-08-03 12:40:43.866,23.333097,0.4179999999998074,-0.1,0.31,-0.96,27.28,8.97,33.45,1.013755394560246,44.08584580111853
kwanteng,near_miss,KT_NearMissed_cleaned.csv,867,2026-08-03 12:40:43.951,23.417245,84.14800000000255,-0.16,0.2,-1.02,12.27,11.35,28.2,1.0516653460107925,32.781327001816145
kwanteng,near_miss,KT_NearMissed_cleaned.csv,869,2026-08-03 12:40:43.952,23.41865,1.4049999999983243,-0.29,-0.27,-1.13,-4.33,19.59,20.08,1.1974556359214314,28.385267305417432
kwanteng,near_miss,KT_NearMissed_cleaned.csv,871,2026-08-03 12:40:43.995,23.461226,42.57600000000039,-0.14,-1.0,-1.25,11.72,23.5,-8.85,1.6068914089010495,27.711566177320258
kwanteng,near_miss,KT_NearMissed_cleaned.csv,872,2026-08-03 12:40:44.169,23.635736,174.5100000000015,-0.14,-1.0,-1.25,99.91,31.01,-62.81,1.6068914089010495,122.01936034908559
kwanteng,near_miss,KT_NearMissed_cleaned.csv,873,2026-08-03 12:40:44.170,23.636013,0.2769999999969741,0.32,-1.16,-1.42,99.91,31.01,-62.81,1.861289875328397,122.01936034908559
kwanteng,near_miss,KT_NearMissed_cleaned.csv,874,2026-08-03 12:40:44.170,23.636695,0.6820000000011817,0.23,-0.18,-1.64,236.88,55.79,-57.25,1.6658031096140984,250.00444196053797
kwanteng,near_miss,KT_NearMissed_cleaned.csv,876,2026-08-03 12:40:44.171,23.638259,1.5640000000018972,-0.1,0.48,-1.54,284.79,63.54,-16.72,1.6161683080669538,292.2708232102548
kwanteng,near_miss,KT_NearMissed_cleaned.csv,878,2026-08-03 12:40:44.173,23.63987,1.6109999999969205,0.1,0.07,-1.46,206.97,33.02,-2.5,1.4650938536489735,209.60236472902685
kwanteng,near_miss,KT_NearMissed_cleaned.csv,879,2026-08-03 12:40:44.174,23.640804,0.9340000000008786,0.1,0.07,-1.46,122.31,-2.93,18.8,1.4650938536489735,123.78110114229878
kwanteng,near_miss,KT_NearMissed_cleaned.csv,880,2026-08-03 12:40:44.256,23.722762,81.9580000000002,0.31,-0.76,-1.87,122.31,-2.93,18.8,2.042204691014101,123.78110114229878
kwanteng,near_miss,KT_NearMissed_cleaned.csv,881,2026-08-03 12:40:44.257,23.723092,0.3300000000017178,0.2,-1.31,-1.95,110.11,-32.35,2.62,2.3576683396949623,114.79372369602791
kwanteng,near_miss,KT_NearMissed_cleaned.csv,883,2026-08-03 12:40:44.300,23.76698,43.88799999999904,-0.01,-1.13,-1.43,182.19,-68.18,-82.21,1.8226080214900842,211.1875768126525
kwanteng,near_miss,KT_NearMissed_cleaned.csv,885,2026-08-03 12:40:44.518,23.985484,218.50399999999937,-0.27,-0.42,-1.08,377.32,-109.56,-182.0,1.1898319209031165,433.0101338306068
kwanteng,near_miss,KT_NearMissed_cleaned.csv,886,2026-08-03 12:40:44.519,23.985862,0.3780000000013217,-0.17,0.92,-0.89,754.33,-115.6,-207.46,1.2912784362793333,790.8329536001899
kwanteng,near_miss,KT_NearMissed_cleaned.csv,888,2026-08-03 12:40:44.520,23.987192,1.3299999999993872,0.54,2.04,-0.57,858.89,-78.86,-103.7,2.1858865478336247,868.7143498872342
kwanteng,near_miss,KT_NearMissed_cleaned.csv,890,2026-08-03 12:40:44.562,24.029305,42.11300000000051,0.62,1.73,-0.51,427.8,7.26,22.64,1.9071968959706285,428.4601699108098
kwanteng,near_miss,KT_NearMissed_cleaned.csv,891,2026-08-03 12:40:44.563,24.030237,0.9319999999988227,-0.3,0.69,-0.21,-29.66,81.18,77.64,0.7811529939774922,116.18036667182628
kwanteng,near_miss,KT_NearMissed_cleaned.csv,893,2026-08-03 12:40:44.565,24.031586,1.3490000000011548,-0.33,-0.63,0.03,-229.55,18.55,87.16,0.7118286310622803,246.24006700778816
kwanteng,near_miss,KT_NearMissed_cleaned.csv,895,2026-08-03 12:40:44.566,24.033084,1.497999999998001,0.36,-1.46,-1.11,-285.03,-109.13,-74.77,1.8690371852908652,314.2324151006703
kwanteng,near_miss,KT_NearMissed_cleaned.csv,897,2026-08-03 12:40:44.651,24.117256,84.17200000000236,0.37,-0.52,-1.81,-18.19,10.07,-223.63,1.9192185909895725,224.5944298062621
kwanteng,near_miss,KT_NearMissed_cleaned.csv,898,2026-08-03 12:40:44.651,24.117948,0.6919999999972504,0.41,-0.31,-0.82,213.68,182.86,-205.14,0.9677809669548166,348.10823259440446
kwanteng,near_miss,KT_NearMissed_cleaned.csv,900,2026-08-03 12:40:44.957,24.423367,305.41900000000055,0.56,-0.63,0.21,102.72,100.95,-202.58,0.8686771552193601,248.55775445557921
kwanteng,near_miss,KT_NearMissed_cleaned.csv,902,2026-08-03 12:40:44.957,24.424304,0.9370000000004097,0.46,-0.26,0.52,17.58,-8.3,-188.9,0.7413501197140256,189.89775248801655
kwanteng,near_miss,KT_NearMissed_cleaned.csv,906,2026-08-03 12:40:44.961,24.427368,3.064000000001954,0.16,-0.36,0.34,-49.26,2.01,-200.87,0.5203844732503076,206.83168180914643
kwanteng,near_miss,KT_NearMissed_cleaned.csv,907,2026-08-03 12:40:44.961,24.428292,0.9239999999977044,0.16,-0.36,0.34,-82.03,11.9,-213.44,0.5203844732503076,228.96978949197643
kwanteng,near_miss,KT_NearMissed_cleaned.csv,908,2026-08-03 12:40:45.044,24.510571,82.27899999999977,0.52,-0.66,0.3,-82.03,11.9,-213.44,0.8921883209278185,228.96978949197643
kwanteng,near_miss,KT_NearMissed_cleaned.csv,909,2026-08-03 12:40:45.044,24.51084,0.2690000000029613,0.94,-0.5,0.25,-77.88,-5.37,-208.8,1.093663568013491,222.9160633512085
kwanteng,near_miss,KT_NearMissed_cleaned.csv,911,2026-08-03 12:40:45.046,24.512648,1.8079999999969232,1.25,-0.04,0.3,-39.86,4.39,-178.83,1.286118190525272,183.27100316198414
kwanteng,near_miss,KT_NearMissed_cleaned.csv,913,2026-08-03 12:40:45.047,24.514103,1.454999999999984,1.64,-0.04,0.54,-21.42,37.35,-135.44,1.7270784579746223,142.11907859256615
kwanteng,near_miss,KT_NearMissed_cleaned.csv,914,2026-08-03 12:40:45.048,24.515025,0.922000000002754,1.64,-0.04,0.54,-6.35,60.36,-93.57,1.7270784579746223,111.5302515015545
kwanteng,near_miss,KT_NearMissed_cleaned.csv,915,2026-08-03 12:40:45.049,24.515729,0.7039999999989277,1.56,-0.12,0.84,-6.35,60.36,-93.57,1.7758378304338491,111.5302515015545
kwanteng,near_miss,KT_NearMissed_cleaned.csv,916,2026-08-03 12:40:45.175,24.641633,125.90399999999846,1.14,-0.22,0.96,22.34,53.47,-48.65,1.5065191668213185,75.66332665168774
kwanteng,near_miss,KT_NearMissed_cleaned.csv,918,2026-08-03 12:40:45.176,24.642521,0.8879999999997779,1.11,-0.22,0.81,48.52,6.71,-17.27,1.3916177636118332,51.937148554767624
kwanteng,near_miss,KT_NearMissed_cleaned.csv,920,2026-08-03 12:40:45.178,24.643999,1.4780000000023108,1.17,-0.02,0.62,52.37,-33.81,-0.49,1.324273385672309,62.33757374168488
kwanteng,near_miss,KT_NearMissed_cleaned.csv,922,2026-08-03 12:40:45.179,24.645507,1.5079999999976224,1.05,0.06,0.53,35.52,-28.99,14.34,1.177709641634983,48.03879786172839
kwanteng,near_miss,KT_NearMissed_cleaned.csv,923,2026-08-03 12:40:45.219,24.685651,40.14400000000151,0.87,0.07,0.41,31.68,-12.57,20.2,0.9643132271207318,39.61902699461459
kwanteng,near_miss,KT_NearMissed_cleaned.csv,925,2026-08-03 12:40:45.262,24.72931,43.65900000000167,0.82,0.1,0.32,29.72,-9.28,11.6,0.885889383614004,33.225845361706
kwanteng,near_miss,KT_NearMissed_cleaned.csv,927,2026-08-03 12:40:45.350,24.816884,87.57400000000004,0.87,0.14,0.32,13.37,4.46,-2.26,0.9374966666607407,14.274316095701398
kwanteng,near_miss,KT_NearMissed_cleaned.csv,929,2026-08-03 12:40:45.351,24.817761,0.8769999999991285,0.88,0.19,0.36,9.52,34.79,-14.22,0.9695875411740809,38.770902749355734
kwanteng,near_miss,KT_NearMissed_cleaned.csv,930,2026-08-03 12:40:45.352,24.818538,0.7769999999993615,0.88,0.19,0.36,22.52,64.88,-24.23,0.9695875411740809,72.8262157468037
kwanteng,near_miss,KT_NearMissed_cleaned.csv,931,2026-08-03 12:40:45.394,24.860726,42.18799999999945,0.77,0.22,0.42,22.52,64.88,-24.23,0.904267659490264,72.8262157468037
kwanteng,near_miss,KT_NearMissed_cleaned.csv,932,2026-08-03 12:40:45.394,24.861111,0.385000000001412,0.68,0.22,0.55,20.32,81.85,-25.39,0.9018314698434515,88.07370209091928
kwanteng,near_miss,KT_NearMissed_cleaned.csv,934,2026-08-03 12:40:45.437,24.904636,43.524999999998926,0.82,0.19,0.69,4.21,69.95,-12.39,1.0883933112620638,71.16346464303155
kwanteng,near_miss,KT_NearMissed_cleaned.csv,936,2026-08-03 12:40:45.482,24.948693,44.05699999999868,0.95,0.21,0.69,1.89,34.3,3.23,1.1927698856024158,34.50355054193698
kwanteng,near_miss,KT_NearMissed_cleaned.csv,938,2026-08-03 12:40:45.526,24.992161,43.46800000000073,0.93,0.27,0.62,8.12,0.61,8.73,1.1498695578194946,11.938148935241175
kwanteng,near_miss,KT_NearMissed_cleaned.csv,939,2026-08-03 12:40:45.568,25.035426,43.26500000000166,0.91,0.28,0.66,2.75,-15.62,14.83,1.1584903970253704,21.713493500586218
kwanteng,near_miss,KT_NearMissed_cleaned.csv,941,2026-08-03 12:40:45.656,25.122906,87.47999999999934,0.96,0.25,0.75,-5.31,-9.7,33.33,1.2436237373096415,35.116591520248654
kwanteng,near_miss,KT_NearMissed_cleaned.csv,943,2026-08-03 12:40:45.657,25.124157,1.250999999999891,0.93,0.17,0.73,-7.51,11.47,52.73,1.1944454780357285,54.48315244183288
kwanteng,near_miss,KT_NearMissed_cleaned.csv,945,2026-08-03 12:40:45.700,25.16696,42.80299999999926,0.81,0.12,0.63,-14.16,32.9,69.95,1.0331505214633538,78.58700974079622
kwanteng,near_miss,KT_NearMissed_cleaned.csv,946,2026-08-03 12:40:45.701,25.167557,0.5969999999990705,0.81,0.12,0.63,-29.97,31.13,89.84,1.0331505214633538,99.69204281185135
kwanteng,near_miss,KT_NearMissed_cleaned.csv,947,2026-08-03 12:40:45.788,25.254509,86.95200000000014,0.8,0.08,0.65,-29.97,31.13,89.84,1.0338762014864256,99.69204281185135
kwanteng,near_miss,KT_NearMissed_cleaned.csv,948,2026-08-03 12:40:45.788,25.254798,0.28900000000220416,0.86,-0.07,0.81,-50.48,10.13,111.57,1.183469475736489,122.87681717883157
kwanteng,near_miss,KT_NearMissed_cleaned.csv,950,2026-08-03 12:40:45.831,25.298361,43.56299999999891,0.83,-0.24,0.86,-65.55,-1.71,132.69,1.2190570126126177,148.00798187935675
kwanteng,near_miss,KT_NearMissed_cleaned.csv,952,2026-08-03 12:40:45.918,25.385758,87.39699999999928,0.81,-0.36,0.72,-89.66,-11.47,142.64,1.1419719786404567,168.86872445778704
kwanteng,near_miss,KT_NearMissed_cleaned.csv,953,2026-08-03 12:40:45.920,25.386067,0.309000000001447,0.73,-0.44,0.57,-134.77,-19.96,140.32,1.025377979088687,195.57877415507033
kwanteng,near_miss,KT_NearMissed_cleaned.csv,955,2026-08-03 12:40:45.921,25.387517,1.449999999998397,0.47,-0.47,0.47,-162.48,-17.03,130.13,0.8140638795573722,208.86260603564247
kwanteng,near_miss,KT_NearMissed_cleaned.csv,957,2026-08-03 12:40:46.006,25.473506,85.98900000000143,0.3,-0.46,0.36,-163.09,-14.77,114.26,0.6566582063752802,199.67936448216176
kwanteng,near_miss,KT_NearMissed_cleaned.csv,959,2026-08-03 12:40:46.095,25.56096,87.45400000000103,0.34,-0.37,0.29,-172.24,-2.56,99.98,0.5801723881744115,199.17121177519607
kwanteng,near_miss,KT_NearMissed_cleaned.csv,960,2026-08-03 12:40:46.096,25.562493,1.5329999999984523,0.39,-0.38,0.27,-198.49,37.29,78.43,0.6077828559609098,216.6566156386645
kwanteng,near_miss,KT_NearMissed_cleaned.csv,962,2026-08-03 12:40:46.098,25.564842,2.3489999999988243,0.35,-0.58,0.2,-225.04,74.4,30.7,0.706328535456412,238.9996895395473
kwanteng,near_miss,KT_NearMissed_cleaned.csv,964,2026-08-03 12:40:46.312,25.779051,214.20900000000032,0.26,-0.76,0.02,-267.94,63.54,-27.59,0.8034923770640267,276.7496762419064
kwanteng,near_miss,KT_NearMissed_cleaned.csv,966,2026-08-03 12:40:46.313,25.780106,1.0550000000009163,0.18,-0.7,-0.23,-384.09,5.13,-62.44,0.7584853327520579,389.1660296069018
kwanteng,near_miss,KT_NearMissed_cleaned.csv,967,2026-08-03 12:40:46.314,25.781002,0.8960000000008961,0.23,-0.54,-0.66,-513.73,-75.56,-76.84,0.8832326986700617,524.9116231328851
kwanteng,near_miss,KT_NearMissed_cleaned.csv,969,2026-08-03 12:40:46.316,25.78335,2.3479999999977963,0.4,-0.46,-1.16,-493.29,-145.26,-71.41,1.3104197800704933,519.1674872331664
kwanteng,near_miss,KT_NearMissed_cleaned.csv,971,2026-08-03 12:40:46.444,25.910225,126.87500000000185,0.58,-0.4,-1.24,-307.13,-160.58,-28.38,1.4261837188805657,347.73581595803444
kwanteng,near_miss,KT_NearMissed_cleaned.csv,973,2026-08-03 12:40:46.445,25.911428,1.2030000000002872,0.55,-0.37,-0.94,-125.18,-118.47,22.64,1.1502173707608487,173.83251393223307
kwanteng,near_miss,KT_NearMissed_cleaned.csv,974,2026-08-03 12:40:46.445,25.912117,0.6889999999977192,0.27,-0.43,-0.72,-47.0,-58.47,46.57,0.8810221336606703,88.29782443526001
kwanteng,near_miss,KT_NearMissed_cleaned.csv,976,2026-08-03 12:40:46.447,25.914055,1.9380000000026598,0.08,-0.39,-0.69,-43.03,-19.9,43.88,0.7966178506661773,64.59911222300195
kwanteng,near_miss,KT_NearMissed_cleaned.csv,978,2026-08-03 12:40:46.449,25.915585,1.5299999999989211,0.15,-0.22,-0.73,-72.14,-9.83,35.46,0.7770456872024964,80.98283830540889
kwanteng,near_miss,KT_NearMissed_cleaned.csv,979,2026-08-03 12:40:46.531,25.998491,82.90600000000126,0.3,-0.06,-0.86,-101.14,-11.72,40.16,0.9127978965795221,109.45082731528346
kwanteng,near_miss,KT_NearMissed_cleaned.csv,981,2026-08-03 12:40:46.534,26.00079,2.2989999999971644,0.37,0.09,-0.92,-102.54,-3.23,58.84,0.9956907150315303,118.26677513147978
kwanteng,near_miss,KT_NearMissed_cleaned.csv,983,2026-08-03 12:40:46.575,26.042012,41.2220000000012,0.29,0.22,-1.03,-92.59,18.13,62.99,1.0924284873619874,113.4431359756949
kwanteng,near_miss,KT_NearMissed_cleaned.csv,985,2026-08-03 12:40:46.620,26.086169,44.157000000002,0.35,0.4,-1.34,-91.74,29.3,74.1,1.4415616532080757,121.51348731725214
kwanteng,near_miss,KT_NearMissed_cleaned.csv,986,2026-08-03 12:40:46.707,26.173613,87.44399999999786,0.66,0.31,-1.32,-99.79,-11.72,91.25,1.5080119362922828,135.7275395783774
kwanteng,near_miss,KT_NearMissed_cleaned.csv,988,2026-08-03 12:40:46.707,26.174405,0.79200000000057,0.67,0.08,-1.06,-91.31,-59.75,64.7,1.2565428763078481,126.8608237400341
kwanteng,near_miss,KT_NearMissed_cleaned.csv,990,2026-08-03 12:40:46.750,26.21689,42.48499999999922,0.42,-0.12,-1.0,-28.87,-33.14,-13.85,1.0912378292562992,46.08208979636232
kwanteng,near_miss,KT_NearMissed_cleaned.csv,992,2026-08-03 12:40:46.794,26.260714,43.82400000000075,0.33,0.01,-1.07,48.77,16.85,-82.7,1.1197767634667188,97.47679416148236
kwanteng,near_miss,KT_NearMissed_cleaned.csv,993,2026-08-03 12:40:46.795,26.261112,0.39800000000056457,0.37,0.41,-0.99,88.38,26.73,-51.51,1.1336225121265013,105.72983211941651
kwanteng,near_miss,KT_NearMissed_cleaned.csv,995,2026-08-03 12:40:46.838,26.304908,43.79600000000039,0.29,0.46,-0.81,85.21,12.33,14.34,0.9756023780208821,87.28349557619698
kwanteng,near_miss,KT_NearMissed_cleaned.csv,997,2026-08-03 12:40:46.881,26.348415,43.506999999998186,0.19,0.12,-0.83,86.49,14.71,-24.84,0.8598837130682264,91.18075345159195
kwanteng,near_miss,KT_NearMissed_cleaned.csv,999,2026-08-03 12:40:46.925,26.392488,44.07300000000092,0.3,-0.26,-1.04,121.09,28.87,-122.01,1.1131936040060597,174.30635415841846
kwanteng,near_miss,KT_NearMissed_cleaned.csv,1000,2026-08-03 12:40:46.969,26.435769,43.28100000000035,0.4,-0.16,-1.18,153.38,18.74,-88.32,1.2561846997953763,177.98043263235428
kwanteng,near_miss,KT_NearMissed_cleaned.csv,1002,2026-08-03 12:40:47.013,26.479327,43.558000000000874,0.28,0.09,-1.14,157.65,-1.77,19.47,1.1773274820541648,158.85759755202142
kwanteng,near_miss,KT_NearMissed_cleaned.csv,1004,2026-08-03 12:40:47.057,26.523572,44.24500000000009,0.1,0.13,-0.84,134.03,-20.02,61.16,0.8558621384311844,148.67880447461232
kwanteng,near_miss,KT_NearMissed_cleaned.csv,1006,2026-08-03 12:40:47.100,26.567213,43.640999999997376,-0.01,0.22,-0.36,89.36,-45.78,58.11,0.4220189569201838,116.00771569167286
kwanteng,near_miss,KT_NearMissed_cleaned.csv,1007,2026-08-03 12:40:47.144,26.610756,43.542999999999665,-0.1,0.33,-0.02,50.54,-68.36,12.76,0.3453983207834109,85.96626547663915
kwanteng,near_miss,KT_NearMissed_cleaned.csv,1009,2026-08-03 12:40:47.231,26.698233,87.4769999999998,0.04,-0.2,-0.51,-1.83,-82.4,-59.2,0.5492722457943784,101.4778246712059
kwanteng,near_miss,KT_NearMissed_cleaned.csv,1011,2026-08-03 12:40:47.232,26.699303,1.0700000000021248,0.41,-0.35,-1.58,-47.67,-71.96,-127.69,1.669431040804022,154.12789040274313
kwanteng,near_miss,KT_NearMissed_cleaned.csv,1013,2026-08-03 12:40:47.276,26.742129,42.82599999999803,0.73,0.03,-1.51,30.15,-35.1,-175.29,1.6774683305505353,181.2942817631047
kwanteng,near_miss,KT_NearMissed_cleaned.csv,1014,2026-08-03 12:40:47.276,26.742376,0.24700000000166256,0.67,-0.2,-0.92,109.8,-23.8,-147.89,1.155551816233266,185.72542125406525
kwanteng,near_miss,KT_NearMissed_cleaned.csv,1016,2026-08-03 12:40:47.319,26.786117,43.741000000000696,0.27,-0.47,-1.09,32.23,-34.42,39.79,1.2173331507849443,61.69889302086383
kwanteng,near_miss,KT_NearMissed_cleaned.csv,1018,2026-08-03 12:40:47.363,26.829851,43.734000000000606,-0.02,-0.41,-0.89,-41.32,-35.46,186.77,0.9801020355044673,194.5450767817063
kwanteng,near_miss,KT_NearMissed_cleaned.csv,1019,2026-08-03 12:40:47.406,26.873175,43.323999999998364,-0.13,-0.33,-0.67,-11.47,-28.2,86.06,0.7580897044545587,91.28594908308726
kwanteng,near_miss,KT_NearMissed_cleaned.csv,1021,2026-08-03 12:40:47.450,26.917377,44.20199999999852,-0.05,-0.3,-1.13,17.09,-6.77,-90.45,1.1702136557056577,92.29898970194637
kwanteng,near_miss,KT_NearMissed_cleaned.csv,1023,2026-08-03 12:40:47.538,27.004095,86.71800000000118,0.12,-0.06,-1.34,-5.31,2.14,-140.87,1.3466996695625941,140.98628514859166
kwanteng,near_miss,KT_NearMissed_cleaned.csv,1025,2026-08-03 12:40:47.539,27.005447,1.352000000000686,0.15,0.21,-1.44,-74.4,-16.97,-70.56,1.4629422408283932,103.93293270181498
kwanteng,near_miss,KT_NearMissed_cleaned.csv,1027,2026-08-03 12:40:47.582,27.048519,43.07199999999867,0.17,0.1,-1.67,-159.91,-34.85,-5.43,1.6816063748689822,163.7535205728414
kwanteng,near_miss,KT_NearMissed_cleaned.csv,1028,2026-08-03 12:40:47.712,27.179111,130.59200000000004,0.1,-0.44,-1.67,-190.49,-33.39,31.01,1.7298843892006193,195.86462748541402
kwanteng,near_miss,KT_NearMissed_cleaned.csv,1030,2026-08-03 12:40:47.714,27.180438,1.326999999999856,-0.19,-1.17,-1.49,-122.01,-21.18,62.87,1.9039695375714392,138.8800540034457
kwanteng,near_miss,KT_NearMissed_cleaned.csv,1032,2026-08-03 12:40:47.715,27.181835,1.3970000000007587,-0.15,-1.07,-1.05,8.97,-20.08,90.39,1.5066187308008618,93.02698210734346
kwanteng,near_miss,KT_NearMissed_cleaned.csv,1034,2026-08-03 12:40:47.800,27.267337,85.50200000000174,0.44,0.07,-0.15,44.8,-70.68,151.98,0.4701063709417263,173.49531059945107
kwanteng,near_miss,KT_NearMissed_cleaned.csv,1035,2026-08-03 12:40:47.801,27.267747,0.4099999999986892,0.81,0.71,0.74,-67.2,-136.11,279.79,1.30682822130531,318.31464967858454
kwanteng,near_miss,KT_NearMissed_cleaned.csv,1037,2026-08-03 12:40:47.802,27.26888,1.1329999999993845,0.17,-0.02,0.64,-68.42,-105.47,208.56,0.6624952830020754,243.5210276341655
kwanteng,near_miss,KT_NearMissed_cleaned.csv,1039,2026-08-03 12:40:47.932,27.399078,130.19800000000004,-0.43,-0.48,-0.6,74.71,-8.61,-70.5,0.8805112151472008,103.08232729231524
kwanteng,near_miss,KT_NearMissed_cleaned.csv,1041,2026-08-03 12:40:47.933,27.400206,1.1280000000013501,-0.54,-0.07,-1.87,139.71,40.1,-143.92,1.947665268982327,204.54794181316026
kwanteng,near_miss,KT_NearMissed_cleaned.csv,1042,2026-08-03 12:40:47.934,27.401016,0.809999999997757,-0.34,0.23,-2.43,101.56,21.73,-2.08,2.464426911068778,103.8795114543768
kwanteng,near_miss,KT_NearMissed_cleaned.csv,1044,2026-08-03 12:40:47.976,27.442913,41.89700000000229,0.41,0.44,-1.96,12.02,-5.68,105.71,2.050195112666109,106.54269989070109
kwanteng,near_miss,KT_NearMissed_cleaned.csv,1046,2026-08-03 12:40:48.019,27.485686,42.773000000000394,0.26,0.42,-1.2,-47.24,-1.4,80.51,1.2976902558006667,93.3565086108087
kwanteng,near_miss,KT_NearMissed_cleaned.csv,1048,2026-08-03 12:40:48.063,27.52988,44.1939999999974,-0.53,0.18,-1.04,-53.65,6.9,44.74,1.1810588469674153,70.19686673919286
kwanteng,near_miss,KT_NearMissed_cleaned.csv,1049,2026-08-03 12:40:48.106,27.573294,43.41400000000206,-0.54,-0.12,-1.02,-70.98,0.37,79.71,1.160344776348823,106.73322537991626
kwanteng,near_miss,KT_NearMissed_cleaned.csv,1051,2026-08-03 12:40:48.150,27.616971,43.676999999998856,-0.07,-0.4,-0.86,-76.23,1.16,75.87,0.9510520490488414,107.55749811147524
kwanteng,near_miss,KT_NearMissed_cleaned.csv,1053,2026-08-03 12:40:48.194,27.660583,43.61199999999954,0.35,-0.42,-0.65,-38.15,7.32,41.2,0.849352694703443,56.62547924742007
kwanteng,near_miss,KT_NearMissed_cleaned.csv,1055,2026-08-03 12:40:48.237,27.704413,43.829999999999814,0.28,-0.09,-0.59,7.69,1.89,59.88,0.6592419889539803,60.401346011492166
kwanteng,near_miss,KT_NearMissed_cleaned.csv,1057,2026-08-03 12:40:48.281,27.748142,43.72900000000257,-0.26,0.18,-0.67,28.2,-2.75,108.76,0.7408778576796583,112.39012456617351
kwanteng,near_miss,KT_NearMissed_cleaned.csv,1058,2026-08-03 12:40:48.281,27.748484,0.34199999999984243,-0.45,0.2,-0.78,0.06,5.37,141.48,0.9224424101265076,141.5818876127875
kwanteng,near_miss,KT_NearMissed_cleaned.csv,1060,2026-08-03 12:40:48.326,27.792401,43.91700000000043,-0.09,0.03,-0.94,-50.05,7.26,147.46,0.9447751055145346,155.89150618298615
kwanteng,near_miss,KT_NearMissed_cleaned.csv,1062,2026-08-03 12:40:48.588,28.05448,262.07899999999995,0.24,-0.05,-1.03,-58.59,3.23,136.96,1.058772874605314,149.0008812054479
kwanteng,near_miss,KT_NearMissed_cleaned.csv,1063,2026-08-03 12:40:48.588,28.054847,0.36699999999711963,0.15,-0.07,-0.94,-24.48,3.78,140.81,0.9544631999192006,142.97207734379464
kwanteng,near_miss,KT_NearMissed_cleaned.csv,1065,2026-08-03 12:40:48.590,28.056145,1.2980000000020198,-0.01,-0.12,-0.82,5.13,5.55,155.7,0.8287943049997387,155.88331982608017
kwanteng,near_miss,KT_NearMissed_cleaned.csv,1067,2026-08-03 12:40:48.592,28.057907,1.7619999999993752,0.06,0.05,-0.93,25.7,13.49,149.05,0.9332738076256079,151.84983569302932
kwanteng,near_miss,KT_NearMissed_cleaned.csv,1069,2026-08-03 12:40:48.593,28.058917,1.0100000000008436,0.04,0.57,-1.62,93.44,31.31,121.83,1.7178183838811367,156.69683659857336
kwanteng,near_miss,KT_NearMissed_cleaned.csv,1070,2026-08-03 12:40:48.593,28.059721,0.8039999999986946,0.04,0.57,-1.62,177.06,34.73,55.85,1.7178183838811367,188.8799592333713
kwanteng,near_miss,KT_NearMissed_cleaned.csv,1071,2026-08-03 12:40:48.631,28.097943,38.22200000000109,-0.17,0.77,-2.08,177.06,34.73,55.85,2.2244549894299954,188.8799592333713
kwanteng,near_miss,KT_NearMissed_cleaned.csv,1072,2026-08-03 12:40:48.632,28.098295,0.35199999999946385,-0.16,0.47,-1.56,154.05,11.6,-20.26,1.6371010964506745,155.80895385054097
kwanteng,near_miss,KT_NearMissed_cleaned.csv,1074,2026-08-03 12:40:48.850,28.317342,219.04699999999977,0.09,0.23,-1.08,44.49,-3.54,-54.08,1.1078808600206071,70.11802977836727
kwanteng,near_miss,KT_NearMissed_cleaned.csv,1076,2026-08-03 12:40:48.852,28.318591,1.2490000000013879,0.39,-0.04,-1.04,-59.33,-7.57,-53.1,1.1114405067298925,79.98102149885308
kwanteng,near_miss,KT_NearMissed_cleaned.csv,1078,2026-08-03 12:40:48.893,28.360343,41.7519999999989,0.61,-0.25,-0.9,-97.96,-21.73,17.27,1.1156164215356459,101.81653794939209
kwanteng,near_miss,KT_NearMissed_cleaned.csv,1079,2026-08-03 12:40:48.894,28.360623,0.280000000000058,0.54,-0.14,-0.74,-43.52,-21.0,108.7,0.9267146270562475,118.95663243384121
kwanteng,near_miss,KT_NearMissed_cleaned.csv,1081,2026-08-03 12:40:48.895,28.362176,1.5530000000012478,0.2,-0.08,-0.86,57.5,17.03,79.59,0.88656641037206,99.65359501794202
kwanteng,near_miss,KT_NearMissed_cleaned.csv,1083,2026-08-03 12:40:48.897,28.363872,1.6959999999990316,-0.1,-0.12,-1.13,133.36,51.88,-23.62,1.1407453703609758,145.03216332938015
kwanteng,near_miss,KT_NearMissed_cleaned.csv,1085,2026-08-03 12:40:48.899,28.365506,1.6339999999992472,-0.03,-0.08,-1.28,159.06,44.01,-47.36,1.282848393225014,171.69721401350694
kwanteng,near_miss,KT_NearMissed_cleaned.csv,1086,2026-08-03 12:40:48.938,28.404114,38.607999999999976,0.16,-0.07,-1.19,144.96,16.3,1.95,1.202746856158851,145.88657957468192
kwanteng,near_miss,KT_NearMissed_cleaned.csv,1088,2026-08-03 12:40:48.982,28.448763,44.64899999999972,0.13,-0.12,-0.93,103.52,5.68,42.97,0.9466784036831093,112.22777597368665
kwanteng,near_miss,KT_NearMissed_cleaned.csv,1090,2026-08-03 12:40:49.069,28.535758,86.99500000000171,0.09,-0.21,-0.74,59.69,10.8,47.73,0.7744675590365293,77.18606739561227
kwanteng,near_miss,KT_NearMissed_cleaned.csv,1092,2026-08-03 12:40:49.070,28.536831,1.0729999999981032,0.13,-0.28,-0.7,32.17,14.83,17.82,0.7650490180374065,39.65337564445176
kwanteng,near_miss,KT_NearMissed_cleaned.csv,1093,2026-08-03 12:40:49.156,28.623327,86.49600000000035,0.17,-0.32,-0.75,18.49,15.81,-13.37,0.8329465769183519,27.759558714071805
kwanteng,near_miss,KT_NearMissed_cleaned.csv,1095,2026-08-03 12:40:49.157,28.624292,0.9650000000007708,0.12,-0.36,-0.76,8.73,17.09,-15.2,0.8494704232638121,24.481033474916863
kwanteng,near_miss,KT_NearMissed_cleaned.csv,1097,2026-08-03 12:40:49.200,28.666817,42.525000000001256,0.03,-0.36,-0.71,-2.01,13.0,0.79,0.7966178506661774,13.178171345069087
kwanteng,near_miss,KT_NearMissed_cleaned.csv,1099,2026-08-03 12:40:49.244,28.71088,44.06299999999774,0.01,-0.32,-0.65,-15.38,1.04,8.61,0.724568837309472,17.656672959535722
kwanteng,near_miss,KT_NearMissed_cleaned.csv,1100,2026-08-03 12:40:49.245,28.711186,0.30600000000191585,0.01,-0.32,-0.65,-25.94,-9.77,4.46,0.724568837309472,28.075400264288312
kwanteng,near_miss,KT_NearMissed_cleaned.csv,1101,2026-08-03 12:40:49.288,28.754703,43.51699999999781,0.1,-0.25,-0.57,-25.94,-9.77,4.46,0.6303967004989794,28.075400264288312
kwanteng,near_miss,KT_NearMissed_cleaned.csv,1102,2026-08-03 12:40:49.288,28.755031,0.3279999999996619,0.2,-0.24,-0.52,-29.17,-14.1,0.06,0.6066300355241241,32.3991126421697
kwanteng,near_miss,KT_NearMissed_cleaned.csv,1104,2026-08-03 12:40:49.375,28.842286,87.25500000000252,0.19,-0.33,-0.59,-32.35,-13.67,-5.19,0.7022107945624305,35.501091532514884
kwanteng,near_miss,KT_NearMissed_cleaned.csv,1106,2026-08-03 12:40:49.377,28.84383,1.5439999999991016,0.01,-0.44,-0.83,-48.58,-11.9,-27.28,0.9394679345246435,56.972140560101835
kwanteng,near_miss,KT_NearMissed_cleaned.csv,1108,2026-08-03 12:40:49.418,28.886162,42.33199999999826,-0.16,-0.51,-1.3,-74.95,-11.96,-82.76,1.40559595901525,112.29319525242838
kwanteng,near_miss,KT_NearMissed_cleaned.csv,1109,2026-08-03 12:40:49.463,28.929803,43.64100000000093,0.08,-0.46,-1.82,-100.4,-18.55,-139.28,1.8789358690492872,172.69389363842603
kwanteng,near_miss,KT_NearMissed_cleaned.csv,1111,2026-08-03 12:40:49.681,29.148389,218.58600000000195,0.47,-0.41,-1.71,-100.16,-31.86,-146.06,1.8201922975334226,179.94612749375852
kwanteng,near_miss,KT_NearMissed_cleaned.csv,1113,2026-08-03 12:40:49.683,29.149596,1.2069999999972936,0.52,-0.2,-1.1,-50.78,-34.24,-97.11,1.2330450113438682,114.81000871004235
kwanteng,near_miss,KT_NearMissed_cleaned.csv,1115,2026-08-03 12:40:49.813,29.280011,130.41499999999928,0.34,0.24,-0.66,6.29,-18.92,-38.57,0.7802563681252463,43.41860661053047
kwanteng,near_miss,KT_NearMissed_cleaned.csv,1116,2026-08-03 12:40:49.814,29.280382,0.37100000000123146,0.13,0.47,-0.64,23.5,1.83,-34.55,0.8046117075956576,41.82465062615586
kwanteng,near_miss,KT_NearMissed_cleaned.csv,1118,2026-08-03 12:40:49.815,29.281642,1.2600000000020373,0.0,0.36,-0.9,-1.22,13.92,-71.72,0.9693296652842107,73.06855137471933
kwanteng,near_miss,KT_NearMissed_cleaned.csv,1120,2026-08-03 12:40:49.817,29.283197,1.554999999999751,-0.05,-0.09,-1.1,-72.81,-6.47,-11.72,1.1048076755707303,74.03050317267876
kwanteng,near_miss,KT_NearMissed_cleaned.csv,1122,2026-08-03 12:40:49.856,29.323042,39.844999999999686,-0.01,-0.21,-1.13,-143.01,-50.96,163.39,1.1493911431710269,223.03603699850837
kwanteng,near_miss,KT_NearMissed_cleaned.csv,1124,2026-08-03 12:40:49.858,29.324965,1.9229999999978986,0.13,0.1,-1.03,-127.38,-64.64,196.41,1.0429765098025938,242.85979926698448
kwanteng,near_miss,KT_NearMissed_cleaned.csv,1125,2026-08-03 12:40:49.859,29.325836,0.8710000000000662,0.29,0.24,-0.89,-53.65,-39.18,56.46,0.9663332758422427,87.18443955202098
kwanteng,near_miss,KT_NearMissed_cleaned.csv,1127,2026-08-03 12:40:49.860,29.327152,1.3160000000027594,0.29,0.3,-0.89,-2.99,-10.62,-43.15,0.9829547293746543,44.53815218439131
kwanteng,near_miss,KT_NearMissed_cleaned.csv,1129,2026-08-03 12:40:50.077,29.542888,215.7359999999997,0.08,0.37,-0.97,6.96,6.29,-53.41,1.0412492496996097,54.22761104824736
kwanteng,near_miss,KT_NearMissed_cleaned.csv,1131,2026-08-03 12:40:50.078,29.544333,1.4450000000003627,-0.13,0.35,-1.04,-8.85,5.68,-5.31,1.1049886877249016,11.780534792614466
kwanteng,near_miss,KT_NearMissed_cleaned.csv,1132,2026-08-03 12:40:50.079,29.545248,0.914999999999111,-0.2,0.28,-1.09,-27.71,-8.79,60.36,1.1430223094935636,66.99580434624245
kwanteng,near_miss,KT_NearMissed_cleaned.csv,1134,2026-08-03 12:40:50.081,29.546904,1.656000000000546,-0.13,0.2,-1.09,-27.16,-19.41,75.01,1.11579568022107,82.10306815217079
kwanteng,near_miss,KT_NearMissed_cleaned.csv,1136,2026-08-03 12:40:50.118,29.585646,38.741999999999166,-0.04,0.13,-1.03,-9.95,-16.97,30.94,1.0389417693018217,36.6642468898517
kwanteng,near_miss,KT_NearMissed_cleaned.csv,1138,2026-08-03 12:40:50.121,29.587909,2.262999999999238,0.02,0.12,-0.94,8.54,-11.23,6.23,0.9478396488858228,15.422626235502175
kwanteng,near_miss,KT_NearMissed_cleaned.csv,1142,2026-08-03 12:40:50.207,29.673497,85.58800000000133,0.03,0.26,-0.74,9.83,-13.18,63.29,0.7849203781276162,65.39086633468011
kwanteng,near_miss,KT_NearMissed_cleaned.csv,1146,2026-08-03 12:40:50.339,29.805708,132.21099999999808,-0.01,0.18,-0.76,-54.5,-17.09,88.26,0.7810889834071404,105.12918576684594
kwanteng,near_miss,KT_NearMissed_cleaned.csv,1147,2026-08-03 12:40:50.339,29.806438,0.7300000000007856,-0.01,0.18,-0.76,-62.07,-10.31,101.32,0.7810889834071404,119.26744484560739
kwanteng,near_miss,KT_NearMissed_cleaned.csv,1148,2026-08-03 12:40:50.340,29.807113,0.6750000000010914,0.02,0.28,-0.9,-62.07,-10.31,101.32,0.942761899951414,119.26744484560739
kwanteng,near_miss,KT_NearMissed_cleaned.csv,1149,2026-08-03 12:40:50.341,29.808267,1.1539999999996553,0.04,0.12,-1.15,-56.09,10.5,64.27,1.1569356075426152,85.94748978300646
kwanteng,near_miss,KT_NearMissed_cleaned.csv,1151,2026-08-03 12:40:50.425,29.891982,83.71499999999799,-0.01,-0.09,-1.38,-38.15,29.91,19.35,1.382967823197633,52.19629392974179
kwanteng,near_miss,KT_NearMissed_cleaned.csv,1155,2026-08-03 12:40:50.469,29.935643,43.66100000000017,-0.07,-0.09,-1.58,31.56,30.46,12.08,1.5841085821369696,45.4947425533984
kwanteng,near_miss,KT_NearMissed_cleaned.csv,1156,2026-08-03 12:40:50.513,29.979654,44.01100000000113,-0.07,-0.09,-1.58,83.31,23.86,-14.16,1.5841085821369696,87.80866301225637
kwanteng,near_miss,KT_NearMissed_cleaned.csv,1157,2026-08-03 12:40:50.556,30.023043,43.38900000000123,0.16,-0.02,-1.47,83.31,23.86,-14.16,1.4788170948430368,87.80866301225637
kwanteng,near_miss,KT_NearMissed_cleaned.csv,1158,2026-08-03 12:40:50.557,30.023441,0.39799999999701186,0.3,0.18,-1.27,135.25,21.85,-48.28,1.3173078607523756,145.2616377437622
kwanteng,near_miss,KT_NearMissed_cleaned.csv,1160,2026-08-03 12:40:50.600,30.067355,43.9140000000009,0.2,0.35,-0.97,162.48,22.89,-23.25,1.0504284840006957,165.72345941356642
kwanteng,near_miss,KT_NearMissed_cleaned.csv,1162,2026-08-03 12:40:50.644,30.110756,43.40099999999936,-0.01,0.23,-0.8,156.68,19.71,14.1,0.8324662155306966,158.5431061257474
kwanteng,near_miss,KT_NearMissed_cleaned.csv,1163,2026-08-03 12:40:50.644,30.111023,0.2670000000009054,-0.12,0.03,-0.83,124.51,6.77,-5.07,0.8391662528962899,124.79694667739271
kwanteng,near_miss,KT_NearMissed_cleaned.csv,1165,2026-08-03 12:40:50.732,30.198635,87.61200000000002,0.02,0.0,-0.92,86.61,-12.76,-39.98,0.9202173656261873,96.24193524654416
kwanteng,near_miss,KT_NearMissed_cleaned.csv,1167,2026-08-03 12:40:50.734,30.200199,1.5640000000018972,0.22,0.05,-0.97,54.14,-30.82,-41.38,0.9958915603618699,74.78847772217321
kwanteng,near_miss,KT_NearMissed_cleaned.csv,1169,2026-08-03 12:40:50.819,30.285913,85.7139999999994,0.33,0.07,-0.89,15.5,-45.72,-7.57,0.9517877914745493,48.86587050283664
kwanteng,near_miss,KT_NearMissed_cleaned.csv,1170,2026-08-03 12:40:50.820,30.286462,0.5489999999994666,0.33,0.07,-0.89,-19.59,-52.67,12.94,0.9517877914745493,57.66576627428096
kwanteng,near_miss,KT_NearMissed_cleaned.csv,1171,2026-08-03 12:40:50.821,30.287759,1.2970000000009918,0.3,-0.01,-0.73,-19.59,-52.67,12.94,0.7893034904268446,57.66576627428096
kwanteng,near_miss,KT_NearMissed_cleaned.csv,1172,2026-08-03 12:40:50.863,30.329564,41.80500000000009,0.24,-0.18,-0.62,-26.49,-39.12,-17.21,0.6887670143089026,50.281990811820485
kwanteng,near_miss,KT_NearMissed_cleaned.csv,1174,2026-08-03 12:40:50.907,30.373968,44.40400000000011,0.2,-0.27,-0.62,-8.54,-10.31,-75.07,0.7051950084905593,76.25439397175745
kwanteng,near_miss,KT_NearMissed_cleaned.csv,1176,2026-08-03 12:40:50.950,30.417398,43.42999999999719,0.12,-0.25,-0.79,11.23,9.34,-122.13,0.8372574275573792,123.00034715398164
kwanteng,near_miss,KT_NearMissed_cleaned.csv,1177,2026-08-03 12:40:51.081,30.548438,131.04000000000227,0.12,-0.25,-0.79,12.45,7.75,-139.34,0.8372574275573792,140.10960209778628
kwanteng,near_miss,KT_NearMissed_cleaned.csv,1178,2026-08-03 12:40:51.082,30.548848,0.4099999999986892,0.08,-0.28,-0.96,12.45,7.75,-139.34,1.0031948963187562,140.10960209778628
kwanteng,near_miss,KT_NearMissed_cleaned.csv,1179,2026-08-03 12:40:51.082,30.549352,0.5039999999993938,0.15,-0.35,-1.01,-1.04,-7.02,-131.47,1.0793979803575695,131.66139487336446
kwanteng,near_miss,KT_NearMissed_cleaned.csv,1181,2026-08-03 12:40:51.084,30.551208,1.8560000000000798,0.37,-0.22,-1.4,-9.03,-21.24,-122.5,1.4646842663181714,124.65523855819298
kwanteng,near_miss,KT_NearMissed_cleaned.csv,1183,2026-08-03 12:40:51.125,30.591939,40.73100000000096,0.53,0.09,-1.77,-6.35,-20.69,-122.5,1.8498378307300347,124.39714064237972
kwanteng,near_miss,KT_NearMissed_cleaned.csv,1185,2026-08-03 12:40:51.169,30.635773,43.83400000000037,0.34,0.34,-1.3,5.07,1.16,-108.7,1.3860735911198945,108.82435618922815
kwanteng,near_miss,KT_NearMissed_cleaned.csv,1186,2026-08-03 12:40:51.169,30.636165,0.39199999999794954,0.06,0.49,-0.69,16.54,19.96,-65.12,0.8484102781084161,70.08985375929957
kwanteng,near_miss,KT_NearMissed_cleaned.csv,1188,2026-08-03 12:40:51.214,30.680702,44.537000000001825,-0.12,0.55,-0.68,5.92,17.03,-22.22,0.882779700718135,28.61460641001375
kwanteng,near_miss,KT_NearMissed_cleaned.csv,1190,2026-08-03 12:40:51.301,30.767836,87.13399999999893,-0.23,0.35,-0.98,-35.22,0.73,-36.44,1.0657391800998965,50.68387218830069
kwanteng,near_miss,KT_NearMissed_cleaned.csv,1192,2026-08-03 12:40:51.302,30.768899,1.0630000000020345,-0.17,0.02,-1.12,-69.76,-31.98,-11.11,1.133004854358533,77.54102204639813
kwanteng,near_miss,KT_NearMissed_cleaned.csv,1193,2026-08-03 12:40:51.344,30.810856,41.95700000000002,0.0,-0.11,-1.06,-67.32,-66.1,121.89,1.0656922632730332,154.13748570675466
kwanteng,near_miss,KT_NearMissed_cleaned.csv,1195,2026-08-03 12:40:51.475,30.942336,131.47999999999982,0.09,-0.05,-0.96,-46.75,-64.58,181.4,0.9655050491841045,198.14666007783225
kwanteng,near_miss,KT_NearMissed_cleaned.csv,1197,2026-08-03 12:40:51.476,30.9432,0.8639999999999759,0.09,0.09,-0.91,-25.33,-30.64,93.38,0.9188579868510695,101.49011232627541
kwanteng,near_miss,KT_NearMissed_cleaned.csv,1199,2026-08-03 12:40:51.478,30.944698,1.497999999998001,0.08,0.17,-0.9,-16.24,-1.95,-1.16,0.9194019795497507,16.39773459963296
kwanteng,near_miss,KT_NearMissed_cleaned.csv,1200,2026-08-03 12:40:51.519,30.985751,41.05300000000156,0.04,0.03,-0.95,-25.88,5.98,-24.05,0.9513148795220223,35.832070830472524
kwanteng,near_miss,KT_NearMissed_cleaned.csv,1202,2026-08-03 12:40:51.563,31.029622,43.87099999999933,0.02,-0.09,-1.0,-33.39,2.62,2.69,1.0042410069301093,33.60048511554558
kwanteng,near_miss,KT_NearMissed_cleaned.csv,1204,2026-08-03 12:40:51.607,31.073365,43.7429999999992,0.06,0.0,-0.99,-24.05,-1.22,41.56,0.9918165152889924,48.03253584811029
kwanteng,near_miss,KT_NearMissed_cleaned.csv,1206,2026-08-03 12:40:51.694,31.160793,87.42800000000273,0.07,0.07,-0.95,-13.18,3.11,44.13,0.9551439682058407,46.161037683310376
kwanteng,near_miss,KT_NearMissed_cleaned.csv,1207,2026-08-03 12:40:51.694,31.161128,0.33499999999975216,0.05,-0.03,-0.93,-10.5,13.98,20.81,0.9318261640456336,27.179891464095288
kwanteng,near_miss,KT_NearMissed_cleaned.csv,1209,2026-08-03 12:40:51.696,31.162989,1.8609999999981142,-0.02,-0.04,-0.96,-4.39,21.48,25.63,0.9610411021387171,33.72772450077236
kwanteng,near_miss,KT_NearMissed_cleaned.csv,1211,2026-08-03 12:40:51.782,31.248745,85.75599999999994,-0.22,-0.01,-1.08,5.31,23.19,35.89,1.102225022397877,43.05884694229515
kwanteng,near_miss,KT_NearMissed_cleaned.csv,1213,2026-08-03 12:40:51.784,31.250256,1.5110000000007062,-0.29,-0.19,-1.34,9.58,20.39,-7.69,1.3841242718773485,23.804718019753984
kwanteng,near_miss,KT_NearMissed_cleaned.csv,1215,2026-08-03 12:40:51.870,31.336101,85.84499999999906,-0.1,-0.24,-1.53,36.8,12.27,-85.88,1.5519342769589182,94.23463959712478
kwanteng,near_miss,KT_NearMissed_cleaned.csv,1216,2026-08-03 12:40:51.870,31.336839,0.7380000000019038,0.23,-0.01,-1.43,95.46,4.94,-133.73,1.448412924548797,164.37982875036704
kwanteng,near_miss,KT_NearMissed_cleaned.csv,1218,2026-08-03 12:40:51.957,31.423475,86.6359999999986,0.48,0.2,-1.16,133.67,8.67,-100.71,1.2712198865656563,167.58681899242552
kwanteng,near_miss,KT_NearMissed_cleaned.csv,1220,2026-08-03 12:40:52.088,31.554267,130.79199999999958,0.43,0.26,-0.93,129.82,15.08,-10.74,1.0570714261581382,131.13346788672982
kwanteng,near_miss,KT_NearMissed_cleaned.csv,1222,2026-08-03 12:40:52.089,31.555289,1.0219999999989682,0.07,0.24,-0.82,101.93,10.68,35.4,0.8572630868059116,108.42945771329856
kwanteng,near_miss,KT_NearMissed_cleaned.csv,1223,2026-08-03 12:40:52.090,31.556237,0.9480000000010591,-0.28,0.14,-0.93,60.0,-7.81,11.96,0.9812746812182612,61.67688140624492
kwanteng,near_miss,KT_NearMissed_cleaned.csv,1225,2026-08-03 12:40:52.091,31.558082,1.8449999999994304,-0.19,0.05,-1.04,21.42,-41.02,-22.71,1.0583950113261116,51.54804457978984
kwanteng,near_miss,KT_NearMissed_cleaned.csv,1227,2026-08-03 12:40:52.131,31.598334,40.2520000000024,0.18,0.06,-0.96,6.23,-68.85,-47.49,0.9785703858180055,83.87154165746567
kwanteng,near_miss,KT_NearMissed_cleaned.csv,1229,2026-08-03 12:40:52.176,31.6422,43.86599999999774,0.35,0.05,-0.82,-2.38,-69.09,-65.86,0.892972563968233,95.4810562363027
kwanteng,near_miss,KT_NearMissed_cleaned.csv,1230,2026-08-03 12:40:52.176,31.642508,0.30800000000041905,0.29,-0.04,-0.74,-19.9,-45.9,-72.14,0.7958014827832378,87.78951873657812
kwanteng,near_miss,KT_NearMissed_cleaned.csv,1232,2026-08-03 12:40:52.351,31.817849,175.34099999999953,0.14,-0.12,-0.81,-33.63,-14.71,-77.27,0.8307225770376053,85.54539087525406
kwanteng,near_miss,KT_NearMissed_cleaned.csv,1234,2026-08-03 12:40:52.352,31.819141,1.2919999999994047,0.04,-0.14,-0.96,-33.2,10.38,-97.78,0.9709788875150684,103.7830082431609
kwanteng,near_miss,KT_NearMissed_cleaned.csv,1236,2026-08-03 12:40:52.354,31.8207,1.5590000000003101,0.04,-0.16,-1.04,-20.69,20.14,-131.65,1.0529957264870546,134.77914601302385
kwanteng,near_miss,KT_NearMissed_cleaned.csv,1237,2026-08-03 12:40:52.355,31.821579,0.8790000000011844,0.04,-0.16,-1.04,-8.67,15.32,-152.65,1.0529957264870546,153.6616211029937
kwanteng,near_miss,KT_NearMissed_cleaned.csv,1238,2026-08-03 12:40:52.356,31.822416,0.8370000000006428,0.08,-0.22,-1.01,-8.67,15.32,-152.65,1.0367738422626218,153.6616211029937
kwanteng,near_miss,KT_NearMissed_cleaned.csv,1239,2026-08-03 12:40:52.393,31.860316,37.90000000000049,0.1,-0.19,-0.98,-2.99,3.11,-135.86,1.0032447358446492,135.92848045939454
kwanteng,near_miss,KT_NearMissed_cleaned.csv,1241,2026-08-03 12:40:52.438,31.90482,44.50399999999988,0.12,-0.01,-1.04,3.48,-9.09,-105.53,1.0469479452198185,105.97791939833505
kwanteng,near_miss,KT_NearMissed_cleaned.csv,1243,2026-08-03 12:40:52.569,32.035872,131.05199999999684,0.2,0.21,-1.12,7.26,-18.25,-87.83,1.1569356075426152,89.99932777526729
kwanteng,near_miss,KT_NearMissed_cleaned.csv,1244,2026-08-03 12:40:52.571,32.036935,1.0630000000020345,0.37,0.1,-1.13,-14.71,-26.31,-63.72,1.1932309080810803,70.48998936019213
kwanteng,near_miss,KT_NearMissed_cleaned.csv,1246,2026-08-03 12:40:52.572,32.038768,1.832999999997753,0.54,-0.34,-1.08,-55.11,-24.48,-54.81,1.2544321424453377,81.48937722181952
kwanteng,near_miss,KT_NearMissed_cleaned.csv,1248,2026-08-03 12:40:52.657,32.123576,84.80800000000244,0.46,-0.38,-0.97,-46.51,-1.89,-72.51,1.1388151737661383,86.1652615617222
kwanteng,near_miss,KT_NearMissed_cleaned.csv,1250,2026-08-03 12:40:52.658,32.124514,0.937999999997885,0.1,-0.08,-0.96,12.02,27.53,-96.68,0.96850400102426,101.23933869795873
kwanteng,near_miss,KT_NearMissed_cleaned.csv,1251,2026-08-03 12:40:52.658,32.125292,0.7780000000039422,-0.18,-0.03,-1.03,38.09,36.44,-122.13,1.0460401521930216,133.02051946974194
kwanteng,near_miss,KT_NearMissed_cleaned.csv,1253,2026-08-03 12:40:52.744,32.211359,86.0669999999999,-0.24,-0.12,-1.06,13.79,18.55,-106.81,1.0934349546269317,109.28239885727254
kwanteng,near_miss,KT_NearMissed_cleaned.csv,1255,2026-08-03 12:40:52.746,32.212879,1.5199999999992997,-0.21,-0.05,-1.04,-11.96,-5.37,-62.38,1.0621675950620977,63.74278704292746
kwanteng,near_miss,KT_NearMissed_cleaned.csv,1257,2026-08-03 12:40:52.789,32.255186,42.30700000000098,-0.16,0.07,-1.04,-22.58,-22.4,-47.24,1.0545615202537972,56.94939859208348
kwanteng,near_miss,KT_NearMissed_cleaned.csv,1258,2026-08-03 12:40:52.832,32.298761,43.57499999999703,-0.16,0.07,-1.04,-35.71,-36.8,-50.84,1.0545615202537972,72.20906937497533
kwanteng,near_miss,KT_NearMissed_cleaned.csv,1259,2026-08-03 12:40:52.832,32.298992,0.2309999999994261,0.03,0.0,-1.08,-35.71,-36.8,-50.84,1.0804165863221464,72.20906937497533
kwanteng,near_miss,KT_NearMissed_cleaned.csv,1260,2026-08-03 12:40:52.876,32.342467,43.47500000000082,0.18,-0.07,-1.08,-36.62,-37.54,-62.56,1.0971326264403953,81.63350782613718
kwanteng,near_miss,KT_NearMissed_cleaned.csv,1262,2026-08-03 12:40:52.919,32.3862,43.73300000000313,0.04,0.04,-1.03,-7.69,-14.71,-105.29,1.0315522284402279,106.59035744381384
kwanteng,near_miss,KT_NearMissed_cleaned.csv,1264,2026-08-03 12:40:53.137,32.604701,218.50099999999628,-0.21,0.2,-0.99,27.77,9.95,-152.04,1.0316006979447039,154.8752304275929
kwanteng,near_miss,KT_NearMissed_cleaned.csv,1265,2026-08-03 12:40:53.139,32.605128,0.4270000000019536,-0.21,0.2,-0.99,41.02,11.29,-154.54,1.0316006979447039,160.28947594898423
kwanteng,near_miss,KT_NearMissed_cleaned.csv,1266,2026-08-03 12:40:53.139,32.605733,0.6050000000001887,-0.27,0.26,-1.0,41.02,11.29,-154.54,1.0679419459877022,160.28947594898423
kwanteng,near_miss,KT_NearMissed_cleaned.csv,1267,2026-08-03 12:40:53.141,32.606852,1.1190000000027567,-0.14,0.26,-0.99,30.46,-8.85,-105.1,1.0331021246711285,109.78225767399756
kwanteng,near_miss,KT_NearMissed_cleaned.csv,1269,2026-08-03 12:40:53.142,32.608634,1.781999999998618,0.06,0.29,-0.97,14.83,-29.42,-27.4,1.0141991914806479,42.85119951646628
kwanteng,near_miss,KT_NearMissed_cleaned.csv,1271,2026-08-03 12:40:53.182,32.6483,39.66599999999687,0.22,0.29,-0.93,-2.38,-31.43,14.1,0.9986991538997118,34.52997683173274
kwanteng,near_miss,KT_NearMissed_cleaned.csv,1273,2026-08-03 12:40:53.182,32.649023,0.7230000000006953,0.18,0.23,-0.92,-15.08,-9.7,-28.5,0.9652460826131335,33.67115085648247
kwanteng,near_miss,KT_NearMissed_cleaned.csv,1274,2026-08-03 12:40:53.184,32.650217,1.193999999998141,0.01,0.18,-0.95,-13.92,20.39,-112.55,0.9669539802906858,115.2259562772208
kwanteng,near_miss,KT_NearMissed_cleaned.csv,1276,2026-08-03 12:40:53.269,32.736254,86.03700000000458,-0.06,0.05,-0.99,-19.9,35.46,-167.66,0.9930760293149764,172.52042545739332
kwanteng,near_miss,KT_NearMissed_cleaned.csv,1278,2026-08-03 12:40:53.270,32.7378,1.5459999999976048,-0.04,-0.07,-1.0,-36.68,32.04,-156.8,1.0032447358446492,164.18959772165837
kwanteng,near_miss,KT_NearMissed_cleaned.csv,1280,2026-08-03 12:40:53.401,32.867532,129.73199999999707,-0.02,0.02,-1.0,-35.77,21.36,-79.77,1.000399920031984,89.99441871582926
kwanteng,near_miss,KT_NearMissed_cleaned.csv,1281,2026-08-03 12:40:53.401,32.868187,0.6550000000018485,0.02,0.08,-1.02,-25.02,14.34,-15.01,1.0233279044372825,32.51055367107733
kwanteng,near_miss,KT_NearMissed_cleaned.csv,1283,2026-08-03 12:40:53.403,32.869903,1.7160000000018272,0.07,-0.11,-1.12,-30.33,16.66,-21.42,1.127563745426395,40.69743112286081
kwanteng,near_miss,KT_NearMissed_cleaned.csv,1285,2026-08-03 12:40:53.575,33.042155,172.2520000000003,0.07,-0.29,-1.28,-32.65,22.28,-41.93,1.3143059004660977,57.624177217553395
kwanteng,near_miss,KT_NearMissed_cleaned.csv,1287,2026-08-03 12:40:53.576,33.04325,1.094999999999402,0.01,-0.18,-1.34,-5.43,25.02,-49.07,1.3520724832641187,55.347540144075055
kwanteng,near_miss,KT_NearMissed_cleaned.csv,1288,2026-08-03 12:40:53.577,33.044041,0.7909999999995421,0.11,0.07,-1.24,38.76,22.95,-51.33,1.24683599563054,68.2920859250909
kwanteng,near_miss,KT_NearMissed_cleaned.csv,1290,2026-08-03 12:40:53.579,33.0456,1.5590000000003101,0.19,0.23,-1.07,70.56,23.74,-42.48,1.1108105148944172,85.7137771889677
kwanteng,near_miss,KT_NearMissed_cleaned.csv,1292,2026-08-03 12:40:53.619,33.086045,40.44499999999829,0.08,0.2,-0.96,80.26,31.49,-36.5,0.9838699100999074,93.62445033216484
kwanteng,near_miss,KT_NearMissed_cleaned.csv,1294,2026-08-03 12:40:53.663,33.1302,44.1550000000035,0.06,0.14,-0.89,79.53,33.69,-41.44,0.9029396436085858,95.79828077789288
kwanteng,near_miss,KT_NearMissed_cleaned.csv,1295,2026-08-03 12:40:53.664,33.130521,0.32099999999957163,0.13,0.17,-0.86,75.01,19.47,-30.94,0.8862279616441809,83.44378107444557
kwanteng,near_miss,KT_NearMissed_cleaned.csv,1297,2026-08-03 12:40:53.706,33.173597,43.075999999999226,0.15,0.13,-0.93,62.56,-4.09,-0.73,0.950946896519464,62.697803789287555
kwanteng,near_miss,KT_NearMissed_cleaned.csv,1299,2026-08-03 12:40:53.750,33.217392,43.79499999999581,0.11,0.0,-1.07,49.32,-20.69,19.96,1.0756393447619885,57.087127270515204
kwanteng,near_miss,KT_NearMissed_cleaned.csv,1301,2026-08-03 12:40:53.838,33.305033,87.64100000000496,0.11,-0.06,-1.14,41.26,-30.58,17.15,1.146865292874451,54.144681179225714
kwanteng,near_miss,KT_NearMissed_cleaned.csv,1303,2026-08-03 12:40:53.840,33.306537,1.5039999999970632,0.16,-0.04,-1.08,40.59,-38.76,-8.0,1.092520022699813,56.69114304721682
kwanteng,near_miss,KT_NearMissed_cleaned.csv,1304,2026-08-03 12:40:53.925,33.392235,85.69800000000072,0.21,0.05,-0.95,50.17,-41.44,-42.72,0.9742176348229383,77.84151141903656
kwanteng,near_miss,KT_NearMissed_cleaned.csv,1306,2026-08-03 12:40:53.926,33.393161,0.9259999999997603,0.22,0.14,-0.81,59.75,-35.64,-80.14,0.8509406559801924,106.12582956095089
kwanteng,near_miss,KT_NearMissed_cleaned.csv,1308,2026-08-03 12:40:54.056,33.523414,130.25300000000328,0.19,0.12,-0.75,51.15,-25.88,-103.21,0.7829431652425354,118.06100541669124
kwanteng,near_miss,KT_NearMissed_cleaned.csv,1310,2026-08-03 12:40:54.058,33.524536,1.1219999999951824,0.17,-0.02,-0.78,19.23,-21.48,-92.22,0.7985612061701971,96.6214867407866
kwanteng,near_miss,KT_NearMissed_cleaned.csv,1311,2026-08-03 12:40:54.059,33.525599,1.0630000000020345,0.14,-0.18,-0.85,-16.24,-22.71,-62.13,0.880056816347672,68.11474583377671
kwanteng,near_miss,KT_NearMissed_cleaned.csv,1313,2026-08-03 12:40:54.061,33.527387,1.7879999999976803,0.09,-0.25,-0.94,-35.52,-22.16,-45.9,0.9768316129200569,62.12524446631981
kwanteng,near_miss,KT_NearMissed_cleaned.csv,1315,2026-08-03 12:40:54.145,33.611208,83.82100000000037,0.1,-0.24,-1.0,-36.74,-18.19,-51.27,1.0332473082471592,65.64538521480394
kwanteng,near_miss,KT_NearMissed_cleaned.csv,1317,2026-08-03 12:40:54.188,33.654644,43.43599999999981,0.23,-0.22,-0.98,-27.04,-12.7,-63.48,1.0303882763308208,70.15812141156574
kwanteng,near_miss,KT_NearMissed_cleaned.csv,1318,2026-08-03 12:40:54.231,33.698218,43.57399999999956,0.41,-0.12,-1.01,-15.87,-5.49,-70.07,1.0966312051004201,72.05415949131597
kwanteng,near_miss,KT_NearMissed_cleaned.csv,1320,2026-08-03 12:40:54.232,33.699184,0.9660000000053515,0.5,0.02,-1.14,-16.17,3.05,-52.73,1.2449899597988732,55.23788826521159
kwanteng,near_miss,KT_NearMissed_cleaned.csv,1322,2026-08-03 12:40:54.276,33.743415,44.23099999999636,0.37,0.01,-1.19,-39.37,8.06,-3.54,1.2462343278854102,40.34218759561757
kwanteng,near_miss,KT_NearMissed_cleaned.csv,1324,2026-08-03 12:40:54.363,33.830105,86.69000000000437,0.14,0.04,-1.07,-66.04,8.18,57.74,1.0798611021793498,88.10278996717415
kwanteng,near_miss,KT_NearMissed_cleaned.csv,1326,2026-08-03 12:40:54.365,33.831539,1.4339999999961606,-0.05,0.22,-0.91,-57.43,11.29,54.2,0.9375499986667378,79.77035163517834
kwanteng,near_miss,KT_NearMissed_cleaned.csv,1327,2026-08-03 12:40:54.407,33.873574,42.03499999999849,-0.22,0.27,-0.92,-29.72,13.61,-20.69,0.9837174391053561,38.685741559391104
kwanteng,near_miss,KT_NearMissed_cleaned.csv,1329,2026-08-03 12:40:54.450,33.917249,43.67500000000035,-0.25,0.22,-1.03,-22.28,1.4,-46.39,1.0824971131601229,51.48194343650985
kwanteng,near_miss,KT_NearMissed_cleaned.csv,1331,2026-08-03 12:40:54.494,33.960985,43.73600000000266,-0.07,0.12,-1.1,-25.21,-16.78,-14.83,1.1087380213558116,33.72004448395642
kwanteng,near_miss,KT_NearMissed_cleaned.csv,1332,2026-08-03 12:40:54.626,34.092096,131.1109999999971,0.12,0.04,-1.06,-17.52,-21.79,-10.99,1.0675204916066015,30.042213633485797
kwanteng,near_miss,KT_NearMissed_cleaned.csv,1334,2026-08-03 12:40:54.627,34.09329,1.1940000000052464,0.13,0.06,-0.98,-2.5,-13.79,-33.51,0.9904039579888602,36.32264032253162
kwanteng,near_miss,KT_NearMissed_cleaned.csv,1336,2026-08-03 12:40:54.629,34.095043,1.7529999999936763,0.06,0.14,-0.91,5.0,-4.33,-37.6,0.9226592003551474,38.17733489912569
kwanteng,near_miss,KT_NearMissed_cleaned.csv,1338,2026-08-03 12:40:54.630,34.096334,1.2910000000019295,0.02,0.18,-0.91,-2.81,0.55,-22.52,0.9278469701410896,22.701299522274052
kwanteng,near_miss,KT_NearMissed_cleaned.csv,1339,2026-08-03 12:40:54.714,34.18008,83.74599999999788,0.02,0.18,-0.91,-20.63,2.01,-8.67,0.9278469701410896,22.46788597086962
kwanteng,near_miss,KT_NearMissed_cleaned.csv,1340,2026-08-03 12:40:54.714,34.180532,0.4520000000027835,0.05,0.14,-0.96,-20.63,2.01,-8.67,0.9714422267947795,22.46788597086962
kwanteng,near_miss,KT_NearMissed_cleaned.csv,1341,2026-08-03 12:40:54.715,34.180985,0.45300000000025875,0.08,0.1,-1.02,-35.03,3.42,3.36,1.0280077820717117,35.35656798955465
kwanteng,near_miss,KT_NearMissed_cleaned.csv,1343,2026-08-03 12:40:54.757,34.223881,42.895999999998935,0.07,0.11,-1.05,-38.33,4.82,20.2,1.0580642702596095,43.5942805881689
kwanteng,near_miss,KT_NearMissed_cleaned.csv,1345,2026-08-03 12:40:54.845,34.311645,87.76399999999995,0.03,0.13,-1.06,-33.75,5.55,31.25,1.0683632341109461,46.329553203112155
kwanteng,near_miss,KT_NearMissed_cleaned.csv,1347,2026-08-03 12:40:54.846,34.312746,1.1009999999984643,-0.01,0.07,-1.04,-26.98,6.04,26.37,1.042401074443038,38.20705301380885
kwanteng,near_miss,KT_NearMissed_cleaned.csv,1348,2026-08-03 12:40:54.932,34.398402,85.65600000000018,-0.01,0.07,-1.04,-16.72,5.98,19.59,1.042401074443038,26.440251511663046
kwanteng,near_miss,KT_NearMissed_cleaned.csv,1349,2026-08-03 12:40:54.932,34.398691,0.28900000000220416,-0.06,-0.01,-1.01,-16.72,5.98,19.59,1.011830025251277,26.440251511663046
kwanteng,near_miss,KT_NearMissed_cleaned.csv,1350,2026-08-03 12:40:54.933,34.399445,0.7540000000005875,-0.09,-0.01,-0.98,-1.77,8.0,20.69,0.9841747812253675,22.25329189131352
kwanteng,near_miss,KT_NearMissed_cleaned.csv,1352,2026-08-03 12:40:54.976,34.442692,43.247000000000924,-0.1,0.02,-1.04,7.57,15.2,11.05,1.0449880382090506,20.259501474616794
kwanteng,near_miss,KT_NearMissed_cleaned.csv,1354,2026-08-03 12:40:55.019,34.485979,43.28699999999941,-0.16,0.04,-1.16,8.91,21.91,-13.67,1.1716654812701448,27.318585248874072
kwanteng,near_miss,KT_NearMissed_cleaned.csv,1356,2026-08-03 12:40:55.063,34.529722,43.7429999999992,-0.19,-0.02,-1.3,18.37,21.73,-51.03,1.3139634698118514,58.42696894414428
kwanteng,near_miss,KT_NearMissed_cleaned.csv,1357,2026-08-03 12:40:55.064,34.530007,0.28499999999809233,-0.13,0.02,-1.28,46.08,18.13,-100.83,1.2867400669909987,112.33321948560007
kwanteng,near_miss,KT_NearMissed_cleaned.csv,1359,2026-08-03 12:40:55.107,34.57371,43.70300000000071,0.02,0.22,-1.04,77.7,11.66,-118.84,1.063202708800161,142.4647015930613
kwanteng,near_miss,KT_NearMissed_cleaned.csv,1361,2026-08-03 12:40:55.151,34.617655,43.94500000000079,0.17,0.32,-0.86,89.23,3.48,-99.3,0.9332202312423364,133.5462215863856
kwanteng,near_miss,KT_NearMissed_cleaned.csv,1363,2026-08-03 12:40:55.282,34.74893,131.27500000000225,0.23,0.25,-0.87,76.42,0.98,-87.52,0.9339700209321496,116.19262971462518
kwanteng,near_miss,KT_NearMissed_cleaned.csv,1364,2026-08-03 12:40:55.282,34.74959,0.6599999999963302,0.2,0.18,-0.97,60.97,3.36,-89.36,1.006628034578811,108.23049524048201
kwanteng,near_miss,KT_NearMissed_cleaned.csv,1366,2026-08-03 12:40:55.284,34.751225,1.6350000000002751,0.14,0.23,-1.03,56.34,0.92,-80.2,1.064612605598863,98.01572322846984
kwanteng,near_miss,KT_NearMissed_cleaned.csv,1368,2026-08-03 12:40:55.326,34.792361,41.136000000001616,0.04,0.21,-1.05,49.5,-6.84,-72.14,1.0715409464878138,87.75656784537554
kwanteng,near_miss,KT_NearMissed_cleaned.csv,1370,2026-08-03 12:40:55.370,34.836042,43.680999999999415,0.01,0.06,-1.05,29.66,-17.21,-77.64,1.0517604289951206,84.87561074890714
kwanteng,near_miss,KT_NearMissed_cleaned.csv,1372,2026-08-03 12:40:55.414,34.880923,44.88100000000372,0.16,-0.09,-1.04,15.5,-25.76,-88.13,1.0560776486603625,93.1167251357134
kwanteng,near_miss,KT_NearMissed_cleaned.csv,1373,2026-08-03 12:40:55.458,34.924175,43.251999999995405,0.29,-0.14,-1.04,27.16,-24.17,-99.0,1.0887148386974432,105.46494441282373
kwanteng,near_miss,KT_NearMissed_cleaned.csv,1375,2026-08-03 12:40:55.501,34.967381,43.20600000000496,0.27,-0.12,-1.04,50.29,-19.04,-91.37,1.0811567878897121,106.01925579818037
kwanteng,near_miss,KT_NearMissed_cleaned.csv,1377,2026-08-03 12:40:55.544,35.011039,43.657999999993535,0.22,-0.08,-1.01,63.54,-18.37,-69.46,1.0367738422626218,95.91392026186814
kwanteng,near_miss,KT_NearMissed_cleaned.csv,1379,2026-08-03 12:40:55.588,35.054786,43.74700000000331,0.21,-0.07,-0.98,62.19,-17.4,-49.19,1.0046890066085126,81.17889011313224
kwanteng,near_miss,KT_NearMissed_cleaned.csv,1380,2026-08-03 12:40:55.588,35.055202,0.4160000000013042,0.18,-0.07,-0.95,51.39,-12.27,-39.12,0.969432823871773,65.74085031394102
kwanteng,near_miss,KT_NearMissed_cleaned.csv,1382,2026-08-03 12:40:55.675,35.142531,87.32899999999688,0.12,-0.09,-0.91,40.83,-8.79,-45.84,0.9222797840135064,62.0133743639225
kwanteng,near_miss,KT_NearMissed_cleaned.csv,1384,2026-08-03 12:40:55.677,35.144136,1.6050000000049636,0.08,-0.13,-0.91,34.0,-11.41,-56.64,0.9227133899537819,67.03937425125626
kwanteng,near_miss,KT_NearMissed_cleaned.csv,1386,2026-08-03 12:40:55.763,35.229978,85.84199999999953,0.08,-0.15,-0.91,29.66,-15.38,-58.11,0.9257429448826494,67.03008354462942
kwanteng,near_miss,KT_NearMissed_cleaned.csv,1387,2026-08-03 12:40:55.764,35.230849,0.8709999999965135,0.11,-0.15,-0.88,26.37,-15.99,-54.02,0.8994442728707543,62.203033688076665
kwanteng,near_miss,KT_NearMissed_cleaned.csv,1389,2026-08-03 12:40:55.851,35.3174,86.55100000000004,0.16,-0.17,-0.86,17.58,-14.47,-43.64,0.8911228871485682,49.22282905319441
kwanteng,near_miss,KT_NearMissed_cleaned.csv,1391,2026-08-03 12:40:55.852,35.318335,0.9349999999983538,0.22,-0.19,-0.86,2.75,-13.37,-26.25,0.9077995373429092,29.586853499485205
kwanteng,near_miss,KT_NearMissed_cleaned.csv,1393,2026-08-03 12:40:55.982,35.448219,129.8840000000041,0.27,-0.18,-0.85,-10.74,-14.89,-8.61,0.9098351499035415,20.27786477911321
kwanteng,near_miss,KT_NearMissed_cleaned.csv,1394,2026-08-03 12:40:55.982,35.448816,0.5969999999990705,0.27,-0.18,-0.85,-19.9,-17.82,7.75,0.9098351499035415,27.81411332399435
kwanteng,near_miss,KT_NearMissed_cleaned.csv,1395,2026-08-03 12:40:55.983,35.449931,1.1149999999986449,0.27,-0.18,-0.82,-19.9,-17.82,7.75,0.8818730067305609,27.81411332399435
kwanteng,near_miss,KT_NearMissed_cleaned.csv,1396,2026-08-03 12:40:55.984,35.450916,0.9850000000000136,0.21,-0.21,-0.83,-27.28,-17.4,25.94,0.8815327560561773,41.47097780376055
kwanteng,near_miss,KT_NearMissed_cleaned.csv,1398,2026-08-03 12:40:56.025,35.492253,41.336999999998625,0.11,-0.3,-0.9,-32.1,-14.16,43.15,0.9550392662084632,55.61329067767884
kwanteng,near_miss,KT_NearMissed_cleaned.csv,1400,2026-08-03 12:40:56.069,35.535983,43.7300000000036,0.0,-0.4,-0.97,-33.81,-12.76,51.39,1.049237818609299,62.824086145363076
kwanteng,near_miss,KT_NearMissed_cleaned.csv,1402,2026-08-03 12:40:56.113,35.579836,43.85299999999859,-0.01,-0.42,-1.06,-33.75,-8.54,47.97,1.1402192771568107,59.27153617040813
kwanteng,near_miss,KT_NearMissed_cleaned.csv,1403,2026-08-03 12:40:56.113,35.58017,0.3340000000022769,0.04,-0.51,-1.31,-27.1,3.23,50.9,1.4063427747174584,57.75511146210351
kwanteng,near_miss,KT_NearMissed_cleaned.csv,1405,2026-08-03 12:40:56.157,35.623796,43.62599999999617,0.05,-0.54,-1.32,-3.78,3.66,59.45,1.427059914649697,59.68238014690768
kwanteng,near_miss,KT_NearMissed_cleaned.csv,1407,2026-08-03 12:40:56.288,35.755166,131.37000000000398,0.21,-0.18,-0.84,35.28,-8.0,58.23,0.8843641783790205,68.55225233353022
kwanteng,near_miss,KT_NearMissed_cleaned.csv,1409,2026-08-03 12:40:56.290,35.756448,1.2819999999962306,0.32,0.1,-0.47,53.04,0.67,51.51,0.5773214009544424,73.93896537009427
kwanteng,near_miss,KT_NearMissed_cleaned.csv,1410,2026-08-03 12:40:56.290,35.757188,0.740000000000407,0.32,0.1,-0.47,15.62,29.66,66.22,0.5773214009544424,74.22121260125031
kwanteng,near_miss,KT_NearMissed_cleaned.csv,1411,2026-08-03 12:40:56.291,35.757998,0.8100000000013097,-0.08,-0.04,-0.71,15.62,29.66,66.22,0.7156116265125938,74.22121260125031
kwanteng,near_miss,KT_NearMissed_cleaned.csv,1412,2026-08-03 12:40:56.418,35.886051,128.0530000000013,-0.42,-0.29,-1.03,-35.64,35.4,125.31,1.149521639639724,135.00357661928814
kwanteng,near_miss,KT_NearMissed_cleaned.csv,1414,2026-08-03 12:40:56.421,35.887242,1.1909999999986098,-0.28,-0.4,-0.91,-43.15,4.46,155.21,1.0327148686835104,161.15817757718656
kwanteng,near_miss,KT_NearMissed_cleaned.csv,1416,2026-08-03 12:40:56.422,35.888707,1.4649999999960528,0.03,-0.29,-0.86,-15.93,-22.52,112.67,0.9080748867797193,115.99760428560583
kwanteng,near_miss,KT_NearMissed_cleaned.csv,1417,2026-08-03 12:40:56.462,35.929604,40.89700000000107,0.26,-0.04,-1.1,6.04,-20.14,66.1,1.1310172412478954,69.36361582270635
kwanteng,near_miss,KT_NearMissed_cleaned.csv,1419,2026-08-03 12:40:56.594,36.060977,131.37300000000351,0.34,0.25,-1.3,15.32,1.71,48.22,1.3667845477616434,50.624054559073
kwanteng,near_miss,KT_NearMissed_cleaned.csv,1421,2026-08-03 12:40:56.595,36.062048,1.0709999999960473,0.33,0.45,-1.64,16.54,32.29,39.37,1.7323394586512193,53.53702083605325
kwanteng,near_miss,KT_NearMissed_cleaned.csv,1423,2026-08-03 12:40:56.597,36.063601,1.5530000000012478,0.0,0.52,-2.11,-0.55,72.88,4.64,2.173131381210073,73.02962754937204
kwanteng,near_miss,KT_NearMissed_cleaned.csv,1424,2026-08-03 12:40:56.598,36.064487,0.8860000000012747,-0.32,0.37,-1.94,-72.33,88.68,-18.07,2.0007248686413632,115.85463391681837
kwanteng,near_miss,KT_NearMissed_cleaned.csv,1426,2026-08-03 12:40:56.639,36.105207,40.72000000000031,-0.35,-0.19,-1.37,-194.52,51.88,27.28,1.4267095009146047,203.15945264742177
kwanteng,near_miss,KT_NearMissed_cleaned.csv,1428,2026-08-03 12:40:56.814,36.280251,175.04399999999976,-0.13,-1.5,-1.3,-263.55,17.33,48.22,1.9891958174096385,268.48482228982704
kwanteng,near_miss,KT_NearMissed_cleaned.csv,1430,2026-08-03 12:40:56.815,36.281678,1.426999999999623,0.31,-2.28,-0.86,-216.31,-3.6,41.2,2.456440514240066,220.2281001598116
kwanteng,near_miss,KT_NearMissed_cleaned.csv,1431,2026-08-03 12:40:56.816,36.282939,1.2609999999995125,0.32,-0.76,0.06,-84.78,-44.49,127.87,0.8268010643437755,159.7427475662041
kwanteng,near_miss,KT_NearMissed_cleaned.csv,1433,2026-08-03 12:40:56.817,36.284065,1.1259999999992942,-0.19,0.79,0.5,37.6,-51.94,209.23,0.954044024141444,218.83490695042232
kwanteng,near_miss,KT_NearMissed_cleaned.csv,1435,2026-08-03 12:40:56.900,36.366893,82.82799999999924,-0.39,0.66,0.4,51.88,-16.72,83.68,0.8646964785403027,99.86708767156476
kwanteng,near_miss,KT_NearMissed_cleaned.csv,1437,2026-08-03 12:40:56.901,36.368084,1.1910000000057153,-0.27,0.1,-0.26,26.37,34.61,-126.28,0.3879432948254165,133.56596647349951
kwanteng,near_miss,KT_NearMissed_cleaned.csv,1438,2026-08-03 12:40:57.032,36.498803,130.71899999999914,0.1,-0.24,-1.65,68.6,91.0,-199.28,1.670359242797788,229.56366959952527
kwanteng,near_miss,KT_NearMissed_cleaned.csv,1440,2026-08-03 12:40:57.033,36.499735,0.9319999999988227,0.53,-0.39,-2.65,137.51,74.04,-115.78,2.7304761489527793,194.4117540170861
kwanteng,near_miss,KT_NearMissed_cleaned.csv,1442,2026-08-03 12:40:57.035,36.50125,1.5149999999977126,0.49,-0.27,-2.53,165.95,-15.62,74.1,2.5911194491956557,182.41216214934792
kwanteng,near_miss,KT_NearMissed_cleaned.csv,1444,2026-08-03 12:40:57.207,36.673507,172.25700000000188,0.13,-0.08,-2.3,182.19,-85.27,190.8,2.3050596521565336,277.2522479620319
kwanteng,near_miss,KT_NearMissed_cleaned.csv,1445,2026-08-03 12:40:57.208,36.674025,0.5179999999995744,0.14,-0.1,-1.78,251.71,-110.29,126.04,1.7882952776317451,302.3373774444701
kwanteng,near_miss,KT_NearMissed_cleaned.csv,1447,2026-08-03 12:40:57.209,36.675435,1.4099999999999113,0.52,-0.2,-1.03,394.35,-123.66,7.02,1.1710251918724892,413.3436808516613
kwanteng,near_miss,KT_NearMissed_cleaned.csv,1449,2026-08-03 12:40:57.211,36.677366,1.9309999999990168,0.4,0.11,-0.74,745.91,-114.81,-66.71,0.848351342310484,757.6366466189448
kwanteng,near_miss,KT_NearMissed_cleaned.csv,1451,2026-08-03 12:40:57.212,36.678763,1.396999999997206,-0.06,0.79,-0.4,1037.23,-80.44,-73.97,0.8875246475450697,1042.9708660360557
kwanteng,near_miss,KT_NearMissed_cleaned.csv,1452,2026-08-03 12:40:57.250,36.716968,38.20500000000493,-0.25,0.93,0.06,741.7,-85.57,-37.35,0.9648834126463156,747.553434478098
kwanteng,near_miss,KT_NearMissed_cleaned.csv,1454,2026-08-03 12:40:57.294,36.760905,43.93699999999967,-0.18,0.48,0.2,167.24,-95.95,-7.08,0.5502726596879042,192.939748367204
kwanteng,near_miss,KT_NearMissed_cleaned.csv,1456,2026-08-03 12:40:57.425,36.892373,131.46799999999814,-0.13,0.19,-0.08,-174.01,-34.73,17.88,0.24372115213907883,178.34053773609634
kwanteng,near_miss,KT_NearMissed_cleaned.csv,1458,2026-08-03 12:40:57.427,36.893454,1.0809999999992215,0.33,-0.48,-0.12,-281.56,23.25,33.33,0.5947268280479703,284.47756502051266
kwanteng,near_miss,KT_NearMissed_cleaned.csv,1459,2026-08-03 12:40:57.428,36.894191,0.7370000000008758,0.65,-1.01,-0.86,-287.29,-2.5,13.12,1.4772271321635004,287.60029294143635
kwanteng,near_miss,KT_NearMissed_cleaned.csv,1461,2026-08-03 12:40:57.513,36.979765,85.57400000000115,0.49,0.53,-1.96,135.68,15.14,8.18,2.088683796078286,136.76693460043623
kwanteng,near_miss,KT_NearMissed_cleaned.csv,1463,2026-08-03 12:40:57.514,36.980745,0.9799999999984266,0.44,0.92,-1.42,466.67,26.86,-7.63,1.7482562741200158,467.504615378287
kwanteng,near_miss,KT_NearMissed_cleaned.csv,1465,2026-08-03 12:40:57.601,37.067083,86.3379999999978,0.36,-0.19,-0.21,160.03,-57.98,-102.17,0.45803929962395146,198.51949576804793
kwanteng,near_miss,KT_NearMissed_cleaned.csv,1466,2026-08-03 12:40:57.601,37.067575,0.4920000000012692,0.11,-0.6,0.65,-87.65,-69.15,-168.03,0.891403387922662,201.73826087284485
kwanteng,near_miss,KT_NearMissed_cleaned.csv,1468,2026-08-03 12:40:57.602,37.068692,1.1170000000007008,-0.14,-0.98,1.07,-91.43,-5.07,-145.57,1.457703673590761,171.97608758196588
kwanteng,near_miss,KT_NearMissed_cleaned.csv,1470,2026-08-03 12:40:57.776,37.242549,173.85699999999815,0.2,-0.85,0.82,-38.57,9.09,-112.18,1.1978731151503483,118.97321295148754
kwanteng,near_miss,KT_NearMissed_cleaned.csv,1472,2026-08-03 12:40:57.777,37.244093,1.5440000000026544,0.68,-0.71,0.32,-10.8,-28.02,-122.68,1.0338762014864256,126.30179254468244
kwanteng,near_miss,KT_NearMissed_cleaned.csv,1473,2026-08-03 12:40:57.779,37.245575,1.48200000000287,0.68,-0.71,0.32,-36.56,-36.19,-146.0,1.0338762014864256,154.79777033277966
kwanteng,near_miss,KT_NearMissed_cleaned.csv,1474,2026-08-03 12:40:57.780,37.24607,0.49500000000080036,0.84,-0.71,0.37,-36.56,-36.19,-146.0,1.1604309544302926,154.79777033277966
kwanteng,near_miss,KT_NearMissed_cleaned.csv,1475,2026-08-03 12:40:57.780,37.246662,0.5919999999974834,0.82,-0.74,0.77,-71.96,5.19,-124.33,1.3464397498588638,143.74674465879218
kwanteng,near_miss,KT_NearMissed_cleaned.csv,1477,2026-08-03 12:40:57.862,37.329357,82.69500000000107,0.66,-0.82,0.93,-78.92,51.39,-74.77,1.4045995870709915,120.24912224211867
kwanteng,near_miss,KT_NearMissed_cleaned.csv,1479,2026-08-03 12:40:57.863,37.330336,0.9790000000009513,0.43,-0.76,0.85,-47.73,67.57,-44.01,1.218605760695394,93.70559161544202
kwanteng,near_miss,KT_NearMissed_cleaned.csv,1480,2026-08-03 12:40:57.864,37.331154,0.8179999999953225,0.43,-0.76,0.85,-3.6,54.93,-24.48,1.218605760695394,60.24562473740313
kwanteng,near_miss,KT_NearMissed_cleaned.csv,1481,2026-08-03 12:40:57.951,37.41729,86.13600000000332,0.26,-0.65,0.74,-3.6,54.93,-24.48,1.0186756107809787,60.24562473740313
kwanteng,near_miss,KT_NearMissed_cleaned.csv,1482,2026-08-03 12:40:57.951,37.417567,0.2769999999969741,0.37,-0.55,0.66,27.83,24.35,-2.32,0.9354143466934853,37.05150199384635
kwanteng,near_miss,KT_NearMissed_cleaned.csv,1484,2026-08-03 12:40:57.995,37.461458,43.89100000000212,0.62,-0.44,0.56,41.75,2.14,9.03,0.9442457307290302,42.76894901678085
kwanteng,near_miss,KT_NearMissed_cleaned.csv,1486,2026-08-03 12:40:58.039,37.505186,43.72800000000154,0.65,-0.35,0.56,44.25,11.72,9.64,0.92660671268883,46.77980867853138
kwanteng,near_miss,KT_NearMissed_cleaned.csv,1488,2026-08-03 12:40:58.082,37.548425,43.238999999999805,0.56,-0.4,0.64,35.64,30.21,8.85,0.9397872099576585,47.55182646334418
kwanteng,near_miss,KT_NearMissed_cleaned.csv,1489,2026-08-03 12:40:58.082,37.5488,0.37499999999823785,0.5,-0.48,0.71,23.19,27.83,2.38,0.9922197337283712,36.3035728269271
kwanteng,near_miss,KT_NearMissed_cleaned.csv,1491,2026-08-03 12:40:58.126,37.59298,44.17999999999722,0.52,-0.45,0.74,16.11,8.36,-9.89,1.010198000393982,20.669634733105468
kwanteng,near_miss,KT_NearMissed_cleaned.csv,1493,2026-08-03 12:40:58.170,37.636263,43.2830000000024,0.57,-0.4,0.76,11.05,-6.41,-17.82,1.0307764064044151,21.925852320947527
kwanteng,near_miss,KT_NearMissed_cleaned.csv,1495,2026-08-03 12:40:58.257,37.723992,87.72900000000305,0.55,-0.36,0.78,5.25,-2.69,-16.97,1.0200490184299968,17.966065234213083
kwanteng,near_miss,KT_NearMissed_cleaned.csv,1497,2026-08-03 12:40:58.259,37.725324,1.3319999999978904,0.45,-0.35,0.77,0.61,6.59,-11.35,0.958070978581441,13.138595815383013
kwanteng,near_miss,KT_NearMissed_cleaned.csv,1498,2026-08-03 12:40:58.344,37.810963,85.63900000000046,0.42,-0.34,0.76,0.43,1.65,-6.23,0.9325234581499813,6.4591253277823935
kwanteng,near_miss,KT_NearMissed_cleaned.csv,1500,2026-08-03 12:40:58.345,37.811977,1.01399999999785,0.48,-0.37,0.78,1.46,-14.22,-3.91,0.9877752780870759,14.8198549250659
kwanteng,near_miss,KT_NearMissed_cleaned.csv,1502,2026-08-03 12:40:58.389,37.854887,42.909999999999116,0.52,-0.41,0.79,1.28,-24.23,-3.72,1.0308249123881321,24.547295166677735
kwanteng,near_miss,KT_NearMissed_cleaned.csv,1504,2026-08-03 12:40:58.432,37.898681,43.79400000000544,0.53,-0.42,0.77,2.81,-24.6,-2.69,1.024792661956554,24.905666022011943
kwanteng,near_miss,KT_NearMissed_cleaned.csv,1505,2026-08-03 12:40:58.432,37.898975,0.2939999999966858,0.54,-0.41,0.75,6.77,-19.29,-0.79,1.0110390694725897,20.458765847430776
kwanteng,near_miss,KT_NearMissed_cleaned.csv,1507,2026-08-03 12:40:58.563,38.030316,131.34099999999904,0.5,-0.39,0.74,9.03,-12.76,0.12,0.9745255255764212,15.632431032951976
kwanteng,near_miss,KT_NearMissed_cleaned.csv,1509,2026-08-03 12:40:58.565,38.031664,1.3480000000001269,0.48,-0.39,0.74,9.03,-9.95,0.92,0.9644169222903546,13.46810305870875
kwanteng,near_miss,KT_NearMissed_cleaned.csv,1511,2026-08-03 12:40:58.567,38.033355,1.6910000000009973,0.51,-0.39,0.74,9.95,-13.73,0.79,0.9796938297243685,16.97467230906093
kwanteng,near_miss,KT_NearMissed_cleaned.csv,1513,2026-08-03 12:40:58.607,38.074058,40.7030000000006,0.54,-0.4,0.74,11.66,-17.33,-1.4,0.999599919967984,20.93429005244744
kwanteng,near_miss,KT_NearMissed_cleaned.csv,1514,2026-08-03 12:40:58.695,38.161101,87.04300000000131,0.55,-0.41,0.75,11.96,-16.78,-4.33,1.0164152694642088,21.056089380509384
kwanteng,near_miss,KT_NearMissed_cleaned.csv,1516,2026-08-03 12:40:58.696,38.162841,1.7399999999980764,0.58,-0.41,0.76,8.91,-16.24,-5.74,1.040240356840668,19.392609416991824
kwanteng,near_miss,KT_NearMissed_cleaned.csv,1518,2026-08-03 12:40:58.782,38.248645,85.8040000000031,0.58,-0.39,0.75,5.68,-9.46,-4.64,1.0251829105091441,11.970112781423573
kwanteng,near_miss,KT_NearMissed_cleaned.csv,1520,2026-08-03 12:40:58.783,38.249666,1.0209999999943875,0.57,-0.35,0.72,4.88,2.75,-2.87,0.9827512401416749,6.293949475488343
kwanteng,near_miss,KT_NearMissed_cleaned.csv,1521,2026-08-03 12:40:58.826,38.292185,42.51900000000575,0.57,-0.35,0.72,-0.92,11.11,-2.14,0.9827512401416749,11.351568173604914
kwanteng,near_miss,KT_NearMissed_cleaned.csv,1522,2026-08-03 12:40:58.826,38.292912,0.7269999999977017,0.61,-0.32,0.75,-0.92,11.11,-2.14,1.0183319694480772,11.351568173604914
kwanteng,near_miss,KT_NearMissed_cleaned.csv,1523,2026-08-03 12:40:58.869,38.336013,43.101000000000056,0.56,-0.37,0.82,-12.27,19.84,-1.4,1.059669759878048,23.369606329589722
kwanteng,near_miss,KT_NearMissed_cleaned.csv,1525,2026-08-03 12:40:58.957,38.423974,87.96099999999996,0.47,-0.41,0.8,-16.17,23.56,1.22,1.0143963722332607,28.601239483630774
kwanteng,near_miss,KT_NearMissed_cleaned.csv,1527,2026-08-03 12:40:59.131,38.598502,174.52800000000224,0.5,-0.37,0.73,-9.52,13.31,3.78,0.9590620417887468,16.795085590731595
kwanteng,near_miss,KT_NearMissed_cleaned.csv,1529,2026-08-03 12:40:59.133,38.599869,1.366999999994789,0.55,-0.35,0.71,-4.58,2.99,2.99,0.9638983348880732,6.233506236461146
kwanteng,near_miss,KT_NearMissed_cleaned.csv,1530,2026-08-03 12:40:59.133,38.6006,0.7310000000018135,0.55,-0.35,0.71,-8.54,0.73,0.73,0.9638983348880732,8.602174143784813
kwanteng,near_miss,KT_NearMissed_cleaned.csv,1531,2026-08-03 12:40:59.135,38.601834,1.2339999999966267,0.58,-0.39,0.74,-8.54,0.73,0.73,1.0178899744078433,8.602174143784813
kwanteng,near_miss,KT_NearMissed_cleaned.csv,1532,2026-08-03 12:40:59.135,38.602608,0.7739999999998304,0.6,-0.43,0.76,-15.5,1.65,0.49,1.0594810050208545,15.595274925438154
kwanteng,near_miss,KT_NearMissed_cleaned.csv,1534,2026-08-03 12:40:59.263,38.729516,126.90800000000024,0.63,-0.47,0.79,-22.4,6.23,4.39,1.1144056711987786,23.661043933013605
kwanteng,near_miss,KT_NearMissed_cleaned.csv,1536,2026-08-03 12:40:59.264,38.730905,1.3890000000031932,0.64,-0.52,0.81,-29.48,13.18,12.63,1.1558979193683152,34.67419357389585
kwanteng,near_miss,KT_NearMissed_cleaned.csv,1538,2026-08-03 12:40:59.265,38.73188,0.9749999999968395,0.62,-0.53,0.82,-35.95,18.55,23.62,1.1565898149300813,46.84452369274342
kwanteng,near_miss,KT_NearMissed_cleaned.csv,1539,2026-08-03 12:40:59.266,38.732708,0.828000000005602,0.62,-0.53,0.82,-47.85,24.11,38.45,1.1565898149300813,65.94935253662464
kwanteng,near_miss,KT_NearMissed_cleaned.csv,1540,2026-08-03 12:40:59.267,38.733489,0.7809999999963679,0.61,-0.55,0.82,-47.85,24.11,38.45,1.1606032913963324,65.94935253662464
kwanteng,near_miss,KT_NearMissed_cleaned.csv,1541,2026-08-03 12:40:59.268,38.734215,0.7260000000002265,0.51,-0.63,0.84,-67.32,32.59,54.57,1.1673045875006232,92.5849631419703
kwanteng,near_miss,KT_NearMissed_cleaned.csv,1543,2026-08-03 12:40:59.306,38.773199,38.98399999999924,0.28,-0.66,0.77,-82.82,31.74,58.47,1.0520931517693668,106.2323910114048
kwanteng,near_miss,KT_NearMissed_cleaned.csv,1545,2026-08-03 12:40:59.394,38.861025,87.82599999999974,0.15,-0.62,0.62,-90.58,5.68,47.3,0.8895504482602434,102.34397295395561
kwanteng,near_miss,KT_NearMissed_cleaned.csv,1546,2026-08-03 12:40:59.395,38.861306,0.28100000000108594,0.15,-0.62,0.62,-99.12,-26.49,36.5,0.8895504482602434,108.89786269711634
kwanteng,near_miss,KT_NearMissed_cleaned.csv,1547,2026-08-03 12:40:59.396,38.862123,0.8169999999978472,0.24,-0.59,0.52,-99.12,-26.49,36.5,0.8222530024268686,108.89786269711634
kwanteng,near_miss,KT_NearMissed_cleaned.csv,1548,2026-08-03 12:40:59.438,38.904849,42.72600000000182,0.36,-0.63,0.48,-109.07,-24.96,32.96,0.87,116.64316568063471
kwanteng,near_miss,KT_NearMissed_cleaned.csv,1550,2026-08-03 12:40:59.526,38.992349,87.49999999999858,0.26,-0.71,0.45,-116.7,14.16,25.02,0.8798863562983574,120.18900116067195
kwanteng,near_miss,KT_NearMissed_cleaned.csv,1552,2026-08-03 12:40:59.527,38.993391,1.0420000000053165,0.14,-0.81,0.42,-128.91,46.81,6.59,0.9230926280715279,137.30401414379696
kwanteng,near_miss,KT_NearMissed_cleaned.csv,1553,2026-08-03 12:40:59.528,38.994258,0.866999999999507,0.14,-0.81,0.42,-133.61,41.56,-6.65,0.9230926280715279,140.0824335882269
kwanteng,near_miss,KT_NearMissed_cleaned.csv,1554,2026-08-03 12:40:59.613,39.079693,85.43499999999682,0.17,-0.8,0.38,-133.61,41.56,-6.65,0.9018314698434515,140.0824335882269
kwanteng,near_miss,KT_NearMissed_cleaned.csv,1555,2026-08-03 12:40:59.613,39.080081,0.38800000000094315,0.24,-0.65,0.33,-122.31,24.05,-3.42,0.7674633541739958,124.69897754191892
kwanteng,near_miss,KT_NearMissed_cleaned.csv,1557,2026-08-03 12:40:59.615,39.081717,1.6359999999977504,0.18,-0.55,0.24,-133.42,32.1,18.74,0.6264982043070834,138.50088086362484
kwanteng,near_miss,KT_NearMissed_cleaned.csv,1559,2026-08-03 12:40:59.657,39.124161,42.44400000000326,0.11,-0.64,-0.01,-201.84,51.64,41.14,0.6494613152451807,212.36425028709516
kwanteng,near_miss,KT_NearMissed_cleaned.csv,1561,2026-08-03 12:40:59.789,39.255237,131.0760000000002,0.21,-0.66,-0.46,-411.19,35.34,32.78,0.8314445261110329,414.0056281018412
kwanteng,near_miss,KT_NearMissed_cleaned.csv,1562,2026-08-03 12:40:59.789,39.255927,0.6899999999987472,0.33,-0.55,-0.91,-691.83,-8.12,20.94,1.1133283433021905,692.1944574323028
kwanteng,near_miss,KT_NearMissed_cleaned.csv,1564,2026-08-03 12:40:59.791,39.257511,1.58400000000114,0.29,-0.37,-1.18,-692.99,-37.66,29.91,1.270196835140129,694.6567669000282
kwanteng,near_miss,KT_NearMissed_cleaned.csv,1566,2026-08-03 12:40:59.832,39.299126,41.61500000000018,0.16,-0.15,-1.23,-365.42,-39.49,54.75,1.2493998559308386,371.6030126357966
kwanteng,near_miss,KT_NearMissed_cleaned.csv,1568,2026-08-03 12:40:59.963,39.429965,130.8390000000017,0.06,-0.13,-1.19,-68.18,-23.68,63.96,1.19858249611781,96.43721480839231
kwanteng,near_miss,KT_NearMissed_cleaned.csv,1569,2026-08-03 12:40:59.964,39.430673,0.7079999999959341,0.04,-0.23,-1.08,25.02,-14.77,40.1,1.104943437466371,49.519322491326555
kwanteng,near_miss,KT_NearMissed_cleaned.csv,1571,2026-08-03 12:40:59.965,39.431823,1.150000000002649,-0.01,-0.32,-0.85,10.01,-16.17,14.71,0.9082951062292475,24.04273486939454
kwanteng,near_miss,KT_NearMissed_cleaned.csv,1573,2026-08-03 12:40:59.967,39.433805,1.981999999998152,-0.03,-0.31,-0.64,-27.89,-16.85,-2.2,0.7117583859709699,32.6590661225945
kwanteng,near_miss,KT_NearMissed_cleaned.csv,1575,2026-08-03 12:41:00.051,39.517652,83.84699999999867,0.03,-0.14,-0.67,-63.72,-10.8,0.55,0.6851277253184257,64.63111402412927
kwanteng,near_miss,KT_NearMissed_cleaned.csv,1576,2026-08-03 12:41:00.051,39.517882,0.23000000000195087,0.03,-0.02,-0.86,-100.28,1.89,35.28,0.8607554821202128,106.32181761049799
kwanteng,near_miss,KT_NearMissed_cleaned.csv,1578,2026-08-03 12:41:00.095,39.562048,44.16599999999704,-0.11,-0.02,-1.13,-134.22,13.61,104.74,1.1355175031676084,170.79434446140186
kwanteng,near_miss,KT_NearMissed_cleaned.csv,1580,2026-08-03 12:41:00.182,39.649064,87.01600000000553,0.02,-0.2,-1.34,-135.86,20.69,141.24,1.354990774876346,197.0653528654898
kwanteng,near_miss,KT_NearMissed_cleaned.csv,1582,2026-08-03 12:41:00.184,39.650497,1.4329999999986853,0.44,-0.24,-1.5,-79.71,36.07,78.06,1.581518257877537,117.25226053257992
kwanteng,near_miss,KT_NearMissed_cleaned.csv,1583,2026-08-03 12:41:00.313,39.780021,129.52399999999642,0.67,0.0,-1.7,31.07,57.25,1.53,1.8272657168567465,65.15556998446104
kwanteng,near_miss,KT_NearMissed_cleaned.csv,1585,2026-08-03 12:41:00.314,39.781167,1.1460000000056425,0.52,0.17,-1.67,146.79,61.83,-13.24,1.757327516429422,159.8297550520553
kwanteng,near_miss,KT_NearMissed_cleaned.csv,1587,2026-08-03 12:41:00.316,39.782597,1.4299999999991542,0.16,0.34,-1.37,194.95,47.0,8.85,1.4205984654363106,200.7307275929622
kwanteng,near_miss,KT_NearMissed_cleaned.csv,1589,2026-08-03 12:41:00.357,39.823546,40.94899999999768,-0.09,0.44,-1.07,174.26,20.57,26.25,1.1604309544302926,177.42247602826424
kwanteng,near_miss,KT_NearMissed_cleaned.csv,1590,2026-08-03 12:41:00.357,39.823874,0.3280000000032146,-0.09,0.44,-1.07,128.85,-16.85,-8.42,1.1604309544302926,130.21958915616344
kwanteng,near_miss,KT_NearMissed_cleaned.csv,1591,2026-08-03 12:41:00.532,39.998552,174.677999999993,0.01,0.28,-0.93,128.85,-16.85,-8.42,0.9712878049270464,130.21958915616344
kwanteng,near_miss,KT_NearMissed_cleaned.csv,1592,2026-08-03 12:41:00.533,39.999191,0.6390000000067175,0.36,-0.03,-0.82,66.83,-68.36,-33.69,0.8960468737739115,101.36249109014635
kwanteng,near_miss,KT_NearMissed_cleaned.csv,1594,2026-08-03 12:41:00.534,40.000443,1.2519999999938136,0.53,-0.1,-0.58,15.69,-104.31,28.08,0.7920227269466451,109.15694480883936
kwanteng,near_miss,KT_NearMissed_cleaned.csv,1595,2026-08-03 12:41:00.535,40.001187,0.7440000000045188,0.53,-0.1,-0.58,3.17,-87.71,80.93,0.7920227269466451,119.38491487621039
kwanteng,near_miss,KT_NearMissed_cleaned.csv,1596,2026-08-03 12:41:00.536,40.00196,0.7729999999952497,0.43,-0.01,-0.48,3.17,-87.71,80.93,0.6445153217728807,119.38491487621039
kwanteng,near_miss,KT_NearMissed_cleaned.csv,1597,2026-08-03 12:41:00.536,40.002786,0.8260000000035461,0.42,-0.08,-0.73,2.38,-39.55,43.52,0.8459905436823747,58.854543579914036
kwanteng,near_miss,KT_NearMissed_cleaned.csv,1599,2026-08-03 12:41:00.664,40.130589,127.80300000000011,0.44,-0.28,-0.93,-2.32,3.97,-26.61,1.066255128944288,27.00435890740604
kwanteng,near_miss,KT_NearMissed_cleaned.csv,1601,2026-08-03 12:41:00.665,40.131813,1.224000000000558,0.34,-0.38,-0.9,-7.02,27.04,-50.96,1.03440804327886,58.11508926260029
kwanteng,near_miss,KT_NearMissed_cleaned.csv,1603,2026-08-03 12:41:00.666,40.133312,1.4989999999954762,0.1,-0.27,-0.79,-15.01,26.31,-21.61,0.8408329203831163,37.20898144265709
kwanteng,near_miss,KT_NearMissed_cleaned.csv,1604,2026-08-03 12:41:00.751,40.21712,83.80800000000477,-0.14,-0.1,-0.67,-16.05,19.71,-8.85,0.6917369442208505,26.914849061438186
kwanteng,near_miss,KT_NearMissed_cleaned.csv,1606,2026-08-03 12:41:00.751,40.218437,1.3170000000002346,-0.17,-0.11,-0.61,-12.15,19.53,-39.73,0.6427285585688565,45.90769325505258
kwanteng,near_miss,KT_NearMissed_cleaned.csv,1608,2026-08-03 12:41:00.795,40.261209,42.771999999999366,-0.03,-0.3,-0.67,-13.92,17.21,-61.71,0.7347108274688757,65.55970256186342
kwanteng,near_miss,KT_NearMissed_cleaned.csv,1610,2026-08-03 12:41:00.883,40.349184,87.97500000000014,0.05,-0.35,-0.85,-13.49,5.43,-66.59,0.9205976319760985,68.15932144615292
kwanteng,near_miss,KT_NearMissed_cleaned.csv,1611,2026-08-03 12:41:00.883,40.349519,0.33499999999975216,0.05,-0.35,-0.85,-2.69,-8.24,-97.41,0.9205976319760985,97.79489659486327
kwanteng,near_miss,KT_NearMissed_cleaned.csv,1612,2026-08-03 12:41:00.883,40.349977,0.4580000000018458,0.11,-0.15,-0.99,-2.69,-8.24,-97.41,1.007323185477233,97.79489659486327
kwanteng,near_miss,KT_NearMissed_cleaned.csv,1613,2026-08-03 12:41:00.884,40.350595,0.6179999999957886,0.37,0.18,-1.42,7.75,-18.68,-143.07,1.4784113094805518,144.49231744283153
kwanteng,near_miss,KT_NearMissed_cleaned.csv,1615,2026-08-03 12:41:00.926,40.392741,42.14600000000246,0.73,0.32,-2.0,-8.67,-30.21,-153.2,2.1529746863351646,156.39070624560782
kwanteng,near_miss,KT_NearMissed_cleaned.csv,1617,2026-08-03 12:41:01.058,40.524203,131.46199999999908,0.55,0.12,-1.65,-33.81,-24.05,-120.54,1.743387507125137,127.48101897929747
kwanteng,near_miss,KT_NearMissed_cleaned.csv,1619,2026-08-03 12:41:01.060,40.526137,1.933999999998548,0.1,0.2,-0.71,-25.88,-7.81,-54.5,0.7443789357578572,60.83601318298233
kwanteng,near_miss,KT_NearMissed_cleaned.csv,1620,2026-08-03 12:41:01.060,40.527033,0.8960000000044488,-0.04,0.48,-0.32,-7.81,-10.62,-10.44,0.5782732917920383,16.815888320276155
kwanteng,near_miss,KT_NearMissed_cleaned.csv,1622,2026-08-03 12:41:01.188,40.654831,127.79799999999852,-0.08,0.45,-0.58,-27.77,-22.95,-31.92,0.7384443106964803,48.13275184320963
kwanteng,near_miss,KT_NearMissed_cleaned.csv,1624,2026-08-03 12:41:01.189,40.656383,1.5519999999966672,-0.15,0.25,-1.06,-63.9,-32.59,-40.04,1.0993634521849451,82.1493743128942
kwanteng,near_miss,KT_NearMissed_cleaned.csv,1626,2026-08-03 12:41:01.191,40.657882,1.4990000000025816,-0.12,0.06,-1.32,-72.33,-42.6,25.33,1.3268006632497589,87.68122832168811
kwanteng,near_miss,KT_NearMissed_cleaned.csv,1627,2026-08-03 12:41:01.232,40.698624,40.74200000000161,-0.02,-0.07,-1.26,-52.61,-46.94,99.06,1.2621014222319853,121.58971708166773
kwanteng,near_miss,KT_NearMissed_cleaned.csv,1629,2026-08-03 12:41:01.320,40.7862,87.57599999999854,-0.02,0.02,-1.06,-15.56,-35.46,96.19,1.060377291344925,103.69205032209557
kwanteng,near_miss,KT_NearMissed_cleaned.csv,1631,2026-08-03 12:41:01.321,40.787189,0.98899999999702,-0.04,0.2,-0.89,14.59,-18.98,40.1,0.9130717386930777,46.70244640273142
kwanteng,near_miss,KT_NearMissed_cleaned.csv,1633,2026-08-03 12:41:01.364,40.830428,43.238999999999805,0.0,0.26,-0.89,14.28,-10.38,0.06,0.9272000862812729,17.654076016603078
kwanteng,near_miss,KT_NearMissed_cleaned.csv,1634,2026-08-03 12:41:01.364,40.830774,0.34600000000040154,0.02,0.24,-0.98,-5.31,-3.78,-24.48,1.009158064923429,25.332881794221517
kwanteng,near_miss,KT_NearMissed_cleaned.csv,1636,2026-08-03 12:41:01.407,40.874138,43.364000000003955,0.05,0.11,-1.04,-19.78,6.16,-45.9,1.046995701996909,50.35875296311456
kwanteng,near_miss,KT_NearMissed_cleaned.csv,1638,2026-08-03 12:41:01.450,40.917665,43.52699999999743,0.04,0.04,-1.06,-15.69,16.17,-47.24,1.061508360777248,52.33796518780607
kwanteng,near_miss,KT_NearMissed_cleaned.csv,1640,2026-08-03 12:41:01.494,40.961382,43.717000000000894,-0.05,0.12,-1.01,1.53,22.34,-29.17,1.0183319694480772,36.77370527972399
kwanteng,near_miss,KT_NearMissed_cleaned.csv,1641,2026-08-03 12:41:01.538,41.004859,43.477000000002874,-0.14,0.18,-0.95,9.22,23.25,-14.53,0.976985158536198,28.925625317354854
kwanteng,near_miss,KT_NearMissed_cleaned.csv,1643,2026-08-03 12:41:01.583,41.04912,44.26099999999877,-0.15,0.2,-0.9,0.92,20.63,-17.46,0.9340770846134703,27.042464754530048
kwanteng,near_miss,KT_NearMissed_cleaned.csv,1645,2026-08-03 12:41:01.626,41.093114,43.99399999999787,-0.06,0.2,-0.87,-11.29,18.68,-30.64,0.8947066558375432,37.61935804874932
kwanteng,near_miss,KT_NearMissed_cleaned.csv,1647,2026-08-03 12:41:01.670,41.137188,44.074000000001945,0.0,0.2,-0.89,-19.47,18.86,-33.26,0.9121951545584969,42.906970296211774
kwanteng,near_miss,KT_NearMissed_cleaned.csv,1648,2026-08-03 12:41:01.714,41.180219,43.03099999999915,0.0,0.2,-0.89,-24.84,17.88,-15.01,0.9121951545584969,34.08841592095473
kwanteng,near_miss,KT_NearMissed_cleaned.csv,1649,2026-08-03 12:41:01.714,41.180532,0.3129999999984534,-0.0,0.2,-0.97,-24.84,17.88,-15.01,0.9904039579888602,34.08841592095473
kwanteng,near_miss,KT_NearMissed_cleaned.csv,1650,2026-08-03 12:41:01.757,41.223804,43.27200000000175,-0.06,0.08,-1.1,-30.7,18.07,-2.81,1.104536101718726,35.733891475740506
kwanteng,near_miss,KT_NearMissed_cleaned.csv,1652,2026-08-03 12:41:01.801,41.267257,43.45299999999952,-0.12,-0.05,-1.29,-23.13,24.05,-18.98,1.2965338406690357,38.388016359275454
kwanteng,near_miss,KT_NearMissed_cleaned.csv,1654,2026-08-03 12:41:01.888,41.355465,88.20800000000162,-0.05,-0.0,-1.41,5.49,28.08,-48.77,1.41088624630053,56.54325247100665
kwanteng,near_miss,KT_NearMissed_cleaned.csv,1656,2026-08-03 12:41:01.889,41.356162,0.6969999999952847,0.11,0.06,-1.3,38.82,27.1,-82.34,1.306024502067247,94.98040850617564
kwanteng,near_miss,KT_NearMissed_cleaned.csv,1657,2026-08-03 12:41:01.890,41.356779,0.6170000000054188,0.25,0.13,-1.04,62.44,27.28,-93.51,1.0774970997640783,115.70251553013011
kwanteng,near_miss,KT_NearMissed_cleaned.csv,1659,2026-08-03 12:41:01.977,41.443446,86.6669999999985,0.26,0.2,-0.82,73.24,26.86,-48.34,0.8831760866327847,91.77315947487043
kwanteng,near_miss,KT_NearMissed_cleaned.csv,1661,2026-08-03 12:41:01.978,41.444255,0.808999999996729,0.08,0.23,-0.77,72.69,25.02,1.59,0.8075890043827987,76.89190204436355
kwanteng,near_miss,KT_NearMissed_cleaned.csv,1663,2026-08-03 12:41:02.064,41.530417,86.16200000000163,-0.11,0.22,-0.88,66.71,23.25,-17.94,0.9137286249209883,72.88779184472527
kwanteng,near_miss,KT_NearMissed_cleaned.csv,1664,2026-08-03 12:41:02.064,41.53104,0.6229999999973757,-0.1,0.2,-1.02,53.77,11.47,-67.63,1.044222198576529,87.15842300087812
kwanteng,near_miss,KT_NearMissed_cleaned.csv,1666,2026-08-03 12:41:02.107,41.573625,42.58500000000254,0.08,0.12,-1.11,33.69,-12.02,-68.05,1.1193301568348815,76.87846902742015
kwanteng,near_miss,KT_NearMissed_cleaned.csv,1668,2026-08-03 12:41:02.196,41.662321,88.69599999999878,0.18,0.02,-1.11,24.72,-27.71,-40.1,1.1246777316191514,54.65283615696445
kwanteng,near_miss,KT_NearMissed_cleaned.csv,1670,2026-08-03 12:41:02.197,41.663341,1.0200000000040177,0.07,-0.0,-1.07,29.36,-27.22,-51.33,1.0722872749408154,65.09767200138573
kwanteng,near_miss,KT_NearMissed_cleaned.csv,1671,2026-08-03 12:41:02.238,41.70499,41.6489999999996,0.03,0.04,-1.06,42.72,-21.36,-104.98,1.0611785900591852,115.33450654509257
kwanteng,near_miss,KT_NearMissed_cleaned.csv,1673,2026-08-03 12:41:02.326,41.792167,87.17699999999695,0.18,0.13,-1.04,68.79,-21.24,-153.63,1.063437821407533,169.6625433028752
kwanteng,near_miss,KT_NearMissed_cleaned.csv,1675,2026-08-03 12:41:02.327,41.793173,1.0060000000038372,0.31,0.16,-0.97,88.32,-27.95,-160.28,1.030824912388132,185.1251017555426
kwanteng,near_miss,KT_NearMissed_cleaned.csv,1677,2026-08-03 12:41:02.457,41.923984,130.81099999999424,0.31,0.11,-0.89,76.48,-36.32,-120.85,0.9488413987595609,147.55695612203445
kwanteng,near_miss,KT_NearMissed_cleaned.csv,1678,2026-08-03 12:41:02.458,41.924533,0.5489999999994666,0.22,0.04,-0.83,45.17,-40.34,-68.48,0.8595929269136642,91.41747590039883
kwanteng,near_miss,KT_NearMissed_cleaned.csv,1680,2026-08-03 12:41:02.459,41.925603,1.0700000000056775,0.16,-0.02,-0.78,20.32,-38.15,-43.21,0.7964923100695951,61.11815605857232
kwanteng,near_miss,KT_NearMissed_cleaned.csv,1682,2026-08-03 12:41:02.461,41.927187,1.58400000000114,0.13,-0.13,-0.77,9.34,-33.26,-57.5,0.7916438593205912,67.07990160994574
kwanteng,near_miss,KT_NearMissed_cleaned.csv,1683,2026-08-03 12:41:02.501,41.96751,40.32299999999367,0.04,-0.29,-0.83,9.28,-29.17,-90.45,0.880113629027525,95.48931772716779
kwanteng,near_miss,KT_NearMissed_cleaned.csv,1685,2026-08-03 12:41:02.632,42.099171,131.66100000000114,-0.07,-0.42,-0.97,8.36,-29.3,-104.68,1.0593394168065304,109.02422666545267
kwanteng,near_miss,KT_NearMissed_cleaned.csv,1687,2026-08-03 12:41:02.634,42.100577,1.406000000002905,-0.04,-0.42,-1.03,-3.17,-32.1,-84.72,1.1130588483993107,90.65283944808347
kwanteng,near_miss,KT_NearMissed_cleaned.csv,1689,2026-08-03 12:41:02.635,42.10217,1.5929999999997335,0.15,-0.24,-1.04,-11.41,-23.38,-64.33,1.0778218776773834,69.39136401599265
kwanteng,near_miss,KT_NearMissed_cleaned.csv,1690,2026-08-03 12:41:02.676,42.14252,40.349999999996555,0.15,-0.24,-1.04,-16.24,2.08,-56.76,1.0778218776773834,59.074204184229174
kwanteng,near_miss,KT_NearMissed_cleaned.csv,1691,2026-08-03 12:41:02.676,42.142871,0.3510000000019886,0.37,0.09,-1.26,-16.24,2.08,-56.76,1.316282644419503,59.074204184229174
kwanteng,near_miss,KT_NearMissed_cleaned.csv,1692,2026-08-03 12:41:02.763,42.230118,87.24699999999785,0.45,0.05,-1.33,-45.9,15.38,-19.23,1.4049555153100044,52.087880548165906
kwanteng,near_miss,KT_NearMissed_cleaned.csv,1694,2026-08-03 12:41:02.764,42.231135,1.0170000000044865,0.44,-0.04,-0.95,-72.88,5.31,40.65,1.0477117924314874,83.61885552912094
kwanteng,near_miss,KT_NearMissed_cleaned.csv,1696,2026-08-03 12:41:02.807,42.273614,42.479000000000156,0.28,0.22,-0.7,-56.03,12.02,35.77,0.7853661566428745,67.55245517373888
kwanteng,near_miss,KT_NearMissed_cleaned.csv,1698,2026-08-03 12:41:02.894,42.361264,87.64999999999645,-0.16,0.36,-0.91,-40.65,37.96,-20.69,0.9916148445843276,59.34189245381378
kwanteng,near_miss,KT_NearMissed_cleaned.csv,1699,2026-08-03 12:41:02.895,42.361632,0.3680000000017003,-0.45,0.35,-1.16,-59.02,30.7,-10.93,1.2925169244539894,67.41895356648604
kwanteng,near_miss,KT_NearMissed_cleaned.csv,1701,2026-08-03 12:41:02.896,42.363357,1.7250000000004206,-0.24,0.21,-1.16,-66.71,-6.41,32.53,1.2030378215168465,74.49505419824862
kwanteng,near_miss,KT_NearMissed_cleaned.csv,1703,2026-08-03 12:41:02.983,42.449723,86.36599999999817,0.11,0.04,-1.07,-42.36,-24.48,9.77,1.0763828315241748,49.89080977494753
kwanteng,near_miss,KT_NearMissed_cleaned.csv,1705,2026-08-03 12:41:02.983,42.450612,0.8890000000008058,0.2,0.02,-0.99,-15.38,-17.46,-34.0,1.010198000393982,41.19946601595706
kwanteng,near_miss,KT_NearMissed_cleaned.csv,1706,2026-08-03 12:41:03.025,42.492344,41.73200000000321,0.15,0.04,-0.89,-4.33,-10.62,-19.35,0.9034378783292186,22.493461272111947
kwanteng,near_miss,KT_NearMissed_cleaned.csv,1708,2026-08-03 12:41:03.070,42.536239,43.89499999999913,0.07,0.04,-0.83,-7.08,-8.97,22.4,0.8339064695755753,25.14651665738219
kwanteng,near_miss,KT_NearMissed_cleaned.csv,1710,2026-08-03 12:41:03.113,42.580087,43.847999999997,-0.03,0.12,-0.86,-18.8,-4.88,32.9,0.8688498144098322,38.20555456998367
kwanteng,near_miss,KT_NearMissed_cleaned.csv,1712,2026-08-03 12:41:03.157,42.623759,43.67200000000082,-0.06,0.21,-0.93,-38.33,-2.56,25.7,0.9553009996854395,46.21939527947115
kwanteng,near_miss,KT_NearMissed_cleaned.csv,1713,2026-08-03 12:41:03.245,42.711771,88.01199999999909,-0.06,0.21,-0.93,-60.55,-4.58,30.4,0.9553009996854395,67.90757616054339
kwanteng,near_miss,KT_NearMissed_cleaned.csv,1714,2026-08-03 12:41:03.246,42.712129,0.35799999999852616,0.03,0.18,-1.01,-60.55,-4.58,30.4,1.026352765865616,67.90757616054339
kwanteng,near_miss,KT_NearMissed_cleaned.csv,1715,2026-08-03 12:41:03.246,42.712505,0.3760000000028185,0.07,-0.01,-1.11,-64.82,-1.04,34.42,1.1122499719037984,73.39925340219749
kwanteng,near_miss,KT_NearMissed_cleaned.csv,1717,2026-08-03 12:41:03.376,42.842568,130.06299999999982,-0.03,-0.18,-1.21,-39.49,10.68,21.24,1.2236829654775783,46.094035405896065
kwanteng,near_miss,KT_NearMissed_cleaned.csv,1719,2026-08-03 12:41:03.377,42.843583,1.0150000000024306,-0.14,-0.2,-1.32,-0.37,17.88,2.44,1.3423859355639869,18.04951245878957
kwanteng,near_miss,KT_NearMissed_cleaned.csv,1721,2026-08-03 12:41:03.378,42.84525,1.6669999999976426,-0.09,-0.19,-1.42,37.6,15.5,-28.93,1.43547901412734,49.9094670378276
kwanteng,near_miss,KT_NearMissed_cleaned.csv,1722,2026-08-03 12:41:03.379,42.846058,0.8079999999992538,0.13,-0.06,-1.4,80.26,9.95,-65.61,1.4073023839957068,104.14097272447573
kwanteng,near_miss,KT_NearMissed_cleaned.csv,1724,2026-08-03 12:41:03.420,42.886451,40.39300000000168,0.34,0.26,-1.25,121.58,5.8,-53.83,1.3212494087037465,133.09021489200472
kwanteng,near_miss,KT_NearMissed_cleaned.csv,1726,2026-08-03 12:41:03.506,42.974172,87.72100000000194,0.33,0.41,-1.04,136.41,5.98,18.49,1.1655899793666724,137.78725848205266
kwanteng,near_miss,KT_NearMissed_cleaned.csv,1728,2026-08-03 12:41:03.509,42.97563,1.4579999999995152,0.11,0.26,-0.91,118.96,9.52,68.6,0.9527853903162034,137.6519959898875
kwanteng,near_miss,KT_NearMissed_cleaned.csv,1729,2026-08-03 12:41:03.682,43.148976,173.34599999999512,0.11,0.26,-0.91,91.74,10.62,36.07,0.9527853903162034,99.14664341267434
kwanteng,near_miss,KT_NearMissed_cleaned.csv,1730,2026-08-03 12:41:03.682,43.14942,0.4440000000016653,-0.04,0.14,-0.88,91.74,10.62,36.07,0.8919641248391104,99.14664341267434
kwanteng,near_miss,KT_NearMissed_cleaned.csv,1731,2026-08-03 12:41:03.683,43.149787,0.36700000000422506,0.03,0.12,-0.86,67.26,1.95,-24.72,0.8688498144098322,71.68534369032487
kwanteng,near_miss,KT_NearMissed_cleaned.csv,1733,2026-08-03 12:41:03.684,43.151319,1.5319999999974243,0.2,0.12,-0.82,43.64,-14.71,-53.47,0.8525256594378845,70.56822656125064
kwanteng,near_miss,KT_NearMissed_cleaned.csv,1735,2026-08-03 12:41:03.686,43.153191,1.8719999999987635,0.31,0.12,-0.76,28.02,-29.42,-57.98,0.8295179322956195,70.79786154962592
kwanteng,near_miss,KT_NearMissed_cleaned.csv,1737,2026-08-03 12:41:03.726,43.192128,38.93699999999711,0.34,0.09,-0.68,15.44,-33.94,-50.48,0.7655716818169283,62.757848911510656
kwanteng,near_miss,KT_NearMissed_cleaned.csv,1738,2026-08-03 12:41:03.770,43.236448,44.32000000000613,0.26,-0.02,-0.68,-2.62,-23.38,-35.22,0.7282856582413251,42.354895820908354
kwanteng,near_miss,KT_NearMissed_cleaned.csv,1740,2026-08-03 12:41:03.813,43.280038,43.58999999999469,0.13,-0.25,-0.87,-24.48,-6.96,-31.13,0.9144943958275523,40.209313597722605
kwanteng,near_miss,KT_NearMissed_cleaned.csv,1742,2026-08-03 12:41:03.901,43.367559,87.5210000000024,0.05,-0.49,-1.12,-41.5,-0.37,-41.14,1.2235195135346228,58.437030212015394
kwanteng,near_miss,KT_NearMissed_cleaned.csv,1744,2026-08-03 12:41:03.902,43.368609,1.0499999999993292,0.08,-0.5,-1.16,-33.45,-2.69,-66.16,1.2657013865837392,74.1841236384174
kwanteng,near_miss,KT_NearMissed_cleaned.csv,1745,2026-08-03 12:41:03.903,43.369337,0.7280000000022824,0.21,-0.27,-1.01,-3.54,-3.91,-105.16,1.0663489110042734,105.29219011873577
kwanteng,near_miss,KT_NearMissed_cleaned.csv,1747,2026-08-03 12:41:03.945,43.411874,42.53699999999583,0.36,-0.04,-0.98,13.67,-3.78,-118.41,1.044796630928718,119.25638515400338
kwanteng,near_miss,KT_NearMissed_cleaned.csv,1749,2026-08-03 12:41:03.989,43.455569,43.694999999999595,0.48,0.14,-1.21,-2.62,-3.97,-82.7,1.3092364186807515,82.83667847034911
kwanteng,near_miss,KT_NearMissed_cleaned.csv,1751,2026-08-03 12:41:04.032,43.499186,43.61700000000468,0.37,0.15,-1.25,-42.66,-4.76,-28.75,1.3122118731363468,51.66329161019456
kwanteng,near_miss,KT_NearMissed_cleaned.csv,1755,2026-08-03 12:41:04.163,43.629955,130.7690000000008,0.01,0.18,-0.77,-74.52,-2.87,4.94,0.7908223567907018,74.73868409331274
kwanteng,near_miss,KT_NearMissed_cleaned.csv,1757,2026-08-03 12:41:04.164,43.631027,1.072000000000628,-0.15,0.27,-0.86,-52.37,6.96,-54.14,0.9137833441248533,75.64521200974983
kwanteng,near_miss,KT_NearMissed_cleaned.csv,1758,2026-08-03 12:41:04.206,43.673786,42.75899999999666,-0.16,0.32,-1.04,-37.72,4.82,-75.74,1.0998181667894016,84.7500938052578
kwanteng,near_miss,KT_NearMissed_cleaned.csv,1760,2026-08-03 12:41:04.250,43.7175,43.71400000000136,-0.0,0.26,-1.12,-31.07,-9.7,-40.83,1.1497825881443848,52.21612586165312
kwanteng,near_miss,KT_NearMissed_cleaned.csv,1762,2026-08-03 12:41:04.382,43.849011,131.51099999999616,0.08,0.16,-1.13,-20.94,-17.76,-12.94,1.1440716760762848,30.353662052543182
kwanteng,near_miss,KT_NearMissed_cleaned.csv,1764,2026-08-03 12:41:04.383,43.849891,0.8800000000022123,0.02,0.14,-1.05,-9.7,-17.88,6.16,1.0594810050208545,21.253940811059014
kwanteng,near_miss,KT_NearMissed_cleaned.csv,1765,2026-08-03 12:41:04.384,43.850664,0.7730000000023551,0.02,0.14,-1.05,-5.07,-16.17,33.33,1.0594810050208545,37.39067664538849
kwanteng,near_miss,KT_NearMissed_cleaned.csv,1766,2026-08-03 12:41:04.384,43.851406,0.7419999999953575,-0.03,0.17,-0.91,-5.07,-16.17,33.33,0.9262289133902051,37.39067664538849
kwanteng,near_miss,KT_NearMissed_cleaned.csv,1767,2026-08-03 12:41:04.385,43.852139,0.7330000000038694,-0.03,0.14,-0.84,-10.56,-9.64,31.62,0.8521150157109073,34.702558983452505
kwanteng,near_miss,KT_NearMissed_cleaned.csv,1769,2026-08-03 12:41:04.470,43.936539,84.40000000000225,0.03,0.07,-0.88,-23.01,-1.34,1.34,0.8832893070789434,23.087903759328178
kwanteng,near_miss,KT_NearMissed_cleaned.csv,1771,2026-08-03 12:41:04.471,43.938028,1.4889999999994075,0.11,0.08,-0.93,-29.17,1.59,-10.5,0.9398936110007345,31.04298632541657
kwanteng,near_miss,KT_NearMissed_cleaned.csv,1772,2026-08-03 12:41:04.556,44.023193,85.16499999999638,0.14,0.14,-0.94,-27.89,-0.06,15.32,0.9606247966818262,31.82071809372001
kwanteng,near_miss,KT_NearMissed_cleaned.csv,1774,2026-08-03 12:41:04.558,44.024396,1.2030000000038399,0.07,0.2,-0.99,-23.86,-0.92,57.31,1.0124228365658292,62.08528086430793
kwanteng,near_miss,KT_NearMissed_cleaned.csv,1776,2026-08-03 12:41:04.688,44.155203,130.80699999999723,-0.06,0.23,-1.06,-19.84,2.87,75.01,1.086324076875773,77.64253087065104
kwanteng,near_miss,KT_NearMissed_cleaned.csv,1778,2026-08-03 12:41:04.689,44.156462,1.2589999999974566,-0.13,-0.0,-1.12,-21.3,13.61,34.18,1.1275194011634568,42.51111031248184
kwanteng,near_miss,KT_NearMissed_cleaned.csv,1779,2026-08-03 12:41:04.690,44.156829,0.36700000000422506,-0.13,-0.0,-1.12,-13.79,25.57,-27.47,1.1275194011634568,39.98236986472913
kwanteng,near_miss,KT_NearMissed_cleaned.csv,1780,2026-08-03 12:41:04.690,44.157725,0.8959999999973434,-0.18,-0.24,-1.21,-13.79,25.57,-27.47,1.2466354719804824,39.98236986472913
kwanteng,near_miss,KT_NearMissed_cleaned.csv,1781,2026-08-03 12:41:04.732,44.198713,40.98799999999869,-0.24,-0.25,-1.3,11.11,26.31,-55.3,1.345399568901373,62.239362143261076
kwanteng,near_miss,KT_NearMissed_cleaned.csv,1783,2026-08-03 12:41:04.950,44.417558,218.84500000000173,-0.12,-0.17,-1.36,50.54,20.57,-79.83,1.3758270240113764,96.69666695393383
kwanteng,near_miss,KT_NearMissed_cleaned.csv,1785,2026-08-03 12:41:04.952,44.418979,1.4210000000005607,0.11,0.11,-1.31,99.91,16.72,-107.97,1.3192043056327554,148.05096217181432
kwanteng,near_miss,KT_NearMissed_cleaned.csv,1787,2026-08-03 12:41:04.954,44.42042,1.4409999999998035,0.24,0.43,-1.17,132.14,14.83,-83.07,1.2694093114515899,156.78499099084706
kwanteng,near_miss,KT_NearMissed_cleaned.csv,1788,2026-08-03 12:41:04.954,44.420964,0.5439999999978795,0.25,0.46,-1.03,129.64,13.06,-1.95,1.1554220008291343,130.31076586376125
kwanteng,near_miss,KT_NearMissed_cleaned.csv,1790,2026-08-03 12:41:04.956,44.422645,1.6810000000049286,0.15,0.28,-0.93,101.81,7.45,41.56,0.9827512401416749,110.21802121250408
kwanteng,near_miss,KT_NearMissed_cleaned.csv,1792,2026-08-03 12:41:04.995,44.46153,38.8850000000005,0.01,0.16,-0.89,68.73,-1.22,5.92,0.9043229511629128,68.99527302649075
kwanteng,near_miss,KT_NearMissed_cleaned.csv,1794,2026-08-03 12:41:04.996,44.462682,1.1519999999975994,-0.01,0.11,-0.9,37.23,-14.89,-31.19,0.9067524469225324,50.7996171245414
kwanteng,near_miss,KT_NearMissed_cleaned.csv,1795,2026-08-03 12:41:05.038,44.505198,42.51599999999911,0.07,0.09,-0.93,17.33,-32.04,-46.81,0.9369631796394137,59.31329193359613
kwanteng,near_miss,KT_NearMissed_cleaned.csv,1797,2026-08-03 12:41:05.082,44.548741,43.542999999999665,0.15,0.05,-0.9,18.92,-40.28,-69.7,0.9137833441248533,82.69543397310399
kwanteng,near_miss,KT_NearMissed_cleaned.csv,1799,2026-08-03 12:41:05.126,44.592661,43.91999999999996,0.13,-0.06,-0.9,21.3,-32.84,-77.33,0.9113177272499422,86.67228218986736
kwanteng,near_miss,KT_NearMissed_cleaned.csv,1801,2026-08-03 12:41:05.213,44.679995,87.33399999999847,0.08,-0.09,-0.95,14.59,-19.59,-69.27,0.957601169589929,73.45045336824
kwanteng,near_miss,KT_NearMissed_cleaned.csv,1802,2026-08-03 12:41:05.214,44.680282,0.28700000000014825,0.07,-0.01,-0.96,12.27,-14.59,-75.74,0.9626006440887104,78.10229574090636
kwanteng,near_miss,KT_NearMissed_cleaned.csv,1804,2026-08-03 12:41:05.300,44.76753,87.24800000000243,0.1,0.06,-0.92,14.47,-20.94,-93.51,0.9273618495495705,96.91225206340012
kwanteng,near_miss,KT_NearMissed_cleaned.csv,1806,2026-08-03 12:41:05.302,44.768597,1.066999999999041,0.1,-0.04,-0.91,8.54,-33.33,-94.54,0.916351460958076,100.60632236594279
kwanteng,near_miss,KT_NearMissed_cleaned.csv,1808,2026-08-03 12:41:05.389,44.855266,86.66900000000055,0.05,-0.22,-0.97,-6.23,-46.02,-73.06,0.9958915603618699,86.57030033446806
kwanteng,near_miss,KT_NearMissed_cleaned.csv,1809,2026-08-03 12:41:05.389,44.855661,0.3949999999974807,0.05,-0.22,-0.97,-10.44,-48.71,-71.35,0.9958915603618699,87.01999885083887
kwanteng,near_miss,KT_NearMissed_cleaned.csv,1810,2026-08-03 12:41:05.389,44.855899,0.2380000000030691,-0.02,-0.28,-1.01,-10.44,-48.71,-71.35,1.0482843125793688,87.01999885083887
kwanteng,near_miss,KT_NearMissed_cleaned.csv,1811,2026-08-03 12:41:05.390,44.856531,0.6319999999959691,0.0,-0.21,-0.98,1.89,-38.64,-99.06,1.0022474744293446,106.34615789956871
kwanteng,near_miss,KT_NearMissed_cleaned.csv,1813,2026-08-03 12:41:05.432,44.899125,42.59400000000113,0.11,-0.16,-0.91,11.78,-25.88,-113.53,0.9304837451562493,117.03676217325905
kwanteng,near_miss,KT_NearMissed_cleaned.csv,1815,2026-08-03 12:41:05.476,44.943149,44.024000000000285,0.23,-0.13,-0.83,6.16,-15.62,-100.34,0.8710338684574784,101.73517385840553
kwanteng,near_miss,KT_NearMissed_cleaned.csv,1817,2026-08-03 12:41:05.520,44.986883,43.734000000000606,0.32,-0.09,-0.85,-12.45,-4.03,-73.73,0.9126883367283708,74.88228295130966
kwanteng,near_miss,KT_NearMissed_cleaned.csv,1818,2026-08-03 12:41:05.563,45.030065,43.18200000000161,0.31,0.0,-1.11,-38.09,14.65,-36.32,1.1524755962709146,54.63161172800964
kwanteng,near_miss,KT_NearMissed_cleaned.csv,1820,2026-08-03 12:41:05.651,45.11775,87.68500000000046,0.16,0.01,-1.36,-71.04,27.95,13.79,1.3694159338929865,77.57608007627094
kwanteng,near_miss,KT_NearMissed_cleaned.csv,1822,2026-08-03 12:41:05.652,45.118612,0.86199999999792,0.07,-0.14,-1.29,-101.01,17.4,71.29,1.2994614268996214,124.85208928968711
kwanteng,near_miss,KT_NearMissed_cleaned.csv,1824,2026-08-03 12:41:05.694,45.161581,42.96899999999937,0.14,-0.09,-1.02,-87.71,2.87,87.77,1.0334892355511014,124.1162918395486
kwanteng,near_miss,KT_NearMissed_cleaned.csv,1825,2026-08-03 12:41:05.695,45.16191,0.32900000000068985,0.14,-0.09,-1.02,-31.31,15.26,-1.71,1.0334892355511014,34.87273720257703
kwanteng,near_miss,KT_NearMissed_cleaned.csv,1826,2026-08-03 12:41:05.738,45.204933,43.022999999998035,0.13,0.22,-0.83,-31.31,15.26,-1.71,0.8684468895678077,34.87273720257703
kwanteng,near_miss,KT_NearMissed_cleaned.csv,1827,2026-08-03 12:41:05.870,45.336185,131.25200000000348,-0.08,0.43,-0.9,11.23,40.28,-133.48,1.000649788887201,139.87673752272033
kwanteng,near_miss,KT_NearMissed_cleaned.csv,1829,2026-08-03 12:41:05.871,45.33691,0.7250000000027512,-0.26,0.4,-1.05,7.51,37.72,-179.44,1.1532996141506335,183.5154274168796
kwanteng,near_miss,KT_NearMissed_cleaned.csv,1831,2026-08-03 12:41:05.872,45.33852,1.6099999999994452,-0.17,0.21,-1.08,-18.62,4.58,-121.7,1.1132834320154055,123.20134252515271
kwanteng,near_miss,KT_NearMissed_cleaned.csv,1833,2026-08-03 12:41:05.874,45.340355,1.834999999999809,0.01,0.06,-1.02,-26.0,-22.89,-50.48,1.0218121158021176,61.22240194569304
kwanteng,near_miss,KT_NearMissed_cleaned.csv,1834,2026-08-03 12:41:05.914,45.380755,40.399999999998215,0.11,0.08,-0.94,-10.86,-28.5,-11.72,0.949789450352024,32.67335305719326
kwanteng,near_miss,KT_NearMissed_cleaned.csv,1836,2026-08-03 12:41:06.001,45.468028,87.27299999999616,0.12,0.21,-0.9,1.59,-24.96,25.76,0.931933474020544,35.90414042976102
kwanteng,near_miss,KT_NearMissed_cleaned.csv,1838,2026-08-03 12:41:06.002,45.46975,1.7220000000008895,0.16,0.24,-0.91,-13.31,-20.14,46.14,0.9546203433826455,52.0737486647543
kwanteng,near_miss,KT_NearMissed_cleaned.csv,1840,2026-08-03 12:41:06.045,45.511764,42.01400000000177,0.16,0.13,-0.94,-41.2,-8.85,14.16,0.9623408959407264,44.45523703682166
kwanteng,near_miss,KT_NearMissed_cleaned.csv,1841,2026-08-03 12:41:06.132,45.59881,87.04600000000084,0.06,0.08,-0.98,-51.57,5.25,-13.12,0.9850888284819801,53.47113052853848
kwanteng,near_miss,KT_NearMissed_cleaned.csv,1843,2026-08-03 12:41:06.133,45.599912,1.102000000003045,-0.02,0.13,-1.03,-48.77,11.96,3.36,1.0383640979926068,50.32736929345702
kwanteng,near_miss,KT_NearMissed_cleaned.csv,1845,2026-08-03 12:41:06.219,45.686411,86.49899999999633,-0.04,0.06,-1.07,-42.05,14.47,8.97,1.0724271537032248,45.36567314611346
kwanteng,near_miss,KT_NearMissed_cleaned.csv,1847,2026-08-03 12:41:06.220,45.687419,1.0079999999987876,-0.05,-0.1,-1.08,-23.68,20.69,-15.69,1.0857716150277645,35.142489951624086
kwanteng,near_miss,KT_NearMissed_cleaned.csv,1849,2026-08-03 12:41:06.263,45.729916,42.49700000000445,-0.14,-0.14,-1.17,2.75,26.67,-31.37,1.1866338946785566,41.26655183075029
kwanteng,near_miss,KT_NearMissed_cleaned.csv,1850,2026-08-03 12:41:06.263,45.730331,0.41499999999672355,-0.23,-0.1,-1.32,23.62,23.99,-41.5,1.3436145280548286,53.43851139393761
kwanteng,near_miss,KT_NearMissed_cleaned.csv,1852,2026-08-03 12:41:06.307,45.774124,43.79300000000086,-0.06,-0.04,-1.4,51.21,14.34,-69.21,1.4018559127100045,87.28186409558403
kwanteng,near_miss,KT_NearMissed_cleaned.csv,1854,2026-08-03 12:41:06.352,45.81806,43.936000000002196,0.31,0.12,-1.36,97.6,6.1,-80.51,1.4000357138301867,126.66818898208027
kwanteng,near_miss,KT_NearMissed_cleaned.csv,1856,2026-08-03 12:41:06.395,45.861769,43.708999999999776,0.47,0.32,-1.19,139.59,10.5,-30.94,1.3188631468048533,143.36283235204303
kwanteng,near_miss,KT_NearMissed_cleaned.csv,1857,2026-08-03 12:41:06.570,46.036473,174.70399999999842,0.31,0.33,-0.99,146.73,20.2,48.77,1.088622983406101,155.93667240261348
kwanteng,near_miss,KT_NearMissed_cleaned.csv,1859,2026-08-03 12:41:06.571,46.037354,0.8809999999996876,0.01,0.21,-0.9,120.42,21.73,53.22,0.9242294087508793,133.43739243555385
kwanteng,near_miss,KT_NearMissed_cleaned.csv,1860,2026-08-03 12:41:06.571,46.038152,0.7979999999960796,0.01,0.21,-0.9,84.72,13.37,-18.8,0.9242294087508793,87.80475670486196
kwanteng,near_miss,KT_NearMissed_cleaned.csv,1861,2026-08-03 12:41:06.573,46.039106,0.9540000000001214,-0.22,0.15,-0.93,84.72,13.37,-18.8,0.9673675619949225,87.80475670486196
kwanteng,near_miss,KT_NearMissed_cleaned.csv,1862,2026-08-03 12:41:06.573,46.039665,0.5590000000026407,-0.09,0.12,-0.94,61.77,-9.46,-73.55,0.951892851112981,96.51231527634181
kwanteng,near_miss,KT_NearMissed_cleaned.csv,1864,2026-08-03 12:41:06.657,46.123773,84.10800000000052,0.27,0.08,-0.87,58.23,-37.23,-85.08,0.9144397191723466,109.61483567473884
kwanteng,near_miss,KT_NearMissed_cleaned.csv,1866,2026-08-03 12:41:06.658,46.125392,1.6189999999980387,0.42,-0.01,-0.79,48.28,-49.07,-68.54,0.8947625383307015,97.14193172878538
kwanteng,near_miss,KT_NearMissed_cleaned.csv,1868,2026-08-03 12:41:06.701,46.167378,41.98600000000141,0.27,-0.1,-0.74,14.22,-43.09,-32.84,0.7940403012442127,56.01269588227298
kwanteng,near_miss,KT_NearMissed_cleaned.csv,1869,2026-08-03 12:41:06.702,46.168115,0.7370000000008758,0.06,-0.1,-0.76,-21.48,-34.73,-0.49,0.7688953114696434,40.83874875654248
kwanteng,near_miss,KT_NearMissed_cleaned.csv,1871,2026-08-03 12:41:06.788,46.255313,87.19800000000077,0.04,-0.17,-0.86,-36.5,-30.15,-4.58,0.8775534171775528,47.56310439826232
kwanteng,near_miss,KT_NearMissed_cleaned.csv,1873,2026-08-03 12:41:06.832,46.298889,43.57600000000161,0.17,-0.39,-0.92,-27.71,-22.95,-53.96,1.0136074190730848,64.85544078949738
kwanteng,near_miss,KT_NearMissed_cleaned.csv,1875,2026-08-03 12:41:06.876,46.342907,44.01799999999412,0.25,-0.54,-0.93,-4.94,-12.51,-100.52,1.1040833301884418,101.41584738096901
kwanteng,near_miss,KT_NearMissed_cleaned.csv,1876,2026-08-03 12:41:06.877,46.34365,0.7429999999999382,0.28,-0.44,-0.91,4.03,-7.14,-86.98,1.0488565202161828,87.36555900353412
kwanteng,near_miss,KT_NearMissed_cleaned.csv,1878,2026-08-03 12:41:06.920,46.386737,43.086999999999875,0.32,-0.18,-0.88,-5.43,-3.11,-45.17,0.9535197952848173,45.601380461560595
kwanteng,near_miss,KT_NearMissed_cleaned.csv,1880,2026-08-03 12:41:06.964,46.430606,43.869000000000824,0.34,0.15,-1.18,-18.37,10.68,-30.52,1.2371337841963577,37.18856948041965
kwanteng,near_miss,KT_NearMissed_cleaned.csv,1882,2026-08-03 12:41:07.095,46.56179,131.18400000000463,0.19,0.21,-1.5,-49.56,20.81,-21.97,1.5264992630198024,58.068326995015106
kwanteng,near_miss,KT_NearMissed_cleaned.csv,1883,2026-08-03 12:41:07.096,46.562412,0.6219999999999004,0.19,0.21,-1.5,-90.64,5.74,35.89,1.5264992630198024,97.65576941481747
kwanteng,near_miss,KT_NearMissed_cleaned.csv,1884,2026-08-03 12:41:07.097,46.563164,0.7519999999985316,0.06,0.04,-1.24,-90.64,5.74,35.89,1.242095004417939,97.65576941481747
kwanteng,near_miss,KT_NearMissed_cleaned.csv,1885,2026-08-03 12:41:07.097,46.563923,0.7590000000021746,0.14,0.13,-0.79,-83.13,-10.25,68.24,0.8127730310486441,108.03868288719555
kwanteng,near_miss,KT_NearMissed_cleaned.csv,1887,2026-08-03 12:41:07.181,46.648726,84.80300000000085,0.07,0.3,-0.75,-33.39,4.09,-24.66,0.8108020720249794,41.71014025389989
kwanteng,near_miss,KT_NearMissed_cleaned.csv,1889,2026-08-03 12:41:07.183,46.649893,1.1669999999952552,-0.13,0.33,-0.99,-14.59,16.66,-93.08,1.051617801294748,95.67815894967879
kwanteng,near_miss,KT_NearMissed_cleaned.csv,1891,2026-08-03 12:41:07.314,46.779968,130.07499999999794,-0.08,0.2,-1.1,-38.76,-5.25,-16.66,1.1208925015361644,42.51418233954406
kwanteng,near_miss,KT_NearMissed_cleaned.csv,1892,2026-08-03 12:41:07.314,46.780416,0.4480000000057771,0.1,0.04,-1.05,-50.48,-26.98,57.5,1.0555093557141026,81.13199615441494
kwanteng,near_miss,KT_NearMissed_cleaned.csv,1894,2026-08-03 12:41:07.316,46.782116,1.6999999999995907,0.08,0.02,-1.01,-30.27,-18.8,26.06,1.0133607452432722,44.145628322632355
kwanteng,near_miss,KT_NearMissed_cleaned.csv,1896,2026-08-03 12:41:07.317,46.783621,1.5049999999945385,-0.06,0.1,-0.98,-11.47,-3.54,-20.32,0.9869143833180262,23.600739395196925
kwanteng,near_miss,KT_NearMissed_cleaned.csv,1898,2026-08-03 12:41:07.358,46.824334,40.713000000003774,-0.07,0.15,-0.97,-12.7,-0.98,-17.4,0.9840223574695851,21.564099795725298
kwanteng,near_miss,KT_NearMissed_cleaned.csv,1899,2026-08-03 12:41:07.401,46.867783,43.44900000000251,0.04,0.14,-0.97,-25.02,-5.19,-0.37,0.9808669634563089,25.555300819986446
kwanteng,near_miss,KT_NearMissed_cleaned.csv,1901,2026-08-03 12:41:07.444,46.911346,43.56299999999891,0.12,0.14,-0.98,-32.47,-6.77,11.9,0.9971960689854328,35.23838532055633
kwanteng,near_miss,KT_NearMissed_cleaned.csv,1903,2026-08-03 12:41:07.532,46.998684,87.33799999999547,0.06,0.16,-0.99,-28.69,-4.64,25.45,1.0046392387319938,38.630922846859356
kwanteng,near_miss,KT_NearMissed_cleaned.csv,1905,2026-08-03 12:41:07.534,46.999839,1.155000000004236,0.0,0.17,-0.98,-22.46,-1.77,32.59,0.9946356116689167,39.619346284359615
kwanteng,near_miss,KT_NearMissed_cleaned.csv,1907,2026-08-03 12:41:07.620,47.086188,86.34899999999845,0.04,0.16,-0.96,-24.17,1.1,35.28,0.9740636529508736,42.77940275412924
kwanteng,near_miss,KT_NearMissed_cleaned.csv,1908,2026-08-03 12:41:07.620,47.086552,0.3639999999975885,0.05,0.15,-0.97,-28.26,5.68,40.83,0.9828021163998376,49.97978491350278
kwanteng,near_miss,KT_NearMissed_cleaned.csv,1910,2026-08-03 12:41:07.664,47.130337,43.78499999999974,-0.09,0.13,-1.02,-21.0,14.47,32.04,1.0321821544669332,40.950488397575924
kwanteng,near_miss,KT_NearMissed_cleaned.csv,1912,2026-08-03 12:41:07.707,47.1738,43.463000000002694,-0.27,0.07,-1.1,-9.34,23.01,-6.71,1.1348127598859648,25.723914943103043
kwanteng,near_miss,KT_NearMissed_cleaned.csv,1914,2026-08-03 12:41:07.795,47.261362,87.56199999999836,-0.3,0.01,-1.23,-7.32,19.04,-47.97,1.2660963628413122,52.12700739539917
kwanteng,near_miss,KT_NearMissed_cleaned.csv,1915,2026-08-03 12:41:07.795,47.261627,0.2649999999988495,-0.11,-0.04,-1.31,0.43,5.19,-71.11,1.3152186130069785,71.3004424951206
kwanteng,near_miss,KT_NearMissed_cleaned.csv,1917,2026-08-03 12:41:07.796,47.26317,1.5430000000051791,0.26,-0.02,-1.24,33.94,-3.54,-79.1,1.2671227249165726,86.14676546452571
kwanteng,near_miss,KT_NearMissed_cleaned.csv,1919,2026-08-03 12:41:07.838,47.305352,42.18199999999683,0.53,0.08,-1.07,79.41,3.17,-64.21,1.1967455869983394,102.17103846002544
kwanteng,near_miss,KT_NearMissed_cleaned.csv,1921,2026-08-03 12:41:07.926,47.392666,87.31399999999923,0.38,0.22,-1.0,111.63,20.32,-19.23,1.0921538353180837,115.08237136938047
kwanteng,near_miss,KT_NearMissed_cleaned.csv,1923,2026-08-03 12:41:07.928,47.394029,1.363000000004888,0.04,0.28,-1.04,117.55,24.84,33.33,1.0777754868245986,124.68326672011766
kwanteng,near_miss,KT_NearMissed_cleaned.csv,1924,2026-08-03 12:41:07.970,47.43629,42.26099999999633,-0.11,0.21,-1.1,104.37,12.57,37.6,1.1252555265360842,111.64614547757571
kwanteng,near_miss,KT_NearMissed_cleaned.csv,1926,2026-08-03 12:41:08.013,47.480082,43.792000000003384,-0.02,0.14,-1.1,89.78,4.39,-14.53,1.1090536506409419,91.05405757021485
kwanteng,near_miss,KT_NearMissed_cleaned.csv,1928,2026-08-03 12:41:08.057,47.523995,43.912999999996316,-0.03,0.08,-1.06,75.44,2.93,-75.68,1.063437821407533,106.8982736062655
kwanteng,near_miss,KT_NearMissed_cleaned.csv,1930,2026-08-03 12:41:08.145,47.611665,87.6700000000028,-0.03,0.02,-0.97,62.07,-15.99,-101.32,0.9706698717895801,119.89206562571187
kwanteng,near_miss,KT_NearMissed_cleaned.csv,1931,2026-08-03 12:41:08.146,47.612376,0.7109999999954653,0.16,-0.03,-0.84,54.14,-48.71,-87.83,0.855628424025289,114.09606741689215
kwanteng,near_miss,KT_NearMissed_cleaned.csv,1933,2026-08-03 12:41:08.190,47.656117,43.74100000000425,0.27,-0.03,-0.77,42.85,-60.36,-61.22,0.8165169930871004,96.05904694509519
kwanteng,near_miss,KT_NearMissed_cleaned.csv,1935,2026-08-03 12:41:08.232,47.698735,42.61799999999738,0.23,-0.0,-0.82,23.13,-46.75,-41.26,0.8516454661418681,66.50524039502452
kwanteng,near_miss,KT_NearMissed_cleaned.csv,1937,2026-08-03 12:41:08.276,47.742692,43.956999999998914,0.18,-0.0,-0.87,6.04,-28.5,-46.02,0.8884255736976508,54.46624642840739
kwanteng,near_miss,KT_NearMissed_cleaned.csv,1938,2026-08-03 12:41:08.277,47.743013,0.32099999999957163,0.19,-0.06,-0.83,-2.5,-17.7,-64.64,0.8535806933149319,67.06615838110902
kwanteng,near_miss,KT_NearMissed_cleaned.csv,1940,2026-08-03 12:41:08.320,47.786876,43.86300000000176,0.19,-0.18,-0.82,-12.02,-13.67,-64.21,0.8607554821202128,66.74034312168315
kwanteng,near_miss,KT_NearMissed_cleaned.csv,1942,2026-08-03 12:41:08.364,47.830452,43.57600000000161,0.12,-0.33,-0.9,-22.28,-12.88,-47.79,0.9660745312862771,54.27869655767353
kwanteng,near_miss,KT_NearMissed_cleaned.csv,1944,2026-08-03 12:41:08.407,47.874442,43.99000000000086,0.06,-0.44,-1.03,-21.97,-16.6,-43.03,1.121650569473399,51.0864150239572
kwanteng,near_miss,KT_NearMissed_cleaned.csv,1945,2026-08-03 12:41:08.495,47.961683,87.24099999999879,0.08,-0.44,-1.06,-10.5,-23.25,-49.01,1.1504781614615724,55.25208231370108
kwanteng,near_miss,KT_NearMissed_cleaned.csv,1947,2026-08-03 12:41:08.496,47.962713,1.0300000000000864,0.2,-0.31,-0.94,-0.06,-24.41,-50.42,1.00980196078241,56.01810510897348
kwanteng,near_miss,KT_NearMissed_cleaned.csv,1949,2026-08-03 12:41:08.539,48.005487,42.77400000000142,0.3,-0.16,-0.83,-0.24,-13.85,-44.37,0.8969392398596462,46.48200727163146
kwanteng,near_miss,KT_NearMissed_cleaned.csv,1950,2026-08-03 12:41:08.626,48.092636,87.14899999999659,0.3,-0.16,-0.83,-11.41,6.9,-32.47,0.8969392398596462,35.10126778337215
kwanteng,near_miss,KT_NearMissed_cleaned.csv,1951,2026-08-03 12:41:08.627,48.092904,0.26799999999838064,0.29,-0.04,-0.93,-11.41,6.9,-32.47,0.9749871794028884,35.10126778337215
kwanteng,near_miss,KT_NearMissed_cleaned.csv,1952,2026-08-03 12:41:08.627,48.093692,0.7880000000000109,0.14,-0.01,-1.24,-40.65,23.19,-3.36,1.2479182665543445,46.92001918158176
kwanteng,near_miss,KT_NearMissed_cleaned.csv,1954,2026-08-03 12:41:08.669,48.136556,42.86400000000157,0.06,-0.13,-1.34,-88.87,13.24,59.14,1.3476275449841475,107.56725384614037
kwanteng,near_miss,KT_NearMissed_cleaned.csv,1956,2026-08-03 12:41:08.714,48.180603,44.04699999999906,0.22,-0.08,-1.04,-107.06,-11.78,114.87,1.0660206376989143,157.4665961402608
kwanteng,near_miss,KT_NearMissed_cleaned.csv,1958,2026-08-03 12:41:08.757,48.223853,43.250000000000455,0.34,0.2,-0.79,-68.48,-10.62,75.38,0.8830062287436029,102.3935505781492
kwanteng,near_miss,KT_NearMissed_cleaned.csv,1959,2026-08-03 12:41:08.757,48.224199,0.34600000000040154,0.08,0.34,-0.89,-25.33,19.53,-28.81,0.9560857702110204,43.047019641317796
kwanteng,near_miss,KT_NearMissed_cleaned.csv,1961,2026-08-03 12:41:08.801,48.268087,43.88800000000259,-0.31,0.31,-1.1,-20.87,29.66,-54.2,1.184145261359433,65.21435808163722
kwanteng,near_miss,KT_NearMissed_cleaned.csv,1963,2026-08-03 12:41:08.845,48.311977,43.88999999999754,-0.29,0.18,-1.13,-33.2,2.87,-6.29,1.1804236527620071,33.912254422258634
kwanteng,near_miss,KT_NearMissed_cleaned.csv,1965,2026-08-03 12:41:08.889,48.355613,43.63599999999934,-0.0,0.1,-1.02,-29.36,-21.42,6.23,1.0248902380255165,36.87328165487851
kwanteng,near_miss,KT_NearMissed_cleaned.csv,1966,2026-08-03 12:41:08.933,48.399256,43.643000000002985,0.15,0.14,-0.92,-19.04,-20.45,-16.97,0.9426027795418387,32.69105382210858
kwanteng,near_miss,KT_NearMissed_cleaned.csv,1968,2026-08-03 12:41:09.020,48.486471,87.21500000000049,0.12,0.16,-0.88,-17.76,-7.87,-21.97,0.9024411338142783,29.326360156009816
kwanteng,near_miss,KT_NearMissed_cleaned.csv,1970,2026-08-03 12:41:09.021,48.487563,1.0919999999998709,0.01,0.15,-0.92,-19.47,-0.43,-3.36,0.9322016949137134,19.762474541413077
kwanteng,near_miss,KT_NearMissed_cleaned.csv,1972,2026-08-03 12:41:09.064,48.530264,42.70100000000099,-0.08,0.17,-0.95,-26.61,-2.26,17.21,0.9684007434941384,31.7708010600929
kwanteng,near_miss,KT_NearMissed_cleaned.csv,1973,2026-08-03 12:41:09.107,48.573592,43.32799999999537,-0.08,0.17,-0.95,-43.03,-13.43,59.33,0.9684007434941384,74.51170847591672
kwanteng,near_miss,KT_NearMissed_cleaned.csv,1974,2026-08-03 12:41:09.107,48.573919,0.32699999999863394,-0.09,0.26,-0.96,-43.03,-13.43,59.33,0.9986490875177326,74.51170847591672
kwanteng,near_miss,KT_NearMissed_cleaned.csv,1975,2026-08-03 12:41:09.151,48.617769,43.85000000000616,0.04,0.16,-1.03,-58.41,-22.16,100.16,1.0431203190428224,118.04583558940145
kwanteng,near_miss,KT_NearMissed_cleaned.csv,1977,2026-08-03 12:41:09.195,48.661423,43.65399999999653,0.13,-0.05,-1.09,-57.86,-10.01,64.21,1.0988630487917956,87.01094069138662
kwanteng,near_miss,KT_NearMissed_cleaned.csv,1979,2026-08-03 12:41:09.239,48.705351,43.92800000000108,0.05,-0.12,-1.1,-38.33,8.79,14.16,1.1076551810017412,41.79663383575285
kwanteng,near_miss,KT_NearMissed_cleaned.csv,1983,2026-08-03 12:41:09.283,48.749305,43.95399999999938,-0.16,-0.15,-1.31,21.97,19.17,-6.9,1.3282319074619462,29.96297381769707
kwanteng,near_miss,KT_NearMissed_cleaned.csv,1984,2026-08-03 12:41:09.326,48.792683,43.37799999999703,-0.16,-0.15,-1.31,62.87,19.53,-47.49,1.3282319074619462,81.17486002451744
kwanteng,near_miss,KT_NearMissed_cleaned.csv,1985,2026-08-03 12:41:09.326,48.793098,0.415000000003829,-0.12,-0.1,-1.36,62.87,19.53,-47.49,1.3689411966918084,81.17486002451744
kwanteng,near_miss,KT_NearMissed_cleaned.csv,1986,2026-08-03 12:41:09.370,48.836593,43.49500000000006,0.13,0.12,-1.29,105.47,13.31,-67.5,1.3020752666416793,125.92587899236598
kwanteng,near_miss,KT_NearMissed_cleaned.csv,1988,2026-08-03 12:41:09.413,48.880592,43.998999999999455,0.31,0.37,-1.13,127.75,6.16,-26.37,1.2287798826478238,130.58860976363903
kwanteng,near_miss,KT_NearMissed_cleaned.csv,1990,2026-08-03 12:41:09.458,48.924629,44.03700000000299,0.24,0.35,-0.99,118.35,10.19,25.57,1.0771258050942796,121.50877951818954
kwanteng,near_miss,KT_NearMissed_cleaned.csv,1994,2026-08-03 12:41:09.545,49.01128,86.65099999999626,-0.01,0.11,-0.96,76.05,16.6,-4.88,0.9663332758422427,77.99344139092723
kwanteng,near_miss,KT_NearMissed_cleaned.csv,1995,2026-08-03 12:41:09.589,49.055394,44.11400000000043,0.09,0.1,-0.96,52.98,-1.65,-17.15,0.9693812459502195,55.711088662850585
kwanteng,near_miss,KT_NearMissed_cleaned.csv,1997,2026-08-03 12:41:09.632,49.099255,43.860999999999706,0.23,0.08,-0.9,32.23,-24.78,-16.17,0.9323625904121208,43.75260220832585
kwanteng,near_miss,KT_NearMissed_cleaned.csv,1999,2026-08-03 12:41:09.676,49.142659,43.40400000000244,0.31,0.06,-0.78,21.0,-42.48,-12.82,0.8414867794564571,49.09076084152699
kwanteng,near_miss,KT_NearMissed_cleaned.csv,2001,2026-08-03 12:41:09.894,49.3614,218.7410000000014,0.26,0.01,-0.7,8.24,-40.59,-7.14,0.7467931440499437,42.02886270171964
kwanteng,near_miss,KT_NearMissed_cleaned.csv,2005,2026-08-03 12:41:09.897,49.364241,2.8409999999965407,0.13,-0.15,-0.83,-28.69,-1.77,-33.94,0.8534049449118513,44.47665230207867
kwanteng,near_miss,KT_NearMissed_cleaned.csv,2006,2026-08-03 12:41:09.898,49.364904,0.6630000000029668,0.13,-0.15,-0.83,-44.68,5.74,-60.42,0.8534049449118513,75.36462300045028
kwanteng,near_miss,KT_NearMissed_cleaned.csv,2007,2026-08-03 12:41:09.899,49.365658,0.7540000000005875,0.08,-0.36,-0.96,-44.68,5.74,-60.42,1.0283968105745953,75.36462300045028
kwanteng,near_miss,KT_NearMissed_cleaned.csv,2008,2026-08-03 12:41:09.900,49.366595,0.9369999999933043,0.12,-0.55,-1.07,-41.99,-0.73,-59.63,1.2090492132250037,72.93442191448425
kwanteng,near_miss,KT_NearMissed_cleaned.csv,2010,2026-08-03 12:41:09.982,49.448867,82.27200000000323,0.15,-0.51,-1.03,-30.15,-15.01,-13.55,1.159094474147815,36.30323814758127
kwanteng,near_miss,KT_NearMissed_cleaned.csv,2012,2026-08-03 12:41:09.983,49.450377,1.510000000003231,0.25,-0.04,-1.16,-16.24,-18.92,20.45,1.1873078791956195,32.24758130464981
kwanteng,near_miss,KT_NearMissed_cleaned.csv,2014,2026-08-03 12:41:09.985,49.452531,2.1539999999973247,0.35,0.33,-1.37,-8.85,-2.62,-2.75,1.4519986225888784,9.630648991630833
kwanteng,near_miss,KT_NearMissed_cleaned.csv,2015,2026-08-03 12:41:10.026,49.492828,40.29700000000247,0.28,0.28,-1.12,-26.06,12.33,-14.89,1.1879393923933999,32.44787512303387
kwanteng,near_miss,KT_NearMissed_cleaned.csv,2017,2026-08-03 12:41:10.070,49.536515,43.68699999999848,0.13,0.3,-0.79,-38.94,17.27,-8.67,0.8549853799919622,43.47120196175854
kwanteng,near_miss,KT_NearMissed_cleaned.csv,2019,2026-08-03 12:41:10.113,49.580346,43.83099999999729,-0.11,0.38,-0.85,-37.29,18.62,-31.74,0.9375499986667377,52.38965642185487
kwanteng,near_miss,KT_NearMissed_cleaned.csv,2021,2026-08-03 12:41:10.156,49.623985,43.63899999999887,-0.24,0.27,-1.06,-44.74,0.55,-11.41,1.119866063420086,46.17529859134644
kwanteng,near_miss,KT_NearMissed_cleaned.csv,2022,2026-08-03 12:41:10.158,49.624249,0.26400000000137425,-0.24,0.27,-1.06,-43.76,-26.37,43.27,1.119866063420086,66.95227703372008
kwanteng,near_miss,KT_NearMissed_cleaned.csv,2023,2026-08-03 12:41:10.245,49.711579,87.33000000000146,-0.02,0.12,-1.1,-43.76,-26.37,43.27,1.1067068265805537,66.95227703372008
kwanteng,near_miss,KT_NearMissed_cleaned.csv,2024,2026-08-03 12:41:10.245,49.711892,0.3129999999984534,0.17,0.07,-1.03,-23.25,-28.2,37.54,1.046279121458514,52.39326388000656
kwanteng,near_miss,KT_NearMissed_cleaned.csv,2026,2026-08-03 12:41:10.247,49.713246,1.3539999999991892,0.13,0.1,-0.98,-7.81,-10.13,0.37,0.9936297097007516,12.796479984745805
kwanteng,near_miss,KT_NearMissed_cleaned.csv,2028,2026-08-03 12:41:10.289,49.755718,42.47200000000362,-0.01,0.13,-0.95,-8.3,1.53,-5.13,0.9589056262218926,9.876628979565853
kwanteng,near_miss,KT_NearMissed_cleaned.csv,2030,2026-08-03 12:41:10.377,49.843147,87.4290000000002,-0.11,0.14,-0.89,-17.7,-0.18,19.47,0.9076342875850384,26.313557342176296
kwanteng,near_miss,KT_NearMissed_cleaned.csv,2031,2026-08-03 12:41:10.377,49.843841,0.6939999999957536,-0.09,0.18,-0.84,-27.59,-8.0,51.51,0.863770802933278,58.97870971799909
kwanteng,near_miss,KT_NearMissed_cleaned.csv,2033,2026-08-03 12:41:10.420,49.88645,42.60900000000589,-0.02,0.23,-0.85,-34.18,-15.93,91.67,0.8807950953541919,99.12328787928698
kwanteng,near_miss,KT_NearMissed_cleaned.csv,2035,2026-08-03 12:41:10.464,49.930286,43.835999999998876,0.02,0.25,-0.9,-42.36,-17.21,111.02,0.9342911751697112,120.06662358873926
kwanteng,near_miss,KT_NearMissed_cleaned.csv,2036,2026-08-03 12:41:10.507,49.973887,43.60099999999534,0.04,0.23,-0.98,-54.93,-9.52,84.53,1.007422453591342,101.25836360518572
kwanteng,near_miss,KT_NearMissed_cleaned.csv,2038,2026-08-03 12:41:10.551,50.01768,43.79300000000086,0.06,0.21,-1.08,-58.23,2.14,43.46,1.1018620603324176,72.69170585424447
kwanteng,near_miss,KT_NearMissed_cleaned.csv,2040,2026-08-03 12:41:10.596,50.061869,44.18900000000292,0.02,0.08,-1.13,-45.96,13.06,8.0,1.1330048543585325,48.44466121256294
kwanteng,near_miss,KT_NearMissed_cleaned.csv,2042,2026-08-03 12:41:10.639,50.105672,43.80299999999693,-0.11,-0.0,-1.12,-23.74,17.27,-4.33,1.1253888216967505,29.67472662047622
kwanteng,near_miss,KT_NearMissed_cleaned.csv,2044,2026-08-03 12:41:10.682,50.149342,43.669999999998765,-0.2,0.05,-1.12,-2.44,12.15,14.47,1.1388151737661385,19.051430392492843
kwanteng,near_miss,KT_NearMissed_cleaned.csv,2045,2026-08-03 12:41:10.683,50.149786,0.4440000000016653,-0.18,0.0,-1.19,10.62,9.03,2.14,1.203536455617361,14.103364846730726
kwanteng,near_miss,KT_NearMissed_cleaned.csv,2047,2026-08-03 12:41:10.727,50.193059,43.27299999999923,-0.05,-0.13,-1.26,25.88,11.54,-48.03,1.267675037223657,55.76582197009204
kwanteng,near_miss,KT_NearMissed_cleaned.csv,2049,2026-08-03 12:41:10.771,50.237083,44.024000000000285,0.18,-0.13,-1.26,55.24,13.0,-78.37,1.2794139283281232,96.75905383993789
kwanteng,near_miss,KT_NearMissed_cleaned.csv,2051,2026-08-03 12:41:10.857,50.324436,87.35300000000024,0.3,0.1,-1.2,96.37,18.13,-71.96,1.2409673645990857,121.63106264437552
kwanteng,near_miss,KT_NearMissed_cleaned.csv,2052,2026-08-03 12:41:10.859,50.325056,0.6199999999978445,0.3,0.1,-1.2,119.26,25.02,-35.77,1.2409673645990857,126.99779879982172
kwanteng,near_miss,KT_NearMissed_cleaned.csv,2053,2026-08-03 12:41:10.860,50.326089,1.033000000006723,0.24,0.3,-1.18,119.26,25.02,-35.77,1.2409673645990855,126.99779879982172
kwanteng,near_miss,KT_NearMissed_cleaned.csv,2054,2026-08-03 12:41:10.901,50.367728,41.63899999999643,0.19,0.26,-1.13,107.48,21.85,17.94,1.1749893616539682,111.13602701194606
kwanteng,near_miss,KT_NearMissed_cleaned.csv,2056,2026-08-03 12:41:10.945,50.411445,43.717000000000894,0.17,0.15,-1.01,90.82,10.38,55.97,1.035132841716463,107.18515615513185
kwanteng,near_miss,KT_NearMissed_cleaned.csv,2058,2026-08-03 12:41:10.989,50.455754,44.30899999999838,0.1,0.11,-0.92,81.97,3.11,38.45,0.931933474020544,90.5933524051296
kwanteng,near_miss,KT_NearMissed_cleaned.csv,2060,2026-08-03 12:41:11.076,50.54281,87.05600000000402,-0.05,0.07,-0.92,67.08,-0.92,-13.61,0.9240129869217207,68.45293930869587
kwanteng,near_miss,KT_NearMissed_cleaned.csv,2061,2026-08-03 12:41:11.077,50.54329,0.47999999999603915,-0.05,0.07,-0.92,49.44,-16.66,-44.01,0.9240129869217207,68.25503131637988
kwanteng,near_miss,KT_NearMissed_cleaned.csv,2063,2026-08-03 12:41:11.120,50.586551,43.261000000001104,0.19,0.09,-0.8,40.95,-38.82,-49.62,0.8271638289964087,75.1401310885202
kwanteng,near_miss,KT_NearMissed_cleaned.csv,2065,2026-08-03 12:41:11.164,50.630361,43.81000000000057,0.38,0.04,-0.66,31.74,-43.46,-42.79,0.7626270385975048,68.75451476085043
kwanteng,near_miss,KT_NearMissed_cleaned.csv,2067,2026-08-03 12:41:11.207,50.674086,43.72500000000201,0.34,-0.05,-0.66,6.41,-28.87,-20.26,0.7441102068914255,35.84735136659332
kwanteng,near_miss,KT_NearMissed_cleaned.csv,2068,2026-08-03 12:41:11.208,50.674403,0.3169999999954598,0.17,-0.15,-0.82,-25.02,-11.66,-4.64,0.850764362206128,27.99081277848144
kwanteng,near_miss,KT_NearMissed_cleaned.csv,2070,2026-08-03 12:41:11.252,50.718213,43.81000000000057,0.02,-0.26,-1.01,-40.41,-0.37,-22.16,1.0431203190428227,46.08872530239907
kwanteng,near_miss,KT_NearMissed_cleaned.csv,2072,2026-08-03 12:41:11.296,50.762429,44.2159999999987,0.01,-0.48,-1.12,-28.32,2.01,-68.85,1.2185647295076287,74.47405588525443
kwanteng,near_miss,KT_NearMissed_cleaned.csv,2074,2026-08-03 12:41:11.339,50.805827,43.39800000000338,0.13,-0.57,-1.1,-1.16,-7.69,-90.27,1.2457126474432216,90.60438510359198
kwanteng,near_miss,KT_NearMissed_cleaned.csv,2075,2026-08-03 12:41:11.382,50.849047,43.21999999999804,0.13,-0.57,-1.1,12.76,-18.92,-60.49,1.2457126474432216,64.65155914593244
kwanteng,near_miss,KT_NearMissed_cleaned.csv,2076,2026-08-03 12:41:11.382,50.849444,0.3969999999995366,0.26,-0.39,-0.88,12.76,-18.92,-60.49,0.9970456358662827,64.65155914593244
kwanteng,near_miss,KT_NearMissed_cleaned.csv,2077,2026-08-03 12:41:11.426,50.892751,43.30699999999865,0.33,-0.02,-0.77,13.55,-13.98,-33.94,0.837973746605465,39.12756700844048
kwanteng,near_miss,KT_NearMissed_cleaned.csv,2079,2026-08-03 12:41:11.469,50.936594,43.84300000000252,0.4,0.34,-1.18,-1.83,6.65,-24.84,1.2915107432770352,25.779778897422684
kwanteng,near_miss,KT_NearMissed_cleaned.csv,2081,2026-08-03 12:41:11.602,51.06795,131.3560000000038,0.3,0.22,-1.46,-51.7,21.55,4.58,1.5066519173319362,56.19847773739072
kwanteng,near_miss,KT_NearMissed_cleaned.csv,2083,2026-08-03 12:41:11.603,51.069148,1.1979999999951474,0.08,0.06,-1.13,-96.25,15.26,62.93,1.134416149391395,116.00480593492668
kwanteng,near_miss,KT_NearMissed_cleaned.csv,2084,2026-08-03 12:41:11.603,51.069598,0.4500000000007276,-0.1,0.23,-0.85,-85.39,8.0,57.74,0.8862279616441809,103.38935970398502
kwanteng,near_miss,KT_NearMissed_cleaned.csv,2086,2026-08-03 12:41:11.605,51.071113,1.5149999999977126,-0.26,0.28,-0.93,-46.2,6.59,-17.82,1.0054352291420865,49.95418400894964
kwanteng,near_miss,KT_NearMissed_cleaned.csv,2088,2026-08-03 12:41:11.732,51.199044,127.93100000000379,-0.15,0.2,-1.05,-24.84,-9.22,-45.78,1.0793516572461452,52.89463488861607
kwanteng,near_miss,KT_NearMissed_cleaned.csv,2090,2026-08-03 12:41:11.733,51.200093,1.049000000001854,0.09,0.07,-0.99,-15.5,-28.56,-27.53,0.9965440281292142,42.58901853764653
kwanteng,near_miss,KT_NearMissed_cleaned.csv,2091,2026-08-03 12:41:11.776,51.242443,42.349999999999,0.19,0.04,-0.9,-5.49,-28.87,-9.46,0.9207062506576134,30.872456980292323
kwanteng,near_miss,KT_NearMissed_cleaned.csv,2093,2026-08-03 12:41:11.777,51.243375,0.9319999999988227,0.13,0.1,-0.88,-2.14,-15.08,9.46,0.8951536181013848,17.92979642940767
kwanteng,near_miss,KT_NearMissed_cleaned.csv,2095,2026-08-03 12:41:11.864,51.330763,87.38799999999713,-0.0,0.17,-0.9,-13.31,-3.6,28.56,0.9159148432032315,31.714187676811147
kwanteng,near_miss,KT_NearMissed_cleaned.csv,2097,2026-08-03 12:41:11.865,51.332121,1.358000000003301,-0.1,0.15,-0.94,-38.27,0.49,31.07,0.9571311299921239,49.2968345839771
kwanteng,near_miss,KT_NearMissed_cleaned.csv,2099,2026-08-03 12:41:11.908,51.37476,42.639000000001204,-0.04,0.02,-1.02,-56.95,3.72,9.58,1.0209799214480175,57.86983065466842
kwanteng,near_miss,KT_NearMissed_cleaned.csv,2100,2026-08-03 12:41:11.951,51.417778,43.01799999999645,-0.0,0.02,-1.08,-44.98,10.86,-14.47,1.080185169311262,48.48217094974193
kwanteng,near_miss,KT_NearMissed_cleaned.csv,2102,2026-08-03 12:41:12.039,51.505462,87.68400000000298,-0.02,0.18,-1.04,-17.03,10.56,-6.41,1.0556514576317317,21.038597862024933
kwanteng,near_miss,KT_NearMissed_cleaned.csv,2104,2026-08-03 12:41:12.040,51.506517,1.0550000000009163,0.09,0.26,-0.97,-8.24,-3.78,25.63,1.008265837961398,27.186079158275103
kwanteng,near_miss,KT_NearMissed_cleaned.csv,2106,2026-08-03 12:41:12.083,51.549116,42.59899999999561,0.15,0.3,-0.94,-12.02,-14.22,37.29,0.9980480950335009,41.68012595950257
kwanteng,near_miss,KT_NearMissed_cleaned.csv,2108,2026-08-03 12:41:12.126,51.592785,43.66900000000129,0.13,0.3,-0.96,-14.16,-10.38,17.21,1.0141498903022177,24.585241507864023
kwanteng,near_miss,KT_NearMissed_cleaned.csv,2109,2026-08-03 12:41:12.127,51.593253,0.46799999999791453,0.09,0.23,-1.02,-18.98,4.03,-11.6,1.0494760597555335,22.606222594675124
kwanteng,near_miss,KT_NearMissed_cleaned.csv,2111,2026-08-03 12:41:12.170,51.636945,43.692000000000064,0.02,0.11,-1.11,-23.74,22.58,-24.48,1.1156164215356459,40.89883127914537
kwanteng,near_miss,KT_NearMissed_cleaned.csv,2113,2026-08-03 12:41:12.214,51.680916,43.9710000000062,-0.04,-0.19,-1.14,-17.52,35.22,-25.27,1.1564168798491312,46.7543762657572
kwanteng,near_miss,KT_NearMissed_cleaned.csv,2115,2026-08-03 12:41:12.258,51.724521,43.60499999999945,-0.16,-0.81,-1.27,7.08,39.37,-25.02,1.5147937153289222,47.181815352951396
kwanteng,near_miss,KT_NearMissed_cleaned.csv,2116,2026-08-03 12:41:12.301,51.767753,43.23199999999616,-0.07,-1.34,-1.37,69.95,38.7,-48.46,1.9176548177396266,93.48296154915077
kwanteng,near_miss,KT_NearMissed_cleaned.csv,2118,2026-08-03 12:41:12.345,51.811455,43.70200000000324,0.11,-0.96,-1.61,181.7,51.39,-82.89,1.8777113729218344,206.21972311105452
kwanteng,near_miss,KT_NearMissed_cleaned.csv,2120,2026-08-03 12:41:12.389,51.855371,43.91599999999585,-0.34,0.05,-1.92,296.14,72.45,-59.45,1.9505127530985282,310.6158473098242
kwanteng,near_miss,KT_NearMissed_cleaned.csv,2122,2026-08-03 12:41:12.563,52.030334,174.9630000000053,-0.55,0.27,-1.82,306.52,41.02,-19.65,1.9203645487250591,309.8762225470034
kwanteng,near_miss,KT_NearMissed_cleaned.csv,2123,2026-08-03 12:41:12.564,52.031145,0.8109999999987849,-0.02,-0.18,-1.73,200.68,-40.83,15.99,1.7394539373033135,205.4147789230366
kwanteng,near_miss,KT_NearMissed_cleaned.csv,2125,2026-08-03 12:41:12.565,52.032492,1.3469999999955462,0.15,-0.39,-1.97,133.24,-84.35,25.94,2.0138272021203805,159.81459163668382
kwanteng,near_miss,KT_NearMissed_cleaned.csv,2127,2026-08-03 12:41:12.567,52.034065,1.5730000000004907,0.05,-0.29,-1.67,166.26,-103.58,-34.36,1.6957299313275094,198.87637768221745
kwanteng,near_miss,KT_NearMissed_cleaned.csv,2128,2026-08-03 12:41:12.568,52.035077,1.0120000000028995,0.13,0.02,-0.66,201.05,-140.69,-128.11,0.6729784543356496,276.81573419876264
kwanteng,near_miss,KT_NearMissed_cleaned.csv,2130,2026-08-03 12:41:12.651,52.118028,82.95100000000133,0.23,0.39,0.31,209.11,-154.42,-215.58,0.548725796732758,337.70884634548736
kwanteng,near_miss,KT_NearMissed_cleaned.csv,2132,2026-08-03 12:41:12.694,52.161512,43.48399999999941,0.41,0.74,0.76,291.2,-109.62,-237.0,1.1372334852614918,391.13039309161337
kwanteng,near_miss,KT_NearMissed_cleaned.csv,2133,2026-08-03 12:41:12.695,52.161819,0.3069999999993911,0.32,0.98,0.33,548.65,-26.06,-154.97,1.082450922675019,570.7115269556065
kwanteng,near_miss,KT_NearMissed_cleaned.csv,2135,2026-08-03 12:41:12.783,52.249726,87.90700000000129,-0.09,0.51,-0.13,573.67,-36.62,-40.65,0.5339475629684998,576.2731260435454
kwanteng,near_miss,KT_NearMissed_cleaned.csv,2137,2026-08-03 12:41:12.785,52.250958,1.2319999999945708,-0.02,-0.85,0.26,215.94,-176.51,32.65,0.8891006692158092,280.80578021116304
kwanteng,near_miss,KT_NearMissed_cleaned.csv,2139,2026-08-03 12:41:12.914,52.380698,129.7400000000053,0.57,-1.92,0.39,-250.43,-225.95,14.71,2.040441128775834,337.61660430138795
kwanteng,near_miss,KT_NearMissed_cleaned.csv,2140,2026-08-03 12:41:12.914,52.380978,0.27999999999650527,1.18,-1.23,0.43,-670.9,-153.56,-17.88,1.7578964702166051,688.4817920613442
kwanteng,near_miss,KT_NearMissed_cleaned.csv,2142,2026-08-03 12:41:12.916,52.382634,1.6560000000040986,0.91,-0.06,-0.3,-628.48,-85.14,41.69,0.9600520819205591,635.5894792238147
kwanteng,near_miss,KT_NearMissed_cleaned.csv,2144,2026-08-03 12:41:12.958,52.424334,41.69999999999874,0.26,-0.4,-1.13,-305.66,-12.88,66.89,1.226580612923586,313.15842971250197
kwanteng,near_miss,KT_NearMissed_cleaned.csv,2146,2026-08-03 12:41:13.001,52.467875,43.54099999999761,0.11,-1.34,-0.42,-128.11,-5.74,73.73,1.408580846100074,147.9230631105238
kwanteng,near_miss,KT_NearMissed_cleaned.csv,2147,2026-08-03 12:41:13.176,52.642922,175.0469999999993,-0.1,-1.39,0.04,-7.57,-27.22,95.21,1.394166417613048,99.31353080018854
kwanteng,near_miss,KT_NearMissed_cleaned.csv,2149,2026-08-03 12:41:13.219,52.686053,43.13100000000247,-0.07,-0.47,-0.38,98.45,10.31,15.38,0.6084406298070503,100.17606001435672
kwanteng,near_miss,KT_NearMissed_cleaned.csv,2151,2026-08-03 12:41:13.220,52.687302,1.2490000000013879,0.19,0.08,-1.2,109.86,33.2,-76.05,1.217579566188592,137.67738412680566
kwanteng,near_miss,KT_NearMissed_cleaned.csv,2153,2026-08-03 12:41:13.222,52.688874,1.57199999999591,0.33,0.08,-1.67,7.26,14.4,-58.59,1.7041713528867923,60.76887114304494
kwanteng,near_miss,KT_NearMissed_cleaned.csv,2154,2026-08-03 12:41:13.223,52.689565,0.6910000000033278,0.33,0.08,-1.67,-119.93,-19.29,16.36,1.7041713528867923,122.56817939416415
kwanteng,near_miss,KT_NearMissed_cleaned.csv,2155,2026-08-03 12:41:13.224,52.690382,0.8169999999978472,0.55,0.07,-1.35,-119.93,-19.29,16.36,1.4594176920950357,122.56817939416415
kwanteng,near_miss,KT_NearMissed_cleaned.csv,2156,2026-08-03 12:41:13.225,52.691494,1.1119999999991137,0.77,-0.01,-0.84,-170.65,-35.71,71.9,1.1395613191048561,188.59012858577728
kwanteng,near_miss,KT_NearMissed_cleaned.csv,2158,2026-08-03 12:41:13.263,52.730208,38.713999999998805,0.57,-0.07,-0.72,-155.09,-10.13,89.42,0.92097774131626,179.30828592120332
kwanteng,near_miss,KT_NearMissed_cleaned.csv,2160,2026-08-03 12:41:13.307,52.774387,44.178999999999746,0.11,-0.15,-0.83,-119.69,30.52,79.41,0.8505880318932308,146.8438442700272
kwanteng,near_miss,KT_NearMissed_cleaned.csv,2162,2026-08-03 12:41:13.351,52.818398,44.011000000004685,-0.19,-0.32,-0.99,-91.13,44.92,65.49,1.057638879769461,120.87772085872564
kwanteng,near_miss,KT_NearMissed_cleaned.csv,2163,2026-08-03 12:41:13.395,52.861634,43.236000000000274,-0.15,-0.34,-1.12,-65.19,26.55,57.13,1.1800423721205948,90.65580786689841
kwanteng,near_miss,KT_NearMissed_cleaned.csv,2165,2026-08-03 12:41:13.482,52.949087,87.45299999999645,0.17,-0.2,-1.08,-24.54,-2.99,23.99,1.1114405067298925,34.44810299566581
kwanteng,near_miss,KT_NearMissed_cleaned.csv,2167,2026-08-03 12:41:13.483,52.950105,1.0180000000019618,0.58,-0.03,-0.69,6.96,-23.44,-12.82,0.9018869108707588,27.60846971492625
kwanteng,near_miss,KT_NearMissed_cleaned.csv,2169,2026-08-03 12:41:13.614,53.080532,130.4269999999974,0.51,-0.07,-0.28,9.52,-15.26,-6.65,0.5860034129593445,19.176039737130292
kwanteng,near_miss,KT_NearMissed_cleaned.csv,2170,2026-08-03 12:41:13.615,53.08101,0.47800000000108867,-0.07,-0.38,-0.48,-5.8,18.25,27.95,0.6161980201201558,33.88074674501729
kwanteng,near_miss,KT_NearMissed_cleaned.csv,2172,2026-08-03 12:41:13.616,53.082303,1.2930000000039854,-0.4,-0.43,-1.32,-15.75,45.78,58.59,1.444749113168096,76.00433540265976
kwanteng,near_miss,KT_NearMissed_cleaned.csv,2174,2026-08-03 12:41:13.617,53.08377,1.4669999999981087,0.2,-0.13,-1.98,12.15,54.44,34.91,1.99431692566653,65.80307135689031
kwanteng,near_miss,KT_NearMissed_cleaned.csv,2176,2026-08-03 12:41:13.702,53.168468,84.69799999999594,1.09,0.16,-1.52,57.92,24.05,-24.29,1.8772586396125601,67.25424150193057
kwanteng,near_miss,KT_NearMissed_cleaned.csv,2177,2026-08-03 12:41:13.703,53.168946,0.47800000000108867,0.91,0.35,-0.82,77.09,-16.54,-34.48,1.2739701723352865,86.05411146482194
kwanteng,near_miss,KT_NearMissed_cleaned.csv,2179,2026-08-03 12:41:13.745,53.211829,42.883000000003335,0.15,0.41,-1.1,58.96,-10.56,-6.16,1.183469475736489,60.21412458883713
kwanteng,near_miss,KT_NearMissed_cleaned.csv,2181,2026-08-03 12:41:13.833,53.299674,87.8450000000015,0.02,0.15,-1.37,6.04,-13.67,-10.86,1.3783323256747628,18.474038540611524
kwanteng,near_miss,KT_NearMissed_cleaned.csv,2183,2026-08-03 12:41:13.834,53.300954,1.2799999999941747,0.35,-0.11,-1.02,-37.11,-64.64,-50.17,1.08397416943394,89.84715131822489
kwanteng,near_miss,KT_NearMissed_cleaned.csv,2185,2026-08-03 12:41:13.876,53.342753,41.79900000000458,0.49,-0.04,-0.73,-38.51,-91.67,-67.02,0.880113629027525,119.90867107928433
kwanteng,near_miss,KT_NearMissed_cleaned.csv,2186,2026-08-03 12:41:13.920,53.387102,44.34899999999686,0.39,0.05,-0.65,-38.09,-75.56,-55.79,0.759670981412348,101.35425891396967
kwanteng,near_miss,KT_NearMissed_cleaned.csv,2188,2026-08-03 12:41:13.964,53.430439,43.33700000000107,0.35,-0.03,-0.73,-51.57,-64.09,-39.79,0.810123447383175,91.3796317567542
kwanteng,near_miss,KT_NearMissed_cleaned.csv,2190,2026-08-03 12:41:14.051,53.518011,87.57200000000154,0.36,0.0,-0.96,-34.91,-57.01,-11.72,1.0252804494381036,67.8690400698286
kwanteng,near_miss,KT_NearMissed_cleaned.csv,2192,2026-08-03 12:41:14.052,53.51905,1.0389999999986799,0.23,0.07,-1.16,6.59,-31.86,21.55,1.184651847590675,39.024225809104784
kwanteng,near_miss,KT_NearMissed_cleaned.csv,2193,2026-08-03 12:41:14.053,53.520107,1.0570000000029722,0.09,0.1,-1.13,27.65,-5.07,45.96,1.137980667674104,53.875309743889176
kwanteng,near_miss,KT_NearMissed_cleaned.csv,2195,2026-08-03 12:41:14.095,53.5619,41.792999999998415,0.06,0.16,-0.99,24.9,7.2,43.95,1.0046392387319938,51.02403845247846
kwanteng,near_miss,KT_NearMissed_cleaned.csv,2197,2026-08-03 12:41:14.139,53.605799,43.898999999996136,0.11,0.11,-0.96,17.21,9.22,13.49,0.9725224933131367,23.731257868052424
kwanteng,near_miss,KT_NearMissed_cleaned.csv,2199,2026-08-03 12:41:14.182,53.649391,43.59200000000385,0.23,0.04,-0.95,11.05,3.72,-4.88,0.9782637681116478,12.63943432278518
kwanteng,near_miss,KT_NearMissed_cleaned.csv,2200,2026-08-03 12:41:14.226,53.692835,43.444000000000926,0.3,0.05,-0.92,13.98,2.87,-11.78,0.9689685237405806,18.505288433310085
kwanteng,near_miss,KT_NearMissed_cleaned.csv,2202,2026-08-03 12:41:14.270,53.736887,44.052000000000646,0.22,0.11,-0.92,24.17,12.82,-20.75,0.9523129737644027,34.33808090152972
kwanteng,near_miss,KT_NearMissed_cleaned.csv,2204,2026-08-03 12:41:14.314,53.780454,43.566999999995915,0.12,0.16,-0.97,19.17,18.8,-19.04,0.9904039579888602,32.915809271533945
kwanteng,near_miss,KT_NearMissed_cleaned.csv,2206,2026-08-03 12:41:14.357,53.824083,43.629000000002804,0.11,0.19,-0.99,-8.36,12.94,-12.94,1.014051280754578,20.119065584663716
kwanteng,near_miss,KT_NearMissed_cleaned.csv,2207,2026-08-03 12:41:14.401,53.867891,43.807999999998515,0.11,0.19,-0.99,-39.37,0.24,-9.34,1.014051280754578,40.463441524418066
kwanteng,near_miss,KT_NearMissed_cleaned.csv,2208,2026-08-03 12:41:14.402,53.868244,0.3529999999969391,0.21,0.13,-0.97,-39.37,0.24,-9.34,1.000949549178179,40.463441524418066
kwanteng,near_miss,KT_NearMissed_cleaned.csv,2209,2026-08-03 12:41:14.445,53.911643,43.399000000000854,0.29,0.1,-0.94,-46.63,-9.03,-7.26,0.9887871358386495,48.04794896767187
kwanteng,near_miss,KT_NearMissed_cleaned.csv,2211,2026-08-03 12:41:14.489,53.955406,43.76300000000555,0.23,0.23,-0.92,-37.29,-16.17,14.83,0.9758073580374356,43.26594388199568
kwanteng,near_miss,KT_NearMissed_cleaned.csv,2213,2026-08-03 12:41:14.576,54.042981,87.57499999999396,0.16,0.39,-0.91,-44.01,-34.42,76.9,1.0028958071504737,95.05380844553258
kwanteng,near_miss,KT_NearMissed_cleaned.csv,2214,2026-08-03 12:41:14.577,54.043583,0.6020000000006576,0.17,0.44,-0.96,-66.89,-49.99,120.73,1.0696261028976433,146.79579387707267
kwanteng,near_miss,KT_NearMissed_cleaned.csv,2216,2026-08-03 12:41:14.578,54.044891,1.3080000000016412,0.17,0.18,-1.09,-78.31,-36.01,67.99,1.1177656283854858,109.78076470857724
kwanteng,near_miss,KT_NearMissed_cleaned.csv,2218,2026-08-03 12:41:14.620,54.087007,42.11600000000004,0.11,-0.08,-1.15,-58.65,-11.17,-14.53,1.158015543937127,61.44682497900115
kwanteng,near_miss,KT_NearMissed_cleaned.csv,2220,2026-08-03 12:41:14.708,54.174699,87.691999999997,0.07,0.0,-1.05,-32.35,-13.79,2.93,1.0523307464861036,35.2884046111467
kwanteng,near_miss,KT_NearMissed_cleaned.csv,2221,2026-08-03 12:41:14.709,54.175189,0.4900000000063187,0.05,0.2,-0.99,-19.35,-23.44,59.57,1.011236866416568,66.87631120209906
kwanteng,near_miss,KT_NearMissed_cleaned.csv,2223,2026-08-03 12:41:14.751,54.217957,42.767999999995254,-0.05,0.17,-1.05,-10.44,-7.14,39.49,1.0648474069086145,41.46604996861891
kwanteng,near_miss,KT_NearMissed_cleaned.csv,2225,2026-08-03 12:41:14.795,54.261608,43.6510000000041,-0.13,0.03,-1.15,-2.87,14.95,-12.15,1.1577132632910447,19.477214893305458
kwanteng,near_miss,KT_NearMissed_cleaned.csv,2227,2026-08-03 12:41:14.839,54.305312,43.70399999999819,-0.11,0.03,-1.11,5.8,16.78,-17.15,1.11584049039278,24.684628820381317
kwanteng,near_miss,KT_NearMissed_cleaned.csv,2229,2026-08-03 12:41:14.926,54.393319,88.0069999999975,-0.08,0.15,-0.99,16.24,9.52,-5.37,1.0044899203078146,19.575620041265612
kwanteng,near_miss,KT_NearMissed_cleaned.csv,2230,2026-08-03 12:41:14.927,54.394254,0.9349999999983538,-0.11,0.25,-0.93,24.72,9.16,-21.91,0.9692780818733084,34.27874122543009
kwanteng,near_miss,KT_NearMissed_cleaned.csv,2232,2026-08-03 12:41:15.014,54.480449,86.19500000000357,-0.09,0.28,-0.95,24.29,7.81,-37.48,0.9944847912361455,45.340385971008224
kwanteng,near_miss,KT_NearMissed_cleaned.csv,2234,2026-08-03 12:41:15.015,54.481556,1.1069999999975266,-0.0,0.29,-0.96,11.84,-0.24,-26.98,1.0028459502834919,29.464616067412113
kwanteng,near_miss,KT_NearMissed_cleaned.csv,2236,2026-08-03 12:41:15.101,54.567843,86.28700000000578,0.07,0.23,-0.96,-9.89,-6.96,-15.75,0.9896464014990405,19.85739660680624
kwanteng,near_miss,KT_NearMissed_cleaned.csv,2237,2026-08-03 12:41:15.102,54.568252,0.40899999999766123,0.04,0.09,-0.99,-29.97,-4.46,-27.95,0.9948869282486327,41.22250598884061
kwanteng,near_miss,KT_NearMissed_cleaned.csv,2239,2026-08-03 12:41:15.188,54.65513,86.87799999999868,-0.05,0.04,-1.0,-29.54,3.54,-43.58,1.0020479030465559,52.767031373765946
kwanteng,near_miss,KT_NearMissed_cleaned.csv,2241,2026-08-03 12:41:15.189,54.656078,0.9480000000010591,-0.09,0.1,-0.99,-12.27,10.56,-56.95,0.9990995946350895,59.206156774443656
kwanteng,near_miss,KT_NearMissed_cleaned.csv,2243,2026-08-03 12:41:15.191,54.657637,1.5590000000003101,-0.06,0.13,-0.98,0.37,14.22,-71.17,0.9904039579888602,72.57764256298216
kwanteng,near_miss,KT_NearMissed_cleaned.csv,2245,2026-08-03 12:41:15.232,54.699584,41.9470000000004,0.01,0.17,-0.99,0.98,14.95,-73.06,1.0045396955820112,74.58033588017689
kwanteng,near_miss,KT_NearMissed_cleaned.csv,2246,2026-08-03 12:41:15.320,54.786991,87.4069999999989,0.06,0.2,-1.0,-0.18,19.96,-75.13,1.0215674231297707,77.73641939271451
kwanteng,near_miss,KT_NearMissed_cleaned.csv,2248,2026-08-03 12:41:15.321,54.787956,0.9650000000007708,0.03,0.2,-1.01,7.2,30.7,-86.06,1.030048542545447,91.65507951008499
kwanteng,near_miss,KT_NearMissed_cleaned.csv,2250,2026-08-03 12:41:15.364,54.830576,42.619999999999436,-0.02,0.21,-1.02,17.76,37.41,-95.76,1.041585330157832,104.33073995711906
kwanteng,near_miss,KT_NearMissed_cleaned.csv,2252,2026-08-03 12:41:15.407,54.874168,43.591999999996744,0.0,0.2,-0.99,21.0,35.1,-100.71,1.01,108.69919088935298
kwanteng,near_miss,KT_NearMissed_cleaned.csv,2253,2026-08-03 12:41:15.452,54.918146,43.97800000000274,0.04,0.2,-0.97,14.28,29.91,-99.12,0.9912113800799505,104.5145965882278
kwanteng,near_miss,KT_NearMissed_cleaned.csv,2255,2026-08-03 12:41:15.495,54.961927,43.781000000002734,0.05,0.19,-0.97,3.54,28.87,-89.6,0.9896969233053117,94.20280515993142
kwanteng,near_miss,KT_NearMissed_cleaned.csv,2257,2026-08-03 12:41:15.713,55.180452,218.52499999999964,0.03,0.17,-1.02,-5.86,31.68,-77.03,1.0345047124107265,83.49600529366658
kwanteng,near_miss,KT_NearMissed_cleaned.csv,2259,2026-08-03 12:41:15.714,55.181459,1.006999999994207,0.01,0.13,-1.08,-6.96,34.36,-71.9,1.087841900277793,79.99163206236013
kwanteng,near_miss,KT_NearMissed_cleaned.csv,2261,2026-08-03 12:41:15.716,55.183217,1.7580000000023688,0.05,0.1,-1.07,6.41,34.73,-80.63,1.0758252646224664,88.0253253331108
kwanteng,near_miss,KT_NearMissed_cleaned.csv,2262,2026-08-03 12:41:15.718,55.184624,1.4070000000003802,0.19,0.05,-0.99,22.58,30.58,-88.32,1.0093066927351666,96.15308211388752
kwanteng,near_miss,KT_NearMissed_cleaned.csv,2264,2026-08-03 12:41:15.800,55.267574,82.95000000000385,0.32,-0.06,-0.97,28.38,26.18,-84.23,1.0231813133555558,92.65802555634347
kwanteng,near_miss,KT_NearMissed_cleaned.csv,2266,2026-08-03 12:41:15.802,55.268911,1.3369999999994775,0.3,-0.19,-1.05,35.71,31.37,-78.98,1.1084223021935278,92.17983185057348
kwanteng,near_miss,KT_NearMissed_cleaned.csv,2268,2026-08-03 12:41:15.803,55.270173,1.2619999999969878,0.18,-0.16,-1.17,60.3,45.96,-76.05,1.1945291959596467,107.38721571956319
kwanteng,near_miss,KT_NearMissed_cleaned.csv,2269,2026-08-03 12:41:15.804,55.270854,0.6810000000001537,0.14,-0.02,-1.21,91.37,55.18,-65.8,1.2182364302548172,125.39118509687992
kwanteng,near_miss,KT_NearMissed_cleaned.csv,2271,2026-08-03 12:41:15.845,55.311693,40.83899999999829,0.18,0.15,-1.12,100.16,44.98,-28.26,1.1442464769445437,113.37483671432562
kwanteng,near_miss,KT_NearMissed_cleaned.csv,2273,2026-08-03 12:41:15.889,55.355431,43.73800000000472,0.21,0.19,-1.02,77.39,17.15,25.21,1.0585839598255775,83.17979742701951
kwanteng,near_miss,KT_NearMissed_cleaned.csv,2275,2026-08-03 12:41:15.932,55.399183,43.75199999999779,0.24,0.11,-0.97,49.07,-11.6,46.69,1.0052860289489753,68.71958236194396
kwanteng,near_miss,KT_NearMissed_cleaned.csv,2277,2026-08-03 12:41:16.020,55.486584,87.40099999999984,0.19,0.08,-0.96,37.48,-27.59,31.8,0.9818859404228171,56.36664350482473
kwanteng,near_miss,KT_NearMissed_cleaned.csv,2278,2026-08-03 12:41:16.021,55.487039,0.45500000000231466,0.11,0.07,-0.95,39.98,-32.17,-2.44,0.9589056262218926,51.37375691926764
kwanteng,near_miss,KT_NearMissed_cleaned.csv,2280,2026-08-03 12:41:16.022,55.488839,1.799999999995805,0.18,0.04,-0.88,44.07,-36.32,-32.41,0.8991106717195609,65.66365356877425
kwanteng,near_miss,KT_NearMissed_cleaned.csv,2282,2026-08-03 12:41:16.107,55.574119,85.28000000000446,0.31,0.03,-0.77,37.35,-41.26,-29.05,0.8306021911842034,62.779874163620306
kwanteng,near_miss,KT_NearMissed_cleaned.csv,2284,2026-08-03 12:41:16.151,55.617981,43.86199999999718,0.3,0.03,-0.68,16.42,-39.49,-6.23,0.7438413809408563,43.21908606160015
kwanteng,near_miss,KT_NearMissed_cleaned.csv,2285,2026-08-03 12:41:16.152,55.618382,0.400999999996543,0.23,-0.01,-0.65,-8.3,-29.05,1.77,0.6895650803223725,30.26425944905971
kwanteng,near_miss,KT_NearMissed_cleaned.csv,2287,2026-08-03 12:41:16.195,55.661998,43.6160000000001,0.13,-0.19,-0.84,-28.08,-11.41,-14.04,0.870976463516667,33.403534244148474
kwanteng,near_miss,KT_NearMissed_cleaned.csv,2289,2026-08-03 12:41:16.239,55.705911,43.91300000000342,-0.01,-0.52,-1.18,-32.1,2.93,-46.14,1.2895347998406246,56.28405191526282
kwanteng,near_miss,KT_NearMissed_cleaned.csv,2291,2026-08-03 12:41:16.283,55.749503,43.591999999996744,-0.05,-0.66,-1.27,-15.62,-1.16,-76.23,1.4321312788986909,77.82250895467197
kwanteng,near_miss,KT_NearMissed_cleaned.csv,2292,2026-08-03 12:41:16.370,55.8367,87.1970000000033,-0.05,-0.66,-1.27,1.89,-17.46,-68.18,1.4321312788986909,70.40551185809248
kwanteng,near_miss,KT_NearMissed_cleaned.csv,2293,2026-08-03 12:41:16.370,55.837009,0.309000000001447,0.1,-0.38,-1.03,1.89,-17.46,-68.18,1.1024064586167843,70.40551185809248
kwanteng,near_miss,KT_NearMissed_cleaned.csv,2294,2026-08-03 12:41:16.371,55.837734,0.7249999999956458,0.3,0.05,-0.93,7.45,-18.19,-46.2,0.9784681905918047,50.20775438117104
kwanteng,near_miss,KT_NearMissed_cleaned.csv,2296,2026-08-03 12:41:16.458,55.924417,86.68300000000073,0.4,0.35,-1.05,-2.14,-1.46,-57.31,1.176860229593982,57.36852185650246
kwanteng,near_miss,KT_NearMissed_cleaned.csv,2298,2026-08-03 12:41:16.458,55.925357,0.9399999999999409,0.41,0.08,-1.12,-37.17,4.46,-55.24,1.1953660527219268,66.7304885341026
kwanteng,near_miss,KT_NearMissed_cleaned.csv,2300,2026-08-03 12:41:16.501,55.968083,42.72600000000182,0.4,-0.16,-0.99,-73.12,-8.54,9.22,1.0796758772891057,74.19214513680002
kwanteng,near_miss,KT_NearMissed_cleaned.csv,2301,2026-08-03 12:41:16.502,55.968421,0.3379999999992833,0.4,-0.16,-0.99,-68.05,-12.15,65.67,1.0796758772891057,95.34659878569346
kwanteng,near_miss,KT_NearMissed_cleaned.csv,2302,2026-08-03 12:41:16.546,56.012082,43.66100000000017,0.39,0.17,-0.76,-68.05,-12.15,65.67,0.870976463516667,95.34659878569346
kwanteng,near_miss,KT_NearMissed_cleaned.csv,2303,2026-08-03 12:41:16.546,56.01236,0.2780000000015548,0.08,0.35,-0.84,-44.01,15.2,35.52,0.9135097153287424,58.56270570935056
kwanteng,near_miss,KT_NearMissed_cleaned.csv,2305,2026-08-03 12:41:16.589,56.055902,43.54200000000219,-0.34,0.3,-1.12,-46.02,32.65,11.72,1.2083045973594573,57.63003817454922
kwanteng,near_miss,KT_NearMissed_cleaned.csv,2306,2026-08-03 12:41:16.720,56.186614,130.7119999999955,-0.34,0.3,-1.12,-63.17,8.3,53.1,1.2083045973594573,82.93942910341258
kwanteng,near_miss,KT_NearMissed_cleaned.csv,2307,2026-08-03 12:41:16.720,56.187055,0.44100000000213413,-0.34,0.19,-1.19,-63.17,8.3,53.1,1.2521182052825524,82.93942910341258
kwanteng,near_miss,KT_NearMissed_cleaned.csv,2308,2026-08-03 12:41:16.721,56.187883,0.8279999999984966,-0.02,0.03,-1.12,-54.93,-16.42,49.01,1.1205802068571442,75.42480626425234
kwanteng,near_miss,KT_NearMissed_cleaned.csv,2310,2026-08-03 12:41:16.723,56.189548,1.665000000002692,0.17,0.03,-1.04,-20.75,-12.57,-19.35,1.054229576515476,31.032078563963452
kwanteng,near_miss,KT_NearMissed_cleaned.csv,2312,2026-08-03 12:41:16.764,56.230614,41.06600000000071,0.09,0.16,-0.96,7.02,0.49,-62.5,0.9773944955850733,62.89491632874632
kwanteng,near_miss,KT_NearMissed_cleaned.csv,2314,2026-08-03 12:41:16.852,56.318426,87.81199999999956,-0.02,0.2,-0.91,10.25,4.46,-57.37,0.931933474020544,58.44887509610429
kwanteng,near_miss,KT_NearMissed_cleaned.csv,2315,2026-08-03 12:41:16.852,56.319034,0.6079999999997199,-0.02,0.15,-0.91,-6.35,-1.16,-29.48,0.922496612459905,30.178444293899577
kwanteng,near_miss,KT_NearMissed_cleaned.csv,2317,2026-08-03 12:41:17.027,56.493349,174.315,0.0,0.17,-0.92,-29.05,-10.01,11.47,0.9355746896961248,32.797309340859044
kwanteng,near_miss,KT_NearMissed_cleaned.csv,2319,2026-08-03 12:41:17.028,56.494154,0.8049999999997226,0.01,0.24,-0.94,-49.87,-19.84,61.77,0.9702061636580134,81.83016192089565
kwanteng,near_miss,KT_NearMissed_cleaned.csv,2321,2026-08-03 12:41:17.030,56.496175,2.0209999999991624,0.09,0.18,-0.97,-57.43,-26.0,92.1,0.9906563480844404,111.60920616149906
kwanteng,near_miss,KT_NearMissed_cleaned.csv,2325,2026-08-03 12:41:17.113,56.580347,84.17200000000236,-0.02,-0.1,-1.13,-10.19,13.31,-9.34,1.134592437838363,19.1892626226231
kwanteng,near_miss,KT_NearMissed_cleaned.csv,2326,2026-08-03 12:41:17.114,56.581086,0.7389999999958263,-0.02,-0.1,-1.13,14.4,26.73,-40.41,1.134592437838363,50.545237164346155
kwanteng,near_miss,KT_NearMissed_cleaned.csv,2327,2026-08-03 12:41:17.115,56.581864,0.7780000000039422,-0.2,-0.11,-1.31,14.4,26.73,-40.41,1.329736816065495,50.545237164346155
kwanteng,near_miss,KT_NearMissed_cleaned.csv,2328,2026-08-03 12:41:17.116,56.58274,0.8759999999981005,-0.22,-0.13,-1.42,44.01,26.31,-73.3,1.4428097587693258,89.45382160645792
kwanteng,near_miss,KT_NearMissed_cleaned.csv,2330,2026-08-03 12:41:17.158,56.624548,41.80799999999607,-0.06,-0.0,-1.31,83.25,19.65,-97.72,1.3113733259449805,129.86871601736885
kwanteng,near_miss,KT_NearMissed_cleaned.csv,2332,2026-08-03 12:41:17.201,56.668274,43.72599999999949,0.1,0.28,-1.14,116.39,15.81,-87.77,1.1781341180018512,146.62933233156318
kwanteng,near_miss,KT_NearMissed_cleaned.csv,2334,2026-08-03 12:41:17.289,56.755825,87.55100000000482,0.19,0.43,-1.06,124.39,10.68,-43.76,1.1595688854052615,132.29464123689968
kwanteng,near_miss,KT_NearMissed_cleaned.csv,2335,2026-08-03 12:41:17.290,56.756536,0.7109999999954653,0.27,0.32,-1.04,108.15,0.61,-0.85,1.1211155159036914,108.1550604456398
kwanteng,near_miss,KT_NearMissed_cleaned.csv,2337,2026-08-03 12:41:17.332,56.799238,42.70200000000557,0.33,0.18,-0.98,91.67,-8.91,12.45,1.0496189784869554,92.93965515322294
kwanteng,near_miss,KT_NearMissed_cleaned.csv,2339,2026-08-03 12:41:17.376,56.843015,43.77699999999862,0.28,0.08,-0.93,80.51,-15.56,19.71,0.9745255255764212,84.33538877600553
kwanteng,near_miss,KT_NearMissed_cleaned.csv,2341,2026-08-03 12:41:17.420,56.886707,43.692000000000064,0.09,-0.07,-1.0,59.51,-26.49,48.77,1.0064790112068904,81.37366342988375
kwanteng,near_miss,KT_NearMissed_cleaned.csv,2345,2026-08-03 12:41:17.553,57.020286,133.57899999999745,0.38,-0.24,-1.06,63.9,-63.84,17.58,1.1513470371699404,92.0207150591648
kwanteng,near_miss,KT_NearMissed_cleaned.csv,2346,2026-08-03 12:41:17.553,57.0207,0.4139999999992483,0.44,-0.31,-0.78,128.78,-63.11,-42.36,0.9476813810558906,149.53772132809837
kwanteng,near_miss,KT_NearMissed_cleaned.csv,2348,2026-08-03 12:41:17.556,57.02279,2.09000000000259,0.03,-0.37,-0.58,184.94,-31.98,-70.8,0.6886218120274727,200.59452634605958
kwanteng,near_miss,KT_NearMissed_cleaned.csv,2350,2026-08-03 12:41:17.595,57.062166,39.37599999999719,-0.41,-0.56,-0.61,167.85,-6.16,-37.84,0.9240129869217207,172.17268569665745
kwanteng,near_miss,KT_NearMissed_cleaned.csv,2352,2026-08-03 12:41:17.639,57.105814,43.64800000000457,-0.42,-0.93,-0.76,103.52,-19.78,7.02,1.2723600119463045,105.62631868999316
kwanteng,near_miss,KT_NearMissed_cleaned.csv,2353,2026-08-03 12:41:17.682,57.149192,43.37799999999703,-0.07,-1.32,-0.88,75.13,-42.72,-0.98,1.5879861460352858,86.4319136661916
kwanteng,near_miss,KT_NearMissed_cleaned.csv,2355,2026-08-03 12:41:17.726,57.193045,43.85299999999859,0.01,-1.48,-0.93,101.68,-49.32,-54.38,1.7479702514631077,125.41319388325935
kwanteng,near_miss,KT_NearMissed_cleaned.csv,2357,2026-08-03 12:41:17.770,57.236821,43.77600000000115,-0.25,-1.2,-0.87,143.74,-60.49,-127.56,1.5031300675590253,201.47402140226419
kwanteng,near_miss,KT_NearMissed_cleaned.csv,2359,2026-08-03 12:41:17.901,57.368115,131.29400000000402,-0.01,-0.48,-0.64,132.75,-86.67,-203.12,0.8000624975587844,257.66642350139455
kwanteng,near_miss,KT_NearMissed_cleaned.csv,2360,2026-08-03 12:41:17.902,57.368738,0.6229999999973757,0.47,0.17,-0.45,52.8,-78.25,-212.1,0.672532527094415,232.1579473117386
kwanteng,near_miss,KT_NearMissed_cleaned.csv,2362,2026-08-03 12:41:17.903,57.369889,1.1510000000001241,0.41,0.49,-0.16,-33.2,-8.73,-121.34,0.6586349520030045,126.1025316954422
kwanteng,near_miss,KT_NearMissed_cleaned.csv,2364,2026-08-03 12:41:18.033,57.499657,129.76799999999855,0.04,0.39,0.39,-95.15,46.2,6.35,0.5529918625079396,105.96360224152443
kwanteng,near_miss,KT_NearMissed_cleaned.csv,2366,2026-08-03 12:41:18.034,57.500348,0.6910000000033278,-0.25,-0.2,0.71,-126.1,35.89,83.07,0.7788452991448301,155.20930062338402
kwanteng,near_miss,KT_NearMissed_cleaned.csv,2367,2026-08-03 12:41:18.035,57.501098,0.7499999999964757,-0.59,-0.64,0.18,-111.94,5.31,60.73,0.8888756943465155,127.46329903152514
kwanteng,near_miss,KT_NearMissed_cleaned.csv,2369,2026-08-03 12:41:18.037,57.503226,2.1279999999990196,-0.66,-0.09,-0.65,-88.13,-18.68,11.54,0.9306986622962343,90.82406564341854
kwanteng,near_miss,KT_NearMissed_cleaned.csv,2371,2026-08-03 12:41:18.077,57.543594,40.36800000000085,0.33,0.45,-1.22,-128.91,-29.11,21.73,1.3415662488300755,133.930478607373
kwanteng,near_miss,KT_NearMissed_cleaned.csv,2373,2026-08-03 12:41:18.121,57.587424,43.829999999999814,1.57,1.05,-1.34,-211.24,65.31,-0.37,2.3158151912447593,221.10601665264562
kwanteng,near_miss,KT_NearMissed_cleaned.csv,2374,2026-08-03 12:41:18.208,57.674352,86.92800000000034,1.57,1.05,-1.34,179.99,127.69,143.13,2.3158151912447593,263.0348514931054
kwanteng,near_miss,KT_NearMissed_cleaned.csv,2375,2026-08-03 12:41:18.208,57.674648,0.2959999999987417,1.35,2.18,-0.9,179.99,127.69,143.13,2.7175172492552835,263.0348514931054
kwanteng,near_miss,KT_NearMissed_cleaned.csv,2376,2026-08-03 12:41:18.209,57.675361,0.7130000000046266,-0.22,1.68,-0.33,696.84,54.93,315.98,1.7261807553092463,767.1027642369697
kwanteng,near_miss,KT_NearMissed_cleaned.csv,2378,2026-08-03 12:41:18.251,57.717989,42.628000000000554,-0.82,-0.3,0.24,356.08,54.08,100.04,0.9055385138137416,373.7988956645003
kwanteng,near_miss,KT_NearMissed_cleaned.csv,2380,2026-08-03 12:41:18.295,57.762047,44.05799999999971,-0.3,-1.58,-0.09,-160.89,98.51,-115.66,1.6107451691686059,221.28499226111109
kwanteng,near_miss,KT_NearMissed_cleaned.csv,2381,2026-08-03 12:41:18.339,57.805717,43.669999999998765,-0.13,-1.64,-0.7,-174.62,97.96,-84.59,1.7878758346149208,217.35632979050783
kwanteng,near_miss,KT_NearMissed_cleaned.csv,2383,2026-08-03 12:41:18.383,57.849283,43.56599999999844,-0.16,-1.16,-0.42,-10.31,103.52,-49.44,1.244025723206719,115.18246437717852
kwanteng,near_miss,KT_NearMissed_cleaned.csv,2385,2026-08-03 12:41:18.426,57.893225,43.94200000000126,0.12,-0.8,-0.15,112.79,110.17,-85.02,0.8227393268830657,179.12959945246348
kwanteng,near_miss,KT_NearMissed_cleaned.csv,2387,2026-08-03 12:41:18.470,57.936783,43.55799999999732,0.53,-0.61,-0.17,136.54,111.21,-102.36,0.8257723657279893,203.68702781473345
kwanteng,near_miss,KT_NearMissed_cleaned.csv,2388,2026-08-03 12:41:18.470,57.937377,0.5939999999995393,0.85,-0.45,-0.1,95.28,128.54,-68.54,0.9669539802906858,174.06476266033857
kwanteng,near_miss,KT_NearMissed_cleaned.csv,2390,2026-08-03 12:41:18.558,58.024803,87.42600000000067,0.83,-0.48,0.02,41.08,156.43,-6.65,0.9590099061010788,161.87073175840035
kwanteng,near_miss,KT_NearMissed_cleaned.csv,2392,2026-08-03 12:41:18.560,58.026411,1.6080000000044947,0.35,-0.63,0.09,17.46,181.27,35.95,0.7262919523166975,185.62345487572418
kwanteng,near_miss,KT_NearMissed_cleaned.csv,2393,2026-08-03 12:41:18.645,58.111719,85.30799999999772,-0.03,-0.79,0.26,-2.44,195.25,29.79,0.8322259308625273,197.5245812550934
kwanteng,near_miss,KT_NearMissed_cleaned.csv,2395,2026-08-03 12:41:18.646,58.112931,1.2120000000024334,-0.01,-1.04,0.47,-33.33,192.26,19.59,1.1413150310059006,196.108553102612
kwanteng,near_miss,KT_NearMissed_cleaned.csv,2397,2026-08-03 12:41:18.689,58.155986,43.0549999999954,0.09,-1.17,0.52,-25.7,173.71,29.24,1.2835108102388542,178.01862739612392
kwanteng,near_miss,KT_NearMissed_cleaned.csv,2399,2026-08-03 12:41:18.777,58.243466,87.47999999999934,0.09,-0.92,0.63,22.28,143.49,28.75,1.1186599125739691,148.02817637193266
kwanteng,near_miss,KT_NearMissed_cleaned.csv,2400,2026-08-03 12:41:18.778,58.244749,1.2830000000008113,0.09,-0.67,0.88,47.24,108.7,33.08,1.109684639886486,123.05118447215371
kwanteng,near_miss,KT_NearMissed_cleaned.csv,2402,2026-08-03 12:41:18.864,58.330451,85.70199999999772,0.21,-0.78,0.99,24.11,84.23,66.59,1.2777323663428113,110.0464133899874
kwanteng,near_miss,KT_NearMissed_cleaned.csv,2404,2026-08-03 12:41:18.865,58.331593,1.1420000000015307,0.27,-0.96,0.83,0.61,77.45,93.63,1.2974590552306458,121.51317418288438
kwanteng,near_miss,KT_NearMissed_cleaned.csv,2406,2026-08-03 12:41:18.908,58.374314,42.72100000000023,-0.01,-0.99,0.86,13.98,74.58,82.15,1.311411453358556,111.83129839181875
kwanteng,near_miss,KT_NearMissed_cleaned.csv,2407,2026-08-03 12:41:18.950,58.417529,43.215000000003556,-0.24,-1.06,1.41,41.81,39.18,39.31,1.7802527910383963,69.48686638495076
kwanteng,near_miss,KT_NearMissed_cleaned.csv,2409,2026-08-03 12:41:18.951,58.418523,0.9939999999986071,-0.09,-1.01,1.59,54.14,-29.97,7.63,1.8858154734755996,62.350279871063925
kwanteng,near_miss,KT_NearMissed_cleaned.csv,2411,2026-08-03 12:41:18.996,58.462166,43.643000000002985,0.07,-0.81,0.85,42.36,-56.4,8.67,1.1762227680163313,71.06685936496702
kwanteng,near_miss,KT_NearMissed_cleaned.csv,2413,2026-08-03 12:41:19.083,58.549387,87.22099999999955,0.01,-0.6,0.24,31.74,-22.58,12.82,0.646297145282261,41.00776024120312
kwanteng,near_miss,KT_NearMissed_cleaned.csv,2414,2026-08-03 12:41:19.083,58.549663,0.27599999999949887,-0.16,-0.35,0.38,41.02,-7.14,19.9,0.5408326913195983,46.14791436240645
kwanteng,near_miss,KT_NearMissed_cleaned.csv,2416,2026-08-03 12:41:19.126,58.593419,43.7559999999948,-0.25,-0.22,0.73,42.42,-17.82,27.22,0.8023714850367004,53.45967826315456
kwanteng,near_miss,KT_NearMissed_cleaned.csv,2418,2026-08-03 12:41:19.214,58.680911,87.49200000000457,-0.2,-0.39,0.84,15.99,-14.04,9.46,0.9474703161577147,23.287191758561185
kwanteng,near_miss,KT_NearMissed_cleaned.csv,2420,2026-08-03 12:41:19.216,58.682468,1.5569999999982542,-0.07,-0.76,0.84,-30.09,-4.82,-19.17,1.1349449325848369,36.001797177363244
kwanteng,near_miss,KT_NearMissed_cleaned.csv,2421,2026-08-03 12:41:19.258,58.724639,42.17100000000329,-0.01,-1.0,0.79,-52.12,-9.83,-24.6,1.2744410539526732,58.466086751209886
kwanteng,near_miss,KT_NearMissed_cleaned.csv,2423,2026-08-03 12:41:19.301,58.768015,43.375999999994974,-0.01,-0.96,0.75,-20.45,-26.18,-10.31,1.2182774724995944,34.78348746172529
kwanteng,near_miss,KT_NearMissed_cleaned.csv,2425,2026-08-03 12:41:19.345,58.811924,43.90899999999931,-0.02,-0.79,0.68,25.7,-37.6,1.22,1.042544963059148,45.56027216775598
kwanteng,near_miss,KT_NearMissed_cleaned.csv,2427,2026-08-03 12:41:19.389,58.855529,43.60499999999945,-0.05,-0.58,0.69,48.28,-41.02,4.94,0.9027735042633894,63.545278345444366
kwanteng,near_miss,KT_NearMissed_cleaned.csv,2428,2026-08-03 12:41:19.389,58.855998,0.4690000000024952,-0.05,-0.58,0.69,39.18,-41.26,2.26,0.9027735042633894,56.94354748345066
kwanteng,near_miss,KT_NearMissed_cleaned.csv,2429,2026-08-03 12:41:19.432,58.899369,43.37100000000049,-0.02,-0.45,0.75,39.18,-41.26,2.26,0.8748714191239763,56.94354748345066
kwanteng,near_miss,KT_NearMissed_cleaned.csv,2430,2026-08-03 12:41:19.433,58.899809,0.43999999999755346,0.04,-0.47,0.76,14.83,-34.0,-5.19,0.8944830909525344,37.454839473691514
kwanteng,near_miss,KT_NearMissed_cleaned.csv,2432,2026-08-03 12:41:19.521,58.987242,87.43300000000431,0.11,-0.58,0.76,2.26,-26.73,-13.0,0.9623408959407264,29.809402878957506
kwanteng,near_miss,KT_NearMissed_cleaned.csv,2434,2026-08-03 12:41:19.522,58.988697,1.454999999999984,0.25,-0.66,0.8,4.27,-30.64,-19.59,1.0668176976409793,36.61708071378711
kwanteng,near_miss,KT_NearMissed_cleaned.csv,2436,2026-08-03 12:41:19.564,59.031335,42.63799999999662,0.28,-0.69,0.89,24.48,-35.83,-19.35,1.1604309544302926,47.512964546531926
kwanteng,near_miss,KT_NearMissed_cleaned.csv,2437,2026-08-03 12:41:19.608,59.074549,43.213999999998975,0.13,-0.65,0.91,50.42,-34.85,-10.44,1.1258330249197703,62.17469340495376
kwanteng,near_miss,KT_NearMissed_cleaned.csv,2439,2026-08-03 12:41:19.651,59.118015,43.466000000002225,0.0,-0.59,0.8,65.61,-35.58,-8.12,0.994032192637643,75.07691322903466
kwanteng,near_miss,KT_NearMissed_cleaned.csv,2441,2026-08-03 12:41:19.739,59.205836,87.82099999999815,0.09,-0.6,0.76,72.51,-44.8,-20.51,0.9724710792614863,87.66641432156331
kwanteng,near_miss,KT_NearMissed_cleaned.csv,2443,2026-08-03 12:41:19.740,59.206745,0.9090000000000487,0.16,-0.59,0.92,87.16,-57.5,-34.67,1.104581368664165,110.02329071610247
kwanteng,near_miss,KT_NearMissed_cleaned.csv,2444,2026-08-03 12:41:19.826,59.293179,86.43400000000412,0.09,-0.36,1.0,123.17,-67.99,-42.66,1.0666302077102447,147.01484482867707
kwanteng,near_miss,KT_NearMissed_cleaned.csv,2446,2026-08-03 12:41:19.828,59.294469,1.2899999999973488,0.14,0.14,0.86,160.22,-76.48,-46.87,0.8824964589164083,183.6203575315112
kwanteng,near_miss,KT_NearMissed_cleaned.csv,2448,2026-08-03 12:41:19.914,59.380537,86.06799999999737,0.37,0.46,0.71,140.5,-74.34,-30.03,0.9233634170791044,161.76676574624344
kwanteng,near_miss,KT_NearMissed_cleaned.csv,2450,2026-08-03 12:41:19.915,59.382059,1.5220000000013556,0.74,0.12,0.77,16.6,-62.74,14.28,1.0746627377926528,66.45138072305195
kwanteng,near_miss,KT_NearMissed_cleaned.csv,2451,2026-08-03 12:41:19.915,59.38241,0.3510000000019886,0.97,-0.48,0.9,-127.93,-42.42,42.72,1.4075865870347017,141.3879050697053
kwanteng,near_miss,KT_NearMissed_cleaned.csv,2453,2026-08-03 12:41:20.045,59.51167,129.26000000000215,0.75,-0.51,0.92,-138.73,-14.65,24.41,1.2918978287774927,141.62091476897047
kwanteng,near_miss,KT_NearMissed_cleaned.csv,2455,2026-08-03 12:41:20.089,59.55546,43.78999999999422,0.51,-0.23,0.99,-58.9,-16.36,-7.87,1.1371455491712572,61.634377582644575
kwanteng,near_miss,KT_NearMissed_cleaned.csv,2457,2026-08-03 12:41:20.090,59.557007,1.5470000000021855,0.52,-0.26,0.99,-20.39,-46.81,-28.2,1.1480853626799707,58.328108146930326
kwanteng,near_miss,KT_NearMissed_cleaned.csv,2458,2026-08-03 12:41:20.091,59.557779,0.7719999999977745,0.59,-0.28,0.94,-21.24,-66.96,-28.44,1.1445959985951375,75.786626788636
kwanteng,near_miss,KT_NearMissed_cleaned.csv,2460,2026-08-03 12:41:20.132,59.599269,41.490000000003135,0.74,-0.23,0.93,-41.87,-79.1,-14.47,1.2105370708904375,90.66028788835825
kwanteng,near_miss,KT_NearMissed_cleaned.csv,2462,2026-08-03 12:41:20.176,59.643096,43.82700000000028,0.8,-0.31,0.81,-75.26,-80.99,-17.21,1.1799152511939153,111.891160508773
kwanteng,near_miss,KT_NearMissed_cleaned.csv,2464,2026-08-03 12:41:20.220,59.687232,44.13600000000173,0.7,-0.44,0.61,-99.06,-69.76,-45.9,1.0274726273726225,129.56138004822273
kwanteng,near_miss,KT_NearMissed_cleaned.csv,2465,2026-08-03 12:41:20.265,59.730946,43.71400000000136,0.68,-0.57,0.34,-102.84,-74.46,-94.73,0.9502105029939419,158.41126885420746
kwanteng,near_miss,KT_NearMissed_cleaned.csv,2467,2026-08-03 12:41:20.308,59.775056,44.10999999999632,0.87,-0.66,0.14,-83.07,-108.58,-127.44,1.1009541316512692,186.89888950980955
kwanteng,near_miss,KT_NearMissed_cleaned.csv,2469,2026-08-03 12:41:20.395,59.861999,86.942999999998,1.02,-0.75,0.0,-51.57,-147.64,-109.62,1.2660568707605515,190.9805720485725
kwanteng,near_miss,KT_NearMissed_cleaned.csv,2473,2026-08-03 12:41:20.439,59.905597,43.59800000000291,0.77,-0.76,-0.89,-10.8,-95.58,-55.05,1.400928263688045,110.82724800336783
kwanteng,near_miss,KT_NearMissed_cleaned.csv,2474,2026-08-03 12:41:20.440,59.905931,0.3340000000022769,0.44,-0.18,-0.57,61.28,-50.54,-34.55,0.7422263805605402,86.62120121540684
kwanteng,near_miss,KT_NearMissed_cleaned.csv,2476,2026-08-03 12:41:20.484,59.950284,44.353000000000975,0.41,0.41,0.31,143.74,-109.07,-22.64,0.6574952471311104,181.85164860402008
kwanteng,near_miss,KT_NearMissed_cleaned.csv,2478,2026-08-03 12:41:20.571,60.037594,87.30999999999511,0.56,0.56,0.57,191.1,-178.65,-67.81,0.9757561170702441,270.2466070092278
kwanteng,near_miss,KT_NearMissed_cleaned.csv,2479,2026-08-03 12:41:20.572,60.037937,0.3430000000008704,0.56,0.56,0.57,194.64,-165.53,-72.39,0.9757561170702441,265.565853603207
kwanteng,near_miss,KT_NearMissed_cleaned.csv,2480,2026-08-03 12:41:20.573,60.038818,0.8809999999996876,0.6,0.5,0.27,194.64,-165.53,-72.39,0.8263776376451628,265.565853603207
kwanteng,near_miss,KT_NearMissed_cleaned.csv,2481,2026-08-03 12:41:20.658,60.124868,86.05000000000018,0.93,0.08,-0.11,135.93,-139.47,22.52,0.9398936110007345,196.05100407802047
kwanteng,near_miss,KT_NearMissed_cleaned.csv,2483,2026-08-03 12:41:20.659,60.125589,0.7209999999986394,1.09,-0.26,-0.84,102.29,-98.27,50.84,1.4004642087536547,150.6815934346329
kwanteng,near_miss,KT_NearMissed_cleaned.csv,2485,2026-08-03 12:41:20.746,60.212332,86.74300000000557,1.1,0.09,-0.87,83.92,-28.75,10.68,1.4053469322555197,89.34870620216053
kwanteng,near_miss,KT_NearMissed_cleaned.csv,2486,2026-08-03 12:41:20.746,60.212674,0.3419999999962897,1.32,0.04,-0.38,-21.55,-10.62,9.52,1.374190670904151,25.8421612873227
kwanteng,near_miss,KT_NearMissed_cleaned.csv,2488,2026-08-03 12:41:20.789,60.255788,43.11400000000276,1.28,-0.42,-0.45,-79.28,-7.45,29.24,1.4203168660548955,84.8280525533859
kwanteng,near_miss,KT_NearMissed_cleaned.csv,2490,2026-08-03 12:41:20.832,60.299446,43.65800000000064,0.9,-0.51,-0.47,-44.07,23.38,40.59,1.136221809331259,64.31436386997854
kwanteng,near_miss,KT_NearMissed_cleaned.csv,2492,2026-08-03 12:41:20.920,60.38681,87.36399999999378,0.5,-0.36,-0.31,-10.44,37.9,34.06,0.6897100840208152,52.01429803429053
kwanteng,near_miss,KT_NearMissed_cleaned.csv,2493,2026-08-03 12:41:20.921,60.387274,0.46400000000090813,0.5,-0.36,-0.31,-2.81,25.63,13.55,0.6897100840208152,29.12722952839834
kwanteng,near_miss,KT_NearMissed_cleaned.csv,2494,2026-08-03 12:41:20.921,60.388135,0.8610000000004447,0.64,-0.29,-0.28,-2.81,25.63,13.55,0.7563729238940273,29.12722952839834
kwanteng,near_miss,KT_NearMissed_cleaned.csv,2495,2026-08-03 12:41:20.922,60.388753,0.618000000002894,1.03,-0.32,-0.33,-11.84,14.28,-8.91,1.127918436767482,20.578923684196898
kwanteng,near_miss,KT_NearMissed_cleaned.csv,2497,2026-08-03 12:41:20.964,60.431163,42.40999999999673,1.1,-0.22,-0.3,0.43,12.15,-14.95,1.1612062693595828,19.269403208195108
kwanteng,near_miss,KT_NearMissed_cleaned.csv,2499,2026-08-03 12:41:21.009,60.474821,43.65800000000064,0.96,-0.15,-0.25,18.43,9.16,-5.49,1.0032945728947207,21.300483562586084
kwanteng,near_miss,KT_NearMissed_cleaned.csv,2501,2026-08-03 12:41:21.052,60.518458,43.63700000000392,0.89,-0.16,-0.19,23.19,4.88,3.78,0.9240129869217207,23.997476950712965
kwanteng,near_miss,KT_NearMissed_cleaned.csv,2502,2026-08-03 12:41:21.096,60.562138,43.679999999994834,0.87,-0.12,-0.07,23.99,1.22,5.68,0.8810221336606703,24.683413459244242
kwanteng,near_miss,KT_NearMissed_cleaned.csv,2504,2026-08-03 12:41:21.138,60.605407,43.26900000000222,0.93,-0.13,-0.04,17.4,3.05,0.61,0.9398936110007345,17.67581964153289
kwanteng,near_miss,KT_NearMissed_cleaned.csv,2506,2026-08-03 12:41:21.182,60.649332,43.925000000001546,1.0,-0.23,-0.12,6.65,11.17,-6.29,1.0331021246711285,14.441450758147534
kwanteng,near_miss,KT_NearMissed_cleaned.csv,2508,2026-08-03 12:41:21.226,60.693208,43.87599999999736,1.0,-0.28,-0.18,5.8,17.76,-8.97,1.0539449701004318,20.724828105439137
kwanteng,near_miss,KT_NearMissed_cleaned.csv,2510,2026-08-03 12:41:21.270,60.737139,43.93100000000061,0.99,-0.27,-0.17,11.29,16.97,-8.54,1.0401442207694085,22.09924433097204
kwanteng,near_miss,KT_NearMissed_cleaned.csv,2511,2026-08-03 12:41:21.270,60.73745,0.3110000000035029,0.99,-0.27,-0.17,13.73,11.17,-7.2,1.0401442207694085,19.108160560346985
kwanteng,near_miss,KT_NearMissed_cleaned.csv,2512,2026-08-03 12:41:21.357,60.824344,86.89400000000091,1.03,-0.25,-0.16,13.73,11.17,-7.2,1.0719141756689292,19.108160560346985
kwanteng,near_miss,KT_NearMissed_cleaned.csv,2513,2026-08-03 12:41:21.358,60.824691,0.3469999999978768,1.06,-0.26,-0.19,9.52,5.49,-4.58,1.1078357278947093,11.90575071131594
kwanteng,near_miss,KT_NearMissed_cleaned.csv,2515,2026-08-03 12:41:21.359,60.826159,1.467999999995584,1.05,-0.28,-0.25,3.48,2.99,-0.92,1.1150784725749125,4.67941235626868
kwanteng,near_miss,KT_NearMissed_cleaned.csv,2517,2026-08-03 12:41:21.445,60.9122,86.04100000000159,1.09,-0.31,-0.29,-2.75,-1.83,2.69,1.1697435616407557,4.2599882628946295
kwanteng,near_miss,KT_NearMissed_cleaned.csv,2519,2026-08-03 12:41:21.447,60.913567,1.3670000000018945,1.2,-0.36,-0.27,-10.74,-15.87,8.36,1.2816005617976296,20.906795545946295
kwanteng,near_miss,KT_NearMissed_cleaned.csv,2520,2026-08-03 12:41:21.489,60.955919,42.352000000001055,1.2,-0.36,-0.27,-20.2,-31.25,14.89,1.2816005617976296,40.0788547740576
kwanteng,near_miss,KT_NearMissed_cleaned.csv,2521,2026-08-03 12:41:21.533,60.999342,43.4229999999971,1.31,-0.48,-0.38,-20.2,-31.25,14.89,1.4459944674859582,40.0788547740576
kwanteng,near_miss,KT_NearMissed_cleaned.csv,2522,2026-08-03 12:41:21.533,61.000008,0.6660000000024979,1.14,-0.57,-0.61,-39.67,-34.42,14.28,1.4130109695257147,54.42760053502267
kwanteng,near_miss,KT_NearMissed_cleaned.csv,2524,2026-08-03 12:41:21.577,61.043664,43.655999999998585,0.73,-0.39,-0.53,-63.84,-30.64,11.72,0.9828021163998376,71.77543869597733
kwanteng,near_miss,KT_NearMissed_cleaned.csv,2526,2026-08-03 12:41:21.621,61.087413,43.74899999999826,0.45,0.04,0.09,-82.21,-51.64,15.26,0.46065171225124085,98.2753341383279
kwanteng,near_miss,KT_NearMissed_cleaned.csv,2528,2026-08-03 12:41:21.665,61.131238,43.82500000000533,0.33,0.31,0.48,-64.03,-84.59,13.18,0.6598484674529449,106.90660129290427
kwanteng,near_miss,KT_NearMissed_cleaned.csv,2529,2026-08-03 12:41:21.708,61.174321,43.082999999995764,0.4,0.1,0.0,-11.05,-91.25,-2.99,0.4123105625617661,91.9652385415272
kwanteng,near_miss,KT_NearMissed_cleaned.csv,2531,2026-08-03 12:41:21.796,61.262871,88.54999999999791,0.66,-0.16,-0.5,23.25,-111.21,9.7,0.8433267456923207,114.02770102040994
kwanteng,near_miss,KT_NearMissed_cleaned.csv,2533,2026-08-03 12:41:21.839,61.305274,42.40300000000019,1.19,-0.58,-0.94,31.25,-169.74,55.05,1.623607095328177,181.15941212092736
kwanteng,near_miss,KT_NearMissed_cleaned.csv,2535,2026-08-03 12:41:21.840,61.306551,1.277000000001749,1.53,-0.86,-1.34,39.73,-169.43,27.83,2.20818930347921,176.23707527078406
kwanteng,near_miss,KT_NearMissed_cleaned.csv,2536,2026-08-03 12:41:21.840,61.307114,0.5629999999996471,1.04,-0.38,-0.95,125.0,-89.05,-53.71,1.4589379698945395,162.60278779897965
kwanteng,near_miss,KT_NearMissed_cleaned.csv,2538,2026-08-03 12:41:21.883,61.35002,42.90600000000211,0.54,-0.03,-0.47,190.49,-54.57,-74.04,0.7165193647069144,211.5330863009378
kwanteng,near_miss,KT_NearMissed_cleaned.csv,2540,2026-08-03 12:41:21.970,61.437376,87.35599999999977,0.64,-0.33,-0.6,87.52,-87.28,-35.89,0.9372833082905083,128.707579030918
kwanteng,near_miss,KT_NearMissed_cleaned.csv,2542,2026-08-03 12:41:21.972,61.439235,1.8589999999960582,0.6,-0.47,-0.64,-38.33,-97.47,5.43,0.995238664843765,104.87647352957669
kwanteng,near_miss,KT_NearMissed_cleaned.csv,2543,2026-08-03 12:41:22.014,61.480724,41.48900000000566,0.32,-0.25,-0.44,-69.34,-67.99,23.93,0.5987486951969081,100.01660162193075
kwanteng,near_miss,KT_NearMissed_cleaned.csv,2545,2026-08-03 12:41:22.233,61.699815,219.09099999999881,0.45,-0.31,-0.66,-77.15,-40.04,26.43,0.8568547134724767,90.85080627050044
kwanteng,near_miss,KT_NearMissed_cleaned.csv,2547,2026-08-03 12:41:22.234,61.701297,1.4819999999957645,0.62,-0.39,-0.93,-63.9,-31.13,31.98,1.1838074167701436,77.94233317010725
kwanteng,near_miss,KT_NearMissed_cleaned.csv,2549,2026-08-03 12:41:22.236,61.702931,1.6340000000027999,0.4,-0.35,-0.88,-19.23,-34.79,39.37,1.028056418685278,55.9475995910459
kwanteng,near_miss,KT_NearMissed_cleaned.csv,2550,2026-08-03 12:41:22.237,61.703773,0.8419999999986771,0.22,-0.33,-0.84,-7.81,-36.56,37.48,0.9289241088485107,52.937511275087346
kwanteng,near_miss,KT_NearMissed_cleaned.csv,2552,2026-08-03 12:41:22.276,61.742814,39.041000000004544,0.36,-0.3,-0.87,-48.89,-44.25,29.66,0.9881801455200363,72.30498046469552
kwanteng,near_miss,KT_NearMissed_cleaned.csv,2554,2026-08-03 12:41:22.277,61.743845,1.0309999999975616,0.53,-0.25,-0.77,-106.57,-66.47,33.26,0.9676259607927021,129.92941699245785
kwanteng,near_miss,KT_NearMissed_cleaned.csv,2556,2026-08-03 12:41:22.363,61.83072,86.87499999999915,0.48,-0.2,-0.63,-127.14,-76.29,47.42,0.816884324736373,155.67080683288052
kwanteng,near_miss,KT_NearMissed_cleaned.csv,2557,2026-08-03 12:41:22.364,61.830949,0.2289999999973702,0.32,-0.19,-0.65,-110.17,-63.54,47.85,0.7489993324429602,135.8837113122835
kwanteng,near_miss,KT_NearMissed_cleaned.csv,2559,2026-08-03 12:41:22.365,61.832567,1.6180000000005634,0.16,-0.2,-0.79,-80.93,-46.81,36.32,0.8304817878797826,100.2994685928096
kwanteng,near_miss,KT_NearMissed_cleaned.csv,2561,2026-08-03 12:41:22.408,61.874738,42.17100000000329,0.02,-0.11,-0.9,-47.85,-30.7,26.12,0.9069178573608527,62.56490150235993
kwanteng,near_miss,KT_NearMissed_cleaned.csv,2563,2026-08-03 12:41:22.452,61.918764,44.02600000000234,-0.03,0.0,-0.9,-39.61,-22.89,24.96,0.9004998611882181,52.11435310929226
kwanteng,near_miss,KT_NearMissed_cleaned.csv,2564,2026-08-03 12:41:22.495,61.961925,43.160999999997784,0.1,0.04,-0.9,-65.67,-42.79,45.96,0.9064215354899728,90.86173341952045
kwanteng,near_miss,KT_NearMissed_cleaned.csv,2566,2026-08-03 12:41:22.539,62.006155,44.22999999999888,0.34,0.16,-1.07,-94.3,-70.5,88.87,1.134063490286148,147.51480230810736
kwanteng,near_miss,KT_NearMissed_cleaned.csv,2568,2026-08-03 12:41:22.583,62.049811,43.655999999998585,0.39,0.36,-1.28,-111.08,-63.6,126.89,1.3856767299770896,180.23539746675735
kwanteng,near_miss,KT_NearMissed_cleaned.csv,2569,2026-08-03 12:41:22.627,62.093319,43.50800000000277,0.19,0.44,-1.35,-116.21,-31.43,123.84,1.4325501736413981,172.71060940197043
kwanteng,near_miss,KT_NearMissed_cleaned.csv,2571,2026-08-03 12:41:22.670,62.136863,43.54399999999714,0.06,0.4,-1.13,-96.8,-16.66,89.29,1.2002083152519814,132.74223028109782
kwanteng,near_miss,KT_NearMissed_cleaned.csv,2573,2026-08-03 12:41:22.714,62.18097,44.10700000000389,0.11,0.35,-0.83,-58.04,-20.51,60.12,0.9074690077352504,86.04484935195133
kwanteng,near_miss,KT_NearMissed_cleaned.csv,2575,2026-08-03 12:41:22.758,62.224368,43.39799999999627,0.15,0.32,-0.75,-20.14,-22.83,57.43,0.8290958931269652,65.00025692256916
kwanteng,near_miss,KT_NearMissed_cleaned.csv,2576,2026-08-03 12:41:22.801,62.268133,43.7650000000005,0.08,0.32,-0.82,6.16,-23.8,92.71,0.8838551917593741,95.91417882669903
kwanteng,near_miss,KT_NearMissed_cleaned.csv,2578,2026-08-03 12:41:22.845,62.312,43.86699999999877,-0.22,0.5,-0.9,-2.87,-37.72,167.79,1.0528057750601485,172.0015098770938
kwanteng,near_miss,KT_NearMissed_cleaned.csv,2580,2026-08-03 12:41:22.889,62.355641,43.64100000000093,-0.38,0.77,-0.9,-81.6,-96.98,313.48,1.2439051410778879,338.1322090543875
kwanteng,near_miss,KT_NearMissed_cleaned.csv,2582,2026-08-03 12:41:22.932,62.399467,43.82600000000281,-0.02,0.41,-0.92,-183.78,-143.55,357.42,1.007422453591342,426.76779084181135
kwanteng,near_miss,KT_NearMissed_cleaned.csv,2583,2026-08-03 12:41:22.933,62.399787,0.3200000000020964,0.26,-0.24,-1.06,-161.5,-83.62,130.8,1.1174972035759194,224.0160583529672
kwanteng,near_miss,KT_NearMissed_cleaned.csv,2585,2026-08-03 12:41:23.021,62.487495,87.70799999999923,0.09,-0.31,-1.19,-46.57,-1.46,-22.03,1.2330044606569759,51.538504052795325
kwanteng,near_miss,KT_NearMissed_cleaned.csv,2587,2026-08-03 12:41:23.022,62.488923,1.4279999999970983,0.02,-0.21,-1.23,6.53,15.75,32.41,1.2479583326377528,36.62118922154222
kwanteng,near_miss,KT_NearMissed_cleaned.csv,2589,2026-08-03 12:41:23.064,62.53112,42.197000000001594,0.18,-0.09,-1.27,6.71,0.0,93.2,1.2858460249967723,93.44123340367463
kwanteng,near_miss,KT_NearMissed_cleaned.csv,2590,2026-08-03 12:41:23.151,62.618128,87.00799999999731,0.3,0.18,-1.47,22.89,-6.23,111.69,1.5110592311355633,114.18152696474154
kwanteng,near_miss,KT_NearMissed_cleaned.csv,2592,2026-08-03 12:41:23.152,62.619259,1.1310000000008813,0.24,0.41,-1.66,91.67,3.3,83.62,1.726644143997251,124.12325849735012
kwanteng,near_miss,KT_NearMissed_cleaned.csv,2594,2026-08-03 12:41:23.239,62.705663,86.4040000000017,0.01,0.64,-1.55,170.9,6.77,34.18,1.6769615380204759,174.41592616501512
kwanteng,near_miss,KT_NearMissed_cleaned.csv,2596,2026-08-03 12:41:23.240,62.706771,1.1080000000021073,-0.1,0.71,-1.24,186.16,-0.37,-6.04,1.432375649052999,186.25832625684146
kwanteng,near_miss,KT_NearMissed_cleaned.csv,2598,2026-08-03 12:41:23.326,62.79319,86.41899999999936,0.11,0.5,-0.99,143.49,-10.8,-39.55,1.1145402639653714,149.23210981554874
kwanteng,near_miss,KT_NearMissed_cleaned.csv,2599,2026-08-03 12:41:23.326,62.793518,0.3279999999961092,0.5,0.26,-0.92,101.44,-26.67,-58.84,1.0788883167408942,120.26432596576592
kwanteng,near_miss,KT_NearMissed_cleaned.csv,2601,2026-08-03 12:41:23.328,62.795133,1.6150000000010323,0.77,0.19,-0.79,93.69,-47.12,-26.12,1.1194194924156002,108.07573687003017
kwanteng,near_miss,KT_NearMissed_cleaned.csv,2603,2026-08-03 12:41:23.371,62.838105,42.9719999999989,0.65,0.25,-0.57,113.77,-43.95,25.21,0.899944442729661,124.54219967545137
kwanteng,near_miss,KT_NearMissed_cleaned.csv,2605,2026-08-03 12:41:23.501,62.968215,130.11000000000195,0.24,0.27,-0.54,146.79,1.1,23.68,0.6496922348312315,148.69181719247362
kwanteng,near_miss,KT_NearMissed_cleaned.csv,2606,2026-08-03 12:41:23.502,62.968527,0.31200000000097816,-0.14,0.16,-0.53,147.83,44.07,-30.64,0.5710516614107695,157.27264034154194
kwanteng,near_miss,KT_NearMissed_cleaned.csv,2608,2026-08-03 12:41:23.503,62.969977,1.449999999998397,-0.34,0.01,-0.37,99.0,50.05,-97.23,0.5025932749251626,147.51161106841727
kwanteng,near_miss,KT_NearMissed_cleaned.csv,2610,2026-08-03 12:41:23.546,63.012545,42.568000000002826,-0.19,-0.44,-0.54,-3.54,24.72,-145.02,0.7220110802473879,147.15437608171905
kwanteng,near_miss,KT_NearMissed_cleaned.csv,2612,2026-08-03 12:41:23.590,63.056234,43.68900000000053,0.29,-0.65,-1.14,-135.99,-25.76,-116.39,1.3439494038095332,180.84106226186574
kwanteng,near_miss,KT_NearMissed_cleaned.csv,2613,2026-08-03 12:41:23.633,63.099505,43.27099999999717,0.86,-0.1,-1.86,-149.41,-54.93,-66.28,2.0516334955347166,172.43460035619302
kwanteng,near_miss,KT_NearMissed_cleaned.csv,2615,2026-08-03 12:41:23.764,63.230825,131.32000000000232,1.0,0.44,-1.97,-42.05,-30.76,-72.2,2.2526650882898682,89.03493752454708
kwanteng,near_miss,KT_NearMissed_cleaned.csv,2617,2026-08-03 12:41:23.765,63.231782,0.9569999999996526,0.45,0.35,-1.15,20.57,16.91,-85.75,1.2835497652993435,89.78939525355987
kwanteng,near_miss,KT_NearMissed_cleaned.csv,2619,2026-08-03 12:41:23.767,63.233586,1.8039999999999168,-0.19,0.14,-0.42,10.8,42.91,-93.81,0.48176757881783616,103.72185979821226
kwanteng,near_miss,KT_NearMissed_cleaned.csv,2620,2026-08-03 12:41:23.767,63.234175,0.5889999999979523,-0.43,0.19,-0.41,-18.68,24.11,-101.68,0.6237788069500277,106.15581425433089
kwanteng,near_miss,KT_NearMissed_cleaned.csv,2622,2026-08-03 12:41:23.808,63.274874,40.69899999999649,-0.28,0.33,-0.91,-48.03,-24.11,-57.98,1.007670581092849,79.05601431896248
kwanteng,near_miss,KT_NearMissed_cleaned.csv,2624,2026-08-03 12:41:23.896,63.362714,87.83999999999992,-0.12,0.3,-1.3,-70.31,-64.33,26.43,1.3395521639712282,98.89585380591039
kwanteng,near_miss,KT_NearMissed_cleaned.csv,2626,2026-08-03 12:41:23.897,63.363979,1.2650000000036243,-0.05,0.12,-1.32,-80.14,-82.34,102.72,1.326386067478093,154.12233322915924
kwanteng,near_miss,KT_NearMissed_cleaned.csv,2627,2026-08-03 12:41:23.983,63.449548,85.56899999999956,0.07,0.0,-1.19,-66.59,-69.89,105.9,1.192057045614848,143.29567404496203
kwanteng,near_miss,KT_NearMissed_cleaned.csv,2629,2026-08-03 12:41:23.984,63.450676,1.1280000000013501,0.1,0.06,-0.99,-29.05,-27.53,29.97,0.9968450230602548,50.00004299998151
kwanteng,near_miss,KT_NearMissed_cleaned.csv,2631,2026-08-03 12:41:24.115,63.581763,131.08700000000084,0.12,0.13,-0.84,3.66,7.45,-26.12,0.8584287972802402,27.407161472870555
kwanteng,near_miss,KT_NearMissed_cleaned.csv,2633,2026-08-03 12:41:24.116,63.582489,0.7260000000002265,0.1,0.13,-0.82,12.08,20.14,-39.79,0.8362415918859812,46.20378880568129
kwanteng,near_miss,KT_NearMissed_cleaned.csv,2634,2026-08-03 12:41:24.116,63.583299,0.8099999999942042,0.1,0.13,-0.82,2.38,17.88,-27.77,0.8362415918859812,33.113920033726
kwanteng,near_miss,KT_NearMissed_cleaned.csv,2635,2026-08-03 12:41:24.117,63.583967,0.6680000000045538,0.06,0.2,-0.89,2.38,17.88,-27.77,0.914166286842826,33.113920033726
kwanteng,near_miss,KT_NearMissed_cleaned.csv,2636,2026-08-03 12:41:24.158,63.624671,40.703999999998075,0.06,0.24,-0.94,-21.12,5.49,3.3,0.9720082304178294,22.069990937922924
kwanteng,near_miss,KT_NearMissed_cleaned.csv,2638,2026-08-03 12:41:24.202,63.668512,43.84100000000046,-0.04,0.24,-0.96,-38.94,-4.88,30.15,0.9903534722511957,49.488993725878075
kwanteng,near_miss,KT_NearMissed_cleaned.csv,2640,2026-08-03 12:41:24.246,63.712108,43.596000000000856,-0.16,0.15,-1.01,-39.79,-4.64,33.02,1.0335376142163382,51.914295719002105
kwanteng,near_miss,KT_NearMissed_cleaned.csv,2642,2026-08-03 12:41:24.420,63.886937,174.82900000000257,-0.17,-0.07,-1.1,-34.24,9.09,-10.68,1.1152578177264665,37.00092025882599
kwanteng,near_miss,KT_NearMissed_cleaned.csv,2643,2026-08-03 12:41:24.420,63.887409,0.4719999999949209,-0.09,-0.23,-1.22,-21.85,22.83,-55.91,1.2447489706764172,64.22273351392013
kwanteng,near_miss,KT_NearMissed_cleaned.csv,2645,2026-08-03 12:41:24.422,63.888743,1.3339999999999463,-0.01,-0.2,-1.36,3.48,25.33,-59.14,1.3746635952115704,64.43026385170248
kwanteng,near_miss,KT_NearMissed_cleaned.csv,2647,2026-08-03 12:41:24.423,63.890413,1.6700000000042792,0.09,0.0,-1.41,48.22,22.71,-58.59,1.412869420717994,79.20669542406122
kwanteng,near_miss,KT_NearMissed_cleaned.csv,2649,2026-08-03 12:41:24.425,63.892195,1.781999999998618,0.25,0.24,-1.3,103.45,23.5,-70.25,1.345399568901373,127.23684607848467
