worker,recording_type,source_file,packet_number,timestamp,elapsed_seconds,interval_ms,Xg,Yg,Zg,Xdeg,Ydeg,Zdeg,acceleration_magnitude_g,gyroscope_magnitude_dps,raw_payload
ziqian,normal_work,ziqian_normal_work_data.csv,1,2026-07-27T13:53:57.160,0.103837,,-0.33,0.42,0.83,0.98,1.65,0.92,0.9870157040290696,2.1282152146810716,"-0.33,0.42,0.83,0.98,1.65,0.92"
ziqian,normal_work,ziqian_normal_work_data.csv,2,2026-07-27T13:53:57.162,0.106512,2.6749999999999967,-0.32,0.42,0.83,1.28,0.98,0.31,0.9837174391053561,1.6416150584104665,"-0.32,0.42,0.83,1.28,0.98,0.31"
ziqian,normal_work,ziqian_normal_work_data.csv,3,2026-07-27T13:53:57.174,0.118443,11.931000000000012,-0.32,0.42,0.84,1.34,1.04,0.31,0.9921693403849969,1.7243259552648391,"-0.32,0.42,0.84,1.34,1.04,0.31"
ziqian,normal_work,ziqian_normal_work_data.csv,4,2026-07-27T13:53:57.249,0.193333,74.89,-0.33,0.42,0.85,0.98,1.04,0.61,1.0038924245156948,1.5537374295549424,"-0.33,0.42,0.85,0.98,1.04,0.61"
ziqian,normal_work,ziqian_normal_work_data.csv,5,2026-07-27T13:53:57.250,0.193597,0.26399999999998647,-0.33,0.42,0.85,0.12,0.79,0.49,1.0038924245156948,0.9373366524360391,"-0.33,0.42,0.85,0.12,0.79,0.49"
ziqian,normal_work,ziqian_normal_work_data.csv,6,2026-07-27T13:53:57.333,0.27683,83.23300000000003,-0.33,0.42,0.85,-0.37,0.06,0.18,1.0038924245156948,0.4158124577258358,"-0.33,0.42,0.85,-0.37,0.06,0.18"
ziqian,normal_work,ziqian_normal_work_data.csv,7,2026-07-27T13:53:57.333,0.2771,0.26999999999999247,-0.33,0.42,0.84,-0.61,-0.61,0.06,0.9954396013822234,0.8647543003651385,"-0.33,0.42,0.84,-0.61,-0.61,0.06"
ziqian,normal_work,ziqian_normal_work_data.csv,8,2026-07-27T13:53:57.369,0.313394,36.29399999999999,-0.33,0.42,0.84,-0.79,-0.67,0.12,0.9954396013822234,1.042784733298297,"-0.33,0.42,0.84,-0.79,-0.67,0.12"
ziqian,normal_work,ziqian_normal_work_data.csv,9,2026-07-27T13:53:57.463,0.406903,93.50900000000001,-0.34,0.42,0.83,-0.98,-0.18,0.0,0.9904039579888602,0.996393496566492,"-0.34,0.42,0.83,-0.98,-0.18,0.00"
ziqian,normal_work,ziqian_normal_work_data.csv,10,2026-07-27T13:53:57.463,0.407077,0.17400000000000748,-0.34,0.42,0.83,-0.98,0.37,-0.43,0.9904039579888602,1.1323427043081966,"-0.34,0.42,0.83,-0.98,0.37,-0.43"
ziqian,normal_work,ziqian_normal_work_data.csv,11,2026-07-27T13:53:57.537,0.480989,73.91199999999998,-0.33,0.42,0.82,-0.24,0.24,-0.85,0.9786214794290997,0.9152595260361948,"-0.33,0.42,0.82,-0.24,0.24,-0.85"
ziqian,normal_work,ziqian_normal_work_data.csv,12,2026-07-27T13:53:57.537,0.481171,0.18200000000001548,-0.33,0.43,0.83,0.85,-0.18,-0.98,0.991312261600753,1.3096946208945044,"-0.33,0.43,0.83,0.85,-0.18,-0.98"
ziqian,normal_work,ziqian_normal_work_data.csv,13,2026-07-27T13:53:57.564,0.50825,27.078999999999965,-0.33,0.43,0.83,1.4,-0.24,-0.79,0.991312261600753,1.6253307355735325,"-0.33,0.43,0.83,1.40,-0.24,-0.79"
ziqian,normal_work,ziqian_normal_work_data.csv,14,2026-07-27T13:53:57.669,0.613151,104.90100000000002,-0.33,0.43,0.84,1.4,0.06,-0.43,0.9996999549864949,1.4657762448614045,"-0.33,0.43,0.84,1.40,0.06,-0.43"
ziqian,normal_work,ziqian_normal_work_data.csv,15,2026-07-27T13:53:57.669,0.613397,0.24599999999996847,-0.33,0.43,0.85,0.92,0.55,-0.12,1.0081170566953026,1.078563859954523,"-0.33,0.43,0.85,0.92,0.55,-0.12"
ziqian,normal_work,ziqian_normal_work_data.csv,16,2026-07-27T13:53:57.684,0.627945,14.548000000000005,-0.33,0.43,0.84,0.0,0.73,0.12,0.9996999549864949,0.7397972695272671,"-0.33,0.43,0.84,0.00,0.73,0.12"
ziqian,normal_work,ziqian_normal_work_data.csv,17,2026-07-27T13:53:57.789,0.733259,105.31400000000002,-0.34,0.42,0.84,-1.04,0.61,-0.06,0.9987992791347017,1.2071868123865503,"-0.34,0.42,0.84,-1.04,0.61,-0.06"
ziqian,normal_work,ziqian_normal_work_data.csv,18,2026-07-27T13:53:57.789,0.733462,0.20299999999995322,-0.34,0.42,0.83,-1.53,0.0,-0.37,0.9904039579888602,1.5741029191256841,"-0.34,0.42,0.83,-1.53,0.00,-0.37"
ziqian,normal_work,ziqian_normal_work_data.csv,19,2026-07-27T13:53:57.821,0.764891,31.42900000000004,-0.33,0.42,0.83,-1.46,-0.67,-0.61,0.9870157040290696,1.7183131262956701,"-0.33,0.42,0.83,-1.46,-0.67,-0.61"
ziqian,normal_work,ziqian_normal_work_data.csv,20,2026-07-27T13:53:57.864,0.808434,43.543,-0.33,0.42,0.82,-1.46,-0.79,-0.49,0.9786214794290997,1.7308379473538242,"-0.33,0.42,0.82,-1.46,-0.79,-0.49"
ziqian,normal_work,ziqian_normal_work_data.csv,21,2026-07-27T13:53:57.880,0.824571,16.137000000000068,-0.34,0.42,0.83,-1.16,-0.67,0.06,0.9904039579888602,1.3409325113517085,"-0.34,0.42,0.83,-1.16,-0.67,0.06"
ziqian,normal_work,ziqian_normal_work_data.csv,22,2026-07-27T13:53:58.074,1.017946,193.37499999999997,-0.34,0.42,0.83,-0.43,-0.49,0.43,0.9904039579888602,0.7809609465267773,"-0.34,0.42,0.83,-0.43,-0.49,0.43"
ziqian,normal_work,ziqian_normal_work_data.csv,23,2026-07-27T13:53:58.074,1.018223,0.27700000000008274,-0.34,0.42,0.83,0.12,-0.55,0.24,0.9904039579888602,0.6119640512317697,"-0.34,0.42,0.83,0.12,-0.55,0.24"
ziqian,normal_work,ziqian_normal_work_data.csv,24,2026-07-27T13:53:58.075,1.018658,0.4349999999999632,-0.34,0.42,0.84,0.18,-0.55,-0.12,0.9987992791347017,0.5910160742314883,"-0.34,0.42,0.84,0.18,-0.55,-0.12"
ziqian,normal_work,ziqian_normal_work_data.csv,25,2026-07-27T13:53:58.075,1.019188,0.5299999999999194,-0.34,0.41,0.84,-0.12,-0.49,-0.43,0.9946356116689166,0.662872536767062,"-0.34,0.41,0.84,-0.12,-0.49,-0.43"
ziqian,normal_work,ziqian_normal_work_data.csv,26,2026-07-27T13:53:58.119,1.063371,44.183000000000085,-0.34,0.41,0.85,-0.31,-0.31,-0.85,1.0030952098380292,0.9563994981178106,"-0.34,0.41,0.85,-0.31,-0.31,-0.85"
ziqian,normal_work,ziqian_normal_work_data.csv,27,2026-07-27T13:53:58.119,1.063533,0.16199999999999548,-0.34,0.41,0.85,-0.49,-0.24,-1.28,1.0030952098380292,1.3914381049834736,"-0.34,0.41,0.85,-0.49,-0.24,-1.28"
ziqian,normal_work,ziqian_normal_work_data.csv,28,2026-07-27T13:53:58.164,1.108068,44.53499999999999,-0.34,0.42,0.85,-1.1,-0.55,-1.59,1.0072239075796403,2.0101243742614536,"-0.34,0.42,0.85,-1.10,-0.55,-1.59"
ziqian,normal_work,ziqian_normal_work_data.csv,29,2026-07-27T13:53:58.344,1.288206,180.13799999999992,-0.33,0.41,0.84,-1.83,-1.04,-1.77,0.9912618221237011,2.7501636314954063,"-0.33,0.41,0.84,-1.83,-1.04,-1.77"
ziqian,normal_work,ziqian_normal_work_data.csv,30,2026-07-27T13:53:58.345,1.288585,0.37900000000012923,-0.33,0.42,0.83,-1.95,-1.28,-1.83,0.9870157040290696,2.964759686719988,"-0.33,0.42,0.83,-1.95,-1.28,-1.83"
ziqian,normal_work,ziqian_normal_work_data.csv,31,2026-07-27T13:53:58.345,1.288948,0.3629999999998912,-0.33,0.42,0.83,-1.46,-1.04,-1.65,0.9870157040290696,2.436329205998237,"-0.33,0.42,0.83,-1.46,-1.04,-1.65"
ziqian,normal_work,ziqian_normal_work_data.csv,32,2026-07-27T13:53:58.346,1.289585,0.6369999999999987,-0.33,0.42,0.83,-0.98,-0.73,-1.34,0.9870157040290696,1.8135324645563973,"-0.33,0.42,0.83,-0.98,-0.73,-1.34"
ziqian,normal_work,ziqian_normal_work_data.csv,33,2026-07-27T13:53:58.404,1.348235,58.65000000000009,-0.33,0.42,0.83,-0.61,-0.55,-1.1,0.9870157040290696,1.372807342637706,"-0.33,0.42,0.83,-0.61,-0.55,-1.10"
ziqian,normal_work,ziqian_normal_work_data.csv,34,2026-07-27T13:53:58.405,1.348611,0.37599999999993194,-0.33,0.42,0.83,-0.43,-0.43,-0.98,0.9870157040290696,1.153342967204465,"-0.33,0.42,0.83,-0.43,-0.43,-0.98"
ziqian,normal_work,ziqian_normal_work_data.csv,35,2026-07-27T13:53:58.584,1.528456,179.84500000000003,-0.33,0.42,0.84,-0.06,-0.37,-0.67,0.9954396013822234,0.7677239087067694,"-0.33,0.42,0.84,-0.06,-0.37,-0.67"
ziqian,normal_work,ziqian_normal_work_data.csv,36,2026-07-27T13:53:58.585,1.528808,0.35199999999990794,-0.33,0.41,0.84,0.31,-0.61,-0.06,0.9912618221237011,0.6868769904429759,"-0.33,0.41,0.84,0.31,-0.61,-0.06"
ziqian,normal_work,ziqian_normal_work_data.csv,37,2026-07-27T13:53:58.585,1.529012,0.204000000000093,-0.33,0.41,0.85,0.37,-0.67,0.49,0.999749968742185,0.9087904048789248,"-0.33,0.41,0.85,0.37,-0.67,0.49"
ziqian,normal_work,ziqian_normal_work_data.csv,38,2026-07-27T13:53:58.586,1.529644,0.6319999999999659,-0.33,0.41,0.85,0.18,-0.79,0.85,0.999749968742185,1.174308307047174,"-0.33,0.41,0.85,0.18,-0.79,0.85"
ziqian,normal_work,ziqian_normal_work_data.csv,39,2026-07-27T13:53:58.644,1.588572,58.92800000000009,-0.34,0.41,0.85,-0.12,-0.98,1.16,1.0030952098380292,1.523285921946369,"-0.34,0.41,0.85,-0.12,-0.98,1.16"
ziqian,normal_work,ziqian_normal_work_data.csv,40,2026-07-27T13:53:58.645,1.588882,0.3099999999998104,-0.34,0.41,0.85,-0.79,-0.73,1.22,1.0030952098380292,1.6264685671724493,"-0.34,0.41,0.85,-0.79,-0.73,1.22"
ziqian,normal_work,ziqian_normal_work_data.csv,41,2026-07-27T13:53:59.124,2.068253,479.371,-0.34,0.41,0.84,-1.34,-0.37,0.98,0.9946356116689166,1.7008527273106275,"-0.34,0.41,0.84,-1.34,-0.37,0.98"
ziqian,normal_work,ziqian_normal_work_data.csv,42,2026-07-27T13:53:59.124,2.06853,0.27700000000008274,-0.34,0.41,0.83,-1.34,-0.31,0.67,0.9862048468751307,1.5299019576430382,"-0.34,0.41,0.83,-1.34,-0.31,0.67"
ziqian,normal_work,ziqian_normal_work_data.csv,43,2026-07-27T13:53:59.125,2.069079,0.5489999999999107,-0.33,0.41,0.83,-0.98,-0.67,0.43,0.9828021163998376,1.2626163312740732,"-0.33,0.41,0.83,-0.98,-0.67,0.43"
ziqian,normal_work,ziqian_normal_work_data.csv,44,2026-07-27T13:53:59.126,2.069585,0.5060000000001175,-0.33,0.41,0.84,-0.61,-0.79,0.12,0.9912618221237011,1.0052860289489753,"-0.33,0.41,0.84,-0.61,-0.79,0.12"
ziqian,normal_work,ziqian_normal_work_data.csv,45,2026-07-27T13:53:59.126,2.070033,0.44800000000000395,-0.33,0.41,0.84,-0.49,-0.31,-0.18,0.9912618221237011,0.6071243694664216,"-0.33,0.41,0.84,-0.49,-0.31,-0.18"
ziqian,normal_work,ziqian_normal_work_data.csv,46,2026-07-27T13:53:59.127,2.07069,0.6569999999999077,-0.33,0.41,0.84,0.79,-0.43,-0.43,0.9912618221237011,0.9969453345093702,"-0.33,0.41,0.84,0.79,-0.43,-0.43"
ziqian,normal_work,ziqian_normal_work_data.csv,47,2026-07-27T13:53:59.127,2.071159,0.46900000000027475,-0.33,0.41,0.84,0.67,-0.67,-0.73,0.9912618221237011,1.1961187232043482,"-0.33,0.41,0.84,0.67,-0.67,-0.73"
ziqian,normal_work,ziqian_normal_work_data.csv,48,2026-07-27T13:53:59.128,2.071808,0.6489999999996776,-0.33,0.41,0.85,0.12,-0.67,-0.61,0.999749968742185,0.9140021881811882,"-0.33,0.41,0.85,0.12,-0.67,-0.61"
ziqian,normal_work,ziqian_normal_work_data.csv,49,2026-07-27T13:53:59.128,2.072283,0.47500000000022524,-0.33,0.41,0.85,-0.55,-0.31,-0.37,0.999749968742185,0.7317786550590282,"-0.33,0.41,0.85,-0.55,-0.31,-0.37"
ziqian,normal_work,ziqian_normal_work_data.csv,50,2026-07-27T13:53:59.129,2.072854,0.5709999999998772,-0.33,0.41,0.85,-0.98,-0.18,-0.24,0.999749968742185,1.0248902380255165,"-0.33,0.41,0.85,-0.98,-0.18,-0.24"
ziqian,normal_work,ziqian_normal_work_data.csv,51,2026-07-27T13:53:59.186,2.12981,56.956,-0.33,0.41,0.84,-0.98,-0.67,-0.06,0.9912618221237011,1.1886547017532048,"-0.33,0.41,0.84,-0.98,-0.67,-0.06"
ziqian,normal_work,ziqian_normal_work_data.csv,52,2026-07-27T13:53:59.304,2.248283,118.47299999999983,-0.33,0.41,0.83,-0.61,-1.04,0.24,0.9828021163998376,1.2293494214420895,"-0.33,0.41,0.83,-0.61,-1.04,0.24"
ziqian,normal_work,ziqian_normal_work_data.csv,53,2026-07-27T13:53:59.304,2.2485,0.21700000000013375,-0.33,0.41,0.83,-0.06,0.18,0.79,0.9828021163998376,0.8124653838779842,"-0.33,0.41,0.83,-0.06,0.18,0.79"
ziqian,normal_work,ziqian_normal_work_data.csv,54,2026-07-27T13:53:59.364,2.308194,59.69399999999992,-0.33,0.41,0.83,-0.12,0.98,0.85,0.9828021163998376,1.3028046668629951,"-0.33,0.41,0.83,-0.12,0.98,0.85"
ziqian,normal_work,ziqian_normal_work_data.csv,55,2026-07-27T13:53:59.364,2.308422,0.22800000000033904,-0.34,0.4,0.84,-0.12,0.98,0.85,0.9905553997631833,1.3028046668629951,"-0.34,0.40,0.84,-0.12,0.98,0.85"
ziqian,normal_work,ziqian_normal_work_data.csv,56,2026-07-27T13:53:59.424,2.36808,59.65799999999977,-0.34,0.4,0.84,0.18,1.4,0.73,0.9905553997631833,1.5891192529196794,"-0.34,0.40,0.84,0.18,1.40,0.73"
ziqian,normal_work,ziqian_normal_work_data.csv,57,2026-07-27T13:53:59.484,2.428205,60.125000000000206,-0.34,0.41,0.85,0.67,1.22,0.43,1.0030952098380292,1.456777265061478,"-0.34,0.41,0.85,0.67,1.22,0.43"
ziqian,normal_work,ziqian_normal_work_data.csv,58,2026-07-27T13:53:59.484,2.428354,0.14899999999995472,-0.33,0.41,0.85,0.67,0.92,0.18,0.999749968742185,1.1522586515188333,"-0.33,0.41,0.85,0.67,0.92,0.18"
ziqian,normal_work,ziqian_normal_work_data.csv,59,2026-07-27T13:53:59.606,2.550023,121.66899999999981,-0.33,0.41,0.85,0.18,0.67,0.06,0.999749968742185,0.6963476143421474,"-0.33,0.41,0.85,0.18,0.67,0.06"
ziqian,normal_work,ziqian_normal_work_data.csv,60,2026-07-27T13:53:59.606,2.550219,0.19599999999986295,-0.33,0.41,0.85,-0.49,0.31,0.18,0.999749968742185,0.6071243694664216,"-0.33,0.41,0.85,-0.49,0.31,0.18"
ziqian,normal_work,ziqian_normal_work_data.csv,61,2026-07-27T13:53:59.606,2.550335,0.11600000000022703,-0.33,0.41,0.85,-0.85,-0.06,0.31,0.999749968742185,0.9067524469225324,"-0.33,0.41,0.85,-0.85,-0.06,0.31"
ziqian,normal_work,ziqian_normal_work_data.csv,62,2026-07-27T13:53:59.667,2.611079,60.74400000000013,-0.34,0.41,0.84,-1.1,-0.31,0.31,0.9946356116689166,1.1841452613594332,"-0.34,0.41,0.84,-1.10,-0.31,0.31"
ziqian,normal_work,ziqian_normal_work_data.csv,63,2026-07-27T13:53:59.968,2.911862,300.783,-0.34,0.41,0.84,-1.16,-0.43,-0.06,0.9946356116689166,1.238587905640936,"-0.34,0.41,0.84,-1.16,-0.43,-0.06"
ziqian,normal_work,ziqian_normal_work_data.csv,64,2026-07-27T13:53:59.969,2.9126,0.7379999999996834,-0.33,0.41,0.83,-0.79,-0.61,-0.18,0.9828021163998376,1.014199191480648,"-0.33,0.41,0.83,-0.79,-0.61,-0.18"
ziqian,normal_work,ziqian_normal_work_data.csv,65,2026-07-27T13:53:59.969,2.91306,0.460000000000349,-0.34,0.41,0.83,-0.49,-0.73,-0.18,0.9862048468751307,0.8974408058473828,"-0.34,0.41,0.83,-0.49,-0.73,-0.18"
ziqian,normal_work,ziqian_normal_work_data.csv,66,2026-07-27T13:53:59.971,2.914639,1.578999999999997,-0.34,0.41,0.84,-0.49,-0.61,-0.24,0.9946356116689166,0.8184130986244049,"-0.34,0.41,0.84,-0.49,-0.61,-0.24"
ziqian,normal_work,ziqian_normal_work_data.csv,67,2026-07-27T13:53:59.972,2.915698,1.058999999999699,-0.34,0.41,0.84,-0.61,-0.43,-0.43,0.9946356116689166,0.8613361713059541,"-0.34,0.41,0.84,-0.61,-0.43,-0.43"
ziqian,normal_work,ziqian_normal_work_data.csv,68,2026-07-27T13:53:59.972,2.915889,0.19100000000005224,-0.34,0.4,0.84,-1.04,0.06,-0.85,0.9905553997631833,1.3445073447177596,"-0.34,0.40,0.84,-1.04,0.06,-0.85"
ziqian,normal_work,ziqian_normal_work_data.csv,69,2026-07-27T13:53:59.972,2.916018,0.1290000000002678,-0.34,0.4,0.85,-1.28,0.43,-1.22,0.9990495483208027,1.8198076821466602,"-0.34,0.40,0.85,-1.28,0.43,-1.22"
ziqian,normal_work,ziqian_normal_work_data.csv,70,2026-07-27T13:53:59.972,2.916153,0.1349999999997742,-0.34,0.4,0.85,-0.85,0.12,-1.04,0.9990495483208027,1.3485177047410242,"-0.34,0.40,0.85,-0.85,0.12,-1.04"
ziqian,normal_work,ziqian_normal_work_data.csv,71,2026-07-27T13:54:00.090,3.033829,117.67599999999989,-0.33,0.4,0.85,-0.31,-0.37,-0.67,0.9956907150315303,0.8257723657279893,"-0.33,0.40,0.85,-0.31,-0.37,-0.67"
ziqian,normal_work,ziqian_normal_work_data.csv,72,2026-07-27T13:54:00.090,3.034021,0.19200000000019202,-0.33,0.4,0.84,-0.12,-0.55,-0.37,0.9871676655968833,0.6736467917239717,"-0.33,0.40,0.84,-0.12,-0.55,-0.37"
ziqian,normal_work,ziqian_normal_work_data.csv,73,2026-07-27T13:54:00.090,3.034135,0.11399999999994748,-0.33,0.4,0.84,-0.18,-0.61,-0.12,0.9871676655968833,0.6472248450113762,"-0.33,0.40,0.84,-0.18,-0.61,-0.12"
ziqian,normal_work,ziqian_normal_work_data.csv,74,2026-07-27T13:54:00.204,3.148284,114.14899999999983,-0.34,0.4,0.84,-0.31,-0.73,0.18,0.9905553997631833,0.8132650244538984,"-0.34,0.40,0.84,-0.31,-0.73,0.18"
ziqian,normal_work,ziqian_normal_work_data.csv,75,2026-07-27T13:54:00.205,3.148658,0.3740000000003185,-0.34,0.4,0.84,-0.31,-0.79,0.43,0.9905553997631833,0.9513674369033239,"-0.34,0.40,0.84,-0.31,-0.79,0.43"
ziqian,normal_work,ziqian_normal_work_data.csv,76,2026-07-27T13:54:00.205,3.149055,0.3969999999999807,-0.34,0.4,0.84,-0.49,-0.85,0.43,0.9905553997631833,1.0712142642814275,"-0.34,0.40,0.84,-0.49,-0.85,0.43"
ziqian,normal_work,ziqian_normal_work_data.csv,77,2026-07-27T13:54:00.264,3.208171,59.11599999999994,-0.34,0.4,0.84,-0.73,-0.85,0.18,0.9905553997631833,1.1348127598859645,"-0.34,0.40,0.84,-0.73,-0.85,0.18"
ziqian,normal_work,ziqian_normal_work_data.csv,78,2026-07-27T13:54:00.324,3.268347,60.17599999999979,-0.34,0.4,0.84,-1.04,-0.49,0.0,0.9905553997631833,1.1496521212958293,"-0.34,0.40,0.84,-1.04,-0.49,0.00"
ziqian,normal_work,ziqian_normal_work_data.csv,79,2026-07-27T13:54:00.324,3.268529,0.1820000000001265,-0.34,0.4,0.84,-1.46,-0.12,-0.12,0.9905553997631833,1.4698299221338502,"-0.34,0.40,0.84,-1.46,-0.12,-0.12"
ziqian,normal_work,ziqian_normal_work_data.csv,80,2026-07-27T13:54:00.384,3.328337,59.807999999999865,-0.34,0.4,0.84,-1.89,0.55,-0.61,0.9905553997631833,2.0607522898203947,"-0.34,0.40,0.84,-1.89,0.55,-0.61"
ziqian,normal_work,ziqian_normal_work_data.csv,81,2026-07-27T13:54:00.447,3.390791,62.454000000000235,-0.34,0.4,0.84,-1.77,0.37,-1.83,0.9905553997631833,2.57268342397583,"-0.34,0.40,0.84,-1.77,0.37,-1.83"
ziqian,normal_work,ziqian_normal_work_data.csv,82,2026-07-27T13:54:00.447,3.390902,0.11099999999997223,-0.34,0.4,0.85,-1.22,-1.46,-2.75,0.9990495483208027,3.344024521441193,"-0.34,0.40,0.85,-1.22,-1.46,-2.75"
ziqian,normal_work,ziqian_normal_work_data.csv,83,2026-07-27T13:54:00.684,3.628103,237.20099999999977,-0.34,0.4,0.85,-1.1,-3.11,-2.44,0.9990495483208027,4.103132949344927,"-0.34,0.40,0.85,-1.10,-3.11,-2.44"
ziqian,normal_work,ziqian_normal_work_data.csv,84,2026-07-27T13:54:00.684,3.628435,0.332000000000221,-0.33,0.39,0.86,-0.85,-3.11,-1.4,1.000299955013495,3.5149110941814725,"-0.33,0.39,0.86,-0.85,-3.11,-1.40"
ziqian,normal_work,ziqian_normal_work_data.csv,85,2026-07-27T13:54:00.685,3.628944,0.5090000000000927,-0.33,0.4,0.86,-0.79,-2.2,-0.73,1.0042410069301093,2.4488772937817855,"-0.33,0.40,0.86,-0.79,-2.20,-0.73"
ziqian,normal_work,ziqian_normal_work_data.csv,86,2026-07-27T13:54:00.685,3.629479,0.5349999999997301,-0.33,0.4,0.85,-1.53,-1.53,-0.73,0.9956907150315303,2.2835717637070223,"-0.33,0.40,0.85,-1.53,-1.53,-0.73"
ziqian,normal_work,ziqian_normal_work_data.csv,87,2026-07-27T13:54:00.686,3.630022,0.5429999999999602,-0.33,0.39,0.85,-2.62,-1.53,-1.34,0.9917156850630123,3.316760467685299,"-0.33,0.39,0.85,-2.62,-1.53,-1.34"
ziqian,normal_work,ziqian_normal_work_data.csv,88,2026-07-27T13:54:00.687,3.630679,0.6570000000003517,-0.34,0.38,0.84,-3.36,-1.53,-1.83,0.9826494797230597,4.120606751438434,"-0.34,0.38,0.84,-3.36,-1.53,-1.83"
ziqian,normal_work,ziqian_normal_work_data.csv,89,2026-07-27T13:54:00.744,3.688177,57.49799999999983,-0.34,0.38,0.85,-2.99,-1.22,-1.4,0.9912113800799505,3.5197301032891715,"-0.34,0.38,0.85,-2.99,-1.22,-1.40"
ziqian,normal_work,ziqian_normal_work_data.csv,90,2026-07-27T13:54:00.805,3.749462,61.28499999999981,-0.34,0.38,0.85,-2.56,-1.34,-0.24,0.9912113800799505,2.899448223369405,"-0.34,0.38,0.85,-2.56,-1.34,-0.24"
ziqian,normal_work,ziqian_normal_work_data.csv,91,2026-07-27T13:54:00.806,3.749675,0.21300000000001873,-0.34,0.38,0.86,-2.5,-1.77,0.37,0.999799979995999,3.0854173137519014,"-0.34,0.38,0.86,-2.50,-1.77,0.37"
ziqian,normal_work,ziqian_normal_work_data.csv,92,2026-07-27T13:54:00.985,3.928736,179.06099999999992,-0.33,0.38,0.85,-2.5,-1.89,0.49,0.9878258955909184,3.1720970981355534,"-0.33,0.38,0.85,-2.50,-1.89,0.49"
ziqian,normal_work,ziqian_normal_work_data.csv,93,2026-07-27T13:54:00.985,3.929113,0.37700000000029377,-0.33,0.38,0.85,-2.44,-1.95,0.73,0.9878258955909184,3.20764711276038,"-0.33,0.38,0.85,-2.44,-1.95,0.73"
ziqian,normal_work,ziqian_normal_work_data.csv,94,2026-07-27T13:54:00.985,3.929299,0.18599999999979744,-0.33,0.38,0.86,-2.5,-1.83,0.49,0.9964436762808021,3.136718030043504,"-0.33,0.38,0.86,-2.50,-1.83,0.49"
ziqian,normal_work,ziqian_normal_work_data.csv,95,2026-07-27T13:54:00.987,3.930715,1.416000000000306,-0.33,0.37,0.86,-2.2,-1.71,-0.12,0.9926731586982696,2.788996235207212,"-0.33,0.37,0.86,-2.20,-1.71,-0.12"
ziqian,normal_work,ziqian_normal_work_data.csv,96,2026-07-27T13:54:01.104,4.048376,117.66100000000002,-0.32,0.38,0.86,-2.14,-2.01,-0.49,0.9931767214348108,2.976541617380815,"-0.32,0.38,0.86,-2.14,-2.01,-0.49"
ziqian,normal_work,ziqian_normal_work_data.csv,97,2026-07-27T13:54:01.105,4.048631,0.25500000000011624,-0.32,0.38,0.87,-3.05,-2.5,-0.43,1.0018482919085105,3.96703919819303,"-0.32,0.38,0.87,-3.05,-2.50,-0.43"
ziqian,normal_work,ziqian_normal_work_data.csv,98,2026-07-27T13:54:01.105,4.048932,0.3009999999994406,-0.32,0.37,0.87,-4.58,-2.93,-0.67,0.9980981915623331,5.478156624266963,"-0.32,0.37,0.87,-4.58,-2.93,-0.67"
ziqian,normal_work,ziqian_normal_work_data.csv,99,2026-07-27T13:54:01.225,4.168841,119.90899999999982,-0.33,0.37,0.86,-6.1,-3.78,-2.32,0.9926731586982696,7.541936090951712,"-0.33,0.37,0.86,-6.10,-3.78,-2.32"
ziqian,normal_work,ziqian_normal_work_data.csv,100,2026-07-27T13:54:01.225,4.169046,0.20500000000023277,-0.33,0.36,0.86,-8.06,-5.0,-4.7,0.9889893831583836,10.585537303320981,"-0.33,0.36,0.86,-8.06,-5.00,-4.70"
ziqian,normal_work,ziqian_normal_work_data.csv,101,2026-07-27T13:54:01.225,4.169113,0.06700000000048334,-0.33,0.35,0.87,-9.58,-5.0,-5.31,0.9941327879111522,12.04045264929853,"-0.33,0.35,0.87,-9.58,-5.00,-5.31"
ziqian,normal_work,ziqian_normal_work_data.csv,102,2026-07-27T13:54:01.344,4.288247,119.13399999999984,-0.32,0.34,0.88,-8.61,-3.42,-3.42,0.9961927524329817,9.875469609086952,"-0.32,0.34,0.88,-8.61,-3.42,-3.42"
ziqian,normal_work,ziqian_normal_work_data.csv,103,2026-07-27T13:54:01.345,4.288608,0.3609999999998337,-0.32,0.34,0.88,-5.68,-1.89,-1.22,0.9961927524329817,6.109247089453822,"-0.32,0.34,0.88,-5.68,-1.89,-1.22"
ziqian,normal_work,ziqian_normal_work_data.csv,104,2026-07-27T13:54:01.345,4.289064,0.4559999999997899,-0.32,0.34,0.88,-2.87,-1.34,0.24,0.9961927524329817,3.1764917755284685,"-0.32,0.34,0.88,-2.87,-1.34,0.24"
ziqian,normal_work,ziqian_normal_work_data.csv,105,2026-07-27T13:54:01.647,4.591273,302.2090000000004,-0.31,0.34,0.88,-1.77,-1.46,0.79,0.9930256794262674,2.4266437727857793,"-0.31,0.34,0.88,-1.77,-1.46,0.79"
ziqian,normal_work,ziqian_normal_work_data.csv,106,2026-07-27T13:54:01.647,4.591453,0.17999999999940286,-0.31,0.34,0.88,-1.53,-1.53,0.73,0.9930256794262674,2.2835717637070223,"-0.31,0.34,0.88,-1.53,-1.53,0.73"
ziqian,normal_work,ziqian_normal_work_data.csv,107,2026-07-27T13:54:01.648,4.591597,0.1440000000005881,-0.31,0.34,0.88,-0.79,-1.46,0.55,0.9930256794262674,1.7487709970147607,"-0.31,0.34,0.88,-0.79,-1.46,0.55"
ziqian,normal_work,ziqian_normal_work_data.csv,108,2026-07-27T13:54:01.648,4.59166,0.06299999999992423,-0.31,0.34,0.88,-0.24,-1.71,0.31,0.9930256794262674,1.7543659823423388,"-0.31,0.34,0.88,-0.24,-1.71,0.31"
ziqian,normal_work,ziqian_normal_work_data.csv,109,2026-07-27T13:54:01.648,4.591712,0.05200000000016303,-0.31,0.34,0.88,-0.55,-2.2,0.0,0.9930256794262674,2.2677080940897136,"-0.31,0.34,0.88,-0.55,-2.20,0.00"
ziqian,normal_work,ziqian_normal_work_data.csv,110,2026-07-27T13:54:01.648,4.591777,0.06500000000020378,-0.31,0.34,0.88,-0.31,-1.77,0.18,0.9930256794262674,1.8059346610550449,"-0.31,0.34,0.88,-0.31,-1.77,0.18"
ziqian,normal_work,ziqian_normal_work_data.csv,111,2026-07-27T13:54:01.648,4.591956,0.17899999999926308,-0.31,0.34,0.88,0.12,-1.22,0.31,0.9930256794262674,1.2644761761298628,"-0.31,0.34,0.88,0.12,-1.22,0.31"
ziqian,normal_work,ziqian_normal_work_data.csv,112,2026-07-27T13:54:01.824,4.768381,176.42500000000007,-0.32,0.34,0.88,0.06,-0.79,0.0,0.9961927524329817,0.7922752047110904,"-0.32,0.34,0.88,0.06,-0.79,0.00"
ziqian,normal_work,ziqian_normal_work_data.csv,113,2026-07-27T13:54:01.824,4.768544,0.16300000000057935,-0.32,0.34,0.88,-0.24,-0.92,-0.31,0.9961927524329817,1.0000499987500624,"-0.32,0.34,0.88,-0.24,-0.92,-0.31"
ziqian,normal_work,ziqian_normal_work_data.csv,114,2026-07-27T13:54:01.825,4.769064,0.5199999999998539,-0.31,0.34,0.88,-0.43,-1.28,-0.24,0.9930256794262674,1.371459077041674,"-0.31,0.34,0.88,-0.43,-1.28,-0.24"
ziqian,normal_work,ziqian_normal_work_data.csv,115,2026-07-27T13:54:01.826,4.76972,0.656000000000212,-0.31,0.34,0.88,-0.98,-0.92,0.0,0.9930256794262674,1.3441726079637242,"-0.31,0.34,0.88,-0.98,-0.92,0.00"
ziqian,normal_work,ziqian_normal_work_data.csv,116,2026-07-27T13:54:02.004,4.948162,178.44199999999955,-0.31,0.34,0.88,-1.16,-0.06,0.61,0.9930256794262674,1.3119832316001603,"-0.31,0.34,0.88,-1.16,-0.06,0.61"
ziqian,normal_work,ziqian_normal_work_data.csv,117,2026-07-27T13:54:02.004,4.948495,0.3330000000003608,-0.31,0.34,0.88,-1.16,-0.06,0.61,0.9930256794262674,1.3119832316001603,"-0.31,0.34,0.88,-1.16,-0.06,0.61"
ziqian,normal_work,ziqian_normal_work_data.csv,118,2026-07-27T13:54:02.005,4.949076,0.5809999999994986,-0.3,0.34,0.88,-0.92,-0.37,0.73,0.9899494936611666,1.2313407326974934,"-0.30,0.34,0.88,-0.92,-0.37,0.73"
ziqian,normal_work,ziqian_normal_work_data.csv,119,2026-07-27T13:54:02.304,5.248335,299.2590000000002,-0.3,0.34,0.88,-0.85,-0.73,1.04,0.9899494936611666,1.5287249589118377,"-0.30,0.34,0.88,-0.85,-0.73,1.04"
ziqian,normal_work,ziqian_normal_work_data.csv,120,2026-07-27T13:54:02.304,5.248565,0.2300000000001745,-0.3,0.34,0.88,-1.1,-0.92,1.4,0.9899494936611666,2.0040958060931118,"-0.30,0.34,0.88,-1.10,-0.92,1.40"
ziqian,normal_work,ziqian_normal_work_data.csv,121,2026-07-27T13:54:02.305,5.249037,0.47200000000025,-0.31,0.33,0.88,-1.83,-0.73,1.28,0.9896464014990405,2.3495105873351583,"-0.31,0.33,0.88,-1.83,-0.73,1.28"
ziqian,normal_work,ziqian_normal_work_data.csv,122,2026-07-27T13:54:02.306,5.249692,0.654999999999184,-0.31,0.33,0.88,-2.87,-0.37,0.67,0.9896464014990405,2.9703030148454554,"-0.31,0.33,0.88,-2.87,-0.37,0.67"
ziqian,normal_work,ziqian_normal_work_data.csv,123,2026-07-27T13:54:02.306,5.250122,0.43000000000059657,-0.32,0.33,0.88,-4.21,0.18,-0.18,0.9928242543370907,4.217688940640359,"-0.32,0.33,0.88,-4.21,0.18,-0.18"
ziqian,normal_work,ziqian_normal_work_data.csv,124,2026-07-27T13:54:02.307,5.250633,0.5109999999994841,-0.32,0.33,0.88,-5.8,0.49,-0.18,0.9928242543370907,5.823443998185266,"-0.32,0.33,0.88,-5.80,0.49,-0.18"
ziqian,normal_work,ziqian_normal_work_data.csv,125,2026-07-27T13:54:02.307,5.251196,0.5630000000005353,-0.33,0.35,0.87,-7.81,0.43,0.79,0.9941327879111522,7.8616219700517265,"-0.33,0.35,0.87,-7.81,0.43,0.79"
ziqian,normal_work,ziqian_normal_work_data.csv,126,2026-07-27T13:54:02.485,5.428816,177.62000000000012,-0.35,0.43,0.82,-10.99,1.89,-2.2,0.9898484732523457,11.366274675547833,"-0.35,0.43,0.82,-10.99,1.89,-2.20"
ziqian,normal_work,ziqian_normal_work_data.csv,127,2026-07-27T13:54:02.485,5.428956,0.140000000000029,-0.36,0.51,0.74,-36.62,-5.25,-19.1,0.9681425514871248,41.63408339329689,"-0.36,0.51,0.74,-36.62,-5.25,-19.10"
ziqian,normal_work,ziqian_normal_work_data.csv,128,2026-07-27T13:54:02.485,5.429093,0.13699999999960966,-0.33,0.51,0.66,-101.44,-41.81,-57.98,0.8969949832635632,124.09605191141256,"-0.33,0.51,0.66,-101.44,-41.81,-57.98"
ziqian,normal_work,ziqian_normal_work_data.csv,129,2026-07-27T13:54:02.605,5.54886,119.7670000000004,-0.26,0.38,0.65,-164.86,-105.22,-117.61,0.7965550828411052,228.21520567219005,"-0.26,0.38,0.65,-164.86,-105.22,-117.61"
ziqian,normal_work,ziqian_normal_work_data.csv,130,2026-07-27T13:54:02.605,5.549109,0.24899999999927758,-0.26,0.32,0.63,-144.1,-146.73,-166.93,0.7529276193632427,264.87757134193146,"-0.26,0.32,0.63,-144.10,-146.73,-166.93"
ziqian,normal_work,ziqian_normal_work_data.csv,131,2026-07-27T13:54:02.724,5.668444,119.3350000000004,-0.37,0.49,0.68,-28.63,-142.82,-201.54,0.9161877536837087,248.667651494922,"-0.37,0.49,0.68,-28.63,-142.82,-201.54"
ziqian,normal_work,ziqian_normal_work_data.csv,132,2026-07-27T13:54:02.725,5.668829,0.38499999999963563,-0.44,0.59,1.0,75.01,-115.11,-256.23,1.2416521251944928,290.7415090763615,"-0.44,0.59,1.00,75.01,-115.11,-256.23"
ziqian,normal_work,ziqian_normal_work_data.csv,133,2026-07-27T13:54:02.725,5.669235,0.40599999999990644,-0.35,0.31,1.48,81.85,-35.4,-321.96,1.552095357895255,334.0820619249109,"-0.35,0.31,1.48,81.85,-35.40,-321.96"
ziqian,normal_work,ziqian_normal_work_data.csv,134,2026-07-27T13:54:02.726,5.669782,0.5470000000000752,-0.23,-0.21,1.76,19.04,103.58,-322.33,1.7873443988218947,339.09875685410583,"-0.23,-0.21,1.76,19.04,103.58,-322.33"
ziqian,normal_work,ziqian_normal_work_data.csv,135,2026-07-27T13:54:02.726,5.670143,0.36100000000072185,-0.17,-0.63,1.72,-39.98,219.85,-224.79,1.8396195258802837,316.9589358260783,"-0.17,-0.63,1.72,-39.98,219.85,-224.79"
ziqian,normal_work,ziqian_normal_work_data.csv,136,2026-07-27T13:54:02.727,5.670642,0.4989999999995831,-0.1,-0.75,1.55,-62.19,252.32,-106.38,1.7248188310660342,280.80185700952904,"-0.10,-0.75,1.55,-62.19,252.32,-106.38"
ziqian,normal_work,ziqian_normal_work_data.csv,137,2026-07-27T13:54:02.788,5.73243,61.787999999999954,-0.02,-0.63,1.34,-68.12,209.23,-24.9,1.4808443537387717,221.44420809766055,"-0.02,-0.63,1.34,-68.12,209.23,-24.90"
ziqian,normal_work,ziqian_normal_work_data.csv,138,2026-07-27T13:54:03.085,6.029109,296.67900000000014,-0.0,-0.48,1.09,-72.75,128.91,32.47,1.1910079764636339,151.5409235157289,"-0.00,-0.48,1.09,-72.75,128.91,32.47"
ziqian,normal_work,ziqian_normal_work_data.csv,139,2026-07-27T13:54:03.085,6.029449,0.3399999999995629,-0.04,-0.4,0.88,-68.66,44.07,88.68,0.9674709297958259,120.50104937302413,"-0.04,-0.40,0.88,-68.66,44.07,88.68"
ziqian,normal_work,ziqian_normal_work_data.csv,140,2026-07-27T13:54:03.086,6.029758,0.3090000000005588,-0.09,-0.33,0.75,-62.62,-22.03,145.69,0.8243178998420452,160.10047282878335,"-0.09,-0.33,0.75,-62.62,-22.03,145.69"
ziqian,normal_work,ziqian_normal_work_data.csv,141,2026-07-27T13:54:03.086,6.030097,0.3389999999994231,-0.12,-0.23,0.67,-69.15,-53.04,188.11,0.7184705978674424,207.31699447946858,"-0.12,-0.23,0.67,-69.15,-53.04,188.11"
ziqian,normal_work,ziqian_normal_work_data.csv,142,2026-07-27T13:54:03.088,6.031635,1.5380000000000393,-0.15,-0.06,0.63,-82.09,-53.1,204.77,0.650384501660364,226.91216582633908,"-0.15,-0.06,0.63,-82.09,-53.10,204.77"
ziqian,normal_work,ziqian_normal_work_data.csv,143,2026-07-27T13:54:03.089,6.032821,1.1860000000005755,-0.26,0.16,0.61,-90.94,-37.6,215.82,0.6821290200541243,237.19636590808045,"-0.26,0.16,0.61,-90.94,-37.60,215.82"
ziqian,normal_work,ziqian_normal_work_data.csv,144,2026-07-27T13:54:03.090,6.033828,1.006999999999536,-0.42,0.4,0.68,-111.27,-13.55,260.68,0.8937561188601733,283.7581325706807,"-0.42,0.40,0.68,-111.27,-13.55,260.68"
ziqian,normal_work,ziqian_normal_work_data.csv,145,2026-07-27T13:54:03.090,6.034142,0.31400000000036954,-0.51,0.53,0.9,-136.6,14.47,354.8,1.1623252556836232,380.46285088034546,"-0.51,0.53,0.90,-136.60,14.47,354.80"
ziqian,normal_work,ziqian_normal_work_data.csv,146,2026-07-27T13:54:03.144,6.088564,54.42199999999975,-0.42,0.34,1.16,-132.93,31.56,458.25,1.2796874618437113,478.18352230080035,"-0.42,0.34,1.16,-132.93,31.56,458.25"
ziqian,normal_work,ziqian_normal_work_data.csv,147,2026-07-27T13:54:03.265,6.209082,120.51800000000057,-0.16,-0.04,1.38,-101.44,33.57,480.65,1.389820132247335,492.38342884382286,"-0.16,-0.04,1.38,-101.44,33.57,480.65"
ziqian,normal_work,ziqian_normal_work_data.csv,148,2026-07-27T13:54:03.265,6.209248,0.16599999999922233,0.1,-0.17,1.47,-84.47,15.87,366.15,1.4831722759005441,376.10219395797196,"0.10,-0.17,1.47,-84.47,15.87,366.15"
ziqian,normal_work,ziqian_normal_work_data.csv,149,2026-07-27T13:54:03.265,6.209384,0.13600000000035806,0.2,-0.02,1.41,-106.81,-38.7,187.99,1.424254190796011,219.65041816486487,"0.20,-0.02,1.41,-106.81,-38.70,187.99"
ziqian,normal_work,ziqian_normal_work_data.csv,150,2026-07-27T13:54:03.330,6.274218,64.83400000000029,0.17,0.13,1.25,-144.29,-113.28,62.13,1.2681876832708951,193.68040530729996,"0.17,0.13,1.25,-144.29,-113.28,62.13"
ziqian,normal_work,ziqian_normal_work_data.csv,151,2026-07-27T13:54:03.330,6.274388,0.16999999999978144,0.12,0.18,1.06,-148.74,-165.53,13.31,1.0818502669038816,222.93704178534352,"0.12,0.18,1.06,-148.74,-165.53,13.31"
ziqian,normal_work,ziqian_normal_work_data.csv,152,2026-07-27T13:54:03.386,6.329721,55.33300000000008,0.08,0.13,0.91,-86.91,-169.8,-4.88,0.9227133899537819,190.81195586230965,"0.08,0.13,0.91,-86.91,-169.80,-4.88"
ziqian,normal_work,ziqian_normal_work_data.csv,153,2026-07-27T13:54:03.450,6.39427,64.54899999999952,0.03,0.09,0.87,-1.83,-140.08,-30.33,0.8751571287488893,143.3375882314196,"0.03,0.09,0.87,-1.83,-140.08,-30.33"
ziqian,normal_work,ziqian_normal_work_data.csv,154,2026-07-27T13:54:03.452,6.395762,1.492000000000715,-0.01,0.08,0.88,36.5,-106.02,-57.5,0.8836854644046149,126.01087413394131,"-0.01,0.08,0.88,36.50,-106.02,-57.50"
ziqian,normal_work,ziqian_normal_work_data.csv,155,2026-07-27T13:54:03.572,6.515772,120.00999999999974,0.04,-0.02,0.95,30.88,-78.31,-73.61,0.9510520490488414,111.8233544479864,"0.04,-0.02,0.95,30.88,-78.31,-73.61"
ziqian,normal_work,ziqian_normal_work_data.csv,156,2026-07-27T13:54:03.572,6.516191,0.4189999999999472,0.2,-0.15,1.06,6.84,-63.42,-93.26,1.0890821823902914,112.98809494809619,"0.20,-0.15,1.06,6.84,-63.42,-93.26"
ziqian,normal_work,ziqian_normal_work_data.csv,157,2026-07-27T13:54:03.572,6.516396,0.20500000000023277,0.39,-0.13,1.11,-25.02,-66.77,-130.0,1.1836807001890333,148.27081068099682,"0.39,-0.13,1.11,-25.02,-66.77,-130.00"
ziqian,normal_work,ziqian_normal_work_data.csv,158,2026-07-27T13:54:03.626,6.569841,53.444999999999965,0.48,-0.03,1.05,-47.67,-85.45,-140.5,1.1549025932952095,171.21443105065646,"0.48,-0.03,1.05,-47.67,-85.45,-140.50"
ziqian,normal_work,ziqian_normal_work_data.csv,159,2026-07-27T13:54:03.806,6.749911,180.06999999999974,0.4,0.05,0.93,-65.25,-104.19,-94.73,1.0136074190730848,155.19952158431417,"0.40,0.05,0.93,-65.25,-104.19,-94.73"
ziqian,normal_work,ziqian_normal_work_data.csv,160,2026-07-27T13:54:03.806,6.750462,0.5509999999997461,0.23,0.12,0.91,-73.24,-103.52,-43.09,0.946255779374689,133.92996714701306,"0.23,0.12,0.91,-73.24,-103.52,-43.09"
ziqian,normal_work,ziqian_normal_work_data.csv,161,2026-07-27T13:54:03.807,6.751199,0.7369999999999877,0.11,0.14,1.02,-63.42,-88.07,-20.81,1.0354226190305098,110.50555370658978,"0.11,0.14,1.02,-63.42,-88.07,-20.81"
ziqian,normal_work,ziqian_normal_work_data.csv,162,2026-07-27T13:54:03.807,6.751317,0.11800000000050659,0.03,0.22,1.08,-62.68,-79.47,-15.32,1.1025878649794765,102.36681933126573,"0.03,0.22,1.08,-62.68,-79.47,-15.32"
ziqian,normal_work,ziqian_normal_work_data.csv,163,2026-07-27T13:54:03.807,6.75145,0.13299999999993872,-0.07,0.35,1.03,-66.41,-80.93,-22.95,1.0900917392586735,107.17581583547661,"-0.07,0.35,1.03,-66.41,-80.93,-22.95"
ziqian,normal_work,ziqian_normal_work_data.csv,164,2026-07-27T13:54:03.866,6.809737,58.28699999999998,-0.14,0.42,0.91,-43.88,-76.97,-29.48,1.0119782606360672,93.37508072285668,"-0.14,0.42,0.91,-43.88,-76.97,-29.48"
ziqian,normal_work,ziqian_normal_work_data.csv,165,2026-07-27T13:54:03.925,6.868787,59.05000000000005,-0.16,0.4,0.83,-2.5,-49.8,1.46,0.935147047260483,49.88408162931337,"-0.16,0.40,0.83,-2.50,-49.80,1.46"
ziqian,normal_work,ziqian_normal_work_data.csv,166,2026-07-27T13:54:03.925,6.869121,0.3339999999996124,-0.1,0.35,0.86,39.92,0.0,54.81,0.9338629449764028,67.80665527807724,"-0.10,0.35,0.86,39.92,0.00,54.81"
ziqian,normal_work,ziqian_normal_work_data.csv,167,2026-07-27T13:54:04.045,6.988815,119.69399999999996,-0.03,0.26,0.91,77.15,53.65,87.95,0.9468896451012653,128.7076046704312,"-0.03,0.26,0.91,77.15,53.65,87.95"
ziqian,normal_work,ziqian_normal_work_data.csv,168,2026-07-27T13:54:04.045,6.98893,0.11500000000008725,-0.09,0.06,0.97,102.23,106.57,96.98,0.976012295004525,176.67274322882972,"-0.09,0.06,0.97,102.23,106.57,96.98"
ziqian,normal_work,ziqian_normal_work_data.csv,169,2026-07-27T13:54:04.045,6.989169,0.23900000000054433,-0.2,-0.2,1.15,111.51,174.01,73.43,1.184271928232701,219.33062964392366,"-0.20,-0.20,1.15,111.51,174.01,73.43"
ziqian,normal_work,ziqian_normal_work_data.csv,170,2026-07-27T13:54:04.105,7.049083,59.91400000000002,-0.25,-0.41,1.46,96.37,259.28,27.95,1.5369450217883527,278.0188802941268,"-0.25,-0.41,1.46,96.37,259.28,27.95"
ziqian,normal_work,ziqian_normal_work_data.csv,171,2026-07-27T13:54:04.287,7.230619,181.5359999999995,-0.32,-0.56,1.8,-48.95,328.43,178.28,1.9120669444347391,376.89007124093894,"-0.32,-0.56,1.80,-48.95,328.43,178.28"
ziqian,normal_work,ziqian_normal_work_data.csv,172,2026-07-27T13:54:04.287,7.230809,0.18999999999991246,-0.32,-0.56,1.8,-72.51,289.73,190.31,1.9120669444347391,354.1455479036832,"-0.32,-0.56,1.80,-72.51,289.73,190.31"
ziqian,normal_work,ziqian_normal_work_data.csv,173,2026-07-27T13:54:04.287,7.231018,0.2089999999999037,-0.23,-0.37,1.73,-39.12,255.25,75.74,1.7840123317959435,269.1086852927642,"-0.23,-0.37,1.73,-39.12,255.25,75.74"
ziqian,normal_work,ziqian_normal_work_data.csv,174,2026-07-27T13:54:04.347,7.290882,59.86400000000014,0.11,-0.16,1.62,31.98,204.16,-99.37,1.6315943123215404,229.29985368508196,"0.11,-0.16,1.62,31.98,204.16,-99.37"
ziqian,normal_work,ziqian_normal_work_data.csv,175,2026-07-27T13:54:04.405,7.348933,58.05099999999985,0.51,0.01,1.48,68.24,113.89,-203.86,1.5654392354863218,243.28281751903484,"0.51,0.01,1.48,68.24,113.89,-203.86"
ziqian,normal_work,ziqian_normal_work_data.csv,176,2026-07-27T13:54:04.405,7.348965,0.032000000000032,0.63,0.15,1.33,48.89,6.53,-176.7,1.479290370414139,183.45507079391402,"0.63,0.15,1.33,48.89,6.53,-176.70"
ziqian,normal_work,ziqian_normal_work_data.csv,177,2026-07-27T13:54:04.531,7.475352,126.38700000000026,0.47,0.24,1.25,20.08,-84.29,-71.29,1.3568345514468594,112.20639286600387,"0.47,0.24,1.25,20.08,-84.29,-71.29"
ziqian,normal_work,ziqian_normal_work_data.csv,178,2026-07-27T13:54:04.532,7.47617,0.8179999999997634,-0.02,0.13,1.59,22.89,-219.12,71.35,1.595430976256886,231.5779544775366,"-0.02,0.13,1.59,22.89,-219.12,71.35"
ziqian,normal_work,ziqian_normal_work_data.csv,179,2026-07-27T13:54:04.590,7.533785,57.615000000000194,-0.2,0.04,1.87,32.35,-284.61,72.27,1.8810901094843917,295.41890173108425,"-0.20,0.04,1.87,32.35,-284.61,72.27"
ziqian,normal_work,ziqian_normal_work_data.csv,180,2026-07-27T13:54:04.709,7.6527,118.91500000000033,-0.37,-0.02,2.05,32.35,-284.61,72.27,2.0832186635108663,295.41890173108425,"-0.37,-0.02,2.05,32.35,-284.61,72.27"
ziqian,normal_work,ziqian_normal_work_data.csv,181,2026-07-27T13:54:04.709,7.652875,0.17499999999959215,-0.55,-0.03,2.02,28.26,-343.08,57.01,2.0937526119386694,348.9307296584811,"-0.55,-0.03,2.02,28.26,-343.08,57.01"
ziqian,normal_work,ziqian_normal_work_data.csv,182,2026-07-27T13:54:04.709,7.653126,0.2510000000004453,-0.66,-0.02,1.73,8.18,-363.77,31.01,1.8517289218457436,365.18097622959493,"-0.66,-0.02,1.73,8.18,-363.77,31.01"
ziqian,normal_work,ziqian_normal_work_data.csv,183,2026-07-27T13:54:04.947,7.890759,237.63299999999975,-0.64,-0.02,1.3,-7.02,-325.5,-10.13,1.449137674618944,325.73324561671626,"-0.64,-0.02,1.30,-7.02,-325.50,-10.13"
ziqian,normal_work,ziqian_normal_work_data.csv,184,2026-07-27T13:54:04.947,7.891074,0.31499999999962114,-0.59,0.0,0.89,-7.39,-247.13,-53.47,1.0678014796768172,252.9563003761717,"-0.59,0.00,0.89,-7.39,-247.13,-53.47"
ziqian,normal_work,ziqian_normal_work_data.csv,185,2026-07-27T13:54:04.947,7.891193,0.11900000000064637,-0.66,0.11,0.55,-9.83,-162.05,-76.35,0.8661408661412993,179.4049996516262,"-0.66,0.11,0.55,-9.83,-162.05,-76.35"
ziqian,normal_work,ziqian_normal_work_data.csv,186,2026-07-27T13:54:04.947,7.891293,0.09999999999976694,-0.81,0.26,0.42,-27.16,-77.39,-64.33,0.9487360012142473,104.23639767374925,"-0.81,0.26,0.42,-27.16,-77.39,-64.33"
ziqian,normal_work,ziqian_normal_work_data.csv,187,2026-07-27T13:54:04.947,7.891406,0.1129999999998077,-0.87,0.34,0.54,-39.61,15.14,-14.59,1.0789346597454361,44.844618406225734,"-0.87,0.34,0.54,-39.61,15.14,-14.59"
ziqian,normal_work,ziqian_normal_work_data.csv,188,2026-07-27T13:54:04.947,7.891523,0.11700000000036681,-0.83,0.26,0.81,-20.69,101.75,57.92,1.1885285019720815,118.89434385201005,"-0.83,0.26,0.81,-20.69,101.75,57.92"
ziqian,normal_work,ziqian_normal_work_data.csv,189,2026-07-27T13:54:05.008,7.952129,60.60599999999994,-0.75,0.04,1.12,26.0,164.12,124.21,1.3485177047410242,207.45963101287924,"-0.75,0.04,1.12,26.00,164.12,124.21"
ziqian,normal_work,ziqian_normal_work_data.csv,190,2026-07-27T13:54:05.010,7.953897,1.7680000000002138,-0.64,-0.19,1.41,61.34,201.97,160.83,1.560064101247125,265.36911161625426,"-0.64,-0.19,1.41,61.34,201.97,160.83"
ziqian,normal_work,ziqian_normal_work_data.csv,191,2026-07-27T13:54:05.186,8.129939,176.0419999999998,-0.51,-0.31,1.63,49.99,228.7,171.08,1.7358283325260018,289.9500931194884,"-0.51,-0.31,1.63,49.99,228.70,171.08"
ziqian,normal_work,ziqian_normal_work_data.csv,192,2026-07-27T13:54:05.187,8.130737,0.7979999999996323,-0.37,-0.3,1.74,15.26,255.8,164.98,1.8040232814462236,304.77025445407236,"-0.37,-0.30,1.74,15.26,255.80,164.98"
ziqian,normal_work,ziqian_normal_work_data.csv,193,2026-07-27T13:54:05.187,8.131153,0.41599999999952786,-0.22,-0.23,1.73,0.43,275.21,131.16,1.7590338257122857,304.86665052117456,"-0.22,-0.23,1.73,0.43,275.21,131.16"
ziqian,normal_work,ziqian_normal_work_data.csv,194,2026-07-27T13:54:05.187,8.131175,0.02200000000129876,-0.01,-0.17,1.6,8.85,272.58,74.28,1.6090369790654286,282.6582694703977,"-0.01,-0.17,1.60,8.85,272.58,74.28"
ziqian,normal_work,ziqian_normal_work_data.csv,195,2026-07-27T13:54:05.249,8.193428,62.253000000000114,0.23,-0.15,1.43,18.49,241.03,24.54,1.4561249946347326,242.98056012776001,"0.23,-0.15,1.43,18.49,241.03,24.54"
ziqian,normal_work,ziqian_normal_work_data.csv,196,2026-07-27T13:54:05.250,8.193723,0.2949999999994901,0.43,-0.11,1.28,14.47,184.39,-5.19,1.3547693530634652,185.0296978865825,"0.43,-0.11,1.28,14.47,184.39,-5.19"
ziqian,normal_work,ziqian_normal_work_data.csv,197,2026-07-27T13:54:05.366,8.310424,116.70099999999906,0.49,-0.02,1.17,-2.14,110.41,-22.52,1.2686212988910441,112.70358512487523,"0.49,-0.02,1.17,-2.14,110.41,-22.52"
ziqian,normal_work,ziqian_normal_work_data.csv,198,2026-07-27T13:54:05.367,8.310954,0.5300000000012517,0.4,0.05,1.12,-20.32,30.03,-23.38,1.1903360869939212,43.14310721308793,"0.40,0.05,1.12,-20.32,30.03,-23.38"
ziqian,normal_work,ziqian_normal_work_data.csv,199,2026-07-27T13:54:05.367,8.311197,0.2429999999993271,0.26,0.06,1.16,-29.79,-39.06,-4.64,1.1902940813093208,49.34224660470984,"0.26,0.06,1.16,-29.79,-39.06,-4.64"
ziqian,normal_work,ziqian_normal_work_data.csv,200,2026-07-27T13:54:05.486,8.43054,119.34300000000064,0.14,0.03,1.28,-30.7,-91.13,15.2,1.2879829191413992,97.35608301487893,"0.14,0.03,1.28,-30.70,-91.13,15.20"
ziqian,normal_work,ziqian_normal_work_data.csv,201,2026-07-27T13:54:05.487,8.430768,0.22799999999989495,0.05,0.03,1.45,-27.71,-136.84,15.5,1.4511719401917886,140.47519247183823,"0.05,0.03,1.45,-27.71,-136.84,15.50"
ziqian,normal_work,ziqian_normal_work_data.csv,202,2026-07-27T13:54:05.487,8.430883,0.11499999999919908,-0.03,0.04,1.63,-16.11,-180.18,-5.86,1.6307666908543355,180.9936576236858,"-0.03,0.04,1.63,-16.11,-180.18,-5.86"
ziqian,normal_work,ziqian_normal_work_data.csv,203,2026-07-27T13:54:05.905,8.848635,417.7520000000001,-0.12,0.03,1.8,6.9,-212.95,-34.48,1.8042449944505874,215.8336926895335,"-0.12,0.03,1.80,6.90,-212.95,-34.48"
ziqian,normal_work,ziqian_normal_work_data.csv,204,2026-07-27T13:54:05.905,8.848887,0.2519999999996969,-0.2,-0.01,1.89,28.14,-232.85,-54.99,1.90057885919001,240.90430091635974,"-0.20,-0.01,1.89,28.14,-232.85,-54.99"
ziqian,normal_work,ziqian_normal_work_data.csv,205,2026-07-27T13:54:05.905,8.849371,0.484000000000151,-0.3,-0.05,1.85,33.87,-246.03,-66.22,1.8748333259252674,257.02728687826124,"-0.30,-0.05,1.85,33.87,-246.03,-66.22"
ziqian,normal_work,ziqian_normal_work_data.csv,206,2026-07-27T13:54:05.906,8.849923,0.5520000000007741,-0.38,-0.06,1.7,26.67,-255.19,-83.68,1.7429859437184225,269.88065399357544,"-0.38,-0.06,1.70,26.67,-255.19,-83.68"
ziqian,normal_work,ziqian_normal_work_data.csv,207,2026-07-27T13:54:05.906,8.850443,0.5199999999998539,-0.41,-0.02,1.45,17.15,-253.48,-112.61,1.506983742447144,277.89790391436924,"-0.41,-0.02,1.45,17.15,-253.48,-112.61"
ziqian,normal_work,ziqian_normal_work_data.csv,208,2026-07-27T13:54:05.907,8.850914,0.47099999999922204,-0.39,0.02,1.16,12.63,-233.95,-132.08,1.223968953854631,268.9558435877533,"-0.39,0.02,1.16,12.63,-233.95,-132.08"
ziqian,normal_work,ziqian_normal_work_data.csv,209,2026-07-27T13:54:05.907,8.851556,0.6420000000009196,-0.36,0.05,0.88,12.57,-199.58,-119.57,0.9521029356114811,232.99606477363517,"-0.36,0.05,0.88,12.57,-199.58,-119.57"
ziqian,normal_work,ziqian_normal_work_data.csv,210,2026-07-27T13:54:05.908,8.852009,0.45300000000025875,-0.34,0.06,0.66,14.16,-156.01,-76.23,0.7448489779814429,174.21434671117072,"-0.34,0.06,0.66,14.16,-156.01,-76.23"
ziqian,normal_work,ziqian_normal_work_data.csv,211,2026-07-27T13:54:05.909,8.852827,0.8179999999988752,-0.37,0.03,0.5,15.5,-104.8,-24.23,0.6227358990776106,108.67558557468186,"-0.37,0.03,0.50,15.50,-104.80,-24.23"
ziqian,normal_work,ziqian_normal_work_data.csv,212,2026-07-27T13:54:05.909,8.853396,0.5690000000004858,-0.43,-0.0,0.45,13.61,-43.27,16.42,0.6224146527838174,48.240453977963355,"-0.43,-0.00,0.45,13.61,-43.27,16.42"
ziqian,normal_work,ziqian_normal_work_data.csv,213,2026-07-27T13:54:05.965,8.908586,55.18999999999963,-0.49,-0.02,0.54,8.3,33.51,39.06,0.7294518489934754,52.12958564960976,"-0.49,-0.02,0.54,8.30,33.51,39.06"
ziqian,normal_work,ziqian_normal_work_data.csv,214,2026-07-27T13:54:05.965,8.908691,0.10499999999957765,-0.52,0.01,0.82,4.39,121.52,45.1,0.9710303805751908,129.69345588733458,"-0.52,0.01,0.82,4.39,121.52,45.10"
ziqian,normal_work,ziqian_normal_work_data.csv,215,2026-07-27T13:54:06.205,9.149484,240.79300000000003,-0.53,0.04,1.2,4.58,207.34,49.44,1.3124404748406686,213.2021707206566,"-0.53,0.04,1.20,4.58,207.34,49.44"
ziqian,normal_work,ziqian_normal_work_data.csv,216,2026-07-27T13:54:06.206,9.14974,0.256000000000256,-0.56,0.03,1.61,9.4,281.31,75.01,1.7048753620133057,291.29053571992347,"-0.56,0.03,1.61,9.40,281.31,75.01"
ziqian,normal_work,ziqian_normal_work_data.csv,217,2026-07-27T13:54:06.206,9.150074,0.33400000000050056,-0.59,0.02,1.97,22.22,343.99,117.92,2.056550509955931,364.3185074903552,"-0.59,0.02,1.97,22.22,343.99,117.92"
ziqian,normal_work,ziqian_normal_work_data.csv,218,2026-07-27T13:54:06.206,9.150274,0.19999999999953388,-0.49,0.05,2.13,35.83,386.96,138.31,2.186206760578697,412.4942261414092,"-0.49,0.05,2.13,35.83,386.96,138.31"
ziqian,normal_work,ziqian_normal_work_data.csv,219,2026-07-27T13:54:06.206,9.150295,0.021000000000270802,-0.22,0.08,1.95,28.32,378.05,111.08,1.964001018329675,395.04758105828216,"-0.22,0.08,1.95,28.32,378.05,111.08"
ziqian,normal_work,ziqian_normal_work_data.csv,220,2026-07-27T13:54:06.207,9.151011,0.716000000000605,0.03,0.08,1.58,1.34,308.84,68.05,1.5823084402227021,316.2510769942136,"0.03,0.08,1.58,1.34,308.84,68.05"
ziqian,normal_work,ziqian_normal_work_data.csv,221,2026-07-27T13:54:06.264,9.208541,57.52999999999986,0.12,0.07,1.28,-20.02,217.71,44.86,1.2875169901791588,223.18347631489212,"0.12,0.07,1.28,-20.02,217.71,44.86"
ziqian,normal_work,ziqian_normal_work_data.csv,222,2026-07-27T13:54:06.325,9.269257,60.715999999999326,0.1,0.07,1.1,-33.2,137.51,41.44,1.1067520047418031,147.40594865879734,"0.10,0.07,1.10,-33.20,137.51,41.44"
ziqian,normal_work,ziqian_normal_work_data.csv,223,2026-07-27T13:54:06.325,9.269553,0.29600000000051807,0.06,0.1,0.96,-45.9,77.51,54.2,0.9670573922989266,105.12968229762706,"0.06,0.10,0.96,-45.90,77.51,54.20"
ziqian,normal_work,ziqian_normal_work_data.csv,224,2026-07-27T13:54:06.565,9.508968,239.41499999999928,0.04,0.14,0.87,-48.58,40.1,73.43,0.8820997676000147,96.74704801698087,"0.04,0.14,0.87,-48.58,40.10,73.43"
ziqian,normal_work,ziqian_normal_work_data.csv,225,2026-07-27T13:54:06.565,9.509131,0.16300000000057935,0.05,0.16,0.86,-29.72,24.23,77.94,0.876184911990614,86.86204522114362,"0.05,0.16,0.86,-29.72,24.23,77.94"
ziqian,normal_work,ziqian_normal_work_data.csv,226,2026-07-27T13:54:06.565,9.509253,0.12199999999928934,0.02,0.24,0.98,9.95,24.05,54.99,1.009158064923429,60.83835221305719,"0.02,0.24,0.98,9.95,24.05,54.99"
ziqian,normal_work,ziqian_normal_work_data.csv,227,2026-07-27T13:54:06.566,9.509995,0.7420000000006866,0.01,0.42,1.17,46.94,17.94,6.71,1.2431411826498227,50.69744865375377,"0.01,0.42,1.17,46.94,17.94,6.71"
ziqian,normal_work,ziqian_normal_work_data.csv,228,2026-07-27T13:54:06.566,9.510295,0.2999999999993008,-0.03,0.59,1.33,49.87,-18.19,-30.15,1.4553006562219368,61.04846844925759,"-0.03,0.59,1.33,49.87,-18.19,-30.15"
ziqian,normal_work,ziqian_normal_work_data.csv,229,2026-07-27T13:54:06.567,9.510878,0.5830000000006663,-0.18,0.71,1.4,23.25,-81.12,-20.63,1.5800316452527146,86.87124840820465,"-0.18,0.71,1.40,23.25,-81.12,-20.63"
ziqian,normal_work,ziqian_normal_work_data.csv,230,2026-07-27T13:54:06.748,9.691653,180.77500000000057,-0.34,0.77,1.4,-2.5,-149.78,12.7,1.6335544068074377,150.3382466307227,"-0.34,0.77,1.40,-2.50,-149.78,12.70"
ziqian,normal_work,ziqian_normal_work_data.csv,231,2026-07-27T13:54:06.748,9.69182,0.1669999999993621,-0.45,0.75,1.43,-5.49,-204.65,31.07,1.6762756336593334,207.0678813819275,"-0.45,0.75,1.43,-5.49,-204.65,31.07"
ziqian,normal_work,ziqian_normal_work_data.csv,232,2026-07-27T13:54:06.748,9.692133,0.31300000000022976,-0.49,0.69,1.46,11.29,-237.61,24.23,1.6875425920550864,239.108906358588,"-0.49,0.69,1.46,11.29,-237.61,24.23"
ziqian,normal_work,ziqian_normal_work_data.csv,233,2026-07-27T13:54:06.748,9.692325,0.19200000000019202,-0.5,0.59,1.47,30.27,-257.14,1.53,1.6610237806846715,258.9200521396518,"-0.50,0.59,1.47,30.27,-257.14,1.53"
ziqian,normal_work,ziqian_normal_work_data.csv,234,2026-07-27T13:54:06.926,9.869907,177.58199999999925,-0.49,0.43,1.22,54.32,-286.25,-58.41,1.3832570260078203,297.1556040191738,"-0.49,0.43,1.22,54.32,-286.25,-58.41"
ziqian,normal_work,ziqian_normal_work_data.csv,235,2026-07-27T13:54:06.926,9.870036,0.12900000000115597,-0.46,0.39,1.0,58.35,-271.42,-70.92,1.1677756633874505,286.53653397080103,"-0.46,0.39,1.00,58.35,-271.42,-70.92"
ziqian,normal_work,ziqian_normal_work_data.csv,236,2026-07-27T13:54:06.926,9.870188,0.15199999999992997,-0.46,0.39,1.0,51.57,-221.07,-54.44,1.1677756633874505,233.44190583526344,"-0.46,0.39,1.00,51.57,-221.07,-54.44"
ziqian,normal_work,ziqian_normal_work_data.csv,237,2026-07-27T13:54:06.926,9.870373,0.18500000000010175,-0.39,0.34,0.79,33.75,-154.42,-14.4,0.944351629426243,158.7197495587742,"-0.39,0.34,0.79,33.75,-154.42,-14.40"
ziqian,normal_work,ziqian_normal_work_data.csv,238,2026-07-27T13:54:07.050,9.994185,123.81199999999914,-0.32,0.29,0.63,13.18,-95.46,28.08,0.7638062581571324,100.37335503010746,"-0.32,0.29,0.63,13.18,-95.46,28.08"
ziqian,normal_work,ziqian_normal_work_data.csv,239,2026-07-27T13:54:07.164,10.108079,113.89400000000016,-0.31,0.22,0.54,-2.5,-46.75,52.49,0.6603786792439623,70.33500266581356,"-0.31,0.22,0.54,-2.50,-46.75,52.49"
ziqian,normal_work,ziqian_normal_work_data.csv,240,2026-07-27T13:54:07.164,10.108302,0.22300000000008424,-0.37,0.16,0.52,-12.63,3.72,50.42,0.6579513659838393,52.110763763353155,"-0.37,0.16,0.52,-12.63,3.72,50.42"
ziqian,normal_work,ziqian_normal_work_data.csv,241,2026-07-27T13:54:07.165,10.108777,0.47499999999978115,-0.49,0.19,0.68,-28.63,127.32,-16.05,0.859418407994616,131.482553215246,"-0.49,0.19,0.68,-28.63,127.32,-16.05"
ziqian,normal_work,ziqian_normal_work_data.csv,242,2026-07-27T13:54:07.165,10.109518,0.7409999999996586,-0.46,0.37,0.89,-39.55,176.88,-43.03,1.067988763985839,186.2855812992514,"-0.46,0.37,0.89,-39.55,176.88,-43.03"
ziqian,normal_work,ziqian_normal_work_data.csv,243,2026-07-27T13:54:07.584,10.528534,419.01600000000093,-0.44,0.55,1.13,-39.55,176.88,-43.03,1.3315404612703288,186.2855812992514,"-0.44,0.55,1.13,-39.55,176.88,-43.03"
ziqian,normal_work,ziqian_normal_work_data.csv,244,2026-07-27T13:54:07.585,10.528869,0.33499999999975216,-0.45,0.66,1.37,-46.94,216.92,-31.19,1.5858751527153707,224.1215431412161,"-0.45,0.66,1.37,-46.94,216.92,-31.19"
ziqian,normal_work,ziqian_normal_work_data.csv,245,2026-07-27T13:54:07.585,10.529468,0.59899999999935,-0.4,0.72,1.55,-42.85,254.33,-4.15,1.75524927004685,257.94785112499,"-0.40,0.72,1.55,-42.85,254.33,-4.15"
ziqian,normal_work,ziqian_normal_work_data.csv,246,2026-07-27T13:54:07.586,10.530025,0.5570000000005848,-0.23,0.73,1.58,-30.27,276.37,1.1,1.755619548763342,278.0249265803338,"-0.23,0.73,1.58,-30.27,276.37,1.10"
ziqian,normal_work,ziqian_normal_work_data.csv,247,2026-07-27T13:54:07.586,10.530266,0.24099999999904753,-0.01,0.64,1.45,-17.58,269.96,-5.55,1.5849921135450484,270.58872944008584,"-0.01,0.64,1.45,-17.58,269.96,-5.55"
ziqian,normal_work,ziqian_normal_work_data.csv,248,2026-07-27T13:54:07.587,10.531004,0.7380000000001274,0.13,0.49,1.3,-6.16,236.39,2.87,1.39534941860453,236.48766268031827,"0.13,0.49,1.30,-6.16,236.39,2.87"
ziqian,normal_work,ziqian_normal_work_data.csv,249,2026-07-27T13:54:07.588,10.531947,0.9430000000012484,0.17,0.38,1.2,-2.32,184.27,24.78,1.2701574705523722,185.94317330840627,"0.17,0.38,1.20,-2.32,184.27,24.78"
ziqian,normal_work,ziqian_normal_work_data.csv,250,2026-07-27T13:54:07.588,10.532541,0.5939999999995393,0.15,0.34,1.08,-16.3,124.63,42.36,1.1421471008587292,132.63746265667177,"0.15,0.34,1.08,-16.30,124.63,42.36"
ziqian,normal_work,ziqian_normal_work_data.csv,251,2026-07-27T13:54:07.591,10.534776,2.235000000000653,0.11,0.39,0.94,-36.74,73.18,40.59,1.0236210236215355,91.39304185768194,"0.11,0.39,0.94,-36.74,73.18,40.59"
ziqian,normal_work,ziqian_normal_work_data.csv,252,2026-07-27T13:54:07.591,10.534965,0.1889999999988845,0.11,0.45,0.85,-43.95,34.55,15.87,0.9680392554023829,58.113353887037015,"0.11,0.45,0.85,-43.95,34.55,15.87"
ziqian,normal_work,ziqian_normal_work_data.csv,253,2026-07-27T13:54:07.705,10.649235,114.26999999999943,0.15,0.48,0.87,-31.74,5.0,-17.88,1.0048880534666536,36.771211565571235,"0.15,0.48,0.87,-31.74,5.00,-17.88"
ziqian,normal_work,ziqian_normal_work_data.csv,254,2026-07-27T13:54:07.705,10.649285,0.05000000000165983,0.22,0.48,0.98,-6.71,-17.4,-43.76,1.1131936040060597,47.568074377674776,"0.22,0.48,0.98,-6.71,-17.40,-43.76"
ziqian,normal_work,ziqian_normal_work_data.csv,255,2026-07-27T13:54:07.705,10.649524,0.23899999999876798,0.24,0.49,1.14,12.88,-43.58,-48.22,1.2638433447227546,66.25918200521343,"0.24,0.49,1.14,12.88,-43.58,-48.22"
ziqian,normal_work,ziqian_normal_work_data.csv,256,2026-07-27T13:54:07.826,10.769658,120.13400000000019,0.14,0.51,1.28,15.26,-78.67,-24.54,1.3849548729110275,83.80959431950497,"0.14,0.51,1.28,15.26,-78.67,-24.54"
ziqian,normal_work,ziqian_normal_work_data.csv,257,2026-07-27T13:54:07.826,10.769825,0.16700000000113846,-0.04,0.53,1.38,12.08,-115.66,6.47,1.4788170948430368,116.46897827318655,"-0.04,0.53,1.38,12.08,-115.66,6.47"
ziqian,normal_work,ziqian_normal_work_data.csv,258,2026-07-27T13:54:07.826,10.769869,0.0439999999990448,-0.2,0.53,1.47,20.45,-149.84,14.28,1.5753729717117784,151.901765954185,"-0.20,0.53,1.47,20.45,-149.84,14.28"
ziqian,normal_work,ziqian_normal_work_data.csv,259,2026-07-27T13:54:08.065,11.008621,238.75199999999984,-0.26,0.52,1.51,37.05,-179.2,-3.6,1.6180543872194162,183.02541490186547,"-0.26,0.52,1.51,37.05,-179.20,-3.60"
ziqian,normal_work,ziqian_normal_work_data.csv,260,2026-07-27T13:54:08.065,11.00881,0.18900000000066086,-0.26,0.48,1.49,51.03,-200.13,-26.67,1.5868522300453813,208.24832940506388,"-0.26,0.48,1.49,51.03,-200.13,-26.67"
ziqian,normal_work,ziqian_normal_work_data.csv,261,2026-07-27T13:54:08.065,11.009289,0.47900000000034026,-0.26,0.43,1.43,60.18,-212.34,-36.32,1.5157176518072222,223.67174698651593,"-0.26,0.43,1.43,60.18,-212.34,-36.32"
ziqian,normal_work,ziqian_normal_work_data.csv,262,2026-07-27T13:54:08.066,11.009798,0.5089999999992045,-0.27,0.38,1.35,62.87,-218.44,-31.37,1.4282156699882549,229.46186480546174,"-0.27,0.38,1.35,62.87,-218.44,-31.37"
ziqian,normal_work,ziqian_normal_work_data.csv,263,2026-07-27T13:54:08.067,11.01074,0.9420000000002204,-0.3,0.36,1.24,58.47,-217.22,-19.59,1.3255942063844426,225.80309431006475,"-0.30,0.36,1.24,58.47,-217.22,-19.59"
ziqian,normal_work,ziqian_normal_work_data.csv,264,2026-07-27T13:54:08.067,11.011275,0.534999999999286,-0.31,0.34,1.09,48.65,-204.16,-4.15,1.1831314381758267,209.91748521740632,"-0.31,0.34,1.09,48.65,-204.16,-4.15"
ziqian,normal_work,ziqian_normal_work_data.csv,265,2026-07-27T13:54:08.125,11.06901,57.73500000000098,-0.29,0.29,0.95,36.62,-178.34,14.47,1.0347463457292323,182.6350483888566,"-0.29,0.29,0.95,36.62,-178.34,14.47"
ziqian,normal_work,ziqian_normal_work_data.csv,266,2026-07-27T13:54:08.125,11.069165,0.15499999999946112,-0.29,0.24,0.84,25.63,-146.48,31.49,0.9204890004774636,152.00298483911425,"-0.29,0.24,0.84,25.63,-146.48,31.49"
ziqian,normal_work,ziqian_normal_work_data.csv,267,2026-07-27T13:54:08.545,11.489084,419.91900000000015,-0.33,0.18,0.77,12.82,-116.88,40.89,0.8568547134724765,124.4880672996412,"-0.33,0.18,0.77,12.82,-116.88,40.89"
ziqian,normal_work,ziqian_normal_work_data.csv,268,2026-07-27T13:54:08.545,11.489359,0.27500000000024727,-0.36,0.12,0.71,-9.46,-85.69,39.25,0.8050465825031493,94.72502414884886,"-0.36,0.12,0.71,-9.46,-85.69,39.25"
ziqian,normal_work,ziqian_normal_work_data.csv,269,2026-07-27T13:54:08.546,11.489727,0.36799999999992394,-0.36,0.12,0.68,-38.09,-39.31,23.93,0.7787168933572715,59.73917558855328,"-0.36,0.12,0.68,-38.09,-39.31,23.93"
ziqian,normal_work,ziqian_normal_work_data.csv,270,2026-07-27T13:54:08.546,11.489792,0.0649999999993156,-0.35,0.25,0.71,-63.66,26.06,-6.9,0.830120473184465,69.13269270034257,"-0.35,0.25,0.71,-63.66,26.06,-6.90"
ziqian,normal_work,ziqian_normal_work_data.csv,271,2026-07-27T13:54:08.546,11.490346,0.5540000000010536,-0.35,0.52,0.83,-80.75,94.73,-47.73,1.040096149401583,133.31349631601447,"-0.35,0.52,0.83,-80.75,94.73,-47.73"
ziqian,normal_work,ziqian_normal_work_data.csv,272,2026-07-27T13:54:08.725,11.66894,178.59399999999857,-0.32,0.83,0.98,-75.13,143.13,-92.59,1.323518039166826,186.289081537271,"-0.32,0.83,0.98,-75.13,143.13,-92.59"
ziqian,normal_work,ziqian_normal_work_data.csv,273,2026-07-27T13:54:08.725,11.669316,0.37600000000104217,-0.24,0.97,1.12,-46.33,172.73,-121.34,1.5009663553857562,216.11459321387807,"-0.24,0.97,1.12,-46.33,172.73,-121.34"
ziqian,normal_work,ziqian_normal_work_data.csv,274,2026-07-27T13:54:08.726,11.669783,0.4670000000004393,-0.16,0.9,1.25,-20.2,205.93,-99.85,1.5485799947048262,229.7503588680549,"-0.16,0.90,1.25,-20.20,205.93,-99.85"
ziqian,normal_work,ziqian_normal_work_data.csv,275,2026-07-27T13:54:08.726,11.67008,0.29699999999976967,-0.1,0.74,1.31,-12.63,243.23,-33.81,1.5078793055148678,245.89320019065187,"-0.10,0.74,1.31,-12.63,243.23,-33.81"
ziqian,normal_work,ziqian_normal_work_data.csv,276,2026-07-27T13:54:08.727,11.671319,1.23899999999999,-0.04,0.61,1.3,-12.33,263.12,29.85,1.4365583872575456,265.09467327730295,"-0.04,0.61,1.30,-12.33,263.12,29.85"
ziqian,normal_work,ziqian_normal_work_data.csv,277,2026-07-27T13:54:08.728,11.67187,0.5509999999997461,0.06,0.55,1.23,-3.17,249.02,60.24,1.348703080740902,256.22229977111675,"0.06,0.55,1.23,-3.17,249.02,60.24"
ziqian,normal_work,ziqian_normal_work_data.csv,278,2026-07-27T13:54:08.728,11.671892,0.0219999999995224,0.15,0.55,1.11,21.3,211.61,72.81,1.2478381305281547,224.79719348781916,"0.15,0.55,1.11,21.30,211.61,72.81"
ziqian,normal_work,ziqian_normal_work_data.csv,279,2026-07-27T13:54:08.728,11.672069,0.17700000000075988,0.25,0.53,1.03,55.05,178.22,93.32,1.1850316451470821,208.5701160281597,"0.25,0.53,1.03,55.05,178.22,93.32"
ziqian,normal_work,ziqian_normal_work_data.csv,280,2026-07-27T13:54:08.728,11.672343,0.2739999999992193,0.39,0.45,1.0,70.74,153.5,109.99,1.163872845288522,201.65365778978568,"0.39,0.45,1.00,70.74,153.50,109.99"
ziqian,normal_work,ziqian_normal_work_data.csv,281,2026-07-27T13:54:08.729,11.672606,0.2630000000003463,0.47,0.41,0.96,52.49,116.46,98.21,1.1448143954370944,161.13142399916907,"0.47,0.41,0.96,52.49,116.46,98.21"
ziqian,normal_work,ziqian_normal_work_data.csv,282,2026-07-27T13:54:08.849,11.793234,120.62799999999996,0.44,0.43,0.95,18.31,51.7,55.24,1.1318127053536728,77.84345637238881,"0.44,0.43,0.95,18.31,51.70,55.24"
ziqian,normal_work,ziqian_normal_work_data.csv,283,2026-07-27T13:54:08.849,11.793384,0.1499999999996504,0.38,0.5,1.0,-15.75,-33.33,0.18,1.1808471535300409,36.86439745879485,"0.38,0.50,1.00,-15.75,-33.33,0.18"
ziqian,normal_work,ziqian_normal_work_data.csv,284,2026-07-27T13:54:08.849,11.793459,0.07500000000071338,0.34,0.59,1.12,-49.99,-105.65,-29.54,1.3107631364972088,120.55510856035924,"0.34,0.59,1.12,-49.99,-105.65,-29.54"
ziqian,normal_work,ziqian_normal_work_data.csv,285,2026-07-27T13:54:09.025,11.968602,175.14300000000026,0.26,0.72,1.27,-83.44,-139.22,-14.28,1.482868841131946,162.93667604317943,"0.26,0.72,1.27,-83.44,-139.22,-14.28"
ziqian,normal_work,ziqian_normal_work_data.csv,286,2026-07-27T13:54:09.025,11.968693,0.09099999999939712,0.14,0.81,1.38,-104.0,-149.48,15.32,1.606268968759591,182.742914500125,"0.14,0.81,1.38,-104.00,-149.48,15.32"
ziqian,normal_work,ziqian_normal_work_data.csv,287,2026-07-27T13:54:09.025,11.969299,0.6059999999994403,-0.0,0.78,1.48,-97.84,-167.72,14.4,1.6729614460590536,194.70496655196035,"-0.00,0.78,1.48,-97.84,-167.72,14.40"
ziqian,normal_work,ziqian_normal_work_data.csv,288,2026-07-27T13:54:09.151,12.095519,126.22,-0.12,0.72,1.59,-68.48,-202.39,-26.31,1.7495427974188,215.27526239677422,"-0.12,0.72,1.59,-68.48,-202.39,-26.31"
ziqian,normal_work,ziqian_normal_work_data.csv,289,2026-07-27T13:54:09.152,12.096039,0.5199999999998539,-0.19,0.67,1.61,-35.71,-240.91,-76.84,1.7541664687252463,255.37661952496748,"-0.19,0.67,1.61,-35.71,-240.91,-76.84"
ziqian,normal_work,ziqian_normal_work_data.csv,290,2026-07-27T13:54:09.152,12.096465,0.42600000000092564,-0.24,0.59,1.5,-10.62,-264.71,-102.42,1.6296318602678337,284.03173220610404,"-0.24,0.59,1.50,-10.62,-264.71,-102.42"
ziqian,normal_work,ziqian_normal_work_data.csv,291,2026-07-27T13:54:09.152,12.096565,0.09999999999976694,-0.25,0.5,1.3,6.59,-262.33,-96.01,1.4150971698084907,279.42508316183785,"-0.25,0.50,1.30,6.59,-262.33,-96.01"
ziqian,normal_work,ziqian_normal_work_data.csv,292,2026-07-27T13:54:09.267,12.211,114.43500000000029,-0.24,0.43,1.06,15.81,-238.1,-75.5,1.168802806293688,250.28347148783118,"-0.24,0.43,1.06,15.81,-238.10,-75.50"
ziqian,normal_work,ziqian_normal_work_data.csv,293,2026-07-27T13:54:09.267,12.211032,0.031999999999143824,-0.21,0.36,0.86,19.41,-200.26,-50.48,0.9556673061269805,207.43443807622685,"-0.21,0.36,0.86,19.41,-200.26,-50.48"
ziqian,normal_work,ziqian_normal_work_data.csv,294,2026-07-27T13:54:09.267,12.211132,0.09999999999976694,-0.19,0.3,0.72,19.29,-153.93,-20.81,0.802807573457052,156.5234969581245,"-0.19,0.30,0.72,19.29,-153.93,-20.81"
ziqian,normal_work,ziqian_normal_work_data.csv,295,2026-07-27T13:54:09.326,12.269938,58.80600000000058,-0.21,0.24,0.61,14.95,-107.6,2.81,0.6883313155741209,108.66995260880535,"-0.21,0.24,0.61,14.95,-107.60,2.81"
ziqian,normal_work,ziqian_normal_work_data.csv,296,2026-07-27T13:54:09.386,12.330104,60.16600000000061,-0.26,0.19,0.56,8.85,-67.08,9.28,0.6459876159803685,68.29470916549832,"-0.26,0.19,0.56,8.85,-67.08,9.28"
ziqian,normal_work,ziqian_normal_work_data.csv,297,2026-07-27T13:54:09.446,12.389905,59.801000000000215,-0.26,0.24,0.7,-15.62,28.26,11.41,0.7843468620451031,34.24616912882374,"-0.26,0.24,0.70,-15.62,28.26,11.41"
ziqian,normal_work,ziqian_normal_work_data.csv,298,2026-07-27T13:54:09.446,12.390083,0.17800000000001148,-0.23,0.4,0.82,-42.54,93.44,24.9,0.9409038208021051,105.6441915109392,"-0.23,0.40,0.82,-42.54,93.44,24.90"
ziqian,normal_work,ziqian_normal_work_data.csv,299,2026-07-27T13:54:09.509,12.453078,62.994999999999024,-0.23,0.4,0.82,-59.33,151.67,19.78,0.9409038208021051,164.0581793145346,"-0.23,0.40,0.82,-59.33,151.67,19.78"
ziqian,normal_work,ziqian_normal_work_data.csv,300,2026-07-27T13:54:09.565,12.508945,55.867000000001,-0.2,0.59,0.93,-43.46,189.51,-10.31,1.1193748255164577,194.7026137472222,"-0.20,0.59,0.93,-43.46,189.51,-10.31"
ziqian,normal_work,ziqian_normal_work_data.csv,301,2026-07-27T13:54:09.565,12.509062,0.11699999999947863,-0.21,0.69,1.05,-4.39,211.18,-45.65,1.2738524247337288,216.1022605157105,"-0.21,0.69,1.05,-4.39,211.18,-45.65"
ziqian,normal_work,ziqian_normal_work_data.csv,302,2026-07-27T13:54:09.865,12.809272,300.20999999999987,-0.25,0.69,1.25,18.37,226.87,-67.63,1.4495171609884443,237.44740617660997,"-0.25,0.69,1.25,18.37,226.87,-67.63"
ziqian,normal_work,ziqian_normal_work_data.csv,303,2026-07-27T13:54:09.865,12.8095,0.22799999999989495,-0.24,0.7,1.44,5.31,239.62,-66.96,1.6190120444270943,248.85654924072222,"-0.24,0.70,1.44,5.31,239.62,-66.96"
ziqian,normal_work,ziqian_normal_work_data.csv,304,2026-07-27T13:54:09.865,12.809523,0.023000000000550358,0.01,0.7,1.36,-33.08,232.6,2.01,1.529607792867178,234.94911470358852,"0.01,0.70,1.36,-33.08,232.60,2.01"
ziqian,normal_work,ziqian_normal_work_data.csv,305,2026-07-27T13:54:09.866,12.809642,0.11899999999975819,0.09,0.59,1.2,-28.5,202.76,43.4,1.3402238618977054,209.30223983512454,"0.09,0.59,1.20,-28.50,202.76,43.40"
ziqian,normal_work,ziqian_normal_work_data.csv,306,2026-07-27T13:54:09.867,12.810764,1.1220000000005115,0.11,0.48,1.09,-28.5,202.76,43.4,1.1960769206033532,209.30223983512454,"0.11,0.48,1.09,-28.50,202.76,43.40"
ziqian,normal_work,ziqian_normal_work_data.csv,307,2026-07-27T13:54:09.869,12.812935,2.1709999999988128,0.13,0.42,1.01,-24.11,162.41,65.73,1.101544370418187,176.85794610364556,"0.13,0.42,1.01,-24.11,162.41,65.73"
ziqian,normal_work,ziqian_normal_work_data.csv,308,2026-07-27T13:54:10.104,13.04854,235.60499999999962,0.16,0.42,0.93,-24.9,122.56,67.14,1.0329085148259745,141.94626870756414,"0.16,0.42,0.93,-24.90,122.56,67.14"
ziqian,normal_work,ziqian_normal_work_data.csv,309,2026-07-27T13:54:10.105,13.04871,0.17000000000066962,0.2,0.45,0.88,-23.25,85.88,53.34,1.0084145972763385,103.73568575953021,"0.20,0.45,0.88,-23.25,85.88,53.34"
ziqian,normal_work,ziqian_normal_work_data.csv,310,2026-07-27T13:54:10.105,13.049213,0.5030000000001422,0.21,0.5,0.9,-16.42,49.07,29.85,1.0507616285342742,59.73695506133536,"0.21,0.50,0.90,-16.42,49.07,29.85"
ziqian,normal_work,ziqian_normal_work_data.csv,311,2026-07-27T13:54:10.106,13.049688,0.47499999999978115,0.21,0.58,0.98,-8.36,8.48,0.18,1.1579723658188048,11.90934087176952,"0.21,0.58,0.98,-8.36,8.48,0.18"
ziqian,normal_work,ziqian_normal_work_data.csv,312,2026-07-27T13:54:10.106,13.050316,0.6280000000007391,0.21,0.69,1.04,-2.5,-40.41,-28.75,1.2656223765404908,49.656626949481776,"0.21,0.69,1.04,-2.50,-40.41,-28.75"
ziqian,normal_work,ziqian_normal_work_data.csv,313,2026-07-27T13:54:10.107,13.050801,0.4849999999994026,0.14,0.74,1.07,0.55,-90.21,-33.14,1.3084723917607126,96.1062235237656,"0.14,0.74,1.07,0.55,-90.21,-33.14"
ziqian,normal_work,ziqian_normal_work_data.csv,314,2026-07-27T13:54:10.165,13.108719,57.9180000000008,-0.02,0.72,1.11,0.12,-124.45,-4.39,1.3232157798333575,124.52746283450892,"-0.02,0.72,1.11,0.12,-124.45,-4.39"
ziqian,normal_work,ziqian_normal_work_data.csv,315,2026-07-27T13:54:10.165,13.109496,0.7769999999993615,-0.17,0.65,1.14,-1.28,-141.85,20.32,1.3232535660258014,143.3037448917508,"-0.17,0.65,1.14,-1.28,-141.85,20.32"
ziqian,normal_work,ziqian_normal_work_data.csv,316,2026-07-27T13:54:10.287,13.231334,121.83800000000033,-0.25,0.6,1.18,4.52,-150.57,7.93,1.3471822445385775,150.8464126189284,"-0.25,0.60,1.18,4.52,-150.57,7.93"
ziqian,normal_work,ziqian_normal_work_data.csv,317,2026-07-27T13:54:10.288,13.231828,0.4939999999997724,-0.23,0.58,1.24,19.71,-155.33,-31.01,1.388128236151113,159.61676948240748,"-0.23,0.58,1.24,19.71,-155.33,-31.01"
ziqian,normal_work,ziqian_normal_work_data.csv,318,2026-07-27T13:54:10.288,13.231949,0.12100000000003774,-0.16,0.57,1.29,38.94,-158.57,-63.54,1.419366055674152,175.20873294445116,"-0.16,0.57,1.29,38.94,-158.57,-63.54"
ziqian,normal_work,ziqian_normal_work_data.csv,319,2026-07-27T13:54:10.650,13.593795,361.8459999999999,-0.09,0.53,1.3,55.05,-160.4,-62.19,1.4067693485429658,180.62740268298163,"-0.09,0.53,1.30,55.05,-160.40,-62.19"
ziqian,normal_work,ziqian_normal_work_data.csv,320,2026-07-27T13:54:10.650,13.594009,0.21399999999971442,-0.09,0.46,1.27,59.75,-163.64,-27.95,1.3537355724069602,176.43501523223782,"-0.09,0.46,1.27,59.75,-163.64,-27.95"
ziqian,normal_work,ziqian_normal_work_data.csv,321,2026-07-27T13:54:10.650,13.594031,0.0219999999995224,-0.14,0.4,1.2,51.33,-171.57,13.61,1.2726350615946427,179.6002948215843,"-0.14,0.40,1.20,51.33,-171.57,13.61"
ziqian,normal_work,ziqian_normal_work_data.csv,322,2026-07-27T13:54:10.650,13.59418,0.1490000000003988,-0.2,0.37,1.1,36.19,-179.38,41.38,1.1776671855834313,187.61451143235163,"-0.20,0.37,1.10,36.19,-179.38,41.38"
ziqian,normal_work,ziqian_normal_work_data.csv,323,2026-07-27T13:54:10.650,13.59432,0.140000000000029,-0.25,0.35,0.98,21.06,-177.37,51.82,1.070233619356073,185.98105521799795,"-0.25,0.35,0.98,21.06,-177.37,51.82"
ziqian,normal_work,ziqian_normal_work_data.csv,324,2026-07-27T13:54:10.650,13.594342,0.0219999999995224,-0.28,0.31,0.86,8.73,-161.13,50.17,0.9560857702110203,168.98555766692016,"-0.28,0.31,0.86,8.73,-161.13,50.17"
ziqian,normal_work,ziqian_normal_work_data.csv,325,2026-07-27T13:54:10.650,13.594543,0.20100000000056184,-0.31,0.27,0.74,-1.77,-132.93,39.73,0.8465222974027323,138.75154305448282,"-0.31,0.27,0.74,-1.77,-132.93,39.73"
ziqian,normal_work,ziqian_normal_work_data.csv,326,2026-07-27T13:54:10.651,13.59466,0.11699999999947863,-0.37,0.26,0.62,-14.04,-91.67,22.71,0.7673982017179868,95.4790793839153,"-0.37,0.26,0.62,-14.04,-91.67,22.71"
ziqian,normal_work,ziqian_normal_work_data.csv,327,2026-07-27T13:54:10.651,13.594751,0.09100000000117348,-0.4,0.32,0.55,-28.2,-35.89,-0.18,0.7515982969645422,45.64388787121448,"-0.40,0.32,0.55,-28.20,-35.89,-0.18"
ziqian,normal_work,ziqian_normal_work_data.csv,328,2026-07-27T13:54:10.709,13.652762,58.0109999999987,-0.39,0.48,0.59,-38.64,28.2,-25.7,0.854751425854324,54.30266660119003,"-0.39,0.48,0.59,-38.64,28.20,-25.70"
ziqian,normal_work,ziqian_normal_work_data.csv,329,2026-07-27T13:54:10.766,13.710308,57.54600000000032,-0.34,0.65,0.7,-42.85,94.12,-39.92,1.0139526616169021,110.85261972547154,"-0.34,0.65,0.70,-42.85,94.12,-39.92"
ziqian,normal_work,ziqian_normal_work_data.csv,330,2026-07-27T13:54:10.766,13.710447,0.1390000000007774,-0.31,0.76,0.88,-42.18,157.78,-32.84,1.2033702672078948,166.58975478702163,"-0.31,0.76,0.88,-42.18,157.78,-32.84"
ziqian,normal_work,ziqian_normal_work_data.csv,331,2026-07-27T13:54:10.945,13.888585,178.13800000000057,-0.31,0.82,1.12,-36.13,211.24,-15.32,1.422286890890864,214.8544086119715,"-0.31,0.82,1.12,-36.13,211.24,-15.32"
ziqian,normal_work,ziqian_normal_work_data.csv,332,2026-07-27T13:54:10.945,13.888851,0.26599999999987745,-0.29,0.82,1.32,-25.39,244.93,-6.41,1.580790941269591,246.32589206171568,"-0.29,0.82,1.32,-25.39,244.93,-6.41"
ziqian,normal_work,ziqian_normal_work_data.csv,333,2026-07-27T13:54:10.945,13.889255,0.4039999999996269,-0.21,0.75,1.4,-12.82,257.2,-5.19,1.6020611723651503,257.57159878371687,"-0.21,0.75,1.40,-12.82,257.20,-5.19"
ziqian,normal_work,ziqian_normal_work_data.csv,334,2026-07-27T13:54:10.946,13.890149,0.8939999999988402,-0.11,0.63,1.35,-3.6,254.09,3.6,1.4938206050259182,254.1410004308632,"-0.11,0.63,1.35,-3.60,254.09,3.60"
ziqian,normal_work,ziqian_normal_work_data.csv,335,2026-07-27T13:54:11.005,13.948984,58.83500000000019,-0.02,0.51,1.25,0.55,237.98,20.14,1.3501851724856113,238.8313264628407,"-0.02,0.51,1.25,0.55,237.98,20.14"
ziqian,normal_work,ziqian_normal_work_data.csv,336,2026-07-27T13:54:11.005,13.949576,0.5920000000010361,0.04,0.45,1.16,1.34,208.37,31.31,1.244869471069156,210.7134751267702,"0.04,0.45,1.16,1.34,208.37,31.31"
ziqian,normal_work,ziqian_normal_work_data.csv,337,2026-07-27T13:54:11.246,14.190106,240.5299999999997,0.11,0.45,1.07,-1.95,167.91,29.79,1.1659759860305872,170.5432927441006,"0.11,0.45,1.07,-1.95,167.91,29.79"
ziqian,normal_work,ziqian_normal_work_data.csv,338,2026-07-27T13:54:11.246,14.190283,0.17700000000075988,0.16,0.47,0.96,-7.75,122.38,19.53,1.0807867504739312,124.1706398469461,"0.16,0.47,0.96,-7.75,122.38,19.53"
ziqian,normal_work,ziqian_normal_work_data.csv,339,2026-07-27T13:54:11.246,14.190372,0.08899999999911756,0.19,0.5,0.87,-11.29,79.41,9.46,1.0212737145349429,80.76449591249857,"0.19,0.50,0.87,-11.29,79.41,9.46"
ziqian,normal_work,ziqian_normal_work_data.csv,340,2026-07-27T13:54:11.246,14.190566,0.19400000000047157,0.18,0.51,0.85,-11.11,43.15,3.11,1.0074720839804943,44.6657217561745,"0.18,0.51,0.85,-11.11,43.15,3.11"
ziqian,normal_work,ziqian_normal_work_data.csv,341,2026-07-27T13:54:11.247,14.190735,0.16899999999964166,0.18,0.51,0.9,-8.91,11.17,-3.91,1.05,14.813679488904842,"0.18,0.51,0.90,-8.91,11.17,-3.91"
ziqian,normal_work,ziqian_normal_work_data.csv,342,2026-07-27T13:54:11.248,14.192498,1.7630000000004031,0.18,0.5,0.97,-8.0,-21.48,-10.44,1.1060289327137875,25.186980763878786,"0.18,0.50,0.97,-8.00,-21.48,-10.44"
ziqian,normal_work,ziqian_normal_work_data.csv,343,2026-07-27T13:54:11.306,14.250111,57.612999999999914,0.13,0.51,1.05,-12.63,-55.85,-8.18,1.174521179034248,57.84160959032866,"0.13,0.51,1.05,-12.63,-55.85,-8.18"
ziqian,normal_work,ziqian_normal_work_data.csv,344,2026-07-27T13:54:11.365,14.309122,59.010999999999925,-0.0,0.52,1.13,-18.86,-89.72,-3.05,1.2439051410778876,91.73156763077802,"-0.00,0.52,1.13,-18.86,-89.72,-3.05"
ziqian,normal_work,ziqian_normal_work_data.csv,345,2026-07-27T13:54:11.365,14.309263,0.1409999999992806,-0.14,0.55,1.23,-15.44,-121.58,-14.95,1.3546217184144067,123.46494441743373,"-0.14,0.55,1.23,-15.44,-121.58,-14.95"
ziqian,normal_work,ziqian_normal_work_data.csv,346,2026-07-27T13:54:11.425,14.369053,59.789999999999566,-0.2,0.61,1.34,1.46,-151.25,-51.57,1.4858330996447753,159.8066300251651,"-0.20,0.61,1.34,1.46,-151.25,-51.57"
ziqian,normal_work,ziqian_normal_work_data.csv,347,2026-07-27T13:54:11.666,14.610164,241.11100000000008,-0.18,0.64,1.42,27.89,-180.05,-93.57,1.567928569801571,204.81991968556184,"-0.18,0.64,1.42,27.89,-180.05,-93.57"
ziqian,normal_work,ziqian_normal_work_data.csv,348,2026-07-27T13:54:11.666,14.610295,0.13100000000143552,-0.14,0.6,1.47,55.97,-207.09,-111.21,1.5938946012832842,241.63313742117407,"-0.14,0.60,1.47,55.97,-207.09,-111.21"
ziqian,normal_work,ziqian_normal_work_data.csv,349,2026-07-27T13:54:11.666,14.610406,0.11099999999863996,-0.15,0.52,1.47,76.66,-227.78,-94.42,1.5664609794054878,258.21622799506616,"-0.15,0.52,1.47,76.66,-227.78,-94.42"
ziqian,normal_work,ziqian_normal_work_data.csv,350,2026-07-27T13:54:11.666,14.610532,0.12599999999984846,-0.2,0.43,1.41,81.6,-237.79,-54.99,1.4876155417311288,257.34518491706814,"-0.20,0.43,1.41,81.60,-237.79,-54.99"
ziqian,normal_work,ziqian_normal_work_data.csv,351,2026-07-27T13:54:11.667,14.610649,0.11700000000125499,-0.26,0.36,1.29,70.25,-234.13,-9.7,1.364294689574067,244.63444033904955,"-0.26,0.36,1.29,70.25,-234.13,-9.70"
ziqian,normal_work,ziqian_normal_work_data.csv,352,2026-07-27T13:54:11.667,14.61087,0.22099999999980469,-0.31,0.31,1.12,49.74,-215.58,26.49,1.202746856158851,222.82397559508718,"-0.31,0.31,1.12,49.74,-215.58,26.49"
ziqian,normal_work,ziqian_normal_work_data.csv,353,2026-07-27T13:54:11.731,14.675179,64.30899999999973,-0.34,0.28,0.92,29.54,-185.06,44.13,1.02,192.5286267026283,"-0.34,0.28,0.92,29.54,-185.06,44.13"
ziqian,normal_work,ziqian_normal_work_data.csv,354,2026-07-27T13:54:11.731,14.67535,0.17099999999992122,-0.34,0.29,0.74,16.3,-147.64,44.01,0.8644651525654461,154.91978472745174,"-0.34,0.29,0.74,16.30,-147.64,44.01"
ziqian,normal_work,ziqian_normal_work_data.csv,355,2026-07-27T13:54:11.848,14.792032,116.68200000000084,-0.33,0.28,0.64,11.11,-103.09,38.39,0.7725930364687479,110.56569223769189,"-0.33,0.28,0.64,11.11,-103.09,38.39"
ziqian,normal_work,ziqian_normal_work_data.csv,356,2026-07-27T13:54:11.849,14.793415,1.3829999999988019,-0.33,0.21,0.61,9.46,-48.1,40.47,0.7246378405796926,63.56825072314008,"-0.33,0.21,0.61,9.46,-48.10,40.47"
ziqian,normal_work,ziqian_normal_work_data.csv,357,2026-07-27T13:54:11.851,14.794675,1.260000000000261,-0.35,0.16,0.63,3.23,11.78,40.34,0.73824115301167,42.148747312346075,"-0.35,0.16,0.63,3.23,11.78,40.34"
ziqian,normal_work,ziqian_normal_work_data.csv,358,2026-07-27T13:54:11.907,14.850871,56.19599999999991,-0.36,0.24,0.68,-11.35,64.39,8.24,0.8059776671843955,65.89986494675084,"-0.36,0.24,0.68,-11.35,64.39,8.24"
ziqian,normal_work,ziqian_normal_work_data.csv,359,2026-07-27T13:54:11.968,14.912253,61.38200000000005,-0.37,0.44,0.79,-28.32,103.39,-58.59,0.9770363350459389,122.16506292717243,"-0.37,0.44,0.79,-28.32,103.39,-58.59"
ziqian,normal_work,ziqian_normal_work_data.csv,360,2026-07-27T13:54:11.969,14.912927,0.6740000000000634,-0.39,0.66,0.97,-41.2,136.11,-114.69,1.2363656417096036,182.69419312063533,"-0.39,0.66,0.97,-41.20,136.11,-114.69"
ziqian,normal_work,ziqian_normal_work_data.csv,361,2026-07-27T13:54:12.146,15.0904,177.47300000000087,-0.34,0.85,1.36,-56.88,218.44,-92.1,1.6394206293688025,243.79043869684472,"-0.34,0.85,1.36,-56.88,218.44,-92.10"
ziqian,normal_work,ziqian_normal_work_data.csv,362,2026-07-27T13:54:12.146,15.090573,0.17299999999842441,-0.21,0.82,1.4,-62.81,246.89,-61.52,1.6360012224934308,262.07723785174477,"-0.21,0.82,1.40,-62.81,246.89,-61.52"
ziqian,normal_work,ziqian_normal_work_data.csv,363,2026-07-27T13:54:12.147,15.090596,0.023000000000550358,-0.21,0.82,1.4,-67.99,249.88,-35.95,1.6360012224934308,261.4480005660782,"-0.21,0.82,1.40,-67.99,249.88,-35.95"
ziqian,normal_work,ziqian_normal_work_data.csv,364,2026-07-27T13:54:12.266,15.210574,119.9779999999997,-0.06,0.74,1.31,-64.88,226.81,-10.5,1.505755624263114,236.14072181646267,"-0.06,0.74,1.31,-64.88,226.81,-10.50"
ziqian,normal_work,ziqian_normal_work_data.csv,365,2026-07-27T13:54:12.267,15.210608,0.03400000000119974,0.05,0.62,1.18,-49.38,187.62,14.89,1.3339040445249426,194.57996017061984,"0.05,0.62,1.18,-49.38,187.62,14.89"
ziqian,normal_work,ziqian_normal_work_data.csv,366,2026-07-27T13:54:12.267,15.210686,0.07800000000024454,0.12,0.51,1.1,-32.71,142.15,35.58,1.2184005909387932,150.1416098221942,"0.12,0.51,1.10,-32.71,142.15,35.58"
ziqian,normal_work,ziqian_normal_work_data.csv,367,2026-07-27T13:54:12.392,15.336105,125.41899999999906,0.16,0.45,1.04,-25.94,95.7,46.26,1.1444212511134175,109.41371577640528,"0.16,0.45,1.04,-25.94,95.70,46.26"
ziqian,normal_work,ziqian_normal_work_data.csv,368,2026-07-27T13:54:12.392,15.336266,0.1610000000002998,0.13,0.45,0.93,-15.2,10.99,31.92,1.0412972678346948,37.023053628786485,"0.13,0.45,0.93,-15.20,10.99,31.92"
ziqian,normal_work,ziqian_normal_work_data.csv,369,2026-07-27T13:54:12.446,15.389709,53.442999999999685,0.04,0.47,0.95,-0.92,-22.09,7.51,1.0606601717798212,23.349830834504992,"0.04,0.47,0.95,-0.92,-22.09,7.51"
ziqian,normal_work,ziqian_normal_work_data.csv,370,2026-07-27T13:54:12.446,15.389889,0.18000000000029104,0.01,0.45,0.99,-0.92,-22.09,7.51,1.0875201147565041,23.349830834504992,"0.01,0.45,0.99,-0.92,-22.09,7.51"
ziqian,normal_work,ziqian_normal_work_data.csv,371,2026-07-27T13:54:12.569,15.513124,123.23499999999932,0.04,0.43,1.04,9.03,-49.8,-16.97,1.1260994627474077,53.3812869833615,"0.04,0.43,1.04,9.03,-49.80,-16.97"
ziqian,normal_work,ziqian_normal_work_data.csv,372,2026-07-27T13:54:12.570,15.514261,1.1369999999999436,0.02,0.46,1.11,9.03,-75.2,-29.42,1.2017071190602144,81.25341408211719,"0.02,0.46,1.11,9.03,-75.20,-29.42"
ziqian,normal_work,ziqian_normal_work_data.csv,373,2026-07-27T13:54:12.571,15.514773,0.512000000000512,-0.06,0.52,1.22,9.03,-102.97,-36.74,1.327554142022087,109.70045305284751,"-0.06,0.52,1.22,9.03,-102.97,-36.74"
ziqian,normal_work,ziqian_normal_work_data.csv,374,2026-07-27T13:54:12.625,15.569358,54.58499999999944,-0.13,0.59,1.38,24.17,-134.4,-54.2,1.5064527871792066,146.91898754075322,"-0.13,0.59,1.38,24.17,-134.40,-54.20"
ziqian,normal_work,ziqian_normal_work_data.csv,375,2026-07-27T13:54:12.868,15.812167,242.80900000000116,-0.16,0.59,1.52,53.28,-169.49,-77.33,1.6383223126112882,193.76673450311333,"-0.16,0.59,1.52,53.28,-169.49,-77.33"
ziqian,normal_work,ziqian_normal_work_data.csv,376,2026-07-27T13:54:12.868,15.812338,0.17099999999992122,-0.17,0.53,1.55,77.51,-201.66,-78.8,1.6469061904067275,229.96520541160135,"-0.17,0.53,1.55,77.51,-201.66,-78.80"
ziqian,normal_work,ziqian_normal_work_data.csv,377,2026-07-27T13:54:12.868,15.812504,0.1660000000001105,-0.22,0.43,1.51,84.11,-221.07,-47.06,1.5853706191297983,241.16608509489885,"-0.22,0.43,1.51,84.11,-221.07,-47.06"
ziqian,normal_work,ziqian_normal_work_data.csv,378,2026-07-27T13:54:12.869,15.812613,0.10900000000013677,-0.28,0.37,1.41,72.88,-224.79,-1.4,1.4843853947004464,236.31334812066794,"-0.28,0.37,1.41,72.88,-224.79,-1.40"
ziqian,normal_work,ziqian_normal_work_data.csv,379,2026-07-27T13:54:12.927,15.871459,58.845999999999066,-0.31,0.35,1.27,49.5,-212.89,38.15,1.3533292282367952,221.87344275509855,"-0.31,0.35,1.27,49.50,-212.89,38.15"
ziqian,normal_work,ziqian_normal_work_data.csv,380,2026-07-27T13:54:12.928,15.871603,0.1440000000005881,-0.3,0.32,1.11,26.06,-189.09,62.5,1.1935241933031773,200.8492013924875,"-0.30,0.32,1.11,26.06,-189.09,62.50"
ziqian,normal_work,ziqian_normal_work_data.csv,381,2026-07-27T13:54:12.928,15.871705,0.1020000000000465,-0.28,0.27,0.97,12.27,-160.16,68.85,1.045083728703112,174.76298521139995,"-0.28,0.27,0.97,12.27,-160.16,68.85"
ziqian,normal_work,ziqian_normal_work_data.csv,382,2026-07-27T13:54:12.928,15.871741,0.035999999999702936,-0.26,0.19,0.85,9.28,-131.41,58.84,0.908955444452587,144.28046333443763,"-0.26,0.19,0.85,9.28,-131.41,58.84"
ziqian,normal_work,ziqian_normal_work_data.csv,383,2026-07-27T13:54:12.987,15.931575,59.83400000000039,-0.26,0.09,0.76,10.8,-103.21,38.57,0.8082697569499925,110.70948017220566,"-0.26,0.09,0.76,10.80,-103.21,38.57"
ziqian,normal_work,ziqian_normal_work_data.csv,384,2026-07-27T13:54:13.349,16.293237,361.66200000000083,-0.28,0.01,0.72,6.29,-70.68,19.23,0.7725930364687479,73.51883704194456,"-0.28,0.01,0.72,6.29,-70.68,19.23"
ziqian,normal_work,ziqian_normal_work_data.csv,385,2026-07-27T13:54:13.350,16.293645,0.408000000000186,-0.32,0.01,0.7,-10.13,-30.09,4.58,0.7697402159170326,32.07805168647248,"-0.32,0.01,0.70,-10.13,-30.09,4.58"
ziqian,normal_work,ziqian_normal_work_data.csv,386,2026-07-27T13:54:13.350,16.294046,0.4010000000000957,-0.34,0.11,0.74,-32.96,15.32,-15.99,0.8217663901620703,39.70823718071604,"-0.34,0.11,0.74,-32.96,15.32,-15.99"
ziqian,normal_work,ziqian_normal_work_data.csv,387,2026-07-27T13:54:13.350,16.294349,0.302999999998832,-0.33,0.34,0.81,-54.81,57.5,-55.66,0.9384028985462481,96.99701902635977,"-0.33,0.34,0.81,-54.81,57.50,-55.66"
ziqian,normal_work,ziqian_normal_work_data.csv,388,2026-07-27T13:54:13.351,16.295136,0.786999999998983,-0.29,0.64,0.86,-70.19,89.36,-112.3,1.1105404089901456,159.75961848977983,"-0.29,0.64,0.86,-70.19,89.36,-112.30"
ziqian,normal_work,ziqian_normal_work_data.csv,389,2026-07-27T13:54:13.351,16.295158,0.02200000000129876,-0.25,0.85,0.92,-66.96,114.62,-146.12,1.277262698116562,197.41438752026156,"-0.25,0.85,0.92,-66.96,114.62,-146.12"
ziqian,normal_work,ziqian_normal_work_data.csv,390,2026-07-27T13:54:13.351,16.295254,0.09599999999920783,-0.24,0.85,1.06,-48.83,145.94,-119.32,1.3797463535012513,194.73087813698166,"-0.24,0.85,1.06,-48.83,145.94,-119.32"
ziqian,normal_work,ziqian_normal_work_data.csv,391,2026-07-27T13:54:13.351,16.295391,0.13699999999872148,-0.22,0.78,1.18,-38.76,180.24,-58.23,1.4315027069481916,193.337859975743,"-0.22,0.78,1.18,-38.76,180.24,-58.23"
ziqian,normal_work,ziqian_normal_work_data.csv,392,2026-07-27T13:54:13.351,16.295513,0.1220000000010657,-0.18,0.72,1.2,-39.98,199.22,-17.82,1.4109571219565815,203.97196179867467,"-0.18,0.72,1.20,-39.98,199.22,-17.82"
ziqian,normal_work,ziqian_normal_work_data.csv,393,2026-07-27T13:54:13.467,16.411373,115.8600000000014,-0.13,0.67,1.16,-36.74,192.93,-16.36,1.3458826100369972,197.07729980898358,"-0.13,0.67,1.16,-36.74,192.93,-16.36"
ziqian,normal_work,ziqian_normal_work_data.csv,394,2026-07-27T13:54:13.469,16.412622,1.2489999999978352,-0.08,0.62,1.12,-23.01,168.82,-31.49,1.2826534995859171,173.26647858140362,"-0.08,0.62,1.12,-23.01,168.82,-31.49"
ziqian,normal_work,ziqian_normal_work_data.csv,395,2026-07-27T13:54:13.470,16.413941,1.3190000000022906,-0.02,0.57,1.09,-9.83,141.78,-36.07,1.2302032352420473,146.62619888682923,"-0.02,0.57,1.09,-9.83,141.78,-36.07"
ziqian,normal_work,ziqian_normal_work_data.csv,396,2026-07-27T13:54:13.885,16.828693,414.752,0.03,0.55,1.04,-7.45,117.13,-24.84,1.176860229593982,119.96651616180242,"0.03,0.55,1.04,-7.45,117.13,-24.84"
ziqian,normal_work,ziqian_normal_work_data.csv,397,2026-07-27T13:54:13.885,16.828805,0.11199999999789156,0.08,0.54,0.96,-9.77,90.64,-11.84,1.1043550153822819,91.93067007261506,"0.08,0.54,0.96,-9.77,90.64,-11.84"
ziqian,normal_work,ziqian_normal_work_data.csv,398,2026-07-27T13:54:13.886,16.829674,0.869000000001563,0.09,0.53,0.92,-5.43,59.94,-8.0,1.065551500397799,60.71481285485445,"0.09,0.53,0.92,-5.43,59.94,-8.00"
ziqian,normal_work,ziqian_normal_work_data.csv,399,2026-07-27T13:54:13.886,16.830387,0.7130000000010739,0.08,0.51,0.95,6.47,27.77,-12.88,1.0812030336620408,31.28782830431029,"0.08,0.51,0.95,6.47,27.77,-12.88"
ziqian,normal_work,ziqian_normal_work_data.csv,400,2026-07-27T13:54:13.887,16.830658,0.2709999999979118,0.1,0.48,1.01,18.62,-3.23,-20.2,1.1227199116431488,27.661838333704434,"0.10,0.48,1.01,18.62,-3.23,-20.20"
ziqian,normal_work,ziqian_normal_work_data.csv,401,2026-07-27T13:54:13.887,16.830993,0.33499999999975216,0.12,0.44,1.08,25.15,-34.73,-19.04,1.1723480711802277,46.91712906817722,"0.12,0.44,1.08,25.15,-34.73,-19.04"
ziqian,normal_work,ziqian_normal_work_data.csv,402,2026-07-27T13:54:13.888,16.832063,1.0700000000021248,0.04,0.41,1.17,24.6,-68.18,-2.69,1.2404031602668544,72.5321204708645,"0.04,0.41,1.17,24.60,-68.18,-2.69"
ziqian,normal_work,ziqian_normal_work_data.csv,403,2026-07-27T13:54:13.888,16.832374,0.3109999999999502,-0.11,0.41,1.26,19.96,-99.55,14.95,1.3295864018558554,102.62605224795504,"-0.11,0.41,1.26,19.96,-99.55,14.95"
ziqian,normal_work,ziqian_normal_work_data.csv,404,2026-07-27T13:54:13.889,16.832745,0.37099999999767874,-0.21,0.45,1.33,18.86,-125.12,9.83,1.419683063222211,126.91470718557404,"-0.21,0.45,1.33,18.86,-125.12,9.83"
ziqian,normal_work,ziqian_normal_work_data.csv,405,2026-07-27T13:54:13.889,16.833528,0.7830000000019766,-0.2,0.48,1.4,25.82,-146.97,-16.91,1.4934523762075573,150.1759015288405,"-0.20,0.48,1.40,25.82,-146.97,-16.91"
ziqian,normal_work,ziqian_normal_work_data.csv,406,2026-07-27T13:54:13.890,16.834004,0.47599999999903275,-0.12,0.47,1.46,33.94,-165.04,-28.5,1.5384732691860459,170.8870246683463,"-0.12,0.47,1.46,33.94,-165.04,-28.50"
ziqian,normal_work,ziqian_normal_work_data.csv,407,2026-07-27T13:54:14.066,17.00982,175.81600000000108,-0.09,0.39,1.49,30.94,-175.66,3.72,1.542822089548889,178.4027959422161,"-0.09,0.39,1.49,30.94,-175.66,3.72"
ziqian,normal_work,ziqian_normal_work_data.csv,408,2026-07-27T13:54:14.066,17.010091,0.2709999999979118,-0.16,0.3,1.45,15.81,-185.18,53.71,1.4893287078412207,193.45891708577304,"-0.16,0.30,1.45,15.81,-185.18,53.71"
ziqian,normal_work,ziqian_normal_work_data.csv,409,2026-07-27T13:54:14.066,17.010281,0.18999999999991246,-0.27,0.25,1.32,-1.16,-198.91,71.41,1.3703284277865653,211.34313757489264,"-0.27,0.25,1.32,-1.16,-198.91,71.41"
ziqian,normal_work,ziqian_normal_work_data.csv,410,2026-07-27T13:54:14.066,17.010409,0.128000000000128,-0.34,0.25,1.15,-8.61,-209.11,44.8,1.2249897958758678,214.02841914101035,"-0.34,0.25,1.15,-8.61,-209.11,44.80"
ziqian,normal_work,ziqian_normal_work_data.csv,411,2026-07-27T13:54:14.245,17.189331,178.92200000000003,-0.35,0.24,0.97,-3.97,-206.05,-0.06,1.058772874605314,206.08825051419115,"-0.35,0.24,0.97,-3.97,-206.05,-0.06"
ziqian,normal_work,ziqian_normal_work_data.csv,412,2026-07-27T13:54:14.246,17.189611,0.280000000000058,-0.32,0.21,0.82,6.47,-184.75,-34.12,0.9049309365912959,187.98563189775967,"-0.32,0.21,0.82,6.47,-184.75,-34.12"
ziqian,normal_work,ziqian_normal_work_data.csv,413,2026-07-27T13:54:14.246,17.189645,0.03399999999942338,-0.27,0.16,0.72,11.72,-144.9,-39.0,0.7854298186343577,150.51368177013012,"-0.27,0.16,0.72,11.72,-144.90,-39.00"
ziqian,normal_work,ziqian_normal_work_data.csv,414,2026-07-27T13:54:14.246,17.189744,0.0990000000022917,-0.25,0.13,0.67,-0.55,-88.93,-6.65,0.7268424863751431,89.17998598340326,"-0.25,0.13,0.67,-0.55,-88.93,-6.65"
ziqian,normal_work,ziqian_normal_work_data.csv,415,2026-07-27T13:54:14.247,17.191445,1.7010000000006187,-0.28,0.12,0.67,-29.24,-22.58,44.56,0.736002717386288,57.88287829747239,"-0.28,0.12,0.67,-29.24,-22.58,44.56"
ziqian,normal_work,ziqian_normal_work_data.csv,416,2026-07-27T13:54:14.425,17.36942,177.975,-0.33,0.2,0.73,-55.24,42.72,68.91,0.8257118141337206,98.10730910589689,"-0.33,0.20,0.73,-55.24,42.72,68.91"
ziqian,normal_work,ziqian_normal_work_data.csv,417,2026-07-27T13:54:14.730,17.673796,304.37599999999776,-0.34,0.36,0.81,-62.13,98.02,37.6,0.9493682109698008,121.99105418021438,"-0.34,0.36,0.81,-62.13,98.02,37.60"
ziqian,normal_work,ziqian_normal_work_data.csv,418,2026-07-27T13:54:14.730,17.674437,0.641000000001668,-0.33,0.57,0.9,-46.94,139.77,-30.33,1.1152578177264663,150.52881916762652,"-0.33,0.57,0.90,-46.94,139.77,-30.33"
ziqian,normal_work,ziqian_normal_work_data.csv,419,2026-07-27T13:54:14.730,17.674519,0.0819999999990273,-0.33,0.77,1.01,-13.24,172.85,-95.15,1.3122118731363468,197.75222527192963,"-0.33,0.77,1.01,-13.24,172.85,-95.15"
ziqian,normal_work,ziqian_normal_work_data.csv,420,2026-07-27T13:54:14.731,17.675385,0.8659999999984791,-0.34,0.88,1.2,31.31,206.24,-139.1,1.5264337522473748,250.72707013802878,"-0.34,0.88,1.20,31.31,206.24,-139.10"
ziqian,normal_work,ziqian_normal_work_data.csv,421,2026-07-27T13:54:14.737,17.680927,5.542000000001934,-0.3,0.91,1.38,60.18,222.17,-165.77,1.6800297616411441,283.65619013164513,"-0.30,0.91,1.38,60.18,222.17,-165.77"
ziqian,normal_work,ziqian_normal_work_data.csv,422,2026-07-27T13:54:14.737,17.681173,0.2460000000006346,-0.2,0.87,1.37,43.52,214.29,-156.13,1.6351758315239375,268.683403655678,"-0.20,0.87,1.37,43.52,214.29,-156.13"
ziqian,normal_work,ziqian_normal_work_data.csv,423,2026-07-27T13:54:14.737,17.681434,0.2609999999982904,-0.14,0.75,1.22,0.92,203.0,-91.74,1.438923208513922,222.7691046801598,"-0.14,0.75,1.22,0.92,203.00,-91.74"
ziqian,normal_work,ziqian_normal_work_data.csv,424,2026-07-27T13:54:14.737,17.681455,0.021000000000270802,-0.06,0.51,1.03,-11.23,159.24,49.68,1.1509126813099246,167.1872988596921,"-0.06,0.51,1.03,-11.23,159.24,49.68"
ziqian,normal_work,ziqian_normal_work_data.csv,425,2026-07-27T13:54:14.738,17.68162,0.16499999999908255,-0.01,0.45,0.99,-7.02,135.62,75.74,1.0875201147565041,155.49473431598898,"-0.01,0.45,0.99,-7.02,135.62,75.74"
ziqian,normal_work,ziqian_normal_work_data.csv,426,2026-07-27T13:54:14.738,17.68164,0.02000000000279556,-0.01,0.45,0.99,-17.4,119.69,72.75,1.0875201147565041,141.1418385879963,"-0.01,0.45,0.99,-17.40,119.69,72.75"
ziqian,normal_work,ziqian_normal_work_data.csv,427,2026-07-27T13:54:14.910,17.853789,172.14899999999744,0.03,0.43,0.93,-27.1,96.07,48.28,1.0250365847129557,110.88197914900329,"0.03,0.43,0.93,-27.10,96.07,48.28"
ziqian,normal_work,ziqian_normal_work_data.csv,428,2026-07-27T13:54:14.910,17.854418,0.6289999999999907,0.05,0.45,0.87,-22.83,55.6,12.7,0.9807650075323854,61.43174179526412,"0.05,0.45,0.87,-22.83,55.60,12.70"
ziqian,normal_work,ziqian_normal_work_data.csv,429,2026-07-27T13:54:14.911,17.855197,0.7790000000014174,0.07,0.49,0.85,-3.72,6.65,-25.02,0.9836157786453,26.154565567028637,"0.07,0.49,0.85,-3.72,6.65,-25.02"
ziqian,normal_work,ziqian_normal_work_data.csv,430,2026-07-27T13:54:14.911,17.855384,0.1870000000003813,0.11,0.53,0.9,15.5,-40.16,-46.63,1.05023806824929,63.46205559229861,"0.11,0.53,0.90,15.50,-40.16,-46.63"
ziqian,normal_work,ziqian_normal_work_data.csv,431,2026-07-27T13:54:14.967,17.910602,55.21799999999999,0.14,0.54,1.01,20.08,-79.59,-36.25,1.153819743287486,89.73202884143431,"0.14,0.54,1.01,20.08,-79.59,-36.25"
ziqian,normal_work,ziqian_normal_work_data.csv,432,2026-07-27T13:54:15.205,18.14928,238.67800000000017,-0.08,0.61,1.23,29.48,-144.53,-0.06,1.3752817893071951,147.50591479666164,"-0.08,0.61,1.23,29.48,-144.53,-0.06"
ziqian,normal_work,ziqian_normal_work_data.csv,433,2026-07-27T13:54:15.206,18.14958,0.2999999999993008,-0.19,0.68,1.36,29.48,-144.53,-0.06,1.5323511346946563,147.50591479666164,"-0.19,0.68,1.36,29.48,-144.53,-0.06"
ziqian,normal_work,ziqian_normal_work_data.csv,434,2026-07-27T13:54:15.206,18.149701,0.12100000000003774,-0.27,0.69,1.48,51.15,-164.98,-1.65,1.655113289173886,172.73518865593076,"-0.27,0.69,1.48,51.15,-164.98,-1.65"
ziqian,normal_work,ziqian_normal_work_data.csv,435,2026-07-27T13:54:15.206,18.149799,0.09800000000126374,-0.33,0.64,1.52,60.91,-183.72,-5.62,1.681933411285952,193.6353555010035,"-0.33,0.64,1.52,60.91,-183.72,-5.62"
ziqian,normal_work,ziqian_normal_work_data.csv,436,2026-07-27T13:54:15.627,18.570686,420.8869999999969,-0.37,0.57,1.48,55.18,-209.47,-6.29,1.6285576440519383,216.7073542822209,"-0.37,0.57,1.48,55.18,-209.47,-6.29"
ziqian,normal_work,ziqian_normal_work_data.csv,437,2026-07-27T13:54:15.627,18.570935,0.24900000000016576,-0.39,0.5,1.39,43.46,-235.11,-4.76,1.5278088885721275,239.14042171912303,"-0.39,0.50,1.39,43.46,-235.11,-4.76"
ziqian,normal_work,ziqian_normal_work_data.csv,438,2026-07-27T13:54:15.627,18.571076,0.1410000000028333,-0.4,0.44,1.27,32.29,-246.22,-1.59,1.4023195071024293,248.33336586129542,"-0.40,0.44,1.27,32.29,-246.22,-1.59"
ziqian,normal_work,ziqian_normal_work_data.csv,439,2026-07-27T13:54:15.627,18.571274,0.19799999999747797,-0.41,0.39,1.12,24.17,-237.43,5.43,1.254830665866913,238.71882770322077,"-0.41,0.39,1.12,24.17,-237.43,5.43"
ziqian,normal_work,ziqian_normal_work_data.csv,440,2026-07-27T13:54:15.627,18.571293,0.019000000001767603,-0.4,0.35,0.94,22.4,-214.97,16.97,1.0798611021793496,216.79908164012136,"-0.40,0.35,0.94,22.40,-214.97,16.97"
ziqian,normal_work,ziqian_normal_work_data.csv,441,2026-07-27T13:54:15.629,18.573039,1.7460000000006914,-0.37,0.29,0.79,28.02,-184.02,28.56,0.9192932067626738,188.31928844385538,"-0.37,0.29,0.79,28.02,-184.02,28.56"
ziqian,normal_work,ziqian_normal_work_data.csv,442,2026-07-27T13:54:15.629,18.573277,0.23799999999951638,-0.35,0.2,0.68,31.43,-144.65,33.94,0.7905061669588669,151.86635901344314,"-0.35,0.20,0.68,31.43,-144.65,33.94"
ziqian,normal_work,ziqian_normal_work_data.csv,443,2026-07-27T13:54:15.629,18.573529,0.2519999999996969,-0.35,0.14,0.6,20.32,-95.03,30.58,0.708590149522275,101.8760997486653,"-0.35,0.14,0.60,20.32,-95.03,30.58"
ziqian,normal_work,ziqian_normal_work_data.csv,444,2026-07-27T13:54:15.630,18.573883,0.35399999999796705,-0.37,0.16,0.58,-3.66,-37.11,17.76,0.706328535456412,41.30333279530842,"-0.37,0.16,0.58,-3.66,-37.11,17.76"
ziqian,normal_work,ziqian_normal_work_data.csv,445,2026-07-27T13:54:15.630,18.574071,0.18800000000140926,-0.41,0.27,0.63,-29.85,22.16,-7.39,0.7986864215698174,37.903828302692595,"-0.41,0.27,0.63,-29.85,22.16,-7.39"
ziqian,normal_work,ziqian_normal_work_data.csv,446,2026-07-27T13:54:15.630,18.574094,0.022999999998774,-0.43,0.47,0.74,-49.19,75.26,-48.34,0.9764220398987314,102.08074891966653,"-0.43,0.47,0.74,-49.19,75.26,-48.34"
ziqian,normal_work,ziqian_normal_work_data.csv,447,2026-07-27T13:54:15.630,18.574171,0.07700000000099294,-0.41,0.7,0.87,-59.51,119.81,-93.14,1.1895377253370318,163.0059379286534,"-0.41,0.70,0.87,-59.51,119.81,-93.14"
ziqian,normal_work,ziqian_normal_work_data.csv,448,2026-07-27T13:54:15.685,18.629477,55.30600000000163,-0.39,0.88,1.07,-62.68,162.11,-109.92,1.439235908390282,205.64737027251286,"-0.39,0.88,1.07,-62.68,162.11,-109.92"
ziqian,normal_work,ziqian_normal_work_data.csv,449,2026-07-27T13:54:15.685,18.629512,0.03499999999689862,-0.34,0.96,1.3,-60.67,206.67,-87.46,1.6514236282674413,232.4706205093452,"-0.34,0.96,1.30,-60.67,206.67,-87.46"
ziqian,normal_work,ziqian_normal_work_data.csv,450,2026-07-27T13:54:15.749,18.692778,63.266000000002265,-0.2,0.94,1.44,-56.64,241.58,-48.89,1.7312423285028586,252.90159766201558,"-0.20,0.94,1.44,-56.64,241.58,-48.89"
ziqian,normal_work,ziqian_normal_work_data.csv,451,2026-07-27T13:54:16.287,19.231295,538.5169999999988,-0.04,0.82,1.4,-50.6,249.76,-8.12,1.6229602582934677,254.96343267221673,"-0.04,0.82,1.40,-50.60,249.76,-8.12"
ziqian,normal_work,ziqian_normal_work_data.csv,452,2026-07-27T13:54:16.287,19.231458,0.16300000000057935,0.04,0.67,1.19,-43.52,223.94,36.8,1.366235704408284,231.07867491397815,"0.04,0.67,1.19,-43.52,223.94,36.80"
ziqian,normal_work,ziqian_normal_work_data.csv,453,2026-07-27T13:54:16.287,19.23151,0.05200000000016303,-0.02,0.57,0.99,-35.16,174.5,73.49,1.1425410277097274,192.58051744659946,"-0.02,0.57,0.99,-35.16,174.50,73.49"
ziqian,normal_work,ziqian_normal_work_data.csv,454,2026-07-27T13:54:16.287,19.23152,0.009999999999621423,-0.09,0.52,0.9,-21.06,128.23,84.05,1.0433120338613948,154.7606506835636,"-0.09,0.52,0.90,-21.06,128.23,84.05"
ziqian,normal_work,ziqian_normal_work_data.csv,455,2026-07-27T13:54:16.288,19.231646,0.1260000000016248,-0.08,0.47,0.89,-7.51,103.76,70.19,1.0096534058774824,125.49571227735234,"-0.08,0.47,0.89,-7.51,103.76,70.19"
ziqian,normal_work,ziqian_normal_work_data.csv,456,2026-07-27T13:54:16.288,19.231661,0.014999999997655777,-0.0,0.44,0.89,-6.04,98.14,46.2,0.9928242543370907,108.6387647205177,"-0.00,0.44,0.89,-6.04,98.14,46.20"
ziqian,normal_work,ziqian_normal_work_data.csv,457,2026-07-27T13:54:16.288,19.23186,0.19900000000205864,0.1,0.46,0.89,-10.86,97.72,20.63,1.0068266980965492,100.4626044854502,"0.10,0.46,0.89,-10.86,97.72,20.63"
ziqian,normal_work,ziqian_normal_work_data.csv,458,2026-07-27T13:54:16.288,19.231975,0.11499999999742272,0.2,0.52,0.92,-9.09,87.83,-7.93,1.0755463727799002,88.65450862759322,"0.20,0.52,0.92,-9.09,87.83,-7.93"
ziqian,normal_work,ziqian_normal_work_data.csv,459,2026-07-27T13:54:16.292,19.23581,3.8350000000022533,0.32,0.58,0.99,2.99,56.76,-42.54,1.1911758896149636,70.99499489400644,"0.32,0.58,0.99,2.99,56.76,-42.54"
ziqian,normal_work,ziqian_normal_work_data.csv,460,2026-07-27T13:54:16.292,19.235996,0.18599999999935335,0.41,0.58,1.07,18.25,1.16,-69.27,1.284289686947614,71.64315040532486,"0.41,0.58,1.07,18.25,1.16,-69.27"
ziqian,normal_work,ziqian_normal_work_data.csv,461,2026-07-27T13:54:16.292,19.236346,0.35000000000096065,0.32,0.55,1.15,21.36,-65.8,-57.25,1.3143059004660977,89.79672655503651,"0.32,0.55,1.15,21.36,-65.80,-57.25"
ziqian,normal_work,ziqian_normal_work_data.csv,462,2026-07-27T13:54:16.292,19.236367,0.021000000000270802,0.07,0.53,1.22,7.57,-121.34,-9.03,1.3319909909605245,121.91079279538789,"0.07,0.53,1.22,7.57,-121.34,-9.03"
ziqian,normal_work,ziqian_normal_work_data.csv,463,2026-07-27T13:54:16.292,19.236477,0.10999999999938836,-0.15,0.56,1.28,-6.16,-156.37,24.17,1.4051690289783647,158.346807356511,"-0.15,0.56,1.28,-6.16,-156.37,24.17"
ziqian,normal_work,ziqian_normal_work_data.csv,464,2026-07-27T13:54:16.293,19.236592,0.11500000000097543,-0.25,0.61,1.37,-0.61,-182.68,9.52,1.5203617990465297,182.92890668235023,"-0.25,0.61,1.37,-0.61,-182.68,9.52"
ziqian,normal_work,ziqian_normal_work_data.csv,465,2026-07-27T13:54:16.345,19.28889,52.29799999999685,-0.25,0.66,1.48,23.25,-209.11,-28.5,1.6396645998496155,212.32005227957157,"-0.25,0.66,1.48,23.25,-209.11,-28.50"
ziqian,normal_work,ziqian_normal_work_data.csv,466,2026-07-27T13:54:16.527,19.47081,181.92000000000164,-0.21,0.61,1.54,43.76,-224.43,-48.28,1.6696706262014673,233.69792660612117,"-0.21,0.61,1.54,43.76,-224.43,-48.28"
ziqian,normal_work,ziqian_normal_work_data.csv,467,2026-07-27T13:54:16.527,19.470853,0.04300000000156956,-0.17,0.5,1.5,46.75,-221.13,-41.26,1.5902515524281058,229.7529695129097,"-0.17,0.50,1.50,46.75,-221.13,-41.26"
ziqian,normal_work,ziqian_normal_work_data.csv,468,2026-07-27T13:54:16.527,19.471201,0.34799999999890474,-0.16,0.4,1.37,41.14,-210.75,-26.98,1.4361406616345074,216.41622513111164,"-0.16,0.40,1.37,41.14,-210.75,-26.98"
ziqian,normal_work,ziqian_normal_work_data.csv,469,2026-07-27T13:54:16.527,19.471233,0.03200000000092018,-0.2,0.35,1.24,37.48,-202.64,-19.1,1.3038788287260439,206.96021356772897,"-0.20,0.35,1.24,37.48,-202.64,-19.10"
ziqian,normal_work,ziqian_normal_work_data.csv,470,2026-07-27T13:54:16.527,19.471376,0.1429999999977838,-0.25,0.32,1.14,35.52,-192.02,-16.24,1.2101652779682617,195.95175018355923,"-0.25,0.32,1.14,35.52,-192.02,-16.24"
ziqian,normal_work,ziqian_normal_work_data.csv,471,2026-07-27T13:54:16.706,19.650564,179.1879999999999,-0.29,0.25,1.05,31.98,-167.6,-8.73,1.1176314240392493,170.84698797462013,"-0.29,0.25,1.05,31.98,-167.60,-8.73"
ziqian,normal_work,ziqian_normal_work_data.csv,472,2026-07-27T13:54:16.707,19.650626,0.06199999999978445,-0.29,0.14,0.93,25.02,-129.46,7.45,0.9841747812253676,132.06587182160274,"-0.29,0.14,0.93,25.02,-129.46,7.45"
ziqian,normal_work,ziqian_normal_work_data.csv,473,2026-07-27T13:54:16.707,19.650748,0.1220000000010657,-0.29,0.04,0.82,14.1,-90.21,25.76,0.8706893820416095,94.86955096341501,"-0.29,0.04,0.82,14.10,-90.21,25.76"
ziqian,normal_work,ziqian_normal_work_data.csv,474,2026-07-27T13:54:17.005,19.949012,298.26399999999967,-0.31,0.01,0.77,-2.93,-55.24,34.55,0.830120473184465,65.22074056617267,"-0.31,0.01,0.77,-2.93,-55.24,34.55"
ziqian,normal_work,ziqian_normal_work_data.csv,475,2026-07-27T13:54:17.005,19.949148,0.13600000000124624,-0.33,0.07,0.75,-24.84,-21.12,22.16,0.8223746105030237,39.42265338609262,"-0.33,0.07,0.75,-24.84,-21.12,22.16"
ziqian,normal_work,ziqian_normal_work_data.csv,476,2026-07-27T13:54:17.487,20.431558,482.40999999999804,-0.31,0.19,0.76,-43.15,12.21,-12.7,0.8424962907930218,46.60790276337265,"-0.31,0.19,0.76,-43.15,12.21,-12.70"
ziqian,normal_work,ziqian_normal_work_data.csv,477,2026-07-27T13:54:17.907,20.851399,419.8410000000017,-0.31,0.38,0.8,-55.42,43.03,-62.32,0.9383496150156402,93.84423104272314,"-0.31,0.38,0.80,-55.42,43.03,-62.32"
ziqian,normal_work,ziqian_normal_work_data.csv,478,2026-07-27T13:54:17.908,20.851697,0.2980000000007976,-0.35,0.62,0.82,-69.03,69.52,-114.26,1.0859558002055147,150.51085974108315,"-0.35,0.62,0.82,-69.03,69.52,-114.26"
ziqian,normal_work,ziqian_normal_work_data.csv,479,2026-07-27T13:54:17.908,20.851728,0.030999999999892225,-0.41,0.82,0.82,-85.63,95.89,-145.45,1.23,194.1213319035288,"-0.41,0.82,0.82,-85.63,95.89,-145.45"
ziqian,normal_work,ziqian_normal_work_data.csv,480,2026-07-27T13:54:17.908,20.852498,0.7699999999992713,-0.46,0.94,0.92,-90.76,132.14,-143.49,1.3934130758680285,215.14585122655748,"-0.46,0.94,0.92,-90.76,132.14,-143.49"
ziqian,normal_work,ziqian_normal_work_data.csv,481,2026-07-27T13:54:17.910,20.853925,1.426999999999623,-0.46,1.02,1.17,-79.53,178.16,-125.92,1.6189193926814267,232.21079410742303,"-0.46,1.02,1.17,-79.53,178.16,-125.92"
ziqian,normal_work,ziqian_normal_work_data.csv,482,2026-07-27T13:54:17.910,20.854155,0.22999999999839815,-0.36,1.06,1.39,-69.4,221.25,-111.08,1.784740877550576,257.112210717422,"-0.36,1.06,1.39,-69.40,221.25,-111.08"
ziqian,normal_work,ziqian_normal_work_data.csv,483,2026-07-27T13:54:17.910,20.854266,0.11100000000041632,-0.18,1.02,1.41,-68.12,248.84,-90.64,1.7495427974187998,273.45436474848964,"-0.18,1.02,1.41,-68.12,248.84,-90.64"
ziqian,normal_work,ziqian_normal_work_data.csv,484,2026-07-27T13:54:17.910,20.85442,0.15400000000198588,0.03,0.88,1.28,-64.58,248.17,-52.86,1.5536087023443195,261.826478607493,"0.03,0.88,1.28,-64.58,248.17,-52.86"
ziqian,normal_work,ziqian_normal_work_data.csv,485,2026-07-27T13:54:17.910,20.854445,0.0249999999972772,0.17,0.68,1.15,-49.26,208.25,-12.51,1.3467739231214717,214.3621006614742,"0.17,0.68,1.15,-49.26,208.25,-12.51"
ziqian,normal_work,ziqian_normal_work_data.csv,486,2026-07-27T13:54:17.911,20.854631,0.18600000000290606,0.18,0.51,1.09,-25.45,136.6,10.31,1.2167990795525776,139.3325468079874,"0.18,0.51,1.09,-25.45,136.60,10.31"
ziqian,normal_work,ziqian_normal_work_data.csv,487,2026-07-27T13:54:17.911,20.854648,0.01699999999971169,0.06,0.38,1.07,-9.46,60.79,16.91,1.1370576062803501,63.803321230167946,"0.06,0.38,1.07,-9.46,60.79,16.91"
ziqian,normal_work,ziqian_normal_work_data.csv,488,2026-07-27T13:54:17.911,20.854763,0.11499999999742272,0.1,0.23,0.63,-47.42,-14.95,-18.19,0.6780855403265874,52.943696508649644,"0.10,0.23,0.63,-47.42,-14.95,-18.19"
ziqian,normal_work,ziqian_normal_work_data.csv,489,2026-07-27T13:54:17.911,20.854951,0.18800000000140926,0.42,0.35,0.2,-77.76,-8.3,-61.65,0.5821511831131154,99.58026963209127,"0.42,0.35,0.20,-77.76,-8.30,-61.65"
ziqian,normal_work,ziqian_normal_work_data.csv,490,2026-07-27T13:54:17.911,20.854978,0.026999999999333113,0.42,0.35,0.2,-59.33,4.09,-92.1,0.5821511831131154,109.63205279479172,"0.42,0.35,0.20,-59.33,4.09,-92.10"
ziqian,normal_work,ziqian_normal_work_data.csv,491,2026-07-27T13:54:17.916,20.860458,5.48000000000215,0.64,0.42,0.06,80.57,-8.36,-81.36,0.7678541528180987,114.80794441152581,"0.64,0.42,0.06,80.57,-8.36,-81.36"
ziqian,normal_work,ziqian_normal_work_data.csv,492,2026-07-27T13:54:17.917,20.860773,0.3149999999969566,0.38,0.2,0.7,273.5,-65.06,-38.88,0.8212186067059123,283.8075192802333,"0.38,0.20,0.70,273.50,-65.06,-38.88"
ziqian,normal_work,ziqian_normal_work_data.csv,493,2026-07-27T13:54:17.917,20.861037,0.26400000000137425,-0.29,-0.15,2.06,297.18,-154.36,-8.42,2.085713307240475,334.98337033351373,"-0.29,-0.15,2.06,297.18,-154.36,-8.42"
ziqian,normal_work,ziqian_normal_work_data.csv,494,2026-07-27T13:54:17.917,20.861059,0.02200000000129876,-0.94,-0.53,3.04,123.11,-249.15,17.7,3.2258487255294535,278.46918070048616,"-0.94,-0.53,3.04,123.11,-249.15,17.70"
ziqian,normal_work,ziqian_normal_work_data.csv,495,2026-07-27T13:54:17.917,20.861227,0.1679999999986137,-2.2,-0.14,2.56,-133.54,-320.98,-50.11,3.378342789001732,351.2436534657957,"-2.20,-0.14,2.56,-133.54,-320.98,-50.11"
ziqian,normal_work,ziqian_normal_work_data.csv,496,2026-07-27T13:54:17.917,20.861248,0.021000000000270802,-1.91,0.45,1.79,-103.76,-257.14,-125.12,2.656068523212457,304.20738255341536,"-1.91,0.45,1.79,-103.76,-257.14,-125.12"
ziqian,normal_work,ziqian_normal_work_data.csv,497,2026-07-27T13:54:17.917,20.861307,0.059000000000253294,-1.19,0.67,1.21,-103.76,-257.14,-125.12,1.8245821439441963,304.20738255341536,"-1.19,0.67,1.21,-103.76,-257.14,-125.12"
ziqian,normal_work,ziqian_normal_work_data.csv,498,2026-07-27T13:54:18.089,21.033241,171.93400000000025,-0.63,0.49,0.81,-36.38,-164.73,-134.95,1.1371455491712572,216.03467268010476,"-0.63,0.49,0.81,-36.38,-164.73,-134.95"
ziqian,normal_work,ziqian_normal_work_data.csv,499,2026-07-27T13:54:18.090,21.034018,0.7769999999993615,-0.37,0.31,0.5,-8.0,-86.85,-130.62,0.6949820141557621,157.06211159920142,"-0.37,0.31,0.50,-8.00,-86.85,-130.62"
ziqian,normal_work,ziqian_normal_work_data.csv,500,2026-07-27T13:54:18.091,21.034601,0.58299999999889,-0.27,0.31,0.28,-20.32,-38.33,-138.73,0.49739320461783554,145.35509691785836,"-0.27,0.31,0.28,-20.32,-38.33,-138.73"
ziqian,normal_work,ziqian_normal_work_data.csv,501,2026-07-27T13:54:18.091,21.034978,0.37700000000029377,-0.22,0.37,0.21,-28.2,-0.37,-132.2,0.47895720059312186,135.1747642868298,"-0.22,0.37,0.21,-28.20,-0.37,-132.20"
ziqian,normal_work,ziqian_normal_work_data.csv,502,2026-07-27T13:54:18.092,21.036422,1.4440000000028874,-0.21,0.35,0.32,-11.9,45.29,-93.26,0.5186520991955975,104.35622501796432,"-0.21,0.35,0.32,-11.90,45.29,-93.26"
ziqian,normal_work,ziqian_normal_work_data.csv,503,2026-07-27T13:54:18.093,21.036641,0.21899999999774877,-0.27,0.28,0.5,8.97,100.77,-41.63,0.6334824385884742,109.39886059735723,"-0.27,0.28,0.50,8.97,100.77,-41.63"
ziqian,normal_work,ziqian_normal_work_data.csv,504,2026-07-27T13:54:18.093,21.036735,0.09400000000070463,-0.33,0.28,0.72,25.27,154.42,-14.22,0.8400595217006948,157.11880123015194,"-0.33,0.28,0.72,25.27,154.42,-14.22"
ziqian,normal_work,ziqian_normal_work_data.csv,505,2026-07-27T13:54:18.093,21.036972,0.23699999999848842,-0.28,0.36,0.91,41.2,183.84,-30.09,1.0178899744078433,190.78782377290224,"-0.28,0.36,0.91,41.20,183.84,-30.09"
ziqian,normal_work,ziqian_normal_work_data.csv,506,2026-07-27T13:54:18.093,21.036994,0.02200000000129876,-0.16,0.49,1.01,58.78,180.97,-64.58,1.1339312148450629,200.93731783817557,"-0.16,0.49,1.01,58.78,180.97,-64.58"
ziqian,normal_work,ziqian_normal_work_data.csv,507,2026-07-27T13:54:18.093,21.037054,0.06000000000128125,-0.15,0.57,1.15,64.76,152.53,-68.73,1.2922461065911555,179.3964085482204,"-0.15,0.57,1.15,64.76,152.53,-68.73"
ziqian,normal_work,ziqian_normal_work_data.csv,508,2026-07-27T13:54:18.265,21.209298,172.24399999999918,-0.28,0.37,1.29,34.0,111.88,-9.03,1.3709121051329294,117.28032784742716,"-0.28,0.37,1.29,34.00,111.88,-9.03"
ziqian,normal_work,ziqian_normal_work_data.csv,509,2026-07-27T13:54:18.265,21.209466,0.1679999999986137,-0.41,-0.01,1.19,-30.7,75.26,100.4,1.2586897949852456,129.1770784620863,"-0.41,-0.01,1.19,-30.70,75.26,100.40"
ziqian,normal_work,ziqian_normal_work_data.csv,510,2026-07-27T13:54:18.266,21.209588,0.1220000000010657,-0.5,-0.1,0.89,-105.04,41.75,173.22,1.0257192598367255,206.83721256098963,"-0.50,-0.10,0.89,-105.04,41.75,173.22"
ziqian,normal_work,ziqian_normal_work_data.csv,511,2026-07-27T13:54:18.266,21.210457,0.869000000001563,-0.59,0.15,0.65,-145.02,5.37,133.18,0.8905616205518853,196.96839771902498,"-0.59,0.15,0.65,-145.02,5.37,133.18"
ziqian,normal_work,ziqian_normal_work_data.csv,512,2026-07-27T13:54:18.507,21.45098,240.5229999999996,-0.63,0.4,0.58,-106.02,-20.87,36.8,0.9451454914456292,114.14918878380169,"-0.63,0.40,0.58,-106.02,-20.87,36.80"
ziqian,normal_work,ziqian_normal_work_data.csv,513,2026-07-27T13:54:18.507,21.451168,0.18799999999785655,-0.64,0.43,0.66,-18.25,-17.64,-5.37,1.0149384217774002,25.943573385329938,"-0.64,0.43,0.66,-18.25,-17.64,-5.37"
ziqian,normal_work,ziqian_normal_work_data.csv,514,2026-07-27T13:54:18.749,21.692786,241.61800000000255,-0.63,0.32,0.77,38.33,10.99,15.26,1.045083728703112,42.69469053641213,"-0.63,0.32,0.77,38.33,10.99,15.26"
ziqian,normal_work,ziqian_normal_work_data.csv,515,2026-07-27T13:54:18.749,21.693134,0.34799999999890474,-0.56,0.27,0.82,41.69,44.13,29.11,1.0290286682109493,67.32685274093836,"-0.56,0.27,0.82,41.69,44.13,29.11"
ziqian,normal_work,ziqian_normal_work_data.csv,516,2026-07-27T13:54:18.749,21.693207,0.07300000000043383,-0.44,0.33,0.82,32.1,60.12,-2.44,0.9873702446397703,68.19661281911294,"-0.44,0.33,0.82,32.10,60.12,-2.44"
ziqian,normal_work,ziqian_normal_work_data.csv,517,2026-07-27T13:54:18.749,21.69354,0.33299999999769625,-0.29,0.42,0.81,33.87,52.0,-51.39,0.9573922915921144,80.57362471677689,"-0.29,0.42,0.81,33.87,52.00,-51.39"
ziqian,normal_work,ziqian_normal_work_data.csv,518,2026-07-27T13:54:18.751,21.694672,1.1320000000019093,-0.16,0.46,0.83,38.02,33.14,-73.36,0.9623408959407264,89.02510657112408,"-0.16,0.46,0.83,38.02,33.14,-73.36"
ziqian,normal_work,ziqian_normal_work_data.csv,519,2026-07-27T13:54:18.751,21.69496,0.2879999999976235,-0.06,0.47,0.87,36.44,10.25,-69.27,0.9906563480844405,78.93838736635047,"-0.06,0.47,0.87,36.44,10.25,-69.27"
ziqian,normal_work,ziqian_normal_work_data.csv,520,2026-07-27T13:54:18.751,21.695295,0.3350000000033049,0.03,0.45,0.91,31.43,-28.81,-61.95,1.0156278846112883,75.20414549743917,"0.03,0.45,0.91,31.43,-28.81,-61.95"
ziqian,normal_work,ziqian_normal_work_data.csv,521,2026-07-27T13:54:18.751,21.695478,0.1829999999998222,0.04,0.44,1.05,23.62,-76.6,-39.92,1.1391663618629195,89.54926465359723,"0.04,0.44,1.05,23.62,-76.60,-39.92"
ziqian,normal_work,ziqian_normal_work_data.csv,522,2026-07-27T13:54:18.752,21.695668,0.18999999999991246,-0.02,0.38,1.21,-2.87,-110.53,9.46,1.2684242192578947,110.97120977983434,"-0.02,0.38,1.21,-2.87,-110.53,9.46"
ziqian,normal_work,ziqian_normal_work_data.csv,523,2026-07-27T13:54:18.752,21.695832,0.1639999999980546,-0.03,0.26,1.24,-46.87,-114.75,47.3,1.2673200069437869,132.6712078787255,"-0.03,0.26,1.24,-46.87,-114.75,47.30"
ziqian,normal_work,ziqian_normal_work_data.csv,524,2026-07-27T13:54:18.927,21.871012,175.180000000001,-0.02,0.21,1.19,-60.49,-95.4,36.56,1.2085528536228773,118.73008759366769,"-0.02,0.21,1.19,-60.49,-95.40,36.56"
ziqian,normal_work,ziqian_normal_work_data.csv,525,2026-07-27T13:54:18.927,21.871194,0.18199999999879424,-0.02,0.25,1.21,-19.71,-82.34,-8.0,1.2357184145265456,85.04328133368327,"-0.02,0.25,1.21,-19.71,-82.34,-8.00"
ziqian,normal_work,ziqian_normal_work_data.csv,526,2026-07-27T13:54:18.927,21.871428,0.23400000000250998,-0.03,0.31,1.3,44.68,-90.21,-51.21,1.3367871932360813,112.9451663419024,"-0.03,0.31,1.30,44.68,-90.21,-51.21"
ziqian,normal_work,ziqian_normal_work_data.csv,527,2026-07-27T13:54:18.927,21.871451,0.022999999998774,-0.05,0.33,1.41,93.32,-114.07,-72.69,1.4489651479590528,164.33022667786958,"-0.05,0.33,1.41,93.32,-114.07,-72.69"
ziqian,normal_work,ziqian_normal_work_data.csv,528,2026-07-27T13:54:18.928,21.8716,0.1490000000003988,-0.06,0.32,1.44,109.8,-143.37,-66.96,1.476346842716846,192.59968457918097,"-0.06,0.32,1.44,109.80,-143.37,-66.96"
ziqian,normal_work,ziqian_normal_work_data.csv,529,2026-07-27T13:54:19.047,21.99059,118.99000000000015,-0.11,0.35,1.37,109.13,-164.67,-29.72,1.4182735984287378,199.77198051778933,"-0.11,0.35,1.37,109.13,-164.67,-29.72"
ziqian,normal_work,ziqian_normal_work_data.csv,530,2026-07-27T13:54:19.047,21.990859,0.2689999999994086,-0.21,0.37,1.25,106.14,-170.65,29.79,1.3204166009256322,203.16142891799123,"-0.21,0.37,1.25,106.14,-170.65,29.79"
ziqian,normal_work,ziqian_normal_work_data.csv,531,2026-07-27T13:54:19.047,21.990881,0.02200000000129876,-0.31,0.31,1.09,91.8,-167.24,77.51,1.1748616939878498,205.92294116974924,"-0.31,0.31,1.09,91.80,-167.24,77.51"
ziqian,normal_work,ziqian_normal_work_data.csv,532,2026-07-27T13:54:19.229,22.173196,182.31499999999912,-0.35,0.21,0.9,63.42,-156.43,86.06,0.9882307422864358,189.46969388268934,"-0.35,0.21,0.90,63.42,-156.43,86.06"
ziqian,normal_work,ziqian_normal_work_data.csv,533,2026-07-27T13:54:19.229,22.173327,0.13099999999965917,-0.35,0.15,0.73,36.07,-131.04,60.42,0.8233468284993876,148.7383706378418,"-0.35,0.15,0.73,36.07,-131.04,60.42"
ziqian,normal_work,ziqian_normal_work_data.csv,534,2026-07-27T13:54:19.229,22.173411,0.08400000000108321,-0.34,0.15,0.63,17.27,-89.6,21.3,0.7314369419163897,93.70220328252692,"-0.34,0.15,0.63,17.27,-89.60,21.30"
ziqian,normal_work,ziqian_normal_work_data.csv,535,2026-07-27T13:54:19.229,22.173568,0.15699999999796432,-0.35,0.23,0.6,2.5,-39.0,-24.17,0.7317103251970687,45.95039608099151,"-0.35,0.23,0.60,2.50,-39.00,-24.17"
ziqian,normal_work,ziqian_normal_work_data.csv,536,2026-07-27T13:54:19.408,22.351635,178.0670000000022,-0.36,0.35,0.66,-13.55,15.38,-81.6,0.8292767933567176,84.13505155403423,"-0.36,0.35,0.66,-13.55,15.38,-81.60"
ziqian,normal_work,ziqian_normal_work_data.csv,537,2026-07-27T13:54:19.408,22.351829,0.19399999999691886,-0.36,0.46,0.76,-26.98,64.15,-142.33,0.9585405573057407,158.43286212146774,"-0.36,0.46,0.76,-26.98,64.15,-142.33"
ziqian,normal_work,ziqian_normal_work_data.csv,538,2026-07-27T13:54:19.408,22.352096,0.2670000000009054,-0.33,0.53,0.85,-37.05,95.76,-180.36,1.0546563421323554,207.53893538321913,"-0.33,0.53,0.85,-37.05,95.76,-180.36"
ziqian,normal_work,ziqian_normal_work_data.csv,539,2026-07-27T13:54:19.408,22.352128,0.03200000000092018,-0.32,0.58,0.96,-50.11,115.54,-172.85,1.1663618649458665,213.86356912760994,"-0.32,0.58,0.96,-50.11,115.54,-172.85"
ziqian,normal_work,ziqian_normal_work_data.csv,540,2026-07-27T13:54:19.468,22.411782,59.65399999999832,-0.31,0.59,1.04,-70.43,135.68,-118.84,1.2352327715859874,193.62952486643147,"-0.31,0.59,1.04,-70.43,135.68,-118.84"
ziqian,normal_work,ziqian_normal_work_data.csv,541,2026-07-27T13:54:19.468,22.411997,0.21500000000074238,-0.3,0.57,1.06,-93.32,154.54,-43.15,1.2403628501370072,185.61561491426306,"-0.30,0.57,1.06,-93.32,154.54,-43.15"
ziqian,normal_work,ziqian_normal_work_data.csv,542,2026-07-27T13:54:19.530,22.473924,61.92700000000073,-0.31,0.54,1.04,-103.21,161.13,17.15,1.212146855789347,192.11794164002484,"-0.31,0.54,1.04,-103.21,161.13,17.15"
ziqian,normal_work,ziqian_normal_work_data.csv,543,2026-07-27T13:54:19.531,22.474663,0.738999999999379,-0.33,0.52,1.0,-92.04,148.44,34.61,1.1744360348695029,178.05518049189132,"-0.33,0.52,1.00,-92.04,148.44,34.61"
ziqian,normal_work,ziqian_normal_work_data.csv,544,2026-07-27T13:54:19.709,22.65289,178.2269999999997,-0.33,0.52,0.98,-67.32,124.76,14.22,1.1574541027617467,142.47543086441254,"-0.33,0.52,0.98,-67.32,124.76,14.22"
ziqian,normal_work,ziqian_normal_work_data.csv,545,2026-07-27T13:54:19.709,22.653348,0.4580000000018458,-0.31,0.54,0.99,-45.47,106.57,-14.04,1.169529820055906,116.71249890221698,"-0.31,0.54,0.99,-45.47,106.57,-14.04"
ziqian,normal_work,ziqian_normal_work_data.csv,546,2026-07-27T13:54:19.710,22.653935,0.5869999999994491,-0.25,0.58,0.98,-37.35,98.08,-29.54,1.1658902178164117,109.02898926432366,"-0.25,0.58,0.98,-37.35,98.08,-29.54"
ziqian,normal_work,ziqian_normal_work_data.csv,547,2026-07-27T13:54:19.710,22.654037,0.10199999999827014,-0.18,0.66,0.93,-35.71,93.14,-32.65,1.1545128842936314,104.9584975121119,"-0.18,0.66,0.93,-35.71,93.14,-32.65"
ziqian,normal_work,ziqian_normal_work_data.csv,548,2026-07-27T13:54:20.010,22.95366,299.6230000000004,-0.1,0.76,0.85,-21.42,85.14,-27.16,1.1445959985951375,91.89832207390948,"-0.10,0.76,0.85,-21.42,85.14,-27.16"
ziqian,normal_work,ziqian_normal_work_data.csv,549,2026-07-27T13:54:20.010,22.953886,0.22600000000139175,-0.07,0.79,0.85,16.3,69.34,-5.43,1.162540321881353,71.43675874506066,"-0.07,0.79,0.85,16.30,69.34,-5.43"
ziqian,normal_work,ziqian_normal_work_data.csv,550,2026-07-27T13:54:20.010,22.954055,0.16899999999964166,-0.06,0.69,0.97,58.59,47.0,31.07,1.191889256600629,81.28427277155157,"-0.06,0.69,0.97,58.59,47.00,31.07"
ziqian,normal_work,ziqian_normal_work_data.csv,551,2026-07-27T13:54:20.010,22.954212,0.15699999999796432,0.01,0.49,1.21,73.73,-29.6,57.25,1.3054884143492045,97.92770496647003,"0.01,0.49,1.21,73.73,-29.60,57.25"
ziqian,normal_work,ziqian_normal_work_data.csv,552,2026-07-27T13:54:20.010,22.954441,0.2290000000009229,-0.14,0.45,1.21,55.66,-82.46,62.56,1.2985376390386225,117.52208643484849,"-0.14,0.45,1.21,55.66,-82.46,62.56"
ziqian,normal_work,ziqian_normal_work_data.csv,553,2026-07-27T13:54:20.011,22.954651,0.2099999999991553,-0.14,0.45,1.21,45.65,-128.42,55.05,1.2985376390386225,146.9902085174383,"-0.14,0.45,1.21,45.65,-128.42,55.05"
ziqian,normal_work,ziqian_normal_work_data.csv,554,2026-07-27T13:54:20.011,22.954827,0.17600000000328464,-0.33,0.42,1.18,64.03,-174.8,-6.59,1.2952605915413313,186.27482116485845,"-0.33,0.42,1.18,64.03,-174.80,-6.59"
ziqian,normal_work,ziqian_normal_work_data.csv,555,2026-07-27T13:54:20.186,23.130529,175.70199999999758,-0.41,0.4,1.19,91.13,-213.32,-88.2,1.3206816421833083,248.1719953983527,"-0.41,0.40,1.19,91.13,-213.32,-88.20"
ziqian,normal_work,ziqian_normal_work_data.csv,556,2026-07-27T13:54:20.187,23.130662,0.13300000000171508,-0.38,0.43,1.23,95.46,-217.04,-112.43,1.357276685130928,262.4108955436111,"-0.38,0.43,1.23,95.46,-217.04,-112.43"
ziqian,normal_work,ziqian_normal_work_data.csv,557,2026-07-27T13:54:20.187,23.130758,0.09599999999920783,-0.33,0.45,1.25,74.89,-189.51,-69.09,1.3689046716261875,215.16500714567877,"-0.33,0.45,1.25,74.89,-189.51,-69.09"
ziqian,normal_work,ziqian_normal_work_data.csv,558,2026-07-27T13:54:20.250,23.19406,63.30200000000019,-0.31,0.41,1.2,22.71,-144.84,36.8,1.3054501139453778,151.1575658046927,"-0.31,0.41,1.20,22.71,-144.84,36.80"
ziqian,normal_work,ziqian_normal_work_data.csv,559,2026-07-27T13:54:20.250,23.194195,0.13500000000021828,-0.32,0.37,1.13,11.05,-147.28,42.97,1.2313407326974934,153.81782016398492,"-0.32,0.37,1.13,11.05,-147.28,42.97"
ziqian,normal_work,ziqian_normal_work_data.csv,560,2026-07-27T13:54:20.488,23.432211,238.01599999999823,-0.33,0.34,1.04,11.05,-147.28,42.97,1.1428473213863697,153.81782016398492,"-0.33,0.34,1.04,11.05,-147.28,42.97"
ziqian,normal_work,ziqian_normal_work_data.csv,561,2026-07-27T13:54:20.488,23.432378,0.16700000000113846,-0.31,0.33,0.95,6.96,-152.65,26.67,1.0523782589924593,155.1185127571819,"-0.31,0.33,0.95,6.96,-152.65,26.67"
ziqian,normal_work,ziqian_normal_work_data.csv,562,2026-07-27T13:54:20.551,23.494724,62.34600000000157,-0.29,0.32,0.87,4.33,-149.78,7.87,0.9712878049270464,150.04910596201498,"-0.29,0.32,0.87,4.33,-149.78,7.87"
ziqian,normal_work,ziqian_normal_work_data.csv,563,2026-07-27T13:54:20.724,23.668536,173.81199999999808,-0.28,0.31,0.78,-0.49,-137.51,-4.21,0.8848163651289459,137.5753041065147,"-0.28,0.31,0.78,-0.49,-137.51,-4.21"
ziqian,normal_work,ziqian_normal_work_data.csv,564,2026-07-27T13:54:20.726,23.669732,1.196000000000197,-0.3,0.3,0.69,-11.54,-116.52,-9.46,0.8099999999999999,117.47158635176422,"-0.30,0.30,0.69,-11.54,-116.52,-9.46"
ziqian,normal_work,ziqian_normal_work_data.csv,565,2026-07-27T13:54:20.726,23.66991,0.17800000000178784,-0.34,0.32,0.6,-28.99,-84.9,-15.08,0.7602631123499285,90.97162469693504,"-0.34,0.32,0.60,-28.99,-84.90,-15.08"
ziqian,normal_work,ziqian_normal_work_data.csv,566,2026-07-27T13:54:20.727,23.670591,0.6810000000001537,-0.38,0.38,0.55,-46.33,-42.48,-29.42,0.7689603370785778,69.40140992804109,"-0.38,0.38,0.55,-46.33,-42.48,-29.42"
ziqian,normal_work,ziqian_normal_work_data.csv,567,2026-07-27T13:54:20.727,23.670894,0.302999999998832,-0.39,0.49,0.57,-56.7,6.77,-52.98,0.8468175718535841,77.8948220358709,"-0.39,0.49,0.57,-56.70,6.77,-52.98"
ziqian,normal_work,ziqian_normal_work_data.csv,568,2026-07-27T13:54:20.727,23.670938,0.0439999999990448,-0.39,0.6,0.69,-56.09,57.01,-75.07,0.9940824915468535,109.68925699447507,"-0.39,0.60,0.69,-56.09,57.01,-75.07"
ziqian,normal_work,ziqian_normal_work_data.csv,569,2026-07-27T13:54:20.728,23.671833,0.8949999999998681,-0.38,0.66,0.85,-49.56,103.76,-78.06,1.1412712210513327,138.98091523658925,"-0.38,0.66,0.85,-49.56,103.76,-78.06"
ziqian,normal_work,ziqian_normal_work_data.csv,570,2026-07-27T13:54:20.728,23.672287,0.4540000000012867,-0.37,0.67,1.0,-48.65,145.69,-58.84,1.2592855117089214,164.48265622855195,"-0.37,0.67,1.00,-48.65,145.69,-58.84"
ziqian,normal_work,ziqian_normal_work_data.csv,571,2026-07-27T13:54:20.729,23.672928,0.6409999999981153,-0.34,0.71,1.13,-53.59,177.98,-34.67,1.377171013345837,189.07875978015088,"-0.34,0.71,1.13,-53.59,177.98,-34.67"
ziqian,normal_work,ziqian_normal_work_data.csv,572,2026-07-27T13:54:20.789,23.733111,60.183000000002096,-0.28,0.74,1.2,-56.15,191.1,-20.26,1.437358688706476,200.2061440116162,"-0.28,0.74,1.20,-56.15,191.10,-20.26"
ziqian,normal_work,ziqian_normal_work_data.csv,573,2026-07-27T13:54:20.849,23.792939,59.82799999999955,-0.18,0.71,1.17,-52.43,183.23,-11.41,1.3803622712896784,190.9249221552807,"-0.18,0.71,1.17,-52.43,183.23,-11.41"
ziqian,normal_work,ziqian_normal_work_data.csv,574,2026-07-27T13:54:20.850,23.793774,0.8349999999985869,-0.1,0.63,1.08,-44.86,161.32,3.72,1.254312560727987,167.48253759720743,"-0.10,0.63,1.08,-44.86,161.32,3.72"
ziqian,normal_work,ziqian_normal_work_data.csv,575,2026-07-27T13:54:21.269,24.212709,418.9350000000012,-0.07,0.55,0.99,-40.65,133.3,27.65,1.1346805717910218,142.07686300027885,"-0.07,0.55,0.99,-40.65,133.30,27.65"
ziqian,normal_work,ziqian_normal_work_data.csv,576,2026-07-27T13:54:21.269,24.212768,0.059000000000253294,-0.08,0.51,0.91,-42.24,106.51,51.64,1.0462313319720453,125.67930338763021,"-0.08,0.51,0.91,-42.24,106.51,51.64"
ziqian,normal_work,ziqian_normal_work_data.csv,577,2026-07-27T13:54:21.269,24.213006,0.23799999999951638,-0.11,0.49,0.85,-42.18,83.19,60.49,0.98726896031426,111.16999865071512,"-0.11,0.49,0.85,-42.18,83.19,60.49"
ziqian,normal_work,ziqian_normal_work_data.csv,578,2026-07-27T13:54:21.269,24.213065,0.059000000000253294,-0.11,0.47,0.83,-32.47,61.52,46.87,0.9601562372864116,83.87972460612875,"-0.11,0.47,0.83,-32.47,61.52,46.87"
ziqian,normal_work,ziqian_normal_work_data.csv,579,2026-07-27T13:54:21.269,24.213254,0.1889999999988845,-0.11,0.47,0.83,-16.85,41.63,18.62,0.9601562372864116,48.61773133333146,"-0.11,0.47,0.83,-16.85,41.63,18.62"
ziqian,normal_work,ziqian_normal_work_data.csv,580,2026-07-27T13:54:21.269,24.213281,0.026999999999333113,-0.1,0.5,0.84,-4.39,23.32,-13.55,0.9826494797230597,27.325757080088376,"-0.10,0.50,0.84,-4.39,23.32,-13.55"
ziqian,normal_work,ziqian_normal_work_data.csv,581,2026-07-27T13:54:21.269,24.213435,0.15400000000198588,-0.07,0.57,0.88,4.03,5.74,-42.66,1.0508092119885513,43.23267398623406,"-0.07,0.57,0.88,4.03,5.74,-42.66"
ziqian,normal_work,ziqian_normal_work_data.csv,582,2026-07-27T13:54:21.325,24.268597,55.16199999999927,-0.01,0.6,0.95,11.9,-13.06,-58.53,1.123654751247019,61.138649805176435,"-0.01,0.60,0.95,11.90,-13.06,-58.53"
ziqian,normal_work,ziqian_normal_work_data.csv,583,2026-07-27T13:54:21.325,24.268756,0.15900000000002024,0.02,0.59,1.04,15.99,-33.94,-45.9,1.195867885679685,59.282490669674125,"0.02,0.59,1.04,15.99,-33.94,-45.90"
ziqian,normal_work,ziqian_normal_work_data.csv,584,2026-07-27T13:54:21.325,24.268841,0.08499999999855845,-0.06,0.57,1.13,10.8,-54.75,-7.81,1.2670438035048353,56.34890061039345,"-0.06,0.57,1.13,10.80,-54.75,-7.81"
ziqian,normal_work,ziqian_normal_work_data.csv,585,2026-07-27T13:54:21.327,24.270604,1.7630000000004031,-0.17,0.58,1.18,3.97,-78.92,18.55,1.325782787639061,81.16791114720152,"-0.17,0.58,1.18,3.97,-78.92,18.55"
ziqian,normal_work,ziqian_normal_work_data.csv,586,2026-07-27T13:54:21.327,24.27086,0.256000000000256,-0.25,0.6,1.22,16.36,-111.88,3.54,1.3823530663329104,113.12522088376225,"-0.25,0.60,1.22,16.36,-111.88,3.54"
ziqian,normal_work,ziqian_normal_work_data.csv,587,2026-07-27T13:54:21.444,24.388577,117.71700000000251,-0.3,0.59,1.26,51.51,-147.89,-31.98,1.4232708807532037,159.835705022376,"-0.30,0.59,1.26,51.51,-147.89,-31.98"
ziqian,normal_work,ziqian_normal_work_data.csv,588,2026-07-27T13:54:21.445,24.388838,0.2609999999982904,-0.34,0.53,1.29,85.39,-172.91,-48.83,1.43547901412734,198.93136781312293,"-0.34,0.53,1.29,85.39,-172.91,-48.83"
ziqian,normal_work,ziqian_normal_work_data.csv,589,2026-07-27T13:54:21.448,24.392436,3.598000000000212,-0.36,0.46,1.26,96.68,-179.63,-37.35,1.3888124423405777,207.38606944537042,"-0.36,0.46,1.26,96.68,-179.63,-37.35"
ziqian,normal_work,ziqian_normal_work_data.csv,590,2026-07-27T13:54:22.225,25.169324,776.8879999999996,-0.33,0.42,1.17,86.3,-173.46,-12.02,1.2861570666135609,194.1147650231687,"-0.33,0.42,1.17,86.30,-173.46,-12.02"
ziqian,normal_work,ziqian_normal_work_data.csv,591,2026-07-27T13:54:22.344,25.287868,118.54399999999998,-0.31,0.4,1.05,67.2,-163.64,15.14,1.1655899793666724,177.54748435277813,"-0.31,0.40,1.05,67.20,-163.64,15.14"
ziqian,normal_work,ziqian_normal_work_data.csv,592,2026-07-27T13:54:22.345,25.288843,0.9750000000003922,-0.31,0.38,0.93,50.96,-153.69,38.09,1.0513800454640558,166.33816699723488,"-0.31,0.38,0.93,50.96,-153.69,38.09"
ziqian,normal_work,ziqian_normal_work_data.csv,593,2026-07-27T13:54:22.345,25.288974,0.13099999999965917,-0.32,0.35,0.81,40.95,-142.52,50.05,0.9386160024205853,156.505128989436,"-0.32,0.35,0.81,40.95,-142.52,50.05"
ziqian,normal_work,ziqian_normal_work_data.csv,594,2026-07-27T13:54:22.345,25.289241,0.2670000000009054,-0.32,0.32,0.69,35.4,-127.93,47.36,0.82516664983505,140.9333690081948,"-0.32,0.32,0.69,35.40,-127.93,47.36"
ziqian,normal_work,ziqian_normal_work_data.csv,595,2026-07-27T13:54:22.346,25.289701,0.460000000000349,-0.35,0.29,0.6,30.52,-106.38,34.48,0.7527283706623525,115.91826948328723,"-0.35,0.29,0.60,30.52,-106.38,34.48"
ziqian,normal_work,ziqian_normal_work_data.csv,596,2026-07-27T13:54:22.346,25.290256,0.5549999999985289,-0.4,0.29,0.56,20.02,-73.24,19.17,0.7467931440499438,78.30955816501584,"-0.40,0.29,0.56,20.02,-73.24,19.17"
ziqian,normal_work,ziqian_normal_work_data.csv,597,2026-07-27T13:54:22.347,25.290816,0.560000000000116,-0.45,0.31,0.58,-1.53,-28.63,3.3,0.7968688725254613,28.860142064792402,"-0.45,0.31,0.58,-1.53,-28.63,3.30"
ziqian,normal_work,ziqian_normal_work_data.csv,598,2026-07-27T13:54:22.348,25.2916,0.7839999999994518,-0.47,0.41,0.65,-26.92,24.66,-21.79,0.9008329478876758,42.51595112425453,"-0.47,0.41,0.65,-26.92,24.66,-21.79"
ziqian,normal_work,ziqian_normal_work_data.csv,599,2026-07-27T13:54:22.529,25.473032,181.43200000000093,-0.44,0.57,0.77,-42.48,82.95,-56.64,1.054229576515476,109.05660227606579,"-0.44,0.57,0.77,-42.48,82.95,-56.64"
ziqian,normal_work,ziqian_normal_work_data.csv,600,2026-07-27T13:54:22.529,25.473229,0.19700000000000273,-0.38,0.67,0.95,-46.02,140.14,-75.87,1.2230290266383705,165.87138662228637,"-0.38,0.67,0.95,-46.02,140.14,-75.87"
ziqian,normal_work,ziqian_normal_work_data.csv,601,2026-07-27T13:54:22.529,25.473502,0.2729999999999677,-0.33,0.7,1.15,-47.42,190.06,-59.63,1.3861457354838271,204.76131690336436,"-0.33,0.70,1.15,-47.42,190.06,-59.63"
ziqian,normal_work,ziqian_normal_work_data.csv,602,2026-07-27T13:54:22.530,25.473587,0.08499999999855845,-0.28,0.7,1.3,-54.93,223.94,-24.96,1.502797391533536,231.92548393826843,"-0.28,0.70,1.30,-54.93,223.94,-24.96"
ziqian,normal_work,ziqian_normal_work_data.csv,603,2026-07-27T13:54:22.530,25.473695,0.10800000000088517,-0.17,0.69,1.3,-63.23,233.28,1.53,1.4815532390029054,241.7021559688701,"-0.17,0.69,1.30,-63.23,233.28,1.53"
ziqian,normal_work,ziqian_normal_work_data.csv,604,2026-07-27T13:54:22.530,25.473805,0.10999999999938836,-0.03,0.64,1.19,-63.66,217.22,18.37,1.3515176654413363,227.10037626565043,"-0.03,0.64,1.19,-63.66,217.22,18.37"
ziqian,normal_work,ziqian_normal_work_data.csv,605,2026-07-27T13:54:22.530,25.473865,0.06000000000128125,0.03,0.55,1.06,-57.68,182.86,40.16,1.1945710527214362,195.90198467601087,"0.03,0.55,1.06,-57.68,182.86,40.16"
ziqian,normal_work,ziqian_normal_work_data.csv,606,2026-07-27T13:54:22.530,25.47413,0.2649999999988495,0.0,0.47,0.97,-53.65,143.19,67.38,1.0778682665335315,167.098064022298,"0.00,0.47,0.97,-53.65,143.19,67.38"
ziqian,normal_work,ziqian_normal_work_data.csv,607,2026-07-27T13:54:22.530,25.474215,0.08500000000211116,-0.07,0.43,0.92,-55.05,111.82,85.45,1.0179390944452424,151.1155762984081,"-0.07,0.43,0.92,-55.05,111.82,85.45"
ziqian,normal_work,ziqian_normal_work_data.csv,608,2026-07-27T13:54:22.530,25.474434,0.21899999999774877,-0.11,0.43,0.89,-55.66,93.02,83.07,0.9945350672550466,136.570058578006,"-0.11,0.43,0.89,-55.66,93.02,83.07"
ziqian,normal_work,ziqian_normal_work_data.csv,609,2026-07-27T13:54:22.531,25.474729,0.29500000000126647,-0.1,0.45,0.87,-49.8,80.2,56.88,0.9845811292118085,110.21530928142424,"-0.10,0.45,0.87,-49.80,80.20,56.88"
ziqian,normal_work,ziqian_normal_work_data.csv,610,2026-07-27T13:54:22.531,25.474776,0.04699999999857596,-0.05,0.5,0.87,-38.82,64.7,14.77,1.0046890066085128,76.88455826757412,"-0.05,0.50,0.87,-38.82,64.70,14.77"
ziqian,normal_work,ziqian_normal_work_data.csv,611,2026-07-27T13:54:22.534,25.478069,3.293000000002877,0.02,0.58,0.9,-27.71,42.54,-26.79,1.0708874824182044,57.403830882616184,"0.02,0.58,0.90,-27.71,42.54,-26.79"
ziqian,normal_work,ziqian_normal_work_data.csv,612,2026-07-27T13:54:22.708,25.65184,173.77099999999857,0.09,0.66,0.94,-18.19,12.15,-55.91,1.1520850663036997,60.036877833544935,"0.09,0.66,0.94,-18.19,12.15,-55.91"
ziqian,normal_work,ziqian_normal_work_data.csv,613,2026-07-27T13:54:22.708,25.651957,0.11699999999947863,0.13,0.71,1.0,-9.64,-25.51,-59.69,1.2332882874656679,65.62458228438487,"0.13,0.71,1.00,-9.64,-25.51,-59.69"
ziqian,normal_work,ziqian_normal_work_data.csv,614,2026-07-27T13:54:22.708,25.652,0.04300000000156956,0.04,0.7,1.04,-5.07,-63.6,-27.4,1.2542726976220122,69.43648104562904,"0.04,0.70,1.04,-5.07,-63.60,-27.40"
ziqian,normal_work,ziqian_normal_work_data.csv,615,2026-07-27T13:54:22.765,25.70885,56.85000000000073,-0.28,0.67,1.12,1.71,-112.79,38.33,1.3348033563038415,119.1373035618987,"-0.28,0.67,1.12,1.71,-112.79,38.33"
ziqian,normal_work,ziqian_normal_work_data.csv,616,2026-07-27T13:54:22.765,25.70918,0.3299999999981651,-0.32,0.66,1.18,19.9,-125.79,16.54,1.3893883546366725,128.42392962372708,"-0.32,0.66,1.18,19.90,-125.79,16.54"
ziqian,normal_work,ziqian_normal_work_data.csv,617,2026-07-27T13:54:22.765,25.70923,0.05000000000165983,-0.32,0.66,1.18,45.23,-137.51,-21.12,1.3893883546366725,146.29014799363625,"-0.32,0.66,1.18,45.23,-137.51,-21.12"
ziqian,normal_work,ziqian_normal_work_data.csv,618,2026-07-27T13:54:22.767,25.710683,1.4529999999979282,-0.27,0.63,1.23,66.71,-149.6,-39.18,1.4080838043241601,168.42047529917494,"-0.27,0.63,1.23,66.71,-149.60,-39.18"
ziqian,normal_work,ziqian_normal_work_data.csv,619,2026-07-27T13:54:22.767,25.710838,0.15499999999946112,-0.2,0.57,1.24,73.91,-160.83,-21.18,1.3793114224133722,178.26264162745935,"-0.20,0.57,1.24,73.91,-160.83,-21.18"
ziqian,normal_work,ziqian_normal_work_data.csv,620,2026-07-27T13:54:22.767,25.711364,0.5260000000006926,-0.17,0.49,1.19,64.15,-168.15,20.57,1.2981140165640304,181.14295432061385,"-0.17,0.49,1.19,64.15,-168.15,20.57"
ziqian,normal_work,ziqian_normal_work_data.csv,621,2026-07-27T13:54:22.767,25.711402,0.03799999999998249,-0.23,0.43,1.11,45.17,-166.56,58.41,1.2123943252918994,182.19300370760672,"-0.23,0.43,1.11,45.17,-166.56,58.41"
ziqian,normal_work,ziqian_normal_work_data.csv,622,2026-07-27T13:54:22.893,25.836696,125.29400000000024,-0.38,0.35,0.85,20.63,-124.63,63.54,0.9946858800646563,141.40567668944553,"-0.38,0.35,0.85,20.63,-124.63,63.54"
ziqian,normal_work,ziqian_normal_work_data.csv,623,2026-07-27T13:54:22.893,25.837134,0.43799999999905026,-0.38,0.29,0.72,19.23,-89.11,43.09,0.8642337646724987,100.83220269338561,"-0.38,0.29,0.72,19.23,-89.11,43.09"
ziqian,normal_work,ziqian_normal_work_data.csv,624,2026-07-27T13:54:23.008,25.951805,114.6710000000013,-0.38,0.23,0.63,19.23,-89.11,43.09,0.7708436936240707,100.83220269338561,"-0.38,0.23,0.63,19.23,-89.11,43.09"
ziqian,normal_work,ziqian_normal_work_data.csv,625,2026-07-27T13:54:23.244,26.188127,236.32200000000125,-0.4,0.19,0.61,15.75,-44.25,25.57,0.7537904218017101,53.478499417990406,"-0.40,0.19,0.61,15.75,-44.25,25.57"
ziqian,normal_work,ziqian_normal_work_data.csv,626,2026-07-27T13:54:23.244,26.188294,0.16699999999758575,-0.44,0.21,0.66,4.21,11.17,11.72,0.8205485969764374,16.728759667112204,"-0.44,0.21,0.66,4.21,11.17,11.72"
ziqian,normal_work,ziqian_normal_work_data.csv,627,2026-07-27T13:54:23.247,26.19152,3.2260000000015054,-0.48,0.33,0.79,-11.6,70.43,-9.22,0.9815294188153506,71.97189243030921,"-0.48,0.33,0.79,-11.60,70.43,-9.22"
ziqian,normal_work,ziqian_normal_work_data.csv,628,2026-07-27T13:54:23.248,26.191774,0.2539999999982001,-0.5,0.48,0.97,-23.86,124.57,-37.05,1.1921828718783039,132.13510888480775,"-0.50,0.48,0.97,-23.86,124.57,-37.05"
ziqian,normal_work,ziqian_normal_work_data.csv,629,2026-07-27T13:54:23.248,26.192119,0.3450000000029263,-0.49,0.6,1.14,-31.01,171.02,-56.95,1.3782960494755834,182.90096500565548,"-0.49,0.60,1.14,-31.01,171.02,-56.95"
ziqian,normal_work,ziqian_normal_work_data.csv,630,2026-07-27T13:54:23.248,26.1923,0.18099999999776628,-0.44,0.69,1.28,-36.68,204.16,-67.44,1.5192432326655267,218.11666969766432,"-0.44,0.69,1.28,-36.68,204.16,-67.44"
ziqian,normal_work,ziqian_normal_work_data.csv,631,2026-07-27T13:54:23.248,26.192396,0.09599999999920783,-0.34,0.72,1.35,-45.1,215.64,-73.36,1.567322557739791,232.19885701699738,"-0.34,0.72,1.35,-45.10,215.64,-73.36"
ziqian,normal_work,ziqian_normal_work_data.csv,632,2026-07-27T13:54:23.248,26.192494,0.09800000000126374,-0.2,0.67,1.31,-59.51,207.34,-63.9,1.4849242404917498,224.97672257369206,"-0.20,0.67,1.31,-59.51,207.34,-63.90"
ziqian,normal_work,ziqian_normal_work_data.csv,633,2026-07-27T13:54:23.305,26.249395,56.90099999999987,-0.12,0.58,1.17,-72.75,188.84,-31.07,1.3113733259449805,204.73996434501987,"-0.12,0.58,1.17,-72.75,188.84,-31.07"
ziqian,normal_work,ziqian_normal_work_data.csv,634,2026-07-27T13:54:23.365,26.309526,60.13100000000193,-0.1,0.5,1.03,-73.79,169.31,10.56,1.149304137293519,184.99284796986072,"-0.10,0.50,1.03,-73.79,169.31,10.56"
ziqian,normal_work,ziqian_normal_work_data.csv,635,2026-07-27T13:54:23.366,26.309686,0.15999999999749548,-0.05,0.44,0.94,-61.65,153.02,37.84,1.0390861369491944,169.25633961538932,"-0.05,0.44,0.94,-61.65,153.02,37.84"
ziqian,normal_work,ziqian_normal_work_data.csv,636,2026-07-27T13:54:23.428,26.371923,62.236999999999654,0.05,0.41,0.9,-47.42,136.05,44.49,0.9902524930541705,150.78998308906333,"0.05,0.41,0.90,-47.42,136.05,44.49"
ziqian,normal_work,ziqian_normal_work_data.csv,637,2026-07-27T13:54:23.487,26.431191,59.26799999999943,0.15,0.43,0.89,-41.75,108.95,40.83,0.9997499687421851,123.61332412001548,"0.15,0.43,0.89,-41.75,108.95,40.83"
ziqian,normal_work,ziqian_normal_work_data.csv,638,2026-07-27T13:54:23.487,26.431355,0.1640000000016073,0.2,0.47,0.89,-41.26,65.43,33.94,1.0261578825892241,84.47127381542201,"0.20,0.47,0.89,-41.26,65.43,33.94"
ziqian,normal_work,ziqian_normal_work_data.csv,639,2026-07-27T13:54:23.784,26.728355,297.00000000000057,0.14,0.53,0.89,-38.15,10.01,26.92,1.0452750834110607,47.75258108207346,"0.14,0.53,0.89,-38.15,10.01,26.92"
ziqian,normal_work,ziqian_normal_work_data.csv,640,2026-07-27T13:54:23.784,26.728576,0.22099999999980469,0.01,0.6,0.9,-31.13,-41.81,20.63,1.0817116066678771,56.06023456961271,"0.01,0.60,0.90,-31.13,-41.81,20.63"
ziqian,normal_work,ziqian_normal_work_data.csv,641,2026-07-27T13:54:23.785,26.729107,0.5309999999987269,-0.11,0.65,0.92,-18.98,-76.84,10.13,1.131812705353673,79.79500548279948,"-0.11,0.65,0.92,-18.98,-76.84,10.13"
ziqian,normal_work,ziqian_normal_work_data.csv,642,2026-07-27T13:54:23.785,26.729561,0.4540000000012867,-0.2,0.66,0.99,-2.81,-100.46,3.42,1.2065239326262864,100.5574666546448,"-0.20,0.66,0.99,-2.81,-100.46,3.42"
ziqian,normal_work,ziqian_normal_work_data.csv,643,2026-07-27T13:54:23.786,26.730222,0.6610000000009109,-0.34,0.73,1.12,10.68,-122.19,11.05,1.3794564146793475,123.15259233974737,"-0.34,0.73,1.12,10.68,-122.19,11.05"
ziqian,normal_work,ziqian_normal_work_data.csv,644,2026-07-27T13:54:23.787,26.730649,0.4269999999984009,-0.47,0.82,1.28,22.34,-140.93,18.62,1.5911316727411342,143.89942633659106,"-0.47,0.82,1.28,22.34,-140.93,18.62"
ziqian,normal_work,ziqian_normal_work_data.csv,645,2026-07-27T13:54:23.787,26.731223,0.5740000000002965,-0.47,0.83,1.38,36.74,-153.99,15.5,1.6775577486334112,159.06916011596968,"-0.47,0.83,1.38,36.74,-153.99,15.50"
ziqian,normal_work,ziqian_normal_work_data.csv,646,2026-07-27T13:54:23.964,26.908435,177.2120000000008,-0.4,0.76,1.4,49.5,-163.02,21.48,1.6424372134118246,171.71825994925527,"-0.40,0.76,1.40,49.50,-163.02,21.48"
ziqian,normal_work,ziqian_normal_work_data.csv,647,2026-07-27T13:54:23.965,26.908617,0.18199999999879424,-0.38,0.66,1.31,53.04,-172.49,48.1,1.5152887513606113,186.76094800573273,"-0.38,0.66,1.31,53.04,-172.49,48.10"
ziqian,normal_work,ziqian_normal_work_data.csv,648,2026-07-27T13:54:23.966,26.910119,1.5020000000021128,-0.41,0.56,1.15,48.89,-182.13,72.75,1.3432051220867198,202.12404978131622,"-0.41,0.56,1.15,48.89,-182.13,72.75"
ziqian,normal_work,ziqian_normal_work_data.csv,649,2026-07-27T13:54:23.967,26.910697,0.5779999999973029,-0.43,0.48,0.94,45.78,-181.58,77.39,1.1396929411029972,202.62358426402392,"-0.43,0.48,0.94,45.78,-181.58,77.39"
ziqian,normal_work,ziqian_normal_work_data.csv,650,2026-07-27T13:54:23.967,26.911039,0.34199999999984243,-0.44,0.39,0.73,48.22,-159.55,69.64,0.937336652436039,180.64080519085383,"-0.44,0.39,0.73,48.22,-159.55,69.64"
ziqian,normal_work,ziqian_normal_work_data.csv,651,2026-07-27T13:54:24.084,27.028379,117.34000000000222,-0.42,0.29,0.56,52.19,-116.64,62.44,0.7576938695805847,142.22320239679598,"-0.42,0.29,0.56,52.19,-116.64,62.44"
ziqian,normal_work,ziqian_normal_work_data.csv,652,2026-07-27T13:54:24.084,27.028503,0.1239999999995689,-0.39,0.2,0.44,50.35,-63.42,58.47,0.6210475022089695,99.87972667163243,"-0.39,0.20,0.44,50.35,-63.42,58.47"
ziqian,normal_work,ziqian_normal_work_data.csv,653,2026-07-27T13:54:24.085,27.02881,0.3069999999993911,-0.39,0.15,0.41,38.88,-8.97,51.45,0.585405842130056,65.10927583685753,"-0.39,0.15,0.41,38.88,-8.97,51.45"
ziqian,normal_work,ziqian_normal_work_data.csv,654,2026-07-27T13:54:24.145,27.089267,60.45699999999954,-0.44,0.17,0.5,20.75,46.57,36.25,0.687386354243376,62.557093123002446,"-0.44,0.17,0.50,20.75,46.57,36.25"
ziqian,normal_work,ziqian_normal_work_data.csv,655,2026-07-27T13:54:24.326,27.270045,180.7780000000001,-0.53,0.26,0.71,1.22,107.54,14.34,0.9233634170791044,108.49873547650222,"-0.53,0.26,0.71,1.22,107.54,14.34"
ziqian,normal_work,ziqian_normal_work_data.csv,656,2026-07-27T13:54:24.326,27.270215,0.17000000000066962,-0.6,0.43,1.05,-12.82,171.57,-8.61,1.2835108102388542,172.26360439744664,"-0.60,0.43,1.05,-12.82,171.57,-8.61"
ziqian,normal_work,ziqian_normal_work_data.csv,657,2026-07-27T13:54:24.326,27.270246,0.030999999999892225,-0.61,0.58,1.46,-18.01,231.38,-21.73,1.6852596239155555,233.09495361332898,"-0.61,0.58,1.46,-18.01,231.38,-21.73"
ziqian,normal_work,ziqian_normal_work_data.csv,658,2026-07-27T13:54:24.326,27.270385,0.1390000000007774,-0.49,0.62,1.72,-20.75,280.33,-17.76,1.8928549865216826,281.65739649439354,"-0.49,0.62,1.72,-20.75,280.33,-17.76"
ziqian,normal_work,ziqian_normal_work_data.csv,659,2026-07-27T13:54:24.327,27.270648,0.2630000000003463,-0.25,0.6,1.72,-27.95,298.4,-11.78,1.8387223825254315,299.9375449989547,"-0.25,0.60,1.72,-27.95,298.40,-11.78"
ziqian,normal_work,ziqian_normal_work_data.csv,660,2026-07-27T13:54:24.384,27.328573,57.92499999999734,-0.01,0.57,1.49,-40.59,264.71,-11.84,1.5953369550035503,268.06551027687243,"-0.01,0.57,1.49,-40.59,264.71,-11.84"
ziqian,normal_work,ziqian_normal_work_data.csv,661,2026-07-27T13:54:24.505,27.448682,120.10900000000291,0.09,0.53,1.17,-54.69,195.07,10.8,1.2875946567146044,202.87912903992859,"0.09,0.53,1.17,-54.69,195.07,10.80"
ziqian,normal_work,ziqian_normal_work_data.csv,662,2026-07-27T13:54:24.505,27.448954,0.27199999999893976,0.03,0.46,0.96,-62.26,130.49,70.86,1.0649413129370089,161.012692977914,"0.03,0.46,0.96,-62.26,130.49,70.86"
ziqian,normal_work,ziqian_normal_work_data.csv,663,2026-07-27T13:54:24.505,27.449448,0.4939999999997724,-0.12,0.36,0.86,-63.23,93.69,137.27,0.94,177.81704614575062,"-0.12,0.36,0.86,-63.23,93.69,137.27"
ziqian,normal_work,ziqian_normal_work_data.csv,664,2026-07-27T13:54:24.625,27.569065,119.61699999999809,-0.23,0.25,0.79,-64.51,82.95,172.12,0.8599418584997477,201.6619374101122,"-0.23,0.25,0.79,-64.51,82.95,172.12"
ziqian,normal_work,ziqian_normal_work_data.csv,665,2026-07-27T13:54:24.625,27.569268,0.20300000000261775,-0.26,0.18,0.73,-66.04,87.34,160.52,0.795550124127952,194.3096178782718,"-0.26,0.18,0.73,-66.04,87.34,160.52"
ziqian,normal_work,ziqian_normal_work_data.csv,666,2026-07-27T13:54:24.625,27.569499,0.2309999999994261,-0.21,0.18,0.75,-64.15,96.62,114.26,0.7993747556684537,162.80661688027303,"-0.21,0.18,0.75,-64.15,96.62,114.26"
ziqian,normal_work,ziqian_normal_work_data.csv,667,2026-07-27T13:54:24.744,27.688408,118.9089999999986,-0.11,0.25,0.85,-65.61,107.18,68.73,0.8928045698807774,143.2342047138183,"-0.11,0.25,0.85,-65.61,107.18,68.73"
ziqian,normal_work,ziqian_normal_work_data.csv,668,2026-07-27T13:54:24.745,27.688584,0.17599999999973193,-0.02,0.35,0.98,-77.15,114.69,52.49,1.0408169867945085,147.85505977138556,"-0.02,0.35,0.98,-77.15,114.69,52.49"
ziqian,normal_work,ziqian_normal_work_data.csv,669,2026-07-27T13:54:24.745,27.6892,0.6160000000008381,0.06,0.46,1.09,-89.72,108.15,52.43,1.1846096403457134,149.98335174278512,"0.06,0.46,1.09,-89.72,108.15,52.43"
ziqian,normal_work,ziqian_normal_work_data.csv,670,2026-07-27T13:54:24.806,27.749684,60.48399999999887,0.19,0.59,1.17,-84.72,70.92,26.12,1.3240468269664785,113.53140182346029,"0.19,0.59,1.17,-84.72,70.92,26.12"
ziqian,normal_work,ziqian_normal_work_data.csv,671,2026-07-27T13:54:24.806,27.74992,0.23600000000101318,0.25,0.69,1.24,-57.25,-2.93,-26.49,1.4409024949662625,63.14956452739797,"0.25,0.69,1.24,-57.25,-2.93,-26.49"
ziqian,normal_work,ziqian_normal_work_data.csv,672,2026-07-27T13:54:24.988,27.932298,182.37799999999993,0.12,0.74,1.27,-29.97,-86.36,-51.09,1.4747542168103809,104.72076489407438,"0.12,0.74,1.27,-29.97,-86.36,-51.09"
ziqian,normal_work,ziqian_normal_work_data.csv,673,2026-07-27T13:54:24.988,27.932505,0.20699999999962415,-0.1,0.73,1.26,-21.73,-144.65,-30.82,1.4596232390586277,149.48474102730353,"-0.10,0.73,1.26,-21.73,-144.65,-30.82"
ziqian,normal_work,ziqian_normal_work_data.csv,674,2026-07-27T13:54:24.989,27.932629,0.1239999999995689,-0.25,0.68,1.3,-17.27,-170.53,-8.0,1.4882540105774955,171.58885103642368,"-0.25,0.68,1.30,-17.27,-170.53,-8.00"
ziqian,normal_work,ziqian_normal_work_data.csv,675,2026-07-27T13:54:24.989,27.932819,0.18999999999991246,-0.26,0.6,1.4,0.55,-178.77,-10.38,1.5451860729374958,179.07194029216305,"-0.26,0.60,1.40,0.55,-178.77,-10.38"
ziqian,normal_work,ziqian_normal_work_data.csv,676,2026-07-27T13:54:25.046,27.99023,57.41100000000188,-0.12,0.49,1.56,21.79,-186.83,-22.89,1.6395426191471816,189.48404972450848,"-0.12,0.49,1.56,21.79,-186.83,-22.89"
ziqian,normal_work,ziqian_normal_work_data.csv,677,2026-07-27T13:54:25.048,27.991704,1.473999999998199,-0.0,0.4,1.69,29.17,-207.89,-11.96,1.7366922582887274,210.26693177958344,"-0.00,0.40,1.69,29.17,-207.89,-11.96"
ziqian,normal_work,ziqian_normal_work_data.csv,678,2026-07-27T13:54:25.285,28.229246,237.54200000000125,-0.26,0.32,1.42,-16.3,-261.96,76.35,1.4786480311419619,273.3460336277078,"-0.26,0.32,1.42,-16.30,-261.96,76.35"
ziqian,normal_work,ziqian_normal_work_data.csv,679,2026-07-27T13:54:25.285,28.229477,0.2309999999994261,-0.37,0.27,1.03,-36.19,-258.97,74.95,1.127253298952813,272.01595449532005,"-0.37,0.27,1.03,-36.19,-258.97,74.95"
ziqian,normal_work,ziqian_normal_work_data.csv,680,2026-07-27T13:54:25.285,28.229501,0.023999999999801958,-0.37,0.27,1.03,-35.34,-224.55,39.37,1.127253298952813,230.69810358995153,"-0.37,0.27,1.03,-35.34,-224.55,39.37"
ziqian,normal_work,ziqian_normal_work_data.csv,681,2026-07-27T13:54:25.286,28.229654,0.15300000000095793,-0.39,0.2,0.65,-21.42,-164.73,1.83,0.7839642849007855,166.12687380433064,"-0.39,0.20,0.65,-21.42,-164.73,1.83"
ziqian,normal_work,ziqian_normal_work_data.csv,682,2026-07-27T13:54:25.287,28.230773,1.118999999999204,-0.38,0.14,0.39,-5.92,-89.23,-22.4,0.5622277118748239,92.18893263293593,"-0.38,0.14,0.39,-5.92,-89.23,-22.40"
ziqian,normal_work,ziqian_normal_work_data.csv,683,2026-07-27T13:54:25.527,28.471243,240.47000000000196,-0.37,0.13,0.29,5.13,-8.73,-37.9,0.4877499359302879,39.229323216186124,"-0.37,0.13,0.29,5.13,-8.73,-37.90"
ziqian,normal_work,ziqian_normal_work_data.csv,684,2026-07-27T13:54:25.527,28.471352,0.10899999999836041,-0.38,0.17,0.36,12.33,64.94,-55.11,0.5503635162326805,86.06012200781498,"-0.38,0.17,0.36,12.33,64.94,-55.11"
ziqian,normal_work,ziqian_normal_work_data.csv,685,2026-07-27T13:54:25.527,28.471426,0.07400000000146179,-0.41,0.41,0.79,22.89,183.29,-101.32,0.9799489782636646,210.67728543912844,"-0.41,0.41,0.79,22.89,183.29,-101.32"
ziqian,normal_work,ziqian_normal_work_data.csv,686,2026-07-27T13:54:25.527,28.471486,0.05999999999772854,-0.45,0.56,1.1,27.22,242.43,-89.42,1.3138112497615477,259.8252676319222,"-0.45,0.56,1.10,27.22,242.43,-89.42"
ziqian,normal_work,ziqian_normal_work_data.csv,687,2026-07-27T13:54:25.528,28.471585,0.0990000000022917,-0.5,0.62,1.45,27.22,242.43,-89.42,1.6543578814754685,259.8252676319222,"-0.50,0.62,1.45,27.22,242.43,-89.42"
ziqian,normal_work,ziqian_normal_work_data.csv,688,2026-07-27T13:54:25.649,28.592727,121.14199999999897,-0.49,0.62,1.75,31.07,294.19,-54.63,1.9201562436426887,300.82808695332955,"-0.49,0.62,1.75,31.07,294.19,-54.63"
ziqian,normal_work,ziqian_normal_work_data.csv,689,2026-07-27T13:54:25.649,28.592849,0.1220000000010657,-0.35,0.59,1.85,20.08,318.91,-29.91,1.9730940170199698,320.93831588017036,"-0.35,0.59,1.85,20.08,318.91,-29.91"
ziqian,normal_work,ziqian_normal_work_data.csv,690,2026-07-27T13:54:25.649,28.59303,0.18099999999776628,-0.13,0.55,1.69,-8.79,309.45,-15.99,1.7819932659805422,309.98749442517834,"-0.13,0.55,1.69,-8.79,309.45,-15.99"
ziqian,normal_work,ziqian_normal_work_data.csv,691,2026-07-27T13:54:26.005,28.948944,355.91400000000203,0.02,0.49,1.43,-31.92,265.5,4.76,1.5117539482336402,267.45428394400415,"0.02,0.49,1.43,-31.92,265.50,4.76"
ziqian,normal_work,ziqian_normal_work_data.csv,692,2026-07-27T13:54:26.071,29.015322,66.37800000000027,0.03,0.4,1.24,-35.71,199.16,36.74,1.3032651303552936,205.644687021085,"0.03,0.40,1.24,-35.71,199.16,36.74"
ziqian,normal_work,ziqian_normal_work_data.csv,693,2026-07-27T13:54:26.072,29.015702,0.3799999999998249,-0.05,0.34,1.12,-33.81,138.31,69.09,1.1715374513859982,158.2599137495026,"-0.05,0.34,1.12,-33.81,138.31,69.09"
ziqian,normal_work,ziqian_normal_work_data.csv,694,2026-07-27T13:54:26.072,29.015761,0.059000000000253294,-0.09,0.34,1.02,-40.1,101.5,85.08,1.0789346597454361,138.379429107075,"-0.09,0.34,1.02,-40.10,101.50,85.08"
ziqian,normal_work,ziqian_normal_work_data.csv,695,2026-07-27T13:54:26.072,29.016026,0.2649999999988495,-0.06,0.39,0.89,-50.05,83.74,72.27,0.9735502041497398,121.40981426556914,"-0.06,0.39,0.89,-50.05,83.74,72.27"
ziqian,normal_work,ziqian_normal_work_data.csv,696,2026-07-27T13:54:26.073,29.016583,0.5570000000005848,0.02,0.45,0.79,-52.67,73.06,37.9,0.9093954035511727,97.71541587692292,"0.02,0.45,0.79,-52.67,73.06,37.90"
ziqian,normal_work,ziqian_normal_work_data.csv,697,2026-07-27T13:54:26.073,29.016786,0.20299999999906504,0.08,0.48,0.76,-43.03,64.88,3.36,0.9024411338142783,77.92486701945663,"0.08,0.48,0.76,-43.03,64.88,3.36"
ziqian,normal_work,ziqian_normal_work_data.csv,698,2026-07-27T13:54:26.073,29.017554,0.7680000000007681,0.11,0.49,0.84,-25.15,50.78,-22.4,0.9786725703727472,60.93349571459034,"0.11,0.49,0.84,-25.15,50.78,-22.40"
ziqian,normal_work,ziqian_normal_work_data.csv,699,2026-07-27T13:54:26.074,29.017621,0.0669999999978188,0.13,0.48,1.0,-5.19,16.97,-42.42,1.1168258592994702,45.98231616610891,"0.13,0.48,1.00,-5.19,16.97,-42.42"
ziqian,normal_work,ziqian_normal_work_data.csv,700,2026-07-27T13:54:26.074,29.018047,0.42600000000092564,0.12,0.47,1.2,10.44,-36.13,-50.48,1.2943338054767788,62.94919300515297,"0.12,0.47,1.20,10.44,-36.13,-50.48"
ziqian,normal_work,ziqian_normal_work_data.csv,701,2026-07-27T13:54:26.126,29.06967,51.62299999999931,-0.0,0.5,1.34,14.16,-94.24,-37.41,1.43024473430249,102.37768946406243,"-0.00,0.50,1.34,14.16,-94.24,-37.41"
ziqian,normal_work,ziqian_normal_work_data.csv,702,2026-07-27T13:54:26.126,29.07,0.3300000000017178,-0.2,0.56,1.45,12.02,-145.45,-14.71,1.5671949463930772,146.68526510866727,"-0.20,0.56,1.45,12.02,-145.45,-14.71"
ziqian,normal_work,ziqian_normal_work_data.csv,703,2026-07-27T13:54:26.246,29.189664,119.66400000000021,-0.37,0.58,1.56,19.29,-185.91,-4.52,1.704963342714441,186.9627305106555,"-0.37,0.58,1.56,19.29,-185.91,-4.52"
ziqian,normal_work,ziqian_normal_work_data.csv,704,2026-07-27T13:54:26.246,29.189929,0.2649999999988495,-0.45,0.54,1.62,37.72,-216.43,-11.05,1.7659275183313727,219.97010205934805,"-0.45,0.54,1.62,37.72,-216.43,-11.05"
ziqian,normal_work,ziqian_normal_work_data.csv,705,2026-07-27T13:54:26.246,29.189966,0.036999999998954536,-0.49,0.44,1.61,57.01,-239.93,-23.5,1.739482681718907,247.7272592994158,"-0.49,0.44,1.61,57.01,-239.93,-23.50"
ziqian,normal_work,ziqian_normal_work_data.csv,706,2026-07-27T13:54:26.308,29.252134,62.16800000000333,-0.5,0.36,1.5,66.41,-258.42,-33.02,1.621604144049959,268.85219898672955,"-0.50,0.36,1.50,66.41,-258.42,-33.02"
ziqian,normal_work,ziqian_normal_work_data.csv,707,2026-07-27T13:54:26.365,29.308891,56.756999999997504,-0.51,0.33,1.3,59.02,-266.36,-36.5,1.4349216006458332,275.2512670270566,"-0.51,0.33,1.30,59.02,-266.36,-36.50"
ziqian,normal_work,ziqian_normal_work_data.csv,708,2026-07-27T13:54:26.365,29.309129,0.23799999999951638,-0.48,0.34,1.03,40.53,-252.87,-33.81,1.1861281549647154,258.3196351422013,"-0.48,0.34,1.03,40.53,-252.87,-33.81"
ziqian,normal_work,ziqian_normal_work_data.csv,709,2026-07-27T13:54:26.426,29.370089,60.96000000000146,-0.42,0.33,0.8,25.02,-214.84,-24.23,0.9619251530134765,217.64493768521243,"-0.42,0.33,0.80,25.02,-214.84,-24.23"
ziqian,normal_work,ziqian_normal_work_data.csv,710,2026-07-27T13:54:26.548,29.49189,121.80100000000138,-0.35,0.29,0.66,20.39,-162.78,-8.97,0.8013738203859669,164.29711318218588,"-0.35,0.29,0.66,20.39,-162.78,-8.97"
ziqian,normal_work,ziqian_normal_work_data.csv,711,2026-07-27T13:54:26.548,29.492083,0.19299999999944362,-0.33,0.22,0.58,21.91,-109.8,7.26,0.7026378868236468,112.19980258449655,"-0.33,0.22,0.58,21.91,-109.80,7.26"
ziqian,normal_work,ziqian_normal_work_data.csv,712,2026-07-27T13:54:26.548,29.492168,0.08499999999855845,-0.37,0.15,0.56,19.23,-59.88,19.78,0.687749954561976,65.92917184372939,"-0.37,0.15,0.56,19.23,-59.88,19.78"
ziqian,normal_work,ziqian_normal_work_data.csv,713,2026-07-27T13:54:26.610,29.554352,62.184000000002015,-0.42,0.12,0.59,8.06,-8.3,23.5,0.7340980860893181,26.19357936594386,"-0.42,0.12,0.59,8.06,-8.30,23.50"
ziqian,normal_work,ziqian_normal_work_data.csv,714,2026-07-27T13:54:26.611,29.554763,0.41099999999971715,-0.47,0.17,0.68,-8.36,48.52,11.29,0.8439194274336858,50.51281124625713,"-0.47,0.17,0.68,-8.36,48.52,11.29"
ziqian,normal_work,ziqian_normal_work_data.csv,715,2026-07-27T13:54:26.666,29.609642,54.87899999999968,-0.51,0.32,0.84,-24.84,106.63,-18.13,1.0334892355511014,110.97603074538213,"-0.51,0.32,0.84,-24.84,106.63,-18.13"
ziqian,normal_work,ziqian_normal_work_data.csv,716,2026-07-27T13:54:26.786,29.730474,120.83200000000005,-0.53,0.51,1.05,-34.91,161.07,-52.19,1.281990639591413,172.87581988236525,"-0.53,0.51,1.05,-34.91,161.07,-52.19"
ziqian,normal_work,ziqian_normal_work_data.csv,717,2026-07-27T13:54:26.787,29.731011,0.5369999999977892,-0.54,0.67,1.27,-35.64,208.92,-78.49,1.534079528577316,226.00543378423447,"-0.54,0.67,1.27,-35.64,208.92,-78.49"
ziqian,normal_work,ziqian_normal_work_data.csv,718,2026-07-27T13:54:26.787,29.731462,0.45100000000175555,-0.48,0.78,1.45,-36.5,241.03,-95.95,1.715021865749822,261.981131763339,"-0.48,0.78,1.45,-36.50,241.03,-95.95"
ziqian,normal_work,ziqian_normal_work_data.csv,719,2026-07-27T13:54:26.845,29.788655,57.19299999999805,-0.33,0.79,1.47,-49.13,249.88,-92.9,1.7011466721009096,271.07965858765573,"-0.33,0.79,1.47,-49.13,249.88,-92.90"
ziqian,normal_work,ziqian_normal_work_data.csv,720,2026-07-27T13:54:26.845,29.788811,0.15600000000048908,-0.18,0.7,1.37,-67.81,239.32,-50.72,1.5489673979784082,253.8597583312487,"-0.18,0.70,1.37,-67.81,239.32,-50.72"
ziqian,normal_work,ziqian_normal_work_data.csv,721,2026-07-27T13:54:26.909,29.853369,64.55800000000167,-0.11,0.57,1.22,-76.11,215.58,17.15,1.351073647141413,229.26314793267585,"-0.11,0.57,1.22,-76.11,215.58,17.15"
ziqian,normal_work,ziqian_normal_work_data.csv,722,2026-07-27T13:54:26.966,29.910131,56.76199999999909,-0.09,0.44,1.09,-70.98,183.23,74.28,1.1788977903109328,210.0688261023039,"-0.09,0.44,1.09,-70.98,183.23,74.28"
ziqian,normal_work,ziqian_normal_work_data.csv,723,2026-07-27T13:54:26.966,29.910331,0.19999999999953388,-0.09,0.37,1.01,-60.97,146.3,97.84,1.0793979803575695,186.2624398530203,"-0.09,0.37,1.01,-60.97,146.30,97.84"
ziqian,normal_work,ziqian_normal_work_data.csv,724,2026-07-27T13:54:27.084,30.028411,118.07999999999907,-0.08,0.36,0.93,-50.72,108.03,87.46,1.000449898795537,147.9603017704411,"-0.08,0.36,0.93,-50.72,108.03,87.46"
ziqian,normal_work,ziqian_normal_work_data.csv,725,2026-07-27T13:54:27.085,30.02859,0.1790000000028158,-0.05,0.39,0.87,-38.94,72.39,56.34,0.954725091322104,99.65355638410503,"-0.05,0.39,0.87,-38.94,72.39,56.34"
ziqian,normal_work,ziqian_normal_work_data.csv,726,2026-07-27T13:54:27.085,30.029091,0.5009999999998627,-0.02,0.43,0.83,-25.88,41.32,21.55,0.934986630920464,53.30590305022512,"-0.02,0.43,0.83,-25.88,41.32,21.55"
ziqian,normal_work,ziqian_normal_work_data.csv,727,2026-07-27T13:54:27.146,30.089693,60.60199999999938,-0.02,0.47,0.83,-13.73,14.4,-6.1,0.9540440241414438,20.810643911229658,"-0.02,0.47,0.83,-13.73,14.40,-6.10"
ziqian,normal_work,ziqian_normal_work_data.csv,728,2026-07-27T13:54:27.207,30.150633,60.93999999999866,-0.03,0.51,0.89,-1.83,-11.72,-28.32,1.0262066068779718,30.703903660609672,"-0.03,0.51,0.89,-1.83,-11.72,-28.32"
ziqian,normal_work,ziqian_normal_work_data.csv,729,2026-07-27T13:54:27.207,30.150784,0.15100000000245473,-0.02,0.54,1.0,10.86,-41.63,-44.98,1.1366617790706257,62.24304700125147,"-0.02,0.54,1.00,10.86,-41.63,-44.98"
ziqian,normal_work,ziqian_normal_work_data.csv,730,2026-07-27T13:54:27.266,30.209907,59.12299999999959,-0.06,0.55,1.12,19.17,-74.65,-41.93,1.249199743836029,87.73959368494933,"-0.06,0.55,1.12,19.17,-74.65,-41.93"
ziqian,normal_work,ziqian_normal_work_data.csv,731,2026-07-27T13:54:27.385,30.329023,119.11599999999822,-0.18,0.55,1.21,19.35,-105.83,-18.07,1.341268056728408,109.0914125859593,"-0.18,0.55,1.21,19.35,-105.83,-18.07"
ziqian,normal_work,ziqian_normal_work_data.csv,732,2026-07-27T13:54:27.385,30.329141,0.11800000000050659,-0.31,0.56,1.26,20.63,-133.3,-2.01,1.413258645825314,134.90191622063787,"-0.31,0.56,1.26,20.63,-133.30,-2.01"
ziqian,normal_work,ziqian_normal_work_data.csv,733,2026-07-27T13:54:27.385,30.32926,0.11900000000153454,-0.37,0.56,1.3,35.28,-157.84,-11.29,1.4630447703334304,162.12836920169153,"-0.37,0.56,1.30,35.28,-157.84,-11.29"
ziqian,normal_work,ziqian_normal_work_data.csv,734,2026-07-27T13:54:27.447,30.391172,61.91199999999952,-0.38,0.53,1.33,58.78,-176.09,-26.98,1.481283227475421,187.59183590977514,"-0.38,0.53,1.33,58.78,-176.09,-26.98"
ziqian,normal_work,ziqian_normal_work_data.csv,735,2026-07-27T13:54:27.447,30.391206,0.03399999999942338,-0.37,0.47,1.32,75.93,-184.33,-27.28,1.4492066795319432,201.2140954307128,"-0.37,0.47,1.32,75.93,-184.33,-27.28"
ziqian,normal_work,ziqian_normal_work_data.csv,736,2026-07-27T13:54:27.507,30.450788,59.581999999998914,-0.38,0.41,1.26,78.67,-184.75,-14.28,1.3784411485442534,201.30933858119946,"-0.38,0.41,1.26,78.67,-184.75,-14.28"
ziqian,normal_work,ziqian_normal_work_data.csv,737,2026-07-27T13:54:27.565,30.509006,58.2180000000001,-0.38,0.36,1.13,68.42,-179.57,-1.71,1.245351356043747,192.1707714508114,"-0.38,0.36,1.13,68.42,-179.57,-1.71"
ziqian,normal_work,ziqian_normal_work_data.csv,738,2026-07-27T13:54:27.565,30.509194,0.18800000000140926,-0.35,0.32,0.98,52.67,-167.42,5.74,1.0887148386974432,175.6033396607251,"-0.35,0.32,0.98,52.67,-167.42,5.74"
ziqian,normal_work,ziqian_normal_work_data.csv,739,2026-07-27T13:54:27.625,30.568884,59.6899999999998,-0.32,0.29,0.85,38.33,-146.85,12.7,0.9534149149242421,152.30036572510258,"-0.32,0.29,0.85,38.33,-146.85,12.70"
ziqian,normal_work,ziqian_normal_work_data.csv,740,2026-07-27T13:54:27.689,30.632767,63.88300000000058,-0.31,0.26,0.75,27.53,-120.36,20.08,0.8521736912155878,125.09051482826345,"-0.31,0.26,0.75,27.53,-120.36,20.08"
ziqian,normal_work,ziqian_normal_work_data.csv,741,2026-07-27T13:54:27.805,30.749501,116.73399999999745,-0.38,0.18,0.65,1.83,-23.5,13.85,0.7741446893184762,27.339008760377542,"-0.38,0.18,0.65,1.83,-23.50,13.85"
ziqian,normal_work,ziqian_normal_work_data.csv,742,2026-07-27T13:54:27.806,30.749825,0.3240000000026555,-0.42,0.26,0.71,-14.53,19.04,0.18,0.8649277426467485,23.951511434562956,"-0.42,0.26,0.71,-14.53,19.04,0.18"
ziqian,normal_work,ziqian_normal_work_data.csv,743,2026-07-27T13:54:27.868,30.812502,62.67699999999721,-0.42,0.26,0.71,-31.07,60.85,-28.08,0.8649277426467485,73.86848989927978,"-0.42,0.26,0.71,-31.07,60.85,-28.08"
ziqian,normal_work,ziqian_normal_work_data.csv,744,2026-07-27T13:54:27.925,30.869219,56.71700000000257,-0.45,0.43,0.8,-39.12,95.7,-64.09,1.0136074190730848,121.64042296868257,"-0.45,0.43,0.80,-39.12,95.70,-64.09"
ziqian,normal_work,ziqian_normal_work_data.csv,745,2026-07-27T13:54:27.926,30.87049,1.270999999999134,-0.48,0.6,0.9,-38.82,128.42,-83.44,1.1833849753989611,157.99026045930805,"-0.48,0.60,0.90,-38.82,128.42,-83.44"
ziqian,normal_work,ziqian_normal_work_data.csv,746,2026-07-27T13:54:27.986,30.930248,59.757999999998646,-0.49,0.71,1.02,-42.54,162.48,-78.25,1.3358892169637422,185.29021695707522,"-0.49,0.71,1.02,-42.54,162.48,-78.25"
ziqian,normal_work,ziqian_normal_work_data.csv,747,2026-07-27T13:54:28.048,30.992477,62.22900000000209,-0.47,0.77,1.13,-55.05,190.67,-58.35,1.4459253092743067,206.85810088077287,"-0.47,0.77,1.13,-55.05,190.67,-58.35"
ziqian,normal_work,ziqian_normal_work_data.csv,748,2026-07-27T13:54:28.225,31.169401,176.92399999999964,-0.29,0.76,1.19,-59.39,206.24,7.08,1.441457595630201,214.73759824492777,"-0.29,0.76,1.19,-59.39,206.24,7.08"
ziqian,normal_work,ziqian_normal_work_data.csv,749,2026-07-27T13:54:28.225,31.169556,0.15499999999946112,-0.2,0.65,1.15,-44.07,190.8,34.3,1.3360389215887387,198.80466518671037,"-0.20,0.65,1.15,-44.07,190.80,34.30"
ziqian,normal_work,ziqian_normal_work_data.csv,750,2026-07-27T13:54:28.226,31.169706,0.15000000000142677,-0.15,0.52,1.11,-44.07,190.8,34.3,1.234908903522847,198.80466518671037,"-0.15,0.52,1.11,-44.07,190.80,34.30"
ziqian,normal_work,ziqian_normal_work_data.csv,751,2026-07-27T13:54:28.227,31.171245,1.5389999999975146,-0.09,0.44,1.05,-30.27,162.05,42.24,1.1420157617125957,170.17841520004822,"-0.09,0.44,1.05,-30.27,162.05,42.24"
ziqian,normal_work,ziqian_normal_work_data.csv,752,2026-07-27T13:54:28.285,31.22916,57.91500000000127,-0.02,0.43,0.97,-20.57,123.6,25.76,1.0612257064357233,127.92053197200205,"-0.02,0.43,0.97,-20.57,123.60,25.76"
ziqian,normal_work,ziqian_normal_work_data.csv,753,2026-07-27T13:54:28.286,31.229603,0.44300000000063733,0.07,0.46,0.88,-10.68,78.86,-9.4,0.9954396013822235,80.1331516914192,"0.07,0.46,0.88,-10.68,78.86,-9.40"
ziqian,normal_work,ziqian_normal_work_data.csv,754,2026-07-27T13:54:28.345,31.289577,59.974000000000416,0.13,0.48,0.82,-0.67,33.57,-39.73,0.9590099061010787,52.01794594176129,"0.13,0.48,0.82,-0.67,33.57,-39.73"
ziqian,normal_work,ziqian_normal_work_data.csv,755,2026-07-27T13:54:28.406,31.350036,60.45899999999804,0.12,0.49,0.82,6.9,-6.29,-45.9,0.9627564593395361,46.83998398804167,"0.12,0.49,0.82,6.90,-6.29,-45.90"
ziqian,normal_work,ziqian_normal_work_data.csv,756,2026-07-27T13:54:28.406,31.350151,0.11500000000097543,0.05,0.5,0.91,13.18,-40.83,-37.96,1.0395191195932858,57.286672970246755,"0.05,0.50,0.91,13.18,-40.83,-37.96"
ziqian,normal_work,ziqian_normal_work_data.csv,757,2026-07-27T13:54:28.469,31.413464,63.31300000000084,-0.01,0.49,1.08,19.1,-74.71,-29.72,1.186001686339442,82.64183262730806,"-0.01,0.49,1.08,19.10,-74.71,-29.72"
ziqian,normal_work,ziqian_normal_work_data.csv,758,2026-07-27T13:54:28.588,31.532332,118.86799999999909,-0.13,0.47,1.31,22.28,-111.57,-16.24,1.3978197308666094,114.92606710402997,"-0.13,0.47,1.31,22.28,-111.57,-16.24"
ziqian,normal_work,ziqian_normal_work_data.csv,759,2026-07-27T13:54:28.589,31.532614,0.2819999999985612,-0.28,0.39,1.56,17.64,-149.66,3.23,1.6322070947033653,150.7306143422762,"-0.28,0.39,1.56,17.64,-149.66,3.23"
ziqian,normal_work,ziqian_normal_work_data.csv,760,2026-07-27T13:54:28.589,31.532887,0.2729999999999677,-0.43,0.21,1.75,-3.17,-183.41,13.12,1.8142491559871263,183.90598522071,"-0.43,0.21,1.75,-3.17,-183.41,13.12"
ziqian,normal_work,ziqian_normal_work_data.csv,761,2026-07-27T13:54:28.648,31.592161,59.27400000000205,-0.57,-0.03,1.79,-39.92,-212.22,-4.09,1.8788028103023477,215.9807002951884,"-0.57,-0.03,1.79,-39.92,-212.22,-4.09"
ziqian,normal_work,ziqian_normal_work_data.csv,762,2026-07-27T13:54:28.648,31.592394,0.2329999999979293,-0.68,-0.21,1.64,-77.27,-233.89,-49.74,1.7877639665235452,251.29515037103283,"-0.68,-0.21,1.64,-77.27,-233.89,-49.74"
ziqian,normal_work,ziqian_normal_work_data.csv,763,2026-07-27T13:54:28.705,31.649138,56.744000000001904,-0.67,-0.26,1.34,-94.36,-236.02,-97.78,1.5205591076969025,272.34202466751253,"-0.67,-0.26,1.34,-94.36,-236.02,-97.78"
ziqian,normal_work,ziqian_normal_work_data.csv,764,2026-07-27T13:54:28.829,31.773181,124.04300000000035,-0.57,-0.24,1.06,-88.5,-215.27,-119.57,1.22723265927859,261.6685074669858,"-0.57,-0.24,1.06,-88.50,-215.27,-119.57"
ziqian,normal_work,ziqian_normal_work_data.csv,765,2026-07-27T13:54:28.830,31.773682,0.5009999999998627,-0.41,-0.21,0.87,-76.6,-181.95,-117.55,0.9844287683728061,229.76371558625175,"-0.41,-0.21,0.87,-76.60,-181.95,-117.55"
ziqian,normal_work,ziqian_normal_work_data.csv,766,2026-07-27T13:54:28.830,31.77427,0.588000000000477,-0.24,-0.2,0.79,-60.55,-144.96,-112.37,0.8495292814258966,193.1494783839708,"-0.24,-0.20,0.79,-60.55,-144.96,-112.37"
ziqian,normal_work,ziqian_normal_work_data.csv,767,2026-07-27T13:54:29.070,32.014417,240.14700000000033,-0.1,-0.2,0.8,-33.26,-112.43,-109.99,0.8306623862918076,160.7623482038005,"-0.10,-0.20,0.80,-33.26,-112.43,-109.99"
ziqian,normal_work,ziqian_normal_work_data.csv,768,2026-07-27T13:54:29.071,32.014586,0.16899999999964166,-0.02,-0.21,0.79,-8.85,-86.98,-94.6,0.8176796438703853,128.8138303909949,"-0.02,-0.21,0.79,-8.85,-86.98,-94.60"
ziqian,normal_work,ziqian_normal_work_data.csv,769,2026-07-27T13:54:29.125,32.069092,54.50599999999639,-0.01,-0.23,0.74,-5.74,-58.84,-56.64,0.7749838707999025,81.8729674556871,"-0.01,-0.23,0.74,-5.74,-58.84,-56.64"
ziqian,normal_work,ziqian_normal_work_data.csv,770,2026-07-27T13:54:29.125,32.069268,0.17600000000328464,-0.02,-0.21,0.67,-20.69,-21.79,-16.78,0.7024243731534379,34.415819037181144,"-0.02,-0.21,0.67,-20.69,-21.79,-16.78"
ziqian,normal_work,ziqian_normal_work_data.csv,771,2026-07-27T13:54:29.126,32.06972,0.4519999999956781,0.01,-0.16,0.64,-34.0,20.32,-3.66,0.6597726881282674,39.778109557896286,"0.01,-0.16,0.64,-34.00,20.32,-3.66"
ziqian,normal_work,ziqian_normal_work_data.csv,772,2026-07-27T13:54:29.126,32.070082,0.362000000002638,0.06,-0.06,0.66,-35.1,59.63,-19.65,0.665432190384565,71.92961420722344,"0.06,-0.06,0.66,-35.10,59.63,-19.65"
ziqian,normal_work,ziqian_normal_work_data.csv,773,2026-07-27T13:54:29.127,32.071304,1.221999999998502,0.12,0.1,0.67,-29.36,87.16,-46.14,0.6879680225126746,102.8969134619693,"0.12,0.10,0.67,-29.36,87.16,-46.14"
ziqian,normal_work,ziqian_normal_work_data.csv,774,2026-07-27T13:54:29.127,32.071383,0.07899999999949614,0.1,0.33,0.59,-17.58,94.67,-69.89,0.6833739825307955,118.97931500895439,"0.10,0.33,0.59,-17.58,94.67,-69.89"
ziqian,normal_work,ziqian_normal_work_data.csv,775,2026-07-27T13:54:29.186,32.129765,58.38200000000171,-0.0,0.63,0.6,15.69,81.05,-108.15,0.87,136.0577123870602,"-0.00,0.63,0.60,15.69,81.05,-108.15"
ziqian,normal_work,ziqian_normal_work_data.csv,776,2026-07-27T13:54:29.307,32.250686,120.92100000000272,-0.2,0.93,1.16,74.89,63.23,-149.6,1.500166657408436,178.8482736847074,"-0.20,0.93,1.16,74.89,63.23,-149.60"
ziqian,normal_work,ziqian_normal_work_data.csv,777,2026-07-27T13:54:29.307,32.251369,0.6829999999951042,-0.34,1.11,2.27,143.31,75.26,-121.89,2.5496274237621463,202.63019468973522,"-0.34,1.11,2.27,143.31,75.26,-121.89"
ziqian,normal_work,ziqian_normal_work_data.csv,778,2026-07-27T13:54:29.308,32.251618,0.24900000000371847,-0.06,1.16,2.9,185.73,108.89,-25.15,3.1239718308589146,216.76066871090796,"-0.06,1.16,2.90,185.73,108.89,-25.15"
ziqian,normal_work,ziqian_normal_work_data.csv,779,2026-07-27T13:54:29.367,32.311464,59.84600000000029,0.31,1.02,2.26,134.4,124.39,76.66,2.4988197213884797,198.52704526084096,"0.31,1.02,2.26,134.40,124.39,76.66"
ziqian,normal_work,ziqian_normal_work_data.csv,780,2026-07-27T13:54:29.369,32.31344,1.9759999999990896,0.17,0.54,0.9,9.64,107.67,137.63,1.0632497354808041,175.00792953463565,"0.17,0.54,0.90,9.64,107.67,137.63"
ziqian,normal_work,ziqian_normal_work_data.csv,781,2026-07-27T13:54:29.546,32.489872,176.43199999999837,-0.18,-0.04,-0.03,-55.36,63.66,100.22,0.18681541692269402,131.0014259464377,"-0.18,-0.04,-0.03,-55.36,63.66,100.22"
ziqian,normal_work,ziqian_normal_work_data.csv,782,2026-07-27T13:54:29.546,32.489986,0.11400000000350019,-0.21,-0.35,-0.22,-37.35,29.54,-2.32,0.4636809247747852,47.67616280700451,"-0.21,-0.35,-0.22,-37.35,29.54,-2.32"
ziqian,normal_work,ziqian_normal_work_data.csv,783,2026-07-27T13:54:29.546,32.4901,0.11399999999639476,-0.03,-0.38,-0.15,-25.45,34.42,-38.57,0.40963398296528086,57.62016834407897,"-0.03,-0.38,-0.15,-25.45,34.42,-38.57"
ziqian,normal_work,ziqian_normal_work_data.csv,784,2026-07-27T13:54:29.546,32.490218,0.11800000000050659,0.02,-0.24,-0.13,-54.69,54.38,41.02,0.27367864366808015,87.35457000065881,"0.02,-0.24,-0.13,-54.69,54.38,41.02"
ziqian,normal_work,ziqian_normal_work_data.csv,785,2026-07-27T13:54:29.725,32.66914,178.92200000000003,-0.09,0.01,-0.15,-96.8,64.39,154.97,0.1752141546793523,193.73180688776947,"-0.09,0.01,-0.15,-96.80,64.39,154.97"
ziqian,normal_work,ziqian_normal_work_data.csv,786,2026-07-27T13:54:29.725,32.669331,0.19100000000094042,-0.31,0.28,0.16,-101.07,72.94,195.37,0.4473253849269009,231.7430158602412,"-0.31,0.28,0.16,-101.07,72.94,195.37"
ziqian,normal_work,ziqian_normal_work_data.csv,787,2026-07-27T13:54:29.726,32.669636,0.3049999999973352,-0.62,0.56,1.18,-25.88,91.37,142.09,1.4458215657542253,170.90295316348397,"-0.62,0.56,1.18,-25.88,91.37,142.09"
ziqian,normal_work,ziqian_normal_work_data.csv,788,2026-07-27T13:54:29.726,32.669863,0.2270000000024197,-0.74,0.78,2.54,88.75,105.35,39.67,2.7581878108642277,143.34885384962098,"-0.74,0.78,2.54,88.75,105.35,39.67"
ziqian,normal_work,ziqian_normal_work_data.csv,789,2026-07-27T13:54:29.726,32.670564,0.7009999999993966,-0.33,0.85,2.96,117.92,114.81,-57.8,3.0972568508278417,174.4342354585246,"-0.33,0.85,2.96,117.92,114.81,-57.80"
ziqian,normal_work,ziqian_normal_work_data.csv,790,2026-07-27T13:54:29.794,32.738141,67.577,0.19,0.95,2.22,27.53,97.11,-85.82,2.4221890925359237,132.4889633139304,"0.19,0.95,2.22,27.53,97.11,-85.82"
ziqian,normal_work,ziqian_normal_work_data.csv,791,2026-07-27T13:54:29.906,32.849603,111.46200000000306,0.25,1.06,1.21,-59.63,8.3,-36.44,1.6279434879626504,70.3740044334554,"0.25,1.06,1.21,-59.63,8.30,-36.44"
ziqian,normal_work,ziqian_normal_work_data.csv,792,2026-07-27T13:54:29.906,32.849807,0.20399999999654028,0.04,0.9,0.44,-56.15,-99.55,26.73,1.0025966287595427,117.37767206756146,"0.04,0.90,0.44,-56.15,-99.55,26.73"
ziqian,normal_work,ziqian_normal_work_data.csv,793,2026-07-27T13:54:29.906,32.850043,0.23600000000101318,-0.21,0.56,0.1,-7.2,-152.22,78.67,0.6063827174318213,171.4985052412994,"-0.21,0.56,0.10,-7.20,-152.22,78.67"
ziqian,normal_work,ziqian_normal_work_data.csv,794,2026-07-27T13:54:29.968,32.912538,62.49499999999841,-0.39,0.34,0.07,7.08,-141.91,135.01,0.5221110992882646,196.00070050895226,"-0.39,0.34,0.07,7.08,-141.91,135.01"
ziqian,normal_work,ziqian_normal_work_data.csv,795,2026-07-27T13:54:29.969,32.912779,0.24100000000260025,-0.51,0.31,0.36,-10.13,-89.29,168.03,0.696993543729065,190.55026082375224,"-0.51,0.31,0.36,-10.13,-89.29,168.03"
ziqian,normal_work,ziqian_normal_work_data.csv,796,2026-07-27T13:54:30.265,33.208872,296.09299999999905,-0.53,0.3,0.84,0.85,-26.12,134.28,1.0375451797391764,136.79947112470867,"-0.53,0.30,0.84,0.85,-26.12,134.28"
ziqian,normal_work,ziqian_normal_work_data.csv,797,2026-07-27T13:54:30.265,33.209102,0.23000000000195087,-0.44,0.19,1.17,38.45,19.47,57.68,1.2643575443678896,72.0032346495628,"-0.44,0.19,1.17,38.45,19.47,57.68"
ziqian,normal_work,ziqian_normal_work_data.csv,798,2026-07-27T13:54:30.265,33.209125,0.022999999998774,-0.27,0.1,1.19,47.36,42.42,-6.96,1.2243365550370535,63.95989055650424,"-0.27,0.10,1.19,47.36,42.42,-6.96"
ziqian,normal_work,ziqian_normal_work_data.csv,799,2026-07-27T13:54:30.270,33.214313,5.187999999996862,-0.13,0.24,1.0,3.23,40.83,-53.16,1.0365809182114052,67.10817684902489,"-0.13,0.24,1.00,3.23,40.83,-53.16"
ziqian,normal_work,ziqian_normal_work_data.csv,800,2026-07-27T13:54:30.270,33.214578,0.2650000000059549,-0.09,0.56,0.78,-47.73,8.97,-91.19,0.9644169222903547,103.31616475653749,"-0.09,0.56,0.78,-47.73,8.97,-91.19"
ziqian,normal_work,ziqian_normal_work_data.csv,801,2026-07-27T13:54:30.271,33.21474,0.16199999999599868,-0.13,0.74,0.68,-46.57,-26.92,-93.08,1.0133607452432722,107.50505895073032,"-0.13,0.74,0.68,-46.57,-26.92,-93.08"
ziqian,normal_work,ziqian_normal_work_data.csv,802,2026-07-27T13:54:30.386,33.330172,115.43199999999842,-0.22,0.64,0.78,-7.08,-24.66,-21.12,1.032666451474047,33.23095544819619,"-0.22,0.64,0.78,-7.08,-24.66,-21.12"
ziqian,normal_work,ziqian_normal_work_data.csv,803,2026-07-27T13:54:30.386,33.330299,0.12699999999910005,-0.35,0.43,0.91,8.48,19.65,106.08,1.065598423422257,108.21737060195096,"-0.35,0.43,0.91,8.48,19.65,106.08"
ziqian,normal_work,ziqian_normal_work_data.csv,804,2026-07-27T13:54:30.386,33.330379,0.08000000000407681,-0.5,0.24,0.98,-50.6,138.31,231.14,1.1260550608207398,274.07246432285024,"-0.50,0.24,0.98,-50.60,138.31,231.14"
ziqian,normal_work,ziqian_normal_work_data.csv,805,2026-07-27T13:54:30.447,33.391494,61.11500000000092,-0.46,0.25,1.03,-46.45,180.18,167.05,1.1554220008291343,250.0562684677191,"-0.46,0.25,1.03,-46.45,180.18,167.05"
ziqian,normal_work,ziqian_normal_work_data.csv,806,2026-07-27T13:54:30.448,33.391655,0.16099999999852344,-0.46,0.25,1.03,-7.39,200.99,61.16,1.1554220008291343,210.21926124882086,"-0.46,0.25,1.03,-7.39,200.99,61.16"
ziqian,normal_work,ziqian_normal_work_data.csv,807,2026-07-27T13:54:30.630,33.573923,182.26800000000054,-0.37,0.3,1.16,38.33,204.65,-41.69,1.2539936203984452,212.341393750724,"-0.37,0.30,1.16,38.33,204.65,-41.69"
ziqian,normal_work,ziqian_normal_work_data.csv,808,2026-07-27T13:54:30.630,33.574059,0.13599999999769352,-0.24,0.37,1.33,64.39,192.5,-112.67,1.4012137595670404,232.1569533742205,"-0.24,0.37,1.33,64.39,192.50,-112.67"
ziqian,normal_work,ziqian_normal_work_data.csv,809,2026-07-27T13:54:30.630,33.57417,0.11100000000396903,-0.02,0.44,1.42,65.55,156.13,-144.78,1.486741403203664,222.78830265523368,"-0.02,0.44,1.42,65.55,156.13,-144.78"
ziqian,normal_work,ziqian_normal_work_data.csv,810,2026-07-27T13:54:30.630,33.574273,0.10299999999574538,0.23,0.47,1.39,47.73,89.23,-135.74,1.4852272553383876,169.30886982081003,"0.23,0.47,1.39,47.73,89.23,-135.74"
ziqian,normal_work,ziqian_normal_work_data.csv,811,2026-07-27T13:54:30.689,33.632665,58.392000000004884,0.36,0.46,1.25,16.17,15.56,-71.72,1.3797463535012513,75.14879174012049,"0.36,0.46,1.25,16.17,15.56,-71.72"
ziqian,normal_work,ziqian_normal_work_data.csv,812,2026-07-27T13:54:30.746,33.690544,57.87899999999979,0.02,0.42,1.0,-31.62,-50.05,110.72,1.0848041297856494,125.55375462326883,"0.02,0.42,1.00,-31.62,-50.05,110.72"
ziqian,normal_work,ziqian_normal_work_data.csv,813,2026-07-27T13:54:30.865,33.809031,118.48699999999468,-0.16,0.36,1.02,-31.62,-50.05,110.72,1.0934349546269315,125.55375462326883,"-0.16,0.36,1.02,-31.62,-50.05,110.72"
ziqian,normal_work,ziqian_normal_work_data.csv,814,2026-07-27T13:54:30.865,33.809175,0.14400000000591717,-0.25,0.31,1.11,-24.05,-64.51,125.85,1.1792794410147243,143.45091529857868,"-0.25,0.31,1.11,-24.05,-64.51,125.85"
ziqian,normal_work,ziqian_normal_work_data.csv,815,2026-07-27T13:54:30.865,33.809245,0.06999999999379725,-0.28,0.31,1.21,-6.71,-86.61,89.6,1.2800781226159597,124.79774116545538,"-0.28,0.31,1.21,-6.71,-86.61,89.60"
ziqian,normal_work,ziqian_normal_work_data.csv,816,2026-07-27T13:54:30.924,33.868169,58.92400000000464,-0.28,0.34,1.24,6.65,-113.65,43.76,1.3159027319676786,121.9650876275666,"-0.28,0.34,1.24,6.65,-113.65,43.76"
ziqian,normal_work,ziqian_normal_work_data.csv,817,2026-07-27T13:54:30.925,33.86862,0.45099999999820284,-0.28,0.38,1.17,11.35,-138.61,16.48,1.2616259350536512,140.04693855989856,"-0.28,0.38,1.17,11.35,-138.61,16.48"
ziqian,normal_work,ziqian_normal_work_data.csv,818,2026-07-27T13:54:31.045,33.989329,120.70899999999796,-0.28,0.42,1.05,10.86,-157.84,1.89,1.1650321883965267,158.2244522821931,"-0.28,0.42,1.05,10.86,-157.84,1.89"
ziqian,normal_work,ziqian_normal_work_data.csv,819,2026-07-27T13:54:31.045,33.989486,0.15700000000151704,-0.29,0.47,0.95,13.43,-172.73,-18.92,1.0988630487917956,174.28133635016687,"-0.29,0.47,0.95,13.43,-172.73,-18.92"
ziqian,normal_work,ziqian_normal_work_data.csv,820,2026-07-27T13:54:31.046,33.989621,0.13500000000021828,-0.33,0.49,0.9,25.02,-180.6,-42.91,1.0765686229869418,187.3062425548065,"-0.33,0.49,0.90,25.02,-180.60,-42.91"
ziqian,normal_work,ziqian_normal_work_data.csv,821,2026-07-27T13:54:31.469,34.413058,423.43699999999984,-0.42,0.46,0.87,37.6,-170.96,-46.81,1.07,181.19673755341182,"-0.42,0.46,0.87,37.60,-170.96,-46.81"
ziqian,normal_work,ziqian_normal_work_data.csv,822,2026-07-27T13:54:31.469,34.413377,0.3189999999975157,-0.53,0.41,0.8,34.97,-138.43,-23.32,1.0435516278555652,144.67061968485515,"-0.53,0.41,0.80,34.97,-138.43,-23.32"
ziqian,normal_work,ziqian_normal_work_data.csv,823,2026-07-27T13:54:31.469,34.413411,0.03400000000652881,-0.58,0.42,0.71,16.66,-91.0,0.12,1.0084145972763385,92.51253969057383,"-0.58,0.42,0.71,16.66,-91.00,0.12"
ziqian,normal_work,ziqian_normal_work_data.csv,824,2026-07-27T13:54:31.470,34.413614,0.20299999999906504,-0.55,0.47,0.63,-0.12,-42.91,-2.08,0.9593226777263217,42.96055050857705,"-0.55,0.47,0.63,-0.12,-42.91,-2.08"
ziqian,normal_work,ziqian_normal_work_data.csv,825,2026-07-27T13:54:31.470,34.414144,0.529999999997699,-0.49,0.5,0.62,-3.66,-0.55,-15.62,0.935147047260483,16.052492018375215,"-0.49,0.50,0.62,-3.66,-0.55,-15.62"
ziqian,normal_work,ziqian_normal_work_data.csv,826,2026-07-27T13:54:31.470,34.414394,0.2500000000011937,-0.49,0.47,0.65,-0.55,38.76,-11.11,0.939946807005588,40.32458555273693,"-0.49,0.47,0.65,-0.55,38.76,-11.11"
ziqian,normal_work,ziqian_normal_work_data.csv,827,2026-07-27T13:54:31.471,34.414712,0.3180000000000405,-0.57,0.42,0.7,-5.98,81.6,19.23,0.9956404973684024,84.0482795778712,"-0.57,0.42,0.70,-5.98,81.60,19.23"
ziqian,normal_work,ziqian_normal_work_data.csv,828,2026-07-27T13:54:31.471,34.414907,0.19499999999794682,-0.63,0.39,0.81,-20.2,130.49,50.17,1.0977704678119193,141.2540583487781,"-0.63,0.39,0.81,-20.20,130.49,50.17"
ziqian,normal_work,ziqian_normal_work_data.csv,829,2026-07-27T13:54:31.471,34.41511,0.20299999999906504,-0.61,0.43,0.97,-25.09,173.89,43.03,1.2238872497088937,180.8834461746016,"-0.61,0.43,0.97,-25.09,173.89,43.03"
ziqian,normal_work,ziqian_normal_work_data.csv,830,2026-07-27T13:54:31.471,34.41533,0.21999999999877673,-0.48,0.53,1.15,-11.29,193.6,-13.61,1.3541787178950937,194.4059057744903,"-0.48,0.53,1.15,-11.29,193.60,-13.61"
ziqian,normal_work,ziqian_normal_work_data.csv,831,2026-07-27T13:54:31.528,34.471846,56.51600000000201,-0.31,0.69,1.3,11.96,177.37,-96.74,1.5040611689688688,202.3901828152739,"-0.31,0.69,1.30,11.96,177.37,-96.74"
ziqian,normal_work,ziqian_normal_work_data.csv,832,2026-07-27T13:54:31.528,34.471974,0.12800000000368073,0.02,0.89,1.36,33.75,130.19,-187.26,1.625453782794208,230.55326109166185,"0.02,0.89,1.36,33.75,130.19,-187.26"
ziqian,normal_work,ziqian_normal_work_data.csv,833,2026-07-27T13:54:31.649,34.592748,120.77399999999727,0.75,1.2,1.27,44.01,60.18,-282.96,1.9014205216100935,292.6172826406533,"0.75,1.20,1.27,44.01,60.18,-282.96"
ziqian,normal_work,ziqian_normal_work_data.csv,834,2026-07-27T13:54:31.649,34.592793,0.04500000000007276,1.11,1.42,1.03,42.85,-29.97,-293.82,2.075909439257888,298.43678694155653,"1.11,1.42,1.03,42.85,-29.97,-293.82"
ziqian,normal_work,ziqian_normal_work_data.csv,835,2026-07-27T13:54:31.649,34.593044,0.25099999999866895,0.51,1.21,0.86,45.23,-82.21,-99.79,1.5696496424361712,136.9754762722145,"0.51,1.21,0.86,45.23,-82.21,-99.79"
ziqian,normal_work,ziqian_normal_work_data.csv,836,2026-07-27T13:54:31.826,34.770008,176.96399999999812,-0.23,0.72,0.88,53.96,-73.61,152.34,1.1600431026474836,177.58825777623926,"-0.23,0.72,0.88,53.96,-73.61,152.34"
ziqian,normal_work,ziqian_normal_work_data.csv,837,2026-07-27T13:54:31.826,34.770163,0.15499999999946112,-0.54,0.33,0.96,62.93,-71.84,214.48,1.149826073804208,234.7825395978159,"-0.54,0.33,0.96,62.93,-71.84,214.48"
ziqian,normal_work,ziqian_normal_work_data.csv,838,2026-07-27T13:54:31.826,34.770268,0.10500000000490672,-0.62,0.22,1.12,79.28,-102.48,95.15,1.2989226304903616,160.75133374252297,"-0.62,0.22,1.12,79.28,-102.48,95.15"
ziqian,normal_work,ziqian_normal_work_data.csv,839,2026-07-27T13:54:31.826,34.770359,0.09099999999762076,-0.65,0.29,1.26,95.7,-129.88,-36.07,1.4471351008112547,165.3128830430345,"-0.65,0.29,1.26,95.70,-129.88,-36.07"
ziqian,normal_work,ziqian_normal_work_data.csv,840,2026-07-27T13:54:31.888,34.832206,61.84700000000021,-0.69,0.35,1.19,87.34,-117.43,-68.3,1.4194012822313498,161.50223063475008,"-0.69,0.35,1.19,87.34,-117.43,-68.30"
ziqian,normal_work,ziqian_normal_work_data.csv,841,2026-07-27T13:54:31.888,34.832472,0.26600000000343016,-0.63,0.29,1.0,71.84,-79.96,-53.53,1.216963434126104,120.08350469569082,"-0.63,0.29,1.00,71.84,-79.96,-53.53"
ziqian,normal_work,ziqian_normal_work_data.csv,842,2026-07-27T13:54:31.948,34.891905,59.432999999998515,-0.45,0.24,0.85,77.51,-55.91,-85.94,0.9912618221237011,128.52786390506924,"-0.45,0.24,0.85,77.51,-55.91,-85.94"
ziqian,normal_work,ziqian_normal_work_data.csv,843,2026-07-27T13:54:32.246,35.189692,297.7869999999996,-0.24,0.37,0.77,89.54,-55.66,-157.9,0.8873556220591606,189.86273252010255,"-0.24,0.37,0.77,89.54,-55.66,-157.90"
ziqian,normal_work,ziqian_normal_work_data.csv,844,2026-07-27T13:54:32.246,35.189981,0.28900000000220416,-0.08,0.62,0.76,94.54,-70.13,-220.89,0.9840731680114035,250.2966651795425,"-0.08,0.62,0.76,94.54,-70.13,-220.89"
ziqian,normal_work,ziqian_normal_work_data.csv,845,2026-07-27T13:54:32.246,35.190357,0.3759999999957131,0.0,0.81,0.79,94.73,-83.07,-244.38,1.1314592347937242,274.947235301612,"0.00,0.81,0.79,94.73,-83.07,-244.38"
ziqian,normal_work,ziqian_normal_work_data.csv,846,2026-07-27T13:54:32.246,35.19038,0.022999999998774,-0.04,0.81,0.83,90.58,-84.53,-210.88,1.1604309544302926,244.5821573623064,"-0.04,0.81,0.83,90.58,-84.53,-210.88"
ziqian,normal_work,ziqian_normal_work_data.csv,847,2026-07-27T13:54:32.246,35.190441,0.06100000000230921,-0.22,0.61,0.8,79.77,-76.42,-126.71,1.0298058069364342,168.10322245572806,"-0.22,0.61,0.80,79.77,-76.42,-126.71"
ziqian,normal_work,ziqian_normal_work_data.csv,848,2026-07-27T13:54:32.247,35.191069,0.6279999999989627,-0.43,0.3,0.71,58.84,-61.58,-31.01,0.8826097665446491,90.64139286220176,"-0.43,0.30,0.71,58.84,-61.58,-31.01"
ziqian,normal_work,ziqian_normal_work_data.csv,849,2026-07-27T13:54:32.247,35.191534,0.4649999999983834,-0.59,0.1,0.71,33.33,-46.63,25.09,0.9285472524325297,62.56799421429458,"-0.59,0.10,0.71,33.33,-46.63,25.09"
ziqian,normal_work,ziqian_normal_work_data.csv,850,2026-07-27T13:54:32.248,35.192108,0.5740000000002965,-0.7,0.12,0.75,7.14,-41.32,26.43,1.0329085148259742,49.566792310981754,"-0.70,0.12,0.75,7.14,-41.32,26.43"
ziqian,normal_work,ziqian_normal_work_data.csv,851,2026-07-27T13:54:32.307,35.250643,58.534999999999116,-0.81,0.18,0.65,-23.5,-41.5,17.4,1.0540398474441088,50.76672138320536,"-0.81,0.18,0.65,-23.50,-41.50,17.40"
ziqian,normal_work,ziqian_normal_work_data.csv,852,2026-07-27T13:54:32.367,35.31066,60.017000000001985,-0.87,0.24,0.53,-51.76,-20.32,25.76,1.0466135867644755,61.28276756152581,"-0.87,0.24,0.53,-51.76,-20.32,25.76"
ziqian,normal_work,ziqian_normal_work_data.csv,853,2026-07-27T13:54:32.367,35.310879,0.2190000000013015,-0.71,0.47,0.63,-61.77,17.4,-8.73,1.059197809665409,64.76500443912593,"-0.71,0.47,0.63,-61.77,17.40,-8.73"
ziqian,normal_work,ziqian_normal_work_data.csv,854,2026-07-27T13:54:32.485,35.428803,117.92400000000214,-0.4,0.78,0.87,-47.18,30.21,-95.03,1.2350303639992015,110.31453847974889,"-0.40,0.78,0.87,-47.18,30.21,-95.03"
ziqian,normal_work,ziqian_normal_work_data.csv,855,2026-07-27T13:54:32.485,35.429316,0.5129999999979873,-0.15,0.96,1.01,-26.06,17.09,-139.16,1.4014991972883895,142.60679261521872,"-0.15,0.96,1.01,-26.06,17.09,-139.16"
ziqian,normal_work,ziqian_normal_work_data.csv,856,2026-07-27T13:54:32.485,35.429505,0.1889999999988845,-0.01,0.99,0.93,-20.26,0.98,-98.27,1.3583445807305303,100.34152131595374,"-0.01,0.99,0.93,-20.26,0.98,-98.27"
ziqian,normal_work,ziqian_normal_work_data.csv,857,2026-07-27T13:54:32.551,35.494788,65.28300000000087,0.04,0.92,0.73,-30.09,-5.37,-8.97,1.1751170154499508,31.854448668906514,"0.04,0.92,0.73,-30.09,-5.37,-8.97"
ziqian,normal_work,ziqian_normal_work_data.csv,858,2026-07-27T13:54:32.664,35.608481,113.69299999999782,0.07,0.89,0.69,-33.02,-12.88,38.02,1.128317331250389,51.97821851506649,"0.07,0.89,0.69,-33.02,-12.88,38.02"
ziqian,normal_work,ziqian_normal_work_data.csv,859,2026-07-27T13:54:32.665,35.608741,0.26000000000436785,0.08,0.92,0.89,-0.73,-49.44,-3.72,1.282536549186806,49.58512781066517,"0.08,0.92,0.89,-0.73,-49.44,-3.72"
ziqian,normal_work,ziqian_normal_work_data.csv,860,2026-07-27T13:54:32.665,35.60908,0.33899999999675856,-0.07,0.84,1.14,52.98,-102.17,-38.88,1.4177799547179384,121.47939619540426,"-0.07,0.84,1.14,52.98,-102.17,-38.88"
ziqian,normal_work,ziqian_normal_work_data.csv,861,2026-07-27T13:54:32.729,35.6728,63.72000000000355,-0.34,0.54,1.19,75.87,-127.87,24.17,1.3502962637880622,150.63592765339882,"-0.34,0.54,1.19,75.87,-127.87,24.17"
ziqian,normal_work,ziqian_normal_work_data.csv,862,2026-07-27T13:54:32.729,35.672883,0.08299999999650254,-0.58,0.16,1.07,45.35,-116.21,140.32,1.2275585525749881,187.7527336685141,"-0.58,0.16,1.07,45.35,-116.21,140.32"
ziqian,normal_work,ziqian_normal_work_data.csv,863,2026-07-27T13:54:32.846,35.78984,116.95699999999931,-0.67,-0.1,0.94,-10.44,-88.07,206.36,1.1586630226256467,224.61025822522,"-0.67,-0.10,0.94,-10.44,-88.07,206.36"
ziqian,normal_work,ziqian_normal_work_data.csv,864,2026-07-27T13:54:32.847,35.791013,1.173000000001423,-0.68,-0.13,0.77,-57.43,-68.3,169.74,1.0354709073653399,191.76746986911,"-0.68,-0.13,0.77,-57.43,-68.30,169.74"
ziqian,normal_work,ziqian_normal_work_data.csv,865,2026-07-27T13:54:32.848,35.791703,0.6899999999987472,-0.68,-0.08,0.6,-80.57,-57.01,75.2,0.9103845341392834,124.08345981636714,"-0.68,-0.08,0.60,-80.57,-57.01,75.20"
ziqian,normal_work,ziqian_normal_work_data.csv,866,2026-07-27T13:54:32.908,35.852064,60.36100000000033,-0.68,-0.08,0.58,-89.9,-24.48,3.17,0.8973293709669823,93.22729911351074,"-0.68,-0.08,0.58,-89.90,-24.48,3.17"
ziqian,normal_work,ziqian_normal_work_data.csv,867,2026-07-27T13:54:32.971,35.914725,62.66099999999852,-0.59,-0.0,0.75,-102.36,35.58,-36.44,0.9542536350467835,114.33013426039524,"-0.59,-0.00,0.75,-102.36,35.58,-36.44"
ziqian,normal_work,ziqian_normal_work_data.csv,868,2026-07-27T13:54:33.270,36.21414,299.4150000000033,0.04,0.44,1.34,-78.25,127.99,-134.03,1.4109571219565817,201.16794849080705,"0.04,0.44,1.34,-78.25,127.99,-134.03"
ziqian,normal_work,ziqian_normal_work_data.csv,869,2026-07-27T13:54:33.270,36.214182,0.042000000000541604,0.56,0.76,1.54,-18.43,111.51,-190.06,1.8063222303896944,221.12654431343154,"0.56,0.76,1.54,-18.43,111.51,-190.06"
ziqian,normal_work,ziqian_normal_work_data.csv,870,2026-07-27T13:54:33.271,36.214778,0.5960000000015953,0.56,0.76,1.54,44.62,47.97,-222.11,1.8063222303896944,231.570545190877,"0.56,0.76,1.54,44.62,47.97,-222.11"
ziqian,normal_work,ziqian_normal_work_data.csv,871,2026-07-27T13:54:33.271,36.215038,0.2599999999972624,0.97,1.07,1.58,83.92,-33.51,-198.0,2.1406073904385177,217.6453227156513,"0.97,1.07,1.58,83.92,-33.51,-198.00"
ziqian,normal_work,ziqian_normal_work_data.csv,872,2026-07-27T13:54:33.271,36.215468,0.43000000000148475,0.91,1.12,1.5,103.82,-103.03,-142.94,2.081465829649865,204.51312158392184,"0.91,1.12,1.50,103.82,-103.03,-142.94"
ziqian,normal_work,ziqian_normal_work_data.csv,873,2026-07-27T13:54:33.272,36.21569,0.22200000000083264,0.52,0.91,1.42,114.81,-144.65,-101.2,1.7649079296099273,210.5858461530594,"0.52,0.91,1.42,114.81,-144.65,-101.20"
ziqian,normal_work,ziqian_normal_work_data.csv,874,2026-07-27T13:54:33.272,36.215715,0.025000000000829914,0.18,0.5,1.31,102.23,-145.94,-52.49,1.4136831328130077,185.75429093294184,"0.18,0.50,1.31,102.23,-145.94,-52.49"
ziqian,normal_work,ziqian_normal_work_data.csv,875,2026-07-27T13:54:33.569,36.51311,297.3949999999945,-0.25,-0.57,1.14,19.78,-96.86,20.69,1.2988456413292535,101.00091138202664,"-0.25,-0.57,1.14,19.78,-96.86,20.69"
ziqian,normal_work,ziqian_normal_work_data.csv,876,2026-07-27T13:54:33.749,36.693128,180.018000000004,-0.34,-0.68,1.0,-4.46,-83.86,-49.32,1.2561846997953765,97.39021306065615,"-0.34,-0.68,1.00,-4.46,-83.86,-49.32"
ziqian,normal_work,ziqian_normal_work_data.csv,877,2026-07-27T13:54:33.750,36.693707,0.5790000000018836,-0.29,-0.43,0.86,-4.46,-83.86,-49.32,1.004290794541103,97.39021306065615,"-0.29,-0.43,0.86,-4.46,-83.86,-49.32"
ziqian,normal_work,ziqian_normal_work_data.csv,878,2026-07-27T13:54:33.750,36.694229,0.5219999999965808,-0.23,-0.17,0.75,-5.31,-75.5,-131.65,0.8026830009412184,151.85574931493375,"-0.23,-0.17,0.75,-5.31,-75.50,-131.65"
ziqian,normal_work,ziqian_normal_work_data.csv,879,2026-07-27T13:54:33.751,36.694868,0.6389999999996121,-0.28,-0.04,0.69,-4.64,-62.56,-162.48,0.7457211275000862,174.16955417064142,"-0.28,-0.04,0.69,-4.64,-62.56,-162.48"
ziqian,normal_work,ziqian_normal_work_data.csv,880,2026-07-27T13:54:33.751,36.695437,0.5689999999987094,-0.34,0.13,0.79,-15.01,-32.29,-156.13,0.8698275691193055,160.1390680002853,"-0.34,0.13,0.79,-15.01,-32.29,-156.13"
ziqian,normal_work,ziqian_normal_work_data.csv,881,2026-07-27T13:54:33.751,36.695459,0.02200000000129876,-0.17,0.44,1.04,-24.17,8.0,-166.38,1.1419719786404567,168.3166459385405,"-0.17,0.44,1.04,-24.17,8.00,-166.38"
ziqian,normal_work,ziqian_normal_work_data.csv,882,2026-07-27T13:54:33.752,36.695607,0.14800000000292357,0.19,0.75,1.25,-23.62,28.02,-193.85,1.4700680256369092,197.2836721576319,"0.19,0.75,1.25,-23.62,28.02,-193.85"
ziqian,normal_work,ziqian_normal_work_data.csv,883,2026-07-27T13:54:33.752,36.695629,0.02199999999419333,0.4,0.84,1.32,-12.88,6.29,-189.64,1.614930339054908,190.18093516438498,"0.40,0.84,1.32,-12.88,6.29,-189.64"
ziqian,normal_work,ziqian_normal_work_data.csv,884,2026-07-27T13:54:33.752,36.69575,0.12100000000003774,0.28,0.76,1.21,0.98,-52.55,-143.31,1.456056317592146,152.64409258140324,"0.28,0.76,1.21,0.98,-52.55,-143.31"
ziqian,normal_work,ziqian_normal_work_data.csv,885,2026-07-27T13:54:33.752,36.695864,0.11400000000350019,-0.06,0.58,0.91,-3.3,-109.07,-71.78,1.0807867504739312,130.6121100817225,"-0.06,0.58,0.91,-3.30,-109.07,-71.78"
ziqian,normal_work,ziqian_normal_work_data.csv,886,2026-07-27T13:54:33.927,36.871275,175.41099999999687,-0.45,0.36,0.69,-25.09,-114.44,6.04,0.8989994438263018,117.31369613135544,"-0.45,0.36,0.69,-25.09,-114.44,6.04"
ziqian,normal_work,ziqian_normal_work_data.csv,887,2026-07-27T13:54:33.928,36.871796,0.5210000000062109,-0.67,0.17,0.71,-27.28,-68.91,30.52,0.9909086738948246,80.15146224492726,"-0.67,0.17,0.71,-27.28,-68.91,30.52"
ziqian,normal_work,ziqian_normal_work_data.csv,888,2026-07-27T13:54:34.170,37.11452,242.7239999999955,-0.71,0.1,0.84,0.55,-14.95,-21.24,1.1044002897500524,25.979657426532782,"-0.71,0.10,0.84,0.55,-14.95,-21.24"
ziqian,normal_work,ziqian_normal_work_data.csv,889,2026-07-27T13:54:34.171,37.114973,0.45300000000025875,-0.77,0.21,0.87,26.06,16.91,-89.97,1.1806354221350468,95.18231243251027,"-0.77,0.21,0.87,26.06,16.91,-89.97"
ziqian,normal_work,ziqian_normal_work_data.csv,890,2026-07-27T13:54:34.171,37.114999,0.025999999998305157,-0.86,0.42,0.77,23.99,34.73,-111.51,1.2283729075488437,119.23159438672285,"-0.86,0.42,0.77,23.99,34.73,-111.51"
ziqian,normal_work,ziqian_normal_work_data.csv,891,2026-07-27T13:54:34.171,37.115204,0.20500000000112095,-0.87,0.53,0.71,-0.24,68.18,-53.96,1.2417326604386307,86.94970730255508,"-0.87,0.53,0.71,-0.24,68.18,-53.96"
ziqian,normal_work,ziqian_normal_work_data.csv,892,2026-07-27T13:54:34.171,37.115228,0.02400000000335467,-0.77,0.41,0.81,-12.57,120.54,50.9,1.1904200939164291,131.44849371521912,"-0.77,0.41,0.81,-12.57,120.54,50.90"
ziqian,normal_work,ziqian_normal_work_data.csv,893,2026-07-27T13:54:34.171,37.115238,0.00999999999606871,-0.68,0.19,1.01,10.01,156.31,107.6,1.2323148948219365,190.0283563050525,"-0.68,0.19,1.01,10.01,156.31,107.60"
ziqian,normal_work,ziqian_normal_work_data.csv,894,2026-07-27T13:54:34.171,37.115416,0.17800000000534055,-0.59,0.07,1.15,34.36,157.9,80.32,1.2944110629935144,180.4558727223916,"-0.59,0.07,1.15,34.36,157.90,80.32"
ziqian,normal_work,ziqian_normal_work_data.csv,895,2026-07-27T13:54:34.171,37.115438,0.02199999999419333,-0.49,0.09,1.19,19.17,149.72,39.92,1.2900775170508165,156.1319112161252,"-0.49,0.09,1.19,19.17,149.72,39.92"
ziqian,normal_work,ziqian_normal_work_data.csv,896,2026-07-27T13:54:34.171,37.115566,0.12800000000368073,-0.43,0.15,1.16,-21.06,146.85,40.16,1.2461942063739504,153.69213285005839,"-0.43,0.15,1.16,-21.06,146.85,40.16"
ziqian,normal_work,ziqian_normal_work_data.csv,897,2026-07-27T13:54:34.407,37.351369,235.8029999999971,-0.44,0.18,1.08,-53.47,144.17,66.1,1.18,167.3715621006149,"-0.44,0.18,1.08,-53.47,144.17,66.10"
ziqian,normal_work,ziqian_normal_work_data.csv,898,2026-07-27T13:54:34.407,37.351544,0.17499999999870397,-0.45,0.21,1.01,-67.08,141.66,83.86,1.1254776763667949,177.76327404725646,"-0.45,0.21,1.01,-67.08,141.66,83.86"
ziqian,normal_work,ziqian_normal_work_data.csv,899,2026-07-27T13:54:34.408,37.351624,0.08000000000407681,-0.4,0.26,0.97,-62.44,136.11,67.93,1.0809717850156866,164.43591639298273,"-0.40,0.26,0.97,-62.44,136.11,67.93"
ziqian,normal_work,ziqian_normal_work_data.csv,900,2026-07-27T13:54:34.408,37.351711,0.08700000000061436,-0.3,0.36,0.93,-45.29,119.51,16.17,1.0413932974625868,128.8227196576753,"-0.30,0.36,0.93,-45.29,119.51,16.17"
ziqian,normal_work,ziqian_normal_work_data.csv,901,2026-07-27T13:54:34.408,37.351798,0.08700000000061436,-0.17,0.48,0.88,-27.34,91.25,-44.25,1.0167103815738285,105.03380693852813,"-0.17,0.48,0.88,-27.34,91.25,-44.25"
ziqian,normal_work,ziqian_normal_work_data.csv,902,2026-07-27T13:54:34.408,37.351897,0.09899999999873899,-0.04,0.58,0.81,-17.4,58.35,-78.55,0.9970456358662827,99.3860402672327,"-0.04,0.58,0.81,-17.40,58.35,-78.55"
ziqian,normal_work,ziqian_normal_work_data.csv,903,2026-07-27T13:54:34.468,37.412478,60.58099999999911,0.05,0.64,0.75,-16.42,27.22,-70.68,0.9872183142547549,77.49972387047583,"0.05,0.64,0.75,-16.42,27.22,-70.68"
ziqian,normal_work,ziqian_normal_work_data.csv,904,2026-07-27T13:54:34.824,37.768307,355.82899999999995,0.06,0.64,0.74,-19.71,-1.83,-33.39,0.9802040603874277,38.81655703433781,"0.06,0.64,0.74,-19.71,-1.83,-33.39"
ziqian,normal_work,ziqian_normal_work_data.csv,905,2026-07-27T13:54:34.824,37.768493,0.18599999999935335,-0.0,0.62,0.79,-18.62,-31.8,3.42,1.0042410069301095,37.00865844636901,"-0.00,0.62,0.79,-18.62,-31.80,3.42"
ziqian,normal_work,ziqian_normal_work_data.csv,906,2026-07-27T13:54:34.825,37.76898,0.48699999999968213,-0.07,0.59,0.93,-7.63,-62.5,20.63,1.1035850669522491,66.25755655017772,"-0.07,0.59,0.93,-7.63,-62.50,20.63"
ziqian,normal_work,ziqian_normal_work_data.csv,907,2026-07-27T13:54:34.825,37.76948,0.5000000000023874,-0.13,0.58,1.13,11.41,-92.41,20.81,1.276792857122877,95.40886908458772,"-0.13,0.58,1.13,11.41,-92.41,20.81"
ziqian,normal_work,ziqian_normal_work_data.csv,908,2026-07-27T13:54:34.826,37.769992,0.512000000000512,-0.18,0.58,1.36,32.29,-123.11,17.09,1.4894294209528696,128.416448712772,"-0.18,0.58,1.36,32.29,-123.11,17.09"
ziqian,normal_work,ziqian_normal_work_data.csv,909,2026-07-27T13:54:34.827,37.770623,0.6309999999984939,-0.23,0.57,1.58,51.39,-152.22,24.05,1.695346572238255,162.45080178318605,"-0.23,0.57,1.58,51.39,-152.22,24.05"
ziqian,normal_work,ziqian_normal_work_data.csv,910,2026-07-27T13:54:34.827,37.771233,0.6100000000017758,-0.27,0.53,1.73,60.61,-177.25,50.29,1.8293988083520771,193.9593222817609,"-0.27,0.53,1.73,60.61,-177.25,50.29"
ziqian,normal_work,ziqian_normal_work_data.csv,911,2026-07-27T13:54:34.828,37.771742,0.5090000000009809,-0.34,0.46,1.76,48.1,-200.5,91.49,1.8506215172206335,225.57544214741108,"-0.34,0.46,1.76,48.10,-200.50,91.49"
ziqian,normal_work,ziqian_normal_work_data.csv,912,2026-07-27T13:54:34.828,37.772339,0.5969999999990705,-0.42,0.4,1.68,19.17,-223.57,123.78,1.7773013250431113,256.2665062000885,"-0.42,0.40,1.68,19.17,-223.57,123.78"
ziqian,normal_work,ziqian_normal_work_data.csv,913,2026-07-27T13:54:34.886,37.829902,57.5629999999947,-0.47,0.36,1.49,-11.47,-241.58,122.68,1.603309078125612,271.18783103229396,"-0.47,0.36,1.49,-11.47,-241.58,122.68"
ziqian,normal_work,ziqian_normal_work_data.csv,914,2026-07-27T13:54:34.886,37.830101,0.19900000000205864,-0.48,0.3,1.2,-34.79,-242.31,91.61,1.3268006632497589,261.37496494500004,"-0.48,0.30,1.20,-34.79,-242.31,91.61"
ziqian,normal_work,ziqian_normal_work_data.csv,915,2026-07-27T13:54:34.945,37.888826,58.72500000000258,-0.44,0.22,0.9,-47.18,-218.57,52.37,1.0256705123966467,229.654989495112,"-0.44,0.22,0.90,-47.18,-218.57,52.37"
ziqian,normal_work,ziqian_normal_work_data.csv,916,2026-07-27T13:54:35.005,37.949489,60.662999999998135,-0.39,0.17,0.64,-50.72,-174.56,19.41,0.768505042273634,182.81263659823955,"-0.39,0.17,0.64,-50.72,-174.56,19.41"
ziqian,normal_work,ziqian_normal_work_data.csv,917,2026-07-27T13:54:35.006,37.949914,0.4249999999998977,-0.36,0.15,0.46,-47.79,-117.43,-5.68,0.6030754513325841,126.9092250390018,"-0.36,0.15,0.46,-47.79,-117.43,-5.68"
ziqian,normal_work,ziqian_normal_work_data.csv,918,2026-07-27T13:54:35.189,38.133349,183.4350000000029,-0.32,0.16,0.41,-39.06,-52.49,-25.39,0.5441507144165116,70.182161551209,"-0.32,0.16,0.41,-39.06,-52.49,-25.39"
ziqian,normal_work,ziqian_normal_work_data.csv,919,2026-07-27T13:54:35.189,38.133521,0.17199999999917281,-0.31,0.21,0.47,-27.28,14.71,-43.76,0.6009159675029446,53.62387621200094,"-0.31,0.21,0.47,-27.28,14.71,-43.76"
ziqian,normal_work,ziqian_normal_work_data.csv,920,2026-07-27T13:54:35.189,38.133552,0.030999999999892225,-0.33,0.3,0.63,-17.76,77.39,-67.26,0.7718808198161164,104.0602580238969,"-0.33,0.30,0.63,-17.76,77.39,-67.26"
ziqian,normal_work,ziqian_normal_work_data.csv,921,2026-07-27T13:54:35.190,38.133681,0.12900000000115597,-0.39,0.47,0.86,-10.99,128.6,-102.29,1.0547985589675406,164.6875350474346,"-0.39,0.47,0.86,-10.99,128.60,-102.29"
ziqian,normal_work,ziqian_normal_work_data.csv,922,2026-07-27T13:54:35.308,38.252536,118.85499999999638,-0.46,0.68,1.16,-1.16,167.3,-145.94,1.4211263138792414,222.01152943034288,"-0.46,0.68,1.16,-1.16,167.30,-145.94"
ziqian,normal_work,ziqian_normal_work_data.csv,923,2026-07-27T13:54:35.309,38.252871,0.33499999999975216,-0.48,0.84,1.48,11.29,202.09,-177.8,1.7681628884240275,269.4080032218791,"-0.48,0.84,1.48,11.29,202.09,-177.80"
ziqian,normal_work,ziqian_normal_work_data.csv,924,2026-07-27T13:54:35.309,38.253355,0.484000000000151,-0.38,0.88,1.69,14.34,236.39,-176.57,1.942910188351484,295.4028310629402,"-0.38,0.88,1.69,14.34,236.39,-176.57"
ziqian,normal_work,ziqian_normal_work_data.csv,925,2026-07-27T13:54:35.425,38.369042,115.6870000000012,-0.19,0.82,1.66,-1.28,256.71,-139.95,1.8612092843095318,292.382737178514,"-0.19,0.82,1.66,-1.28,256.71,-139.95"
ziqian,normal_work,ziqian_normal_work_data.csv,926,2026-07-27T13:54:35.425,38.369171,0.12900000000115597,0.0,0.72,1.44,-28.14,245.97,-80.44,1.6099689437998486,260.3146060058866,"0.00,0.72,1.44,-28.14,245.97,-80.44"
ziqian,normal_work,ziqian_normal_work_data.csv,927,2026-07-27T13:54:35.425,38.369537,0.3659999999996444,0.11,0.64,1.17,-43.95,202.51,-18.43,1.3381330277666716,208.04222528131157,"0.11,0.64,1.17,-43.95,202.51,-18.43"
ziqian,normal_work,ziqian_normal_work_data.csv,928,2026-07-27T13:54:35.607,38.55144,181.90299999999837,0.12,0.56,1.0,-35.52,143.68,25.94,1.1523888232710346,150.26142685333454,"0.12,0.56,1.00,-35.52,143.68,25.94"
ziqian,normal_work,ziqian_normal_work_data.csv,929,2026-07-27T13:54:35.608,38.551605,0.16500000000263526,0.07,0.45,0.92,-13.12,91.43,48.89,1.0265476121447072,104.50747054636813,"0.07,0.45,0.92,-13.12,91.43,48.89"
ziqian,normal_work,ziqian_normal_work_data.csv,930,2026-07-27T13:54:35.608,38.551792,0.1869999999968286,0.04,0.37,0.9,6.1,53.71,54.69,0.973909646733207,76.89583993949218,"0.04,0.37,0.90,6.10,53.71,54.69"
ziqian,normal_work,ziqian_normal_work_data.csv,931,2026-07-27T13:54:35.608,38.551903,0.11100000000396903,0.06,0.37,0.94,26.06,-18.43,6.1,1.0119782606360672,32.49613053888108,"0.06,0.37,0.94,26.06,-18.43,6.10"
ziqian,normal_work,ziqian_normal_work_data.csv,932,2026-07-27T13:54:35.727,38.670939,119.03599999999415,0.05,0.44,0.97,32.65,-65.19,-29.24,1.066302021005306,78.55403363290775,"0.05,0.44,0.97,32.65,-65.19,-29.24"
ziqian,normal_work,ziqian_normal_work_data.csv,933,2026-07-27T13:54:35.727,38.671069,0.13000000000573664,0.05,0.44,0.97,39.73,-111.27,-45.41,1.066302021005306,126.57627700323627,"0.05,0.44,0.97,39.73,-111.27,-45.41"
ziqian,normal_work,ziqian_normal_work_data.csv,934,2026-07-27T13:54:35.727,38.67115,0.08099999999444663,-0.02,0.49,1.03,48.46,-150.39,-41.69,1.1407892005098925,163.41230002665037,"-0.02,0.49,1.03,48.46,-150.39,-41.69"
ziqian,normal_work,ziqian_normal_work_data.csv,935,2026-07-27T13:54:35.787,38.731162,60.0120000000004,-0.12,0.48,1.11,55.24,-179.5,-29.6,1.2152777460317457,190.12592563877237,"-0.12,0.48,1.11,55.24,-179.50,-29.60"
ziqian,normal_work,ziqian_normal_work_data.csv,936,2026-07-27T13:54:35.966,38.910016,178.85400000000118,-0.24,0.43,1.18,53.1,-194.46,-19.59,1.2786320815621668,202.52918234170602,"-0.24,0.43,1.18,53.10,-194.46,-19.59"
ziqian,normal_work,ziqian_normal_work_data.csv,937,2026-07-27T13:54:35.966,38.910446,0.43000000000148475,-0.32,0.38,1.19,40.34,-192.26,-16.72,1.2895347998406248,197.15674373452205,"-0.32,0.38,1.19,40.34,-192.26,-16.72"
ziqian,normal_work,ziqian_normal_work_data.csv,938,2026-07-27T13:54:35.967,38.911279,0.8330000000000837,-0.29,0.32,1.16,14.04,-166.75,-37.35,1.2377802712921222,171.4575941741864,"-0.29,0.32,1.16,14.04,-166.75,-37.35"
ziqian,normal_work,ziqian_normal_work_data.csv,939,2026-07-27T13:54:35.968,38.911664,0.385000000001412,-0.22,0.34,1.22,10.01,-163.82,-46.51,1.285457117137713,170.58831319876518,"-0.22,0.34,1.22,10.01,-163.82,-46.51"
ziqian,normal_work,ziqian_normal_work_data.csv,940,2026-07-27T13:54:36.029,38.972809,61.14499999999623,-0.19,0.36,1.28,10.01,-163.82,-46.51,1.3431678971744374,170.58831319876518,"-0.19,0.36,1.28,10.01,-163.82,-46.51"
ziqian,normal_work,ziqian_normal_work_data.csv,941,2026-07-27T13:54:36.144,39.088478,115.66900000000402,-0.22,0.33,1.29,4.46,-165.22,-35.89,1.349592531099665,169.13199608589736,"-0.22,0.33,1.29,4.46,-165.22,-35.89"
ziqian,normal_work,ziqian_normal_work_data.csv,942,2026-07-27T13:54:36.145,39.088632,0.15399999999488045,-0.29,0.26,1.2,-10.86,-158.14,-8.0,1.2616259350536512,158.71420604344146,"-0.29,0.26,1.20,-10.86,-158.14,-8.00"
ziqian,normal_work,ziqian_normal_work_data.csv,943,2026-07-27T13:54:36.145,39.089212,0.5800000000064642,-0.32,0.21,1.01,-35.52,-138.0,12.02,1.0800925886237718,143.00402371961425,"-0.32,0.21,1.01,-35.52,-138.00,12.02"
ziqian,normal_work,ziqian_normal_work_data.csv,944,2026-07-27T13:54:36.448,39.392285,303.0729999999977,-0.31,0.19,0.79,-59.57,-111.21,3.78,0.8696551040498757,126.21623271196141,"-0.31,0.19,0.79,-59.57,-111.21,3.78"
ziqian,normal_work,ziqian_normal_work_data.csv,945,2026-07-27T13:54:36.448,39.392446,0.16099999999852344,-0.3,0.22,0.59,-72.27,-83.68,-26.92,0.6974955196988722,113.79798636179817,"-0.30,0.22,0.59,-72.27,-83.68,-26.92"
ziqian,normal_work,ziqian_normal_work_data.csv,946,2026-07-27T13:54:36.448,39.39253,0.08400000000108321,-0.32,0.28,0.51,-66.22,-54.5,-61.16,0.6640030120413611,105.33700204581483,"-0.32,0.28,0.51,-66.22,-54.50,-61.16"
ziqian,normal_work,ziqian_normal_work_data.csv,947,2026-07-27T13:54:36.449,39.392605,0.07500000000248974,-0.36,0.35,0.57,-44.86,-16.72,-86.73,0.7596051605933177,99.06599265136347,"-0.36,0.35,0.57,-44.86,-16.72,-86.73"
ziqian,normal_work,ziqian_normal_work_data.csv,948,2026-07-27T13:54:36.449,39.392918,0.3129999999984534,-0.41,0.4,0.74,-23.56,35.22,-103.94,0.9357884376289333,112.24547028722361,"-0.41,0.40,0.74,-23.56,35.22,-103.94"
ziqian,normal_work,ziqian_normal_work_data.csv,949,2026-07-27T13:54:36.449,39.393059,0.1409999999992806,-0.39,0.46,0.96,-13.73,94.36,-118.65,1.1337107214805724,152.21742672900498,"-0.39,0.46,0.96,-13.73,94.36,-118.65"
ziqian,normal_work,ziqian_normal_work_data.csv,950,2026-07-27T13:54:36.449,39.393151,0.09200000000220143,-0.32,0.54,1.15,-14.59,145.45,-128.72,1.3101526628603248,194.77527820542318,"-0.32,0.54,1.15,-14.59,145.45,-128.72"
ziqian,normal_work,ziqian_normal_work_data.csv,951,2026-07-27T13:54:36.452,39.395835,2.6839999999950237,-0.21,0.59,1.25,-19.04,177.92,-127.44,1.39810586151407,219.6793153667409,"-0.21,0.59,1.25,-19.04,177.92,-127.44"
ziqian,normal_work,ziqian_normal_work_data.csv,952,2026-07-27T13:54:36.567,39.511538,115.70300000000344,-0.08,0.61,1.28,-19.35,189.7,-114.01,1.4201760454253551,222.1683879403188,"-0.08,0.61,1.28,-19.35,189.70,-114.01"
ziqian,normal_work,ziqian_normal_work_data.csv,953,2026-07-27T13:54:36.568,39.511716,0.17799999999823513,0.09,0.59,1.29,-12.27,182.19,-89.78,1.4213725760686395,203.48021378011182,"0.09,0.59,1.29,-12.27,182.19,-89.78"
ziqian,normal_work,ziqian_normal_work_data.csv,954,2026-07-27T13:54:36.568,39.511813,0.09699999999668307,0.31,0.59,1.28,1.1,151.49,-64.21,1.4431216164966834,164.53982557423598,"0.31,0.59,1.28,1.10,151.49,-64.21"
ziqian,normal_work,ziqian_normal_work_data.csv,955,2026-07-27T13:54:36.687,39.631496,119.68300000000198,0.48,0.6,1.27,17.33,93.26,-49.38,1.48435171034361,106.93989386566643,"0.48,0.60,1.27,17.33,93.26,-49.38"
ziqian,normal_work,ziqian_normal_work_data.csv,956,2026-07-27T13:54:36.687,39.631533,0.036999999998954536,0.43,0.6,1.25,26.67,18.68,-32.96,1.4516886718577093,46.33133820644511,"0.43,0.60,1.25,26.67,18.68,-32.96"
ziqian,normal_work,ziqian_normal_work_data.csv,957,2026-07-27T13:54:36.688,39.631871,0.3379999999992833,0.21,0.58,1.24,22.16,-48.1,0.55,1.3849548729110273,52.96204395602572,"0.21,0.58,1.24,22.16,-48.10,0.55"
ziqian,normal_work,ziqian_normal_work_data.csv,958,2026-07-27T13:54:37.109,40.053524,421.6530000000063,0.0,0.55,1.26,11.84,-93.51,37.41,1.3748090776540574,101.40914061365474,"0.00,0.55,1.26,11.84,-93.51,37.41"
ziqian,normal_work,ziqian_normal_work_data.csv,959,2026-07-27T13:54:37.110,40.054052,0.5279999999956431,-0.13,0.53,1.27,6.23,-124.63,59.2,1.382280724020993,138.11621845388035,"-0.13,0.53,1.27,6.23,-124.63,59.20"
ziqian,normal_work,ziqian_normal_work_data.csv,960,2026-07-27T13:54:37.110,40.054089,0.036999999998954536,-0.21,0.52,1.22,6.77,-152.4,63.48,1.3427211177307072,165.23106033672968,"-0.21,0.52,1.22,6.77,-152.40,63.48"
ziqian,normal_work,ziqian_normal_work_data.csv,961,2026-07-27T13:54:37.110,40.054243,0.15400000000198588,-0.29,0.51,1.13,13.73,-175.66,54.63,1.2732242536175629,184.47055428983782,"-0.29,0.51,1.13,13.73,-175.66,54.63"
ziqian,normal_work,ziqian_normal_work_data.csv,962,2026-07-27T13:54:37.110,40.054411,0.16800000000216642,-0.37,0.46,1.03,26.98,-182.43,43.09,1.1871815362445628,189.38155506806888,"-0.37,0.46,1.03,26.98,-182.43,43.09"
ziqian,normal_work,ziqian_normal_work_data.csv,963,2026-07-27T13:54:37.110,40.054574,0.16300000000057935,-0.44,0.34,0.86,36.68,-162.72,44.8,1.0241093691593686,172.7143908306427,"-0.44,0.34,0.86,36.68,-162.72,44.80"
ziqian,normal_work,ziqian_normal_work_data.csv,964,2026-07-27T13:54:37.111,40.054712,0.13799999999974943,-0.58,0.22,0.64,27.77,-119.38,64.21,0.8912911982062877,138.367920415102,"-0.58,0.22,0.64,27.77,-119.38,64.21"
ziqian,normal_work,ziqian_normal_work_data.csv,965,2026-07-27T13:54:37.111,40.054852,0.13999999999469992,-0.75,0.2,0.47,4.7,-62.07,76.97,0.9074139077620532,98.990685420397,"-0.75,0.20,0.47,4.70,-62.07,76.97"
ziqian,normal_work,ziqian_normal_work_data.csv,966,2026-07-27T13:54:37.111,40.054997,0.14500000000339242,-0.8,0.29,0.49,-7.87,3.97,54.57,0.9819368615140182,55.277325369449635,"-0.80,0.29,0.49,-7.87,3.97,54.57"
ziqian,normal_work,ziqian_normal_work_data.csv,967,2026-07-27T13:54:37.113,40.057211,2.2140000000021587,-0.7,0.39,0.69,0.61,71.29,7.26,1.0574497624000867,71.66131313337763,"-0.70,0.39,0.69,0.61,71.29,7.26"
ziqian,normal_work,ziqian_normal_work_data.csv,968,2026-07-27T13:54:37.352,40.296099,238.88799999999577,-0.53,0.46,0.93,15.62,126.4,-33.87,1.165075104875218,131.78816828532067,"-0.53,0.46,0.93,15.62,126.40,-33.87"
ziqian,normal_work,ziqian_normal_work_data.csv,969,2026-07-27T13:54:37.353,40.297188,1.0890000000003397,-0.38,0.5,1.09,18.55,161.99,-55.85,1.2579745625409124,172.3487310658248,"-0.38,0.50,1.09,18.55,161.99,-55.85"
ziqian,normal_work,ziqian_normal_work_data.csv,970,2026-07-27T13:54:37.354,40.298139,0.9510000000005903,-0.27,0.54,1.17,9.16,180.73,-61.4,1.3165864954495012,191.094736976192,"-0.27,0.54,1.17,9.16,180.73,-61.40"
ziqian,normal_work,ziqian_normal_work_data.csv,971,2026-07-27T13:54:37.355,40.298662,0.5230000000011614,-0.19,0.53,1.21,-3.17,187.99,-53.65,1.3345785851721135,195.52138374101185,"-0.19,0.53,1.21,-3.17,187.99,-53.65"
ziqian,normal_work,ziqian_normal_work_data.csv,972,2026-07-27T13:54:37.355,40.298684,0.02200000000129876,-0.12,0.51,1.19,-17.52,186.83,-34.36,1.3002307487519282,190.7695177432705,"-0.12,0.51,1.19,-17.52,186.83,-34.36"
ziqian,normal_work,ziqian_normal_work_data.csv,973,2026-07-27T13:54:37.355,40.298904,0.21999999999877673,-0.04,0.5,1.14,-32.96,175.78,-11.84,1.2454717981552212,179.23491735708197,"-0.04,0.50,1.14,-32.96,175.78,-11.84"
ziqian,normal_work,ziqian_normal_work_data.csv,974,2026-07-27T13:54:37.470,40.414379,115.47499999999644,0.04,0.51,1.08,-43.09,151.61,2.14,1.195031380341119,157.62905760043105,"0.04,0.51,1.08,-43.09,151.61,2.14"
ziqian,normal_work,ziqian_normal_work_data.csv,975,2026-07-27T13:54:37.471,40.414603,0.22400000000288856,0.12,0.52,1.01,-44.62,114.81,4.76,1.142322196230118,123.2677496346875,"0.12,0.52,1.01,-44.62,114.81,4.76"
ziqian,normal_work,ziqian_normal_work_data.csv,976,2026-07-27T13:54:37.471,40.414828,0.2250000000003638,0.2,0.54,0.97,-39.37,68.3,2.62,1.1280514172678477,78.87807870378182,"0.20,0.54,0.97,-39.37,68.30,2.62"
ziqian,normal_work,ziqian_normal_work_data.csv,977,2026-07-27T13:54:37.652,40.596471,181.6430000000011,0.19,0.57,1.01,-33.02,16.97,10.19,1.1752021102772068,38.49853763456478,"0.19,0.57,1.01,-33.02,16.97,10.19"
ziqian,normal_work,ziqian_normal_work_data.csv,978,2026-07-27T13:54:37.653,40.596645,0.17400000000122873,0.07,0.6,1.07,-32.17,-30.94,35.58,1.2287391912037313,57.08002189908479,"0.07,0.60,1.07,-32.17,-30.94,35.58"
ziqian,normal_work,ziqian_normal_work_data.csv,979,2026-07-27T13:54:37.654,40.597849,1.2039999999942097,-0.06,0.63,1.09,-33.45,-70.37,60.67,1.2603967629282455,98.75063695997106,"-0.06,0.63,1.09,-33.45,-70.37,60.67"
ziqian,normal_work,ziqian_normal_work_data.csv,980,2026-07-27T13:54:37.655,40.598663,0.8140000000054215,-0.13,0.65,1.13,-23.62,-103.27,63.42,1.3100763336538828,123.46940390234336,"-0.13,0.65,1.13,-23.62,-103.27,63.42"
ziqian,normal_work,ziqian_normal_work_data.csv,981,2026-07-27T13:54:37.655,40.599126,0.46299999999632746,-0.18,0.63,1.26,1.1,-132.93,49.19,1.4201760454253551,141.74361008525216,"-0.18,0.63,1.26,1.10,-132.93,49.19"
ziqian,normal_work,ziqian_normal_work_data.csv,982,2026-07-27T13:54:37.705,40.649104,49.978000000002964,-0.22,0.59,1.38,26.18,-160.83,39.06,1.5168717810019408,167.5630176978202,"-0.22,0.59,1.38,26.18,-160.83,39.06"
ziqian,normal_work,ziqian_normal_work_data.csv,983,2026-07-27T13:54:37.767,40.71089,61.7859999999979,-0.27,0.54,1.42,35.89,-186.16,42.6,1.5430165261590687,194.3152019271781,"-0.27,0.54,1.42,35.89,-186.16,42.60"
ziqian,normal_work,ziqian_normal_work_data.csv,984,2026-07-27T13:54:37.767,40.711484,0.5939999999995393,-0.33,0.52,1.37,30.21,-206.97,51.39,1.5020652449211387,215.38374381554425,"-0.33,0.52,1.37,30.21,-206.97,51.39"
ziqian,normal_work,ziqian_normal_work_data.csv,985,2026-07-27T13:54:37.830,40.773798,62.31400000000065,-0.42,0.52,1.22,18.31,-217.47,55.85,1.3911146609823362,225.27245615032479,"-0.42,0.52,1.22,18.31,-217.47,55.85"
ziqian,normal_work,ziqian_normal_work_data.csv,986,2026-07-27T13:54:37.946,40.890071,116.27299999999963,-0.47,0.5,0.96,8.97,-208.07,55.66,1.1800423721205946,215.57277518276746,"-0.47,0.50,0.96,8.97,-208.07,55.66"
ziqian,normal_work,ziqian_normal_work_data.csv,987,2026-07-27T13:54:37.946,40.890106,0.03500000000400405,-0.48,0.44,0.66,7.2,-173.1,54.02,0.9271461589199408,181.47619788831813,"-0.48,0.44,0.66,7.20,-173.10,54.02"
ziqian,normal_work,ziqian_normal_work_data.csv,988,2026-07-27T13:54:37.946,40.890188,0.0819999999990273,-0.49,0.36,0.41,11.72,-116.7,52.0,0.7333484846919641,128.29749958592333,"-0.49,0.36,0.41,11.72,-116.70,52.00"
ziqian,normal_work,ziqian_normal_work_data.csv,989,2026-07-27T13:54:38.005,40.948626,58.43799999999533,-0.52,0.31,0.33,16.05,-46.75,47.79,0.689492567037528,68.75353881801286,"-0.52,0.31,0.33,16.05,-46.75,47.79"
ziqian,normal_work,ziqian_normal_work_data.csv,990,2026-07-27T13:54:38.005,40.94877,0.14400000000591717,-0.54,0.37,0.48,20.08,34.85,32.9,0.8117265549432272,51.962860775750215,"-0.54,0.37,0.48,20.08,34.85,32.90"
ziqian,normal_work,ziqian_normal_work_data.csv,991,2026-07-27T13:54:38.125,41.069048,120.277999999999,-0.5,0.48,0.81,30.15,119.38,5.55,1.0660675400742676,123.25343565191194,"-0.50,0.48,0.81,30.15,119.38,5.55"
ziqian,normal_work,ziqian_normal_work_data.csv,992,2026-07-27T13:54:38.125,41.069404,0.35599999999647025,-0.42,0.52,1.17,43.21,194.46,-6.96,1.3474791278531923,199.32445233839223,"-0.42,0.52,1.17,43.21,194.46,-6.96"
ziqian,normal_work,ziqian_normal_work_data.csv,993,2026-07-27T13:54:38.125,41.069551,0.1469999999983429,-0.33,0.5,1.43,43.95,255.07,16.11,1.55041929812551,259.32959626698994,"-0.33,0.50,1.43,43.95,255.07,16.11"
ziqian,normal_work,ziqian_normal_work_data.csv,994,2026-07-27T13:54:38.368,41.311818,242.26700000000534,-0.23,0.44,1.5,26.61,287.78,54.81,1.5800316452527146,294.1590668328957,"-0.23,0.44,1.50,26.61,287.78,54.81"
ziqian,normal_work,ziqian_normal_work_data.csv,995,2026-07-27T13:54:38.370,41.313661,1.8430000000009272,-0.2,0.24,1.36,-7.57,247.62,126.71,1.3954210834009928,278.2595791702417,"-0.20,0.24,1.36,-7.57,247.62,126.71"
ziqian,normal_work,ziqian_normal_work_data.csv,996,2026-07-27T13:54:38.370,41.314551,0.889999999998281,-0.28,0.13,1.23,-16.54,207.09,162.9,1.26814825631706,264.0004729162431,"-0.28,0.13,1.23,-16.54,207.09,162.90"
ziqian,normal_work,ziqian_normal_work_data.csv,997,2026-07-27T13:54:38.371,41.315491,0.9399999999999409,-0.28,0.13,1.23,-30.33,179.38,183.59,1.26814825631706,258.46156658195815,"-0.28,0.13,1.23,-30.33,179.38,183.59"
ziqian,normal_work,ziqian_normal_work_data.csv,998,2026-07-27T13:54:38.372,41.316474,0.9829999999979577,-0.35,0.08,1.09,-44.92,166.93,169.68,1.147606204235582,242.22868058923166,"-0.35,0.08,1.09,-44.92,166.93,169.68"
ziqian,normal_work,ziqian_normal_work_data.csv,999,2026-07-27T13:54:38.608,41.552377,235.90300000000042,-0.36,0.11,0.97,-45.65,158.02,123.17,1.0404806581575652,205.48744925177306,"-0.36,0.11,0.97,-45.65,158.02,123.17"
ziqian,normal_work,ziqian_normal_work_data.csv,1000,2026-07-27T13:54:38.609,41.552668,0.29099999999715465,-0.32,0.15,0.92,-37.66,148.56,71.59,0.9855455342093535,169.15518703249984,"-0.32,0.15,0.92,-37.66,148.56,71.59"
ziqian,normal_work,ziqian_normal_work_data.csv,1001,2026-07-27T13:54:38.609,41.552936,0.26800000000548607,-0.27,0.18,0.93,-39.92,140.75,34.91,0.9849873095629202,150.4090323085685,"-0.27,0.18,0.93,-39.92,140.75,34.91"
ziqian,normal_work,ziqian_normal_work_data.csv,1002,2026-07-27T13:54:38.609,41.553162,0.22599999999783904,-0.08,0.43,0.96,-66.71,106.57,-17.15,1.0549407566304376,126.89173140910324,"-0.08,0.43,0.96,-66.71,106.57,-17.15"
ziqian,normal_work,ziqian_normal_work_data.csv,1003,2026-07-27T13:54:38.609,41.553454,0.2920000000017353,0.03,0.62,0.94,-70.74,74.04,-28.2,1.1264546151532249,106.21350761555706,"0.03,0.62,0.94,-70.74,74.04,-28.20"
ziqian,normal_work,ziqian_normal_work_data.csv,1004,2026-07-27T13:54:38.668,41.612331,58.876999999995405,0.12,0.77,0.92,-70.74,74.04,-28.2,1.2056948204251356,106.21350761555706,"0.12,0.77,0.92,-70.74,74.04,-28.20"
ziqian,normal_work,ziqian_normal_work_data.csv,1005,2026-07-27T13:54:38.725,41.668663,56.33200000000471,0.18,0.85,0.91,-65.73,38.45,-16.36,1.2581732790041282,77.8876434359135,"0.18,0.85,0.91,-65.73,38.45,-16.36"
ziqian,normal_work,ziqian_normal_work_data.csv,1006,2026-07-27T13:54:38.725,41.669084,0.42099999999578586,0.17,0.84,0.89,-56.88,2.5,10.99,1.235556554755791,57.98589914798252,"0.17,0.84,0.89,-56.88,2.50,10.99"
ziqian,normal_work,ziqian_normal_work_data.csv,1007,2026-07-27T13:54:38.787,41.731529,62.44500000000386,0.09,0.8,0.89,-46.63,-36.68,35.28,1.2000833304400158,69.02505124952823,"0.09,0.80,0.89,-46.63,-36.68,35.28"
ziqian,normal_work,ziqian_normal_work_data.csv,1008,2026-07-27T13:54:38.849,41.793352,61.82299999999685,-0.05,0.78,0.92,-34.06,-74.65,44.31,1.2071868123865503,93.25278655353952,"-0.05,0.78,0.92,-34.06,-74.65,44.31"
ziqian,normal_work,ziqian_normal_work_data.csv,1009,2026-07-27T13:54:38.849,41.793469,0.11700000000303135,-0.15,0.74,1.03,-15.81,-100.04,38.94,1.277106103657797,108.50936042572549,"-0.15,0.74,1.03,-15.81,-100.04,38.94"
ziqian,normal_work,ziqian_normal_work_data.csv,1010,2026-07-27T13:54:38.908,41.852074,58.60500000000002,-0.18,0.66,1.15,4.82,-109.13,26.61,1.3380956617521782,112.43078493010711,"-0.18,0.66,1.15,4.82,-109.13,26.61"
ziqian,normal_work,ziqian_normal_work_data.csv,1011,2026-07-27T13:54:38.966,41.910156,58.08199999999886,-0.15,0.57,1.24,17.58,-111.08,15.93,1.372953021774598,113.58515616047724,"-0.15,0.57,1.24,17.58,-111.08,15.93"
ziqian,normal_work,ziqian_normal_work_data.csv,1012,2026-07-27T13:54:38.966,41.910472,0.31599999999798456,-0.12,0.51,1.29,19.78,-116.88,12.45,1.3923361663046752,119.19389791428083,"-0.12,0.51,1.29,19.78,-116.88,12.45"
ziqian,normal_work,ziqian_normal_work_data.csv,1013,2026-07-27T13:54:39.025,41.96955,59.07799999999952,-0.13,0.45,1.29,19.47,-130.92,15.2,1.372406645276829,133.22975380897466,"-0.13,0.45,1.29,19.47,-130.92,15.20"
ziqian,normal_work,ziqian_normal_work_data.csv,1014,2026-07-27T13:54:39.088,42.032169,62.61900000000509,-0.17,0.38,1.23,21.55,-147.46,19.53,1.2985376390386225,150.30061543453508,"-0.17,0.38,1.23,21.55,-147.46,19.53"
ziqian,normal_work,ziqian_normal_work_data.csv,1015,2026-07-27T13:54:39.088,42.032405,0.23599999999390775,-0.23,0.31,1.11,21.79,-155.64,20.63,1.1752021102772068,158.50618473737862,"-0.23,0.31,1.11,21.79,-155.64,20.63"
ziqian,normal_work,ziqian_normal_work_data.csv,1016,2026-07-27T13:54:39.147,42.0907,58.295000000001096,-0.26,0.26,0.97,18.74,-150.63,15.5,1.0373523991392704,152.5805836271444,"-0.26,0.26,0.97,18.74,-150.63,15.50"
ziqian,normal_work,ziqian_normal_work_data.csv,1017,2026-07-27T13:54:39.208,42.15225,61.55000000000399,-0.27,0.25,0.83,15.5,-133.06,7.14,0.9079096871385391,134.14989079384299,"-0.27,0.25,0.83,15.50,-133.06,7.14"
ziqian,normal_work,ziqian_normal_work_data.csv,1018,2026-07-27T13:54:39.209,42.15286,0.6099999999946704,-0.27,0.24,0.73,13.37,-105.04,-1.53,0.8144937077718895,105.89853351203689,"-0.27,0.24,0.73,13.37,-105.04,-1.53"
ziqian,normal_work,ziqian_normal_work_data.csv,1019,2026-07-27T13:54:39.266,42.210124,57.264000000003534,-0.26,0.22,0.69,11.78,-69.64,-10.07,0.7694803441284254,71.343555420234,"-0.26,0.22,0.69,11.78,-69.64,-10.07"
ziqian,normal_work,ziqian_normal_work_data.csv,1020,2026-07-27T13:54:39.325,42.268738,58.61399999999861,-0.25,0.22,0.69,8.12,-31.49,-19.1,0.7661592523751182,37.71424797076033,"-0.25,0.22,0.69,8.12,-31.49,-19.10"
ziqian,normal_work,ziqian_normal_work_data.csv,1021,2026-07-27T13:54:39.325,42.268895,0.15700000000151704,-0.25,0.26,0.72,0.12,4.64,-32.04,0.8052949770115296,32.37445906884005,"-0.25,0.26,0.72,0.12,4.64,-32.04"
ziqian,normal_work,ziqian_normal_work_data.csv,1022,2026-07-27T13:54:39.449,42.392652,123.75699999999767,-0.25,0.36,0.77,-10.62,36.38,-49.32,0.8860022573334675,62.19928616953735,"-0.25,0.36,0.77,-10.62,36.38,-49.32"
ziqian,normal_work,ziqian_normal_work_data.csv,1023,2026-07-27T13:54:39.508,42.451998,59.346000000005006,-0.25,0.49,0.84,-18.92,63.48,-65.49,1.0040916292848974,93.14835962055369,"-0.25,0.49,0.84,-18.92,63.48,-65.49"
ziqian,normal_work,ziqian_normal_work_data.csv,1024,2026-07-27T13:54:39.508,42.452122,0.1239999999995689,-0.26,0.6,0.93,-18.13,88.5,-76.23,1.1368817000902072,118.20304480003888,"-0.26,0.60,0.93,-18.13,88.50,-76.23"
ziqian,normal_work,ziqian_normal_work_data.csv,1025,2026-07-27T13:54:39.508,42.452235,0.11299999999891952,-0.25,0.63,1.05,-12.15,116.09,-76.84,1.2497599769555754,139.74582712911322,"-0.25,0.63,1.05,-12.15,116.09,-76.84"
ziqian,normal_work,ziqian_normal_work_data.csv,1026,2026-07-27T13:54:39.689,42.632587,180.35199999999918,-0.21,0.61,1.13,-13.92,145.94,-60.85,1.301191761424887,158.72924273743638,"-0.21,0.61,1.13,-13.92,145.94,-60.85"
ziqian,normal_work,ziqian_normal_work_data.csv,1027,2026-07-27T13:54:39.689,42.633254,0.6669999999999732,-0.11,0.59,1.11,-25.51,167.6,-35.58,1.2618637010390623,173.22371806424198,"-0.11,0.59,1.11,-25.51,167.60,-35.58"
ziqian,normal_work,ziqian_normal_work_data.csv,1028,2026-07-27T13:54:39.690,42.634192,0.937999999997885,0.0,0.58,1.05,-34.85,166.56,-19.59,1.1995415791042843,171.29075923703533,"0.00,0.58,1.05,-34.85,166.56,-19.59"
ziqian,normal_work,ziqian_normal_work_data.csv,1029,2026-07-27T13:54:39.691,42.634736,0.5439999999978795,0.07,0.57,1.01,-31.13,138.49,-17.52,1.1618519699169942,143.02275133698137,"0.07,0.57,1.01,-31.13,138.49,-17.52"
ziqian,normal_work,ziqian_normal_work_data.csv,1030,2026-07-27T13:54:39.691,42.634835,0.09900000000584441,0.05,0.52,1.0,-18.13,93.51,-14.34,1.128228700219951,96.32472475953409,"0.05,0.52,1.00,-18.13,93.51,-14.34"
ziqian,normal_work,ziqian_normal_work_data.csv,1031,2026-07-27T13:54:39.745,42.688992,54.15699999999646,-0.05,0.45,0.96,-11.05,47.73,3.91,1.0614141510268271,49.148179010010125,"-0.05,0.45,0.96,-11.05,47.73,3.91"
ziqian,normal_work,ziqian_normal_work_data.csv,1032,2026-07-27T13:54:39.810,42.7544,65.40799999999791,-0.17,0.4,0.87,-17.64,15.01,32.59,0.9725224933131368,39.98221854774945,"-0.17,0.40,0.87,-17.64,15.01,32.59"
ziqian,normal_work,ziqian_normal_work_data.csv,1033,2026-07-27T13:54:39.811,42.754756,0.3560000000035757,-0.27,0.37,0.79,-30.03,1.04,53.89,0.9131812525451889,61.701009716211296,"-0.27,0.37,0.79,-30.03,1.04,53.89"
ziqian,normal_work,ziqian_normal_work_data.csv,1034,2026-07-27T13:54:39.925,42.869098,114.34200000000061,-0.32,0.38,0.77,-35.28,-0.61,50.35,0.9163514609580758,61.4831115022654,"-0.32,0.38,0.77,-35.28,-0.61,50.35"
ziqian,normal_work,ziqian_normal_work_data.csv,1035,2026-07-27T13:54:39.985,42.929221,60.12299999999726,-0.31,0.42,0.78,-28.2,-2.2,17.15,0.938562730988185,33.07873183784408,"-0.31,0.42,0.78,-28.20,-2.20,17.15"
ziqian,normal_work,ziqian_normal_work_data.csv,1036,2026-07-27T13:54:39.985,42.929254,0.03300000000194814,-0.27,0.47,0.8,-13.92,-11.11,-29.42,0.9663332758422428,34.39091304400044,"-0.27,0.47,0.80,-13.92,-11.11,-29.42"
ziqian,normal_work,ziqian_normal_work_data.csv,1037,2026-07-27T13:54:39.985,42.929405,0.15100000000245473,-0.26,0.52,0.78,-1.77,-24.78,-61.65,0.9728309205612248,66.46731377150726,"-0.26,0.52,0.78,-1.77,-24.78,-61.65"
ziqian,normal_work,ziqian_normal_work_data.csv,1038,2026-07-27T13:54:40.045,42.988681,59.275999999997,-0.27,0.55,0.76,4.27,-34.06,-66.22,0.9762171889492625,74.58823566756355,"-0.27,0.55,0.76,4.27,-34.06,-66.22"
ziqian,normal_work,ziqian_normal_work_data.csv,1039,2026-07-27T13:54:40.167,43.110831,122.14999999999776,-0.28,0.55,0.81,8.97,-33.63,-54.57,1.0183319694480775,64.72497740439931,"-0.28,0.55,0.81,8.97,-33.63,-54.57"
ziqian,normal_work,ziqian_normal_work_data.csv,1040,2026-07-27T13:54:40.168,43.11161,0.7790000000014174,-0.23,0.51,0.88,17.58,-29.48,-42.48,1.0427847332982967,54.61389200560604,"-0.23,0.51,0.88,17.58,-29.48,-42.48"
ziqian,normal_work,ziqian_normal_work_data.csv,1041,2026-07-27T13:54:40.168,43.111694,0.08400000000108321,-0.19,0.44,0.94,24.84,-30.15,-29.17,1.0551303237041385,48.753840874335225,"-0.19,0.44,0.94,24.84,-30.15,-29.17"
ziqian,normal_work,ziqian_normal_work_data.csv,1042,2026-07-27T13:54:40.168,43.112296,0.6020000000006576,-0.2,0.38,0.99,23.01,-35.95,-9.4,1.0791200118615167,43.70609339668784,"-0.20,0.38,0.99,23.01,-35.95,-9.40"
ziqian,normal_work,ziqian_normal_work_data.csv,1043,2026-07-27T13:54:40.226,43.170449,58.152999999997235,-0.22,0.35,1.0,14.65,-41.26,6.77,1.082081327812286,44.30398401949874,"-0.22,0.35,1.00,14.65,-41.26,6.77"
ziqian,normal_work,ziqian_normal_work_data.csv,1044,2026-07-27T13:54:40.346,43.28963,119.18100000000464,-0.23,0.36,1.03,10.5,-44.98,4.88,1.1150784725749125,46.44636476625485,"-0.23,0.36,1.03,10.50,-44.98,4.88"
ziqian,normal_work,ziqian_normal_work_data.csv,1045,2026-07-27T13:54:40.346,43.289922,0.2919999999946299,-0.23,0.37,1.08,17.58,-50.35,-16.6,1.164560002747819,55.854622906255486,"-0.23,0.37,1.08,17.58,-50.35,-16.60"
ziqian,normal_work,ziqian_normal_work_data.csv,1046,2026-07-27T13:54:40.346,43.290018,0.09600000000631326,-0.21,0.38,1.12,32.35,-59.2,-45.04,1.201207725582882,81.11574508071784,"-0.21,0.38,1.12,32.35,-59.20,-45.04"
ziqian,normal_work,ziqian_normal_work_data.csv,1047,2026-07-27T13:54:40.407,43.351391,61.372999999996125,-0.16,0.36,1.13,44.56,-69.7,-62.74,1.1967038062946067,103.82673644105357,"-0.16,0.36,1.13,44.56,-69.70,-62.74"
ziqian,normal_work,ziqian_normal_work_data.csv,1048,2026-07-27T13:54:40.408,43.352116,0.7250000000027512,-0.13,0.34,1.11,48.03,-79.9,-58.23,1.1681609478149833,109.91644008063581,"-0.13,0.34,1.11,48.03,-79.90,-58.23"
ziqian,normal_work,ziqian_normal_work_data.csv,1049,2026-07-27T13:54:40.465,43.409176,57.05999999999989,-0.14,0.31,1.06,42.66,-90.7,-36.32,1.1132385189167684,106.60913656905772,"-0.14,0.31,1.06,42.66,-90.70,-36.32"
ziqian,normal_work,ziqian_normal_work_data.csv,1050,2026-07-27T13:54:40.648,43.592027,182.85099999999943,-0.17,0.3,0.98,31.86,-102.48,-12.76,1.0388936422945325,108.0741763790037,"-0.17,0.30,0.98,31.86,-102.48,-12.76"
ziqian,normal_work,ziqian_normal_work_data.csv,1051,2026-07-27T13:54:40.648,43.592146,0.11899999999798183,-0.23,0.3,0.9,21.18,-109.8,3.97,0.976165969494942,111.89456331743736,"-0.23,0.30,0.90,21.18,-109.80,3.97"
ziqian,normal_work,ziqian_normal_work_data.csv,1052,2026-07-27T13:54:40.648,43.592278,0.13200000000068712,-0.28,0.27,0.83,13.85,-105.29,15.5,0.916624241442479,107.32220925791643,"-0.28,0.27,0.83,13.85,-105.29,15.50"
ziqian,normal_work,ziqian_normal_work_data.csv,1053,2026-07-27T13:54:40.648,43.5923,0.02200000000129876,-0.31,0.24,0.78,8.48,-86.91,22.89,0.8729833904490967,90.27297823823028,"-0.31,0.24,0.78,8.48,-86.91,22.89"
ziqian,normal_work,ziqian_normal_work_data.csv,1054,2026-07-27T13:54:40.705,43.64911,56.809999999998695,-0.34,0.22,0.76,2.99,-58.35,23.13,0.8611620056644395,62.838360099544296,"-0.34,0.22,0.76,2.99,-58.35,23.13"
ziqian,normal_work,ziqian_normal_work_data.csv,1055,2026-07-27T13:54:40.705,43.649246,0.13599999999769352,-0.36,0.25,0.8,-3.05,-24.11,14.1,0.9121951545584969,28.096344958019007,"-0.36,0.25,0.80,-3.05,-24.11,14.10"
ziqian,normal_work,ziqian_normal_work_data.csv,1056,2026-07-27T13:54:40.766,43.710143,60.8970000000042,-0.36,0.31,0.86,-8.97,12.08,-3.23,0.9824968193332739,15.388963577837202,"-0.36,0.31,0.86,-8.97,12.08,-3.23"
ziqian,normal_work,ziqian_normal_work_data.csv,1057,2026-07-27T13:54:40.766,43.710173,0.029999999995311555,-0.33,0.4,0.95,-14.16,43.21,-25.02,1.0823123393919152,51.90000096339113,"-0.33,0.40,0.95,-14.16,43.21,-25.02"
ziqian,normal_work,ziqian_normal_work_data.csv,1058,2026-07-27T13:54:40.944,43.888562,178.3890000000028,-0.16,0.51,1.0,-31.13,68.48,-43.27,1.1338871196022997,86.78064415524928,"-0.16,0.51,1.00,-31.13,68.48,-43.27"
ziqian,normal_work,ziqian_normal_work_data.csv,1059,2026-07-27T13:54:40.945,43.888863,0.3010000000003288,-0.06,0.58,0.91,-34.97,73.55,-36.25,1.0807867504739312,89.1435129440163,"-0.06,0.58,0.91,-34.97,73.55,-36.25"
ziqian,normal_work,ziqian_normal_work_data.csv,1060,2026-07-27T13:54:40.946,43.889784,0.9209999999981733,-0.06,0.58,0.91,-23.38,74.89,-24.84,1.0807867504739312,82.29314734532882,"-0.06,0.58,0.91,-23.38,74.89,-24.84"
ziqian,normal_work,ziqian_normal_work_data.csv,1061,2026-07-27T13:54:41.005,43.949357,59.57300000000032,-0.02,0.61,0.85,-4.33,71.47,-0.43,1.0464224768228174,71.60233725235511,"-0.02,0.61,0.85,-4.33,71.47,-0.43"
ziqian,normal_work,ziqian_normal_work_data.csv,1062,2026-07-27T13:54:41.005,43.949494,0.1370000000022742,-0.05,0.57,0.85,7.63,65.37,37.29,1.0246462804304712,75.64388871548051,"-0.05,0.57,0.85,7.63,65.37,37.29"
ziqian,normal_work,ziqian_normal_work_data.csv,1063,2026-07-27T13:54:41.066,44.009685,60.19099999999611,-0.11,0.48,0.88,5.8,60.24,76.29,1.0084145972763385,97.37895922631337,"-0.11,0.48,0.88,5.80,60.24,76.29"
ziqian,normal_work,ziqian_normal_work_data.csv,1064,2026-07-27T13:54:41.127,44.070727,61.042000000000485,-0.18,0.38,0.88,-4.46,56.64,96.44,0.9752948272189287,111.93147367921142,"-0.18,0.38,0.88,-4.46,56.64,96.44"
ziqian,normal_work,ziqian_normal_work_data.csv,1065,2026-07-27T13:54:41.185,44.128977,58.25000000000102,-0.19,0.28,0.84,-20.94,43.15,50.78,0.9055937278934743,69.84994273440745,"-0.19,0.28,0.84,-20.94,43.15,50.78"
ziqian,normal_work,ziqian_normal_work_data.csv,1066,2026-07-27T13:54:41.244,44.188563,59.586000000003025,-0.15,0.29,0.86,-31.13,34.0,17.46,0.9198912979260103,49.29430494489196,"-0.15,0.29,0.86,-31.13,34.00,17.46"
ziqian,normal_work,ziqian_normal_work_data.csv,1067,2026-07-27T13:54:41.245,44.188703,0.13999999999469992,-0.12,0.34,0.88,-31.13,34.0,17.46,0.9509994742374992,49.29430494489196,"-0.12,0.34,0.88,-31.13,34.00,17.46"
ziqian,normal_work,ziqian_normal_work_data.csv,1068,2026-07-27T13:54:41.605,44.548999,360.2960000000053,-0.1,0.41,0.89,-41.87,26.06,-1.71,0.9849873095629201,49.347184316838174,"-0.10,0.41,0.89,-41.87,26.06,-1.71"
ziqian,normal_work,ziqian_normal_work_data.csv,1069,2026-07-27T13:54:41.605,44.549307,0.30799999999686634,-0.1,0.49,0.89,-47.0,19.04,-9.28,1.0208819716304134,51.55230353728143,"-0.10,0.49,0.89,-47.00,19.04,-9.28"
ziqian,normal_work,ziqian_normal_work_data.csv,1070,2026-07-27T13:54:41.605,44.549541,0.23399999999895726,-0.11,0.57,0.89,-43.4,12.45,-13.24,1.062591172558854,47.051674784219955,"-0.11,0.57,0.89,-43.40,12.45,-13.24"
ziqian,normal_work,ziqian_normal_work_data.csv,1071,2026-07-27T13:54:41.606,44.550181,0.6400000000041928,-0.12,0.64,0.91,-32.71,8.12,-16.91,1.1189727431890377,37.707116039283626,"-0.12,0.64,0.91,-32.71,8.12,-16.91"
ziqian,normal_work,ziqian_normal_work_data.csv,1072,2026-07-27T13:54:41.607,44.550699,0.5179999999995744,-0.11,0.66,0.96,-19.47,7.75,-17.64,1.1701709276853531,27.391841851178974,"-0.11,0.66,0.96,-19.47,7.75,-17.64"
ziqian,normal_work,ziqian_normal_work_data.csv,1073,2026-07-27T13:54:41.607,44.551336,0.6369999999975562,-0.08,0.63,1.0,-7.63,8.18,-10.56,1.1846096403457131,15.383201877372604,"-0.08,0.63,1.00,-7.63,8.18,-10.56"
ziqian,normal_work,ziqian_normal_work_data.csv,1074,2026-07-27T13:54:41.608,44.551632,0.2959999999987417,-0.07,0.6,1.01,1.65,6.23,2.56,1.176860229593982,6.934623277439085,"-0.07,0.60,1.01,1.65,6.23,2.56"
ziqian,normal_work,ziqian_normal_work_data.csv,1075,2026-07-27T13:54:41.608,44.552201,0.5689999999987094,-0.08,0.56,1.05,14.65,1.1,6.29,1.1926860441876563,15.981132625693338,"-0.08,0.56,1.05,14.65,1.10,6.29"
ziqian,normal_work,ziqian_normal_work_data.csv,1076,2026-07-27T13:54:41.609,44.55271,0.5090000000009809,-0.05,0.51,1.12,41.14,-12.08,-19.59,1.231665539016173,47.140153796948944,"-0.05,0.51,1.12,41.14,-12.08,-19.59"
ziqian,normal_work,ziqian_normal_work_data.csv,1077,2026-07-27T13:54:41.665,44.608869,56.15900000000096,0.03,0.45,1.18,75.99,-40.16,-68.85,1.2632497773599645,110.1255111225369,"0.03,0.45,1.18,75.99,-40.16,-68.85"
ziqian,normal_work,ziqian_normal_work_data.csv,1078,2026-07-27T13:54:41.725,44.669089,60.22000000000105,0.09,0.4,1.23,96.86,-77.82,-94.54,1.2965338406690357,156.126947065521,"0.09,0.40,1.23,96.86,-77.82,-94.54"
ziqian,normal_work,ziqian_normal_work_data.csv,1079,2026-07-27T13:54:41.965,44.909048,239.95899999999892,0.03,0.35,1.23,87.59,-109.13,-59.51,1.2791794244749248,152.06184629945804,"0.03,0.35,1.23,87.59,-109.13,-59.51"
ziqian,normal_work,ziqian_normal_work_data.csv,1080,2026-07-27T13:54:41.965,44.909103,0.055000000003246896,-0.1,0.3,1.17,56.82,-127.32,11.05,1.2119818480488889,139.86063527669248,"-0.10,0.30,1.17,56.82,-127.32,11.05"
ziqian,normal_work,ziqian_normal_work_data.csv,1081,2026-07-27T13:54:41.965,44.909361,0.2579999999952065,-0.22,0.26,1.08,27.34,-136.29,63.29,1.1324310133513653,152.73527359454332,"-0.22,0.26,1.08,27.34,-136.29,63.29"
ziqian,normal_work,ziqian_normal_work_data.csv,1082,2026-07-27T13:54:41.965,44.909406,0.04500000000007276,-0.29,0.25,0.97,12.02,-137.57,77.09,1.0428326807307104,158.15452380504328,"-0.29,0.25,0.97,12.02,-137.57,77.09"
ziqian,normal_work,ziqian_normal_work_data.csv,1083,2026-07-27T13:54:41.966,44.91014,0.7340000000013447,-0.32,0.23,0.86,9.52,-125.61,69.52,0.9459915433025815,143.88027279651646,"-0.32,0.23,0.86,9.52,-125.61,69.52"
ziqian,normal_work,ziqian_normal_work_data.csv,1084,2026-07-27T13:54:41.967,44.910698,0.55799999999806,-0.34,0.2,0.74,10.44,-98.14,60.79,0.8385702117294652,115.91323177273594,"-0.34,0.20,0.74,10.44,-98.14,60.79"
ziqian,normal_work,ziqian_normal_work_data.csv,1085,2026-07-27T13:54:41.967,44.911256,0.5580000000051655,-0.38,0.16,0.65,7.14,-61.4,54.2,0.7697402159170327,82.21058082753096,"-0.38,0.16,0.65,7.14,-61.40,54.20"
ziqian,normal_work,ziqian_normal_work_data.csv,1086,2026-07-27T13:54:42.209,45.152942,241.6860000000014,-0.43,0.17,0.65,-1.4,-18.8,41.87,0.7976841480185,45.9183721401358,"-0.43,0.17,0.65,-1.40,-18.80,41.87"
ziqian,normal_work,ziqian_normal_work_data.csv,1087,2026-07-27T13:54:42.209,45.153217,0.2749999999949182,-0.45,0.24,0.75,-10.93,29.91,17.82,0.9069729874698584,36.49144283253267,"-0.45,0.24,0.75,-10.93,29.91,17.82"
ziqian,normal_work,ziqian_normal_work_data.csv,1088,2026-07-27T13:54:42.209,45.153507,0.2899999999996794,-0.44,0.36,0.92,-17.33,78.8,-17.58,1.0814804667676619,82.57617876845597,"-0.44,0.36,0.92,-17.33,78.80,-17.58"
ziqian,normal_work,ziqian_normal_work_data.csv,1089,2026-07-27T13:54:42.209,45.153557,0.05000000000165983,-0.39,0.45,1.04,-18.92,118.35,-54.69,1.198415620725965,131.74097692062253,"-0.39,0.45,1.04,-18.92,118.35,-54.69"
ziqian,normal_work,ziqian_normal_work_data.csv,1090,2026-07-27T13:54:42.214,45.158393,4.835999999997398,-0.29,0.48,1.08,-18.37,145.32,-80.26,1.2169223475637219,167.02403090573523,"-0.29,0.48,1.08,-18.37,145.32,-80.26"
ziqian,normal_work,ziqian_normal_work_data.csv,1091,2026-07-27T13:54:42.214,45.158414,0.021000000003823516,-0.2,0.51,1.08,-20.94,156.37,-89.48,1.2109913294487291,181.3745596824428,"-0.20,0.51,1.08,-20.94,156.37,-89.48"
ziqian,normal_work,ziqian_normal_work_data.csv,1092,2026-07-27T13:54:42.267,45.211373,52.95900000000131,-0.16,0.53,1.07,-27.77,148.44,-79.22,1.2047406359876802,170.53273849909291,"-0.16,0.53,1.07,-27.77,148.44,-79.22"
ziqian,normal_work,ziqian_normal_work_data.csv,1093,2026-07-27T13:54:42.448,45.391836,180.46299999999604,-0.17,0.5,1.06,-32.53,129.64,-45.1,1.1842719282327012,141.06289554663195,"-0.17,0.50,1.06,-32.53,129.64,-45.10"
ziqian,normal_work,ziqian_normal_work_data.csv,1094,2026-07-27T13:54:42.448,45.392052,0.21600000000177033,-0.22,0.41,1.06,-35.46,111.27,2.14,1.1576268828944842,116.80327093022694,"-0.22,0.41,1.06,-35.46,111.27,2.14"
ziqian,normal_work,ziqian_normal_work_data.csv,1095,2026-07-27T13:54:42.448,45.392077,0.025000000000829914,-0.27,0.36,1.01,-44.56,96.74,33.2,1.105712440013225,111.56370915311125,"-0.27,0.36,1.01,-44.56,96.74,33.20"
ziqian,normal_work,ziqian_normal_work_data.csv,1096,2026-07-27T13:54:42.448,45.392222,0.144999999996287,-0.26,0.37,0.93,-55.66,82.52,29.97,1.0341179816636012,103.95088696110292,"-0.26,0.37,0.93,-55.66,82.52,29.97"
ziqian,normal_work,ziqian_normal_work_data.csv,1097,2026-07-27T13:54:42.448,45.392244,0.02200000000129876,-0.24,0.39,0.87,-56.46,68.66,10.8,0.9831581764904364,89.54645274939706,"-0.24,0.39,0.87,-56.46,68.66,10.80"
ziqian,normal_work,ziqian_normal_work_data.csv,1098,2026-07-27T13:54:42.570,45.513784,121.54000000000309,-0.21,0.42,0.86,-47.42,59.39,2.14,0.9798469268207152,76.02899512685933,"-0.21,0.42,0.86,-47.42,59.39,2.14"
ziqian,normal_work,ziqian_normal_work_data.csv,1099,2026-07-27T13:54:42.684,45.628207,114.42300000000216,-0.17,0.44,0.9,-35.77,53.04,2.38,1.0161200716450787,64.01873866298835,"-0.17,0.44,0.90,-35.77,53.04,2.38"
ziqian,normal_work,ziqian_normal_work_data.csv,1100,2026-07-27T13:54:42.684,45.628458,0.25099999999866895,-0.1,0.47,0.92,-25.21,43.64,-0.55,1.0379306335203717,50.401351172364414,"-0.10,0.47,0.92,-25.21,43.64,-0.55"
ziqian,normal_work,ziqian_normal_work_data.csv,1101,2026-07-27T13:54:42.685,45.628956,0.4980000000003315,-0.05,0.51,0.93,-16.54,27.16,-7.51,1.061838029079765,32.67471958563684,"-0.05,0.51,0.93,-16.54,27.16,-7.51"
ziqian,normal_work,ziqian_normal_work_data.csv,1102,2026-07-27T13:54:42.686,45.629583,0.626999999994382,-0.03,0.56,0.95,-7.45,3.42,-16.91,1.103177229641729,18.792205831141803,"-0.03,0.56,0.95,-7.45,3.42,-16.91"
ziqian,normal_work,ziqian_normal_work_data.csv,1103,2026-07-27T13:54:42.686,45.630085,0.5020000000044433,-0.04,0.6,1.0,4.27,-27.4,-25.27,1.1668761716651856,37.517539898026364,"-0.04,0.60,1.00,4.27,-27.40,-25.27"
ziqian,normal_work,ziqian_normal_work_data.csv,1104,2026-07-27T13:54:42.806,45.750484,120.39899999999903,-0.07,0.59,1.08,15.75,-63.78,-19.78,1.2326394444443194,68.6090322042222,"-0.07,0.59,1.08,15.75,-63.78,-19.78"
ziqian,normal_work,ziqian_normal_work_data.csv,1105,2026-07-27T13:54:42.806,45.750516,0.03199999999736747,-0.16,0.55,1.14,24.05,-93.63,3.91,1.2758134659894447,96.74847544018459,"-0.16,0.55,1.14,24.05,-93.63,3.91"
ziqian,normal_work,ziqian_normal_work_data.csv,1106,2026-07-27T13:54:42.807,45.750611,0.09500000000173259,-0.26,0.51,1.16,31.62,-108.34,23.68,1.2935609765295177,115.31748523099175,"-0.26,0.51,1.16,31.62,-108.34,23.68"
ziqian,normal_work,ziqian_normal_work_data.csv,1107,2026-07-27T13:54:43.348,46.291855,541.243999999999,-0.31,0.48,1.2,45.84,-112.85,17.94,1.3290974381135492,123.11893315002368,"-0.31,0.48,1.20,45.84,-112.85,17.94"
ziqian,normal_work,ziqian_normal_work_data.csv,1108,2026-07-27T13:54:43.348,46.292048,0.19300000000299633,-0.29,0.43,1.26,68.97,-112.12,-5.19,1.3625710990623572,131.73720583039554,"-0.29,0.43,1.26,68.97,-112.12,-5.19"
ziqian,normal_work,ziqian_normal_work_data.csv,1109,2026-07-27T13:54:43.348,46.292168,0.11999999999545707,-0.21,0.34,1.33,92.35,-111.69,-21.55,1.3887404365107254,146.51819375081035,"-0.21,0.34,1.33,92.35,-111.69,-21.55"
ziqian,normal_work,ziqian_normal_work_data.csv,1110,2026-07-27T13:54:43.348,46.292358,0.19000000000346517,-0.16,0.26,1.35,103.7,-117.19,-16.72,1.3840881474819442,157.37453574196812,"-0.16,0.26,1.35,103.70,-117.19,-16.72"
ziqian,normal_work,ziqian_normal_work_data.csv,1111,2026-07-27T13:54:43.411,46.354705,62.347000000002595,-0.15,0.2,1.28,95.34,-127.93,4.7,1.3041855696180662,159.6179516846398,"-0.15,0.20,1.28,95.34,-127.93,4.70"
ziqian,normal_work,ziqian_normal_work_data.csv,1112,2026-07-27T13:54:43.411,46.355301,0.5959999999944898,-0.19,0.18,1.16,72.69,-138.55,30.15,1.1891593669479292,159.33913863203855,"-0.19,0.18,1.16,72.69,-138.55,30.15"
ziqian,normal_work,ziqian_normal_work_data.csv,1113,2026-07-27T13:54:43.411,46.355572,0.2710000000050172,-0.25,0.17,1.02,48.22,-143.07,48.03,1.0638608931622593,158.43318528641655,"-0.25,0.17,1.02,48.22,-143.07,48.03"
ziqian,normal_work,ziqian_normal_work_data.csv,1114,2026-07-27T13:54:43.412,46.356066,0.4939999999962197,-0.29,0.16,0.87,29.54,-138.49,49.19,0.9309135298189624,149.90579641895107,"-0.29,0.16,0.87,29.54,-138.49,49.19"
ziqian,normal_work,ziqian_normal_work_data.csv,1115,2026-07-27T13:54:43.412,46.356442,0.3760000000028185,-0.31,0.14,0.75,18.74,-122.13,35.28,0.8235289915965315,128.49748207649827,"-0.31,0.14,0.75,18.74,-122.13,35.28"
ziqian,normal_work,ziqian_normal_work_data.csv,1116,2026-07-27T13:54:43.414,46.35824,1.7980000000008545,-0.31,0.13,0.68,11.05,-92.47,15.62,0.7585512507405153,94.42874456435392,"-0.31,0.13,0.68,11.05,-92.47,15.62"
ziqian,normal_work,ziqian_normal_work_data.csv,1117,2026-07-27T13:54:43.415,46.358891,0.6509999999977367,-0.31,0.16,0.65,-1.4,-53.04,-3.91,0.7376991256603196,53.202346752751424,"-0.31,0.16,0.65,-1.40,-53.04,-3.91"
ziqian,normal_work,ziqian_normal_work_data.csv,1118,2026-07-27T13:54:43.415,46.359358,0.4670000000004393,-0.32,0.25,0.68,-20.39,-11.17,-23.68,0.7920227269466452,33.18528890939478,"-0.32,0.25,0.68,-20.39,-11.17,-23.68"
ziqian,normal_work,ziqian_normal_work_data.csv,1119,2026-07-27T13:54:43.465,46.4094,50.0419999999977,-0.36,0.38,0.77,-41.2,29.48,-42.54,0.931074647920348,66.15256608779436,"-0.36,0.38,0.77,-41.20,29.48,-42.54"
ziqian,normal_work,ziqian_normal_work_data.csv,1120,2026-07-27T13:54:43.466,46.40981,0.4100000000022419,-0.4,0.5,0.88,-56.09,71.66,-52.25,1.0883014288330233,104.9347711676163,"-0.40,0.50,0.88,-56.09,71.66,-52.25"
ziqian,normal_work,ziqian_normal_work_data.csv,1121,2026-07-27T13:54:43.530,46.474429,64.61900000000043,-0.27,0.58,1.17,-54.87,185.55,-22.89,1.333491657266741,194.8421707433994,"-0.27,0.58,1.17,-54.87,185.55,-22.89"
ziqian,normal_work,ziqian_normal_work_data.csv,1122,2026-07-27T13:54:43.531,46.474625,0.19600000000252749,-0.2,0.61,1.19,-58.29,187.44,-21.18,1.3521094630243513,197.4337106473968,"-0.20,0.61,1.19,-58.29,187.44,-21.18"
ziqian,normal_work,ziqian_normal_work_data.csv,1123,2026-07-27T13:54:43.829,46.773067,298.4419999999943,-0.2,0.61,1.19,-54.26,169.49,-13.31,1.3521094630243513,178.46053849520908,"-0.20,0.61,1.19,-54.26,169.49,-13.31"
ziqian,normal_work,ziqian_normal_work_data.csv,1124,2026-07-27T13:54:43.829,46.77319,0.12300000000209366,-0.15,0.59,1.17,-44.31,143.86,15.08,1.318901057699174,151.28278851211067,"-0.15,0.59,1.17,-44.31,143.86,15.08"
ziqian,normal_work,ziqian_normal_work_data.csv,1125,2026-07-27T13:54:43.829,46.773307,0.11700000000303135,-0.16,0.51,1.12,-40.22,121.58,54.63,1.2410076550932312,139.22565029476428,"-0.16,0.51,1.12,-40.22,121.58,54.63"
ziqian,normal_work,ziqian_normal_work_data.csv,1126,2026-07-27T13:54:43.829,46.773385,0.07799999999491547,-0.22,0.43,1.04,-45.1,108.64,84.23,1.1466908912169835,144.67671720079912,"-0.22,0.43,1.04,-45.10,108.64,84.23"
ziqian,normal_work,ziqian_normal_work_data.csv,1127,2026-07-27T13:54:43.831,46.774702,1.3170000000002346,-0.27,0.38,0.95,-49.8,104.74,94.6,1.0582060290888538,149.6651849963778,"-0.27,0.38,0.95,-49.80,104.74,94.60"
ziqian,normal_work,ziqian_normal_work_data.csv,1128,2026-07-27T13:54:43.831,46.774944,0.2420000000000755,-0.31,0.41,0.88,-31.8,96.56,47.67,1.0191172650877818,112.28313542113081,"-0.31,0.41,0.88,-31.80,96.56,47.67"
ziqian,normal_work,ziqian_normal_work_data.csv,1129,2026-07-27T13:54:44.065,47.008845,233.90100000000302,-0.24,0.47,0.89,-12.08,79.22,8.24,1.0346980235798269,80.55825469807549,"-0.24,0.47,0.89,-12.08,79.22,8.24"
ziqian,normal_work,ziqian_normal_work_data.csv,1130,2026-07-27T13:54:44.065,47.009169,0.3239999999991028,-0.16,0.5,0.9,-12.08,79.22,8.24,1.0419213022104885,80.55825469807549,"-0.16,0.50,0.90,-12.08,79.22,8.24"
ziqian,normal_work,ziqian_normal_work_data.csv,1131,2026-07-27T13:54:44.066,47.009582,0.41300000000177306,-0.11,0.53,0.86,0.79,55.24,-13.12,1.0161692772368194,56.782181183889016,"-0.11,0.53,0.86,0.79,55.24,-13.12"
ziqian,normal_work,ziqian_normal_work_data.csv,1132,2026-07-27T13:54:44.066,47.010578,0.996000000000663,-0.09,0.54,0.83,8.85,29.24,-23.07,0.9942836617384396,38.28217600920826,"-0.09,0.54,0.83,8.85,29.24,-23.07"
ziqian,normal_work,ziqian_normal_work_data.csv,1133,2026-07-27T13:54:44.067,47.010734,0.15599999999693637,-0.06,0.5,0.85,24.05,1.28,-36.99,0.9879777325425912,44.1395627527052,"-0.06,0.50,0.85,24.05,1.28,-36.99"
ziqian,normal_work,ziqian_normal_work_data.csv,1134,2026-07-27T13:54:44.067,47.010845,0.11100000000396903,-0.06,0.4,0.92,42.3,-26.37,-44.07,1.004987562112089,66.53444070554738,"-0.06,0.40,0.92,42.30,-26.37,-44.07"
ziqian,normal_work,ziqian_normal_work_data.csv,1135,2026-07-27T13:54:44.189,47.132715,121.86999999999415,-0.11,0.32,1.02,48.03,-47.91,-30.7,1.0746627377926528,74.46300423700349,"-0.11,0.32,1.02,48.03,-47.91,-30.70"
ziqian,normal_work,ziqian_normal_work_data.csv,1136,2026-07-27T13:54:44.189,47.132995,0.2800000000036107,-0.15,0.28,1.12,41.08,-60.91,-11.9,1.1641735265844178,74.42583220898507,"-0.15,0.28,1.12,41.08,-60.91,-11.90"
ziqian,normal_work,ziqian_normal_work_data.csv,1137,2026-07-27T13:54:44.189,47.133276,0.28100000000108594,-0.14,0.29,1.19,38.15,-73.91,-16.72,1.2328016872149388,84.83907708126014,"-0.14,0.29,1.19,38.15,-73.91,-16.72"
ziqian,normal_work,ziqian_normal_work_data.csv,1138,2026-07-27T13:54:44.606,47.550046,416.76999999999964,-0.12,0.35,1.22,48.28,-101.44,-54.38,1.274872542648872,124.81272531276608,"-0.12,0.35,1.22,48.28,-101.44,-54.38"
ziqian,normal_work,ziqian_normal_work_data.csv,1139,2026-07-27T13:54:44.606,47.550231,0.18499999999477268,-0.13,0.43,1.31,70.01,-143.37,-101.01,1.3848826665100549,188.83690608564842,"-0.13,0.43,1.31,70.01,-143.37,-101.01"
ziqian,normal_work,ziqian_normal_work_data.csv,1140,2026-07-27T13:54:44.606,47.550355,0.12400000000667433,-0.2,0.45,1.49,99.37,-184.08,-121.09,1.5692673449734433,241.70773963611512,"-0.20,0.45,1.49,99.37,-184.08,-121.09"
ziqian,normal_work,ziqian_normal_work_data.csv,1141,2026-07-27T13:54:44.606,47.55049,0.13500000000021828,-0.29,0.42,1.68,123.41,-210.75,-98.27,1.7558188972670272,263.25383852851985,"-0.29,0.42,1.68,123.41,-210.75,-98.27"
ziqian,normal_work,ziqian_normal_work_data.csv,1142,2026-07-27T13:54:44.606,47.550562,0.07199999999585316,-0.37,0.34,1.75,127.01,-222.6,-44.13,1.8207141456033125,260.0572187038845,"-0.37,0.34,1.75,127.01,-222.60,-44.13"
ziqian,normal_work,ziqian_normal_work_data.csv,1143,2026-07-27T13:54:44.665,47.609313,58.751000000000886,-0.42,0.28,1.65,104.8,-226.2,18.01,1.7254854389417489,249.947674724131,"-0.42,0.28,1.65,104.80,-226.20,18.01"
ziqian,normal_work,ziqian_normal_work_data.csv,1144,2026-07-27T13:54:44.666,47.609854,0.5409999999983484,-0.46,0.24,1.44,63.66,-224.49,69.4,1.5306207890917984,243.4434548308909,"-0.46,0.24,1.44,63.66,-224.49,69.40"
ziqian,normal_work,ziqian_normal_work_data.csv,1145,2026-07-27T13:54:44.666,47.610077,0.22299999999830789,-0.48,0.21,1.19,19.71,-215.21,95.58,1.3002307487519282,236.30354335049654,"-0.48,0.21,1.19,19.71,-215.21,95.58"
ziqian,normal_work,ziqian_normal_work_data.csv,1146,2026-07-27T13:54:44.666,47.610141,0.06400000000184036,-0.47,0.19,0.95,-10.13,-196.66,86.73,1.0768008172359453,215.17403514364833,"-0.47,0.19,0.95,-10.13,-196.66,86.73"
ziqian,normal_work,ziqian_normal_work_data.csv,1147,2026-07-27T13:54:44.666,47.610228,0.08700000000061436,-0.42,0.16,0.75,-19.41,-169.25,52.25,0.8743569065318807,178.19195576680784,"-0.42,0.16,0.75,-19.41,-169.25,52.25"
ziqian,normal_work,ziqian_normal_work_data.csv,1148,2026-07-27T13:54:44.667,47.610611,0.3829999999993561,-0.37,0.14,0.6,-16.85,-133.24,18.25,0.718679344353238,135.53553998859488,"-0.37,0.14,0.60,-16.85,-133.24,18.25"
ziqian,normal_work,ziqian_normal_work_data.csv,1149,2026-07-27T13:54:44.908,47.852263,241.65200000000198,-0.34,0.15,0.49,-16.6,-88.38,-0.18,0.6149796744608719,89.92561815189262,"-0.34,0.15,0.49,-16.60,-88.38,-0.18"
ziqian,normal_work,ziqian_normal_work_data.csv,1150,2026-07-27T13:54:44.909,47.8527,0.4369999999980223,-0.34,0.19,0.44,-25.63,-37.96,-10.99,0.5876223276901585,47.10242668907835,"-0.34,0.19,0.44,-25.63,-37.96,-10.99"
ziqian,normal_work,ziqian_normal_work_data.csv,1151,2026-07-27T13:54:44.909,47.852804,0.10400000000032605,-0.39,0.28,0.48,-40.65,14.53,-27.34,0.6788961628997472,51.0981310812832,"-0.39,0.28,0.48,-40.65,14.53,-27.34"
ziqian,normal_work,ziqian_normal_work_data.csv,1152,2026-07-27T13:54:44.909,47.852925,0.12100000000003774,-0.45,0.42,0.62,-53.89,69.82,-54.69,0.8736704184073077,103.77842068561267,"-0.45,0.42,0.62,-53.89,69.82,-54.69"
ziqian,normal_work,ziqian_normal_work_data.csv,1153,2026-07-27T13:54:44.909,47.85302,0.09500000000173259,-0.52,0.59,0.88,-60.85,129.76,-81.24,1.180211845390479,164.743187112548,"-0.52,0.59,0.88,-60.85,129.76,-81.24"
ziqian,normal_work,ziqian_normal_work_data.csv,1154,2026-07-27T13:54:44.909,47.853115,0.09500000000173259,-0.57,0.69,1.24,-62.74,201.11,-74.89,1.5292481812969405,223.584551791934,"-0.57,0.69,1.24,-62.74,201.11,-74.89"
ziqian,normal_work,ziqian_normal_work_data.csv,1155,2026-07-27T13:54:44.909,47.853223,0.10799999999733245,-0.54,0.73,1.6,-63.23,282.41,-30.46,1.839701062672955,291.0004340202949,"-0.54,0.73,1.60,-63.23,282.41,-30.46"
ziqian,normal_work,ziqian_normal_work_data.csv,1156,2026-07-27T13:54:45.025,47.968748,115.5249999999981,-0.37,0.75,1.83,-61.28,346.5,11.41,2.0120387670221467,352.06203501655784,"-0.37,0.75,1.83,-61.28,346.50,11.41"
ziqian,normal_work,ziqian_normal_work_data.csv,1157,2026-07-27T13:54:45.025,47.968899,0.15100000000245473,-0.04,0.72,1.86,-47.0,358.15,18.07,1.9948934808655825,361.67243107541384,"-0.04,0.72,1.86,-47.00,358.15,18.07"
ziqian,normal_work,ziqian_normal_work_data.csv,1158,2026-07-27T13:54:45.025,47.969063,0.1639999999980546,0.31,0.62,1.69,-16.24,292.6,-9.22,1.8266362527881679,293.1953376164089,"0.31,0.62,1.69,-16.24,292.60,-9.22"
ziqian,normal_work,ziqian_normal_work_data.csv,1159,2026-07-27T13:54:45.145,48.088644,119.58100000000371,0.36,0.52,1.43,2.2,162.48,-23.01,1.5636176003102549,164.115966621167,"0.36,0.52,1.43,2.20,162.48,-23.01"
ziqian,normal_work,ziqian_normal_work_data.csv,1160,2026-07-27T13:54:45.145,48.088807,0.16300000000057935,0.11,0.52,1.13,-24.05,40.34,29.6,1.2487593843491225,55.514665629903604,"0.11,0.52,1.13,-24.05,40.34,29.60"
ziqian,normal_work,ziqian_normal_work_data.csv,1161,2026-07-27T13:54:45.145,48.089252,0.4449999999991405,-0.14,0.62,0.82,-61.28,-15.56,106.51,1.037496987947435,123.86174591051105,"-0.14,0.62,0.82,-61.28,-15.56,106.51"
ziqian,normal_work,ziqian_normal_work_data.csv,1162,2026-07-27T13:54:45.388,48.331819,242.5670000000011,-0.24,0.75,0.61,-43.15,-20.63,129.27,0.9960923651951158,137.83414780089876,"-0.24,0.75,0.61,-43.15,-20.63,129.27"
ziqian,normal_work,ziqian_normal_work_data.csv,1163,2026-07-27T13:54:45.388,48.332227,0.408000000000186,-0.2,0.78,0.6,19.23,0.0,102.11,1.0041912168506553,103.90498063134415,"-0.20,0.78,0.60,19.23,0.00,102.11"
ziqian,normal_work,ziqian_normal_work_data.csv,1164,2026-07-27T13:54:45.388,48.332249,0.02199999999419333,-0.06,0.72,0.72,52.55,39.49,71.29,1.02,96.97023615522446,"-0.06,0.72,0.72,52.55,39.49,71.29"
ziqian,normal_work,ziqian_normal_work_data.csv,1165,2026-07-27T13:54:45.388,48.33235,0.1010000000007949,0.14,0.72,0.83,37.41,66.16,48.77,1.1076551810017412,90.3059610435546,"0.14,0.72,0.83,37.41,66.16,48.77"
ziqian,normal_work,ziqian_normal_work_data.csv,1166,2026-07-27T13:54:45.389,48.332642,0.2920000000017353,0.25,0.7,0.89,18.31,45.9,26.43,1.1595688854052613,56.04115452058424,"0.25,0.70,0.89,18.31,45.90,26.43"
ziqian,normal_work,ziqian_normal_work_data.csv,1167,2026-07-27T13:54:45.389,48.332732,0.09000000000014552,0.21,0.56,0.96,25.02,-10.74,7.2,1.1310614483749326,28.163593520713935,"0.21,0.56,0.96,25.02,-10.74,7.20"
ziqian,normal_work,ziqian_normal_work_data.csv,1168,2026-07-27T13:54:45.566,48.509794,177.0619999999994,0.07,0.34,1.06,45.59,-69.82,-2.32,1.1153923076657828,83.41860044378592,"0.07,0.34,1.06,45.59,-69.82,-2.32"
ziqian,normal_work,ziqian_normal_work_data.csv,1169,2026-07-27T13:54:45.566,48.509836,0.042000000000541604,-0.08,0.18,1.2,60.49,-110.96,-1.46,1.2160592090848208,126.38549481645431,"-0.08,0.18,1.20,60.49,-110.96,-1.46"
ziqian,normal_work,ziqian_normal_work_data.csv,1170,2026-07-27T13:54:45.566,48.510033,0.19700000000000273,-0.22,0.15,1.31,63.23,-137.39,1.1,1.3367871932360813,151.24567762418863,"-0.22,0.15,1.31,63.23,-137.39,1.10"
ziqian,normal_work,ziqian_normal_work_data.csv,1171,2026-07-27T13:54:45.566,48.510062,0.028999999997836312,-0.29,0.24,1.31,47.55,-161.07,-8.3,1.363011371926148,168.14707074463115,"-0.29,0.24,1.31,47.55,-161.07,-8.30"
ziqian,normal_work,ziqian_normal_work_data.csv,1172,2026-07-27T13:54:45.570,48.51445,4.387999999998726,-0.31,0.33,1.19,12.82,-177.37,-26.61,1.2732242536175629,179.81257297530672,"-0.31,0.33,1.19,12.82,-177.37,-26.61"
ziqian,normal_work,ziqian_normal_work_data.csv,1173,2026-07-27T13:54:45.806,48.75036,235.91000000000406,-0.3,0.39,1.09,-23.68,-174.32,-41.75,1.195909695587422,180.8072656172865,"-0.30,0.39,1.09,-23.68,-174.32,-41.75"
ziqian,normal_work,ziqian_normal_work_data.csv,1174,2026-07-27T13:54:45.807,48.751446,1.0860000000008085,-0.3,0.41,1.14,-41.63,-158.2,-54.02,1.2480785231707177,172.27436634624434,"-0.30,0.41,1.14,-41.63,-158.20,-54.02"
ziqian,normal_work,ziqian_normal_work_data.csv,1175,2026-07-27T13:54:45.808,48.751888,0.44199999999960937,-0.32,0.4,1.3,-36.19,-146.79,-67.87,1.3972830779766854,165.72072018911817,"-0.32,0.40,1.30,-36.19,-146.79,-67.87"
ziqian,normal_work,ziqian_normal_work_data.csv,1176,2026-07-27T13:54:45.808,48.752157,0.2689999999958559,-0.36,0.35,1.42,-21.36,-150.94,-78.86,1.506154042586614,171.6334256489685,"-0.36,0.35,1.42,-21.36,-150.94,-78.86"
ziqian,normal_work,ziqian_normal_work_data.csv,1177,2026-07-27T13:54:45.808,48.752403,0.2460000000041873,-0.4,0.31,1.41,-15.01,-166.08,-76.9,1.4980654191322886,183.63408316540807,"-0.40,0.31,1.41,-15.01,-166.08,-76.90"
ziqian,normal_work,ziqian_normal_work_data.csv,1178,2026-07-27T13:54:45.808,48.752545,0.14199999999675583,-0.43,0.29,1.27,-23.8,-177.49,-62.26,1.3718236038208411,189.5928471752033,"-0.43,0.29,1.27,-23.80,-177.49,-62.26"
ziqian,normal_work,ziqian_normal_work_data.csv,1179,2026-07-27T13:54:45.931,48.875009,122.4640000000008,-0.4,0.31,1.08,-38.27,-177.06,-49.44,1.1926860441876563,187.77419977196016,"-0.40,0.31,1.08,-38.27,-177.06,-49.44"
ziqian,normal_work,ziqian_normal_work_data.csv,1180,2026-07-27T13:54:45.931,48.875189,0.18000000000029104,-0.35,0.36,0.92,-40.41,-170.1,-49.5,1.0480935072788116,181.7064338431636,"-0.35,0.36,0.92,-40.41,-170.10,-49.50"
ziqian,normal_work,ziqian_normal_work_data.csv,1181,2026-07-27T13:54:45.932,48.875733,0.5439999999978795,-0.32,0.42,0.8,-27.16,-167.42,-61.1,0.9585405573057407,180.2784845731736,"-0.32,0.42,0.80,-27.16,-167.42,-61.10"
ziqian,normal_work,ziqian_normal_work_data.csv,1182,2026-07-27T13:54:46.048,48.991901,116.16800000000183,-0.33,0.47,0.67,-14.95,-168.09,-75.2,0.8824397996464122,184.7506173196723,"-0.33,0.47,0.67,-14.95,-168.09,-75.20"
ziqian,normal_work,ziqian_normal_work_data.csv,1183,2026-07-27T13:54:46.048,48.992069,0.16800000000216642,-0.39,0.52,0.54,-18.31,-154.48,-79.96,0.8450443775329199,174.90834199660117,"-0.39,0.52,0.54,-18.31,-154.48,-79.96"
ziqian,normal_work,ziqian_normal_work_data.csv,1184,2026-07-27T13:54:46.348,49.291978,299.90899999999954,-0.47,0.62,0.46,-41.14,-110.05,-66.35,0.9038252043398657,134.92896130927562,"-0.47,0.62,0.46,-41.14,-110.05,-66.35"
ziqian,normal_work,ziqian_normal_work_data.csv,1185,2026-07-27T13:54:46.349,49.292707,0.7289999999997576,-0.53,0.73,0.46,-72.75,-28.26,-24.9,1.0126203632161461,81.92191465047677,"-0.53,0.73,0.46,-72.75,-28.26,-24.90"
ziqian,normal_work,ziqian_normal_work_data.csv,1186,2026-07-27T13:54:46.349,49.292954,0.24700000000166256,-0.56,0.59,0.94,-58.11,205.38,158.33,1.2431009613060398,265.75572505592424,"-0.56,0.59,0.94,-58.11,205.38,158.33"
ziqian,normal_work,ziqian_normal_work_data.csv,1187,2026-07-27T13:54:46.349,49.293076,0.12199999999751299,-0.52,0.68,1.25,-33.51,287.17,190.12,1.5150247522730447,346.02766276701055,"-0.52,0.68,1.25,-33.51,287.17,190.12"
ziqian,normal_work,ziqian_normal_work_data.csv,1188,2026-07-27T13:54:46.349,49.293469,0.3930000000025302,-0.52,0.68,1.25,-18.92,329.71,158.51,1.5150247522730447,366.32235885896995,"-0.52,0.68,1.25,-18.92,329.71,158.51"
ziqian,normal_work,ziqian_normal_work_data.csv,1189,2026-07-27T13:54:46.349,49.293563,0.09399999999715192,-0.43,0.9,1.48,25.02,338.75,128.42,1.784740877550576,363.1380719506012,"-0.43,0.90,1.48,25.02,338.75,128.42"
ziqian,normal_work,ziqian_normal_work_data.csv,1190,2026-07-27T13:54:46.350,49.293727,0.1639999999980546,-0.39,0.92,1.75,102.78,322.69,135.62,2.015192298516447,364.80864696440517,"-0.39,0.92,1.75,102.78,322.69,135.62"
ziqian,normal_work,ziqian_normal_work_data.csv,1191,2026-07-27T13:54:46.653,49.596865,303.1380000000041,-0.35,0.62,2.04,147.71,290.1,170.84,2.1606711920141852,367.64461059561313,"-0.35,0.62,2.04,147.71,290.10,170.84"
ziqian,normal_work,ziqian_normal_work_data.csv,1192,2026-07-27T13:54:46.709,49.652649,55.783999999995615,-0.2,0.2,1.95,105.59,229.43,199.89,1.9704060495238032,322.0921996882259,"-0.20,0.20,1.95,105.59,229.43,199.89"
ziqian,normal_work,ziqian_normal_work_data.csv,1193,2026-07-27T13:54:46.709,49.652678,0.02900000000494174,-0.09,0.0,1.11,-59.45,63.29,207.7,1.1136426715962353,225.12044909336868,"-0.09,0.00,1.11,-59.45,63.29,207.70"
ziqian,normal_work,ziqian_normal_work_data.csv,1194,2026-07-27T13:54:46.709,49.652795,0.11699999999592592,-0.25,0.07,0.84,-68.85,27.22,202.15,0.8792041856133306,215.28091740793005,"-0.25,0.07,0.84,-68.85,27.22,202.15"
ziqian,normal_work,ziqian_normal_work_data.csv,1195,2026-07-27T13:54:46.766,49.710555,57.76000000000181,-0.45,-0.03,0.7,-68.85,27.22,202.15,0.8327064308626421,215.28091740793005,"-0.45,-0.03,0.70,-68.85,27.22,202.15"
ziqian,normal_work,ziqian_normal_work_data.csv,1196,2026-07-27T13:54:46.768,49.711963,1.4079999999978554,-0.54,-0.25,0.75,-28.56,25.51,154.79,0.9573922915921144,159.4565075498645,"-0.54,-0.25,0.75,-28.56,25.51,154.79"
ziqian,normal_work,ziqian_normal_work_data.csv,1197,2026-07-27T13:54:46.769,49.712675,0.7120000000000459,-0.52,-0.44,0.97,0.0,38.45,35.46,1.1852847759083047,52.30501027626322,"-0.52,-0.44,0.97,0.00,38.45,35.46"
ziqian,normal_work,ziqian_normal_work_data.csv,1198,2026-07-27T13:54:46.769,49.712776,0.1010000000007949,-0.47,-0.32,1.2,-40.1,45.96,-158.94,1.327893067984015,170.24175516012517,"-0.47,-0.32,1.20,-40.10,45.96,-158.94"
ziqian,normal_work,ziqian_normal_work_data.csv,1199,2026-07-27T13:54:46.774,49.717638,4.8620000000028085,-0.45,0.16,1.28,-124.27,48.65,-350.95,1.3661991070118586,375.4673859338518,"-0.45,0.16,1.28,-124.27,48.65,-350.95"
ziqian,normal_work,ziqian_normal_work_data.csv,1200,2026-07-27T13:54:46.774,49.71813,0.4920000000012692,-0.43,0.69,1.22,-183.17,56.7,-412.11,1.4660832172833846,454.53359721807146,"-0.43,0.69,1.22,-183.17,56.70,-412.11"
ziqian,normal_work,ziqian_normal_work_data.csv,1201,2026-07-27T13:54:46.946,49.890166,172.03599999999852,-0.49,0.98,1.06,-182.31,47.12,-308.11,1.5244999180059013,361.09417414297894,"-0.49,0.98,1.06,-182.31,47.12,-308.11"
ziqian,normal_work,ziqian_normal_work_data.csv,1202,2026-07-27T13:54:46.946,49.890359,0.1929999999958909,-0.65,1.03,0.91,-129.88,21.48,-149.84,1.5203617990465297,199.45483298230704,"-0.65,1.03,0.91,-129.88,21.48,-149.84"
ziqian,normal_work,ziqian_normal_work_data.csv,1203,2026-07-27T13:54:46.946,49.890377,0.01800000000429236,-0.71,1.05,0.87,-37.05,24.54,-99.3,1.5373678805022564,108.79064343958997,"-0.71,1.05,0.87,-37.05,24.54,-99.30"
ziqian,normal_work,ziqian_normal_work_data.csv,1204,2026-07-27T13:54:46.946,49.890486,0.10900000000191312,-0.57,1.11,0.95,93.51,55.79,-191.41,1.5682793118574256,220.21451428096196,"-0.57,1.11,0.95,93.51,55.79,-191.41"
ziqian,normal_work,ziqian_normal_work_data.csv,1205,2026-07-27T13:54:47.066,50.009708,119.2220000000006,-0.35,0.98,1.1,226.68,72.51,-280.46,1.5142324788486081,367.8305779839408,"-0.35,0.98,1.10,226.68,72.51,-280.46"
ziqian,normal_work,ziqian_normal_work_data.csv,1206,2026-07-27T13:54:47.066,50.010005,0.29699999999621696,-0.25,0.61,1.26,305.6,58.9,-229.43,1.4220407870381215,386.6506108879178,"-0.25,0.61,1.26,305.60,58.90,-229.43"
ziqian,normal_work,ziqian_normal_work_data.csv,1207,2026-07-27T13:54:47.066,50.010497,0.4920000000012692,-0.3,0.24,1.4,300.11,24.05,-68.6,1.4517575555167603,308.7885596974085,"-0.30,0.24,1.40,300.11,24.05,-68.60"
ziqian,normal_work,ziqian_normal_work_data.csv,1208,2026-07-27T13:54:47.304,50.248369,237.87199999999586,-0.39,0.02,1.41,225.83,-9.89,87.1,1.463078945238431,242.24659130728756,"-0.39,0.02,1.41,225.83,-9.89,87.10"
ziqian,normal_work,ziqian_normal_work_data.csv,1209,2026-07-27T13:54:47.306,50.249898,1.5290000000049986,-0.38,-0.05,1.29,138.06,-20.39,164.37,1.3457340004622014,215.62423936097724,"-0.38,-0.05,1.29,138.06,-20.39,164.37"
ziqian,normal_work,ziqian_normal_work_data.csv,1210,2026-07-27T13:54:47.306,50.249923,0.025000000000829914,-0.31,-0.03,1.23,94.42,-15.14,152.04,1.2688183479127342,179.61213099342706,"-0.31,-0.03,1.23,94.42,-15.14,152.04"
ziqian,normal_work,ziqian_normal_work_data.csv,1211,2026-07-27T13:54:47.428,50.372505,122.5819999999942,-0.25,-0.02,1.35,109.92,-16.78,82.34,1.3730986854556377,138.36130383889855,"-0.25,-0.02,1.35,109.92,-16.78,82.34"
ziqian,normal_work,ziqian_normal_work_data.csv,1212,2026-07-27T13:54:47.429,50.372895,0.39000000000299906,-0.16,-0.02,1.58,153.14,-38.45,-4.39,1.5882065356873458,157.95421551829503,"-0.16,-0.02,1.58,153.14,-38.45,-4.39"
ziqian,normal_work,ziqian_normal_work_data.csv,1213,2026-07-27T13:54:47.429,50.373032,0.1370000000022742,-0.1,0.02,1.77,181.7,-90.64,-73.06,1.7729354190155941,215.79680998569,"-0.10,0.02,1.77,181.70,-90.64,-73.06"
ziqian,normal_work,ziqian_normal_work_data.csv,1214,2026-07-27T13:54:47.429,50.373113,0.08099999999444663,-0.2,0.11,1.86,167.66,-174.32,-74.16,1.8739530410338463,252.97636964744356,"-0.20,0.11,1.86,167.66,-174.32,-74.16"
ziqian,normal_work,ziqian_normal_work_data.csv,1215,2026-07-27T13:54:47.429,50.373343,0.23000000000195087,-0.45,0.19,1.83,103.94,-258.3,11.17,1.8940696924875813,278.6524403266549,"-0.45,0.19,1.83,103.94,-258.30,11.17"
ziqian,normal_work,ziqian_normal_work_data.csv,1216,2026-07-27T13:54:47.429,50.373381,0.038000000003535206,-0.7,0.24,1.69,12.39,-308.11,118.71,1.844911922016875,330.4199574783581,"-0.70,0.24,1.69,12.39,-308.11,118.71"
ziqian,normal_work,ziqian_normal_work_data.csv,1217,2026-07-27T13:54:47.490,50.433891,60.51000000000073,-0.79,0.24,1.45,-66.28,-316.59,160.95,1.66859222100548,361.28543978411307,"-0.79,0.24,1.45,-66.28,-316.59,160.95"
ziqian,normal_work,ziqian_normal_work_data.csv,1218,2026-07-27T13:54:47.490,50.433915,0.023999999996249244,-0.74,0.2,1.17,-103.64,-291.32,113.59,1.3987494414654826,329.41050393088557,"-0.74,0.20,1.17,-103.64,-291.32,113.59"
ziqian,normal_work,ziqian_normal_work_data.csv,1219,2026-07-27T13:54:47.731,50.675388,241.47299999999916,-0.62,0.15,0.93,-102.97,-246.89,19.29,1.127741105041401,268.1969371562621,"-0.62,0.15,0.93,-102.97,-246.89,19.29"
ziqian,normal_work,ziqian_normal_work_data.csv,1220,2026-07-27T13:54:47.731,50.675423,0.03500000000400405,-0.52,0.15,0.8,-87.83,-199.46,-66.53,0.9658674857349739,227.86979045059923,"-0.52,0.15,0.80,-87.83,-199.46,-66.53"
ziqian,normal_work,ziqian_normal_work_data.csv,1221,2026-07-27T13:54:47.731,50.675528,0.1049999999978013,-0.49,0.21,0.74,-77.7,-159.97,-120.85,0.9120307012376282,215.01723977393067,"-0.49,0.21,0.74,-77.70,-159.97,-120.85"
ziqian,normal_work,ziqian_normal_work_data.csv,1222,2026-07-27T13:54:47.732,50.675606,0.0780000000020209,-0.53,0.34,0.71,-81.54,-130.07,-156.19,0.9489994731294639,219.00295112166867,"-0.53,0.34,0.71,-81.54,-130.07,-156.19"
ziqian,normal_work,ziqian_normal_work_data.csv,1223,2026-07-27T13:54:47.732,50.675742,0.13599999999769352,-0.6,0.54,0.67,-96.74,-102.29,-190.25,1.049047186736612,236.67896864740644,"-0.60,0.54,0.67,-96.74,-102.29,-190.25"
ziqian,normal_work,ziqian_normal_work_data.csv,1224,2026-07-27T13:54:47.732,50.675808,0.06600000000389628,-0.63,0.77,0.6,-111.08,-61.4,-205.08,1.161808934377766,241.17738865822395,"-0.63,0.77,0.60,-111.08,-61.40,-205.08"
ziqian,normal_work,ziqian_normal_work_data.csv,1225,2026-07-27T13:54:47.966,50.909775,233.9669999999998,-0.62,0.91,0.6,-114.2,6.23,-157.41,1.2539936203984454,194.57225136180134,"-0.62,0.91,0.60,-114.20,6.23,-157.41"
ziqian,normal_work,ziqian_normal_work_data.csv,1226,2026-07-27T13:54:47.966,50.909881,0.10599999999527654,-0.61,0.92,0.74,-106.75,89.72,-53.53,1.3289469515371937,149.36767320943312,"-0.61,0.92,0.74,-106.75,89.72,-53.53"
ziqian,normal_work,ziqian_normal_work_data.csv,1227,2026-07-27T13:54:47.966,50.909897,0.016000000002236447,-0.63,0.85,1.0,-93.38,163.82,41.14,1.4558159224297555,193.00081968737854,"-0.63,0.85,1.00,-93.38,163.82,41.14"
ziqian,normal_work,ziqian_normal_work_data.csv,1228,2026-07-27T13:54:47.966,50.910055,0.15799999999899228,-0.6,0.74,1.3,-69.03,219.18,80.32,1.6117071694324623,243.4262017532213,"-0.60,0.74,1.30,-69.03,219.18,80.32"
ziqian,normal_work,ziqian_normal_work_data.csv,1229,2026-07-27T13:54:47.967,50.910624,0.5689999999987094,-0.46,0.6,1.5,-36.8,252.5,70.31,1.6797618878876852,264.6771355822032,"-0.46,0.60,1.50,-36.80,252.50,70.31"
ziqian,normal_work,ziqian_normal_work_data.csv,1230,2026-07-27T13:54:47.967,50.9114,0.7760000000018863,-0.24,0.47,1.47,-18.55,256.04,50.78,1.5618578680533002,261.68529286148276,"-0.24,0.47,1.47,-18.55,256.04,50.78"
ziqian,normal_work,ziqian_normal_work_data.csv,1231,2026-07-27T13:54:48.090,51.033797,122.39699999999942,-0.06,0.37,1.31,-22.64,230.77,58.78,1.3625710990623572,239.21214622171678,"-0.06,0.37,1.31,-22.64,230.77,58.78"
ziqian,normal_work,ziqian_normal_work_data.csv,1232,2026-07-27T13:54:48.091,51.034735,0.937999999997885,-0.01,0.29,1.16,-32.71,184.75,90.76,1.1957424471850115,208.4223697207188,"-0.01,0.29,1.16,-32.71,184.75,90.76"
ziqian,normal_work,ziqian_normal_work_data.csv,1233,2026-07-27T13:54:48.091,51.035003,0.26800000000548607,-0.06,0.23,1.06,-36.62,129.46,112.73,1.086324076875773,175.52483841325704,"-0.06,0.23,1.06,-36.62,129.46,112.73"
ziqian,normal_work,ziqian_normal_work_data.csv,1234,2026-07-27T13:54:48.147,51.090732,55.72899999999947,-0.13,0.2,0.98,-36.93,80.99,106.02,1.008612908900139,138.43209671170916,"-0.13,0.20,0.98,-36.93,80.99,106.02"
ziqian,normal_work,ziqian_normal_work_data.csv,1235,2026-07-27T13:54:48.206,51.149965,59.23299999999898,-0.14,0.21,0.9,-38.27,49.93,78.92,0.9347192091746056,100.92553789799686,"-0.14,0.21,0.90,-38.27,49.93,78.92"
ziqian,normal_work,ziqian_normal_work_data.csv,1236,2026-07-27T13:54:48.206,51.150076,0.11099999999686361,-0.11,0.26,0.84,-40.59,34.12,43.21,0.8861715409558129,68.40194880264742,"-0.11,0.26,0.84,-40.59,34.12,43.21"
ziqian,normal_work,ziqian_normal_work_data.csv,1237,2026-07-27T13:54:48.325,51.269482,119.40600000000501,-0.02,0.36,0.85,-39.86,19.1,6.35,0.9233092656309694,44.653690776911155,"-0.02,0.36,0.85,-39.86,19.10,6.35"
ziqian,normal_work,ziqian_normal_work_data.csv,1238,2026-07-27T13:54:48.445,51.389161,119.67899999999787,0.1,0.45,0.9,-34.12,-10.44,-18.49,1.0111874208078342,40.187661041668,"0.10,0.45,0.90,-34.12,-10.44,-18.49"
ziqian,normal_work,ziqian_normal_work_data.csv,1239,2026-07-27T13:54:48.445,51.389333,0.17199999999917281,0.17,0.5,0.93,-27.47,-45.41,-17.52,1.0694858577840103,55.88934961153153,"0.17,0.50,0.93,-27.47,-45.41,-17.52"
ziqian,normal_work,ziqian_normal_work_data.csv,1240,2026-07-27T13:54:48.445,51.389419,0.0859999999960337,0.13,0.52,0.99,-23.68,-72.08,4.33,1.1257886124845997,75.99353722521408,"0.13,0.52,0.99,-23.68,-72.08,4.33"
ziqian,normal_work,ziqian_normal_work_data.csv,1241,2026-07-27T13:54:48.446,51.389962,0.5430000000004043,0.01,0.58,1.05,-21.42,-96.31,26.31,1.1995832609702421,102.11096219309658,"0.01,0.58,1.05,-21.42,-96.31,26.31"
ziqian,normal_work,ziqian_normal_work_data.csv,1242,2026-07-27T13:54:48.447,51.391247,1.2850000000028672,-0.09,0.62,1.05,-14.65,-122.44,33.87,1.2227019260637484,127.88022912084573,"-0.09,0.62,1.05,-14.65,-122.44,33.87"
ziqian,normal_work,ziqian_normal_work_data.csv,1243,2026-07-27T13:54:48.511,51.454863,63.616000000003226,-0.11,0.55,1.05,1.28,-138.67,24.72,1.1904200939164291,140.8619384361865,"-0.11,0.55,1.05,1.28,-138.67,24.72"
ziqian,normal_work,ziqian_normal_work_data.csv,1244,2026-07-27T13:54:48.746,51.689888,235.02500000000026,-0.02,0.41,1.19,16.3,-139.89,4.94,1.2588089608832629,140.92304886000727,"-0.02,0.41,1.19,16.30,-139.89,4.94"
ziqian,normal_work,ziqian_normal_work_data.csv,1245,2026-07-27T13:54:48.746,51.690046,0.15799999999899228,0.13,0.26,1.51,4.27,-136.05,-11.35,1.5377255932057579,136.58937696614623,"0.13,0.26,1.51,4.27,-136.05,-11.35"
ziqian,normal_work,ziqian_normal_work_data.csv,1246,2026-07-27T13:54:48.746,51.690163,0.11699999999592592,0.23,0.12,1.88,-40.1,-140.75,-19.78,1.8978145325610718,147.681484621465,"0.23,0.12,1.88,-40.10,-140.75,-19.78"
ziqian,normal_work,ziqian_normal_work_data.csv,1247,2026-07-27T13:54:48.746,51.690261,0.09800000000126374,0.23,0.01,2.08,-91.13,-167.48,-34.48,2.0927016031914345,193.76041313952652,"0.23,0.01,2.08,-91.13,-167.48,-34.48"
ziqian,normal_work,ziqian_normal_work_data.csv,1248,2026-07-27T13:54:48.746,51.69035,0.08900000000267028,0.14,-0.05,1.97,-138.49,-202.58,-51.03,1.975601174326438,250.64356644446312,"0.14,-0.05,1.97,-138.49,-202.58,-51.03"
ziqian,normal_work,ziqian_normal_work_data.csv,1249,2026-07-27T13:54:48.751,51.694947,4.596999999996854,0.0,0.01,1.57,-178.71,-218.38,-59.94,1.5700318468107584,288.4785817006178,"0.00,0.01,1.57,-178.71,-218.38,-59.94"
ziqian,normal_work,ziqian_normal_work_data.csv,1250,2026-07-27T13:54:49.048,51.992241,297.29400000000084,-0.12,0.11,0.96,-197.08,-207.82,-74.22,0.9737042672187485,295.8686992569508,"-0.12,0.11,0.96,-197.08,-207.82,-74.22"
ziqian,normal_work,ziqian_normal_work_data.csv,1251,2026-07-27T13:54:49.226,52.169703,177.46199999999845,-0.16,0.21,0.09,-144.53,-125.79,-68.3,0.27892651361962706,203.41321245189556,"-0.16,0.21,0.09,-144.53,-125.79,-68.30"
ziqian,normal_work,ziqian_normal_work_data.csv,1252,2026-07-27T13:54:49.226,52.170023,0.3200000000020964,-0.1,0.21,0.19,-64.27,-68.97,-36.5,0.3003331483536241,101.09274850354005,"-0.10,0.21,0.19,-64.27,-68.97,-36.50"
ziqian,normal_work,ziqian_normal_work_data.csv,1253,2026-07-27T13:54:49.226,52.170044,0.02099999999671809,-0.1,0.21,0.19,31.37,-37.96,-31.74,0.3003331483536241,58.58725202635809,"-0.10,0.21,0.19,31.37,-37.96,-31.74"
ziqian,normal_work,ziqian_normal_work_data.csv,1254,2026-07-27T13:54:49.226,52.170167,0.12300000000209366,-0.1,0.3,0.52,109.01,-30.27,-41.38,0.6086049621881177,120.46475584169838,"-0.10,0.30,0.52,109.01,-30.27,-41.38"
ziqian,normal_work,ziqian_normal_work_data.csv,1255,2026-07-27T13:54:49.227,52.171567,1.4000000000038426,-0.07,0.44,0.9,127.99,2.5,-11.66,1.0042410069301093,128.54433359740133,"-0.07,0.44,0.90,127.99,2.50,-11.66"
ziqian,normal_work,ziqian_normal_work_data.csv,1256,2026-07-27T13:54:49.228,52.171874,0.3069999999993911,0.35,0.53,1.36,113.65,59.94,64.82,1.500999666888704,143.91232921469933,"0.35,0.53,1.36,113.65,59.94,64.82"
ziqian,normal_work,ziqian_normal_work_data.csv,1257,2026-07-27T13:54:49.228,52.172016,0.14199999999675583,1.2,0.45,1.68,94.06,92.47,175.78,2.11303099835284,219.76485820075968,"1.20,0.45,1.68,94.06,92.47,175.78"
ziqian,normal_work,ziqian_normal_work_data.csv,1258,2026-07-27T13:54:49.707,52.650798,478.7820000000025,1.25,-0.5,0.3,91.13,47.73,160.83,1.3793114224133722,190.9165228575044,"1.25,-0.50,0.30,91.13,47.73,160.83"
ziqian,normal_work,ziqian_normal_work_data.csv,1259,2026-07-27T13:54:49.707,52.650949,0.1509999999953493,0.76,-0.61,-0.4,79.47,0.79,26.79,1.0534229919647664,83.86780729219049,"0.76,-0.61,-0.40,79.47,0.79,26.79"
ziqian,normal_work,ziqian_normal_work_data.csv,1260,2026-07-27T13:54:49.707,52.651465,0.5160000000046239,0.41,-0.26,-0.67,79.47,0.79,26.79,0.8274055837375042,83.86780729219049,"0.41,-0.26,-0.67,79.47,0.79,26.79"
ziqian,normal_work,ziqian_normal_work_data.csv,1261,2026-07-27T13:54:49.708,52.652133,0.6679999999974484,0.32,0.06,-0.57,29.42,-38.09,-43.82,0.6564297372910524,65.0889921568924,"0.32,0.06,-0.57,29.42,-38.09,-43.82"
ziqian,normal_work,ziqian_normal_work_data.csv,1262,2026-07-27T13:54:49.708,52.652263,0.1299999999986312,0.66,0.03,0.07,-8.73,-63.05,-47.97,0.6643794096749237,79.70342715341668,"0.66,0.03,0.07,-8.73,-63.05,-47.97"
ziqian,normal_work,ziqian_normal_work_data.csv,1263,2026-07-27T13:54:49.709,52.652645,0.38200000000188084,1.64,-0.06,1.33,-34.73,-53.71,-57.68,2.1123683390924035,86.12734409001592,"1.64,-0.06,1.33,-34.73,-53.71,-57.68"
ziqian,normal_work,ziqian_normal_work_data.csv,1264,2026-07-27T13:54:49.710,52.654263,1.6180000000005634,2.57,0.09,2.37,-25.27,-30.94,-166.63,3.4971273925895234,171.3517242399387,"2.57,0.09,2.37,-25.27,-30.94,-166.63"
ziqian,normal_work,ziqian_normal_work_data.csv,1265,2026-07-27T13:54:49.711,52.654888,0.6249999999994316,2.12,0.22,2.12,-15.01,-51.09,-229.98,3.0061936065396724,236.06416204074685,"2.12,0.22,2.12,-15.01,-51.09,-229.98"
ziqian,normal_work,ziqian_normal_work_data.csv,1266,2026-07-27T13:54:49.711,52.655094,0.2059999999985962,0.65,0.16,0.95,-81.54,-85.69,-77.94,1.1621531740695803,141.6551845150752,"0.65,0.16,0.95,-81.54,-85.69,-77.94"
ziqian,normal_work,ziqian_normal_work_data.csv,1267,2026-07-27T13:54:49.711,52.655221,0.12699999999910005,-0.4,0.08,0.03,-149.17,-75.38,69.21,0.4090232267243512,180.89736703445962,"-0.40,0.08,0.03,-149.17,-75.38,69.21"
ziqian,normal_work,ziqian_normal_work_data.csv,1268,2026-07-27T13:54:49.711,52.655321,0.10000000000331966,-0.61,0.06,-0.26,-129.39,-36.07,13.49,0.6658077800686921,134.99924851642692,"-0.61,0.06,-0.26,-129.39,-36.07,13.49"
ziqian,normal_work,ziqian_normal_work_data.csv,1269,2026-07-27T13:54:49.711,52.65541,0.08900000000267028,-0.44,0.1,-0.13,-68.54,-3.23,-84.9,0.4695742752749558,109.16123167132186,"-0.44,0.10,-0.13,-68.54,-3.23,-84.90"
ziqian,normal_work,ziqian_normal_work_data.csv,1270,2026-07-27T13:54:49.711,52.655497,0.08699999999350894,-0.13,0.22,0.29,-31.31,14.34,-68.48,0.3865229618017537,76.65156293253256,"-0.13,0.22,0.29,-31.31,14.34,-68.48"
ziqian,normal_work,ziqian_normal_work_data.csv,1271,2026-07-27T13:54:49.712,52.655618,0.12100000000003774,0.74,0.25,1.15,-4.64,33.94,12.94,1.3901798444805622,36.61825774118698,"0.74,0.25,1.15,-4.64,33.94,12.94"
ziqian,normal_work,ziqian_normal_work_data.csv,1272,2026-07-27T13:54:49.766,52.710207,54.589,2.05,0.2,2.17,75.74,60.49,30.09,2.9918890353754763,101.49382148682747,"2.05,0.20,2.17,75.74,60.49,30.09"
ziqian,normal_work,ziqian_normal_work_data.csv,1273,2026-07-27T13:54:49.766,52.710444,0.23700000000559385,2.28,0.27,2.11,139.4,46.08,12.94,3.118236681203016,147.38782174928835,"2.28,0.27,2.11,139.40,46.08,12.94"
ziqian,normal_work,ziqian_normal_work_data.csv,1274,2026-07-27T13:54:49.831,52.774639,64.194999999998,1.1,0.35,0.83,56.46,-7.14,102.72,1.4217594733287344,117.43129736147856,"1.10,0.35,0.83,56.46,-7.14,102.72"
ziqian,normal_work,ziqian_normal_work_data.csv,1275,2026-07-27T13:54:49.886,52.829789,55.14999999999759,0.07,0.19,-0.36,-47.55,-38.45,185.42,0.4130375285612677,195.24339015700377,"0.07,0.19,-0.36,-47.55,-38.45,185.42"
ziqian,normal_work,ziqian_normal_work_data.csv,1276,2026-07-27T13:54:49.886,52.830023,0.23399999999895726,-0.15,-0.12,-0.73,-33.87,-24.6,106.45,0.7548509786706248,114.38504884817772,"-0.15,-0.12,-0.73,-33.87,-24.60,106.45"
ziqian,normal_work,ziqian_normal_work_data.csv,1277,2026-07-27T13:54:49.946,52.88983,59.80700000000638,-0.0,-0.33,-0.62,1.16,3.54,-27.71,0.7023531875061151,27.959279318322924,"-0.00,-0.33,-0.62,1.16,3.54,-27.71"
ziqian,normal_work,ziqian_normal_work_data.csv,1278,2026-07-27T13:54:50.245,53.189547,299.716999999994,0.2,-0.45,-0.32,-30.03,7.87,-88.81,0.587281874401041,94.07950839582443,"0.20,-0.45,-0.32,-30.03,7.87,-88.81"
ziqian,normal_work,ziqian_normal_work_data.csv,1279,2026-07-27T13:54:50.246,53.190035,0.4880000000042628,0.72,-0.52,0.32,-100.46,-3.66,-78.0,0.9440338976964757,127.23838728937112,"0.72,-0.52,0.32,-100.46,-3.66,-78.00"
ziqian,normal_work,ziqian_normal_work_data.csv,1280,2026-07-27T13:54:50.246,53.190509,0.47399999999697684,1.89,-0.63,1.44,-153.63,23.68,-49.5,2.458170051074579,163.13543238671357,"1.89,-0.63,1.44,-153.63,23.68,-49.50"
ziqian,normal_work,ziqian_normal_work_data.csv,1281,2026-07-27T13:54:50.247,53.191102,0.5930000000020641,2.6,-0.64,2.25,-141.72,75.93,-66.96,3.4974419223197977,174.16533782587166,"2.60,-0.64,2.25,-141.72,75.93,-66.96"
ziqian,normal_work,ziqian_normal_work_data.csv,1282,2026-07-27T13:54:50.248,53.192428,1.3259999999988281,1.85,-0.37,1.81,-116.64,71.53,-125.49,2.614478915577634,185.6587477066459,"1.85,-0.37,1.81,-116.64,71.53,-125.49"
ziqian,normal_work,ziqian_normal_work_data.csv,1283,2026-07-27T13:54:50.249,53.19269,0.26199999999931833,0.65,-0.09,0.77,-111.33,21.0,-155.82,1.0116817681464858,192.65316322344668,"0.65,-0.09,0.77,-111.33,21.00,-155.82"
ziqian,normal_work,ziqian_normal_work_data.csv,1284,2026-07-27T13:54:50.249,53.192999,0.309000000001447,-0.05,0.02,0.11,-87.95,-13.0,-140.2,0.1224744871391589,166.01277812264934,"-0.05,0.02,0.11,-87.95,-13.00,-140.20"
ziqian,normal_work,ziqian_normal_work_data.csv,1285,2026-07-27T13:54:50.249,53.19329,0.29099999999715465,-0.21,-0.0,-0.08,-52.43,-10.74,-104.37,0.22472205054244232,117.29172775605278,"-0.21,-0.00,-0.08,-52.43,-10.74,-104.37"
ziqian,normal_work,ziqian_normal_work_data.csv,1286,2026-07-27T13:54:50.786,53.729705,536.4150000000052,-0.07,-0.07,0.05,-21.61,1.89,-70.13,0.11090536506409418,73.40831764861527,"-0.07,-0.07,0.05,-21.61,1.89,-70.13"
ziqian,normal_work,ziqian_normal_work_data.csv,1287,2026-07-27T13:54:50.786,53.729836,0.13099999999610645,0.24,-0.07,0.41,-5.55,2.14,-50.29,0.48020828814171873,50.64055884367786,"0.24,-0.07,0.41,-5.55,2.14,-50.29"
ziqian,normal_work,ziqian_normal_work_data.csv,1288,2026-07-27T13:54:50.786,53.729944,0.10800000000443788,0.75,0.01,0.86,-2.62,0.24,-40.16,1.141139781096076,40.24608800864998,"0.75,0.01,0.86,-2.62,0.24,-40.16"
ziqian,normal_work,ziqian_normal_work_data.csv,1289,2026-07-27T13:54:50.786,53.730127,0.1829999999998222,1.53,-0.05,1.42,47.42,17.88,-29.42,2.088013409918624,58.59937883629826,"1.53,-0.05,1.42,47.42,17.88,-29.42"
ziqian,normal_work,ziqian_normal_work_data.csv,1290,2026-07-27T13:54:50.789,53.732821,2.693999999998198,1.83,-0.15,1.57,135.44,36.32,1.89,2.415843537980057,140.2380408448435,"1.83,-0.15,1.57,135.44,36.32,1.89"
ziqian,normal_work,ziqian_normal_work_data.csv,1291,2026-07-27T13:54:50.905,53.849028,116.20699999999573,1.17,-0.08,0.88,100.95,21.42,86.24,1.4661855271417734,134.48812772880734,"1.17,-0.08,0.88,100.95,21.42,86.24"
ziqian,normal_work,ziqian_normal_work_data.csv,1292,2026-07-27T13:54:50.905,53.849157,0.12900000000115597,0.34,0.06,0.03,-36.68,-3.23,150.39,0.34655446902326914,154.8321910973296,"0.34,0.06,0.03,-36.68,-3.23,150.39"
ziqian,normal_work,ziqian_normal_work_data.csv,1293,2026-07-27T13:54:50.905,53.849244,0.08700000000061436,-0.03,0.11,-0.37,-97.23,-4.52,81.54,0.3871692136521188,126.9758831432174,"-0.03,0.11,-0.37,-97.23,-4.52,81.54"
ziqian,normal_work,ziqian_normal_work_data.csv,1294,2026-07-27T13:54:50.905,53.849379,0.13500000000021828,0.0,0.07,-0.37,-69.09,14.28,-63.66,0.3765634076752546,95.02600749268592,"0.00,0.07,-0.37,-69.09,14.28,-63.66"
ziqian,normal_work,ziqian_normal_work_data.csv,1295,2026-07-27T13:54:50.906,53.85054,1.1610000000032983,0.07,0.05,-0.23,-42.18,30.82,-151.43,0.24556058315617352,160.18760782282754,"0.07,0.05,-0.23,-42.18,30.82,-151.43"
ziqian,normal_work,ziqian_normal_work_data.csv,1296,2026-07-27T13:54:50.907,53.851285,0.7449999999948886,-0.05,0.04,-0.02,-59.33,31.92,-144.59,0.0670820393249937,159.5155271439116,"-0.05,0.04,-0.02,-59.33,31.92,-144.59"
ziqian,normal_work,ziqian_normal_work_data.csv,1297,2026-07-27T13:54:50.908,53.85168,0.3950000000045861,0.47,-0.35,1.0,-94.42,60.73,-66.65,1.1590513362228612,130.55838464074225,"0.47,-0.35,1.00,-94.42,60.73,-66.65"
ziqian,normal_work,ziqian_normal_work_data.csv,1298,2026-07-27T13:54:50.908,53.852113,0.4330000000010159,2.16,-0.8,2.78,-49.13,147.89,-34.97,3.6102631483037353,159.7125852899514,"2.16,-0.80,2.78,-49.13,147.89,-34.97"
ziqian,normal_work,ziqian_normal_work_data.csv,1299,2026-07-27T13:54:50.909,53.852949,0.8359999999996148,2.89,-0.66,3.17,14.83,150.27,-131.1,4.340115205844195,199.97052732840407,"2.89,-0.66,3.17,14.83,150.27,-131.10"
ziqian,normal_work,ziqian_normal_work_data.csv,1300,2026-07-27T13:54:50.909,53.853336,0.3869999999963625,1.63,-0.23,1.74,-54.81,11.54,-168.4,2.395287039166705,177.47075167474782,"1.63,-0.23,1.74,-54.81,11.54,-168.40"
ziqian,normal_work,ziqian_normal_work_data.csv,1301,2026-07-27T13:54:50.910,53.85382,0.484000000000151,0.19,0.0,0.29,-143.13,-103.82,-92.65,0.3466987164671943,199.62167166918525,"0.19,0.00,0.29,-143.13,-103.82,-92.65"
ziqian,normal_work,ziqian_normal_work_data.csv,1302,2026-07-27T13:54:50.964,53.908509,54.68900000000332,-0.39,-0.02,-0.27,-118.53,-115.66,-74.77,0.4747630988187688,181.70621728493498,"-0.39,-0.02,-0.27,-118.53,-115.66,-74.77"
ziqian,normal_work,ziqian_normal_work_data.csv,1303,2026-07-27T13:54:51.389,54.332717,424.20800000000014,-0.4,-0.02,-0.21,-54.63,-80.44,-134.52,0.4522167621838006,165.9839175944465,"-0.40,-0.02,-0.21,-54.63,-80.44,-134.52"
ziqian,normal_work,ziqian_normal_work_data.csv,1304,2026-07-27T13:54:51.389,54.332906,0.1889999999988845,-0.36,0.13,-0.08,-36.87,-55.85,-183.72,0.391024295920343,195.52917378232846,"-0.36,0.13,-0.08,-36.87,-55.85,-183.72"
ziqian,normal_work,ziqian_normal_work_data.csv,1305,2026-07-27T13:54:51.389,54.333129,0.22299999999830789,-0.39,0.27,0.06,-53.47,-38.21,-172.42,0.47812132351527686,184.52019239096842,"-0.39,0.27,0.06,-53.47,-38.21,-172.42"
ziqian,normal_work,ziqian_normal_work_data.csv,1306,2026-07-27T13:54:51.389,54.333447,0.3180000000000405,0.07,0.04,0.8,-56.15,7.69,-92.77,0.8040522371090078,108.71168980381088,"0.07,0.04,0.80,-56.15,7.69,-92.77"
ziqian,normal_work,ziqian_normal_work_data.csv,1307,2026-07-27T13:54:51.389,54.333469,0.02200000000129876,1.29,-0.41,2.18,9.28,82.28,-22.09,2.5660475443763704,85.69763649016232,"1.29,-0.41,2.18,9.28,82.28,-22.09"
ziqian,normal_work,ziqian_normal_work_data.csv,1308,2026-07-27T13:54:51.390,54.3336,0.13099999999610645,1.99,-0.43,2.72,97.29,109.99,-44.13,3.39755794652571,153.33167024460408,"1.99,-0.43,2.72,97.29,109.99,-44.13"
ziqian,normal_work,ziqian_normal_work_data.csv,1309,2026-07-27T13:54:51.390,54.333711,0.11100000000396903,1.34,-0.01,1.78,55.18,45.84,-53.83,2.228026032163897,89.68727278716864,"1.34,-0.01,1.78,55.18,45.84,-53.83"
ziqian,normal_work,ziqian_normal_work_data.csv,1310,2026-07-27T13:54:51.390,54.333947,0.23600000000101318,0.3,0.34,0.51,-89.78,-39.55,23.13,0.6824221567329126,100.79507825285916,"0.30,0.34,0.51,-89.78,-39.55,23.13"
ziqian,normal_work,ziqian_normal_work_data.csv,1311,2026-07-27T13:54:51.390,54.333968,0.02099999999671809,-0.22,0.38,-0.19,-168.4,-63.84,70.86,0.4784349485562274,193.53357641505002,"-0.22,0.38,-0.19,-168.40,-63.84,70.86"
ziqian,normal_work,ziqian_normal_work_data.csv,1312,2026-07-27T13:54:51.390,54.334074,0.10600000000238197,-0.17,0.28,-0.19,-130.92,-23.5,22.83,0.3786819245752298,134.95742032211493,"-0.17,0.28,-0.19,-130.92,-23.50,22.83"
ziqian,normal_work,ziqian_normal_work_data.csv,1313,2026-07-27T13:54:51.390,54.334296,0.22200000000083264,0.22,0.19,0.23,-50.6,30.03,-64.21,0.37067505985701277,87.09239346808651,"0.22,0.19,0.23,-50.60,30.03,-64.21"
ziqian,normal_work,ziqian_normal_work_data.csv,1314,2026-07-27T13:54:51.506,54.45028,115.98399999999742,0.71,0.2,0.75,-1.04,47.67,-118.59,1.0519505691808908,127.81666010344661,"0.71,0.20,0.75,-1.04,47.67,-118.59"
ziqian,normal_work,ziqian_normal_work_data.csv,1315,2026-07-27T13:54:51.506,54.450492,0.2119999999976585,1.08,0.34,1.16,18.31,21.12,-123.96,1.6209873534361705,127.07238921181893,"1.08,0.34,1.16,18.31,21.12,-123.96"
ziqian,normal_work,ziqian_normal_work_data.csv,1316,2026-07-27T13:54:51.568,54.512356,61.86399999999992,1.08,0.44,1.34,98.45,-88.81,-103.52,1.776400855662933,168.21417597812618,"1.08,0.44,1.34,98.45,-88.81,-103.52"
ziqian,normal_work,ziqian_normal_work_data.csv,1317,2026-07-27T13:54:51.569,54.512706,0.35000000000451337,0.98,0.21,1.14,89.66,-106.57,-55.3,1.517926216915697,149.84715713019048,"0.98,0.21,1.14,89.66,-106.57,-55.30"
ziqian,normal_work,ziqian_normal_work_data.csv,1318,2026-07-27T13:54:51.686,54.629865,117.1590000000009,0.98,0.21,1.14,33.69,-93.81,0.98,1.517926216915697,99.68095404840385,"0.98,0.21,1.14,33.69,-93.81,0.98"
ziqian,normal_work,ziqian_normal_work_data.csv,1319,2026-07-27T13:54:51.686,54.630137,0.27199999999538704,0.91,-0.05,0.92,-31.8,-75.62,23.5,1.2949903474543738,85.33389947728863,"0.91,-0.05,0.92,-31.80,-75.62,23.50"
ziqian,normal_work,ziqian_normal_work_data.csv,1320,2026-07-27T13:54:51.686,54.630256,0.11900000000508726,0.81,-0.2,0.74,-90.15,-62.13,15.38,1.1152129841424911,110.56086016307941,"0.81,-0.20,0.74,-90.15,-62.13,15.38"
ziqian,normal_work,ziqian_normal_work_data.csv,1321,2026-07-27T13:54:51.745,54.689412,59.155999999994435,0.65,-0.19,0.6,-133.06,-48.03,-6.23,0.9047651629014017,141.600343926136,"0.65,-0.19,0.60,-133.06,-48.03,-6.23"
ziqian,normal_work,ziqian_normal_work_data.csv,1322,2026-07-27T13:54:51.810,54.753789,64.37700000000035,0.49,-0.07,0.52,-152.59,-31.68,-33.26,0.7179136438319026,159.35356318576626,"0.49,-0.07,0.52,-152.59,-31.68,-33.26"
ziqian,normal_work,ziqian_normal_work_data.csv,1323,2026-07-27T13:54:52.046,54.989704,235.91500000000565,0.32,0.26,0.44,-100.52,-1.1,-67.32,0.6029925372672534,120.98538258814574,"0.32,0.26,0.44,-100.52,-1.10,-67.32"
ziqian,normal_work,ziqian_normal_work_data.csv,1324,2026-07-27T13:54:52.046,54.989987,0.2829999999960364,0.37,0.34,0.45,-27.34,11.78,-49.99,0.6745368781616021,58.18285056612472,"0.37,0.34,0.45,-27.34,11.78,-49.99"
ziqian,normal_work,ziqian_normal_work_data.csv,1325,2026-07-27T13:54:52.046,54.990116,0.12900000000115597,0.51,0.31,0.57,-27.34,11.78,-49.99,0.8252878285786117,58.18285056612472,"0.51,0.31,0.57,-27.34,11.78,-49.99"
ziqian,normal_work,ziqian_normal_work_data.csv,1326,2026-07-27T13:54:52.046,54.990141,0.025000000000829914,0.63,0.29,0.79,40.71,13.85,-15.01,1.0512373661547616,45.545874675979164,"0.63,0.29,0.79,40.71,13.85,-15.01"
ziqian,normal_work,ziqian_normal_work_data.csv,1327,2026-07-27T13:54:52.050,54.99434,4.198999999999842,0.67,0.36,1.05,76.11,7.57,15.62,1.2965338406690357,78.06421331186269,"0.67,0.36,1.05,76.11,7.57,15.62"
ziqian,normal_work,ziqian_normal_work_data.csv,1328,2026-07-27T13:54:52.050,54.994503,0.16300000000057935,0.87,0.47,1.32,98.39,10.62,14.04,1.6493028830387704,99.95247920887206,"0.87,0.47,1.32,98.39,10.62,14.04"
ziqian,normal_work,ziqian_normal_work_data.csv,1329,2026-07-27T13:54:52.291,55.235553,241.05000000000132,1.04,0.45,1.33,113.04,32.71,10.19,1.7472836060582724,118.11783015277585,"1.04,0.45,1.33,113.04,32.71,10.19"
ziqian,normal_work,ziqian_normal_work_data.csv,1330,2026-07-27T13:54:52.292,55.235719,0.1660000000001105,0.86,0.26,0.93,97.66,60.12,28.44,1.2930970574554719,118.15550600797239,"0.86,0.26,0.93,97.66,60.12,28.44"
ziqian,normal_work,ziqian_normal_work_data.csv,1331,2026-07-27T13:54:52.292,55.236235,0.5159999999975184,0.61,0.11,0.43,52.43,73.79,16.17,0.7543871685016919,91.95291131878317,"0.61,0.11,0.43,52.43,73.79,16.17"
ziqian,normal_work,ziqian_normal_work_data.csv,1332,2026-07-27T13:54:52.292,55.236387,0.15199999999992997,0.51,0.1,0.13,-0.12,75.99,-31.86,0.535723809439155,82.39875059732398,"0.51,0.10,0.13,-0.12,75.99,-31.86"
ziqian,normal_work,ziqian_normal_work_data.csv,1333,2026-07-27T13:54:52.294,55.238524,2.136999999997613,0.49,0.12,0.02,-37.11,76.29,-55.05,0.5048762224545735,101.13267869487093,"0.49,0.12,0.02,-37.11,76.29,-55.05"
ziqian,normal_work,ziqian_normal_work_data.csv,1334,2026-07-27T13:54:52.295,55.239517,0.9930000000011319,0.48,0.1,-0.0,-51.15,68.48,-42.18,0.4903060268852505,95.31518924075009,"0.48,0.10,-0.00,-51.15,68.48,-42.18"
ziqian,normal_work,ziqian_normal_work_data.csv,1335,2026-07-27T13:54:52.347,55.290673,51.15599999999887,0.5,0.1,0.04,-45.53,44.68,-39.67,0.5114684741017769,75.1198522362764,"0.50,0.10,0.04,-45.53,44.68,-39.67"
ziqian,normal_work,ziqian_normal_work_data.csv,1336,2026-07-27T13:54:52.465,55.40891,118.23700000000059,0.45,0.15,0.13,-32.04,9.64,-61.65,0.4918333050943175,70.14423497337468,"0.45,0.15,0.13,-32.04,9.64,-61.65"
ziqian,normal_work,ziqian_normal_work_data.csv,1337,2026-07-27T13:54:52.465,55.409133,0.22299999999830789,0.21,0.22,0.3,-33.87,-11.6,-73.67,0.42720018726587655,81.90852092426037,"0.21,0.22,0.30,-33.87,-11.60,-73.67"
ziqian,normal_work,ziqian_normal_work_data.csv,1338,2026-07-27T13:54:52.465,55.409423,0.2899999999996794,-0.01,0.32,0.88,-42.42,30.94,-56.76,0.9364293886887575,77.32035695727225,"-0.01,0.32,0.88,-42.42,30.94,-56.76"
ziqian,normal_work,ziqian_normal_work_data.csv,1339,2026-07-27T13:54:52.707,55.651367,241.9440000000037,-0.01,0.47,1.8,-3.3,141.6,-69.58,1.8603763060198333,157.80629391757478,"-0.01,0.47,1.80,-3.30,141.60,-69.58"
ziqian,normal_work,ziqian_normal_work_data.csv,1340,2026-07-27T13:54:52.708,55.651722,0.354999999998995,0.03,0.58,2.39,40.1,229.8,-135.86,2.4595528048814077,269.9518282953461,"0.03,0.58,2.39,40.10,229.80,-135.86"
ziqian,normal_work,ziqian_normal_work_data.csv,1341,2026-07-27T13:54:52.708,55.652077,0.354999999998995,0.07,0.6,2.22,-2.99,248.72,-169.37,2.3007172794587345,300.9265282423602,"0.07,0.60,2.22,-2.99,248.72,-169.37"
ziqian,normal_work,ziqian_normal_work_data.csv,1342,2026-07-27T13:54:52.708,55.652545,0.46800000000501996,0.24,0.54,1.53,-82.4,218.81,-150.7,1.6401524319403975,278.1691321840006,"0.24,0.54,1.53,-82.40,218.81,-150.70"
ziqian,normal_work,ziqian_normal_work_data.csv,1343,2026-07-27T13:54:52.709,55.652932,0.3869999999963625,0.35,0.42,0.75,-102.42,126.95,-140.44,0.9281163720137685,215.24300801652072,"0.35,0.42,0.75,-102.42,126.95,-140.44"
ziqian,normal_work,ziqian_normal_work_data.csv,1344,2026-07-27T13:54:52.709,55.653066,0.13400000000274304,0.03,0.32,0.31,-61.65,-17.33,-93.81,0.44654227123532214,113.58418683954206,"0.03,0.32,0.31,-61.65,-17.33,-93.81"
ziqian,normal_work,ziqian_normal_work_data.csv,1345,2026-07-27T13:54:52.889,55.832628,179.5619999999971,-0.6,0.34,0.49,-28.32,-118.96,83.44,0.8459905436823747,148.0396487431661,"-0.60,0.34,0.49,-28.32,-118.96,83.44"
ziqian,normal_work,ziqian_normal_work_data.csv,1346,2026-07-27T13:54:53.064,56.008112,175.4839999999973,-1.0,0.34,1.08,-2.75,-78.98,297.24,1.5106290080625355,307.566286351414,"-1.00,0.34,1.08,-2.75,-78.98,297.24"
ziqian,normal_work,ziqian_normal_work_data.csv,1347,2026-07-27T13:54:53.064,56.008312,0.19999999999953388,-0.87,0.11,1.59,74.65,45.65,356.26,1.815791838289841,366.8483782163961,"-0.87,0.11,1.59,74.65,45.65,356.26"
ziqian,normal_work,ziqian_normal_work_data.csv,1348,2026-07-27T13:54:53.065,56.008825,0.5130000000050927,-0.42,-0.16,1.61,133.67,126.71,227.91,1.671556161186336,293.0291130587539,"-0.42,-0.16,1.61,133.67,126.71,227.91"
ziqian,normal_work,ziqian_normal_work_data.csv,1349,2026-07-27T13:54:53.065,56.009372,0.5469999999974107,-0.1,-0.14,1.19,64.33,117.13,28.81,1.2023726543796645,136.70333536530848,"-0.10,-0.14,1.19,64.33,117.13,28.81"
ziqian,normal_work,ziqian_normal_work_data.csv,1350,2026-07-27T13:54:53.066,56.009916,0.5439999999978795,-0.05,0.2,0.71,-67.26,49.56,-145.45,0.7393240155709809,167.73730562996414,"-0.05,0.20,0.71,-67.26,49.56,-145.45"
ziqian,normal_work,ziqian_normal_work_data.csv,1351,2026-07-27T13:54:53.066,56.010436,0.5200000000016303,-0.02,0.51,0.43,-126.89,4.39,-252.32,0.6673829485385434,282.46367306257275,"-0.02,0.51,0.43,-126.89,4.39,-252.32"
ziqian,normal_work,ziqian_normal_work_data.csv,1352,2026-07-27T13:54:53.067,56.011137,0.7009999999993966,0.1,0.5,0.4,-91.25,14.47,-234.44,0.6480740698407861,251.98820805744066,"0.10,0.50,0.40,-91.25,14.47,-234.44"
ziqian,normal_work,ziqian_normal_work_data.csv,1353,2026-07-27T13:54:53.068,56.01183,0.6930000000053838,0.07,0.28,0.65,-39.25,42.85,-91.92,0.7111961754677819,108.74728226489158,"0.07,0.28,0.65,-39.25,42.85,-91.92"
ziqian,normal_work,ziqian_normal_work_data.csv,1354,2026-07-27T13:54:53.245,56.188821,176.9909999999939,-0.22,0.13,1.23,-13.73,62.56,76.48,1.2562643034011591,99.75698922882547,"-0.22,0.13,1.23,-13.73,62.56,76.48"
ziqian,normal_work,ziqian_normal_work_data.csv,1355,2026-07-27T13:54:53.245,56.189007,0.18599999999935335,-0.45,0.06,1.8,13.18,77.88,137.39,1.856367420528598,158.47718731729182,"-0.45,0.06,1.80,13.18,77.88,137.39"
ziqian,normal_work,ziqian_normal_work_data.csv,1356,2026-07-27T13:54:53.245,56.189147,0.14000000000180535,-0.38,-0.02,2.01,75.87,67.44,40.53,2.045702813216035,109.30275110901829,"-0.38,-0.02,2.01,75.87,67.44,40.53"
ziqian,normal_work,ziqian_normal_work_data.csv,1357,2026-07-27T13:54:53.246,56.189628,0.4810000000006198,-0.23,-0.09,1.76,141.42,-9.77,-104.37,1.7772450590731712,176.03455967508197,"-0.23,-0.09,1.76,141.42,-9.77,-104.37"
ziqian,normal_work,ziqian_normal_work_data.csv,1358,2026-07-27T13:54:53.246,56.190095,0.4670000000004393,-0.25,-0.05,1.16,104.06,-144.29,-165.47,1.1876868274086396,242.95762716984208,"-0.25,-0.05,1.16,104.06,-144.29,-165.47"
ziqian,normal_work,ziqian_normal_work_data.csv,1359,2026-07-27T13:54:53.427,56.370918,180.82300000000373,-0.47,0.18,0.43,-48.34,-251.71,-100.83,0.6619667665374146,275.4294258063216,"-0.47,0.18,0.43,-48.34,-251.71,-100.83"
ziqian,normal_work,ziqian_normal_work_data.csv,1360,2026-07-27T13:54:53.428,56.371882,0.9639999999961901,-0.68,0.48,-0.21,-196.17,-230.77,16.36,0.8584287972802405,303.32344353841165,"-0.68,0.48,-0.21,-196.17,-230.77,16.36"
ziqian,normal_work,ziqian_normal_work_data.csv,1361,2026-07-27T13:54:53.428,56.371909,0.027000000002885827,-0.69,0.62,-0.2,-190.86,-96.56,39.61,0.9489467845985885,217.53235460501043,"-0.69,0.62,-0.20,-190.86,-96.56,39.61"
ziqian,normal_work,ziqian_normal_work_data.csv,1362,2026-07-27T13:54:53.428,56.371919,0.00999999999606871,-0.71,0.59,0.96,38.27,25.33,-38.57,1.3318408313308314,59.94870056973712,"-0.71,0.59,0.96,38.27,25.33,-38.57"
ziqian,normal_work,ziqian_normal_work_data.csv,1363,2026-07-27T13:54:53.608,56.552397,180.4780000000008,-0.63,0.4,2.45,358.64,50.11,-117.07,2.561132561973316,380.5772544438251,"-0.63,0.40,2.45,358.64,50.11,-117.07"
ziqian,normal_work,ziqian_normal_work_data.csv,1364,2026-07-27T13:54:53.666,56.609918,57.521000000001266,-0.22,-0.04,2.66,461.18,10.56,-124.82,2.6693819509392056,477.88967178628167,"-0.22,-0.04,2.66,461.18,10.56,-124.82"
ziqian,normal_work,ziqian_normal_work_data.csv,1365,2026-07-27T13:54:53.666,56.610063,0.144999999996287,-0.02,-0.29,1.62,221.74,-26.73,28.08,1.6458736281987145,225.10354706223535,"-0.02,-0.29,1.62,221.74,-26.73,28.08"
ziqian,normal_work,ziqian_normal_work_data.csv,1366,2026-07-27T13:54:53.666,56.610145,0.08200000000613272,-0.28,-0.01,0.52,-151.67,-43.27,265.99,0.5906775770248944,309.2357707316539,"-0.28,-0.01,0.52,-151.67,-43.27,265.99"
ziqian,normal_work,ziqian_normal_work_data.csv,1367,2026-07-27T13:54:53.666,56.610295,0.14999999999787406,-0.39,0.54,-0.17,-377.14,-5.68,315.19,0.6874590896918885,491.54000661187285,"-0.39,0.54,-0.17,-377.14,-5.68,315.19"
ziqian,normal_work,ziqian_normal_work_data.csv,1368,2026-07-27T13:54:53.666,56.610421,0.1260000000016248,-0.18,0.72,-0.31,-307.74,72.75,126.4,0.8043009387039157,340.548719128409,"-0.18,0.72,-0.31,-307.74,72.75,126.40"
ziqian,normal_work,ziqian_normal_work_data.csv,1369,2026-07-27T13:54:53.732,56.675724,65.30300000000011,-0.12,0.4,0.31,-51.03,110.41,-87.34,0.5200961449578337,149.7421270050616,"-0.12,0.40,0.31,-51.03,110.41,-87.34"
ziqian,normal_work,ziqian_normal_work_data.csv,1370,2026-07-27T13:54:53.733,56.676727,1.0029999999972006,-0.44,0.15,1.58,166.32,102.17,-169.86,1.6469669092000605,258.75368770319005,"-0.44,0.15,1.58,166.32,102.17,-169.86"
ziqian,normal_work,ziqian_normal_work_data.csv,1371,2026-07-27T13:54:53.785,56.729256,52.528999999999826,-0.6,0.15,2.45,206.36,111.94,-150.76,2.526855753698656,279.00464297211977,"-0.60,0.15,2.45,206.36,111.94,-150.76"
ziqian,normal_work,ziqian_normal_work_data.csv,1372,2026-07-27T13:54:54.150,57.094016,364.76000000000397,-0.23,0.18,2.26,110.66,150.09,-139.53,2.2787935404507356,232.8975409917417,"-0.23,0.18,2.26,110.66,150.09,-139.53"
ziqian,normal_work,ziqian_normal_work_data.csv,1373,2026-07-27T13:54:54.150,57.094248,0.23199999999690135,0.15,0.2,1.56,16.48,141.48,-159.42,1.5799050604387594,213.78240619845215,"0.15,0.20,1.56,16.48,141.48,-159.42"
ziqian,normal_work,ziqian_normal_work_data.csv,1374,2026-07-27T13:54:54.150,57.094298,0.05000000000165983,0.14,0.28,0.81,-48.65,42.42,-166.63,0.8683893136145793,178.6948119000661,"0.14,0.28,0.81,-48.65,42.42,-166.63"
ziqian,normal_work,ziqian_normal_work_data.csv,1375,2026-07-27T13:54:54.150,57.094459,0.16099999999852344,-0.16,0.47,0.07,-122.62,-73.73,-122.5,0.501398045468867,188.35611829722973,"-0.16,0.47,0.07,-122.62,-73.73,-122.50"
ziqian,normal_work,ziqian_normal_work_data.csv,1376,2026-07-27T13:54:54.150,57.09448,0.02099999999671809,-0.49,0.65,-0.3,-188.35,-124.76,-13.18,0.8675252157718529,226.30619191705736,"-0.49,0.65,-0.30,-188.35,-124.76,-13.18"
ziqian,normal_work,ziqian_normal_work_data.csv,1377,2026-07-27T13:54:54.151,57.094581,0.1010000000007949,-0.84,0.61,0.48,-120.67,-99.79,158.57,1.1437219941926446,222.85362438156577,"-0.84,0.61,0.48,-120.67,-99.79,158.57"
ziqian,normal_work,ziqian_normal_work_data.csv,1378,2026-07-27T13:54:54.151,57.094783,0.2020000000015898,-1.11,0.48,2.0,173.22,-42.91,319.09,2.337199178504049,365.6020577075572,"-1.11,0.48,2.00,173.22,-42.91,319.09"
ziqian,normal_work,ziqian_normal_work_data.csv,1379,2026-07-27T13:54:54.151,57.095089,0.30600000000191585,-0.87,0.18,2.56,437.81,-9.4,321.9,2.709778588741154,543.4938510231739,"-0.87,0.18,2.56,437.81,-9.40,321.90"
ziqian,normal_work,ziqian_normal_work_data.csv,1380,2026-07-27T13:54:54.151,57.095214,0.12499999999704414,-0.44,-0.11,1.85,352.36,-42.42,166.26,1.9047834522590752,391.9176107296022,"-0.44,-0.11,1.85,352.36,-42.42,166.26"
ziqian,normal_work,ziqian_normal_work_data.csv,1381,2026-07-27T13:54:54.327,57.271531,176.3170000000045,-0.4,0.04,0.89,15.26,-139.4,41.2,0.9765756499114648,146.15973316888616,"-0.40,0.04,0.89,15.26,-139.40,41.20"
ziqian,normal_work,ziqian_normal_work_data.csv,1382,2026-07-27T13:54:54.388,57.331689,60.15799999999416,-0.49,0.42,0.11,-281.25,-176.94,50.96,0.6546754921333163,336.1640190442755,"-0.49,0.42,0.11,-281.25,-176.94,50.96"
ziqian,normal_work,ziqian_normal_work_data.csv,1383,2026-07-27T13:54:54.388,57.331883,0.19400000000047157,-0.13,0.53,-0.38,-265.87,42.42,130.74,0.664981202741852,299.29794670194445,"-0.13,0.53,-0.38,-265.87,42.42,130.74"
ziqian,normal_work,ziqian_normal_work_data.csv,1384,2026-07-27T13:54:54.388,57.332009,0.1260000000016248,-0.21,0.25,0.22,-66.28,89.84,48.16,0.39370039370059057,121.58803230581536,"-0.21,0.25,0.22,-66.28,89.84,48.16"
ziqian,normal_work,ziqian_normal_work_data.csv,1385,2026-07-27T13:54:54.388,57.332209,0.19999999999953388,-0.21,0.25,0.22,131.77,75.2,-63.72,0.39370039370059057,164.5557999585551,"-0.21,0.25,0.22,131.77,75.20,-63.72"
ziqian,normal_work,ziqian_normal_work_data.csv,1386,2026-07-27T13:54:54.625,57.568764,236.55500000000274,-0.74,0.26,1.57,226.93,77.94,-163.09,1.7550213673912918,290.12103784455206,"-0.74,0.26,1.57,226.93,77.94,-163.09"
ziqian,normal_work,ziqian_normal_work_data.csv,1387,2026-07-27T13:54:54.625,57.568915,0.1509999999953493,-0.96,0.45,2.58,169.74,121.4,-243.16,2.7893547640986793,320.4316045586016,"-0.96,0.45,2.58,169.74,121.40,-243.16"
ziqian,normal_work,ziqian_normal_work_data.csv,1388,2026-07-27T13:54:54.626,57.569859,0.9440000000040527,-0.33,0.5,2.34,52.92,126.28,-240.6,2.41547096856907,276.8312207826278,"-0.33,0.50,2.34,52.92,126.28,-240.60"
ziqian,normal_work,ziqian_normal_work_data.csv,1389,2026-07-27T13:54:54.626,57.570042,0.1829999999998222,0.31,0.45,1.52,-46.26,24.54,-117.61,1.615239920259526,128.74125717888575,"0.31,0.45,1.52,-46.26,24.54,-117.61"
ziqian,normal_work,ziqian_normal_work_data.csv,1390,2026-07-27T13:54:54.628,57.572139,2.0969999999991273,-0.14,0.57,0.16,-174.5,-149.96,248.54,0.6083584469702052,338.6892132914776,"-0.14,0.57,0.16,-174.50,-149.96,248.54"
ziqian,normal_work,ziqian_normal_work_data.csv,1391,2026-07-27T13:54:54.865,57.809224,237.08500000000043,-0.53,0.71,-0.27,-141.11,-111.08,348.94,0.9262289133902051,392.44097912934626,"-0.53,0.71,-0.27,-141.11,-111.08,348.94"
ziqian,normal_work,ziqian_normal_work_data.csv,1392,2026-07-27T13:54:54.865,57.809434,0.21000000000270802,-0.74,0.68,-0.13,-141.11,-111.08,348.94,1.0133607452432722,392.44097912934626,"-0.74,0.68,-0.13,-141.11,-111.08,348.94"
ziqian,normal_work,ziqian_normal_work_data.csv,1393,2026-07-27T13:54:54.866,57.809665,0.2309999999994261,-1.11,0.48,1.01,2.99,-56.64,389.53,1.5756268593801008,393.6377149105507,"-1.11,0.48,1.01,2.99,-56.64,389.53"
ziqian,normal_work,ziqian_normal_work_data.csv,1394,2026-07-27T13:54:54.868,57.812095,2.4299999999968236,-1.44,0.12,2.19,199.34,-9.4,398.56,2.6237568484903475,445.7295920174024,"-1.44,0.12,2.19,199.34,-9.40,398.56"
ziqian,normal_work,ziqian_normal_work_data.csv,1395,2026-07-27T13:54:54.868,57.812301,0.2059999999985962,-1.03,-0.3,2.19,250.55,44.13,267.52,2.438647165950827,369.1743623276134,"-1.03,-0.30,2.19,250.55,44.13,267.52"
ziqian,normal_work,ziqian_normal_work_data.csv,1396,2026-07-27T13:54:54.869,57.812622,0.32099999999957163,-0.32,-0.29,1.57,100.65,86.36,-23.99,1.6283120094134294,134.7738557732916,"-0.32,-0.29,1.57,100.65,86.36,-23.99"
ziqian,normal_work,ziqian_normal_work_data.csv,1397,2026-07-27T13:54:55.048,57.991857,179.23500000000558,-0.09,0.25,1.02,-98.02,54.44,-284.48,1.0540398474441086,305.7785218094953,"-0.09,0.25,1.02,-98.02,54.44,-284.48"
ziqian,normal_work,ziqian_normal_work_data.csv,1398,2026-07-27T13:54:55.048,57.992201,0.34399999999834563,-0.07,0.86,0.44,-216.92,-32.84,-364.01,0.9685556256612213,425.01297874300263,"-0.07,0.86,0.44,-216.92,-32.84,-364.01"
ziqian,normal_work,ziqian_normal_work_data.csv,1399,2026-07-27T13:54:55.049,57.993423,1.221999999998502,0.08,1.0,-0.07,-225.83,-64.76,-232.12,1.0056341282991543,330.26162492787444,"0.08,1.00,-0.07,-225.83,-64.76,-232.12"
ziqian,normal_work,ziqian_normal_work_data.csv,1400,2026-07-27T13:54:55.050,57.994094,0.6709999999969796,0.11,0.66,-0.23,-164.98,-53.71,17.88,0.7075309180523491,174.42149781491958,"0.11,0.66,-0.23,-164.98,-53.71,17.88"
ziqian,normal_work,ziqian_normal_work_data.csv,1401,2026-07-27T13:54:55.056,57.999583,5.489000000004296,-0.34,0.3,0.27,-81.97,-59.63,228.58,0.5277309920783505,250.0472639322414,"-0.34,0.30,0.27,-81.97,-59.63,228.58"
ziqian,normal_work,ziqian_normal_work_data.csv,1402,2026-07-27T13:54:55.110,58.054359,54.77599999999683,-1.22,0.18,1.45,28.99,-37.29,313.29,1.9034967822405164,316.83053561801773,"-1.22,0.18,1.45,28.99,-37.29,313.29"
ziqian,normal_work,ziqian_normal_work_data.csv,1403,2026-07-27T13:54:55.289,58.232932,178.5730000000001,-1.46,0.21,2.44,141.24,61.71,213.13,2.851192732875138,263.0233042907035,"-1.46,0.21,2.44,141.24,61.71,213.13"
ziqian,normal_work,ziqian_normal_work_data.csv,1404,2026-07-27T13:54:55.289,58.23335,0.41800000000336013,-0.56,0.27,2.42,171.45,172.12,-52.49,2.498579596490774,248.5469714158674,"-0.56,0.27,2.42,171.45,172.12,-52.49"
ziqian,normal_work,ziqian_normal_work_data.csv,1405,2026-07-27T13:54:55.290,58.233587,0.23699999999848842,0.29,0.43,1.71,103.39,153.02,-276.92,1.786924732606273,332.8502649841217,"0.29,0.43,1.71,103.39,153.02,-276.92"
ziqian,normal_work,ziqian_normal_work_data.csv,1406,2026-07-27T13:54:55.290,58.233661,0.07399999999790907,0.31,0.63,0.97,-0.92,-7.87,-270.94,1.1974556359214314,271.0558372365369,"0.31,0.63,0.97,-0.92,-7.87,-270.94"
ziqian,normal_work,ziqian_normal_work_data.csv,1407,2026-07-27T13:54:55.290,58.233774,0.11299999999891952,-0.12,0.64,0.49,-62.13,-162.9,-61.58,0.8149233092751734,184.90171253939215,"-0.12,0.64,0.49,-62.13,-162.90,-61.58"
ziqian,normal_work,ziqian_normal_work_data.csv,1408,2026-07-27T13:54:55.346,58.290048,56.274000000001934,-0.69,0.53,0.15,-81.42,-237.24,231.02,0.8828929719960398,341.001868616581,"-0.69,0.53,0.15,-81.42,-237.24,231.02"
ziqian,normal_work,ziqian_normal_work_data.csv,1409,2026-07-27T13:54:55.410,58.354166,64.11800000000056,-1.07,0.43,-0.01,-121.28,-222.72,470.58,1.1532129031536198,534.563909369123,"-1.07,0.43,-0.01,-121.28,-222.72,470.58"
ziqian,normal_work,ziqian_normal_work_data.csv,1410,2026-07-27T13:54:55.410,58.354335,0.16899999999964166,-1.19,0.36,0.58,-108.58,-124.94,519.41,1.37189649755366,545.1480240265023,"-1.19,0.36,0.58,-108.58,-124.94,519.41"
ziqian,normal_work,ziqian_normal_work_data.csv,1411,2026-07-27T13:54:55.585,58.529003,174.66800000000404,-1.27,0.17,1.65,61.89,-38.45,404.48,2.089090711290441,410.9900789556848,"-1.27,0.17,1.65,61.89,-38.45,404.48"
ziqian,normal_work,ziqian_normal_work_data.csv,1412,2026-07-27T13:54:55.585,58.529156,0.1529999999974052,-1.0,-0.14,2.0,255.55,0.43,210.75,2.240446384094027,331.2424337249079,"-1.00,-0.14,2.00,255.55,0.43,210.75"
ziqian,normal_work,ziqian_normal_work_data.csv,1413,2026-07-27T13:54:55.586,58.52959,0.43399999999849115,-0.4,-0.19,1.55,258.06,24.6,-38.02,1.6120173696334665,262.0031373857954,"-0.40,-0.19,1.55,258.06,24.60,-38.02"
ziqian,normal_work,ziqian_normal_work_data.csv,1414,2026-07-27T13:54:55.586,58.529872,0.2819999999985612,-0.06,0.16,0.95,74.22,24.48,-224.79,0.9652460826131334,237.98828311494665,"-0.06,0.16,0.95,74.22,24.48,-224.79"
ziqian,normal_work,ziqian_normal_work_data.csv,1415,2026-07-27T13:54:55.645,58.589578,59.70600000000559,0.02,0.6,0.43,-130.8,16.85,-246.95,0.7384443106964803,279.95868445183123,"0.02,0.60,0.43,-130.80,16.85,-246.95"
ziqian,normal_work,ziqian_normal_work_data.csv,1416,2026-07-27T13:54:55.646,58.589747,0.16899999999964166,0.16,0.75,0.12,-221.44,48.22,-171.08,0.7762087348130011,283.9528277725017,"0.16,0.75,0.12,-221.44,48.22,-171.08"
ziqian,normal_work,ziqian_normal_work_data.csv,1417,2026-07-27T13:54:55.825,58.768976,179.22899999999942,0.33,0.54,0.15,-174.32,102.91,-103.33,0.650384501660364,227.27740626819903,"0.33,0.54,0.15,-174.32,102.91,-103.33"
ziqian,normal_work,ziqian_normal_work_data.csv,1418,2026-07-27T13:54:55.825,58.769355,0.37899999999524425,0.13,0.34,0.75,-51.64,119.93,-74.04,0.8336666000266534,150.10601620188314,"0.13,0.34,0.75,-51.64,119.93,-74.04"
ziqian,normal_work,ziqian_normal_work_data.csv,1419,2026-07-27T13:54:55.826,58.769659,0.30399999999985994,-0.38,0.39,1.77,77.58,77.64,-72.57,1.8518639258865648,131.57899110420325,"-0.38,0.39,1.77,77.58,77.64,-72.57"
ziqian,normal_work,ziqian_normal_work_data.csv,1420,2026-07-27T13:54:55.826,58.769828,0.16899999999964166,-0.48,0.45,2.31,144.84,31.92,-90.82,2.4018742681497716,173.91315188909664,"-0.48,0.45,2.31,144.84,31.92,-90.82"
ziqian,normal_work,ziqian_normal_work_data.csv,1421,2026-07-27T13:54:56.007,58.951262,181.43400000000298,-0.12,0.29,2.11,136.41,15.99,-76.11,2.133213538303186,157.02261079220406,"-0.12,0.29,2.11,136.41,15.99,-76.11"
ziqian,normal_work,ziqian_normal_work_data.csv,1422,2026-07-27T13:54:56.007,58.951529,0.2670000000009054,0.04,0.05,1.68,77.45,-41.63,31.8,1.6812197952677097,93.50293792175731,"0.04,0.05,1.68,77.45,-41.63,31.80"
ziqian,normal_work,ziqian_normal_work_data.csv,1423,2026-07-27T13:54:56.008,58.951646,0.11699999999592592,-0.2,0.04,1.22,-54.63,-167.48,182.68,1.2369316876852983,253.78331249315823,"-0.20,0.04,1.22,-54.63,-167.48,182.68"
ziqian,normal_work,ziqian_normal_work_data.csv,1424,2026-07-27T13:54:56.008,58.951791,0.14500000000339242,-0.56,0.29,0.62,-221.37,-257.69,275.7,0.8843641783790205,437.514917459965,"-0.56,0.29,0.62,-221.37,-257.69,275.70"
ziqian,normal_work,ziqian_normal_work_data.csv,1425,2026-07-27T13:54:56.008,58.951912,0.12100000000003774,-0.8,0.54,0.04,-299.01,-236.27,279.17,0.9660227740586659,472.4048919094721,"-0.80,0.54,0.04,-299.01,-236.27,279.17"
ziqian,normal_work,ziqian_normal_work_data.csv,1426,2026-07-27T13:54:56.065,59.009083,57.17099999999675,-0.82,0.54,0.01,-205.51,-145.02,210.27,0.9818859404228171,327.839340836331,"-0.82,0.54,0.01,-205.51,-145.02,210.27"
ziqian,normal_work,ziqian_normal_work_data.csv,1427,2026-07-27T13:54:56.248,59.192251,183.168000000002,-0.86,0.39,0.79,35.22,-66.71,127.81,1.2311782974045635,148.41182095776603,"-0.86,0.39,0.79,35.22,-66.71,127.81"
ziqian,normal_work,ziqian_normal_work_data.csv,1428,2026-07-27T13:54:56.248,59.192557,0.30600000000191585,-1.0,0.21,1.74,274.66,-20.94,120.79,2.0178453855536107,300.7770325340684,"-1.00,0.21,1.74,274.66,-20.94,120.79"
ziqian,normal_work,ziqian_normal_work_data.csv,1429,2026-07-27T13:54:56.249,59.193004,0.44700000000119644,-0.7,0.09,1.96,333.68,35.83,146.61,2.083194662051533,366.2248263020955,"-0.70,0.09,1.96,333.68,35.83,146.61"
ziqian,normal_work,ziqian_normal_work_data.csv,1430,2026-07-27T13:54:56.249,59.193289,0.28499999999809233,-0.04,0.21,1.5,195.92,101.81,105.77,1.5151567575666882,244.82078220608642,"-0.04,0.21,1.50,195.92,101.81,105.77"
ziqian,normal_work,ziqian_normal_work_data.csv,1431,2026-07-27T13:54:56.249,59.193564,0.2750000000020236,0.37,0.41,0.9,27.59,138.73,38.21,1.0559356040971437,146.5169788795824,"0.37,0.41,0.90,27.59,138.73,38.21"
ziqian,normal_work,ziqian_normal_work_data.csv,1432,2026-07-27T13:54:56.369,59.312958,119.39399999999978,0.53,0.38,0.46,-32.29,141.6,-8.97,0.798060148109151,145.51173492196426,"0.53,0.38,0.46,-32.29,141.60,-8.97"
ziqian,normal_work,ziqian_normal_work_data.csv,1433,2026-07-27T13:54:56.369,59.313099,0.1409999999992806,0.61,0.2,0.27,-6.77,118.9,-42.97,0.696419413859206,126.60751873407834,"0.61,0.20,0.27,-6.77,118.90,-42.97"
ziqian,normal_work,ziqian_normal_work_data.csv,1434,2026-07-27T13:54:56.369,59.313208,0.10900000000191312,0.41,0.07,0.4,14.04,75.99,-44.13,0.5770615218501403,88.98909259004724,"0.41,0.07,0.40,14.04,75.99,-44.13"
ziqian,normal_work,ziqian_normal_work_data.csv,1435,2026-07-27T13:54:56.545,59.489385,176.1769999999956,-0.21,0.15,1.1,32.65,21.73,-4.76,1.129867248839438,39.50788528888885,"-0.21,0.15,1.10,32.65,21.73,-4.76"
ziqian,normal_work,ziqian_normal_work_data.csv,1436,2026-07-27T13:54:56.545,59.489559,0.17400000000122873,-0.69,0.27,1.9,72.75,-5.74,21.79,2.0393626455341383,76.15979385476304,"-0.69,0.27,1.90,72.75,-5.74,21.79"
ziqian,normal_work,ziqian_normal_work_data.csv,1437,2026-07-27T13:54:56.546,59.489649,0.09000000000014552,-0.56,0.2,2.06,92.59,24.48,-21.36,2.1441082062246766,98.12455401172532,"-0.56,0.20,2.06,92.59,24.48,-21.36"
ziqian,normal_work,ziqian_normal_work_data.csv,1438,2026-07-27T13:54:56.546,59.489811,0.1620000000031041,-0.23,0.1,1.72,81.85,46.26,-109.13,1.7381887124245168,144.04432303981994,"-0.23,0.10,1.72,81.85,46.26,-109.13"
ziqian,normal_work,ziqian_normal_work_data.csv,1439,2026-07-27T13:54:56.668,59.612459,122.64799999999809,-0.07,0.13,1.16,52.31,-12.08,-177.61,1.1693587986584784,185.5466911588563,"-0.07,0.13,1.16,52.31,-12.08,-177.61"
ziqian,normal_work,ziqian_normal_work_data.csv,1440,2026-07-27T13:54:56.668,59.612572,0.11299999999891952,-0.1,0.21,0.54,1.65,-104.55,-181.88,0.587962583843564,209.7945647532366,"-0.10,0.21,0.54,1.65,-104.55,-181.88"
ziqian,normal_work,ziqian_normal_work_data.csv,1441,2026-07-27T13:54:56.669,59.612642,0.07000000000090267,-0.24,0.29,0.06,-57.68,-148.19,-112.92,0.38118237105091834,195.03380450578305,"-0.24,0.29,0.06,-57.68,-148.19,-112.92"
ziqian,normal_work,ziqian_normal_work_data.csv,1442,2026-07-27T13:54:56.728,59.672028,59.385999999996386,-0.47,0.35,0.08,-83.8,-119.14,-15.75,0.5914389233048498,146.50884649057886,"-0.47,0.35,0.08,-83.80,-119.14,-15.75"
ziqian,normal_work,ziqian_normal_work_data.csv,1443,2026-07-27T13:54:56.846,59.790042,118.01400000000228,-0.7,0.4,0.81,-21.24,-52.73,55.79,1.1428473213863697,79.64995040801972,"-0.70,0.40,0.81,-21.24,-52.73,55.79"
ziqian,normal_work,ziqian_normal_work_data.csv,1444,2026-07-27T13:54:56.846,59.790163,0.12100000000003774,-0.78,0.3,1.61,105.59,-4.52,78.19,1.8139735389470266,131.46617283544842,"-0.78,0.30,1.61,105.59,-4.52,78.19"
ziqian,normal_work,ziqian_normal_work_data.csv,1445,2026-07-27T13:54:56.846,59.79026,0.0970000000037885,-0.65,0.07,1.74,170.72,-2.81,71.35,1.8587630295441107,185.0514441986336,"-0.65,0.07,1.74,170.72,-2.81,71.35"
ziqian,normal_work,ziqian_normal_work_data.csv,1446,2026-07-27T13:54:56.846,59.790406,0.14599999999376223,-0.54,-0.03,1.28,95.09,-39.61,75.2,1.3895682782792647,127.53862238553467,"-0.54,-0.03,1.28,95.09,-39.61,75.20"
ziqian,normal_work,ziqian_normal_work_data.csv,1447,2026-07-27T13:54:56.969,59.912933,122.52700000000516,-0.44,0.18,0.61,-66.16,-66.71,79.53,0.7733692520394123,123.09504701652297,"-0.44,0.18,0.61,-66.16,-66.71,79.53"
ziqian,normal_work,ziqian_normal_work_data.csv,1448,2026-07-27T13:54:57.147,60.091198,178.26499999999612,0.05,0.61,-0.15,-171.39,53.83,-37.05,0.630158710167526,183.42547124104655,"0.05,0.61,-0.15,-171.39,53.83,-37.05"
ziqian,normal_work,ziqian_normal_work_data.csv,1449,2026-07-27T13:54:57.147,60.091234,0.03600000000147929,-0.01,0.56,0.54,-34.73,118.71,-100.46,0.7780102827083971,159.34380628063332,"-0.01,0.56,0.54,-34.73,118.71,-100.46"
ziqian,normal_work,ziqian_normal_work_data.csv,1450,2026-07-27T13:54:57.148,60.092149,0.914999999999111,-0.01,0.56,0.54,108.58,134.52,-101.2,0.7780102827083971,200.3164666221926,"-0.01,0.56,0.54,108.58,134.52,-101.20"
ziqian,normal_work,ziqian_normal_work_data.csv,1451,2026-07-27T13:54:57.148,60.092174,0.025000000000829914,-0.25,0.53,1.76,155.15,127.56,-69.03,1.8549932614432862,212.38695110575887,"-0.25,0.53,1.76,155.15,127.56,-69.03"
ziqian,normal_work,ziqian_normal_work_data.csv,1452,2026-07-27T13:54:57.148,60.092264,0.09000000000014552,-0.19,0.45,2.37,109.07,85.45,-43.7,2.4198140424421046,145.28474593019047,"-0.19,0.45,2.37,109.07,85.45,-43.70"
ziqian,normal_work,ziqian_normal_work_data.csv,1453,2026-07-27T13:54:57.267,60.211089,118.82500000000107,-0.01,0.26,2.05,40.04,-15.5,-0.49,2.066446224802378,42.93823121648119,"-0.01,0.26,2.05,40.04,-15.50,-0.49"
ziqian,normal_work,ziqian_normal_work_data.csv,1454,2026-07-27T13:54:57.267,60.211243,0.15400000000198588,-0.11,0.13,1.42,-35.77,-118.53,67.02,1.4301748144894735,140.78541898932573,"-0.11,0.13,1.42,-35.77,-118.53,67.02"
ziqian,normal_work,ziqian_normal_work_data.csv,1455,2026-07-27T13:54:57.505,60.449478,238.23499999999598,-0.48,0.17,-0.06,-170.23,-88.07,123.96,0.5127377497317708,228.25568864762164,"-0.48,0.17,-0.06,-170.23,-88.07,123.96"
ziqian,normal_work,ziqian_normal_work_data.csv,1456,2026-07-27T13:54:57.506,60.449775,0.2970000000033224,-0.55,0.31,-0.23,-67.38,-3.17,46.45,0.6719374970932936,81.90064590709892,"-0.55,0.31,-0.23,-67.38,-3.17,46.45"
ziqian,normal_work,ziqian_normal_work_data.csv,1457,2026-07-27T13:54:57.506,60.449797,0.02199999999419333,-0.6,0.37,0.66,-67.38,-3.17,46.45,0.9656603957913984,81.90064590709892,"-0.60,0.37,0.66,-67.38,-3.17,46.45"
ziqian,normal_work,ziqian_normal_work_data.csv,1458,2026-07-27T13:54:57.506,60.449875,0.0780000000020209,-0.52,0.13,1.77,120.24,37.6,-49.38,1.849378273907207,135.31371696912328,"-0.52,0.13,1.77,120.24,37.60,-49.38"
ziqian,normal_work,ziqian_normal_work_data.csv,1459,2026-07-27T13:54:57.507,60.450617,0.7420000000024629,-0.28,-0.26,2.03,200.87,40.1,-89.23,2.065647598212241,223.42506529035634,"-0.28,-0.26,2.03,200.87,40.10,-89.23"
ziqian,normal_work,ziqian_normal_work_data.csv,1460,2026-07-27T13:54:57.507,60.45113,0.5129999999979873,-0.27,-0.3,1.59,105.65,-6.65,-50.48,1.640426773739078,117.27904927991189,"-0.27,-0.30,1.59,105.65,-6.65,-50.48"
ziqian,normal_work,ziqian_normal_work_data.csv,1461,2026-07-27T13:54:57.565,60.509028,57.89800000000156,-0.47,0.07,0.94,-79.35,-79.22,32.35,1.0532805893967665,116.69941473717851,"-0.47,0.07,0.94,-79.35,-79.22,32.35"
ziqian,normal_work,ziqian_normal_work_data.csv,1462,2026-07-27T13:54:57.565,60.509222,0.19400000000047157,-0.44,0.4,0.3,-216.37,-83.13,82.89,0.6660330322138684,246.16524104755325,"-0.44,0.40,0.30,-216.37,-83.13,82.89"
ziqian,normal_work,ziqian_normal_work_data.csv,1463,2026-07-27T13:54:57.686,60.629797,120.57500000000232,-0.18,0.4,-0.03,-205.44,-11.11,60.91,0.4396589587396122,214.56713122004496,"-0.18,0.40,-0.03,-205.44,-11.11,60.91"
ziqian,normal_work,ziqian_normal_work_data.csv,1464,2026-07-27T13:54:57.686,60.630291,0.4939999999962197,0.02,0.2,0.04,-96.8,56.52,-7.02,0.20493901531919198,112.31220236465849,"0.02,0.20,0.04,-96.80,56.52,-7.02"
ziqian,normal_work,ziqian_normal_work_data.csv,1465,2026-07-27T13:54:57.686,60.630439,0.14800000000292357,-0.14,0.08,0.66,-14.1,81.42,-67.75,0.6794115100585212,106.85545797945935,"-0.14,0.08,0.66,-14.10,81.42,-67.75"
ziqian,normal_work,ziqian_normal_work_data.csv,1466,2026-07-27T13:54:57.746,60.689597,59.15799999999649,-0.54,0.09,1.66,12.57,93.32,-89.54,1.7479416466232505,129.93859665241888,"-0.54,0.09,1.66,12.57,93.32,-89.54"
ziqian,normal_work,ziqian_normal_work_data.csv,1467,2026-07-27T13:54:57.926,60.870463,180.86600000000175,-0.63,0.06,2.23,15.32,122.62,-97.53,2.318059533316606,157.42448253051367,"-0.63,0.06,2.23,15.32,122.62,-97.53"
ziqian,normal_work,ziqian_normal_work_data.csv,1468,2026-07-27T13:54:57.927,60.870682,0.2190000000013015,-0.35,-0.05,2.07,22.03,140.75,-111.39,2.099976190341214,180.84140980428128,"-0.35,-0.05,2.07,22.03,140.75,-111.39"
ziqian,normal_work,ziqian_normal_work_data.csv,1469,2026-07-27T13:54:57.927,60.870828,0.14600000000086766,-0.14,-0.06,1.47,19.9,90.52,-95.21,1.4778700890132392,132.87145856052007,"-0.14,-0.06,1.47,19.90,90.52,-95.21"
ziqian,normal_work,ziqian_normal_work_data.csv,1470,2026-07-27T13:54:57.927,60.870891,0.06299999999725969,-0.09,0.07,0.72,-41.02,-8.54,-24.41,0.7289718787443038,48.491443575129836,"-0.09,0.07,0.72,-41.02,-8.54,-24.41"
ziqian,normal_work,ziqian_normal_work_data.csv,1471,2026-07-27T13:54:57.927,60.87116,0.2690000000029613,-0.08,0.15,0.09,-121.52,-77.88,68.18,0.19235384061671346,159.62743247950834,"-0.08,0.15,0.09,-121.52,-77.88,68.18"
ziqian,normal_work,ziqian_normal_work_data.csv,1472,2026-07-27T13:54:57.988,60.931687,60.526999999993336,-0.11,0.15,-0.21,-136.17,-98.88,128.36,0.28053520278211075,211.6502135600151,"-0.11,0.15,-0.21,-136.17,-98.88,128.36"
ziqian,normal_work,ziqian_normal_work_data.csv,1473,2026-07-27T13:54:58.285,61.228815,297.1280000000007,-0.3,0.12,-0.1,-90.94,-104.98,157.59,0.33823069050575527,210.06068670743701,"-0.30,0.12,-0.10,-90.94,-104.98,157.59"
ziqian,normal_work,ziqian_normal_work_data.csv,1474,2026-07-27T13:54:58.285,61.228989,0.17400000000122873,-0.71,-0.01,0.5,-11.6,-108.95,187.68,0.8684468895678077,217.32106409641935,"-0.71,-0.01,0.50,-11.60,-108.95,187.68"
ziqian,normal_work,ziqian_normal_work_data.csv,1475,2026-07-27T13:54:58.286,61.229624,0.6350000000026057,-1.1,-0.17,1.44,82.58,-95.28,192.32,1.8200274723201295,229.9667741218283,"-1.10,-0.17,1.44,82.58,-95.28,192.32"
ziqian,normal_work,ziqian_normal_work_data.csv,1476,2026-07-27T13:54:58.286,61.229872,0.2479999999991378,-1.13,-0.11,2.1,146.36,-57.62,120.24,2.3872578411223198,197.9873016130075,"-1.13,-0.11,2.10,146.36,-57.62,120.24"
ziqian,normal_work,ziqian_normal_work_data.csv,1477,2026-07-27T13:54:58.286,61.230409,0.537000000001342,-0.81,0.27,1.82,120.97,-29.6,-27.4,2.0103233570746775,127.51729647385095,"-0.81,0.27,1.82,120.97,-29.60,-27.40"
ziqian,normal_work,ziqian_normal_work_data.csv,1478,2026-07-27T13:54:58.287,61.231021,0.6119999999967263,-0.51,0.65,1.0,26.86,-30.33,-142.27,1.29715072370176,147.92606734446773,"-0.51,0.65,1.00,26.86,-30.33,-142.27"
ziqian,normal_work,ziqian_normal_work_data.csv,1479,2026-07-27T13:54:58.287,61.231482,0.461000000001377,-0.4,0.62,0.48,-26.86,-23.32,-102.97,0.8802272433866154,108.94082292694507,"-0.40,0.62,0.48,-26.86,-23.32,-102.97"
ziqian,normal_work,ziqian_normal_work_data.csv,1480,2026-07-27T13:54:58.288,61.232091,0.6089999999971951,-0.35,0.25,0.35,-22.52,11.78,41.99,0.5545268253204708,49.082368524756426,"-0.35,0.25,0.35,-22.52,11.78,41.99"
ziqian,normal_work,ziqian_normal_work_data.csv,1481,2026-07-27T13:54:58.406,61.349749,117.65800000000581,-0.28,-0.05,0.36,-15.44,50.17,144.17,0.4588027898781785,153.42884800453922,"-0.28,-0.05,0.36,-15.44,50.17,144.17"
ziqian,normal_work,ziqian_normal_work_data.csv,1482,2026-07-27T13:54:58.407,61.350628,0.8789999999976317,-0.21,-0.09,0.35,-24.54,66.41,136.9,0.4179712908801273,154.12368312495002,"-0.21,-0.09,0.35,-24.54,66.41,136.90"
ziqian,normal_work,ziqian_normal_work_data.csv,1483,2026-07-27T13:54:58.407,61.351113,0.4849999999976262,-0.26,0.03,0.46,-30.09,57.74,56.58,0.5292447448959696,86.25898272064191,"-0.26,0.03,0.46,-30.09,57.74,56.58"
ziqian,normal_work,ziqian_normal_work_data.csv,1484,2026-07-27T13:54:58.644,61.588386,237.27300000000184,-0.55,0.15,0.97,-10.68,35.89,-15.69,1.1251222155837115,40.59963792942001,"-0.55,0.15,0.97,-10.68,35.89,-15.69"
ziqian,normal_work,ziqian_normal_work_data.csv,1485,2026-07-27T13:54:58.645,61.588779,0.3930000000025302,-0.9,0.02,1.63,16.42,30.94,-4.58,1.8620687420178665,35.325294053977814,"-0.90,0.02,1.63,16.42,30.94,-4.58"
ziqian,normal_work,ziqian_normal_work_data.csv,1486,2026-07-27T13:54:58.645,61.589299,0.5199999999945248,-0.99,-0.33,1.88,12.39,52.19,63.6,2.1502092921387908,83.20016947098125,"-0.99,-0.33,1.88,12.39,52.19,63.60"
ziqian,normal_work,ziqian_normal_work_data.csv,1487,2026-07-27T13:54:58.646,61.589826,0.5270000000052733,-1.0,-0.44,1.58,-34.36,44.92,97.35,1.9209372712298547,112.58524992200356,"-1.00,-0.44,1.58,-34.36,44.92,97.35"
ziqian,normal_work,ziqian_normal_work_data.csv,1488,2026-07-27T13:54:58.646,61.590356,0.529999999997699,-0.97,-0.15,1.02,-95.83,9.77,72.88,1.4155564276990162,120.79046402758787,"-0.97,-0.15,1.02,-95.83,9.77,72.88"
ziqian,normal_work,ziqian_normal_work_data.csv,1489,2026-07-27T13:54:58.647,61.590922,0.5659999999991783,-0.76,0.19,0.58,-115.11,14.34,23.68,0.9747307320486002,118.39210319949552,"-0.76,0.19,0.58,-115.11,14.34,23.68"
ziqian,normal_work,ziqian_normal_work_data.csv,1490,2026-07-27T13:54:58.824,61.768388,177.46600000000257,-0.48,0.27,0.44,-68.6,56.7,-8.36,0.7049113419430844,89.3909369007843,"-0.48,0.27,0.44,-68.60,56.70,-8.36"
ziqian,normal_work,ziqian_normal_work_data.csv,1491,2026-07-27T13:54:58.825,61.768747,0.3589999999960014,-0.31,0.18,0.52,-6.35,93.93,-1.28,0.6315853069855252,94.15309766545126,"-0.31,0.18,0.52,-6.35,93.93,-1.28"
ziqian,normal_work,ziqian_normal_work_data.csv,1492,2026-07-27T13:54:58.825,61.769304,0.5570000000005848,-0.21,0.1,0.67,27.16,108.89,23.68,0.7092249290598859,114.6971669222915,"-0.21,0.10,0.67,27.16,108.89,23.68"
ziqian,normal_work,ziqian_normal_work_data.csv,1493,2026-07-27T13:54:58.826,61.769869,0.565000000001703,-0.14,0.07,0.77,39.98,97.66,31.19,0.7857480512225277,110.03950245252838,"-0.14,0.07,0.77,39.98,97.66,31.19"
ziqian,normal_work,ziqian_normal_work_data.csv,1494,2026-07-27T13:54:59.004,61.948486,178.6170000000027,-0.2,0.04,0.86,44.31,61.89,29.48,0.8838551917593741,81.62609019180081,"-0.20,0.04,0.86,44.31,61.89,29.48"
ziqian,normal_work,ziqian_normal_work_data.csv,1495,2026-07-27T13:54:59.005,61.948688,0.20199999999448437,-0.4,0.02,0.93,32.17,23.68,51.51,1.0125709851659783,65.1838277489133,"-0.40,0.02,0.93,32.17,23.68,51.51"
ziqian,normal_work,ziqian_normal_work_data.csv,1496,2026-07-27T13:54:59.005,61.949191,0.5030000000019186,-0.51,0.11,0.97,5.19,9.34,70.68,1.1014081895464551,71.48310359798322,"-0.51,0.11,0.97,5.19,9.34,70.68"
ziqian,normal_work,ziqian_normal_work_data.csv,1497,2026-07-27T13:54:59.006,61.949717,0.5260000000006926,-0.43,0.27,0.95,-5.0,4.21,31.74,1.0771722239270747,32.40604418931752,"-0.43,0.27,0.95,-5.00,4.21,31.74"
ziqian,normal_work,ziqian_normal_work_data.csv,1498,2026-07-27T13:54:59.006,61.950248,0.5310000000022796,-0.35,0.34,0.87,19.71,-22.16,-32.53,0.9974968671630001,44.01988868681973,"-0.35,0.34,0.87,19.71,-22.16,-32.53"
ziqian,normal_work,ziqian_normal_work_data.csv,1499,2026-07-27T13:54:59.124,62.068405,118.15699999999651,-0.4,0.34,0.77,48.65,-62.5,-46.33,0.931933474020544,91.75805904660363,"-0.40,0.34,0.77,48.65,-62.50,-46.33"
ziqian,normal_work,ziqian_normal_work_data.csv,1500,2026-07-27T13:54:59.125,62.068743,0.3379999999992833,-0.44,0.33,0.75,52.86,-86.18,-5.55,0.9300537618869137,101.25203454745984,"-0.44,0.33,0.75,52.86,-86.18,-5.55"
ziqian,normal_work,ziqian_normal_work_data.csv,1501,2026-07-27T13:54:59.125,62.06928,0.537000000001342,-0.3,0.35,0.9,30.82,-80.14,59.57,1.0111874208078342,104.50299947848387,"-0.30,0.35,0.90,30.82,-80.14,59.57"
ziqian,normal_work,ziqian_normal_work_data.csv,1502,2026-07-27T13:54:59.305,62.248842,179.56200000000422,-0.19,0.31,1.16,-8.12,-54.93,149.96,1.2156479753612885,159.91010255765582,"-0.19,0.31,1.16,-8.12,-54.93,149.96"
ziqian,normal_work,ziqian_normal_work_data.csv,1503,2026-07-27T13:54:59.305,62.249092,0.24999999999408828,-0.21,0.16,1.35,-24.54,-61.52,187.13,1.3755726080436468,198.50581578382028,"-0.21,0.16,1.35,-24.54,-61.52,187.13"
ziqian,normal_work,ziqian_normal_work_data.csv,1504,2026-07-27T13:54:59.305,62.249318,0.22600000000494447,-0.3,0.07,1.36,-10.44,-131.9,99.79,1.3944532978913278,165.72461404390117,"-0.30,0.07,1.36,-10.44,-131.90,99.79"
ziqian,normal_work,ziqian_normal_work_data.csv,1505,2026-07-27T13:54:59.306,62.249801,0.4829999999955703,-0.46,0.11,1.21,-13.0,-200.13,-4.03,1.2991535705989496,200.59226754787932,"-0.46,0.11,1.21,-13.00,-200.13,-4.03"
ziqian,normal_work,ziqian_normal_work_data.csv,1506,2026-07-27T13:54:59.551,62.495416,245.6150000000008,-0.61,0.19,1.02,-40.1,-205.99,-40.89,1.203577999134248,213.80337275169447,"-0.61,0.19,1.02,-40.10,-205.99,-40.89"
ziqian,normal_work,ziqian_normal_work_data.csv,1507,2026-07-27T13:54:59.551,62.495527,0.11100000000396903,-0.68,0.28,0.88,-60.97,-163.7,-49.74,1.146821694946516,181.6290133761674,"-0.68,0.28,0.88,-60.97,-163.70,-49.74"
ziqian,normal_work,ziqian_normal_work_data.csv,1508,2026-07-27T13:54:59.552,62.495633,0.10599999999527654,-0.71,0.36,0.78,-59.33,-102.29,-55.42,1.1144954015158608,130.59352740469186,"-0.71,0.36,0.78,-59.33,-102.29,-55.42"
ziqian,normal_work,ziqian_normal_work_data.csv,1509,2026-07-27T13:54:59.552,62.495737,0.10400000000032605,-0.73,0.38,0.68,-37.96,-35.58,-50.9,1.0675673280875544,72.78535566994229,"-0.73,0.38,0.68,-37.96,-35.58,-50.90"
ziqian,normal_work,ziqian_normal_work_data.csv,1510,2026-07-27T13:54:59.552,62.495836,0.09899999999873899,-0.71,0.35,0.66,-9.7,31.8,-35.4,1.030630874755846,48.56428729014768,"-0.71,0.35,0.66,-9.70,31.80,-35.40"
ziqian,normal_work,ziqian_normal_work_data.csv,1511,2026-07-27T13:54:59.552,62.495955,0.11900000000508726,-0.65,0.33,0.75,12.51,93.81,-18.37,1.0458967444255671,96.40681044407599,"-0.65,0.33,0.75,12.51,93.81,-18.37"
ziqian,normal_work,ziqian_normal_work_data.csv,1512,2026-07-27T13:54:59.791,62.734963,239.00799999999833,-0.58,0.33,0.93,28.63,143.31,-13.18,1.144639681297132,146.73494948375455,"-0.58,0.33,0.93,28.63,143.31,-13.18"
ziqian,normal_work,ziqian_normal_work_data.csv,1513,2026-07-27T13:54:59.791,62.735147,0.18399999999729744,-0.47,0.31,1.25,37.78,196.17,-25.94,1.3709485767161362,201.45193198378612,"-0.47,0.31,1.25,37.78,196.17,-25.94"
ziqian,normal_work,ziqian_normal_work_data.csv,1514,2026-07-27T13:54:59.791,62.735253,0.10600000000238197,-0.42,0.27,1.26,28.93,201.05,-21.79,1.355322839769182,204.28619997444764,"-0.42,0.27,1.26,28.93,201.05,-21.79"
ziqian,normal_work,ziqian_normal_work_data.csv,1515,2026-07-27T13:54:59.791,62.73537,0.11700000000303135,-0.42,0.27,1.26,19.78,192.5,-13.0,1.355322839769182,193.9497316316782,"-0.42,0.27,1.26,19.78,192.50,-13.00"
ziqian,normal_work,ziqian_normal_work_data.csv,1516,2026-07-27T13:54:59.791,62.735388,0.017999999997186933,-0.31,0.22,1.2,18.92,167.24,-13.55,1.2587692401707313,168.8513739950019,"-0.31,0.22,1.20,18.92,167.24,-13.55"
ziqian,normal_work,ziqian_normal_work_data.csv,1517,2026-07-27T13:54:59.847,62.790601,55.213000000001955,-0.14,0.21,1.11,24.11,120.0,-25.39,1.1383321132253101,125.00377674294485,"-0.14,0.21,1.11,24.11,120.00,-25.39"
ziqian,normal_work,ziqian_normal_work_data.csv,1518,2026-07-27T13:54:59.847,62.791427,0.8259999999964407,0.02,0.22,1.05,24.9,57.74,-36.19,1.0729864864013898,72.55090419836269,"0.02,0.22,1.05,24.90,57.74,-36.19"
ziqian,normal_work,ziqian_normal_work_data.csv,1519,2026-07-27T13:55:00.445,63.388624,597.1970000000013,0.09,0.26,1.01,18.8,-4.33,-35.46,1.0468046618161384,40.36831059135371,"0.09,0.26,1.01,18.80,-4.33,-35.46"
ziqian,normal_work,ziqian_normal_work_data.csv,1520,2026-07-27T13:55:00.445,63.388803,0.1790000000028158,0.01,0.29,1.14,10.13,-109.37,0.92,1.1763502879669814,109.84197831430387,"0.01,0.29,1.14,10.13,-109.37,0.92"
ziqian,normal_work,ziqian_normal_work_data.csv,1521,2026-07-27T13:55:00.445,63.389199,0.39599999999495594,-0.11,0.24,1.28,6.35,-162.11,14.1,1.3069429979918787,162.8458921803065,"-0.11,0.24,1.28,6.35,-162.11,14.10"
ziqian,normal_work,ziqian_normal_work_data.csv,1522,2026-07-27T13:55:00.446,63.389807,0.6079999999997199,-0.26,0.21,1.4,0.55,-208.56,16.91,1.4393401265857906,209.24512945347138,"-0.26,0.21,1.40,0.55,-208.56,16.91"
ziqian,normal_work,ziqian_normal_work_data.csv,1523,2026-07-27T13:55:00.446,63.390302,0.49500000000080036,-0.41,0.22,1.42,-3.17,-235.72,10.86,1.4942891286494726,235.99132801863718,"-0.41,0.22,1.42,-3.17,-235.72,10.86"
ziqian,normal_work,ziqian_normal_work_data.csv,1524,2026-07-27T13:55:00.447,63.391089,0.7870000000025357,-0.52,0.28,1.31,-3.17,-235.72,10.86,1.436975991448709,235.99132801863718,"-0.52,0.28,1.31,-3.17,-235.72,10.86"
ziqian,normal_work,ziqian_normal_work_data.csv,1525,2026-07-27T13:55:00.447,63.391359,0.27000000000043656,-0.57,0.35,1.15,6.77,-238.65,-6.77,1.3303758867327684,238.84197348874844,"-0.57,0.35,1.15,6.77,-238.65,-6.77"
ziqian,normal_work,ziqian_normal_work_data.csv,1526,2026-07-27T13:55:00.448,63.392128,0.7689999999982433,-0.57,0.34,1.02,27.22,-218.32,-23.07,1.2169223475637219,221.21658097891304,"-0.57,0.34,1.02,27.22,-218.32,-23.07"
ziqian,normal_work,ziqian_normal_work_data.csv,1527,2026-07-27T13:55:00.448,63.392497,0.36899999999917554,-0.56,0.27,0.92,38.09,-179.08,-19.65,1.1103603018840327,184.13749482384083,"-0.56,0.27,0.92,38.09,-179.08,-19.65"
ziqian,normal_work,ziqian_normal_work_data.csv,1528,2026-07-27T13:55:00.449,63.393141,0.6440000000011992,-0.56,0.2,0.85,29.48,-130.37,-2.62,1.0373523991392701,133.68721591835174,"-0.56,0.20,0.85,29.48,-130.37,-2.62"
ziqian,normal_work,ziqian_normal_work_data.csv,1529,2026-07-27T13:55:00.450,63.393704,0.5629999999996471,-0.55,0.18,0.79,8.06,-79.9,12.02,0.9792854537876073,81.2000862068508,"-0.55,0.18,0.79,8.06,-79.90,12.02"
ziqian,normal_work,ziqian_normal_work_data.csv,1530,2026-07-27T13:55:00.450,63.394181,0.4770000000036134,-0.53,0.19,0.75,-11.84,-30.03,15.14,0.9378166132032425,35.65397733773891,"-0.53,0.19,0.75,-11.84,-30.03,15.14"
ziqian,normal_work,ziqian_normal_work_data.csv,1531,2026-07-27T13:55:00.451,63.394801,0.6199999999978445,-0.5,0.23,0.75,-20.39,17.88,4.94,0.9302687783646186,27.565378647861888,"-0.50,0.23,0.75,-20.39,17.88,4.94"
ziqian,normal_work,ziqian_normal_work_data.csv,1532,2026-07-27T13:55:00.451,63.395535,0.7340000000013447,-0.48,0.27,0.79,-19.35,62.19,-11.66,0.9630160954002794,66.1662617955707,"-0.48,0.27,0.79,-19.35,62.19,-11.66"
ziqian,normal_work,ziqian_normal_work_data.csv,1533,2026-07-27T13:55:00.690,63.634232,238.69699999999483,-0.47,0.31,0.87,-14.47,102.66,-23.13,1.0362914647916386,106.22360095571982,"-0.47,0.31,0.87,-14.47,102.66,-23.13"
ziqian,normal_work,ziqian_normal_work_data.csv,1534,2026-07-27T13:55:00.690,63.634343,0.11100000000396903,-0.48,0.33,1.0,-9.03,140.44,-23.56,1.157281296833229,142.68850023740526,"-0.48,0.33,1.00,-9.03,140.44,-23.56"
ziqian,normal_work,ziqian_normal_work_data.csv,1535,2026-07-27T13:55:00.690,63.634498,0.15499999999946112,-0.49,0.32,1.14,-5.68,175.11,-16.24,1.2814444974324872,175.9531531402606,"-0.49,0.32,1.14,-5.68,175.11,-16.24"
ziqian,normal_work,ziqian_normal_work_data.csv,1536,2026-07-27T13:55:00.691,63.634619,0.12100000000003774,-0.5,0.31,1.24,-4.46,201.97,-10.68,1.3724795080437449,202.30134675775147,"-0.50,0.31,1.24,-4.46,201.97,-10.68"
ziqian,normal_work,ziqian_normal_work_data.csv,1537,2026-07-27T13:55:00.691,63.634746,0.12699999999910005,-0.52,0.31,1.28,-2.44,215.64,-15.87,1.4159449141827518,216.2369535948932,"-0.52,0.31,1.28,-2.44,215.64,-15.87"
ziqian,normal_work,ziqian_normal_work_data.csv,1538,2026-07-27T13:55:00.691,63.634923,0.17700000000075988,-0.45,0.33,1.29,2.2,214.48,-35.28,1.4055248130146976,217.37338567543173,"-0.45,0.33,1.29,2.20,214.48,-35.28"
ziqian,normal_work,ziqian_normal_work_data.csv,1539,2026-07-27T13:55:00.745,63.689025,54.10200000000032,-0.28,0.35,1.26,8.06,196.29,-63.54,1.3373481222179961,206.4753237072169,"-0.28,0.35,1.26,8.06,196.29,-63.54"
ziqian,normal_work,ziqian_normal_work_data.csv,1540,2026-07-27T13:55:00.946,63.890278,201.25300000000124,-0.08,0.35,1.17,10.86,157.59,-81.36,1.2238463955905576,177.68510714181986,"-0.08,0.35,1.17,10.86,157.59,-81.36"
ziqian,normal_work,ziqian_normal_work_data.csv,1541,2026-07-27T13:55:00.946,63.890487,0.20899999999812735,0.03,0.33,1.06,5.8,101.75,-69.82,1.110585431202841,123.5375849691097,"0.03,0.33,1.06,5.80,101.75,-69.82"
ziqian,normal_work,ziqian_normal_work_data.csv,1542,2026-07-27T13:55:00.947,63.890634,0.1469999999983429,0.04,0.32,0.98,-4.7,38.02,-32.23,1.0316976301223144,50.06379230541769,"0.04,0.32,0.98,-4.70,38.02,-32.23"
ziqian,normal_work,ziqian_normal_work_data.csv,1543,2026-07-27T13:55:00.947,63.890791,0.15700000000151704,-0.04,0.32,0.96,-10.8,-24.11,8.85,1.012719112093773,27.861345983279413,"-0.04,0.32,0.96,-10.80,-24.11,8.85"
ziqian,normal_work,ziqian_normal_work_data.csv,1544,2026-07-27T13:55:00.947,63.891039,0.2479999999991378,-0.16,0.29,0.99,-8.06,-77.88,36.99,1.0439348638684312,86.59398420213728,"-0.16,0.29,0.99,-8.06,-77.88,36.99"
ziqian,normal_work,ziqian_normal_work_data.csv,1545,2026-07-27T13:55:00.984,63.928507,37.468000000004054,-0.3,0.26,1.04,-3.72,-118.47,53.71,1.1131936040060597,130.12971758979575,"-0.30,0.26,1.04,-3.72,-118.47,53.71"
ziqian,normal_work,ziqian_normal_work_data.csv,1546,2026-07-27T13:55:01.044,63.988322,59.81499999999329,-0.41,0.23,1.1,-4.21,-143.86,61.83,1.1962441222426132,156.6409033426455,"-0.41,0.23,1.10,-4.21,-143.86,61.83"
ziqian,normal_work,ziqian_normal_work_data.csv,1547,2026-07-27T13:55:01.045,63.988621,0.2990000000053783,-0.45,0.21,1.17,-6.53,-157.47,58.59,1.2710232098588914,168.14348009958638,"-0.45,0.21,1.17,-6.53,-157.47,58.59"
ziqian,normal_work,ziqian_normal_work_data.csv,1548,2026-07-27T13:55:01.178,64.122004,133.38300000000203,-0.44,0.19,1.27,-8.06,-166.69,46.2,1.3574240310234675,173.16165770747287,"-0.44,0.19,1.27,-8.06,-166.69,46.20"
ziqian,normal_work,ziqian_normal_work_data.csv,1549,2026-07-27T13:55:01.178,64.122239,0.23499999998932708,-0.41,0.2,1.34,-13.37,-174.26,33.57,1.4155211054590462,177.96698963571868,"-0.41,0.20,1.34,-13.37,-174.26,33.57"
ziqian,normal_work,ziqian_normal_work_data.csv,1550,2026-07-27T13:55:01.178,64.122463,0.22400000000288856,-0.42,0.24,1.33,-30.33,-174.44,35.77,1.4152384958020328,180.63420329494633,"-0.42,0.24,1.33,-30.33,-174.44,35.77"
ziqian,normal_work,ziqian_normal_work_data.csv,1551,2026-07-27T13:55:01.304,64.247775,125.31200000000808,-0.49,0.28,1.17,-57.31,-162.84,56.52,1.2989996150884726,181.6474940647407,"-0.49,0.28,1.17,-57.31,-162.84,56.52"
ziqian,normal_work,ziqian_normal_work_data.csv,1552,2026-07-27T13:55:01.304,64.247919,0.14399999999170632,-0.57,0.29,0.92,-77.03,-142.52,71.53,1.120446339634344,177.09351258586523,"-0.57,0.29,0.92,-77.03,-142.52,71.53"
ziqian,normal_work,ziqian_normal_work_data.csv,1553,2026-07-27T13:55:01.304,64.24818,0.2610000000089485,-0.62,0.28,0.67,-76.11,-112.73,61.04,0.954829827770373,149.08610465097007,"-0.62,0.28,0.67,-76.11,-112.73,61.04"
ziqian,normal_work,ziqian_normal_work_data.csv,1554,2026-07-27T13:55:01.352,64.296074,47.89399999999944,-0.63,0.28,0.52,-53.53,-69.58,28.99,0.8635392289873113,92.45137857273953,"-0.63,0.28,0.52,-53.53,-69.58,28.99"
ziqian,normal_work,ziqian_normal_work_data.csv,1555,2026-07-27T13:55:01.415,64.359538,63.46399999999619,-0.59,0.29,0.51,-15.99,-15.56,-6.71,0.8320456718233681,23.298450592260423,"-0.59,0.29,0.51,-15.99,-15.56,-6.71"
ziqian,normal_work,ziqian_normal_work_data.csv,1556,2026-07-27T13:55:01.416,64.359695,0.15700000000151704,-0.54,0.3,0.62,21.85,42.54,-28.81,0.8752142594816426,55.830907210970516,"-0.54,0.30,0.62,21.85,42.54,-28.81"
ziqian,normal_work,ziqian_normal_work_data.csv,1557,2026-07-27T13:55:01.600,64.544145,184.44999999999823,-0.51,0.31,0.8,49.07,98.21,-34.42,0.9980981915623333,115.05566218139809,"-0.51,0.31,0.80,49.07,98.21,-34.42"
ziqian,normal_work,ziqian_normal_work_data.csv,1558,2026-07-27T13:55:01.600,64.544261,0.1160000000055561,-0.49,0.31,1.01,65.61,146.24,-32.41,1.1646029366269004,163.52742216521364,"-0.49,0.31,1.01,65.61,146.24,-32.41"
ziqian,normal_work,ziqian_normal_work_data.csv,1559,2026-07-27T13:55:01.600,64.544339,0.07799999998781004,-0.47,0.3,1.24,71.41,183.9,-29.36,1.3595955280891445,199.4507651025686,"-0.47,0.30,1.24,71.41,183.90,-29.36"
ziqian,normal_work,ziqian_normal_work_data.csv,1560,2026-07-27T13:55:01.600,64.544421,0.08200000000613272,-0.43,0.3,1.41,66.04,208.13,-26.98,1.5043270920913443,220.01658778373962,"-0.43,0.30,1.41,66.04,208.13,-26.98"
ziqian,normal_work,ziqian_normal_work_data.csv,1561,2026-07-27T13:55:01.649,64.593014,48.59299999999678,-0.34,0.3,1.44,55.54,211.43,-32.71,1.5097019573412496,221.03683086761808,"-0.34,0.30,1.44,55.54,211.43,-32.71"
ziqian,normal_work,ziqian_normal_work_data.csv,1562,2026-07-27T13:55:01.649,64.593188,0.17400000000122873,-0.23,0.28,1.34,47.06,187.99,-49.74,1.3881282361511131,200.07236515820972,"-0.23,0.28,1.34,47.06,187.99,-49.74"
ziqian,normal_work,ziqian_normal_work_data.csv,1563,2026-07-27T13:55:01.710,64.65373,60.5419999999981,-0.17,0.25,1.16,41.5,143.37,-64.03,1.1987493482792806,162.4101222214921,"-0.17,0.25,1.16,41.50,143.37,-64.03"
ziqian,normal_work,ziqian_normal_work_data.csv,1564,2026-07-27T13:55:01.950,64.893684,239.95399999999734,-0.19,0.22,0.99,31.62,93.14,-59.27,1.0317945531936095,114.83822055396017,"-0.19,0.22,0.99,31.62,93.14,-59.27"
ziqian,normal_work,ziqian_normal_work_data.csv,1565,2026-07-27T13:55:01.950,64.893867,0.18300000000692762,-0.22,0.21,0.88,14.16,52.37,-37.84,0.931074647920348,66.14369282100901,"-0.22,0.21,0.88,14.16,52.37,-37.84"
ziqian,normal_work,ziqian_normal_work_data.csv,1566,2026-07-27T13:55:01.950,64.893955,0.08800000000519503,-0.19,0.22,0.86,0.0,24.17,-17.03,0.9077995373429092,29.56703908070607,"-0.19,0.22,0.86,0.00,24.17,-17.03"
ziqian,normal_work,ziqian_normal_work_data.csv,1567,2026-07-27T13:55:01.950,64.894117,0.16199999998889325,-0.11,0.22,0.93,-1.53,-2.44,-6.35,0.9619771307052991,6.972589189103284,"-0.11,0.22,0.93,-1.53,-2.44,-6.35"
ziqian,normal_work,ziqian_normal_work_data.csv,1568,2026-07-27T13:55:01.950,64.894189,0.07200000000295859,-0.07,0.22,1.06,4.03,-40.77,-1.4,1.084850220076486,40.99260665046808,"-0.07,0.22,1.06,4.03,-40.77,-1.40"
ziqian,normal_work,ziqian_normal_work_data.csv,1569,2026-07-27T13:55:01.950,64.894487,0.2980000000007976,-0.14,0.24,1.2,5.07,-93.26,7.02,1.2317467272130256,93.66116003979451,"-0.14,0.24,1.20,5.07,-93.26,7.02"
ziqian,normal_work,ziqian_normal_work_data.csv,1570,2026-07-27T13:55:02.130,65.07452,180.03300000000877,-0.3,0.26,1.3,-3.23,-147.52,22.64,1.3592645070036957,149.28212518583732,"-0.30,0.26,1.30,-3.23,-147.52,22.64"
ziqian,normal_work,ziqian_normal_work_data.csv,1571,2026-07-27T13:55:02.131,65.074768,0.2479999999991378,-0.46,0.27,1.3,-18.01,-185.97,40.34,1.4051690289783647,191.14527616449223,"-0.46,0.27,1.30,-18.01,-185.97,40.34"
ziqian,normal_work,ziqian_normal_work_data.csv,1572,2026-07-27T13:55:02.131,65.074994,0.22599999999783904,-0.57,0.27,1.22,-32.84,-200.26,50.6,1.3733899664698297,209.14801744219332,"-0.57,0.27,1.22,-32.84,-200.26,50.60"
ziqian,normal_work,ziqian_normal_work_data.csv,1573,2026-07-27T13:55:02.131,65.075222,0.22799999999278953,-0.59,0.28,1.08,-41.08,-194.15,45.84,1.2621014222319853,203.6739907302845,"-0.59,0.28,1.08,-41.08,-194.15,45.84"
ziqian,normal_work,ziqian_normal_work_data.csv,1574,2026-07-27T13:55:02.131,65.075333,0.11100000000396903,-0.59,0.27,0.95,-38.51,-175.23,28.81,1.1504347004502253,181.71017885633154,"-0.59,0.27,0.95,-38.51,-175.23,28.81"
ziqian,normal_work,ziqian_normal_work_data.csv,1575,2026-07-27T13:55:02.244,65.188507,113.17400000000077,-0.59,0.25,0.83,-28.99,-146.24,13.0,1.0485704554296769,149.65145405240807,"-0.59,0.25,0.83,-28.99,-146.24,13.00"
ziqian,normal_work,ziqian_normal_work_data.csv,1576,2026-07-27T13:55:02.245,65.188746,0.2389999999934389,-0.59,0.24,0.72,-21.3,-106.2,4.58,0.9613012014972206,108.41174475120305,"-0.59,0.24,0.72,-21.30,-106.20,4.58"
ziqian,normal_work,ziqian_normal_work_data.csv,1577,2026-07-27T13:55:02.546,65.489623,300.87699999999984,-0.58,0.25,0.65,-16.54,-56.34,-1.4,0.9063112048297759,58.73437834862986,"-0.58,0.25,0.65,-16.54,-56.34,-1.40"
ziqian,normal_work,ziqian_normal_work_data.csv,1578,2026-07-27T13:55:02.546,65.489809,0.18599999999935335,-0.55,0.27,0.67,-8.12,-0.31,-6.41,0.9079096871385393,10.349811592488049,"-0.55,0.27,0.67,-8.12,-0.31,-6.41"
ziqian,normal_work,ziqian_normal_work_data.csv,1579,2026-07-27T13:55:02.546,65.489969,0.16000000000815362,-0.51,0.28,0.76,6.29,55.36,-9.7,0.9571311299921239,56.554254481869,"-0.51,0.28,0.76,6.29,55.36,-9.70"
ziqian,normal_work,ziqian_normal_work_data.csv,1580,2026-07-27T13:55:02.546,65.490086,0.11700000000303135,-0.47,0.25,1.05,31.43,142.94,-12.51,1.1772425408555367,146.88835420141382,"-0.47,0.25,1.05,31.43,142.94,-12.51"
ziqian,normal_work,ziqian_normal_work_data.csv,1581,2026-07-27T13:55:02.549,65.492811,2.72499999999809,-0.44,0.24,1.18,35.77,169.8,-15.38,1.2820296408429877,174.20699555413958,"-0.44,0.24,1.18,35.77,169.80,-15.38"
ziqian,normal_work,ziqian_normal_work_data.csv,1582,2026-07-27T13:55:02.549,65.493065,0.2539999999982001,-0.44,0.24,1.18,34.61,182.5,-20.75,1.2820296408429877,186.90817157096157,"-0.44,0.24,1.18,34.61,182.50,-20.75"
ziqian,normal_work,ziqian_normal_work_data.csv,1583,2026-07-27T13:55:02.550,65.494045,0.9799999999984266,-0.39,0.24,1.26,28.63,180.73,-28.63,1.3406341782902598,185.20984504069972,"-0.39,0.24,1.26,28.63,180.73,-28.63"
ziqian,normal_work,ziqian_normal_work_data.csv,1584,2026-07-27T13:55:02.608,65.551983,57.93800000000715,-0.32,0.24,1.26,19.47,163.15,-35.83,1.3219682295728592,168.16893975999255,"-0.32,0.24,1.26,19.47,163.15,-35.83"
ziqian,normal_work,ziqian_normal_work_data.csv,1585,2026-07-27T13:55:03.205,66.149201,597.217999999998,-0.24,0.22,1.2,10.01,130.62,-36.87,1.2433824833895644,136.09254718756642,"-0.24,0.22,1.20,10.01,130.62,-36.87"
ziqian,normal_work,ziqian_normal_work_data.csv,1586,2026-07-27T13:55:03.205,66.149406,0.20499999999401552,-0.18,0.21,1.09,1.46,89.11,-29.54,1.124544352171136,93.8900170412169,"-0.18,0.21,1.09,1.46,89.11,-29.54"
ziqian,normal_work,ziqian_normal_work_data.csv,1587,2026-07-27T13:55:03.205,66.14948,0.07399999999790907,-0.16,0.2,0.92,-4.88,8.42,-8.48,0.9549869109050658,12.908183450819097,"-0.16,0.20,0.92,-4.88,8.42,-8.48"
ziqian,normal_work,ziqian_normal_work_data.csv,1588,2026-07-27T13:55:03.206,66.149587,0.10699999999985721,-0.15,0.2,0.92,0.18,-29.66,-4.03,0.9533624704172071,29.93307368113071,"-0.15,0.20,0.92,0.18,-29.66,-4.03"
ziqian,normal_work,ziqian_normal_work_data.csv,1589,2026-07-27T13:55:03.207,66.150615,1.028000000005136,-0.15,0.21,0.98,0.18,-29.66,-4.03,1.0134100848126586,29.93307368113071,"-0.15,0.21,0.98,0.18,-29.66,-4.03"
ziqian,normal_work,ziqian_normal_work_data.csv,1590,2026-07-27T13:55:03.207,66.150808,0.1929999999958909,-0.18,0.23,1.06,6.35,-69.7,-1.65,1.099499886311954,70.00810667344176,"-0.18,0.23,1.06,6.35,-69.70,-1.65"
ziqian,normal_work,ziqian_normal_work_data.csv,1591,2026-07-27T13:55:03.208,66.151709,0.9009999999989304,-0.25,0.24,1.13,8.79,-109.31,3.91,1.1819475453673907,109.73253072813003,"-0.25,0.24,1.13,8.79,-109.31,3.91"
ziqian,normal_work,ziqian_normal_work_data.csv,1592,2026-07-27T13:55:03.208,66.152082,0.37299999999618194,-0.34,0.25,1.17,5.25,-141.97,14.65,1.243784547258889,142.8203973527591,"-0.34,0.25,1.17,5.25,-141.97,14.65"
ziqian,normal_work,ziqian_normal_work_data.csv,1593,2026-07-27T13:55:03.210,66.153825,1.743000000004713,-0.43,0.25,1.16,-2.2,-162.17,24.6,1.2621410380777578,164.03996128992472,"-0.43,0.25,1.16,-2.20,-162.17,24.60"
ziqian,normal_work,ziqian_normal_work_data.csv,1594,2026-07-27T13:55:03.210,66.154012,0.1869999999968286,-0.49,0.24,1.1,-9.4,-168.52,27.53,1.2278843593759146,171.0124302499675,"-0.49,0.24,1.10,-9.40,-168.52,27.53"
ziqian,normal_work,ziqian_normal_work_data.csv,1595,2026-07-27T13:55:03.210,66.154141,0.12900000000115597,-0.54,0.23,1.01,-14.47,-161.62,24.6,1.1681609478149833,164.12058158561345,"-0.54,0.23,1.01,-14.47,-161.62,24.60"
ziqian,normal_work,ziqian_normal_work_data.csv,1596,2026-07-27T13:55:03.210,66.154238,0.09700000001089393,-0.57,0.23,0.9,-17.94,-142.46,18.92,1.0898623766329398,144.82631528834807,"-0.57,0.23,0.90,-17.94,-142.46,18.92"
ziqian,normal_work,ziqian_normal_work_data.csv,1597,2026-07-27T13:55:03.211,66.155092,0.8539999999896963,-0.59,0.23,0.8,-19.35,-112.73,11.54,1.0202940752547769,114.9593275902395,"-0.59,0.23,0.80,-19.35,-112.73,11.54"
ziqian,normal_work,ziqian_normal_work_data.csv,1598,2026-07-27T13:55:03.211,66.155318,0.22599999999783904,-0.59,0.23,0.73,-17.03,-73.79,4.39,0.966385016440135,75.85681973296799,"-0.59,0.23,0.73,-17.03,-73.79,4.39"
ziqian,normal_work,ziqian_normal_work_data.csv,1599,2026-07-27T13:55:03.212,66.156336,1.0180000000019618,-0.58,0.24,0.7,-10.62,-26.61,-0.67,0.9402127418834526,28.658775270412377,"-0.58,0.24,0.70,-10.62,-26.61,-0.67"
ziqian,normal_work,ziqian_normal_work_data.csv,1600,2026-07-27T13:55:03.337,66.281148,124.8120000000057,-0.57,0.25,0.73,-1.95,24.17,-3.11,0.9593226777263216,24.447157298958096,"-0.57,0.25,0.73,-1.95,24.17,-3.11"
ziqian,normal_work,ziqian_normal_work_data.csv,1601,2026-07-27T13:55:03.337,66.281411,0.263000000003899,-0.6,0.24,0.79,4.27,72.39,0.79,1.0206370559606388,72.52012892983575,"-0.60,0.24,0.79,4.27,72.39,0.79"
ziqian,normal_work,ziqian_normal_work_data.csv,1602,2026-07-27T13:55:03.509,66.453513,172.10199999999531,-0.65,0.21,0.89,4.58,119.08,16.97,1.121918000568669,120.37027747745704,"-0.65,0.21,0.89,4.58,119.08,16.97"
ziqian,normal_work,ziqian_normal_work_data.csv,1603,2026-07-27T13:55:03.510,66.453651,0.137999999992644,-0.67,0.18,1.04,2.38,166.63,41.56,1.2501599897613105,171.75114235427955,"-0.67,0.18,1.04,2.38,166.63,41.56"
ziqian,normal_work,ziqian_normal_work_data.csv,1604,2026-07-27T13:55:03.510,66.453669,0.018000000011397788,-0.61,0.18,1.2,6.71,205.75,51.7,1.35812370570578,212.25215334596726,"-0.61,0.18,1.20,6.71,205.75,51.70"
ziqian,normal_work,ziqian_normal_work_data.csv,1605,2026-07-27T13:55:03.510,66.453765,0.09599999999920783,-0.47,0.19,1.29,23.62,219.3,26.0,1.3860375175297384,222.09546235796896,"-0.47,0.19,1.29,23.62,219.30,26.00"
ziqian,normal_work,ziqian_normal_work_data.csv,1606,2026-07-27T13:55:03.510,66.453868,0.10299999999574538,-0.31,0.2,1.28,43.82,200.5,-23.8,1.3321035995747479,206.6080405018159,"-0.31,0.20,1.28,43.82,200.50,-23.80"
ziqian,normal_work,ziqian_normal_work_data.csv,1607,2026-07-27T13:55:03.625,66.56867,114.8019999999974,-0.15,0.21,1.21,49.87,160.95,-65.37,1.2372146135574054,180.73504447118162,"-0.15,0.21,1.21,49.87,160.95,-65.37"
ziqian,normal_work,ziqian_normal_work_data.csv,1608,2026-07-27T13:55:03.625,66.568843,0.17300000000375348,-0.0,0.23,1.11,37.9,108.95,-80.32,1.1335784048754634,140.56249464206303,"-0.00,0.23,1.11,37.90,108.95,-80.32"
ziqian,normal_work,ziqian_normal_work_data.csv,1609,2026-07-27T13:55:03.625,66.569235,0.39200000000505497,0.06,0.26,1.03,17.03,46.57,-64.45,1.0640018796975876,81.31782276967333,"0.06,0.26,1.03,17.03,46.57,-64.45"
ziqian,normal_work,ziqian_normal_work_data.csv,1610,2026-07-27T13:55:03.744,66.688355,119.11999999999523,0.02,0.28,1.02,-0.85,-18.13,-24.78,1.0579224924350554,30.715920953147407,"0.02,0.28,1.02,-0.85,-18.13,-24.78"
ziqian,normal_work,ziqian_normal_work_data.csv,1611,2026-07-27T13:55:03.745,66.688678,0.3229999999945221,-0.09,0.27,1.1,-9.09,-77.76,17.33,1.136221809331259,80.18462820266737,"-0.09,0.27,1.10,-9.09,-77.76,17.33"
ziqian,normal_work,ziqian_normal_work_data.csv,1612,2026-07-27T13:55:03.745,66.689146,0.46799999999791453,-0.24,0.25,1.21,-9.89,-129.7,42.42,1.2586500705120547,136.818706688815,"-0.24,0.25,1.21,-9.89,-129.70,42.42"
ziqian,normal_work,ziqian_normal_work_data.csv,1613,2026-07-27T13:55:03.866,66.810125,120.9790000000055,-0.38,0.25,1.28,-10.07,-171.26,47.85,1.358418197757966,178.10394436957313,"-0.38,0.25,1.28,-10.07,-171.26,47.85"
ziqian,normal_work,ziqian_normal_work_data.csv,1614,2026-07-27T13:55:03.867,66.810982,0.8569999999963329,-0.5,0.25,1.26,-13.92,-198.0,43.95,1.3784411485442534,203.2962589424606,"-0.50,0.25,1.26,-13.92,-198.00,43.95"
ziqian,normal_work,ziqian_normal_work_data.csv,1615,2026-07-27T13:55:03.867,66.811202,0.21999999999877673,-0.57,0.24,1.16,-20.81,-205.51,38.33,1.3145721737508367,210.08713692180206,"-0.57,0.24,1.16,-20.81,-205.51,38.33"
ziqian,normal_work,ziqian_normal_work_data.csv,1616,2026-07-27T13:55:03.986,66.930549,119.34700000000475,-0.6,0.23,1.03,-25.57,-194.03,30.33,1.2140016474453401,198.04387064486494,"-0.60,0.23,1.03,-25.57,-194.03,30.33"
ziqian,normal_work,ziqian_normal_work_data.csv,1617,2026-07-27T13:55:03.987,66.930725,0.1759999999961792,-0.6,0.22,0.91,-23.8,-168.4,18.62,1.1119802156513396,171.08975539172414,"-0.60,0.22,0.91,-23.80,-168.40,18.62"
ziqian,normal_work,ziqian_normal_work_data.csv,1618,2026-07-27T13:55:03.987,66.930887,0.1620000000031041,-0.6,0.21,0.83,-17.4,-133.42,6.53,1.0454664030948102,134.7081931435501,"-0.60,0.21,0.83,-17.40,-133.42,6.53"
ziqian,normal_work,ziqian_normal_work_data.csv,1619,2026-07-27T13:55:04.044,66.988329,57.441999999994664,-0.6,0.21,0.78,-10.19,-91.55,-2.2,1.0062305898749053,92.14162251664554,"-0.60,0.21,0.78,-10.19,-91.55,-2.20"
ziqian,normal_work,ziqian_normal_work_data.csv,1620,2026-07-27T13:55:04.167,67.111485,123.1560000000087,-0.59,0.22,0.76,-3.91,-43.64,-6.96,0.9869650449737316,44.36416684667932,"-0.59,0.22,0.76,-3.91,-43.64,-6.96"
ziqian,normal_work,ziqian_normal_work_data.csv,1621,2026-07-27T13:55:04.168,67.11167,0.1850000000018781,-0.57,0.23,0.8,2.62,8.3,-7.26,1.0088607436113273,11.334107816674413,"-0.57,0.23,0.80,2.62,8.30,-7.26"
ziqian,normal_work,ziqian_normal_work_data.csv,1622,2026-07-27T13:55:04.168,67.111727,0.05699999999819738,-0.55,0.22,0.88,9.64,60.42,-2.08,1.060801583709225,61.21954263141795,"-0.55,0.22,0.88,9.64,60.42,-2.08"
ziqian,normal_work,ziqian_normal_work_data.csv,1623,2026-07-27T13:55:04.225,67.169041,57.314000000005194,-0.55,0.2,1.0,15.38,108.58,6.1,1.1586630226256467,109.83337744055765,"-0.55,0.20,1.00,15.38,108.58,6.10"
ziqian,normal_work,ziqian_normal_work_data.csv,1624,2026-07-27T13:55:04.225,67.169246,0.20499999999401552,-0.54,0.19,1.14,18.62,148.99,11.96,1.2756566936288147,150.62458663843697,"-0.54,0.19,1.14,18.62,148.99,11.96"
ziqian,normal_work,ziqian_normal_work_data.csv,1625,2026-07-27T13:55:04.284,67.228565,59.31900000000212,-0.52,0.16,1.24,18.43,177.19,17.58,1.3541048703848606,179.0112214359759,"-0.52,0.16,1.24,18.43,177.19,17.58"
ziqian,normal_work,ziqian_normal_work_data.csv,1626,2026-07-27T13:55:04.645,67.589454,360.88900000000024,-0.51,0.11,1.28,13.43,190.25,30.33,1.3822445514452208,193.12000491922115,"-0.51,0.11,1.28,13.43,190.25,30.33"
ziqian,normal_work,ziqian_normal_work_data.csv,1627,2026-07-27T13:55:04.646,67.589658,0.20399999999654028,-0.51,0.03,1.24,6.35,186.58,43.46,1.341118935814419,191.67991678837927,"-0.51,0.03,1.24,6.35,186.58,43.46"
ziqian,normal_work,ziqian_normal_work_data.csv,1628,2026-07-27T13:55:04.646,67.589787,0.12900000000115597,-0.52,-0.02,1.14,3.54,165.65,41.32,1.2531560158256432,170.76239779295676,"-0.52,-0.02,1.14,3.54,165.65,41.32"
ziqian,normal_work,ziqian_normal_work_data.csv,1629,2026-07-27T13:55:04.646,67.590522,0.7350000000059254,-0.49,-0.04,1.03,5.62,137.76,23.44,1.1413150310059006,139.8529070130471,"-0.49,-0.04,1.03,5.62,137.76,23.44"
ziqian,normal_work,ziqian_normal_work_data.csv,1630,2026-07-27T13:55:04.647,67.590915,0.39299999998831936,-0.46,-0.03,0.93,3.66,112.73,12.82,1.037978805178603,113.51564165347435,"-0.46,-0.03,0.93,3.66,112.73,12.82"
ziqian,normal_work,ziqian_normal_work_data.csv,1631,2026-07-27T13:55:04.650,67.594231,3.3159999999980982,-0.46,-0.01,0.84,-5.98,90.21,23.01,0.9577577981932592,93.29021706481338,"-0.46,-0.01,0.84,-5.98,90.21,23.01"
ziqian,normal_work,ziqian_normal_work_data.csv,1632,2026-07-27T13:55:04.650,67.59457,0.3390000000109694,-0.49,0.01,0.75,-17.88,69.52,39.55,0.8959352655186645,81.95686243384381,"-0.49,0.01,0.75,-17.88,69.52,39.55"
ziqian,normal_work,ziqian_normal_work_data.csv,1633,2026-07-27T13:55:04.651,67.594991,0.42099999998868043,-0.49,0.05,0.67,-29.42,53.83,46.26,0.8315647900193947,76.83223867622236,"-0.49,0.05,0.67,-29.42,53.83,46.26"
ziqian,normal_work,ziqian_normal_work_data.csv,1634,2026-07-27T13:55:04.651,67.595083,0.09200000000930686,-0.43,0.16,0.62,-42.72,44.07,32.53,0.7712976079309465,69.46484146674489,"-0.43,0.16,0.62,-42.72,44.07,32.53"
ziqian,normal_work,ziqian_normal_work_data.csv,1635,2026-07-27T13:55:04.651,67.595182,0.09899999999163356,-0.31,0.34,0.63,-57.25,35.58,4.15,0.7801281945936834,67.53311335929952,"-0.31,0.34,0.63,-57.25,35.58,4.15"
ziqian,normal_work,ziqian_normal_work_data.csv,1636,2026-07-27T13:55:04.705,67.648904,53.7220000000076,-0.2,0.52,0.71,-62.26,24.05,-14.16,0.9024965373894794,68.22914113485527,"-0.20,0.52,0.71,-62.26,24.05,-14.16"
ziqian,normal_work,ziqian_normal_work_data.csv,1637,2026-07-27T13:55:04.825,67.769453,120.54899999999691,-0.09,0.63,0.88,-45.59,4.52,-10.93,1.0860018416190647,47.09929298832415,"-0.09,0.63,0.88,-45.59,4.52,-10.93"
ziqian,normal_work,ziqian_normal_work_data.csv,1638,2026-07-27T13:55:04.826,67.769641,0.18799999999430383,-0.02,0.64,1.08,-15.14,-30.58,8.91,1.2555476892575606,35.26675630108332,"-0.02,0.64,1.08,-15.14,-30.58,8.91"
ziqian,normal_work,ziqian_normal_work_data.csv,1639,2026-07-27T13:55:04.826,67.76974,0.09900000000584441,-0.03,0.59,1.21,3.05,-79.1,42.97,1.3465140177510222,90.06960308561374,"-0.03,0.59,1.21,3.05,-79.10,42.97"
ziqian,normal_work,ziqian_normal_work_data.csv,1640,2026-07-27T13:55:04.945,67.888763,119.02299999999855,-0.15,0.54,1.24,1.1,-131.35,75.81,1.360771839802691,151.66142752855782,"-0.15,0.54,1.24,1.10,-131.35,75.81"
ziqian,normal_work,ziqian_normal_work_data.csv,1641,2026-07-27T13:55:04.945,67.888986,0.2230000000054133,-0.29,0.48,1.26,-2.81,-176.76,84.23,1.3791664149043075,195.82310027164823,"-0.29,0.48,1.26,-2.81,-176.76,84.23"
ziqian,normal_work,ziqian_normal_work_data.csv,1642,2026-07-27T13:55:04.945,67.889221,0.23500000000353793,-0.41,0.42,1.29,2.62,-205.38,68.73,1.4172508599397637,216.59090862730136,"-0.41,0.42,1.29,2.62,-205.38,68.73"
ziqian,normal_work,ziqian_normal_work_data.csv,1643,2026-07-27T13:55:05.006,67.950094,60.87300000000084,-0.47,0.34,1.35,11.11,-215.94,44.31,1.46935359937627,220.71903361513705,"-0.47,0.34,1.35,11.11,-215.94,44.31"
ziqian,normal_work,ziqian_normal_work_data.csv,1644,2026-07-27T13:55:05.185,68.12877,178.67599999999584,-0.51,0.28,1.39,12.45,-215.7,20.69,1.5068510211696444,217.04738791333102,"-0.51,0.28,1.39,12.45,-215.70,20.69"
ziqian,normal_work,ziqian_normal_work_data.csv,1645,2026-07-27T13:55:05.185,68.129022,0.2520000000032496,-0.56,0.27,1.25,-11.23,-211.06,-16.05,1.3960659010233005,211.96707055578233,"-0.56,0.27,1.25,-11.23,-211.06,-16.05"
ziqian,normal_work,ziqian_normal_work_data.csv,1646,2026-07-27T13:55:05.185,68.12938,0.35799999999142074,-0.58,0.31,1.09,-22.28,-204.22,-31.25,1.2730278865759383,207.79501750523278,"-0.58,0.31,1.09,-22.28,-204.22,-31.25"
ziqian,normal_work,ziqian_normal_work_data.csv,1647,2026-07-27T13:55:05.186,68.129956,0.5760000000094578,-0.58,0.31,1.09,-29.97,-187.56,-42.54,1.2730278865759383,194.6448203780414,"-0.58,0.31,1.09,-29.97,-187.56,-42.54"
ziqian,normal_work,ziqian_normal_work_data.csv,1648,2026-07-27T13:55:05.424,68.368178,238.22199999999327,-0.59,0.35,0.89,-37.84,-155.15,-42.11,1.1236992480196826,165.15641131969417,"-0.59,0.35,0.89,-37.84,-155.15,-42.11"
ziqian,normal_work,ziqian_normal_work_data.csv,1649,2026-07-27T13:55:05.424,68.368422,0.24399999999502597,-0.6,0.39,0.67,-44.25,-97.66,-20.75,0.9803060746521977,109.20668752416218,"-0.60,0.39,0.67,-44.25,-97.66,-20.75"
ziqian,normal_work,ziqian_normal_work_data.csv,1650,2026-07-27T13:55:05.425,68.368735,0.31300000000555883,-0.6,0.39,0.49,-41.87,-16.78,12.63,0.8672946442818611,46.84209858663465,"-0.60,0.39,0.49,-41.87,-16.78,12.63"
ziqian,normal_work,ziqian_normal_work_data.csv,1651,2026-07-27T13:55:05.425,68.369334,0.598999999994021,-0.57,0.38,0.44,-26.73,69.46,33.51,0.814186710773395,81.62171647300734,"-0.57,0.38,0.44,-26.73,69.46,33.51"
ziqian,normal_work,ziqian_normal_work_data.csv,1652,2026-07-27T13:55:05.426,68.369885,0.5510000000015225,-0.51,0.35,0.75,17.21,219.79,60.18,0.9721625378505386,228.52890539273145,"-0.51,0.35,0.75,17.21,219.79,60.18"
ziqian,normal_work,ziqian_normal_work_data.csv,1653,2026-07-27T13:55:05.489,68.43285,62.96500000000549,-0.59,0.32,1.12,27.83,294.25,121.22,1.3057181931795236,319.45556780247233,"-0.59,0.32,1.12,27.83,294.25,121.22"
ziqian,normal_work,ziqian_normal_work_data.csv,1654,2026-07-27T13:55:05.545,68.489297,56.446999999991476,-0.73,0.25,1.62,27.83,294.25,121.22,1.7943801158060129,319.45556780247233,"-0.73,0.25,1.62,27.83,294.25,121.22"
ziqian,normal_work,ziqian_normal_work_data.csv,1655,2026-07-27T13:55:05.545,68.489392,0.09500000000173259,-0.79,0.08,2.1,25.76,367.92,221.13,2.245105788153422,430.0316045362248,"-0.79,0.08,2.10,25.76,367.92,221.13"
ziqian,normal_work,ziqian_normal_work_data.csv,1656,2026-07-27T13:55:05.605,68.548775,59.383000000011066,-0.63,-0.2,2.28,9.7,411.5,321.29,2.3738786826626166,522.162430762689,"-0.63,-0.20,2.28,9.70,411.50,321.29"
ziqian,normal_work,ziqian_normal_work_data.csv,1657,2026-07-27T13:55:05.669,68.613266,64.49099999998964,-0.27,-0.41,2.11,-7.08,387.88,351.07,2.166356388039604,523.2123523962331,"-0.27,-0.41,2.11,-7.08,387.88,351.07"
ziqian,normal_work,ziqian_normal_work_data.csv,1658,2026-07-27T13:55:05.669,68.613392,0.12600000000873024,0.1,-0.38,1.75,-2.56,287.41,248.84,1.7935718552653528,380.17418021217594,"0.10,-0.38,1.75,-2.56,287.41,248.84"
ziqian,normal_work,ziqian_normal_work_data.csv,1659,2026-07-27T13:55:05.845,68.788666,175.2740000000017,0.19,-0.21,1.36,18.49,141.42,74.58,1.3891724155050014,160.94618013485126,"0.19,-0.21,1.36,18.49,141.42,74.58"
ziqian,normal_work,ziqian_normal_work_data.csv,1660,2026-07-27T13:55:05.845,68.788852,0.18599999999935335,0.04,-0.11,1.07,27.34,22.22,-26.67,1.0763828315241748,44.18702185031257,"0.04,-0.11,1.07,27.34,22.22,-26.67"
ziqian,normal_work,ziqian_normal_work_data.csv,1661,2026-07-27T13:55:05.846,68.789641,0.7889999999974862,-0.11,-0.14,0.96,12.45,-19.41,-15.93,0.9763708311906906,28.027049434430303,"-0.11,-0.14,0.96,12.45,-19.41,-15.93"
ziqian,normal_work,ziqian_normal_work_data.csv,1662,2026-07-27T13:55:05.846,68.789713,0.07200000000295859,-0.15,-0.16,1.01,-16.24,-7.69,28.2,1.0335376142163382,33.43820718878331,"-0.15,-0.16,1.01,-16.24,-7.69,28.20"
ziqian,normal_work,ziqian_normal_work_data.csv,1663,2026-07-27T13:55:06.265,69.209346,419.6329999999904,-0.11,-0.08,1.1,-44.68,6.41,38.64,1.1083771921146701,59.41750667942908,"-0.11,-0.08,1.10,-44.68,6.41,38.64"
ziqian,normal_work,ziqian_normal_work_data.csv,1664,2026-07-27T13:55:06.266,69.209582,0.23600000000101318,-0.05,0.07,1.18,-62.19,-3.48,11.6,1.1831314381758267,63.35823940104396,"-0.05,0.07,1.18,-62.19,-3.48,11.60"
ziqian,normal_work,ziqian_normal_work_data.csv,1665,2026-07-27T13:55:06.266,69.209693,0.11100000000396903,-0.05,0.23,1.23,-68.66,-35.83,-27.22,1.2523178510266473,82.09088195408792,"-0.05,0.23,1.23,-68.66,-35.83,-27.22"
ziqian,normal_work,ziqian_normal_work_data.csv,1666,2026-07-27T13:55:06.276,69.220189,10.496000000003392,-0.11,0.37,1.26,-69.4,-77.45,-58.47,1.3178011989674316,119.30466629600035,"-0.11,0.37,1.26,-69.40,-77.45,-58.47"
ziqian,normal_work,ziqian_normal_work_data.csv,1667,2026-07-27T13:55:06.277,69.22083,0.641000000001668,-0.2,0.46,1.27,-61.46,-117.98,-82.7,1.3654669530969983,156.6394011735234,"-0.20,0.46,1.27,-61.46,-117.98,-82.70"
ziqian,normal_work,ziqian_normal_work_data.csv,1668,2026-07-27T13:55:06.277,69.221031,0.2009999999899037,-0.27,0.5,1.28,-39.55,-154.42,-107.6,1.4004642087536547,192.32134280937203,"-0.27,0.50,1.28,-39.55,-154.42,-107.60"
ziqian,normal_work,ziqian_normal_work_data.csv,1669,2026-07-27T13:55:06.277,69.221225,0.194000000007577,-0.33,0.49,1.3,-11.6,-184.33,-130.07,1.427935572776307,225.89890172375783,"-0.33,0.49,1.30,-11.60,-184.33,-130.07"
ziqian,normal_work,ziqian_normal_work_data.csv,1670,2026-07-27T13:55:06.277,69.221435,0.2099999999956026,-0.37,0.48,1.3,9.09,-203.98,-142.52,1.4343291114664027,249.0028491804863,"-0.37,0.48,1.30,9.09,-203.98,-142.52"
ziqian,normal_work,ziqian_normal_work_data.csv,1671,2026-07-27T13:55:06.277,69.221535,0.10000000000331966,-0.42,0.49,1.25,16.54,-211.79,-139.04,1.4067693485429658,253.89111307802798,"-0.42,0.49,1.25,16.54,-211.79,-139.04"
ziqian,normal_work,ziqian_normal_work_data.csv,1672,2026-07-27T13:55:06.278,69.221629,0.09399999999004649,-0.46,0.48,1.13,12.63,-205.02,-114.62,1.3110682667199294,235.22427957164626,"-0.46,0.48,1.13,12.63,-205.02,-114.62"
ziqian,normal_work,ziqian_normal_work_data.csv,1673,2026-07-27T13:55:06.278,69.221725,0.09600000001341868,-0.47,0.42,0.93,3.3,-178.47,-72.63,1.1234767465328332,192.7110474259325,"-0.47,0.42,0.93,3.30,-178.47,-72.63"
ziqian,normal_work,ziqian_normal_work_data.csv,1674,2026-07-27T13:55:06.325,69.268592,46.866999999991776,-0.45,0.33,0.71,-7.57,-133.48,-26.12,0.9030503861911582,136.22213366410026,"-0.45,0.33,0.71,-7.57,-133.48,-26.12"
ziqian,normal_work,ziqian_normal_work_data.csv,1675,2026-07-27T13:55:06.386,69.330489,61.89700000000187,-0.48,0.26,0.48,-20.87,-79.04,14.22,0.72691127381545,82.97642376000547,"-0.48,0.26,0.48,-20.87,-79.04,14.22"
ziqian,normal_work,ziqian_normal_work_data.csv,1676,2026-07-27T13:55:06.387,69.330646,0.15700000000151704,-0.53,0.24,0.36,-33.33,-17.15,48.77,0.6841783393238929,61.51035929012283,"-0.53,0.24,0.36,-33.33,-17.15,48.77"
ziqian,normal_work,ziqian_normal_work_data.csv,1677,2026-07-27T13:55:06.566,69.509884,179.237999999998,-0.56,0.21,0.49,-26.55,53.89,76.17,0.7731752712031082,97.00981135947023,"-0.56,0.21,0.49,-26.55,53.89,76.17"
ziqian,normal_work,ziqian_normal_work_data.csv,1678,2026-07-27T13:55:06.566,69.510044,0.15999999999394277,-0.56,0.14,0.87,10.74,124.57,86.12,1.0440785411069418,151.82123336345282,"-0.56,0.14,0.87,10.74,124.57,86.12"
ziqian,normal_work,ziqian_normal_work_data.csv,1679,2026-07-27T13:55:06.566,69.510061,0.01699999999971169,-0.53,0.04,1.26,57.25,179.32,77.39,1.3675159962501353,203.52502794496797,"-0.53,0.04,1.26,57.25,179.32,77.39"
ziqian,normal_work,ziqian_normal_work_data.csv,1680,2026-07-27T13:55:06.569,69.51313,3.0690000000106465,-0.39,-0.03,1.5,76.05,208.19,64.15,1.5501612819316577,230.74206616913182,"-0.39,-0.03,1.50,76.05,208.19,64.15"
ziqian,normal_work,ziqian_normal_work_data.csv,1681,2026-07-27T13:55:06.625,69.569039,55.908999999999764,-0.04,-0.05,1.6,47.85,202.88,64.7,1.6012807374099023,218.25674537113395,"-0.04,-0.05,1.60,47.85,202.88,64.70"
ziqian,normal_work,ziqian_normal_work_data.csv,1682,2026-07-27T13:55:06.625,69.569189,0.14999999999076863,0.38,-0.02,1.62,-4.52,151.86,78.92,1.6640913436467364,171.20238432919095,"0.38,-0.02,1.62,-4.52,151.86,78.92"
ziqian,normal_work,ziqian_normal_work_data.csv,1683,2026-07-27T13:55:06.864,69.808554,239.3650000000065,0.64,-0.03,1.5,-39.12,62.81,82.09,1.6311039206623223,110.51804649015472,"0.64,-0.03,1.50,-39.12,62.81,82.09"
ziqian,normal_work,ziqian_normal_work_data.csv,1684,2026-07-27T13:55:06.865,69.808909,0.354999999998995,0.77,-0.1,1.14,-48.52,-29.91,57.31,1.379311422413372,80.82842693013393,"0.77,-0.10,1.14,-48.52,-29.91,57.31"
ziqian,normal_work,ziqian_normal_work_data.csv,1685,2026-07-27T13:55:06.865,69.809304,0.3949999999974807,0.82,-0.14,0.59,-54.08,-103.39,5.13,1.0198529305738155,116.7923601953484,"0.82,-0.14,0.59,-54.08,-103.39,5.13"
ziqian,normal_work,ziqian_normal_work_data.csv,1686,2026-07-27T13:55:06.866,69.809801,0.49699999999575084,0.68,-0.09,0.12,-54.26,-162.29,-72.27,0.6963476143421474,185.75560449149307,"0.68,-0.09,0.12,-54.26,-162.29,-72.27"
ziqian,normal_work,ziqian_normal_work_data.csv,1687,2026-07-27T13:55:06.866,69.810423,0.6220000000070058,0.32,-0.02,-0.11,-27.47,-208.68,-156.31,0.33896902513356586,262.1731477478195,"0.32,-0.02,-0.11,-27.47,-208.68,-156.31"
ziqian,normal_work,ziqian_normal_work_data.csv,1688,2026-07-27T13:55:06.867,69.810934,0.5110000000030368,-0.08,-0.04,-0.14,20.63,-216.61,-204.28,0.1661324772583615,298.4557042510664,"-0.08,-0.04,-0.14,20.63,-216.61,-204.28"
ziqian,normal_work,ziqian_normal_work_data.csv,1689,2026-07-27T13:55:06.925,69.869209,58.27499999999475,-0.31,-0.11,-0.07,49.68,-165.04,-194.15,0.33630343441600474,259.61611371407594,"-0.31,-0.11,-0.07,49.68,-165.04,-194.15"
ziqian,normal_work,ziqian_normal_work_data.csv,1690,2026-07-27T13:55:07.044,69.988545,119.3360000000041,-0.3,-0.13,0.16,31.56,-68.97,-149.48,0.3640054944640259,167.62208953476267,"-0.30,-0.13,0.16,31.56,-68.97,-149.48"
ziqian,normal_work,ziqian_normal_work_data.csv,1691,2026-07-27T13:55:07.045,69.988875,0.32999999999105967,-0.31,-0.13,0.63,-12.88,35.03,-91.55,0.714072825417688,98.86555416321703,"-0.31,-0.13,0.63,-12.88,35.03,-91.55"
ziqian,normal_work,ziqian_normal_work_data.csv,1692,2026-07-27T13:55:07.045,69.989538,0.6630000000029668,-0.51,-0.1,1.32,-45.84,116.52,-47.61,1.4186260959111108,133.9586805697936,"-0.51,-0.10,1.32,-45.84,116.52,-47.61"
ziqian,normal_work,ziqian_normal_work_data.csv,1693,2026-07-27T13:55:07.105,70.049062,59.524000000010346,-0.6,-0.02,2.02,-63.84,171.81,-51.27,2.1073205736194955,190.32297444081732,"-0.60,-0.02,2.02,-63.84,171.81,-51.27"
ziqian,normal_work,ziqian_normal_work_data.csv,1694,2026-07-27T13:55:07.105,70.049321,0.2589999999997872,-0.36,0.05,2.33,-62.81,192.69,-80.69,2.358177262209099,218.14079925589346,"-0.36,0.05,2.33,-62.81,192.69,-80.69"
ziqian,normal_work,ziqian_normal_work_data.csv,1695,2026-07-27T13:55:07.165,70.108675,59.35399999999902,-0.08,0.12,2.17,-32.41,143.62,-111.57,2.1747873459260334,184.72947084858984,"-0.08,0.12,2.17,-32.41,143.62,-111.57"
ziqian,normal_work,ziqian_normal_work_data.csv,1696,2026-07-27T13:55:07.525,70.468832,360.15700000000095,-0.23,0.19,1.97,4.52,28.32,-120.3,1.9924607900784397,123.67110737759243,"-0.23,0.19,1.97,4.52,28.32,-120.30"
ziqian,normal_work,ziqian_normal_work_data.csv,1697,2026-07-27T13:55:07.525,70.469276,0.44399999998745443,-0.75,0.14,2.12,27.47,-69.46,-55.24,2.2531089631884207,92.90183044483031,"-0.75,0.14,2.12,27.47,-69.46,-55.24"
ziqian,normal_work,ziqian_normal_work_data.csv,1698,2026-07-27T13:55:07.526,70.469649,0.3730000000103928,-1.0,0.15,2.32,8.42,-77.58,37.84,2.5307903903721463,86.72611140827196,"-1.00,0.15,2.32,8.42,-77.58,37.84"
ziqian,normal_work,ziqian_normal_work_data.csv,1699,2026-07-27T13:55:07.526,70.469943,0.2939999999966858,-0.72,0.37,2.14,-54.32,-27.04,45.96,2.28799038459518,76.11928533558365,"-0.72,0.37,2.14,-54.32,-27.04,45.96"
ziqian,normal_work,ziqian_normal_work_data.csv,1700,2026-07-27T13:55:07.528,70.472231,2.2879999999929623,-0.29,0.56,1.77,-97.17,9.34,-6.96,1.8789890899097845,97.86565332127509,"-0.29,0.56,1.77,-97.17,9.34,-6.96"
ziqian,normal_work,ziqian_normal_work_data.csv,1701,2026-07-27T13:55:07.528,70.472481,0.25000000000829914,-0.04,0.49,1.48,-87.77,6.53,-15.81,1.5595191566633606,89.4213056267912,"-0.04,0.49,1.48,-87.77,6.53,-15.81"
ziqian,normal_work,ziqian_normal_work_data.csv,1702,2026-07-27T13:55:07.529,70.472652,0.17099999999459214,-0.03,0.26,1.28,-52.67,-17.27,24.6,1.3064838307457158,60.64273905423468,"-0.03,0.26,1.28,-52.67,-17.27,24.60"
ziqian,normal_work,ziqian_normal_work_data.csv,1703,2026-07-27T13:55:07.529,70.473013,0.3609999999980573,-0.13,0.02,1.16,-14.83,-33.26,63.54,1.167433081593973,73.23583890418679,"-0.13,0.02,1.16,-14.83,-33.26,63.54"
ziqian,normal_work,ziqian_normal_work_data.csv,1704,2026-07-27T13:55:07.529,70.473219,0.20600000000570162,-0.15,-0.13,1.09,13.37,-20.45,71.29,1.107925990308017,75.36062300697893,"-0.15,-0.13,1.09,13.37,-20.45,71.29"
ziqian,normal_work,ziqian_normal_work_data.csv,1705,2026-07-27T13:55:07.529,70.473406,0.1869999999968286,-0.06,-0.11,0.99,24.6,12.57,38.82,0.9978977903573091,47.64616773676557,"-0.06,-0.11,0.99,24.60,12.57,38.82"
ziqian,normal_work,ziqian_normal_work_data.csv,1706,2026-07-27T13:55:07.584,70.52848,55.07400000000473,0.03,-0.01,0.84,28.81,35.58,-3.91,0.8405950273467003,45.94823826873017,"0.03,-0.01,0.84,28.81,35.58,-3.91"
ziqian,normal_work,ziqian_normal_work_data.csv,1707,2026-07-27T13:55:07.705,70.64887,120.39000000000044,0.07,0.09,0.66,34.06,38.33,-19.29,0.6697760819856141,54.78482089046199,"0.07,0.09,0.66,34.06,38.33,-19.29"
ziqian,normal_work,ziqian_normal_work_data.csv,1708,2026-07-27T13:55:07.705,70.649186,0.31599999999798456,0.05,0.13,0.48,36.25,26.37,-1.83,0.499799959983992,44.86410926341902,"0.05,0.13,0.48,36.25,26.37,-1.83"
ziqian,normal_work,ziqian_normal_work_data.csv,1709,2026-07-27T13:55:07.705,70.649424,0.23799999999596366,-0.09,0.1,0.3,21.73,2.99,51.82,0.3287856444554719,56.271177346844276,"-0.09,0.10,0.30,21.73,2.99,51.82"
ziqian,normal_work,ziqian_normal_work_data.csv,1710,2026-07-27T13:55:08.068,71.011736,362.31200000000285,-0.25,0.04,0.25,-42.79,16.6,143.07,0.3558089374931439,150.25168551467235,"-0.25,0.04,0.25,-42.79,16.60,143.07"
ziqian,normal_work,ziqian_normal_work_data.csv,1711,2026-07-27T13:55:08.068,71.011912,0.1759999999961792,-0.15,0.04,0.45,-11.6,59.08,68.48,0.4760252094164762,91.18397227583365,"-0.15,0.04,0.45,-11.60,59.08,68.48"
ziqian,normal_work,ziqian_normal_work_data.csv,1712,2026-07-27T13:55:08.069,71.012764,0.8520000000089567,-0.15,0.04,0.45,54.02,83.62,-63.72,0.4760252094164762,118.19772925060786,"-0.15,0.04,0.45,54.02,83.62,-63.72"
ziqian,normal_work,ziqian_normal_work_data.csv,1713,2026-07-27T13:55:08.069,71.012978,0.21399999999971442,-0.05,0.07,0.62,101.56,73.79,-178.34,0.625939294181153,218.09299232208264,"-0.05,0.07,0.62,101.56,73.79,-178.34"
ziqian,normal_work,ziqian_normal_work_data.csv,1714,2026-07-27T13:55:08.069,71.013093,0.11499999999387,-0.01,0.14,0.72,110.9,35.03,-211.79,0.7335529974037323,241.62142909932473,"-0.01,0.14,0.72,110.90,35.03,-211.79"
ziqian,normal_work,ziqian_normal_work_data.csv,1715,2026-07-27T13:55:08.069,71.013226,0.1330000000052678,-0.08,0.19,0.83,91.19,-8.97,-148.25,0.855219270129012,174.281781893576,"-0.08,0.19,0.83,91.19,-8.97,-148.25"
ziqian,normal_work,ziqian_normal_work_data.csv,1716,2026-07-27T13:55:08.069,71.013346,0.11999999999545707,-0.25,0.15,0.96,54.63,-31.98,-40.16,1.0032945728947207,74.96654520517802,"-0.25,0.15,0.96,54.63,-31.98,-40.16"
ziqian,normal_work,ziqian_normal_work_data.csv,1717,2026-07-27T13:55:08.069,71.013484,0.13800000000685486,-0.41,0.05,1.03,14.89,-28.32,27.95,1.1097296968181036,42.484550132960095,"-0.41,0.05,1.03,14.89,-28.32,27.95"
ziqian,normal_work,ziqian_normal_work_data.csv,1718,2026-07-27T13:55:08.425,71.36889,355.4059999999879,-0.47,-0.03,1.03,-6.77,-11.23,17.15,1.1325634640054392,21.588615055162755,"-0.47,-0.03,1.03,-6.77,-11.23,17.15"
ziqian,normal_work,ziqian_normal_work_data.csv,1719,2026-07-27T13:55:08.426,71.369616,0.7260000000002265,-0.35,0.04,0.97,6.77,7.93,-85.27,1.0319883720275147,85.90512615670849,"-0.35,0.04,0.97,6.77,7.93,-85.27"
ziqian,normal_work,ziqian_normal_work_data.csv,1720,2026-07-27T13:55:08.426,71.369866,0.25000000000829914,-0.26,0.09,0.93,10.68,2.44,-98.57,0.9698453484963466,99.17691717330197,"-0.26,0.09,0.93,10.68,2.44,-98.57"
ziqian,normal_work,ziqian_normal_work_data.csv,1721,2026-07-27T13:55:08.426,71.369955,0.08900000000267028,-0.24,0.11,0.9,10.68,2.44,-98.57,0.9379232377972091,99.17691717330197,"-0.24,0.11,0.90,10.68,2.44,-98.57"
ziqian,normal_work,ziqian_normal_work_data.csv,1722,2026-07-27T13:55:08.426,71.370065,0.10999999999228294,-0.29,0.13,0.89,8.91,-5.13,-91.86,0.9450396817065408,92.43356857765473,"-0.29,0.13,0.89,8.91,-5.13,-91.86"
ziqian,normal_work,ziqian_normal_work_data.csv,1723,2026-07-27T13:55:08.427,71.371287,1.221999999998502,-0.35,0.15,0.93,10.31,-5.25,-88.44,1.004937809021036,89.19356591144901,"-0.35,0.15,0.93,10.31,-5.25,-88.44"
ziqian,normal_work,ziqian_normal_work_data.csv,1724,2026-07-27T13:55:08.427,71.371471,0.18400000000440286,-0.36,0.18,0.99,20.87,3.54,-98.33,1.0686907878334124,100.58268936551657,"-0.36,0.18,0.99,20.87,3.54,-98.33"
ziqian,normal_work,ziqian_normal_work_data.csv,1725,2026-07-27T13:55:08.428,71.372174,0.7030000000014525,-0.31,0.19,1.03,35.22,12.51,-110.9,1.092291169972549,117.02887891456537,"-0.31,0.19,1.03,35.22,12.51,-110.90"
ziqian,normal_work,ziqian_normal_work_data.csv,1726,2026-07-27T13:55:08.485,71.428844,56.66999999999689,-0.25,0.18,1.05,42.91,12.27,-109.56,1.0942577392917996,118.30137192780141,"-0.25,0.18,1.05,42.91,12.27,-109.56"
ziqian,normal_work,ziqian_normal_work_data.csv,1727,2026-07-27T13:55:08.605,71.549078,120.2339999999964,-0.23,0.18,1.05,41.26,1.04,-88.68,1.0898623766329398,97.81416870781044,"-0.23,0.18,1.05,41.26,1.04,-88.68"
ziqian,normal_work,ziqian_normal_work_data.csv,1728,2026-07-27T13:55:08.605,71.549328,0.25000000000829914,-0.25,0.16,1.03,37.41,-16.42,-58.53,1.0719141756689292,71.37846594036608,"-0.25,0.16,1.03,37.41,-16.42,-58.53"
ziqian,normal_work,ziqian_normal_work_data.csv,1729,2026-07-27T13:55:08.606,71.549678,0.34999999999740794,-0.3,0.11,1.02,38.45,-33.39,-34.48,1.0688779163215976,61.49930893920679,"-0.30,0.11,1.02,38.45,-33.39,-34.48"
ziqian,normal_work,ziqian_normal_work_data.csv,1730,2026-07-27T13:55:08.665,71.609438,59.75999999999715,-0.34,0.07,1.0,42.24,-44.19,-23.13,1.058536725862641,65.36031364673826,"-0.34,0.07,1.00,42.24,-44.19,-23.13"
ziqian,normal_work,ziqian_normal_work_data.csv,1731,2026-07-27T13:55:08.666,71.609589,0.15100000000245473,-0.36,0.06,0.97,42.72,-46.08,-21.61,1.0363879582472966,66.44815196828276,"-0.36,0.06,0.97,42.72,-46.08,-21.61"
ziqian,normal_work,ziqian_normal_work_data.csv,1732,2026-07-27T13:55:08.967,71.910954,301.3650000000041,-0.36,0.07,0.95,40.16,-38.82,-26.25,1.0183319694480772,61.71612836204164,"-0.36,0.07,0.95,40.16,-38.82,-26.25"
ziqian,normal_work,ziqian_normal_work_data.csv,1733,2026-07-27T13:55:08.967,71.911089,0.13500000000021828,-0.34,0.09,0.95,39.55,-26.31,-35.71,1.013015300970326,59.427457458652896,"-0.34,0.09,0.95,39.55,-26.31,-35.71"
ziqian,normal_work,ziqian_normal_work_data.csv,1734,2026-07-27T13:55:08.967,71.911162,0.07300000000043383,-0.3,0.1,0.97,42.6,-15.93,-44.43,1.0202450685987166,63.58104906338051,"-0.30,0.10,0.97,42.60,-15.93,-44.43"
ziqian,normal_work,ziqian_normal_work_data.csv,1735,2026-07-27T13:55:08.967,71.911246,0.08400000000108321,-0.27,0.09,0.98,45.04,-12.94,-43.64,1.0204900783447137,64.03510599663282,"-0.27,0.09,0.98,45.04,-12.94,-43.64"
ziqian,normal_work,ziqian_normal_work_data.csv,1736,2026-07-27T13:55:08.967,71.911332,0.0859999999960337,-0.26,0.07,0.98,42.36,-17.58,-30.94,1.016316879718132,55.32368028249748,"-0.26,0.07,0.98,42.36,-17.58,-30.94"
ziqian,normal_work,ziqian_normal_work_data.csv,1737,2026-07-27T13:55:08.967,71.91143,0.09799999999415832,-0.28,0.05,0.96,33.26,-25.7,-11.96,1.0012492197250393,43.70079175484124,"-0.28,0.05,0.96,33.26,-25.70,-11.96"
ziqian,normal_work,ziqian_normal_work_data.csv,1738,2026-07-27T13:55:08.967,71.911556,0.12600000000873024,-0.31,0.05,0.94,21.18,-31.86,4.21,0.9910600385445879,38.48864897602928,"-0.31,0.05,0.94,21.18,-31.86,4.21"
ziqian,normal_work,ziqian_normal_work_data.csv,1739,2026-07-27T13:55:09.025,71.968705,57.14899999999545,-0.35,0.08,0.93,10.99,-32.9,12.08,0.9968951800465283,36.73032126186756,"-0.35,0.08,0.93,10.99,-32.90,12.08"
ziqian,normal_work,ziqian_normal_work_data.csv,1740,2026-07-27T13:55:09.025,71.968826,0.12100000000714317,-0.38,0.14,0.94,4.94,-28.63,14.16,1.0235233265539188,32.32005724004832,"-0.38,0.14,0.94,4.94,-28.63,14.16"
ziqian,normal_work,ziqian_normal_work_data.csv,1741,2026-07-27T13:55:09.084,72.02845,59.623999999999455,-0.38,0.2,0.93,1.59,-20.14,18.31,1.02435345462394,27.26543232739947,"-0.38,0.20,0.93,1.59,-20.14,18.31"
ziqian,normal_work,ziqian_normal_work_data.csv,1742,2026-07-27T13:55:09.147,72.091107,62.656999999987306,-0.37,0.24,0.9,-1.53,-6.96,30.03,1.0022474744293448,30.863949844438253,"-0.37,0.24,0.90,-1.53,-6.96,30.03"
ziqian,normal_work,ziqian_normal_work_data.csv,1743,2026-07-27T13:55:09.147,72.091138,0.031000000006997652,-0.36,0.29,0.83,-5.8,8.79,39.12,0.9500526301210896,40.512695541027625,"-0.36,0.29,0.83,-5.80,8.79,39.12"
ziqian,normal_work,ziqian_normal_work_data.csv,1744,2026-07-27T13:55:09.204,72.148466,57.32799999999827,-0.35,0.37,0.78,-5.98,23.13,29.42,0.9315578350268973,37.898465668150735,"-0.35,0.37,0.78,-5.98,23.13,29.42"
ziqian,normal_work,ziqian_normal_work_data.csv,1745,2026-07-27T13:55:09.567,72.510976,362.51000000000033,-0.34,0.43,0.79,4.76,35.52,4.03,0.9615612304996495,36.06340111525812,"-0.34,0.43,0.79,4.76,35.52,4.03"
ziqian,normal_work,ziqian_normal_work_data.csv,1746,2026-07-27T13:55:09.567,72.51144,0.4639999999938027,-0.33,0.45,0.84,19.1,46.75,-16.17,1.0084641788382966,53.026798885092056,"-0.33,0.45,0.84,19.10,46.75,-16.17"
ziqian,normal_work,ziqian_normal_work_data.csv,1747,2026-07-27T13:55:09.568,72.511631,0.19100000000094042,-0.31,0.44,0.9,21.06,55.91,-20.75,1.048665819029113,63.24566546412489,"-0.31,0.44,0.90,21.06,55.91,-20.75"
ziqian,normal_work,ziqian_normal_work_data.csv,1748,2026-07-27T13:55:09.568,72.511902,0.27100000001212265,-0.28,0.44,0.91,8.73,58.41,-18.92,1.0488565202161828,62.015380350361475,"-0.28,0.44,0.91,8.73,58.41,-18.92"
ziqian,normal_work,ziqian_normal_work_data.csv,1749,2026-07-27T13:55:09.568,72.511989,0.08699999999350894,-0.26,0.42,0.88,-3.91,51.7,-13.73,1.009158064923429,53.634792812128964,"-0.26,0.42,0.88,-3.91,51.70,-13.73"
ziqian,normal_work,ziqian_normal_work_data.csv,1750,2026-07-27T13:55:09.568,72.512045,0.05600000000072214,-0.27,0.37,0.86,-9.22,38.88,-1.95,0.9743715923609432,40.00581582720193,"-0.27,0.37,0.86,-9.22,38.88,-1.95"
ziqian,normal_work,ziqian_normal_work_data.csv,1751,2026-07-27T13:55:09.568,72.512093,0.04799999999249849,-0.3,0.31,0.86,-11.11,25.63,12.45,0.9621330469326994,30.58318982709292,"-0.30,0.31,0.86,-11.11,25.63,12.45"
ziqian,normal_work,ziqian_normal_work_data.csv,1752,2026-07-27T13:55:09.568,72.512333,0.240000000005125,-0.32,0.28,0.86,-14.16,16.3,20.94,0.9593747964169165,30.077885563982054,"-0.32,0.28,0.86,-14.16,16.30,20.94"
ziqian,normal_work,ziqian_normal_work_data.csv,1753,2026-07-27T13:55:09.568,72.512525,0.19199999999841566,-0.33,0.29,0.85,-17.33,11.72,18.74,0.9568176419778223,28.086916883132613,"-0.33,0.29,0.85,-17.33,11.72,18.74"
ziqian,normal_work,ziqian_normal_work_data.csv,1754,2026-07-27T13:55:09.570,72.51446,1.9350000000031287,-0.33,0.31,0.85,-16.11,10.25,7.02,0.9630680142129111,20.343918010058925,"-0.33,0.31,0.85,-16.11,10.25,7.02"
ziqian,normal_work,ziqian_normal_work_data.csv,1755,2026-07-27T13:55:09.686,72.630147,115.6869999999941,-0.31,0.33,0.86,-10.93,9.16,-8.24,0.9719053451854249,16.47021857778457,"-0.31,0.33,0.86,-10.93,9.16,-8.24"
ziqian,normal_work,ziqian_normal_work_data.csv,1756,2026-07-27T13:55:09.686,72.630356,0.2090000000123382,-0.3,0.36,0.87,-6.77,5.74,-18.74,0.9881801455200363,20.735672161760274,"-0.30,0.36,0.87,-6.77,5.74,-18.74"
ziqian,normal_work,ziqian_normal_work_data.csv,1757,2026-07-27T13:55:09.746,72.689833,59.4769999999869,-0.3,0.37,0.88,-4.82,-0.79,-18.43,1.000649788887201,19.066237174649853,"-0.30,0.37,0.88,-4.82,-0.79,-18.43"
ziqian,normal_work,ziqian_normal_work_data.csv,1758,2026-07-27T13:55:09.746,72.689969,0.13600000001190438,-0.32,0.36,0.89,-3.97,-9.03,-7.32,1.0119782606360672,12.283492988559892,"-0.32,0.36,0.89,-3.97,-9.03,-7.32"
ziqian,normal_work,ziqian_normal_work_data.csv,1759,2026-07-27T13:55:09.984,72.92848,238.51099999998837,-0.35,0.32,0.89,-4.46,-16.17,8.24,1.0084641788382966,18.6884483036982,"-0.35,0.32,0.89,-4.46,-16.17,8.24"
ziqian,normal_work,ziqian_normal_work_data.csv,1760,2026-07-27T13:55:09.985,72.928682,0.2020000000015898,-0.38,0.29,0.89,-5.74,-19.71,18.55,1.010247494428964,27.668288707471593,"-0.38,0.29,0.89,-5.74,-19.71,18.55"
ziqian,normal_work,ziqian_normal_work_data.csv,1761,2026-07-27T13:55:09.985,72.929323,0.641000000001668,-0.38,0.27,0.88,-6.35,-19.17,18.13,0.9958413528268446,27.138686408888695,"-0.38,0.27,0.88,-6.35,-19.17,18.13"
ziqian,normal_work,ziqian_normal_work_data.csv,1762,2026-07-27T13:55:09.986,72.929721,0.3980000000041173,-0.36,0.26,0.88,-5.86,-16.17,9.83,0.9856977224281286,19.810032811684085,"-0.36,0.26,0.88,-5.86,-16.17,9.83"
ziqian,normal_work,ziqian_normal_work_data.csv,1763,2026-07-27T13:55:09.986,72.930407,0.6860000000017408,-0.33,0.26,0.88,-6.23,-13.37,0.85,0.9751410154434075,14.774718271425686,"-0.33,0.26,0.88,-6.23,-13.37,0.85"
ziqian,normal_work,ziqian_normal_work_data.csv,1764,2026-07-27T13:55:09.987,72.930864,0.45699999999726515,-0.32,0.27,0.89,-8.85,-11.35,-3.11,0.9835649444749441,14.724710523470401,"-0.32,0.27,0.89,-8.85,-11.35,-3.11"
ziqian,normal_work,ziqian_normal_work_data.csv,1765,2026-07-27T13:55:10.225,73.168855,237.99099999999385,-0.31,0.27,0.9,-11.17,-9.22,-2.62,0.989444288477123,14.718753343948665,"-0.31,0.27,0.90,-11.17,-9.22,-2.62"
ziqian,normal_work,ziqian_normal_work_data.csv,1766,2026-07-27T13:55:10.225,73.168993,0.13800000000685486,-0.32,0.28,0.91,-10.56,-7.69,-2.99,1.0044401425669924,13.401111894167588,"-0.32,0.28,0.91,-10.56,-7.69,-2.99"
ziqian,normal_work,ziqian_normal_work_data.csv,1767,2026-07-27T13:55:10.406,73.350034,181.04099999999335,-0.33,0.28,0.91,-8.24,-7.93,-5.55,1.007670581092849,12.711608867488017,"-0.33,0.28,0.91,-8.24,-7.93,-5.55"
ziqian,normal_work,ziqian_normal_work_data.csv,1768,2026-07-27T13:55:10.406,73.350066,0.032000000004472895,-0.33,0.28,0.9,-6.59,-8.73,-7.57,0.9986490875177326,13.302101337758632,"-0.33,0.28,0.90,-6.59,-8.73,-7.57"
ziqian,normal_work,ziqian_normal_work_data.csv,1769,2026-07-27T13:55:10.406,73.350185,0.11899999999798183,-0.32,0.29,0.88,-6.35,-8.79,-8.3,0.9802550688468793,13.655643522002176,"-0.32,0.29,0.88,-6.35,-8.79,-8.30"
ziqian,normal_work,ziqian_normal_work_data.csv,1770,2026-07-27T13:55:10.406,73.350338,0.1529999999974052,-0.31,0.28,0.88,-6.53,-7.93,-7.45,0.9741149829460586,12.68969266767324,"-0.31,0.28,0.88,-6.53,-7.93,-7.45"
ziqian,normal_work,ziqian_normal_work_data.csv,1771,2026-07-27T13:55:10.406,73.350432,0.09400000000425734,-0.3,0.27,0.89,-6.23,-6.65,-4.7,0.9772410142846032,10.253067833580348,"-0.30,0.27,0.89,-6.23,-6.65,-4.70"
ziqian,normal_work,ziqian_normal_work_data.csv,1772,2026-07-27T13:55:10.406,73.350545,0.11299999999891952,-0.3,0.25,0.92,-5.37,-5.43,-2.32,0.9994498486667552,7.981491088762801,"-0.30,0.25,0.92,-5.37,-5.43,-2.32"
ziqian,normal_work,ziqian_normal_work_data.csv,1773,2026-07-27T13:55:10.407,73.351162,0.6170000000054188,-0.3,0.24,0.95,-4.09,-4.46,-1.28,1.0247438704378768,6.185313249949431,"-0.30,0.24,0.95,-4.09,-4.46,-1.28"
ziqian,normal_work,ziqian_normal_work_data.csv,1774,2026-07-27T13:55:10.408,73.35251,1.3479999999930214,-0.29,0.23,0.98,-3.17,-4.27,0.49,1.0475686135046238,5.340589855062828,"-0.29,0.23,0.98,-3.17,-4.27,0.49"
ziqian,normal_work,ziqian_normal_work_data.csv,1775,2026-07-27T13:55:10.465,73.409107,56.59700000001067,-0.3,0.22,0.99,-4.88,-5.25,5.31,1.0575916035975323,8.920369947485362,"-0.30,0.22,0.99,-4.88,-5.25,5.31"
ziqian,normal_work,ziqian_normal_work_data.csv,1776,2026-07-27T13:55:10.465,73.409262,0.1549999999923557,-0.3,0.22,0.97,-8.54,-6.9,11.11,1.0388936422945325,15.619657486641632,"-0.30,0.22,0.97,-8.54,-6.90,11.11"
ziqian,normal_work,ziqian_normal_work_data.csv,1777,2026-07-27T13:55:10.586,73.530558,121.29600000000096,-0.33,0.21,0.93,-11.23,-10.56,12.15,1.0089103032480142,19.627760952283886,"-0.33,0.21,0.93,-11.23,-10.56,12.15"
ziqian,normal_work,ziqian_normal_work_data.csv,1778,2026-07-27T13:55:10.587,73.530678,0.11999999999545707,-0.35,0.18,0.92,-10.5,-12.15,5.49,1.000649788887201,16.970933975477013,"-0.35,0.18,0.92,-10.50,-12.15,5.49"
ziqian,normal_work,ziqian_normal_work_data.csv,1779,2026-07-27T13:55:10.644,73.588477,57.79900000000282,-0.35,0.18,0.92,-7.45,-14.34,-11.78,1.000649788887201,19.997662363386375,"-0.35,0.18,0.92,-7.45,-14.34,-11.78"
ziqian,normal_work,ziqian_normal_work_data.csv,1780,2026-07-27T13:55:10.765,73.708803,120.3260000000057,-0.37,0.13,0.91,-2.08,-18.19,-38.57,0.9909086738948246,42.694817015651914,"-0.37,0.13,0.91,-2.08,-18.19,-38.57"
ziqian,normal_work,ziqian_normal_work_data.csv,1781,2026-07-27T13:55:10.765,73.709423,0.6199999999978445,-0.39,0.1,0.89,0.55,-19.59,-58.84,0.9768316129200569,62.01787000534604,"-0.39,0.10,0.89,0.55,-19.59,-58.84"
ziqian,normal_work,ziqian_normal_work_data.csv,1782,2026-07-27T13:55:10.766,73.709831,0.40799999999308056,-0.4,0.07,0.88,-5.25,-14.95,-62.19,0.9691749068150702,64.1767956507646,"-0.40,0.07,0.88,-5.25,-14.95,-62.19"
ziqian,normal_work,ziqian_normal_work_data.csv,1783,2026-07-27T13:55:10.886,73.830335,120.50400000001105,-0.38,0.05,0.9,-18.01,-7.2,-51.03,0.9782126558167197,54.59176677851707,"-0.38,0.05,0.90,-18.01,-7.20,-51.03"
ziqian,normal_work,ziqian_normal_work_data.csv,1784,2026-07-27T13:55:10.886,73.830511,0.1759999999961792,-0.33,0.02,0.96,-48.03,4.15,-11.11,1.015332457867865,49.472573209809894,"-0.33,0.02,0.96,-48.03,4.15,-11.11"
ziqian,normal_work,ziqian_normal_work_data.csv,1785,2026-07-27T13:55:11.127,74.070931,240.4200000000003,-0.33,-0.0,0.98,-59.75,6.59,3.3,1.0340696301506973,60.20282883719003,"-0.33,-0.00,0.98,-59.75,6.59,3.30"
ziqian,normal_work,ziqian_normal_work_data.csv,1786,2026-07-27T13:55:11.127,74.071363,0.43200000000354066,-0.32,-0.02,0.99,-59.75,6.59,3.3,1.0406248123122954,60.20282883719003,"-0.32,-0.02,0.99,-59.75,6.59,3.30"
ziqian,normal_work,ziqian_normal_work_data.csv,1787,2026-07-27T13:55:11.127,74.071388,0.024999999993724487,-0.28,-0.05,0.99,-60.55,5.13,13.61,1.030048542545447,62.272397577096704,"-0.28,-0.05,0.99,-60.55,5.13,13.61"
ziqian,normal_work,ziqian_normal_work_data.csv,1788,2026-07-27T13:55:11.127,74.071515,0.12700000000620548,-0.26,-0.08,0.98,-53.65,-1.28,29.36,1.0170545708072896,61.171647844405825,"-0.26,-0.08,0.98,-53.65,-1.28,29.36"
ziqian,normal_work,ziqian_normal_work_data.csv,1789,2026-07-27T13:55:11.128,74.071698,0.18299999999271677,-0.25,-0.12,0.96,-47.18,-10.44,44.74,0.9992497185388645,65.85296956098487,"-0.25,-0.12,0.96,-47.18,-10.44,44.74"
ziqian,normal_work,ziqian_normal_work_data.csv,1790,2026-07-27T13:55:11.128,74.071815,0.11700000000303135,-0.21,-0.15,0.98,-44.37,-17.64,48.4,1.0134100848126586,67.9884291626156,"-0.21,-0.15,0.98,-44.37,-17.64,48.40"
ziqian,normal_work,ziqian_normal_work_data.csv,1791,2026-07-27T13:55:11.189,74.132873,61.05800000000272,-0.13,-0.16,1.02,-45.53,-23.32,42.72,1.0406248123122954,66.64684313604059,"-0.13,-0.16,1.02,-45.53,-23.32,42.72"
ziqian,normal_work,ziqian_normal_work_data.csv,1792,2026-07-27T13:55:11.189,74.133147,0.27399999999033753,-0.08,-0.17,1.04,-47.97,-31.01,40.41,1.0568348972285124,69.96934400149826,"-0.08,-0.17,1.04,-47.97,-31.01,40.41"
ziqian,normal_work,ziqian_normal_work_data.csv,1793,2026-07-27T13:55:11.724,74.668266,535.1190000000088,-0.06,-0.2,1.05,-46.87,-41.99,43.27,1.0705606008068858,76.3691685171444,"-0.06,-0.20,1.05,-46.87,-41.99,43.27"
ziqian,normal_work,ziqian_normal_work_data.csv,1794,2026-07-27T13:55:11.724,74.668363,0.09699999999668307,-0.05,-0.21,1.04,-44.37,-55.18,44.49,1.0621675950620977,83.62349789383364,"-0.05,-0.21,1.04,-44.37,-55.18,44.49"
ziqian,normal_work,ziqian_normal_work_data.csv,1795,2026-07-27T13:55:11.725,74.668851,0.4880000000042628,-0.08,-0.2,0.99,-39.67,-63.6,49.74,1.01316336293808,89.95963817179347,"-0.08,-0.20,0.99,-39.67,-63.60,49.74"
ziqian,normal_work,ziqian_normal_work_data.csv,1796,2026-07-27T13:55:11.725,74.669316,0.46499999999127795,-0.11,-0.2,0.97,-22.28,-59.51,54.63,0.9964938534682489,83.79901789400637,"-0.11,-0.20,0.97,-22.28,-59.51,54.63"
ziqian,normal_work,ziqian_normal_work_data.csv,1797,2026-07-27T13:55:11.726,74.67004,0.724000000005276,-0.08,-0.2,0.97,0.06,-49.68,45.53,0.9936297097007516,67.38758713591102,"-0.08,-0.20,0.97,0.06,-49.68,45.53"
ziqian,normal_work,ziqian_normal_work_data.csv,1798,2026-07-27T13:55:11.726,74.67047,0.4299999999943793,0.0,-0.2,0.97,6.84,-47.06,30.09,0.9904039579888602,56.27465948364326,"0.00,-0.20,0.97,6.84,-47.06,30.09"
ziqian,normal_work,ziqian_normal_work_data.csv,1799,2026-07-27T13:55:11.727,74.670942,0.47200000000202635,0.12,-0.2,1.01,-5.49,-52.55,25.88,1.0365809182114052,58.833808307808866,"0.12,-0.20,1.01,-5.49,-52.55,25.88"
ziqian,normal_work,ziqian_normal_work_data.csv,1800,2026-07-27T13:55:11.728,74.671689,0.74700000000405,0.13,-0.23,1.04,-26.06,-59.81,41.56,1.0730330842988953,77.35368963404396,"0.13,-0.23,1.04,-26.06,-59.81,41.56"
ziqian,normal_work,ziqian_normal_work_data.csv,1801,2026-07-27T13:55:11.728,74.672058,0.36900000000628097,-0.03,-0.27,0.93,-21.48,-48.71,36.01,0.9688653157173086,64.27110237112788,"-0.03,-0.27,0.93,-21.48,-48.71,36.01"
ziqian,normal_work,ziqian_normal_work_data.csv,1802,2026-07-27T13:55:11.729,74.673033,0.9749999999968395,-0.14,-0.27,0.83,16.78,-12.39,-24.11,0.8839683252243826,31.88059911607685,"-0.14,-0.27,0.83,16.78,-12.39,-24.11"
ziqian,normal_work,ziqian_normal_work_data.csv,1803,2026-07-27T13:55:11.966,74.910327,237.29399999999146,-0.09,-0.23,0.84,32.78,13.79,-51.64,0.8755569655939013,62.700734445459254,"-0.09,-0.23,0.84,32.78,13.79,-51.64"
ziqian,normal_work,ziqian_normal_work_data.csv,1804,2026-07-27T13:55:11.967,74.911044,0.7170000000087384,0.04,-0.22,0.91,11.11,2.99,4.21,0.9370699013414101,12.251379514160844,"0.04,-0.22,0.91,11.11,2.99,4.21"
ziqian,normal_work,ziqian_normal_work_data.csv,1805,2026-07-27T13:55:11.967,74.911067,0.022999999998774,0.26,-0.2,1.03,0.12,-31.19,85.45,1.0809717850156866,90.9644600929396,"0.26,-0.20,1.03,0.12,-31.19,85.45"
ziqian,normal_work,ziqian_normal_work_data.csv,1806,2026-07-27T13:55:11.967,74.911078,0.01100000000064938,0.33,-0.18,1.11,13.31,-69.21,166.44,1.1719214990774767,180.74693303068796,"0.33,-0.18,1.11,13.31,-69.21,166.44"
ziqian,normal_work,ziqian_normal_work_data.csv,1807,2026-07-27T13:55:11.967,74.911087,0.008999999991488039,0.1,-0.15,1.04,34.48,-92.35,193.42,1.0555093557141026,217.09143073829512,"0.10,-0.15,1.04,34.48,-92.35,193.42"
ziqian,normal_work,ziqian_normal_work_data.csv,1808,2026-07-27T13:55:11.967,74.911264,0.1770000000078653,-0.02,-0.08,0.93,59.45,-85.21,133.48,0.933648756224738,169.15069317032075,"-0.02,-0.08,0.93,59.45,-85.21,133.48"
ziqian,normal_work,ziqian_normal_work_data.csv,1809,2026-07-27T13:55:11.967,74.911282,0.017999999997186933,0.02,-0.02,0.97,89.72,-72.63,92.83,0.9704122835166504,148.1290120131772,"0.02,-0.02,0.97,89.72,-72.63,92.83"
ziqian,normal_work,ziqian_normal_work_data.csv,1810,2026-07-27T13:55:11.970,74.914134,2.8520000000042955,0.09,0.01,1.05,111.15,-74.1,97.35,1.053897528225586,165.29414690181864,"0.09,0.01,1.05,111.15,-74.10,97.35"
ziqian,normal_work,ziqian_normal_work_data.csv,1811,2026-07-27T13:55:11.970,74.914428,0.2939999999966858,0.23,0.03,1.02,120.48,-72.2,84.66,1.0460401521930218,163.99873780002088,"0.23,0.03,1.02,120.48,-72.20,84.66"
ziqian,normal_work,ziqian_normal_work_data.csv,1812,2026-07-27T13:55:12.025,74.968783,54.35500000000104,0.38,0.1,0.97,159.67,-66.22,82.82,1.0465658125507444,191.6735498184348,"0.38,0.10,0.97,159.67,-66.22,82.82"
ziqian,normal_work,ziqian_normal_work_data.csv,1813,2026-07-27T13:55:12.025,74.969049,0.26599999999632473,0.45,0.21,0.92,229.37,-61.16,121.89,1.0454664030948102,266.84886096815177,"0.45,0.21,0.92,229.37,-61.16,121.89"
ziqian,normal_work,ziqian_normal_work_data.csv,1814,2026-07-27T13:55:12.566,75.510031,540.9819999999996,0.41,0.29,0.81,275.39,-34.91,168.09,0.9530477427705288,324.5190415060417,"0.41,0.29,0.81,275.39,-34.91,168.09"
ziqian,normal_work,ziqian_normal_work_data.csv,1815,2026-07-27T13:55:12.566,75.510093,0.06199999999978445,0.32,0.38,0.67,253.3,30.33,158.69,0.8340863264674707,300.4385378076521,"0.32,0.38,0.67,253.30,30.33,158.69"
ziqian,normal_work,ziqian_normal_work_data.csv,1816,2026-07-27T13:55:12.566,75.510436,0.3430000000008704,0.28,0.53,0.59,172.73,73.79,61.89,0.8410707461325712,197.76498451444837,"0.28,0.53,0.59,172.73,73.79,61.89"
ziqian,normal_work,ziqian_normal_work_data.csv,1817,2026-07-27T13:55:12.567,75.510609,0.17300000000375348,0.3,0.64,0.62,49.5,42.85,-66.47,0.9402127418834527,93.29862485588949,"0.30,0.64,0.62,49.50,42.85,-66.47"
ziqian,normal_work,ziqian_normal_work_data.csv,1818,2026-07-27T13:55:12.567,75.510814,0.20499999999401552,0.36,0.64,0.73,-88.26,-11.47,-145.39,1.0354226190305096,170.46888455081765,"0.36,0.64,0.73,-88.26,-11.47,-145.39"
ziqian,normal_work,ziqian_normal_work_data.csv,1819,2026-07-27T13:55:12.567,75.511269,0.45500000000231466,0.37,0.59,0.88,-152.28,-34.91,-155.46,1.1222299229658776,220.39899750225726,"0.37,0.59,0.88,-152.28,-34.91,-155.46"
ziqian,normal_work,ziqian_normal_work_data.csv,1820,2026-07-27T13:55:12.568,75.511682,0.41299999999466763,0.33,0.56,0.95,-131.16,-34.85,-129.88,1.1510864433221337,187.84643329060043,"0.33,0.56,0.95,-131.16,-34.85,-129.88"
ziqian,normal_work,ziqian_normal_work_data.csv,1821,2026-07-27T13:55:12.569,75.512644,0.9620000000012396,0.3,0.53,0.9,-90.45,-37.9,-98.33,1.0866922287382017,138.87548883802353,"0.30,0.53,0.90,-90.45,-37.90,-98.33"
ziqian,normal_work,ziqian_normal_work_data.csv,1822,2026-07-27T13:55:12.569,75.5128,0.1560000000040418,0.29,0.46,0.86,-55.97,-41.44,-72.39,1.0174969287422935,100.45011996010756,"0.29,0.46,0.86,-55.97,-41.44,-72.39"
ziqian,normal_work,ziqian_normal_work_data.csv,1823,2026-07-27T13:55:12.569,75.513352,0.5519999999989977,0.3,0.38,0.87,-32.84,-38.33,-62.87,0.9956404973684025,80.62438464881453,"0.30,0.38,0.87,-32.84,-38.33,-62.87"
ziqian,normal_work,ziqian_normal_work_data.csv,1824,2026-07-27T13:55:12.570,75.513778,0.42600000000447835,0.31,0.37,0.88,-36.01,-40.77,-75.26,1.0036931802099684,92.86000538444955,"0.31,0.37,0.88,-36.01,-40.77,-75.26"
ziqian,normal_work,ziqian_normal_work_data.csv,1825,2026-07-27T13:55:12.624,75.568357,54.57900000000393,0.26,0.4,0.86,-63.96,-42.72,-93.2,0.9834632682515397,120.83923203992981,"0.26,0.40,0.86,-63.96,-42.72,-93.20"
ziqian,normal_work,ziqian_normal_work_data.csv,1826,2026-07-27T13:55:12.624,75.568555,0.19799999999747797,0.24,0.45,0.82,-108.46,-23.13,-91.0,0.9656603957913983,143.45580678383152,"0.24,0.45,0.82,-108.46,-23.13,-91.00"
ziqian,normal_work,ziqian_normal_work_data.csv,1827,2026-07-27T13:55:12.625,75.569086,0.5309999999951742,0.27,0.39,0.86,-137.15,5.98,-40.16,0.9821405194777374,143.03394177606936,"0.27,0.39,0.86,-137.15,5.98,-40.16"
ziqian,normal_work,ziqian_normal_work_data.csv,1828,2026-07-27T13:55:12.626,75.569612,0.526000000007798,0.29,0.23,1.0,-108.76,17.09,58.72,1.066302021005306,124.77517421346283,"0.29,0.23,1.00,-108.76,17.09,58.72"
ziqian,normal_work,ziqian_normal_work_data.csv,1829,2026-07-27T13:55:12.867,75.811301,241.68899999999383,0.34,0.17,1.12,-41.99,3.97,160.83,1.182751030437091,166.26848739313172,"0.34,0.17,1.12,-41.99,3.97,160.83"
ziqian,normal_work,ziqian_normal_work_data.csv,1830,2026-07-27T13:55:12.867,75.811419,0.11800000000050659,0.31,0.14,1.14,18.13,-14.04,239.07,1.189663818059539,240.1671988428062,"0.31,0.14,1.14,18.13,-14.04,239.07"
ziqian,normal_work,ziqian_normal_work_data.csv,1831,2026-07-27T13:55:12.867,75.81147,0.05099999999913507,0.15,0.02,1.05,52.06,-10.93,280.4,1.060848716830067,285.4012412376652,"0.15,0.02,1.05,52.06,-10.93,280.40"
ziqian,normal_work,ziqian_normal_work_data.csv,1832,2026-07-27T13:55:12.867,75.811519,0.049000000004184585,0.11,-0.04,0.91,67.75,1.95,231.69,0.9174965939991276,241.40033367831123,"0.11,-0.04,0.91,67.75,1.95,231.69"
ziqian,normal_work,ziqian_normal_work_data.csv,1833,2026-07-27T13:55:12.867,75.811561,0.04199999999343618,0.27,0.01,0.83,89.42,1.65,106.87,0.8728688332160796,139.35514271098862,"0.27,0.01,0.83,89.42,1.65,106.87"
ziqian,normal_work,ziqian_normal_work_data.csv,1834,2026-07-27T13:55:12.868,75.811731,0.1699999999971169,0.38,0.07,0.86,122.8,7.39,16.11,0.942814934120159,124.07249574341608,"0.38,0.07,0.86,122.80,7.39,16.11"
ziqian,normal_work,ziqian_normal_work_data.csv,1835,2026-07-27T13:55:12.989,75.933192,121.4610000000107,0.38,0.27,0.93,158.08,28.38,13.31,1.0402884215447177,161.1578943148613,"0.38,0.27,0.93,158.08,28.38,13.31"
ziqian,normal_work,ziqian_normal_work_data.csv,1836,2026-07-27T13:55:12.989,75.933382,0.18999999998925432,0.25,0.46,0.93,163.33,45.04,65.49,1.067239429556461,181.6431408008571,"0.25,0.46,0.93,163.33,45.04,65.49"
ziqian,normal_work,ziqian_normal_work_data.csv,1837,2026-07-27T13:55:12.989,75.933515,0.1330000000052678,0.07,0.44,0.78,114.32,36.8,90.33,0.898276126811795,150.27578414368696,"0.07,0.44,0.78,114.32,36.80,90.33"
ziqian,normal_work,ziqian_normal_work_data.csv,1838,2026-07-27T13:55:13.166,76.110308,176.79300000000353,0.09,0.41,0.65,86.43,-5.74,39.0,0.7737570678190927,94.99522356413507,"0.09,0.41,0.65,86.43,-5.74,39.00"
ziqian,normal_work,ziqian_normal_work_data.csv,1839,2026-07-27T13:55:13.166,76.110505,0.19700000000000273,0.19,0.48,0.66,121.89,-56.15,-42.54,0.837914076740569,140.78226521831505,"0.19,0.48,0.66,121.89,-56.15,-42.54"
ziqian,normal_work,ziqian_normal_work_data.csv,1840,2026-07-27T13:55:13.227,76.171058,60.55299999999875,0.2,0.54,0.6,160.46,-108.46,-96.74,0.8316249154516716,216.49390476408337,"0.20,0.54,0.60,160.46,-108.46,-96.74"
ziqian,normal_work,ziqian_normal_work_data.csv,1841,2026-07-27T13:55:13.227,76.171213,0.1549999999923557,0.2,0.62,0.36,165.77,-188.66,-123.11,0.7443117626371358,279.6933331347031,"0.20,0.62,0.36,165.77,-188.66,-123.11"
ziqian,normal_work,ziqian_normal_work_data.csv,1842,2026-07-27T13:55:13.227,76.171266,0.05300000000829641,0.09,1.03,0.02,56.76,-294.56,-137.39,1.034117981663601,329.9443942545471,"0.09,1.03,0.02,56.76,-294.56,-137.39"
ziqian,normal_work,ziqian_normal_work_data.csv,1843,2026-07-27T13:55:13.285,76.229082,57.81600000000253,0.1,1.24,0.18,-35.1,-243.47,-144.78,1.2569805089976536,285.4310762688604,"0.10,1.24,0.18,-35.10,-243.47,-144.78"
ziqian,normal_work,ziqian_normal_work_data.csv,1844,2026-07-27T13:55:13.524,76.468572,239.48999999998932,0.1,1.24,0.18,-139.47,-102.23,-142.82,1.2569805089976536,224.27752049637073,"0.10,1.24,0.18,-139.47,-102.23,-142.82"
ziqian,normal_work,ziqian_normal_work_data.csv,1845,2026-07-27T13:55:13.526,76.469925,1.3530000000088194,0.3,1.31,0.46,-216.13,58.35,-129.76,1.4204576727238305,258.7557864087294,"0.30,1.31,0.46,-216.13,58.35,-129.76"
ziqian,normal_work,ziqian_normal_work_data.csv,1846,2026-07-27T13:55:13.526,76.470098,0.17299999998954263,0.53,1.14,0.7,-184.08,124.57,-116.58,1.4389232085139219,250.98611057188006,"0.53,1.14,0.70,-184.08,124.57,-116.58"
ziqian,normal_work,ziqian_normal_work_data.csv,1847,2026-07-27T13:55:13.526,76.47012,0.02200000000129876,0.39,0.9,0.74,-58.72,91.61,-104.74,1.2286984984120393,151.03277160934311,"0.39,0.90,0.74,-58.72,91.61,-104.74"
ziqian,normal_work,ziqian_normal_work_data.csv,1848,2026-07-27T13:55:13.527,76.471199,1.079000000004271,-0.08,0.76,0.6,36.32,33.57,-85.33,0.9715966241192895,98.62705612558858,"-0.08,0.76,0.60,36.32,33.57,-85.33"
ziqian,normal_work,ziqian_normal_work_data.csv,1849,2026-07-27T13:55:13.646,76.590069,118.87000000000114,-0.4,0.51,0.64,18.19,43.88,-42.42,0.9108786966440702,63.68506025748897,"-0.40,0.51,0.64,18.19,43.88,-42.42"
ziqian,normal_work,ziqian_normal_work_data.csv,1850,2026-07-27T13:55:13.646,76.590254,0.1850000000018781,-0.33,0.48,0.74,25.94,56.7,-31.92,0.9417536832951597,70.04755527497016,"-0.33,0.48,0.74,25.94,56.70,-31.92"
ziqian,normal_work,ziqian_normal_work_data.csv,1851,2026-07-27T13:55:13.646,76.590278,0.023999999996249244,-0.24,0.63,0.64,25.94,56.7,-31.92,0.9295697929687691,70.04755527497016,"-0.24,0.63,0.64,25.94,56.70,-31.92"
ziqian,normal_work,ziqian_normal_work_data.csv,1852,2026-07-27T13:55:13.705,76.648659,58.38099999999713,-0.23,0.81,0.49,71.41,83.19,-15.99,0.9742176348229383,110.7955066778432,"-0.23,0.81,0.49,71.41,83.19,-15.99"
ziqian,normal_work,ziqian_normal_work_data.csv,1853,2026-07-27T13:55:13.705,76.648833,0.17400000000122873,-0.23,0.89,0.42,113.34,111.33,1.1,1.010643359449811,158.87584618185357,"-0.23,0.89,0.42,113.34,111.33,1.10"
ziqian,normal_work,ziqian_normal_work_data.csv,1854,2026-07-27T13:55:13.890,76.834348,185.51500000000942,-0.19,0.96,0.35,122.86,98.39,13.79,1.0393267051317405,158.0042271586428,"-0.19,0.96,0.35,122.86,98.39,13.79"
ziqian,normal_work,ziqian_normal_work_data.csv,1855,2026-07-27T13:55:13.890,76.834456,0.10799999999733245,-0.14,1.03,0.31,70.25,39.73,21.06,1.0847119433287347,83.40898632641449,"-0.14,1.03,0.31,70.25,39.73,21.06"
ziqian,normal_work,ziqian_normal_work_data.csv,1856,2026-07-27T13:55:13.891,76.834625,0.16899999999964166,-0.14,1.01,0.3,-14.89,-11.29,35.83,1.0628734637763801,40.40996288045808,"-0.14,1.01,0.30,-14.89,-11.29,35.83"
ziqian,normal_work,ziqian_normal_work_data.csv,1857,2026-07-27T13:55:13.891,76.834642,0.01699999999971169,-0.14,0.94,0.23,-26.67,-4.27,39.98,0.9778036612735708,48.248546092084474,"-0.14,0.94,0.23,-26.67,-4.27,39.98"
ziqian,normal_work,ziqian_normal_work_data.csv,1858,2026-07-27T13:55:14.487,77.430613,595.9709999999916,-0.13,0.96,0.14,44.19,21.67,15.75,0.9788258272031853,51.675985718706904,"-0.13,0.96,0.14,44.19,21.67,15.75"
ziqian,normal_work,ziqian_normal_work_data.csv,1859,2026-07-27T13:55:14.487,77.430749,0.13600000001190438,-0.15,1.02,0.05,131.77,27.22,-15.62,1.0321821544669332,135.45569644721482,"-0.15,1.02,0.05,131.77,27.22,-15.62"
ziqian,normal_work,ziqian_normal_work_data.csv,1860,2026-07-27T13:55:14.487,77.43092,0.17099999999459214,-0.23,1.06,-0.02,185.24,1.22,-51.33,1.084850220076486,192.2241267375144,"-0.23,1.06,-0.02,185.24,1.22,-51.33"
ziqian,normal_work,ziqian_normal_work_data.csv,1861,2026-07-27T13:55:14.487,77.430943,0.022999999998774,-0.33,1.09,-0.09,180.97,-38.76,-67.63,1.1424097338520887,197.04389206468693,"-0.33,1.09,-0.09,180.97,-38.76,-67.63"
ziqian,normal_work,ziqian_normal_work_data.csv,1862,2026-07-27T13:55:14.487,77.431007,0.06399999999473494,-0.36,1.0,-0.15,109.19,-51.21,-35.77,1.0733592129385203,125.79512351438748,"-0.36,1.00,-0.15,109.19,-51.21,-35.77"
ziqian,normal_work,ziqian_normal_work_data.csv,1863,2026-07-27T13:55:14.487,77.431111,0.10400000000743148,-0.31,0.9,-0.18,28.38,-34.42,2.2,0.9687620966986683,44.66543182372695,"-0.31,0.90,-0.18,28.38,-34.42,2.20"
ziqian,normal_work,ziqian_normal_work_data.csv,1864,2026-07-27T13:55:14.488,77.431811,0.6999999999948159,-0.26,0.93,-0.18,9.95,-9.4,18.86,0.9822932352408826,23.303692840406217,"-0.26,0.93,-0.18,9.95,-9.40,18.86"
ziqian,normal_work,ziqian_normal_work_data.csv,1865,2026-07-27T13:55:14.488,77.432081,0.27000000000043656,-0.27,0.98,-0.12,22.95,4.52,33.45,1.0235721762533407,40.81709690803598,"-0.27,0.98,-0.12,22.95,4.52,33.45"
ziqian,normal_work,ziqian_normal_work_data.csv,1866,2026-07-27T13:55:14.491,77.43503,2.9490000000009786,-0.27,0.97,-0.1,15.62,9.83,32.53,1.011830025251277,37.40072459191132,"-0.27,0.97,-0.10,15.62,9.83,32.53"
ziqian,normal_work,ziqian_normal_work_data.csv,1867,2026-07-27T13:55:14.491,77.435318,0.2879999999976235,-0.22,0.8,-0.17,-5.31,31.68,-1.16,0.8469356528095864,32.14287012698151,"-0.22,0.80,-0.17,-5.31,31.68,-1.16"
ziqian,normal_work,ziqian_normal_work_data.csv,1868,2026-07-27T13:55:14.492,77.435742,0.42400000000952787,-0.32,0.55,-0.19,-10.01,37.41,-102.48,0.6640783086353597,109.55299448212267,"-0.32,0.55,-0.19,-10.01,37.41,-102.48"
ziqian,normal_work,ziqian_normal_work_data.csv,1869,2026-07-27T13:55:14.492,77.435957,0.21499999999718966,-0.64,0.48,-0.34,136.72,-3.11,-296.08,0.8692525524840292,326.1370829881202,"-0.64,0.48,-0.34,136.72,-3.11,-296.08"
ziqian,normal_work,ziqian_normal_work_data.csv,1870,2026-07-27T13:55:14.492,77.436163,0.20599999999149077,-0.92,0.5,-0.41,241.39,-96.86,-371.34,1.1244998888394786,453.3700335266988,"-0.92,0.50,-0.41,241.39,-96.86,-371.34"
ziqian,normal_work,ziqian_normal_work_data.csv,1871,2026-07-27T13:55:14.492,77.43656,0.39700000000664204,-1.01,0.43,-0.25,92.41,-135.5,-237.3,1.1258330249197703,288.4634259312608,"-1.01,0.43,-0.25,92.41,-135.50,-237.30"
ziqian,normal_work,ziqian_normal_work_data.csv,1872,2026-07-27T13:55:14.493,77.436777,0.217000000006351,-0.95,0.36,-0.19,-48.58,-71.29,-75.62,1.0335376142163382,114.71994116107278,"-0.95,0.36,-0.19,-48.58,-71.29,-75.62"
ziqian,normal_work,ziqian_normal_work_data.csv,1873,2026-07-27T13:55:14.493,77.437038,0.26099999999473766,-0.87,0.39,-0.21,-58.29,-25.09,13.12,0.9762684057163789,64.8025200127279,"-0.87,0.39,-0.21,-58.29,-25.09,13.12"
ziqian,normal_work,ziqian_normal_work_data.csv,1874,2026-07-27T13:55:14.724,77.668323,231.28499999999974,-0.87,0.41,-0.22,-18.92,-18.31,20.39,0.986610358753647,33.30127024604317,"-0.87,0.41,-0.22,-18.92,-18.31,20.39"
ziqian,normal_work,ziqian_normal_work_data.csv,1875,2026-07-27T13:55:14.724,77.668539,0.2159999999946649,-0.9,0.4,-0.18,5.19,-21.61,0.92,1.0011992808627062,22.243529396208686,"-0.90,0.40,-0.18,5.19,-21.61,0.92"
ziqian,normal_work,ziqian_normal_work_data.csv,1876,2026-07-27T13:55:14.725,77.669326,0.7870000000025357,-0.91,0.39,-0.13,6.59,-24.96,2.56,0.9985489472229191,25.94192167130261,"-0.91,0.39,-0.13,6.59,-24.96,2.56"
ziqian,normal_work,ziqian_normal_work_data.csv,1877,2026-07-27T13:55:14.726,77.669598,0.27199999999538704,-0.91,0.41,-0.06,-2.69,-32.17,33.51,0.9998999949995,46.53026004655465,"-0.91,0.41,-0.06,-2.69,-32.17,33.51"
ziqian,normal_work,ziqian_normal_work_data.csv,1878,2026-07-27T13:55:14.726,77.670534,0.9360000000100399,-0.88,0.52,-0.01,-20.75,-36.62,66.59,1.0222035022440492,78.77699537301483,"-0.88,0.52,-0.01,-20.75,-36.62,66.59"
ziqian,normal_work,ziqian_normal_work_data.csv,1879,2026-07-27T13:55:14.965,77.90891,238.37600000000236,-0.83,0.63,-0.06,-31.13,-25.09,51.39,1.0437432634513144,65.11157423991529,"-0.83,0.63,-0.06,-31.13,-25.09,51.39"
ziqian,normal_work,ziqian_normal_work_data.csv,1880,2026-07-27T13:55:14.965,77.909101,0.19100000000094042,-0.89,0.62,-0.2,-13.73,-17.15,3.6,1.1029505881951376,22.261972059995042,"-0.89,0.62,-0.20,-13.73,-17.15,3.60"
ziqian,normal_work,ziqian_normal_work_data.csv,1881,2026-07-27T13:55:14.965,77.909191,0.09000000000014552,-0.96,0.55,-0.16,19.59,-69.27,-22.34,1.1178998166204341,75.37358025196892,"-0.96,0.55,-0.16,19.59,-69.27,-22.34"
ziqian,normal_work,ziqian_normal_work_data.csv,1882,2026-07-27T13:55:14.966,77.910142,0.9509999999863794,-0.8,0.4,0.19,5.49,-188.9,-7.45,0.9143850392476903,189.12655181121448,"-0.80,0.40,0.19,5.49,-188.90,-7.45"
ziqian,normal_work,ziqian_normal_work_data.csv,1883,2026-07-27T13:55:14.966,77.910361,0.2190000000013015,-0.48,0.24,0.49,-45.23,-300.96,34.97,0.7267048919609665,306.34225206458217,"-0.48,0.24,0.49,-45.23,-300.96,34.97"
ziqian,normal_work,ziqian_normal_work_data.csv,1884,2026-07-27T13:55:14.967,77.91126,0.89900000000398,-0.42,0.31,0.52,-39.12,-274.96,74.89,0.7368174807915457,287.6488972688753,"-0.42,0.31,0.52,-39.12,-274.96,74.89"
ziqian,normal_work,ziqian_normal_work_data.csv,1885,2026-07-27T13:55:15.205,78.148814,237.55400000000293,-0.65,0.6,0.49,9.09,-127.87,112.12,1.011236866416568,170.3063692291043,"-0.65,0.60,0.49,9.09,-127.87,112.12"
ziqian,normal_work,ziqian_normal_work_data.csv,1886,2026-07-27T13:55:15.205,78.148935,0.12099999999293232,-0.74,0.66,0.51,40.77,-20.2,90.15,1.1150336317797773,100.9814606747199,"-0.74,0.66,0.51,40.77,-20.20,90.15"
ziqian,normal_work,ziqian_normal_work_data.csv,1887,2026-07-27T13:55:15.205,78.149325,0.3900000000101045,-0.62,0.52,0.56,48.89,9.09,20.14,0.9840731680114035,53.651465963196195,"-0.62,0.52,0.56,48.89,9.09,20.14"
ziqian,normal_work,ziqian_normal_work_data.csv,1888,2026-07-27T13:55:15.206,78.149754,0.4289999999969041,-0.46,0.5,0.58,12.76,6.96,39.49,0.8933084573650918,42.079915636797566,"-0.46,0.50,0.58,12.76,6.96,39.49"
ziqian,normal_work,ziqian_normal_work_data.csv,1889,2026-07-27T13:55:15.207,78.150634,0.8799999999951069,-0.43,0.61,0.41,-69.4,5.8,181.27,0.8515280382935138,194.18757143545517,"-0.43,0.61,0.41,-69.40,5.80,181.27"
ziqian,normal_work,ziqian_normal_work_data.csv,1890,2026-07-27T13:55:15.209,78.153053,2.4190000000032796,-0.43,1.06,0.14,-142.94,-25.45,357.06,1.1524322105876772,385.44959424028457,"-0.43,1.06,0.14,-142.94,-25.45,357.06"
ziqian,normal_work,ziqian_normal_work_data.csv,1891,2026-07-27T13:55:15.265,78.209328,56.27499999999941,-0.18,1.53,0.44,-119.26,-78.92,387.21,1.6021547990128795,412.7746335471694,"-0.18,1.53,0.44,-119.26,-78.92,387.21"
ziqian,normal_work,ziqian_normal_work_data.csv,1892,2026-07-27T13:55:15.265,78.209358,0.029999999995311555,0.01,1.31,1.14,91.92,-27.34,147.03,1.7366058850527946,175.5408297234578,"0.01,1.31,1.14,91.92,-27.34,147.03"
ziqian,normal_work,ziqian_normal_work_data.csv,1893,2026-07-27T13:55:15.446,78.390448,181.09000000001174,0.03,0.65,1.26,363.28,82.95,-196.11,1.418097316829843,421.08454376763814,"0.03,0.65,1.26,363.28,82.95,-196.11"
ziqian,normal_work,ziqian_normal_work_data.csv,1894,2026-07-27T13:55:15.447,78.390583,0.13500000000021828,0.06,0.28,0.72,422.79,124.02,-335.88,0.7748548251124207,554.028626426469,"0.06,0.28,0.72,422.79,124.02,-335.88"
ziqian,normal_work,ziqian_normal_work_data.csv,1895,2026-07-27T13:55:15.447,78.390772,0.18899999999177908,-0.11,0.29,-0.03,284.79,135.62,-228.27,0.3116087290176576,389.3652801676082,"-0.11,0.29,-0.03,284.79,135.62,-228.27"
ziqian,normal_work,ziqian_normal_work_data.csv,1896,2026-07-27T13:55:15.447,78.390964,0.19199999999841566,-0.52,0.46,-0.63,169.01,132.57,-116.09,0.9374966666607407,244.16402908700536,"-0.52,0.46,-0.63,169.01,132.57,-116.09"
ziqian,normal_work,ziqian_normal_work_data.csv,1897,2026-07-27T13:55:15.806,78.749884,358.9199999999977,-0.7,0.56,-0.65,162.54,118.71,-160.03,1.1072939989000212,257.1398774986097,"-0.70,0.56,-0.65,162.54,118.71,-160.03"
ziqian,normal_work,ziqian_normal_work_data.csv,1898,2026-07-27T13:55:15.806,78.750351,0.4670000000004393,-0.43,0.33,-0.25,211.85,137.15,-310.0,0.5969087032369356,399.738095507546,"-0.43,0.33,-0.25,211.85,137.15,-310.00"
ziqian,normal_work,ziqian_normal_work_data.csv,1899,2026-07-27T13:55:15.806,78.750376,0.02500000000793534,-0.12,-0.08,-0.27,250.18,210.82,-477.05,0.30610455730027936,578.4564005177918,"-0.12,-0.08,-0.27,250.18,210.82,-477.05"
ziqian,normal_work,ziqian_normal_work_data.csv,1900,2026-07-27T13:55:15.806,78.750386,0.010000000003174137,-0.12,-0.23,-0.79,215.58,267.09,-485.66,0.8315046602394963,594.7078611385593,"-0.12,-0.23,-0.79,215.58,267.09,-485.66"
ziqian,normal_work,ziqian_normal_work_data.csv,1901,2026-07-27T13:55:15.806,78.75052,0.13399999998853218,-0.28,-0.19,-1.2,121.46,237.0,-295.53,1.2467958934805647,397.8184416288415,"-0.28,-0.19,-1.20,121.46,237.00,-295.53"
ziqian,normal_work,ziqian_normal_work_data.csv,1902,2026-07-27T13:55:15.809,78.753521,3.0010000000118,-0.3,-0.36,-1.16,74.28,180.42,-118.1,1.251079533842673,228.0712713166654,"-0.30,-0.36,-1.16,74.28,180.42,-118.10"
ziqian,normal_work,ziqian_normal_work_data.csv,1903,2026-07-27T13:55:15.810,78.753821,0.2999999999957481,-0.15,-0.59,-1.02,68.42,147.89,-53.59,1.1878552100319297,171.53610873515814,"-0.15,-0.59,-1.02,68.42,147.89,-53.59"
ziqian,normal_work,ziqian_normal_work_data.csv,1904,2026-07-27T13:55:15.810,78.754003,0.18199999999524152,0.09,-0.74,-1.04,42.3,130.13,-49.8,1.279570240354159,145.61300388358177,"0.09,-0.74,-1.04,42.30,130.13,-49.80"
ziqian,normal_work,ziqian_normal_work_data.csv,1905,2026-07-27T13:55:15.810,78.754026,0.022999999998774,0.29,-0.88,-1.13,18.25,103.58,-48.03,1.4613007903919029,115.62335317746151,"0.29,-0.88,-1.13,18.25,103.58,-48.03"
ziqian,normal_work,ziqian_normal_work_data.csv,1906,2026-07-27T13:55:15.869,78.812999,58.973000000008824,0.32,-0.94,-1.24,6.96,59.51,-34.0,1.5885842753848471,68.89035999325304,"0.32,-0.94,-1.24,6.96,59.51,-34.00"
ziqian,normal_work,ziqian_normal_work_data.csv,1907,2026-07-27T13:55:15.925,78.868637,55.63800000000185,0.09,-0.72,-1.33,-42.42,-27.89,20.94,1.5150577546747186,54.91622802050411,"0.09,-0.72,-1.33,-42.42,-27.89,20.94"
ziqian,normal_work,ziqian_normal_work_data.csv,1908,2026-07-27T13:55:16.108,79.051825,183.18799999998703,0.02,-0.62,-1.21,-62.74,-53.22,50.54,1.3597426227047529,96.55551563737828,"0.02,-0.62,-1.21,-62.74,-53.22,50.54"
ziqian,normal_work,ziqian_normal_work_data.csv,1909,2026-07-27T13:55:16.108,79.052124,0.2990000000124837,0.02,-0.62,-1.21,-72.02,-74.04,70.19,1.3597426227047529,124.88169641704904,"0.02,-0.62,-1.21,-72.02,-74.04,70.19"
ziqian,normal_work,ziqian_normal_work_data.csv,1910,2026-07-27T13:55:16.284,79.228534,176.40999999998996,0.02,-0.52,-1.09,-69.46,-96.62,79.9,1.2078493283518439,143.3322224763155,"0.02,-0.52,-1.09,-69.46,-96.62,79.90"
ziqian,normal_work,ziqian_normal_work_data.csv,1911,2026-07-27T13:55:16.285,79.228928,0.39400000000000546,-0.03,-0.42,-1.03,-56.09,-119.14,79.16,1.1127443551867608,153.64482841931257,"-0.03,-0.42,-1.03,-56.09,-119.14,79.16"
ziqian,normal_work,ziqian_normal_work_data.csv,1912,2026-07-27T13:55:16.285,79.229113,0.1850000000018781,-0.11,-0.36,-0.99,-41.08,-140.01,72.08,1.0591506030777682,162.74487057968983,"-0.11,-0.36,-0.99,-41.08,-140.01,72.08"
ziqian,normal_work,ziqian_normal_work_data.csv,1913,2026-07-27T13:55:16.288,79.231875,2.76200000000415,-0.19,-0.31,-0.94,-32.9,-159.97,69.15,1.007869039111729,177.35425960489363,"-0.19,-0.31,-0.94,-32.90,-159.97,69.15"
ziqian,normal_work,ziqian_normal_work_data.csv,1914,2026-07-27T13:55:16.288,79.232085,0.2099999999956026,-0.3,-0.23,-0.84,-35.52,-183.41,79.22,0.9211405973031478,202.92044475606693,"-0.30,-0.23,-0.84,-35.52,-183.41,79.22"
ziqian,normal_work,ziqian_normal_work_data.csv,1915,2026-07-27T13:55:16.288,79.232253,0.16800000000216642,-0.47,-0.09,-0.68,-59.51,-212.89,108.83,0.8315046602394962,246.38904419636842,"-0.47,-0.09,-0.68,-59.51,-212.89,108.83"
ziqian,normal_work,ziqian_normal_work_data.csv,1916,2026-07-27T13:55:16.526,79.46964,237.38699999999824,-0.68,0.16,-0.28,-158.2,-248.66,177.67,0.7525955088890712,344.1303016300657,"-0.68,0.16,-0.28,-158.20,-248.66,177.67"
ziqian,normal_work,ziqian_normal_work_data.csv,1917,2026-07-27T13:55:16.526,79.470009,0.36900000000628097,-0.58,0.21,-0.04,-195.62,-248.17,193.79,0.6181423784210236,370.6886798919007,"-0.58,0.21,-0.04,-195.62,-248.17,193.79"
ziqian,normal_work,ziqian_normal_work_data.csv,1918,2026-07-27T13:55:16.526,79.470326,0.3169999999954598,-0.51,0.29,0.12,-195.62,-248.17,193.79,0.5988321968631948,370.6886798919007,"-0.51,0.29,0.12,-195.62,-248.17,193.79"
ziqian,normal_work,ziqian_normal_work_data.csv,1919,2026-07-27T13:55:16.526,79.470346,0.020000000006348273,-0.41,0.43,0.22,-237.12,-279.24,240.11,0.6335613624582863,438.01105476916905,"-0.41,0.43,0.22,-237.12,-279.24,240.11"
ziqian,normal_work,ziqian_normal_work_data.csv,1920,2026-07-27T13:55:16.532,79.475957,5.610999999987598,-0.28,0.56,0.25,-260.25,-332.76,314.27,0.674166151627327,526.5215218773112,"-0.28,0.56,0.25,-260.25,-332.76,314.27"
ziqian,normal_work,ziqian_normal_work_data.csv,1921,2026-07-27T13:55:16.532,79.476342,0.3850000000085174,-0.31,0.8,0.14,-210.14,-324.28,386.05,0.8693100712634129,546.2151046062348,"-0.31,0.80,0.14,-210.14,-324.28,386.05"
ziqian,normal_work,ziqian_normal_work_data.csv,1922,2026-07-27T13:55:16.589,79.533493,57.151000000004615,-0.43,1.16,0.1,-115.84,-207.4,369.38,1.2411688039908189,439.17564823200297,"-0.43,1.16,0.10,-115.84,-207.40,369.38"
ziqian,normal_work,ziqian_normal_work_data.csv,1923,2026-07-27T13:55:16.589,79.533576,0.08299999998939711,-0.4,1.39,0.42,-38.09,-67.81,204.1,1.506154042586614,218.41669853745157,"-0.40,1.39,0.42,-38.09,-67.81,204.10"
ziqian,normal_work,ziqian_normal_work_data.csv,1924,2026-07-27T13:55:16.645,79.589226,55.64999999999998,-0.19,1.39,0.78,27.71,20.81,7.93,1.6051791177311023,35.54975527341925,"-0.19,1.39,0.78,27.71,20.81,7.93"
ziqian,normal_work,ziqian_normal_work_data.csv,1925,2026-07-27T13:55:16.885,79.828988,239.76199999999892,0.13,1.1,0.8,82.21,56.09,-96.37,1.3663454907160195,138.53428853536587,"0.13,1.10,0.80,82.21,56.09,-96.37"
ziqian,normal_work,ziqian_normal_work_data.csv,1926,2026-07-27T13:55:16.885,79.829232,0.24400000000923683,0.35,0.75,0.63,105.22,45.96,-105.59,1.0401442207694085,155.98980126918553,"0.35,0.75,0.63,105.22,45.96,-105.59"
ziqian,normal_work,ziqian_normal_work_data.csv,1927,2026-07-27T13:55:16.886,79.829778,0.5459999999999354,0.31,0.55,0.47,92.22,19.84,-60.18,0.7870832230456954,111.89185135656662,"0.31,0.55,0.47,92.22,19.84,-60.18"
ziqian,normal_work,ziqian_normal_work_data.csv,1928,2026-07-27T13:55:16.886,79.830259,0.4809999999935144,-0.02,0.6,0.4,63.72,9.28,-5.0,0.7213875518748574,64.58604183567839,"-0.02,0.60,0.40,63.72,9.28,-5.00"
ziqian,normal_work,ziqian_normal_work_data.csv,1929,2026-07-27T13:55:16.886,79.830469,0.2099999999956026,-0.48,0.87,0.4,27.4,3.78,34.73,1.0711209082078457,44.39843803558859,"-0.48,0.87,0.40,27.40,3.78,34.73"
ziqian,normal_work,ziqian_normal_work_data.csv,1930,2026-07-27T13:55:16.887,79.831359,0.8900000000124919,-0.64,1.09,0.33,-5.49,-31.8,42.24,1.3063690137170278,53.15635145492964,"-0.64,1.09,0.33,-5.49,-31.80,42.24"
ziqian,normal_work,ziqian_normal_work_data.csv,1931,2026-07-27T13:55:16.945,79.889434,58.07499999998811,-0.44,1.15,0.22,-8.42,-52.31,16.72,1.2507997441637089,55.55889577736404,"-0.44,1.15,0.22,-8.42,-52.31,16.72"
ziqian,normal_work,ziqian_normal_work_data.csv,1932,2026-07-27T13:55:16.946,79.889596,0.1620000000031041,-0.19,1.08,0.14,11.35,-21.91,-11.66,1.105486318323298,27.291504172544247,"-0.19,1.08,0.14,11.35,-21.91,-11.66"
ziqian,normal_work,ziqian_normal_work_data.csv,1933,2026-07-27T13:55:17.006,79.949975,60.37899999999752,-0.02,0.92,0.19,31.49,2.38,-29.11,0.9396275858019495,42.949698485554,"-0.02,0.92,0.19,31.49,2.38,-29.11"
ziqian,normal_work,ziqian_normal_work_data.csv,1934,2026-07-27T13:55:17.305,80.24867,298.69500000000926,0.08,0.76,0.3,38.45,-2.75,-34.18,0.8209750300709516,51.519291532395904,"0.08,0.76,0.30,38.45,-2.75,-34.18"
ziqian,normal_work,ziqian_normal_work_data.csv,1935,2026-07-27T13:55:17.305,80.248981,0.3109999999963975,0.08,0.7,0.4,22.77,-7.32,-15.56,0.8101851640211637,28.533645052814407,"0.08,0.70,0.40,22.77,-7.32,-15.56"
ziqian,normal_work,ziqian_normal_work_data.csv,1936,2026-07-27T13:55:17.305,80.249272,0.2910000000042601,0.0,0.76,0.47,-11.84,-4.64,21.48,0.8935882720806042,24.962083246395924,"0.00,0.76,0.47,-11.84,-4.64,21.48"
ziqian,normal_work,ziqian_normal_work_data.csv,1937,2026-07-27T13:55:17.306,80.249927,0.6549999999947431,-0.13,0.91,0.43,-43.76,-12.88,49.32,1.0148398888494676,67.18105685384832,"-0.13,0.91,0.43,-43.76,-12.88,49.32"
ziqian,normal_work,ziqian_normal_work_data.csv,1938,2026-07-27T13:55:17.306,80.250326,0.3990000000015925,-0.35,1.05,0.3,-54.69,-43.21,46.75,1.1467344941179716,83.92653156183687,"-0.35,1.05,0.30,-54.69,-43.21,46.75"
ziqian,normal_work,ziqian_normal_work_data.csv,1939,2026-07-27T13:55:17.307,80.250867,0.5409999999983484,-0.45,1.06,0.28,-45.9,-101.99,12.08,1.1851160280748887,112.49309534366986,"-0.45,1.06,0.28,-45.90,-101.99,12.08"
ziqian,normal_work,ziqian_normal_work_data.csv,1940,2026-07-27T13:55:17.307,80.251396,0.5290000000002237,-0.24,0.97,0.4,-31.74,-134.7,-24.05,1.0763363786474933,140.463233979572,"-0.24,0.97,0.40,-31.74,-134.70,-24.05"
ziqian,normal_work,ziqian_normal_work_data.csv,1941,2026-07-27T13:55:17.309,80.252776,1.3799999999974943,0.11,0.91,0.44,-22.03,-78.98,-18.49,1.0167595585978033,84.05380062793117,"0.11,0.91,0.44,-22.03,-78.98,-18.49"
ziqian,normal_work,ziqian_normal_work_data.csv,1942,2026-07-27T13:55:17.546,80.489955,237.1789999999976,0.28,0.9,0.37,-9.7,26.86,27.1,1.0125709851659783,39.369526286202635,"0.28,0.90,0.37,-9.70,26.86,27.10"
ziqian,normal_work,ziqian_normal_work_data.csv,1943,2026-07-27T13:55:17.546,80.490157,0.2020000000015898,0.21,0.94,0.3,8.79,93.81,62.74,1.0088111815399352,113.1984443356003,"0.21,0.94,0.30,8.79,93.81,62.74"
ziqian,normal_work,ziqian_normal_work_data.csv,1944,2026-07-27T13:55:17.546,80.490212,0.055000000003246896,0.06,0.94,0.35,16.85,76.11,55.66,1.0048382954485762,95.78460314685236,"0.06,0.94,0.35,16.85,76.11,55.66"
ziqian,normal_work,ziqian_normal_work_data.csv,1945,2026-07-27T13:55:17.546,80.490345,0.1330000000052678,-0.05,0.89,0.47,7.81,13.37,26.18,1.00772019926168,30.41620291883916,"-0.05,0.89,0.47,7.81,13.37,26.18"
ziqian,normal_work,ziqian_normal_work_data.csv,1946,2026-07-27T13:55:17.546,80.490551,0.20599999999149077,-0.06,0.86,0.53,-5.19,-30.88,5.07,1.0119782606360672,31.72089847403443,"-0.06,0.86,0.53,-5.19,-30.88,5.07"
ziqian,normal_work,ziqian_normal_work_data.csv,1947,2026-07-27T13:55:17.547,80.491379,0.8279999999984966,0.01,0.87,0.51,-12.39,-38.82,-1.22,1.0085137579626766,40.76754714230426,"0.01,0.87,0.51,-12.39,-38.82,-1.22"
ziqian,normal_work,ziqian_normal_work_data.csv,1948,2026-07-27T13:55:17.664,80.608565,117.18600000000379,0.06,0.9,0.47,-12.76,-24.35,1.95,1.0171037311896953,27.559800434691105,"0.06,0.90,0.47,-12.76,-24.35,1.95"
ziqian,normal_work,ziqian_normal_work_data.csv,1949,2026-07-27T13:55:17.665,80.608776,0.2110000000072887,0.07,0.91,0.45,-8.97,-8.18,6.71,1.0175952043912158,13.870738985360513,"0.07,0.91,0.45,-8.97,-8.18,6.71"
ziqian,normal_work,ziqian_normal_work_data.csv,1950,2026-07-27T13:55:17.665,80.609193,0.41699999999877946,0.08,0.9,0.45,-4.82,-1.34,7.57,1.0094057657849989,9.073747847499401,"0.08,0.90,0.45,-4.82,-1.34,7.57"
ziqian,normal_work,ziqian_normal_work_data.csv,1951,2026-07-27T13:55:17.728,80.671807,62.613999999996395,0.1,0.89,0.45,-2.44,-1.59,5.92,1.002297361066066,6.597582890725966,"0.10,0.89,0.45,-2.44,-1.59,5.92"
ziqian,normal_work,ziqian_normal_work_data.csv,1952,2026-07-27T13:55:17.905,80.848594,176.78700000000447,0.1,0.88,0.46,-0.61,-4.15,2.26,0.997997995989972,4.764682570749073,"0.10,0.88,0.46,-0.61,-4.15,2.26"
ziqian,normal_work,ziqian_normal_work_data.csv,1953,2026-07-27T13:55:17.905,80.84871,0.11599999999134525,0.07,0.87,0.48,1.83,-6.71,-4.39,0.9960923651951158,8.224664126880805,"0.07,0.87,0.48,1.83,-6.71,-4.39"
ziqian,normal_work,ziqian_normal_work_data.csv,1954,2026-07-27T13:55:17.905,80.849212,0.5019999999973379,0.05,0.87,0.5,2.69,-8.24,-11.47,1.0046890066085126,14.37687726872564,"0.05,0.87,0.50,2.69,-8.24,-11.47"
ziqian,normal_work,ziqian_normal_work_data.csv,1955,2026-07-27T13:55:17.906,80.849686,0.4740000000111877,0.03,0.89,0.5,0.0,-6.59,-13.37,1.0212737145349429,14.905871326427045,"0.03,0.89,0.50,0.00,-6.59,-13.37"
ziqian,normal_work,ziqian_normal_work_data.csv,1956,2026-07-27T13:55:17.906,80.850223,0.5369999999942365,0.02,0.9,0.49,-4.82,-1.53,-8.67,1.0249390225764652,10.037041396746353,"0.02,0.90,0.49,-4.82,-1.53,-8.67"
ziqian,normal_work,ziqian_normal_work_data.csv,1957,2026-07-27T13:55:18.265,81.208821,358.59800000000064,0.01,0.92,0.42,-7.87,5.0,-1.04,1.0113851887386922,9.381817521141626,"0.01,0.92,0.42,-7.87,5.00,-1.04"
ziqian,normal_work,ziqian_normal_work_data.csv,1958,2026-07-27T13:55:18.265,81.208969,0.14799999999581814,0.01,0.92,0.38,-2.87,12.63,3.3,0.9954396013822235,13.365769712216352,"0.01,0.92,0.38,-2.87,12.63,3.30"
ziqian,normal_work,ziqian_normal_work_data.csv,1959,2026-07-27T13:55:18.265,81.209551,0.5820000000085201,0.0,0.87,0.44,10.8,20.63,0.49,0.9749358953285082,23.291135652861584,"0.00,0.87,0.44,10.80,20.63,0.49"
ziqian,normal_work,ziqian_normal_work_data.csv,1960,2026-07-27T13:55:18.266,81.209888,0.3370000000018081,-0.02,0.83,0.52,19.17,27.95,-2.01,0.9796427920420789,33.95189979956939,"-0.02,0.83,0.52,19.17,27.95,-2.01"
ziqian,normal_work,ziqian_normal_work_data.csv,1961,2026-07-27T13:55:18.269,81.213065,3.176999999993768,-0.02,0.84,0.53,10.38,28.2,0.85,0.9934284070832683,30.061718181102023,"-0.02,0.84,0.53,10.38,28.20,0.85"
ziqian,normal_work,ziqian_normal_work_data.csv,1962,2026-07-27T13:55:18.269,81.213086,0.021000000003823516,0.03,0.86,0.49,-9.89,16.85,5.43,0.9902524930541705,20.278547778379007,"0.03,0.86,0.49,-9.89,16.85,5.43"
ziqian,normal_work,ziqian_normal_work_data.csv,1963,2026-07-27T13:55:18.269,81.21317,0.08400000000108321,0.1,0.88,0.44,-26.0,8.0,13.06,0.9889388252060892,30.175546391076335,"0.10,0.88,0.44,-26.00,8.00,13.06"
ziqian,normal_work,ziqian_normal_work_data.csv,1964,2026-07-27T13:55:18.269,81.213374,0.20399999999654028,0.12,0.87,0.43,-27.95,13.85,23.25,0.9778547949465708,38.90485188250946,"0.12,0.87,0.43,-27.95,13.85,23.25"
ziqian,normal_work,ziqian_normal_work_data.csv,1965,2026-07-27T13:55:18.269,81.213487,0.11299999999891952,0.1,0.84,0.48,-20.39,23.07,28.87,0.9726253132630263,42.20727306993429,"0.10,0.84,0.48,-20.39,23.07,28.87"
ziqian,normal_work,ziqian_normal_work_data.csv,1966,2026-07-27T13:55:18.385,81.32942,115.93299999999829,0.11,0.81,0.55,-13.24,23.86,28.5,0.9852410872471773,39.45690307157925,"0.11,0.81,0.55,-13.24,23.86,28.50"
ziqian,normal_work,ziqian_normal_work_data.csv,1967,2026-07-27T13:55:18.385,81.329567,0.1469999999983429,0.16,0.82,0.56,-9.46,25.15,31.37,1.0057832768544126,41.304854436252405,"0.16,0.82,0.56,-9.46,25.15,31.37"
ziqian,normal_work,ziqian_normal_work_data.csv,1968,2026-07-27T13:55:18.386,81.329633,0.06600000000389628,0.23,0.86,0.52,-5.98,43.46,47.3,1.030970416646375,64.51218489556837,"0.23,0.86,0.52,-5.98,43.46,47.30"
ziqian,normal_work,ziqian_normal_work_data.csv,1969,2026-07-27T13:55:18.444,81.388499,58.865999999994756,0.26,0.89,0.45,-0.49,77.27,69.64,1.030630874755846,104.02222166441167,"0.26,0.89,0.45,-0.49,77.27,69.64"
ziqian,normal_work,ziqian_normal_work_data.csv,1970,2026-07-27T13:55:18.685,81.628688,240.18900000000087,0.26,0.92,0.43,1.53,101.68,82.46,1.0482843125793688,130.9229349655743,"0.26,0.92,0.43,1.53,101.68,82.46"
ziqian,normal_work,ziqian_normal_work_data.csv,1971,2026-07-27T13:55:18.685,81.628875,0.1869999999968286,0.19,0.93,0.38,-2.2,102.17,81.97,1.0224480426897007,131.00622046299938,"0.19,0.93,0.38,-2.20,102.17,81.97"
ziqian,normal_work,ziqian_normal_work_data.csv,1972,2026-07-27T13:55:18.686,81.629771,0.8960000000115542,0.15,0.91,0.36,-2.75,78.0,63.72,0.9900505037623081,100.75614571826375,"0.15,0.91,0.36,-2.75,78.00,63.72"
ziqian,normal_work,ziqian_normal_work_data.csv,1973,2026-07-27T13:55:18.686,81.630227,0.4559999999997899,0.19,0.85,0.45,4.33,48.22,35.64,0.9803570778037969,60.11760890121962,"0.19,0.85,0.45,4.33,48.22,35.64"
ziqian,normal_work,ziqian_normal_work_data.csv,1974,2026-07-27T13:55:18.687,81.630754,0.5269999999910624,0.06,0.88,0.46,5.8,56.7,29.85,0.9947864092356711,64.3393542087578,"0.06,0.88,0.46,5.80,56.70,29.85"
ziqian,normal_work,ziqian_normal_work_data.csv,1975,2026-07-27T13:55:18.926,81.86969,238.93600000000959,0.09,0.96,0.33,-10.19,47.91,30.7,1.0191172650877818,57.80738880108667,"0.09,0.96,0.33,-10.19,47.91,30.70"
ziqian,normal_work,ziqian_normal_work_data.csv,1976,2026-07-27T13:55:18.926,81.870027,0.3369999999875972,0.09,0.96,0.33,-21.0,36.99,27.1,1.0191172650877818,50.43481039916776,"0.09,0.96,0.33,-21.00,36.99,27.10"
ziqian,normal_work,ziqian_normal_work_data.csv,1977,2026-07-27T13:55:18.926,81.870221,0.194000000007577,0.2,1.02,0.2,-13.12,41.38,26.0,1.0584894897919392,50.60077865013541,"0.20,1.02,0.20,-13.12,41.38,26.00"
ziqian,normal_work,ziqian_normal_work_data.csv,1978,2026-07-27T13:55:18.927,81.870699,0.47800000000108867,0.25,1.06,0.16,9.4,33.63,20.08,1.10077245605075,40.28080560266888,"0.25,1.06,0.16,9.40,33.63,20.08"
ziqian,normal_work,ziqian_normal_work_data.csv,1979,2026-07-27T13:55:18.927,81.870759,0.060000000004833964,0.3,1.14,0.21,41.63,-0.73,7.2,1.1973721226085063,42.25434652198517,"0.30,1.14,0.21,41.63,-0.73,7.20"
ziqian,normal_work,ziqian_normal_work_data.csv,1980,2026-07-27T13:55:18.927,81.87091,0.15099999998824387,0.31,1.17,0.34,74.34,-34.3,-6.1,1.25721915352893,82.0983288502269,"0.31,1.17,0.34,74.34,-34.30,-6.10"
ziqian,normal_work,ziqian_normal_work_data.csv,1981,2026-07-27T13:55:18.985,81.928918,58.00800000000095,-0.25,1.0,0.59,121.03,-26.98,-65.25,1.1876868274086398,140.12046174631314,"-0.25,1.00,0.59,121.03,-26.98,-65.25"
ziqian,normal_work,ziqian_normal_work_data.csv,1982,2026-07-27T13:55:19.407,82.351192,422.2740000000016,-0.33,0.96,0.7,125.18,21.91,-74.65,1.233085560697229,147.3862374850515,"-0.33,0.96,0.70,125.18,21.91,-74.65"
ziqian,normal_work,ziqian_normal_work_data.csv,1983,2026-07-27T13:55:19.407,82.351446,0.2539999999982001,-0.21,0.98,0.68,125.18,21.91,-74.65,1.211156472137271,147.3862374850515,"-0.21,0.98,0.68,125.18,21.91,-74.65"
ziqian,normal_work,ziqian_normal_work_data.csv,1984,2026-07-27T13:55:19.407,82.351558,0.11200000000144428,-0.0,1.01,0.56,112.55,47.49,-67.69,1.1548592987892508,139.65936667477766,"-0.00,1.01,0.56,112.55,47.49,-67.69"
ziqian,normal_work,ziqian_normal_work_data.csv,1985,2026-07-27T13:55:19.408,82.351793,0.23500000000353793,0.06,0.96,0.45,93.93,34.24,-62.56,1.0619322012256713,117.93632222517371,"0.06,0.96,0.45,93.93,34.24,-62.56"
ziqian,normal_work,ziqian_normal_work_data.csv,1986,2026-07-27T13:55:19.408,82.351816,0.022999999998774,-0.03,0.84,0.39,65.67,3.23,-58.23,0.92660671268883,87.82775586339434,"-0.03,0.84,0.39,65.67,3.23,-58.23"
ziqian,normal_work,ziqian_normal_work_data.csv,1987,2026-07-27T13:55:19.408,82.352004,0.18799999999430383,-0.06,0.73,0.34,28.38,-7.14,-49.13,0.8075270893288967,57.185320668856974,"-0.06,0.73,0.34,28.38,-7.14,-49.13"
ziqian,normal_work,ziqian_normal_work_data.csv,1988,2026-07-27T13:55:19.408,82.352076,0.07200000000295859,0.03,0.69,0.29,-1.22,22.34,-32.65,0.7490660852021002,39.58012758948612,"0.03,0.69,0.29,-1.22,22.34,-32.65"
ziqian,normal_work,ziqian_normal_work_data.csv,1989,2026-07-27T13:55:19.408,82.352147,0.07100000000548334,0.09,0.67,0.25,-23.56,54.93,-9.83,0.7207634840916957,60.57233196765665,"0.09,0.67,0.25,-23.56,54.93,-9.83"
ziqian,normal_work,ziqian_normal_work_data.csv,1990,2026-07-27T13:55:19.409,82.353501,1.3539999999920838,0.07,0.69,0.23,-44.19,63.9,13.31,0.7306846104852626,78.82336075047803,"0.07,0.69,0.23,-44.19,63.90,13.31"
ziqian,normal_work,ziqian_normal_work_data.csv,1991,2026-07-27T13:55:19.410,82.353678,0.1770000000078653,0.02,0.8,0.24,-60.49,63.84,34.48,0.8354639429682169,94.46404659975137,"0.02,0.80,0.24,-60.49,63.84,34.48"
ziqian,normal_work,ziqian_normal_work_data.csv,1992,2026-07-27T13:55:19.645,82.588854,235.1759999999956,-0.12,1.08,0.07,-82.15,59.02,61.28,1.088898526034451,118.26758347070428,"-0.12,1.08,0.07,-82.15,59.02,61.28"
ziqian,normal_work,ziqian_normal_work_data.csv,1993,2026-07-27T13:55:19.645,82.589365,0.5110000000030368,-0.22,1.6,-0.28,-105.41,39.31,99.49,1.6391461191730285,150.18256989411253,"-0.22,1.60,-0.28,-105.41,39.31,99.49"
ziqian,normal_work,ziqian_normal_work_data.csv,1994,2026-07-27T13:55:19.645,82.589527,0.1620000000031041,-0.17,1.69,-0.28,-88.26,28.75,136.96,1.7214528747543454,165.45220367223882,"-0.17,1.69,-0.28,-88.26,28.75,136.96"
ziqian,normal_work,ziqian_normal_work_data.csv,1995,2026-07-27T13:55:19.646,82.589782,0.25499999999567535,-0.12,1.04,0.05,-4.82,28.81,114.26,1.0480935072788116,117.93471117529394,"-0.12,1.04,0.05,-4.82,28.81,114.26"
ziqian,normal_work,ziqian_normal_work_data.csv,1996,2026-07-27T13:55:19.646,82.590561,0.778999999994312,-0.0,0.53,0.31,66.96,-1.1,21.85,0.6140032573203501,70.44341062157623,"-0.00,0.53,0.31,66.96,-1.10,21.85"
ziqian,normal_work,ziqian_normal_work_data.csv,1997,2026-07-27T13:55:19.647,82.590844,0.2830000000102473,0.27,0.66,0.53,41.93,-62.62,-58.96,0.8884818512496472,95.68527002626894,"0.27,0.66,0.53,41.93,-62.62,-58.96"
ziqian,normal_work,ziqian_normal_work_data.csv,1998,2026-07-27T13:55:20.065,83.00898,418.13599999998985,0.37,1.05,0.57,-33.14,-105.59,-79.53,1.2507197927593534,136.2810647155356,"0.37,1.05,0.57,-33.14,-105.59,-79.53"
ziqian,normal_work,ziqian_normal_work_data.csv,1999,2026-07-27T13:55:20.065,83.009281,0.3010000000074342,0.2,1.17,0.36,-67.69,-69.95,-28.81,1.2403628501370072,101.51332277095456,"0.20,1.17,0.36,-67.69,-69.95,-28.81"
ziqian,normal_work,ziqian_normal_work_data.csv,2000,2026-07-27T13:55:20.066,83.009697,0.4160000000013042,-0.0,0.95,0.3,-30.03,9.95,30.21,0.9962429422585637,43.742970863899956,"-0.00,0.95,0.30,-30.03,9.95,30.21"
ziqian,normal_work,ziqian_normal_work_data.csv,2001,2026-07-27T13:55:20.066,83.010416,0.7190000000036889,-0.06,0.7,0.43,18.49,59.2,41.56,0.8237111144084435,74.65757630676207,"-0.06,0.70,0.43,18.49,59.20,41.56"
ziqian,normal_work,ziqian_normal_work_data.csv,2002,2026-07-27T13:55:20.067,83.010657,0.2409999999883894,0.03,0.7,0.48,13.49,77.64,41.87,0.8492938243034621,89.23590420901219,"0.03,0.70,0.48,13.49,77.64,41.87"
ziqian,normal_work,ziqian_normal_work_data.csv,2003,2026-07-27T13:55:20.067,83.010954,0.2970000000033224,0.24,0.9,0.45,-22.34,63.23,36.38,1.034456378974,76.29294135108438,"0.24,0.90,0.45,-22.34,63.23,36.38"
ziqian,normal_work,ziqian_normal_work_data.csv,2004,2026-07-27T13:55:20.068,83.012309,1.3550000000037699,0.5,1.03,0.43,-54.63,-12.57,6.96,1.2230290266383705,56.48790490007573,"0.50,1.03,0.43,-54.63,-12.57,6.96"
ziqian,normal_work,ziqian_normal_work_data.csv,2005,2026-07-27T13:55:20.068,83.012527,0.21800000000382624,0.48,1.05,0.33,-88.93,-107.6,-3.91,1.20074976577137,139.64810417617562,"0.48,1.05,0.33,-88.93,-107.60,-3.91"
ziqian,normal_work,ziqian_normal_work_data.csv,2006,2026-07-27T13:55:20.069,83.012728,0.2009999999899037,0.23,1.02,0.18,-107.91,-138.92,22.58,1.0609901036296239,177.3504747667736,"0.23,1.02,0.18,-107.91,-138.92,22.58"
ziqian,normal_work,ziqian_normal_work_data.csv,2007,2026-07-27T13:55:20.069,83.013176,0.4480000000057771,0.23,0.86,0.24,-67.87,-102.36,30.21,0.9220086767487603,126.47747072107349,"0.23,0.86,0.24,-67.87,-102.36,30.21"
ziqian,normal_work,ziqian_normal_work_data.csv,2008,2026-07-27T13:55:20.070,83.01394,0.7640000000037617,0.43,0.7,0.41,10.25,-15.93,24.23,0.9181503144910423,30.75581733591224,"0.43,0.70,0.41,10.25,-15.93,24.23"
ziqian,normal_work,ziqian_normal_work_data.csv,2009,2026-07-27T13:55:20.126,83.069827,55.886999999998466,0.4,0.75,0.49,68.42,93.69,39.73,0.9811218069128828,122.62783289286327,"0.40,0.75,0.49,68.42,93.69,39.73"
ziqian,normal_work,ziqian_normal_work_data.csv,2010,2026-07-27T13:55:20.544,83.488459,418.63200000000234,0.18,0.9,0.5,68.48,149.17,60.24,1.0451794104363137,174.8429492430278,"0.18,0.90,0.50,68.48,149.17,60.24"
ziqian,normal_work,ziqian_normal_work_data.csv,2011,2026-07-27T13:55:20.545,83.488926,0.4670000000004393,0.01,0.97,0.48,20.14,112.67,60.0,1.0823123393919152,129.22905439567373,"0.01,0.97,0.48,20.14,112.67,60.00"
ziqian,normal_work,ziqian_normal_work_data.csv,2012,2026-07-27T13:55:20.545,83.489155,0.22899999999026477,0.02,1.01,0.36,-30.09,23.19,31.37,1.0724271537032246,49.267241652034876,"0.02,1.01,0.36,-30.09,23.19,31.37"
ziqian,normal_work,ziqian_normal_work_data.csv,2013,2026-07-27T13:55:20.546,83.489787,0.63200000001018,0.22,1.0,0.21,-46.26,-45.53,-3.23,1.0452272480183435,64.9877019135159,"0.22,1.00,0.21,-46.26,-45.53,-3.23"
ziqian,normal_work,ziqian_normal_work_data.csv,2014,2026-07-27T13:55:20.546,83.490258,0.47099999999034026,0.45,0.93,0.23,-14.95,-31.19,-12.39,1.0584422516131904,36.74004218832635,"0.45,0.93,0.23,-14.95,-31.19,-12.39"
ziqian,normal_work,ziqian_normal_work_data.csv,2015,2026-07-27T13:55:20.725,83.668767,178.50900000000536,0.56,0.9,0.35,37.17,38.27,4.58,1.116288493177279,53.54603813542138,"0.56,0.90,0.35,37.17,38.27,4.58"
ziqian,normal_work,ziqian_normal_work_data.csv,2016,2026-07-27T13:55:20.725,83.669046,0.2789999999919246,0.54,1.0,0.28,58.23,62.87,19.23,1.1704699910719625,87.82461329262998,"0.54,1.00,0.28,58.23,62.87,19.23"
ziqian,normal_work,ziqian_normal_work_data.csv,2017,2026-07-27T13:55:20.725,83.669216,0.17000000001132776,0.39,1.19,0.08,41.69,5.98,10.19,1.2548306658669128,43.331888950286945,"0.39,1.19,0.08,41.69,5.98,10.19"
ziqian,normal_work,ziqian_normal_work_data.csv,2018,2026-07-27T13:55:20.726,83.669616,0.39999999999906777,0.2,1.25,0.04,35.22,-89.84,-33.51,1.2665306944563168,102.14986098864746,"0.20,1.25,0.04,35.22,-89.84,-33.51"
ziqian,normal_work,ziqian_normal_work_data.csv,2019,2026-07-27T13:55:20.726,83.670126,0.5099999999913507,0.1,1.15,0.28,68.42,-164.31,-102.72,1.1878131166138888,205.50053746888352,"0.10,1.15,0.28,68.42,-164.31,-102.72"
ziqian,normal_work,ziqian_normal_work_data.csv,2020,2026-07-27T13:55:20.727,83.67063,0.5040000000064992,0.25,0.98,0.58,101.68,-188.72,-156.43,1.1658902178164117,265.37597046454675,"0.25,0.98,0.58,101.68,-188.72,-156.43"
ziqian,normal_work,ziqian_normal_work_data.csv,2021,2026-07-27T13:55:20.727,83.671403,0.7729999999952497,0.63,0.83,0.59,92.04,-177.25,-161.99,1.1974556359214314,257.1569252421564,"0.63,0.83,0.59,92.04,-177.25,-161.99"
ziqian,normal_work,ziqian_normal_work_data.csv,2022,2026-07-27T13:55:20.728,83.671761,0.3580000000056316,0.8,0.72,0.5,62.93,-137.51,-116.64,1.1867602959317438,190.98186982014812,"0.80,0.72,0.50,62.93,-137.51,-116.64"
ziqian,normal_work,ziqian_normal_work_data.csv,2023,2026-07-27T13:55:20.729,83.672634,0.8729999999985694,0.53,0.6,0.55,36.19,-85.51,-43.88,0.9712878049270464,102.69922395032984,"0.53,0.60,0.55,36.19,-85.51,-43.88"
ziqian,normal_work,ziqian_normal_work_data.csv,2024,2026-07-27T13:55:20.729,83.672832,0.19799999999747797,0.17,0.56,0.61,0.98,-47.91,22.28,0.8453401682163223,52.84625719954063,"0.17,0.56,0.61,0.98,-47.91,22.28"
ziqian,normal_work,ziqian_normal_work_data.csv,2025,2026-07-27T13:55:21.208,84.151766,478.9339999999953,-0.03,0.65,0.61,-52.73,-42.72,59.51,0.8919080670113934,90.26013184125092,"-0.03,0.65,0.61,-52.73,-42.72,59.51"
ziqian,normal_work,ziqian_normal_work_data.csv,2026,2026-07-27T13:55:21.208,84.152103,0.3370000000018081,-0.02,0.85,0.65,-117.68,-82.89,59.51,1.070233619356073,155.7587063377197,"-0.02,0.85,0.65,-117.68,-82.89,59.51"
ziqian,normal_work,ziqian_normal_work_data.csv,2027,2026-07-27T13:55:21.208,84.152372,0.2690000000029613,-0.02,1.05,0.77,-147.22,-125.12,38.27,1.3022288585344743,196.96023888084622,"-0.02,1.05,0.77,-147.22,-125.12,38.27"
ziqian,normal_work,ziqian_normal_work_data.csv,2028,2026-07-27T13:55:21.209,84.152583,0.2110000000072887,-0.38,1.17,0.69,-136.54,-139.47,21.18,1.4104609175726919,196.3253547048878,"-0.38,1.17,0.69,-136.54,-139.47,21.18"
ziqian,normal_work,ziqian_normal_work_data.csv,2029,2026-07-27T13:55:21.209,84.15297,0.38699999998925705,-0.39,1.1,0.54,-131.23,-161.25,13.79,1.2859626744194408,208.35796001113084,"-0.39,1.10,0.54,-131.23,-161.25,13.79"
ziqian,normal_work,ziqian_normal_work_data.csv,2030,2026-07-27T13:55:21.209,84.153203,0.23300000000858745,0.16,0.99,0.4,-97.66,-127.14,-2.62,1.0796758772891057,160.34001247349335,"0.16,0.99,0.40,-97.66,-127.14,-2.62"
ziqian,normal_work,ziqian_normal_work_data.csv,2031,2026-07-27T13:55:21.209,84.153426,0.22299999999120246,0.58,0.97,-0.08,-17.94,0.55,-23.56,1.1330048543585327,29.617894928573165,"0.58,0.97,-0.08,-17.94,0.55,-23.56"
ziqian,normal_work,ziqian_normal_work_data.csv,2032,2026-07-27T13:55:21.210,84.153869,0.44300000000419004,0.8,1.01,-0.29,29.11,48.16,-38.94,1.3206816421833083,68.4331885856563,"0.80,1.01,-0.29,29.11,48.16,-38.94"
ziqian,normal_work,ziqian_normal_work_data.csv,2033,2026-07-27T13:55:21.210,84.154056,0.1869999999968286,0.75,0.99,0.08,8.61,-50.42,-47.97,1.2445882853377659,70.12438520229607,"0.75,0.99,0.08,8.61,-50.42,-47.97"
ziqian,normal_work,ziqian_normal_work_data.csv,2034,2026-07-27T13:55:21.210,84.154285,0.22900000000447562,0.51,0.92,0.48,-28.38,-141.6,-36.62,1.1562439189029277,148.98660610940837,"0.51,0.92,0.48,-28.38,-141.60,-36.62"
ziqian,normal_work,ziqian_normal_work_data.csv,2035,2026-07-27T13:55:21.211,84.154718,0.4330000000010159,0.24,0.85,0.61,-32.35,-128.42,-11.78,1.0734057946554973,132.95483180388743,"0.24,0.85,0.61,-32.35,-128.42,-11.78"
ziqian,normal_work,ziqian_normal_work_data.csv,2036,2026-07-27T13:55:21.211,84.154892,0.17400000000122873,0.05,0.82,0.5,-19.59,-71.66,1.28,0.961717214153932,74.30048519357057,"0.05,0.82,0.50,-19.59,-71.66,1.28"
ziqian,normal_work,ziqian_normal_work_data.csv,2037,2026-07-27T13:55:21.329,84.272947,118.05499999999824,0.14,0.8,0.38,-24.48,-67.63,-15.87,0.8966604708583958,73.65422051722494,"0.14,0.80,0.38,-24.48,-67.63,-15.87"
ziqian,normal_work,ziqian_normal_work_data.csv,2038,2026-07-27T13:55:21.329,84.273051,0.10399999999322063,0.4,0.84,0.36,-40.77,-107.36,-45.9,0.997597113067194,123.67365321684323,"0.40,0.84,0.36,-40.77,-107.36,-45.90"
ziqian,normal_work,ziqian_normal_work_data.csv,2039,2026-07-27T13:55:21.445,84.388814,115.76300000000117,0.46,0.93,0.37,-44.49,-111.63,-53.59,1.101544370418187,131.57699304969694,"0.46,0.93,0.37,-44.49,-111.63,-53.59"
ziqian,normal_work,ziqian_normal_work_data.csv,2040,2026-07-27T13:55:21.445,84.389012,0.19799999999747797,0.38,0.9,0.37,-37.17,-90.82,-59.45,1.0446530524533013,114.73527705113192,"0.38,0.90,0.37,-37.17,-90.82,-59.45"
ziqian,normal_work,ziqian_normal_work_data.csv,2041,2026-07-27T13:55:21.446,84.389714,0.7020000000039772,0.38,0.9,0.37,-43.64,-95.46,-81.85,1.0446530524533013,133.10328207824176,"0.38,0.90,0.37,-43.64,-95.46,-81.85"
ziqian,normal_work,ziqian_normal_work_data.csv,2042,2026-07-27T13:55:21.569,84.512846,123.13199999999824,0.39,0.85,0.42,-46.45,-110.29,-109.44,1.0251829105091441,162.1684315765556,"0.39,0.85,0.42,-46.45,-110.29,-109.44"
ziqian,normal_work,ziqian_normal_work_data.csv,2043,2026-07-27T13:55:21.569,84.512992,0.14600000000086766,0.41,0.83,0.48,-31.98,-108.58,-136.6,1.0427847332982967,177.4032040296905,"0.41,0.83,0.48,-31.98,-108.58,-136.60"
ziqian,normal_work,ziqian_normal_work_data.csv,2044,2026-07-27T13:55:21.569,84.513097,0.10500000000490672,0.38,0.9,0.49,-20.63,-90.94,-144.29,1.092931836849856,171.80012980204643,"0.38,0.90,0.49,-20.63,-90.94,-144.29"
ziqian,normal_work,ziqian_normal_work_data.csv,2045,2026-07-27T13:55:21.925,84.868827,355.7299999999941,0.34,0.93,0.47,-11.9,-60.06,-125.55,1.0960839383915815,139.68398655536717,"0.34,0.93,0.47,-11.90,-60.06,-125.55"
ziqian,normal_work,ziqian_normal_work_data.csv,2046,2026-07-27T13:55:21.925,84.869016,0.18900000000598993,0.09,0.71,0.4,29.85,10.25,-62.26,0.8198780397107853,69.80252574226809,"0.09,0.71,0.40,29.85,10.25,-62.26"
ziqian,normal_work,ziqian_normal_work_data.csv,2047,2026-07-27T13:55:21.926,84.869683,0.6669999999928677,-0.04,0.71,0.41,34.24,4.88,-20.87,0.8208532146492453,40.39491180829586,"-0.04,0.71,0.41,34.24,4.88,-20.87"
ziqian,normal_work,ziqian_normal_work_data.csv,2048,2026-07-27T13:55:21.926,84.869939,0.25600000000736145,-0.06,0.82,0.5,34.24,4.88,-20.87,0.9622889378975527,40.39491180829586,"-0.06,0.82,0.50,34.24,4.88,-20.87"
ziqian,normal_work,ziqian_normal_work_data.csv,2049,2026-07-27T13:55:21.926,84.870383,0.4440000000016653,-0.05,0.91,0.55,23.01,-15.38,-1.89,1.0644716999526103,27.741243663541837,"-0.05,0.91,0.55,23.01,-15.38,-1.89"
ziqian,normal_work,ziqian_normal_work_data.csv,2050,2026-07-27T13:55:21.927,84.871066,0.6829999999951042,-0.06,0.94,0.45,3.36,-19.84,2.81,1.0438869670610895,20.317758242483347,"-0.06,0.94,0.45,3.36,-19.84,2.81"
ziqian,normal_work,ziqian_normal_work_data.csv,2051,2026-07-27T13:55:21.927,84.871492,0.42600000000447835,-0.13,1.01,0.31,-19.1,-29.91,17.52,1.0644716999526103,39.57737358643193,"-0.13,1.01,0.31,-19.10,-29.91,17.52"
ziqian,normal_work,ziqian_normal_work_data.csv,2052,2026-07-27T13:55:21.928,84.872169,0.6769999999960419,-0.15,1.08,0.2,-32.84,-59.45,32.59,1.1085576214162258,75.33177417265573,"-0.15,1.08,0.20,-32.84,-59.45,32.59"
ziqian,normal_work,ziqian_normal_work_data.csv,2053,2026-07-27T13:55:22.166,85.109888,237.71899999999846,0.03,1.05,0.21,-23.62,-86.36,19.65,1.0712142642814275,91.66284143533846,"0.03,1.05,0.21,-23.62,-86.36,19.65"
ziqian,normal_work,ziqian_normal_work_data.csv,2054,2026-07-27T13:55:22.166,85.110015,0.12700000000620548,0.17,0.99,0.24,12.02,-59.27,-4.21,1.0327632836231155,60.62291151041824,"0.17,0.99,0.24,12.02,-59.27,-4.21"
ziqian,normal_work,ziqian_normal_work_data.csv,2055,2026-07-27T13:55:22.166,85.110126,0.11099999998975818,0.13,0.98,0.25,58.65,16.66,-5.37,1.0197058399362045,61.2063313718442,"0.13,0.98,0.25,58.65,16.66,-5.37"
ziqian,normal_work,ziqian_normal_work_data.csv,2056,2026-07-27T13:55:22.166,85.110477,0.35100000000909404,0.05,1.01,0.31,88.56,51.76,2.69,1.0576861538282516,102.61192572016179,"0.05,1.01,0.31,88.56,51.76,2.69"
ziqian,normal_work,ziqian_normal_work_data.csv,2057,2026-07-27T13:55:22.167,85.110751,0.27399999999033753,0.07,1.05,0.3,85.94,18.25,1.46,1.0942577392917996,87.86852508151027,"0.07,1.05,0.30,85.94,18.25,1.46"
ziqian,normal_work,ziqian_normal_work_data.csv,2058,2026-07-27T13:55:22.167,85.111112,0.3610000000122682,0.19,1.05,0.23,67.26,-48.03,-7.14,1.0915585188161008,82.95642289780822,"0.19,1.05,0.23,67.26,-48.03,-7.14"
ziqian,normal_work,ziqian_normal_work_data.csv,2059,2026-07-27T13:55:22.346,85.289795,178.68299999999238,0.24,1.04,0.25,60.12,-103.88,-16.85,1.0962207806824318,121.19979909224271,"0.24,1.04,0.25,60.12,-103.88,-16.85"
ziqian,normal_work,ziqian_normal_work_data.csv,2060,2026-07-27T13:55:22.346,85.28995,0.15500000000656655,0.0,1.01,0.25,66.16,-118.65,-15.08,1.0404806581575652,136.68348290850656,"0.00,1.01,0.25,66.16,-118.65,-15.08"
ziqian,normal_work,ziqian_normal_work_data.csv,2061,2026-07-27T13:55:22.346,85.290272,0.32199999999704687,-0.28,0.94,0.26,68.91,-106.14,-11.17,1.0146920715172658,127.03958674366034,"-0.28,0.94,0.26,68.91,-106.14,-11.17"
ziqian,normal_work,ziqian_normal_work_data.csv,2062,2026-07-27T13:55:22.346,85.290557,0.28500000000519776,-0.22,0.86,0.27,48.71,-78.92,-16.24,0.9278469701410895,94.15289745939846,"-0.22,0.86,0.27,48.71,-78.92,-16.24"
ziqian,normal_work,ziqian_normal_work_data.csv,2063,2026-07-27T13:55:22.347,85.290635,0.07799999998781004,0.03,0.78,0.27,6.29,-40.28,-15.2,0.8259539938761723,43.50956791327627,"0.03,0.78,0.27,6.29,-40.28,-15.20"
ziqian,normal_work,ziqian_normal_work_data.csv,2064,2026-07-27T13:55:22.404,85.348541,57.90600000000268,0.12,0.71,0.26,-28.75,-15.2,-0.67,0.7655716818169283,32.527702039953574,"0.12,0.71,0.26,-28.75,-15.20,-0.67"
ziqian,normal_work,ziqian_normal_work_data.csv,2065,2026-07-27T13:55:22.465,85.409297,60.75599999999781,0.01,0.74,0.19,-45.23,-18.86,14.4,0.7640680597957227,51.07653570867938,"0.01,0.74,0.19,-45.23,-18.86,14.40"
ziqian,normal_work,ziqian_normal_work_data.csv,2066,2026-07-27T13:55:22.465,85.409453,0.1560000000040418,-0.11,0.92,0.04,-65.43,-43.15,18.8,0.9274157643689265,80.60054218179926,"-0.11,0.92,0.04,-65.43,-43.15,18.80"
ziqian,normal_work,ziqian_normal_work_data.csv,2067,2026-07-27T13:55:22.886,85.829726,420.27299999999457,-0.04,1.16,-0.15,-89.05,-72.75,13.61,1.170341830406826,115.7916106632946,"-0.04,1.16,-0.15,-89.05,-72.75,13.61"
ziqian,normal_work,ziqian_normal_work_data.csv,2068,2026-07-27T13:55:22.886,85.829915,0.18900000000598993,0.11,1.3,-0.19,-82.28,-70.56,16.66,1.3184081310428877,109.6643406034979,"0.11,1.30,-0.19,-82.28,-70.56,16.66"
ziqian,normal_work,ziqian_normal_work_data.csv,2069,2026-07-27T13:55:22.886,85.830005,0.09000000000014552,0.1,1.2,0.02,-44.49,-32.29,26.43,1.2043255373859678,60.99630398638921,"0.10,1.20,0.02,-44.49,-32.29,26.43"
ziqian,normal_work,ziqian_normal_work_data.csv,2070,2026-07-27T13:55:22.886,85.830158,0.1529999999974052,0.14,0.96,0.35,-11.29,-28.26,3.97,1.0313583276436953,30.689617136745127,"0.14,0.96,0.35,-11.29,-28.26,3.97"
ziqian,normal_work,ziqian_normal_work_data.csv,2071,2026-07-27T13:55:22.886,85.830243,0.08499999999855845,0.13,0.91,0.51,1.77,-50.05,-27.65,1.0512373661547616,57.20714902877087,"0.13,0.91,0.51,1.77,-50.05,-27.65"
ziqian,normal_work,ziqian_normal_work_data.csv,2072,2026-07-27T13:55:22.888,85.832414,2.171000000004142,0.0,0.97,0.43,-0.79,-20.39,-7.87,1.061037228376083,21.870370367234298,"0.00,0.97,0.43,-0.79,-20.39,-7.87"
ziqian,normal_work,ziqian_normal_work_data.csv,2073,2026-07-27T13:55:22.889,85.83266,0.2460000000041873,-0.0,0.89,0.42,3.6,34.12,8.85,0.9841239759298622,35.43242723833635,"-0.00,0.89,0.42,3.60,34.12,8.85"
ziqian,normal_work,ziqian_normal_work_data.csv,2074,2026-07-27T13:55:22.889,85.832893,0.2329999999943766,0.14,0.79,0.57,13.92,56.7,-11.84,0.9841747812253675,59.57215792633334,"0.14,0.79,0.57,13.92,56.70,-11.84"
ziqian,normal_work,ziqian_normal_work_data.csv,2075,2026-07-27T13:55:22.889,85.833264,0.37100000000123146,0.36,0.8,0.62,-6.1,41.08,-16.6,1.074243920159663,44.72512045819441,"0.36,0.80,0.62,-6.10,41.08,-16.60"
ziqian,normal_work,ziqian_normal_work_data.csv,2076,2026-07-27T13:55:22.889,85.833377,0.11299999999891952,0.54,0.91,0.44,-46.94,-7.2,0.18,1.145993019175946,47.48932511628271,"0.54,0.91,0.44,-46.94,-7.20,0.18"
ziqian,normal_work,ziqian_normal_work_data.csv,2077,2026-07-27T13:55:23.007,85.951468,118.09100000000683,0.48,1.03,0.21,-63.66,-32.96,35.03,1.1555950847939775,79.78758111385505,"0.48,1.03,0.21,-63.66,-32.96,35.03"
ziqian,normal_work,ziqian_normal_work_data.csv,2078,2026-07-27T13:55:23.008,85.951593,0.12499999999704414,0.23,1.05,0.12,-44.62,-11.05,81.6,1.0815729286552986,93.65685719689722,"0.23,1.05,0.12,-44.62,-11.05,81.60"
ziqian,normal_work,ziqian_normal_work_data.csv,2079,2026-07-27T13:55:23.008,85.951702,0.1089999999948077,0.07,0.96,0.23,-10.25,10.86,102.11,0.9896464014990405,103.19619275922925,"0.07,0.96,0.23,-10.25,10.86,102.11"
ziqian,normal_work,ziqian_normal_work_data.csv,2080,2026-07-27T13:55:23.126,86.070429,118.72700000000691,0.12,0.89,0.37,21.24,33.08,83.25,0.9712878049270464,92.06512097423214,"0.12,0.89,0.37,21.24,33.08,83.25"
ziqian,normal_work,ziqian_normal_work_data.csv,2081,2026-07-27T13:55:23.127,86.070683,0.2539999999982001,0.24,0.87,0.39,34.06,80.26,51.51,0.9831581764904364,101.26712842773809,"0.24,0.87,0.39,34.06,80.26,51.51"
ziqian,normal_work,ziqian_normal_work_data.csv,2082,2026-07-27T13:55:23.127,86.070708,0.024999999993724487,0.31,0.88,0.34,23.38,122.92,18.55,0.9930256794262674,126.49131709330882,"0.31,0.88,0.34,23.38,122.92,18.55"
ziqian,normal_work,ziqian_normal_work_data.csv,2083,2026-07-27T13:55:23.305,86.248837,178.12899999999843,0.29,0.89,0.32,5.25,131.96,-13.0,0.9892421341612982,132.70269062833654,"0.29,0.89,0.32,5.25,131.96,-13.00"
ziqian,normal_work,ziqian_normal_work_data.csv,2084,2026-07-27T13:55:23.305,86.249269,0.43200000000354066,0.28,0.91,0.32,-6.23,118.59,-22.58,1.0044401425669924,120.88117057672797,"0.28,0.91,0.32,-6.23,118.59,-22.58"
ziqian,normal_work,ziqian_normal_work_data.csv,2085,2026-07-27T13:55:23.306,86.24965,0.3810000000044056,0.26,0.97,0.28,-6.1,108.83,2.32,1.042544963059148,109.02550756589028,"0.26,0.97,0.28,-6.10,108.83,2.32"
ziqian,normal_work,ziqian_normal_work_data.csv,2086,2026-07-27T13:55:23.306,86.249944,0.2939999999966858,0.09,1.11,0.25,1.59,102.48,45.59,1.141358839278866,112.17453632620908,"0.09,1.11,0.25,1.59,102.48,45.59"
ziqian,normal_work,ziqian_normal_work_data.csv,2087,2026-07-27T13:55:23.306,86.250288,0.34399999999834563,-0.21,1.27,0.11,10.25,56.27,56.15,1.2919365309487925,80.1510941909092,"-0.21,1.27,0.11,10.25,56.27,56.15"
ziqian,normal_work,ziqian_normal_work_data.csv,2088,2026-07-27T13:55:23.426,86.370471,120.18299999999726,-0.24,1.33,-0.0,49.68,-17.27,0.73,1.351480669488099,52.60121861706247,"-0.24,1.33,-0.00,49.68,-17.27,0.73"
ziqian,normal_work,ziqian_normal_work_data.csv,2089,2026-07-27T13:55:23.427,86.370688,0.217000000006351,-0.0,1.26,0.15,114.99,-21.24,-79.83,1.2688971589533962,141.5862514511914,"-0.00,1.26,0.15,114.99,-21.24,-79.83"
ziqian,normal_work,ziqian_normal_work_data.csv,2090,2026-07-27T13:55:23.427,86.370749,0.06100000000230921,0.11,1.07,0.39,151.79,48.89,-127.08,1.144159079848602,203.91116350018703,"0.11,1.07,0.39,151.79,48.89,-127.08"
ziqian,normal_work,ziqian_normal_work_data.csv,2091,2026-07-27T13:55:23.785,86.729572,358.823000000001,0.07,0.91,0.52,135.8,95.09,-122.31,1.0504284840006959,206.0181647331128,"0.07,0.91,0.52,135.80,95.09,-122.31"
ziqian,normal_work,ziqian_normal_work_data.csv,2092,2026-07-27T13:55:23.786,86.729838,0.26599999999632473,0.03,0.85,0.49,84.17,90.09,-86.91,0.981580358401695,150.84477153683517,"0.03,0.85,0.49,84.17,90.09,-86.91"
ziqian,normal_work,ziqian_normal_work_data.csv,2093,2026-07-27T13:55:23.786,86.729954,0.1160000000055561,0.06,0.85,0.44,36.68,57.8,-55.18,0.9590099061010788,87.92664442590767,"0.06,0.85,0.44,36.68,57.80,-55.18"
ziqian,normal_work,ziqian_normal_work_data.csv,2094,2026-07-27T13:55:23.786,86.730047,0.09299999999257125,0.07,0.81,0.37,6.41,15.93,-28.08,0.8932524839036274,32.91412158937254,"0.07,0.81,0.37,6.41,15.93,-28.08"
ziqian,normal_work,ziqian_normal_work_data.csv,2095,2026-07-27T13:55:23.789,86.733209,3.162000000003218,-0.04,0.76,0.24,-23.07,-16.3,7.02,0.7979974937304002,29.106619522026257,"-0.04,0.76,0.24,-23.07,-16.30,7.02"
ziqian,normal_work,ziqian_normal_work_data.csv,2096,2026-07-27T13:55:23.790,86.733619,0.4100000000022419,-0.12,0.74,0.22,-43.88,-28.69,36.62,0.7812809993849844,63.94994057854941,"-0.12,0.74,0.22,-43.88,-28.69,36.62"
ziqian,normal_work,ziqian_normal_work_data.csv,2097,2026-07-27T13:55:23.790,86.733694,0.07499999999538431,-0.08,0.73,0.34,-38.76,-6.35,47.42,0.8092589202474075,61.573667261257064,"-0.08,0.73,0.34,-38.76,-6.35,47.42"
ziqian,normal_work,ziqian_normal_work_data.csv,2098,2026-07-27T13:55:23.845,86.789347,55.653000000006614,-0.02,0.71,0.38,-30.46,37.35,52.86,0.8055432949258531,71.53330483068709,"-0.02,0.71,0.38,-30.46,37.35,52.86"
ziqian,normal_work,ziqian_normal_work_data.csv,2099,2026-07-27T13:55:23.845,86.789496,0.14899999999329339,0.04,0.76,0.36,-45.35,65.86,67.69,0.8419026071939676,104.7668754902999,"0.04,0.76,0.36,-45.35,65.86,67.69"
ziqian,normal_work,ziqian_normal_work_data.csv,2100,2026-07-27T13:55:23.846,86.789599,0.10299999999574538,0.04,1.17,0.08,-80.81,84.78,109.37,1.1734138229968145,160.24887331897222,"0.04,1.17,0.08,-80.81,84.78,109.37"
ziqian,normal_work,ziqian_normal_work_data.csv,2101,2026-07-27T13:55:24.384,87.328518,538.919000000007,0.13,1.56,-0.34,-112.67,100.04,210.88,1.601905115791819,259.17736185863146,"0.13,1.56,-0.34,-112.67,100.04,210.88"
ziqian,normal_work,ziqian_normal_work_data.csv,2102,2026-07-27T13:55:24.385,87.328727,0.20899999999812735,0.42,1.42,-0.26,-79.35,57.13,268.37,1.503462669972221,285.6268830134867,"0.42,1.42,-0.26,-79.35,57.13,268.37"
ziqian,normal_work,ziqian_normal_work_data.csv,2103,2026-07-27T13:55:24.385,87.329305,0.5780000000044083,0.6,1.06,0.15,11.05,-31.62,145.57,1.22723265927859,149.373865853435,"0.60,1.06,0.15,11.05,-31.62,145.57"
ziqian,normal_work,ziqian_normal_work_data.csv,2104,2026-07-27T13:55:24.386,87.329951,0.6459999999890442,0.32,0.6,0.5,8.91,-139.4,-156.62,0.8440379138403676,209.86084079694334,"0.32,0.60,0.50,8.91,-139.40,-156.62"
ziqian,normal_work,ziqian_normal_work_data.csv,2105,2026-07-27T13:55:24.386,87.330431,0.48000000001025,0.21,0.76,0.55,-46.94,-113.46,-149.96,0.9613532129243654,193.81572897987408,"0.21,0.76,0.55,-46.94,-113.46,-149.96"
ziqian,normal_work,ziqian_normal_work_data.csv,2106,2026-07-27T13:55:24.387,87.331545,1.1140000000011696,0.03,0.97,0.58,-68.05,-50.66,-92.47,1.1305750749065715,125.49079249092341,"0.03,0.97,0.58,-68.05,-50.66,-92.47"
ziqian,normal_work,ziqian_normal_work_data.csv,2107,2026-07-27T13:55:24.388,87.331676,0.13099999999610645,-0.21,0.99,0.65,-73.24,-22.77,-38.76,1.2027884269479816,85.93548801281109,"-0.21,0.99,0.65,-73.24,-22.77,-38.76"
ziqian,normal_work,ziqian_normal_work_data.csv,2108,2026-07-27T13:55:24.390,87.334288,2.6119999999991705,-0.21,0.99,0.65,-69.09,-49.5,-24.23,1.2027884269479816,88.37856640611456,"-0.21,0.99,0.65,-69.09,-49.50,-24.23"
ziqian,normal_work,ziqian_normal_work_data.csv,2109,2026-07-27T13:55:24.391,87.334584,0.29600000000584714,-0.12,0.9,0.61,-38.39,-78.37,-37.96,1.0938464243210744,95.16622615192851,"-0.12,0.90,0.61,-38.39,-78.37,-37.96"
ziqian,normal_work,ziqian_normal_work_data.csv,2110,2026-07-27T13:55:24.391,87.33481,0.22599999999783904,0.36,0.88,0.4,-7.81,-55.79,-37.11,1.0315037566582101,67.45867105124441,"0.36,0.88,0.40,-7.81,-55.79,-37.11"
ziqian,normal_work,ziqian_normal_work_data.csv,2111,2026-07-27T13:55:24.391,87.335019,0.20899999999812735,0.59,0.99,0.32,0.37,-10.99,-20.2,1.196076920603353,22.999065198394476,"0.59,0.99,0.32,0.37,-10.99,-20.20"
ziqian,normal_work,ziqian_normal_work_data.csv,2112,2026-07-27T13:55:24.391,87.335251,0.23199999999690135,0.33,0.97,0.47,-8.85,4.15,-2.75,1.127253298952813,10.15418632880055,"0.33,0.97,0.47,-8.85,4.15,-2.75"
ziqian,normal_work,ziqian_normal_work_data.csv,2113,2026-07-27T13:55:24.504,87.44851,113.25899999999933,0.15,0.43,1.03,-74.4,93.02,124.82,1.126188261348874,172.5343815011953,"0.15,0.43,1.03,-74.40,93.02,124.82"
ziqian,normal_work,ziqian_normal_work_data.csv,2114,2026-07-27T13:55:24.505,87.448914,0.4040000000031796,0.44,0.52,0.9,-117.98,100.1,121.34,1.128716084761797,196.62829399656601,"0.44,0.52,0.90,-117.98,100.10,121.34"
ziqian,normal_work,ziqian_normal_work_data.csv,2115,2026-07-27T13:55:24.684,87.627992,179.07800000000407,0.52,0.85,0.63,-117.98,100.1,121.34,1.1788977903109328,196.62829399656601,"0.52,0.85,0.63,-117.98,100.10,121.34"
ziqian,normal_work,ziqian_normal_work_data.csv,2116,2026-07-27T13:55:24.685,87.628768,0.7759999999876754,0.41,1.05,0.38,-73.3,37.41,54.14,1.1895377253370318,98.50653633135214,"0.41,1.05,0.38,-73.30,37.41,54.14"
ziqian,normal_work,ziqian_normal_work_data.csv,2117,2026-07-27T13:55:24.685,87.628975,0.20700000000317686,0.34,1.0,0.18,93.38,12.45,13.0,1.0714476188783097,95.09903732425477,"0.34,1.00,0.18,93.38,12.45,13.00"
ziqian,normal_work,ziqian_normal_work_data.csv,2118,2026-07-27T13:55:24.685,87.629392,0.41699999999877946,0.2,0.89,0.15,229.37,75.68,-0.43,0.9244457799135654,241.53311201572345,"0.20,0.89,0.15,229.37,75.68,-0.43"
ziqian,normal_work,ziqian_normal_work_data.csv,2119,2026-07-27T13:55:24.686,87.629965,0.5730000000028213,0.15,0.81,0.18,203.67,95.46,-4.88,0.8432081593533118,224.9842103348588,"0.15,0.81,0.18,203.67,95.46,-4.88"
ziqian,normal_work,ziqian_normal_work_data.csv,2120,2026-07-27T13:55:24.986,87.92963,299.6650000000045,0.3,0.75,0.18,80.69,15.93,34.61,0.8275868534480233,89.23280282497015,"0.30,0.75,0.18,80.69,15.93,34.61"
ziqian,normal_work,ziqian_normal_work_data.csv,2121,2026-07-27T13:55:24.986,87.929804,0.17400000000122873,0.41,0.81,0.3,-12.94,-69.76,70.43,0.9561380653441217,99.971426417752,"0.41,0.81,0.30,-12.94,-69.76,70.43"
ziqian,normal_work,ziqian_normal_work_data.csv,2122,2026-07-27T13:55:24.986,87.929933,0.12900000000115597,0.45,0.91,0.43,-3.85,-96.68,49.07,1.1024971655292364,108.48829337767279,"0.45,0.91,0.43,-3.85,-96.68,49.07"
ziqian,normal_work,ziqian_normal_work_data.csv,2123,2026-07-27T13:55:24.986,87.930099,0.16599999999300508,0.58,0.91,0.46,96.8,-50.35,34.55,1.1730728877610292,114.45114678324546,"0.58,0.91,0.46,96.80,-50.35,34.55"
ziqian,normal_work,ziqian_normal_work_data.csv,2124,2026-07-27T13:55:24.986,87.930293,0.194000000007577,0.65,0.96,0.18,194.64,56.82,14.83,1.1732433677630572,203.3056096127207,"0.65,0.96,0.18,194.64,56.82,14.83"
ziqian,normal_work,ziqian_normal_work_data.csv,2125,2026-07-27T13:55:24.987,87.93095,0.6569999999896936,0.58,1.05,-0.3,167.72,146.0,-59.51,1.2364869590901475,230.1900052130848,"0.58,1.05,-0.30,167.72,146.00,-59.51"
ziqian,normal_work,ziqian_normal_work_data.csv,2126,2026-07-27T13:55:24.987,87.931395,0.4449999999991405,0.36,1.04,-0.46,42.11,149.6,-152.83,1.1928118040998756,217.96885327954544,"0.36,1.04,-0.46,42.11,149.60,-152.83"
ziqian,normal_work,ziqian_normal_work_data.csv,2127,2026-07-27T13:55:24.988,87.931915,0.5200000000087357,-0.08,0.96,-0.25,-28.08,121.77,-252.99,0.995238664843765,282.17079827650485,"-0.08,0.96,-0.25,-28.08,121.77,-252.99"
ziqian,normal_work,ziqian_normal_work_data.csv,2128,2026-07-27T13:55:25.165,88.108674,176.7589999999899,-0.44,0.81,0.03,16.72,109.8,-350.22,0.9222797840135064,367.4093722266758,"-0.44,0.81,0.03,16.72,109.80,-350.22"
ziqian,normal_work,ziqian_normal_work_data.csv,2129,2026-07-27T13:55:25.166,88.109691,1.0170000000044865,-0.57,0.74,0.09,118.04,98.69,-354.55,0.938402898546248,386.4956147228582,"-0.57,0.74,0.09,118.04,98.69,-354.55"
ziqian,normal_work,ziqian_normal_work_data.csv,2130,2026-07-27T13:55:25.166,88.109854,0.16300000000057935,-0.51,0.85,-0.11,136.35,70.01,-174.5,0.9973464794142505,232.2562649316483,"-0.51,0.85,-0.11,136.35,70.01,-174.50"
ziqian,normal_work,ziqian_normal_work_data.csv,2131,2026-07-27T13:55:25.166,88.109987,0.1330000000052678,-0.38,0.77,-0.32,49.19,50.66,61.46,0.9163514609580758,93.61315772902866,"-0.38,0.77,-0.32,49.19,50.66,61.46"
ziqian,normal_work,ziqian_normal_work_data.csv,2132,2026-07-27T13:55:25.527,88.471107,361.11999999999966,-0.28,0.65,-0.39,14.89,48.71,146.55,0.8080841540334769,155.14921430674408,"-0.28,0.65,-0.39,14.89,48.71,146.55"
ziqian,normal_work,ziqian_normal_work_data.csv,2133,2026-07-27T13:55:25.527,88.471319,0.21199999999055308,-0.31,0.71,-0.42,125.24,58.53,70.07,0.8812491134747313,154.98588129245837,"-0.31,0.71,-0.42,125.24,58.53,70.07"
ziqian,normal_work,ziqian_normal_work_data.csv,2134,2026-07-27T13:55:25.527,88.471468,0.14900000000750424,-0.29,0.84,-0.5,166.5,96.56,-36.25,1.0196568050084303,195.85746373319552,"-0.29,0.84,-0.50,166.50,96.56,-36.25"
ziqian,normal_work,ziqian_normal_work_data.csv,2135,2026-07-27T13:55:25.527,88.471568,0.10000000000331966,-0.18,0.95,-0.64,15.5,110.66,-61.16,1.1595257651298656,127.38300985610286,"-0.18,0.95,-0.64,15.50,110.66,-61.16"
ziqian,normal_work,ziqian_normal_work_data.csv,2136,2026-07-27T13:55:25.528,88.471665,0.09699999999668307,-0.19,0.9,-0.69,-75.87,74.46,-40.28,1.1498695578194946,113.67949199393881,"-0.19,0.90,-0.69,-75.87,74.46,-40.28"
ziqian,normal_work,ziqian_normal_work_data.csv,2137,2026-07-27T13:55:25.528,88.471855,0.19000000000346517,-0.28,0.76,-0.67,-9.16,10.99,-29.48,1.0511422358558333,32.7682178337486,"-0.28,0.76,-0.67,-9.16,10.99,-29.48"
ziqian,normal_work,ziqian_normal_work_data.csv,2138,2026-07-27T13:55:25.528,88.471947,0.091999999995096,-0.38,0.69,-0.65,113.1,-52.67,-29.05,1.0212737145349429,128.10012256044098,"-0.38,0.69,-0.65,113.10,-52.67,-29.05"
ziqian,normal_work,ziqian_normal_work_data.csv,2139,2026-07-27T13:55:25.528,88.472047,0.10000000000331966,-0.46,0.66,-0.66,201.05,-97.23,-45.47,1.0405767631462852,227.9085261678466,"-0.46,0.66,-0.66,201.05,-97.23,-45.47"
ziqian,normal_work,ziqian_normal_work_data.csv,2140,2026-07-27T13:55:25.529,88.473442,1.3950000000022555,-0.53,0.59,-0.62,209.05,-131.29,-60.06,1.0066777041337511,254.05938321581434,"-0.53,0.59,-0.62,209.05,-131.29,-60.06"
ziqian,normal_work,ziqian_normal_work_data.csv,2141,2026-07-27T13:55:25.588,88.532193,58.751000000000886,-0.6,0.51,-0.6,156.74,-122.19,-59.2,0.99,207.37035395639367,"-0.60,0.51,-0.60,156.74,-122.19,-59.20"
ziqian,normal_work,ziqian_normal_work_data.csv,2142,2026-07-27T13:55:25.588,88.532264,0.07099999999127249,-0.66,0.45,-0.61,73.24,-65.31,-48.46,1.005087060905671,109.4434342480169,"-0.66,0.45,-0.61,73.24,-65.31,-48.46"
ziqian,normal_work,ziqian_normal_work_data.csv,2143,2026-07-27T13:55:25.770,88.713584,181.31999999999948,-0.7,0.44,-0.59,-6.77,-20.02,-32.84,1.0157263410978372,39.05251464374606,"-0.70,0.44,-0.59,-6.77,-20.02,-32.84"
ziqian,normal_work,ziqian_normal_work_data.csv,2144,2026-07-27T13:55:25.770,88.71373,0.14600000000086766,-0.69,0.47,-0.58,-59.63,-7.14,-20.51,1.0165628362280414,63.461615170116815,"-0.69,0.47,-0.58,-59.63,-7.14,-20.51"
ziqian,normal_work,ziqian_normal_work_data.csv,2145,2026-07-27T13:55:25.770,88.713899,0.16899999999964166,-0.65,0.49,-0.58,-89.72,-4.7,-19.65,0.999499874937461,91.96679237637899,"-0.65,0.49,-0.58,-89.72,-4.70,-19.65"
ziqian,normal_work,ziqian_normal_work_data.csv,2146,2026-07-27T13:55:25.770,88.713942,0.043000000005122274,-0.64,0.52,-0.55,-101.2,8.54,-29.72,0.9912113800799506,105.81894915373144,"-0.64,0.52,-0.55,-101.20,8.54,-29.72"
ziqian,normal_work,ziqian_normal_work_data.csv,2147,2026-07-27T13:55:26.068,89.011675,297.7329999999938,-0.64,0.56,-0.48,-108.09,36.5,-44.25,0.9765244492586962,122.36731834930437,"-0.64,0.56,-0.48,-108.09,36.50,-44.25"
ziqian,normal_work,ziqian_normal_work_data.csv,2148,2026-07-27T13:55:26.068,89.011897,0.22200000000793807,-0.64,0.59,-0.43,-127.87,69.27,-60.42,0.9708758932015976,157.47903416010655,"-0.64,0.59,-0.43,-127.87,69.27,-60.42"
ziqian,normal_work,ziqian_normal_work_data.csv,2149,2026-07-27T13:55:26.068,89.011921,0.023999999996249244,-0.64,0.62,-0.42,-164.92,91.25,-75.01,0.9850888284819801,202.85874149269486,"-0.64,0.62,-0.42,-164.92,91.25,-75.01"
ziqian,normal_work,ziqian_normal_work_data.csv,2150,2026-07-27T13:55:26.068,89.012084,0.16300000000057935,-0.64,0.65,-0.41,-209.11,85.69,-78.25,1.0000999950004998,239.15022621774793,"-0.64,0.65,-0.41,-209.11,85.69,-78.25"
ziqian,normal_work,ziqian_normal_work_data.csv,2151,2026-07-27T13:55:26.068,89.012107,0.022999999998774,-0.62,0.7,-0.38,-235.41,51.51,-68.97,1.0093562304756434,250.65515973145256,"-0.62,0.70,-0.38,-235.41,51.51,-68.97"
ziqian,normal_work,ziqian_normal_work_data.csv,2152,2026-07-27T13:55:26.068,89.012367,0.2599999999972624,-0.63,0.7,-0.33,-208.31,20.51,-59.39,0.9978977903573091,217.5796137049609,"-0.63,0.70,-0.33,-208.31,20.51,-59.39"
ziqian,normal_work,ziqian_normal_work_data.csv,2153,2026-07-27T13:55:26.068,89.012541,0.17400000000122873,-0.67,0.62,-0.27,-130.25,22.95,-54.2,0.951945376584182,142.93146959294862,"-0.67,0.62,-0.27,-130.25,22.95,-54.20"
ziqian,normal_work,ziqian_normal_work_data.csv,2154,2026-07-27T13:55:26.069,89.012701,0.16000000000815362,-0.74,0.53,-0.21,-55.36,33.26,-59.88,0.9341306118525396,88.0714005793027,"-0.74,0.53,-0.21,-55.36,33.26,-59.88"
ziqian,normal_work,ziqian_normal_work_data.csv,2155,2026-07-27T13:55:26.126,89.069671,56.96999999999264,-0.79,0.46,-0.24,-9.64,23.44,-78.92,0.9451454914456293,82.88986427784762,"-0.79,0.46,-0.24,-9.64,23.44,-78.92"
ziqian,normal_work,ziqian_normal_work_data.csv,2156,2026-07-27T13:55:26.185,89.12907,59.39899999999909,-0.77,0.46,-0.39,15.26,4.76,-89.11,0.9780593029055038,90.53241021866147,"-0.77,0.46,-0.39,15.26,4.76,-89.11"
ziqian,normal_work,ziqian_normal_work_data.csv,2157,2026-07-27T13:55:26.185,89.129166,0.09599999999920783,-0.74,0.45,-0.56,14.95,-8.36,-75.13,1.0313583276436953,77.0578289338598,"-0.74,0.45,-0.56,14.95,-8.36,-75.13"
ziqian,normal_work,ziqian_normal_work_data.csv,2158,2026-07-27T13:55:26.304,89.248554,119.38800000000072,-0.73,0.44,-0.59,-6.65,-7.63,-51.09,1.0366291525902596,52.0828906647855,"-0.73,0.44,-0.59,-6.65,-7.63,-51.09"
ziqian,normal_work,ziqian_normal_work_data.csv,2159,2026-07-27T13:55:26.604,89.54818,299.6260000000035,-0.76,0.44,-0.48,-25.45,5.8,-35.46,1.0007996802557444,44.031285468403034,"-0.76,0.44,-0.48,-25.45,5.80,-35.46"
ziqian,normal_work,ziqian_normal_work_data.csv,2160,2026-07-27T13:55:26.605,89.54861,0.4299999999943793,-0.81,0.43,-0.32,-25.21,16.97,-27.4,0.9712878049270464,40.918027811711546,"-0.81,0.43,-0.32,-25.21,16.97,-27.40"
ziqian,normal_work,ziqian_normal_work_data.csv,2161,2026-07-27T13:55:26.605,89.549407,0.7970000000057098,-0.85,0.39,-0.22,-15.01,16.05,-21.85,0.960728889958036,30.98911260426797,"-0.85,0.39,-0.22,-15.01,16.05,-21.85"
ziqian,normal_work,ziqian_normal_work_data.csv,2162,2026-07-27T13:55:26.606,89.549777,0.3700000000037562,-0.88,0.36,-0.15,-19.23,20.02,-21.61,0.9625487000666512,35.17933200048005,"-0.88,0.36,-0.15,-19.23,20.02,-21.61"
ziqian,normal_work,ziqian_normal_work_data.csv,2163,2026-07-27T13:55:26.606,89.550362,0.5850000000009459,-0.9,0.35,-0.13,-34.79,34.55,-20.94,0.9743715923609432,53.31538427133391,"-0.90,0.35,-0.13,-34.79,34.55,-20.94"
ziqian,normal_work,ziqian_normal_work_data.csv,2164,2026-07-27T13:55:26.607,89.550952,0.5899999999883221,-0.89,0.38,-0.18,-37.96,44.01,-11.6,0.9843271813782245,59.26551864279937,"-0.89,0.38,-0.18,-37.96,44.01,-11.60"
ziqian,normal_work,ziqian_normal_work_data.csv,2165,2026-07-27T13:55:26.607,89.551452,0.5000000000023874,-0.84,0.45,-0.25,-46.39,45.23,-3.66,0.985190336940025,64.89360985490019,"-0.84,0.45,-0.25,-46.39,45.23,-3.66"
ziqian,normal_work,ziqian_normal_work_data.csv,2166,2026-07-27T13:55:26.608,89.552009,0.5570000000005848,-0.79,0.5,-0.28,-73.91,33.45,-7.81,0.9759610647971568,81.50206561799523,"-0.79,0.50,-0.28,-73.91,33.45,-7.81"
ziqian,normal_work,ziqian_normal_work_data.csv,2167,2026-07-27T13:55:26.609,89.552619,0.6100000000088812,-0.82,0.47,-0.31,-89.9,11.78,-10.62,0.9946858800646563,91.28834974957101,"-0.82,0.47,-0.31,-89.90,11.78,-10.62"
ziqian,normal_work,ziqian_normal_work_data.csv,2168,2026-07-27T13:55:26.665,89.609178,56.55899999999292,-0.87,0.39,-0.32,-90.15,3.17,-6.04,1.0056838469419702,90.40770431771841,"-0.87,0.39,-0.32,-90.15,3.17,-6.04"
ziqian,normal_work,ziqian_normal_work_data.csv,2169,2026-07-27T13:55:26.665,89.609261,0.08300000000360797,-0.84,0.39,-0.3,-84.47,15.99,-2.99,0.973498844375277,86.02209657989044,"-0.84,0.39,-0.30,-84.47,15.99,-2.99"
ziqian,normal_work,ziqian_normal_work_data.csv,2170,2026-07-27T13:55:26.784,89.728576,119.31500000000028,-0.8,0.44,-0.27,-68.42,31.13,-1.95,0.9521029356114811,75.19425376981941,"-0.80,0.44,-0.27,-68.42,31.13,-1.95"
ziqian,normal_work,ziqian_normal_work_data.csv,2171,2026-07-27T13:55:26.785,89.728838,0.2619999999922129,-0.8,0.5,-0.23,-46.2,24.23,-5.0,0.9710303805751909,52.40737448107852,"-0.80,0.50,-0.23,-46.20,24.23,-5.00"
ziqian,normal_work,ziqian_normal_work_data.csv,2172,2026-07-27T13:55:26.845,89.788665,59.82699999999852,-0.77,0.59,-0.27,-38.76,25.02,-8.48,1.0069260151570223,46.90680547639116,"-0.77,0.59,-0.27,-38.76,25.02,-8.48"
ziqian,normal_work,ziqian_normal_work_data.csv,2173,2026-07-27T13:55:26.965,89.908649,119.98400000000231,-0.77,0.59,-0.27,-40.95,34.18,-10.86,1.0069260151570223,54.43449733395175,"-0.77,0.59,-0.27,-40.95,34.18,-10.86"
ziqian,normal_work,ziqian_normal_work_data.csv,2174,2026-07-27T13:55:26.965,89.908818,0.16899999999964166,-0.74,0.64,-0.32,-44.13,41.32,-10.68,1.0293687385966217,61.39105553743151,"-0.74,0.64,-0.32,-44.13,41.32,-10.68"
ziqian,normal_work,ziqian_normal_work_data.csv,2175,2026-07-27T13:55:26.965,89.909192,0.37400000000786804,-0.71,0.64,-0.33,-33.02,34.36,-8.48,1.011236866416568,48.40289660753786,"-0.71,0.64,-0.33,-33.02,34.36,-8.48"
ziqian,normal_work,ziqian_normal_work_data.csv,2176,2026-07-27T13:55:27.085,90.029008,119.81600000000014,-0.68,0.63,-0.33,-14.28,15.26,-3.78,0.9839715443040008,21.238512188945815,"-0.68,0.63,-0.33,-14.28,15.26,-3.78"
ziqian,normal_work,ziqian_normal_work_data.csv,2177,2026-07-27T13:55:27.085,90.029228,0.21999999999877673,-0.66,0.61,-0.33,-0.43,-4.15,3.97,0.9573922915921144,5.7591926517525005,"-0.66,0.61,-0.33,-0.43,-4.15,3.97"
ziqian,normal_work,ziqian_normal_work_data.csv,2178,2026-07-27T13:55:27.145,90.0892,59.97200000000191,-0.71,0.55,-0.31,14.59,-26.18,19.71,0.9501052573267869,35.87122244920014,"-0.71,0.55,-0.31,14.59,-26.18,19.71"
ziqian,normal_work,ziqian_normal_work_data.csv,2179,2026-07-27T13:55:27.145,90.089444,0.24399999999502597,-0.75,0.54,-0.29,27.1,-30.94,23.68,0.968607247546703,47.459835650790026,"-0.75,0.54,-0.29,27.10,-30.94,23.68"
ziqian,normal_work,ziqian_normal_work_data.csv,2180,2026-07-27T13:55:27.327,90.271116,181.67200000000605,-0.78,0.53,-0.28,27.1,-30.94,23.68,0.9837174391053561,47.459835650790026,"-0.78,0.53,-0.28,27.10,-30.94,23.68"
ziqian,normal_work,ziqian_normal_work_data.csv,2181,2026-07-27T13:55:27.328,90.271703,0.5869999999958964,-0.82,0.53,-0.27,38.94,-29.97,23.62,1.013015300970326,54.5199862435786,"-0.82,0.53,-0.27,38.94,-29.97,23.62"
ziqian,normal_work,ziqian_normal_work_data.csv,2182,2026-07-27T13:55:27.328,90.272017,0.3140000000030341,-0.84,0.54,-0.26,42.72,-23.8,20.14,1.0318914671611545,52.887219628186166,"-0.84,0.54,-0.26,42.72,-23.80,20.14"
ziqian,normal_work,ziqian_normal_work_data.csv,2183,2026-07-27T13:55:27.328,90.272041,0.023999999996249244,-0.82,0.58,-0.26,36.38,-16.24,14.95,1.037496987947435,42.55284361825893,"-0.82,0.58,-0.26,36.38,-16.24,14.95"
ziqian,normal_work,ziqian_normal_work_data.csv,2184,2026-07-27T13:55:27.447,90.390874,118.83299999999508,-0.78,0.6,-0.27,24.23,-11.23,10.62,1.020441081101697,28.740045233088967,"-0.78,0.60,-0.27,24.23,-11.23,10.62"
ziqian,normal_work,ziqian_normal_work_data.csv,2185,2026-07-27T13:55:27.447,90.391006,0.13200000000779255,-0.76,0.59,-0.28,20.63,-9.4,11.66,1.0020479030465559,25.49338149402703,"-0.76,0.59,-0.28,20.63,-9.40,11.66"
ziqian,normal_work,ziqian_normal_work_data.csv,2186,2026-07-27T13:55:27.447,90.391121,0.11499999999387,-0.75,0.54,-0.25,31.62,-7.14,18.74,0.9573922915921144,37.44317828390106,"-0.75,0.54,-0.25,31.62,-7.14,18.74"
ziqian,normal_work,ziqian_normal_work_data.csv,2187,2026-07-27T13:55:27.506,90.450251,59.12999999999613,-0.74,0.52,-0.22,37.6,-2.38,23.07,0.9308061022576077,44.177475029702634,"-0.74,0.52,-0.22,37.60,-2.38,23.07"
ziqian,normal_work,ziqian_normal_work_data.csv,2188,2026-07-27T13:55:27.506,90.4504,0.14900000000750424,-0.74,0.55,-0.24,27.04,0.37,20.02,0.952732911156112,33.64667739911327,"-0.74,0.55,-0.24,27.04,0.37,20.02"
ziqian,normal_work,ziqian_normal_work_data.csv,2189,2026-07-27T13:55:27.566,90.510341,59.940999999994915,-0.75,0.58,-0.27,12.33,-3.3,16.05,0.9857991681879226,20.506618443809792,"-0.75,0.58,-0.27,12.33,-3.30,16.05"
ziqian,normal_work,ziqian_normal_work_data.csv,2190,2026-07-27T13:55:27.687,90.631156,120.81500000000744,-0.77,0.59,-0.3,3.17,-8.67,13.79,1.0153817016275208,16.594634675099055,"-0.77,0.59,-0.30,3.17,-8.67,13.79"
ziqian,normal_work,ziqian_normal_work_data.csv,2191,2026-07-27T13:55:27.687,90.631551,0.3949999999974807,-0.79,0.6,-0.38,-4.39,-6.59,14.77,1.0623088063270492,16.7586723817849,"-0.79,0.60,-0.38,-4.39,-6.59,14.77"
ziqian,normal_work,ziqian_normal_work_data.csv,2192,2026-07-27T13:55:27.688,90.631916,0.36500000000216914,-0.79,0.65,-0.53,-24.23,7.14,28.2,1.1521718621802912,37.859113830093804,"-0.79,0.65,-0.53,-24.23,7.14,28.20"
ziqian,normal_work,ziqian_normal_work_data.csv,2193,2026-07-27T13:55:27.926,90.870084,238.1680000000017,-0.74,0.67,-0.48,-73.24,25.63,45.53,1.1076551810017412,89.96652377412389,"-0.74,0.67,-0.48,-73.24,25.63,45.53"
ziqian,normal_work,ziqian_normal_work_data.csv,2194,2026-07-27T13:55:27.926,90.870379,0.29499999999416104,-0.71,0.72,-0.29,-83.62,19.96,27.22,1.0519505691808908,90.17557540709126,"-0.71,0.72,-0.29,-83.62,19.96,27.22"
ziqian,normal_work,ziqian_normal_work_data.csv,2195,2026-07-27T13:55:27.926,90.870447,0.06799999999884676,-0.73,0.86,-0.25,-10.68,-1.04,-13.43,1.1554220008291343,17.190372305450513,"-0.73,0.86,-0.25,-10.68,-1.04,-13.43"
ziqian,normal_work,ziqian_normal_work_data.csv,2196,2026-07-27T13:55:27.926,90.870478,0.031000000006997652,-0.77,0.98,-0.25,74.28,-3.36,-19.71,1.2711412195346352,76.923937106729,"-0.77,0.98,-0.25,74.28,-3.36,-19.71"
ziqian,normal_work,ziqian_normal_work_data.csv,2197,2026-07-27T13:55:27.927,90.870738,0.2599999999972624,-0.83,0.92,-0.26,123.35,6.96,12.63,1.2660568707605515,124.19010024957706,"-0.83,0.92,-0.26,123.35,6.96,12.63"
ziqian,normal_work,ziqian_normal_work_data.csv,2198,2026-07-27T13:55:27.931,90.875262,4.524000000003525,-0.91,0.61,-0.31,138.73,24.29,37.54,1.1385517116055819,145.75756789957768,"-0.91,0.61,-0.31,138.73,24.29,37.54"
ziqian,normal_work,ziqian_normal_work_data.csv,2199,2026-07-27T13:55:28.107,91.050598,175.33599999998728,-0.87,0.38,-0.41,167.85,55.66,16.66,1.034117981663601,177.62098327618838,"-0.87,0.38,-0.41,167.85,55.66,16.66"
ziqian,normal_work,ziqian_normal_work_data.csv,2200,2026-07-27T13:55:28.107,91.050791,0.19300000001010176,-0.66,0.39,-0.5,160.4,66.04,-14.65,0.9152595260361949,174.08062528610128,"-0.66,0.39,-0.50,160.40,66.04,-14.65"
ziqian,normal_work,ziqian_normal_work_data.csv,2201,2026-07-27T13:55:28.107,91.050864,0.07300000000043383,-0.53,0.44,-0.54,25.39,43.82,-3.17,0.8752713864853575,50.74340745357962,"-0.53,0.44,-0.54,25.39,43.82,-3.17"
ziqian,normal_work,ziqian_normal_work_data.csv,2202,2026-07-27T13:55:28.107,91.050976,0.11200000000144428,-0.65,0.25,-0.68,-124.88,0.79,49.38,0.9733447487915061,134.29081465238045,"-0.65,0.25,-0.68,-124.88,0.79,49.38"
ziqian,normal_work,ziqian_normal_work_data.csv,2203,2026-07-27T13:55:28.107,91.051069,0.09299999999257125,-0.69,0.16,-0.68,-128.66,-10.68,50.05,0.9818859404228171,138.46465433459903,"-0.69,0.16,-0.68,-128.66,-10.68,50.05"
ziqian,normal_work,ziqian_normal_work_data.csv,2204,2026-07-27T13:55:28.407,91.351104,300.03500000000827,-0.43,0.39,-0.38,-54.57,36.32,-14.4,0.6938299503480662,67.11473236182947,"-0.43,0.39,-0.38,-54.57,36.32,-14.40"
ziqian,normal_work,ziqian_normal_work_data.csv,2205,2026-07-27T13:55:28.407,91.351263,0.15899999999646752,-0.11,0.54,-0.21,-43.15,52.25,-39.61,0.5897457079114693,78.49163713415588,"-0.11,0.54,-0.21,-43.15,52.25,-39.61"
ziqian,normal_work,ziqian_normal_work_data.csv,2206,2026-07-27T13:55:28.407,91.351348,0.08499999999855845,0.1,0.6,-0.28,-94.18,19.53,-29.66,0.6696267617113283,100.65291302292249,"0.10,0.60,-0.28,-94.18,19.53,-29.66"
ziqian,normal_work,ziqian_normal_work_data.csv,2207,2026-07-27T13:55:28.407,91.351419,0.07100000000548334,0.12,0.78,-0.44,-160.22,20.08,-26.79,0.9035485598461214,163.6806613500813,"0.12,0.78,-0.44,-160.22,20.08,-26.79"
ziqian,normal_work,ziqian_normal_work_data.csv,2208,2026-07-27T13:55:28.407,91.35153,0.11099999998975818,-0.02,0.93,-0.53,-218.02,68.18,-19.84,1.07060730429042,229.29208097969718,"-0.02,0.93,-0.53,-218.02,68.18,-19.84"
ziqian,normal_work,ziqian_normal_work_data.csv,2209,2026-07-27T13:55:28.408,91.351639,0.10900000000901855,-0.22,0.83,-0.48,-242.19,120.24,-8.42,0.9837174391053561,270.52643142584054,"-0.22,0.83,-0.48,-242.19,120.24,-8.42"
ziqian,normal_work,ziqian_normal_work_data.csv,2210,2026-07-27T13:55:28.409,91.353131,1.4919999999989386,-0.42,0.77,-0.14,-197.75,174.99,-25.76,0.8882004278314664,265.3114023181062,"-0.42,0.77,-0.14,-197.75,174.99,-25.76"
ziqian,normal_work,ziqian_normal_work_data.csv,2211,2026-07-27T13:55:28.592,91.535676,182.5449999999904,-0.57,0.99,0.36,-118.04,210.33,-96.68,1.1977478866606277,259.84451677878445,"-0.57,0.99,0.36,-118.04,210.33,-96.68"
ziqian,normal_work,ziqian_normal_work_data.csv,2212,2026-07-27T13:55:28.592,91.535889,0.21300000000223918,-0.72,1.28,0.54,-55.11,184.14,-188.05,1.564736399525492,268.9004540717624,"-0.72,1.28,0.54,-55.11,184.14,-188.05"
ziqian,normal_work,ziqian_normal_work_data.csv,2213,2026-07-27T13:55:28.592,91.535936,0.0470000000092341,-0.78,1.37,0.06,48.46,95.7,-192.57,1.5776247969653623,220.43154606362492,"-0.78,1.37,0.06,48.46,95.70,-192.57"
ziqian,normal_work,ziqian_normal_work_data.csv,2214,2026-07-27T13:55:28.592,91.536069,0.13299999999105694,-0.82,1.12,-0.39,161.13,-5.13,-59.27,1.4418391033676399,171.76183132465724,"-0.82,1.12,-0.39,161.13,-5.13,-59.27"
ziqian,normal_work,ziqian_normal_work_data.csv,2215,2026-07-27T13:55:28.592,91.536086,0.01699999999971169,-1.0,0.63,-0.2,183.78,-71.04,114.2,1.19870763741623,227.73539470183374,"-1.00,0.63,-0.20,183.78,-71.04,114.20"
ziqian,normal_work,ziqian_normal_work_data.csv,2216,2026-07-27T13:55:28.945,91.888717,352.63100000000236,-1.17,0.19,0.04,222.9,-136.17,242.07,1.1860016863394418,356.12436563650067,"-1.17,0.19,0.04,222.90,-136.17,242.07"
ziqian,normal_work,ziqian_normal_work_data.csv,2217,2026-07-27T13:55:28.945,91.88893,0.21300000000223918,-1.07,0.05,-0.21,299.87,-208.25,303.83,1.0915585188161008,474.97657658036144,"-1.07,0.05,-0.21,299.87,-208.25,303.83"
ziqian,normal_work,ziqian_normal_work_data.csv,2218,2026-07-27T13:55:28.945,91.889398,0.46799999999791453,-0.74,0.2,-0.65,257.45,-193.66,277.16,1.0050373127401788,424.97336822441,"-0.74,0.20,-0.65,257.45,-193.66,277.16"
ziqian,normal_work,ziqian_normal_work_data.csv,2219,2026-07-27T13:55:28.946,91.890025,0.626999999994382,-0.52,0.37,-0.77,100.71,-65.92,185.85,1.0000999950004998,221.42306338771488,"-0.52,0.37,-0.77,100.71,-65.92,185.85"
ziqian,normal_work,ziqian_normal_work_data.csv,2220,2026-07-27T13:55:28.947,91.891038,1.0130000000003747,-0.51,0.46,-0.53,-30.52,86.06,86.24,0.8675252157718529,125.59909076104015,"-0.51,0.46,-0.53,-30.52,86.06,86.24"
ziqian,normal_work,ziqian_normal_work_data.csv,2221,2026-07-27T13:55:28.947,91.891489,0.4510000000124137,-0.57,0.54,-0.31,-74.77,178.41,10.44,0.8441563836162113,193.72577164641777,"-0.57,0.54,-0.31,-74.77,178.41,10.44"
ziqian,normal_work,ziqian_normal_work_data.csv,2222,2026-07-27T13:55:28.948,91.892101,0.6119999999896208,-0.52,0.58,-0.35,-67.14,188.84,-28.87,0.8539906322671227,202.48901723303416,"-0.52,0.58,-0.35,-67.14,188.84,-28.87"
ziqian,normal_work,ziqian_normal_work_data.csv,2223,2026-07-27T13:55:28.948,91.892577,0.4760000000061382,-0.41,0.57,-0.62,-54.93,140.38,-32.53,0.9366963221877195,154.21429959637334,"-0.41,0.57,-0.62,-54.93,140.38,-32.53"
ziqian,normal_work,ziqian_normal_work_data.csv,2224,2026-07-27T13:55:28.949,91.893114,0.5369999999942365,-0.33,0.57,-0.92,-29.36,88.87,-11.05,1.1314592347937242,94.24430486772133,"-0.33,0.57,-0.92,-29.36,88.87,-11.05"
ziqian,normal_work,ziqian_normal_work_data.csv,2225,2026-07-27T13:55:29.006,91.949849,56.73500000000331,-0.26,0.6,-1.1,28.69,73.06,13.85,1.2796874618437113,79.7038405599128,"-0.26,0.60,-1.10,28.69,73.06,13.85"
ziqian,normal_work,ziqian_normal_work_data.csv,2226,2026-07-27T13:55:29.064,92.008578,58.72899999999959,-0.21,0.63,-1.11,79.59,86.06,25.51,1.293483668238606,119.96521079046208,"-0.21,0.63,-1.11,79.59,86.06,25.51"
ziqian,normal_work,ziqian_normal_work_data.csv,2227,2026-07-27T13:55:29.065,92.008773,0.19500000000505224,-0.2,0.65,-1.0,94.12,102.91,23.99,1.2093386622447824,141.5081714955006,"-0.20,0.65,-1.00,94.12,102.91,23.99"
ziqian,normal_work,ziqian_normal_work_data.csv,2228,2026-07-27T13:55:29.130,92.073651,64.87799999999311,-0.15,0.55,-0.9,97.05,82.09,29.3,1.065363787633126,130.44523985182443,"-0.15,0.55,-0.90,97.05,82.09,29.30"
ziqian,normal_work,ziqian_normal_work_data.csv,2229,2026-07-27T13:55:29.246,92.189587,115.93600000000492,-0.03,0.37,-0.9,109.31,20.63,63.66,0.9735502041497398,128.1673460753557,"-0.03,0.37,-0.90,109.31,20.63,63.66"
ziqian,normal_work,ziqian_normal_work_data.csv,2230,2026-07-27T13:55:29.246,92.189814,0.22699999999531428,0.03,0.23,-1.01,144.41,-63.54,108.03,1.0362914647916386,191.21208277721365,"0.03,0.23,-1.01,144.41,-63.54,108.03"
ziqian,normal_work,ziqian_normal_work_data.csv,2231,2026-07-27T13:55:29.246,92.190196,0.38200000000188084,0.07,0.22,-1.28,213.75,-185.91,135.74,1.3006536818077286,314.1288560447766,"0.07,0.22,-1.28,213.75,-185.91,135.74"
ziqian,normal_work,ziqian_normal_work_data.csv,2232,2026-07-27T13:55:29.305,92.249059,58.86300000000233,0.13,0.33,-1.51,240.11,-242.55,88.56,1.5510963864312237,352.59918916526175,"0.13,0.33,-1.51,240.11,-242.55,88.56"
ziqian,normal_work,ziqian_normal_work_data.csv,2233,2026-07-27T13:55:29.305,92.249414,0.354999999998995,0.03,0.48,-1.39,161.8,-115.78,-42.72,1.4708500943332057,203.4926209964381,"0.03,0.48,-1.39,161.80,-115.78,-42.72"
ziqian,normal_work,ziqian_normal_work_data.csv,2234,2026-07-27T13:55:29.366,92.309809,60.394999999999754,-0.1,0.46,-1.04,63.66,67.08,-124.57,1.1415778554264269,155.14511561760492,"-0.10,0.46,-1.04,63.66,67.08,-124.57"
ziqian,normal_work,ziqian_normal_work_data.csv,2235,2026-07-27T13:55:29.425,92.369366,59.556999999998084,-0.12,0.3,-0.79,14.4,135.86,-94.12,0.8535221145348257,165.90320672006314,"-0.12,0.30,-0.79,14.40,135.86,-94.12"
ziqian,normal_work,ziqian_normal_work_data.csv,2236,2026-07-27T13:55:29.605,92.548673,179.30699999999433,0.02,0.12,-0.36,-34.12,54.63,27.77,0.38,70.14117335773618,"0.02,0.12,-0.36,-34.12,54.63,27.77"
ziqian,normal_work,ziqian_normal_work_data.csv,2237,2026-07-27T13:55:29.606,92.549742,1.0690000000010969,0.03,0.03,-0.07,-75.68,18.55,67.87,0.0818535277187245,103.33393343911767,"0.03,0.03,-0.07,-75.68,18.55,67.87"
ziqian,normal_work,ziqian_normal_work_data.csv,2238,2026-07-27T13:55:29.606,92.549851,0.10900000000901855,0.03,0.03,-0.07,-112.12,-14.4,84.47,0.0818535277187245,141.1149719200624,"0.03,0.03,-0.07,-112.12,-14.40,84.47"
ziqian,normal_work,ziqian_normal_work_data.csv,2239,2026-07-27T13:55:29.606,92.550082,0.2309999999994261,0.02,-0.01,0.06,-124.51,-30.94,81.79,0.06403124237432849,152.15001741702167,"0.02,-0.01,0.06,-124.51,-30.94,81.79"
ziqian,normal_work,ziqian_normal_work_data.csv,2240,2026-07-27T13:55:29.729,92.673205,123.12299999999254,0.02,-0.01,0.05,-119.81,-34.24,74.65,0.05477225575051661,145.25644977074168,"0.02,-0.01,0.05,-119.81,-34.24,74.65"
ziqian,normal_work,ziqian_normal_work_data.csv,2241,2026-07-27T13:55:29.729,92.673368,0.16300000000057935,0.01,0.01,0.0,-109.99,-34.42,70.25,0.01414213562373095,134.9725861054755,"0.01,0.01,0.00,-109.99,-34.42,70.25"
ziqian,normal_work,ziqian_normal_work_data.csv,2242,2026-07-27T13:55:29.729,92.673468,0.10000000000331966,0.01,0.01,-0.02,-124.33,-8.06,77.88,0.024494897427831782,146.9292581482667,"0.01,0.01,-0.02,-124.33,-8.06,77.88"
ziqian,normal_work,ziqian_normal_work_data.csv,2243,2026-07-27T13:55:29.904,92.8485,175.03200000000163,0.39,2.05,-1.72,-271.61,123.84,-129.15,2.7042559050504074,325.25076510286647,"0.39,2.05,-1.72,-271.61,123.84,-129.15"
ziqian,normal_work,ziqian_normal_work_data.csv,2244,2026-07-27T13:55:29.905,92.848768,0.26800000000548607,0.22,1.65,-0.98,-356.87,128.3,-221.25,1.9316573195057138,439.0542670331311,"0.22,1.65,-0.98,-356.87,128.30,-221.25"
ziqian,normal_work,ziqian_normal_work_data.csv,2245,2026-07-27T13:55:29.905,92.849359,0.5910000000000082,-0.12,0.88,-0.18,-356.87,128.3,-221.25,0.9062008607367353,439.0542670331311,"-0.12,0.88,-0.18,-356.87,128.30,-221.25"
ziqian,normal_work,ziqian_normal_work_data.csv,2246,2026-07-27T13:55:29.906,92.849894,0.534999999999286,-0.21,0.75,0.04,-331.36,115.6,-143.68,0.7798717843338097,379.2186071384156,"-0.21,0.75,0.04,-331.36,115.60,-143.68"
ziqian,normal_work,ziqian_normal_work_data.csv,2247,2026-07-27T13:55:30.025,92.968586,118.6919999999958,-0.09,0.92,-0.02,-190.06,67.32,-18.74,0.9246080250571049,202.49931752971415,"-0.09,0.92,-0.02,-190.06,67.32,-18.74"
ziqian,normal_work,ziqian_normal_work_data.csv,2248,2026-07-27T13:55:30.025,92.968805,0.2190000000013015,-0.03,1.01,-0.11,-37.96,9.03,28.56,1.0164152694642086,48.35469056875455,"-0.03,1.01,-0.11,-37.96,9.03,28.56"
ziqian,normal_work,ziqian_normal_work_data.csv,2249,2026-07-27T13:55:30.025,92.969318,0.5129999999979873,-0.02,1.02,-0.15,32.29,-14.71,20.14,1.0311643903859364,40.80009558812332,"-0.02,1.02,-0.15,32.29,-14.71,20.14"
ziqian,normal_work,ziqian_normal_work_data.csv,2250,2026-07-27T13:55:30.085,93.028589,59.27099999999541,-0.03,1.0,-0.15,29.97,-11.66,2.69,1.011632344283238,32.270615116542174,"-0.03,1.00,-0.15,29.97,-11.66,2.69"
ziqian,normal_work,ziqian_normal_work_data.csv,2251,2026-07-27T13:55:30.267,93.211125,182.53599999999892,-0.04,0.99,-0.13,8.12,-3.17,-5.07,0.9992997548283498,10.084056723362874,"-0.04,0.99,-0.13,8.12,-3.17,-5.07"
ziqian,normal_work,ziqian_normal_work_data.csv,2252,2026-07-27T13:55:30.267,93.211274,0.14900000000750424,-0.05,0.98,-0.13,-4.64,0.73,-4.58,0.9898484732523458,6.560403950977409,"-0.05,0.98,-0.13,-4.64,0.73,-4.58"
ziqian,normal_work,ziqian_normal_work_data.csv,2253,2026-07-27T13:55:30.267,93.211403,0.12900000000115597,-0.05,0.99,-0.12,-5.74,0.73,-2.08,0.9984988733093292,6.148731576512346,"-0.05,0.99,-0.12,-5.74,0.73,-2.08"
ziqian,normal_work,ziqian_normal_work_data.csv,2254,2026-07-27T13:55:30.267,93.211528,0.12499999999704414,-0.05,0.99,-0.12,-2.87,-0.43,-0.73,0.9984988733093292,2.9924404755984706,"-0.05,0.99,-0.12,-2.87,-0.43,-0.73"
ziqian,normal_work,ziqian_normal_work_data.csv,2255,2026-07-27T13:55:30.268,93.211683,0.1549999999923557,-0.05,0.99,-0.13,-1.16,-1.1,-0.61,0.999749968742185,1.711052307791904,"-0.05,0.99,-0.13,-1.16,-1.10,-0.61"
ziqian,normal_work,ziqian_normal_work_data.csv,2256,2026-07-27T13:55:30.384,93.328017,116.33400000000904,-0.05,0.99,-0.12,-0.85,-1.22,-0.85,0.9984988733093292,1.7127171395183736,"-0.05,0.99,-0.12,-0.85,-1.22,-0.85"
ziqian,normal_work,ziqian_normal_work_data.csv,2257,2026-07-27T13:55:30.386,93.330428,2.410999999995056,-0.05,0.99,-0.12,-1.04,-0.98,-1.04,0.9984988733093292,1.7673709288092299,"-0.05,0.99,-0.12,-1.04,-0.98,-1.04"
ziqian,normal_work,ziqian_normal_work_data.csv,2258,2026-07-27T13:55:30.387,93.330693,0.2649999999988495,-0.05,0.99,-0.12,-1.1,-0.79,-0.98,0.9984988733093292,1.671675805890604,"-0.05,0.99,-0.12,-1.10,-0.79,-0.98"
ziqian,normal_work,ziqian_normal_work_data.csv,2259,2026-07-27T13:55:30.505,93.448851,118.1580000000082,-0.05,0.99,-0.12,-1.34,-0.79,-0.92,0.9984988733093292,1.8072354578194842,"-0.05,0.99,-0.12,-1.34,-0.79,-0.92"
ziqian,normal_work,ziqian_normal_work_data.csv,2260,2026-07-27T13:55:30.505,93.448978,0.12699999999199463,-0.05,0.99,-0.12,-1.34,-0.79,-0.85,0.9984988733093292,1.7726251718849084,"-0.05,0.99,-0.12,-1.34,-0.79,-0.85"
ziqian,normal_work,ziqian_normal_work_data.csv,2261,2026-07-27T13:55:30.507,93.450824,1.8460000000004584,-0.05,0.99,-0.12,-1.22,-0.85,-0.79,0.9984988733093292,1.6837458240482737,"-0.05,0.99,-0.12,-1.22,-0.85,-0.79"
ziqian,normal_work,ziqian_normal_work_data.csv,2262,2026-07-27T13:55:30.625,93.568845,118.02099999999882,-0.05,0.99,-0.12,-1.16,-0.79,-0.73,0.9984988733093292,1.5819608086169519,"-0.05,0.99,-0.12,-1.16,-0.79,-0.73"
ziqian,normal_work,ziqian_normal_work_data.csv,2263,2026-07-27T13:55:30.625,93.569021,0.17600000001039007,-0.05,0.99,-0.12,-1.1,-0.79,-0.73,0.9984988733093292,1.5385057685949701,"-0.05,0.99,-0.12,-1.10,-0.79,-0.73"
ziqian,normal_work,ziqian_normal_work_data.csv,2264,2026-07-27T13:55:30.625,93.569448,0.42699999998774274,-0.05,0.99,-0.12,-1.34,-0.85,-0.79,0.9984988733093292,1.7726251718849084,"-0.05,0.99,-0.12,-1.34,-0.85,-0.79"
ziqian,normal_work,ziqian_normal_work_data.csv,2265,2026-07-27T13:55:30.684,93.628578,59.13000000001034,-0.05,0.99,-0.12,-1.4,-0.85,-0.79,0.9984988733093292,1.8184058952830084,"-0.05,0.99,-0.12,-1.40,-0.85,-0.79"
ziqian,normal_work,ziqian_normal_work_data.csv,2266,2026-07-27T13:55:30.805,93.748609,120.03099999999733,-0.06,0.99,-0.11,-1.22,-0.85,-0.85,0.9978977903573091,1.7127171395183736,"-0.06,0.99,-0.11,-1.22,-0.85,-0.85"
ziqian,normal_work,ziqian_normal_work_data.csv,2267,2026-07-27T13:55:30.805,93.749159,0.5500000000040473,-0.06,0.99,-0.11,-1.04,-0.85,-0.85,0.9978977903573091,1.589528231897754,"-0.06,0.99,-0.11,-1.04,-0.85,-0.85"
ziqian,normal_work,ziqian_normal_work_data.csv,2268,2026-07-27T13:55:30.984,93.928374,179.21499999999924,-0.06,0.99,-0.11,-0.98,-0.79,-0.85,0.9978977903573091,1.5188811671753653,"-0.06,0.99,-0.11,-0.98,-0.79,-0.85"
ziqian,normal_work,ziqian_normal_work_data.csv,2269,2026-07-27T13:55:30.985,93.928732,0.35799999999142074,-0.06,0.99,-0.11,-0.98,-0.79,-0.79,0.9978977903573091,1.4861359291801004,"-0.06,0.99,-0.11,-0.98,-0.79,-0.79"
ziqian,normal_work,ziqian_normal_work_data.csv,2270,2026-07-27T13:55:30.985,93.928935,0.20299999999906504,-0.06,0.99,-0.11,-0.98,-0.73,-0.73,0.9978977903573091,1.4234465216508838,"-0.06,0.99,-0.11,-0.98,-0.73,-0.73"
ziqian,normal_work,ziqian_normal_work_data.csv,2271,2026-07-27T13:55:30.986,93.930435,1.5000000000071623,-0.06,0.99,-0.11,-0.85,-0.67,-0.67,0.9978977903573091,1.2729100518104177,"-0.06,0.99,-0.11,-0.85,-0.67,-0.67"
ziqian,normal_work,ziqian_normal_work_data.csv,2272,2026-07-27T13:55:30.987,93.930694,0.2589999999997872,-0.06,0.99,-0.11,-0.92,-0.67,-0.61,0.9978977903573091,1.2912784362793333,"-0.06,0.99,-0.11,-0.92,-0.67,-0.61"
ziqian,normal_work,ziqian_normal_work_data.csv,2273,2026-07-27T13:55:30.987,93.930917,0.22299999999120246,-0.06,0.99,-0.11,-0.92,-0.67,-0.55,0.9978977903573091,1.2640411385710515,"-0.06,0.99,-0.11,-0.92,-0.67,-0.55"
ziqian,normal_work,ziqian_normal_work_data.csv,2274,2026-07-27T13:55:31.045,93.988864,57.94700000001285,-0.06,0.99,-0.11,-0.73,-0.61,-0.55,0.9978977903573091,1.0988630487917956,"-0.06,0.99,-0.11,-0.73,-0.61,-0.55"
ziqian,normal_work,ziqian_normal_work_data.csv,2275,2026-07-27T13:55:31.165,94.108962,120.0979999999987,-0.06,0.99,-0.11,-0.67,-0.61,-0.49,0.9978977903573091,1.0300970828033638,"-0.06,0.99,-0.11,-0.67,-0.61,-0.49"
ziqian,normal_work,ziqian_normal_work_data.csv,2276,2026-07-27T13:55:31.165,94.109144,0.18199999999524152,-0.06,0.99,-0.11,-0.49,-0.55,-0.37,0.9978977903573091,0.8243178998420452,"-0.06,0.99,-0.11,-0.49,-0.55,-0.37"
ziqian,normal_work,ziqian_normal_work_data.csv,2277,2026-07-27T13:55:31.165,94.109166,0.02200000000129876,-0.06,0.99,-0.11,-0.43,-0.55,-0.37,0.9978977903573091,0.7901265721389201,"-0.06,0.99,-0.11,-0.43,-0.55,-0.37"
ziqian,normal_work,ziqian_normal_work_data.csv,2278,2026-07-27T13:55:31.285,94.228744,119.57800000000418,-0.06,0.99,-0.11,-0.73,-0.55,-0.37,0.9978977903573091,0.9860527369263775,"-0.06,0.99,-0.11,-0.73,-0.55,-0.37"
ziqian,normal_work,ziqian_normal_work_data.csv,2279,2026-07-27T13:55:31.285,94.229049,0.3049999999973352,-0.06,0.99,-0.11,-0.79,-0.55,-0.37,0.9978977903573091,1.0312613635737549,"-0.06,0.99,-0.11,-0.79,-0.55,-0.37"
ziqian,normal_work,ziqian_normal_work_data.csv,2280,2026-07-27T13:55:31.286,94.229972,0.9230000000002292,-0.06,0.99,-0.11,-0.67,-0.49,-0.31,0.9978977903573091,0.8860586888011426,"-0.06,0.99,-0.11,-0.67,-0.49,-0.31"
ziqian,normal_work,ziqian_normal_work_data.csv,2281,2026-07-27T13:55:31.348,94.292002,62.029999999992924,-0.06,0.99,-0.11,-0.49,-0.49,-0.31,0.9978977903573091,0.7591442550661895,"-0.06,0.99,-0.11,-0.49,-0.49,-0.31"
ziqian,normal_work,ziqian_normal_work_data.csv,2282,2026-07-27T13:55:31.348,94.292182,0.18000000000029104,-0.06,0.99,-0.11,-0.43,-0.43,-0.31,0.9978977903573091,0.6825686778632608,"-0.06,0.99,-0.11,-0.43,-0.43,-0.31"
ziqian,normal_work,ziqian_normal_work_data.csv,2283,2026-07-27T13:55:31.405,94.348963,56.78100000000086,-0.06,0.99,-0.11,-0.61,-0.49,-0.31,0.9978977903573091,0.8416056083463322,"-0.06,0.99,-0.11,-0.61,-0.49,-0.31"
ziqian,normal_work,ziqian_normal_work_data.csv,2284,2026-07-27T13:55:31.708,94.651626,302.66299999999546,-0.06,0.99,-0.11,-0.55,-0.49,-0.24,0.9978977903573091,0.7747257579298625,"-0.06,0.99,-0.11,-0.55,-0.49,-0.24"
ziqian,normal_work,ziqian_normal_work_data.csv,2285,2026-07-27T13:55:31.708,94.651783,0.15700000000151704,-0.07,0.99,-0.11,-0.43,-0.43,-0.24,0.9985489472229191,0.6537583651472461,"-0.07,0.99,-0.11,-0.43,-0.43,-0.24"
ziqian,normal_work,ziqian_normal_work_data.csv,2286,2026-07-27T13:55:31.708,94.651895,0.11200000000144428,-0.07,0.99,-0.11,-0.67,-0.49,-0.24,0.9985489472229191,0.8640601830891179,"-0.07,0.99,-0.11,-0.67,-0.49,-0.24"
ziqian,normal_work,ziqian_normal_work_data.csv,2287,2026-07-27T13:55:31.708,94.651987,0.09200000000930686,-0.07,0.99,-0.11,-0.73,-0.49,-0.18,0.9985489472229191,0.8974408058473828,"-0.07,0.99,-0.11,-0.73,-0.49,-0.18"
ziqian,normal_work,ziqian_normal_work_data.csv,2288,2026-07-27T13:55:31.708,94.652062,0.07499999999538431,-0.07,0.99,-0.11,-0.55,-0.49,-0.18,0.9985489472229191,0.758287544405155,"-0.07,0.99,-0.11,-0.55,-0.49,-0.18"
ziqian,normal_work,ziqian_normal_work_data.csv,2289,2026-07-27T13:55:31.708,94.652231,0.16899999999964166,-0.07,0.99,-0.11,-0.43,-0.49,-0.12,0.9985489472229191,0.662872536767062,"-0.07,0.99,-0.11,-0.43,-0.49,-0.12"
ziqian,normal_work,ziqian_normal_work_data.csv,2290,2026-07-27T13:55:31.708,94.652327,0.09599999999920783,-0.07,0.99,-0.1,-0.43,-0.49,-0.18,0.9974968671630001,0.6763135367564366,"-0.07,0.99,-0.10,-0.43,-0.49,-0.18"
ziqian,normal_work,ziqian_normal_work_data.csv,2291,2026-07-27T13:55:31.708,94.652439,0.11200000000144428,-0.07,0.99,-0.1,-0.37,-0.43,-0.18,0.9974968671630001,0.5951470406546604,"-0.07,0.99,-0.10,-0.37,-0.43,-0.18"
ziqian,normal_work,ziqian_normal_work_data.csv,2292,2026-07-27T13:55:31.951,94.895329,242.89000000000271,-0.07,0.99,-0.1,-0.31,-0.43,-0.12,0.9974968671630001,0.5435071296680477,"-0.07,0.99,-0.10,-0.31,-0.43,-0.12"
ziqian,normal_work,ziqian_normal_work_data.csv,2293,2026-07-27T13:55:31.952,94.895659,0.32999999999105967,-0.07,0.99,-0.1,-0.24,-0.43,-0.12,0.9974968671630001,0.5068530358989675,"-0.07,0.99,-0.10,-0.24,-0.43,-0.12"
ziqian,normal_work,ziqian_normal_work_data.csv,2294,2026-07-27T13:55:31.952,94.896022,0.36300000000721866,-0.07,0.99,-0.1,-0.24,-0.43,-0.06,0.9974968671630001,0.49608467019249847,"-0.07,0.99,-0.10,-0.24,-0.43,-0.06"
ziqian,normal_work,ziqian_normal_work_data.csv,2295,2026-07-27T13:55:31.955,94.899473,3.4509999999983165,-0.07,0.99,-0.1,-0.43,-0.43,-0.12,0.9974968671630001,0.6198386886924694,"-0.07,0.99,-0.10,-0.43,-0.43,-0.12"
ziqian,normal_work,ziqian_normal_work_data.csv,2296,2026-07-27T13:55:31.956,94.899591,0.11800000000050659,-0.07,0.99,-0.1,-0.61,-0.43,-0.12,0.9974968671630001,0.7559100475585703,"-0.07,0.99,-0.10,-0.61,-0.43,-0.12"
ziqian,normal_work,ziqian_normal_work_data.csv,2297,2026-07-27T13:55:31.956,94.900019,0.42799999999942884,-0.07,0.99,-0.1,-0.49,-0.43,-0.12,0.9974968671630001,0.662872536767062,"-0.07,0.99,-0.10,-0.49,-0.43,-0.12"
ziqian,normal_work,ziqian_normal_work_data.csv,2298,2026-07-27T13:55:32.125,95.069216,169.19699999999693,-0.07,0.99,-0.1,-0.37,-0.43,-0.06,0.9974968671630001,0.5704384278780664,"-0.07,0.99,-0.10,-0.37,-0.43,-0.06"
ziqian,normal_work,ziqian_normal_work_data.csv,2299,2026-07-27T13:55:32.125,95.069525,0.309000000001447,-0.07,0.99,-0.1,-0.49,-0.49,-0.06,0.9974968671630001,0.6955573304911681,"-0.07,0.99,-0.10,-0.49,-0.49,-0.06"
ziqian,normal_work,ziqian_normal_work_data.csv,2300,2026-07-27T13:55:32.126,95.069635,0.11000000000649379,-0.07,0.99,-0.1,-0.43,-0.49,-0.06,0.9974968671630001,0.6546754921333163,"-0.07,0.99,-0.10,-0.43,-0.49,-0.06"
ziqian,normal_work,ziqian_normal_work_data.csv,2301,2026-07-27T13:55:32.126,95.070355,0.7200000000011642,-0.07,0.99,-0.1,-0.31,-0.55,-0.06,0.9974968671630001,0.6341923998283171,"-0.07,0.99,-0.10,-0.31,-0.55,-0.06"
ziqian,normal_work,ziqian_normal_work_data.csv,2302,2026-07-27T13:55:32.247,95.191209,120.85399999999424,-0.07,0.99,-0.1,-0.37,-0.92,-0.06,0.9974968671630001,0.9934284070832684,"-0.07,0.99,-0.10,-0.37,-0.92,-0.06"
ziqian,normal_work,ziqian_normal_work_data.csv,2303,2026-07-27T13:55:32.247,95.191351,0.14199999999675583,-0.07,0.99,-0.1,-0.73,-1.46,0.0,0.9974968671630001,1.6323296235748463,"-0.07,0.99,-0.10,-0.73,-1.46,0.00"
ziqian,normal_work,ziqian_normal_work_data.csv,2304,2026-07-27T13:55:32.305,95.248625,57.27400000000671,-0.07,0.99,-0.1,-0.55,-1.34,0.0,0.9974968671630001,1.4484819639885063,"-0.07,0.99,-0.10,-0.55,-1.34,0.00"
ziqian,normal_work,ziqian_normal_work_data.csv,2305,2026-07-27T13:55:32.305,95.249074,0.4489999999890415,-0.07,0.99,-0.1,-0.79,-0.79,-0.06,0.9974968671630001,1.1188386836358495,"-0.07,0.99,-0.10,-0.79,-0.79,-0.06"
ziqian,normal_work,ziqian_normal_work_data.csv,2306,2026-07-27T13:55:32.425,95.368738,119.66400000000021,-0.07,0.99,-0.1,-0.61,-0.43,-0.06,0.9974968671630001,0.7487322618933954,"-0.07,0.99,-0.10,-0.61,-0.43,-0.06"
ziqian,normal_work,ziqian_normal_work_data.csv,2307,2026-07-27T13:55:32.425,95.369087,0.3489999999999327,-0.07,0.99,-0.1,-0.18,-0.31,0.0,0.9974968671630001,0.3584689665786984,"-0.07,0.99,-0.10,-0.18,-0.31,0.00"
ziqian,normal_work,ziqian_normal_work_data.csv,2308,2026-07-27T13:55:32.425,95.369304,0.217000000006351,-0.07,0.99,-0.1,0.0,-0.37,0.06,0.9974968671630001,0.3748332962798262,"-0.07,0.99,-0.10,0.00,-0.37,0.06"
ziqian,normal_work,ziqian_normal_work_data.csv,2309,2026-07-27T13:55:32.545,95.488852,119.54799999999466,-0.07,0.99,-0.1,0.06,-0.43,0.0,0.9974968671630001,0.43416586692184816,"-0.07,0.99,-0.10,0.06,-0.43,0.00"
ziqian,normal_work,ziqian_normal_work_data.csv,2310,2026-07-27T13:55:32.545,95.489008,0.1560000000040418,-0.07,0.99,-0.1,-0.06,-0.43,0.0,0.9974968671630001,0.43416586692184816,"-0.07,0.99,-0.10,-0.06,-0.43,0.00"
ziqian,normal_work,ziqian_normal_work_data.csv,2311,2026-07-27T13:55:32.964,95.908525,419.51699999999903,-0.07,0.99,-0.1,-0.06,-0.43,-0.06,0.9974968671630001,0.43829214001622246,"-0.07,0.99,-0.10,-0.06,-0.43,-0.06"
ziqian,normal_work,ziqian_normal_work_data.csv,2312,2026-07-27T13:55:32.965,95.90883,0.3049999999973352,-0.07,0.99,-0.1,-0.06,-0.43,-0.06,0.9974968671630001,0.43829214001622246,"-0.07,0.99,-0.10,-0.06,-0.43,-0.06"
ziqian,normal_work,ziqian_normal_work_data.csv,2313,2026-07-27T13:55:32.965,95.909253,0.4230000000120526,-0.07,0.99,-0.1,-0.06,-0.37,0.0,0.9974968671630001,0.3748332962798262,"-0.07,0.99,-0.10,-0.06,-0.37,0.00"
ziqian,normal_work,ziqian_normal_work_data.csv,2314,2026-07-27T13:55:32.966,95.90979,0.5369999999942365,-0.07,0.99,-0.1,-0.24,-0.43,0.0,0.9974968671630001,0.49244289008980524,"-0.07,0.99,-0.10,-0.24,-0.43,0.00"
ziqian,normal_work,ziqian_normal_work_data.csv,2315,2026-07-27T13:55:32.966,95.910274,0.484000000000151,-0.07,0.99,-0.1,-0.49,-0.92,0.06,0.9974968671630001,1.0440785411069418,"-0.07,0.99,-0.10,-0.49,-0.92,0.06"
ziqian,normal_work,ziqian_normal_work_data.csv,2316,2026-07-27T13:55:32.967,95.910864,0.5900000000025329,-0.07,0.99,-0.1,-0.43,-1.83,0.12,0.9974968671630001,1.8836666371733615,"-0.07,0.99,-0.10,-0.43,-1.83,0.12"
ziqian,normal_work,ziqian_normal_work_data.csv,2317,2026-07-27T13:55:32.967,95.911416,0.5519999999989977,-0.07,0.99,-0.1,-0.06,-2.87,0.18,0.9974968671630001,2.876264939118092,"-0.07,0.99,-0.10,-0.06,-2.87,0.18"
ziqian,normal_work,ziqian_normal_work_data.csv,2318,2026-07-27T13:55:32.968,95.911905,0.48900000000173804,-0.07,0.99,-0.1,0.18,-3.6,0.24,0.9974968671630001,3.612478373637689,"-0.07,0.99,-0.10,0.18,-3.60,0.24"
ziqian,normal_work,ziqian_normal_work_data.csv,2319,2026-07-27T13:55:32.968,95.912416,0.510999999988826,-0.07,0.99,-0.1,0.18,-3.78,0.31,0.9974968671630001,3.7969593097635377,"-0.07,0.99,-0.10,0.18,-3.78,0.31"
ziqian,normal_work,ziqian_normal_work_data.csv,2320,2026-07-27T13:55:32.969,95.912963,0.5470000000116215,-0.07,0.99,-0.1,0.12,-3.48,0.24,0.9974968671630001,3.490329497339757,"-0.07,0.99,-0.10,0.12,-3.48,0.24"
ziqian,normal_work,ziqian_normal_work_data.csv,2321,2026-07-27T13:55:33.025,95.969155,56.1919999999958,-0.07,0.99,-0.1,-0.06,-2.81,0.18,0.9974968671630001,2.816398409316409,"-0.07,0.99,-0.10,-0.06,-2.81,0.18"
ziqian,normal_work,ziqian_normal_work_data.csv,2322,2026-07-27T13:55:33.025,95.969301,0.14600000000086766,-0.07,0.99,-0.1,-0.24,-2.08,0.12,0.9974968671630001,2.0972362766269326,"-0.07,0.99,-0.10,-0.24,-2.08,0.12"
ziqian,normal_work,ziqian_normal_work_data.csv,2323,2026-07-27T13:55:33.206,96.150333,181.03200000000186,-0.07,0.99,-0.1,-0.24,-1.34,0.06,0.9974968671630001,1.3626444877516661,"-0.07,0.99,-0.10,-0.24,-1.34,0.06"
ziqian,normal_work,ziqian_normal_work_data.csv,2324,2026-07-27T13:55:33.206,96.15049,0.15700000000151704,-0.07,0.99,-0.1,-0.24,-0.79,0.0,0.9974968671630001,0.8256512580987205,"-0.07,0.99,-0.10,-0.24,-0.79,0.00"
ziqian,normal_work,ziqian_normal_work_data.csv,2325,2026-07-27T13:55:33.207,96.1506,0.10999999999228294,-0.07,0.99,-0.1,-0.37,-0.49,0.0,0.9974968671630001,0.6140032573203501,"-0.07,0.99,-0.10,-0.37,-0.49,0.00"
ziqian,normal_work,ziqian_normal_work_data.csv,2326,2026-07-27T13:55:33.207,96.150687,0.08700000000771979,-0.07,0.99,-0.1,-0.37,-0.43,-0.06,0.9974968671630001,0.5704384278780664,"-0.07,0.99,-0.10,-0.37,-0.43,-0.06"
ziqian,normal_work,ziqian_normal_work_data.csv,2327,2026-07-27T13:55:33.265,96.20933,58.64299999998934,-0.07,0.99,-0.1,-0.24,-0.37,0.0,0.9974968671630001,0.4410215414239989,"-0.07,0.99,-0.10,-0.24,-0.37,0.00"
ziqian,normal_work,ziqian_normal_work_data.csv,2328,2026-07-27T13:55:33.265,96.209443,0.11299999999891952,-0.07,0.99,-0.1,-0.12,-0.37,0.06,0.9974968671630001,0.39357337308308854,"-0.07,0.99,-0.10,-0.12,-0.37,0.06"
ziqian,normal_work,ziqian_normal_work_data.csv,2329,2026-07-27T13:55:33.326,96.269826,60.38300000000163,-0.07,0.99,-0.1,-0.12,-0.31,0.06,0.9974968671630001,0.33778691508109077,"-0.07,0.99,-0.10,-0.12,-0.31,0.06"
ziqian,normal_work,ziqian_normal_work_data.csv,2330,2026-07-27T13:55:33.504,96.448438,178.6120000000011,-0.07,0.99,-0.1,-0.31,-0.37,0.0,0.9974968671630001,0.48270073544588676,"-0.07,0.99,-0.10,-0.31,-0.37,0.00"
ziqian,normal_work,ziqian_normal_work_data.csv,2331,2026-07-27T13:55:33.505,96.448727,0.2890000000093096,-0.07,0.99,-0.1,-0.43,-0.43,0.0,0.9974968671630001,0.6081118318204308,"-0.07,0.99,-0.10,-0.43,-0.43,0.00"
ziqian,normal_work,ziqian_normal_work_data.csv,2332,2026-07-27T13:55:33.505,96.449368,0.641000000001668,-0.07,0.99,-0.1,-0.31,-0.43,0.0,0.9974968671630001,0.5300943312279428,"-0.07,0.99,-0.10,-0.31,-0.43,0.00"
ziqian,normal_work,ziqian_normal_work_data.csv,2333,2026-07-27T13:55:33.506,96.449795,0.42699999998774274,-0.07,0.99,-0.1,-0.12,-0.37,0.0,0.9974968671630001,0.3889730067755345,"-0.07,0.99,-0.10,-0.12,-0.37,0.00"
ziqian,normal_work,ziqian_normal_work_data.csv,2334,2026-07-27T13:55:33.506,96.450346,0.5510000000015225,-0.07,0.99,-0.1,-0.06,-0.31,0.0,0.9974968671630001,0.3157530680769389,"-0.07,0.99,-0.10,-0.06,-0.31,0.00"
ziqian,normal_work,ziqian_normal_work_data.csv,2335,2026-07-27T13:55:33.688,96.631618,181.27200000000698,-0.07,0.99,-0.1,-0.12,-0.31,0.0,0.9974968671630001,0.33241540277189324,"-0.07,0.99,-0.10,-0.12,-0.31,0.00"
ziqian,normal_work,ziqian_normal_work_data.csv,2336,2026-07-27T13:55:33.688,96.631893,0.2750000000020236,-0.07,0.99,-0.1,-0.18,-0.31,0.0,0.9974968671630001,0.3584689665786984,"-0.07,0.99,-0.10,-0.18,-0.31,0.00"
ziqian,normal_work,ziqian_normal_work_data.csv,2337,2026-07-27T13:55:33.690,96.633716,1.8230000000016844,-0.08,0.99,-0.1,-0.37,-0.37,0.0,0.9982484660644363,0.5232590180780452,"-0.08,0.99,-0.10,-0.37,-0.37,0.00"
ziqian,normal_work,ziqian_normal_work_data.csv,2338,2026-07-27T13:55:33.690,96.633893,0.17699999999365446,-0.08,0.99,-0.1,-0.49,-0.43,0.0,0.9982484660644363,0.6519202405202649,"-0.08,0.99,-0.10,-0.49,-0.43,0.00"
ziqian,normal_work,ziqian_normal_work_data.csv,2339,2026-07-27T13:55:33.746,96.690403,56.51000000000295,-0.08,0.99,-0.1,-0.24,-0.37,0.06,0.9982484660644363,0.44508426168535775,"-0.08,0.99,-0.10,-0.24,-0.37,0.06"
ziqian,normal_work,ziqian_normal_work_data.csv,2340,2026-07-27T13:55:33.746,96.690557,0.15399999999488045,-0.08,0.99,-0.1,-0.06,-0.31,0.06,0.9982484660644363,0.32140317359976395,"-0.08,0.99,-0.10,-0.06,-0.31,0.06"
ziqian,normal_work,ziqian_normal_work_data.csv,2341,2026-07-27T13:55:33.864,96.808101,117.54399999999521,-0.08,0.99,-0.1,0.0,-0.31,0.06,0.9982484660644363,0.3157530680769389,"-0.08,0.99,-0.10,0.00,-0.31,0.06"
ziqian,normal_work,ziqian_normal_work_data.csv,2342,2026-07-27T13:55:33.864,96.808278,0.1770000000078653,-0.08,0.99,-0.1,0.0,-0.31,0.06,0.9982484660644363,0.3157530680769389,"-0.08,0.99,-0.10,0.00,-0.31,0.06"
ziqian,normal_work,ziqian_normal_work_data.csv,2343,2026-07-27T13:55:33.865,96.809001,0.7229999999935899,-0.08,0.99,-0.1,-0.06,-0.37,0.06,0.9982484660644363,0.37960505792204613,"-0.08,0.99,-0.10,-0.06,-0.37,0.06"
ziqian,normal_work,ziqian_normal_work_data.csv,2344,2026-07-27T13:55:34.285,97.228598,419.5970000000102,-0.08,0.99,-0.1,-0.18,-0.37,0.06,0.9982484660644363,0.4158124577258358,"-0.08,0.99,-0.10,-0.18,-0.37,0.06"
ziqian,normal_work,ziqian_normal_work_data.csv,2345,2026-07-27T13:55:34.285,97.22903,0.4319999999893298,-0.08,0.99,-0.1,-0.37,-0.43,0.06,0.9982484660644363,0.5704384278780664,"-0.08,0.99,-0.10,-0.37,-0.43,0.06"
ziqian,normal_work,ziqian_normal_work_data.csv,2346,2026-07-27T13:55:34.285,97.229331,0.3010000000074342,-0.08,0.99,-0.09,-0.37,-0.43,0.06,0.9972963451251589,0.5704384278780664,"-0.08,0.99,-0.09,-0.37,-0.43,0.06"
ziqian,normal_work,ziqian_normal_work_data.csv,2347,2026-07-27T13:55:34.286,97.229821,0.4899999999992133,-0.08,0.99,-0.09,-0.18,-0.43,0.06,0.9972963451251589,0.47,"-0.08,0.99,-0.09,-0.18,-0.43,0.06"
ziqian,normal_work,ziqian_normal_work_data.csv,2348,2026-07-27T13:55:34.287,97.23083,1.0089999999962629,-0.08,0.99,-0.09,-0.37,-0.49,0.06,0.9972963451251589,0.6169278726074873,"-0.08,0.99,-0.09,-0.37,-0.49,0.06"
ziqian,normal_work,ziqian_normal_work_data.csv,2349,2026-07-27T13:55:34.287,97.23135,0.5200000000087357,-0.08,0.99,-0.09,-0.79,-0.67,0.06,0.9972963451251589,1.0375933692926147,"-0.08,0.99,-0.09,-0.79,-0.67,0.06"
ziqian,normal_work,ziqian_normal_work_data.csv,2350,2026-07-27T13:55:34.288,97.231749,0.39899999998738167,-0.08,0.99,-0.09,-0.98,-0.73,0.0,0.9972963451251589,1.2220065466273082,"-0.08,0.99,-0.09,-0.98,-0.73,0.00"
ziqian,normal_work,ziqian_normal_work_data.csv,2351,2026-07-27T13:55:34.288,97.232445,0.6960000000049149,-0.08,0.99,-0.09,-0.73,-0.61,0.0,0.9972963451251589,0.9513148795220223,"-0.08,0.99,-0.09,-0.73,-0.61,0.00"
ziqian,normal_work,ziqian_normal_work_data.csv,2352,2026-07-27T13:55:34.289,97.23298,0.534999999999286,-0.07,0.99,-0.1,-0.12,-0.31,0.06,0.9974968671630001,0.33778691508109077,"-0.07,0.99,-0.10,-0.12,-0.31,0.06"
ziqian,normal_work,ziqian_normal_work_data.csv,2353,2026-07-27T13:55:34.289,97.233424,0.4440000000016653,-0.07,0.99,-0.1,-0.12,0.0,0.06,0.9974968671630001,0.1341640786499874,"-0.07,0.99,-0.10,-0.12,0.00,0.06"
ziqian,normal_work,ziqian_normal_work_data.csv,2354,2026-07-27T13:55:34.346,97.289882,56.45800000000634,-0.08,0.99,-0.09,-2.99,-0.06,-0.18,0.9972963451251589,2.9960140186587916,"-0.08,0.99,-0.09,-2.99,-0.06,-0.18"
ziqian,normal_work,ziqian_normal_work_data.csv,2355,2026-07-27T13:55:34.346,97.290046,0.1639999999980546,-0.08,0.99,-0.08,-4.82,-0.55,-0.31,0.9964436762808021,4.861172698022567,"-0.08,0.99,-0.08,-4.82,-0.55,-0.31"
ziqian,normal_work,ziqian_normal_work_data.csv,2356,2026-07-27T13:55:34.405,97.349506,59.4600000000014,-0.08,0.99,-0.08,-2.5,-0.67,-0.06,0.9964436762808021,2.5889186931999233,"-0.08,0.99,-0.08,-2.50,-0.67,-0.06"
ziqian,normal_work,ziqian_normal_work_data.csv,2357,2026-07-27T13:55:34.585,97.52874,179.2339999999939,-0.08,0.99,-0.09,-0.18,-0.49,0.12,0.9972963451251589,0.5356304696336832,"-0.08,0.99,-0.09,-0.18,-0.49,0.12"
ziqian,normal_work,ziqian_normal_work_data.csv,2358,2026-07-27T13:55:34.585,97.528976,0.23600000000101318,-0.08,0.99,-0.09,0.55,-0.31,0.18,0.9972963451251589,0.6565059024867942,"-0.08,0.99,-0.09,0.55,-0.31,0.18"
ziqian,normal_work,ziqian_normal_work_data.csv,2359,2026-07-27T13:55:34.585,97.529289,0.31300000000555883,-0.08,0.99,-0.09,0.31,-0.24,0.12,0.9972963451251589,0.41,"-0.08,0.99,-0.09,0.31,-0.24,0.12"
ziqian,normal_work,ziqian_normal_work_data.csv,2360,2026-07-27T13:55:34.586,97.529765,0.4759999999919273,-0.08,0.99,-0.09,-0.06,-0.24,0.12,0.9972963451251589,0.2749545416973504,"-0.08,0.99,-0.09,-0.06,-0.24,0.12"
ziqian,normal_work,ziqian_normal_work_data.csv,2361,2026-07-27T13:55:34.586,97.530236,0.4710000000045511,-0.08,0.99,-0.09,-0.18,-0.31,0.12,0.9972963451251589,0.378021163428716,"-0.08,0.99,-0.09,-0.18,-0.31,0.12"
ziqian,normal_work,ziqian_normal_work_data.csv,2362,2026-07-27T13:55:34.645,97.58858,58.34399999999107,-0.08,0.99,-0.09,-0.18,-0.31,0.12,0.9972963451251589,0.378021163428716,"-0.08,0.99,-0.09,-0.18,-0.31,0.12"
ziqian,normal_work,ziqian_normal_work_data.csv,2363,2026-07-27T13:55:34.766,97.70971,121.13000000000795,-0.08,0.99,-0.09,-0.12,-0.31,0.12,0.9972963451251589,0.35341194094144585,"-0.08,0.99,-0.09,-0.12,-0.31,0.12"
ziqian,normal_work,ziqian_normal_work_data.csv,2364,2026-07-27T13:55:34.766,97.709867,0.15700000000151704,-0.08,0.99,-0.09,-0.06,-0.31,0.12,0.9972963451251589,0.33778691508109077,"-0.08,0.99,-0.09,-0.06,-0.31,0.12"
ziqian,normal_work,ziqian_normal_work_data.csv,2365,2026-07-27T13:55:34.766,97.709989,0.12199999999040756,-0.08,0.99,-0.09,-0.06,-0.31,0.12,0.9972963451251589,0.33778691508109077,"-0.08,0.99,-0.09,-0.06,-0.31,0.12"
ziqian,normal_work,ziqian_normal_work_data.csv,2366,2026-07-27T13:55:35.065,98.009163,299.1740000000078,-0.08,0.99,-0.09,-0.06,-0.31,0.12,0.9972963451251589,0.33778691508109077,"-0.08,0.99,-0.09,-0.06,-0.31,0.12"
ziqian,normal_work,ziqian_normal_work_data.csv,2367,2026-07-27T13:55:35.065,98.009368,0.20499999999401552,-0.08,0.99,-0.09,-0.06,-0.31,0.12,0.9972963451251589,0.33778691508109077,"-0.08,0.99,-0.09,-0.06,-0.31,0.12"
ziqian,normal_work,ziqian_normal_work_data.csv,2368,2026-07-27T13:55:35.065,98.009513,0.14500000000339242,-0.08,0.99,-0.09,-0.06,-0.37,0.06,0.9972963451251589,0.37960505792204613,"-0.08,0.99,-0.09,-0.06,-0.37,0.06"
ziqian,normal_work,ziqian_normal_work_data.csv,2369,2026-07-27T13:55:35.068,98.011958,2.44500000000869,-0.08,0.99,-0.09,-0.06,-0.31,0.06,0.9972963451251589,0.32140317359976395,"-0.08,0.99,-0.09,-0.06,-0.31,0.06"
ziqian,normal_work,ziqian_normal_work_data.csv,2370,2026-07-27T13:55:35.068,98.012151,0.1929999999958909,-0.08,0.99,-0.09,-0.12,-0.31,0.12,0.9972963451251589,0.35341194094144585,"-0.08,0.99,-0.09,-0.12,-0.31,0.12"
ziqian,normal_work,ziqian_normal_work_data.csv,2371,2026-07-27T13:55:35.068,98.01231,0.15899999999646752,-0.08,0.99,-0.09,-0.12,-0.31,0.12,0.9972963451251589,0.35341194094144585,"-0.08,0.99,-0.09,-0.12,-0.31,0.12"
ziqian,normal_work,ziqian_normal_work_data.csv,2372,2026-07-27T13:55:35.068,98.012512,0.2020000000015898,-0.08,0.99,-0.09,-0.12,-0.31,0.12,0.9972963451251589,0.35341194094144585,"-0.08,0.99,-0.09,-0.12,-0.31,0.12"
ziqian,normal_work,ziqian_normal_work_data.csv,2373,2026-07-27T13:55:35.124,98.068485,55.9729999999945,-0.08,0.99,-0.09,-0.12,-0.31,0.12,0.9972963451251589,0.35341194094144585,"-0.08,0.99,-0.09,-0.12,-0.31,0.12"
ziqian,normal_work,ziqian_normal_work_data.csv,2374,2026-07-27T13:55:35.184,98.128572,60.08700000000999,-0.08,0.99,-0.09,-0.12,-0.24,0.12,0.9972963451251589,0.29393876913398137,"-0.08,0.99,-0.09,-0.12,-0.24,0.12"
ziqian,normal_work,ziqian_normal_work_data.csv,2375,2026-07-27T13:55:35.425,98.36874,240.16799999999705,-0.08,0.99,-0.09,-0.06,-0.31,0.12,0.9972963451251589,0.33778691508109077,"-0.08,0.99,-0.09,-0.06,-0.31,0.12"
ziqian,normal_work,ziqian_normal_work_data.csv,2376,2026-07-27T13:55:35.425,98.369338,0.5979999999965457,-0.08,0.99,-0.09,-0.06,-0.31,0.18,0.9972963451251589,0.363455636907725,"-0.08,0.99,-0.09,-0.06,-0.31,0.18"
ziqian,normal_work,ziqian_normal_work_data.csv,2377,2026-07-27T13:55:35.425,98.369429,0.09099999999762076,-0.08,0.99,-0.09,-0.06,-0.31,0.18,0.9972963451251589,0.363455636907725,"-0.08,0.99,-0.09,-0.06,-0.31,0.18"
ziqian,normal_work,ziqian_normal_work_data.csv,2378,2026-07-27T13:55:35.426,98.369815,0.38600000000599266,-0.08,0.99,-0.09,-0.06,-0.31,0.18,0.9972963451251589,0.363455636907725,"-0.08,0.99,-0.09,-0.06,-0.31,0.18"
ziqian,normal_work,ziqian_normal_work_data.csv,2379,2026-07-27T13:55:35.426,98.370392,0.5769999999927222,-0.08,0.99,-0.09,-0.06,-0.31,0.12,0.9972963451251589,0.33778691508109077,"-0.08,0.99,-0.09,-0.06,-0.31,0.12"
ziqian,normal_work,ziqian_normal_work_data.csv,2380,2026-07-27T13:55:35.427,98.370877,0.4849999999976262,-0.08,0.99,-0.09,-0.06,-0.31,0.12,0.9972963451251589,0.33778691508109077,"-0.08,0.99,-0.09,-0.06,-0.31,0.12"
ziqian,normal_work,ziqian_normal_work_data.csv,2381,2026-07-27T13:55:35.485,98.429374,58.497000000002686,-0.08,0.99,-0.09,-0.12,-0.31,0.06,0.9972963451251589,0.33778691508109077,"-0.08,0.99,-0.09,-0.12,-0.31,0.06"
ziqian,normal_work,ziqian_normal_work_data.csv,2382,2026-07-27T13:55:35.606,98.549681,120.30700000001104,-0.08,0.99,-0.09,-0.12,-0.31,0.06,0.9972963451251589,0.33778691508109077,"-0.08,0.99,-0.09,-0.12,-0.31,0.06"
ziqian,normal_work,ziqian_normal_work_data.csv,2383,2026-07-27T13:55:35.606,98.549717,0.035999999994373866,-0.08,0.99,-0.09,-0.37,-0.31,0.06,0.9972963451251589,0.48641546028061233,"-0.08,0.99,-0.09,-0.37,-0.31,0.06"
ziqian,normal_work,ziqian_normal_work_data.csv,2384,2026-07-27T13:55:35.606,98.549889,0.1719999999920674,-0.08,0.99,-0.08,-0.55,-0.31,0.06,0.9964436762808021,0.6341923998283171,"-0.08,0.99,-0.08,-0.55,-0.31,0.06"
ziqian,normal_work,ziqian_normal_work_data.csv,2385,2026-07-27T13:55:35.667,98.610656,60.76700000001267,-0.08,0.99,-0.08,-0.49,-0.31,0.06,0.9964436762808021,0.5829236656715868,"-0.08,0.99,-0.08,-0.49,-0.31,0.06"
ziqian,normal_work,ziqian_normal_work_data.csv,2386,2026-07-27T13:55:35.667,98.610688,0.03199999999026204,-0.08,0.99,-0.08,-0.18,-0.31,0.12,0.9964436762808021,0.378021163428716,"-0.08,0.99,-0.08,-0.18,-0.31,0.12"
ziqian,normal_work,ziqian_normal_work_data.csv,2387,2026-07-27T13:55:35.786,98.729623,118.93500000000756,-0.08,0.99,-0.08,-0.06,-0.31,0.12,0.9964436762808021,0.33778691508109077,"-0.08,0.99,-0.08,-0.06,-0.31,0.12"
ziqian,normal_work,ziqian_normal_work_data.csv,2388,2026-07-27T13:55:35.786,98.729653,0.029999999995311555,-0.08,0.99,-0.08,-0.06,-0.31,0.12,0.9964436762808021,0.33778691508109077,"-0.08,0.99,-0.08,-0.06,-0.31,0.12"
ziqian,normal_work,ziqian_normal_work_data.csv,2389,2026-07-27T13:55:35.786,98.729804,0.15100000000245473,-0.08,0.99,-0.09,-0.12,-0.24,0.12,0.9972963451251589,0.29393876913398137,"-0.08,0.99,-0.09,-0.12,-0.24,0.12"
ziqian,normal_work,ziqian_normal_work_data.csv,2390,2026-07-27T13:55:35.905,98.84861,118.8059999999922,-0.08,0.99,-0.09,-0.12,-0.24,0.12,0.9972963451251589,0.29393876913398137,"-0.08,0.99,-0.09,-0.12,-0.24,0.12"
ziqian,normal_work,ziqian_normal_work_data.csv,2391,2026-07-27T13:55:35.905,98.848817,0.20700000000317686,-0.08,0.99,-0.08,-0.12,-0.31,0.12,0.9964436762808021,0.35341194094144585,"-0.08,0.99,-0.08,-0.12,-0.31,0.12"
ziqian,normal_work,ziqian_normal_work_data.csv,2392,2026-07-27T13:55:35.905,98.849251,0.43399999999849115,-0.08,0.99,-0.08,-0.12,-0.37,0.12,0.9964436762808021,0.4070626487409524,"-0.08,0.99,-0.08,-0.12,-0.37,0.12"
ziqian,normal_work,ziqian_normal_work_data.csv,2393,2026-07-27T13:55:35.967,98.911073,61.82200000000648,-0.08,0.99,-0.08,-0.06,-0.37,0.12,0.9964436762808021,0.39357337308308854,"-0.08,0.99,-0.08,-0.06,-0.37,0.12"
ziqian,normal_work,ziqian_normal_work_data.csv,2394,2026-07-27T13:55:36.026,98.969819,58.7459999999993,-0.08,0.99,-0.08,-0.06,-0.37,0.12,0.9964436762808021,0.39357337308308854,"-0.08,0.99,-0.08,-0.06,-0.37,0.12"
ziqian,normal_work,ziqian_normal_work_data.csv,2395,2026-07-27T13:55:36.026,98.970063,0.24399999999502597,-0.08,0.99,-0.08,-0.12,-0.37,0.12,0.9964436762808021,0.4070626487409524,"-0.08,0.99,-0.08,-0.12,-0.37,0.12"
ziqian,normal_work,ziqian_normal_work_data.csv,2396,2026-07-27T13:55:36.145,99.089019,118.95599999999718,-0.08,0.99,-0.09,-0.18,-0.31,0.12,0.9972963451251589,0.378021163428716,"-0.08,0.99,-0.09,-0.18,-0.31,0.12"
ziqian,normal_work,ziqian_normal_work_data.csv,2397,2026-07-27T13:55:36.145,99.089132,0.11300000001313038,-0.08,0.99,-0.08,-0.37,-0.31,0.12,0.9964436762808021,0.4973932046178355,"-0.08,0.99,-0.08,-0.37,-0.31,0.12"
ziqian,normal_work,ziqian_normal_work_data.csv,2398,2026-07-27T13:55:36.145,99.089212,0.07999999999697138,-0.08,0.99,-0.08,-0.55,-0.37,0.12,0.9964436762808021,0.6736467917239717,"-0.08,0.99,-0.08,-0.55,-0.37,0.12"
ziqian,normal_work,ziqian_normal_work_data.csv,2399,2026-07-27T13:55:36.206,99.150132,60.919999999995866,-0.08,0.99,-0.08,-0.49,-0.37,0.12,0.9964436762808021,0.6256196927846821,"-0.08,0.99,-0.08,-0.49,-0.37,0.12"
ziqian,normal_work,ziqian_normal_work_data.csv,2400,2026-07-27T13:55:36.329,99.272815,122.68299999999499,-0.08,0.99,-0.08,-0.24,-0.31,0.12,0.9964436762808021,0.41,"-0.08,0.99,-0.08,-0.24,-0.31,0.12"
ziqian,normal_work,ziqian_normal_work_data.csv,2401,2026-07-27T13:55:36.329,99.272977,0.1620000000031041,-0.08,0.99,-0.08,-0.06,-0.31,0.12,0.9964436762808021,0.33778691508109077,"-0.08,0.99,-0.08,-0.06,-0.31,0.12"
ziqian,normal_work,ziqian_normal_work_data.csv,2402,2026-07-27T13:55:36.329,99.2731,0.12300000000209366,-0.08,0.99,-0.08,-0.06,-0.31,0.12,0.9964436762808021,0.33778691508109077,"-0.08,0.99,-0.08,-0.06,-0.31,0.12"
ziqian,normal_work,ziqian_normal_work_data.csv,2403,2026-07-27T13:55:36.445,99.389248,116.14799999999548,-0.08,0.99,-0.08,-0.06,-0.31,0.12,0.9964436762808021,0.33778691508109077,"-0.08,0.99,-0.08,-0.06,-0.31,0.12"
ziqian,normal_work,ziqian_normal_work_data.csv,2404,2026-07-27T13:55:36.445,99.389437,0.18900000000598993,-0.08,0.99,-0.08,-0.12,-0.31,0.12,0.9964436762808021,0.35341194094144585,"-0.08,0.99,-0.08,-0.12,-0.31,0.12"
ziqian,normal_work,ziqian_normal_work_data.csv,2405,2026-07-27T13:55:36.445,99.389544,0.10699999999985721,-0.08,0.99,-0.08,-0.18,-0.31,0.12,0.9964436762808021,0.378021163428716,"-0.08,0.99,-0.08,-0.18,-0.31,0.12"
ziqian,normal_work,ziqian_normal_work_data.csv,2406,2026-07-27T13:55:36.509,99.452597,63.05299999999647,-0.08,0.99,-0.08,-0.18,-0.31,0.12,0.9964436762808021,0.378021163428716,"-0.08,0.99,-0.08,-0.18,-0.31,0.12"
ziqian,normal_work,ziqian_normal_work_data.csv,2407,2026-07-27T13:55:36.509,99.452792,0.19500000000505224,-0.08,0.99,-0.08,-0.18,-0.31,0.12,0.9964436762808021,0.378021163428716,"-0.08,0.99,-0.08,-0.18,-0.31,0.12"
ziqian,normal_work,ziqian_normal_work_data.csv,2408,2026-07-27T13:55:36.625,99.56865,115.8580000000029,-0.08,0.99,-0.08,-0.24,-0.37,0.12,0.9964436762808021,0.45705579528105755,"-0.08,0.99,-0.08,-0.24,-0.37,0.12"
ziqian,normal_work,ziqian_normal_work_data.csv,2409,2026-07-27T13:55:36.625,99.568815,0.16499999999552983,-0.08,0.99,-0.08,-0.24,-0.37,0.12,0.9964436762808021,0.45705579528105755,"-0.08,0.99,-0.08,-0.24,-0.37,0.12"
ziqian,normal_work,ziqian_normal_work_data.csv,2410,2026-07-27T13:55:36.625,99.5692,0.38499999999430656,-0.08,0.99,-0.08,-0.24,-0.37,0.12,0.9964436762808021,0.45705579528105755,"-0.08,0.99,-0.08,-0.24,-0.37,0.12"
ziqian,normal_work,ziqian_normal_work_data.csv,2411,2026-07-27T13:55:36.865,99.809172,239.97200000000873,-0.08,0.99,-0.08,-0.18,-0.37,0.12,0.9964436762808021,0.4286023798347368,"-0.08,0.99,-0.08,-0.18,-0.37,0.12"
ziqian,normal_work,ziqian_normal_work_data.csv,2412,2026-07-27T13:55:36.865,99.809207,0.03499999999689862,-0.08,0.99,-0.08,-0.18,-0.31,0.12,0.9964436762808021,0.378021163428716,"-0.08,0.99,-0.08,-0.18,-0.31,0.12"
ziqian,normal_work,ziqian_normal_work_data.csv,2413,2026-07-27T13:55:36.865,99.809342,0.13500000000021828,-0.08,0.99,-0.08,-0.18,-0.31,0.12,0.9964436762808021,0.378021163428716,"-0.08,0.99,-0.08,-0.18,-0.31,0.12"
ziqian,normal_work,ziqian_normal_work_data.csv,2414,2026-07-27T13:55:36.866,99.810037,0.6949999999932288,-0.08,0.99,-0.08,-0.24,-0.31,0.12,0.9964436762808021,0.41,"-0.08,0.99,-0.08,-0.24,-0.31,0.12"
ziqian,normal_work,ziqian_normal_work_data.csv,2415,2026-07-27T13:55:36.866,99.810417,0.38000000000693035,-0.08,0.99,-0.08,-0.31,-0.37,0.12,0.9964436762808021,0.4973932046178355,"-0.08,0.99,-0.08,-0.31,-0.37,0.12"
ziqian,normal_work,ziqian_normal_work_data.csv,2416,2026-07-27T13:55:36.869,99.812688,2.2709999999932506,-0.08,0.99,-0.08,-0.31,-0.31,0.12,0.9964436762808021,0.45453272709454046,"-0.08,0.99,-0.08,-0.31,-0.31,0.12"
ziqian,normal_work,ziqian_normal_work_data.csv,2417,2026-07-27T13:55:38.067,101.011029,1198.3409999999992,-0.08,0.99,-0.08,-0.31,-0.31,0.12,0.9964436762808021,0.45453272709454046,"-0.08,0.99,-0.08,-0.31,-0.31,0.12"
ziqian,normal_work,ziqian_normal_work_data.csv,2418,2026-07-27T13:55:38.067,101.011282,0.25300000000072487,-0.08,0.99,-0.08,-0.31,-0.31,0.12,0.9964436762808021,0.45453272709454046,"-0.08,0.99,-0.08,-0.31,-0.31,0.12"
ziqian,normal_work,ziqian_normal_work_data.csv,2419,2026-07-27T13:55:38.067,101.011367,0.0850000000127693,-0.08,0.99,-0.08,-0.24,-0.37,0.12,0.9964436762808021,0.45705579528105755,"-0.08,0.99,-0.08,-0.24,-0.37,0.12"
ziqian,normal_work,ziqian_normal_work_data.csv,2420,2026-07-27T13:55:38.067,101.011476,0.1089999999948077,-0.08,0.99,-0.08,-0.18,-0.37,0.12,0.9964436762808021,0.4286023798347368,"-0.08,0.99,-0.08,-0.18,-0.37,0.12"
ziqian,normal_work,ziqian_normal_work_data.csv,2421,2026-07-27T13:55:38.068,101.011631,0.1549999999923557,-0.08,0.99,-0.08,-0.12,-0.31,0.12,0.9964436762808021,0.35341194094144585,"-0.08,0.99,-0.08,-0.12,-0.31,0.12"
ziqian,normal_work,ziqian_normal_work_data.csv,2422,2026-07-27T13:55:38.068,101.011756,0.125000000011255,-0.08,0.99,-0.08,-0.12,-0.31,0.12,0.9964436762808021,0.35341194094144585,"-0.08,0.99,-0.08,-0.12,-0.31,0.12"
ziqian,normal_work,ziqian_normal_work_data.csv,2423,2026-07-27T13:55:38.069,101.012737,0.9809999999959018,-0.08,0.99,-0.08,-0.12,-0.24,0.12,0.9964436762808021,0.29393876913398137,"-0.08,0.99,-0.08,-0.12,-0.24,0.12"
ziqian,normal_work,ziqian_normal_work_data.csv,2424,2026-07-27T13:55:38.069,101.013248,0.5110000000030368,-0.08,0.99,-0.08,-0.18,-0.31,0.12,0.9964436762808021,0.378021163428716,"-0.08,0.99,-0.08,-0.18,-0.31,0.12"
ziqian,normal_work,ziqian_normal_work_data.csv,2425,2026-07-27T13:55:38.069,101.013436,0.18799999999430383,-0.08,0.99,-0.08,-0.24,-0.31,0.12,0.9964436762808021,0.41,"-0.08,0.99,-0.08,-0.24,-0.31,0.12"
ziqian,normal_work,ziqian_normal_work_data.csv,2426,2026-07-27T13:55:38.070,101.013661,0.2250000000003638,-0.08,0.99,-0.08,-0.43,-0.37,0.06,0.9964436762808021,0.5704384278780664,"-0.08,0.99,-0.08,-0.43,-0.37,0.06"
ziqian,normal_work,ziqian_normal_work_data.csv,2427,2026-07-27T13:55:38.070,101.014074,0.41299999999466763,-0.08,0.99,-0.08,-0.43,-0.37,0.06,0.9964436762808021,0.5704384278780664,"-0.08,0.99,-0.08,-0.43,-0.37,0.06"
ziqian,normal_work,ziqian_normal_work_data.csv,2428,2026-07-27T13:55:38.070,101.014283,0.2090000000123382,-0.08,0.99,-0.08,-0.24,-0.31,0.12,0.9964436762808021,0.41,"-0.08,0.99,-0.08,-0.24,-0.31,0.12"
ziqian,normal_work,ziqian_normal_work_data.csv,2429,2026-07-27T13:55:38.072,101.015905,1.6219999999975698,-0.08,0.99,-0.08,-0.12,-0.31,0.12,0.9964436762808021,0.35341194094144585,"-0.08,0.99,-0.08,-0.12,-0.31,0.12"
ziqian,normal_work,ziqian_normal_work_data.csv,2430,2026-07-27T13:55:38.072,101.016079,0.17400000000122873,-0.08,0.99,-0.08,-0.12,-0.31,0.12,0.9964436762808021,0.35341194094144585,"-0.08,0.99,-0.08,-0.12,-0.31,0.12"
ziqian,normal_work,ziqian_normal_work_data.csv,2431,2026-07-27T13:55:38.072,101.016206,0.12699999999199463,-0.08,0.99,-0.08,-0.12,-0.31,0.12,0.9964436762808021,0.35341194094144585,"-0.08,0.99,-0.08,-0.12,-0.31,0.12"
ziqian,normal_work,ziqian_normal_work_data.csv,2432,2026-07-27T13:55:38.072,101.016287,0.08100000000865748,-0.08,0.99,-0.08,-0.12,-0.31,0.12,0.9964436762808021,0.35341194094144585,"-0.08,0.99,-0.08,-0.12,-0.31,0.12"
ziqian,normal_work,ziqian_normal_work_data.csv,2433,2026-07-27T13:55:38.075,101.01953,3.2429999999976644,-0.08,0.99,-0.08,-0.31,-0.37,0.12,0.9964436762808021,0.4973932046178355,"-0.08,0.99,-0.08,-0.31,-0.37,0.12"
ziqian,normal_work,ziqian_normal_work_data.csv,2434,2026-07-27T13:55:38.076,101.020127,0.5969999999990705,-0.08,0.99,-0.08,-0.43,-0.37,0.12,0.9964436762808021,0.5798275605729689,"-0.08,0.99,-0.08,-0.43,-0.37,0.12"
ziqian,normal_work,ziqian_normal_work_data.csv,2435,2026-07-27T13:55:38.076,101.02029,0.16300000000057935,-0.08,0.99,-0.08,-0.43,-0.37,0.12,0.9964436762808021,0.5798275605729689,"-0.08,0.99,-0.08,-0.43,-0.37,0.12"
ziqian,normal_work,ziqian_normal_work_data.csv,2436,2026-07-27T13:55:38.076,101.020434,0.14399999999170632,-0.08,0.99,-0.08,-0.31,-0.31,0.12,0.9964436762808021,0.45453272709454046,"-0.08,0.99,-0.08,-0.31,-0.31,0.12"
ziqian,normal_work,ziqian_normal_work_data.csv,2437,2026-07-27T13:55:38.076,101.02055,0.1160000000055561,-0.08,0.99,-0.08,-0.18,-0.31,0.18,0.9964436762808021,0.40112342240263155,"-0.08,0.99,-0.08,-0.18,-0.31,0.18"
ziqian,normal_work,ziqian_normal_work_data.csv,2438,2026-07-27T13:55:38.077,101.020644,0.09400000000425734,-0.08,0.99,-0.08,-0.18,-0.31,0.18,0.9964436762808021,0.40112342240263155,"-0.08,0.99,-0.08,-0.18,-0.31,0.18"
ziqian,normal_work,ziqian_normal_work_data.csv,2439,2026-07-27T13:55:38.077,101.020733,0.08900000000267028,-0.08,0.99,-0.08,-0.31,-0.37,0.12,0.9964436762808021,0.4973932046178355,"-0.08,0.99,-0.08,-0.31,-0.37,0.12"
ziqian,normal_work,ziqian_normal_work_data.csv,2440,2026-07-27T13:55:38.077,101.020845,0.11199999998723342,-0.08,0.99,-0.08,-0.24,-0.31,0.12,0.9964436762808021,0.41,"-0.08,0.99,-0.08,-0.24,-0.31,0.12"
ziqian,normal_work,ziqian_normal_work_data.csv,2441,2026-07-27T13:55:38.079,101.023204,2.3590000000126565,-0.08,0.99,-0.08,-0.18,-0.31,0.12,0.9964436762808021,0.378021163428716,"-0.08,0.99,-0.08,-0.18,-0.31,0.12"
ziqian,normal_work,ziqian_normal_work_data.csv,2442,2026-07-27T13:55:38.079,101.023528,0.32399999999199736,-0.08,0.99,-0.08,-0.18,-0.31,0.12,0.9964436762808021,0.378021163428716,"-0.08,0.99,-0.08,-0.18,-0.31,0.12"
ziqian,normal_work,ziqian_normal_work_data.csv,2443,2026-07-27T13:55:38.080,101.023673,0.14500000000339242,-0.08,0.99,-0.08,-0.12,-0.31,0.18,0.9964436762808021,0.378021163428716,"-0.08,0.99,-0.08,-0.12,-0.31,0.18"
ziqian,normal_work,ziqian_normal_work_data.csv,2444,2026-07-27T13:55:38.080,101.023867,0.19399999999336615,-0.08,0.99,-0.08,-0.12,-0.31,0.18,0.9964436762808021,0.378021163428716,"-0.08,0.99,-0.08,-0.12,-0.31,0.18"
ziqian,normal_work,ziqian_normal_work_data.csv,2445,2026-07-27T13:55:38.605,101.549385,525.5180000000053,-0.08,0.99,-0.08,-0.12,-0.31,0.12,0.9964436762808021,0.35341194094144585,"-0.08,0.99,-0.08,-0.12,-0.31,0.12"
ziqian,normal_work,ziqian_normal_work_data.csv,2446,2026-07-27T13:55:38.605,101.549566,0.18099999999776628,-0.08,0.99,-0.08,-0.12,-0.31,0.12,0.9964436762808021,0.35341194094144585,"-0.08,0.99,-0.08,-0.12,-0.31,0.12"
ziqian,normal_work,ziqian_normal_work_data.csv,2447,2026-07-27T13:55:38.606,101.549602,0.035999999994373866,-0.08,0.99,-0.08,-0.12,-0.31,0.18,0.9964436762808021,0.378021163428716,"-0.08,0.99,-0.08,-0.12,-0.31,0.18"
ziqian,normal_work,ziqian_normal_work_data.csv,2448,2026-07-27T13:55:38.606,101.549754,0.15199999999992997,-0.08,0.99,-0.08,-0.12,-0.31,0.18,0.9964436762808021,0.378021163428716,"-0.08,0.99,-0.08,-0.12,-0.31,0.18"
ziqian,normal_work,ziqian_normal_work_data.csv,2449,2026-07-27T13:55:38.606,101.550339,0.5850000000009459,-0.08,0.99,-0.08,-0.18,-0.31,0.18,0.9964436762808021,0.40112342240263155,"-0.08,0.99,-0.08,-0.18,-0.31,0.18"
ziqian,normal_work,ziqian_normal_work_data.csv,2450,2026-07-27T13:55:38.607,101.550758,0.4190000000079408,-0.08,0.99,-0.08,-0.18,-0.31,0.12,0.9964436762808021,0.378021163428716,"-0.08,0.99,-0.08,-0.18,-0.31,0.12"
ziqian,normal_work,ziqian_normal_work_data.csv,2451,2026-07-27T13:55:38.607,101.551519,0.7609999999971251,-0.08,0.99,-0.08,-0.18,-0.31,0.12,0.9964436762808021,0.378021163428716,"-0.08,0.99,-0.08,-0.18,-0.31,0.12"
ziqian,normal_work,ziqian_normal_work_data.csv,2452,2026-07-27T13:55:38.608,101.551895,0.3760000000028185,-0.08,0.99,-0.08,-0.18,-0.31,0.12,0.9964436762808021,0.378021163428716,"-0.08,0.99,-0.08,-0.18,-0.31,0.12"
ziqian,normal_work,ziqian_normal_work_data.csv,2453,2026-07-27T13:55:38.608,101.552522,0.626999999994382,-0.08,0.99,-0.08,-0.18,-0.31,0.12,0.9964436762808021,0.378021163428716,"-0.08,0.99,-0.08,-0.18,-0.31,0.12"
ziqian,normal_work,ziqian_normal_work_data.csv,2454,2026-07-27T13:55:38.609,101.553052,0.529999999997699,-0.08,0.99,-0.08,-0.18,-0.31,0.18,0.9964436762808021,0.40112342240263155,"-0.08,0.99,-0.08,-0.18,-0.31,0.18"
ziqian,normal_work,ziqian_normal_work_data.csv,2455,2026-07-27T13:55:38.610,101.553627,0.5750000000119826,-0.08,0.99,-0.08,-0.18,-0.31,0.18,0.9964436762808021,0.40112342240263155,"-0.08,0.99,-0.08,-0.18,-0.31,0.18"
ziqian,normal_work,ziqian_normal_work_data.csv,2456,2026-07-27T13:55:38.610,101.554153,0.5259999999935872,-0.08,0.99,-0.08,-0.24,-0.31,0.12,0.9964436762808021,0.41,"-0.08,0.99,-0.08,-0.24,-0.31,0.12"
ziqian,normal_work,ziqian_normal_work_data.csv,2457,2026-07-27T13:55:38.615,101.559181,5.027999999995814,-0.08,0.99,-0.08,-0.24,-0.31,0.12,0.9964436762808021,0.41,"-0.08,0.99,-0.08,-0.24,-0.31,0.12"
ziqian,normal_work,ziqian_normal_work_data.csv,2458,2026-07-27T13:55:38.787,101.731333,172.15200000001118,-0.08,0.99,-0.08,-0.24,-0.31,0.12,0.9964436762808021,0.41,"-0.08,0.99,-0.08,-0.24,-0.31,0.12"
ziqian,normal_work,ziqian_normal_work_data.csv,2459,2026-07-27T13:55:38.787,101.731426,0.09299999999257125,-0.08,0.99,-0.08,-0.18,-0.31,0.12,0.9964436762808021,0.378021163428716,"-0.08,0.99,-0.08,-0.18,-0.31,0.12"
ziqian,normal_work,ziqian_normal_work_data.csv,2460,2026-07-27T13:55:38.787,101.731545,0.11899999999798183,-0.08,0.99,-0.08,-0.12,-0.31,0.12,0.9964436762808021,0.35341194094144585,"-0.08,0.99,-0.08,-0.12,-0.31,0.12"
ziqian,normal_work,ziqian_normal_work_data.csv,2461,2026-07-27T13:55:38.788,101.731647,0.10199999999827014,-0.08,0.99,-0.08,-0.12,-0.24,0.12,0.9964436762808021,0.29393876913398137,"-0.08,0.99,-0.08,-0.12,-0.24,0.12"
ziqian,normal_work,ziqian_normal_work_data.csv,2462,2026-07-27T13:55:38.788,101.731722,0.07500000000959517,-0.08,0.99,-0.08,-0.12,-0.31,0.12,0.9964436762808021,0.35341194094144585,"-0.08,0.99,-0.08,-0.12,-0.31,0.12"
ziqian,normal_work,ziqian_normal_work_data.csv,2463,2026-07-27T13:55:39.265,102.208692,476.96999999999434,-0.08,0.99,-0.08,-0.12,-0.31,0.12,0.9964436762808021,0.35341194094144585,"-0.08,0.99,-0.08,-0.12,-0.31,0.12"
ziqian,normal_work,ziqian_normal_work_data.csv,2464,2026-07-27T13:55:39.265,102.209096,0.4040000000031796,-0.08,0.99,-0.08,-0.12,-0.31,0.12,0.9964436762808021,0.35341194094144585,"-0.08,0.99,-0.08,-0.12,-0.31,0.12"
ziqian,normal_work,ziqian_normal_work_data.csv,2465,2026-07-27T13:55:39.265,102.20954,0.4440000000016653,-0.08,0.99,-0.08,-0.12,-0.31,0.18,0.9964436762808021,0.378021163428716,"-0.08,0.99,-0.08,-0.12,-0.31,0.18"
ziqian,normal_work,ziqian_normal_work_data.csv,2466,2026-07-27T13:55:39.266,102.210098,0.55799999999806,-0.08,0.99,-0.08,-0.12,-0.24,0.12,0.9964436762808021,0.29393876913398137,"-0.08,0.99,-0.08,-0.12,-0.24,0.12"
ziqian,normal_work,ziqian_normal_work_data.csv,2467,2026-07-27T13:55:39.267,102.211017,0.9189999999961174,-0.08,0.99,-0.08,-0.12,-0.24,0.12,0.9964436762808021,0.29393876913398137,"-0.08,0.99,-0.08,-0.12,-0.24,0.12"
ziqian,normal_work,ziqian_normal_work_data.csv,2468,2026-07-27T13:55:39.268,102.211642,0.6249999999994316,-0.08,0.99,-0.08,-0.18,-0.24,0.12,0.9964436762808021,0.32310988842807026,"-0.08,0.99,-0.08,-0.18,-0.24,0.12"
ziqian,normal_work,ziqian_normal_work_data.csv,2469,2026-07-27T13:55:39.268,102.212204,0.5620000000021719,-0.08,0.99,-0.08,-0.18,-0.31,0.12,0.9964436762808021,0.378021163428716,"-0.08,0.99,-0.08,-0.18,-0.31,0.12"
ziqian,normal_work,ziqian_normal_work_data.csv,2470,2026-07-27T13:55:39.269,102.212721,0.5170000000020991,-0.08,0.99,-0.08,-0.18,-0.31,0.12,0.9964436762808021,0.378021163428716,"-0.08,0.99,-0.08,-0.18,-0.31,0.12"
ziqian,normal_work,ziqian_normal_work_data.csv,2471,2026-07-27T13:55:39.269,102.213273,0.5519999999989977,-0.08,0.99,-0.08,-0.24,-0.31,0.12,0.9964436762808021,0.41,"-0.08,0.99,-0.08,-0.24,-0.31,0.12"
ziqian,normal_work,ziqian_normal_work_data.csv,2472,2026-07-27T13:55:39.270,102.213739,0.46600000000296404,-0.08,0.99,-0.08,-0.31,-0.31,0.06,0.9964436762808021,0.44249293779675175,"-0.08,0.99,-0.08,-0.31,-0.31,0.06"
ziqian,normal_work,ziqian_normal_work_data.csv,2473,2026-07-27T13:55:39.270,102.214297,0.55799999999806,-0.08,0.99,-0.08,-0.37,-0.31,0.06,0.9964436762808021,0.48641546028061233,"-0.08,0.99,-0.08,-0.37,-0.31,0.06"
ziqian,normal_work,ziqian_normal_work_data.csv,2474,2026-07-27T13:55:39.271,102.214838,0.5409999999983484,-0.08,0.99,-0.08,-0.37,-0.31,0.12,0.9964436762808021,0.4973932046178355,"-0.08,0.99,-0.08,-0.37,-0.31,0.12"
ziqian,normal_work,ziqian_normal_work_data.csv,2475,2026-07-27T13:55:39.505,102.449101,234.26299999999856,-0.08,0.99,-0.08,-0.31,-0.31,0.12,0.9964436762808021,0.45453272709454046,"-0.08,0.99,-0.08,-0.31,-0.31,0.12"
ziqian,normal_work,ziqian_normal_work_data.csv,2476,2026-07-27T13:55:39.506,102.449629,0.5280000000027485,-0.08,0.99,-0.08,-0.18,-0.31,0.12,0.9964436762808021,0.378021163428716,"-0.08,0.99,-0.08,-0.18,-0.31,0.12"
ziqian,normal_work,ziqian_normal_work_data.csv,2477,2026-07-27T13:55:39.506,102.449885,0.2559999999931506,-0.08,0.99,-0.08,-0.18,-0.31,0.12,0.9964436762808021,0.378021163428716,"-0.08,0.99,-0.08,-0.18,-0.31,0.12"
ziqian,normal_work,ziqian_normal_work_data.csv,2478,2026-07-27T13:55:39.506,102.450324,0.4390000000000782,-0.08,0.99,-0.08,-0.12,-0.31,0.12,0.9964436762808021,0.35341194094144585,"-0.08,0.99,-0.08,-0.12,-0.31,0.12"
ziqian,normal_work,ziqian_normal_work_data.csv,2479,2026-07-27T13:55:39.506,102.450456,0.13200000000779255,-0.08,0.99,-0.08,-0.12,-0.31,0.12,0.9964436762808021,0.35341194094144585,"-0.08,0.99,-0.08,-0.12,-0.31,0.12"
ziqian,normal_work,ziqian_normal_work_data.csv,2480,2026-07-27T13:55:39.509,102.453425,2.968999999993116,-0.08,0.99,-0.08,-0.12,-0.31,0.12,0.9964436762808021,0.35341194094144585,"-0.08,0.99,-0.08,-0.12,-0.31,0.12"
ziqian,normal_work,ziqian_normal_work_data.csv,2481,2026-07-27T13:55:40.524,103.468183,1014.7580000000005,-0.08,0.99,-0.08,-0.18,-0.31,0.12,0.9964436762808021,0.378021163428716,"-0.08,0.99,-0.08,-0.18,-0.31,0.12"
ziqian,normal_work,ziqian_normal_work_data.csv,2482,2026-07-27T13:55:40.524,103.468411,0.22800000000700038,-0.08,0.99,-0.08,-0.18,-0.31,0.18,0.9964436762808021,0.40112342240263155,"-0.08,0.99,-0.08,-0.18,-0.31,0.18"
ziqian,normal_work,ziqian_normal_work_data.csv,2483,2026-07-27T13:55:40.525,103.468857,0.44599999999661577,-0.08,0.99,-0.08,-0.31,-0.31,0.18,0.9964436762808021,0.4739198244429115,"-0.08,0.99,-0.08,-0.31,-0.31,0.18"
ziqian,normal_work,ziqian_normal_work_data.csv,2484,2026-07-27T13:55:40.525,103.469444,0.5869999999958964,-0.08,0.99,-0.08,-0.31,-0.31,0.12,0.9964436762808021,0.45453272709454046,"-0.08,0.99,-0.08,-0.31,-0.31,0.12"
ziqian,normal_work,ziqian_normal_work_data.csv,2485,2026-07-27T13:55:40.526,103.469996,0.5519999999989977,-0.08,0.99,-0.08,-0.24,-0.31,0.12,0.9964436762808021,0.41,"-0.08,0.99,-0.08,-0.24,-0.31,0.12"
ziqian,normal_work,ziqian_normal_work_data.csv,2486,2026-07-27T13:55:40.526,103.470499,0.503000000009024,-0.08,0.99,-0.08,-0.18,-0.31,0.12,0.9964436762808021,0.378021163428716,"-0.08,0.99,-0.08,-0.18,-0.31,0.12"
ziqian,normal_work,ziqian_normal_work_data.csv,2487,2026-07-27T13:55:40.527,103.471123,0.6240000000019563,-0.08,0.99,-0.08,-0.12,-0.31,0.12,0.9964436762808021,0.35341194094144585,"-0.08,0.99,-0.08,-0.12,-0.31,0.12"
ziqian,normal_work,ziqian_normal_work_data.csv,2488,2026-07-27T13:55:40.527,103.471579,0.4559999999997899,-0.08,0.99,-0.08,-0.12,-0.31,0.18,0.9964436762808021,0.378021163428716,"-0.08,0.99,-0.08,-0.12,-0.31,0.18"
ziqian,normal_work,ziqian_normal_work_data.csv,2489,2026-07-27T13:55:40.528,103.472168,0.5889999999908468,-0.08,0.99,-0.08,-0.12,-0.31,0.18,0.9964436762808021,0.378021163428716,"-0.08,0.99,-0.08,-0.12,-0.31,0.18"
ziqian,normal_work,ziqian_normal_work_data.csv,2490,2026-07-27T13:55:40.529,103.472714,0.5459999999999354,-0.08,0.99,-0.08,-0.12,-0.31,0.18,0.9964436762808021,0.378021163428716,"-0.08,0.99,-0.08,-0.12,-0.31,0.18"
ziqian,normal_work,ziqian_normal_work_data.csv,2491,2026-07-27T13:55:40.529,103.473174,0.46000000000390173,-0.08,0.99,-0.08,-0.12,-0.31,0.12,0.9964436762808021,0.35341194094144585,"-0.08,0.99,-0.08,-0.12,-0.31,0.12"
ziqian,normal_work,ziqian_normal_work_data.csv,2492,2026-07-27T13:55:40.530,103.473835,0.6609999999938054,-0.08,0.99,-0.08,-0.18,-0.31,0.12,0.9964436762808021,0.378021163428716,"-0.08,0.99,-0.08,-0.18,-0.31,0.12"
ziqian,normal_work,ziqian_normal_work_data.csv,2493,2026-07-27T13:55:40.530,103.474323,0.4880000000042628,-0.08,0.99,-0.08,-0.18,-0.31,0.12,0.9964436762808021,0.378021163428716,"-0.08,0.99,-0.08,-0.18,-0.31,0.12"
ziqian,normal_work,ziqian_normal_work_data.csv,2494,2026-07-27T13:55:40.531,103.474969,0.6460000000032551,-0.08,0.99,-0.08,-0.24,-0.31,0.12,0.9964436762808021,0.41,"-0.08,0.99,-0.08,-0.24,-0.31,0.12"
ziqian,normal_work,ziqian_normal_work_data.csv,2495,2026-07-27T13:55:40.531,103.475367,0.3980000000041173,-0.08,0.99,-0.08,-0.37,-0.37,0.12,0.9964436762808021,0.5368426212587819,"-0.08,0.99,-0.08,-0.37,-0.37,0.12"
ziqian,normal_work,ziqian_normal_work_data.csv,2496,2026-07-27T13:55:40.532,103.476065,0.6979999999998654,-0.08,0.99,-0.08,-0.37,-0.31,0.12,0.9964436762808021,0.4973932046178355,"-0.08,0.99,-0.08,-0.37,-0.31,0.12"
ziqian,normal_work,ziqian_normal_work_data.csv,2497,2026-07-27T13:55:40.533,103.477555,1.4899999999897773,-0.08,0.99,-0.07,-0.24,-0.31,0.18,0.9956907150315303,0.4313930922024598,"-0.08,0.99,-0.07,-0.24,-0.31,0.18"
ziqian,normal_work,ziqian_normal_work_data.csv,2498,2026-07-27T13:55:40.534,103.477699,0.14400000000591717,-0.08,0.99,-0.07,-0.12,-0.31,0.18,0.9956907150315303,0.378021163428716,"-0.08,0.99,-0.07,-0.12,-0.31,0.18"
ziqian,normal_work,ziqian_normal_work_data.csv,2499,2026-07-27T13:55:40.534,103.477933,0.23399999999185184,-0.08,0.99,-0.07,-0.12,-0.31,0.18,0.9956907150315303,0.378021163428716,"-0.08,0.99,-0.07,-0.12,-0.31,0.18"
ziqian,normal_work,ziqian_normal_work_data.csv,2500,2026-07-27T13:55:40.534,103.478156,0.2230000000054133,-0.08,0.99,-0.07,-0.18,-0.31,0.18,0.9956907150315303,0.40112342240263155,"-0.08,0.99,-0.07,-0.18,-0.31,0.18"
ziqian,normal_work,ziqian_normal_work_data.csv,2501,2026-07-27T13:55:40.535,103.478678,0.5220000000036862,-0.08,0.99,-0.07,-0.31,-0.31,0.12,0.9956907150315303,0.45453272709454046,"-0.08,0.99,-0.07,-0.31,-0.31,0.12"
ziqian,normal_work,ziqian_normal_work_data.csv,2502,2026-07-27T13:55:40.535,103.479182,0.5039999999922884,-0.08,0.99,-0.07,-0.37,-0.31,0.06,0.9956907150315303,0.48641546028061233,"-0.08,0.99,-0.07,-0.37,-0.31,0.06"
ziqian,normal_work,ziqian_normal_work_data.csv,2503,2026-07-27T13:55:40.538,103.482025,2.8429999999985966,-0.08,0.99,-0.07,-0.31,-0.31,0.12,0.9956907150315303,0.45453272709454046,"-0.08,0.99,-0.07,-0.31,-0.31,0.12"
ziqian,normal_work,ziqian_normal_work_data.csv,2504,2026-07-27T13:55:40.538,103.482214,0.18900000000598993,-0.08,0.99,-0.07,-0.18,-0.31,0.12,0.9956907150315303,0.378021163428716,"-0.08,0.99,-0.07,-0.18,-0.31,0.12"
ziqian,normal_work,ziqian_normal_work_data.csv,2505,2026-07-27T13:55:40.586,103.530026,47.812000000007515,-0.08,0.99,-0.07,-0.12,-0.31,0.12,0.9956907150315303,0.35341194094144585,"-0.08,0.99,-0.07,-0.12,-0.31,0.12"
ziqian,normal_work,ziqian_normal_work_data.csv,2506,2026-07-27T13:55:40.586,103.530437,0.41099999999971715,-0.08,0.99,-0.07,-0.12,-0.31,0.12,0.9956907150315303,0.35341194094144585,"-0.08,0.99,-0.07,-0.12,-0.31,0.12"
ziqian,normal_work,ziqian_normal_work_data.csv,2507,2026-07-27T13:55:40.708,103.652213,121.775999999997,-0.08,0.99,-0.07,-0.18,-0.24,0.12,0.9956907150315303,0.32310988842807026,"-0.08,0.99,-0.07,-0.18,-0.24,0.12"
ziqian,normal_work,ziqian_normal_work_data.csv,2508,2026-07-27T13:55:40.708,103.652375,0.1620000000031041,-0.08,0.99,-0.07,-0.18,-0.31,0.12,0.9956907150315303,0.378021163428716,"-0.08,0.99,-0.07,-0.18,-0.31,0.12"
ziqian,normal_work,ziqian_normal_work_data.csv,2509,2026-07-27T13:55:40.767,103.711229,58.85399999999663,-0.09,0.99,-0.07,-0.18,-0.31,0.12,0.9965440281292142,0.378021163428716,"-0.09,0.99,-0.07,-0.18,-0.31,0.12"
ziqian,normal_work,ziqian_normal_work_data.csv,2510,2026-07-27T13:55:41.006,103.950205,238.97599999999386,-0.08,0.99,-0.07,-0.18,-0.31,0.18,0.9956907150315303,0.40112342240263155,"-0.08,0.99,-0.07,-0.18,-0.31,0.18"
ziqian,normal_work,ziqian_normal_work_data.csv,2511,2026-07-27T13:55:41.006,103.950395,0.19000000000346517,-0.08,0.99,-0.07,-0.12,-0.37,0.12,0.9956907150315303,0.4070626487409524,"-0.08,0.99,-0.07,-0.12,-0.37,0.12"
ziqian,normal_work,ziqian_normal_work_data.csv,2512,2026-07-27T13:55:41.006,103.950429,0.03399999999942338,-0.08,0.99,-0.07,-0.18,-0.37,0.12,0.9956907150315303,0.4286023798347368,"-0.08,0.99,-0.07,-0.18,-0.37,0.12"
ziqian,normal_work,ziqian_normal_work_data.csv,2513,2026-07-27T13:55:41.007,103.950618,0.18900000000598993,-0.08,0.99,-0.07,-0.24,-0.37,0.12,0.9956907150315303,0.45705579528105755,"-0.08,0.99,-0.07,-0.24,-0.37,0.12"
ziqian,normal_work,ziqian_normal_work_data.csv,2514,2026-07-27T13:55:41.007,103.950681,0.06299999999725969,-0.08,0.99,-0.07,-0.24,-0.31,0.18,0.9956907150315303,0.4313930922024598,"-0.08,0.99,-0.07,-0.24,-0.31,0.18"
ziqian,normal_work,ziqian_normal_work_data.csv,2515,2026-07-27T13:55:41.010,103.95414,3.4589999999923293,-0.08,0.99,-0.07,-0.24,-0.31,0.18,0.9956907150315303,0.4313930922024598,"-0.08,0.99,-0.07,-0.24,-0.31,0.18"
ziqian,normal_work,ziqian_normal_work_data.csv,2516,2026-07-27T13:55:41.125,104.068707,114.56700000000808,-0.08,0.99,-0.07,-0.18,-0.31,0.18,0.9956907150315303,0.40112342240263155,"-0.08,0.99,-0.07,-0.18,-0.31,0.18"
ziqian,normal_work,ziqian_normal_work_data.csv,2517,2026-07-27T13:55:41.125,104.06885,0.14299999999423108,-0.08,0.99,-0.07,-0.18,-0.31,0.12,0.9956907150315303,0.378021163428716,"-0.08,0.99,-0.07,-0.18,-0.31,0.12"
ziqian,normal_work,ziqian_normal_work_data.csv,2518,2026-07-27T13:55:41.125,104.069247,0.39700000000664204,-0.08,0.99,-0.07,-0.18,-0.31,0.12,0.9956907150315303,0.378021163428716,"-0.08,0.99,-0.07,-0.18,-0.31,0.12"
ziqian,normal_work,ziqian_normal_work_data.csv,2519,2026-07-27T13:55:42.625,105.568741,1499.4939999999986,-0.08,0.99,-0.07,-0.18,-0.31,0.12,0.9956907150315303,0.378021163428716,"-0.08,0.99,-0.07,-0.18,-0.31,0.12"
ziqian,normal_work,ziqian_normal_work_data.csv,2520,2026-07-27T13:55:42.625,105.569019,0.27799999999444935,-0.08,0.99,-0.07,-0.18,-0.31,0.12,0.9956907150315303,0.378021163428716,"-0.08,0.99,-0.07,-0.18,-0.31,0.12"
ziqian,normal_work,ziqian_normal_work_data.csv,2521,2026-07-27T13:55:42.626,105.569745,0.7260000000002265,-0.08,0.99,-0.07,-0.18,-0.31,0.18,0.9956907150315303,0.40112342240263155,"-0.08,0.99,-0.07,-0.18,-0.31,0.18"
ziqian,normal_work,ziqian_normal_work_data.csv,2522,2026-07-27T13:55:42.626,105.570116,0.37100000000123146,-0.08,0.99,-0.07,-0.18,-0.31,0.18,0.9956907150315303,0.40112342240263155,"-0.08,0.99,-0.07,-0.18,-0.31,0.18"
ziqian,normal_work,ziqian_normal_work_data.csv,2523,2026-07-27T13:55:42.627,105.570906,0.7899999999949614,-0.08,0.99,-0.07,-0.18,-0.31,0.12,0.9956907150315303,0.378021163428716,"-0.08,0.99,-0.07,-0.18,-0.31,0.12"
ziqian,normal_work,ziqian_normal_work_data.csv,2524,2026-07-27T13:55:42.627,105.571136,0.23000000000195087,-0.08,0.99,-0.07,-0.18,-0.31,0.12,0.9956907150315303,0.378021163428716,"-0.08,0.99,-0.07,-0.18,-0.31,0.12"
ziqian,normal_work,ziqian_normal_work_data.csv,2525,2026-07-27T13:55:42.628,105.572274,1.1379999999974189,-0.08,0.99,-0.07,-0.18,-0.31,0.12,0.9956907150315303,0.378021163428716,"-0.08,0.99,-0.07,-0.18,-0.31,0.12"
ziqian,normal_work,ziqian_normal_work_data.csv,2526,2026-07-27T13:55:42.628,105.572485,0.2110000000072887,-0.08,0.99,-0.07,-0.18,-0.31,0.12,0.9956907150315303,0.378021163428716,"-0.08,0.99,-0.07,-0.18,-0.31,0.12"
ziqian,normal_work,ziqian_normal_work_data.csv,2527,2026-07-27T13:55:42.629,105.573013,0.5280000000027485,-0.08,0.99,-0.07,-0.12,-0.31,0.12,0.9956907150315303,0.35341194094144585,"-0.08,0.99,-0.07,-0.12,-0.31,0.12"
ziqian,normal_work,ziqian_normal_work_data.csv,2528,2026-07-27T13:55:42.629,105.573503,0.4899999999992133,-0.08,0.99,-0.07,-0.12,-0.31,0.18,0.9956907150315303,0.378021163428716,"-0.08,0.99,-0.07,-0.12,-0.31,0.18"
ziqian,normal_work,ziqian_normal_work_data.csv,2529,2026-07-27T13:55:42.630,105.574052,0.5489999999923612,-0.08,0.99,-0.07,-0.18,-0.31,0.18,0.9956907150315303,0.40112342240263155,"-0.08,0.99,-0.07,-0.18,-0.31,0.18"
ziqian,normal_work,ziqian_normal_work_data.csv,2530,2026-07-27T13:55:42.631,105.574657,0.6050000000072941,-0.08,0.99,-0.07,-0.12,-0.31,0.18,0.9956907150315303,0.378021163428716,"-0.08,0.99,-0.07,-0.12,-0.31,0.18"
ziqian,normal_work,ziqian_normal_work_data.csv,2531,2026-07-27T13:55:42.631,105.575217,0.5599999999930105,-0.08,0.99,-0.07,-0.12,-0.31,0.18,0.9956907150315303,0.378021163428716,"-0.08,0.99,-0.07,-0.12,-0.31,0.18"
ziqian,normal_work,ziqian_normal_work_data.csv,2532,2026-07-27T13:55:42.632,105.575656,0.4390000000000782,-0.09,0.99,-0.07,-0.12,-0.31,0.18,0.9965440281292142,0.378021163428716,"-0.09,0.99,-0.07,-0.12,-0.31,0.18"
ziqian,normal_work,ziqian_normal_work_data.csv,2533,2026-07-27T13:55:42.632,105.576271,0.6150000000104683,-0.08,0.99,-0.07,-0.12,-0.31,0.18,0.9956907150315303,0.378021163428716,"-0.08,0.99,-0.07,-0.12,-0.31,0.18"
ziqian,normal_work,ziqian_normal_work_data.csv,2534,2026-07-27T13:55:42.637,105.581105,4.833999999988237,-0.08,0.99,-0.07,-0.12,-0.31,0.12,0.9956907150315303,0.35341194094144585,"-0.08,0.99,-0.07,-0.12,-0.31,0.12"
ziqian,normal_work,ziqian_normal_work_data.csv,2535,2026-07-27T13:55:42.637,105.581259,0.1540000000090913,-0.08,0.99,-0.07,-0.18,-0.31,0.18,0.9956907150315303,0.40112342240263155,"-0.08,0.99,-0.07,-0.18,-0.31,0.18"
ziqian,normal_work,ziqian_normal_work_data.csv,2536,2026-07-27T13:55:42.637,105.58152,0.26099999999473766,-0.09,0.99,-0.07,-0.18,-0.31,0.18,0.9965440281292142,0.40112342240263155,"-0.09,0.99,-0.07,-0.18,-0.31,0.18"
ziqian,normal_work,ziqian_normal_work_data.csv,2537,2026-07-27T13:55:42.638,105.581613,0.0930000000067821,-0.09,0.99,-0.07,-0.24,-0.31,0.12,0.9965440281292142,0.41,"-0.09,0.99,-0.07,-0.24,-0.31,0.12"
ziqian,normal_work,ziqian_normal_work_data.csv,2538,2026-07-27T13:55:42.638,105.581675,0.06199999999978445,-0.09,0.99,-0.07,-0.24,-0.31,0.12,0.9965440281292142,0.41,"-0.09,0.99,-0.07,-0.24,-0.31,0.12"
ziqian,normal_work,ziqian_normal_work_data.csv,2539,2026-07-27T13:55:42.638,105.58173,0.05499999998903604,-0.09,0.99,-0.07,-0.24,-0.31,0.12,0.9965440281292142,0.41,"-0.09,0.99,-0.07,-0.24,-0.31,0.12"
ziqian,normal_work,ziqian_normal_work_data.csv,2540,2026-07-27T13:55:42.638,105.581777,0.0470000000092341,-0.09,0.99,-0.07,-0.24,-0.31,0.12,0.9965440281292142,0.41,"-0.09,0.99,-0.07,-0.24,-0.31,0.12"
ziqian,normal_work,ziqian_normal_work_data.csv,2541,2026-07-27T13:55:42.638,105.582062,0.2849999999909869,-0.09,0.99,-0.07,-0.18,-0.31,0.12,0.9965440281292142,0.378021163428716,"-0.09,0.99,-0.07,-0.18,-0.31,0.12"
ziqian,normal_work,ziqian_normal_work_data.csv,2542,2026-07-27T13:55:42.638,105.582145,0.08300000000360797,-0.09,0.99,-0.07,-0.12,-0.31,0.18,0.9965440281292142,0.378021163428716,"-0.09,0.99,-0.07,-0.12,-0.31,0.18"
ziqian,normal_work,ziqian_normal_work_data.csv,2543,2026-07-27T13:55:42.638,105.582237,0.09200000000930686,-0.09,0.99,-0.07,-0.12,-0.31,0.18,0.9965440281292142,0.378021163428716,"-0.09,0.99,-0.07,-0.12,-0.31,0.18"
ziqian,normal_work,ziqian_normal_work_data.csv,2544,2026-07-27T13:55:42.638,105.582278,0.040999999995960934,-0.09,0.99,-0.07,-0.12,-0.31,0.12,0.9965440281292142,0.35341194094144585,"-0.09,0.99,-0.07,-0.12,-0.31,0.12"
ziqian,normal_work,ziqian_normal_work_data.csv,2545,2026-07-27T13:55:42.639,105.582829,0.5510000000015225,-0.09,0.99,-0.07,-0.12,-0.31,0.18,0.9965440281292142,0.378021163428716,"-0.09,0.99,-0.07,-0.12,-0.31,0.18"
ziqian,normal_work,ziqian_normal_work_data.csv,2546,2026-07-27T13:55:42.640,105.584535,1.705999999998653,-0.09,0.99,-0.07,-0.12,-0.37,0.18,0.9965440281292142,0.42860237983473676,"-0.09,0.99,-0.07,-0.12,-0.37,0.18"
ziqian,normal_work,ziqian_normal_work_data.csv,2547,2026-07-27T13:55:42.641,105.584792,0.25699999999062584,-0.09,0.99,-0.07,-0.18,-0.31,0.18,0.9965440281292142,0.40112342240263155,"-0.09,0.99,-0.07,-0.18,-0.31,0.18"
ziqian,normal_work,ziqian_normal_work_data.csv,2548,2026-07-27T13:55:42.641,105.58492,0.12800000000368073,-0.08,0.99,-0.07,-0.18,-0.31,0.18,0.9956907150315303,0.40112342240263155,"-0.08,0.99,-0.07,-0.18,-0.31,0.18"
ziqian,normal_work,ziqian_normal_work_data.csv,2549,2026-07-27T13:55:42.641,105.585031,0.11100000000396903,-0.09,0.99,-0.07,-0.12,-0.31,0.12,0.9965440281292142,0.35341194094144585,"-0.09,0.99,-0.07,-0.12,-0.31,0.12"
ziqian,normal_work,ziqian_normal_work_data.csv,2550,2026-07-27T13:55:42.642,105.585721,0.6900000000058526,-0.09,0.99,-0.07,-0.12,-0.31,0.12,0.9965440281292142,0.35341194094144585,"-0.09,0.99,-0.07,-0.12,-0.31,0.12"
ziqian,normal_work,ziqian_normal_work_data.csv,2551,2026-07-27T13:55:42.643,105.587549,1.8279999999890606,-0.09,0.99,-0.07,-0.12,-0.31,0.12,0.9965440281292142,0.35341194094144585,"-0.09,0.99,-0.07,-0.12,-0.31,0.12"
ziqian,normal_work,ziqian_normal_work_data.csv,2552,2026-07-27T13:55:42.644,105.587756,0.20700000000317686,-0.09,0.99,-0.07,-0.12,-0.31,0.18,0.9965440281292142,0.378021163428716,"-0.09,0.99,-0.07,-0.12,-0.31,0.18"
ziqian,normal_work,ziqian_normal_work_data.csv,2553,2026-07-27T13:55:42.644,105.587944,0.18799999999430383,-0.09,0.99,-0.07,-0.12,-0.24,0.18,0.9965440281292142,0.32310988842807026,"-0.09,0.99,-0.07,-0.12,-0.24,0.18"
ziqian,normal_work,ziqian_normal_work_data.csv,2554,2026-07-27T13:55:42.644,105.588265,0.3210000000137825,-0.09,0.99,-0.07,-0.18,-0.31,0.18,0.9965440281292142,0.40112342240263155,"-0.09,0.99,-0.07,-0.18,-0.31,0.18"
ziqian,normal_work,ziqian_normal_work_data.csv,2555,2026-07-27T13:55:42.644,105.588453,0.18799999999430383,-0.09,0.99,-0.07,-0.18,-0.31,0.12,0.9965440281292142,0.378021163428716,"-0.09,0.99,-0.07,-0.18,-0.31,0.12"
ziqian,normal_work,ziqian_normal_work_data.csv,2556,2026-07-27T13:55:42.645,105.588915,0.4619999999988522,-0.09,0.99,-0.07,-0.24,-0.37,0.12,0.9965440281292142,0.45705579528105755,"-0.09,0.99,-0.07,-0.24,-0.37,0.12"
ziqian,normal_work,ziqian_normal_work_data.csv,2557,2026-07-27T13:55:42.808,105.75169,162.77499999999634,-0.09,0.99,-0.07,-0.31,-0.31,0.12,0.9965440281292142,0.45453272709454046,"-0.09,0.99,-0.07,-0.31,-0.31,0.12"
ziqian,normal_work,ziqian_normal_work_data.csv,2558,2026-07-27T13:55:42.808,105.751855,0.1650000000097407,-0.09,0.99,-0.07,-0.24,-0.31,0.12,0.9965440281292142,0.41,"-0.09,0.99,-0.07,-0.24,-0.31,0.12"
ziqian,normal_work,ziqian_normal_work_data.csv,2559,2026-07-27T13:55:42.808,105.751922,0.06699999998716066,-0.09,0.99,-0.07,-0.18,-0.31,0.12,0.9965440281292142,0.378021163428716,"-0.09,0.99,-0.07,-0.18,-0.31,0.12"
ziqian,normal_work,ziqian_normal_work_data.csv,2560,2026-07-27T13:55:42.808,105.752011,0.08900000000267028,-0.09,0.99,-0.07,-0.12,-0.31,0.18,0.9965440281292142,0.378021163428716,"-0.09,0.99,-0.07,-0.12,-0.31,0.18"
ziqian,normal_work,ziqian_normal_work_data.csv,2561,2026-07-27T13:55:42.925,105.868582,116.57100000000753,-0.09,0.99,-0.07,-0.12,-0.31,0.18,0.9965440281292142,0.378021163428716,"-0.09,0.99,-0.07,-0.12,-0.31,0.18"
ziqian,normal_work,ziqian_normal_work_data.csv,2562,2026-07-27T13:55:42.925,105.868768,0.18599999999935335,-0.09,0.99,-0.07,-0.12,-0.31,0.18,0.9965440281292142,0.378021163428716,"-0.09,0.99,-0.07,-0.12,-0.31,0.18"
ziqian,normal_work,ziqian_normal_work_data.csv,2563,2026-07-27T13:55:42.925,105.869341,0.5730000000028213,-0.09,0.99,-0.07,-0.12,-0.31,0.18,0.9965440281292142,0.378021163428716,"-0.09,0.99,-0.07,-0.12,-0.31,0.18"
ziqian,normal_work,ziqian_normal_work_data.csv,2564,2026-07-27T13:55:42.985,105.929371,60.029999999997585,-0.09,0.99,-0.07,-0.12,-0.31,0.18,0.9965440281292142,0.378021163428716,"-0.09,0.99,-0.07,-0.12,-0.31,0.18"
ziqian,normal_work,ziqian_normal_work_data.csv,2565,2026-07-27T13:55:43.285,106.228642,299.2709999999903,-0.09,0.99,-0.07,-0.12,-0.31,0.18,0.9965440281292142,0.378021163428716,"-0.09,0.99,-0.07,-0.12,-0.31,0.18"
ziqian,normal_work,ziqian_normal_work_data.csv,2566,2026-07-27T13:55:43.285,106.228993,0.35100000000909404,-0.09,0.99,-0.07,-0.12,-0.24,0.18,0.9965440281292142,0.32310988842807026,"-0.09,0.99,-0.07,-0.12,-0.24,0.18"
ziqian,normal_work,ziqian_normal_work_data.csv,2567,2026-07-27T13:55:43.286,106.229703,0.70999999999799,-0.09,0.99,-0.07,-0.12,-0.31,0.12,0.9965440281292142,0.35341194094144585,"-0.09,0.99,-0.07,-0.12,-0.31,0.12"
ziqian,normal_work,ziqian_normal_work_data.csv,2568,2026-07-27T13:55:43.286,106.229885,0.18199999999524152,-0.09,0.99,-0.07,-0.12,-0.31,0.18,0.9965440281292142,0.378021163428716,"-0.09,0.99,-0.07,-0.12,-0.31,0.18"
ziqian,normal_work,ziqian_normal_work_data.csv,2569,2026-07-27T13:55:43.286,106.230567,0.681999999997629,-0.09,0.99,-0.07,-0.12,-0.31,0.18,0.9965440281292142,0.378021163428716,"-0.09,0.99,-0.07,-0.12,-0.31,0.18"
ziqian,normal_work,ziqian_normal_work_data.csv,2570,2026-07-27T13:55:43.287,106.231076,0.5090000000080863,-0.09,0.99,-0.07,-0.12,-0.31,0.12,0.9965440281292142,0.35341194094144585,"-0.09,0.99,-0.07,-0.12,-0.31,0.12"
ziqian,normal_work,ziqian_normal_work_data.csv,2571,2026-07-27T13:55:43.288,106.231724,0.6479999999982056,-0.09,0.99,-0.07,-0.12,-0.31,0.18,0.9965440281292142,0.378021163428716,"-0.09,0.99,-0.07,-0.12,-0.31,0.18"
ziqian,normal_work,ziqian_normal_work_data.csv,2572,2026-07-27T13:55:43.529,106.472633,240.90900000000204,-0.09,0.99,-0.07,-0.18,-0.31,0.18,0.9965440281292142,0.40112342240263155,"-0.09,0.99,-0.07,-0.18,-0.31,0.18"
ziqian,normal_work,ziqian_normal_work_data.csv,2573,2026-07-27T13:55:43.529,106.472774,0.1409999999992806,-0.09,0.99,-0.07,-0.18,-0.31,0.12,0.9965440281292142,0.378021163428716,"-0.09,0.99,-0.07,-0.18,-0.31,0.12"
ziqian,normal_work,ziqian_normal_work_data.csv,2574,2026-07-27T13:55:43.529,106.473044,0.27000000000043656,-0.09,0.99,-0.07,-0.18,-0.31,0.12,0.9965440281292142,0.378021163428716,"-0.09,0.99,-0.07,-0.18,-0.31,0.12"
ziqian,normal_work,ziqian_normal_work_data.csv,2575,2026-07-27T13:55:43.529,106.473262,0.21800000000382624,-0.09,0.99,-0.07,-0.18,-0.31,0.12,0.9965440281292142,0.378021163428716,"-0.09,0.99,-0.07,-0.18,-0.31,0.12"
ziqian,normal_work,ziqian_normal_work_data.csv,2576,2026-07-27T13:55:43.529,106.473278,0.015999999988025593,-0.09,0.99,-0.07,-0.18,-0.31,0.12,0.9965440281292142,0.378021163428716,"-0.09,0.99,-0.07,-0.18,-0.31,0.12"
ziqian,normal_work,ziqian_normal_work_data.csv,2577,2026-07-27T13:55:43.825,106.769513,296.23500000001,-0.09,0.99,-0.07,-0.24,-0.37,0.12,0.9965440281292142,0.45705579528105755,"-0.09,0.99,-0.07,-0.24,-0.37,0.12"
ziqian,normal_work,ziqian_normal_work_data.csv,2578,2026-07-27T13:55:43.826,106.770041,0.5280000000027485,-0.09,0.99,-0.07,-0.24,-0.31,0.12,0.9965440281292142,0.41,"-0.09,0.99,-0.07,-0.24,-0.31,0.12"
ziqian,normal_work,ziqian_normal_work_data.csv,2579,2026-07-27T13:55:43.827,106.771461,1.41999999999598,-0.09,0.99,-0.07,-0.18,-0.31,0.12,0.9965440281292142,0.378021163428716,"-0.09,0.99,-0.07,-0.18,-0.31,0.12"
ziqian,normal_work,ziqian_normal_work_data.csv,2580,2026-07-27T13:55:43.828,106.771733,0.27199999999538704,-0.09,0.99,-0.07,-0.12,-0.31,0.18,0.9965440281292142,0.378021163428716,"-0.09,0.99,-0.07,-0.12,-0.31,0.18"
ziqian,normal_work,ziqian_normal_work_data.csv,2581,2026-07-27T13:55:43.828,106.771756,0.022999999998774,-0.09,0.99,-0.07,-0.12,-0.31,0.18,0.9965440281292142,0.378021163428716,"-0.09,0.99,-0.07,-0.12,-0.31,0.18"
ziqian,normal_work,ziqian_normal_work_data.csv,2582,2026-07-27T13:55:43.828,106.771774,0.017999999997186933,-0.09,0.99,-0.07,-0.18,-0.31,0.18,0.9965440281292142,0.40112342240263155,"-0.09,0.99,-0.07,-0.18,-0.31,0.18"
ziqian,normal_work,ziqian_normal_work_data.csv,2583,2026-07-27T13:55:43.828,106.77189,0.1160000000055561,-0.09,0.99,-0.07,-0.18,-0.31,0.18,0.9965440281292142,0.40112342240263155,"-0.09,0.99,-0.07,-0.18,-0.31,0.18"
ziqian,normal_work,ziqian_normal_work_data.csv,2584,2026-07-27T13:55:43.828,106.772138,0.2479999999991378,-0.09,0.99,-0.07,-0.18,-0.31,0.18,0.9965440281292142,0.40112342240263155,"-0.09,0.99,-0.07,-0.18,-0.31,0.18"
ziqian,normal_work,ziqian_normal_work_data.csv,2585,2026-07-27T13:55:44.006,106.950333,178.19500000000232,-0.09,0.99,-0.07,-0.18,-0.31,0.12,0.9965440281292142,0.378021163428716,"-0.09,0.99,-0.07,-0.18,-0.31,0.12"
ziqian,normal_work,ziqian_normal_work_data.csv,2586,2026-07-27T13:55:44.006,106.950472,0.1390000000043301,-0.09,0.99,-0.07,-0.18,-0.31,0.12,0.9965440281292142,0.378021163428716,"-0.09,0.99,-0.07,-0.18,-0.31,0.12"
ziqian,normal_work,ziqian_normal_work_data.csv,2587,2026-07-27T13:55:44.007,106.950609,0.13699999999516876,-0.09,0.99,-0.07,-0.18,-0.31,0.12,0.9965440281292142,0.378021163428716,"-0.09,0.99,-0.07,-0.18,-0.31,0.12"
ziqian,normal_work,ziqian_normal_work_data.csv,2588,2026-07-27T13:55:44.007,106.950683,0.07399999999790907,-0.09,0.99,-0.07,-0.18,-0.37,0.12,0.9965440281292142,0.4286023798347368,"-0.09,0.99,-0.07,-0.18,-0.37,0.12"
ziqian,normal_work,ziqian_normal_work_data.csv,2589,2026-07-27T13:55:44.067,107.010713,60.029999999997585,-0.09,0.99,-0.07,-0.18,-0.37,0.12,0.9965440281292142,0.4286023798347368,"-0.09,0.99,-0.07,-0.18,-0.37,0.12"
ziqian,normal_work,ziqian_normal_work_data.csv,2590,2026-07-27T13:55:44.305,107.24868,237.9669999999976,-0.09,0.99,-0.07,-0.12,-0.31,0.12,0.9965440281292142,0.35341194094144585,"-0.09,0.99,-0.07,-0.12,-0.31,0.12"
ziqian,normal_work,ziqian_normal_work_data.csv,2591,2026-07-27T13:55:44.305,107.248829,0.14900000000750424,-0.09,0.99,-0.07,-0.12,-0.31,0.12,0.9965440281292142,0.35341194094144585,"-0.09,0.99,-0.07,-0.12,-0.31,0.12"
ziqian,normal_work,ziqian_normal_work_data.csv,2592,2026-07-27T13:55:44.305,107.249269,0.43999999999755346,-0.09,0.99,-0.07,-0.12,-0.31,0.18,0.9965440281292142,0.378021163428716,"-0.09,0.99,-0.07,-0.12,-0.31,0.18"
ziqian,normal_work,ziqian_normal_work_data.csv,2593,2026-07-27T13:55:44.306,107.249836,0.5670000000037589,-0.09,0.99,-0.07,-0.12,-0.31,0.18,0.9965440281292142,0.378021163428716,"-0.09,0.99,-0.07,-0.12,-0.31,0.18"
ziqian,normal_work,ziqian_normal_work_data.csv,2594,2026-07-27T13:55:44.307,107.25091,1.074000000002684,-0.09,0.99,-0.07,-0.12,-0.31,0.18,0.9965440281292142,0.378021163428716,"-0.09,0.99,-0.07,-0.12,-0.31,0.18"
ziqian,normal_work,ziqian_normal_work_data.csv,2595,2026-07-27T13:55:44.307,107.251364,0.45399999999062857,-0.09,0.99,-0.07,-0.12,-0.31,0.18,0.9965440281292142,0.378021163428716,"-0.09,0.99,-0.07,-0.12,-0.31,0.18"
ziqian,normal_work,ziqian_normal_work_data.csv,2596,2026-07-27T13:55:44.308,107.251851,0.48700000000678756,-0.09,0.99,-0.07,-0.12,-0.31,0.18,0.9965440281292142,0.378021163428716,"-0.09,0.99,-0.07,-0.12,-0.31,0.18"
ziqian,normal_work,ziqian_normal_work_data.csv,2597,2026-07-27T13:55:44.365,107.308651,56.79999999999552,-0.09,0.99,-0.07,-0.12,-0.31,0.18,0.9965440281292142,0.378021163428716,"-0.09,0.99,-0.07,-0.12,-0.31,0.18"
ziqian,normal_work,ziqian_normal_work_data.csv,2598,2026-07-27T13:55:44.485,107.429085,120.43400000000304,-0.09,0.99,-0.07,-0.12,-0.31,0.18,0.9965440281292142,0.378021163428716,"-0.09,0.99,-0.07,-0.12,-0.31,0.18"
ziqian,normal_work,ziqian_normal_work_data.csv,2599,2026-07-27T13:55:44.485,107.42928,0.19500000000505224,-0.09,0.99,-0.07,-0.12,-0.31,0.18,0.9965440281292142,0.378021163428716,"-0.09,0.99,-0.07,-0.12,-0.31,0.18"
ziqian,normal_work,ziqian_normal_work_data.csv,2600,2026-07-27T13:55:44.485,107.429417,0.13699999999516876,-0.09,0.99,-0.07,-0.12,-0.31,0.18,0.9965440281292142,0.378021163428716,"-0.09,0.99,-0.07,-0.12,-0.31,0.18"
ziqian,normal_work,ziqian_normal_work_data.csv,2601,2026-07-27T13:55:44.549,107.492982,63.564999999996985,-0.09,0.99,-0.07,-0.06,-0.31,0.18,0.9965440281292142,0.363455636907725,"-0.09,0.99,-0.07,-0.06,-0.31,0.18"
ziqian,normal_work,ziqian_normal_work_data.csv,2602,2026-07-27T13:55:44.785,107.728989,236.00700000000074,-0.09,0.99,-0.07,-0.12,-0.31,0.18,0.9965440281292142,0.378021163428716,"-0.09,0.99,-0.07,-0.12,-0.31,0.18"
ziqian,normal_work,ziqian_normal_work_data.csv,2603,2026-07-27T13:55:44.785,107.729187,0.19799999999747797,-0.09,0.99,-0.07,-0.12,-0.31,0.18,0.9965440281292142,0.378021163428716,"-0.09,0.99,-0.07,-0.12,-0.31,0.18"
ziqian,normal_work,ziqian_normal_work_data.csv,2604,2026-07-27T13:55:44.785,107.729357,0.1699999999971169,-0.09,0.99,-0.07,-0.12,-0.31,0.18,0.9965440281292142,0.378021163428716,"-0.09,0.99,-0.07,-0.12,-0.31,0.18"
ziqian,normal_work,ziqian_normal_work_data.csv,2605,2026-07-27T13:55:44.786,107.729763,0.40600000001234093,-0.09,0.99,-0.07,-0.12,-0.31,0.12,0.9965440281292142,0.35341194094144585,"-0.09,0.99,-0.07,-0.12,-0.31,0.12"
ziqian,normal_work,ziqian_normal_work_data.csv,2606,2026-07-27T13:55:44.786,107.730309,0.5459999999999354,-0.09,0.99,-0.07,-0.18,-0.31,0.18,0.9965440281292142,0.40112342240263155,"-0.09,0.99,-0.07,-0.18,-0.31,0.18"
ziqian,normal_work,ziqian_normal_work_data.csv,2607,2026-07-27T13:55:44.787,107.730986,0.6769999999960419,-0.09,0.99,-0.07,-0.18,-0.31,0.18,0.9965440281292142,0.40112342240263155,"-0.09,0.99,-0.07,-0.18,-0.31,0.18"
ziqian,normal_work,ziqian_normal_work_data.csv,2608,2026-07-27T13:55:44.787,107.731505,0.5189999999970496,-0.09,0.99,-0.07,-0.18,-0.31,0.18,0.9965440281292142,0.40112342240263155,"-0.09,0.99,-0.07,-0.18,-0.31,0.18"
ziqian,normal_work,ziqian_normal_work_data.csv,2609,2026-07-27T13:55:44.906,107.849738,118.23300000000359,-0.09,0.99,-0.07,-0.18,-0.31,0.18,0.9965440281292142,0.40112342240263155,"-0.09,0.99,-0.07,-0.18,-0.31,0.18"
ziqian,normal_work,ziqian_normal_work_data.csv,2610,2026-07-27T13:55:44.906,107.849977,0.2389999999934389,-0.09,0.99,-0.07,-0.18,-0.31,0.18,0.9965440281292142,0.40112342240263155,"-0.09,0.99,-0.07,-0.18,-0.31,0.18"
ziqian,normal_work,ziqian_normal_work_data.csv,2611,2026-07-27T13:55:45.025,107.968732,118.75500000000727,-0.09,0.99,-0.07,-0.18,-0.31,0.18,0.9965440281292142,0.40112342240263155,"-0.09,0.99,-0.07,-0.18,-0.31,0.18"
ziqian,normal_work,ziqian_normal_work_data.csv,2612,2026-07-27T13:55:45.025,107.968888,0.1560000000040418,-0.09,0.99,-0.07,-0.12,-0.31,0.18,0.9965440281292142,0.378021163428716,"-0.09,0.99,-0.07,-0.12,-0.31,0.18"
ziqian,normal_work,ziqian_normal_work_data.csv,2613,2026-07-27T13:55:45.025,107.969283,0.3949999999974807,-0.09,0.99,-0.07,-0.12,-0.31,0.18,0.9965440281292142,0.378021163428716,"-0.09,0.99,-0.07,-0.12,-0.31,0.18"
ziqian,normal_work,ziqian_normal_work_data.csv,2614,2026-07-27T13:55:45.205,108.148924,179.6409999999895,-0.09,0.99,-0.07,-0.12,-0.31,0.18,0.9965440281292142,0.378021163428716,"-0.09,0.99,-0.07,-0.12,-0.31,0.18"
ziqian,normal_work,ziqian_normal_work_data.csv,2615,2026-07-27T13:55:45.205,108.149057,0.1330000000052678,-0.09,0.99,-0.07,-0.12,-0.31,0.18,0.9965440281292142,0.378021163428716,"-0.09,0.99,-0.07,-0.12,-0.31,0.18"
ziqian,normal_work,ziqian_normal_work_data.csv,2616,2026-07-27T13:55:45.206,108.149604,0.5469999999974107,-0.09,0.99,-0.07,-0.12,-0.31,0.18,0.9965440281292142,0.378021163428716,"-0.09,0.99,-0.07,-0.12,-0.31,0.18"
ziqian,normal_work,ziqian_normal_work_data.csv,2617,2026-07-27T13:55:45.206,108.150175,0.5710000000078708,-0.09,0.99,-0.07,-0.12,-0.31,0.12,0.9965440281292142,0.35341194094144585,"-0.09,0.99,-0.07,-0.12,-0.31,0.12"
ziqian,normal_work,ziqian_normal_work_data.csv,2618,2026-07-27T13:55:45.207,108.150709,0.5340000000018108,-0.09,0.99,-0.07,-0.12,-0.31,0.12,0.9965440281292142,0.35341194094144585,"-0.09,0.99,-0.07,-0.12,-0.31,0.12"
ziqian,normal_work,ziqian_normal_work_data.csv,2619,2026-07-27T13:55:45.265,108.208683,57.97399999998731,-0.09,0.99,-0.07,-0.12,-0.31,0.18,0.9965440281292142,0.378021163428716,"-0.09,0.99,-0.07,-0.12,-0.31,0.18"
ziqian,normal_work,ziqian_normal_work_data.csv,2620,2026-07-27T13:55:45.384,108.328563,119.88000000000909,-0.09,0.99,-0.07,-0.12,-0.31,0.18,0.9965440281292142,0.378021163428716,"-0.09,0.99,-0.07,-0.12,-0.31,0.18"
ziqian,normal_work,ziqian_normal_work_data.csv,2621,2026-07-27T13:55:45.385,108.328919,0.35599999999647025,-0.09,0.99,-0.07,-0.12,-0.31,0.18,0.9965440281292142,0.378021163428716,"-0.09,0.99,-0.07,-0.12,-0.31,0.18"
ziqian,normal_work,ziqian_normal_work_data.csv,2622,2026-07-27T13:55:45.385,108.329228,0.309000000001447,-0.09,0.99,-0.07,-0.12,-0.31,0.18,0.9965440281292142,0.378021163428716,"-0.09,0.99,-0.07,-0.12,-0.31,0.18"
ziqian,normal_work,ziqian_normal_work_data.csv,2623,2026-07-27T13:55:45.504,108.448433,119.20499999999379,-0.09,0.99,-0.07,-0.12,-0.31,0.18,0.9965440281292142,0.378021163428716,"-0.09,0.99,-0.07,-0.12,-0.31,0.18"
ziqian,normal_work,ziqian_normal_work_data.csv,2624,2026-07-27T13:55:45.505,108.449087,0.6540000000114787,-0.09,0.99,-0.07,-0.12,-0.31,0.18,0.9965440281292142,0.378021163428716,"-0.09,0.99,-0.07,-0.12,-0.31,0.18"
ziqian,normal_work,ziqian_normal_work_data.csv,2625,2026-07-27T13:55:45.566,108.510546,61.458999999999264,-0.09,0.99,-0.07,-0.18,-0.31,0.18,0.9965440281292142,0.40112342240263155,"-0.09,0.99,-0.07,-0.18,-0.31,0.18"
ziqian,normal_work,ziqian_normal_work_data.csv,2626,2026-07-27T13:55:45.567,108.510779,0.2329999999943766,-0.09,0.99,-0.07,-0.18,-0.31,0.18,0.9965440281292142,0.40112342240263155,"-0.09,0.99,-0.07,-0.18,-0.31,0.18"
ziqian,normal_work,ziqian_normal_work_data.csv,2627,2026-07-27T13:55:45.570,108.514339,3.560000000007335,-0.09,0.99,-0.07,-0.18,-0.31,0.12,0.9965440281292142,0.378021163428716,"-0.09,0.99,-0.07,-0.18,-0.31,0.12"
ziqian,normal_work,ziqian_normal_work_data.csv,2628,2026-07-27T13:55:46.107,109.051377,537.0379999999955,-0.09,0.99,-0.07,-0.18,-0.31,0.12,0.9965440281292142,0.378021163428716,"-0.09,0.99,-0.07,-0.18,-0.31,0.12"
ziqian,normal_work,ziqian_normal_work_data.csv,2629,2026-07-27T13:55:46.108,109.051586,0.20899999999812735,-0.09,0.99,-0.07,-0.12,-0.31,0.12,0.9965440281292142,0.35341194094144585,"-0.09,0.99,-0.07,-0.12,-0.31,0.12"
ziqian,normal_work,ziqian_normal_work_data.csv,2630,2026-07-27T13:55:46.108,109.051716,0.1299999999986312,-0.09,0.99,-0.07,-0.06,-0.31,0.18,0.9965440281292142,0.363455636907725,"-0.09,0.99,-0.07,-0.06,-0.31,0.18"
ziqian,normal_work,ziqian_normal_work_data.csv,2631,2026-07-27T13:55:46.108,109.0518,0.08400000000108321,-0.09,0.99,-0.07,-0.06,-0.31,0.18,0.9965440281292142,0.363455636907725,"-0.09,0.99,-0.07,-0.06,-0.31,0.18"
ziqian,normal_work,ziqian_normal_work_data.csv,2632,2026-07-27T13:55:46.108,109.051942,0.14199999999675583,-0.09,0.99,-0.07,-0.12,-0.31,0.18,0.9965440281292142,0.378021163428716,"-0.09,0.99,-0.07,-0.12,-0.31,0.18"
ziqian,normal_work,ziqian_normal_work_data.csv,2633,2026-07-27T13:55:46.108,109.05201,0.06799999999884676,-0.09,0.99,-0.07,-0.12,-0.31,0.18,0.9965440281292142,0.378021163428716,"-0.09,0.99,-0.07,-0.12,-0.31,0.18"
ziqian,normal_work,ziqian_normal_work_data.csv,2634,2026-07-27T13:55:46.108,109.052101,0.09099999999762076,-0.09,0.99,-0.07,-0.12,-0.31,0.12,0.9965440281292142,0.35341194094144585,"-0.09,0.99,-0.07,-0.12,-0.31,0.12"
ziqian,normal_work,ziqian_normal_work_data.csv,2635,2026-07-27T13:55:46.108,109.052284,0.18300000000692762,-0.09,0.99,-0.07,-0.12,-0.31,0.12,0.9965440281292142,0.35341194094144585,"-0.09,0.99,-0.07,-0.12,-0.31,0.12"
ziqian,normal_work,ziqian_normal_work_data.csv,2636,2026-07-27T13:55:46.110,109.054135,1.8510000000020455,-0.09,0.99,-0.07,-0.12,-0.24,0.12,0.9965440281292142,0.29393876913398137,"-0.09,0.99,-0.07,-0.12,-0.24,0.12"
ziqian,normal_work,ziqian_normal_work_data.csv,2637,2026-07-27T13:55:46.111,109.054966,0.8309999999909223,-0.09,0.99,-0.07,-0.06,-0.31,0.18,0.9965440281292142,0.363455636907725,"-0.09,0.99,-0.07,-0.06,-0.31,0.18"
ziqian,normal_work,ziqian_normal_work_data.csv,2638,2026-07-27T13:55:46.111,109.055352,0.38600000000599266,-0.09,0.98,-0.07,5.43,0.06,0.92,0.986610358753647,5.5077127739198595,"-0.09,0.98,-0.07,5.43,0.06,0.92"
ziqian,normal_work,ziqian_normal_work_data.csv,2639,2026-07-27T13:55:46.111,109.05554,0.18799999999430383,-0.1,0.94,-0.06,54.32,1.89,12.15,0.9472064188971694,55.6943174839229,"-0.10,0.94,-0.06,54.32,1.89,12.15"
ziqian,normal_work,ziqian_normal_work_data.csv,2640,2026-07-27T13:55:46.285,109.229447,173.9069999999998,-0.09,0.91,-0.11,155.52,1.71,25.51,0.9210320298447824,157.6075968981191,"-0.09,0.91,-0.11,155.52,1.71,25.51"
ziqian,normal_work,ziqian_normal_work_data.csv,2641,2026-07-27T13:55:46.286,109.229813,0.3659999999996444,-0.08,0.92,-0.26,155.52,1.71,25.51,0.9593747964169165,157.6075968981191,"-0.08,0.92,-0.26,155.52,1.71,25.51"
ziqian,normal_work,ziqian_normal_work_data.csv,2642,2026-07-27T13:55:46.286,109.230027,0.21400000001392527,-0.06,0.94,-0.39,204.53,2.87,18.49,1.019460641712077,205.38412280407658,"-0.06,0.94,-0.39,204.53,2.87,18.49"
ziqian,normal_work,ziqian_normal_work_data.csv,2643,2026-07-27T13:55:46.286,109.230179,0.15199999999992997,-0.01,1.0,-0.56,159.91,32.78,16.17,1.146167527022119,164.0341592473958,"-0.01,1.00,-0.56,159.91,32.78,16.17"
ziqian,normal_work,ziqian_normal_work_data.csv,2644,2026-07-27T13:55:46.471,109.414825,184.64599999998654,0.13,1.05,-0.78,208.92,160.77,40.83,1.314458063233666,266.7614068788812,"0.13,1.05,-0.78,208.92,160.77,40.83"
ziqian,normal_work,ziqian_normal_work_data.csv,2645,2026-07-27T13:55:46.471,109.414996,0.171000000008803,0.44,0.94,-0.89,349.98,370.61,91.13,1.367223463812701,517.8247284554882,"0.44,0.94,-0.89,349.98,370.61,91.13"
ziqian,normal_work,ziqian_normal_work_data.csv,2646,2026-07-27T13:55:46.471,109.415203,0.20700000000317686,0.84,0.55,-0.77,306.46,456.91,171.69,1.2653062870309306,576.3349163463897,"0.84,0.55,-0.77,306.46,456.91,171.69"
ziqian,normal_work,ziqian_normal_work_data.csv,2647,2026-07-27T13:55:46.471,109.415225,0.02200000000129876,1.2,0.24,-0.6,149.17,455.2,248.84,1.3629380029920657,539.796326867829,"1.20,0.24,-0.60,149.17,455.20,248.84"
ziqian,normal_work,ziqian_normal_work_data.csv,2648,2026-07-27T13:55:47.005,109.948753,533.5279999999898,1.37,0.18,-0.56,13.43,374.76,225.28,1.49093930124603,437.46599970740584,"1.37,0.18,-0.56,13.43,374.76,225.28"
ziqian,normal_work,ziqian_normal_work_data.csv,2649,2026-07-27T13:55:47.005,109.948948,0.19500000000505224,1.29,0.19,-0.59,-173.52,94.12,165.22,1.4311883174481268,257.42069302991166,"1.29,0.19,-0.59,-173.52,94.12,165.22"
ziqian,normal_work,ziqian_normal_work_data.csv,2650,2026-07-27T13:55:47.006,109.94979,0.8419999999915717,1.29,0.18,-0.62,-299.68,-165.41,160.34,1.4425324953012324,377.99138363195533,"1.29,0.18,-0.62,-299.68,-165.41,160.34"
ziqian,normal_work,ziqian_normal_work_data.csv,2651,2026-07-27T13:55:47.007,109.951404,1.614000000003557,1.39,0.1,-0.62,-222.72,-198.49,120.18,1.5252868582663393,321.62977303104265,"1.39,0.10,-0.62,-222.72,-198.49,120.18"
ziqian,normal_work,ziqian_normal_work_data.csv,2652,2026-07-27T13:55:47.007,109.95153,0.12600000000873024,1.33,0.06,-0.69,-75.13,-91.61,54.08,1.4995332607181477,130.23653634829205,"1.33,0.06,-0.69,-75.13,-91.61,54.08"
ziqian,normal_work,ziqian_normal_work_data.csv,2653,2026-07-27T13:55:47.008,109.951846,0.31599999999798456,1.15,0.06,-0.76,-24.35,-8.73,23.62,1.3797463535012513,35.02912787952335,"1.15,0.06,-0.76,-24.35,-8.73,23.62"
ziqian,normal_work,ziqian_normal_work_data.csv,2654,2026-07-27T13:55:47.008,109.952059,0.21300000000223918,1.07,-0.01,-0.74,-25.09,9.52,-0.06,1.3009996156801893,26.83546347652673,"1.07,-0.01,-0.74,-25.09,9.52,-0.06"
ziqian,normal_work,ziqian_normal_work_data.csv,2655,2026-07-27T13:55:47.008,109.95257,0.510999999988826,1.07,-0.2,-0.82,-16.24,-6.77,-57.07,1.362827942184926,59.72064467167112,"1.07,-0.20,-0.82,-16.24,-6.77,-57.07"
ziqian,normal_work,ziqian_normal_work_data.csv,2656,2026-07-27T13:55:47.012,109.956371,3.8010000000099353,1.07,-0.36,-1.02,-14.53,-88.5,-108.22,1.5214795430764094,140.55226536772716,"1.07,-0.36,-1.02,-14.53,-88.50,-108.22"
ziqian,normal_work,ziqian_normal_work_data.csv,2657,2026-07-27T13:55:47.013,109.9567,0.3289999999935844,1.0,-0.35,-1.07,-6.29,-238.4,-82.95,1.5057888298164521,252.4971813704066,"1.00,-0.35,-1.07,-6.29,-238.40,-82.95"
ziqian,normal_work,ziqian_normal_work_data.csv,2658,2026-07-27T13:55:47.013,109.956973,0.27300000000707314,0.8,-0.26,-0.98,53.71,-299.93,-28.2,1.2915107432770352,306.0032826621309,"0.80,-0.26,-0.98,53.71,-299.93,-28.20"
ziqian,normal_work,ziqian_normal_work_data.csv,2659,2026-07-27T13:55:47.013,109.957209,0.23600000000101318,0.55,-0.15,-0.86,156.31,-213.01,-15.01,1.0317945531936095,264.63442009685735,"0.55,-0.15,-0.86,156.31,-213.01,-15.01"
ziqian,normal_work,ziqian_normal_work_data.csv,2660,2026-07-27T13:55:47.013,109.957288,0.07899999999949614,0.31,-0.02,-0.76,260.68,-114.01,-51.57,0.8210359310042405,289.1570635485151,"0.31,-0.02,-0.76,260.68,-114.01,-51.57"
ziqian,normal_work,ziqian_normal_work_data.csv,2661,2026-07-27T13:55:47.013,109.957393,0.10499999999069587,0.09,0.12,-0.57,305.79,-66.71,-127.01,0.5894064811316551,337.771059002988,"0.09,0.12,-0.57,305.79,-66.71,-127.01"
ziqian,normal_work,ziqian_normal_work_data.csv,2662,2026-07-27T13:55:47.125,110.069176,111.78300000000263,-0.09,0.24,-0.31,249.33,7.69,-188.72,0.40224370722237535,312.7935795376881,"-0.09,0.24,-0.31,249.33,7.69,-188.72"
ziqian,normal_work,ziqian_normal_work_data.csv,2663,2026-07-27T13:55:47.125,110.069373,0.19700000000000273,-0.22,0.31,-0.1,144.84,120.97,-209.66,0.393064880140671,282.08098500253436,"-0.22,0.31,-0.10,144.84,120.97,-209.66"
ziqian,normal_work,ziqian_normal_work_data.csv,2664,2026-07-27T13:55:47.126,110.069596,0.2230000000054133,-0.29,0.31,0.03,49.87,176.88,-213.99,0.4255584566190643,282.07316674933827,"-0.29,0.31,0.03,49.87,176.88,-213.99"
ziqian,normal_work,ziqian_normal_work_data.csv,2665,2026-07-27T13:55:47.545,110.488917,419.3209999999965,-0.33,0.26,0.06,-22.4,137.63,-216.8,0.4243819034784589,257.7712491725949,"-0.33,0.26,0.06,-22.40,137.63,-216.80"
ziqian,normal_work,ziqian_normal_work_data.csv,2666,2026-07-27T13:55:47.545,110.489105,0.18799999999430383,-0.39,0.16,0.0,-54.32,44.19,-214.9,0.42154477816715985,226.02085855070987,"-0.39,0.16,0.00,-54.32,44.19,-214.90"
ziqian,normal_work,ziqian_normal_work_data.csv,2667,2026-07-27T13:55:47.545,110.489527,0.4220000000003665,-0.44,0.06,-0.07,-46.57,-76.29,-195.07,0.4495553358597804,214.57221138814782,"-0.44,0.06,-0.07,-46.57,-76.29,-195.07"
ziqian,normal_work,ziqian_normal_work_data.csv,2668,2026-07-27T13:55:47.546,110.489914,0.3870000000034679,-0.53,-0.11,-0.23,8.0,-194.76,-139.53,0.5881326381013046,239.71666295858532,"-0.53,-0.11,-0.23,8.00,-194.76,-139.53"
ziqian,normal_work,ziqian_normal_work_data.csv,2669,2026-07-27T13:55:47.546,110.490532,0.618000000002894,-0.62,-0.41,-0.54,114.32,-285.16,-46.26,0.9187491496594705,310.68517119424934,"-0.62,-0.41,-0.54,114.32,-285.16,-46.26"
ziqian,normal_work,ziqian_normal_work_data.csv,2670,2026-07-27T13:55:47.547,110.491259,0.7269999999977017,-0.61,-0.85,-0.99,212.16,-339.78,62.01,1.4403818938045563,405.34868212441495,"-0.61,-0.85,-0.99,212.16,-339.78,62.01"
ziqian,normal_work,ziqian_normal_work_data.csv,2671,2026-07-27T13:55:47.548,110.491927,0.6680000000045538,-0.54,-1.22,-1.41,236.02,-349.06,133.36,1.9411594473406866,441.9651723835262,"-0.54,-1.22,-1.41,236.02,-349.06,133.36"
ziqian,normal_work,ziqian_normal_work_data.csv,2672,2026-07-27T13:55:47.548,110.492284,0.3569999999939455,-0.46,-1.35,-1.63,211.73,-325.99,141.11,2.1658716490133947,413.53488982188674,"-0.46,-1.35,-1.63,211.73,-325.99,141.11"
ziqian,normal_work,ziqian_normal_work_data.csv,2673,2026-07-27T13:55:47.549,110.49283,0.5459999999999354,-0.42,-1.34,-1.63,190.67,-272.4,125.12,2.1514878572745886,355.2630339621616,"-0.42,-1.34,-1.63,190.67,-272.40,125.12"
ziqian,normal_work,ziqian_normal_work_data.csv,2674,2026-07-27T13:55:47.549,110.493493,0.6630000000029668,-0.4,-1.26,-1.38,187.44,-170.29,117.25,1.9110206696946006,279.06988407923916,"-0.40,-1.26,-1.38,187.44,-170.29,117.25"
ziqian,normal_work,ziqian_normal_work_data.csv,2675,2026-07-27T13:55:47.550,110.493968,0.4749999999944521,-0.3,-1.18,-1.07,194.82,-48.03,119.93,1.6208948146008735,233.7625252259224,"-0.30,-1.18,-1.07,194.82,-48.03,119.93"
ziqian,normal_work,ziqian_normal_work_data.csv,2676,2026-07-27T13:55:47.666,110.609823,115.85500000001048,-0.23,-1.07,-0.85,183.04,32.04,115.72,1.3857488950022656,218.90939130151543,"-0.23,-1.07,-0.85,183.04,32.04,115.72"
ziqian,normal_work,ziqian_normal_work_data.csv,2677,2026-07-27T13:55:47.666,110.609999,0.1759999999961792,-0.26,-0.92,-0.66,159.18,54.02,94.67,1.1617228585166086,192.92185386834745,"-0.26,-0.92,-0.66,159.18,54.02,94.67"
ziqian,normal_work,ziqian_normal_work_data.csv,2678,2026-07-27T13:55:47.969,110.91261,302.61099999999885,-0.35,-0.81,-0.48,141.48,49.99,76.84,1.0044899203078148,168.58225321782837,"-0.35,-0.81,-0.48,141.48,49.99,76.84"
ziqian,normal_work,ziqian_normal_work_data.csv,2679,2026-07-27T13:55:47.969,110.91307,0.46000000000390173,-0.42,-0.72,-0.41,108.58,39.98,70.74,0.9289241088485108,135.61771418218197,"-0.42,-0.72,-0.41,108.58,39.98,70.74"
ziqian,normal_work,ziqian_normal_work_data.csv,2680,2026-07-27T13:55:47.970,110.913723,0.6529999999997926,-0.42,-0.76,-0.49,59.45,28.99,71.84,0.9970456358662827,97.65095084022481,"-0.42,-0.76,-0.49,59.45,28.99,71.84"
ziqian,normal_work,ziqian_normal_work_data.csv,2681,2026-07-27T13:55:47.970,110.913896,0.17299999998954263,-0.37,-0.94,-0.59,37.96,29.05,79.35,1.1698717878468563,92.63523411747822,"-0.37,-0.94,-0.59,37.96,29.05,79.35"
ziqian,normal_work,ziqian_normal_work_data.csv,2682,2026-07-27T13:55:47.970,110.914022,0.12600000000873024,-0.33,-1.05,-0.61,57.62,43.15,87.1,1.2583719640869309,112.9973313844181,"-0.33,-1.05,-0.61,57.62,43.15,87.10"
ziqian,normal_work,ziqian_normal_work_data.csv,2683,2026-07-27T13:55:47.970,110.914035,0.012999999995599865,-0.34,-1.06,-0.58,66.1,57.74,71.11,1.2552290627610565,112.95906205347138,"-0.34,-1.06,-0.58,66.10,57.74,71.11"
ziqian,normal_work,ziqian_normal_work_data.csv,2684,2026-07-27T13:55:47.970,110.914044,0.009000000005698894,-0.37,-1.06,-0.61,20.39,62.99,18.43,1.2777323663428113,68.72522899197936,"-0.37,-1.06,-0.61,20.39,62.99,18.43"
ziqian,normal_work,ziqian_normal_work_data.csv,2685,2026-07-27T13:55:47.970,110.914051,0.006999999996537554,-0.39,-1.11,-0.67,-44.31,65.98,-45.29,1.353920233987217,91.47633901725627,"-0.39,-1.11,-0.67,-44.31,65.98,-45.29"
ziqian,normal_work,ziqian_normal_work_data.csv,2686,2026-07-27T13:55:48.145,111.089242,175.1909999999981,-0.41,-1.2,-0.69,-68.73,77.51,-91.25,1.443675863897433,138.05135095318698,"-0.41,-1.20,-0.69,-68.73,77.51,-91.25"
ziqian,normal_work,ziqian_normal_work_data.csv,2687,2026-07-27T13:55:48.145,111.089366,0.1239999999995689,-0.41,-1.27,-0.67,-47.79,97.05,-128.78,1.4932849694549262,168.18702387520864,"-0.41,-1.27,-0.67,-47.79,97.05,-128.78"
ziqian,normal_work,ziqian_normal_work_data.csv,2688,2026-07-27T13:55:48.145,111.089539,0.17300000000375348,-0.34,-1.38,-0.78,-21.06,134.89,-192.75,1.621234097840284,236.20202835708247,"-0.34,-1.38,-0.78,-21.06,134.89,-192.75"
ziqian,normal_work,ziqian_normal_work_data.csv,2689,2026-07-27T13:55:48.150,111.093614,4.075000000000273,-0.19,-1.52,-1.07,-24.11,177.19,-273.86,1.8685288330662708,327.0732147394525,"-0.19,-1.52,-1.07,-24.11,177.19,-273.86"
ziqian,normal_work,ziqian_normal_work_data.csv,2690,2026-07-27T13:55:48.448,111.392388,298.77399999999454,-0.13,-1.56,-1.24,-24.72,177.19,-293.52,1.9970227840462913,343.7460761957873,"-0.13,-1.56,-1.24,-24.72,177.19,-293.52"
ziqian,normal_work,ziqian_normal_work_data.csv,2691,2026-07-27T13:55:48.448,111.392429,0.04100000001017179,-0.22,-1.4,-1.11,23.19,147.16,-234.5,1.8001388835309347,277.8202507017802,"-0.22,-1.40,-1.11,23.19,147.16,-234.50"
ziqian,normal_work,ziqian_normal_work_data.csv,2692,2026-07-27T13:55:48.686,111.63023,237.80099999999038,-0.32,-1.1,-0.81,90.39,126.71,-186.52,1.4030324301312498,242.93103259978952,"-0.32,-1.10,-0.81,90.39,126.71,-186.52"
ziqian,normal_work,ziqian_normal_work_data.csv,2693,2026-07-27T13:55:48.686,111.630351,0.12100000000714317,-0.4,-0.69,-0.48,123.29,106.63,-210.57,0.930859817588019,266.2895151897648,"-0.40,-0.69,-0.48,123.29,106.63,-210.57"
ziqian,normal_work,ziqian_normal_work_data.csv,2694,2026-07-27T13:55:48.686,111.630421,0.06999999999379725,-0.47,-0.18,-0.21,93.87,64.58,-270.57,0.5453439281774392,293.58180836012303,"-0.47,-0.18,-0.21,93.87,64.58,-270.57"
ziqian,normal_work,ziqian_normal_work_data.csv,2695,2026-07-27T13:55:48.687,111.630581,0.16000000000815362,-0.47,0.25,-0.07,21.91,-1.28,-284.24,0.536935750346352,285.0860643735502,"-0.47,0.25,-0.07,21.91,-1.28,-284.24"
ziqian,normal_work,ziqian_normal_work_data.csv,2696,2026-07-27T13:55:48.687,111.630725,0.14399999999170632,-0.4,0.43,0.0,-34.48,-67.26,-206.3,0.587281874401041,219.7099633607907,"-0.40,0.43,0.00,-34.48,-67.26,-206.30"
ziqian,normal_work,ziqian_normal_work_data.csv,2697,2026-07-27T13:55:48.687,111.630783,0.057999999995672624,-0.39,0.03,-0.12,-53.96,-106.75,2.14,0.4091454509095757,119.63203458940251,"-0.39,0.03,-0.12,-53.96,-106.75,2.14"
ziqian,normal_work,ziqian_normal_work_data.csv,2698,2026-07-27T13:55:48.687,111.631371,0.5880000000075825,-0.47,-0.3,-0.41,-35.1,-112.61,77.51,0.692098258919931,141.1411428322727,"-0.47,-0.30,-0.41,-35.10,-112.61,77.51"
ziqian,normal_work,ziqian_normal_work_data.csv,2699,2026-07-27T13:55:48.688,111.631769,0.3980000000041173,-0.47,-0.3,-0.41,-0.92,-128.17,170.04,0.692098258919931,212.9366030066226,"-0.47,-0.30,-0.41,-0.92,-128.17,170.04"
ziqian,normal_work,ziqian_normal_work_data.csv,2700,2026-07-27T13:55:48.691,111.634683,2.913999999989869,-0.61,-0.63,-0.8,14.22,-149.9,259.7,1.187013058057914,300.1937847457872,"-0.61,-0.63,-0.80,14.22,-149.90,259.70"
ziqian,normal_work,ziqian_normal_work_data.csv,2701,2026-07-27T13:55:48.691,111.634709,0.026000000005410584,-0.79,-1.01,-1.21,7.51,-170.84,331.3,1.7630371521893689,372.83025051623696,"-0.79,-1.01,-1.21,7.51,-170.84,331.30"
ziqian,normal_work,ziqian_normal_work_data.csv,2702,2026-07-27T13:55:48.691,111.634811,0.10199999999827014,-0.96,-1.42,-1.56,11.9,-175.78,397.58,2.317671245021606,434.8678820055581,"-0.96,-1.42,-1.56,11.90,-175.78,397.58"
ziqian,normal_work,ziqian_normal_work_data.csv,2703,2026-07-27T13:55:48.747,111.690986,56.17499999999609,-1.05,-1.79,-1.73,42.11,-162.84,457.7,2.701758686485527,487.62629922923554,"-1.05,-1.79,-1.73,42.11,-162.84,457.70"
ziqian,normal_work,ziqian_normal_work_data.csv,2704,2026-07-27T13:55:48.925,111.868962,177.97600000000102,-0.53,-1.97,-1.26,89.97,-125.12,365.54,2.3977906497440515,396.69775257745033,"-0.53,-1.97,-1.26,89.97,-125.12,365.54"
ziqian,normal_work,ziqian_normal_work_data.csv,2705,2026-07-27T13:55:48.925,111.869368,0.4059999999981301,-0.17,-1.67,-0.93,62.13,-93.93,190.31,1.9190362164378243,221.13542886656583,"-0.17,-1.67,-0.93,62.13,-93.93,190.31"
ziqian,normal_work,ziqian_normal_work_data.csv,2706,2026-07-27T13:55:48.925,111.869393,0.02500000000793534,-0.04,-1.19,-0.82,62.13,-93.93,190.31,1.4457178147895944,221.13542886656583,"-0.04,-1.19,-0.82,62.13,-93.93,190.31"
ziqian,normal_work,ziqian_normal_work_data.csv,2707,2026-07-27T13:55:48.928,111.871593,2.200000000001978,-0.07,-0.73,-0.81,34.61,-45.35,43.64,1.092657311328671,71.82565140672237,"-0.07,-0.73,-0.81,34.61,-45.35,43.64"
ziqian,normal_work,ziqian_normal_work_data.csv,2708,2026-07-27T13:55:49.225,112.168724,297.13099999999315,-0.14,-0.49,-0.73,26.92,13.49,-14.89,0.8902808545621994,33.59134710010898,"-0.14,-0.49,-0.73,26.92,13.49,-14.89"
ziqian,normal_work,ziqian_normal_work_data.csv,2709,2026-07-27T13:55:49.225,112.16893,0.20600000000570162,-0.2,-0.54,-0.58,27.16,55.48,-12.88,0.8173126696681019,63.09984469077559,"-0.20,-0.54,-0.58,27.16,55.48,-12.88"
ziqian,normal_work,ziqian_normal_work_data.csv,2710,2026-07-27T13:55:49.225,112.169427,0.49699999999575084,-0.2,-0.71,-0.51,15.81,59.27,-6.96,0.8967719888578144,61.735974925484086,"-0.20,-0.71,-0.51,15.81,59.27,-6.96"
ziqian,normal_work,ziqian_normal_work_data.csv,2711,2026-07-27T13:55:49.226,112.16993,0.5029999999948132,-0.16,-0.84,-0.6,-13.31,30.52,-30.82,1.0446051885760474,45.3706832657389,"-0.16,-0.84,-0.60,-13.31,30.52,-30.82"
ziqian,normal_work,ziqian_normal_work_data.csv,2712,2026-07-27T13:55:49.227,112.170938,1.0080000000129985,-0.11,-0.92,-0.8,-57.98,2.14,-94.79,1.22413234578619,111.13687101947761,"-0.11,-0.92,-0.80,-57.98,2.14,-94.79"
ziqian,normal_work,ziqian_normal_work_data.csv,2713,2026-07-27T13:55:49.227,112.171505,0.5669999999895481,-0.12,-1.01,-0.98,-102.48,6.16,-173.16,1.4124092891226678,201.30693381004042,"-0.12,-1.01,-0.98,-102.48,6.16,-173.16"
ziqian,normal_work,ziqian_normal_work_data.csv,2714,2026-07-27T13:55:49.228,112.171992,0.48700000000678756,-0.25,-1.1,-1.04,-109.74,44.68,-213.26,1.5343076614551594,243.96515652855018,"-0.25,-1.10,-1.04,-109.74,44.68,-213.26"
ziqian,normal_work,ziqian_normal_work_data.csv,2715,2026-07-27T13:55:49.345,112.288955,116.96299999999837,-0.46,-1.16,-1.01,-74.58,87.28,-219.36,1.6053971471259068,247.5859131695501,"-0.46,-1.16,-1.01,-74.58,87.28,-219.36"
ziqian,normal_work,ziqian_normal_work_data.csv,2716,2026-07-27T13:55:49.345,112.289117,0.1620000000031041,-0.57,-1.25,-1.05,-47.91,103.39,-249.33,1.7291327305906854,274.135567010193,"-0.57,-1.25,-1.05,-47.91,103.39,-249.33"
ziqian,normal_work,ziqian_normal_work_data.csv,2717,2026-07-27T13:55:49.346,112.289708,0.5910000000000082,-0.52,-1.36,-1.22,-43.82,102.11,-292.66,1.8995789007040482,313.0439587342327,"-0.52,-1.36,-1.22,-43.82,102.11,-292.66"
ziqian,normal_work,ziqian_normal_work_data.csv,2718,2026-07-27T13:55:49.825,112.769236,479.52800000000195,-0.46,-1.41,-1.4,-35.1,115.66,-308.41,2.039534260560484,331.2491112440908,"-0.46,-1.41,-1.40,-35.10,115.66,-308.41"
ziqian,normal_work,ziqian_normal_work_data.csv,2719,2026-07-27T13:55:49.825,112.76938,0.14399999999170632,-0.44,-1.35,-1.47,-19.78,149.54,-305.42,2.0437710243566913,340.6388650756105,"-0.44,-1.35,-1.47,-19.78,149.54,-305.42"
ziqian,normal_work,ziqian_normal_work_data.csv,2720,2026-07-27T13:55:49.825,112.769537,0.15700000000151704,-0.43,-1.19,-1.34,-10.5,174.93,-301.45,1.8429867064089205,348.68733472840677,"-0.43,-1.19,-1.34,-10.50,174.93,-301.45"
ziqian,normal_work,ziqian_normal_work_data.csv,2721,2026-07-27T13:55:49.826,112.77015,0.6130000000013069,-0.47,-0.86,-1.04,-6.84,167.05,-298.58,1.4290206436577464,342.202432048634,"-0.47,-0.86,-1.04,-6.84,167.05,-298.58"
ziqian,normal_work,ziqian_normal_work_data.csv,2722,2026-07-27T13:55:49.826,112.77053,0.3799999999927195,-0.56,-0.37,-0.67,1.1,125.67,-277.89,0.9483670175622938,304.9869029974894,"-0.56,-0.37,-0.67,1.10,125.67,-277.89"
ziqian,normal_work,ziqian_normal_work_data.csv,2723,2026-07-27T13:55:49.828,112.771824,1.2940000000014606,-0.59,0.05,-0.34,11.11,67.69,-217.1,0.6827884006044626,227.67911234893725,"-0.59,0.05,-0.34,11.11,67.69,-217.10"
ziqian,normal_work,ziqian_normal_work_data.csv,2724,2026-07-27T13:55:49.828,112.771942,0.11800000000050659,-0.52,0.23,-0.13,16.11,21.24,-126.71,0.5832666628567075,129.48395190138427,"-0.52,0.23,-0.13,16.11,21.24,-126.71"
ziqian,normal_work,ziqian_normal_work_data.csv,2725,2026-07-27T13:55:49.828,112.772208,0.2660000000105356,-0.46,0.19,-0.06,19.1,-0.98,-39.25,0.5012983143797713,43.66157234914932,"-0.46,0.19,-0.06,19.10,-0.98,-39.25"
ziqian,normal_work,ziqian_normal_work_data.csv,2726,2026-07-27T13:55:49.829,112.772754,0.5459999999999354,-0.42,0.03,-0.14,23.19,-15.87,31.01,0.4437341546466758,41.84797605619656,"-0.42,0.03,-0.14,23.19,-15.87,31.01"
ziqian,normal_work,ziqian_normal_work_data.csv,2727,2026-07-27T13:55:49.829,112.773395,0.6409999999874572,-0.34,-0.22,-0.38,23.93,-41.08,93.02,0.5553377350765928,104.46497834202619,"-0.34,-0.22,-0.38,23.93,-41.08,93.02"
ziqian,normal_work,ziqian_normal_work_data.csv,2728,2026-07-27T13:55:49.830,112.773957,0.5620000000021719,-0.23,-0.52,-0.69,19.35,-75.38,157.17,0.8940917178902844,175.38237026565696,"-0.23,-0.52,-0.69,19.35,-75.38,157.17"
ziqian,normal_work,ziqian_normal_work_data.csv,2729,2026-07-27T13:55:49.830,112.774419,0.4619999999988522,-0.18,-0.86,-0.94,20.57,-104.61,220.76,1.2867012085173464,245.15577619138406,"-0.18,-0.86,-0.94,20.57,-104.61,220.76"
ziqian,normal_work,ziqian_normal_work_data.csv,2730,2026-07-27T13:55:49.831,112.775031,0.6120000000038317,-0.26,-1.24,-1.1,33.2,-113.71,284.3,1.6778557744931477,307.9913864055292,"-0.26,-1.24,-1.10,33.20,-113.71,284.30"
ziqian,normal_work,ziqian_normal_work_data.csv,2731,2026-07-27T13:55:50.006,112.950532,175.50099999999702,-0.43,-1.6,-1.22,48.52,-95.46,354.43,2.0574984811659034,370.25319296395,"-0.43,-1.60,-1.22,48.52,-95.46,354.43"
ziqian,normal_work,ziqian_normal_work_data.csv,2732,2026-07-27T13:55:50.007,112.950681,0.14900000000750424,-0.55,-1.9,-1.3,52.61,-61.04,415.1,2.366960075708925,422.84950478864226,"-0.55,-1.90,-1.30,52.61,-61.04,415.10"
ziqian,normal_work,ziqian_normal_work_data.csv,2733,2026-07-27T13:55:50.007,112.950879,0.19799999999747797,-0.39,-2.03,-1.27,37.72,-33.51,448.24,2.426087385070867,451.0707440080769,"-0.39,-2.03,-1.27,37.72,-33.51,448.24"
ziqian,normal_work,ziqian_normal_work_data.csv,2734,2026-07-27T13:55:50.007,112.951191,0.31199999999387273,0.01,-1.94,-1.07,18.13,-29.97,434.69,2.2155360525164105,436.0989496662426,"0.01,-1.94,-1.07,18.13,-29.97,434.69"
ziqian,normal_work,ziqian_normal_work_data.csv,2735,2026-07-27T13:55:50.125,113.06895,117.75900000000661,0.35,-1.62,-0.88,5.49,-50.48,320.31,1.8765127231116767,324.30983117999983,"0.35,-1.62,-0.88,5.49,-50.48,320.31"
ziqian,normal_work,ziqian_normal_work_data.csv,2736,2026-07-27T13:55:50.125,113.069188,0.23799999999596366,0.31,-1.2,-0.77,3.78,-58.9,125.92,1.4591093173576817,139.06597283304063,"0.31,-1.20,-0.77,3.78,-58.90,125.92"
ziqian,normal_work,ziqian_normal_work_data.csv,2737,2026-07-27T13:55:50.126,113.069775,0.5870000000101072,-0.02,-0.83,-0.7,15.75,-31.8,-24.96,1.0859558002055147,43.38552869333276,"-0.02,-0.83,-0.70,15.75,-31.80,-24.96"
ziqian,normal_work,ziqian_normal_work_data.csv,2738,2026-07-27T13:55:50.305,113.248626,178.85099999999454,-0.23,-0.61,-0.62,27.22,2.93,-60.24,0.8996666049153986,66.1692594790058,"-0.23,-0.61,-0.62,27.22,2.93,-60.24"
ziqian,normal_work,ziqian_normal_work_data.csv,2739,2026-07-27T13:55:50.305,113.248935,0.309000000001447,-0.2,-0.61,-0.52,23.25,20.08,-13.43,0.8261355820929154,33.528104628803575,"-0.20,-0.61,-0.52,23.25,20.08,-13.43"
ziqian,normal_work,ziqian_normal_work_data.csv,2740,2026-07-27T13:55:50.305,113.249401,0.46600000000296404,-0.08,-0.74,-0.47,10.01,20.57,40.83,0.8802840450672725,46.80185786910601,"-0.08,-0.74,-0.47,10.01,20.57,40.83"
ziqian,normal_work,ziqian_normal_work_data.csv,2741,2026-07-27T13:55:50.306,113.249832,0.43099999999185457,0.01,-0.88,-0.51,3.72,11.66,56.58,1.017152889196113,57.888603368884276,"0.01,-0.88,-0.51,3.72,11.66,56.58"
ziqian,normal_work,ziqian_normal_work_data.csv,2742,2026-07-27T13:55:50.426,113.36996,120.12800000000823,0.1,-0.96,-0.66,7.26,-1.16,29.48,1.1692732785794773,30.38294916560932,"0.10,-0.96,-0.66,7.26,-1.16,29.48"
ziqian,normal_work,ziqian_normal_work_data.csv,2743,2026-07-27T13:55:50.426,113.370222,0.2619999999922129,0.16,-1.0,-0.84,12.08,-7.75,-23.62,1.315750736271882,27.63861971951566,"0.16,-1.00,-0.84,12.08,-7.75,-23.62"
ziqian,normal_work,ziqian_normal_work_data.csv,2744,2026-07-27T13:55:50.426,113.370373,0.15100000000245473,0.16,-1.09,-1.01,11.23,1.53,-86.49,1.4945902448497381,87.22943253283263,"0.16,-1.09,-1.01,11.23,1.53,-86.49"
ziqian,normal_work,ziqian_normal_work_data.csv,2745,2026-07-27T13:55:50.485,113.428897,58.52400000000557,0.09,-1.24,-1.15,5.8,24.41,-151.67,1.6935760980835788,153.73118421452426,"0.09,-1.24,-1.15,5.80,24.41,-151.67"
ziqian,normal_work,ziqian_normal_work_data.csv,2746,2026-07-27T13:55:50.485,113.428932,0.03499999999689862,-0.05,-1.42,-1.27,2.32,57.37,-211.36,1.9057282072740593,219.01997374668824,"-0.05,-1.42,-1.27,2.32,57.37,-211.36"
ziqian,normal_work,ziqian_normal_work_data.csv,2747,2026-07-27T13:55:50.545,113.488622,59.69000000000335,-0.2,-1.59,-1.37,8.24,99.55,-255.92,2.1083168642308014,274.7237639884835,"-0.20,-1.59,-1.37,8.24,99.55,-255.92"
ziqian,normal_work,ziqian_normal_work_data.csv,2748,2026-07-27T13:55:50.727,113.671345,182.72299999999575,-0.28,-1.64,-1.42,24.72,140.38,-280.09,2.187327136026982,314.27381516760187,"-0.28,-1.64,-1.42,24.72,140.38,-280.09"
ziqian,normal_work,ziqian_normal_work_data.csv,2749,2026-07-27T13:55:50.727,113.671554,0.20899999999812735,-0.26,-1.48,-1.34,42.72,168.7,-282.71,2.0133554082675023,331.9783614936371,"-0.26,-1.48,-1.34,42.72,168.70,-282.71"
ziqian,normal_work,ziqian_normal_work_data.csv,2750,2026-07-27T13:55:50.727,113.67158,0.026000000005410584,-0.18,-1.19,-1.1,53.65,184.81,-268.43,1.6304907236779975,330.2843070749805,"-0.18,-1.19,-1.10,53.65,184.81,-268.43"
ziqian,normal_work,ziqian_normal_work_data.csv,2751,2026-07-27T13:55:50.728,113.671684,0.10399999999322063,-0.16,-0.83,-0.76,59.2,186.95,-247.74,1.1367057666784313,315.9589373637024,"-0.16,-0.83,-0.76,59.20,186.95,-247.74"
ziqian,normal_work,ziqian_normal_work_data.csv,2752,2026-07-27T13:55:50.729,113.672903,1.2190000000060763,-0.24,-0.46,-0.44,56.15,163.82,-228.45,0.680294054067798,286.669177624662,"-0.24,-0.46,-0.44,56.15,163.82,-228.45"
ziqian,normal_work,ziqian_normal_work_data.csv,2753,2026-07-27T13:55:50.967,113.910753,237.84999999999457,-0.34,-0.14,-0.2,38.94,114.44,-205.99,0.418568990729127,238.8403594453835,"-0.34,-0.14,-0.20,38.94,114.44,-205.99"
ziqian,normal_work,ziqian_normal_work_data.csv,2754,2026-07-27T13:55:50.967,113.910883,0.1299999999986312,-0.43,0.08,-0.08,18.43,56.52,-164.18,0.44463468150831414,174.61170550681877,"-0.43,0.08,-0.08,18.43,56.52,-164.18"
ziqian,normal_work,ziqian_normal_work_data.csv,2755,2026-07-27T13:55:50.967,113.910969,0.0859999999960337,-0.47,0.12,-0.07,6.96,5.8,-96.8,0.4901020301937138,97.22305076472348,"-0.47,0.12,-0.07,6.96,5.80,-96.80"
ziqian,normal_work,ziqian_normal_work_data.csv,2756,2026-07-27T13:55:50.967,113.911062,0.0930000000067821,-0.49,-0.03,-0.15,6.16,-38.7,-11.72,0.5133225107084239,40.902249326901334,"-0.49,-0.03,-0.15,6.16,-38.70,-11.72"
ziqian,normal_work,ziqian_normal_work_data.csv,2757,2026-07-27T13:55:50.967,113.911135,0.07300000000043383,-0.47,-0.35,-0.36,18.8,-80.93,86.79,0.687749954561976,120.14827922196805,"-0.47,-0.35,-0.36,18.80,-80.93,86.79"
ziqian,normal_work,ziqian_normal_work_data.csv,2758,2026-07-27T13:55:50.967,113.911224,0.08900000000267028,-0.39,-0.67,-0.76,25.27,-117.19,190.06,1.0856334556377674,224.71064193758158,"-0.39,-0.67,-0.76,25.27,-117.19,190.06"
ziqian,normal_work,ziqian_normal_work_data.csv,2759,2026-07-27T13:55:51.146,114.090033,178.8090000000011,-0.29,-1.01,-1.15,-27.53,-134.95,278.93,1.5577868917152948,311.08093528855153,"-0.29,-1.01,-1.15,-27.53,-134.95,278.93"
ziqian,normal_work,ziqian_normal_work_data.csv,2760,2026-07-27T13:55:51.146,114.090245,0.21199999999055308,-0.32,-1.33,-1.32,-114.5,-127.93,335.08,1.9009734348485778,376.50357408662137,"-0.32,-1.33,-1.32,-114.50,-127.93,335.08"
ziqian,normal_work,ziqian_normal_work_data.csv,2761,2026-07-27T13:55:51.146,114.090344,0.09900000000584441,-0.49,-1.56,-1.42,-160.58,-110.17,364.32,2.1656638705025304,413.1009897107486,"-0.49,-1.56,-1.42,-160.58,-110.17,364.32"
ziqian,normal_work,ziqian_normal_work_data.csv,2762,2026-07-27T13:55:51.205,114.148822,58.47799999999381,-0.5,-1.78,-1.5,-129.15,-105.35,364.62,2.3808401878328582,400.9065843809503,"-0.50,-1.78,-1.50,-129.15,-105.35,364.62"
ziqian,normal_work,ziqian_normal_work_data.csv,2763,2026-07-27T13:55:51.205,114.149304,0.4820000000052005,-0.34,-1.72,-1.33,-82.64,-103.15,366.52,2.200658992211197,389.6231544710863,"-0.34,-1.72,-1.33,-82.64,-103.15,366.52"
ziqian,normal_work,ziqian_normal_work_data.csv,2764,2026-07-27T13:55:51.265,114.208673,59.36900000000378,-0.34,-1.72,-1.33,-37.72,-80.26,364.62,2.200658992211197,375.2495308458093,"-0.34,-1.72,-1.33,-37.72,-80.26,364.62"
ziqian,normal_work,ziqian_normal_work_data.csv,2765,2026-07-27T13:55:51.385,114.329516,120.8429999999936,-0.08,-1.61,-1.04,-4.76,-50.05,317.14,1.9183586734497802,321.100357676537,"-0.08,-1.61,-1.04,-4.76,-50.05,317.14"
ziqian,normal_work,ziqian_normal_work_data.csv,2766,2026-07-27T13:55:51.386,114.329598,0.08200000000613272,0.24,-1.44,-0.78,18.13,-24.78,204.28,1.6551737068960466,206.5745959695916,"0.24,-1.44,-0.78,18.13,-24.78,204.28"
ziqian,normal_work,ziqian_normal_work_data.csv,2767,2026-07-27T13:55:51.505,114.448765,119.16699999999025,0.42,-1.19,-0.64,36.74,-2.62,60.36,1.414955829699288,70.71083085355454,"0.42,-1.19,-0.64,36.74,-2.62,60.36"
ziqian,normal_work,ziqian_normal_work_data.csv,2768,2026-07-27T13:55:51.505,114.449137,0.3719999999987067,0.31,-0.93,-0.6,50.66,13.24,-54.02,1.1493476410555685,75.2322643551289,"0.31,-0.93,-0.60,50.66,13.24,-54.02"
ziqian,normal_work,ziqian_normal_work_data.csv,2769,2026-07-27T13:55:51.505,114.44942,0.2830000000102473,-0.06,-0.63,-0.76,45.23,20.02,-118.41,0.9889893831583836,128.32568488030756,"-0.06,-0.63,-0.76,45.23,20.02,-118.41"
ziqian,normal_work,ziqian_normal_work_data.csv,2770,2026-07-27T13:55:51.746,114.68972,240.29999999999063,-0.07,-0.67,-0.91,29.11,24.48,-126.95,1.132210227828737,132.52533720009922,"-0.07,-0.67,-0.91,29.11,24.48,-126.95"
ziqian,normal_work,ziqian_normal_work_data.csv,2771,2026-07-27T13:55:51.746,114.69012,0.39999999999906777,-0.03,-0.81,-1.08,29.11,24.48,-126.95,1.350333292191228,132.52533720009922,"-0.03,-0.81,-1.08,29.11,24.48,-126.95"
ziqian,normal_work,ziqian_normal_work_data.csv,2772,2026-07-27T13:55:51.746,114.690188,0.06800000001305762,0.01,-1.05,-1.29,5.92,33.33,-163.76,1.6633400133466398,167.22222609449975,"0.01,-1.05,-1.29,5.92,33.33,-163.76"
ziqian,normal_work,ziqian_normal_work_data.csv,2773,2026-07-27T13:55:51.746,114.690459,0.2709999999979118,0.01,-1.38,-1.53,-16.78,49.68,-226.38,2.06043684688466,232.3737833749754,"0.01,-1.38,-1.53,-16.78,49.68,-226.38"
ziqian,normal_work,ziqian_normal_work_data.csv,2774,2026-07-27T13:55:51.747,114.690956,0.49699999999575084,-0.07,-1.65,-1.66,-20.02,79.22,-289.06,2.3415806627148252,300.38690450816927,"-0.07,-1.65,-1.66,-20.02,79.22,-289.06"
ziqian,normal_work,ziqian_normal_work_data.csv,2775,2026-07-27T13:55:51.747,114.691563,0.6070000000022446,-0.23,-1.63,-1.55,5.92,115.6,-329.28,2.2610395839082518,349.0325555016322,"-0.23,-1.63,-1.55,5.92,115.60,-329.28"
ziqian,normal_work,ziqian_normal_work_data.csv,2776,2026-07-27T13:55:51.866,114.80975,118.18699999999183,-0.31,-1.39,-1.32,42.79,144.17,-342.65,1.9418032856085088,374.19913882851193,"-0.31,-1.39,-1.32,42.79,144.17,-342.65"
ziqian,normal_work,ziqian_normal_work_data.csv,2777,2026-07-27T13:55:51.866,114.80993,0.18000000000029104,-0.24,-1.14,-1.13,71.17,164.61,-333.5,1.6229910659027054,378.6606277394047,"-0.24,-1.14,-1.13,71.17,164.61,-333.50"
ziqian,normal_work,ziqian_normal_work_data.csv,2778,2026-07-27T13:55:51.866,114.810084,0.1540000000090913,-0.12,-0.95,-0.98,88.99,175.29,-312.32,1.3701459776242821,369.03873319747885,"-0.12,-0.95,-0.98,88.99,175.29,-312.32"
ziqian,normal_work,ziqian_normal_work_data.csv,2779,2026-07-27T13:55:52.046,114.990392,180.30799999999658,-0.06,-0.78,-0.81,90.15,168.4,-296.26,1.1260994627474077,352.4990356015176,"-0.06,-0.78,-0.81,90.15,168.40,-296.26"
ziqian,normal_work,ziqian_normal_work_data.csv,2780,2026-07-27T13:55:52.046,114.990534,0.14199999999675583,-0.1,-0.54,-0.62,77.88,146.24,-285.58,0.8282511696339463,330.1626393158378,"-0.10,-0.54,-0.62,77.88,146.24,-285.58"
ziqian,normal_work,ziqian_normal_work_data.csv,2781,2026-07-27T13:55:52.047,114.990606,0.07200000000295859,-0.24,-0.22,-0.42,67.93,112.85,-261.66,0.5314132102234569,292.9429347159614,"-0.24,-0.22,-0.42,67.93,112.85,-261.66"
ziqian,normal_work,ziqian_normal_work_data.csv,2782,2026-07-27T13:55:52.047,114.990695,0.08900000000267028,-0.4,0.1,-0.25,65.61,68.36,-206.6,0.4821825380496478,227.29127061988103,"-0.40,0.10,-0.25,65.61,68.36,-206.60"
ziqian,normal_work,ziqian_normal_work_data.csv,2783,2026-07-27T13:55:52.047,114.990789,0.09400000000425734,-0.5,0.31,-0.16,70.01,11.6,-107.48,0.6096720429870472,128.79406236313847,"-0.50,0.31,-0.16,70.01,11.60,-107.48"
ziqian,normal_work,ziqian_normal_work_data.csv,2784,2026-07-27T13:55:52.228,115.172289,181.49999999999977,-0.54,0.33,-0.17,79.77,-46.94,22.03,0.655286197016235,95.14167015561583,"-0.54,0.33,-0.17,79.77,-46.94,22.03"
ziqian,normal_work,ziqian_normal_work_data.csv,2785,2026-07-27T13:55:52.347,115.290876,118.5869999999909,-0.54,0.1,-0.29,80.63,-88.62,138.31,0.6210475022089695,182.98731486089412,"-0.54,0.10,-0.29,80.63,-88.62,138.31"
ziqian,normal_work,ziqian_normal_work_data.csv,2786,2026-07-27T13:55:52.347,115.291019,0.14300000000844193,-0.5,-0.35,-0.53,64.7,-112.92,223.57,0.8083316151184488,258.69008736323855,"-0.50,-0.35,-0.53,64.70,-112.92,223.57"
ziqian,normal_work,ziqian_normal_work_data.csv,2787,2026-07-27T13:55:52.347,115.291097,0.07799999998781004,-0.39,-0.86,-0.85,40.83,-129.82,288.88,1.270511707935035,319.33051169595427,"-0.39,-0.86,-0.85,40.83,-129.82,288.88"
ziqian,normal_work,ziqian_normal_work_data.csv,2788,2026-07-27T13:55:52.347,115.291152,0.055000000003246896,-0.29,-1.27,-1.15,5.74,-136.17,324.95,1.7376708549089497,352.37440173769716,"-0.29,-1.27,-1.15,5.74,-136.17,324.95"
ziqian,normal_work,ziqian_normal_work_data.csv,2789,2026-07-27T13:55:52.347,115.291208,0.05600000000072214,-0.26,-1.5,-1.34,-48.22,-130.92,318.97,2.028102561509156,348.14806577087285,"-0.26,-1.50,-1.34,-48.22,-130.92,318.97"
ziqian,normal_work,ziqian_normal_work_data.csv,2790,2026-07-27T13:55:52.347,115.291279,0.07100000000548334,-0.34,-1.6,-1.37,-80.63,-112.92,312.38,2.1336588293351872,341.808993006328,"-0.34,-1.60,-1.37,-80.63,-112.92,312.38"
ziqian,normal_work,ziqian_normal_work_data.csv,2791,2026-07-27T13:55:52.585,115.529527,238.24799999999868,-0.44,-1.69,-1.35,-57.86,-83.01,349.24,2.207306050369998,363.602829059401,"-0.44,-1.69,-1.35,-57.86,-83.01,349.24"
ziqian,normal_work,ziqian_normal_work_data.csv,2792,2026-07-27T13:55:52.587,115.531196,1.668999999992593,-0.41,-1.79,-1.33,-15.2,-56.34,394.65,2.2673993913732975,398.9409205634338,"-0.41,-1.79,-1.33,-15.20,-56.34,394.65"
ziqian,normal_work,ziqian_normal_work_data.csv,2793,2026-07-27T13:55:52.587,115.531404,0.2080000000006521,-0.22,-1.76,-1.16,15.81,-35.71,399.41,2.119339519756096,401.3147247485445,"-0.22,-1.76,-1.16,15.81,-35.71,399.41"
ziqian,normal_work,ziqian_normal_work_data.csv,2794,2026-07-27T13:55:52.587,115.531488,0.08400000000108321,0.05,-1.63,-0.9,25.51,-24.29,346.5,1.8626325456192372,348.28582256531774,"0.05,-1.63,-0.90,25.51,-24.29,346.50"
ziqian,normal_work,ziqian_normal_work_data.csv,2795,2026-07-27T13:55:52.587,115.531554,0.06600000000389628,0.27,-1.47,-0.67,17.33,-32.71,224.61,1.6378949905290021,227.63990225793017,"0.27,-1.47,-0.67,17.33,-32.71,224.61"
ziqian,normal_work,ziqian_normal_work_data.csv,2796,2026-07-27T13:55:52.588,115.531653,0.09900000000584441,0.29,-1.27,-0.55,22.4,-44.8,67.38,1.4140367746278737,83.957515446802,"0.29,-1.27,-0.55,22.40,-44.80,67.38"
ziqian,normal_work,ziqian_normal_work_data.csv,2797,2026-07-27T13:55:52.705,115.649078,117.42499999999723,0.15,-1.0,-0.53,63.96,-35.58,-41.63,1.1416654501210062,84.20139488155763,"0.15,-1.00,-0.53,63.96,-35.58,-41.63"
ziqian,normal_work,ziqian_normal_work_data.csv,2798,2026-07-27T13:55:52.705,115.649227,0.14899999999329339,0.01,-0.79,-0.55,112.12,-12.51,-61.4,0.9626525853079085,128.4420277790724,"0.01,-0.79,-0.55,112.12,-12.51,-61.40"
ziqian,normal_work,ziqian_normal_work_data.csv,2799,2026-07-27T13:55:52.705,115.649455,0.22800000000700038,-0.04,-0.78,-0.55,109.13,-7.51,-45.1,0.95524865872714,118.32061105318887,"-0.04,-0.78,-0.55,109.13,-7.51,-45.10"
ziqian,normal_work,ziqian_normal_work_data.csv,2800,2026-07-27T13:55:53.010,115.9538,304.34499999999787,-0.05,-0.94,-0.57,46.45,-30.09,-58.78,1.100454451578983,80.7347446890123,"-0.05,-0.94,-0.57,46.45,-30.09,-58.78"
ziqian,normal_work,ziqian_normal_work_data.csv,2801,2026-07-27T13:55:53.010,115.953982,0.18199999999524152,-0.09,-1.08,-0.63,-24.41,-53.71,-100.77,1.2535549449465708,116.76988096251533,"-0.09,-1.08,-0.63,-24.41,-53.71,-100.77"
ziqian,normal_work,ziqian_normal_work_data.csv,2802,2026-07-27T13:55:53.010,115.954002,0.020000000006348273,-0.18,-1.14,-0.7,-62.68,-56.95,-139.95,1.3498148021117564,163.57899437274946,"-0.18,-1.14,-0.70,-62.68,-56.95,-139.95"
ziqian,normal_work,ziqian_normal_work_data.csv,2803,2026-07-27T13:55:53.010,115.954084,0.08199999999192187,-0.24,-1.16,-0.76,-71.78,-43.46,-167.72,1.4074089668607344,187.539698197475,"-0.24,-1.16,-0.76,-71.78,-43.46,-167.72"
ziqian,normal_work,ziqian_normal_work_data.csv,2804,2026-07-27T13:55:53.010,115.954196,0.11200000000144428,-0.28,-1.18,-0.8,-67.26,-22.89,-187.87,1.4528592498931203,200.8556611101614,"-0.28,-1.18,-0.80,-67.26,-22.89,-187.87"
ziqian,normal_work,ziqian_normal_work_data.csv,2805,2026-07-27T13:55:53.010,115.954271,0.07500000000959517,-0.29,-1.2,-0.82,-55.42,3.36,-199.77,1.4820593780277496,207.34203360630954,"-0.29,-1.20,-0.82,-55.42,3.36,-199.77"
ziqian,normal_work,ziqian_normal_work_data.csv,2806,2026-07-27T13:55:53.011,115.955338,1.0669999999919355,-0.3,-1.18,-0.83,-39.06,34.18,-203.19,1.4735331689514153,209.71440603830723,"-0.30,-1.18,-0.83,-39.06,34.18,-203.19"
ziqian,normal_work,ziqian_normal_work_data.csv,2807,2026-07-27T13:55:53.011,115.955471,0.1330000000052678,-0.31,-1.13,-0.79,-19.84,64.33,-198.97,1.4131878855976652,210.05007831467236,"-0.31,-1.13,-0.79,-19.84,64.33,-198.97"
ziqian,normal_work,ziqian_normal_work_data.csv,2808,2026-07-27T13:55:53.188,116.13183,176.35899999999083,-0.3,-1.01,-0.72,8.42,92.1,-185.3,1.2761269529321917,207.09755285855022,"-0.30,-1.01,-0.72,8.42,92.10,-185.30"
ziqian,normal_work,ziqian_normal_work_data.csv,2809,2026-07-27T13:55:53.188,116.131992,0.1620000000031041,-0.33,-0.8,-0.59,50.29,118.41,-156.74,1.047377677822093,202.77435686003298,"-0.33,-0.80,-0.59,50.29,118.41,-156.74"
ziqian,normal_work,ziqian_normal_work_data.csv,2810,2026-07-27T13:55:53.188,116.132104,0.11200000000144428,-0.37,-0.55,-0.44,88.93,129.03,-119.02,0.7956129712366434,196.78172222033223,"-0.37,-0.55,-0.44,88.93,129.03,-119.02"
ziqian,normal_work,ziqian_normal_work_data.csv,2811,2026-07-27T13:55:53.188,116.13219,0.0859999999960337,-0.38,-0.34,-0.32,92.53,101.99,-88.81,0.6019966777316964,163.86267756874963,"-0.38,-0.34,-0.32,92.53,101.99,-88.81"
ziqian,normal_work,ziqian_normal_work_data.csv,2812,2026-07-27T13:55:53.247,116.191252,59.062000000011494,-0.37,-0.24,-0.28,52.0,40.77,-65.19,0.5223983154643591,92.82202863544839,"-0.37,-0.24,-0.28,52.00,40.77,-65.19"
ziqian,normal_work,ziqian_normal_work_data.csv,2813,2026-07-27T13:55:53.248,116.191684,0.4319999999893298,-0.36,-0.27,-0.31,-8.18,-28.5,-32.04,0.54644304369257,43.654598841359196,"-0.36,-0.27,-0.31,-8.18,-28.50,-32.04"
ziqian,normal_work,ziqian_normal_work_data.csv,2814,2026-07-27T13:55:53.305,116.248633,56.949000000003025,-0.37,-0.41,-0.4,-53.04,-79.65,24.66,0.6819090848492928,98.82044171121682,"-0.37,-0.41,-0.40,-53.04,-79.65,24.66"
ziqian,normal_work,ziqian_normal_work_data.csv,2815,2026-07-27T13:55:53.367,116.311046,62.41300000000649,-0.41,-0.63,-0.54,-65.06,-102.05,102.36,0.925526876973327,158.50733642327097,"-0.41,-0.63,-0.54,-65.06,-102.05,102.36"
ziqian,normal_work,ziqian_normal_work_data.csv,2816,2026-07-27T13:55:53.367,116.311163,0.11699999998882049,-0.47,-0.91,-0.75,-57.68,-109.74,173.77,1.2694486992391618,213.46161926679,"-0.47,-0.91,-0.75,-57.68,-109.74,173.77"
ziqian,normal_work,ziqian_normal_work_data.csv,2817,2026-07-27T13:55:53.486,116.430253,119.08999999999992,-0.51,-1.18,-0.97,-51.88,-124.39,218.51,1.6104036761011196,256.73142892914376,"-0.51,-1.18,-0.97,-51.88,-124.39,218.51"
ziqian,normal_work,ziqian_normal_work_data.csv,2818,2026-07-27T13:55:53.486,116.430522,0.2690000000029613,-0.46,-1.33,-1.15,-58.65,-164.25,232.36,1.817415747703315,290.5323641180101,"-0.46,-1.33,-1.15,-58.65,-164.25,232.36"
ziqian,normal_work,ziqian_normal_work_data.csv,2819,2026-07-27T13:55:53.486,116.430548,0.026000000005410584,-0.22,-1.31,-1.2,-79.35,-234.37,196.17,1.790111728356641,315.76635080388155,"-0.22,-1.31,-1.20,-79.35,-234.37,196.17"
ziqian,normal_work,ziqian_normal_work_data.csv,2820,2026-07-27T13:55:53.550,116.493647,63.09899999999402,0.09,-1.12,-1.12,-89.78,-283.81,104.13,1.5864740779476987,315.35951135172695,"0.09,-1.12,-1.12,-89.78,-283.81,104.13"
ziqian,normal_work,ziqian_normal_work_data.csv,2821,2026-07-27T13:55:53.725,116.668863,175.21600000000603,0.14,-0.84,-1.02,-57.07,-237.43,16.17,1.3287588193498472,244.7273149854752,"0.14,-0.84,-1.02,-57.07,-237.43,16.17"
ziqian,normal_work,ziqian_normal_work_data.csv,2822,2026-07-27T13:55:53.725,116.669572,0.7090000000005148,-0.01,-0.66,-0.93,14.22,-95.34,2.44,1.1404385121522336,96.42550285064632,"-0.01,-0.66,-0.93,14.22,-95.34,2.44"
ziqian,normal_work,ziqian_normal_work_data.csv,2823,2026-07-27T13:55:53.726,116.669595,0.022999999998774,-0.19,-0.63,-0.81,77.27,57.13,47.79,1.0435995400535591,107.32368750653323,"-0.19,-0.63,-0.81,77.27,57.13,47.79"
ziqian,normal_work,ziqian_normal_work_data.csv,2824,2026-07-27T13:55:53.726,116.670003,0.40799999999308056,-0.26,-0.66,-0.68,93.02,134.03,81.42,0.9826494797230598,182.33479563703685,"-0.26,-0.66,-0.68,93.02,134.03,81.42"
ziqian,normal_work,ziqian_normal_work_data.csv,2825,2026-07-27T13:55:53.726,116.670536,0.5330000000043356,-0.24,-0.68,-0.63,67.02,119.69,66.41,0.9575489543621256,152.40624855956528,"-0.24,-0.68,-0.63,67.02,119.69,66.41"
ziqian,normal_work,ziqian_normal_work_data.csv,2826,2026-07-27T13:55:53.785,116.72903,58.49399999999605,-0.17,-0.66,-0.67,27.34,60.3,17.33,0.9557196241576292,68.4389837738697,"-0.17,-0.66,-0.67,27.34,60.30,17.33"
ziqian,normal_work,ziqian_normal_work_data.csv,2827,2026-07-27T13:55:53.844,116.788553,59.52299999999866,-0.18,-0.66,-0.86,-18.49,6.84,-65.8,1.0989085494252924,68.68992429752707,"-0.18,-0.66,-0.86,-18.49,6.84,-65.80"
ziqian,normal_work,ziqian_normal_work_data.csv,2828,2026-07-27T13:55:54.089,117.032738,244.18500000000165,-0.28,-0.68,-0.91,-22.22,31.07,-80.14,1.17,88.77777255597259,"-0.28,-0.68,-0.91,-22.22,31.07,-80.14"
ziqian,normal_work,ziqian_normal_work_data.csv,2829,2026-07-27T13:55:54.089,117.032771,0.03300000000194814,-0.28,-0.68,-0.91,-20.81,62.93,-80.81,1.17,104.51553520888653,"-0.28,-0.68,-0.91,-20.81,62.93,-80.81"
ziqian,normal_work,ziqian_normal_work_data.csv,2830,2026-07-27T13:55:54.089,117.032924,0.1529999999974052,-0.39,-0.7,-0.91,-19.59,82.28,-77.09,1.2125180411028942,114.44052866008616,"-0.39,-0.70,-0.91,-19.59,82.28,-77.09"
ziqian,normal_work,ziqian_normal_work_data.csv,2831,2026-07-27T13:55:54.089,117.032946,0.02200000000129876,-0.47,-0.67,-0.85,-21.67,79.9,-75.32,1.1799576263578282,111.92274701775328,"-0.47,-0.67,-0.85,-21.67,79.90,-75.32"
ziqian,normal_work,ziqian_normal_work_data.csv,2832,2026-07-27T13:55:54.089,117.033056,0.11000000000649379,-0.49,-0.58,-0.77,-26.98,60.3,-73.36,1.081387996974259,98.720311993024,"-0.49,-0.58,-0.77,-26.98,60.30,-73.36"
ziqian,normal_work,ziqian_normal_work_data.csv,2833,2026-07-27T13:55:54.089,117.033184,0.12800000000368073,-0.47,-0.49,-0.71,-33.2,38.09,-66.1,0.9823950325607311,83.20034915792121,"-0.47,-0.49,-0.71,-33.20,38.09,-66.10"
ziqian,normal_work,ziqian_normal_work_data.csv,2834,2026-07-27T13:55:54.208,117.152142,118.95799999999213,-0.45,-0.44,-0.67,-36.8,23.86,-51.15,0.9192388155425119,67.3784987959809,"-0.45,-0.44,-0.67,-36.80,23.86,-51.15"
ziqian,normal_work,ziqian_normal_work_data.csv,2835,2026-07-27T13:55:54.208,117.152398,0.25600000000736145,-0.43,-0.47,-0.65,-35.83,17.15,-32.23,0.9101098834756164,51.15353653463267,"-0.43,-0.47,-0.65,-35.83,17.15,-32.23"
ziqian,normal_work,ziqian_normal_work_data.csv,2836,2026-07-27T13:55:54.265,117.208853,56.4549999999997,-0.37,-0.6,-0.66,-11.66,14.47,9.58,0.9656603957913984,20.907245155687058,"-0.37,-0.60,-0.66,-11.66,14.47,9.58"
ziqian,normal_work,ziqian_normal_work_data.csv,2837,2026-07-27T13:55:54.385,117.329231,120.3779999999881,-0.33,-0.61,-0.69,8.42,14.1,33.26,0.978314877736202,37.09358435093594,"-0.33,-0.61,-0.69,8.42,14.10,33.26"
ziqian,normal_work,ziqian_normal_work_data.csv,2838,2026-07-27T13:55:54.385,117.329382,0.15100000000245473,-0.31,-0.59,-0.68,8.42,14.1,33.26,0.9521554494934112,37.09358435093594,"-0.31,-0.59,-0.68,8.42,14.10,33.26"
ziqian,normal_work,ziqian_normal_work_data.csv,2839,2026-07-27T13:55:54.386,117.329932,0.5500000000040473,-0.37,-0.53,-0.62,27.95,16.6,61.58,0.8956561840349231,69.63374828342936,"-0.37,-0.53,-0.62,27.95,16.60,61.58"
ziqian,normal_work,ziqian_normal_work_data.csv,2840,2026-07-27T13:55:54.505,117.449264,119.332,-0.51,-0.49,-0.58,44.68,20.02,98.57,0.91465840618233,110.0597460473174,"-0.51,-0.49,-0.58,44.68,20.02,98.57"
ziqian,normal_work,ziqian_normal_work_data.csv,2841,2026-07-27T13:55:54.505,117.449454,0.19000000000346517,-0.55,-0.56,-0.6,48.28,9.28,134.28,0.9879777325425914,142.99718598629835,"-0.55,-0.56,-0.60,48.28,9.28,134.28"
ziqian,normal_work,ziqian_normal_work_data.csv,2842,2026-07-27T13:55:54.505,117.449566,0.11200000000144428,-0.47,-0.73,-0.66,34.67,-18.86,153.44,1.090596167240652,158.4346619272437,"-0.47,-0.73,-0.66,34.67,-18.86,153.44"
ziqian,normal_work,ziqian_normal_work_data.csv,2843,2026-07-27T13:55:54.565,117.5089,59.33399999999267,-0.34,-0.86,-0.77,28.2,-42.6,164.43,1.2033702672078948,172.18369522112133,"-0.34,-0.86,-0.77,28.20,-42.60,164.43"
ziqian,normal_work,ziqian_normal_work_data.csv,2844,2026-07-27T13:55:54.565,117.509017,0.11700000000303135,-0.18,-0.91,-0.86,42.66,-47.73,176.57,1.2649505919204906,187.81638213957802,"-0.18,-0.91,-0.86,42.66,-47.73,176.57"
ziqian,normal_work,ziqian_normal_work_data.csv,2845,2026-07-27T13:55:54.627,117.570998,61.98100000000295,0.0,-0.94,-0.92,44.07,-48.28,164.55,1.3152946437965904,177.05882017002148,"0.00,-0.94,-0.92,44.07,-48.28,164.55"
ziqian,normal_work,ziqian_normal_work_data.csv,2846,2026-07-27T13:55:54.805,117.748677,177.6789999999977,0.22,-0.99,-0.95,11.29,-54.08,112.0,1.3896042602122376,124.88438853595753,"0.22,-0.99,-0.95,11.29,-54.08,112.00"
ziqian,normal_work,ziqian_normal_work_data.csv,2847,2026-07-27T13:55:54.806,117.750032,1.3550000000037699,0.38,-1.08,-0.97,-29.05,-51.15,37.05,1.5005665596700468,69.5192599212621,"0.38,-1.08,-0.97,-29.05,-51.15,37.05"
ziqian,normal_work,ziqian_normal_work_data.csv,2848,2026-07-27T13:55:54.806,117.750132,0.0999999999891088,0.35,-1.16,-0.98,-49.38,-22.28,-43.52,1.5583645273170201,69.4893747273639,"0.35,-1.16,-0.98,-49.38,-22.28,-43.52"
ziqian,normal_work,ziqian_normal_work_data.csv,2849,2026-07-27T13:55:54.806,117.750234,0.102000000012481,0.11,-1.21,-0.98,-43.09,31.92,-116.76,1.5609612423119288,128.4855326486216,"0.11,-1.21,-0.98,-43.09,31.92,-116.76"
ziqian,normal_work,ziqian_normal_work_data.csv,2850,2026-07-27T13:55:54.807,117.750692,0.4579999999947404,-0.18,-1.25,-1.03,-23.13,87.22,-175.29,1.6296625417551942,197.15199567846125,"-0.18,-1.25,-1.03,-23.13,87.22,-175.29"
ziqian,normal_work,ziqian_normal_work_data.csv,2851,2026-07-27T13:55:54.986,117.929819,179.12699999999404,-0.34,-1.3,-1.17,-15.69,119.14,-227.66,1.7817126592130395,257.4288082169515,"-0.34,-1.30,-1.17,-15.69,119.14,-227.66"
ziqian,normal_work,ziqian_normal_work_data.csv,2852,2026-07-27T13:55:54.986,117.929965,0.14600000000086766,-0.38,-1.37,-1.34,-29.91,134.03,-274.35,1.9536888186197925,306.80054025376165,"-0.38,-1.37,-1.34,-29.91,134.03,-274.35"
ziqian,normal_work,ziqian_normal_work_data.csv,2853,2026-07-27T13:55:54.986,117.930031,0.06600000000389628,-0.41,-1.36,-1.4,-43.95,159.97,-297.67,1.9944172081086746,340.777687503158,"-0.41,-1.36,-1.40,-43.95,159.97,-297.67"
ziqian,normal_work,ziqian_normal_work_data.csv,2854,2026-07-27T13:55:54.986,117.930194,0.16300000000057935,-0.5,-1.16,-1.24,-31.98,197.2,-284.3,1.7700847437340395,347.4723735781019,"-0.50,-1.16,-1.24,-31.98,197.20,-284.30"
ziqian,normal_work,ziqian_normal_work_data.csv,2855,2026-07-27T13:55:55.104,118.048408,118.21399999999471,-0.58,-0.75,-0.9,2.56,208.01,-243.41,1.3072490198887128,320.19235125155626,"-0.58,-0.75,-0.90,2.56,208.01,-243.41"
ziqian,normal_work,ziqian_normal_work_data.csv,2856,2026-07-27T13:55:55.105,118.049071,0.6630000000029668,-0.59,-0.29,-0.54,30.03,167.54,-191.96,0.8507643622061282,256.5542712565901,"-0.59,-0.29,-0.54,30.03,167.54,-191.96"
ziqian,normal_work,ziqian_normal_work_data.csv,2857,2026-07-27T13:55:55.105,118.049258,0.1869999999968286,-0.53,0.03,-0.3,29.48,93.93,-137.21,0.6097540487770459,168.87421176722043,"-0.53,0.03,-0.30,29.48,93.93,-137.21"
ziqian,normal_work,ziqian_normal_work_data.csv,2858,2026-07-27T13:55:55.228,118.172044,122.78600000000495,-0.46,0.16,-0.21,9.03,25.63,-78.12,0.5303772242470447,82.71137890278459,"-0.46,0.16,-0.21,9.03,25.63,-78.12"
ziqian,normal_work,ziqian_normal_work_data.csv,2859,2026-07-27T13:55:55.228,118.172205,0.16100000000562886,-0.44,0.12,-0.22,-8.73,-17.82,-10.25,0.5063595560468864,22.33445320575366,"-0.44,0.12,-0.22,-8.73,-17.82,-10.25"
ziqian,normal_work,ziqian_normal_work_data.csv,2860,2026-07-27T13:55:55.228,118.172429,0.2239999999886777,-0.45,-0.06,-0.32,-17.21,-45.59,63.35,0.5554277630799527,79.92405582801715,"-0.45,-0.06,-0.32,-17.21,-45.59,63.35"
ziqian,normal_work,ziqian_normal_work_data.csv,2861,2026-07-27T13:55:55.524,118.468513,296.08400000000756,-0.43,-0.38,-0.52,-23.01,-69.09,137.15,0.7744029958619737,155.28364595152962,"-0.43,-0.38,-0.52,-23.01,-69.09,137.15"
ziqian,normal_work,ziqian_normal_work_data.csv,2862,2026-07-27T13:55:55.525,118.468848,0.33499999999264674,-0.39,-0.81,-0.8,-27.22,-87.16,212.89,1.2034118164618464,231.64616573558905,"-0.39,-0.81,-0.80,-27.22,-87.16,212.89"
ziqian,normal_work,ziqian_normal_work_data.csv,2863,2026-07-27T13:55:55.525,118.469325,0.4770000000036134,-0.35,-1.26,-1.05,-24.35,-97.72,289.25,1.6770807970995316,306.280399960559,"-0.35,-1.26,-1.05,-24.35,-97.72,289.25"
ziqian,normal_work,ziqian_normal_work_data.csv,2864,2026-07-27T13:55:55.526,118.469999,0.6740000000036162,-0.34,-1.57,-1.19,-9.34,-100.22,349.18,1.9991498192981936,363.39779360915225,"-0.34,-1.57,-1.19,-9.34,-100.22,349.18"
ziqian,normal_work,ziqian_normal_work_data.csv,2865,2026-07-27T13:55:55.526,118.470425,0.42600000000447835,-0.37,-1.65,-1.21,11.47,-97.23,368.16,2.079302767756538,380.9554034267004,"-0.37,-1.65,-1.21,11.47,-97.23,368.16"
ziqian,normal_work,ziqian_normal_work_data.csv,2866,2026-07-27T13:55:55.527,118.470976,0.5509999999873116,-0.34,-1.57,-1.18,16.17,-104.13,333.5,1.9932134858062747,349.7524493123672,"-0.34,-1.57,-1.18,16.17,-104.13,333.50"
ziqian,normal_work,ziqian_normal_work_data.csv,2867,2026-07-27T13:55:55.528,118.471695,0.7190000000036889,-0.14,-1.49,-1.09,-2.2,-127.69,260.44,1.8514318783039252,290.06649186005615,"-0.14,-1.49,-1.09,-2.20,-127.69,260.44"
ziqian,normal_work,ziqian_normal_work_data.csv,2868,2026-07-27T13:55:55.528,118.472097,0.4020000000082291,0.17,-1.46,-0.9,-15.2,-145.02,175.66,1.7235138525698017,228.29427500487174,"0.17,-1.46,-0.90,-15.20,-145.02,175.66"
ziqian,normal_work,ziqian_normal_work_data.csv,2869,2026-07-27T13:55:55.945,118.88908,416.9830000000019,0.32,-1.34,-0.71,-2.56,-139.04,85.88,1.549870962370739,163.4443318074995,"0.32,-1.34,-0.71,-2.56,-139.04,85.88"
ziqian,normal_work,ziqian_normal_work_data.csv,2870,2026-07-27T13:55:55.945,118.88941,0.32999999999105967,0.2,-1.14,-0.55,38.02,-112.24,11.11,1.2814444974324872,119.0242416484978,"0.20,-1.14,-0.55,38.02,-112.24,11.11"
ziqian,normal_work,ziqian_normal_work_data.csv,2871,2026-07-27T13:55:55.945,118.889574,0.1639999999980546,0.01,-0.92,-0.49,95.76,-67.99,-10.44,1.042401074443038,117.905094461605,"0.01,-0.92,-0.49,95.76,-67.99,-10.44"
ziqian,normal_work,ziqian_normal_work_data.csv,2872,2026-07-27T13:55:55.946,118.890258,0.6840000000067903,-0.02,-0.75,-0.66,118.77,-20.32,3.23,0.9992497185388645,120.5389903724102,"-0.02,-0.75,-0.66,118.77,-20.32,3.23"
ziqian,normal_work,ziqian_normal_work_data.csv,2873,2026-07-27T13:55:55.947,118.891013,0.7549999999980628,0.06,-0.73,-0.88,70.37,12.88,-10.19,1.1449454135459909,72.26110572085096,"0.06,-0.73,-0.88,70.37,12.88,-10.19"
ziqian,normal_work,ziqian_normal_work_data.csv,2874,2026-07-27T13:55:55.947,118.891493,0.47999999999603915,0.06,-0.88,-0.99,-5.25,52.25,-50.54,1.3259336333316234,72.88289648470347,"0.06,-0.88,-0.99,-5.25,52.25,-50.54"
ziqian,normal_work,ziqian_normal_work_data.csv,2875,2026-07-27T13:55:55.948,118.891997,0.5040000000064992,-0.07,-1.09,-0.98,-50.6,107.6,-83.37,1.4674467622370495,145.219409515395,"-0.07,-1.09,-0.98,-50.60,107.60,-83.37"
ziqian,normal_work,ziqian_normal_work_data.csv,2876,2026-07-27T13:55:55.949,118.8926,0.6029999999981328,-0.22,-1.24,-0.97,-62.13,144.1,-111.69,1.589622596719108,192.61257227917395,"-0.22,-1.24,-0.97,-62.13,144.10,-111.69"
ziqian,normal_work,ziqian_normal_work_data.csv,2877,2026-07-27T13:55:55.949,118.893243,0.6429999999966185,-0.33,-1.29,-0.98,-51.94,148.68,-144.17,1.6532997308413258,213.5146245576635,"-0.33,-1.29,-0.98,-51.94,148.68,-144.17"
ziqian,normal_work,ziqian_normal_work_data.csv,2878,2026-07-27T13:55:55.950,118.893698,0.45500000000231466,-0.51,-1.22,-0.94,-28.56,134.64,-179.93,1.622374802565671,226.53566628679025,"-0.51,-1.22,-0.94,-28.56,134.64,-179.93"
ziqian,normal_work,ziqian_normal_work_data.csv,2879,2026-07-27T13:55:56.304,119.24844,354.74200000000167,-0.57,-1.04,-0.87,-8.3,93.87,-210.39,1.4708500943332057,230.53073330903192,"-0.57,-1.04,-0.87,-8.30,93.87,-210.39"
ziqian,normal_work,ziqian_normal_work_data.csv,2880,2026-07-27T13:55:56.305,119.248754,0.3140000000030341,-0.31,-0.94,-0.95,-51.94,41.63,-254.03,1.3719329429676947,262.60628591105734,"-0.31,-0.94,-0.95,-51.94,41.63,-254.03"
ziqian,normal_work,ziqian_normal_work_data.csv,2881,2026-07-27T13:55:56.305,119.249435,0.6810000000001537,-0.21,-0.89,-0.97,-77.21,57.98,-257.63,1.3330791424367872,275.1295720201665,"-0.21,-0.89,-0.97,-77.21,57.98,-257.63"
ziqian,normal_work,ziqian_normal_work_data.csv,2882,2026-07-27T13:55:56.306,119.249961,0.5259999999935872,-0.34,-0.68,-0.74,14.34,118.96,-158.51,1.0609429767899874,198.70213209726762,"-0.34,-0.68,-0.74,14.34,118.96,-158.51"
ziqian,normal_work,ziqian_normal_work_data.csv,2883,2026-07-27T13:55:56.306,119.250565,0.603999999995608,-0.39,-0.45,-0.5,97.23,127.75,-58.04,0.7775602870517501,170.7113850919147,"-0.39,-0.45,-0.50,97.23,127.75,-58.04"
ziqian,normal_work,ziqian_normal_work_data.csv,2884,2026-07-27T13:55:56.307,119.25098,0.415000000003829,-0.35,-0.31,-0.38,91.8,88.2,-33.45,0.6024948132556828,131.625918800212,"-0.35,-0.31,-0.38,91.80,88.20,-33.45"
ziqian,normal_work,ziqian_normal_work_data.csv,2885,2026-07-27T13:55:56.307,119.251527,0.5469999999974107,-0.3,-0.23,-0.36,45.96,42.24,-43.09,0.5220153254455274,75.85042715766339,"-0.30,-0.23,-0.36,45.96,42.24,-43.09"
ziqian,normal_work,ziqian_normal_work_data.csv,2886,2026-07-27T13:55:56.308,119.25222,0.6929999999982783,-0.29,-0.19,-0.4,5.13,0.79,-37.29,0.5293392107146419,37.649503316776965,"-0.29,-0.19,-0.40,5.13,0.79,-37.29"
ziqian,normal_work,ziqian_normal_work_data.csv,2887,2026-07-27T13:55:56.309,119.252654,0.434000000012702,-0.27,-0.25,-0.47,-22.83,-35.71,-1.59,0.5969087032369356,42.4139257791589,"-0.27,-0.25,-0.47,-22.83,-35.71,-1.59"
ziqian,normal_work,ziqian_normal_work_data.csv,2888,2026-07-27T13:55:56.366,119.310161,57.506999999986874,-0.22,-0.44,-0.57,-38.7,-61.58,51.94,0.7529276193632426,89.37309438527906,"-0.22,-0.44,-0.57,-38.70,-61.58,51.94"
ziqian,normal_work,ziqian_normal_work_data.csv,2889,2026-07-27T13:55:56.366,119.310357,0.19600000000252749,-0.15,-0.68,-0.7,-43.76,-77.82,104.25,0.9873702446397704,137.25506365886832,"-0.15,-0.68,-0.70,-43.76,-77.82,104.25"
ziqian,normal_work,ziqian_normal_work_data.csv,2890,2026-07-27T13:55:56.430,119.374344,63.98699999999735,-0.09,-0.93,-0.81,-37.78,-84.41,150.94,1.236567830731497,177.01768301500277,"-0.09,-0.93,-0.81,-37.78,-84.41,150.94"
ziqian,normal_work,ziqian_normal_work_data.csv,2891,2026-07-27T13:55:56.665,119.609484,235.14000000000124,-0.01,-1.14,-0.85,-21.24,-78.86,192.81,1.4220407870381213,209.39372793854164,"-0.01,-1.14,-0.85,-21.24,-78.86,192.81"
ziqian,normal_work,ziqian_normal_work_data.csv,2892,2026-07-27T13:55:56.666,119.609649,0.1650000000097407,0.08,-1.3,-0.81,-0.18,-67.75,214.23,1.5337861650177969,224.68775623073012,"0.08,-1.30,-0.81,-0.18,-67.75,214.23"
ziqian,normal_work,ziqian_normal_work_data.csv,2893,2026-07-27T13:55:56.666,119.609721,0.07199999998874773,0.15,-1.33,-0.76,23.01,-57.25,202.82,1.539155612665594,211.99758253338643,"0.15,-1.33,-0.76,23.01,-57.25,202.82"
ziqian,normal_work,ziqian_normal_work_data.csv,2894,2026-07-27T13:55:56.666,119.609789,0.06800000001305762,0.15,-1.03,-0.77,49.26,-39.79,123.66,1.2947200469599596,138.93015259474814,"0.15,-1.03,-0.77,49.26,-39.79,123.66"
ziqian,normal_work,ziqian_normal_work_data.csv,2895,2026-07-27T13:55:56.668,119.611964,2.174999999994043,0.1,-0.89,-0.73,35.1,-33.26,83.13,1.1554220008291343,96.17086097150217,"0.10,-0.89,-0.73,35.10,-33.26,83.13"
ziqian,normal_work,ziqian_normal_work_data.csv,2896,2026-07-27T13:55:56.730,119.673744,61.779999999998836,0.1,-0.89,-0.73,16.54,-25.94,56.21,1.1554220008291343,64.0782279717534,"0.10,-0.89,-0.73,16.54,-25.94,56.21"
ziqian,normal_work,ziqian_normal_work_data.csv,2897,2026-07-27T13:55:56.730,119.67395,0.20600000000570162,0.06,-0.82,-0.69,5.62,-18.86,44.13,1.0733592129385203,48.319156656547726,"0.06,-0.82,-0.69,5.62,-18.86,44.13"
ziqian,normal_work,ziqian_normal_work_data.csv,2898,2026-07-27T13:55:56.905,119.848899,174.94899999999802,0.04,-0.8,-0.69,-4.88,-17.64,34.06,1.0572133181151286,38.6661040188949,"0.04,-0.80,-0.69,-4.88,-17.64,34.06"
ziqian,normal_work,ziqian_normal_work_data.csv,2899,2026-07-27T13:55:56.905,119.849021,0.12199999999040756,0.04,-0.82,-0.7,-24.17,-26.73,11.78,1.0788883167408942,37.91372047161819,"0.04,-0.82,-0.70,-24.17,-26.73,11.78"
ziqian,normal_work,ziqian_normal_work_data.csv,2900,2026-07-27T13:55:56.905,119.849446,0.4250000000070031,0.06,-0.86,-0.73,-47.42,-38.94,-22.16,1.1296459622377268,65.23837520968775,"0.06,-0.86,-0.73,-47.42,-38.94,-22.16"
ziqian,normal_work,ziqian_normal_work_data.csv,2901,2026-07-27T13:55:56.972,119.916333,66.88699999999415,0.1,-0.94,-0.83,-67.63,-21.73,-80.69,1.2579745625409124,107.50295763373211,"0.10,-0.94,-0.83,-67.63,-21.73,-80.69"
ziqian,normal_work,ziqian_normal_work_data.csv,2902,2026-07-27T13:55:56.973,119.916961,0.6280000000060681,0.06,-0.98,-0.84,-64.58,5.0,-103.09,1.2921300244170475,121.75025461985696,"0.06,-0.98,-0.84,-64.58,5.00,-103.09"
ziqian,normal_work,ziqian_normal_work_data.csv,2903,2026-07-27T13:55:57.085,120.029002,112.04100000000494,-0.01,-1.04,-0.84,-64.58,5.0,-103.09,1.336899397860587,121.75025461985696,"-0.01,-1.04,-0.84,-64.58,5.00,-103.09"
ziqian,normal_work,ziqian_normal_work_data.csv,2904,2026-07-27T13:55:57.085,120.029179,0.17699999999365446,-0.07,-1.09,-0.85,-57.31,34.55,-123.78,1.3840158958624718,140.71114739067406,"-0.07,-1.09,-0.85,-57.31,34.55,-123.78"
ziqian,normal_work,ziqian_normal_work_data.csv,2905,2026-07-27T13:55:57.086,120.030457,1.2779999999992242,-0.13,-1.14,-0.89,-40.16,70.25,-136.72,1.452101924797292,158.87179265055204,"-0.13,-1.14,-0.89,-40.16,70.25,-136.72"
ziqian,normal_work,ziqian_normal_work_data.csv,2906,2026-07-27T13:55:57.205,120.148755,118.2979999999958,-0.21,-1.12,-0.91,-11.9,109.68,-142.76,1.4582866659199762,180.42097993304438,"-0.21,-1.12,-0.91,-11.90,109.68,-142.76"
ziqian,normal_work,ziqian_normal_work_data.csv,2907,2026-07-27T13:55:57.205,120.149191,0.4360000000076525,-0.31,-1.01,-0.86,22.34,140.08,-146.24,1.3622775047691273,203.7341885889553,"-0.31,-1.01,-0.86,22.34,140.08,-146.24"
ziqian,normal_work,ziqian_normal_work_data.csv,2908,2026-07-27T13:55:57.206,120.149753,0.5620000000021719,-0.4,-0.8,-0.76,51.39,147.58,-147.64,1.1737120600896969,214.98455316603562,"-0.40,-0.80,-0.76,51.39,147.58,-147.64"
