packet_number,timestamp,elapsed_seconds,interval_ms,Xg,Yg,Zg,Xdeg,Ydeg,Zdeg,acceleration_magnitude_g,gyroscope_magnitude_dps,raw_payload
1,2026-08-03T12:25:50.573,0.042097,,0.1500,-0.1000,0.9300,29.9700,-20.1400,-47.3000,0.947312,59.507231,"0.15,-0.10,0.93,29.97,-20.14,-47.30"
2,2026-08-03T12:25:50.602,0.071057,28.959500,0.3400,-0.1500,1.0000,8.9100,-19.7100,-45.5300,1.066818,50.406876,"0.34,-0.15,1.00,8.91,-19.71,-45.53"
3,2026-08-03T12:25:50.646,0.115695,44.638400,0.4200,-0.1900,1.0500,11.6600,-2.8700,-41.9300,1.146734,43.615564,"0.42,-0.19,1.05,11.66,-2.87,-41.93"
4,2026-08-03T12:25:50.691,0.160931,45.235500,0.3800,-0.1800,1.0500,13.6100,4.7600,-31.8000,1.131061,34.916038,"0.38,-0.18,1.05,13.61,4.76,-31.80"
5,2026-08-03T12:25:50.721,0.190885,29.954200,0.3700,-0.1700,1.0300,4.7000,2.6200,-19.4100,1.107565,20.142058,"0.37,-0.17,1.03,4.70,2.62,-19.41"
6,2026-08-03T12:25:50.769,0.238483,47.598000,0.4000,-0.2000,1.0200,-0.7300,5.9200,-8.0000,1.113732,9.978943,"0.40,-0.20,1.02,-0.73,5.92,-8.00"
7,2026-08-03T12:25:50.811,0.280872,42.389200,0.3700,-0.1900,1.0100,-1.7700,11.9600,0.0000,1.092291,12.090265,"0.37,-0.19,1.01,-1.77,11.96,0.00"
8,2026-08-03T12:25:50.841,0.310594,29.721900,0.2700,-0.1500,1.0000,-2.5600,12.5700,2.3200,1.046614,13.036138,"0.27,-0.15,1.00,-2.56,12.57,2.32"
9,2026-08-03T12:25:50.886,0.355984,45.389800,0.1800,-0.1300,0.9500,1.5900,10.7400,-2.4400,0.975602,11.127861,"0.18,-0.13,0.95,1.59,10.74,-2.44"
10,2026-08-03T12:25:50.932,0.401468,45.484100,0.0900,-0.1000,0.8900,0.0600,2.5600,-10.6200,0.900111,10.924358,"0.09,-0.10,0.89,0.06,2.56,-10.62"
11,2026-08-03T12:25:50.961,0.430852,29.384300,0.0200,-0.0900,0.8200,-15.3800,-15.6900,-17.1500,0.825167,27.871903,"0.02,-0.09,0.82,-15.38,-15.69,-17.15"
12,2026-08-03T12:25:51.021,0.490852,60.000100,-0.0000,-0.0800,0.7800,-14.8900,-33.6900,-31.9800,0.784092,48.779592,"-0.00,-0.08,0.78,-14.89,-33.69,-31.98"
13,2026-08-03T12:25:51.052,0.521410,30.557500,0.0500,-0.0600,0.8000,17.0900,-47.7300,-59.7500,0.803803,78.359961,"0.05,-0.06,0.80,17.09,-47.73,-59.75"
14,2026-08-03T12:25:51.081,0.550612,29.202400,0.1900,-0.0100,0.8800,35.1600,-54.4400,-76.6600,0.900333,100.382742,"0.19,-0.01,0.88,35.16,-54.44,-76.66"
15,2026-08-03T12:25:51.112,0.581084,30.472300,0.1900,-0.0100,0.8800,35.1600,-54.4400,-76.6600,0.900333,100.382742,"0.19,-0.01,0.88,35.16,-54.44,-76.66"
16,2026-08-03T12:25:51.172,0.641080,59.995600,0.5400,-0.0100,1.0200,2.2000,-26.9800,-58.7800,1.154166,64.713591,"0.54,-0.01,1.02,2.20,-26.98,-58.78"
17,2026-08-03T12:25:51.202,0.671860,30.780100,0.6500,-0.0800,1.0400,-4.6400,-2.3800,-33.6300,1.229024,34.031910,"0.65,-0.08,1.04,-4.64,-2.38,-33.63"
18,2026-08-03T12:25:51.246,0.715963,44.103200,0.6000,-0.1000,0.9900,5.9200,15.9900,-19.3500,1.161938,25.790483,"0.60,-0.10,0.99,5.92,15.99,-19.35"
19,2026-08-03T12:25:51.294,0.763195,47.231100,0.4800,-0.0600,0.9200,10.7400,21.1200,-16.6600,1.039423,28.964765,"0.48,-0.06,0.92,10.74,21.12,-16.66"
20,2026-08-03T12:25:51.321,0.790771,27.576100,0.4400,-0.0300,0.8900,-5.8600,18.6200,-9.3400,0.993277,21.639769,"0.44,-0.03,0.89,-5.86,18.62,-9.34"
21,2026-08-03T12:25:51.367,0.836431,45.660000,0.4600,-0.0400,0.9300,-12.8200,17.9400,-3.4800,1.038316,22.322778,"0.46,-0.04,0.93,-12.82,17.94,-3.48"
22,2026-08-03T12:25:51.411,0.881008,44.577500,0.4700,-0.0500,0.9900,4.2700,18.0700,-6.9000,1.097041,19.808276,"0.47,-0.05,0.99,4.27,18.07,-6.90"
23,2026-08-03T12:25:51.441,0.910976,29.967500,0.4700,-0.0300,1.0400,13.2400,15.1400,-7.6300,1.141665,21.511255,"0.47,-0.03,1.04,13.24,15.14,-7.63"
24,2026-08-03T12:25:51.517,0.986389,75.413500,0.4700,-0.0100,1.0900,2.7500,12.8800,-0.7300,1.187055,13.190519,"0.47,-0.01,1.09,2.75,12.88,-0.73"
25,2026-08-03T12:25:51.696,1.165682,179.292600,0.4700,-0.0100,1.1200,-10.6200,15.2000,7.8700,1.214660,20.143518,"0.47,-0.01,1.12,-10.62,15.20,7.87"
26,2026-08-03T12:25:51.697,1.166388,0.706500,0.4400,-0.0400,1.0900,-16.0500,22.0300,15.2600,1.176138,31.237654,"0.44,-0.04,1.09,-16.05,22.03,15.26"
27,2026-08-03T12:25:51.697,1.166927,0.538400,0.4000,-0.0700,1.0200,-16.7800,29.5400,22.2800,1.097862,40.627311,"0.40,-0.07,1.02,-16.78,29.54,22.28"
28,2026-08-03T12:25:51.698,1.167807,0.880400,0.3500,-0.0600,1.0000,-21.3000,33.2000,27.7700,1.061179,48.240055,"0.35,-0.06,1.00,-21.30,33.20,27.77"
29,2026-08-03T12:25:51.699,1.168293,0.485700,0.2700,-0.0500,0.9800,-27.4700,30.9400,26.4900,1.017743,49.128450,"0.27,-0.05,0.98,-27.47,30.94,26.49"
30,2026-08-03T12:25:51.757,1.226044,57.751200,0.2100,-0.0800,0.9200,-23.5600,25.8800,19.0400,0.947048,39.841807,"0.21,-0.08,0.92,-23.56,25.88,19.04"
31,2026-08-03T12:25:51.816,1.285911,59.867300,0.1600,-0.1100,0.8500,-11.2300,17.4000,11.6600,0.871894,23.766121,"0.16,-0.11,0.85,-11.23,17.40,11.66"
32,2026-08-03T12:25:51.817,1.286305,0.393400,0.1100,-0.1100,0.7900,-1.0400,2.2600,5.6800,0.805171,6.200935,"0.11,-0.11,0.79,-1.04,2.26,5.68"
33,2026-08-03T12:25:51.876,1.345882,59.577700,0.0900,-0.1000,0.7700,7.1400,-16.7800,0.4900,0.781665,18.242481,"0.09,-0.10,0.77,7.14,-16.78,0.49"
34,2026-08-03T12:25:51.937,1.406192,60.309800,0.1100,-0.0600,0.8300,8.3600,-38.2100,-4.0900,0.839405,39.327113,"0.11,-0.06,0.83,8.36,-38.21,-4.09"
35,2026-08-03T12:25:51.937,1.406606,0.413800,0.1900,-0.0300,0.9600,0.7900,-49.7400,-8.3000,0.979081,50.433934,"0.19,-0.03,0.96,0.79,-49.74,-8.30"
36,2026-08-03T12:25:52.056,1.525736,119.130300,0.2800,-0.0300,1.0800,-1.9500,-36.3800,-13.6100,1.116109,38.891374,"0.28,-0.03,1.08,-1.95,-36.38,-13.61"
37,2026-08-03T12:25:52.057,1.526093,0.356600,0.3500,-0.0600,1.1300,-6.4700,-12.8200,-16.6600,1.184483,21.994747,"0.35,-0.06,1.13,-6.47,-12.82,-16.66"
38,2026-08-03T12:25:52.116,1.585666,59.573700,0.4100,-0.1200,1.1000,-22.1600,2.2600,-9.7000,1.180042,24.295333,"0.41,-0.12,1.10,-22.16,2.26,-9.70"
39,2026-08-03T12:25:52.116,1.585828,0.161700,0.4500,-0.1900,1.0600,-35.3400,9.5200,4.1500,1.167133,36.834339,"0.45,-0.19,1.06,-35.34,9.52,4.15"
40,2026-08-03T12:25:52.177,1.646311,60.483100,0.4600,-0.2400,1.0100,-44.0100,11.1100,18.8000,1.135473,49.129952,"0.46,-0.24,1.01,-44.01,11.11,18.80"
41,2026-08-03T12:25:52.177,1.646730,0.419200,0.4300,-0.2700,0.9600,-44.6200,11.3500,31.8000,1.086002,55.955401,"0.43,-0.27,0.96,-44.62,11.35,31.80"
42,2026-08-03T12:25:52.236,1.705597,58.866800,0.3700,-0.2800,0.9100,-30.4000,11.7200,37.5400,1.021470,49.706841,"0.37,-0.28,0.91,-30.40,11.72,37.54"
43,2026-08-03T12:25:52.296,1.765642,60.044700,0.2800,-0.2500,0.8800,-14.2200,6.8400,34.7300,0.956713,38.146650,"0.28,-0.25,0.88,-14.22,6.84,34.73"
44,2026-08-03T12:25:52.297,1.766083,0.441100,0.2200,-0.2200,0.8800,-4.3900,0.6100,27.5900,0.933381,27.943735,"0.22,-0.22,0.88,-4.39,0.61,27.59"
45,2026-08-03T12:25:52.357,1.826980,60.896900,0.1900,-0.2000,0.8900,0.4900,-1.1000,19.4100,0.931773,19.447319,"0.19,-0.20,0.89,0.49,-1.10,19.41"
46,2026-08-03T12:25:52.417,1.886797,59.816800,0.1700,-0.1900,0.9100,0.4900,-2.3200,11.6600,0.945040,11.898660,"0.17,-0.19,0.91,0.49,-2.32,11.66"
47,2026-08-03T12:25:52.418,1.887128,0.331200,0.1600,-0.2000,0.9200,-0.3700,-2.5000,4.7000,0.954987,5.336375,"0.16,-0.20,0.92,-0.37,-2.50,4.70"
48,2026-08-03T12:25:52.476,1.945781,58.652600,0.1600,-0.2000,0.9200,0.5500,0.6700,-2.3800,0.954987,2.532943,"0.16,-0.20,0.92,0.55,0.67,-2.38"
49,2026-08-03T12:25:52.536,2.005217,59.436900,0.1700,-0.2100,0.9100,2.8100,4.4600,-9.0300,0.949263,10.456032,"0.17,-0.21,0.91,2.81,4.46,-9.03"
50,2026-08-03T12:25:52.536,2.005442,0.224800,0.1900,-0.2300,0.9000,6.5900,6.5900,-12.9400,0.948156,15.946780,"0.19,-0.23,0.90,6.59,6.59,-12.94"
51,2026-08-03T12:25:52.657,2.126023,120.581000,0.2200,-0.2300,0.9100,8.3000,5.3700,-13.3700,0.964054,16.627802,"0.22,-0.23,0.91,8.30,5.37,-13.37"
52,2026-08-03T12:25:52.657,2.126486,0.462200,0.2500,-0.2400,0.9400,7.5100,3.4800,-12.2100,1.001848,14.751088,"0.25,-0.24,0.94,7.51,3.48,-12.21"
53,2026-08-03T12:25:52.658,2.127078,0.592200,0.2700,-0.2400,0.9700,7.4500,4.5800,-11.6600,1.035085,14.575133,"0.27,-0.24,0.97,7.45,4.58,-11.66"
54,2026-08-03T12:25:52.718,2.187286,60.208800,0.2800,-0.2400,0.9700,7.1400,5.4900,-11.6000,1.037738,14.686038,"0.28,-0.24,0.97,7.14,5.49,-11.60"
55,2026-08-03T12:25:52.837,2.306293,119.007000,0.2800,-0.2400,0.9700,5.2500,4.2700,-10.6800,1.037738,12.643488,"0.28,-0.24,0.97,5.25,4.27,-10.68"
56,2026-08-03T12:25:52.838,2.307047,0.753400,0.2800,-0.2300,0.9600,3.0500,2.7500,-9.3400,1.026109,10.202970,"0.28,-0.23,0.96,3.05,2.75,-9.34"
57,2026-08-03T12:25:52.838,2.307480,0.433200,0.2800,-0.2300,0.9600,1.1600,0.9200,-7.7500,1.026109,7.890152,"0.28,-0.23,0.96,1.16,0.92,-7.75"
58,2026-08-03T12:25:52.897,2.366493,59.013200,0.2800,-0.2300,0.9500,0.5500,-0.7900,-5.9800,1.016760,6.056979,"0.28,-0.23,0.95,0.55,-0.79,-5.98"
59,2026-08-03T12:25:52.898,2.367051,0.558100,0.2700,-0.2200,0.9400,1.5300,-1.4600,-4.1500,1.002447,4.657789,"0.27,-0.22,0.94,1.53,-1.46,-4.15"
60,2026-08-03T12:25:53.017,2.486042,118.990200,0.2700,-0.2100,0.9500,1.4600,-1.7100,-2.1400,1.009703,3.104078,"0.27,-0.21,0.95,1.46,-1.71,-2.14"
61,2026-08-03T12:25:53.017,2.486588,0.546100,0.2700,-0.2100,0.9600,0.2400,-1.4600,-0.6100,1.019117,1.600406,"0.27,-0.21,0.96,0.24,-1.46,-0.61"
62,2026-08-03T12:25:53.017,2.486657,0.069100,0.2600,-0.2000,0.9600,-0.9200,-1.2200,0.2400,1.014495,1.546739,"0.26,-0.20,0.96,-0.92,-1.22,0.24"
63,2026-08-03T12:25:53.076,2.545891,59.234600,0.2600,-0.2000,0.9500,-3.3000,-1.5900,0.6100,1.005037,3.713516,"0.26,-0.20,0.95,-3.30,-1.59,0.61"
64,2026-08-03T12:25:53.136,2.605928,60.036700,0.2500,-0.2100,0.9500,-6.5900,-1.9500,0.5500,1.004540,6.894425,"0.25,-0.21,0.95,-6.59,-1.95,0.55"
65,2026-08-03T12:25:53.137,2.606400,0.471600,0.2500,-0.2200,0.9400,-6.1600,-1.5900,0.1200,0.997246,6.363026,"0.25,-0.22,0.94,-6.16,-1.59,0.12"
66,2026-08-03T12:25:53.196,2.665800,59.400800,0.2600,-0.2200,0.9400,-2.1400,-1.0400,-0.4300,0.999800,2.417871,"0.26,-0.22,0.94,-2.14,-1.04,-0.43"
67,2026-08-03T12:25:53.257,2.726433,60.632100,0.2600,-0.2200,0.9500,0.2400,-0.7900,-0.6100,1.009208,1.026548,"0.26,-0.22,0.95,0.24,-0.79,-0.61"
68,2026-08-03T12:25:53.257,2.726697,0.264800,0.2700,-0.2200,0.9500,0.7300,0.0000,-0.6100,1.011830,0.951315,"0.27,-0.22,0.95,0.73,0.00,-0.61"
69,2026-08-03T12:25:53.316,2.785875,59.177600,0.2700,-0.2300,0.9500,0.1800,0.6700,-0.6100,1.014051,0.923797,"0.27,-0.23,0.95,0.18,0.67,-0.61"
70,2026-08-03T12:25:53.377,2.846107,60.232400,0.2700,-0.2300,0.9500,-0.2400,0.5500,-0.3700,1.014051,0.704982,"0.27,-0.23,0.95,-0.24,0.55,-0.37"
71,2026-08-03T12:25:53.377,2.846550,0.442500,0.2700,-0.2300,0.9500,-0.1800,-0.1800,0.0000,1.014051,0.254558,"0.27,-0.23,0.95,-0.18,-0.18,0.00"
72,2026-08-03T12:25:53.436,2.905959,59.408900,0.2700,-0.2200,0.9500,-1.1000,-1.0400,0.4300,1.011830,1.573690,"0.27,-0.22,0.95,-1.10,-1.04,0.43"
73,2026-08-03T12:25:53.498,2.967050,61.091400,0.2700,-0.2200,0.9500,-2.2000,-0.9200,0.8500,1.011830,2.531581,"0.27,-0.22,0.95,-2.20,-0.92,0.85"
74,2026-08-03T12:25:53.498,2.967702,0.651700,0.2600,-0.2200,0.9500,-1.7700,-0.7900,1.1000,1.009208,2.228677,"0.26,-0.22,0.95,-1.77,-0.79,1.10"
75,2026-08-03T12:25:53.557,3.026037,58.335100,0.2500,-0.2100,0.9400,-1.4000,-1.5300,0.6100,0.995088,2.161712,"0.25,-0.21,0.94,-1.40,-1.53,0.61"
76,2026-08-03T12:25:53.618,3.087842,61.804700,0.2500,-0.2100,0.9400,-2.8700,-2.9900,-1.4000,0.995088,4.374586,"0.25,-0.21,0.94,-2.87,-2.99,-1.40"
77,2026-08-03T12:25:53.619,3.088298,0.456500,0.2600,-0.2200,0.9500,-3.1700,-5.1900,-3.3000,1.009208,6.919176,"0.26,-0.22,0.95,-3.17,-5.19,-3.30"
78,2026-08-03T12:25:53.676,3.145770,57.471500,0.2700,-0.2200,0.9500,3.1100,-4.4600,-4.2100,1.011830,6.876613,"0.27,-0.22,0.95,3.11,-4.46,-4.21"
79,2026-08-03T12:25:53.736,3.205931,60.161500,0.2700,-0.2200,0.9500,8.0600,-1.4600,-4.0900,1.011830,9.155507,"0.27,-0.22,0.95,8.06,-1.46,-4.09"
80,2026-08-03T12:25:53.737,3.206944,1.013100,0.2800,-0.2200,0.9400,5.2500,-0.2400,-3.0500,1.005187,6.076397,"0.28,-0.22,0.94,5.25,-0.24,-3.05"
81,2026-08-03T12:25:53.797,3.266429,59.484500,0.2800,-0.2100,0.9400,1.8300,-0.6700,-2.6200,1.003045,3.265302,"0.28,-0.21,0.94,1.83,-0.67,-2.62"
82,2026-08-03T12:25:53.856,3.325890,59.461400,0.2800,-0.2100,0.9400,0.8500,-1.6500,-3.5400,1.003045,3.997074,"0.28,-0.21,0.94,0.85,-1.65,-3.54"
83,2026-08-03T12:25:53.857,3.326315,0.424400,0.2800,-0.2100,0.9400,0.1200,-2.2000,-4.1500,1.003045,4.698606,"0.28,-0.21,0.94,0.12,-2.20,-4.15"
84,2026-08-03T12:25:53.977,3.446024,119.709600,0.2800,-0.2100,0.9400,-2.4400,-1.1000,-2.7500,1.003045,3.837460,"0.28,-0.21,0.94,-2.44,-1.10,-2.75"
85,2026-08-03T12:25:53.977,3.446977,0.953100,0.2700,-0.2200,0.9600,-4.0300,0.4900,-0.9800,1.021225,4.176290,"0.27,-0.22,0.96,-4.03,0.49,-0.98"
86,2026-08-03T12:25:53.978,3.447181,0.203200,0.2600,-0.2000,0.9700,7.3900,1.1600,-2.3200,1.023963,7.831992,"0.26,-0.20,0.97,7.39,1.16,-2.32"
87,2026-08-03T12:25:54.097,3.566528,119.347400,0.2800,-0.1700,0.9800,26.6100,-1.5300,-7.2000,1.033296,27.609292,"0.28,-0.17,0.98,26.61,-1.53,-7.20"
88,2026-08-03T12:25:54.098,3.567076,0.547700,0.3100,-0.1700,0.9700,31.8000,-4.4600,-9.7700,1.032424,33.564632,"0.31,-0.17,0.97,31.80,-4.46,-9.77"
89,2026-08-03T12:25:54.098,3.567394,0.318800,0.3300,-0.1700,0.9400,22.1600,-1.8300,-4.9400,1.010643,22.777579,"0.33,-0.17,0.94,22.16,-1.83,-4.94"
90,2026-08-03T12:25:54.156,3.625794,58.399300,0.3200,-0.1800,0.9100,4.2700,0.2400,7.0800,0.981275,8.271451,"0.32,-0.18,0.91,4.27,0.24,7.08"
91,2026-08-03T12:25:54.216,3.685878,60.084200,0.3100,-0.2000,0.9100,-11.6000,-4.3300,21.2400,0.981937,24.585494,"0.31,-0.20,0.91,-11.60,-4.33,21.24"
92,2026-08-03T12:25:54.217,3.686360,0.482400,0.2700,-0.1800,0.9600,0.6100,-6.4100,28.0200,1.013361,28.750315,"0.27,-0.18,0.96,0.61,-6.41,28.02"
93,2026-08-03T12:25:54.276,3.745787,59.426400,0.2500,-0.1100,1.0500,50.0500,4.3900,22.0300,1.084942,54.859780,"0.25,-0.11,1.05,50.05,4.39,22.03"
94,2026-08-03T12:25:54.336,3.805884,60.097300,0.2300,-0.0300,1.1200,99.5500,24.4100,10.4400,1.143766,103.029337,"0.23,-0.03,1.12,99.55,24.41,10.44"
95,2026-08-03T12:25:54.337,3.806384,0.499800,0.1800,0.0400,1.0900,104.7400,41.8100,3.1700,1.105486,112.821065,"0.18,0.04,1.09,104.74,41.81,3.17"
96,2026-08-03T12:25:54.397,3.866225,59.841700,0.1400,0.0500,1.0300,52.2500,45.1000,6.9000,1.040673,69.366292,"0.14,0.05,1.03,52.25,45.10,6.90"
97,2026-08-03T12:25:54.457,3.926100,59.875000,0.1000,-0.0100,0.9400,-18.3100,32.9000,21.3000,0.945357,43.259174,"0.10,-0.01,0.94,-18.31,32.90,21.30"
98,2026-08-03T12:25:54.457,3.926273,0.172200,0.1100,-0.0600,0.8100,-17.4000,4.7600,45.9000,0.819634,49.317620,"0.11,-0.06,0.81,-17.40,4.76,45.90"
99,2026-08-03T12:25:54.577,4.046068,119.795600,0.1800,-0.0500,0.7000,34.4200,-28.8700,69.8900,0.724500,83.083244,"0.18,-0.05,0.70,34.42,-28.87,69.89"
100,2026-08-03T12:25:54.577,4.046510,0.441700,0.3100,-0.0300,0.7200,54.5700,-43.8200,84.1700,0.784474,109.465365,"0.31,-0.03,0.72,54.57,-43.82,84.17"
101,2026-08-03T12:25:54.577,4.047013,0.503300,0.3200,0.0300,0.8400,64.9400,6.4100,76.9000,0.899389,100.855846,"0.32,0.03,0.84,64.94,6.41,76.90"
102,2026-08-03T12:25:54.637,4.106129,59.115600,0.1600,0.1600,1.0200,71.0400,109.7400,18.3100,1.044797,132.003050,"0.16,0.16,1.02,71.04,109.74,18.31"
103,2026-08-03T12:25:54.697,4.166146,60.016900,0.0100,0.2300,1.0400,31.0100,119.0800,-33.9400,1.065176,127.646348,"0.01,0.23,1.04,31.01,119.08,-33.94"
104,2026-08-03T12:25:54.697,4.166591,0.444900,-0.0700,0.2400,1.0000,-42.8500,21.3600,-3.4800,1.030776,48.005026,"-0.07,0.24,1.00,-42.85,21.36,-3.48"
105,2026-08-03T12:25:54.757,4.226411,59.820500,0.0100,0.1700,1.0700,-87.8900,-67.3800,47.3600,1.083467,120.447856,"0.01,0.17,1.07,-87.89,-67.38,47.36"
106,2026-08-03T12:25:54.817,4.286426,60.014900,0.1900,0.0100,1.0900,-99.0600,-117.9200,47.1200,1.106481,161.053731,"0.19,0.01,1.09,-99.06,-117.92,47.12"
107,2026-08-03T12:25:54.817,4.286770,0.343400,0.2900,-0.1300,1.0800,-114.0700,-110.7200,10.3100,1.125789,159.302164,"0.29,-0.13,1.08,-114.07,-110.72,10.31"
108,2026-08-03T12:25:54.876,4.345547,58.777200,0.3100,-0.1800,1.0200,-70.9800,-33.7500,-52.5500,1.081157,94.544833,"0.31,-0.18,1.02,-70.98,-33.75,-52.55"
109,2026-08-03T12:25:54.936,4.405963,60.416000,0.3300,-0.1000,0.9200,9.3400,27.2800,-101.4400,0.982497,105.458559,"0.33,-0.10,0.92,9.34,27.28,-101.44"
110,2026-08-03T12:25:54.937,4.406482,0.519700,0.3600,-0.1100,0.8400,19.5300,18.8000,-75.7400,0.920489,80.445065,"0.36,-0.11,0.84,19.53,18.80,-75.74"
111,2026-08-03T12:25:55.056,4.525986,119.503700,0.2400,-0.2600,0.9100,-26.9200,20.5700,-20.5700,0.976371,39.635038,"0.24,-0.26,0.91,-26.92,20.57,-20.57"
112,2026-08-03T12:25:55.057,4.526528,0.542200,0.0600,-0.3300,1.0700,-51.7600,41.1400,-9.7000,1.121338,66.825797,"0.06,-0.33,1.07,-51.76,41.14,-9.70"
113,2026-08-03T12:25:55.057,4.526964,0.435600,0.0000,-0.2500,1.0900,-8.9700,32.5300,-30.7600,1.118302,45.660042,"0.00,-0.25,1.09,-8.97,32.53,-30.76"
114,2026-08-03T12:25:55.117,4.586031,59.066800,0.0300,-0.1500,1.0000,51.6400,17.4600,-46.3300,1.011632,71.540269,"0.03,-0.15,1.00,51.64,17.46,-46.33"
115,2026-08-03T12:25:55.177,4.646260,60.228900,0.0800,-0.0900,0.9600,65.3700,18.4300,-55.1800,0.967523,87.508481,"0.08,-0.09,0.96,65.37,18.43,-55.18"
116,2026-08-03T12:25:55.177,4.646651,0.391000,0.1400,0.0400,0.9400,54.1400,16.1700,-70.9200,0.951210,90.676650,"0.14,0.04,0.94,54.14,16.17,-70.92"
117,2026-08-03T12:25:55.236,4.705760,59.109800,0.2800,0.2500,0.9600,79.4700,-17.2100,-101.5000,1.030776,130.053508,"0.28,0.25,0.96,79.47,-17.21,-101.50"
118,2026-08-03T12:25:55.357,4.826873,121.112500,0.4200,0.3600,0.9600,148.0100,-47.7900,-132.2000,1.107971,204.126638,"0.42,0.36,0.96,148.01,-47.79,-132.20"
119,2026-08-03T12:25:55.358,4.827431,0.557800,0.4000,0.4000,0.8700,149.6000,-27.2200,-112.9200,1.037738,189.399089,"0.40,0.40,0.87,149.60,-27.22,-112.92"
120,2026-08-03T12:25:55.358,4.828020,0.589600,0.2700,0.4500,0.8900,48.8300,25.8200,-51.0900,1.033199,75.241142,"0.27,0.45,0.89,48.83,25.82,-51.09"
121,2026-08-03T12:25:55.417,4.886224,58.203800,0.1900,0.3800,1.0000,-60.4200,63.4200,0.7900,1.086508,87.597357,"0.19,0.38,1.00,-60.42,63.42,0.79"
122,2026-08-03T12:25:55.417,4.886464,0.240100,0.1800,0.2100,1.0100,-105.2200,60.9700,24.6000,1.047187,124.071549,"0.18,0.21,1.01,-105.22,60.97,24.60"
123,2026-08-03T12:25:55.536,5.005974,119.509500,0.1700,0.1200,0.9500,-69.8200,36.2500,20.4500,0.972522,81.284054,"0.17,0.12,0.95,-69.82,36.25,20.45"
124,2026-08-03T12:25:55.537,5.006253,0.279100,0.1500,0.1200,0.9200,-19.3500,13.4900,8.9100,0.939840,25.214890,"0.15,0.12,0.92,-19.35,13.49,8.91"
125,2026-08-03T12:25:55.538,5.007074,0.821000,0.1300,0.1400,0.9400,-3.2300,1.7700,14.8900,0.959218,15.338771,"0.13,0.14,0.94,-3.23,1.77,14.89"
126,2026-08-03T12:25:55.597,5.066265,59.191600,0.1300,0.1500,1.0200,-18.1900,-7.3200,30.8200,1.039134,36.528494,"0.13,0.15,1.02,-18.19,-7.32,30.82"
127,2026-08-03T12:25:55.657,5.126337,60.072100,0.1600,0.1600,1.0800,-26.0600,-24.7200,26.6700,1.103449,44.738025,"0.16,0.16,1.08,-26.06,-24.72,26.67"
128,2026-08-03T12:25:55.657,5.126837,0.499500,0.1800,0.1600,1.0600,-5.0700,-36.5600,4.3900,1.087014,37.170023,"0.18,0.16,1.06,-5.07,-36.56,4.39"
129,2026-08-03T12:25:55.836,5.305907,179.070500,0.2000,0.1600,0.9900,15.6900,-44.0100,-17.5200,1.022595,49.899966,"0.20,0.16,0.99,15.69,-44.01,-17.52"
130,2026-08-03T12:25:55.837,5.306468,0.560600,0.2100,0.1400,0.9700,14.3400,-42.9100,-25.5700,1.002297,51.968535,"0.21,0.14,0.97,14.34,-42.91,-25.57"
131,2026-08-03T12:25:55.837,5.306537,0.068500,0.2100,0.1100,1.0100,0.3100,-19.3500,-14.2800,1.037449,24.050717,"0.21,0.11,1.01,0.31,-19.35,-14.28"
132,2026-08-03T12:25:55.838,5.307355,0.818000,0.2100,0.1200,1.0000,-2.2600,0.7300,-2.1400,1.028834,3.196889,"0.21,0.12,1.00,-2.26,0.73,-2.14"
133,2026-08-03T12:25:55.896,5.365994,58.639200,0.2100,0.1600,0.9700,8.8500,0.4300,-2.2000,1.005286,9.129480,"0.21,0.16,0.97,8.85,0.43,-2.20"
134,2026-08-03T12:25:55.897,5.366386,0.392700,0.2100,0.1900,0.9600,10.9900,-5.5500,-6.2900,1.000900,13.825581,"0.21,0.19,0.96,10.99,-5.55,-6.29"
135,2026-08-03T12:25:55.957,5.426143,59.756300,0.2000,0.1800,0.9700,5.3700,-9.5800,-8.5400,1.006628,13.912042,"0.20,0.18,0.97,5.37,-9.58,-8.54"
136,2026-08-03T12:25:56.076,5.545707,119.563800,0.2100,0.1800,0.9500,8.7900,-14.7100,-10.5000,0.989444,20.097219,"0.21,0.18,0.95,8.79,-14.71,-10.50"
137,2026-08-03T12:25:56.076,5.545900,0.193500,0.2300,0.1900,0.9100,11.9600,-16.7200,-9.9500,0.957653,22.838619,"0.23,0.19,0.91,11.96,-16.72,-9.95"
138,2026-08-03T12:25:56.077,5.546883,0.983400,0.2200,0.1700,0.9100,5.9200,-8.6700,-5.3700,0.951525,11.792040,"0.22,0.17,0.91,5.92,-8.67,-5.37"
139,2026-08-03T12:25:56.197,5.666913,120.029300,0.2100,0.1600,0.9600,-1.5300,3.1700,-2.5000,0.995640,4.317383,"0.21,0.16,0.96,-1.53,3.17,-2.50"
140,2026-08-03T12:25:56.198,5.667216,0.303300,0.2200,0.1800,0.9800,-6.4100,7.8100,-4.8800,1.020392,11.220455,"0.22,0.18,0.98,-6.41,7.81,-4.88"
141,2026-08-03T12:25:56.198,5.667244,0.027900,0.2300,0.1800,0.9800,-7.0800,4.3300,-7.4500,1.022595,11.152480,"0.23,0.18,0.98,-7.08,4.33,-7.45"
142,2026-08-03T12:25:56.316,5.785545,118.301200,0.2300,0.1700,0.9700,-4.5200,-0.0600,-7.7500,1.011286,8.971984,"0.23,0.17,0.97,-4.52,-0.06,-7.75"
143,2026-08-03T12:25:56.376,5.845174,59.628300,0.2400,0.1700,0.9500,-1.6500,-1.5300,-7.4500,0.994485,7.782410,"0.24,0.17,0.95,-1.65,-1.53,-7.45"
144,2026-08-03T12:25:56.376,5.845748,0.575000,0.2400,0.1900,0.9400,0.9200,-2.3800,-6.4700,0.988585,6.954977,"0.24,0.19,0.94,0.92,-2.38,-6.47"
145,2026-08-03T12:25:56.377,5.846389,0.640900,0.2500,0.1900,0.9300,2.7500,-3.1700,-5.0000,0.981580,6.527741,"0.25,0.19,0.93,2.75,-3.17,-5.00"
146,2026-08-03T12:25:56.378,5.847233,0.843200,0.2500,0.2000,0.9200,4.2700,-2.3800,-3.4200,0.974115,5.966046,"0.25,0.20,0.92,4.27,-2.38,-3.42"
147,2026-08-03T12:25:56.437,5.906150,58.917200,0.2500,0.1900,0.9300,6.4700,-0.7300,-1.7100,0.981580,6.731857,"0.25,0.19,0.93,6.47,-0.73,-1.71"
148,2026-08-03T12:25:56.497,5.966422,60.272500,0.2400,0.1900,0.9400,9.7000,0.1800,-0.6700,0.988585,9.724778,"0.24,0.19,0.94,9.70,0.18,-0.67"
149,2026-08-03T12:25:56.497,5.966933,0.511000,0.2300,0.2100,0.9600,11.6600,0.9800,-0.1800,1.009257,11.702495,"0.23,0.21,0.96,11.66,0.98,-0.18"
150,2026-08-03T12:25:56.556,6.025829,58.896200,0.2200,0.2200,0.9700,9.2800,2.6900,0.7900,1.018676,9.694256,"0.22,0.22,0.97,9.28,2.69,0.79"
151,2026-08-03T12:25:56.616,6.085758,59.928400,0.2100,0.2200,0.9700,5.4900,5.0000,0.9800,1.016563,7.490027,"0.21,0.22,0.97,5.49,5.00,0.98"
152,2026-08-03T12:25:56.617,6.086305,0.547100,0.2100,0.2200,0.9700,5.0000,7.0200,-0.1800,1.016563,8.620487,"0.21,0.22,0.97,5.00,7.02,-0.18"
153,2026-08-03T12:25:56.677,6.146032,59.727300,0.2000,0.2100,0.9700,7.0800,8.3000,-1.5900,1.012423,11.024722,"0.20,0.21,0.97,7.08,8.30,-1.59"
154,2026-08-03T12:25:56.737,6.206760,60.727300,0.2100,0.2100,0.9600,8.8500,7.3200,-2.3200,1.004888,11.716966,"0.21,0.21,0.96,8.85,7.32,-2.32"
155,2026-08-03T12:25:56.738,6.207601,0.841900,0.2100,0.2300,0.9500,9.9500,4.4600,-2.8700,0.999750,11.275238,"0.21,0.23,0.95,9.95,4.46,-2.87"
156,2026-08-03T12:25:56.796,6.265748,58.146900,0.2200,0.2500,0.9500,9.2200,2.5600,-2.8700,1.006678,9.989940,"0.22,0.25,0.95,9.22,2.56,-2.87"
157,2026-08-03T12:25:56.856,6.325801,60.052300,0.2100,0.2700,0.9500,5.9800,2.2000,-1.6500,1.009703,6.582013,"0.21,0.27,0.95,5.98,2.20,-1.65"
158,2026-08-03T12:25:56.857,6.326233,0.432700,0.2000,0.2700,0.9500,0.6700,2.9300,0.7900,1.007671,3.107716,"0.20,0.27,0.95,0.67,2.93,0.79"
159,2026-08-03T12:25:56.916,6.385774,59.540900,0.1800,0.2500,0.9500,-4.9400,4.2700,3.1100,0.998699,7.232468,"0.18,0.25,0.95,-4.94,4.27,3.11"
160,2026-08-03T12:25:56.976,6.445617,59.842500,0.1600,0.2200,0.9600,-8.2400,5.3100,3.0500,0.997798,10.266265,"0.16,0.22,0.96,-8.24,5.31,3.05"
161,2026-08-03T12:25:56.977,6.446560,0.943000,0.1500,0.2100,0.9600,-10.9900,6.5900,-0.8500,0.994082,12.842535,"0.15,0.21,0.96,-10.99,6.59,-0.85"
162,2026-08-03T12:25:57.036,6.505791,59.231400,0.1500,0.2100,0.9700,-17.2700,13.3100,-10.6200,1.003743,24.252699,"0.15,0.21,0.97,-17.27,13.31,-10.62"
163,2026-08-03T12:25:57.097,6.566038,60.247100,0.1100,0.1900,0.9700,-35.6400,34.1800,-24.0500,0.994535,54.926173,"0.11,0.19,0.97,-35.64,34.18,-24.05"
164,2026-08-03T12:25:57.097,6.566477,0.438500,0.0400,0.0900,1.0000,-74.4000,63.5400,-31.3700,1.004838,102.746136,"0.04,0.09,1.00,-74.40,63.54,-31.37"
165,2026-08-03T12:25:57.157,6.626282,59.805500,-0.0100,-0.0300,1.0300,-127.6200,88.9900,-25.7600,1.030485,157.701180,"-0.01,-0.03,1.03,-127.62,88.99,-25.76"
166,2026-08-03T12:25:57.216,6.685975,59.692700,-0.0200,-0.1200,1.0600,-171.3900,101.8100,-7.2000,1.066958,199.478440,"-0.02,-0.12,1.06,-171.39,101.81,-7.20"
167,2026-08-03T12:25:57.217,6.686869,0.894500,-0.0500,-0.1900,1.0500,-168.6400,89.3600,7.8700,1.068223,191.014649,"-0.05,-0.19,1.05,-168.64,89.36,7.87"
168,2026-08-03T12:25:57.277,6.746096,59.226500,-0.1000,-0.2800,1.0200,-128.4200,63.6600,8.1200,1.062450,143.562622,"-0.10,-0.28,1.02,-128.42,63.66,8.12"
169,2026-08-03T12:25:57.336,6.805586,59.490300,-0.1400,-0.3300,1.0100,-90.9400,42.4200,0.5500,1.071728,100.348605,"-0.14,-0.33,1.01,-90.94,42.42,0.55"
170,2026-08-03T12:25:57.337,6.806505,0.918500,-0.1600,-0.3700,0.9900,-62.4400,21.0600,-7.2000,1.068925,66.288138,"-0.16,-0.37,0.99,-62.44,21.06,-7.20"
171,2026-08-03T12:25:57.396,6.865703,59.198500,-0.1700,-0.3900,0.9600,-44.0700,2.6900,-9.7000,1.050048,45.204989,"-0.17,-0.39,0.96,-44.07,2.69,-9.70"
172,2026-08-03T12:25:57.517,6.986560,120.857200,-0.1900,-0.4000,0.9200,-33.8100,-2.2000,-10.1900,1.021029,35.380676,"-0.19,-0.40,0.92,-33.81,-2.20,-10.19"
173,2026-08-03T12:25:57.518,6.987050,0.489700,-0.2100,-0.4200,0.8500,-18.3100,2.3200,-15.3200,0.971082,23.986265,"-0.21,-0.42,0.85,-18.31,2.32,-15.32"
174,2026-08-03T12:25:57.518,6.987319,0.268600,-0.1800,-0.3600,0.7800,10.9300,5.5500,-28.5000,0.877724,31.024465,"-0.18,-0.36,0.78,10.93,5.55,-28.50"
175,2026-08-03T12:25:57.576,7.045870,58.551500,-0.1000,-0.2300,0.6700,64.5100,-2.3200,-47.1200,0.715402,79.920066,"-0.10,-0.23,0.67,64.51,-2.32,-47.12"
176,2026-08-03T12:25:57.577,7.046410,0.539600,-0.0400,-0.1200,0.4500,118.1000,-12.3300,-50.9600,0.467440,129.215171,"-0.04,-0.12,0.45,118.10,-12.33,-50.96"
177,2026-08-03T12:25:57.637,7.106092,59.681900,-0.0500,-0.0600,0.2200,119.1400,9.2200,-26.9200,0.233452,122.490956,"-0.05,-0.06,0.22,119.14,9.22,-26.92"
178,2026-08-03T12:25:57.697,7.166867,60.775700,-0.1400,-0.0300,0.0300,107.7300,55.9700,-1.6500,0.146287,121.412999,"-0.14,-0.03,0.03,107.73,55.97,-1.65"
179,2026-08-03T12:25:57.698,7.167401,0.533900,-0.3700,0.0400,0.0800,135.2500,99.2400,-0.7300,0.380657,167.754800,"-0.37,0.04,0.08,135.25,99.24,-0.73"
180,2026-08-03T12:25:57.757,7.226094,58.692900,-0.6400,0.2300,0.7300,172.6100,119.5700,-13.7300,0.997697,210.427446,"-0.64,0.23,0.73,172.61,119.57,-13.73"
181,2026-08-03T12:25:57.816,7.285842,59.748000,-0.7700,0.6200,1.8900,218.5100,94.3000,-38.3300,2.132932,241.056630,"-0.77,0.62,1.89,218.51,94.30,-38.33"
182,2026-08-03T12:25:57.817,7.286316,0.473400,-0.6900,0.9500,2.9500,212.8900,47.4900,-58.0400,3.175075,225.712414,"-0.69,0.95,2.95,212.89,47.49,-58.04"
183,2026-08-03T12:25:57.876,7.346004,59.688100,-0.6200,0.7700,3.1500,104.3700,3.1700,-35.3400,3.301485,110.236389,"-0.62,0.77,3.15,104.37,3.17,-35.34"
184,2026-08-03T12:25:57.936,7.405736,59.732500,-0.7000,0.3300,2.4500,-29.9100,-45.3500,3.7200,2.569319,54.452447,"-0.70,0.33,2.45,-29.91,-45.35,3.72"
185,2026-08-03T12:25:57.937,7.406275,0.538900,-0.7400,0.1400,1.4600,-124.2100,-93.2600,8.4200,1.642802,155.552075,"-0.74,0.14,1.46,-124.21,-93.26,8.42"
186,2026-08-03T12:25:57.996,7.465962,59.686500,-0.5900,0.2200,0.5600,-151.9800,-129.8800,-22.2200,0.842674,201.147864,"-0.59,0.22,0.56,-151.98,-129.88,-22.22"
187,2026-08-03T12:25:58.116,7.585775,119.813700,-0.3000,0.3200,-0.1100,-123.4100,-144.9600,-54.9300,0.452217,198.143217,"-0.30,0.32,-0.11,-123.41,-144.96,-54.93"
188,2026-08-03T12:25:58.117,7.586200,0.424400,0.0100,0.3100,-0.5500,-71.9000,-136.5400,-65.1200,0.631427,167.491480,"0.01,0.31,-0.55,-71.90,-136.54,-65.12"
189,2026-08-03T12:25:58.118,7.587080,0.879800,0.1800,0.2400,-0.8100,-22.4600,-100.3400,-48.8900,0.863771,113.854290,"0.18,0.24,-0.81,-22.46,-100.34,-48.89"
190,2026-08-03T12:25:58.176,7.645814,58.734400,0.1100,0.1400,-0.8200,11.2900,-27.0400,-10.5600,0.839107,31.147059,"0.11,0.14,-0.82,11.29,-27.04,-10.56"
191,2026-08-03T12:25:58.177,7.646167,0.353100,-0.2100,0.0600,-0.6700,44.2500,75.7400,32.4700,0.704699,93.535614,"-0.21,0.06,-0.67,44.25,75.74,32.47"
192,2026-08-03T12:25:58.237,7.706950,60.782700,-0.6800,0.1400,-0.2200,93.8700,183.4700,59.5700,0.728286,214.525995,"-0.68,0.14,-0.22,93.87,183.47,59.57"
193,2026-08-03T12:25:58.296,7.765638,58.688700,-1.0700,0.5200,0.9000,159.1800,240.4200,60.6700,1.491744,294.653861,"-1.07,0.52,0.90,159.18,240.42,60.67"
194,2026-08-03T12:25:58.297,7.766234,0.595300,-1.0900,1.3500,2.2400,253.9100,187.4400,27.7100,2.833408,316.815223,"-1.09,1.35,2.24,253.91,187.44,27.71"
195,2026-08-03T12:25:58.357,7.826039,59.805300,-0.8800,1.8500,3.0600,266.7800,97.6600,-16.7800,3.682458,284.588497,"-0.88,1.85,3.06,266.78,97.66,-16.78"
196,2026-08-03T12:25:58.417,7.886114,60.075400,-0.7600,1.4200,2.9100,155.6400,29.9100,-18.8000,3.325974,159.599053,"-0.76,1.42,2.91,155.64,29.91,-18.80"
197,2026-08-03T12:25:58.417,7.886510,0.395900,-0.7700,0.8600,2.2000,38.5100,-38.7000,6.5900,2.484452,54.992165,"-0.77,0.86,2.20,38.51,-38.70,6.59"
198,2026-08-03T12:25:58.477,7.946580,60.069800,-0.7800,0.6900,1.4900,-35.8300,-107.0600,18.9200,1.817856,114.470952,"-0.78,0.69,1.49,-35.83,-107.06,18.92"
199,2026-08-03T12:25:58.597,8.066191,119.611000,-0.7000,0.6200,0.6300,-9.2800,-175.8400,26.1800,1.127519,178.020270,"-0.70,0.62,0.63,-9.28,-175.84,26.18"
200,2026-08-03T12:25:58.597,8.066655,0.463800,-0.5300,0.4300,-0.0200,30.6400,-198.0600,21.8500,0.682788,201.603561,"-0.53,0.43,-0.02,30.64,-198.06,21.85"
201,2026-08-03T12:25:58.716,8.185791,119.136300,-0.3100,0.1900,-0.3100,1.4600,-174.8700,2.0800,0.477807,174.888464,"-0.31,0.19,-0.31,1.46,-174.87,2.08"
202,2026-08-03T12:25:58.717,8.186091,0.299500,-0.0900,-0.0500,-0.4500,14.9500,-176.0300,1.8300,0.461628,176.673179,"-0.09,-0.05,-0.45,14.95,-176.03,1.83"
203,2026-08-03T12:25:58.717,8.186814,0.722900,0.0100,-0.3000,-0.4900,69.7600,-189.6400,40.1600,0.574630,206.016050,"0.01,-0.30,-0.49,69.76,-189.64,40.16"
204,2026-08-03T12:25:58.719,8.188144,1.330400,-0.0300,-0.2400,-0.3900,73.6700,-159.2400,50.2300,0.458912,182.503971,"-0.03,-0.24,-0.39,73.67,-159.24,50.23"
205,2026-08-03T12:25:58.777,8.246124,57.980100,-0.1000,0.1600,-0.1200,35.7700,-80.0800,-10.2500,0.223607,88.302672,"-0.10,0.16,-0.12,35.77,-80.08,-10.25"
206,2026-08-03T12:25:58.777,8.246657,0.532700,-0.1500,0.7400,0.3100,37.7200,13.8500,-71.0400,0.816211,81.616803,"-0.15,0.74,0.31,37.72,13.85,-71.04"
207,2026-08-03T12:25:58.837,8.306092,59.434900,-0.1400,1.2500,0.7000,92.5300,66.7700,-94.7300,1.439479,148.303091,"-0.14,1.25,0.70,92.53,66.77,-94.73"
208,2026-08-03T12:25:58.897,8.366037,59.945500,-0.0200,1.6500,0.9500,127.1400,60.6700,-116.0900,1.904048,182.544013,"-0.02,1.65,0.95,127.14,60.67,-116.09"
209,2026-08-03T12:25:58.897,8.366485,0.447300,0.1600,2.0700,1.3200,98.1400,36.5600,-118.4700,2.460264,158.124110,"0.16,2.07,1.32,98.14,36.56,-118.47"
210,2026-08-03T12:25:59.153,8.622112,255.627600,0.2600,2.1900,1.5900,39.9800,10.8000,-65.9200,2.718786,77.849128,"0.26,2.19,1.59,39.98,10.80,-65.92"
211,2026-08-03T12:25:59.153,8.622487,0.374600,0.1900,1.9100,1.5100,-10.6800,-20.8100,10.6200,2.442192,25.688575,"0.19,1.91,1.51,-10.68,-20.81,10.62"
212,2026-08-03T12:25:59.153,8.622725,0.238300,0.0200,1.4600,1.1000,-51.8200,-54.6300,68.6000,1.828114,101.861226,"0.02,1.46,1.10,-51.82,-54.63,68.60"
213,2026-08-03T12:25:59.153,8.622894,0.169000,-0.1300,0.9400,0.5200,-86.2400,-79.0400,104.0000,1.082081,156.526864,"-0.13,0.94,0.52,-86.24,-79.04,104.00"
214,2026-08-03T12:25:59.154,8.623074,0.180100,-0.1800,0.3900,0.0300,-114.5000,-78.9800,120.5400,0.430581,184.059724,"-0.18,0.39,0.03,-114.50,-78.98,120.54"
215,2026-08-03T12:25:59.154,8.623225,0.150900,-0.1400,-0.0500,-0.3400,-115.3600,-61.2800,110.4100,0.371080,171.036651,"-0.14,-0.05,-0.34,-115.36,-61.28,110.41"
216,2026-08-03T12:25:59.262,8.731282,108.056600,-0.0800,-0.3500,-0.6400,-73.1800,-34.4200,77.4500,0.733826,111.975673,"-0.08,-0.35,-0.64,-73.18,-34.42,77.45"
217,2026-08-03T12:25:59.275,8.744903,13.621000,-0.1400,-0.6300,-0.7800,-10.6200,19.7800,31.2500,1.012373,38.478504,"-0.14,-0.63,-0.78,-10.62,19.78,31.25"
218,2026-08-03T12:25:59.276,8.745307,0.403800,-0.5500,-0.4500,-0.7100,70.1900,124.7600,-55.1800,1.004540,153.416186,"-0.55,-0.45,-0.71,70.19,124.76,-55.18"
219,2026-08-03T12:25:59.355,8.824375,79.068700,-1.0000,1.0900,-0.3100,234.6800,239.5600,-218.0800,1.511357,400.028227,"-1.00,1.09,-0.31,234.68,239.56,-218.08"
220,2026-08-03T12:25:59.383,8.852513,28.137600,-1.0600,2.9900,0.3100,365.5400,269.5900,-327.5800,3.187444,560.006175,"-1.06,2.99,0.31,365.54,269.59,-327.58"
221,2026-08-03T12:25:59.383,8.853012,0.499200,-0.8500,3.5200,0.7600,284.1800,189.8200,-230.7700,3.700068,412.364763,"-0.85,3.52,0.76,284.18,189.82,-230.77"
222,2026-08-03T12:25:59.439,8.908270,55.257800,-0.6600,2.8800,0.8800,101.4400,81.9100,-21.9100,3.082921,132.209568,"-0.66,2.88,0.88,101.44,81.91,-21.91"
223,2026-08-03T12:25:59.562,9.031381,123.110800,-0.5300,1.9200,0.5700,-36.2500,6.6500,138.5500,2.071763,143.368014,"-0.53,1.92,0.57,-36.25,6.65,138.55"
224,2026-08-03T12:25:59.563,9.032890,1.509400,-0.4500,1.0500,0.1200,-140.2600,-10.7400,209.2300,1.148651,252.121812,"-0.45,1.05,0.12,-140.26,-10.74,209.23"
225,2026-08-03T12:25:59.564,9.033260,0.370500,-0.4800,0.2800,0.0600,-218.0800,20.5100,221.3100,0.558928,311.380254,"-0.48,0.28,0.06,-218.08,20.51,221.31"
226,2026-08-03T12:25:59.620,9.089310,56.049100,-0.4100,-0.0800,0.1200,-200.9300,30.4600,192.9300,0.434626,280.218953,"-0.41,-0.08,0.12,-200.93,30.46,192.93"
227,2026-08-03T12:25:59.623,9.092576,3.266600,-0.1600,0.1600,0.0500,-128.1700,9.9500,136.8400,0.231733,187.754459,"-0.16,0.16,0.05,-128.17,9.95,136.84"
228,2026-08-03T12:25:59.677,9.146216,53.640200,0.0600,0.3700,0.1000,-62.0100,6.1000,105.4700,0.387943,122.500494,"0.06,0.37,0.10,-62.01,6.10,105.47"
229,2026-08-03T12:25:59.736,9.205534,59.317400,0.1800,0.3900,0.2400,-41.1400,45.4700,82.7000,0.492037,102.952953,"0.18,0.39,0.24,-41.14,45.47,82.70"
230,2026-08-03T12:25:59.736,9.205888,0.354400,0.2100,0.3800,0.3100,-96.1300,97.5300,28.2000,0.533479,139.815299,"0.21,0.38,0.31,-96.13,97.53,28.20"
231,2026-08-03T12:25:59.797,9.266053,60.164400,0.1400,0.4000,0.4000,-120.4200,118.9000,-14.2200,0.582752,169.824600,"0.14,0.40,0.40,-120.42,118.90,-14.22"
232,2026-08-03T12:25:59.856,9.325929,59.876300,0.0400,0.5700,0.5500,-58.1700,105.9600,-13.4300,0.793095,121.620867,"0.04,0.57,0.55,-58.17,105.96,-13.43"
233,2026-08-03T12:25:59.857,9.326189,0.260200,0.0300,0.7900,0.6500,11.3500,88.6200,2.4400,1.023474,89.377181,"0.03,0.79,0.65,11.35,88.62,2.44"
234,2026-08-03T12:26:00.036,9.505443,179.254400,0.0600,1.0600,0.8200,11.1700,96.1300,11.2300,1.341492,97.426171,"0.06,1.06,0.82,11.17,96.13,11.23"
235,2026-08-03T12:26:00.036,9.505982,0.538700,-0.0500,1.2100,1.1600,-33.1400,117.8600,20.7500,1.676962,124.176494,"-0.05,1.21,1.16,-33.14,117.86,20.75"
236,2026-08-03T12:26:00.037,9.506799,0.817100,-0.1700,1.1100,1.5200,-68.6600,129.3900,40.1000,1.889815,151.868291,"-0.17,1.11,1.52,-68.66,129.39,40.10"
237,2026-08-03T12:26:00.038,9.507380,0.581000,-0.1000,1.1000,1.7200,-102.2900,98.0200,68.9100,2.044113,157.542860,"-0.10,1.10,1.72,-102.29,98.02,68.91"
238,2026-08-03T12:26:00.096,9.565668,58.287700,0.0300,1.0600,1.5600,-125.3700,54.9300,73.8500,1.886293,155.527375,"0.03,1.06,1.56,-125.37,54.93,73.85"
239,2026-08-03T12:26:00.097,9.566142,0.473900,0.0300,0.6800,0.8200,-109.6200,70.7400,44.8000,1.065692,137.941045,"0.03,0.68,0.82,-109.62,70.74,44.80"
240,2026-08-03T12:26:00.156,9.625576,59.433900,-0.0900,0.0100,0.0700,-29.9700,76.2900,31.4900,0.114455,87.806521,"-0.09,0.01,0.07,-29.97,76.29,31.49"
241,2026-08-03T12:26:00.277,9.746380,120.804300,-0.2600,-0.5500,-0.1900,30.2700,14.2800,63.2900,0.637338,71.594800,"-0.26,-0.55,-0.19,30.27,14.28,63.29"
242,2026-08-03T12:26:00.278,9.747047,0.667300,-0.3700,-0.6400,-0.2600,-18.4900,-39.1200,118.8400,0.783645,126.472132,"-0.37,-0.64,-0.26,-18.49,-39.12,118.84"
243,2026-08-03T12:26:00.278,9.747245,0.198100,-0.3400,-0.3000,-0.2400,-67.5000,-65.9800,155.0300,0.513030,181.504577,"-0.34,-0.30,-0.24,-67.50,-65.98,155.03"
244,2026-08-03T12:26:00.336,9.805858,58.612100,-0.1100,0.2200,-0.1100,103.3900,-79.0400,81.2400,0.269444,153.416920,"-0.11,0.22,-0.11,103.39,-79.04,81.24"
245,2026-08-03T12:26:00.337,9.806367,0.509100,0.0200,0.9800,-0.3100,511.9600,-26.1200,-85.7500,1.028056,519.748361,"0.02,0.98,-0.31,511.96,-26.12,-85.75"
246,2026-08-03T12:26:00.397,9.866558,60.191300,-0.1200,2.4000,-0.5400,662.7800,83.6200,-93.3800,2.462925,674.529063,"-0.12,2.40,-0.54,662.78,83.62,-93.38"
247,2026-08-03T12:26:00.517,9.986449,119.891000,-0.3100,3.4400,-0.2500,307.1300,139.4700,24.8400,3.462976,338.227355,"-0.31,3.44,-0.25,307.13,139.47,24.84"
248,2026-08-03T12:26:00.518,9.987285,0.835700,-0.3600,3.1500,0.1400,-63.4200,104.3700,5.4300,3.173594,122.248428,"-0.36,3.15,0.14,-63.42,104.37,5.43"
249,2026-08-03T12:26:00.518,9.987784,0.498900,-0.1700,2.1600,0.4000,-219.4800,31.1300,-73.5500,2.203293,233.559735,"-0.17,2.16,0.40,-219.48,31.13,-73.55"
250,2026-08-03T12:26:00.577,10.046291,58.507200,0.2200,0.9300,0.5600,-294.9200,-9.0300,-95.1500,1.107655,310.020757,"0.22,0.93,0.56,-294.92,-9.03,-95.15"
251,2026-08-03T12:26:00.578,10.047164,0.873100,0.3900,-0.0900,0.3400,-284.1800,16.7800,-105.9000,0.525167,303.734507,"0.39,-0.09,0.34,-284.18,16.78,-105.90"
252,2026-08-03T12:26:00.637,10.106042,58.878400,0.1300,-0.5900,-0.2000,-206.3600,47.9700,-78.3700,0.636396,225.892513,"0.13,-0.59,-0.20,-206.36,47.97,-78.37"
253,2026-08-03T12:26:00.756,10.225998,119.955800,-0.1600,-0.7400,-0.5200,-195.3100,16.6600,34.4800,0.918477,199.028697,"-0.16,-0.74,-0.52,-195.31,16.66,34.48"
254,2026-08-03T12:26:00.757,10.226508,0.510200,-0.0800,-0.7700,-0.3600,-238.2200,-65.1200,160.7100,0.853756,294.647394,"-0.08,-0.77,-0.36,-238.22,-65.12,160.71"
255,2026-08-03T12:26:00.816,10.285574,59.066100,0.3200,-0.6800,0.0600,-100.7700,-119.5100,205.8100,0.753923,258.447266,"0.32,-0.68,0.06,-100.77,-119.51,205.81"
256,2026-08-03T12:26:00.817,10.286158,0.583200,0.8200,0.3600,0.0700,282.2900,-68.6600,175.6600,0.898276,339.497092,"0.82,0.36,0.07,282.29,-68.66,175.66"
257,2026-08-03T12:26:00.817,10.286519,0.361400,1.0800,2.4700,-0.2400,571.0400,42.1800,187.0100,2.706455,602.360834,"1.08,2.47,-0.24,571.04,42.18,187.01"
258,2026-08-03T12:26:00.876,10.345511,58.992000,0.8300,3.7600,-0.3300,495.9700,89.9000,156.0100,3.864635,527.643223,"0.83,3.76,-0.33,495.97,89.90,156.01"
259,2026-08-03T12:26:00.936,10.405971,60.460400,0.4100,3.2500,-0.1500,182.5600,60.4900,-10.4400,3.279192,192.603705,"0.41,3.25,-0.15,182.56,60.49,-10.44"
260,2026-08-03T12:26:00.937,10.406831,0.859200,0.1900,1.9200,0.1200,-123.3500,22.7100,-175.9600,1.933106,216.085372,"0.19,1.92,0.12,-123.35,22.71,-175.96"
261,2026-08-03T12:26:00.996,10.465858,59.027400,0.0400,0.6000,0.1000,-306.2700,13.7300,-261.5400,0.609590,402.980145,"0.04,0.60,0.10,-306.27,13.73,-261.54"
262,2026-08-03T12:26:01.056,10.525847,59.989100,-0.1000,-0.4600,-0.1000,-387.8800,1.0400,-251.7100,0.481248,462.395826,"-0.10,-0.46,-0.10,-387.88,1.04,-251.71"
263,2026-08-03T12:26:01.057,10.526325,0.477600,-0.1500,-0.9900,-0.2200,-378.2300,-44.0100,-140.9000,1.025183,406.014314,"-0.15,-0.99,-0.22,-378.23,-44.01,-140.9"
264,2026-08-03T12:26:01.116,10.585942,59.617600,-0.1100,-1.0200,-0.2800,-271.0000,-86.5500,11.0500,1.063438,284.699851,"-0.11,-1.02,-0.28,-271.00,-86.55,11.05"
265,2026-08-03T12:26:01.237,10.706192,120.249400,0.0700,-0.8000,-0.3300,-50.0500,-92.7100,100.8300,0.868217,145.831531,"0.07,-0.80,-0.33,-50.05,-92.71,100.83"
266,2026-08-03T12:26:01.237,10.706575,0.383600,0.4300,0.0700,-0.2900,267.0300,-62.0700,140.8700,0.523355,308.224046,"0.43,0.07,-0.29,267.03,-62.07,140.87"
267,2026-08-03T12:26:01.238,10.707047,0.471600,0.6300,2.0000,-0.3700,569.5800,3.3600,194.3400,2.129272,601.831124,"0.63,2.00,-0.37,569.58,3.36,194.34"
268,2026-08-03T12:26:01.296,10.765740,58.693600,0.3800,3.5600,-0.4800,565.3100,54.2600,220.4600,3.612257,609.197961,"0.38,3.56,-0.48,565.31,54.26,220.46"
269,2026-08-03T12:26:01.297,10.766240,0.499800,0.1900,3.4200,-0.1900,223.8200,9.4000,127.7500,3.430539,257.883336,"0.19,3.42,-0.19,223.82,9.40,127.75"
270,2026-08-03T12:26:01.416,10.885840,119.599400,0.2900,2.3200,0.0900,-80.2600,-79.2800,-63.2900,2.339786,129.354591,"0.29,2.32,0.09,-80.26,-79.28,-63.29"
271,2026-08-03T12:26:01.417,10.886304,0.464300,0.5200,1.1100,0.0700,-218.5100,-114.1400,-214.7200,1.227762,326.923903,"0.52,1.11,0.07,-218.51,-114.14,-214.72"
272,2026-08-03T12:26:01.417,10.886926,0.622300,0.6400,0.0100,0.1400,-293.0900,-86.4300,-233.0300,0.655210,384.284886,"0.64,0.01,0.14,-293.09,-86.43,-233.03"
273,2026-08-03T12:26:01.477,10.946414,59.487900,0.5100,-0.6700,0.2500,-311.7100,-23.5600,-130.3700,0.878351,338.695342,"0.51,-0.67,0.25,-311.71,-23.56,-130.37"
274,2026-08-03T12:26:01.537,11.006348,59.933400,0.3400,-0.7300,0.1700,-243.7100,41.0200,6.9000,0.823043,247.234331,"0.34,-0.73,0.17,-243.71,41.02,6.90"
275,2026-08-03T12:26:01.537,11.006761,0.413900,0.2500,-0.4900,-0.0700,-87.9500,87.4600,87.6500,0.554527,151.878164,"0.25,-0.49,-0.07,-87.95,87.46,87.65"
276,2026-08-03T12:26:01.656,11.125256,118.494900,0.3200,0.0300,-0.1700,90.2100,108.7600,115.4800,0.363593,182.488937,"0.32,0.03,-0.17,90.21,108.76,115.48"
277,2026-08-03T12:26:01.656,11.125715,0.458300,0.3700,0.9500,-0.0300,231.4500,99.5500,145.0800,1.019951,290.736154,"0.37,0.95,-0.03,231.45,99.55,145.08"
278,2026-08-03T12:26:01.657,11.126925,1.210600,0.2600,1.8000,0.0200,345.1500,68.9100,163.3300,1.818791,388.012628,"0.26,1.80,0.02,345.15,68.91,163.33"
279,2026-08-03T12:26:01.716,11.185808,58.882500,0.1400,2.0600,-0.1600,373.8400,62.3200,124.0800,2.070942,398.793147,"0.14,2.06,-0.16,373.84,62.32,124.08"
280,2026-08-03T12:26:01.777,11.246570,60.762500,0.0200,1.9900,-0.3800,259.6400,75.5600,55.4200,2.026055,276.031918,"0.02,1.99,-0.38,259.64,75.56,55.42"
281,2026-08-03T12:26:01.778,11.247300,0.730200,0.0500,1.9200,-0.2500,24.2300,65.3100,13.8500,1.936853,71.023317,"0.05,1.92,-0.25,24.23,65.31,13.85"
282,2026-08-03T12:26:01.836,11.305812,58.511300,0.1700,1.6800,0.0500,-167.8500,68.1200,-16.1100,1.689319,181.861181,"0.17,1.68,0.05,-167.85,68.12,-16.11"
283,2026-08-03T12:26:01.897,11.366819,61.007000,0.1300,1.3600,0.2000,-235.6600,81.8500,-63.2900,1.380761,257.372652,"0.13,1.36,0.20,-235.66,81.85,-63.29"
284,2026-08-03T12:26:01.898,11.367222,0.403600,0.0100,0.9200,0.3400,-314.1500,67.4400,-118.4100,0.980867,342.431459,"0.01,0.92,0.34,-314.15,67.44,-118.41"
285,2026-08-03T12:26:02.017,11.486602,119.379700,-0.1200,0.4400,0.3800,-393.6800,62.0700,-146.0000,0.593633,424.443904,"-0.12,0.44,0.38,-393.68,62.07,-146.00"
286,2026-08-03T12:26:02.022,11.491187,4.584700,-0.2100,0.1300,0.2300,-385.9900,64.8800,-122.4400,0.337491,410.108825,"-0.21,0.13,0.23,-385.99,64.88,-122.44"
287,2026-08-03T12:26:02.022,11.491634,0.447200,-0.1800,-0.0600,-0.0800,-316.8300,36.1900,-93.7500,0.205913,332.385360,"-0.18,-0.06,-0.08,-316.83,36.19,-93.75"
288,2026-08-03T12:26:02.077,11.546259,54.625200,-0.0700,-0.1400,-0.3000,-232.6700,-28.8100,-78.8000,0.338378,247.335369,"-0.07,-0.14,-0.30,-232.67,-28.81,-78.80"
289,2026-08-03T12:26:02.136,11.605687,59.427800,0.0800,0.0500,0.0600,-103.0900,-98.3300,-38.8200,0.111803,147.659505,"0.08,0.05,0.06,-103.09,-98.33,-38.82"
290,2026-08-03T12:26:02.136,11.605948,0.261400,0.2600,0.5200,1.0600,107.9100,-148.3200,37.2300,1.208967,187.161597,"0.26,0.52,1.06,107.91,-148.32,37.23"
291,2026-08-03T12:26:02.197,11.666310,60.362100,0.4200,1.2200,2.0600,278.5600,-206.5400,125.9800,2.430720,368.951766,"0.42,1.22,2.06,278.56,-206.54,125.98"
292,2026-08-03T12:26:02.256,11.725649,59.338500,0.4500,1.7300,2.3000,269.5900,-208.1900,144.4100,2.912971,369.967691,"0.45,1.73,2.30,269.59,-208.19,144.41"
293,2026-08-03T12:26:02.257,11.726037,0.387800,0.3500,1.6600,1.6600,158.5700,-86.7900,37.2300,2.373542,184.561702,"0.35,1.66,1.66,158.57,-86.79,37.23"
294,2026-08-03T12:26:02.316,11.785843,59.806100,0.1900,1.1800,0.6500,49.9300,43.7000,-114.5000,1.360515,132.336484,"0.19,1.18,0.65,49.93,43.70,-114.50"
295,2026-08-03T12:26:02.437,11.906416,120.573100,0.1000,0.4500,-0.1400,-3.4200,58.6500,-222.6000,0.481768,230.222238,"0.10,0.45,-0.14,-3.42,58.65,-222.60"
296,2026-08-03T12:26:02.438,11.907084,0.668300,0.1300,-0.2400,-0.3900,76.6000,-45.2300,-266.6000,0.476025,281.049592,"0.13,-0.24,-0.39,76.60,-45.23,-266.60"
297,2026-08-03T12:26:02.438,11.907340,0.255800,0.2700,-0.6800,-0.2000,210.6900,-125.9800,-204.3500,0.758485,319.405947,"0.27,-0.68,-0.20,210.69,-125.98,-204.35"
298,2026-08-03T12:26:02.497,11.966045,58.705200,0.4400,-0.2700,0.1900,279.4200,-94.3600,-28.8700,0.550091,296.332285,"0.44,-0.27,0.19,279.42,-94.36,-28.87"
299,2026-08-03T12:26:02.497,11.966456,0.410400,0.5000,1.6800,0.8600,181.5800,-14.8300,170.6500,1.952434,249.625014,"0.50,1.68,0.86,181.58,-14.83,170.65"
300,2026-08-03T12:26:02.556,12.025995,59.539200,0.4300,3.1000,1.5600,-94.7900,52.9200,205.1400,3.496927,232.095002,"0.43,3.10,1.56,-94.79,52.92,205.14"
301,2026-08-03T12:26:02.616,12.085848,59.853400,0.4400,2.4200,1.4900,-302.6100,97.6600,8.5400,2.875778,318.093098,"0.44,2.42,1.49,-302.61,97.66,8.54"
302,2026-08-03T12:26:02.617,12.086304,0.455400,0.4300,1.1000,0.8100,-396.6700,123.1700,-246.5800,1.432131,483.031711,"0.43,1.10,0.81,-396.67,123.17,-246.58"
303,2026-08-03T12:26:02.677,12.146080,59.776500,0.4100,0.1300,0.0000,-401.1200,110.1100,-357.3600,0.430116,548.386393,"0.41,0.13,0.00,-401.12,110.11,-357.36"
304,2026-08-03T12:26:02.736,12.205966,59.885500,0.4500,-0.4400,-0.5800,-347.4100,59.0200,-287.3500,0.855862,454.694503,"0.45,-0.44,-0.58,-347.41,59.02,-287.35"
305,2026-08-03T12:26:02.737,12.206392,0.426000,0.3800,-0.4800,-0.4200,-333.8600,-8.8500,-176.0900,0.742428,377.555970,"0.38,-0.48,-0.42,-333.86,-8.85,-176.09"
306,2026-08-03T12:26:02.796,12.265994,59.602000,0.1800,-0.1100,0.1400,-230.1000,-71.7200,-73.5500,0.253180,251.990815,"0.18,-0.11,0.14,-230.10,-71.72,-73.55"
307,2026-08-03T12:26:02.856,12.325776,59.782100,-0.1800,0.1300,0.8700,-57.8000,-113.8300,31.4900,0.897886,131.490414,"-0.18,0.13,0.87,-57.80,-113.83,31.49"
308,2026-08-03T12:26:02.857,12.326251,0.474900,-0.6500,-0.1400,1.9100,7.0200,-98.8200,99.1200,2.022424,140.140812,"-0.65,-0.14,1.91,7.02,-98.82,99.12"
309,2026-08-03T12:26:02.916,12.386010,59.759100,-0.9800,-0.5300,2.6500,-4.3900,-33.8700,112.8500,2.874683,117.904926,"-0.98,-0.53,2.65,-4.39,-33.87,112.85"
310,2026-08-03T12:26:02.977,12.446184,60.174400,-0.9300,-0.5500,2.5200,62.5600,45.1700,147.4600,2.741861,166.428766,"-0.93,-0.55,2.52,62.56,45.17,147.46"
311,2026-08-03T12:26:02.977,12.446704,0.519900,-0.5900,-0.1200,1.7200,316.6500,165.4100,260.5000,1.822334,442.140182,"-0.59,-0.12,1.72,316.65,165.41,260.50"
312,2026-08-03T12:26:03.036,12.505942,59.237800,-0.2200,0.2700,0.7800,572.2000,283.5700,282.3500,0.854225,698.245163,"-0.22,0.27,0.78,572.20,283.57,282.35"
313,2026-08-03T12:26:03.157,12.626506,120.564200,-0.0200,0.1400,0.1400,509.5200,294.3700,110.6000,0.198997,598.745929,"-0.02,0.14,0.14,509.52,294.37,110.60"
314,2026-08-03T12:26:03.158,12.627606,1.099500,0.0400,-0.2100,-0.1300,189.2100,174.1900,-76.8400,0.250200,268.415659,"0.04,-0.21,-0.13,189.21,174.19,-76.84"
315,2026-08-03T12:26:03.159,12.628039,0.433800,0.0500,-0.4600,-0.1400,-88.5000,35.5200,-127.9900,0.483425,159.610026,"0.05,-0.46,-0.14,-88.50,35.52,-127.99"
316,2026-08-03T12:26:03.276,12.745999,117.959600,0.1000,-0.3000,-0.0500,-212.0400,-48.4600,-61.8300,0.320156,226.124484,"0.10,-0.30,-0.05,-212.04,-48.46,-61.83"
317,2026-08-03T12:26:03.277,12.746478,0.478800,-0.2300,0.3900,0.4600,-277.0400,-72.5700,6.8400,0.645446,286.468763,"-0.23,0.39,0.46,-277.04,-72.57,6.84"
318,2026-08-03T12:26:03.277,12.746672,0.194000,-1.0200,1.1500,1.2700,-277.8300,-34.5500,65.1200,1.993941,287.443605,"-1.02,1.15,1.27,-277.83,-34.55,65.12"
319,2026-08-03T12:26:03.337,12.806096,59.423800,-1.4900,1.3800,1.6100,-198.6700,0.9200,119.2600,2.591640,231.718715,"-1.49,1.38,1.61,-198.67,0.92,119.26"
320,2026-08-03T12:26:03.337,12.806635,0.539700,-1.2900,0.9500,1.4000,-137.5100,-2.9900,95.9500,2.127581,167.703139,"-1.29,0.95,1.40,-137.51,-2.99,95.95"
321,2026-08-03T12:26:03.396,12.865950,59.314400,-0.8700,0.3200,1.0500,-128.4800,-8.2400,21.9100,1.400643,130.595008,"-0.87,0.32,1.05,-128.48,-8.24,21.91"
322,2026-08-03T12:26:03.517,12.986356,120.405900,-0.5900,-0.1500,0.6900,-153.1400,31.0100,3.5400,0.920163,156.288231,"-0.59,-0.15,0.69,-153.14,31.01,3.54"
323,2026-08-03T12:26:03.517,12.986731,0.375900,-0.4300,-0.3900,0.2700,-189.1500,81.0500,39.6700,0.640234,209.572264,"-0.43,-0.39,0.27,-189.15,81.05,39.67"
324,2026-08-03T12:26:03.518,12.987083,0.351000,-0.3100,-0.4300,-0.0400,-252.9900,70.9200,33.2000,0.531601,264.831695,"-0.31,-0.43,-0.04,-252.99,70.92,33.20"
325,2026-08-03T12:26:03.577,13.046294,59.212000,-0.1300,-0.1800,-0.2200,-376.8300,13.0000,16.4200,0.312570,377.411533,"-0.13,-0.18,-0.22,-376.83,13.00,16.42"
326,2026-08-03T12:26:03.577,13.046802,0.507900,-0.0100,-0.0900,-0.0400,-402.5900,-65.7300,13.9800,0.098995,408.159995,"-0.01,-0.09,-0.04,-402.59,-65.73,13.98"
327,2026-08-03T12:26:03.637,13.106154,59.351800,-0.1900,-0.4600,0.8500,-173.7700,-154.1100,-49.8700,0.984987,237.556145,"-0.19,-0.46,0.85,-173.77,-154.11,-49.87"
328,2026-08-03T12:26:03.697,13.166137,59.982600,-0.5300,-0.7900,1.9500,55.4800,-190.6700,-127.3800,2.169677,235.921054,"-0.53,-0.79,1.95,55.48,-190.67,-127.38"
329,2026-08-03T12:26:03.697,13.166492,0.355700,-0.7700,-0.9100,2.3100,64.0900,-130.0700,-142.4600,2.599442,203.274653,"-0.77,-0.91,2.31,64.09,-130.07,-142.46"
330,2026-08-03T12:26:03.756,13.225770,59.277300,-0.7000,-0.8100,1.7600,18.9200,-15.6900,-93.9300,2.060024,97.092674,"-0.70,-0.81,1.76,18.92,-15.69,-93.93"
331,2026-08-03T12:26:03.817,13.286172,60.402400,-0.4100,-0.5500,0.8800,40.6500,74.4600,-26.9200,1.115796,89.002250,"-0.41,-0.55,0.88,40.65,74.46,-26.92"
332,2026-08-03T12:26:03.817,13.286585,0.413000,-0.1500,-0.3300,0.2100,61.7700,114.6900,4.7600,0.418927,130.353314,"-0.15,-0.33,0.21,61.77,114.69,4.76"
333,2026-08-03T12:26:03.937,13.406163,119.578300,-0.0400,-0.2300,-0.1200,53.7100,105.3500,1.1000,0.262488,118.256487,"-0.04,-0.23,-0.12,53.71,105.35,1.10"
334,2026-08-03T12:26:03.937,13.406754,0.590900,0.0400,-0.2200,-0.1500,48.5200,51.5700,-23.8600,0.269258,74.719174,"0.04,-0.22,-0.15,48.52,51.57,-23.86"
335,2026-08-03T12:26:03.938,13.407251,0.497100,0.0900,-0.2900,0.2100,60.7900,-4.7600,-74.4000,0.369188,96.194811,"0.09,-0.29,0.21,60.79,-4.76,-74.40"
336,2026-08-03T12:26:04.056,13.525497,118.245400,-0.2500,-0.4100,1.0600,78.8600,-24.0500,-135.6200,1.163701,158.713851,"-0.25,-0.41,1.06,78.86,-24.05,-135.62"
337,2026-08-03T12:26:04.056,13.525973,0.475900,-0.7000,-0.4700,1.8100,66.8900,-30.5200,-136.6000,1.996747,155.129954,"-0.70,-0.47,1.81,66.89,-30.52,-136.60"
338,2026-08-03T12:26:04.057,13.526604,0.631600,-0.8300,-0.4100,1.9600,54.8700,-40.9500,-47.2400,2.167625,83.181951,"-0.83,-0.41,1.96,54.87,-40.95,-47.24"
339,2026-08-03T12:26:04.117,13.586181,59.576900,-0.7500,-0.2900,1.6500,99.0600,-20.7500,59.0800,1.835511,117.191691,"-0.75,-0.29,1.65,99.06,-20.75,59.08"
340,2026-08-03T12:26:04.177,13.646254,60.073000,-0.4900,-0.1600,1.1000,193.9700,18.8600,108.5200,1.214784,223.061989,"-0.49,-0.16,1.10,193.97,18.86,108.52"
341,2026-08-03T12:26:04.177,13.646728,0.473600,-0.1800,-0.0500,0.5500,299.6800,43.7000,104.9200,0.580861,320.508968,"-0.18,-0.05,0.55,299.68,43.70,104.92"
342,2026-08-03T12:26:04.236,13.705625,58.897400,0.0000,-0.0800,0.1800,321.5300,68.4200,78.3700,0.196977,337.941850,"0.00,-0.08,0.18,321.53,68.42,78.37"
343,2026-08-03T12:26:04.296,13.765985,60.359400,0.0600,-0.2200,0.0900,201.8400,60.2400,41.6900,0.245153,214.723774,"0.06,-0.22,0.09,201.84,60.24,41.69"
344,2026-08-03T12:26:04.297,13.766707,0.722000,0.0100,-0.1700,0.4100,-6.6500,-19.2900,7.3200,0.443959,21.677385,"0.01,-0.17,0.41,-6.65,-19.29,7.32"
345,2026-08-03T12:26:04.477,13.946158,179.451700,-0.3100,0.1300,1.2100,-233.6400,-98.2700,-60.7300,1.255826,260.639167,"-0.31,0.13,1.21,-233.64,-98.27,-60.73"
346,2026-08-03T12:26:04.477,13.946692,0.533500,-0.7500,0.3900,2.0400,-328.6700,-104.5500,-118.4100,2.208212,364.658195,"-0.75,0.39,2.04,-328.67,-104.55,-118.41"
347,2026-08-03T12:26:04.477,13.947000,0.308400,-0.8400,0.3200,2.1900,-199.2200,-37.4800,-75.3800,2.367298,216.276451,"-0.84,0.32,2.19,-199.22,-37.48,-75.38"
348,2026-08-03T12:26:04.478,13.947851,0.850700,-0.5500,0.0100,1.6100,-19.2300,34.6700,5.2500,1.701382,39.992053,"-0.55,0.01,1.61,-19.23,34.67,5.25"
349,2026-08-03T12:26:04.597,14.066080,118.229200,-0.2200,-0.2400,0.8600,37.4100,38.8800,42.8500,0.919565,68.900544,"-0.22,-0.24,0.86,37.41,38.88,42.85"
350,2026-08-03T12:26:04.597,14.066390,0.310300,-0.0600,-0.3300,0.3100,5.8000,-8.6700,37.6000,0.456727,39.020109,"-0.06,-0.33,0.31,5.80,-8.67,37.60"
351,2026-08-03T12:26:04.597,14.066705,0.314500,-0.0700,-0.3300,0.0200,-24.2300,-56.9500,15.2000,0.337935,63.729392,"-0.07,-0.33,0.02,-24.23,-56.95,15.20"
352,2026-08-03T12:26:04.657,14.126597,59.892400,-0.0400,-0.3100,-0.1300,-61.5800,-103.7600,-17.7600,0.338526,121.957581,"-0.04,-0.31,-0.13,-61.58,-103.76,-17.76"
353,2026-08-03T12:26:04.658,14.127143,0.546100,0.1900,-0.2800,0.0300,-116.8800,-145.5700,-54.6900,0.339706,194.531631,"0.19,-0.28,0.03,-116.88,-145.57,-54.69"
354,2026-08-03T12:26:04.717,14.186158,59.014400,0.3900,-0.3500,0.8500,-150.0900,-142.8800,-94.6700,0.998549,227.824738,"0.39,-0.35,0.85,-150.09,-142.88,-94.67"
355,2026-08-03T12:26:04.777,14.246046,59.888000,0.2500,-0.4600,1.9900,-147.3400,-89.9000,-128.9700,2.057717,215.463098,"0.25,-0.46,1.99,-147.34,-89.90,-128.97"
356,2026-08-03T12:26:04.777,14.246545,0.499000,-0.0200,-0.4700,2.4800,-77.0900,-10.6200,-126.2800,2.524223,148.331692,"-0.02,-0.47,2.48,-77.09,-10.62,-126.28"
357,2026-08-03T12:26:04.837,14.306079,59.533700,-0.0700,-0.3700,2.0400,84.2900,79.9600,-77.7000,2.074464,139.770153,"-0.07,-0.37,2.04,84.29,79.96,-77.70"
358,2026-08-03T12:26:04.896,14.365939,59.860500,0.0300,-0.2900,1.2400,249.4500,156.5600,-28.2000,1.273813,295.857358,"0.03,-0.29,1.24,249.45,156.56,-28.20"
359,2026-08-03T12:26:04.897,14.366168,0.229200,0.0900,-0.2900,0.5900,311.4000,194.4600,-26.4300,0.663551,368.080421,"0.09,-0.29,0.59,311.40,194.46,-26.43"
360,2026-08-03T12:26:05.016,14.485396,119.227800,0.0700,-0.3500,0.2700,268.4300,181.6400,-55.3000,0.447549,328.794532,"0.07,-0.35,0.27,268.43,181.64,-55.30"
361,2026-08-03T12:26:05.016,14.485990,0.594100,0.0600,-0.4000,0.1500,182.9200,112.3000,-50.7800,0.431393,220.566599,"0.06,-0.40,0.15,182.92,112.30,-50.78"
362,2026-08-03T12:26:05.017,14.486401,0.411300,0.1500,-0.3700,0.2800,53.7700,-6.1000,9.7700,0.487647,54.989779,"0.15,-0.37,0.28,53.77,-6.10,9.77"
363,2026-08-03T12:26:05.137,14.606716,120.314200,0.2100,-0.2200,0.9300,-179.2000,-135.9900,39.0000,0.978468,228.313206,"0.21,-0.22,0.93,-179.20,-135.99,39.00"
364,2026-08-03T12:26:05.138,14.607261,0.545200,-0.0700,-0.0800,1.9600,-411.6800,-198.4300,-24.7800,1.962881,457.677764,"-0.07,-0.08,1.96,-411.68,-198.43,-24.78"
365,2026-08-03T12:26:05.138,14.607843,0.581700,-0.4700,-0.2000,2.5400,-414.1800,-120.3000,-77.0300,2.590849,438.121882,"-0.47,-0.20,2.54,-414.18,-120.30,-77.03"
366,2026-08-03T12:26:05.197,14.666207,58.364700,-0.4400,-0.4300,2.1100,-129.4600,47.7900,-7.9300,2.197863,138.226845,"-0.44,-0.43,2.11,-129.46,47.79,-7.93"
367,2026-08-03T12:26:05.316,14.785855,119.647600,-0.1200,-0.4600,1.1200,202.5100,173.7700,87.3400,1.216717,280.774979,"-0.12,-0.46,1.12,202.51,173.77,87.34"
368,2026-08-03T12:26:05.317,14.786366,0.511200,0.0300,-0.3700,0.3200,308.3500,212.1000,75.3200,0.490102,381.758084,"0.03,-0.37,0.32,308.35,212.10,75.32"
369,2026-08-03T12:26:05.318,14.787316,0.949900,0.0200,-0.3300,-0.0400,203.6100,182.0700,1.4000,0.333017,273.145523,"0.02,-0.33,-0.04,203.61,182.07,1.40"
370,2026-08-03T12:26:05.377,14.846191,58.874800,0.0500,-0.3000,-0.0800,66.1600,106.6300,-38.9400,0.314484,131.390358,"0.05,-0.30,-0.08,66.16,106.63,-38.94"
371,2026-08-03T12:26:05.377,14.846677,0.486700,0.2100,-0.2200,0.1700,-20.2600,-0.8500,-35.9500,0.348425,41.274600,"0.21,-0.22,0.17,-20.26,-0.85,-35.95"
372,2026-08-03T12:26:05.436,14.905461,58.783200,0.2100,-0.1500,0.9400,-107.7300,-144.5300,-43.2100,0.974782,185.369301,"0.21,-0.15,0.94,-107.73,-144.53,-43.21"
373,2026-08-03T12:26:05.497,14.966760,61.299200,-0.3500,-0.2700,2.1200,-219.5400,-250.6100,-112.2000,2.165595,351.556573,"-0.35,-0.27,2.12,-219.54,-250.61,-112.2"
374,2026-08-03T12:26:05.498,14.967116,0.355700,-0.9600,-0.4300,2.7700,-221.9200,-189.8800,-143.9000,2.963005,325.591939,"-0.96,-0.43,2.77,-221.92,-189.88,-143.9"
375,2026-08-03T12:26:05.617,15.086106,118.990800,-0.8200,-0.4300,2.3000,-8.9700,22.3400,3.4800,2.479375,24.323793,"-0.82,-0.43,2.30,-8.97,22.34,3.48"
376,2026-08-03T12:26:05.617,15.086552,0.445700,-0.2300,-0.3000,1.2400,283.5100,219.7300,203.0000,1.296341,412.150692,"-0.23,-0.30,1.24,283.51,219.73,203.00"
377,2026-08-03T12:26:05.618,15.087379,0.827400,0.1600,-0.2300,0.3600,414.3100,280.4000,223.6300,0.456180,547.984774,"0.16,-0.23,0.36,414.31,280.40,223.63"
378,2026-08-03T12:26:05.737,15.206202,118.822500,0.2200,-0.2900,-0.0700,318.7300,213.4400,89.4800,0.370675,393.893535,"0.22,-0.29,-0.07,318.73,213.44,89.48"
379,2026-08-03T12:26:05.737,15.206595,0.392600,0.2000,-0.4000,-0.1000,126.2200,78.5500,-9.4000,0.458258,148.962918,"0.20,-0.40,-0.10,126.22,78.55,-9.40"
380,2026-08-03T12:26:05.738,15.207037,0.442400,0.0600,-0.3700,0.4600,-89.1700,-76.6600,-32.1000,0.593380,121.895260,"0.06,-0.37,0.46,-89.17,-76.66,-32.10"
381,2026-08-03T12:26:05.797,15.266162,59.124900,-0.5400,-0.1300,1.5500,-295.4700,-177.6700,-77.1500,1.646511,353.300541,"-0.54,-0.13,1.55,-295.47,-177.67,-77.15"
382,2026-08-03T12:26:05.857,15.326541,60.378700,-1.1100,0.1400,2.2600,-331.1800,-146.0600,-76.3500,2.521765,369.923017,"-1.11,0.14,2.26,-331.18,-146.06,-76.35"
383,2026-08-03T12:26:05.858,15.327150,0.609200,-1.0700,0.2600,2.0800,-156.6800,-15.6200,64.6400,2.353487,170.208509,"-1.07,0.26,2.08,-156.68,-15.62,64.64"
384,2026-08-03T12:26:05.917,15.386220,59.069800,-0.7800,0.2500,1.4700,34.6100,99.1800,200.4400,1.682795,226.297853,"-0.78,0.25,1.47,34.61,99.18,200.44"
385,2026-08-03T12:26:05.976,15.445970,59.750800,-0.5000,0.1500,0.8700,147.2800,130.3100,239.6200,1.014594,309.983611,"-0.50,0.15,0.87,147.28,130.31,239.62"
386,2026-08-03T12:26:05.977,15.446361,0.390300,-0.1900,-0.0300,0.3200,229.6100,91.3100,241.3300,0.373363,345.396058,"-0.19,-0.03,0.32,229.61,91.31,241.33"
387,2026-08-03T12:26:06.037,15.506560,60.199100,-0.0200,-0.2700,-0.1400,267.2100,24.4800,217.1600,0.304795,345.194033,"-0.02,-0.27,-0.14,267.21,24.48,217.16"
388,2026-08-03T12:26:06.097,15.566402,59.842200,0.0400,-0.3900,-0.3100,181.2100,-44.0100,163.4500,0.499800,247.971463,"0.04,-0.39,-0.31,181.21,-44.01,163.45"
389,2026-08-03T12:26:06.097,15.566893,0.491500,0.0900,-0.2000,0.1800,-47.8500,-88.6800,86.3600,0.283725,132.709512,"0.09,-0.20,0.18,-47.85,-88.68,86.36"
390,2026-08-03T12:26:06.217,15.686177,119.283800,-0.1900,0.2900,1.3700,-327.8200,-88.1300,-38.2100,1.413188,341.603357,"-0.19,0.29,1.37,-327.82,-88.13,-38.21"
391,2026-08-03T12:26:06.217,15.686598,0.420900,-0.7500,0.8000,2.4800,-446.2900,-65.9200,-142.4000,2.711623,473.072902,"-0.75,0.80,2.48,-446.29,-65.92,-142.40"
392,2026-08-03T12:26:06.217,15.687016,0.418300,-0.8000,0.9100,2.5300,-230.4100,-57.7400,-83.9800,2.805174,251.943081,"-0.80,0.91,2.53,-230.41,-57.74,-83.98"
393,2026-08-03T12:26:06.277,15.746033,59.016100,-0.3600,0.5300,1.6600,171.7500,-63.5400,64.6400,1.779354,194.200215,"-0.36,0.53,1.66,171.75,-63.54,64.64"
394,2026-08-03T12:26:06.336,15.805731,59.698100,-0.0400,0.0800,0.6900,427.5500,-69.2100,117.6100,0.695773,448.799664,"-0.04,0.08,0.69,427.55,-69.21,117.61"
395,2026-08-03T12:26:06.337,15.806319,0.587900,0.0300,-0.1500,0.0900,407.8400,-43.0300,65.1200,0.177482,415.241690,"0.03,-0.15,0.09,407.84,-43.03,65.12"
396,2026-08-03T12:26:06.396,15.865645,59.326000,-0.0400,-0.2100,-0.0500,185.2400,26.0600,-37.8400,0.219545,190.852945,"-0.04,-0.21,-0.05,185.24,26.06,-37.84"
397,2026-08-03T12:26:06.456,15.925899,60.254700,-0.0900,-0.1000,0.2200,-89.5400,70.8600,-121.4000,0.257876,166.662867,"-0.09,-0.10,0.22,-89.54,70.86,-121.40"
398,2026-08-03T12:26:06.457,15.926370,0.471200,-0.1900,0.2400,0.9400,-282.4700,41.0200,-126.7700,0.988585,312.318066,"-0.19,0.24,0.94,-282.47,41.02,-126.77"
399,2026-08-03T12:26:06.517,15.986085,59.714600,-0.5400,0.7300,1.8600,-346.0700,-3.1100,-96.9800,2.069807,359.415132,"-0.54,0.73,1.86,-346.07,-3.11,-96.98"
400,2026-08-03T12:26:06.576,16.045994,59.909400,-0.7700,0.9700,2.2300,-229.6800,-1.1000,-40.2800,2.550823,233.187887,"-0.77,0.97,2.23,-229.68,-1.10,-40.28"
401,2026-08-03T12:26:06.577,16.046442,0.447200,-0.5400,0.6900,1.6800,59.0800,6.1000,60.1800,1.894756,84.553467,"-0.54,0.69,1.68,59.08,6.10,60.18"
402,2026-08-03T12:26:06.641,16.110365,63.922900,-0.1800,0.1600,0.6900,323.3600,-6.2300,122.2500,0.730821,345.753619,"-0.18,0.16,0.69,323.36,-6.23,122.25"
403,2026-08-03T12:26:06.697,16.166136,55.771000,-0.0200,-0.2500,-0.0400,334.9600,26.7900,41.7500,0.253969,338.613302,"-0.02,-0.25,-0.04,334.96,26.79,41.75"
404,2026-08-03T12:26:06.697,16.166516,0.380400,-0.0400,-0.4100,-0.1600,112.0600,103.2100,-129.8800,0.441928,200.196309,"-0.04,-0.41,-0.16,112.06,103.21,-129.88"
405,2026-08-03T12:26:06.757,16.226257,59.741400,-0.1600,-0.2400,0.4100,-150.2700,98.4500,-226.2600,0.501298,288.906668,"-0.16,-0.24,0.41,-150.27,98.45,-226.26"
406,2026-08-03T12:26:06.816,16.285993,59.735900,-0.9200,0.3500,1.5900,-314.9400,-13.4300,-220.4600,1.870027,384.668923,"-0.92,0.35,1.59,-314.94,-13.43,-220.46"
407,2026-08-03T12:26:06.817,16.286552,0.558300,-1.6400,0.7800,2.4400,-257.1400,-103.0900,-116.0900,3.041644,300.375458,"-1.64,0.78,2.44,-257.14,-103.09,-116.09"
408,2026-08-03T12:26:06.877,16.346779,60.227600,-1.1300,0.5400,1.9100,59.3300,-102.9700,117.1300,2.283988,166.860141,"-1.13,0.54,1.91,59.33,-102.97,117.13"
409,2026-08-03T12:26:06.937,16.406375,59.595900,-0.2300,0.0800,0.6300,354.6100,-55.5400,257.8700,0.675426,441.961402,"-0.23,0.08,0.63,354.61,-55.54,257.87"
410,2026-08-03T12:26:06.938,16.407382,1.006500,0.1100,-0.1500,-0.1800,361.3300,-2.9300,148.8000,0.258844,390.780493,"0.11,-0.15,-0.18,361.33,-2.93,148.80"
411,2026-08-03T12:26:06.996,16.465975,58.593000,0.0100,-0.1300,-0.2400,181.6400,25.7600,-17.0900,0.273130,184.251826,"0.01,-0.13,-0.24,181.64,25.76,-17.09"
412,2026-08-03T12:26:07.117,16.586318,120.343000,-0.0400,0.0200,0.1100,-11.6600,11.2900,-92.7100,0.118743,94.119944,"-0.04,0.02,0.11,-11.66,11.29,-92.71"
413,2026-08-03T12:26:07.117,16.586718,0.400800,-0.0900,0.1700,0.8500,-255.6800,-126.9500,-146.7900,0.871493,320.992008,"-0.09,0.17,0.85,-255.68,-126.95,-146.79"
414,2026-08-03T12:26:07.118,16.587254,0.535400,-0.1300,0.0600,1.7800,-517.3300,-405.0300,-232.7900,1.785749,697.044341,"-0.13,0.06,1.78,-517.33,-405.03,-232.79"
415,2026-08-03T12:26:07.176,16.645973,58.718800,0.0900,-0.0900,2.1200,-463.9900,-510.3100,-246.8300,2.123817,732.549019,"0.09,-0.09,2.12,-463.99,-510.31,-246.83"
416,2026-08-03T12:26:07.177,16.646261,0.288300,0.3800,-0.0100,1.6700,-103.4500,-308.6500,-169.6200,1.712717,367.066301,"0.38,-0.01,1.67,-103.45,-308.65,-169.62"
417,2026-08-03T12:26:07.236,16.705946,59.684900,0.4600,0.0100,1.1800,134.0900,-52.3700,-93.9900,1.266531,171.921101,"0.46,0.01,1.18,134.09,-52.37,-93.99"
418,2026-08-03T12:26:07.297,16.766115,60.169000,0.3900,-0.0600,1.0600,113.7100,100.0400,-34.9100,1.131061,155.424174,"0.39,-0.06,1.06,113.71,100.04,-34.91"
419,2026-08-03T12:26:07.297,16.766700,0.584800,0.2900,-0.0700,1.0900,-0.1200,149.5400,-0.4900,1.130088,149.540851,"0.29,-0.07,1.09,-0.12,149.54,-0.49"
420,2026-08-03T12:26:07.357,16.826363,59.663600,0.2200,-0.0800,1.1300,-83.8000,141.2400,-0.9800,1.153993,164.231964,"0.22,-0.08,1.13,-83.80,141.24,-0.98"
421,2026-08-03T12:26:07.417,16.886712,60.348900,0.1500,-0.1500,1.1600,-150.0900,116.9400,-9.4000,1.179237,190.500214,"0.15,-0.15,1.16,-150.09,116.94,-9.40"
422,2026-08-03T12:26:07.422,16.891723,5.010500,0.0800,-0.2200,1.0400,-157.9000,99.9100,10.0700,1.066021,187.125153,"0.08,-0.22,1.04,-157.90,99.91,10.07"
423,2026-08-03T12:26:07.536,17.005491,113.768700,-0.0200,-0.1900,0.7300,-52.4300,96.2500,57.6800,0.754586,123.854551,"-0.02,-0.19,0.73,-52.43,96.25,57.68"
424,2026-08-03T12:26:07.537,17.006216,0.724900,-0.1400,-0.1200,0.4100,51.7600,91.1300,89.4800,0.449555,137.805823,"-0.14,-0.12,0.41,51.76,91.13,89.48"
425,2026-08-03T12:26:07.537,17.006798,0.581700,-0.2100,-0.1600,0.1600,50.7200,51.3900,76.7200,0.308707,105.353732,"-0.21,-0.16,0.16,50.72,51.39,76.72"
426,2026-08-03T12:26:07.657,17.126103,119.305500,-0.1900,-0.1900,-0.0200,-8.4800,-23.5600,38.2100,0.269444,45.683565,"-0.19,-0.19,-0.02,-8.48,-23.56,38.21"
427,2026-08-03T12:26:07.657,17.126796,0.692200,-0.0900,-0.1100,-0.1200,-28.3200,-112.7900,3.6600,0.186011,116.348623,"-0.09,-0.11,-0.12,-28.32,-112.79,3.66"
428,2026-08-03T12:26:07.658,17.127396,0.600200,0.1100,0.0300,0.1000,22.0300,-190.1900,-14.7100,0.151658,192.025887,"0.11,0.03,0.10,22.03,-190.19,-14.71"
429,2026-08-03T12:26:07.837,17.306403,179.006900,0.4000,0.1400,1.0600,51.0300,-179.7500,-101.6800,1.141578,212.727398,"0.40,0.14,1.06,51.03,-179.75,-101.68"
430,2026-08-03T12:26:07.957,17.426506,120.103700,0.6100,0.1600,2.3400,35.9500,-22.8900,-168.2700,2.423489,173.583258,"0.61,0.16,2.34,35.95,-22.89,-168.27"
431,2026-08-03T12:26:07.958,17.427392,0.885400,0.5300,0.1100,2.7500,-9.7000,112.7900,-165.9500,2.802766,200.885730,"0.53,0.11,2.75,-9.70,112.79,-165.95"
432,2026-08-03T12:26:07.959,17.428350,0.957800,0.2900,-0.0300,2.0200,-86.5500,129.7600,-122.4400,2.040931,198.293000,"0.29,-0.03,2.02,-86.55,129.76,-122.44"
433,2026-08-03T12:26:07.960,17.429154,0.804500,0.2000,-0.1900,1.0300,-103.3300,71.7200,-83.5600,1.066302,151.007023,"0.20,-0.19,1.03,-103.33,71.72,-83.56"
434,2026-08-03T12:26:07.960,17.429312,0.158000,0.1900,-0.2000,0.5000,-74.8900,11.5400,-47.5500,0.571052,89.457734,"0.19,-0.20,0.50,-74.89,11.54,-47.55"
435,2026-08-03T12:26:07.960,17.429699,0.386600,0.1700,-0.1700,0.5200,-86.5500,-13.9800,-17.0900,0.572887,89.321951,"0.17,-0.17,0.52,-86.55,-13.98,-17.09"
436,2026-08-03T12:26:08.017,17.486276,56.577800,0.1400,-0.2100,0.7000,-133.7900,-15.9900,8.1800,0.744110,134.990209,"0.14,-0.21,0.70,-133.79,-15.99,8.18"
437,2026-08-03T12:26:08.017,17.486770,0.493800,0.1500,-0.2700,0.8100,-161.2500,-26.4900,11.0500,0.866891,163.784569,"0.15,-0.27,0.81,-161.25,-26.49,11.05"
438,2026-08-03T12:26:08.077,17.546840,60.069700,0.2100,-0.4200,0.8100,-185.3000,-64.0900,-18.3700,0.936269,196.929112,"0.21,-0.42,0.81,-185.30,-64.09,-18.37"
439,2026-08-03T12:26:08.138,17.607204,60.363700,0.2500,-0.5900,0.7900,-203.4900,-55.1100,-40.1600,1.017202,214.611551,"0.25,-0.59,0.79,-203.49,-55.11,-40.16"
440,2026-08-03T12:26:08.139,17.608562,1.358000,0.2400,-0.7000,0.7900,-137.7600,6.1600,-48.8900,1.082451,146.307878,"0.24,-0.70,0.79,-137.76,6.16,-48.89"
441,2026-08-03T12:26:08.197,17.666788,58.226500,0.1800,-0.6900,0.7100,-80.9900,49.1300,-45.7200,1.006280,105.182962,"0.18,-0.69,0.71,-80.99,49.13,-45.72"
442,2026-08-03T12:26:08.257,17.726325,59.537100,0.0100,-0.8400,0.6100,-152.8900,47.3600,28.6900,1.038171,162.608234,"0.01,-0.84,0.61,-152.89,47.36,28.69"
443,2026-08-03T12:26:08.257,17.726892,0.567200,-0.1500,-1.3400,0.5200,-190.6700,23.6800,90.1500,1.445164,212.232923,"-0.15,-1.34,0.52,-190.67,23.68,90.15"
444,2026-08-03T12:26:08.317,17.786238,59.345100,-0.1900,-1.5400,0.5700,-167.9100,5.4900,36.8000,1.653058,171.982988,"-0.19,-1.54,0.57,-167.91,5.49,36.80"
445,2026-08-03T12:26:08.378,17.847844,61.606700,-0.0900,-1.1200,0.5500,-199.1600,-17.5800,-56.4000,1.251000,207.737146,"-0.09,-1.12,0.55,-199.16,-17.58,-56.40"
446,2026-08-03T12:26:08.380,17.849058,1.213700,0.2100,-0.4500,0.2300,-199.1600,-17.5800,-56.4000,0.547266,207.737146,"0.21,-0.45,0.23,-199.16,-17.58,-56.40"
447,2026-08-03T12:26:08.437,17.906732,57.673900,0.4000,0.1100,-0.0700,-159.7900,93.8700,15.3800,0.420714,185.959580,"0.40,0.11,-0.07,-159.79,93.87,15.38"
448,2026-08-03T12:26:08.497,17.966733,60.001600,0.4000,0.1100,-0.0700,-159.7900,93.8700,15.3800,0.420714,185.959580,"0.40,0.11,-0.07,-159.79,93.87,15.38"
449,2026-08-03T12:26:08.498,17.967150,0.416200,0.1000,0.2600,0.2900,155.3300,81.5400,150.9400,0.402119,231.428313,"0.10,0.26,0.29,155.33,81.54,150.94"
450,2026-08-03T12:26:08.557,18.026272,59.121900,0.1000,0.2600,0.2900,155.3300,81.5400,150.9400,0.402119,231.428313,"0.10,0.26,0.29,155.33,81.54,150.94"
451,2026-08-03T12:26:08.617,18.086041,59.769000,-0.2800,-2.1000,1.4900,408.2000,2.7500,77.3300,2.590077,415.469291,"-0.28,-2.10,1.49,408.20,2.75,77.33"
452,2026-08-03T12:26:08.617,18.086716,0.675700,-0.2200,-2.6300,1.7300,143.4300,-31.9800,8.6100,3.155662,147.203999,"-0.22,-2.63,1.73,143.43,-31.98,8.61"
453,2026-08-03T12:26:08.677,18.146574,59.857300,-0.2600,-2.2900,1.3100,-109.3700,-53.4700,-32.7100,2.651000,126.058645,"-0.26,-2.29,1.31,-109.37,-53.47,-32.71"
454,2026-08-03T12:26:08.736,18.206019,59.445300,-0.3500,-1.7000,0.7800,-239.0100,-31.8600,-82.5800,1.902866,254.873098,"-0.35,-1.70,0.78,-239.01,-31.86,-82.58"
455,2026-08-03T12:26:08.737,18.206480,0.461500,-0.3400,-0.9600,0.5500,-286.0700,35.4000,-135.0100,1.157454,318.303165,"-0.34,-0.96,0.55,-286.07,35.40,-135.01"
456,2026-08-03T12:26:08.797,18.266294,59.814100,-0.1400,-0.0900,0.4500,-262.4500,98.5100,-112.3700,0.479792,302.011986,"-0.14,-0.09,0.45,-262.45,98.51,-112.37"
457,2026-08-03T12:26:08.871,18.340118,73.823200,0.2000,0.4400,0.2900,-148.9300,78.6100,-2.3200,0.563649,168.419296,"0.20,0.44,0.29,-148.93,78.61,-2.32"
458,2026-08-03T12:26:08.872,18.341575,1.457000,0.3700,0.4300,-0.0100,42.1800,-17.1500,102.9700,0.567362,112.588169,"0.37,0.43,-0.01,42.18,-17.15,102.97"
459,2026-08-03T12:26:08.917,18.386783,45.208700,0.2900,0.2000,-0.2900,259.2200,-116.0900,149.4100,0.456289,320.928722,"0.29,0.20,-0.29,259.22,-116.09,149.41"
460,2026-08-03T12:26:09.037,18.506385,119.601500,0.0300,-0.1700,-0.0200,416.0800,-185.4200,121.8900,0.173781,471.550967,"0.03,-0.17,-0.02,416.08,-185.42,121.89"
461,2026-08-03T12:26:09.038,18.507387,1.002300,-0.2600,-0.6400,0.7600,451.9000,-221.9200,37.0500,1.027035,504.811647,"-0.26,-0.64,0.76,451.90,-221.92,37.05"
462,2026-08-03T12:26:09.039,18.508050,0.662800,-0.2600,-0.9600,1.5600,324.5800,-173.7100,-61.2200,1.850081,373.195966,"-0.26,-0.96,1.56,324.58,-173.71,-61.22"
463,2026-08-03T12:26:09.097,18.566205,58.154900,0.0500,-1.0800,2.2100,75.5000,-70.6200,-88.0100,2.460285,135.768901,"0.05,-1.08,2.21,75.50,-70.62,-88.01"
464,2026-08-03T12:26:09.097,18.566734,0.529300,0.2500,-1.0400,2.0600,-139.8900,6.1000,-35.2800,2.321142,144.399101,"0.25,-1.04,2.06,-139.89,6.10,-35.28"
465,2026-08-03T12:26:09.157,18.626384,59.649900,0.1900,-0.7900,1.1500,-238.5300,55.9100,-2.6200,1.408084,245.008884,"0.19,-0.79,1.15,-238.53,55.91,-2.62"
466,2026-08-03T12:26:09.277,18.746493,120.109200,0.2000,-0.4200,0.3800,-249.0800,73.9100,-12.0200,0.600666,260.092320,"0.20,-0.42,0.38,-249.08,73.91,-12.02"
467,2026-08-03T12:26:09.278,18.747146,0.652800,0.3100,-0.0900,-0.0100,-180.5400,61.2800,-16.4800,0.322955,191.367501,"0.31,-0.09,-0.01,-180.54,61.28,-16.48"
468,2026-08-03T12:26:09.278,18.747942,0.795900,0.3800,0.0600,-0.1000,-35.3400,41.8100,1.5300,0.397492,54.766163,"0.38,0.06,-0.10,-35.34,41.81,1.53"
469,2026-08-03T12:26:09.338,18.807041,59.098800,0.3400,-0.0900,0.2000,113.8900,18.1900,23.2500,0.404599,117.653605,"0.34,-0.09,0.20,113.89,18.19,23.25"
470,2026-08-03T12:26:09.338,18.807514,0.473500,0.1700,-0.5200,0.7900,187.6200,-7.1400,31.1900,0.960937,190.328821,"0.17,-0.52,0.79,187.62,-7.14,31.19"
471,2026-08-03T12:26:09.456,18.925849,118.334700,0.0200,-0.9700,1.2700,150.1500,-14.9500,26.0000,1.598186,153.116051,"0.02,-0.97,1.27,150.15,-14.95,26.00"
472,2026-08-03T12:26:09.457,18.926535,0.685700,-0.0500,-1.1900,1.4100,42.7900,-10.5000,11.8400,1.845725,45.622579,"-0.05,-1.19,1.41,42.79,-10.50,11.84"
473,2026-08-03T12:26:09.457,18.926937,0.402300,-0.0600,-1.1500,1.2500,-43.5800,-13.9200,-11.9000,1.699588,47.271480,"-0.06,-1.15,1.25,-43.58,-13.92,-11.90"
474,2026-08-03T12:26:09.517,18.986305,59.367600,0.0200,-0.9100,0.9800,-81.4200,-21.3600,-30.7600,1.337498,89.619438,"0.02,-0.91,0.98,-81.42,-21.36,-30.76"
475,2026-08-03T12:26:09.577,19.046511,60.206100,0.1300,-0.6100,0.7700,-86.9800,-35.0300,-29.4800,0.990909,98.293905,"0.13,-0.61,0.77,-86.98,-35.03,-29.48"
476,2026-08-03T12:26:09.578,19.047386,0.875400,0.2200,-0.3500,0.5100,-65.1200,-49.9300,-6.4700,0.656506,82.313305,"0.22,-0.35,0.51,-65.12,-49.93,-6.47"
477,2026-08-03T12:26:09.697,19.166525,119.139200,0.2500,-0.1900,0.2700,-26.4300,-41.5000,28.0200,0.414126,56.620803,"0.25,-0.19,0.27,-26.43,-41.50,28.02"
478,2026-08-03T12:26:09.698,19.167305,0.779600,0.1600,-0.2000,0.1600,61.5200,-16.8500,44.4300,0.301993,77.734534,"0.16,-0.20,0.16,61.52,-16.85,44.43"
479,2026-08-03T12:26:09.698,19.167699,0.394100,-0.1200,-0.7100,0.8200,179.4400,-9.8900,20.2600,1.091284,180.850749,"-0.12,-0.71,0.82,179.44,-9.89,20.26"
480,2026-08-03T12:26:09.757,19.226725,59.025800,0.0500,-0.8400,1.5400,237.0000,-30.5800,-21.6100,1.754907,239.939844,"0.05,-0.84,1.54,237.00,-30.58,-21.61"
481,2026-08-03T12:26:09.816,19.285810,59.085200,0.3700,-0.7100,1.8200,227.9100,-63.8400,-37.5400,1.988316,239.640909,"0.37,-0.71,1.82,227.91,-63.84,-37.54"
482,2026-08-03T12:26:09.817,19.286544,0.734200,0.5900,-0.4500,1.6300,154.4800,-82.6400,-17.3300,1.790949,176.050473,"0.59,-0.45,1.63,154.48,-82.64,-17.33"
483,2026-08-03T12:26:09.877,19.346330,59.785600,0.5800,-0.2500,1.2500,13.9800,-61.5200,11.4100,1.400500,64.111925,"0.58,-0.25,1.25,13.98,-61.52,11.41"
484,2026-08-03T12:26:09.937,19.406574,60.243900,0.4800,-0.2000,0.8400,-107.4200,-30.4600,39.0000,0.987927,118.270317,"0.48,-0.20,0.84,-107.42,-30.46,39.00"
485,2026-08-03T12:26:09.938,19.407137,0.563600,0.3700,-0.2500,0.5300,-134.5800,-16.9700,73.6100,0.693037,154.331427,"0.37,-0.25,0.53,-134.58,-16.97,73.61"
486,2026-08-03T12:26:09.997,19.466463,59.326200,0.2500,-0.2900,0.4500,-84.0500,-6.5900,109.0700,0.590847,137.855343,"0.25,-0.29,0.45,-84.05,-6.59,109.07"
487,2026-08-03T12:26:10.057,19.526402,59.938300,0.1900,-0.3400,0.4200,25.5100,-0.0600,172.5500,0.572800,174.425532,"0.19,-0.34,0.42,25.51,-0.06,172.55"
488,2026-08-03T12:26:10.058,19.527236,0.833800,0.1800,-0.3900,0.4300,98.8800,20.6900,213.9900,0.607783,236.636959,"0.18,-0.39,0.43,98.88,20.69,213.99"
489,2026-08-03T12:26:10.118,19.587771,60.535700,0.1200,-0.4100,0.6000,70.2500,66.8900,162.2300,0.736546,189.018273,"0.12,-0.41,0.60,70.25,66.89,162.23"
490,2026-08-03T12:26:10.176,19.645846,58.074300,-0.0200,-0.4200,0.8500,17.0900,99.6100,76.6000,0.948314,126.813959,"-0.02,-0.42,0.85,17.09,99.61,76.60"
491,2026-08-03T12:26:10.177,19.646762,0.916000,-0.2100,-0.4400,0.9900,-7.3200,91.7400,22.7100,1.103540,94.792163,"-0.21,-0.44,0.99,-7.32,91.74,22.71"
492,2026-08-03T12:26:10.237,19.706352,59.590000,-0.3400,-0.4700,1.0100,2.2000,52.5500,-4.6400,1.164732,52.800304,"-0.34,-0.47,1.01,2.20,52.55,-4.64"
493,2026-08-03T12:26:10.296,19.765960,59.608000,-0.2600,-0.4700,0.9900,21.8500,1.4000,-28.0800,1.126321,35.607147,"-0.26,-0.47,0.99,21.85,1.40,-28.08"
494,2026-08-03T12:26:10.297,19.766537,0.577600,-0.0600,-0.4300,0.9700,30.7000,-27.7100,-34.7300,1.062732,54.004694,"-0.06,-0.43,0.97,30.70,-27.71,-34.73"
495,2026-08-03T12:26:10.357,19.826597,60.060000,0.0400,-0.4300,0.9600,20.6900,-9.8900,-20.0800,1.052663,30.481053,"0.04,-0.43,0.96,20.69,-9.89,-20.08"
496,2026-08-03T12:26:10.477,19.946086,119.488900,-0.0300,-0.4800,0.9500,-17.9400,10.2500,-24.5400,1.064800,32.079864,"-0.03,-0.48,0.95,-17.94,10.25,-24.54"
497,2026-08-03T12:26:10.477,19.946679,0.592500,-0.1200,-0.5500,0.9400,-72.2000,-7.3200,-54.8100,1.095673,90.942611,"-0.12,-0.55,0.94,-72.20,-7.32,-54.81"
498,2026-08-03T12:26:10.478,19.947420,0.741600,-0.0700,-0.5300,0.9000,-86.3600,-32.4100,-76.9700,1.046805,120.136750,"-0.07,-0.53,0.90,-86.36,-32.41,-76.97"
499,2026-08-03T12:26:10.536,20.005881,58.460800,-0.0000,-0.4900,0.8800,-60.6100,-13.0600,-73.0000,1.007224,95.776488,"-0.00,-0.49,0.88,-60.61,-13.06,-73.00"
500,2026-08-03T12:26:10.537,20.006644,0.763100,0.0400,-0.5300,0.8700,-12.4500,56.7600,-37.8400,1.019510,69.343822,"0.04,-0.53,0.87,-12.45,56.76,-37.84"
501,2026-08-03T12:26:10.597,20.066370,59.726200,-0.0400,-0.4400,0.9100,97.1100,89.2900,-13.1200,1.011583,132.571455,"-0.04,-0.44,0.91,97.11,89.29,-13.12"
502,2026-08-03T12:26:10.657,20.126063,59.692500,-0.1100,-0.3100,0.9700,181.2700,-20.2000,47.7300,1.024256,188.533832,"-0.11,-0.31,0.97,181.27,-20.20,47.73"
503,2026-08-03T12:26:10.657,20.126502,0.439100,-0.0200,-0.2800,1.0200,181.2700,-20.2000,47.7300,1.057922,188.533832,"-0.02,-0.28,1.02,181.27,-20.20,47.73"
504,2026-08-03T12:26:10.717,20.186660,60.157900,0.1200,-0.2500,1.1300,123.9600,-136.4100,132.8100,1.163529,227.183331,"0.12,-0.25,1.13,123.96,-136.41,132.81"
505,2026-08-03T12:26:10.897,20.366421,179.760800,0.2100,-0.1700,1.1500,65.2500,-62.6800,52.8600,1.181313,104.787998,"0.21,-0.17,1.15,65.25,-62.68,52.86"
506,2026-08-03T12:26:10.898,20.367389,0.968500,0.2100,-0.0900,0.9800,30.0300,0.4900,6.4700,1.006280,30.722987,"0.21,-0.09,0.98,30.03,0.49,6.47"
507,2026-08-03T12:26:10.899,20.368376,0.987300,0.1100,-0.0500,0.7300,33.1400,38.8800,-4.0300,0.739932,51.246023,"0.11,-0.05,0.73,33.14,38.88,-4.03"
508,2026-08-03T12:26:10.900,20.369040,0.663200,-0.0300,-0.0200,0.5000,59.3900,40.2800,-6.7100,0.501298,72.074091,"-0.03,-0.02,0.50,59.39,40.28,-6.71"
509,2026-08-03T12:26:10.900,20.369414,0.374800,-0.1300,0.0400,0.3900,72.8100,7.0200,-10.9300,0.413038,73.959728,"-0.13,0.04,0.39,72.81,7.02,-10.93"
510,2026-08-03T12:26:10.957,20.426548,57.133300,0.0500,0.0700,0.7400,55.4200,-44.6800,-20.5100,0.744983,74.083324,"0.05,0.07,0.74,55.42,-44.68,-20.51"
511,2026-08-03T12:26:11.077,20.546266,119.718200,0.4200,0.1600,1.6600,53.4100,-61.7100,-32.8400,1.719767,87.972824,"0.42,0.16,1.66,53.41,-61.71,-32.84"
512,2026-08-03T12:26:11.078,20.547392,1.126100,0.4900,0.4900,2.2200,129.6400,8.6700,-36.1900,2.325640,134.875552,"0.49,0.49,2.22,129.64,8.67,-36.19"
513,2026-08-03T12:26:11.078,20.547928,0.536100,0.1600,0.6900,1.7300,221.5600,111.1500,-40.5300,1.869385,251.168941,"0.16,0.69,1.73,221.56,111.15,-40.53"
514,2026-08-03T12:26:11.136,20.605994,58.065900,-0.1600,0.4100,0.7700,179.9900,141.9100,-49.2600,0.886905,234.438469,"-0.16,0.41,0.77,179.99,141.91,-49.26"
515,2026-08-03T12:26:11.137,20.606116,0.122500,-0.2900,-0.0200,0.1300,5.9200,90.0300,-31.3100,0.318434,95.502688,"-0.29,-0.02,0.13,5.92,90.03,-31.31"
516,2026-08-03T12:26:11.197,20.666726,60.609100,-0.2900,-0.2600,-0.1100,-147.4000,12.3900,9.0900,0.404722,148.198854,"-0.29,-0.26,-0.11,-147.40,12.39,9.09"
517,2026-08-03T12:26:11.257,20.726501,59.775200,-0.2000,-0.3000,-0.1000,-174.5000,-48.4600,29.7900,0.374166,183.537641,"-0.20,-0.30,-0.10,-174.50,-48.46,29.79"
518,2026-08-03T12:26:11.258,20.727217,0.716000,0.1800,-0.1000,0.5900,-61.3400,-83.1300,32.5900,0.624900,108.329592,"0.18,-0.10,0.59,-61.34,-83.13,32.59"
519,2026-08-03T12:26:11.317,20.786603,59.386200,0.5400,0.8800,1.6600,204.5900,-66.4100,55.5400,1.954891,222.153208,"0.54,0.88,1.66,204.59,-66.41,55.54"
520,2026-08-03T12:26:11.437,20.906433,119.830000,0.1600,2.0300,1.4500,485.6000,27.0400,54.6900,2.499800,489.417529,"0.16,2.03,1.45,485.60,27.04,54.69"
521,2026-08-03T12:26:11.438,20.907129,0.696400,-0.2300,1.8400,0.6200,350.4000,51.7600,1.6500,1.955224,354.206127,"-0.23,1.84,0.62,350.40,51.76,1.65"
522,2026-08-03T12:26:11.438,20.907462,0.332500,-0.0700,0.6200,0.4400,-130.6200,-22.4000,-44.0700,0.763479,139.662126,"-0.07,0.62,0.44,-130.62,-22.40,-44.07"
523,2026-08-03T12:26:11.497,20.966824,59.362300,0.0300,-0.2800,0.4900,-414.2500,-7.4500,-70.8600,0.565155,420.332850,"0.03,-0.28,0.49,-414.25,-7.45,-70.86"
524,2026-08-03T12:26:11.500,20.969152,2.328100,-0.0100,-0.4200,0.7500,-398.9300,72.9400,-77.3900,0.859651,412.861479,"-0.01,-0.42,0.75,-398.93,72.94,-77.39"
525,2026-08-03T12:26:11.557,21.026599,57.447000,-0.1300,-0.1700,1.1600,-266.9100,103.3300,-46.5700,1.179576,289.977244,"-0.13,-0.17,1.16,-266.91,103.33,-46.57"
526,2026-08-03T12:26:11.618,21.087312,60.712900,-0.2800,0.0300,1.2400,-135.8600,77.2100,3.4800,1.271574,156.305579,"-0.28,0.03,1.24,-135.86,77.21,3.48"
527,2026-08-03T12:26:11.618,21.087981,0.668800,-0.3500,0.0200,0.8500,-48.8300,30.5800,40.3400,0.919456,70.333640,"-0.35,0.02,0.85,-48.83,30.58,40.34"
528,2026-08-03T12:26:11.677,21.146328,58.346800,-0.3100,-0.1500,0.3400,-20.8100,19.1700,54.9300,0.483942,61.788752,"-0.31,-0.15,0.34,-20.81,19.17,54.93"
529,2026-08-03T12:26:11.737,21.206036,59.708500,-0.2100,-0.2700,0.0100,-23.2500,22.2800,43.7000,0.342199,54.283063,"-0.21,-0.27,0.01,-23.25,22.28,43.70"
530,2026-08-03T12:26:11.737,21.206817,0.780700,-0.1500,-0.2100,-0.0100,101.7500,-48.4600,-19.9600,0.258263,114.454514,"-0.15,-0.21,-0.01,101.75,-48.46,-19.96"
531,2026-08-03T12:26:11.797,21.266146,59.328600,0.1100,0.3200,0.2800,432.7400,-207.5200,-78.9200,0.439204,486.371077,"0.11,0.32,0.28,432.74,-207.52,-78.92"
532,2026-08-03T12:26:11.857,21.326564,60.418800,0.5000,1.3500,0.6200,707.1500,-312.9300,-16.7800,1.567450,773.477780,"0.50,1.35,0.62,707.15,-312.93,-16.78"
533,2026-08-03T12:26:11.858,21.327547,0.982800,0.5200,2.1200,0.4700,680.7900,-260.2500,70.1900,2.232868,732.210163,"0.52,2.12,0.47,680.79,-260.25,70.19"
534,2026-08-03T12:26:11.917,21.386178,58.631100,0.3300,2.1100,0.0300,423.5200,-130.0700,37.1100,2.135860,444.594813,"0.33,2.11,0.03,423.52,-130.07,37.11"
535,2026-08-03T12:26:11.977,21.446187,60.008400,0.3200,1.7100,0.0000,72.3300,3.2300,-32.4700,1.739684,79.349623,"0.32,1.71,0.00,72.33,3.23,-32.47"
536,2026-08-03T12:26:11.977,21.446964,0.777400,0.3100,1.2800,0.2700,-307.1900,140.8700,-65.8600,1.344396,344.307410,"0.31,1.28,0.27,-307.19,140.87,-65.86"
537,2026-08-03T12:26:12.037,21.506426,59.461800,0.1400,0.7000,0.4800,-613.4000,238.1600,-92.6500,0.860233,664.502647,"0.14,0.70,0.48,-613.40,238.16,-92.65"
538,2026-08-03T12:26:12.097,21.566103,59.676800,-0.0400,0.0900,0.5100,-688.2900,212.8300,-97.6600,0.519423,727.033155,"-0.04,0.09,0.51,-688.29,212.83,-97.66"
539,2026-08-03T12:26:12.097,21.566821,0.718800,-0.1600,-0.2400,0.3800,-539.9800,103.6400,-66.8900,0.477074,553.889810,"-0.16,-0.24,0.38,-539.98,103.64,-66.89"
540,2026-08-03T12:26:12.216,21.685965,119.144000,-0.2100,-0.3000,0.2200,-330.8700,13.5500,-22.3400,0.427200,331.900038,"-0.21,-0.30,0.22,-330.87,13.55,-22.34"
541,2026-08-03T12:26:12.217,21.686299,0.333600,-0.1900,-0.2000,0.1400,-142.5800,-19.4700,8.9700,0.309354,144.182517,"-0.19,-0.20,0.14,-142.58,-19.47,8.97"
542,2026-08-03T12:26:12.218,21.687149,0.849800,-0.1600,-0.0500,0.3100,13.4900,-20.5700,-2.6900,0.352420,24.745527,"-0.16,-0.05,0.31,13.49,-20.57,-2.69"
543,2026-08-03T12:26:12.276,21.745775,58.626000,-0.0800,0.1800,0.6000,160.8300,-52.5500,-24.9000,0.631506,171.019886,"-0.08,0.18,0.60,160.83,-52.55,-24.90"
544,2026-08-03T12:26:12.337,21.806261,60.485800,0.0800,0.7100,0.8500,336.6700,-133.4200,-26.6100,1.110405,363.119371,"0.08,0.71,0.85,336.67,-133.42,-26.61"
545,2026-08-03T12:26:12.337,21.806824,0.563100,0.3200,1.1500,1.4900,407.5900,-214.6600,-44.6800,1.909188,462.822672,"0.32,1.15,1.49,407.59,-214.66,-44.68"
546,2026-08-03T12:26:12.397,21.866609,59.784900,0.5200,1.0800,2.0500,249.8800,-204.9600,-77.4500,2.374721,332.335852,"0.52,1.08,2.05,249.88,-204.96,-77.45"
547,2026-08-03T12:26:12.617,22.086817,220.208700,0.4700,0.8700,1.7900,57.9200,-79.5900,-93.6300,2.044969,135.852388,"0.47,0.87,1.79,57.92,-79.59,-93.63"
548,2026-08-03T12:26:12.625,22.094127,7.310100,0.3000,0.6300,1.2800,-30.4600,48.2200,-96.1900,1.457841,111.827975,"0.30,0.63,1.28,-30.46,48.22,-96.19"
549,2026-08-03T12:26:12.625,22.094597,0.470000,0.1700,0.3600,0.8700,-64.7000,97.3500,-84.5300,0.956765,144.251286,"0.17,0.36,0.87,-64.70,97.35,-84.53"
550,2026-08-03T12:26:12.629,22.098683,4.085800,0.1000,0.1200,0.5100,-53.0400,84.1700,-51.1500,0.533385,111.866675,"0.10,0.12,0.51,-53.04,84.17,-51.15"
551,2026-08-03T12:26:12.630,22.099407,0.723300,0.0700,-0.0900,0.2500,-17.8200,36.5600,-25.8200,0.274773,48.175288,"0.07,-0.09,0.25,-17.82,36.56,-25.82"
552,2026-08-03T12:26:12.636,22.105944,6.537800,0.0500,-0.1200,0.1800,-9.8300,-13.0000,-17.0900,0.222036,23.615609,"0.05,-0.12,0.18,-9.83,-13.00,-17.09"
553,2026-08-03T12:26:12.950,22.419915,313.970600,0.0300,0.1600,0.3600,5.7400,-39.5500,12.1500,0.395095,41.770475,"0.03,0.16,0.36,5.74,-39.55,12.15"
554,2026-08-03T12:26:12.952,22.421675,1.759800,0.0900,0.7000,0.8400,66.9600,-67.3800,70.0100,1.097133,118.004687,"0.09,0.70,0.84,66.96,-67.38,70.01"
555,2026-08-03T12:26:12.952,22.421957,0.282700,0.2000,1.2800,1.4200,104.1300,-87.3400,117.9200,1.922186,179.934596,"0.20,1.28,1.42,104.13,-87.34,117.92"
556,2026-08-03T12:26:12.953,22.422568,0.610600,0.2300,1.5700,1.6000,64.3900,-49.4400,93.8100,2.253397,124.059267,"0.23,1.57,1.60,64.39,-49.44,93.81"
557,2026-08-03T12:26:12.953,22.423001,0.433400,0.2100,1.1800,1.3100,-28.6900,26.7900,-9.5800,1.775556,40.405403,"0.21,1.18,1.31,-28.69,26.79,-9.58"
558,2026-08-03T12:26:12.954,22.423331,0.330000,0.1600,0.4200,0.8300,-100.7700,96.6800,-117.3700,0.943875,182.420756,"0.16,0.42,0.83,-100.77,96.68,-117.37"
559,2026-08-03T12:26:12.955,22.424130,0.798100,0.0800,-0.1000,0.3600,-132.0200,121.1500,-151.7900,0.382099,234.833573,"0.08,-0.10,0.36,-132.02,121.15,-151.79"
560,2026-08-03T12:26:12.955,22.424571,0.441400,0.0300,-0.2800,0.1500,-172.0000,85.6300,-99.4900,0.319061,216.367181,"0.03,-0.28,0.15,-172.00,85.63,-99.49"
561,2026-08-03T12:26:13.068,22.537825,113.254000,0.0400,-0.2100,0.2300,-221.9200,31.7400,-19.0400,0.314006,224.985412,"0.04,-0.21,0.23,-221.92,31.74,-19.04"
562,2026-08-03T12:26:13.144,22.613409,75.583800,0.0700,-0.0300,0.6000,-217.1600,-17.4600,38.3300,0.604814,221.206930,"0.07,-0.03,0.60,-217.16,-17.46,38.33"
563,2026-08-03T12:26:13.144,22.613951,0.542300,0.0400,0.1100,1.1800,-121.8300,-64.2700,69.5200,1.185791,154.292619,"0.04,0.11,1.18,-121.83,-64.27,69.52"
564,2026-08-03T12:26:13.145,22.614372,0.421200,-0.0700,0.2100,1.7400,1.5300,-80.8100,79.9000,1.754024,113.651252,"-0.07,0.21,1.74,1.53,-80.81,79.90"
565,2026-08-03T12:26:13.241,22.710751,96.378600,-0.1900,0.2500,1.9500,63.7200,-45.0400,63.1100,1.975120,100.357920,"-0.19,0.25,1.95,63.72,-45.04,63.11"
566,2026-08-03T12:26:13.242,22.711431,0.680400,-0.1700,0.2000,1.6600,58.7800,14.2800,21.3600,1.680625,64.150264,"-0.17,0.20,1.66,58.78,14.28,21.36"
567,2026-08-03T12:26:13.242,22.711756,0.325100,-0.0600,0.0700,1.1600,49.4400,52.9800,-23.0700,1.163658,76.048793,"-0.06,0.07,1.16,49.44,52.98,-23.07"
568,2026-08-03T12:26:13.297,22.766727,54.970700,0.0000,0.0100,0.8000,74.2800,50.2300,-57.3700,0.800062,106.451342,"0.00,0.01,0.80,74.28,50.23,-57.37"
569,2026-08-03T12:26:13.298,22.767627,0.900300,-0.0100,0.0800,0.5600,151.1200,4.3300,-83.5600,0.565774,172.737596,"-0.01,0.08,0.56,151.12,4.33,-83.56"
570,2026-08-03T12:26:13.417,22.886325,118.697500,-0.0200,0.1400,0.3700,207.5800,-47.4200,-81.9700,0.396106,228.160456,"-0.02,0.14,0.37,207.58,-47.42,-81.97"
571,2026-08-03T12:26:13.417,22.886912,0.587000,0.0100,0.1800,0.3000,164.1800,-68.6600,-39.8600,0.350000,182.368000,"0.01,0.18,0.30,164.18,-68.66,-39.86"
572,2026-08-03T12:26:13.418,22.887220,0.308500,0.1000,0.3400,0.5400,72.3900,-77.0900,15.5000,0.645910,106.880448,"0.10,0.34,0.54,72.39,-77.09,15.50"
573,2026-08-03T12:26:13.477,22.946487,59.267100,0.1600,0.6200,1.2700,-50.7800,-68.9700,64.8200,1.422287,107.410901,"0.16,0.62,1.27,-50.78,-68.97,64.82"
574,2026-08-03T12:26:13.537,23.006066,59.578400,0.0400,0.7600,1.8900,-208.9800,-11.8400,78.0600,2.037474,223.396933,"0.04,0.76,1.89,-208.98,-11.84,78.06"
575,2026-08-03T12:26:13.537,23.006654,0.588200,-0.1000,0.5500,1.7400,-268.6200,70.4300,27.4000,1.827594,279.048113,"-0.10,0.55,1.74,-268.62,70.43,27.40"
576,2026-08-03T12:26:13.597,23.066125,59.470600,-0.0600,0.1300,1.1000,-177.4900,125.9800,-46.0800,1.109279,222.479273,"-0.06,0.13,1.10,-177.49,125.98,-46.08"
577,2026-08-03T12:26:13.658,23.127163,61.038100,0.0500,-0.2100,0.4900,-74.5800,127.9900,-84.7200,0.535444,170.649040,"0.05,-0.21,0.49,-74.58,127.99,-84.72"
578,2026-08-03T12:26:13.658,23.127734,0.571700,0.1300,-0.3700,0.1400,-45.1700,78.4300,-69.5800,0.416413,114.162035,"0.13,-0.37,0.14,-45.17,78.43,-69.58"
579,2026-08-03T12:26:13.717,23.186233,58.498300,0.1700,-0.3100,0.0500,-73.2400,12.0200,-21.0000,0.357071,77.133508,"0.17,-0.31,0.05,-73.24,12.02,-21.00"
580,2026-08-03T12:26:13.837,23.306216,119.983300,0.1700,-0.1700,0.4100,-124.6300,-52.6100,7.2000,0.475289,135.470620,"0.17,-0.17,0.41,-124.63,-52.61,7.20"
581,2026-08-03T12:26:13.837,23.306844,0.627800,0.0800,-0.2400,1.2700,-135.3100,-115.4800,-4.6400,1.294952,177.949308,"0.08,-0.24,1.27,-135.31,-115.48,-4.64"
582,2026-08-03T12:26:13.838,23.307456,0.611700,-0.1200,-0.5100,2.1000,-84.8400,-120.6700,-10.2500,2.164371,147.865266,"-0.12,-0.51,2.10,-84.84,-120.67,-10.25"
583,2026-08-03T12:26:13.897,23.366153,58.697400,-0.2400,-0.6300,2.1800,-19.4700,-32.1700,13.3700,2.281863,39.909231,"-0.24,-0.63,2.18,-19.47,-32.17,13.37"
584,2026-08-03T12:26:13.897,23.366998,0.844700,-0.1700,-0.5300,1.5600,22.8900,81.0500,34.6100,1.656321,91.054416,"-0.17,-0.53,1.56,22.89,81.05,34.61"
585,2026-08-03T12:26:13.957,23.426364,59.366300,-0.0700,-0.3800,0.9200,9.3400,131.8400,26.7300,0.997848,134.846261,"-0.07,-0.38,0.92,9.34,131.84,26.73"
586,2026-08-03T12:26:14.017,23.486558,60.194500,-0.0300,-0.2400,0.4900,-57.6200,95.2100,-5.9200,0.546443,111.445300,"-0.03,-0.24,0.49,-57.62,95.21,-5.92"
587,2026-08-03T12:26:14.018,23.487215,0.656700,0.0200,-0.2400,0.2300,-127.3200,20.1400,-36.8700,0.333017,134.072364,"0.02,-0.24,0.23,-127.32,20.14,-36.87"
588,2026-08-03T12:26:14.077,23.546964,59.749000,0.0300,-0.4100,0.2800,-151.3100,-21.8500,-37.4800,0.497393,157.406763,"0.03,-0.41,0.28,-151.31,-21.85,-37.48"
589,2026-08-03T12:26:14.136,23.606011,59.046900,-0.0900,-0.7000,0.7300,-151.0600,-16.7800,-2.3200,1.015382,152.006824,"-0.09,-0.70,0.73,-151.06,-16.78,-2.32"
590,2026-08-03T12:26:14.137,23.606885,0.873900,-0.3800,-0.9500,1.2100,-154.9700,4.4600,49.2600,1.584614,162.671879,"-0.38,-0.95,1.21,-154.97,4.46,49.26"
591,2026-08-03T12:26:14.316,23.785904,179.019100,-0.5300,-0.8500,1.1600,-94.9700,42.3600,77.1500,1.532645,129.482790,"-0.53,-0.85,1.16,-94.97,42.36,77.15"
592,2026-08-03T12:26:14.317,23.786662,0.757500,-0.3800,-0.5400,0.6200,4.9400,92.0400,62.3800,0.905759,111.297033,"-0.38,-0.54,0.62,4.94,92.04,62.38"
593,2026-08-03T12:26:14.318,23.787368,0.706100,-0.1500,-0.3500,0.0900,40.2200,97.0500,20.6300,0.391280,107.060487,"-0.15,-0.35,0.09,40.22,97.05,20.63"
594,2026-08-03T12:26:14.319,23.788032,0.664700,-0.0200,-0.3000,-0.0900,50.8400,37.8400,-19.8400,0.313847,66.409313,"-0.02,-0.30,-0.09,50.84,37.84,-19.84"
595,2026-08-03T12:26:14.377,23.846592,58.560100,0.0100,-0.3900,0.2100,106.9900,-40.0400,-27.4000,0.443058,117.476899,"0.01,-0.39,0.21,106.99,-40.04,-27.40"
596,2026-08-03T12:26:14.378,23.847289,0.696800,-0.1000,-0.5400,0.9200,176.2700,-105.6500,-0.4900,1.071448,205.507361,"-0.10,-0.54,0.92,176.27,-105.65,-0.49"
597,2026-08-03T12:26:14.437,23.906517,59.227300,-0.3300,-0.5200,1.6000,196.1700,-131.9000,39.5500,1.714439,239.675784,"-0.33,-0.52,1.60,196.17,-131.90,39.55"
598,2026-08-03T12:26:14.498,23.967400,60.883400,-0.4600,-0.3200,1.6800,183.5300,-79.2800,71.6600,1.770988,212.376399,"-0.46,-0.32,1.68,183.53,-79.28,71.66"
599,2026-08-03T12:26:14.498,23.967820,0.419900,-0.3700,-0.1400,1.2700,174.5600,11.2900,70.6200,1.330188,188.642101,"-0.37,-0.14,1.27,174.56,11.29,70.62"
600,2026-08-03T12:26:14.557,24.026769,58.949100,-0.2200,-0.0700,0.8600,148.2500,51.0300,37.3500,0.890449,161.174272,"-0.22,-0.07,0.86,148.25,51.03,37.35"
601,2026-08-03T12:26:14.617,24.086267,59.497900,-0.1400,-0.0400,0.7300,105.2200,31.3100,4.8200,0.744379,109.885381,"-0.14,-0.04,0.73,105.22,31.31,4.82"
602,2026-08-03T12:26:14.619,24.088885,2.618600,-0.1400,-0.0000,0.8100,83.5000,-0.9200,-5.8600,0.822010,83.710429,"-0.14,-0.00,0.81,83.50,-0.92,-5.86"
603,2026-08-03T12:26:14.677,24.146141,57.255500,-0.1700,0.0800,0.9400,80.6300,-19.3500,2.9300,0.958593,82.971105,"-0.17,0.08,0.94,80.63,-19.35,2.93"
604,2026-08-03T12:26:14.796,24.265797,119.655700,-0.2100,0.1800,1.0600,64.9400,-23.8000,13.9800,1.095491,70.562625,"-0.21,0.18,1.06,64.94,-23.80,13.98"
605,2026-08-03T12:26:14.797,24.266483,0.686300,-0.2400,0.2500,1.1300,36.9300,-19.4100,14.2800,1.181948,44.096388,"-0.24,0.25,1.13,36.93,-19.41,14.28"
606,2026-08-03T12:26:14.798,24.267127,0.643600,-0.2400,0.2800,1.1400,13.3100,-7.9300,5.4300,1.198165,16.417244,"-0.24,0.28,1.14,13.31,-7.93,5.43"
607,2026-08-03T12:26:14.857,24.326319,59.192800,-0.2400,0.2300,1.0100,-0.1800,10.1300,-6.9000,1.063297,12.258030,"-0.24,0.23,1.01,-0.18,10.13,-6.90"
608,2026-08-03T12:26:14.857,24.326829,0.509700,-0.1900,0.0900,0.7700,-11.1100,24.7800,-18.4900,0.798185,32.853624,"-0.19,0.09,0.77,-11.11,24.78,-18.49"
609,2026-08-03T12:26:14.917,24.386465,59.635700,-0.1300,-0.0900,0.5300,-46.3900,11.6600,-21.1800,0.553082,52.312332,"-0.13,-0.09,0.53,-46.39,11.66,-21.18"
610,2026-08-03T12:26:14.977,24.446498,60.033100,-0.0800,-0.1200,0.4200,-97.1100,-41.0200,-9.0300,0.444072,105.804222,"-0.08,-0.12,0.42,-97.11,-41.02,-9.03"
611,2026-08-03T12:26:14.978,24.447085,0.587600,-0.0100,-0.0600,0.7900,-116.8200,-109.4400,8.9100,0.792338,160.322843,"-0.01,-0.06,0.79,-116.82,-109.44,8.91"
612,2026-08-03T12:26:15.037,24.506481,59.395500,0.0000,-0.0100,1.7200,-107.3000,-135.9900,24.6600,1.720029,174.970528,"0.00,-0.01,1.72,-107.30,-135.99,24.66"
613,2026-08-03T12:26:15.097,24.566549,60.067900,-0.0800,0.0000,2.2200,-81.7900,-74.0400,33.3900,2.221441,115.266725,"-0.08,0.00,2.22,-81.79,-74.04,33.39"
614,2026-08-03T12:26:15.097,24.566979,0.430600,-0.1200,-0.0300,1.6700,5.0700,53.5300,25.7000,1.674575,59.595770,"-0.12,-0.03,1.67,5.07,53.53,25.70"
615,2026-08-03T12:26:15.157,24.626211,59.231500,-0.0900,-0.1200,0.7500,117.2500,147.2200,-0.9800,0.764853,188.208000,"-0.09,-0.12,0.75,117.25,147.22,-0.98"
616,2026-08-03T12:26:15.217,24.686108,59.897000,-0.0600,-0.2200,0.2000,156.4300,129.2100,-27.5900,0.303315,204.760292,"-0.06,-0.22,0.20,156.43,129.21,-27.59"
617,2026-08-03T12:26:15.217,24.686994,0.886200,-0.0300,-0.2600,0.1000,183.5300,37.2900,-25.3300,0.280179,188.985221,"-0.03,-0.26,0.10,183.53,37.29,-25.33"
618,2026-08-03T12:26:15.277,24.746819,59.825200,0.0200,-0.0600,0.3400,282.7100,-46.8700,11.6600,0.345832,286.806026,"0.02,-0.06,0.34,282.71,-46.87,11.66"
619,2026-08-03T12:26:15.337,24.806138,59.318700,0.0700,0.5900,0.8100,344.2400,-69.7000,77.3300,1.004540,359.637590,"0.07,0.59,0.81,344.24,-69.70,77.33"
620,2026-08-03T12:26:15.337,24.806936,0.798000,-0.0600,1.5800,1.0700,264.5900,-13.7900,122.5000,1.909162,291.897726,"-0.06,1.58,1.07,264.59,-13.79,122.50"
621,2026-08-03T12:26:15.457,24.926189,119.253100,-0.2700,2.0100,0.9900,99.2400,50.7800,87.4000,2.256790,141.654319,"-0.27,2.01,0.99,99.24,50.78,87.40"
622,2026-08-03T12:26:15.458,24.927080,0.890400,-0.2600,1.3600,0.7900,-79.7700,49.4400,9.0300,1.594146,94.282063,"-0.26,1.36,0.79,-79.77,49.44,9.03"
623,2026-08-03T12:26:15.458,24.927810,0.730100,-0.1500,0.3700,0.5300,-221.9800,16.1100,-49.6200,0.663551,228.028062,"-0.15,0.37,0.53,-221.98,16.11,-49.62"
624,2026-08-03T12:26:15.517,24.986209,58.399400,-0.0800,-0.2200,0.3000,-326.7200,-7.4500,-64.2700,0.380526,333.064699,"-0.08,-0.22,0.30,-326.72,-7.45,-64.27"
625,2026-08-03T12:26:15.576,25.045864,59.654800,-0.0400,-0.3900,0.1800,-400.5100,-30.2100,-45.6500,0.431393,404.233629,"-0.04,-0.39,0.18,-400.51,-30.21,-45.65"
626,2026-08-03T12:26:15.577,25.046528,0.664100,0.0100,-0.3600,0.2400,-391.9700,-59.0200,-25.6300,0.432782,397.216236,"0.01,-0.36,0.24,-391.97,-59.02,-25.63"
627,2026-08-03T12:26:15.637,25.106464,59.935900,0.0500,-0.3500,0.5600,-275.1500,-84.9600,-15.0800,0.662269,288.362845,"0.05,-0.35,0.56,-275.15,-84.96,-15.08"
628,2026-08-03T12:26:15.757,25.226128,119.664200,0.1600,-0.3700,1.1700,-72.7500,-104.4300,-12.4500,1.237497,127.879591,"0.16,-0.37,1.17,-72.75,-104.43,-12.45"
629,2026-08-03T12:26:15.757,25.226674,0.546400,0.2700,-0.1700,1.9200,156.9200,-95.6400,-0.3100,1.946330,183.768855,"0.27,-0.17,1.92,156.92,-95.64,-0.31"
630,2026-08-03T12:26:15.758,25.227113,0.438500,0.2500,0.3600,2.2300,350.7100,-36.1300,30.6400,2.272664,353.895028,"0.25,0.36,2.23,350.71,-36.13,30.64"
631,2026-08-03T12:26:15.817,25.286644,59.530700,0.1400,0.8100,1.7000,466.1300,31.9200,19.5900,1.888306,467.632154,"0.14,0.81,1.70,466.13,31.92,19.59"
632,2026-08-03T12:26:15.818,25.287153,0.509000,0.0600,0.8700,0.9300,415.2200,50.1100,-41.2000,1.274912,420.257184,"0.06,0.87,0.93,415.22,50.11,-41.20"
633,2026-08-03T12:26:15.876,25.346015,58.862500,0.0500,0.6500,0.5300,173.3400,25.4500,-68.2400,0.840179,188.019030,"0.05,0.65,0.53,173.34,25.45,-68.24"
634,2026-08-03T12:26:15.937,25.406074,60.058600,0.0500,0.2900,0.4300,-98.4500,6.1000,-51.3900,0.521057,111.222950,"0.05,0.29,0.43,-98.45,6.10,-51.39"
635,2026-08-03T12:26:15.937,25.406356,0.282600,0.0000,-0.0100,0.4000,-267.1500,6.5900,-21.9700,0.400125,268.132862,"0.00,-0.01,0.40,-267.15,6.59,-21.97"
636,2026-08-03T12:26:15.997,25.466327,59.970500,-0.0600,-0.1800,0.3200,-347.0500,8.3000,11.9000,0.372022,347.353138,"-0.06,-0.18,0.32,-347.05,8.30,11.90"
637,2026-08-03T12:26:16.057,25.526093,59.765700,-0.0800,-0.2600,0.2000,-375.4900,-6.4700,17.6400,0.337639,375.959799,"-0.08,-0.26,0.20,-375.49,-6.47,17.64"
638,2026-08-03T12:26:16.057,25.526509,0.416000,-0.0300,-0.2600,0.2100,-325.8100,-31.6800,-9.0300,0.335559,327.471097,"-0.03,-0.26,0.21,-325.81,-31.68,-9.03"
639,2026-08-03T12:26:16.117,25.586048,59.539500,0.1000,-0.2800,0.7400,-199.8300,-52.8600,-31.1900,0.797496,209.043117,"0.10,-0.28,0.74,-199.83,-52.86,-31.19"
640,2026-08-03T12:26:16.177,25.646188,60.140400,0.2800,-0.4100,1.7200,-57.5000,-83.8600,-46.3300,1.790223,111.737274,"0.28,-0.41,1.72,-57.50,-83.86,-46.33"
641,2026-08-03T12:26:16.177,25.646985,0.796300,0.3800,-0.5300,2.3000,47.2400,-88.3200,-52.0600,2.390669,112.881724,"0.38,-0.53,2.30,47.24,-88.32,-52.06"
642,2026-08-03T12:26:16.237,25.706242,59.257000,0.3500,-0.4200,2.0700,155.2100,-10.3100,-27.0400,2.140981,157.884774,"0.35,-0.42,2.07,155.21,-10.31,-27.04"
643,2026-08-03T12:26:16.356,25.825704,119.461800,0.2800,-0.1000,1.5100,313.4800,88.9300,6.9000,1.538993,325.923097,"0.28,-0.10,1.51,313.48,88.93,6.90"
644,2026-08-03T12:26:16.357,25.826548,0.844300,0.1900,0.1600,0.9800,427.9200,107.3600,0.9200,1.010990,441.183117,"0.19,0.16,0.98,427.92,107.36,0.92"
645,2026-08-03T12:26:16.357,25.826950,0.402300,0.0900,0.2500,0.5700,435.9700,61.2200,-39.5500,0.628888,442.020284,"0.09,0.25,0.57,435.97,61.22,-39.55"
646,2026-08-03T12:26:16.417,25.886552,59.602200,-0.0300,0.3300,0.4100,325.0100,27.2200,-54.1400,0.527162,330.610901,"-0.03,0.33,0.41,325.01,27.22,-54.14"
647,2026-08-03T12:26:16.417,25.886976,0.423400,-0.1000,0.5000,0.5100,97.8400,19.3500,-10.6200,0.721180,100.298916,"-0.10,0.50,0.51,97.84,19.35,-10.62"
648,2026-08-03T12:26:16.477,25.946201,59.224800,-0.1400,0.5600,0.6400,-173.4000,28.3200,48.7700,0.861858,182.340602,"-0.14,0.56,0.64,-173.40,28.32,48.77"
649,2026-08-03T12:26:16.537,26.006301,60.100200,-0.1500,0.3400,0.6400,-375.3700,44.3700,72.6300,0.740068,384.897974,"-0.15,0.34,0.64,-375.37,44.37,72.63"
650,2026-08-03T12:26:16.538,26.007057,0.756400,-0.0600,0.0100,0.6400,-436.9500,36.8700,55.5400,0.642884,442.006098,"-0.06,0.01,0.64,-436.95,36.87,55.54"
651,2026-08-03T12:26:16.597,26.066252,59.194600,0.1000,-0.2200,0.8200,-332.7000,2.6900,22.2200,0.854868,333.452027,"0.10,-0.22,0.82,-332.70,2.69,22.22"
652,2026-08-03T12:26:16.657,26.126206,59.954400,0.2000,-0.2200,1.1800,-123.6000,-24.2300,6.6500,1.216881,126.128012,"0.20,-0.22,1.18,-123.60,-24.23,6.65"
653,2026-08-03T12:26:16.657,26.126746,0.539500,0.1400,-0.0500,1.3500,75.9900,-21.9100,9.0300,1.358161,79.599429,"0.14,-0.05,1.35,75.99,-21.91,9.03"
654,2026-08-03T12:26:16.717,26.186493,59.747600,-0.0200,0.2100,1.2000,253.6600,4.2100,-10.6200,1.218401,253.917121,"-0.02,0.21,1.20,253.66,4.21,-10.62"
655,2026-08-03T12:26:16.777,26.246711,60.217400,-0.1600,0.5700,1.0200,388.0000,24.1100,-52.5500,1.179364,392.284074,"-0.16,0.57,1.02,388.00,24.11,-52.55"
656,2026-08-03T12:26:16.778,26.247276,0.565100,-0.2200,0.9000,0.9400,370.9700,16.2400,-63.2900,1.319848,376.680372,"-0.22,0.90,0.94,370.97,16.24,-63.29"
657,2026-08-03T12:26:16.896,26.365852,118.576400,-0.1900,0.9200,0.9100,143.7400,-8.0600,-22.4000,1.307899,145.698014,"-0.19,0.92,0.91,143.74,-8.06,-22.40"
658,2026-08-03T12:26:16.897,26.366350,0.497400,-0.0900,0.5400,0.8800,-215.2700,-25.7600,29.2400,1.036388,218.768663,"-0.09,0.54,0.88,-215.27,-25.76,29.24"
659,2026-08-03T12:26:16.898,26.367380,1.030700,-0.0300,0.0300,0.7500,-491.8200,-16.3600,42.0500,0.751199,493.885376,"-0.03,0.03,0.75,-491.82,-16.36,42.05"
660,2026-08-03T12:26:17.022,26.491410,124.029500,-0.0800,-0.3200,0.4500,-527.8300,32.8400,15.5000,0.557943,529.077711,"-0.08,-0.32,0.45,-527.83,32.84,15.50"
661,2026-08-03T12:26:17.023,26.492929,1.519100,-0.1400,-0.4400,0.0700,-378.2300,81.4800,-22.2800,0.467012,387.547831,"-0.14,-0.44,0.07,-378.23,81.48,-22.28"
662,2026-08-03T12:26:17.024,26.493550,0.621400,-0.1400,-0.3900,-0.1300,-116.1500,71.4700,-48.9500,0.434281,144.896121,"-0.14,-0.39,-0.13,-116.15,71.47,-48.95"
663,2026-08-03T12:26:17.077,26.546220,52.670100,-0.0700,-0.1900,0.0800,247.4400,-12.2100,-45.5300,0.217715,251.890092,"-0.07,-0.19,0.08,247.44,-12.21,-45.53"
664,2026-08-03T12:26:17.136,26.605964,59.743500,0.1300,0.3700,0.7000,570.9800,-117.4900,-12.8200,0.802371,583.083539,"0.13,0.37,0.70,570.98,-117.49,-12.82"
665,2026-08-03T12:26:17.137,26.606740,0.776500,0.3200,1.3800,1.4900,605.2900,-152.9500,32.9000,2.055943,625.181651,"0.32,1.38,1.49,605.29,-152.95,32.90"
666,2026-08-03T12:26:17.197,26.666641,59.901000,0.3100,2.0500,1.9600,317.2600,-104.6100,50.4200,2.853104,337.845136,"0.31,2.05,1.96,317.26,-104.61,50.42"
667,2026-08-03T12:26:17.257,26.726299,59.658000,0.2600,1.6300,1.7200,-44.0100,-25.0200,-2.1400,2.383883,50.670111,"0.26,1.63,1.72,-44.01,-25.02,-2.14"
668,2026-08-03T12:26:17.258,26.727133,0.834100,0.2700,0.6100,1.1000,-256.0400,44.0100,-83.8000,1.286468,272.975826,"0.27,0.61,1.10,-256.04,44.01,-83.80"
669,2026-08-03T12:26:17.317,26.786205,59.071300,0.2300,-0.0900,0.6500,-345.0300,77.2700,-106.3200,0.695342,369.215785,"0.23,-0.09,0.65,-345.03,77.27,-106.32"
670,2026-08-03T12:26:17.377,26.846614,60.409100,0.1400,-0.3400,0.4400,-370.7900,77.2700,-68.7900,0.573411,384.951869,"0.14,-0.34,0.44,-370.79,77.27,-68.79"
671,2026-08-03T12:26:17.378,26.847327,0.712800,0.0600,-0.4100,0.2600,-299.0100,70.5000,-35.6400,0.489183,309.269203,"0.06,-0.41,0.26,-299.01,70.50,-35.64"
672,2026-08-03T12:26:17.437,26.906737,59.409900,0.0200,-0.4600,0.0100,-162.7200,70.6800,-26.4300,0.460543,179.365564,"0.02,-0.46,0.01,-162.72,70.68,-26.43"
673,2026-08-03T12:26:17.496,26.965866,59.129100,0.0000,-0.4200,-0.1400,-30.0900,66.4100,-8.5400,0.442719,73.407273,"0.00,-0.42,-0.14,-30.09,66.41,-8.54"
674,2026-08-03T12:26:17.497,26.966630,0.764000,-0.0100,-0.2300,0.2800,58.4700,26.2500,41.2600,0.362491,76.224609,"-0.01,-0.23,0.28,58.47,26.25,41.26"
675,2026-08-03T12:26:17.557,27.026061,59.431100,-0.0600,-0.1600,1.6400,26.9800,-71.1700,75.5000,1.648878,107.206993,"-0.06,-0.16,1.64,26.98,-71.17,75.50"
676,2026-08-03T12:26:17.616,27.085828,59.767500,-0.1600,-0.4800,2.7000,-117.9200,-122.6800,24.9600,2.746998,171.984041,"-0.16,-0.48,2.70,-117.92,-122.68,24.96"
677,2026-08-03T12:26:17.617,27.086876,1.047500,-0.1300,-0.7800,2.3000,-180.7300,-31.3700,-38.8200,2.432139,187.495072,"-0.13,-0.78,2.30,-180.73,-31.37,-38.82"
678,2026-08-03T12:26:17.677,27.146445,59.569300,-0.0000,-0.7600,1.2800,-118.0400,82.4000,-39.0000,1.488624,149.144901,"-0.00,-0.76,1.28,-118.04,82.40,-39.00"
679,2026-08-03T12:26:17.737,27.206246,59.801200,0.0700,-0.5900,0.5800,-52.0000,106.5100,-16.7200,0.830301,119.699367,"0.07,-0.59,0.58,-52.00,106.51,-16.72"
680,2026-08-03T12:26:17.738,27.207086,0.839600,0.0900,-0.4200,0.1900,28.9300,90.9400,7.3900,0.469681,95.716459,"0.09,-0.42,0.19,28.93,90.94,7.39"
681,2026-08-03T12:26:17.798,27.267937,60.850700,0.0900,-0.3800,-0.0600,140.9900,76.7800,30.8800,0.395095,163.483708,"0.09,-0.38,-0.06,140.99,76.78,30.88"
682,2026-08-03T12:26:17.857,27.326661,58.724200,0.0400,-0.3900,-0.2100,223.6300,45.5900,49.7400,0.444747,233.587013,"0.04,-0.39,-0.21,223.63,45.59,49.74"
683,2026-08-03T12:26:17.858,27.327369,0.707900,0.0100,-0.2600,-0.2100,252.3800,-19.8400,64.5800,0.334365,261.265892,"0.01,-0.26,-0.21,252.38,-19.84,64.58"
684,2026-08-03T12:26:17.917,27.386137,58.768200,0.1500,0.1200,0.3200,230.7700,-136.1700,78.1900,0.373229,279.124950,"0.15,0.12,0.32,230.77,-136.17,78.19"
685,2026-08-03T12:26:17.977,27.446454,60.317500,0.3800,0.7500,1.5600,176.8800,-260.9900,97.3500,1.772146,329.968691,"0.38,0.75,1.56,176.88,-260.99,97.35"
686,2026-08-03T12:26:17.978,27.447252,0.797400,0.3100,1.3000,2.4600,156.9200,-225.4600,94.9700,2.799589,290.646519,"0.31,1.30,2.46,156.92,-225.46,94.97"
687,2026-08-03T12:26:18.037,27.506101,58.848800,0.1500,1.1900,2.3700,133.7300,-36.1900,17.2100,2.656219,139.605204,"0.15,1.19,2.37,133.73,-36.19,17.21"
688,2026-08-03T12:26:18.097,27.566247,60.146800,0.1600,0.5400,1.7400,7.0200,109.3700,-80.0200,1.828879,135.699218,"0.16,0.54,1.74,7.02,109.37,-80.02"
689,2026-08-03T12:26:18.097,27.566375,0.127700,0.1700,-0.0700,1.0300,-197.2000,150.1500,-90.9400,1.046279,264.013155,"0.17,-0.07,1.03,-197.20,150.15,-90.94"
690,2026-08-03T12:26:18.156,27.626007,59.632000,0.1500,-0.4500,0.5000,-386.4700,122.7400,-46.9400,0.689202,408.200358,"0.15,-0.45,0.50,-386.47,122.74,-46.94"
691,2026-08-03T12:26:18.217,27.686389,60.381500,0.0900,-0.5400,0.1500,-455.8100,80.1400,-11.2900,0.567627,462.939132,"0.09,-0.54,0.15,-455.81,80.14,-11.29"
692,2026-08-03T12:26:18.218,27.687153,0.764800,-0.0100,-0.4100,-0.0600,-384.7000,40.2200,10.0700,0.414488,386.927827,"-0.01,-0.41,-0.06,-384.70,40.22,10.07"
693,2026-08-03T12:26:18.276,27.745964,58.810400,-0.1000,-0.2400,-0.1100,-251.2200,2.8700,11.1700,0.282312,251.484580,"-0.10,-0.24,-0.11,-251.22,2.87,11.17"
694,2026-08-03T12:26:18.337,27.806166,60.202600,-0.0700,-0.0900,0.0300,-53.1600,-36.3800,4.2700,0.117898,64.557903,"-0.07,-0.09,0.03,-53.16,-36.38,4.27"
695,2026-08-03T12:26:18.337,27.806755,0.589000,0.0600,0.0000,0.7200,197.1400,-109.6800,-9.4600,0.722496,225.794981,"0.06,0.00,0.72,197.14,-109.68,-9.46"
696,2026-08-03T12:26:18.397,27.866403,59.647600,0.1000,0.0200,1.8700,367.2500,-199.1000,-24.1100,1.872779,418.443144,"0.10,0.02,1.87,367.25,-199.10,-24.11"
697,2026-08-03T12:26:18.457,27.926469,60.066300,0.1200,0.0400,2.4400,403.3200,-185.6100,-15.8100,2.443276,444.261241,"0.12,0.04,2.44,403.32,-185.61,-15.81"
698,2026-08-03T12:26:18.458,27.927129,0.660200,0.2800,0.0600,2.0000,431.1500,-47.1200,-6.0400,2.020396,433.759263,"0.28,0.06,2.00,431.15,-47.12,-6.04"
699,2026-08-03T12:26:18.517,27.986243,59.113800,0.3600,0.0700,1.2800,382.1400,52.1900,-8.9700,1.331503,385.791701,"0.36,0.07,1.28,382.14,52.19,-8.97"
700,2026-08-03T12:26:18.577,28.046477,60.233300,0.2700,0.0800,0.8500,79.9600,57.0700,13.2400,0.895433,99.125598,"0.27,0.08,0.85,79.96,57.07,13.24"
701,2026-08-03T12:26:18.577,28.046939,0.462500,0.0600,0.0900,0.6500,-300.8400,43.6400,60.2400,0.658939,309.900005,"0.06,0.09,0.65,-300.84,43.64,60.24"
702,2026-08-03T12:26:18.637,28.106595,59.656100,-0.1500,0.1000,0.4800,-471.9200,13.1200,54.5000,0.512738,475.237699,"-0.15,0.10,0.48,-471.92,13.12,54.50"
703,2026-08-03T12:26:18.696,28.165916,59.320600,-0.1500,0.0100,0.2900,-337.7100,-51.7600,-30.5200,0.326650,343.014012,"-0.15,0.01,0.29,-337.71,-51.76,-30.52"
704,2026-08-03T12:26:18.697,28.166183,0.266800,0.1600,-0.1700,0.3500,-79.3500,-120.4200,-119.2000,0.420714,187.099008,"0.16,-0.17,0.35,-79.35,-120.42,-119.20"
705,2026-08-03T12:26:18.756,28.225988,59.805800,0.6100,-0.3100,0.9200,78.3100,-199.7100,-145.0800,1.146560,258.968621,"0.61,-0.31,0.92,78.31,-199.71,-145.08"
706,2026-08-03T12:26:18.877,28.346027,120.039000,0.7900,-0.3000,1.2200,128.9700,-174.2600,-60.1800,1.484082,224.992091,"0.79,-0.30,1.22,128.97,-174.26,-60.18"
707,2026-08-03T12:26:18.877,28.346676,0.648200,0.5400,-0.3300,1.1200,133.7900,12.8200,62.7400,1.286429,148.325399,"0.54,-0.33,1.12,133.79,12.82,62.74"
708,2026-08-03T12:26:18.878,28.347554,0.878900,0.1800,-0.3700,1.1500,117.4900,182.7400,80.0200,1.221393,231.518915,"0.18,-0.37,1.15,117.49,182.74,80.02"
709,2026-08-03T12:26:18.937,28.406330,58.775900,0.0100,-0.2000,1.3900,84.9000,233.7000,-8.1800,1.404350,248.778239,"0.01,-0.20,1.39,84.90,233.70,-8.18"
710,2026-08-03T12:26:18.938,28.407120,0.789300,0.1100,0.0600,1.6000,1.6500,172.9100,-102.4200,1.604899,200.973747,"0.11,0.06,1.60,1.65,172.91,-102.42"
711,2026-08-03T12:26:18.997,28.466090,58.970200,0.2800,0.1700,1.4300,-105.2200,67.3200,-122.9900,1.467038,175.299090,"0.28,0.17,1.43,-105.22,67.32,-122.99"
712,2026-08-03T12:26:19.057,28.526067,59.977200,0.3100,0.0700,0.9700,-188.6000,5.9200,-78.1900,1.020735,204.251518,"0.31,0.07,0.97,-188.60,5.92,-78.19"
713,2026-08-03T12:26:19.057,28.526559,0.492000,0.2300,-0.0900,0.5100,-260.0100,1.8900,-16.4200,0.566657,260.534813,"0.23,-0.09,0.51,-260.01,1.89,-16.42"
714,2026-08-03T12:26:19.117,28.586885,60.325700,0.1400,-0.1700,0.1100,-285.0300,7.6300,37.1100,0.246171,287.536902,"0.14,-0.17,0.11,-285.03,7.63,37.11"
715,2026-08-03T12:26:19.177,28.646145,59.260500,-0.0600,-0.1000,-0.1900,-187.4400,12.8200,92.8300,0.222935,209.560289,"-0.06,-0.10,-0.19,-187.44,12.82,92.83"
716,2026-08-03T12:26:19.177,28.646609,0.463500,-0.4300,0.0200,0.2600,79.2800,84.0500,180.1100,0.502892,213.984422,"-0.43,0.02,0.26,79.28,84.05,180.11"
717,2026-08-03T12:26:19.298,28.767349,120.739900,-1.1600,-0.3500,1.6300,302.3700,245.1200,253.0500,2.031010,464.269032,"-1.16,-0.35,1.63,302.37,245.12,253.05"
718,2026-08-03T12:26:19.299,28.768396,1.047100,-1.7300,-0.8500,2.5000,230.9000,301.0300,182.1900,3.156802,420.864666,"-1.73,-0.85,2.50,230.90,301.03,182.19"
719,2026-08-03T12:26:19.299,28.768731,0.334700,-1.4200,-0.7300,1.9200,36.0700,103.5800,-14.3400,2.497138,110.614180,"-1.42,-0.73,1.92,36.07,103.58,-14.34"
720,2026-08-03T12:26:19.357,28.826379,57.648900,-0.7200,-0.3900,0.7600,-82.0300,-158.1400,-166.8700,1.117184,244.095837,"-0.72,-0.39,0.76,-82.03,-158.14,-166.87"
721,2026-08-03T12:26:19.417,28.886301,59.921200,-0.1700,-0.1100,-0.0300,-158.7500,-267.0900,-209.0000,0.204695,374.459117,"-0.17,-0.11,-0.03,-158.75,-267.09,-209."
722,2026-08-03T12:26:19.418,28.887224,0.923900,0.1500,0.0700,-0.3600,-191.8300,-216.5500,-175.4200,0.396232,338.326511,"0.15,0.07,-0.36,-191.83,-216.55,-175.42"
723,2026-08-03T12:26:19.477,28.946732,59.507700,0.2400,0.0900,-0.3500,-126.6500,-93.3200,-91.6700,0.433820,182.077549,"0.24,0.09,-0.35,-126.65,-93.32,-91.67"
724,2026-08-03T12:26:19.538,29.007432,60.700200,0.0900,-0.0400,0.1300,8.1800,37.0500,6.6500,0.163095,38.520610,"0.09,-0.04,0.13,8.18,37.05,6.65"
725,2026-08-03T12:26:19.539,29.008149,0.716200,-0.2500,-0.4200,1.0600,106.8700,133.0000,76.0500,1.167262,186.798821,"-0.25,-0.42,1.06,106.87,133.00,76.05"
726,2026-08-03T12:26:19.597,29.066766,58.617600,-0.5300,-0.8300,1.8300,111.4500,137.0800,75.1300,2.078148,191.980587,"-0.53,-0.83,1.83,111.45,137.08,75.13"
727,2026-08-03T12:26:19.717,29.186167,119.400500,-0.5200,-0.9400,1.8600,62.6800,45.1000,19.6500,2.147929,79.680078,"-0.52,-0.94,1.86,62.68,45.10,19.65"
728,2026-08-03T12:26:19.717,29.186840,0.673600,-0.3400,-0.8100,1.2800,0.2400,-53.0400,-27.9500,1.552450,59.954163,"-0.34,-0.81,1.28,0.24,-53.04,-27.95"
729,2026-08-03T12:26:19.718,29.187156,0.315700,-0.1700,-0.6000,0.6300,-51.3900,-92.5900,-44.2500,0.886454,114.768910,"-0.17,-0.60,0.63,-51.39,-92.59,-44.25"
730,2026-08-03T12:26:19.777,29.246558,59.402100,-0.0400,-0.3900,0.2400,-55.7900,-80.3800,-39.6100,0.459674,105.557665,"-0.04,-0.39,0.24,-55.79,-80.38,-39.61"
731,2026-08-03T12:26:19.778,29.247291,0.733300,0.0400,-0.2300,0.1600,-12.2700,-39.4300,-23.0100,0.283019,47.273015,"0.04,-0.23,0.16,-12.27,-39.43,-23.01"
732,2026-08-03T12:26:19.837,29.306474,59.182500,0.0100,-0.2300,0.4900,38.0900,19.2300,3.3000,0.541387,42.796390,"0.01,-0.23,0.49,38.09,19.23,3.30"
733,2026-08-03T12:26:19.897,29.366166,59.691800,-0.1600,-0.4500,1.0800,55.2400,74.8900,30.3300,1.180889,97.876854,"-0.16,-0.45,1.08,55.24,74.89,30.33"
734,2026-08-03T12:26:19.897,29.366717,0.551000,-0.3300,-0.6800,1.5000,48.1000,79.1600,34.7300,1.679673,98.924661,"-0.33,-0.68,1.50,48.10,79.16,34.73"
735,2026-08-03T12:26:19.957,29.426161,59.444500,-0.3600,-0.7300,1.4300,33.1400,24.6600,14.2200,1.645418,43.687339,"-0.36,-0.73,1.43,33.14,24.66,14.22"
736,2026-08-03T12:26:20.017,29.486849,60.688300,-0.2800,-0.6300,1.0200,6.4700,-37.9000,-9.7000,1.231138,39.653006,"-0.28,-0.63,1.02,6.47,-37.90,-9.70"
737,2026-08-03T12:26:20.018,29.487684,0.834700,-0.1700,-0.4800,0.6300,-18.9200,-68.5400,-23.3200,0.810062,74.829943,"-0.17,-0.48,0.63,-18.92,-68.54,-23.32"
738,2026-08-03T12:26:20.077,29.546731,59.047300,-0.0700,-0.3500,0.3900,-20.7500,-60.5500,-22.8900,0.528678,67.976592,"-0.07,-0.35,0.39,-20.75,-60.55,-22.89"
739,2026-08-03T12:26:20.197,29.666286,119.554100,-0.0200,-0.2400,0.3300,7.3900,-26.0000,-10.6800,0.408534,29.063284,"-0.02,-0.24,0.33,7.39,-26.00,-10.68"
740,2026-08-03T12:26:20.198,29.667119,0.833500,-0.0900,-0.2900,0.6900,41.7500,26.8600,9.2800,0.753857,50.503866,"-0.09,-0.29,0.69,41.75,26.86,9.28"
741,2026-08-03T12:26:20.198,29.667268,0.148900,-0.2500,-0.5300,1.4400,46.3900,75.9300,22.0300,1.554670,91.666340,"-0.25,-0.53,1.44,46.39,75.93,22.03"
742,2026-08-03T12:26:20.258,29.727191,59.922900,-0.3300,-0.7200,1.9100,31.6800,70.4300,14.6500,2.067704,78.604261,"-0.33,-0.72,1.91,31.68,70.43,14.65"
743,2026-08-03T12:26:20.258,29.727901,0.709900,-0.2500,-0.6500,1.6000,12.7600,-4.5800,0.8500,1.744993,13.583685,"-0.25,-0.65,1.60,12.76,-4.58,0.85"
744,2026-08-03T12:26:20.316,29.785936,58.035500,-0.1400,-0.4700,0.8300,-22.9500,-89.5400,-3.5400,0.964054,92.502139,"-0.14,-0.47,0.83,-22.95,-89.54,-3.54"
745,2026-08-03T12:26:20.377,29.846380,60.443500,-0.0600,-0.3200,0.2300,-58.4100,-113.5900,0.8500,0.398623,127.730727,"-0.06,-0.32,0.23,-58.41,-113.59,0.85"
746,2026-08-03T12:26:20.378,29.847298,0.918500,-0.0200,-0.2300,-0.0100,-61.5800,-74.3400,6.7700,0.231084,96.769649,"-0.02,-0.23,-0.01,-61.58,-74.34,6.77"
747,2026-08-03T12:26:20.497,29.966197,118.898700,-0.0100,-0.1800,0.1500,-13.4900,-20.2000,7.7500,0.234521,25.496717,"-0.01,-0.18,0.15,-13.49,-20.20,7.75"
748,2026-08-03T12:26:20.497,29.966782,0.584900,-0.0400,-0.1800,0.7500,73.5500,24.7800,6.9600,0.772334,77.923632,"-0.04,-0.18,0.75,73.55,24.78,6.96"
749,2026-08-03T12:26:20.498,29.967116,0.334400,-0.0900,-0.2800,1.4900,141.3000,48.5200,6.8400,1.518749,149.554893,"-0.09,-0.28,1.49,141.30,48.52,6.84"
750,2026-08-03T12:26:20.557,30.026296,59.179600,-0.0900,-0.3500,1.8500,160.4600,12.8200,2.8700,1.884967,160.996897,"-0.09,-0.35,1.85,160.46,12.82,2.87"
751,2026-08-03T12:26:20.617,30.086357,60.061500,-0.0400,-0.2900,1.6100,118.7100,-63.0500,0.1200,1.636398,134.414958,"-0.04,-0.29,1.61,118.71,-63.05,0.12"
752,2026-08-03T12:26:20.618,30.087100,0.742300,-0.0500,-0.3100,1.0200,10.8600,-89.0500,3.8500,1.067239,89.792342,"-0.05,-0.31,1.02,10.86,-89.05,3.85"
753,2026-08-03T12:26:20.737,30.206527,119.426900,-0.0400,-0.3000,0.5600,-64.0300,-69.7000,15.5600,0.636553,95.916862,"-0.04,-0.30,0.56,-64.03,-69.70,15.56"
754,2026-08-03T12:26:20.738,30.207242,0.715600,0.0600,-0.1900,0.4400,-54.8100,-64.6400,21.9100,0.483011,87.535786,"0.06,-0.19,0.44,-54.81,-64.64,21.91"
755,2026-08-03T12:26:20.739,30.208050,0.808100,0.1500,-0.1300,0.5000,-22.4600,-52.1200,13.1200,0.537959,58.250154,"0.15,-0.13,0.50,-22.46,-52.12,13.12"
756,2026-08-03T12:26:20.797,30.266560,58.509500,0.1600,-0.1100,0.6200,-2.0800,-10.6200,2.0100,0.649692,11.006857,"0.16,-0.11,0.62,-2.08,-10.62,2.01"
757,2026-08-03T12:26:20.857,30.326332,59.771800,0.0800,-0.1400,0.8000,4.3300,52.1200,2.0100,0.816088,52.338164,"0.08,-0.14,0.80,4.33,52.12,2.01"
758,2026-08-03T12:26:20.857,30.326685,0.353400,-0.0600,-0.2800,1.0800,-1.8900,109.3700,13.2400,1.117318,110.184693,"-0.06,-0.28,1.08,-1.89,109.37,13.24"
759,2026-08-03T12:26:20.977,30.446394,119.708800,-0.1600,-0.4700,1.5100,2.2600,113.6500,14.9500,1.589528,114.651352,"-0.16,-0.47,1.51,2.26,113.65,14.95"
760,2026-08-03T12:26:20.978,30.447123,0.729300,-0.1100,-0.4600,1.7700,20.8100,66.6500,-4.5200,1.832103,69.969343,"-0.11,-0.46,1.77,20.81,66.65,-4.52"
761,2026-08-03T12:26:20.978,30.447398,0.275200,-0.0500,-0.3100,1.4900,0.0600,1.0400,-18.6800,1.522728,18.709025,"-0.05,-0.31,1.49,0.06,1.04,-18.68"
762,2026-08-03T12:26:21.037,30.506065,58.666300,-0.0500,-0.2700,0.8900,-50.9600,-60.9700,-8.3000,0.931397,79.894634,"-0.05,-0.27,0.89,-50.96,-60.97,-8.30"
763,2026-08-03T12:26:21.097,30.566229,60.164900,-0.0700,-0.2900,0.3800,-65.3700,-88.1300,4.7000,0.483115,109.828156,"-0.07,-0.29,0.38,-65.37,-88.13,4.70"
764,2026-08-03T12:26:21.098,30.567176,0.946900,-0.0500,-0.2700,0.1200,-28.5000,-57.0100,2.9900,0.299666,63.806976,"-0.05,-0.27,0.12,-28.50,-57.01,2.99"
765,2026-08-03T12:26:21.157,30.626293,59.116800,-0.0100,-0.1600,0.2400,26.8600,27.2800,-4.3900,0.288617,38.534791,"-0.01,-0.16,0.24,26.86,27.28,-4.39"
766,2026-08-03T12:26:21.217,30.686508,60.215100,-0.0500,-0.0400,0.7100,60.6700,124.8200,0.5500,0.712881,138.784667,"-0.05,-0.04,0.71,60.67,124.82,0.55"
767,2026-08-03T12:26:21.218,30.687163,0.654400,-0.2100,-0.0400,1.3900,65.1200,179.5700,25.8200,1.406343,192.750283,"-0.21,-0.04,1.39,65.12,179.57,25.82"
768,2026-08-03T12:26:21.277,30.746097,58.934600,-0.4500,-0.2500,1.9500,43.0900,160.5200,56.7000,2.016804,175.608395,"-0.45,-0.25,1.95,43.09,160.52,56.70"
769,2026-08-03T12:26:21.337,30.806335,60.237900,-0.5600,-0.4600,1.8500,3.8500,63.4800,57.3700,1.986882,85.649576,"-0.56,-0.46,1.85,3.85,63.48,57.37"
770,2026-08-03T12:26:21.337,30.806835,0.499500,-0.4300,-0.4300,1.1600,-25.9400,-63.9000,23.8600,1.309733,72.975292,"-0.43,-0.43,1.16,-25.94,-63.90,23.86"
771,2026-08-03T12:26:21.396,30.866007,59.172600,-0.2300,-0.3000,0.5100,-43.5800,-131.6500,-8.1800,0.634823,138.916706,"-0.23,-0.30,0.51,-43.58,-131.65,-8.18"
772,2026-08-03T12:26:21.517,30.986330,120.322800,-0.1000,-0.2000,0.2100,-49.1300,-108.4600,-22.8900,0.306757,121.248838,"-0.10,-0.20,0.21,-49.13,-108.46,-22.89"
773,2026-08-03T12:26:21.517,30.986886,0.556300,-0.0400,-0.1000,0.2300,-29.1700,-37.1700,-25.2100,0.253969,53.554103,"-0.04,-0.10,0.23,-29.17,-37.17,-25.21"
774,2026-08-03T12:26:21.518,30.987547,0.660700,-0.0700,-0.0300,0.6200,8.8500,41.8100,-16.3600,0.624660,45.760771,"-0.07,-0.03,0.62,8.85,41.81,-16.36"
775,2026-08-03T12:26:21.577,31.046342,58.794700,-0.1900,-0.0900,1.3000,31.8000,104.6100,3.8500,1.316890,109.404363,"-0.19,-0.09,1.30,31.80,104.61,3.85"
776,2026-08-03T12:26:21.578,31.047235,0.892800,-0.3600,-0.2700,1.8500,28.1400,114.3200,23.3800,1.903943,120.031439,"-0.36,-0.27,1.85,28.14,114.32,23.38"
777,2026-08-03T12:26:21.636,31.105982,58.747900,-0.4300,-0.4000,1.7300,17.9400,41.5000,22.9500,1.826965,50.703019,"-0.43,-0.40,1.73,17.94,41.50,22.95"
778,2026-08-03T12:26:21.697,31.166718,60.735700,-0.3600,-0.4100,1.0700,1.8300,-70.0100,3.7800,1.201083,70.135850,"-0.36,-0.41,1.07,1.83,-70.01,3.78"
779,2026-08-03T12:26:21.698,31.167424,0.705800,-0.2300,-0.3500,0.4800,-23.1300,-124.3900,-15.4400,0.637024,127.460828,"-0.23,-0.35,0.48,-23.13,-124.39,-15.44"
780,2026-08-03T12:26:21.758,31.227484,60.059900,-0.1300,-0.2500,0.1900,-33.7500,-89.1100,-26.8600,0.339853,99.000577,"-0.13,-0.25,0.19,-33.75,-89.11,-26.86"
781,2026-08-03T12:26:21.817,31.286618,59.134200,-0.0900,-0.1200,0.2800,-11.5400,-5.1300,-27.2200,0.317648,30.006948,"-0.09,-0.12,0.28,-11.54,-5.13,-27.22"
782,2026-08-03T12:26:21.818,31.287469,0.851400,-0.2100,-0.1200,0.9500,28.1400,87.7700,-14.9500,0.980306,93.375238,"-0.21,-0.12,0.95,28.14,87.77,-14.95"
783,2026-08-03T12:26:21.877,31.346323,58.853100,-0.3600,-0.2500,1.7000,50.6600,129.8200,-9.0900,1.755591,139.650622,"-0.36,-0.25,1.70,50.66,129.82,-9.09"
784,2026-08-03T12:26:21.937,31.406576,60.253100,-0.3600,-0.2700,1.7700,56.4600,60.3000,-16.6600,1.826308,84.269670,"-0.36,-0.27,1.77,56.46,60.30,-16.66"
785,2026-08-03T12:26:21.938,31.407417,0.840900,-0.2500,-0.2500,1.2300,39.3100,-49.5600,-17.4600,1.279805,65.622567,"-0.25,-0.25,1.23,39.31,-49.56,-17.46"
786,2026-08-03T12:26:21.997,31.466234,58.817800,-0.1600,-0.2600,0.6900,-10.3800,-86.6100,-9.8300,0.754520,87.781920,"-0.16,-0.26,0.69,-10.38,-86.61,-9.83"
787,2026-08-03T12:26:22.057,31.526311,60.076700,-0.1200,-0.2500,0.4300,-50.0500,-54.5000,-8.1800,0.511664,74.445718,"-0.12,-0.25,0.43,-50.05,-54.50,-8.18"
788,2026-08-03T12:26:22.057,31.526767,0.455800,-0.1000,-0.1800,0.3400,-44.2500,-10.7400,-13.4300,0.397492,47.473940,"-0.10,-0.18,0.34,-44.25,-10.74,-13.43"
789,2026-08-03T12:26:22.117,31.586455,59.688400,-0.1400,-0.0900,0.5500,5.3700,36.0100,-14.1000,0.574630,39.043143,"-0.14,-0.09,0.55,5.37,36.01,-14.10"
790,2026-08-03T12:26:22.237,31.706167,119.711500,-0.3100,-0.0900,1.1700,51.4500,95.4000,-10.2500,1.213713,108.872976,"-0.31,-0.09,1.17,51.45,95.40,-10.25"
791,2026-08-03T12:26:22.237,31.706907,0.740400,-0.4500,-0.1500,1.6900,57.7400,106.7500,-9.4000,1.755306,121.728510,"-0.45,-0.15,1.69,57.74,106.75,-9.40"
792,2026-08-03T12:26:22.238,31.707616,0.708400,-0.4300,-0.2200,1.6300,39.0000,34.5500,-7.0200,1.700059,52.573595,"-0.43,-0.22,1.63,39.00,34.55,-7.02"
793,2026-08-03T12:26:22.357,31.826464,118.848800,-0.3300,-0.2700,1.1900,6.3500,-48.7700,-2.2000,1.264081,49.230838,"-0.33,-0.27,1.19,6.35,-48.77,-2.20"
794,2026-08-03T12:26:22.358,31.827113,0.649000,-0.2100,-0.2600,0.7800,-29.1700,-81.1800,-3.6600,0.848587,86.339313,"-0.21,-0.26,0.78,-29.17,-81.18,-3.66"
795,2026-08-03T12:26:22.358,31.827700,0.586900,-0.0900,-0.2000,0.4700,-43.8200,-73.4900,-10.3100,0.518652,86.181602,"-0.09,-0.20,0.47,-43.82,-73.49,-10.31"
796,2026-08-03T12:26:22.477,31.946461,118.760800,-0.0000,-0.1200,0.2500,-34.4800,-42.9700,-11.3500,0.277308,56.250456,"-0.00,-0.12,0.25,-34.48,-42.97,-11.35"
797,2026-08-03T12:26:22.478,31.947110,0.649300,-0.0300,-0.0200,0.3300,-25.5700,15.5000,-0.1200,0.331964,29.901326,"-0.03,-0.02,0.33,-25.57,15.50,-0.12"
798,2026-08-03T12:26:22.478,31.947314,0.203400,-0.2600,-0.1500,0.9200,-47.5500,76.2900,10.1900,0.967729,90.471005,"-0.26,-0.15,0.92,-47.55,76.29,10.19"
799,2026-08-03T12:26:22.537,32.006640,59.325900,-0.4500,-0.5400,1.6000,-89.6600,78.6100,-11.7200,1.747598,119.815717,"-0.45,-0.54,1.60,-89.66,78.61,-11.72"
800,2026-08-03T12:26:22.538,32.007461,0.821000,-0.3900,-0.7900,1.7700,-95.5800,2.2000,-54.3200,1.977144,109.959260,"-0.39,-0.79,1.77,-95.58,2.20,-54.32"
801,2026-08-03T12:26:22.597,32.066226,58.765700,-0.2000,-0.7100,1.3300,-53.5900,-87.4600,-73.4900,1.520855,126.182090,"-0.20,-0.71,1.33,-53.59,-87.46,-73.49"
802,2026-08-03T12:26:22.658,32.127081,60.854600,-0.0600,-0.4600,0.7000,-21.3600,-116.3300,-58.5900,0.839762,131.991313,"-0.06,-0.46,0.70,-21.36,-116.33,-58.59"
803,2026-08-03T12:26:22.658,32.127622,0.541200,-0.0100,-0.2900,0.2800,-62.6200,-76.9700,-33.1400,0.403237,104.613120,"-0.01,-0.29,0.28,-62.62,-76.97,-33.14"
804,2026-08-03T12:26:22.717,32.186592,58.970000,0.0100,-0.2300,0.1700,-136.7800,-11.4700,-36.6200,0.286182,142.061091,"0.01,-0.23,0.17,-136.78,-11.47,-36.62"
805,2026-08-03T12:26:22.776,32.245882,59.290200,0.0400,-0.3000,0.3500,-123.1100,21.3000,-60.2400,0.462709,138.703351,"0.04,-0.30,0.35,-123.11,21.30,-60.24"
806,2026-08-03T12:26:22.777,32.246696,0.813900,0.0600,-0.5700,0.8500,-22.0900,17.2100,-42.1800,1.025183,50.629088,"0.06,-0.57,0.85,-22.09,17.21,-42.18"
807,2026-08-03T12:26:22.837,32.306296,59.600100,0.0500,-0.9000,1.4100,68.6600,26.7300,11.1100,1.673499,74.512553,"0.05,-0.90,1.41,68.66,26.73,11.11"
808,2026-08-03T12:26:22.897,32.366094,59.798100,0.0100,-1.0000,1.5800,104.9200,37.8400,31.8600,1.869893,115.996257,"0.01,-1.00,1.58,104.92,37.84,31.86"
809,2026-08-03T12:26:22.898,32.367708,1.613100,-0.0300,-0.8400,1.2100,67.9300,4.2100,8.9100,1.473296,68.641074,"-0.03,-0.84,1.21,67.93,4.21,8.91"
810,2026-08-03T12:26:22.957,32.426241,58.533000,-0.0500,-0.5600,0.6600,-16.5400,-45.7800,-20.2000,0.867006,52.701233,"-0.05,-0.56,0.66,-16.54,-45.78,-20.20"
811,2026-08-03T12:26:23.017,32.486791,60.550700,-0.0400,-0.3400,0.3200,-86.6700,-57.6200,-42.6000,0.468615,112.456717,"-0.04,-0.34,0.32,-86.67,-57.62,-42.60"
812,2026-08-03T12:26:23.018,32.487419,0.627200,0.0200,-0.2400,0.1600,-104.3100,-28.2600,-72.5700,0.289137,130.175300,"0.02,-0.24,0.16,-104.31,-28.26,-72.57"
813,2026-08-03T12:26:23.077,32.546329,58.910300,0.0500,-0.2200,0.2600,-41.3800,18.5500,-85.2100,0.344238,96.525390,"0.05,-0.22,0.26,-41.38,18.55,-85.21"
814,2026-08-03T12:26:23.196,32.665918,119.589200,0.0600,-0.4000,0.7800,49.6200,65.9200,-43.4600,0.878635,93.254289,"0.06,-0.40,0.78,49.62,65.92,-43.46"
815,2026-08-03T12:26:23.256,32.725852,59.934000,0.1100,-0.8600,1.4400,68.6000,72.6300,11.4100,1.680863,100.554786,"0.11,-0.86,1.44,68.60,72.63,11.41"
816,2026-08-03T12:26:23.257,32.726885,1.033000,0.1900,-1.1600,1.6500,22.0300,19.9600,19.3500,2.025883,35.470340,"0.19,-1.16,1.65,22.03,19.96,19.35"
817,2026-08-03T12:26:23.258,32.727403,0.517600,0.2000,-1.0300,1.2700,-15.6900,-37.4800,-7.6900,1.647362,41.352903,"0.20,-1.03,1.27,-15.69,-37.48,-7.69"
818,2026-08-03T12:26:23.259,32.728143,0.740600,0.1400,-0.7300,0.7400,-32.7800,-62.9300,-30.4600,1.048857,77.217387,"0.14,-0.73,0.74,-32.78,-62.93,-30.46"
819,2026-08-03T12:26:23.317,32.786460,58.317100,0.1000,-0.4400,0.4000,-40.5900,-58.8400,-36.0700,0.602993,80.067088,"0.10,-0.44,0.40,-40.59,-58.84,-36.07"
820,2026-08-03T12:26:23.377,32.846482,60.022000,0.1000,-0.2200,0.2100,-27.6500,-34.3600,-26.1800,0.320156,51.288639,"0.10,-0.22,0.21,-27.65,-34.36,-26.18"
821,2026-08-03T12:26:23.377,32.846826,0.343700,0.0900,-0.1000,0.1800,3.7200,-2.7500,-2.4400,0.224722,5.230153,"0.09,-0.10,0.18,3.72,-2.75,-2.44"
822,2026-08-03T12:26:23.436,32.905894,59.068400,0.0700,-0.1800,0.4800,32.7100,34.0600,32.4100,0.517397,57.275089,"0.07,-0.18,0.48,32.71,34.06,32.41"
823,2026-08-03T12:26:23.557,33.026885,120.990800,0.0800,-0.5600,1.0100,34.9700,56.2100,59.9400,1.157627,89.304359,"0.08,-0.56,1.01,34.97,56.21,59.94"
824,2026-08-03T12:26:23.559,33.028049,1.163700,0.1300,-1.0100,1.3700,20.6300,37.1100,51.2700,1.707015,66.568475,"0.13,-1.01,1.37,20.63,37.11,51.27"
825,2026-08-03T12:26:23.559,33.028854,0.805300,0.1700,-1.1500,1.4100,11.9000,-1.6500,11.3500,1.827430,16.527401,"0.17,-1.15,1.41,11.90,-1.65,11.35"
826,2026-08-03T12:26:23.617,33.086605,57.750400,0.1700,-0.9900,1.1400,1.4000,-25.1500,-23.6200,1.519408,34.530956,"0.17,-0.99,1.14,1.40,-25.15,-23.62"
827,2026-08-03T12:26:23.618,33.087211,0.606700,0.1300,-0.6800,0.7300,-4.5200,-31.0100,-39.6700,1.006082,50.554519,"0.13,-0.68,0.73,-4.52,-31.01,-39.67"
828,2026-08-03T12:26:23.677,33.146351,59.139900,0.1000,-0.3600,0.4100,2.7500,-25.2700,-40.6500,0.554707,47.943278,"0.10,-0.36,0.41,2.75,-25.27,-40.65"
829,2026-08-03T12:26:23.737,33.206353,60.001500,0.0900,-0.1600,0.2700,14.8300,-11.2900,-27.0400,0.326497,32.841355,"0.09,-0.16,0.27,14.83,-11.29,-27.04"
830,2026-08-03T12:26:23.738,33.207383,1.030100,0.0900,-0.1200,0.3800,29.9100,10.9900,-0.7900,0.408534,31.874948,"0.09,-0.12,0.38,29.91,10.99,-0.79"
831,2026-08-03T12:26:23.797,33.266612,59.229100,0.1100,-0.3200,0.8000,27.7700,34.9100,32.5900,0.868620,55.244811,"0.11,-0.32,0.80,27.77,34.91,32.59"
832,2026-08-03T12:26:23.857,33.326130,59.517700,0.1600,-0.6900,1.2600,0.8500,39.3100,51.9400,1.445441,65.144165,"0.16,-0.69,1.26,0.85,39.31,51.94"
833,2026-08-03T12:26:23.857,33.326933,0.803100,0.2000,-0.9400,1.4200,-14.9500,12.2100,30.1500,1.714643,35.799568,"0.20,-0.94,1.42,-14.95,12.21,30.15"
834,2026-08-03T12:26:23.978,33.447345,120.412700,0.2000,-0.9100,1.1800,-9.7000,-26.1800,-18.8600,1.503496,33.692462,"0.20,-0.91,1.18,-9.70,-26.18,-18.86"
835,2026-08-03T12:26:23.979,33.448139,0.793700,0.1600,-0.6900,0.7800,5.3700,-45.6500,-48.5800,1.053613,66.878814,"0.16,-0.69,0.78,5.37,-45.65,-48.58"
836,2026-08-03T12:26:23.980,33.449179,1.040000,0.1100,-0.4400,0.4800,18.6800,-37.0500,-43.2100,0.660379,59.906168,"0.11,-0.44,0.48,18.68,-37.05,-43.21"
837,2026-08-03T12:26:24.037,33.506644,57.465200,0.0900,-0.2800,0.4000,19.1000,-10.1900,-21.3600,0.496488,30.412098,"0.09,-0.28,0.40,19.10,-10.19,-21.36"
838,2026-08-03T12:26:24.097,33.566808,60.163700,0.0800,-0.2200,0.5200,18.6200,21.4200,2.3200,0.570263,28.476362,"0.08,-0.22,0.52,18.62,21.42,2.32"
839,2026-08-03T12:26:24.098,33.567605,0.796600,0.1000,-0.3700,0.8600,16.6600,48.2800,27.8900,0.941541,58.192492,"0.10,-0.37,0.86,16.66,48.28,27.89"
840,2026-08-03T12:26:24.157,33.626255,58.650500,0.1500,-0.6900,1.2700,1.1600,55.7300,46.6300,1.453100,72.674173,"0.15,-0.69,1.27,1.16,55.73,46.63"
841,2026-08-03T12:26:24.217,33.686301,60.046000,0.1700,-0.8600,1.3900,-3.0500,36.6800,37.7800,1.643350,52.745173,"0.17,-0.86,1.39,-3.05,36.68,37.78"
842,2026-08-03T12:26:24.217,33.686855,0.554000,0.1400,-0.7200,1.1300,18.7400,6.5900,9.2800,1.347182,21.925649,"0.14,-0.72,1.13,18.74,6.59,9.28"
843,2026-08-03T12:26:24.277,33.746204,59.348700,0.0800,-0.4800,0.7500,36.1300,-20.6900,-13.5500,0.894036,43.784192,"0.08,-0.48,0.75,36.13,-20.69,-13.55"
844,2026-08-03T12:26:24.337,33.806539,60.335300,0.0400,-0.2900,0.4700,32.2300,-33.3300,-20.4500,0.553715,50.674099,"0.04,-0.29,0.47,32.23,-33.33,-20.45"
845,2026-08-03T12:26:24.338,33.807030,0.490600,0.0200,-0.2000,0.4000,19.4700,-19.9000,-11.3500,0.447661,30.065153,"0.02,-0.20,0.40,19.47,-19.90,-11.35"
846,2026-08-03T12:26:24.397,33.866293,59.263300,0.0300,-0.2600,0.6800,7.5700,15.1400,9.7000,0.728629,19.509344,"0.03,-0.26,0.68,7.57,15.14,9.70"
847,2026-08-03T12:26:24.458,33.927793,61.499500,0.0900,-0.5000,1.1800,-5.8600,41.0200,27.1600,1.284718,49.544380,"0.09,-0.50,1.18,-5.86,41.02,27.16"
848,2026-08-03T12:26:24.459,33.928198,0.405100,0.1400,-0.6700,1.4500,-6.3500,26.1800,20.6900,1.603434,33.967499,"0.14,-0.67,1.45,-6.35,26.18,20.69"
849,2026-08-03T12:26:24.517,33.986364,58.166500,0.1500,-0.6300,1.2900,6.4100,-15.6900,0.0000,1.443433,16.948870,"0.15,-0.63,1.29,6.41,-15.69,0.00"
850,2026-08-03T12:26:24.637,34.106320,119.956400,0.1200,-0.4900,0.8800,17.0900,-51.3900,-13.3700,1.014347,55.783126,"0.12,-0.49,0.88,17.09,-51.39,-13.37"
851,2026-08-03T12:26:24.638,34.107033,0.712700,0.0700,-0.3500,0.5200,21.4200,-57.8000,-14.1000,0.630714,63.233428,"0.07,-0.35,0.52,21.42,-57.80,-14.10"
852,2026-08-03T12:26:24.638,34.107574,0.541200,0.0400,-0.2500,0.3900,10.8600,-25.5700,-3.3600,0.464973,27.983104,"0.04,-0.25,0.39,10.86,-25.57,-3.36"
853,2026-08-03T12:26:24.697,34.166276,58.702100,0.0300,-0.2700,0.6400,-27.4000,62.8700,28.1400,0.695270,74.129997,"0.03,-0.27,0.64,-27.40,62.87,28.14"
854,2026-08-03T12:26:24.697,34.166939,0.662000,0.1000,-0.5100,1.2200,-35.4000,43.1500,21.3600,1.326084,59.760623,"0.10,-0.51,1.22,-35.40,43.15,21.36"
855,2026-08-03T12:26:24.757,34.226765,59.826400,0.1600,-0.6900,1.5300,-5.0000,-6.5900,-0.3700,1.686001,8.280399,"0.16,-0.69,1.53,-5.00,-6.59,-0.37"
856,2026-08-03T12:26:24.817,34.286257,59.492600,0.1400,-0.6400,1.2500,18.1900,-34.6700,-9.0300,1.411276,40.179919,"0.14,-0.64,1.25,18.19,-34.67,-9.03"
857,2026-08-03T12:26:24.817,34.286776,0.518500,0.0800,-0.4900,0.7900,4.5200,-26.9200,-2.5000,0.933059,27.411071,"0.08,-0.49,0.79,4.52,-26.92,-2.50"
858,2026-08-03T12:26:24.877,34.346223,59.447200,0.0400,-0.3600,0.4900,-7.0800,-5.4900,4.3300,0.609344,9.950648,"0.04,-0.36,0.49,-7.08,-5.49,4.33"
859,2026-08-03T12:26:24.937,34.406653,60.429800,0.0200,-0.2500,0.3600,2.3200,16.1700,10.0100,0.438748,19.158586,"0.02,-0.25,0.36,2.32,16.17,10.01"
860,2026-08-03T12:26:24.938,34.407607,0.953600,0.0100,-0.2300,0.4800,-3.6600,37.2300,21.1200,0.532353,42.959550,"0.01,-0.23,0.48,-3.66,37.23,21.12"
861,2026-08-03T12:26:24.997,34.466398,58.791900,0.0400,-0.4400,0.9700,-20.8100,42.0500,22.8300,1.065880,52.177270,"0.04,-0.44,0.97,-20.81,42.05,22.83"
862,2026-08-03T12:26:25.057,34.526778,60.379800,0.0900,-0.7100,1.4400,-14.2200,26.9200,5.5500,1.608042,30.946685,"0.09,-0.71,1.44,-14.22,26.92,5.55"
863,2026-08-03T12:26:25.058,34.527523,0.744700,0.0900,-0.7500,1.4300,-8.7900,6.5900,-10.0100,1.617251,14.862446,"0.09,-0.75,1.43,-8.79,6.59,-10.01"
864,2026-08-03T12:26:25.176,34.645479,117.956300,0.0500,-0.6200,1.0400,-8.3000,-11.8400,-17.2100,1.211817,22.477983,"0.05,-0.62,1.04,-8.30,-11.84,-17.21"
865,2026-08-03T12:26:25.177,34.646559,1.079300,0.0100,-0.4400,0.6300,4.5200,-18.0100,-19.7100,0.768505,27.079044,"0.01,-0.44,0.63,4.52,-18.01,-19.71"
866,2026-08-03T12:26:25.178,34.647438,0.879200,-0.0100,-0.2800,0.3900,18.4900,-0.4900,-11.5400,0.480208,21.801188,"-0.01,-0.28,0.39,18.49,-0.49,-11.54"
867,2026-08-03T12:26:25.237,34.706780,59.341700,-0.0000,-0.2000,0.4800,16.7800,35.1600,11.0500,0.520000,40.495636,"-0.00,-0.20,0.48,16.78,35.16,11.05"
868,2026-08-03T12:26:25.296,34.766004,59.224200,-0.0000,-0.3400,0.9200,10.8000,61.9500,34.7300,0.980816,71.837423,"-0.00,-0.34,0.92,10.80,61.95,34.73"
869,2026-08-03T12:26:25.297,34.766500,0.495800,-0.0500,-0.5800,1.3100,23.4400,64.0300,36.8000,1.433527,77.482350,"-0.05,-0.58,1.31,23.44,64.03,36.80"
870,2026-08-03T12:26:25.357,34.826296,59.796500,-0.1100,-0.6300,1.2600,20.6300,49.5600,21.7900,1.413011,57.936125,"-0.11,-0.63,1.26,20.63,49.56,21.79"
871,2026-08-03T12:26:25.417,34.886557,60.261000,-0.1300,-0.5800,1.0400,-1.3400,19.4100,0.1800,1.197873,19.457032,"-0.13,-0.58,1.04,-1.34,19.41,0.18"
872,2026-08-03T12:26:25.418,34.887377,0.820400,-0.1200,-0.5200,0.8700,-6.2300,-14.5300,-17.0900,1.020637,23.280934,"-0.12,-0.52,0.87,-6.23,-14.53,-17.09"
873,2026-08-03T12:26:25.477,34.946055,58.677600,-0.0900,-0.3900,0.7200,-4.8800,-26.0000,-12.9400,0.823772,29.449244,"-0.09,-0.39,0.72,-4.88,-26.00,-12.94"
874,2026-08-03T12:26:25.536,35.005988,59.932600,-0.0500,-0.2400,0.5800,-6.2900,-3.9700,11.6600,0.629682,13.830423,"-0.05,-0.24,0.58,-6.29,-3.97,11.66"
875,2026-08-03T12:26:25.537,35.006609,0.621700,-0.0600,-0.2100,0.6400,-16.1700,36.3200,43.5200,0.676240,58.945752,"-0.06,-0.21,0.64,-16.17,36.32,43.52"
876,2026-08-03T12:26:25.597,35.066313,59.704100,-0.1900,-0.4900,1.0500,-30.2700,42.7900,47.3000,1.174181,70.601324,"-0.19,-0.49,1.05,-30.27,42.79,47.30"
877,2026-08-03T12:26:25.657,35.126636,60.322400,-0.2700,-0.7300,1.2800,-37.4100,4.8800,11.7800,1.498065,39.523296,"-0.27,-0.73,1.28,-37.41,4.88,11.78"
878,2026-08-03T12:26:25.658,35.127355,0.719600,-0.2700,-0.7300,1.2800,-37.4100,4.8800,11.7800,1.498065,39.523296,"-0.27,-0.73,1.28,-37.41,4.88,11.78"
879,2026-08-03T12:26:25.777,35.246579,119.223600,-0.1200,-0.5400,0.7700,-45.6500,-48.4000,-50.1700,0.948103,83.327735,"-0.12,-0.54,0.77,-45.65,-48.40,-50.17"
880,2026-08-03T12:26:25.778,35.247605,1.026200,-0.0500,-0.3400,0.5300,-15.5000,-15.8100,-31.4300,0.631664,38.445429,"-0.05,-0.34,0.53,-15.50,-15.81,-31.43"
881,2026-08-03T12:26:25.778,35.247989,0.383400,-0.0300,-0.1900,0.4500,33.5700,55.7900,29.1100,0.489387,71.322234,"-0.03,-0.19,0.45,33.57,55.79,29.11"
882,2026-08-03T12:26:25.837,35.306712,58.723400,-0.1800,-0.4400,0.8600,41.8100,81.6000,74.8300,0.982649,118.347645,"-0.18,-0.44,0.86,41.81,81.60,74.83"
883,2026-08-03T12:26:25.897,35.366509,59.796900,-0.3700,-0.8000,1.3100,11.5400,25.3900,36.1900,1.578924,45.689603,"-0.37,-0.80,1.31,11.54,25.39,36.19"
884,2026-08-03T12:26:25.898,35.367063,0.553800,-0.3400,-0.7500,1.1900,-11.2300,-35.4600,-42.7900,1.447135,56.696637,"-0.34,-0.75,1.19,-11.23,-35.46,-42.79"
885,2026-08-03T12:26:25.956,35.425932,58.869700,-0.1800,-0.5000,0.8300,7.4500,-20.8100,-68.3000,0.985546,71.787524,"-0.18,-0.50,0.83,7.45,-20.81,-68.30"
886,2026-08-03T12:26:26.077,35.546621,120.688200,-0.0500,-0.2700,0.5000,44.7400,60.3600,-1.1600,0.570438,75.142151,"-0.05,-0.27,0.50,44.74,60.36,-1.16"
887,2026-08-03T12:26:26.078,35.547562,0.941100,-0.0600,-0.1600,0.4700,55.1800,112.8500,116.7600,0.500100,171.501757,"-0.06,-0.16,0.47,55.18,112.85,116.76"
888,2026-08-03T12:26:26.079,35.548281,0.719000,-0.3600,-0.3400,0.8900,15.5000,76.1700,136.7200,1.018479,157.271985,"-0.36,-0.34,0.89,15.50,76.17,136.72"
889,2026-08-03T12:26:26.137,35.606543,58.262400,-0.6300,-0.6000,1.2100,-49.8700,-7.0800,22.0300,1.490302,54.976942,"-0.63,-0.60,1.21,-49.87,-7.08,22.03"
890,2026-08-03T12:26:26.138,35.607490,0.946600,-0.5000,-0.5700,1.0400,-73.0600,-59.9400,-74.2200,1.287051,120.163121,"-0.50,-0.57,1.04,-73.06,-59.94,-74.22"
891,2026-08-03T12:26:26.198,35.667512,60.022800,-0.2000,-0.3400,0.7400,-48.8900,-39.0000,-46.5100,0.838570,77.938516,"-0.20,-0.34,0.74,-48.89,-39.00,-46.51"
892,2026-08-03T12:26:26.257,35.726324,58.811500,-0.0800,-0.2000,0.6200,3.9700,31.1300,58.1700,0.656354,66.095285,"-0.08,-0.20,0.62,3.97,31.13,58.17"
893,2026-08-03T12:26:26.257,35.726923,0.599000,-0.2800,-0.3500,0.7500,27.8300,69.0900,100.7100,0.873728,125.261491,"-0.28,-0.35,0.75,27.83,69.09,100.71"
894,2026-08-03T12:26:26.317,35.786202,59.279400,-0.5600,-0.6400,0.9100,-18.1900,37.8400,29.3600,1.245512,51.232327,"-0.56,-0.64,0.91,-18.19,37.84,29.36"
895,2026-08-03T12:26:26.377,35.846514,60.311400,-0.5700,-0.6700,0.8900,-78.6700,-22.0900,-66.1600,1.251359,105.138397,"-0.57,-0.67,0.89,-78.67,-22.09,-66.16"
896,2026-08-03T12:26:26.377,35.846899,0.385000,-0.3700,-0.5400,0.7400,-91.1300,-51.5100,-92.4100,0.987978,139.633682,"-0.37,-0.54,0.74,-91.13,-51.51,-92.41"
897,2026-08-03T12:26:26.437,35.906358,59.459400,-0.1800,-0.4000,0.6300,-33.0800,-13.6100,-19.9000,0.767659,40.933220,"-0.18,-0.40,0.63,-33.08,-13.61,-19.90"
898,2026-08-03T12:26:26.498,35.967021,60.662400,-0.1800,-0.3600,0.7400,38.8800,51.3300,77.2100,0.842378,100.537592,"-0.18,-0.36,0.74,38.88,51.33,77.21"
899,2026-08-03T12:26:26.498,35.967585,0.564300,-0.4900,-0.6500,0.9100,28.6900,61.7700,71.1100,1.220942,98.464619,"-0.49,-0.65,0.91,28.69,61.77,71.11"
900,2026-08-03T12:26:26.557,36.026226,58.640800,-0.6700,-0.8200,0.8800,-23.4400,5.0000,-33.4500,1.376844,41.150165,"-0.67,-0.82,0.88,-23.44,5.00,-33.45"
901,2026-08-03T12:26:26.617,36.086755,60.529600,-0.4500,-0.6000,0.7000,-29.1700,-52.4900,-109.7400,1.025914,125.095790,"-0.45,-0.60,0.70,-29.17,-52.49,-109.74"
902,2026-08-03T12:26:26.618,36.087548,0.792700,-0.1500,-0.3400,0.5700,37.0500,-26.3100,-55.3000,0.680441,71.575195,"-0.15,-0.34,0.57,37.05,-26.31,-55.30"
903,2026-08-03T12:26:26.677,36.146266,58.717700,-0.0800,-0.2100,0.6100,137.3300,50.4200,70.9800,0.650077,162.603400,"-0.08,-0.21,0.61,137.33,50.42,70.98"
904,2026-08-03T12:26:26.736,36.205917,59.651700,-0.4000,-0.4100,0.9000,145.2000,55.9100,98.8200,1.066818,184.321351,"-0.40,-0.41,0.90,145.20,55.91,98.82"
905,2026-08-03T12:26:26.737,36.206661,0.743700,-0.6600,-0.6300,1.1100,73.6100,-19.8400,13.4900,1.436872,77.421172,"-0.66,-0.63,1.11,73.61,-19.84,13.49"
906,2026-08-03T12:26:26.797,36.266444,59.783400,-0.5100,-0.4900,0.9900,29.3600,-78.3700,-56.5200,1.216676,100.987014,"-0.51,-0.49,0.99,29.36,-78.37,-56.52"
907,2026-08-03T12:26:26.857,36.326379,59.934700,-0.1800,-0.2200,0.5600,40.5300,-43.5200,-49.3800,0.628013,77.298484,"-0.18,-0.22,0.56,40.53,-43.52,-49.38"
908,2026-08-03T12:26:26.858,36.327483,1.103400,-0.1800,-0.2200,0.5600,124.8200,46.5100,-4.5800,0.628013,133.282365,"-0.18,-0.22,0.56,124.82,46.51,-4.58"
909,2026-08-03T12:26:26.918,36.387039,59.556000,-0.5800,-0.0900,1.2000,192.0800,87.4600,21.7900,1.335852,212.176300,"-0.58,-0.09,1.20,192.08,87.46,21.79"
910,2026-08-03T12:26:26.977,36.446289,59.250100,-0.5900,-0.0200,1.2600,173.1600,38.2700,21.8500,1.391438,178.679604,"-0.59,-0.02,1.26,173.16,38.27,21.85"
911,2026-08-03T12:26:26.978,36.447187,0.898100,-0.4000,0.1000,0.9800,204.6500,-32.3500,24.2900,1.063203,208.610041,"-0.40,0.10,0.98,204.65,-32.35,24.29"
912,2026-08-03T12:26:27.037,36.506074,58.887600,-0.2000,0.2700,0.5800,301.3300,-43.5800,38.1500,0.670298,306.845902,"-0.20,0.27,0.58,301.33,-43.58,38.15"
913,2026-08-03T12:26:27.097,36.566597,60.523100,-0.1600,0.4600,0.3800,324.4600,10.5000,41.1400,0.617738,327.226284,"-0.16,0.46,0.38,324.46,10.50,41.14"
914,2026-08-03T12:26:27.098,36.567180,0.582800,-0.3600,0.6900,0.5300,245.7300,71.1700,11.6000,0.941594,256.091706,"-0.36,0.69,0.53,245.73,71.17,11.60"
915,2026-08-03T12:26:27.217,36.686745,119.564500,-0.6000,0.8100,0.8200,31.9800,54.1400,-41.9900,1.299423,75.610979,"-0.60,0.81,0.82,31.98,54.14,-41.99"
916,2026-08-03T12:26:27.218,36.687463,0.718200,-0.6100,0.5600,0.9400,-279.5400,-73.6700,-61.9500,1.252717,295.647904,"-0.61,0.56,0.94,-279.54,-73.67,-61.95"
917,2026-08-03T12:26:27.219,36.688190,0.727400,-0.3000,0.1200,0.8900,-454.6500,-276.8600,-14.1600,0.946837,532.502195,"-0.30,0.12,0.89,-454.65,-276.86,-14.16"
918,2026-08-03T12:26:27.277,36.746544,58.353500,0.1600,-0.1400,0.7900,-363.8300,-445.0100,43.9500,0.818108,576.487443,"0.16,-0.14,0.79,-363.83,-445.01,43.95"
919,2026-08-03T12:26:27.336,36.805985,59.440700,0.4200,-0.1500,0.7200,-120.1200,-392.5800,37.3500,0.846936,412.241305,"0.42,-0.15,0.72,-120.12,-392.58,37.35"
920,2026-08-03T12:26:27.337,36.806472,0.487500,0.3700,0.0200,0.8100,112.4300,-130.1300,-38.3900,0.890730,176.204750,"0.37,0.02,0.81,112.43,-130.13,-38.39"
921,2026-08-03T12:26:27.397,36.866726,60.254300,0.3200,0.2000,1.1100,190.6100,69.3400,-91.4300,1.172391,222.485174,"0.32,0.20,1.11,190.61,69.34,-91.43"
922,2026-08-03T12:26:27.457,36.926366,59.639900,0.3400,0.2700,1.2900,97.6600,78.9200,-56.4600,1.361102,137.671978,"0.34,0.27,1.29,97.66,78.92,-56.46"
923,2026-08-03T12:26:27.457,36.926489,0.122600,0.2900,0.1700,1.1200,-75.2600,-0.6100,38.5700,1.169359,84.569998,"0.29,0.17,1.12,-75.26,-0.61,38.57"
924,2026-08-03T12:26:27.516,36.985893,59.404400,0.3000,-0.0800,0.8200,-258.9700,-89.6600,147.1600,0.876812,311.063405,"0.30,-0.08,0.82,-258.97,-89.66,147.16"
925,2026-08-03T12:26:27.637,37.106098,120.204500,0.3600,-0.3100,0.6100,-305.9100,-126.6500,181.1500,0.773175,377.407569,"0.36,-0.31,0.61,-305.91,-126.65,181.15"
926,2026-08-03T12:26:27.637,37.106607,0.509300,0.3700,-0.4000,0.6000,-183.3500,-60.0600,140.0100,0.810494,238.384618,"0.37,-0.40,0.60,-183.35,-60.06,140.01"
927,2026-08-03T12:26:27.638,37.107478,0.871100,0.3800,-0.4600,0.8300,-37.8400,44.8600,110.7800,1.022204,125.365440,"0.38,-0.46,0.83,-37.84,44.86,110.78"
928,2026-08-03T12:26:27.697,37.166258,58.779500,0.3200,-0.5000,1.0900,59.2000,116.2700,68.9100,1.241169,147.553180,"0.32,-0.50,1.09,59.20,116.27,68.91"
929,2026-08-03T12:26:27.757,37.226654,60.396500,0.2000,-0.4400,1.1400,116.5800,140.0100,-24.9000,1.238225,183.885036,"0.20,-0.44,1.14,116.58,140.01,-24.90"
930,2026-08-03T12:26:27.758,37.227311,0.657000,0.1400,-0.2900,1.0300,213.0700,46.8100,-184.1400,1.079166,285.477741,"0.14,-0.29,1.03,213.07,46.81,-184.14"
931,2026-08-03T12:26:27.877,37.346313,119.001500,0.2100,-0.0300,0.8200,349.0600,-140.4400,-331.7900,0.846995,501.648165,"0.21,-0.03,0.82,349.06,-140.44,-331.79"
932,2026-08-03T12:26:27.878,37.347233,0.920200,0.3600,0.2700,0.5800,369.5100,-248.9600,-288.2700,0.734098,530.677223,"0.36,0.27,0.58,369.51,-248.96,-288.27"
933,2026-08-03T12:26:27.878,37.347812,0.579100,0.6200,0.5500,0.4800,284.4200,-259.7000,-70.3700,0.957758,391.523643,"0.62,0.55,0.48,284.42,-259.70,-70.37"
934,2026-08-03T12:26:27.997,37.466018,118.206200,0.9300,0.6700,0.5100,147.3400,-246.0900,155.8200,1.254552,326.418805,"0.93,0.67,0.51,147.34,-246.09,155.82"
935,2026-08-03T12:26:27.997,37.466627,0.609200,1.0400,0.5000,0.5600,-5.7400,-178.7100,235.9000,1.282653,296.005104,"1.04,0.50,0.56,-5.74,-178.71,235.90"
936,2026-08-03T12:26:27.998,37.467297,0.670000,0.8200,0.3600,0.3700,-77.2700,-174.8000,93.0200,0.968969,212.552143,"0.82,0.36,0.37,-77.27,-174.80,93.02"
937,2026-08-03T12:26:28.116,37.585576,118.278300,0.6400,0.3700,-0.0700,-103.0300,-426.7600,-179.9300,0.742563,474.461888,"0.64,0.37,-0.07,-103.03,-426.76,-179.93"
938,2026-08-03T12:26:28.117,37.586068,0.492400,0.6000,0.4400,-0.3600,-72.6300,-641.9700,-313.9000,0.826559,718.285325,"0.60,0.44,-0.36,-72.63,-641.97,-313.90"
939,2026-08-03T12:26:28.118,37.587041,0.972800,0.5000,0.5900,-0.5400,23.9900,-521.7300,-173.9500,0.943239,550.487344,"0.50,0.59,-0.54,23.99,-521.73,-173.95"
940,2026-08-03T12:26:28.177,37.646116,59.074800,0.4200,0.6500,-0.7900,75.5600,-356.6900,74.2200,1.105893,372.082891,"0.42,0.65,-0.79,75.56,-356.69,74.22"
941,2026-08-03T12:26:28.177,37.646765,0.648900,0.3900,0.5000,-0.8900,69.8900,-354.3700,242.4900,1.092795,435.044951,"0.39,0.50,-0.89,69.89,-354.37,242.49"
942,2026-08-03T12:26:28.237,37.706226,59.461800,0.3700,0.2700,-0.9200,108.8300,-291.3800,231.6300,1.027716,387.812751,"0.37,0.27,-0.92,108.83,-291.38,231.63"
943,2026-08-03T12:26:28.297,37.766315,60.088400,0.3400,0.1400,-1.0400,178.9600,-126.4600,133.0600,1.103087,256.366489,"0.34,0.14,-1.04,178.96,-126.46,133.06"
944,2026-08-03T12:26:28.297,37.766854,0.539100,0.2700,0.1100,-1.0000,167.0500,-32.9000,57.1300,1.041633,179.588277,"0.27,0.11,-1.00,167.05,-32.90,57.13"
945,2026-08-03T12:26:28.357,37.826639,59.784700,0.1500,0.1100,-0.8900,73.7300,-59.3300,0.3700,0.909230,94.637723,"0.15,0.11,-0.89,73.73,-59.33,0.37"
946,2026-08-03T12:26:28.417,37.886445,59.806200,-0.0500,0.1500,-0.9400,-26.3100,-186.4000,-1.2200,0.953205,188.251599,"-0.05,0.15,-0.94,-26.31,-186.40,-1.22"
947,2026-08-03T12:26:28.417,37.886615,0.170100,-0.2400,0.2100,-1.0600,-111.3300,-271.2400,53.2800,1.106933,298.000444,"-0.24,0.21,-1.06,-111.33,-271.24,53.28"
948,2026-08-03T12:26:28.476,37.945841,59.226600,-0.3500,0.3400,-1.0900,-153.5000,-209.8400,93.8700,1.194236,276.417533,"-0.35,0.34,-1.09,-153.50,-209.84,93.87"
949,2026-08-03T12:26:28.537,38.006676,60.834800,-0.4400,0.5400,-1.1300,-117.9800,-99.7900,98.2100,1.327441,183.091585,"-0.44,0.54,-1.13,-117.98,-99.79,98.21"
950,2026-08-03T12:26:28.538,38.007346,0.669900,-0.4600,0.6000,-1.0500,-102.1700,-76.9000,103.0300,1.293870,164.217843,"-0.46,0.60,-1.05,-102.17,-76.90,103.03"
951,2026-08-03T12:26:28.657,38.126171,118.824600,-0.3300,0.4300,-0.7300,-160.2200,-138.4900,102.4200,0.909230,235.244096,"-0.33,0.43,-0.73,-160.22,-138.49,102.42"
952,2026-08-03T12:26:28.658,38.127228,1.056800,-0.1900,0.2600,-0.3700,-197.1400,-201.9000,62.6200,0.490510,289.048532,"-0.19,0.26,-0.37,-197.14,-201.90,62.62"
953,2026-08-03T12:26:28.658,38.127696,0.468800,-0.2200,0.3900,-0.1900,-146.6700,-245.1200,-17.0900,0.486415,286.160744,"-0.22,0.39,-0.19,-146.67,-245.12,-17.09"
954,2026-08-03T12:26:28.716,38.185959,58.262400,-0.4900,0.8300,-0.2600,-33.9400,-235.3500,-41.0800,0.998299,241.307092,"-0.49,0.83,-0.26,-33.94,-235.35,-41.08"
955,2026-08-03T12:26:28.836,38.305789,119.829800,-0.7700,1.1700,-0.3800,36.5000,-139.7100,40.3400,1.451275,149.928148,"-0.77,1.17,-0.38,36.50,-139.71,40.34"
956,2026-08-03T12:26:28.837,38.306685,0.896400,-0.7700,1.1300,-0.3700,4.6400,-66.2200,106.6300,1.416580,125.604836,"-0.77,1.13,-0.37,4.64,-66.22,106.63"
957,2026-08-03T12:26:28.838,38.307429,0.744100,-0.6600,0.8700,-0.2200,-71.2300,-143.7400,70.8000,1.113957,175.349766,"-0.66,0.87,-0.22,-71.23,-143.74,70.80"
958,2026-08-03T12:26:28.897,38.366326,58.897000,-0.5200,0.5800,-0.0600,-103.2700,-359.5600,-18.3700,0.781281,374.547118,"-0.52,0.58,-0.06,-103.27,-359.56,-18.37"
959,2026-08-03T12:26:28.897,38.366997,0.671000,-0.2900,0.4100,0.0700,-80.0800,-586.6100,-105.1600,0.507050,601.317490,"-0.29,0.41,0.07,-80.08,-586.61,-105.16"
960,2026-08-03T12:26:28.957,38.426494,59.497200,-0.1300,0.4500,0.3600,-56.2100,-663.0900,-192.2000,0.590762,692.667851,"-0.13,0.45,0.36,-56.21,-663.09,-192.20"
961,2026-08-03T12:26:29.136,38.605751,179.256700,-0.2200,0.6300,0.9100,-92.7700,-484.6200,-220.4600,1.128450,540.430781,"-0.22,0.63,0.91,-92.77,-484.62,-220.46"
962,2026-08-03T12:26:29.137,38.606423,0.672500,-0.3700,0.6400,1.2100,-143.6200,-180.9100,-151.9200,1.417956,276.468477,"-0.37,0.64,1.21,-143.62,-180.91,-151.92"
963,2026-08-03T12:26:29.137,38.606962,0.538900,-0.3700,0.4800,1.1200,-101.4400,3.6000,-37.1100,1.273460,108.074908,"-0.37,0.48,1.12,-101.44,3.60,-37.11"
964,2026-08-03T12:26:29.138,38.607483,0.520500,-0.3400,0.3800,1.0200,0.1200,9.3400,56.9500,1.140351,57.710939,"-0.34,0.38,1.02,0.12,9.34,56.95"
965,2026-08-03T12:26:29.139,38.608562,1.079200,-0.2800,0.3900,0.9100,66.9600,-64.7600,81.5400,1.028883,123.799317,"-0.28,0.39,0.91,66.96,-64.76,81.54"
966,2026-08-03T12:26:29.197,38.666587,58.025300,-0.1800,0.3900,0.7200,65.6100,-122.6200,52.0600,0.838391,148.494377,"-0.18,0.39,0.72,65.61,-122.62,52.06"
967,2026-08-03T12:26:29.257,38.726105,59.517800,-0.0400,0.3700,0.4600,26.1800,-189.7000,33.0800,0.591692,194.334168,"-0.04,0.37,0.46,26.18,-189.70,33.08"
968,2026-08-03T12:26:29.257,38.726607,0.501700,0.1800,0.4000,0.3800,1.7100,-287.7800,58.9600,0.580345,293.762717,"0.18,0.40,0.38,1.71,-287.78,58.96"
969,2026-08-03T12:26:29.317,38.786726,60.119600,0.3600,0.4300,0.6800,-8.5400,-253.6000,52.9200,0.881419,259.203430,"0.36,0.43,0.68,-8.54,-253.60,52.92"
970,2026-08-03T12:26:29.376,38.845959,59.232400,0.4200,0.4900,1.0100,-7.1400,-71.2300,-15.5600,1.198582,73.258488,"0.42,0.49,1.01,-7.14,-71.23,-15.56"
971,2026-08-03T12:26:29.377,38.846320,0.361300,0.4200,0.6200,1.0900,19.4700,35.7700,-71.2300,1.322460,82.050513,"0.42,0.62,1.09,19.47,35.77,-71.23"
972,2026-08-03T12:26:29.436,38.905783,59.462500,0.4600,0.7500,1.1000,52.4300,10.6800,-76.7800,1.408581,93.584912,"0.46,0.75,1.10,52.43,10.68,-76.78"
973,2026-08-03T12:26:29.497,38.966271,60.488200,0.4600,0.8200,1.0200,68.6000,-46.9400,-65.4900,1.387227,105.821849,"0.46,0.82,1.02,68.60,-46.94,-65.49"
974,2026-08-03T12:26:29.498,38.967034,0.763400,0.3700,0.7600,0.7800,65.6100,-86.6100,-65.7300,1.150174,126.989752,"0.37,0.76,0.78,65.61,-86.61,-65.73"
975,2026-08-03T12:26:29.557,39.026855,59.820700,0.2500,0.6400,0.5200,49.0100,-102.7800,-55.3000,0.861684,126.585143,"0.25,0.64,0.52,49.01,-102.78,-55.30"
976,2026-08-03T12:26:29.617,39.086755,59.899600,0.1300,0.4900,0.3300,28.5000,-77.3300,-27.3400,0.604897,86.831184,"0.13,0.49,0.33,28.50,-77.33,-27.34"
977,2026-08-03T12:26:29.618,39.087236,0.481100,0.0500,0.4000,0.2600,23.8600,-17.7600,-38.0900,0.479687,48.327687,"0.05,0.40,0.26,23.86,-17.76,-38.09"
978,2026-08-03T12:26:29.676,39.146000,58.764500,0.0200,0.6000,0.3300,38.8800,47.6700,-105.9000,0.685055,122.469969,"0.02,0.60,0.33,38.88,47.67,-105.90"
979,2026-08-03T12:26:29.736,39.205981,59.981100,0.0900,1.1100,0.6700,78.5500,92.4700,-147.7700,1.299654,191.198264,"0.09,1.11,0.67,78.55,92.47,-147.77"
980,2026-08-03T12:26:29.797,39.266299,60.317300,0.1600,1.4900,0.9400,85.6900,68.1200,-120.7300,1.768983,162.968842,"0.16,1.49,0.94,85.69,68.12,-120.73"
981,2026-08-03T12:26:29.797,39.266896,0.597200,0.1500,1.3700,0.8000,4.2700,-12.7600,-50.1100,1.593549,51.885090,"0.15,1.37,0.80,4.27,-12.76,-50.11"
982,2026-08-03T12:26:29.857,39.326718,59.822000,0.1200,0.8900,0.5500,-70.6200,-77.2700,32.9600,1.053091,109.746066,"0.12,0.89,0.55,-70.62,-77.27,32.96"
983,2026-08-03T12:26:29.916,39.385934,59.216400,0.1000,0.4900,0.3300,-26.3100,-117.3100,97.7800,0.599166,154.967031,"0.10,0.49,0.33,-26.31,-117.31,97.78"
984,2026-08-03T12:26:29.917,39.386432,0.498100,0.0600,0.2900,0.1500,73.4300,-132.1400,104.8600,0.331964,183.979793,"0.06,0.29,0.15,73.43,-132.14,104.86"
985,2026-08-03T12:26:29.976,39.445779,59.346900,0.0100,0.3000,0.1300,93.9900,-85.0200,8.7300,0.327109,127.038315,"0.01,0.30,0.13,93.99,-85.02,8.73"
986,2026-08-03T12:26:30.038,39.507829,62.049800,-0.0200,0.8100,0.3100,86.6700,18.4900,-143.1300,0.867525,168.344189,"-0.02,0.81,0.31,86.67,18.49,-143.13"
987,2026-08-03T12:26:30.039,39.508444,0.614800,-0.0200,1.6500,0.4100,153.2000,85.6900,-210.5100,1.700294,274.093919,"-0.02,1.65,0.41,153.20,85.69,-210.51"
988,2026-08-03T12:26:30.097,39.566369,57.925200,0.0100,2.0000,0.2900,143.5500,52.1900,-113.7700,2.020940,190.457374,"0.01,2.00,0.29,143.55,52.19,-113.77"
989,2026-08-03T12:26:30.157,39.626190,59.821000,0.0400,1.5000,0.1800,13.0000,-38.3300,69.3400,1.511291,80.288383,"0.04,1.50,0.18,13.00,-38.33,69.34"
990,2026-08-03T12:26:30.157,39.626812,0.622000,0.1100,0.7600,0.0900,-60.4900,-108.7000,200.3800,0.773175,235.853502,"0.11,0.76,0.09,-60.49,-108.70,200.38"
991,2026-08-03T12:26:30.217,39.686682,59.870400,0.1300,0.2200,0.0400,-73.9700,-92.4100,214.6000,0.258650,245.080250,"0.13,0.22,0.04,-73.97,-92.41,214.60"
992,2026-08-03T12:26:30.277,39.746062,59.379700,0.0600,0.0000,0.0500,-73.9100,-19.7800,83.8000,0.078102,113.474123,"0.06,0.00,0.05,-73.91,-19.78,83.80"
993,2026-08-03T12:26:30.277,39.746376,0.314000,0.0300,0.5400,0.1700,-22.2200,36.1900,-106.6300,0.566922,114.775439,"0.03,0.54,0.17,-22.22,36.19,-106.63"
994,2026-08-03T12:26:30.337,39.806418,60.041800,0.1300,1.5300,0.4100,62.0700,44.6200,-179.9900,1.589308,195.550580,"0.13,1.53,0.41,62.07,44.62,-179.99"
995,2026-08-03T12:26:30.398,39.867134,60.716200,0.2300,1.8600,0.4000,55.3600,23.1300,-99.4900,1.916377,116.180836,"0.23,1.86,0.40,55.36,23.13,-99.49"
996,2026-08-03T12:26:30.398,39.867925,0.790700,0.2300,1.3600,0.2800,-55.7900,12.3300,37.2300,1.407444,68.195498,"0.23,1.36,0.28,-55.79,12.33,37.23"
997,2026-08-03T12:26:30.456,39.925846,57.921000,0.2000,0.6800,0.3100,-124.9400,8.2400,119.4500,0.773628,173.049715,"0.20,0.68,0.31,-124.94,8.24,119.45"
998,2026-08-03T12:26:30.577,40.046064,120.218400,0.1700,0.3600,0.3300,-101.6800,5.0000,101.1400,0.517107,143.503038,"0.17,0.36,0.33,-101.68,5.00,101.14"
999,2026-08-03T12:26:30.577,40.046759,0.695200,0.1500,0.4400,0.3900,-62.5600,13.5500,31.5600,0.606795,71.367988,"0.15,0.44,0.39,-62.56,13.55,31.56"
1000,2026-08-03T12:26:30.578,40.047222,0.462200,0.1700,0.8000,0.5600,-43.2700,24.4100,-26.2500,0.991211,56.188998,"0.17,0.80,0.56,-43.27,24.41,-26.25"
1001,2026-08-03T12:26:30.579,40.048024,0.802800,0.2200,1.1600,0.6600,-28.1400,25.6300,-47.0000,1.352627,60.479389,"0.22,1.16,0.66,-28.14,25.63,-47.00"
1002,2026-08-03T12:26:30.637,40.106476,58.451700,0.2500,1.1600,0.6300,-46.7500,21.7300,-20.2600,1.343503,55.391543,"0.25,1.16,0.63,-46.75,21.73,-20.26"
1003,2026-08-03T12:26:30.696,40.165839,59.363100,0.2300,0.8200,0.5800,-104.4300,21.0600,31.9200,1.030388,111.211667,"0.23,0.82,0.58,-104.43,21.06,31.92"
1004,2026-08-03T12:26:30.757,40.226301,60.461700,0.1800,0.4800,0.5200,-130.7400,21.7300,63.7200,0.730205,147.055700,"0.18,0.48,0.52,-130.74,21.73,63.72"
1005,2026-08-03T12:26:30.757,40.226842,0.541400,0.1200,0.3600,0.5300,-117.3100,23.0700,64.0900,0.651844,135.651720,"0.12,0.36,0.53,-117.31,23.07,64.09"
1006,2026-08-03T12:26:30.817,40.286262,59.419600,0.1900,0.4600,0.8200,-124.6300,24.7200,58.5900,0.959218,139.916058,"0.19,0.46,0.82,-124.63,24.72,58.59"
1007,2026-08-03T12:26:30.937,40.406177,119.915200,0.3400,0.5800,1.1500,-137.5100,22.0300,52.9800,1.332104,149.000676,"0.34,0.58,1.15,-137.51,22.03,52.98"
1008,2026-08-03T12:26:30.938,40.407215,1.037900,0.3800,0.5000,1.1700,-142.6400,24.2900,67.1400,1.327893,159.511609,"0.38,0.50,1.17,-142.64,24.29,67.14"
1009,2026-08-03T12:26:30.939,40.408163,0.948400,0.3400,0.2600,1.0100,-182.9200,45.9600,129.3300,1.096950,228.688209,"0.34,0.26,1.01,-182.92,45.96,129.33"
1010,2026-08-03T12:26:30.939,40.408791,0.627200,0.2500,0.0600,0.8100,-190.5500,46.9400,159.7900,0.849824,253.072144,"0.25,0.06,0.81,-190.55,46.94,159.79"
1011,2026-08-03T12:26:31.116,40.585869,177.078200,0.1300,-0.0600,0.6700,-121.1500,16.1700,107.7900,0.685128,162.964645,"0.13,-0.06,0.67,-121.15,16.17,107.79"
1012,2026-08-03T12:26:31.117,40.586559,0.690100,0.0800,-0.1100,0.7900,-59.5100,23.1900,54.2600,0.801623,83.805512,"0.08,-0.11,0.79,-59.51,23.19,54.26"
1013,2026-08-03T12:26:31.118,40.587334,0.774900,0.1400,-0.1100,1.1300,-37.7200,58.1100,43.2700,1.143941,81.681475,"0.14,-0.11,1.13,-37.72,58.11,43.27"
1014,2026-08-03T12:26:31.118,40.587620,0.286400,0.2100,-0.1300,1.3300,-38.0200,57.9200,44.1900,1.352738,82.176657,"0.21,-0.13,1.33,-38.02,57.92,44.19"
1015,2026-08-03T12:26:31.176,40.645764,58.144200,0.2000,-0.1800,1.2100,-50.4200,29.2400,39.6700,1.239556,70.504347,"0.20,-0.18,1.21,-50.42,29.24,39.67"
1016,2026-08-03T12:26:31.297,40.766280,120.515900,0.1400,-0.2200,0.9500,-47.5500,-0.6700,30.9400,0.985140,56.733896,"0.14,-0.22,0.95,-47.55,-0.67,30.94"
1017,2026-08-03T12:26:31.298,40.767026,0.745700,0.0800,-0.2200,0.7500,-25.5700,-19.1000,20.2600,0.785684,37.803472,"0.08,-0.22,0.75,-25.57,-19.10,20.26"
1018,2026-08-03T12:26:31.298,40.767337,0.311000,0.0400,-0.2000,0.7000,-13.1200,-12.7000,15.0100,0.729109,23.637354,"0.04,-0.20,0.70,-13.12,-12.70,15.01"
1019,2026-08-03T12:26:31.298,40.767839,0.501700,0.0500,-0.2100,0.8900,-10.8600,10.3800,19.4700,0.915806,24.591968,"0.05,-0.21,0.89,-10.86,10.38,19.47"
1020,2026-08-03T12:26:31.357,40.826331,58.492400,0.1100,-0.2400,1.2000,-2.9900,22.5200,24.4800,1.228698,33.397019,"0.11,-0.24,1.20,-2.99,22.52,24.48"
1021,2026-08-03T12:26:31.417,40.886139,59.808300,0.1700,-0.2500,1.3000,4.8200,9.8300,16.6600,1.334691,19.935318,"0.17,-0.25,1.30,4.82,9.83,16.66"
1022,2026-08-03T12:26:31.477,40.946403,60.263800,0.1700,-0.2500,1.1200,4.2100,-13.9800,3.4800,1.160086,15.009161,"0.17,-0.25,1.12,4.21,-13.98,3.48"
1023,2026-08-03T12:26:31.477,40.946906,0.503100,0.1200,-0.2400,0.8700,0.2400,-28.2000,-3.0500,0.910439,28.365474,"0.12,-0.24,0.87,0.24,-28.20,-3.05"
1024,2026-08-03T12:26:31.537,41.006679,59.772800,0.0700,-0.2100,0.6700,-2.3200,-23.1900,-6.7100,0.705620,24.252476,"0.07,-0.21,0.67,-2.32,-23.19,-6.71"
1025,2026-08-03T12:26:31.597,41.066414,59.735200,0.0300,-0.1800,0.6200,-6.5300,1.7100,-5.1900,0.646297,8.514758,"0.03,-0.18,0.62,-6.53,1.71,-5.19"
1026,2026-08-03T12:26:31.598,41.067083,0.668500,0.0300,-0.1900,0.8300,-5.9800,31.1300,6.4100,0.851998,32.340770,"0.03,-0.19,0.83,-5.98,31.13,6.41"
1027,2026-08-03T12:26:31.657,41.126090,59.007400,0.0700,-0.2200,1.1700,2.8100,41.6300,15.2600,1.192560,44.427701,"0.07,-0.22,1.17,2.81,41.63,15.26"
1028,2026-08-03T12:26:31.777,41.246382,120.291500,0.1100,-0.2600,1.3400,5.0700,30.0900,11.8400,1.369416,32.730698,"0.11,-0.26,1.34,5.07,30.09,11.84"
1029,2026-08-03T12:26:31.777,41.247010,0.628400,0.1100,-0.2800,1.2100,-3.6000,9.6400,4.4600,1.246836,11.215222,"0.11,-0.28,1.21,-3.60,9.64,4.46"
1030,2026-08-03T12:26:31.778,41.247671,0.661300,0.0800,-0.2900,0.9600,-14.6500,-7.5100,2.0100,1.006032,16.585014,"0.08,-0.29,0.96,-14.65,-7.51,2.01"
1031,2026-08-03T12:26:31.837,41.306042,58.370300,0.0500,-0.2700,0.7600,-19.9600,-12.9400,3.7200,0.808084,24.076619,"0.05,-0.27,0.76,-19.96,-12.94,3.72"
1032,2026-08-03T12:26:31.837,41.306303,0.261000,0.0200,-0.2500,0.7100,-14.5300,-4.6400,5.1900,0.752994,16.111691,"0.02,-0.25,0.71,-14.53,-4.64,5.19"
1033,2026-08-03T12:26:31.957,41.426484,120.181200,0.0200,-0.2400,0.8500,-1.8300,10.5600,6.4100,0.883459,12.488018,"0.02,-0.24,0.85,-1.83,10.56,6.41"
1034,2026-08-03T12:26:31.957,41.426873,0.389200,0.0400,-0.2600,1.1000,8.4200,19.4700,7.5700,1.131017,22.522926,"0.04,-0.26,1.10,8.42,19.47,7.57"
1035,2026-08-03T12:26:31.958,41.427610,0.737300,0.0700,-0.2900,1.2300,5.1900,16.6600,6.1000,1.265662,18.485175,"0.07,-0.29,1.23,5.19,16.66,6.10"
1036,2026-08-03T12:26:32.017,41.486243,58.632300,0.0700,-0.3100,1.1400,-8.8500,7.5100,2.6900,1.183469,11.914642,"0.07,-0.31,1.14,-8.85,7.51,2.69"
1037,2026-08-03T12:26:32.077,41.546138,59.895100,0.0500,-0.3000,0.9600,-17.2100,-1.2800,-0.8500,1.007025,17.278455,"0.05,-0.30,0.96,-17.21,-1.28,-0.85"
1038,2026-08-03T12:26:32.078,41.547026,0.888200,0.0200,-0.2800,0.8400,-16.0500,-5.2500,-2.5600,0.885664,17.079772,"0.02,-0.28,0.84,-16.05,-5.25,-2.56"
1039,2026-08-03T12:26:32.137,41.606517,59.491000,0.0100,-0.2700,0.7900,-12.0200,-2.0800,-0.7300,0.834925,12.220462,"0.01,-0.27,0.79,-12.02,-2.08,-0.73"
1040,2026-08-03T12:26:32.197,41.666260,59.743200,-0.0100,-0.2600,0.8100,-6.0400,6.5300,2.4400,0.850764,9.223671,"-0.01,-0.26,0.81,-6.04,6.53,2.44"
1041,2026-08-03T12:26:32.197,41.666395,0.134700,-0.0100,-0.2700,0.9200,2.7500,15.2000,4.3300,0.958853,16.042176,"-0.01,-0.27,0.92,2.75,15.20,4.33"
1042,2026-08-03T12:26:32.257,41.726169,59.774500,0.0000,-0.2900,1.0900,7.4500,17.7000,4.3300,1.127918,19.686071,"0.00,-0.29,1.09,7.45,17.70,4.33"
1043,2026-08-03T12:26:32.317,41.786437,60.267900,0.0300,-0.3300,1.1700,1.9500,12.3900,3.5400,1.216018,13.032506,"0.03,-0.33,1.17,1.95,12.39,3.54"
1044,2026-08-03T12:26:32.318,41.787293,0.856200,0.0300,-0.3500,1.0900,-7.9300,2.7500,2.4400,1.145207,8.740767,"0.03,-0.35,1.09,-7.93,2.75,2.44"
1045,2026-08-03T12:26:32.377,41.846396,59.102000,0.0100,-0.3400,0.9600,-13.7300,-4.9400,0.2400,1.018479,14.593632,"0.01,-0.34,0.96,-13.73,-4.94,0.24"
1046,2026-08-03T12:26:32.437,41.906299,59.903700,-0.0100,-0.3100,0.8400,-14.0400,-5.3700,-2.5000,0.895433,15.238389,"-0.01,-0.31,0.84,-14.04,-5.37,-2.50"
1047,2026-08-03T12:26:32.437,41.906706,0.406400,-0.0200,-0.2800,0.7600,-12.0800,1.5900,-2.6200,0.810185,12.462700,"-0.02,-0.28,0.76,-12.08,1.59,-2.62"
1048,2026-08-03T12:26:32.497,41.966661,59.955300,-0.0300,-0.2800,0.8000,-7.8700,10.3100,1.3400,0.848116,13.039502,"-0.03,-0.28,0.80,-7.87,10.31,1.34"
1049,2026-08-03T12:26:32.557,42.026798,60.137400,-0.0400,-0.3100,0.9700,0.0000,16.1100,4.8200,1.019117,16.815603,"-0.04,-0.31,0.97,0.00,16.11,4.82"
1050,2026-08-03T12:26:32.558,42.027476,0.677500,-0.0200,-0.3600,1.1500,4.8800,16.9100,6.3500,1.205197,18.710559,"-0.02,-0.36,1.15,4.88,16.91,6.35"
1051,2026-08-03T12:26:32.634,42.103444,75.968200,-0.0100,-0.3900,1.1800,1.4600,10.1300,6.1000,1.242819,11.914634,"-0.01,-0.39,1.18,1.46,10.13,6.10"
1052,2026-08-03T12:26:32.681,42.150476,47.031800,-0.0100,-0.3800,1.0500,-5.5500,-1.4600,2.3800,1.116692,6.212769,"-0.01,-0.38,1.05,-5.55,-1.46,2.38"
1053,2026-08-03T12:26:32.682,42.151570,1.094300,-0.0200,-0.3500,0.8800,-9.8900,-10.3100,-2.2000,0.947259,14.455041,"-0.02,-0.35,0.88,-9.89,-10.31,-2.20"
1054,2026-08-03T12:26:32.737,42.206075,54.505100,-0.0200,-0.3000,0.7500,-9.2200,-11.8400,-4.0300,0.808022,15.538176,"-0.02,-0.30,0.75,-9.22,-11.84,-4.03"
1055,2026-08-03T12:26:32.857,42.326346,120.270900,-0.0300,-0.2600,0.6900,-2.2600,-6.5300,-1.8900,0.737970,7.163840,"-0.03,-0.26,0.69,-2.26,-6.53,-1.89"
1056,2026-08-03T12:26:32.857,42.326930,0.583500,-0.0500,-0.2700,0.7900,6.4100,4.2100,4.6400,0.836361,8.963359,"-0.05,-0.27,0.79,6.41,4.21,4.64"
1057,2026-08-03T12:26:32.858,42.327519,0.589000,-0.0600,-0.3300,1.0700,9.2200,13.9800,11.2300,1.121338,20.163375,"-0.06,-0.33,1.07,9.22,13.98,11.23"
1058,2026-08-03T12:26:32.917,42.386223,58.704900,-0.0400,-0.4100,1.3100,5.8600,11.6600,10.3100,1.373244,16.631034,"-0.04,-0.41,1.31,5.86,11.66,10.31"
1059,2026-08-03T12:26:32.918,42.387031,0.807900,-0.0100,-0.4500,1.3000,-4.2700,-3.0500,2.9300,1.375718,6.010017,"-0.01,-0.45,1.30,-4.27,-3.05,2.93"
1060,2026-08-03T12:26:33.037,42.506811,119.779700,0.0100,-0.4300,1.0800,-20.0800,-20.3200,-4.0300,1.162497,28.850471,"0.01,-0.43,1.08,-20.08,-20.32,-4.03"
1061,2026-08-03T12:26:33.037,42.506909,0.097700,0.0200,-0.3700,0.8100,-26.5500,-37.2300,-8.3600,0.890730,46.485105,"0.02,-0.37,0.81,-26.55,-37.23,-8.36"
1062,2026-08-03T12:26:33.038,42.507469,0.560600,0.0200,-0.2800,0.6000,-20.8100,-50.6600,-7.3200,0.662420,55.254630,"0.02,-0.28,0.60,-20.81,-50.66,-7.32"
1063,2026-08-03T12:26:33.097,42.566268,58.798900,0.0100,-0.2100,0.5000,-15.2600,-42.1800,-4.0300,0.542402,45.036218,"0.01,-0.21,0.50,-15.26,-42.18,-4.03"
1064,2026-08-03T12:26:33.217,42.686163,119.895100,0.0100,-0.2700,0.6500,-15.1400,-10.9300,-2.0100,0.703918,18.780964,"0.01,-0.27,0.65,-15.14,-10.93,-2.01"
1065,2026-08-03T12:26:33.218,42.687047,0.883600,0.0300,-0.4100,1.0000,-18.5500,10.9900,8.2400,1.081203,23.082032,"0.03,-0.41,1.00,-18.55,10.99,8.24"
1066,2026-08-03T12:26:33.218,42.687486,0.439000,0.0600,-0.5400,1.2700,-26.4300,15.8100,11.9000,1.381340,33.016829,"0.06,-0.54,1.27,-26.43,15.81,11.90"
1067,2026-08-03T12:26:33.277,42.746649,59.163100,0.1000,-0.6400,1.2600,-55.1100,31.3100,-9.3400,1.416757,64.067650,"0.10,-0.64,1.26,-55.11,31.31,-9.34"
1068,2026-08-03T12:26:33.278,42.747510,0.861000,0.0900,-0.6400,1.0100,-82.0300,41.0200,-25.8800,1.199083,95.296042,"0.09,-0.64,1.01,-82.03,41.02,-25.88"
1069,2026-08-03T12:26:33.337,42.806081,58.571300,0.0300,-0.5800,0.7600,-78.6700,19.1000,-13.0600,0.956504,82.002088,"0.03,-0.58,0.76,-78.67,19.10,-13.06"
1070,2026-08-03T12:26:33.397,42.866089,60.007600,-0.0200,-0.5000,0.5900,-66.8300,3.9700,1.2800,0.773628,66.960049,"-0.02,-0.50,0.59,-66.83,3.97,1.28"
1071,2026-08-03T12:26:33.397,42.866711,0.622000,-0.0300,-0.4400,0.5100,-51.3900,17.6400,-1.8300,0.674240,54.364056,"-0.03,-0.44,0.51,-51.39,17.64,-1.83"
1072,2026-08-03T12:26:33.457,42.926067,59.356400,-0.0600,-0.4600,0.5800,-21.6100,32.2900,5.2500,0.742698,39.207126,"-0.06,-0.46,0.58,-21.61,32.29,5.25"
1073,2026-08-03T12:26:33.517,42.986178,60.111100,-0.1000,-0.5900,0.8100,2.3800,34.1200,28.8100,1.007075,44.719737,"-0.10,-0.59,0.81,2.38,34.12,28.81"
1074,2026-08-03T12:26:33.518,42.987120,0.941100,-0.1100,-0.7700,1.0300,3.9100,27.3400,41.0800,1.290697,49.500809,"-0.11,-0.77,1.03,3.91,27.34,41.08"
1075,2026-08-03T12:26:33.577,43.046761,59.641300,-0.0900,-0.8600,1.0800,4.5200,8.0600,23.1900,1.383510,24.963375,"-0.09,-0.86,1.08,4.52,8.06,23.19"
1076,2026-08-03T12:26:33.637,43.106559,59.797800,-0.0400,-0.8100,0.9700,9.0300,-13.9200,-8.1800,1.264358,18.499181,"-0.04,-0.81,0.97,9.03,-13.92,-8.18"
1077,2026-08-03T12:26:33.638,43.107296,0.737200,-0.0100,-0.6900,0.8000,8.5400,-24.9000,-26.2500,1.056504,37.175316,"-0.01,-0.69,0.80,8.54,-24.90,-26.25"
1078,2026-08-03T12:26:33.877,43.346023,238.727600,-0.0100,-0.5800,0.6800,14.8300,-34.7300,-31.3700,0.893812,49.093571,"-0.01,-0.58,0.68,14.83,-34.73,-31.37"
1079,2026-08-03T12:26:33.877,43.346652,0.628100,-0.0100,-0.4600,0.6000,26.5500,-41.4400,-26.1800,0.756108,55.745569,"-0.01,-0.46,0.60,26.55,-41.44,-26.18"
1080,2026-08-03T12:26:33.878,43.347227,0.575500,-0.0200,-0.3400,0.5300,36.9900,-32.6500,-16.2400,0.630000,51.942470,"-0.02,-0.34,0.53,36.99,-32.65,-16.24"
1081,2026-08-03T12:26:33.878,43.347818,0.591400,-0.0300,-0.2900,0.5700,38.5700,-6.4100,-5.7400,0.640234,39.518105,"-0.03,-0.29,0.57,38.57,-6.41,-5.74"
1082,2026-08-03T12:26:33.879,43.348885,1.066200,-0.0600,-0.3800,0.7800,24.7800,29.1100,12.2100,0.869713,40.131342,"-0.06,-0.38,0.78,24.78,29.11,12.21"
1083,2026-08-03T12:26:33.880,43.349299,0.414700,-0.0700,-0.6100,1.0700,4.4600,51.8200,36.5600,1.233653,63.575448,"-0.07,-0.61,1.07,4.46,51.82,36.56"
1084,2026-08-03T12:26:33.997,43.466441,117.142000,-0.0700,-0.8500,1.2900,-0.2400,40.8900,51.8200,1.546448,66.010318,"-0.07,-0.85,1.29,-0.24,40.89,51.82"
1085,2026-08-03T12:26:33.998,43.467225,0.783600,-0.0400,-0.8900,1.2800,18.3100,3.5400,32.5900,1.559519,37.548579,"-0.04,-0.89,1.28,18.31,3.54,32.59"
1086,2026-08-03T12:26:33.998,43.467821,0.596500,-0.0100,-0.7000,1.1000,42.9700,-28.5600,-18.0700,1.303879,54.668267,"-0.01,-0.70,1.10,42.97,-28.56,-18.07"
1087,2026-08-03T12:26:34.118,43.587189,119.367400,0.0100,-0.4700,0.8400,65.1900,-42.8500,-63.0500,0.962601,100.305339,"0.01,-0.47,0.84,65.19,-42.85,-63.05"
1088,2026-08-03T12:26:34.119,43.588052,0.863200,0.0100,-0.3000,0.6100,79.6500,-43.2700,-75.7400,0.679853,118.122661,"0.01,-0.30,0.61,79.65,-43.27,-75.74"
1089,2026-08-03T12:26:34.119,43.588640,0.588400,0.0200,-0.1800,0.4900,77.7000,-32.5300,-57.0700,0.522398,101.747117,"0.02,-0.18,0.49,77.70,-32.53,-57.07"
1090,2026-08-03T12:26:34.176,43.645709,57.068100,0.0200,-0.1000,0.5000,80.8100,-15.2600,-24.3500,0.510294,85.767396,"0.02,-0.10,0.50,80.81,-15.26,-24.35"
1091,2026-08-03T12:26:34.237,43.706274,60.565900,0.0100,-0.0200,0.6700,138.3100,1.1600,-8.3000,0.670373,138.563674,"0.01,-0.02,0.67,138.31,1.16,-8.30"
1092,2026-08-03T12:26:34.237,43.706890,0.615300,0.0200,0.1700,0.9000,280.0900,0.0600,-28.4400,0.916133,281.530185,"0.02,0.17,0.90,280.09,0.06,-28.44"
1093,2026-08-03T12:26:34.297,43.766372,59.481800,0.0800,0.6800,1.0600,532.1000,-23.4400,-78.1900,1.261903,538.324734,"0.08,0.68,1.06,532.10,-23.44,-78.19"
1094,2026-08-03T12:26:34.357,43.826456,60.084000,0.1400,1.2000,1.0500,646.3000,-42.1100,-117.0000,1.600656,658.153434,"0.14,1.20,1.05,646.30,-42.11,-117.00"
1095,2026-08-03T12:26:34.358,43.827270,0.814200,0.1500,1.3000,0.8200,400.7600,-36.8700,-89.4800,1.544312,412.279814,"0.15,1.30,0.82,400.76,-36.87,-89.48"
1096,2026-08-03T12:26:34.417,43.886180,58.910500,0.1100,1.0900,0.5500,86.4300,-21.2400,-18.8600,1.225847,90.977921,"0.11,1.09,0.55,86.43,-21.24,-18.86"
1097,2026-08-03T12:26:34.477,43.946342,60.162200,0.0700,0.8200,0.3700,-47.9100,-8.8500,34.4800,0.902330,59.687193,"0.07,0.82,0.37,-47.91,-8.85,34.48"
1098,2026-08-03T12:26:34.477,43.946876,0.533600,0.0500,0.6700,0.3000,-66.5300,-0.7300,54.9300,0.735799,86.279075,"0.05,0.67,0.30,-66.53,-0.73,54.93"
1099,2026-08-03T12:26:34.537,44.006219,59.343000,0.0500,0.6100,0.3000,-57.6200,3.7200,48.3400,0.681616,75.303774,"0.05,0.61,0.30,-57.62,3.72,48.34"
1100,2026-08-03T12:26:34.597,44.066326,60.107300,0.0500,0.5900,0.3200,-45.4700,8.2400,25.5100,0.673053,52.784265,"0.05,0.59,0.32,-45.47,8.24,25.51"
1101,2026-08-03T12:26:34.598,44.067040,0.714000,0.0400,0.6700,0.3900,-42.2400,15.6900,1.8300,0.776273,45.097035,"0.04,0.67,0.39,-42.24,15.69,1.83"
1102,2026-08-03T12:26:34.657,44.126342,59.301500,0.0600,0.8600,0.5600,-47.7900,19.6500,-12.8200,1.028008,53.238698,"0.06,0.86,0.56,-47.79,19.65,-12.82"
1103,2026-08-03T12:26:34.777,44.246513,120.170800,0.1200,1.0200,0.8200,-47.4900,18.9800,-18.4900,1.314230,54.382172,"0.12,1.02,0.82,-47.49,18.98,-18.49"
1104,2026-08-03T12:26:34.777,44.246923,0.410800,0.1600,1.0400,1.0200,-43.8200,18.4900,-10.6800,1.465469,48.745614,"0.16,1.04,1.02,-43.82,18.49,-10.68"
1105,2026-08-03T12:26:34.778,44.247758,0.834200,0.1400,0.9200,0.9800,-25.9400,11.6000,3.7200,1.351444,28.658018,"0.14,0.92,0.98,-25.94,11.60,3.72"
1106,2026-08-03T12:26:34.836,44.305870,58.112600,0.1000,0.7600,0.7800,10.0700,-4.1500,10.5000,1.093618,15.128695,"0.10,0.76,0.78,10.07,-4.15,10.50"
1107,2026-08-03T12:26:34.837,44.306324,0.453700,0.0600,0.6500,0.5800,29.6600,-16.9700,10.5000,0.873212,35.748378,"0.06,0.65,0.58,29.66,-16.97,10.50"
1108,2026-08-03T12:26:34.957,44.426486,120.162400,0.0500,0.5900,0.4200,32.1700,-18.0100,4.0900,0.725948,37.094435,"0.05,0.59,0.42,32.17,-18.01,4.09"
1109,2026-08-03T12:26:34.958,44.427208,0.721400,0.0400,0.5500,0.2900,39.7900,-9.0300,-6.9600,0.623057,41.391142,"0.04,0.55,0.29,39.79,-9.03,-6.96"
1110,2026-08-03T12:26:34.958,44.427987,0.779300,0.0200,0.5800,0.2500,35.2200,5.1900,-14.1600,0.631902,38.313054,"0.02,0.58,0.25,35.22,5.19,-14.16"
1111,2026-08-03T12:26:35.017,44.486253,58.266200,0.0000,0.7300,0.3800,6.2900,22.4600,-17.8800,0.822982,29.388945,"0.00,0.73,0.38,6.29,22.46,-17.88"
1112,2026-08-03T12:26:35.077,44.546604,60.351200,0.0200,0.9700,0.6700,-21.4200,37.0500,-19.0400,1.179067,46.840586,"0.02,0.97,0.67,-21.42,37.05,-19.04"
1113,2026-08-03T12:26:35.078,44.547125,0.520500,0.0700,1.1300,0.9500,-32.3500,35.8300,-6.2900,1.477938,48.681367,"0.07,1.13,0.95,-32.35,35.83,-6.29"
1114,2026-08-03T12:26:35.197,44.666117,118.991900,0.1000,1.0800,0.9800,-18.5500,15.0800,14.8300,1.461780,28.132504,"0.10,1.08,0.98,-18.55,15.08,14.83"
1115,2026-08-03T12:26:35.197,44.666768,0.651600,0.1000,0.8800,0.7900,9.5800,-8.7900,26.0600,1.186802,29.123257,"0.10,0.88,0.79,9.58,-8.79,26.06"
1116,2026-08-03T12:26:35.198,44.667561,0.792300,0.0700,0.6900,0.5800,21.4200,-22.5800,26.8600,0.904102,41.111220,"0.07,0.69,0.58,21.42,-22.58,26.86"
1117,2026-08-03T12:26:35.257,44.726519,58.958200,0.0600,0.5700,0.4000,17.8800,-27.4000,24.4800,0.698928,40.862266,"0.06,0.57,0.40,17.88,-27.40,24.48"
1118,2026-08-03T12:26:35.319,44.788669,62.150100,0.0300,0.4900,0.2400,17.5200,-23.8000,19.4100,0.546443,35.357298,"0.03,0.49,0.24,17.52,-23.80,19.41"
1119,2026-08-03T12:26:35.321,44.790115,1.445700,0.0000,0.5500,0.1900,18.0100,-6.7100,7.6300,0.581893,20.678518,"0.00,0.55,0.19,18.01,-6.71,7.63"
1120,2026-08-03T12:26:35.377,44.846128,56.013500,0.0100,0.8000,0.4100,3.7800,21.4800,-11.2900,0.898999,24.558968,"0.01,0.80,0.41,3.78,21.48,-11.29"
1121,2026-08-03T12:26:35.437,44.906549,60.420600,0.0900,1.0900,0.8300,-18.9800,36.6200,-23.3800,1.372989,47.411910,"0.09,1.09,0.83,-18.98,36.62,-23.38"
1122,2026-08-03T12:26:35.438,44.907458,0.909500,0.1600,1.1900,1.0600,-23.3800,25.5700,-16.2400,1.601655,38.264695,"0.16,1.19,1.06,-23.38,25.57,-16.24"
1123,2026-08-03T12:26:35.557,45.026376,118.917100,0.1600,1.0500,0.9400,0.1200,4.1500,1.1600,1.418344,4.310742,"0.16,1.05,0.94,0.12,4.15,1.16"
1124,2026-08-03T12:26:35.677,45.146448,120.072900,0.1100,0.8100,0.6600,30.4600,-14.7100,13.1800,1.050619,36.303004,"0.11,0.81,0.66,30.46,-14.71,13.18"
1125,2026-08-03T12:26:35.678,45.147371,0.922500,0.0500,0.6400,0.4100,40.4100,-25.2100,15.7500,0.761709,50.165473,"0.05,0.64,0.41,40.41,-25.21,15.75"
1126,2026-08-03T12:26:35.679,45.148631,1.260500,0.0200,0.5300,0.2500,34.7900,-25.2700,11.9000,0.586345,44.615322,"0.02,0.53,0.25,34.79,-25.27,11.90"
1127,2026-08-03T12:26:35.680,45.149632,1.000900,0.0000,0.5200,0.1900,34.1800,-15.2600,0.0000,0.553624,37.431805,"0.00,0.52,0.19,34.18,-15.26,0.00"
1128,2026-08-03T12:26:35.681,45.150613,0.981200,0.0100,0.7300,0.2900,23.7400,4.3900,-17.4600,0.785557,29.794484,"0.01,0.73,0.29,23.74,4.39,-17.46"
1129,2026-08-03T12:26:35.737,45.206258,55.644900,0.0600,1.0900,0.5800,-6.5900,18.1900,-24.2900,1.236163,31.053314,"0.06,1.09,0.58,-6.59,18.19,-24.29"
1130,2026-08-03T12:26:35.797,45.266480,60.221600,0.1300,1.2800,0.8200,-24.7200,12.8200,-13.7900,1.525680,31.074023,"0.13,1.28,0.82,-24.72,12.82,-13.79"
1131,2026-08-03T12:26:35.798,45.267350,0.870400,0.1400,1.1500,0.8100,-13.3700,-1.5900,3.2300,1.413577,13.846223,"0.14,1.15,0.81,-13.37,-1.59,3.23"
1132,2026-08-03T12:26:35.857,45.326858,59.507200,0.1100,0.8800,0.6300,11.2900,-14.4700,15.5600,1.087842,24.061559,"0.11,0.88,0.63,11.29,-14.47,15.56"
1133,2026-08-03T12:26:35.918,45.387098,60.240100,0.0700,0.6800,0.4300,23.6800,-21.1800,18.0700,0.807589,36.549414,"0.07,0.68,0.43,23.68,-21.18,18.07"
1134,2026-08-03T12:26:35.918,45.387659,0.561400,0.0500,0.5600,0.2800,22.2200,-18.8600,11.9600,0.628092,31.503486,"0.05,0.56,0.28,22.22,-18.86,11.96"
1135,2026-08-03T12:26:36.037,45.506133,118.473800,0.0300,0.5300,0.2000,23.5600,-9.0300,-1.4000,0.567274,25.270032,"0.03,0.53,0.20,23.56,-9.03,-1.40"
1136,2026-08-03T12:26:36.037,45.506679,0.546500,0.0100,0.6400,0.2500,18.3700,4.7000,-17.8800,0.687168,26.062258,"0.01,0.64,0.25,18.37,4.70,-17.88"
1137,2026-08-03T12:26:36.097,45.566028,59.348800,0.0200,0.9400,0.4700,-0.2400,12.4500,-32.0400,1.051142,34.374725,"0.02,0.94,0.47,-0.24,12.45,-32.04"
1138,2026-08-03T12:26:36.097,45.566639,0.611000,0.0700,1.2900,0.7100,-10.4400,0.1200,-38.6400,1.474144,40.025712,"0.07,1.29,0.71,-10.44,0.12,-38.64"
1139,2026-08-03T12:26:36.157,45.626704,60.064700,0.1300,1.3800,0.7100,-0.6700,-22.5200,-25.3900,1.557370,33.944829,"0.13,1.38,0.71,-0.67,-22.52,-25.39"
1140,2026-08-03T12:26:36.158,45.627484,0.780000,0.1400,1.1100,0.5400,8.8500,-30.7600,9.1600,1.242296,33.292727,"0.14,1.11,0.54,8.85,-30.76,9.16"
1141,2026-08-03T12:26:36.217,45.686431,58.946800,0.1100,0.7600,0.4000,8.2400,-25.2100,37.7800,0.865852,46.160265,"0.11,0.76,0.40,8.24,-25.21,37.78"
1142,2026-08-03T12:26:36.277,45.746504,60.073200,0.0800,0.5500,0.3200,2.9900,-16.7800,39.9200,0.641327,43.406392,"0.08,0.55,0.32,2.99,-16.78,39.92"
1143,2026-08-03T12:26:36.278,45.747487,0.983600,0.0600,0.5100,0.2700,-0.1200,-6.5300,20.6300,0.580172,21.639136,"0.06,0.51,0.27,-0.12,-6.53,20.63"
1144,2026-08-03T12:26:36.397,45.866844,119.356400,0.0300,0.6800,0.2900,1.5900,6.9600,-7.2600,0.739865,10.182205,"0.03,0.68,0.29,1.59,6.96,-7.26"
1145,2026-08-03T12:26:36.398,45.867420,0.576500,0.0500,1.0600,0.5300,-14.0400,17.7600,-26.1800,1.186170,34.611148,"0.05,1.06,0.53,-14.04,17.76,-26.18"
1146,2026-08-03T12:26:36.398,45.867768,0.347300,0.1100,1.2800,0.7500,-30.8200,11.7800,-22.4000,1.487616,39.879829,"0.11,1.28,0.75,-30.82,11.78,-22.40"
1147,2026-08-03T12:26:36.456,45.925949,58.181100,0.1500,1.1600,0.6700,-6.7100,-8.4800,-3.9100,1.347961,11.498809,"0.15,1.16,0.67,-6.71,-8.48,-3.91"
1148,2026-08-03T12:26:36.517,45.986606,60.657000,0.1400,0.8900,0.4500,23.4400,-20.8700,13.3100,1.007075,34.090271,"0.14,0.89,0.45,23.44,-20.87,13.31"
1149,2026-08-03T12:26:36.518,45.987192,0.586000,0.1200,0.6700,0.3000,20.2600,-17.3300,21.3000,0.743841,34.124573,"0.12,0.67,0.30,20.26,-17.33,21.30"
1150,2026-08-03T12:26:36.576,46.045944,58.752600,0.0800,0.5300,0.2300,7.1400,-4.2700,16.7800,0.583267,18.729146,"0.08,0.53,0.23,7.14,-4.27,16.78"
1151,2026-08-03T12:26:36.637,46.106259,60.315100,0.0400,0.5500,0.2500,-4.8200,15.0100,-0.3700,0.605475,15.769255,"0.04,0.55,0.25,-4.82,15.01,-0.37"
1152,2026-08-03T12:26:36.757,46.226284,120.024700,0.0300,0.8500,0.3900,-21.1800,33.8700,-22.9500,0.935682,46.070292,"0.03,0.85,0.39,-21.18,33.87,-22.95"
1153,2026-08-03T12:26:36.758,46.227458,1.174300,0.0400,1.2600,0.6300,-11.7800,34.1200,-45.1000,1.409291,57.766364,"0.04,1.26,0.63,-11.78,34.12,-45.10"
1154,2026-08-03T12:26:36.759,46.228152,0.694000,-0.0000,1.4000,0.6900,59.3300,24.7200,-93.7500,1.560801,113.667013,"-0.00,1.40,0.69,59.33,24.72,-93.75"
1155,2026-08-03T12:26:36.759,46.228282,0.129200,-0.1000,1.2200,0.5300,124.0200,38.0900,-135.2500,1.333904,187.414970,"-0.10,1.22,0.53,124.02,38.09,-135.25"
1156,2026-08-03T12:26:37.116,46.585845,357.563000,-0.1600,0.9700,0.3400,107.7300,38.1500,-84.6600,1.040240,142.226900,"-0.16,0.97,0.34,107.73,38.15,-84.66"
1157,2026-08-03T12:26:37.117,46.586587,0.741900,-0.1500,0.7900,0.2200,65.2500,2.5000,-1.2800,0.833667,65.310420,"-0.15,0.79,0.22,65.25,2.50,-1.28"
1158,2026-08-03T12:26:37.117,46.586925,0.338900,-0.1300,0.7000,0.1800,47.0600,-23.8600,31.0700,0.734370,61.231431,"-0.13,0.70,0.18,47.06,-23.86,31.07"
1159,2026-08-03T12:26:37.118,46.587392,0.466700,-0.1200,0.6900,0.2000,49.9300,-37.1700,28.3800,0.728354,68.410805,"-0.12,0.69,0.20,49.93,-37.17,28.38"
1160,2026-08-03T12:26:37.118,46.587877,0.484600,-0.1100,0.6800,0.1400,90.0300,-69.7600,8.6700,0.702922,114.223585,"-0.11,0.68,0.14,90.03,-69.76,8.67"
1161,2026-08-03T12:26:37.119,46.588831,0.953800,-0.1200,0.7000,-0.0600,134.2200,-100.8300,-17.4600,0.712741,168.779587,"-0.12,0.70,-0.06,134.22,-100.83,-17.46"
1162,2026-08-03T12:26:37.120,46.589909,1.078200,-0.2300,0.8600,-0.2200,113.4000,-74.1600,-52.2500,0.917006,145.221652,"-0.23,0.86,-0.22,113.40,-74.16,-52.25"
1163,2026-08-03T12:26:37.121,46.590521,0.612100,-0.3400,1.0900,-0.1900,54.0800,18.4300,-92.5900,1.157497,108.798986,"-0.34,1.09,-0.19,54.08,18.43,-92.59"
1164,2026-08-03T12:26:37.122,46.591531,1.009900,-0.3800,1.2600,-0.0800,27.8300,101.9900,-100.8300,1.318484,146.092977,"-0.38,1.26,-0.08,27.83,101.99,-100.83"
1165,2026-08-03T12:26:37.177,46.646285,54.754500,-0.3600,1.3300,-0.0300,31.1300,88.3200,-50.7800,1.378187,106.527497,"-0.36,1.33,-0.03,31.13,88.32,-50.78"
1166,2026-08-03T12:26:37.237,46.706444,60.158500,-0.3000,1.2700,-0.1000,24.7200,8.3600,33.0800,1.308778,42.133768,"-0.30,1.27,-0.10,24.72,8.36,33.08"
1167,2026-08-03T12:26:37.238,46.707160,0.715900,-0.2100,1.1400,-0.2000,15.9900,-51.0900,103.1500,1.176308,116.214417,"-0.21,1.14,-0.20,15.99,-51.09,103.15"
1168,2026-08-03T12:26:37.297,46.766908,59.748400,-0.1200,0.9700,-0.2100,12.8200,-61.9500,136.9600,0.999700,150.864829,"-0.12,0.97,-0.21,12.82,-61.95,136.96"
1169,2026-08-03T12:26:37.356,46.825758,58.849900,-0.0200,0.7300,-0.1000,12.8200,-47.6700,150.6300,0.737089,158.512391,"-0.02,0.73,-0.10,12.82,-47.67,150.63"
1170,2026-08-03T12:26:37.357,46.826069,0.310800,0.0800,0.5200,-0.0500,36.6200,-52.3100,188.4200,0.528488,198.945864,"0.08,0.52,-0.05,36.62,-52.31,188.42"
1171,2026-08-03T12:26:37.477,46.946990,120.921500,0.1300,0.4600,-0.1300,83.0100,-90.9400,250.9200,0.495379,279.502397,"0.13,0.46,-0.13,83.01,-90.94,250.92"
1172,2026-08-03T12:26:37.478,46.947695,0.704600,0.1800,0.6200,-0.2800,113.3400,-142.4000,248.9000,0.703704,308.342222,"0.18,0.62,-0.28,113.34,-142.40,248.90"
1173,2026-08-03T12:26:37.479,46.948357,0.661800,0.2300,0.9100,-0.5100,86.1800,-231.3200,137.3900,1.068223,282.510083,"0.23,0.91,-0.51,86.18,-231.32,137.39"
1174,2026-08-03T12:26:37.537,47.006252,57.895400,0.1800,1.0600,-0.8400,34.7900,-336.7900,-0.3100,1.364405,338.582256,"0.18,1.06,-0.84,34.79,-336.79,-0.31"
1175,2026-08-03T12:26:37.597,47.066305,60.052800,0.0600,1.0300,-1.1200,6.4700,-329.6500,-64.8800,1.522793,336.036304,"0.06,1.03,-1.12,6.47,-329.65,-64.88"
1176,2026-08-03T12:26:37.597,47.066493,0.187700,-0.0900,0.9600,-1.0900,-55.1100,-211.7300,-38.7600,1.455266,222.191455,"-0.09,0.96,-1.09,-55.11,-211.73,-38.76"
1177,2026-08-03T12:26:37.657,47.126101,59.608300,-0.2100,0.8500,-0.8000,-142.4000,-71.4100,34.5500,1.186002,163.005677,"-0.21,0.85,-0.80,-142.40,-71.41,34.55"
1178,2026-08-03T12:26:37.718,47.187133,61.032000,-0.1900,0.7100,-0.4800,-171.2000,74.6500,105.7100,0.877838,214.608170,"-0.19,0.71,-0.48,-171.20,74.65,105.71"
1179,2026-08-03T12:26:37.718,47.187855,0.722200,-0.0300,0.5800,-0.0900,-187.9300,168.8800,161.0700,0.587707,299.635919,"-0.03,0.58,-0.09,-187.93,168.88,161.07"
1180,2026-08-03T12:26:37.777,47.246979,59.124300,0.2000,0.5200,0.2400,-223.3300,144.4100,197.7500,0.606630,331.414543,"0.20,0.52,0.24,-223.33,144.41,197.75"
1181,2026-08-03T12:26:37.837,47.306443,59.464100,0.3900,0.5400,0.3800,-185.8500,84.1700,171.1400,0.766877,266.296284,"0.39,0.54,0.38,-185.85,84.17,171.14"
1182,2026-08-03T12:26:37.838,47.307078,0.634100,0.7100,0.8000,0.4500,-68.4200,84.4100,87.7100,1.160431,139.640211,"0.71,0.80,0.45,-68.42,84.41,87.71"
1183,2026-08-03T12:26:37.897,47.366145,59.067900,1.0000,1.1400,0.4300,44.0700,86.6100,28.3800,1.576230,101.236759,"1.00,1.14,0.43,44.07,86.61,28.38"
1184,2026-08-03T12:26:38.017,47.486513,120.367800,0.9400,1.1300,0.2900,103.3300,25.0200,-15.2000,1.498199,107.397064,"0.94,1.13,0.29,103.33,25.02,-15.20"
1185,2026-08-03T12:26:38.018,47.487378,0.864900,0.7000,0.9100,0.1500,105.8300,-58.6500,-44.1300,1.157843,128.791569,"0.70,0.91,0.15,105.83,-58.65,-44.13"
1186,2026-08-03T12:26:38.019,47.488026,0.647600,0.4500,0.6900,0.0700,75.3800,-95.4000,-27.8900,0.826741,124.744365,"0.45,0.69,0.07,75.38,-95.40,-27.89"
1187,2026-08-03T12:26:38.077,47.546351,58.325000,0.2800,0.6100,-0.0000,41.5600,-66.4700,-13.9200,0.671193,79.619476,"0.28,0.61,-0.00,41.56,-66.47,-13.92"
1188,2026-08-03T12:26:38.077,47.546732,0.381600,0.2300,0.7200,-0.1100,25.0900,-21.7300,-15.1400,0.763806,36.481784,"0.23,0.72,-0.11,25.09,-21.73,-15.14"
1189,2026-08-03T12:26:38.137,47.606416,59.683400,0.1700,0.7800,-0.2100,22.7100,-21.4800,-31.0100,0.825470,44.031291,"0.17,0.78,-0.21,22.71,-21.48,-31.01"
1190,2026-08-03T12:26:38.197,47.666332,59.916100,0.1200,0.8500,-0.2800,2.9300,-34.8500,-77.9400,0.902940,85.426875,"0.12,0.85,-0.28,2.93,-34.85,-77.94"
1191,2026-08-03T12:26:38.197,47.666877,0.545400,0.1500,1.1300,-0.3600,-45.2300,-5.4300,-126.8900,1.195408,134.819546,"0.15,1.13,-0.36,-45.23,-5.43,-126.89"
1192,2026-08-03T12:26:38.257,47.726376,59.498600,0.2200,1.4300,-0.4000,-90.9400,40.6500,-123.9600,1.501100,159.023859,"0.22,1.43,-0.40,-90.94,40.65,-123.96"
1193,2026-08-03T12:26:38.317,47.786649,60.273200,0.2300,1.4400,-0.2600,-128.4200,67.0200,-60.1800,1.481249,156.859839,"0.23,1.44,-0.26,-128.42,67.02,-60.18"
1194,2026-08-03T12:26:38.318,47.787304,0.654700,0.1900,1.1800,-0.0100,-150.7600,81.2400,13.5500,1.195241,171.790913,"0.19,1.18,-0.01,-150.76,81.24,13.55"
1195,2026-08-03T12:26:38.377,47.846983,59.679200,0.1300,0.8900,0.1300,-126.5300,94.3600,56.4000,0.908790,167.614470,"0.13,0.89,0.13,-126.53,94.36,56.40"
1196,2026-08-03T12:26:38.437,47.907014,60.031400,0.0600,0.6300,0.2400,-69.4600,100.0400,81.4200,0.676831,146.498838,"0.06,0.63,0.24,-69.46,100.04,81.42"
1197,2026-08-03T12:26:38.438,47.907960,0.946000,0.1300,0.5700,0.2800,43.4000,60.7900,87.5900,0.648228,115.112954,"0.13,0.57,0.28,43.40,60.79,87.59"
1198,2026-08-03T12:26:38.556,48.025948,117.987100,0.2700,0.7200,0.2100,148.9300,-3.4800,74.4600,0.797120,166.542928,"0.27,0.72,0.21,148.93,-3.48,74.46"
1199,2026-08-03T12:26:38.616,48.085956,60.008300,0.3400,0.8900,0.2000,120.7300,-19.4100,51.1500,0.973499,132.547363,"0.34,0.89,0.20,120.73,-19.41,51.15"
1200,2026-08-03T12:26:38.617,48.086897,0.940800,0.4200,1.0500,0.2900,14.6500,14.8300,8.8500,1.167476,22.646719,"0.42,1.05,0.29,14.65,14.83,8.85"
1201,2026-08-03T12:26:38.618,48.087786,0.889100,0.5600,1.1100,0.4800,-71.9000,45.7800,-10.0100,1.332704,85.823182,"0.56,1.11,0.48,-71.90,45.78,-10.01"
1202,2026-08-03T12:26:38.677,48.146759,58.973700,0.6500,1.0000,0.6500,-110.9000,29.2400,26.1200,1.358308,117.626706,"0.65,1.00,0.65,-110.90,29.24,26.12"
1203,2026-08-03T12:26:38.678,48.147367,0.608000,0.6000,0.8500,0.6000,-112.4300,-11.7200,59.2000,1.201041,127.602913,"0.60,0.85,0.60,-112.43,-11.72,59.20"
1204,2026-08-03T12:26:38.737,48.206252,58.884900,0.4300,0.7100,0.4600,-129.8200,-8.2400,56.2100,0.948999,141.706366,"0.43,0.71,0.46,-129.82,-8.24,56.21"
1205,2026-08-03T12:26:38.857,48.326615,120.362300,0.2600,0.5500,0.4000,-154.5400,31.1300,40.1600,0.728080,162.679175,"0.26,0.55,0.40,-154.54,31.13,40.16"
1206,2026-08-03T12:26:38.858,48.327171,0.556000,0.2200,0.4500,0.4600,-147.8300,39.9800,17.4000,0.680074,154.126147,"0.22,0.45,0.46,-147.83,39.98,17.40"
1207,2026-08-03T12:26:38.858,48.327771,0.600400,0.2600,0.4400,0.5900,-135.9300,16.9100,-6.7100,0.780577,137.142033,"0.26,0.44,0.59,-135.93,16.91,-6.71"
1208,2026-08-03T12:26:38.917,48.386535,58.763600,0.3100,0.6100,0.6400,-115.9700,-5.1900,-30.4000,0.936910,120.000571,"0.31,0.61,0.64,-115.97,-5.19,-30.40"
1209,2026-08-03T12:26:38.918,48.387393,0.858700,0.3500,0.8400,0.6000,-88.0100,-13.6700,-51.8200,1.090000,103.043396,"0.35,0.84,0.60,-88.01,-13.67,-51.82"
1210,2026-08-03T12:26:38.977,48.446675,59.281900,0.3800,0.9900,0.6100,-95.2800,0.4300,-50.6000,1.223356,107.883378,"0.38,0.99,0.61,-95.28,0.43,-50.60"
1211,2026-08-03T12:26:39.097,48.566378,119.702400,0.3800,1.1100,0.6300,-116.3300,24.2900,-25.2700,1.331691,121.495868,"0.38,1.11,0.63,-116.33,24.29,-25.27"
1212,2026-08-03T12:26:39.098,48.568019,1.641200,0.3300,1.1300,0.6200,-91.8600,37.7800,3.5400,1.330489,99.388730,"0.33,1.13,0.62,-91.86,37.78,3.54"
1213,2026-08-03T12:26:39.099,48.568693,0.674300,0.2600,0.8800,0.6900,-48.7700,46.2600,47.0000,1.148085,82.021342,"0.26,0.88,0.69,-48.77,46.26,47.00"
1214,2026-08-03T12:26:39.157,48.626549,57.856300,0.2300,0.5500,0.8200,-17.2700,52.8600,102.6000,1.013805,116.701296,"0.23,0.55,0.82,-17.27,52.86,102.60"
1215,2026-08-03T12:26:39.158,48.627692,1.143100,0.2200,0.2900,0.9200,23.8600,54.8700,129.9400,0.989394,143.053906,"0.22,0.29,0.92,23.86,54.87,129.94"
1216,2026-08-03T12:26:39.217,48.686053,58.360600,0.2400,0.0000,1.0300,40.7700,59.4500,129.8200,1.057592,148.491508,"0.24,0.00,1.03,40.77,59.45,129.82"
1217,2026-08-03T12:26:39.277,48.746282,60.228500,0.2500,-0.2100,1.1200,17.4600,64.4500,116.9400,1.166619,134.661122,"0.25,-0.21,1.12,17.46,64.45,116.94"
1218,2026-08-03T12:26:39.278,48.747063,0.781600,0.2000,-0.2600,1.1200,10.3100,60.3600,82.0300,1.167048,102.364772,"0.20,-0.26,1.12,10.31,60.36,82.03"
1219,2026-08-03T12:26:39.337,48.806274,59.210900,0.1500,-0.2000,1.1000,15.1400,41.7500,33.1400,1.128051,55.412469,"0.15,-0.20,1.10,15.14,41.75,33.14"
1220,2026-08-03T12:26:39.397,48.866325,60.050700,0.1300,-0.0100,1.0200,9.7000,11.7800,-16.7800,1.028300,22.680979,"0.13,-0.01,1.02,9.70,11.78,-16.78"
1221,2026-08-03T12:26:39.398,48.867144,0.818900,0.1300,0.2000,0.9400,-1.5300,-10.9900,-54.0200,0.969794,55.147814,"0.13,0.20,0.94,-1.53,-10.99,-54.02"
1222,2026-08-03T12:26:39.458,48.927300,60.156600,0.1600,0.3300,0.9100,-29.7200,-13.1200,-65.1900,0.981122,72.836453,"0.16,0.33,0.91,-29.72,-13.12,-65.19"
1223,2026-08-03T12:26:39.517,48.986058,58.757600,0.1800,0.4000,0.8900,-55.4800,-2.3800,-62.5000,0.992220,83.605890,"0.18,0.40,0.89,-55.48,-2.38,-62.50"
1224,2026-08-03T12:26:39.517,48.986566,0.508500,0.2200,0.4700,0.9000,-59.6300,9.3400,-58.2900,1.038894,83.908859,"0.22,0.47,0.90,-59.63,9.34,-58.29"
1225,2026-08-03T12:26:39.576,49.045988,59.421400,0.2600,0.5900,0.9100,-51.5700,17.9400,-51.0300,1.115258,74.735329,"0.26,0.59,0.91,-51.57,17.94,-51.03"
1226,2026-08-03T12:26:39.637,49.106769,60.780900,0.2800,0.7400,0.8900,-33.5700,21.4800,-39.0000,1.190840,55.761414,"0.28,0.74,0.89,-33.57,21.48,-39.00"
1227,2026-08-03T12:26:39.638,49.107220,0.451700,0.2700,0.7500,0.8900,-15.5600,17.5200,-12.2100,1.194780,26.422492,"0.27,0.75,0.89,-15.56,17.52,-12.21"
1228,2026-08-03T12:26:39.757,49.226660,119.439800,0.2200,0.5500,0.9200,-7.9300,10.0700,26.4900,1.094212,29.428046,"0.22,0.55,0.92,-7.93,10.07,26.49"
1229,2026-08-03T12:26:39.758,49.227452,0.791400,0.1900,0.2500,0.9800,-3.8500,7.5700,57.2500,1.029077,57.876506,"0.19,0.25,0.98,-3.85,7.57,57.25"
1230,2026-08-03T12:26:39.758,49.227774,0.322500,0.1900,-0.0300,1.1000,-3.4200,10.9900,72.4500,1.116692,73.358565,"0.19,-0.03,1.10,-3.42,10.99,72.45"
1231,2026-08-03T12:26:39.877,49.346224,118.450400,0.2100,-0.1700,1.2200,-7.8100,10.1900,67.9900,1.249560,69.191562,"0.21,-0.17,1.22,-7.81,10.19,67.99"
1232,2026-08-03T12:26:39.877,49.346741,0.516900,0.2200,-0.1100,1.2700,-7.6900,-4.7000,41.5000,1.293600,42.467353,"0.22,-0.11,1.27,-7.69,-4.70,41.50"
1233,2026-08-03T12:26:39.878,49.347523,0.781300,0.2100,0.0700,1.2100,-2.5000,-29.7900,9.2800,1.230081,31.301957,"0.21,0.07,1.21,-2.50,-29.79,9.28"
1234,2026-08-03T12:26:39.937,49.406726,59.203200,0.1700,0.1800,1.0700,-3.1700,-48.7700,-6.1000,1.098271,49.252125,"0.17,0.18,1.07,-3.17,-48.77,-6.10"
1235,2026-08-03T12:26:39.997,49.466193,59.467500,0.1200,0.1400,0.8800,-12.2700,-52.6700,-3.3000,0.899111,54.180917,"0.12,0.14,0.88,-12.27,-52.67,-3.30"
1236,2026-08-03T12:26:39.997,49.466927,0.734000,0.0900,0.0400,0.7200,-22.0300,-43.3300,1.0400,0.726705,48.619866,"0.09,0.04,0.72,-22.03,-43.33,1.04"
1237,2026-08-03T12:26:40.057,49.526109,59.181400,0.1100,-0.0400,0.6800,-24.9000,-26.0600,-5.1300,0.690000,36.406737,"0.11,-0.04,0.68,-24.90,-26.06,-5.13"
1238,2026-08-03T12:26:40.118,49.587346,61.237300,0.1500,-0.0300,0.7100,-22.0900,-7.0800,-21.6700,0.726292,31.744029,"0.15,-0.03,0.71,-22.09,-7.08,-21.67"
1239,2026-08-03T12:26:40.118,49.587741,0.395200,0.1900,0.1100,0.7900,-15.6200,9.5800,-41.7500,0.819939,45.594115,"0.19,0.11,0.79,-15.62,9.58,-41.75"
1240,2026-08-03T12:26:40.177,49.646203,58.461500,0.2500,0.3100,0.9100,-6.8400,22.5200,-54.5000,0.993328,59.364855,"0.25,0.31,0.91,-6.84,22.52,-54.50"
1241,2026-08-03T12:26:40.237,49.706632,60.428800,0.3000,0.4800,0.9700,-1.7100,28.8100,-52.1200,1.123076,59.577132,"0.30,0.48,0.97,-1.71,28.81,-52.12"
1242,2026-08-03T12:26:40.238,49.707403,0.771700,0.3100,0.5800,0.9400,0.0000,29.6600,-35.6400,1.147214,46.367286,"0.31,0.58,0.94,0.00,29.66,-35.64"
1243,2026-08-03T12:26:40.297,49.766503,59.099500,0.2900,0.5800,0.9100,3.3000,29.8500,-8.0600,1.117408,31.094631,"0.29,0.58,0.91,3.30,29.85,-8.06"
1244,2026-08-03T12:26:40.357,49.826270,59.767400,0.2500,0.5100,0.9100,9.5200,30.4000,25.5700,1.072707,40.848688,"0.25,0.51,0.91,9.52,30.40,25.57"
1245,2026-08-03T12:26:40.357,49.826925,0.654500,0.2100,0.4000,0.9600,16.9700,31.6800,56.8800,1.060990,67.282522,"0.21,0.40,0.96,16.97,31.68,56.88"
1246,2026-08-03T12:26:40.477,49.946563,119.638600,0.1900,0.2100,1.0800,16.7800,33.2000,85.6900,1.116512,93.416190,"0.19,0.21,1.08,16.78,33.20,85.69"
1247,2026-08-03T12:26:40.537,50.006226,59.662400,0.1600,-0.0200,1.2100,8.9100,32.4100,107.5400,1.220697,112.670528,"0.16,-0.02,1.21,8.91,32.41,107.54"
1248,2026-08-03T12:26:40.537,50.006988,0.761900,0.1200,-0.2200,1.2800,4.8200,27.1600,110.7200,1.304301,114.104410,"0.12,-0.22,1.28,4.82,27.16,110.72"
1249,2026-08-03T12:26:40.538,50.007437,0.449000,0.0500,-0.3300,1.2400,5.3100,17.2100,92.7700,1.284134,94.502133,"0.05,-0.33,1.24,5.31,17.21,92.77"
1250,2026-08-03T12:26:40.597,50.066460,59.023100,-0.0000,-0.2700,1.1000,8.7300,0.0600,50.1100,1.132652,50.864807,"-0.00,-0.27,1.10,8.73,0.06,50.11"
1251,2026-08-03T12:26:40.598,50.067241,0.781400,-0.0000,-0.1100,0.9600,10.2500,-18.8600,-2.5600,0.966282,21.617486,"-0.00,-0.11,0.96,10.25,-18.86,-2.56"
1252,2026-08-03T12:26:40.657,50.126394,59.152700,0.0300,0.0300,0.8800,-3.1100,-24.4800,-35.1000,0.881022,42.906322,"0.03,0.03,0.88,-3.11,-24.48,-35.10"
1253,2026-08-03T12:26:40.717,50.186440,60.046600,0.0700,0.1000,0.8400,-20.7500,-16.7200,-45.1000,0.848823,52.384453,"0.07,0.10,0.84,-20.75,-16.72,-45.10"
1254,2026-08-03T12:26:40.718,50.187182,0.741200,0.0900,0.1400,0.8300,-24.2300,-6.2900,-48.0300,0.846522,54.162145,"0.09,0.14,0.83,-24.23,-6.29,-48.03"
1255,2026-08-03T12:26:40.837,50.306385,119.203700,0.1200,0.1900,0.8500,-20.5100,3.4200,-50.8400,0.879204,54.927790,"0.12,0.19,0.85,-20.51,3.42,-50.84"
1256,2026-08-03T12:26:40.837,50.306978,0.592700,0.1400,0.2500,0.8900,-16.3600,11.8400,-52.3100,0.934987,56.072911,"0.14,0.25,0.89,-16.36,11.84,-52.31"
1257,2026-08-03T12:26:40.838,50.307579,0.601000,0.1700,0.2900,0.9300,-14.5300,16.9700,-49.1900,0.988888,54.025530,"0.17,0.29,0.93,-14.53,16.97,-49.19"
1258,2026-08-03T12:26:40.897,50.366773,59.194400,0.1900,0.3400,0.9300,-16.3600,20.3200,-41.3800,1.008266,48.916831,"0.19,0.34,0.93,-16.36,20.32,-41.38"
1259,2026-08-03T12:26:40.958,50.427326,60.552400,0.2000,0.4000,0.9100,-15.4400,25.6300,-29.3000,1.013953,41.878163,"0.20,0.40,0.91,-15.44,25.63,-29.30"
1260,2026-08-03T12:26:40.959,50.428487,1.161300,0.1800,0.4200,0.9200,-11.6000,32.1000,-8.7900,1.027229,35.245342,"0.18,0.42,0.92,-11.60,32.10,-8.79"
1261,2026-08-03T12:26:41.197,50.666067,237.580100,0.1500,0.3800,0.9700,-6.7700,36.5000,16.9100,1.052521,40.792536,"0.15,0.38,0.97,-6.77,36.50,16.91"
1262,2026-08-03T12:26:41.198,50.667174,1.106700,0.1100,0.3000,1.0300,-3.7800,38.6400,40.6500,1.078425,56.211747,"0.11,0.30,1.03,-3.78,38.64,40.65"
1263,2026-08-03T12:26:41.198,50.667469,0.294800,0.0900,0.2100,1.1100,-4.4600,36.3200,60.5500,1.133270,70.748403,"0.09,0.21,1.11,-4.46,36.32,60.55"
1264,2026-08-03T12:26:41.199,50.668360,0.891100,0.0700,0.1400,1.1600,-1.2200,26.7300,71.9000,1.170513,76.717607,"0.07,0.14,1.16,-1.22,26.73,71.90"
1265,2026-08-03T12:26:41.200,50.669059,0.699500,0.0500,0.0700,1.1700,4.7600,15.2000,77.5100,1.173158,79.129626,"0.05,0.07,1.17,4.76,15.20,77.51"
1266,2026-08-03T12:26:41.200,50.669958,0.898600,-0.0200,-0.0400,1.1900,0.0600,7.2000,87.6500,1.190840,87.945245,"-0.02,-0.04,1.19,0.06,7.20,87.65"
1267,2026-08-03T12:26:41.257,50.726064,56.106100,-0.1000,-0.1800,1.1900,-12.1500,-0.3100,92.5300,1.207684,93.324806,"-0.10,-0.18,1.19,-12.15,-0.31,92.53"
1268,2026-08-03T12:26:41.317,50.786088,60.024200,-0.1600,-0.2900,1.1600,-20.1400,-11.1100,73.3600,1.206358,76.881346,"-0.16,-0.29,1.16,-20.14,-11.11,73.36"
1269,2026-08-03T12:26:41.318,50.787068,0.980000,-0.1900,-0.3100,1.1100,-27.7100,-20.5100,35.8300,1.168033,49.722159,"-0.19,-0.31,1.11,-27.71,-20.51,35.83"
1270,2026-08-03T12:26:41.377,50.846495,59.426400,-0.1600,-0.2500,1.0200,-28.3200,-27.0400,-4.5800,1.062309,39.422841,"-0.16,-0.25,1.02,-28.32,-27.04,-4.58"
1271,2026-08-03T12:26:41.437,50.906428,59.933200,-0.1000,-0.1300,0.8600,-7.5100,-34.6100,-40.7100,0.875500,53.958839,"-0.10,-0.13,0.86,-7.51,-34.61,-40.71"
1272,2026-08-03T12:26:41.437,50.907001,0.572700,-0.0300,-0.0100,0.7000,22.3400,-37.4800,-65.7300,0.700714,78.893973,"-0.03,-0.01,0.70,22.34,-37.48,-65.73"
1273,2026-08-03T12:26:41.497,50.966729,59.728700,0.0200,0.1000,0.5600,47.4200,-28.0800,-74.0400,0.569210,92.298778,"0.02,0.10,0.56,47.42,-28.08,-74.04"
1274,2026-08-03T12:26:41.557,51.026984,60.254800,0.0400,0.2100,0.5200,74.2800,-7.5700,-68.3600,0.562228,101.231976,"0.04,0.21,0.52,74.28,-7.57,-68.36"
1275,2026-08-03T12:26:41.558,51.027389,0.404600,0.0200,0.3400,0.5200,112.3700,20.5700,-58.2300,0.621611,128.221974,"0.02,0.34,0.52,112.37,20.57,-58.23"
1276,2026-08-03T12:26:41.677,51.146898,119.509900,-0.0200,0.6700,0.6000,175.7800,59.0800,-49.1300,0.899611,191.840589,"-0.02,0.67,0.60,175.78,59.08,-49.13"
1277,2026-08-03T12:26:41.678,51.147839,0.940100,-0.0100,1.0800,0.8700,252.3800,90.0900,-43.8200,1.386867,271.536489,"-0.01,1.08,0.87,252.38,90.09,-43.82"
1278,2026-08-03T12:26:41.679,51.148756,0.917000,-0.0000,1.2500,1.0300,286.1300,96.8600,-36.5600,1.619691,304.284193,"-0.00,1.25,1.03,286.13,96.86,-36.56"
1279,2026-08-03T12:26:41.797,51.266352,117.596500,-0.0100,1.2500,0.9600,99.1800,61.7100,4.8200,1.576135,116.910346,"-0.01,1.25,0.96,99.18,61.71,4.82"
1280,2026-08-03T12:26:41.798,51.267292,0.940100,-0.0500,1.1300,0.8900,-45.7200,31.4300,40.7700,1.439271,68.850245,"-0.05,1.13,0.89,-45.72,31.43,40.77"
1281,2026-08-03T12:26:41.798,51.267643,0.350400,-0.0900,0.9000,0.8900,-141.7800,9.9500,75.6200,1.268937,160.993650,"-0.09,0.90,0.89,-141.78,9.95,75.62"
1282,2026-08-03T12:26:41.917,51.386076,118.433800,-0.1300,0.6400,0.8800,-183.7200,-5.9200,88.4400,1.095856,203.984603,"-0.13,0.64,0.88,-183.72,-5.92,88.44"
1283,2026-08-03T12:26:41.917,51.386704,0.627900,-0.1600,0.4100,0.8200,-167.7200,-33.8100,68.8500,0.930645,184.427322,"-0.16,0.41,0.82,-167.72,-33.81,68.85"
1284,2026-08-03T12:26:41.918,51.387340,0.635400,-0.1400,0.2800,0.7400,-128.3000,-64.7600,32.9000,0.803492,147.435266,"-0.14,0.28,0.74,-128.30,-64.76,32.90"
1285,2026-08-03T12:26:41.977,51.446439,59.099600,-0.0900,0.2500,0.6400,-85.6300,-71.5900,3.1100,0.692965,111.657051,"-0.09,0.25,0.64,-85.63,-71.59,3.11"
1286,2026-08-03T12:26:42.037,51.506165,59.726000,-0.0700,0.2500,0.5500,-22.6400,-58.8400,-26.9200,0.608194,68.552182,"-0.07,0.25,0.55,-22.64,-58.84,-26.92"
1287,2026-08-03T12:26:42.037,51.506602,0.436700,-0.0500,0.3400,0.5300,40.7700,-42.8500,-50.6000,0.631664,77.837494,"-0.05,0.34,0.53,40.77,-42.85,-50.60"
1288,2026-08-03T12:26:42.097,51.566425,59.822800,0.0200,0.5900,0.6200,85.5700,-17.6400,-45.1700,0.856096,98.355088,"0.02,0.59,0.62,85.57,-17.64,-45.17"
1289,2026-08-03T12:26:42.217,51.686463,120.038200,0.1200,0.9100,0.6800,107.1200,28.8700,-20.8100,1.142322,112.877045,"0.12,0.91,0.68,107.12,28.87,-20.81"
1290,2026-08-03T12:26:42.218,51.687084,0.621100,0.1800,1.0700,0.7100,93.0200,67.2000,3.9700,1.296688,114.823000,"0.18,1.07,0.71,93.02,67.20,3.97"
1291,2026-08-03T12:26:42.218,51.687636,0.552300,0.1800,0.9500,0.8700,60.6100,53.2800,30.1500,1.300692,86.147275,"0.18,0.95,0.87,60.61,53.28,30.15"
1292,2026-08-03T12:26:42.277,51.746654,59.017700,0.1500,0.7200,1.0800,30.5800,4.9400,59.5700,1.306637,67.142571,"0.15,0.72,1.08,30.58,4.94,59.57"
1293,2026-08-03T12:26:42.278,51.747337,0.683100,0.1200,0.5600,1.1600,-15.9300,-32.7800,80.3200,1.293677,88.202016,"0.12,0.56,1.16,-15.93,-32.78,80.32"
1294,2026-08-03T12:26:42.336,51.805959,58.622200,0.0900,0.4200,1.1500,-65.8600,-68.4200,63.2900,1.227599,114.124757,"0.09,0.42,1.15,-65.86,-68.42,63.29"
1295,2026-08-03T12:26:42.397,51.866295,60.335600,0.0800,0.3100,1.0900,-56.6400,-107.6000,12.3300,1.136046,122.220614,"0.08,0.31,1.09,-56.64,-107.60,12.33"
1296,2026-08-03T12:26:42.397,51.866691,0.396300,0.1100,0.3100,0.9300,-8.3600,-110.7200,-24.6000,0.986458,113.727604,"0.11,0.31,0.93,-8.36,-110.72,-24.60"
1297,2026-08-03T12:26:42.457,51.926282,59.591000,0.1200,0.3800,0.7100,11.4700,-77.3300,-37.1100,0.814187,86.536940,"0.12,0.38,0.71,11.47,-77.33,-37.11"
1298,2026-08-03T12:26:42.517,51.986216,59.934200,0.1100,0.4400,0.5300,-0.0600,-37.3500,-46.8700,0.697567,59.931820,"0.11,0.44,0.53,-0.06,-37.35,-46.87"
1299,2026-08-03T12:26:42.517,51.986351,0.134100,0.1100,0.5400,0.4400,-16.4800,-0.3100,-63.4200,0.705195,65.526963,"0.11,0.54,0.44,-16.48,-0.31,-63.42"
1300,2026-08-03T12:26:42.576,52.045741,59.390500,0.1100,0.6600,0.4000,-24.1700,39.4900,-78.9800,0.779551,91.550475,"0.11,0.66,0.40,-24.17,39.49,-78.98"
1301,2026-08-03T12:26:42.637,52.106455,60.714200,0.1400,0.8300,0.4200,-20.6900,79.1600,-73.7300,0.940691,110.138525,"0.14,0.83,0.42,-20.69,79.16,-73.73"
1302,2026-08-03T12:26:42.638,52.107167,0.712100,0.1900,1.0100,0.5500,7.3200,102.8400,-45.6500,1.165633,112.754470,"0.19,1.01,0.55,7.32,102.84,-45.65"
1303,2026-08-03T12:26:42.697,52.166058,58.890700,0.2100,1.0800,0.7200,42.4800,102.2900,-7.4500,1.314876,111.010346,"0.21,1.08,0.72,42.48,102.29,-7.45"
1304,2026-08-03T12:26:42.816,52.285398,119.340100,0.2000,1.0300,0.9000,38.3300,70.9800,34.9700,1.382353,87.921841,"0.20,1.03,0.90,38.33,70.98,34.97"
1305,2026-08-03T12:26:42.817,52.286535,1.136600,0.1700,0.8500,1.0700,12.7600,11.2300,73.0000,1.377062,74.952855,"0.17,0.85,1.07,12.76,11.23,73.00"
1306,2026-08-03T12:26:42.876,52.345762,59.226800,0.1100,0.6000,1.1500,-2.4400,-45.5900,94.8500,1.301768,105.265969,"0.11,0.60,1.15,-2.44,-45.59,94.85"
1307,2026-08-03T12:26:42.877,52.346741,0.979200,0.0700,0.4100,1.1000,-23.9300,-78.4900,89.9700,1.176010,121.769971,"0.07,0.41,1.10,-23.93,-78.49,89.97"
1308,2026-08-03T12:26:42.878,52.347091,0.350500,0.0500,0.3400,0.9900,-43.5200,-93.0800,56.8800,1.047950,117.444503,"0.05,0.34,0.99,-43.52,-93.08,56.88"
1309,2026-08-03T12:26:42.937,52.406404,59.312300,0.0600,0.3600,0.8200,-44.8600,-96.0100,10.9300,0.897552,106.535462,"0.06,0.36,0.82,-44.86,-96.01,10.93"
1310,2026-08-03T12:26:42.997,52.466041,59.637100,0.0900,0.3900,0.6600,-51.7000,-81.9700,-23.3800,0.771881,99.692504,"0.09,0.39,0.66,-51.70,-81.97,-23.38"
1311,2026-08-03T12:26:42.997,52.466523,0.482600,0.1200,0.4400,0.5500,-61.7100,-40.0400,-43.9500,0.714493,85.690887,"0.12,0.44,0.55,-61.71,-40.04,-43.95"
1312,2026-08-03T12:26:43.057,52.526984,60.461000,0.1400,0.5100,0.4900,-50.2900,21.4200,-61.4600,0.720972,82.251031,"0.14,0.51,0.49,-50.29,21.42,-61.46"
1313,2026-08-03T12:26:43.118,52.587106,60.122100,0.1700,0.6300,0.5000,-17.4600,87.5900,-68.3000,0.822071,112.435536,"0.17,0.63,0.50,-17.46,87.59,-68.30"
1314,2026-08-03T12:26:43.118,52.587442,0.336100,0.2000,0.8200,0.5600,25.8800,141.6600,-48.2200,1.012917,151.863420,"0.20,0.82,0.56,25.88,141.66,-48.22"
1315,2026-08-03T12:26:43.177,52.646468,59.026000,0.2200,1.0000,0.7200,80.1400,155.8800,-1.7700,1.251719,175.282991,"0.22,1.00,0.72,80.14,155.88,-1.77"
1316,2026-08-03T12:26:43.237,52.706631,60.162800,0.2000,1.0500,0.8900,117.1300,123.0500,44.1900,1.390899,175.537732,"0.20,1.05,0.89,117.13,123.05,44.19"
1317,2026-08-03T12:26:43.238,52.707166,0.534700,0.1300,0.9300,0.9900,71.4100,64.1500,79.2200,1.364515,124.460512,"0.13,0.93,0.99,71.41,64.15,79.22"
1318,2026-08-03T12:26:43.296,52.765958,58.792000,0.0500,0.6700,1.1000,-21.4200,-1.1600,99.5500,1.288953,101.834987,"0.05,0.67,1.10,-21.42,-1.16,99.55"
1319,2026-08-03T12:26:43.357,52.826485,60.527000,-0.0300,0.4300,1.1500,-61.0400,-61.7100,83.9200,1.228129,120.733475,"-0.03,0.43,1.15,-61.04,-61.71,83.92"
1320,2026-08-03T12:26:43.358,52.827339,0.854200,-0.0400,0.3400,1.0700,-55.4800,-101.2600,42.3600,1.123432,122.987754,"-0.04,0.34,1.07,-55.48,-101.26,42.36"
1321,2026-08-03T12:26:43.417,52.886543,59.203500,0.0000,0.3600,0.9100,-49.9900,-110.3500,-0.0600,0.978621,121.145063,"0.00,0.36,0.91,-49.99,-110.35,-0.06"
1322,2026-08-03T12:26:43.537,53.006375,119.832700,0.0400,0.3900,0.7300,-40.4100,-97.7800,-38.4500,0.828613,112.571306,"0.04,0.39,0.73,-40.41,-97.78,-38.45"
1323,2026-08-03T12:26:43.538,53.007257,0.881200,0.0800,0.4200,0.5300,-18.0100,-64.2100,-66.1000,0.680955,93.896188,"0.08,0.42,0.53,-18.01,-64.21,-66.10"
1324,2026-08-03T12:26:43.539,53.008050,0.793100,0.1200,0.5100,0.3500,-3.8500,-2.9900,-78.1200,0.630079,78.271943,"0.12,0.51,0.35,-3.85,-2.99,-78.12"
1325,2026-08-03T12:26:43.597,53.066234,58.184300,0.1300,0.6400,0.2900,-15.2000,68.7900,-77.4500,0.714563,104.697691,"0.13,0.64,0.29,-15.20,68.79,-77.45"
1326,2026-08-03T12:26:43.598,53.067157,0.922700,0.1400,0.8400,0.4400,-16.2400,117.1300,-58.4700,0.958541,131.916320,"0.14,0.84,0.44,-16.24,117.13,-58.47"
1327,2026-08-03T12:26:43.657,53.126837,59.680500,0.2000,1.0600,0.7500,33.2000,118.7100,-21.0000,1.313811,125.041210,"0.20,1.06,0.75,33.20,118.71,-21.00"
1328,2026-08-03T12:26:43.717,53.186718,59.880900,0.2300,1.1400,0.9700,82.1500,80.2600,24.8400,1.514398,117.504535,"0.23,1.14,0.97,82.15,80.26,24.84"
1329,2026-08-03T12:26:43.718,53.187293,0.575100,0.0800,0.6400,1.1100,48.2800,27.8900,72.6300,1.283783,91.563789,"0.08,0.64,1.11,48.28,27.89,72.63"
1330,2026-08-03T12:26:43.777,53.246675,59.381800,-0.0100,0.3200,1.1200,-24.9600,-24.6000,99.1800,1.164861,105.189515,"-0.01,0.32,1.12,-24.96,-24.60,99.18"
1331,2026-08-03T12:26:43.837,53.306504,59.829100,-0.0100,0.2400,1.0000,-50.3500,-68.1800,81.7900,1.028445,117.784715,"-0.01,0.24,1.00,-50.35,-68.18,81.79"
1332,2026-08-03T12:26:43.838,53.307238,0.734100,0.0300,0.3400,0.8300,-43.1500,-89.7200,39.0000,0.897441,106.923341,"0.03,0.34,0.83,-43.15,-89.72,39.00"
1333,2026-08-03T12:26:43.897,53.366482,59.243700,0.0700,0.4300,0.6300,-32.1700,-83.5000,-3.7800,0.765963,89.562533,"0.07,0.43,0.63,-32.17,-83.50,-3.78"
1334,2026-08-03T12:26:44.018,53.487360,120.878500,0.0900,0.4900,0.5300,-28.8100,-55.1800,-38.2700,0.727393,73.071481,"0.09,0.49,0.53,-28.81,-55.18,-38.27"
1335,2026-08-03T12:26:44.019,53.488030,0.669700,0.1200,0.5800,0.5500,-43.6400,-16.6600,-60.3000,0.808270,76.276439,"0.12,0.58,0.55,-43.64,-16.66,-60.30"
1336,2026-08-03T12:26:44.019,53.488601,0.571000,0.1700,0.7600,0.5500,-42.7900,24.3500,-72.0200,0.953415,87.239825,"0.17,0.76,0.55,-42.79,24.35,-72.02"
1337,2026-08-03T12:26:44.136,53.606000,117.398900,0.2400,0.9700,0.5800,-9.6400,59.8100,-71.2300,1.155379,93.508709,"0.24,0.97,0.58,-9.64,59.81,-71.23"
1338,2026-08-03T12:26:44.256,53.725692,119.691700,0.2800,1.0400,0.7400,30.3300,72.0800,-48.1000,1.306752,91.809832,"0.28,1.04,0.74,30.33,72.08,-48.10"
1339,2026-08-03T12:26:44.257,53.726503,0.811700,0.2500,0.9300,0.9600,51.3300,54.9900,-3.6600,1.359779,75.313110,"0.25,0.93,0.96,51.33,54.99,-3.66"
1340,2026-08-03T12:26:44.258,53.727344,0.841100,0.1700,0.7100,1.1100,41.1400,24.4100,47.3600,1.328571,67.315060,"0.17,0.71,1.11,41.14,24.41,47.36"
1341,2026-08-03T12:26:44.259,53.728277,0.932600,0.0600,0.4200,1.1800,1.3400,-2.2600,80.8700,1.253954,80.912670,"0.06,0.42,1.18,1.34,-2.26,80.87"
1342,2026-08-03T12:26:44.260,53.729125,0.848100,-0.0200,0.1800,1.1500,-39.4300,-21.1800,75.8100,1.164174,88.036773,"-0.02,0.18,1.15,-39.43,-21.18,75.81"
1343,2026-08-03T12:26:44.318,53.787211,58.085600,-0.0200,0.1700,1.0100,-47.9100,-39.0000,40.7100,1.024402,73.984270,"-0.02,0.17,1.01,-47.91,-39.00,40.71"
1344,2026-08-03T12:26:44.376,53.845939,58.728300,0.0000,0.2900,0.7900,-33.3900,-54.0800,2.2600,0.841546,63.597532,"0.00,0.29,0.79,-33.39,-54.08,2.26"
1345,2026-08-03T12:26:44.377,53.846702,0.763000,0.0300,0.4200,0.5400,-17.1500,-54.9900,-28.8100,0.684763,64.405269,"0.03,0.42,0.54,-17.15,-54.99,-28.81"
1346,2026-08-03T12:26:44.437,53.906059,59.356700,0.0700,0.5500,0.3900,-4.8200,-34.6100,-53.3400,0.677864,63.767077,"0.07,0.55,0.39,-4.82,-34.61,-53.34"
1347,2026-08-03T12:26:44.437,53.906604,0.544700,0.1200,0.7000,0.4200,-4.8200,-34.6100,-53.3400,0.825106,63.767077,"0.12,0.70,0.42,-4.82,-34.61,-53.34"
1348,2026-08-03T12:26:44.497,53.966039,59.435100,0.2000,0.8700,0.5600,-4.6400,40.4700,-65.4900,1.053803,77.125162,"0.20,0.87,0.56,-4.64,40.47,-65.49"
1349,2026-08-03T12:26:44.737,54.206113,240.074300,0.2800,1.0400,0.6800,21.3000,64.5800,-49.6200,1.273735,84.180822,"0.28,1.04,0.68,21.30,64.58,-49.62"
1350,2026-08-03T12:26:44.737,54.206549,0.436000,0.3000,1.0800,0.7700,67.5000,69.4600,-20.8100,1.359890,99.065623,"0.30,1.08,0.77,67.50,69.46,-20.81"
1351,2026-08-03T12:26:44.738,54.207489,0.940600,0.2200,0.9000,0.9500,72.4500,57.2500,20.3900,1.326989,94.563826,"0.22,0.90,0.95,72.45,57.25,20.39"
1352,2026-08-03T12:26:44.739,54.208021,0.531200,0.0900,0.5600,1.1700,16.3600,28.2000,62.6200,1.300231,70.598541,"0.09,0.56,1.17,16.36,28.20,62.62"
1353,2026-08-03T12:26:44.739,54.208927,0.906300,-0.0100,0.2900,1.2300,-36.1900,-12.2100,82.1500,1.263764,90.594827,"-0.01,0.29,1.23,-36.19,-12.21,82.15"
1354,2026-08-03T12:26:44.741,54.210587,1.659600,-0.0500,0.2100,1.1100,-47.4200,-49.1300,67.3800,1.130796,95.929546,"-0.05,0.21,1.11,-47.42,-49.13,67.38"
1355,2026-08-03T12:26:44.796,54.265881,55.294900,-0.0400,0.3000,0.8900,-42.4800,-67.5700,30.4600,0.940053,85.428724,"-0.04,0.30,0.89,-42.48,-67.57,30.46"
1356,2026-08-03T12:26:44.797,54.266605,0.723600,-0.0000,0.4100,0.6400,-33.8700,-60.3000,-8.8500,0.760066,69.725099,"-0.00,0.41,0.64,-33.87,-60.30,-8.85"
1357,2026-08-03T12:26:44.857,54.326333,59.727900,0.0300,0.4900,0.5000,-34.2400,-28.2600,-38.2100,0.700714,58.574818,"0.03,0.49,0.50,-34.24,-28.26,-38.21"
1358,2026-08-03T12:26:44.977,54.446994,120.661100,0.0800,0.5500,0.5400,-60.7900,15.6200,-53.7700,0.774919,82.647573,"0.08,0.55,0.54,-60.79,15.62,-53.77"
1359,2026-08-03T12:26:44.978,54.447573,0.578500,0.1600,0.7100,0.6700,-80.6900,53.7100,-57.8000,0.989242,112.856015,"0.16,0.71,0.67,-80.69,53.71,-57.80"
1360,2026-08-03T12:26:44.978,54.447879,0.306500,0.2300,0.9000,0.7700,-39.8600,72.8800,-51.8200,1.206565,97.906212,"0.23,0.90,0.77,-39.86,72.88,-51.82"
1361,2026-08-03T12:26:45.157,54.626256,178.376600,0.2200,0.9400,0.8200,43.0900,74.1000,-35.5800,1.266649,92.808914,"0.22,0.94,0.82,43.09,74.10,-35.58"
1362,2026-08-03T12:26:45.157,54.626788,0.531900,0.1500,0.8300,0.9400,94.4800,68.3600,-9.8300,1.262933,117.030718,"0.15,0.83,0.94,94.48,68.36,-9.83"
1363,2026-08-03T12:26:45.158,54.627617,0.829400,0.0700,0.6700,1.1200,78.8600,46.8100,30.5800,1.306981,96.670637,"0.07,0.67,1.12,78.86,46.81,30.58"
1364,2026-08-03T12:26:45.159,54.628420,0.802800,-0.0100,0.5000,1.2000,34.6700,0.8500,74.2200,1.300038,81.922767,"-0.01,0.50,1.20,34.67,0.85,74.22"
1365,2026-08-03T12:26:45.159,54.629012,0.592100,-0.0700,0.3200,1.1200,-0.6700,-43.1500,87.8300,1.166919,97.859493,"-0.07,0.32,1.12,-0.67,-43.15,87.83"
1366,2026-08-03T12:26:45.216,54.685987,56.975000,-0.0900,0.2200,0.9400,-27.9500,-63.4200,65.0000,0.969588,95.017361,"-0.09,0.22,0.94,-27.95,-63.42,65.00"
1367,2026-08-03T12:26:45.278,54.747168,61.180800,-0.0700,0.2400,0.7500,-40.6500,-62.5000,27.1000,0.790569,79.328951,"-0.07,0.24,0.75,-40.65,-62.50,27.10"
1368,2026-08-03T12:26:45.278,54.747786,0.618500,-0.0600,0.3300,0.5800,-40.7100,-41.9900,-7.1400,0.670000,58.918960,"-0.06,0.33,0.58,-40.71,-41.99,-7.14"
1369,2026-08-03T12:26:45.396,54.865598,117.812000,-0.0200,0.4600,0.5100,-43.8200,-2.3800,-32.4700,0.687095,54.590821,"-0.02,0.46,0.51,-43.82,-2.38,-32.47"
1370,2026-08-03T12:26:45.396,54.865761,0.163200,0.0800,0.6800,0.5400,-39.3100,37.1700,-49.5600,0.872009,73.369466,"0.08,0.68,0.54,-39.31,37.17,-49.56"
1371,2026-08-03T12:26:45.397,54.866808,1.046600,0.2200,0.9600,0.6600,1.0400,54.8700,-56.5200,1.185580,78.780130,"0.22,0.96,0.66,1.04,54.87,-56.52"
1372,2026-08-03T12:26:45.457,54.926955,60.147500,0.3000,1.0900,0.8300,58.1100,55.5400,-45.7800,1.402498,92.505525,"0.30,1.09,0.83,58.11,55.54,-45.78"
1373,2026-08-03T12:26:45.517,54.986030,59.074700,0.2700,0.9600,1.0200,81.9100,45.0400,-9.7000,1.426499,93.978400,"0.27,0.96,1.02,81.91,45.04,-9.70"
1374,2026-08-03T12:26:45.517,54.986643,0.613000,0.1600,0.6500,1.1700,56.3400,17.0300,41.5000,1.347961,72.017126,"0.16,0.65,1.17,56.34,17.03,41.50"
1375,2026-08-03T12:26:45.577,55.046608,59.965200,0.0200,0.3300,1.1600,10.1900,-19.3500,74.9500,1.206192,78.075355,"0.02,0.33,1.16,10.19,-19.35,74.95"
1376,2026-08-03T12:26:45.637,55.106398,59.789600,-0.0900,0.1700,1.0400,-30.0900,-45.1000,68.3600,1.057639,87.249686,"-0.09,0.17,1.04,-30.09,-45.10,68.36"
1377,2026-08-03T12:26:45.638,55.107114,0.716500,-0.1100,0.2300,0.8400,-45.8400,-53.8300,31.4300,0.877838,77.374540,"-0.11,0.23,0.84,-45.84,-53.83,31.43"
1378,2026-08-03T12:26:45.757,55.226188,119.073700,-0.0300,0.4300,0.6300,-28.5000,-46.8100,-12.4500,0.763348,56.199899,"-0.03,0.43,0.63,-28.50,-46.81,-12.45"
1379,2026-08-03T12:26:45.757,55.226406,0.218000,0.0700,0.6200,0.5200,-8.3600,-25.5100,-43.5200,0.812219,51.133552,"0.07,0.62,0.52,-8.36,-25.51,-43.52"
1380,2026-08-03T12:26:45.758,55.227096,0.689500,0.1600,0.7700,0.5400,-7.8700,4.5200,-53.5900,0.953992,54.353062,"0.16,0.77,0.54,-7.87,4.52,-53.59"
1381,2026-08-03T12:26:45.817,55.286476,59.380200,0.2300,0.9100,0.5300,5.3100,27.5300,-47.0600,1.077915,54.779016,"0.23,0.91,0.53,5.31,27.53,-47.06"
1382,2026-08-03T12:26:45.877,55.346192,59.715700,0.2500,0.9300,0.6300,32.8400,41.8700,-28.2600,1.150782,60.251059,"0.25,0.93,0.63,32.84,41.87,-28.26"
1383,2026-08-03T12:26:45.877,55.346789,0.597200,0.2200,0.8000,0.9100,25.7000,50.2900,2.9300,1.231463,56.552268,"0.22,0.80,0.91,25.70,50.29,2.93"
1384,2026-08-03T12:26:45.937,55.406381,59.592200,0.1900,0.6800,1.1200,14.9500,33.2000,34.1800,1.323971,49.940113,"0.19,0.68,1.12,14.95,33.20,34.18"
1385,2026-08-03T12:26:45.997,55.466156,59.775400,0.1200,0.5300,1.1700,23.4400,-0.0600,53.2200,1.290039,58.153294,"0.12,0.53,1.17,23.44,-0.06,53.22"
1386,2026-08-03T12:26:45.997,55.466736,0.580000,0.0200,0.3900,1.0900,10.2500,-18.0700,54.8100,1.157843,58.615045,"0.02,0.39,1.09,10.25,-18.07,54.81"
1387,2026-08-03T12:26:46.117,55.586397,119.661000,-0.0600,0.3500,0.8900,-9.8900,-20.3900,35.9500,0.958228,42.496667,"-0.06,0.35,0.89,-9.89,-20.39,35.95"
1388,2026-08-03T12:26:46.117,55.586931,0.533800,-0.0900,0.4400,0.6300,-15.0100,-16.7800,4.4600,0.773692,22.951255,"-0.09,0.44,0.63,-15.01,-16.78,4.46"
1389,2026-08-03T12:26:46.118,55.587557,0.625600,-0.0400,0.6500,0.4300,-10.3100,-4.0300,-23.7400,0.780385,26.193980,"-0.04,0.65,0.43,-10.31,-4.03,-23.74"
1390,2026-08-03T12:26:46.237,55.706501,118.944400,0.0700,0.8400,0.4700,-1.9500,18.7400,-32.5900,0.965091,37.644365,"0.07,0.84,0.47,-1.95,18.74,-32.59"
1391,2026-08-03T12:26:46.296,55.765733,59.231600,0.2100,0.9500,0.5900,17.2700,36.5000,-18.4900,1.137849,44.411519,"0.21,0.95,0.59,17.27,36.50,-18.49"
1392,2026-08-03T12:26:46.297,55.766386,0.653700,0.2700,0.8600,0.7800,42.2400,42.1800,10.5600,1.192015,60.620818,"0.27,0.86,0.78,42.24,42.18,10.56"
1393,2026-08-03T12:26:46.297,55.766959,0.572300,0.2000,0.6700,0.9700,40.1600,33.2600,35.8300,1.195742,63.268018,"0.20,0.67,0.97,40.16,33.26,35.83"
1394,2026-08-03T12:26:46.356,55.825827,58.868000,0.0600,0.5700,0.9700,25.6300,4.2700,39.3700,1.126677,47.171249,"0.06,0.57,0.97,25.63,4.27,39.37"
1395,2026-08-03T12:26:46.357,55.826263,0.436000,-0.0900,0.4900,0.8700,13.7300,-22.4600,23.5600,1.002547,35.327583,"-0.09,0.49,0.87,13.73,-22.46,23.56"
1396,2026-08-03T12:26:46.417,55.886509,60.246500,-0.1400,0.4500,0.7100,0.6700,-28.2000,-2.8100,0.852174,28.347575,"-0.14,0.45,0.71,0.67,-28.20,-2.81"
1397,2026-08-03T12:26:46.537,56.006174,119.664500,-0.0600,0.5900,0.5400,-0.3100,-19.2300,-25.0900,0.802060,31.613242,"-0.06,0.59,0.54,-0.31,-19.23,-25.09"
1398,2026-08-03T12:26:46.537,56.006587,0.412800,0.0500,0.7600,0.4800,10.4400,-2.1400,-29.3000,0.900278,31.177928,"0.05,0.76,0.48,10.44,-2.14,-29.30"
1399,2026-08-03T12:26:46.538,56.007262,0.675800,0.1300,0.8700,0.5400,23.1300,17.0900,-21.6700,1.032182,36.009081,"0.13,0.87,0.54,23.13,17.09,-21.67"
1400,2026-08-03T12:26:46.596,56.066014,58.751700,0.1600,0.9600,0.7900,21.8500,33.2600,-4.7000,1.253515,40.071687,"0.16,0.96,0.79,21.85,33.26,-4.70"
1401,2026-08-03T12:26:46.597,56.066570,0.556200,0.1400,0.9600,1.0200,24.1700,36.6800,18.7400,1.407693,47.757710,"0.14,0.96,1.02,24.17,36.68,18.74"
1402,2026-08-03T12:26:46.657,56.126210,59.639400,0.1200,0.8800,1.0000,45.0400,25.8200,34.6100,1.337460,62.394920,"0.12,0.88,1.00,45.04,25.82,34.61"
1403,2026-08-03T12:26:46.717,56.186134,59.924700,0.1000,0.8000,0.8200,59.7500,11.3500,41.2600,1.149957,73.493351,"0.10,0.80,0.82,59.75,11.35,41.26"
1404,2026-08-03T12:26:46.717,56.186664,0.530100,0.0800,0.8300,0.6200,55.7900,0.5500,41.2000,1.039086,69.356086,"0.08,0.83,0.62,55.79,0.55,41.20"
1405,2026-08-03T12:26:46.778,56.247640,60.975700,0.0800,0.8700,0.5000,33.6900,3.0500,37.6600,1.006628,50.622072,"0.08,0.87,0.50,33.69,3.05,37.66"
1406,2026-08-03T12:26:46.837,56.306419,58.778700,0.0700,0.8200,0.5100,7.4500,17.4000,34.1200,0.968194,39.018417,"0.07,0.82,0.51,7.45,17.40,34.12"
1407,2026-08-03T12:26:46.838,56.307081,0.662400,0.0700,0.7700,0.5700,-8.9100,28.4400,28.6300,0.960573,41.326730,"0.07,0.77,0.57,-8.91,28.44,28.63"
1408,2026-08-03T12:26:46.897,56.366027,58.946100,0.0700,0.7400,0.6100,-16.7200,31.3700,21.6100,0.961561,41.600810,"0.07,0.74,0.61,-16.72,31.37,21.61"
1409,2026-08-03T12:26:46.957,56.426079,60.051600,0.0600,0.7100,0.6300,-24.2300,32.9000,16.1700,0.951105,43.942824,"0.06,0.71,0.63,-24.23,32.90,16.17"
1410,2026-08-03T12:26:46.957,56.426660,0.581000,0.0500,0.6700,0.6300,-30.6400,36.2500,11.1100,0.921032,48.747351,"0.05,0.67,0.63,-30.64,36.25,11.11"
1411,2026-08-03T12:26:47.017,56.486263,59.603500,0.0300,0.6200,0.6300,-35.4000,39.1800,2.6200,0.884421,52.868675,"0.03,0.62,0.63,-35.40,39.18,2.62"
1412,2026-08-03T12:26:47.197,56.666075,179.811900,0.0200,0.5800,0.6100,-44.4300,41.3800,-8.3000,0.841962,61.279844,"0.02,0.58,0.61,-44.43,41.38,-8.30"
1413,2026-08-03T12:26:47.197,56.666745,0.670100,0.0100,0.5800,0.4900,-41.6300,42.1800,-14.8300,0.759342,61.091229,"0.01,0.58,0.49,-41.63,42.18,-14.83"
1414,2026-08-03T12:26:47.198,56.667426,0.680300,0.0000,0.5900,0.6300,-25.0200,61.1600,-9.2800,0.863134,66.728288,"0.00,0.59,0.63,-25.02,61.16,-9.28"
1415,2026-08-03T12:26:47.198,56.668009,0.583500,0.0100,0.6300,1.0900,-6.2900,93.0800,6.9000,1.259008,93.547103,"0.01,0.63,1.09,-6.29,93.08,6.90"
1416,2026-08-03T12:26:47.199,56.668566,0.556500,-0.0100,0.7100,1.1700,39.7300,66.1000,20.3900,1.368612,79.771141,"-0.01,0.71,1.17,39.73,66.10,20.39"
1417,2026-08-03T12:26:47.257,56.726172,57.605800,-0.0700,0.7800,0.9400,36.9900,19.8400,26.4900,1.223479,49.634724,"-0.07,0.78,0.94,36.99,19.84,26.49"
1418,2026-08-03T12:26:47.317,56.786179,60.007600,-0.1100,0.7200,0.7300,-50.6000,20.2600,23.7400,1.031213,59.450948,"-0.11,0.72,0.73,-50.60,20.26,23.74"
1419,2026-08-03T12:26:47.317,56.786884,0.704400,-0.1600,0.5600,0.5100,-94.7300,24.1100,4.8800,0.774145,97.871750,"-0.16,0.56,0.51,-94.73,24.11,4.88"
1420,2026-08-03T12:26:47.376,56.845962,59.078000,-0.1900,0.4700,0.4100,-59.5700,19.7100,-21.1800,0.651997,66.224326,"-0.19,0.47,0.41,-59.57,19.71,-21.18"
1421,2026-08-03T12:26:47.557,57.026377,180.415600,-0.1600,0.6300,0.4600,-8.3600,21.9100,-32.9600,0.796304,40.451197,"-0.16,0.63,0.46,-8.36,21.91,-32.96"
1422,2026-08-03T12:26:47.557,57.026857,0.479600,-0.0900,0.8100,0.6000,16.1700,28.2000,-20.9400,1.012028,38.667719,"-0.09,0.81,0.60,16.17,28.20,-20.94"
1423,2026-08-03T12:26:47.558,57.027312,0.455000,-0.0900,0.7100,0.7200,24.3500,25.5100,-4.7600,1.015185,35.585674,"-0.09,0.71,0.72,24.35,25.51,-4.76"
1424,2026-08-03T12:26:47.559,57.028102,0.790400,-0.2000,0.4300,0.7600,25.1500,24.7800,-8.8500,0.895824,36.399085,"-0.20,0.43,0.76,25.15,24.78,-8.85"
1425,2026-08-03T12:26:47.559,57.028578,0.476300,-0.3000,0.3000,0.6300,21.6700,38.2100,-29.7200,0.759539,53.036510,"-0.30,0.30,0.63,21.67,38.21,-29.72"
1426,2026-08-03T12:26:47.618,57.087150,58.571100,-0.2300,0.6100,0.4200,16.8500,52.3100,-46.9400,0.775500,72.274630,"-0.23,0.61,0.42,16.85,52.31,-46.94"
1427,2026-08-03T12:26:47.738,57.207232,120.082000,-0.0800,0.9600,0.3800,-4.0300,56.8200,-45.9000,1.035567,73.154380,"-0.08,0.96,0.38,-4.03,56.82,-45.90"
1428,2026-08-03T12:26:47.739,57.208323,1.091500,-0.0300,0.8900,0.6100,-1.8900,38.8200,-23.8600,1.079398,45.605527,"-0.03,0.89,0.61,-1.89,38.82,-23.86"
1429,2026-08-03T12:26:47.740,57.209042,0.718500,-0.1400,0.5300,1.0400,-0.8500,8.1200,24.1700,1.175627,25.511680,"-0.14,0.53,1.04,-0.85,8.12,24.17"
1430,2026-08-03T12:26:47.797,57.266574,57.532400,-0.3800,0.3500,1.2900,-27.3400,-35.2800,73.5500,1.389604,86.033462,"-0.38,0.35,1.29,-27.34,-35.28,73.55"
1431,2026-08-03T12:26:47.798,57.267353,0.778700,-0.4300,0.5800,1.6700,-23.2500,-97.4100,55.1100,1.819396,114.308279,"-0.43,0.58,1.67,-23.25,-97.41,55.11"
1432,2026-08-03T12:26:47.857,57.326709,59.356600,-0.4300,0.6600,1.5500,15.3800,-163.8800,2.5600,1.738678,164.620024,"-0.43,0.66,1.55,15.38,-163.88,2.56"
1433,2026-08-03T12:26:48.037,57.506601,179.892100,-0.4100,0.6200,0.6600,44.5600,-183.9600,-30.4600,0.994032,191.715119,"-0.41,0.62,0.66,44.56,-183.96,-30.46"
1434,2026-08-03T12:26:48.038,57.507670,1.069000,-0.2900,0.6700,0.2100,-11.6600,-96.0700,-60.6100,0.759671,114.188321,"-0.29,0.67,0.21,-11.66,-96.07,-60.61"
1435,2026-08-03T12:26:48.039,57.508269,0.599100,-0.2200,0.7100,0.3300,-103.8800,15.8100,-81.7900,0.813265,133.156354,"-0.22,0.71,0.33,-103.88,15.81,-81.79"
1436,2026-08-03T12:26:48.039,57.508841,0.571200,-0.1900,0.7700,0.5000,-115.0500,37.6600,-84.5300,0.937550,147.648566,"-0.19,0.77,0.50,-115.05,37.66,-84.53"
1437,2026-08-03T12:26:48.040,57.509406,0.565400,-0.1400,0.7400,0.4600,-37.4800,-9.0300,-70.0100,0.882496,79.923034,"-0.14,0.74,0.46,-37.48,-9.03,-70.01"
1438,2026-08-03T12:26:48.097,57.566422,57.016200,-0.0700,0.5600,0.3800,60.5500,-50.7800,-51.2100,0.680368,94.166740,"-0.07,0.56,0.38,60.55,-50.78,-51.21"
1439,2026-08-03T12:26:48.157,57.626457,60.034900,-0.0800,0.2800,0.4100,122.1900,-60.1200,-50.6000,0.502892,145.276187,"-0.08,0.28,0.41,122.19,-60.12,-50.60"
1440,2026-08-03T12:26:48.216,57.685826,59.368600,-0.1500,0.2400,0.5900,110.9000,-38.2100,-109.0700,0.654370,160.172029,"-0.15,0.24,0.59,110.90,-38.21,-109.07"
1441,2026-08-03T12:26:48.217,57.686598,0.771900,-0.2700,0.5300,0.7600,25.2700,12.1500,-193.1800,0.965091,195.204272,"-0.27,0.53,0.76,25.27,12.15,-193.18"
1442,2026-08-03T12:26:48.337,57.806572,119.974600,-0.3900,0.7500,0.8700,-6.2300,45.0400,-219.6000,1.213054,224.257830,"-0.39,0.75,0.87,-6.23,45.04,-219.60"
1443,2026-08-03T12:26:48.338,57.807522,0.949600,-0.4500,0.8600,0.8500,31.9200,24.5400,-184.2000,1.290194,188.549033,"-0.45,0.86,0.85,31.92,24.54,-184.20"
1444,2026-08-03T12:26:48.338,57.807631,0.109100,-0.3600,1.1300,0.5400,72.9400,-27.4700,-97.2900,1.303112,124.660293,"-0.36,1.13,0.54,72.94,-27.47,-97.29"
1445,2026-08-03T12:26:48.397,57.866390,58.759000,-0.2200,1.3800,0.3100,141.1100,-54.5700,38.0900,1.431398,156.015272,"-0.22,1.38,0.31,141.11,-54.57,38.09"
1446,2026-08-03T12:26:48.397,57.866610,0.220400,-0.2400,1.0600,0.5400,199.1600,-38.1500,145.5700,1.213590,249.621219,"-0.24,1.06,0.54,199.16,-38.15,145.57"
1447,2026-08-03T12:26:48.457,57.926292,59.681900,-0.3700,0.6000,0.9500,133.7300,-17.3300,124.3300,1.182962,183.417531,"-0.37,0.60,0.95,133.73,-17.33,124.33"
1448,2026-08-03T12:26:48.517,57.986218,59.926200,-0.4900,0.5400,0.9700,-22.1600,-22.5200,14.8900,1.213507,34.927469,"-0.49,0.54,0.97,-22.16,-22.52,14.89"
1449,2026-08-03T12:26:48.518,57.987111,0.892100,-0.4900,0.6300,0.6000,-81.7900,-37.4100,-80.1400,0.998499,120.463819,"-0.49,0.63,0.60,-81.79,-37.41,-80.14"
1450,2026-08-03T12:26:48.577,58.046690,59.579900,-0.3900,0.7900,0.3000,-33.3900,-25.9400,-114.7500,0.930699,122.292020,"-0.39,0.79,0.30,-33.39,-25.94,-114.75"
1451,2026-08-03T12:26:48.696,58.165957,119.267000,-0.3300,0.9500,0.3200,31.2500,5.6200,-70.1900,1.055367,77.037543,"-0.33,0.95,0.32,31.25,5.62,-70.19"
1452,2026-08-03T12:26:48.697,58.166392,0.434400,-0.3400,0.8900,0.5100,93.9300,24.3500,13.9200,1.080648,98.028230,"-0.34,0.89,0.51,93.93,24.35,13.92"
1453,2026-08-03T12:26:48.697,58.166823,0.431300,-0.3700,0.7400,0.6500,128.1700,15.8700,62.1900,1.052141,143.342254,"-0.37,0.74,0.65,128.17,15.87,62.19"
1454,2026-08-03T12:26:48.756,58.225902,59.079000,-0.3700,0.7100,0.6200,103.2100,-10.2500,47.1800,1.012620,113.944368,"-0.37,0.71,0.62,103.21,-10.25,47.18"
1455,2026-08-03T12:26:48.757,58.226764,0.861500,-0.3100,0.8100,0.4500,54.5700,-35.7700,11.1100,0.977088,66.187687,"-0.31,0.81,0.45,54.57,-35.77,11.11"
1456,2026-08-03T12:26:48.877,58.346695,119.931100,-0.2300,0.9500,0.2700,34.7900,-47.1800,-4.0900,1.014051,58.762442,"-0.23,0.95,0.27,34.79,-47.18,-4.09"
1457,2026-08-03T12:26:48.878,58.347789,1.094100,-0.2000,1.0700,0.1600,37.3500,-45.4100,4.2700,1.100227,58.951874,"-0.20,1.07,0.16,37.35,-45.41,4.27"
1458,2026-08-03T12:26:48.879,58.348638,0.849500,-0.2300,1.0800,0.1500,34.2400,-35.4600,15.0800,1.114361,51.547993,"-0.23,1.08,0.15,34.24,-35.46,15.08"
1459,2026-08-03T12:26:48.938,58.407314,58.676000,-0.2600,1.0300,0.2100,16.7200,-21.1800,17.7600,1.082867,32.304309,"-0.26,1.03,0.21,16.72,-21.18,17.76"
1460,2026-08-03T12:26:48.997,58.466268,58.953700,-0.3000,0.9300,0.2900,-3.2300,-8.8500,17.5200,1.019313,19.892355,"-0.30,0.93,0.29,-3.23,-8.85,17.52"
1461,2026-08-03T12:26:49.056,58.525780,59.512200,-0.3500,0.8200,0.3700,-13.1200,-3.5400,8.0600,0.965298,15.799671,"-0.35,0.82,0.37,-13.12,-3.54,8.06"
1462,2026-08-03T12:26:49.057,58.526265,0.485100,-0.4000,0.7400,0.4200,-34.5500,-5.4900,-21.9100,0.940213,41.278211,"-0.40,0.74,0.42,-34.55,-5.49,-21.91"
1463,2026-08-03T12:26:49.117,58.586415,60.149700,-0.3800,0.7700,0.3400,-77.5800,-9.1600,-63.9600,0.923526,100.962585,"-0.38,0.77,0.34,-77.58,-9.16,-63.96"
1464,2026-08-03T12:26:49.118,58.587575,1.160200,-0.2100,1.1300,0.1700,-106.8700,-1.2200,-74.4000,1.161852,130.223060,"-0.21,1.13,0.17,-106.87,-1.22,-74.40"
1465,2026-08-03T12:26:49.177,58.646087,58.512200,0.0600,1.6900,0.2000,-76.6000,15.9900,0.9200,1.702851,78.256543,"0.06,1.69,0.20,-76.60,15.99,0.92"
1466,2026-08-03T12:26:49.238,58.707033,60.945300,0.1800,1.6700,0.3500,19.7800,12.8800,137.8200,1.715751,139.826661,"0.18,1.67,0.35,19.78,12.88,137.82"
1467,2026-08-03T12:26:49.238,58.707670,0.636900,0.1100,1.0600,0.5500,61.9500,-9.8300,243.2300,1.199250,251.187707,"0.11,1.06,0.55,61.95,-9.83,243.23"
1468,2026-08-03T12:26:49.297,58.766028,58.358300,-0.0600,0.4400,0.8400,-25.0900,-45.1000,272.1600,0.950158,277.010079,"-0.06,0.44,0.84,-25.09,-45.10,272.16"
1469,2026-08-03T12:26:49.417,58.886433,120.404900,-0.2200,0.0300,1.0100,-102.1100,-84.4700,206.2400,1.034118,245.146019,"-0.22,0.03,1.01,-102.11,-84.47,206.24"
1470,2026-08-03T12:26:49.417,58.887007,0.574000,-0.2800,-0.0000,0.9100,-107.1200,-96.3100,62.8700,0.952103,157.171713,"-0.28,-0.00,0.91,-107.12,-96.31,62.87"
1471,2026-08-03T12:26:49.418,58.887495,0.488500,-0.2200,0.2900,0.6100,-106.0800,-89.9000,-71.2300,0.710352,156.232805,"-0.22,0.29,0.61,-106.08,-89.90,-71.23"
1472,2026-08-03T12:26:49.477,58.946265,58.769600,-0.1800,0.5700,0.1600,-87.8300,-83.0100,-145.4500,0.618789,189.104393,"-0.18,0.57,0.16,-87.83,-83.01,-145.45"
1473,2026-08-03T12:26:49.477,58.946726,0.461300,-0.0900,0.8800,-0.1300,-60.3000,-47.3600,-162.6000,0.894092,179.771576,"-0.09,0.88,-0.13,-60.30,-47.36,-162.60"
1474,2026-08-03T12:26:49.657,59.126452,179.725900,0.1000,1.4100,0.0000,-36.1900,32.2900,-149.1100,1.413542,156.799720,"0.10,1.41,0.00,-36.19,32.29,-149.11"
1475,2026-08-03T12:26:49.658,59.127286,0.833600,0.3000,1.9200,0.5000,27.2800,100.6500,-102.7800,2.006589,146.418405,"0.30,1.92,0.50,27.28,100.65,-102.78"
1476,2026-08-03T12:26:49.658,59.127626,0.340400,0.4800,1.9900,1.1700,93.0800,105.7700,-0.4900,2.357838,140.895065,"0.48,1.99,1.17,93.08,105.77,-0.49"
1477,2026-08-03T12:26:49.659,59.128317,0.690400,0.4300,1.4900,1.4300,129.7000,38.4500,100.2200,2.109479,168.358370,"0.43,1.49,1.43,129.70,38.45,100.22"
1478,2026-08-03T12:26:49.717,59.186230,57.913700,0.1600,0.8100,1.1400,148.5000,-38.7000,125.6700,1.407587,198.350419,"0.16,0.81,1.14,148.50,-38.70,125.67"
1479,2026-08-03T12:26:49.717,59.186576,0.345300,-0.0400,0.4000,0.8500,88.9900,-47.1200,111.4500,0.940266,150.201921,"-0.04,0.40,0.85,88.99,-47.12,111.45"
1480,2026-08-03T12:26:49.777,59.246305,59.729200,-0.1400,0.2400,0.6400,-8.2400,-30.4600,86.2400,0.697711,91.831622,"-0.14,0.24,0.64,-8.24,-30.46,86.24"
1481,2026-08-03T12:26:49.838,59.307044,60.739500,-0.2000,0.2100,0.3800,-48.1000,-34.7900,29.7900,0.478017,66.418357,"-0.20,0.21,0.38,-48.10,-34.79,29.79"
1482,2026-08-03T12:26:49.838,59.307590,0.545500,-0.1900,0.3700,0.1700,-68.3000,-31.3700,-27.1600,0.449333,79.916409,"-0.19,0.37,0.17,-68.30,-31.37,-27.16"
1483,2026-08-03T12:26:49.897,59.366552,58.962600,-0.1000,0.7800,0.1100,-79.5300,-8.4800,-62.1300,0.794040,101.277185,"-0.10,0.78,0.11,-79.53,-8.48,-62.13"
1484,2026-08-03T12:26:50.016,59.485953,119.400500,0.0200,1.2500,0.0900,-45.6500,18.3100,-88.0700,1.253395,100.873701,"0.02,1.25,0.09,-45.65,18.31,-88.07"
1485,2026-08-03T12:26:50.017,59.486548,0.595100,0.1200,1.5000,0.0800,-9.5800,46.6900,-86.1800,1.506917,98.482104,"0.12,1.50,0.08,-9.58,46.69,-86.18"
1486,2026-08-03T12:26:50.018,59.487259,0.711000,0.1600,1.3900,0.1800,11.4700,70.8600,-44.2500,1.410709,84.325340,"0.16,1.39,0.18,11.47,70.86,-44.25"
1487,2026-08-03T12:26:50.077,59.546273,59.013800,0.1300,1.0700,0.3400,49.0700,82.0300,-0.6700,1.130221,95.588884,"0.13,1.07,0.34,49.07,82.03,-0.67"
1488,2026-08-03T12:26:50.136,59.605866,59.592800,0.0800,0.8100,0.5700,60.4900,82.8900,32.9000,0.993680,107.759929,"0.08,0.81,0.57,60.49,82.89,32.90"
1489,2026-08-03T12:26:50.196,59.665959,60.093500,0.0700,0.6700,0.7900,18.4300,66.8300,64.3300,1.038220,94.574112,"0.07,0.67,0.79,18.43,66.83,64.33"
1490,2026-08-03T12:26:50.197,59.666628,0.669300,0.0600,0.6400,0.8500,-11.8400,32.0400,68.2400,1.065692,76.311498,"0.06,0.64,0.85,-11.84,32.04,68.24"
1491,2026-08-03T12:26:50.197,59.666974,0.345500,0.0400,0.6900,0.7900,-10.8000,-4.0300,46.5100,1.049667,47.917231,"0.04,0.69,0.79,-10.80,-4.03,46.51"
1492,2026-08-03T12:26:50.256,59.725870,58.896500,0.0300,0.8200,0.7200,-14.7700,-25.8800,27.9500,1.091650,40.854985,"0.03,0.82,0.72,-14.77,-25.88,27.95"
1493,2026-08-03T12:26:50.318,59.787449,61.578800,0.0400,0.9700,0.6800,-27.4000,-38.5700,13.1200,1.185285,49.097243,"0.04,0.97,0.68,-27.40,-38.57,13.12"
1494,2026-08-03T12:26:50.319,59.788283,0.833800,0.0900,1.0100,0.6500,-39.2500,-50.2300,-0.2400,1.204450,63.746945,"0.09,1.01,0.65,-39.25,-50.23,-0.24"
1495,2026-08-03T12:26:50.377,59.846685,58.401700,0.1600,0.9700,0.6000,-42.6000,-62.6800,-8.6100,1.151738,76.273682,"0.16,0.97,0.60,-42.60,-62.68,-8.61"
1496,2026-08-03T12:26:50.557,60.026452,179.767000,0.2100,1.0000,0.4800,-29.0500,-76.2300,-15.6200,1.128938,83.059616,"0.21,1.00,0.48,-29.05,-76.23,-15.62"
1497,2026-08-03T12:26:50.557,60.026814,0.362700,0.2300,1.0900,0.2700,-5.2500,-83.9800,-19.4100,1.146255,86.353639,"0.23,1.09,0.27,-5.25,-83.98,-19.41"
1498,2026-08-03T12:26:50.558,60.027832,1.017600,0.2100,1.0500,0.0300,15.9900,-74.2800,-11.3500,1.071214,76.824612,"0.21,1.05,0.03,15.99,-74.28,-11.35"
1499,2026-08-03T12:26:50.559,60.028244,0.412500,0.1000,0.7300,-0.0400,26.6700,-37.1700,3.5400,0.737902,45.884958,"0.10,0.73,-0.04,26.67,-37.17,3.54"
1500,2026-08-03T12:26:50.559,60.028827,0.582900,-0.0400,0.2100,0.2600,9.4000,25.2700,-7.6900,0.336601,28.036922,"-0.04,0.21,0.26,9.40,25.27,-7.69"
1501,2026-08-03T12:26:50.616,60.085832,57.004500,-0.0700,0.0100,0.7400,-29.7200,76.3500,-58.0400,0.743371,100.405391,"-0.07,0.01,0.74,-29.72,76.35,-58.04"
1502,2026-08-03T12:26:50.677,60.146553,60.721000,-0.0100,0.4100,1.0400,-47.7300,75.2600,-96.5000,1.117945,131.356273,"-0.01,0.41,1.04,-47.73,75.26,-96.50"
1503,2026-08-03T12:26:50.736,60.205653,59.100500,0.0200,1.0500,1.0800,-28.6300,27.7700,-97.3500,1.506420,105.203956,"0.02,1.05,1.08,-28.63,27.77,-97.35"
1504,2026-08-03T12:26:50.737,60.206139,0.485400,0.0500,1.5200,0.9300,-3.7200,-24.5400,-81.1200,1.782638,84.832213,"0.05,1.52,0.93,-3.72,-24.54,-81.12"
1505,2026-08-03T12:26:50.797,60.266532,60.393200,0.0900,1.6000,0.6700,13.9800,-55.7300,-53.2200,1.736951,78.317570,"0.09,1.60,0.67,13.98,-55.73,-53.22"
1506,2026-08-03T12:26:50.797,60.266736,0.203700,0.1100,1.3700,0.3900,34.3600,-67.3800,-13.9800,1.428671,76.916282,"0.11,1.37,0.39,34.36,-67.38,-13.98"
1507,2026-08-03T12:26:50.857,60.326645,59.909100,0.1000,1.0600,0.1400,51.0300,-62.5000,27.4700,1.073872,85.234452,"0.10,1.06,0.14,51.03,-62.50,27.47"
1508,2026-08-03T12:26:50.917,60.386279,59.634200,0.0900,0.8200,-0.0200,54.7500,-41.1400,61.2800,0.825167,91.898316,"0.09,0.82,-0.02,54.75,-41.14,61.28"
1509,2026-08-03T12:26:50.917,60.386647,0.367600,0.0600,0.6300,-0.0200,47.1200,-4.8200,87.7100,0.633167,99.682350,"0.06,0.63,-0.02,47.12,-4.82,87.71"
1510,2026-08-03T12:26:50.977,60.446188,59.541300,0.0000,0.3800,0.1000,34.9100,38.1500,103.3300,0.392938,115.547477,"0.00,0.38,0.10,34.91,38.15,103.33"
1511,2026-08-03T12:26:51.037,60.506780,60.592000,-0.0800,0.1400,0.2400,21.7900,75.2600,89.6600,0.289137,119.070514,"-0.08,0.14,0.24,21.79,75.26,89.66"
1512,2026-08-03T12:26:51.038,60.507717,0.936900,-0.1500,0.2000,0.4100,6.8400,96.3100,29.0500,0.480208,100.828092,"-0.15,0.20,0.41,6.84,96.31,29.05"
1513,2026-08-03T12:26:51.157,60.626265,118.548700,-0.1300,0.7300,0.6100,-2.5600,94.3600,-58.3500,0.960156,110.973356,"-0.13,0.73,0.61,-2.56,94.36,-58.35"
1514,2026-08-03T12:26:51.157,60.627004,0.738800,-0.0700,1.3600,0.6900,8.1800,71.3500,-122.1300,1.526630,141.680880,"-0.07,1.36,0.69,8.18,71.35,-122.13"
1515,2026-08-03T12:26:51.158,60.627857,0.852500,0.0300,1.7400,0.6800,31.6800,50.9600,-136.7200,1.868395,149.308079,"0.03,1.74,0.68,31.68,50.96,-136.72"
1516,2026-08-03T12:26:51.217,60.686711,58.853800,0.1000,1.8000,0.7100,47.9100,44.7400,-100.5200,1.937550,120.005442,"0.10,1.80,0.71,47.91,44.74,-100.52"
1517,2026-08-03T12:26:51.277,60.746379,59.667900,0.0400,1.6300,0.5900,69.0900,29.1100,-28.9900,1.733955,80.381841,"0.04,1.63,0.59,69.09,29.11,-28.99"
1518,2026-08-03T12:26:51.278,60.747224,0.845200,-0.0700,1.2500,0.3600,76.1100,5.0700,47.5500,1.302690,89.885702,"-0.07,1.25,0.36,76.11,5.07,47.55"
1519,2026-08-03T12:26:51.337,60.806497,59.273600,-0.1100,0.7400,0.2700,41.2600,-9.0300,105.9000,0.795362,114.012010,"-0.11,0.74,0.27,41.26,-9.03,105.90"
1520,2026-08-03T12:26:51.397,60.866643,60.145300,-0.0900,0.3600,0.2400,13.9800,-18.2500,119.0200,0.441928,121.219896,"-0.09,0.36,0.24,13.98,-18.25,119.02"
1521,2026-08-03T12:26:51.398,60.867278,0.635200,-0.0500,0.2200,0.2300,13.6700,-22.5200,83.4400,0.322180,87.500017,"-0.05,0.22,0.23,13.67,-22.52,83.44"
1522,2026-08-03T12:26:51.457,60.926220,58.941800,-0.0600,0.2500,0.3000,-0.0600,-20.4500,33.4500,0.395095,39.205977,"-0.06,0.25,0.30,-0.06,-20.45,33.45"
1523,2026-08-03T12:26:51.517,60.986847,60.627200,-0.1000,0.5300,0.3200,-22.2800,-33.0200,-11.5400,0.627136,41.471561,"-0.10,0.53,0.32,-22.28,-33.02,-11.54"
1524,2026-08-03T12:26:51.518,60.987291,0.444400,-0.1000,0.9500,0.2000,-17.6400,-64.2100,-46.8700,0.975961,81.430281,"-0.10,0.95,0.20,-17.64,-64.21,-46.87"
1525,2026-08-03T12:26:51.637,61.106589,119.298200,-0.1200,1.1900,-0.0000,24.1100,-86.3600,-69.3400,1.196035,113.346272,"-0.12,1.19,-0.00,24.11,-86.36,-69.34"
1526,2026-08-03T12:26:51.638,61.107223,0.633200,-0.1100,1.3600,-0.1000,45.5900,-72.3300,-78.7400,1.368101,116.232803,"-0.11,1.36,-0.10,45.59,-72.33,-78.74"
1527,2026-08-03T12:26:51.638,61.107415,0.192600,0.0000,1.5400,0.1500,-6.1600,-25.7600,-55.9100,1.547288,61.866399,"0.00,1.54,0.15,-6.16,-25.76,-55.91"
1528,2026-08-03T12:26:51.697,61.166307,58.891700,0.1200,1.4800,0.6200,-54.6300,3.4800,0.1800,1.609099,54.741024,"0.12,1.48,0.62,-54.63,3.48,0.18"
1529,2026-08-03T12:26:51.757,61.226386,60.078800,0.1300,1.2300,0.8100,-49.3800,-15.3200,44.6800,1.478479,68.332929,"0.13,1.23,0.81,-49.38,-15.32,44.68"
1530,2026-08-03T12:26:51.758,61.227181,0.794900,0.0800,1.0900,0.5300,-24.9000,-59.0200,52.7300,1.214660,82.968809,"0.08,1.09,0.53,-24.90,-59.02,52.73"
1531,2026-08-03T12:26:51.817,61.286029,58.848900,0.0400,0.9500,0.0300,-7.4500,-87.6500,40.8300,0.951315,96.979966,"0.04,0.95,0.03,-7.45,-87.65,40.83"
1532,2026-08-03T12:26:51.877,61.346662,60.632800,0.0400,0.7400,-0.3700,-22.4600,-79.2800,29.2400,0.828312,87.434247,"0.04,0.74,-0.37,-22.46,-79.28,29.24"
1533,2026-08-03T12:26:51.878,61.347098,0.435800,0.0500,0.5200,-0.5700,-49.1300,-34.4200,32.5900,0.773175,68.268597,"0.05,0.52,-0.57,-49.13,-34.42,32.59"
1534,2026-08-03T12:26:51.997,61.466241,119.143000,0.0100,0.2900,-0.5100,-52.0600,35.1000,43.2100,0.586771,76.219143,"0.01,0.29,-0.51,-52.06,35.10,43.21"
1535,2026-08-03T12:26:52.057,61.526498,60.256600,-0.0500,0.3500,-0.1200,-62.6800,99.3700,45.0400,0.373363,125.824405,"-0.05,0.35,-0.12,-62.68,99.37,45.04"
1536,2026-08-03T12:26:52.058,61.527371,0.873000,0.0600,1.0700,0.5000,-83.7400,131.8400,46.8100,1.182582,163.050144,"0.06,1.07,0.50,-83.74,131.84,46.81"
1537,2026-08-03T12:26:52.058,61.527665,0.294100,0.3300,1.9700,0.9400,-75.0100,131.3500,56.0300,2.207578,161.303080,"0.33,1.97,0.94,-75.01,131.35,56.03"
1538,2026-08-03T12:26:52.117,61.586717,59.052500,0.4200,2.0000,1.1200,-83.1300,118.0400,90.2700,2.330408,170.272462,"0.42,2.00,1.12,-83.13,118.04,90.27"
1539,2026-08-03T12:26:52.117,61.586914,0.196500,0.2500,1.1400,1.1400,-117.3700,103.2700,158.8100,1.631472,222.847540,"0.25,1.14,1.14,-117.37,103.27,158.81"
1540,2026-08-03T12:26:52.177,61.646465,59.550900,0.0100,0.2900,0.9000,-103.4500,65.1200,203.1900,0.945621,237.125901,"0.01,0.29,0.90,-103.45,65.12,203.19"
1541,2026-08-03T12:26:52.357,61.826356,179.891700,-0.1500,-0.1300,0.5600,-75.8700,22.2200,193.4800,0.594138,209.008363,"-0.15,-0.13,0.56,-75.87,22.22,193.48"
1542,2026-08-03T12:26:52.357,61.826741,0.384900,-0.2600,-0.3400,0.3400,-85.0800,27.5300,163.5700,0.546626,186.417950,"-0.26,-0.34,0.34,-85.08,27.53,163.57"
1543,2026-08-03T12:26:52.358,61.827752,1.011000,-0.4100,-0.4500,0.2400,-73.8500,77.4500,116.0900,0.654370,157.889876,"-0.41,-0.45,0.24,-73.85,77.45,116.09"
1544,2026-08-03T12:26:52.359,61.828109,0.357100,-0.4100,-0.1400,0.5700,-14.2800,122.0700,32.5300,0.715961,127.134591,"-0.41,-0.14,0.57,-14.28,122.07,32.53"
1545,2026-08-03T12:26:52.359,61.828804,0.694500,-0.1500,0.5900,1.3500,66.3500,106.8700,-64.8200,1.480912,141.510253,"-0.15,0.59,1.35,66.35,106.87,-64.82"
1546,2026-08-03T12:26:52.417,61.886161,57.357500,0.2100,1.2700,1.7900,143.3100,27.9500,-137.3300,2.204790,200.445722,"0.21,1.27,1.79,143.31,27.95,-137.33"
1547,2026-08-03T12:26:52.478,61.947236,61.074900,0.3900,1.3700,1.4600,166.9900,-50.2900,-158.1400,2.039755,235.420908,"0.39,1.37,1.46,166.99,-50.29,-158.14"
1548,2026-08-03T12:26:52.479,61.948298,1.062100,0.3400,0.9600,0.8200,126.0400,-92.4700,-130.1900,1.307517,203.436031,"0.34,0.96,0.82,126.04,-92.47,-130.19"
1549,2026-08-03T12:26:52.597,62.066416,118.118100,0.2100,0.5400,0.3500,87.1600,-125.3100,-83.1900,0.676905,173.839115,"0.21,0.54,0.35,87.16,-125.31,-83.19"
1550,2026-08-03T12:26:52.598,62.067535,1.118800,0.0900,0.2600,0.0700,96.5600,-141.5400,-32.8400,0.283901,174.458794,"0.09,0.26,0.07,96.56,-141.54,-32.84"
1551,2026-08-03T12:26:52.599,62.068298,0.762800,0.0000,0.1800,-0.0800,116.3300,-114.6900,-4.6400,0.196977,163.425808,"0.00,0.18,-0.08,116.33,-114.69,-4.64"
1552,2026-08-03T12:26:52.657,62.126128,57.829600,-0.0800,0.4900,-0.0600,80.8700,-50.7800,-29.3600,0.500100,99.902827,"-0.08,0.49,-0.06,80.87,-50.78,-29.36"
1553,2026-08-03T12:26:52.776,62.245579,119.451100,0.0200,1.4200,0.2900,12.7000,18.9200,-99.2400,1.449448,101.822561,"0.02,1.42,0.29,12.70,18.92,-99.24"
1554,2026-08-03T12:26:52.777,62.246209,0.630400,0.3100,2.3400,0.8200,-24.1700,57.3100,-128.7200,2.498820,142.959657,"0.31,2.34,0.82,-24.17,57.31,-128.72"
1555,2026-08-03T12:26:52.777,62.246844,0.635000,0.4300,2.2500,0.9400,-12.8200,41.3200,-53.1000,2.476086,68.493100,"0.43,2.25,0.94,-12.82,41.32,-53.10"
1556,2026-08-03T12:26:52.836,62.305953,59.108600,0.2600,1.3800,0.6600,33.3900,-8.6100,65.3700,1.551644,73.907111,"0.26,1.38,0.66,33.39,-8.61,65.37"
1557,2026-08-03T12:26:52.896,62.365520,59.567400,0.0400,0.5200,0.4500,60.4200,-39.3700,145.8700,0.688840,162.722556,"0.04,0.52,0.45,60.42,-39.37,145.87"
1558,2026-08-03T12:26:52.897,62.366372,0.852100,-0.0700,0.0700,0.3800,40.8300,-37.2900,165.7700,0.392683,174.749323,"-0.07,0.07,0.38,40.83,-37.29,165.77"
1559,2026-08-03T12:26:52.957,62.426574,60.202200,-0.1200,-0.1000,0.2900,13.6100,-25.4500,133.1800,0.329393,136.271226,"-0.12,-0.10,0.29,13.61,-25.45,133.18"
1560,2026-08-03T12:26:52.958,62.427119,0.544300,-0.1500,-0.0800,0.1500,12.1500,-25.2700,60.2400,0.226716,66.445865,"-0.15,-0.08,0.15,12.15,-25.27,60.24"
1561,2026-08-03T12:26:53.017,62.486041,58.922000,-0.2600,0.3300,-0.0500,58.3500,-33.0800,-67.6900,0.423084,95.293992,"-0.26,0.33,-0.05,58.35,-33.08,-67.69"
1562,2026-08-03T12:26:53.077,62.546649,60.608700,-0.3500,1.2600,-0.2700,172.4200,-47.0000,-256.0400,1.335290,312.240513,"-0.35,1.26,-0.27,172.42,-47.00,-256.04"
1563,2026-08-03T12:26:53.078,62.547379,0.729400,-0.3500,2.0800,-0.4500,298.5800,-44.4300,-396.0600,2.156710,497.983499,"-0.35,2.08,-0.45,298.58,-44.43,-396.06"
1564,2026-08-03T12:26:53.196,62.665951,118.571800,-0.3600,2.1200,-0.4300,311.1600,0.6100,-343.9300,2.192920,463.798192,"-0.36,2.12,-0.43,311.16,0.61,-343.93"
1565,2026-08-03T12:26:53.197,62.666701,0.750200,-0.3100,1.7200,-0.2400,153.4400,36.0700,-133.1200,1.764115,206.314839,"-0.31,1.72,-0.24,153.44,36.07,-133.12"
1566,2026-08-03T12:26:53.198,62.667319,0.617700,-0.2400,1.2700,-0.1300,-61.9500,12.7600,97.5300,1.299000,116.244230,"-0.24,1.27,-0.13,-61.95,12.76,97.53"
1567,2026-08-03T12:26:53.257,62.726516,59.197200,-0.1700,0.7700,-0.1300,-193.4200,-35.2200,250.0000,0.799187,318.043621,"-0.17,0.77,-0.13,-193.42,-35.22,250.00"
1568,2026-08-03T12:26:53.316,62.785901,59.385200,-0.0900,0.3100,-0.1500,-216.3700,-58.6500,277.2200,0.355949,356.520305,"-0.09,0.31,-0.15,-216.37,-58.65,277.22"
1569,2026-08-03T12:26:53.317,62.786711,0.810000,-0.0500,-0.0700,-0.1200,-168.0900,-47.1200,206.1200,0.147648,270.111083,"-0.05,-0.07,-0.12,-168.09,-47.12,206.12"
1570,2026-08-03T12:26:53.377,62.846166,59.454900,-0.1200,-0.1300,0.0000,-92.4700,-14.1000,74.8900,0.176918,119.824968,"-0.12,-0.13,0.00,-92.47,-14.10,74.89"
1571,2026-08-03T12:26:53.437,62.906523,60.357200,-0.2800,0.3900,0.0500,-5.6800,8.7900,-98.5700,0.482701,99.124020,"-0.28,0.39,0.05,-5.68,8.79,-98.57"
1572,2026-08-03T12:26:53.438,62.907224,0.701100,-0.4900,1.1700,-0.1200,106.4500,9.8900,-260.9300,1.274127,281.982055,"-0.49,1.17,-0.12,106.45,9.89,-260.93"
1573,2026-08-03T12:26:53.497,62.966743,59.519200,-0.6100,1.8900,-0.3800,186.4000,11.1100,-324.8900,2.022029,374.729108,"-0.61,1.89,-0.38,186.40,11.11,-324.89"
1574,2026-08-03T12:26:53.617,63.086283,119.539500,-0.6000,2.2600,-0.5000,135.5600,25.5700,-232.6000,2.391150,270.431319,"-0.60,2.26,-0.50,135.56,25.57,-232.60"
1575,2026-08-03T12:26:53.618,63.087083,0.800500,-0.5000,2.0300,-0.3900,11.7200,39.9200,-37.1700,2.126735,55.790445,"-0.50,2.03,-0.39,11.72,39.92,-37.17"
1576,2026-08-03T12:26:53.618,63.087387,0.304100,-0.3500,1.4800,-0.1700,-66.2200,42.4800,128.8500,1.530294,150.970068,"-0.35,1.48,-0.17,-66.22,42.48,128.85"
1577,2026-08-03T12:26:53.737,63.206348,118.960800,-0.2100,0.9100,0.0100,-93.1400,34.4200,202.0300,0.933970,225.113120,"-0.21,0.91,0.01,-93.14,34.42,202.03"
1578,2026-08-03T12:26:53.738,63.207135,0.786900,-0.1400,0.3700,0.1100,-109.4400,17.5800,208.7400,0.410609,236.344151,"-0.14,0.37,0.11,-109.44,17.58,208.74"
1579,2026-08-03T12:26:53.738,63.207679,0.543400,-0.0900,0.0000,0.1100,-128.3600,-7.1400,186.1600,0.142127,226.236193,"-0.09,0.00,0.11,-128.36,-7.14,186.16"
1580,2026-08-03T12:26:53.797,63.266408,58.729200,-0.0200,-0.1500,0.0600,-138.1200,-28.5600,160.3400,0.162788,213.545601,"-0.02,-0.15,0.06,-138.12,-28.56,160.34"
1581,2026-08-03T12:26:53.797,63.266866,0.458300,-0.0800,-0.0800,0.0800,-118.1600,-27.5900,109.5600,0.138564,163.482070,"-0.08,-0.08,0.08,-118.16,-27.59,109.56"
1582,2026-08-03T12:26:53.857,63.326059,59.193000,-0.1700,0.4300,0.1300,-47.6700,-0.2400,4.0900,0.480312,47.845738,"-0.17,0.43,0.13,-47.67,-0.24,4.09"
1583,2026-08-03T12:26:53.917,63.386529,60.469500,-0.1900,1.1600,0.1400,42.7900,25.8200,-116.8200,1.183765,127.061280,"-0.19,1.16,0.14,42.79,25.82,-116.82"
1584,2026-08-03T12:26:53.977,63.446078,59.549100,-0.0500,1.8900,0.2400,78.9200,34.6100,-195.1300,1.905833,213.311827,"-0.05,1.89,0.24,78.92,34.61,-195.13"
1585,2026-08-03T12:26:54.157,63.626069,179.991200,0.1900,2.3900,0.4100,44.4300,37.0500,-188.5400,2.432345,197.215768,"0.19,2.39,0.41,44.43,37.05,-188.54"
1586,2026-08-03T12:26:54.157,63.626508,0.439300,0.1600,2.1800,0.3400,17.4000,16.3600,-91.6700,2.212148,94.730135,"0.16,2.18,0.34,17.40,16.36,-91.67"
1587,2026-08-03T12:26:54.158,63.627106,0.597800,-0.0200,1.6100,0.2000,18.2500,-7.6300,29.1700,1.622498,35.244408,"-0.02,1.61,0.20,18.25,-7.63,29.17"
1588,2026-08-03T12:26:54.158,63.627699,0.592900,-0.1000,1.1300,0.1900,-1.2200,-5.1900,112.8500,1.150217,112.975869,"-0.10,1.13,0.19,-1.22,-5.19,112.85"
1589,2026-08-03T12:26:54.159,63.628496,0.797600,-0.1100,0.6900,0.1600,-23.3800,-0.9800,153.2600,0.716798,155.036165,"-0.11,0.69,0.16,-23.38,-0.98,153.26"
1590,2026-08-03T12:26:54.160,63.629270,0.773400,-0.0800,0.3000,0.0900,-14.8300,2.0100,160.2200,0.323265,160.917424,"-0.08,0.30,0.09,-14.83,2.01,160.22"
1591,2026-08-03T12:26:54.217,63.686220,56.950200,-0.0900,0.0200,0.0200,-9.4000,12.4500,136.1700,0.094340,137.060685,"-0.09,0.02,0.02,-9.40,12.45,136.17"
1592,2026-08-03T12:26:54.277,63.746028,59.808400,-0.1300,-0.0300,0.0100,-26.2500,25.8200,75.2600,0.133791,83.784262,"-0.13,-0.03,0.01,-26.25,25.82,75.26"
1593,2026-08-03T12:26:54.277,63.746873,0.844200,-0.1300,0.3000,0.0600,-19.0400,37.4800,-22.8300,0.332415,47.838070,"-0.13,0.30,0.06,-19.04,37.48,-22.83"
1594,2026-08-03T12:26:54.336,63.805995,59.122500,-0.0800,0.8400,0.1400,0.4900,40.5300,-113.4000,0.855336,120.426247,"-0.08,0.84,0.14,0.49,40.53,-113.40"
1595,2026-08-03T12:26:54.397,63.866790,60.794600,-0.0000,1.4300,0.2700,-14.5300,34.8500,-151.5500,1.455266,156.182732,"-0.00,1.43,0.27,-14.53,34.85,-151.55"
1596,2026-08-03T12:26:54.398,63.867518,0.727900,0.1100,1.8700,0.4600,-53.4700,12.7600,-138.6700,1.928886,149.168453,"0.11,1.87,0.46,-53.47,12.76,-138.67"
1597,2026-08-03T12:26:54.457,63.926790,59.272300,0.1600,1.8200,0.5700,-69.5800,-14.4000,-79.7700,1.913870,106.826913,"0.16,1.82,0.57,-69.58,-14.40,-79.77"
1598,2026-08-03T12:26:54.577,64.046104,119.314100,0.1500,1.4800,0.5800,-44.1900,-26.0600,-8.5400,1.596653,52.007800,"0.15,1.48,0.58,-44.19,-26.06,-8.54"
1599,2026-08-03T12:26:54.577,64.046684,0.580100,0.1000,1.1100,0.5300,-13.7900,-34.3000,41.8100,1.234099,55.809768,"0.10,1.11,0.53,-13.79,-34.30,41.81"
1600,2026-08-03T12:26:54.578,64.047359,0.675100,-0.0000,0.7400,0.4000,-6.6500,-43.1500,67.1400,0.841190,80.086981,"-0.00,0.74,0.40,-6.65,-43.15,67.14"
1601,2026-08-03T12:26:54.636,64.105975,58.615800,-0.0400,0.4900,0.2600,-6.4100,-42.7900,62.1900,0.556147,75.760599,"-0.04,0.49,0.26,-6.41,-42.79,62.19"
1602,2026-08-03T12:26:54.637,64.106476,0.501000,-0.0400,0.3500,0.1800,5.0700,-26.4900,43.3300,0.395601,51.038357,"-0.04,0.35,0.18,5.07,-26.49,43.33"
1603,2026-08-03T12:26:54.697,64.166503,60.026600,-0.1000,0.2800,0.1300,16.5400,11.7800,25.1500,0.324500,32.324333,"-0.10,0.28,0.13,16.54,11.78,25.15"
1604,2026-08-03T12:26:54.817,64.286352,119.849100,-0.1600,0.5500,0.2000,21.7300,66.2200,-15.0100,0.606712,71.292225,"-0.16,0.55,0.20,21.73,66.22,-15.01"
1605,2026-08-03T12:26:54.818,64.287071,0.719600,-0.1000,1.2900,0.4000,25.8200,86.4300,-77.5800,1.354289,118.976778,"-0.10,1.29,0.40,25.82,86.43,-77.58"
1606,2026-08-03T12:26:54.818,64.287489,0.417800,0.0400,1.9700,0.4900,20.6300,38.0200,-109.5000,2.030419,117.734308,"0.04,1.97,0.49,20.63,38.02,-109.50"
1607,2026-08-03T12:26:54.876,64.345939,58.449900,0.1000,1.9600,0.4300,3.7200,-23.0700,-67.6300,2.009104,71.553338,"0.10,1.96,0.43,3.72,-23.07,-67.63"
1608,2026-08-03T12:26:54.936,64.405437,59.497800,0.0500,1.3000,0.3700,-15.6900,-39.7900,27.5900,1.352553,50.898215,"0.05,1.30,0.37,-15.69,-39.79,27.59"
1609,2026-08-03T12:26:54.937,64.406498,1.061300,-0.0100,0.5800,0.3500,-35.7100,-21.6100,107.5400,0.677495,115.356178,"-0.01,0.58,0.35,-35.71,-21.61,107.54"
1610,2026-08-03T12:26:54.997,64.466101,59.603300,-0.0600,0.1700,0.2900,-44.8000,-5.1900,121.2200,0.341467,129.337792,"-0.06,0.17,0.29,-44.80,-5.19,121.22"
1611,2026-08-03T12:26:54.997,64.466609,0.507900,-0.1300,0.0800,0.2100,-34.1800,-1.1600,74.8900,0.259615,82.329400,"-0.13,0.08,0.21,-34.18,-1.16,74.89"
1612,2026-08-03T12:26:55.057,64.526130,59.520200,-0.1700,0.2700,0.2400,-21.5500,6.4700,4.6400,0.399249,22.973746,"-0.17,0.27,0.24,-21.55,6.47,4.64"
1613,2026-08-03T12:26:55.117,64.586851,60.721200,-0.1100,0.7800,0.4100,-19.6500,9.4600,-38.6400,0.888032,44.369626,"-0.11,0.78,0.41,-19.65,9.46,-38.64"
1614,2026-08-03T12:26:55.118,64.587712,0.861600,0.0900,1.4300,0.6300,-21.7900,2.8700,-35.9500,1.565216,42.136012,"0.09,1.43,0.63,-21.79,2.87,-35.95"
1615,2026-08-03T12:26:55.179,64.648191,60.478900,0.3000,1.7600,0.7600,-26.3100,-2.1400,-20.5700,1.940412,33.465215,"0.30,1.76,0.76,-26.31,-2.14,-20.57"
1616,2026-08-03T12:26:55.237,64.706175,57.984000,0.3400,1.5400,0.7600,-29.7200,-10.2500,2.6200,1.750657,31.546875,"0.34,1.54,0.76,-29.72,-10.25,2.62"
1617,2026-08-03T12:26:55.237,64.706864,0.688900,0.2700,1.0800,0.6800,-32.4700,-20.5100,44.6800,1.304492,58.917429,"0.27,1.08,0.68,-32.47,-20.51,44.68"
1618,2026-08-03T12:26:55.297,64.766083,59.219000,0.1700,0.6700,0.5400,-44.1900,-21.2400,81.8500,0.877154,95.411300,"0.17,0.67,0.54,-44.19,-21.24,81.85"
1619,2026-08-03T12:26:55.357,64.826352,60.269200,0.0800,0.4200,0.3700,-49.7400,-12.7600,82.5200,0.565420,97.192775,"0.08,0.42,0.37,-49.74,-12.76,82.52"
1620,2026-08-03T12:26:55.357,64.826910,0.557700,0.0200,0.2700,0.2300,-28.5600,-6.9600,46.6900,0.355246,55.173103,"0.02,0.27,0.23,-28.56,-6.96,46.69"
1621,2026-08-03T12:26:55.417,64.886150,59.239800,-0.0300,0.2500,0.1700,4.6400,0.8500,-1.0400,0.303809,4.830497,"-0.03,0.25,0.17,4.64,0.85,-1.04"
1622,2026-08-03T12:26:55.477,64.946374,60.224000,-0.0500,0.4600,0.2700,20.6900,20.7500,-46.0200,0.535724,54.557117,"-0.05,0.46,0.27,20.69,20.75,-46.02"
1623,2026-08-03T12:26:55.477,64.946866,0.491900,0.0200,0.8900,0.5100,10.3800,41.8100,-79.1600,1.025963,90.122839,"0.02,0.89,0.51,10.38,41.81,-79.16"
1624,2026-08-03T12:26:55.537,65.006212,59.346700,0.1500,1.3300,0.7800,-0.4300,45.1000,-80.5100,1.549129,92.282474,"0.15,1.33,0.78,-0.43,45.10,-80.51"
1625,2026-08-03T12:26:55.597,65.066867,60.654700,0.2700,1.5000,0.9100,3.4200,27.2200,-47.0000,1.775106,54.420812,"0.27,1.50,0.91,3.42,27.22,-47.00"
1626,2026-08-03T12:26:55.598,65.067292,0.425000,0.2900,1.3200,0.8700,4.4600,3.1700,-0.5500,1.607296,5.499364,"0.29,1.32,0.87,4.46,3.17,-0.55"
1627,2026-08-03T12:26:55.657,65.126032,58.739800,0.2100,1.0200,0.7400,1.8300,-17.3300,38.8200,1.277537,42.551971,"0.21,1.02,0.74,1.83,-17.33,38.82"
1628,2026-08-03T12:26:55.717,65.186197,60.165200,0.1000,0.7300,0.5700,-1.2800,-29.1700,61.4000,0.931558,67.988876,"0.10,0.73,0.57,-1.28,-29.17,61.40"
1629,2026-08-03T12:26:55.717,65.186784,0.587200,0.0300,0.5100,0.4100,-5.3100,-26.8600,63.2900,0.655057,68.958537,"0.03,0.51,0.41,-5.31,-26.86,63.29"
1630,2026-08-03T12:26:55.776,65.245983,59.199100,-0.0100,0.3500,0.3000,-0.6100,-17.4000,45.3500,0.461086,48.577305,"-0.01,0.35,0.30,-0.61,-17.40,45.35"
1631,2026-08-03T12:26:55.837,65.306108,60.124300,-0.0600,0.2900,0.2400,13.1200,-5.8000,12.8800,0.381182,19.278714,"-0.06,0.29,0.24,13.12,-5.80,12.88"
1632,2026-08-03T12:26:55.957,65.426244,120.135800,-0.0600,0.4900,0.3300,19.6500,13.4900,-26.3700,0.593801,35.545457,"-0.06,0.49,0.33,19.65,13.49,-26.37"
1633,2026-08-03T12:26:55.958,65.427223,0.979300,0.0700,0.9500,0.5900,2.9300,32.4700,-51.0300,1.120491,60.555319,"0.07,0.95,0.59,2.93,32.47,-51.03"
1634,2026-08-03T12:26:55.958,65.427837,0.614500,0.2500,1.3300,0.8400,-24.1700,33.0800,-43.9500,1.592796,60.083923,"0.25,1.33,0.84,-24.17,33.08,-43.95"
1635,2026-08-03T12:26:55.959,65.428178,0.340900,0.3800,1.3600,0.9400,-45.5300,14.6500,-11.9600,1.696349,49.301572,"0.38,1.36,0.94,-45.53,14.65,-11.96"
1636,2026-08-03T12:26:56.077,65.546799,118.621000,0.3500,1.1200,0.8500,-57.5600,-11.5400,27.7100,1.448931,64.916633,"0.35,1.12,0.85,-57.56,-11.54,27.71"
1637,2026-08-03T12:26:56.078,65.547669,0.869700,0.2100,0.8200,0.6600,-47.5500,-31.6800,53.7700,1.073359,78.459147,"0.21,0.82,0.66,-47.55,-31.68,53.77"
1638,2026-08-03T12:26:56.079,65.548150,0.481000,0.0900,0.5600,0.5100,-26.4900,-36.5600,62.1300,0.762758,76.801631,"0.09,0.56,0.51,-26.49,-36.56,62.13"
1639,2026-08-03T12:26:56.137,65.606401,58.251400,0.0400,0.3800,0.3800,-23.9300,-22.0300,65.5500,0.538888,73.176282,"0.04,0.38,0.38,-23.93,-22.03,65.55"
1640,2026-08-03T12:26:56.197,65.666228,59.826400,0.0100,0.2500,0.3200,-43.9500,9.8300,65.1200,0.406202,79.176043,"0.01,0.25,0.32,-43.95,9.83,65.12"
1641,2026-08-03T12:26:56.197,65.666806,0.578700,0.0000,0.2100,0.4000,-58.8400,36.1900,42.7200,0.451774,81.221057,"0.00,0.21,0.40,-58.84,36.19,42.72"
1642,2026-08-03T12:26:56.257,65.726578,59.771600,0.0900,0.4800,0.7000,-47.7900,41.4400,-0.1200,0.853522,63.254819,"0.09,0.48,0.70,-47.79,41.44,-0.12"
1643,2026-08-03T12:26:56.317,65.786875,60.297300,0.3200,0.9600,1.0800,-23.5600,28.9900,-30.2100,1.480000,48.043083,"0.32,0.96,1.08,-23.56,28.99,-30.21"
1644,2026-08-03T12:26:56.318,65.787230,0.354300,0.5100,1.2100,1.2600,-0.9800,6.1600,-34.1800,1.819835,34.744473,"0.51,1.21,1.26,-0.98,6.16,-34.18"
1645,2026-08-03T12:26:56.437,65.906482,119.252400,0.5200,1.0600,1.1600,5.4300,-13.6700,-15.8700,1.655174,21.638177,"0.52,1.06,1.16,5.43,-13.67,-15.87"
1646,2026-08-03T12:26:56.437,65.906931,0.448600,0.4000,0.7500,0.9600,-6.4700,-28.3200,12.5700,1.282225,31.652618,"0.40,0.75,0.96,-6.47,-28.32,12.57"
1647,2026-08-03T12:26:56.438,65.907284,0.353500,0.2400,0.5000,0.7300,-16.0500,-44.6200,27.9500,0.916788,55.043159,"0.24,0.50,0.73,-16.05,-44.62,27.95"
1648,2026-08-03T12:26:56.497,65.966140,58.855700,0.1300,0.3600,0.5300,-13.3700,-58.2300,25.7000,0.653758,65.038295,"0.13,0.36,0.53,-13.37,-58.23,25.70"
1649,2026-08-03T12:26:56.557,66.026088,59.947800,0.0800,0.3000,0.3800,-4.0300,-58.9600,9.8900,0.490714,59.919401,"0.08,0.30,0.38,-4.03,-58.96,9.89"
1650,2026-08-03T12:26:56.557,66.026217,0.129000,0.0500,0.2800,0.3000,6.4700,-40.5300,-15.6900,0.413401,43.939935,"0.05,0.28,0.30,6.47,-40.53,-15.69"
1651,2026-08-03T12:26:56.617,66.086286,60.069400,0.0600,0.3900,0.3700,15.5600,-2.0800,-42.3000,0.540925,45.119065,"0.06,0.39,0.37,15.56,-2.08,-42.30"
1652,2026-08-03T12:26:56.677,66.146837,60.550900,0.1700,0.6400,0.6300,11.4100,41.3200,-58.7800,0.914002,72.750388,"0.17,0.64,0.63,11.41,41.32,-58.78"
1653,2026-08-03T12:26:56.678,66.147238,0.401200,0.3100,0.8800,0.9100,4.3300,59.5100,-62.8700,1.303303,86.676559,"0.31,0.88,0.91,4.33,59.51,-62.87"
1654,2026-08-03T12:26:56.737,66.206202,58.963700,0.4100,1.0300,1.1000,14.2200,46.1400,-57.9800,1.561730,75.450569,"0.41,1.03,1.10,14.22,46.14,-57.98"
1655,2026-08-03T12:26:56.797,66.266531,60.329200,0.4200,1.0500,1.1400,16.8500,18.6200,-31.5600,1.605771,40.331879,"0.42,1.05,1.14,16.85,18.62,-31.56"
1656,2026-08-03T12:26:56.798,66.267252,0.721400,0.3300,0.8900,0.9900,3.6000,-9.5200,8.5400,1.371532,13.286158,"0.33,0.89,0.99,3.60,-9.52,8.54"
1657,2026-08-03T12:26:57.037,66.506627,239.374700,0.2000,0.6800,0.7900,-0.4300,-29.3000,33.1400,1.061367,44.237252,"0.20,0.68,0.79,-0.43,-29.30,33.14"
1658,2026-08-03T12:26:57.038,66.507586,0.958600,0.1200,0.5300,0.6100,3.9700,-36.9900,37.2300,0.816946,52.631682,"0.12,0.53,0.61,3.97,-36.99,37.23"
1659,2026-08-03T12:26:57.039,66.508259,0.673500,0.0900,0.4500,0.4900,3.3000,-34.3000,31.1300,0.671342,46.437667,"0.09,0.45,0.49,3.30,-34.30,31.13"
1660,2026-08-03T12:26:57.039,66.508957,0.697900,0.0700,0.3600,0.3800,-0.0600,-25.8200,18.3100,0.528110,31.653311,"0.07,0.36,0.38,-0.06,-25.82,18.31"
1661,2026-08-03T12:26:57.040,66.509632,0.674800,0.0300,0.3100,0.3200,0.9800,-9.7700,-3.3600,0.446542,10.378001,"0.03,0.31,0.32,0.98,-9.77,-3.36"
1662,2026-08-03T12:26:57.041,66.510275,0.642700,0.0100,0.4700,0.4400,4.0300,22.5800,-33.4500,0.643894,40.558597,"0.01,0.47,0.44,4.03,22.58,-33.45"
1663,2026-08-03T12:26:57.097,66.566207,55.932400,0.1400,0.8400,0.8000,-0.9800,61.7700,-54.1400,1.168418,82.143977,"0.14,0.84,0.80,-0.98,61.77,-54.14"
1664,2026-08-03T12:26:57.157,66.626630,60.423400,0.3400,1.1600,1.1600,-12.5100,73.6100,-42.2400,1.675351,85.785487,"0.34,1.16,1.16,-12.51,73.61,-42.24"
1665,2026-08-03T12:26:57.158,66.627311,0.680700,0.4200,1.1500,1.2200,-22.2200,39.4900,-6.8400,1.728381,45.825474,"0.42,1.15,1.22,-22.22,39.49,-6.84"
1666,2026-08-03T12:26:57.217,66.686215,58.904200,0.3600,0.8600,1.0300,-22.8300,-14.7100,25.2100,1.389280,37.055865,"0.36,0.86,1.03,-22.83,-14.71,25.21"
1667,2026-08-03T12:26:57.277,66.746967,60.752000,0.2400,0.6000,0.8100,-13.0600,-50.7200,43.5800,1.036195,68.134414,"0.24,0.60,0.81,-13.06,-50.72,43.58"
1668,2026-08-03T12:26:57.278,66.747512,0.545100,0.1400,0.4600,0.6100,-9.5800,-60.4900,52.4300,0.776724,80.620850,"0.14,0.46,0.61,-9.58,-60.49,52.43"
1669,2026-08-03T12:26:57.337,66.806314,58.801700,0.1000,0.3700,0.4700,-17.2700,-56.8800,47.0600,0.606465,75.817088,"0.10,0.37,0.47,-17.27,-56.88,47.06"
1670,2026-08-03T12:26:57.397,66.866230,59.915500,0.0700,0.2900,0.3900,-16.5400,-45.2900,21.0600,0.491019,52.614440,"0.07,0.29,0.39,-16.54,-45.29,21.06"
1671,2026-08-03T12:26:57.397,66.866894,0.664700,0.0300,0.3200,0.4100,3.3600,-17.7600,-19.9600,0.520961,26.927844,"0.03,0.32,0.41,3.36,-17.76,-19.96"
1672,2026-08-03T12:26:57.517,66.986384,119.489500,0.0700,0.5700,0.5900,29.6000,18.0100,-60.6100,0.823347,69.814699,"0.07,0.57,0.59,29.60,18.01,-60.61"
1673,2026-08-03T12:26:57.518,66.987615,1.231200,0.2700,0.9300,0.8700,40.3400,40.2200,-64.8800,1.301806,86.338742,"0.27,0.93,0.87,40.34,40.22,-64.88"
1674,2026-08-03T12:26:57.519,66.988399,0.783600,0.4600,1.1600,1.0700,31.5600,50.9600,-41.9300,1.643807,73.151077,"0.46,1.16,1.07,31.56,50.96,-41.93"
1675,2026-08-03T12:26:57.638,67.107163,118.764400,0.4800,1.1200,1.0800,10.8600,46.8100,-26.0600,1.628251,54.664790,"0.48,1.12,1.08,10.86,46.81,-26.06"
1676,2026-08-03T12:26:57.638,67.107971,0.808200,0.3400,0.8800,0.9500,-9.3400,18.6800,-5.0000,1.338843,21.475055,"0.34,0.88,0.95,-9.34,18.68,-5.00"
1677,2026-08-03T12:26:57.639,67.108309,0.338100,0.1800,0.6200,0.7500,-16.6000,-11.9600,20.0800,0.989596,28.667194,"0.18,0.62,0.75,-16.60,-11.96,20.08"
1678,2026-08-03T12:26:57.697,67.166270,57.960500,0.0600,0.4500,0.5600,-14.4000,-23.1300,28.9900,0.720902,39.784130,"0.06,0.45,0.56,-14.40,-23.13,28.99"
1679,2026-08-03T12:26:57.757,67.226176,59.906300,-0.0000,0.3600,0.4200,-0.8500,-18.4900,18.8000,0.553173,26.382619,"-0.00,0.36,0.42,-0.85,-18.49,18.80"
1680,2026-08-03T12:26:57.816,67.285759,59.582600,-0.0300,0.3400,0.3600,19.7800,-5.3100,-3.6600,0.496085,20.804810,"-0.03,0.34,0.36,19.78,-5.31,-3.66"
1681,2026-08-03T12:26:57.817,67.286674,0.915600,-0.0200,0.4700,0.4500,24.6600,17.4000,-29.9100,0.650999,42.490984,"-0.02,0.47,0.45,24.66,17.40,-29.91"
1682,2026-08-03T12:26:57.877,67.346420,59.746100,0.0500,0.7100,0.6700,3.2300,41.3200,-43.8800,0.977497,60.359172,"0.05,0.71,0.67,3.23,41.32,-43.88"
1683,2026-08-03T12:26:57.878,67.347174,0.753400,0.1500,0.9500,0.9100,-18.7400,50.8400,-40.3400,1.324047,67.551527,"0.15,0.95,0.91,-18.74,50.84,-40.34"
1684,2026-08-03T12:26:57.937,67.406167,58.993100,0.2400,1.0900,1.0900,-17.2100,38.0900,-26.2500,1.560064,49.356810,"0.24,1.09,1.09,-17.21,38.09,-26.25"
1685,2026-08-03T12:26:57.997,67.466457,60.290200,0.2500,1.0000,1.0700,-1.3400,7.8100,-3.7800,1.485732,8.779527,"0.25,1.00,1.07,-1.34,7.81,-3.78"
1686,2026-08-03T12:26:57.998,67.467124,0.666500,0.1700,0.7800,0.9000,15.3800,-23.6200,16.1700,1.203038,32.494887,"0.17,0.78,0.90,15.38,-23.62,16.17"
1687,2026-08-03T12:26:58.116,67.585589,118.465200,0.0800,0.6100,0.7000,21.1200,-41.6900,25.4500,0.931933,53.214782,"0.08,0.61,0.70,21.12,-41.69,25.45"
1688,2026-08-03T12:26:58.117,67.586712,1.122700,0.0300,0.5300,0.5400,16.6600,-44.0700,24.7800,0.757232,53.233156,"0.03,0.53,0.54,16.66,-44.07,24.78"
1689,2026-08-03T12:26:58.117,67.586986,0.274200,0.0000,0.4800,0.4000,16.7800,-34.3600,11.8400,0.624820,40.029534,"0.00,0.48,0.40,16.78,-34.36,11.84"
1690,2026-08-03T12:26:58.177,67.646160,59.174000,-0.0300,0.4100,0.3400,22.7100,-15.3800,-7.8700,0.533479,28.534635,"-0.03,0.41,0.34,22.71,-15.38,-7.87"
1691,2026-08-03T12:26:58.237,67.706453,60.293300,-0.0500,0.4200,0.3900,18.9200,10.5600,-27.8900,0.575326,35.317589,"-0.05,0.42,0.39,18.92,10.56,-27.89"
1692,2026-08-03T12:26:58.238,67.707121,0.667500,-0.0200,0.6200,0.5800,-6.9600,34.6700,-39.6100,0.849235,53.098047,"-0.02,0.62,0.58,-6.96,34.67,-39.61"
1693,2026-08-03T12:26:58.297,67.766429,59.308000,0.1100,0.9800,0.9000,-40.6500,47.3000,-31.3100,1.335103,69.785590,"0.11,0.98,0.90,-40.65,47.30,-31.31"
1694,2026-08-03T12:26:58.357,67.826222,59.793000,0.2600,1.2000,1.1500,-62.9300,23.5000,42.9700,1.682290,79.742434,"0.26,1.20,1.15,-62.93,23.50,42.97"
1695,2026-08-03T12:26:58.357,67.826874,0.652000,0.2800,1.0200,1.1400,-11.6000,-5.3100,42.3000,1.555121,44.181966,"0.28,1.02,1.14,-11.60,-5.31,42.30"
1696,2026-08-03T12:26:58.418,67.887126,60.252500,0.2000,0.6700,0.9400,31.8000,-30.6400,20.5100,1.171537,48.689934,"0.20,0.67,0.94,31.80,-30.64,20.51"
1697,2026-08-03T12:26:58.477,67.946275,59.149100,0.1000,0.4600,0.7300,43.9500,-43.4000,-1.6500,0.868620,61.789036,"0.10,0.46,0.73,43.95,-43.40,-1.65"
1698,2026-08-03T12:26:58.477,67.946745,0.470300,0.0300,0.4300,0.5400,37.7800,-39.6700,-17.7600,0.690941,57.588670,"0.03,0.43,0.54,37.78,-39.67,-17.76"
1699,2026-08-03T12:26:58.597,68.066940,120.194200,-0.0200,0.4700,0.4200,21.2400,-19.2300,-25.0900,0.630635,38.084624,"-0.02,0.47,0.42,21.24,-19.23,-25.09"
1700,2026-08-03T12:26:58.598,68.067839,0.898800,-0.0500,0.5500,0.4200,-8.3600,10.0700,-23.2500,0.693830,26.680648,"-0.05,0.55,0.42,-8.36,10.07,-23.25"
1701,2026-08-03T12:26:58.599,68.068597,0.759000,0.0100,0.7500,0.6100,-36.0700,27.4700,-13.0000,0.966799,47.166151,"0.01,0.75,0.61,-36.07,27.47,-13.00"
1702,2026-08-03T12:26:58.658,68.127068,58.470300,0.1400,0.9400,0.8700,-33.6300,22.9500,-0.8500,1.288449,40.723481,"0.14,0.94,0.87,-33.63,22.95,-0.85"
1703,2026-08-03T12:26:58.717,68.186568,59.500100,0.2500,1.0000,1.0400,-9.6400,3.4800,10.6800,1.464275,14.802108,"0.25,1.00,1.04,-9.64,3.48,10.68"
1704,2026-08-03T12:26:58.718,68.187545,0.976900,0.2800,0.8900,1.0400,11.2900,-19.9000,18.7400,1.397176,29.574680,"0.28,0.89,1.04,11.29,-19.90,18.74"
1705,2026-08-03T12:26:58.777,68.246170,58.625600,0.2100,0.7100,0.8700,20.4500,-32.7100,19.7100,1.142410,43.320096,"0.21,0.71,0.87,20.45,-32.71,19.71"
1706,2026-08-03T12:26:58.837,68.306520,60.349800,0.1100,0.5500,0.6600,17.9400,-31.3100,15.8700,0.866141,39.421017,"0.11,0.55,0.66,17.94,-31.31,15.87"
1707,2026-08-03T12:26:58.838,68.307410,0.890200,0.0500,0.4600,0.5000,13.6100,-21.3600,5.4900,0.681249,25.915667,"0.05,0.46,0.50,13.61,-21.36,5.49"
1708,2026-08-03T12:26:58.897,68.366474,59.064100,-0.0100,0.4000,0.4000,5.0000,-2.7500,-9.8900,0.565774,11.418170,"-0.01,0.40,0.40,5.00,-2.75,-9.89"
1709,2026-08-03T12:26:58.957,68.426020,59.545100,-0.0400,0.4500,0.4300,-26.7300,21.3000,-15.6900,0.623699,37.607965,"-0.04,0.45,0.43,-26.73,21.30,-15.69"
1710,2026-08-03T12:26:58.957,68.426781,0.761400,0.0300,0.6600,0.6300,-59.9400,36.6800,-7.7500,0.912907,70.698575,"0.03,0.66,0.63,-59.94,36.68,-7.75"
1711,2026-08-03T12:26:59.017,68.486920,60.138600,0.1200,0.8500,0.8100,-47.0000,36.9900,-5.1900,1.180254,60.034958,"0.12,0.85,0.81,-47.00,36.99,-5.19"
1712,2026-08-03T12:26:59.137,68.606609,119.689800,0.1800,0.8800,0.9200,-7.0800,26.0000,-7.7500,1.285768,28.039060,"0.18,0.88,0.92,-7.08,26.00,-7.75"
1713,2026-08-03T12:26:59.138,68.607691,1.081700,0.2100,0.8200,0.9900,12.6300,5.5500,0.1200,1.302536,13.796152,"0.21,0.82,0.99,12.63,5.55,0.12"
1714,2026-08-03T12:26:59.139,68.608339,0.648200,0.2000,0.7300,1.0000,10.5000,-17.4600,8.6100,1.254153,22.118628,"0.20,0.73,1.00,10.50,-17.46,8.61"
1715,2026-08-03T12:26:59.198,68.667270,58.930800,0.1500,0.6600,0.9300,8.0000,-33.5700,8.3600,1.150217,35.508231,"0.15,0.66,0.93,8.00,-33.57,8.36"
1716,2026-08-03T12:26:59.198,68.667909,0.639100,0.1200,0.6300,0.8300,15.3200,-42.6000,4.0300,1.048904,45.450009,"0.12,0.63,0.83,15.32,-42.60,4.03"
1717,2026-08-03T12:26:59.257,68.726815,58.906100,0.1200,0.6300,0.7200,11.9000,-54.1400,-2.0800,0.964210,55.471398,"0.12,0.63,0.72,11.90,-54.14,-2.08"
1718,2026-08-03T12:26:59.317,68.786825,60.009500,0.1200,0.6200,0.6300,-21.9700,-78.1200,-7.7500,0.892020,81.519800,"0.12,0.62,0.63,-21.97,-78.12,-7.75"
1719,2026-08-03T12:26:59.318,68.787323,0.498400,0.1300,0.5600,0.5400,-21.9700,-78.1200,-7.7500,0.788733,81.519800,"0.13,0.56,0.54,-21.97,-78.12,-7.75"
1720,2026-08-03T12:26:59.376,68.846000,58.676600,0.1300,0.5600,0.5400,-21.9700,-78.1200,-7.7500,0.788733,81.519800,"0.13,0.56,0.54,-21.97,-78.12,-7.75"
1721,2026-08-03T12:26:59.437,68.906549,60.549300,0.0200,0.2800,0.3800,-61.4000,3.2300,-16.2400,0.472440,63.593478,"0.02,0.28,0.38,-61.40,3.23,-16.24"
1722,2026-08-03T12:26:59.438,68.907234,0.685000,-0.0100,0.3000,0.5300,-61.4600,81.9700,-42.7900,0.609098,111.028810,"-0.01,0.30,0.53,-61.46,81.97,-42.79"
1723,2026-08-03T12:26:59.497,68.966144,58.910100,0.0700,0.5100,0.9200,-52.9800,113.5300,-62.1300,1.054230,139.843048,"0.07,0.51,0.92,-52.98,113.53,-62.13"
1724,2026-08-03T12:26:59.617,69.086371,120.226700,0.2600,0.8300,1.3500,-26.2500,79.2800,-29.7200,1.605927,88.643439,"0.26,0.83,1.35,-26.25,79.28,-29.72"
1725,2026-08-03T12:26:59.617,69.086911,0.540600,0.4600,1.0100,1.5700,-2.5600,-0.3100,37.1100,1.922654,37.199487,"0.46,1.01,1.57,-2.56,-0.31,37.11"
1726,2026-08-03T12:26:59.618,69.087442,0.530500,0.4700,0.8800,1.3900,16.3600,-72.2700,69.4600,1.710965,101.564236,"0.47,0.88,1.39,16.36,-72.27,69.46"
1727,2026-08-03T12:26:59.677,69.146294,58.851800,0.3000,0.6300,1.0300,40.6500,-97.1700,61.4600,1.244106,121.949838,"0.30,0.63,1.03,40.65,-97.17,61.46"
1728,2026-08-03T12:26:59.677,69.146782,0.488300,0.1200,0.4100,0.6800,71.0400,-77.9400,43.8200,0.803057,114.199464,"0.12,0.41,0.68,71.04,-77.94,43.82"
1729,2026-08-03T12:26:59.797,69.266480,119.698300,-0.0000,0.2400,0.4200,86.1200,-28.5000,37.7200,0.483735,98.243080,"-0.00,0.24,0.42,86.12,-28.50,37.72"
1730,2026-08-03T12:26:59.798,69.267409,0.928900,-0.0700,0.1000,0.3100,68.0500,29.0500,27.5900,0.333167,78.967798,"-0.07,0.10,0.31,68.05,29.05,27.59"
1731,2026-08-03T12:26:59.799,69.268025,0.616100,-0.1000,0.1200,0.3500,21.8500,75.4400,-8.7300,0.383275,79.024230,"-0.10,0.12,0.35,21.85,75.44,-8.73"
1732,2026-08-03T12:26:59.857,69.326899,58.873700,-0.0300,0.4300,0.5800,-30.1500,94.5400,-52.8600,0.722634,112.432263,"-0.03,0.43,0.58,-30.15,94.54,-52.86"
1733,2026-08-03T12:26:59.917,69.386485,59.585600,0.1600,0.8500,0.9000,-51.2100,85.5700,-80.5100,1.248239,128.166100,"0.16,0.85,0.90,-51.21,85.57,-80.51"
1734,2026-08-03T12:26:59.918,69.387160,0.675000,0.3000,1.0600,1.1500,-42.9700,62.9900,-75.6200,1.592514,107.389689,"0.30,1.06,1.15,-42.97,62.99,-75.62"
1735,2026-08-03T12:26:59.976,69.445971,58.811100,0.3200,0.9900,1.2500,-33.2000,23.7400,-34.7900,1.626346,53.629952,"0.32,0.99,1.25,-33.20,23.74,-34.79"
1736,2026-08-03T12:27:00.037,69.506392,60.421700,0.2200,0.8200,1.1600,-22.4600,-23.6800,12.1500,1.437498,34.825515,"0.22,0.82,1.16,-22.46,-23.68,12.15"
1737,2026-08-03T12:27:00.038,69.507199,0.806800,0.0800,0.6600,0.9700,-6.6500,-54.3200,39.0600,1.175968,67.235173,"0.08,0.66,0.97,-6.65,-54.32,39.06"
1738,2026-08-03T12:27:00.097,69.566257,59.057400,0.0300,0.5400,0.8300,9.8300,-64.7000,47.7300,0.990656,80.999209,"0.03,0.54,0.83,9.83,-64.70,47.73"
1739,2026-08-03T12:27:00.157,69.626977,60.720400,0.0300,0.4700,0.7100,23.7400,-58.7800,44.2500,0.851998,77.309369,"0.03,0.47,0.71,23.74,-58.78,44.25"
1740,2026-08-03T12:27:00.158,69.627586,0.609300,0.0500,0.3900,0.6000,35.1000,-37.0500,31.1300,0.717356,59.781179,"0.05,0.39,0.60,35.10,-37.05,31.13"
1741,2026-08-03T12:27:00.217,69.686587,59.000300,0.0600,0.3200,0.5000,42.5400,-5.3700,7.2600,0.596657,43.487885,"0.06,0.32,0.50,42.54,-5.37,7.26"
1742,2026-08-03T12:27:00.277,69.746899,60.312600,0.0300,0.3100,0.4600,32.8400,33.5700,-22.4000,0.555518,52.030477,"0.03,0.31,0.46,32.84,33.57,-22.40"
1743,2026-08-03T12:27:00.278,69.747683,0.784100,0.0200,0.3700,0.5200,1.5300,72.2700,-48.7100,0.638514,87.166266,"0.02,0.37,0.52,1.53,72.27,-48.71"
1744,2026-08-03T12:27:00.337,69.806369,58.685400,-0.0200,0.4900,0.6800,-30.0900,102.1100,-62.8100,0.838391,123.599985,"-0.02,0.49,0.68,-30.09,102.11,-62.81"
1745,2026-08-03T12:27:00.456,69.925891,119.522500,0.0300,0.7700,1.0100,-52.8600,103.7600,-36.9300,1.270394,122.164406,"0.03,0.77,1.01,-52.86,103.76,-36.93"
1746,2026-08-03T12:27:00.457,69.926188,0.296900,0.2000,1.0000,1.3900,-42.2400,55.9100,-2.9300,1.723978,70.133662,"0.20,1.00,1.39,-42.24,55.91,-2.93"
1747,2026-08-03T12:27:00.458,69.927189,1.000500,0.2000,0.9400,1.4000,-0.7900,-8.0000,-1.8900,1.698117,8.258099,"0.20,0.94,1.40,-0.79,-8.00,-1.89"
1748,2026-08-03T12:27:00.517,69.986884,59.695700,-0.0400,0.5500,0.7700,28.4400,-42.5400,1.8900,0.947101,51.206028,"-0.04,0.55,0.77,28.44,-42.54,1.89"
1749,2026-08-03T12:27:00.518,69.987597,0.712400,-0.0400,0.4700,0.6300,38.0200,-47.7900,22.5800,0.787020,65.109607,"-0.04,0.47,0.63,38.02,-47.79,22.58"
1750,2026-08-03T12:27:00.577,70.046104,58.507400,-0.0000,0.4500,0.5700,35.9500,-44.0100,40.8300,0.726223,69.974077,"-0.00,0.45,0.57,35.95,-44.01,40.83"
1751,2026-08-03T12:27:00.639,70.108064,61.959900,-0.0200,0.4100,0.5000,34.1200,-41.3800,41.9900,0.646916,68.114895,"-0.02,0.41,0.50,34.12,-41.38,41.99"
1752,2026-08-03T12:27:00.639,70.108826,0.761600,-0.0400,0.3700,0.4300,37.5400,-29.6600,20.5700,0.568683,52.077751,"-0.04,0.37,0.43,37.54,-29.66,20.57"
1753,2026-08-03T12:27:00.697,70.166461,57.635400,-0.0300,0.3700,0.4500,30.8200,-5.2500,-10.4400,0.583352,32.961015,"-0.03,0.37,0.45,30.82,-5.25,-10.44"
1754,2026-08-03T12:27:00.757,70.226798,60.337200,-0.0300,0.5100,0.6000,7.8700,15.9300,-31.6800,0.788036,36.322503,"-0.03,0.51,0.60,7.87,15.93,-31.68"
1755,2026-08-03T12:27:00.758,70.227331,0.532500,0.0600,0.8500,0.9400,-12.6300,28.3800,-36.8000,1.268740,48.157879,"0.06,0.85,0.94,-12.63,28.38,-36.80"
1756,2026-08-03T12:27:00.817,70.286301,58.969900,0.2100,1.1400,1.2400,-3.2300,26.9800,-31.2500,1.697439,41.411542,"0.21,1.14,1.24,-3.23,26.98,-31.25"
1757,2026-08-03T12:27:00.877,70.346209,59.908500,0.2500,1.1600,1.2100,26.4900,5.5500,-23.3800,1.694757,35.765165,"0.25,1.16,1.21,26.49,5.55,-23.38"
1758,2026-08-03T12:27:00.877,70.346954,0.745300,0.1700,0.9800,0.9300,30.7000,-18.5500,-4.7000,1.361690,36.175717,"0.17,0.98,0.93,30.70,-18.55,-4.70"
1759,2026-08-03T12:27:00.937,70.406709,59.754100,0.0500,0.7200,0.6700,12.6300,-28.9900,24.1700,0.984784,39.801079,"0.05,0.72,0.67,12.63,-28.99,24.17"
1760,2026-08-03T12:27:00.997,70.466498,59.789300,-0.0200,0.5100,0.5500,0.6700,-26.5500,44.8000,0.750333,52.080624,"-0.02,0.51,0.55,0.67,-26.55,44.80"
1761,2026-08-03T12:27:00.998,70.467262,0.764500,-0.0300,0.4000,0.4900,-4.5200,-19.1000,46.6300,0.633246,50.592463,"-0.03,0.40,0.49,-4.52,-19.10,46.63"
1762,2026-08-03T12:27:01.057,70.526300,59.038000,-0.0200,0.3500,0.4100,-6.4100,-9.8900,28.5600,0.539444,30.896178,"-0.02,0.35,0.41,-6.41,-9.89,28.56"
1763,2026-08-03T12:27:01.117,70.586392,60.091400,-0.0400,0.3900,0.4100,-11.5400,9.9500,0.4900,0.567274,15.245137,"-0.04,0.39,0.41,-11.54,9.95,0.49"
1764,2026-08-03T12:27:01.118,70.587150,0.758500,-0.0100,0.6000,0.5900,-26.3100,43.8200,-20.1400,0.841546,54.936583,"-0.01,0.60,0.59,-26.31,43.82,-20.14"
1765,2026-08-03T12:27:01.177,70.646352,59.201700,0.0100,0.8700,0.8900,-23.8000,74.9500,-28.3800,1.244628,83.602434,"0.01,0.87,0.89,-23.80,74.95,-28.38"
1766,2026-08-03T12:27:01.237,70.706251,59.899400,0.1100,1.0500,1.1900,7.3900,84.7200,-24.1100,1.590817,88.393340,"0.11,1.05,1.19,7.39,84.72,-24.11"
1767,2026-08-03T12:27:01.238,70.707318,1.066400,0.2100,1.0200,1.2700,19.1700,54.6300,5.3700,1.642376,58.144326,"0.21,1.02,1.27,19.17,54.63,5.37"
1768,2026-08-03T12:27:01.297,70.766545,59.227600,0.1100,0.7900,0.9600,15.0100,-10.5600,33.5700,1.248119,38.259098,"0.11,0.79,0.96,15.01,-10.56,33.57"
1769,2026-08-03T12:27:01.357,70.826669,60.123500,-0.0500,0.5300,0.5600,28.8700,-59.6900,33.5700,0.772658,74.319028,"-0.05,0.53,0.56,28.87,-59.69,33.57"
1770,2026-08-03T12:27:01.358,70.827459,0.789700,-0.1100,0.3400,0.3300,44.7400,-59.5700,20.5700,0.486415,77.287628,"-0.11,0.34,0.33,44.74,-59.57,20.57"
1771,2026-08-03T12:27:01.417,70.886098,58.639000,-0.0900,0.3000,0.3000,38.8800,-27.2200,0.7900,0.433705,47.467957,"-0.09,0.30,0.30,38.88,-27.22,0.79"
1772,2026-08-03T12:27:01.537,71.006403,120.305000,-0.0600,0.4600,0.3700,3.7200,12.1500,-22.7700,0.593380,26.075540,"-0.06,0.46,0.37,3.72,12.15,-22.77"
1773,2026-08-03T12:27:01.538,71.007300,0.897100,-0.0600,0.4600,0.3700,3.7200,12.1500,-22.7700,0.593380,26.075540,"-0.06,0.46,0.37,3.72,12.15,-22.77"
1774,2026-08-03T12:27:01.538,71.007707,0.407000,-0.0800,0.9700,0.7800,15.9300,57.7400,-48.5200,1.247277,77.083480,"-0.08,0.97,0.78,15.93,57.74,-48.52"
1775,2026-08-03T12:27:01.661,71.130591,122.884500,0.0700,1.1400,1.0900,57.5600,56.2100,-46.6300,1.578797,92.989648,"0.07,1.14,1.09,57.56,56.21,-46.63"
1776,2026-08-03T12:27:01.662,71.131552,0.960600,0.1200,1.1900,1.1100,32.3500,21.9700,-22.0900,1.631748,44.912932,"0.12,1.19,1.11,32.35,21.97,-22.09"
1777,2026-08-03T12:27:01.663,71.132096,0.543900,-0.0100,1.0900,0.8500,-13.9200,-23.3800,12.9400,1.382281,30.130290,"-0.01,1.09,0.85,-13.92,-23.38,12.94"
1778,2026-08-03T12:27:01.717,71.186544,54.448300,-0.1000,0.8600,0.6500,-30.0900,-35.2200,40.5300,1.082636,61.551096,"-0.10,0.86,0.65,-30.09,-35.22,40.53"
1779,2026-08-03T12:27:01.718,71.187216,0.672100,-0.0900,0.6400,0.5500,-15.2000,-22.7700,50.3500,0.848646,57.311739,"-0.09,0.64,0.55,-15.20,-22.77,50.35"
1780,2026-08-03T12:27:01.777,71.246632,59.415500,-0.0400,0.5300,0.4800,0.2400,-14.2800,42.6600,0.716170,44.987238,"-0.04,0.53,0.48,0.24,-14.28,42.66"
1781,2026-08-03T12:27:01.838,71.307564,60.932800,-0.0100,0.5100,0.4100,-0.3700,-12.9400,27.4000,0.654446,30.304133,"-0.01,0.51,0.41,-0.37,-12.94,27.40"
1782,2026-08-03T12:27:01.839,71.308159,0.595000,-0.0600,0.5000,0.3600,-0.9200,-8.1200,6.1000,0.619032,10.197588,"-0.06,0.50,0.36,-0.92,-8.12,6.10"
1783,2026-08-03T12:27:01.897,71.366415,58.255200,-0.1800,0.5500,0.4400,4.3900,13.6700,-34.1200,0.726980,37.017771,"-0.18,0.55,0.44,4.39,13.67,-34.12"
1784,2026-08-03T12:27:01.958,71.427126,60.711800,-0.1700,0.8000,0.7800,-12.5100,54.4400,-85.2700,1.130177,101.937170,"-0.17,0.80,0.78,-12.51,54.44,-85.27"
1785,2026-08-03T12:27:01.959,71.428056,0.930100,-0.0900,1.1200,1.1000,-40.3400,80.4400,-106.4500,1.572419,139.389783,"-0.09,1.12,1.10,-40.34,80.44,-106.45"
1786,2026-08-03T12:27:02.017,71.486175,58.118100,-0.1000,1.2100,1.1100,-18.0100,62.8700,-89.2900,1.645053,110.678368,"-0.10,1.21,1.11,-18.01,62.87,-89.29"
1787,2026-08-03T12:27:02.076,71.545982,59.807500,-0.1500,1.0100,0.8800,34.1200,24.9600,-36.1900,1.347961,55.649727,"-0.15,1.01,0.88,34.12,24.96,-36.19"
1788,2026-08-03T12:27:02.077,71.546524,0.541700,-0.1600,0.7000,0.6100,54.9300,-8.1200,39.7300,0.942178,68.276732,"-0.16,0.70,0.61,54.93,-8.12,39.73"
1789,2026-08-03T12:27:02.136,71.605749,59.225200,-0.1200,0.4700,0.4100,51.2700,-40.1000,82.8200,0.635138,105.336486,"-0.12,0.47,0.41,51.27,-40.10,82.82"
1790,2026-08-03T12:27:02.198,71.667826,62.077300,-0.0800,0.3400,0.2800,56.3400,-71.7800,68.8500,0.447661,114.310483,"-0.08,0.34,0.28,56.34,-71.78,68.85"
1791,2026-08-03T12:27:02.199,71.668628,0.801800,-0.1300,0.2400,0.1900,77.2700,-88.7500,18.2500,0.332566,119.080972,"-0.13,0.24,0.19,77.27,-88.75,18.25"
1792,2026-08-03T12:27:02.257,71.726225,57.597000,-0.3000,0.3100,0.2400,70.1900,-65.4900,-54.3800,0.493660,110.330234,"-0.30,0.31,0.24,70.19,-65.49,-54.38"
1793,2026-08-03T12:27:02.317,71.786253,60.027500,-0.3300,0.7900,0.5700,-31.0100,-4.2700,-101.6200,1.028543,106.331921,"-0.33,0.79,0.57,-31.01,-4.27,-101.62"
1794,2026-08-03T12:27:02.317,71.786919,0.666400,-0.1800,1.3400,1.0000,-162.0500,43.2100,-60.9700,1.681666,178.450686,"-0.18,1.34,1.00,-162.05,43.21,-60.97"
1795,2026-08-03T12:27:02.377,71.846304,59.385000,-0.0700,1.4400,1.1500,-153.0800,43.4600,8.3600,1.844180,159.349137,"-0.07,1.44,1.15,-153.08,43.46,8.36"
1796,2026-08-03T12:27:02.437,71.906999,60.694600,-0.0500,1.1000,1.0200,-31.2500,13.6100,37.7800,1.500966,50.883426,"-0.05,1.10,1.02,-31.25,13.61,37.78"
1797,2026-08-03T12:27:02.438,71.907516,0.517300,-0.0500,0.7200,0.7800,43.1500,-21.4200,49.3200,1.062685,68.943465,"-0.05,0.72,0.78,43.15,-21.42,49.32"
1798,2026-08-03T12:27:02.497,71.966454,58.938000,-0.0800,0.5000,0.5800,38.1500,-46.9400,56.8200,0.769935,82.989749,"-0.08,0.50,0.58,38.15,-46.94,56.82"
1799,2026-08-03T12:27:02.557,72.026999,60.545200,-0.0900,0.4100,0.4300,15.9900,-55.1100,49.5600,0.600916,75.822067,"-0.09,0.41,0.43,15.99,-55.11,49.56"
1800,2026-08-03T12:27:02.558,72.027493,0.494100,-0.1200,0.3400,0.3300,15.5000,-44.5600,23.5000,0.488774,52.707624,"-0.12,0.34,0.33,15.50,-44.56,23.50"
1801,2026-08-03T12:27:02.617,72.086779,59.285900,-0.1800,0.3900,0.3600,12.4500,-12.5100,-11.7200,0.560446,21.186340,"-0.18,0.39,0.36,12.45,-12.51,-11.72"
1802,2026-08-03T12:27:02.676,72.145937,59.157900,-0.1500,0.7000,0.6400,-35.5800,29.1100,-33.0200,0.960260,56.600785,"-0.15,0.70,0.64,-35.58,29.11,-33.02"
1803,2026-08-03T12:27:02.677,72.146849,0.912000,-0.0100,1.1100,0.9800,-84.5300,46.6300,-28.8100,1.480743,100.745689,"-0.01,1.11,0.98,-84.53,46.63,-28.81"
1804,2026-08-03T12:27:02.737,72.206106,59.256900,0.0400,1.2000,1.0500,-44.9200,26.1200,-22.7100,1.595024,56.708067,"0.04,1.20,1.05,-44.92,26.12,-22.71"
1805,2026-08-03T12:27:02.797,72.266360,60.254500,-0.0100,0.9600,0.8500,38.9400,-5.6800,-18.4900,1.282264,43.479491,"-0.01,0.96,0.85,38.94,-5.68,-18.49"
1806,2026-08-03T12:27:02.798,72.267104,0.743800,-0.0600,0.7000,0.6500,66.1600,-22.2800,-0.5500,0.957131,69.812939,"-0.06,0.70,0.65,66.16,-22.28,-0.55"
1807,2026-08-03T12:27:02.857,72.326869,59.764800,-0.0700,0.6200,0.6000,35.2800,-25.8800,23.7400,0.865621,49.779920,"-0.07,0.62,0.60,35.28,-25.88,23.74"
1808,2026-08-03T12:27:02.917,72.386965,60.095900,-0.0600,0.6000,0.5800,1.9500,-28.1400,39.5500,0.836660,48.578438,"-0.06,0.60,0.58,1.95,-28.14,39.55"
1809,2026-08-03T12:27:02.918,72.387783,0.818400,-0.0800,0.5500,0.5100,-2.6900,-28.0200,37.6000,0.754321,46.969314,"-0.08,0.55,0.51,-2.69,-28.02,37.60"
1810,2026-08-03T12:27:02.977,72.446889,59.105700,-0.1500,0.5000,0.4300,1.7700,-14.8900,19.7800,0.676314,24.821229,"-0.15,0.50,0.43,1.77,-14.89,19.78"
1811,2026-08-03T12:27:03.037,72.506573,59.684400,-0.1700,0.6300,0.5500,-20.1400,16.5400,-5.3700,0.853405,26.608797,"-0.17,0.63,0.55,-20.14,16.54,-5.37"
1812,2026-08-03T12:27:03.038,72.507248,0.675100,-0.0500,0.9000,0.9000,-65.5500,48.2200,-15.4400,1.273774,82.827317,"-0.05,0.90,0.90,-65.55,48.22,-15.44"
1813,2026-08-03T12:27:03.097,72.566290,59.041700,0.0700,1.0400,1.1700,-76.6600,47.9700,-6.7100,1.566972,90.680211,"0.07,1.04,1.17,-76.66,47.97,-6.71"
1814,2026-08-03T12:27:03.157,72.626958,60.667500,0.0900,0.9100,1.1200,-32.2300,15.0100,0.4300,1.445891,35.556404,"0.09,0.91,1.12,-32.23,15.01,0.43"
1815,2026-08-03T12:27:03.158,72.627689,0.731800,0.0400,0.6400,0.8700,16.0500,-21.6700,3.3000,1.080787,27.167654,"0.04,0.64,0.87,16.05,-21.67,3.30"
1816,2026-08-03T12:27:03.217,72.686507,58.817000,-0.0100,0.4500,0.5900,36.0100,-41.3800,3.4800,0.742092,54.964851,"-0.01,0.45,0.59,36.01,-41.38,3.48"
1817,2026-08-03T12:27:03.277,72.746334,59.827900,-0.0500,0.3400,0.3900,37.6000,-41.1400,-0.9800,0.519808,55.742443,"-0.05,0.34,0.39,37.60,-41.14,-0.98"
1818,2026-08-03T12:27:03.278,72.747310,0.975800,-0.1300,0.2600,0.2900,35.3400,-24.4100,-13.8500,0.410609,45.128552,"-0.13,0.26,0.29,35.34,-24.41,-13.85"
1819,2026-08-03T12:27:03.397,72.866141,118.830400,-0.2000,0.4000,0.4500,6.0400,9.8300,-33.7500,0.634429,35.667534,"-0.20,0.40,0.45,6.04,9.83,-33.75"
1820,2026-08-03T12:27:03.397,72.866542,0.401300,-0.1700,0.8800,0.8700,-62.1300,49.5000,-37.1100,1.249080,87.678612,"-0.17,0.88,0.87,-62.13,49.50,-37.11"
1821,2026-08-03T12:27:03.398,72.867405,0.862900,-0.0800,1.3000,1.2300,-91.0600,61.3400,-17.4600,1.791452,111.172707,"-0.08,1.30,1.23,-91.06,61.34,-17.46"
1822,2026-08-03T12:27:03.517,72.986413,119.008600,-0.0300,1.2400,1.1800,-29.0500,32.3500,3.3600,1.711987,43.608653,"-0.03,1.24,1.18,-29.05,32.35,3.36"
1823,2026-08-03T12:27:03.577,73.046336,59.922700,-0.0300,0.8600,0.8700,49.5000,-10.3100,20.3900,1.223683,54.518788,"-0.03,0.86,0.87,49.50,-10.31,20.39"
1824,2026-08-03T12:27:03.578,73.047292,0.956300,-0.0100,0.5300,0.6200,68.4800,-37.6600,41.0200,0.815721,88.263392,"-0.01,0.53,0.62,68.48,-37.66,41.02"
1825,2026-08-03T12:27:03.578,73.047924,0.632100,0.0100,0.3300,0.5000,48.2200,-47.0600,56.0300,0.599166,87.630890,"0.01,0.33,0.50,48.22,-47.06,56.03"
1826,2026-08-03T12:27:03.637,73.106657,58.732200,-0.0100,0.1800,0.4200,37.5400,-46.5700,48.4000,0.457056,76.945283,"-0.01,0.18,0.42,37.54,-46.57,48.40"
1827,2026-08-03T12:27:03.638,73.107243,0.586200,-0.1100,0.1600,0.3900,31.3100,-35.2200,14.8900,0.435660,49.421418,"-0.11,0.16,0.39,31.31,-35.22,14.89"
1828,2026-08-03T12:27:03.697,73.166158,58.915000,-0.2100,0.5400,0.5600,-6.8400,-4.2100,-31.1900,0.805792,32.207543,"-0.21,0.54,0.56,-6.84,-4.21,-31.19"
1829,2026-08-03T12:27:03.757,73.226574,60.415800,-0.1800,1.2000,0.9000,-57.6800,42.6600,-70.8600,1.510761,100.836489,"-0.18,1.20,0.90,-57.68,42.66,-70.86"
1830,2026-08-03T12:27:03.758,73.227341,0.767400,-0.1200,1.4800,1.1200,-57.9200,79.1000,-85.8200,1.859892,130.294316,"-0.12,1.48,1.12,-57.92,79.10,-85.82"
1831,2026-08-03T12:27:03.817,73.286349,59.008100,-0.0900,1.1900,1.0800,-12.0800,77.7000,-56.2100,1.609534,96.658060,"-0.09,1.19,1.08,-12.08,77.70,-56.21"
1832,2026-08-03T12:27:03.878,73.347487,61.138300,-0.0400,0.7700,0.9400,26.3100,33.8700,7.6300,1.215771,43.561564,"-0.04,0.77,0.94,26.31,33.87,7.63"
1833,2026-08-03T12:27:03.879,73.348120,0.632200,-0.0300,0.5200,0.7600,42.8500,-28.8700,64.1500,0.921358,82.370030,"-0.03,0.52,0.76,42.85,-28.87,64.15"
1834,2026-08-03T12:27:03.937,73.406605,58.485100,-0.0400,0.3900,0.5600,35.0300,-88.2000,85.0200,0.683593,127.415624,"-0.04,0.39,0.56,35.03,-88.20,85.02"
1835,2026-08-03T12:27:03.997,73.466337,59.732200,-0.0400,0.2800,0.3800,-3.6600,-132.2600,75.7400,0.473709,152.455406,"-0.04,0.28,0.38,-3.66,-132.26,75.74"
1836,2026-08-03T12:27:03.997,73.466805,0.467700,-0.0900,0.2200,0.2500,-37.7200,-128.9700,44.3100,0.344964,141.490054,"-0.09,0.22,0.25,-37.72,-128.97,44.31"
1837,2026-08-03T12:27:04.057,73.526477,59.672200,-0.1500,0.3700,0.3100,-35.4600,-54.9900,-12.4500,0.505470,66.605662,"-0.15,0.37,0.31,-35.46,-54.99,-12.45"
1838,2026-08-03T12:27:04.117,73.586406,59.929400,-0.1300,0.9400,0.6200,10.9900,49.7400,-66.4700,1.133534,83.744305,"-0.13,0.94,0.62,10.99,49.74,-66.47"
1839,2026-08-03T12:27:04.117,73.586611,0.204400,-0.0100,1.5600,0.8700,76.6600,118.7100,-86.7300,1.786225,165.803838,"-0.01,1.56,0.87,76.66,118.71,-86.73"
1840,2026-08-03T12:27:04.177,73.646553,59.942600,0.1600,1.5900,1.0400,88.7500,117.7400,-59.4500,1.906646,158.976642,"0.16,1.59,1.04,88.75,117.74,-59.45"
1841,2026-08-03T12:27:04.237,73.706421,59.868000,0.1800,1.1800,1.0000,81.9700,41.1400,5.7400,1.557177,91.894114,"0.18,1.18,1.00,81.97,41.14,5.74"
1842,2026-08-03T12:27:04.238,73.707294,0.872400,0.0500,0.7800,0.6700,94.9700,-58.8400,65.6700,1.029466,129.591649,"0.05,0.78,0.67,94.97,-58.84,65.67"
1843,2026-08-03T12:27:04.357,73.826107,118.813100,-0.0000,0.5000,0.4600,69.4000,-119.3200,102.8400,0.679412,172.132763,"-0.00,0.50,0.46,69.40,-119.32,102.84"
1844,2026-08-03T12:27:04.357,73.826736,0.629100,-0.0300,0.2900,0.2800,18.2500,-127.8700,107.3000,0.404228,167.919890,"-0.03,0.29,0.28,18.25,-127.87,107.30"
1845,2026-08-03T12:27:04.358,73.827464,0.728400,-0.0900,0.1700,0.1500,-26.6700,-78.7400,61.9500,0.243926,103.677765,"-0.09,0.17,0.15,-26.67,-78.74,61.95"
1846,2026-08-03T12:27:04.477,73.946122,118.657700,-0.1200,0.5300,0.2800,-58.8400,15.9300,-32.8400,0.611310,69.241433,"-0.12,0.53,0.28,-58.84,15.93,-32.84"
1847,2026-08-03T12:27:04.477,73.946908,0.785600,-0.1200,1.2300,0.5000,-21.1800,100.3400,-145.1400,1.333154,177.714174,"-0.12,1.23,0.50,-21.18,100.34,-145.14"
1848,2026-08-03T12:27:04.478,73.947570,0.662900,-0.1100,1.6500,0.6200,69.1500,112.6100,-190.0000,1.766069,231.436243,"-0.11,1.65,0.62,69.15,112.61,-190.00"
1849,2026-08-03T12:27:04.536,74.005978,58.407900,-0.0800,1.6000,0.5900,75.8700,53.4100,-113.9500,1.707191,146.947227,"-0.08,1.60,0.59,75.87,53.41,-113.95"
1850,2026-08-03T12:27:04.597,74.066675,60.696400,-0.0200,1.2000,0.5000,-5.3100,-20.5100,20.2600,1.300154,29.314225,"-0.02,1.20,0.50,-5.31,-20.51,20.26"
1851,2026-08-03T12:27:04.598,74.067052,0.376800,0.0500,0.7700,0.4800,-39.0600,-76.4200,111.5700,0.908735,140.760665,"0.05,0.77,0.48,-39.06,-76.42,111.57"
1852,2026-08-03T12:27:04.657,74.126537,59.485400,0.0600,0.5000,0.3900,-0.6100,-107.3600,136.2900,0.636946,173.497855,"0.06,0.50,0.39,-0.61,-107.36,136.29"
1853,2026-08-03T12:27:04.837,74.306791,180.254300,0.0100,0.2600,0.2200,20.5700,-96.8000,121.0900,0.340735,156.384632,"0.01,0.26,0.22,20.57,-96.80,121.09"
1854,2026-08-03T12:27:04.838,74.307657,0.865400,-0.0800,0.1000,0.1500,-19.7100,-46.1400,69.4600,0.197231,85.685911,"-0.08,0.10,0.15,-19.71,-46.14,69.46"
1855,2026-08-03T12:27:04.839,74.308350,0.693400,-0.1500,0.4300,0.2700,-60.4900,26.6700,-27.8300,0.529434,71.727525,"-0.15,0.43,0.27,-60.49,26.67,-27.83"
1856,2026-08-03T12:27:04.840,74.309148,0.798100,-0.1400,1.1900,0.5400,-23.9900,87.4000,-135.3800,1.314268,162.917232,"-0.14,1.19,0.54,-23.99,87.40,-135.38"
1857,2026-08-03T12:27:04.840,74.309961,0.812900,-0.0200,1.7500,0.7900,28.5600,89.7800,-167.1100,1.920156,191.838146,"-0.02,1.75,0.79,28.56,89.78,-167.11"
1858,2026-08-03T12:27:04.897,74.366073,56.111500,0.0700,1.7500,0.8300,6.4700,39.7900,-80.7500,1.938118,90.253352,"0.07,1.75,0.83,6.47,39.79,-80.75"
1859,2026-08-03T12:27:04.957,74.426664,60.590900,0.1100,1.3300,0.7200,-19.4100,-19.5900,36.0100,1.516377,45.356767,"0.11,1.33,0.72,-19.41,-19.59,36.01"
1860,2026-08-03T12:27:04.958,74.427980,1.317000,0.0900,0.9200,0.5800,12.3900,-60.4900,90.2100,1.091284,109.317868,"0.09,0.92,0.58,12.39,-60.49,90.21"
1861,2026-08-03T12:27:05.017,74.486239,58.258300,0.0400,0.6300,0.4000,35.9500,-72.0200,95.7000,0.747329,125.051081,"0.04,0.63,0.40,35.95,-72.02,95.70"
1862,2026-08-03T12:27:05.137,74.606606,120.367200,-0.0000,0.4200,0.2500,21.0000,-59.0200,86.0000,0.488774,106.397182,"-0.00,0.42,0.25,21.00,-59.02,86.00"
1863,2026-08-03T12:27:05.138,74.607600,0.994100,-0.0400,0.2500,0.1500,9.9500,-33.0200,61.8900,0.294279,70.849806,"-0.04,0.25,0.15,9.95,-33.02,61.89"
1864,2026-08-03T12:27:05.139,74.608212,0.612200,-0.1000,0.2100,0.1600,11.1700,-1.3400,13.0600,0.282312,17.237404,"-0.10,0.21,0.16,11.17,-1.34,13.06"
1865,2026-08-03T12:27:05.197,74.666675,58.462900,-0.1100,0.5600,0.3100,6.7700,34.1800,-54.9300,0.649461,65.049291,"-0.11,0.56,0.31,6.77,34.18,-54.93"
1866,2026-08-03T12:27:05.198,74.667551,0.875300,-0.0300,1.2300,0.5500,2.8100,58.7200,-109.2500,1.347702,124.062472,"-0.03,1.23,0.55,2.81,58.72,-109.25"
1867,2026-08-03T12:27:05.257,74.726259,58.708500,0.1000,1.7400,0.7000,-8.1200,53.7100,-100.9500,1.878191,114.636822,"0.10,1.74,0.70,-8.12,53.71,-100.95"
1868,2026-08-03T12:27:05.317,74.786138,59.878600,0.1700,1.6500,0.6700,-22.7100,27.4700,-32.5900,1.788938,48.295477,"0.17,1.65,0.67,-22.71,27.47,-32.59"
1869,2026-08-03T12:27:05.317,74.786693,0.555000,0.1700,1.2000,0.5900,-6.7700,-0.9800,32.1000,1.347961,32.820775,"0.17,1.20,0.59,-6.77,-0.98,32.10"
1870,2026-08-03T12:27:05.496,74.965986,179.293900,0.1300,0.8300,0.5000,26.1800,-24.4800,62.0700,0.977650,71.675294,"0.13,0.83,0.50,26.18,-24.48,62.07"
1871,2026-08-03T12:27:05.497,74.966827,0.840400,0.0600,0.6000,0.3600,33.2600,-36.6800,70.7400,0.702282,86.346961,"0.06,0.60,0.36,33.26,-36.68,70.74"
1872,2026-08-03T12:27:05.498,74.967230,0.403400,-0.0100,0.4300,0.2500,20.3200,-34.0000,63.1100,0.497494,74.510231,"-0.01,0.43,0.25,20.32,-34.00,63.11"
1873,2026-08-03T12:27:05.498,74.967714,0.483300,-0.0700,0.3600,0.2100,9.0900,-20.2000,33.3900,0.422611,40.069442,"-0.07,0.36,0.21,9.09,-20.20,33.39"
1874,2026-08-03T12:27:05.557,75.026744,59.030400,-0.0900,0.5800,0.2500,-10.0700,5.8600,-14.1000,0.637966,18.290831,"-0.09,0.58,0.25,-10.07,5.86,-14.10"
1875,2026-08-03T12:27:05.558,75.027292,0.547600,-0.0300,1.0200,0.4000,-31.4900,37.9600,-56.8200,1.096038,75.240243,"-0.03,1.02,0.40,-31.49,37.96,-56.82"
1876,2026-08-03T12:27:05.617,75.086311,59.019800,0.0800,1.3700,0.5900,-34.7300,55.4200,-69.2700,1.493787,95.267425,"0.08,1.37,0.59,-34.73,55.42,-69.27"
1877,2026-08-03T12:27:05.677,75.146643,60.332100,0.1600,1.3900,0.6800,-28.0800,45.5900,-41.4400,1.555667,67.706780,"0.16,1.39,0.68,-28.08,45.59,-41.44"
1878,2026-08-03T12:27:05.678,75.147302,0.658500,0.1700,1.1500,0.6300,-14.0400,16.9700,3.8500,1.322233,22.359003,"0.17,1.15,0.63,-14.04,16.97,3.85"
1879,2026-08-03T12:27:05.797,75.266483,119.180700,0.1300,0.8800,0.5300,10.0100,-12.1500,33.2000,1.035471,36.743198,"0.13,0.88,0.53,10.01,-12.15,33.20"
1880,2026-08-03T12:27:05.856,75.325594,59.111100,0.0700,0.7200,0.4200,27.1000,-31.6200,43.0900,0.836481,59.924807,"0.07,0.72,0.42,27.10,-31.62,43.09"
1881,2026-08-03T12:27:05.857,75.326432,0.838000,0.0000,0.5900,0.2900,28.2000,-38.3900,40.1600,0.657419,62.304556,"0.00,0.59,0.29,28.20,-38.39,40.16"
1882,2026-08-03T12:27:05.857,75.326739,0.307200,-0.0600,0.5100,0.2200,18.4300,-27.4000,21.9700,0.558659,39.662398,"-0.06,0.51,0.22,18.43,-27.40,21.97"
1883,2026-08-03T12:27:06.038,75.507399,180.660300,-0.1000,0.5700,0.2400,-4.6400,1.2800,-10.0700,0.626498,11.161223,"-0.10,0.57,0.24,-4.64,1.28,-10.07"
1884,2026-08-03T12:27:06.039,75.508735,1.335800,-0.0800,0.8400,0.3500,-32.1000,40.7700,-46.6900,0.913510,69.803718,"-0.08,0.84,0.35,-32.10,40.77,-46.69"
1885,2026-08-03T12:27:06.040,75.509773,1.037500,-0.0200,1.1900,0.5500,-38.1500,72.0200,-65.9200,1.311106,104.822466,"-0.02,1.19,0.55,-38.15,72.02,-65.92"
1886,2026-08-03T12:27:06.041,75.511011,1.238900,0.0600,1.3700,0.6900,-23.3800,70.9800,-47.3000,1.535122,88.442494,"0.06,1.37,0.69,-23.38,70.98,-47.30"
1887,2026-08-03T12:27:06.042,75.511886,0.874500,0.0900,1.3000,0.7100,-6.0400,39.6700,-3.8500,1.483981,40.311450,"0.09,1.30,0.71,-6.04,39.67,-3.85"
1888,2026-08-03T12:27:06.156,75.625997,114.110900,0.0900,1.1000,0.6300,12.0200,-0.3100,34.3600,1.270827,36.403106,"0.09,1.10,0.63,12.02,-0.31,34.36"
1889,2026-08-03T12:27:06.157,75.626483,0.486100,0.0600,0.8800,0.5100,27.7100,-30.4600,56.2700,1.018872,69.727818,"0.06,0.88,0.51,27.71,-30.46,56.27"
1890,2026-08-03T12:27:06.158,75.627545,1.061800,0.0300,0.6700,0.3900,32.4700,-41.8100,63.7200,0.775822,82.840904,"0.03,0.67,0.39,32.47,-41.81,63.72"
1891,2026-08-03T12:27:06.337,75.807007,179.462000,0.0000,0.5000,0.2900,29.2400,-38.4500,53.7700,0.578014,72.281346,"0.00,0.50,0.29,29.24,-38.45,53.77"
1892,2026-08-03T12:27:06.338,75.807752,0.745100,-0.0400,0.4100,0.2300,19.5900,-25.2700,25.7000,0.471805,41.022323,"-0.04,0.41,0.23,19.59,-25.27,25.70"
1893,2026-08-03T12:27:06.339,75.808275,0.523400,-0.1000,0.5400,0.2500,-5.0000,0.2400,-14.8900,0.603407,15.708905,"-0.10,0.54,0.25,-5.00,0.24,-14.89"
1894,2026-08-03T12:27:06.340,75.809264,0.988800,-0.0800,0.9400,0.3900,-36.9300,34.4200,-53.7700,1.020833,73.754825,"-0.08,0.94,0.39,-36.93,34.42,-53.77"
1895,2026-08-03T12:27:06.457,75.926574,117.309600,0.0100,1.3400,0.5900,-51.1500,56.4000,-69.8900,1.464172,103.353252,"0.01,1.34,0.59,-51.15,56.40,-69.89"
1896,2026-08-03T12:27:06.458,75.927365,0.791700,0.0900,1.4600,0.7100,-37.7800,46.4500,-51.0900,1.625977,78.709078,"0.09,1.46,0.71,-37.78,46.45,-51.09"
1897,2026-08-03T12:27:06.459,75.928031,0.665700,0.1000,1.2800,0.6800,-9.5200,11.9000,-11.9600,1.452859,19.372197,"0.10,1.28,0.68,-9.52,11.90,-11.96"
1898,2026-08-03T12:27:06.577,76.046288,118.256700,0.0700,1.0000,0.5700,14.8300,-22.0900,23.6200,1.153170,35.578103,"0.07,1.00,0.57,14.83,-22.09,23.62"
1899,2026-08-03T12:27:06.577,76.046823,0.534800,0.0300,0.7600,0.4500,21.0000,-41.2000,43.8800,0.883742,63.748682,"0.03,0.76,0.45,21.00,-41.20,43.88"
1900,2026-08-03T12:27:06.578,76.047452,0.629200,0.0000,0.5400,0.3600,9.8900,-47.4200,48.3400,0.648999,68.434086,"0.00,0.54,0.36,9.89,-47.42,48.34"
1901,2026-08-03T12:27:06.639,76.108182,60.730000,-0.0200,0.3500,0.2900,-4.2700,-44.2500,41.3800,0.454973,60.733844,"-0.02,0.35,0.29,-4.27,-44.25,41.38"
1902,2026-08-03T12:27:06.643,76.112072,3.890200,-0.0800,0.3000,0.2600,-14.8900,-28.6900,21.9700,0.404969,39.083361,"-0.08,0.30,0.26,-14.89,-28.69,21.97"
1903,2026-08-03T12:27:06.697,76.166174,54.101800,-0.1000,0.5700,0.3700,-27.5300,2.5000,-12.3900,0.686877,30.292953,"-0.10,0.57,0.37,-27.53,2.50,-12.39"
1904,2026-08-03T12:27:06.764,76.233913,67.739300,-0.0100,1.1200,0.6000,-37.1100,37.5400,-46.0800,1.270630,70.069752,"-0.01,1.12,0.60,-37.11,37.54,-46.08"
1905,2026-08-03T12:27:06.769,76.238381,4.468000,0.1200,1.5100,0.8400,-33.8100,54.5000,-57.9200,1.732080,86.418126,"0.12,1.51,0.84,-33.81,54.50,-57.92"
1906,2026-08-03T12:27:06.816,76.285937,47.556000,0.1900,1.4600,0.8800,-17.7000,35.6400,-31.6800,1.715255,50.863759,"0.19,1.46,0.88,-17.70,35.64,-31.68"
1907,2026-08-03T12:27:06.884,76.353713,67.776100,0.1700,1.1500,0.7100,4.9400,-5.4300,15.7500,1.362167,17.376737,"0.17,1.15,0.71,4.94,-5.43,15.75"
1908,2026-08-03T12:27:06.894,76.363690,9.976900,0.1100,0.8200,0.5100,28.6900,-36.0100,44.1300,0.971905,63.775333,"0.11,0.82,0.51,28.69,-36.01,44.13"
1909,2026-08-03T12:27:06.944,76.413090,49.399600,0.0300,0.5600,0.3500,41.0800,-45.7200,49.0700,0.661060,78.649537,"0.03,0.56,0.35,41.08,-45.72,49.07"
1910,2026-08-03T12:27:07.005,76.474864,61.774000,-0.0400,0.3700,0.2400,36.9900,-39.6100,39.5500,0.442832,67.092583,"-0.04,0.37,0.24,36.99,-39.61,39.55"
1911,2026-08-03T12:27:07.013,76.482583,7.719000,-0.1300,0.3000,0.2000,22.8900,-20.0200,11.7200,0.383275,32.590043,"-0.13,0.30,0.20,22.89,-20.02,11.72"
1912,2026-08-03T12:27:07.062,76.531074,48.491400,-0.1600,0.5700,0.3000,-4.8200,16.2400,-29.6600,0.663702,34.156780,"-0.16,0.57,0.30,-4.82,16.24,-29.66"
1913,2026-08-03T12:27:07.117,76.586807,55.733400,-0.0600,1.1300,0.5600,-38.0900,58.1100,-54.6300,1.262577,88.385842,"-0.06,1.13,0.56,-38.09,58.11,-54.63"
1914,2026-08-03T12:27:07.118,76.587475,0.667700,0.1000,1.5000,0.7900,-48.7700,71.2900,-43.6400,1.698264,96.774101,"0.10,1.50,0.79,-48.77,71.29,-43.64"
1915,2026-08-03T12:27:07.181,76.650219,62.743400,0.1700,1.4100,0.8200,-28.2000,43.9500,-13.5500,1.639939,53.948540,"0.17,1.41,0.82,-28.20,43.95,-13.55"
1916,2026-08-03T12:27:07.297,76.766537,116.318700,0.1600,1.0900,0.7100,2.3200,3.9100,14.5300,1.310649,15.224697,"0.16,1.09,0.71,2.32,3.91,14.53"
1917,2026-08-03T12:27:07.298,76.767631,1.093500,0.0900,0.7800,0.5600,24.9000,-25.6300,32.8400,0.964417,48.532180,"0.09,0.78,0.56,24.90,-25.63,32.84"
1918,2026-08-03T12:27:07.299,76.768207,0.576400,0.0200,0.5500,0.4200,34.2400,-39.3100,38.0900,0.692315,64.563936,"0.02,0.55,0.42,34.24,-39.31,38.09"
1919,2026-08-03T12:27:07.357,76.826254,58.047200,-0.0400,0.3900,0.2900,33.8100,-38.8800,29.6000,0.487647,59.421633,"-0.04,0.39,0.29,33.81,-38.88,29.60"
1920,2026-08-03T12:27:07.416,76.885950,59.695900,-0.1300,0.3300,0.2300,26.8600,-25.4500,6.5300,0.422729,37.573967,"-0.13,0.33,0.23,26.86,-25.45,6.53"
1921,2026-08-03T12:27:07.417,76.886525,0.575000,-0.1900,0.5400,0.3200,-0.9800,5.1300,-28.6300,0.655820,29.102478,"-0.19,0.54,0.32,-0.98,5.13,-28.63"
1922,2026-08-03T12:27:07.597,77.066136,179.610400,-0.1200,1.0700,0.5600,-48.8900,45.4100,-57.4300,1.213631,88.036953,"-0.12,1.07,0.56,-48.89,45.41,-57.43"
1923,2026-08-03T12:27:07.598,77.067158,1.021900,0.0100,1.4900,0.8000,-72.7500,64.6400,-62.6800,1.691213,115.756963,"0.01,1.49,0.80,-72.75,64.64,-62.68"
1924,2026-08-03T12:27:07.598,77.067607,0.449700,0.1000,1.4500,0.8500,-43.4000,42.6000,-44.0700,1.683746,75.103162,"0.10,1.45,0.85,-43.40,42.60,-44.07"
1925,2026-08-03T12:27:07.599,77.068057,0.449900,0.0900,1.1400,0.7500,5.5500,-0.8500,-4.7600,1.367553,7.360883,"0.09,1.14,0.75,5.55,-0.85,-4.76"
1926,2026-08-03T12:27:07.599,77.068512,0.454800,0.0500,0.8200,0.5900,33.2600,-36.5000,40.5300,1.011435,63.883946,"0.05,0.82,0.59,33.26,-36.50,40.53"
1927,2026-08-03T12:27:07.657,77.126182,57.670200,0.0100,0.5900,0.4500,40.2800,-53.4100,65.9800,0.742092,93.959922,"0.01,0.59,0.45,40.28,-53.41,65.98"
1928,2026-08-03T12:27:07.777,77.246656,120.474200,0.0000,0.5200,0.3600,37.6000,-56.1500,66.3500,0.632456,94.704303,"0.00,0.52,0.36,37.60,-56.15,66.35"
1929,2026-08-03T12:27:07.778,77.247530,0.873800,-0.0100,0.5200,0.3000,28.0800,-51.3900,51.0900,0.600417,77.714906,"-0.01,0.52,0.30,28.08,-51.39,51.09"
1930,2026-08-03T12:27:07.779,77.248086,0.555900,-0.0200,0.6000,0.3100,13.0000,-32.8400,16.0500,0.675648,38.795207,"-0.02,0.60,0.31,13.00,-32.84,16.05"
1931,2026-08-03T12:27:07.837,77.306093,58.006800,0.0200,0.8600,0.4200,-2.8700,-3.9700,-24.2900,0.957288,24.779062,"0.02,0.86,0.42,-2.87,-3.97,-24.29"
1932,2026-08-03T12:27:07.837,77.306466,0.373000,0.0800,1.1000,0.5400,-10.4400,13.1800,-40.3400,1.228007,43.703794,"0.08,1.10,0.54,-10.44,13.18,-40.34"
1933,2026-08-03T12:27:07.957,77.426104,119.638400,0.1200,1.1600,0.6000,-8.9100,12.1500,-34.1200,1.311488,37.298592,"0.12,1.16,0.60,-8.91,12.15,-34.12"
1934,2026-08-03T12:27:07.957,77.427012,0.907700,0.1300,1.0900,0.5900,-5.7400,2.2600,-18.4900,1.246234,19.491929,"0.13,1.09,0.59,-5.74,2.26,-18.49"
1935,2026-08-03T12:27:07.958,77.427383,0.371400,0.1100,0.9400,0.5200,-0.3100,-10.5000,-2.5600,1.079861,10.812016,"0.11,0.94,0.52,-0.31,-10.50,-2.56"
1936,2026-08-03T12:27:08.136,77.605824,178.440500,0.0600,0.7700,0.4200,7.9300,-19.5900,6.0400,0.879147,21.980323,"0.06,0.77,0.42,7.93,-19.59,6.04"
1937,2026-08-03T12:27:08.137,77.606331,0.507100,0.0100,0.6400,0.3200,10.5000,-16.8500,6.2300,0.715612,20.808301,"0.01,0.64,0.32,10.50,-16.85,6.23"
1938,2026-08-03T12:27:08.138,77.607167,0.835900,0.0000,0.6900,0.3500,0.5500,2.9900,-3.1700,0.773692,4.392209,"0.00,0.69,0.35,0.55,2.99,-3.17"
1939,2026-08-03T12:27:08.138,77.607981,0.814100,0.0500,0.9600,0.5200,-16.4200,20.5700,-8.0600,1.092932,27.526440,"0.05,0.96,0.52,-16.42,20.57,-8.06"
1940,2026-08-03T12:27:08.197,77.666556,58.575300,0.1000,1.1500,0.6100,-18.9800,11.1100,-0.8500,1.305603,22.008975,"0.10,1.15,0.61,-18.98,11.11,-0.85"
1941,2026-08-03T12:27:08.197,77.666703,0.146800,0.1200,1.0900,0.5600,-0.8500,-10.9300,7.6300,1.231300,13.356807,"0.12,1.09,0.56,-0.85,-10.93,7.63"
1942,2026-08-03T12:27:08.317,77.786385,119.682300,0.1100,0.8900,0.4700,16.3000,-20.2600,15.2600,1.012472,30.150045,"0.11,0.89,0.47,16.30,-20.26,15.26"
1943,2026-08-03T12:27:08.317,77.786924,0.538900,0.0700,0.7100,0.3700,22.0900,-13.3700,18.3100,0.803679,31.654085,"0.07,0.71,0.37,22.09,-13.37,18.31"
1944,2026-08-03T12:27:08.319,77.788136,1.212200,0.0500,0.6600,0.3400,16.8500,-0.6700,13.3100,0.744110,21.483191,"0.05,0.66,0.34,16.85,-0.67,13.31"
1945,2026-08-03T12:27:08.377,77.846187,58.050400,0.0500,0.7600,0.3800,3.2300,8.9700,2.9900,0.851176,9.991692,"0.05,0.76,0.38,3.23,8.97,2.99"
1946,2026-08-03T12:27:08.437,77.906147,59.959800,0.0500,0.9100,0.4400,-8.2400,19.1000,-8.4800,1.012028,22.463704,"0.05,0.91,0.44,-8.24,19.10,-8.48"
1947,2026-08-03T12:27:08.437,77.906950,0.803200,0.0700,1.0000,0.4900,-11.5400,26.0600,-10.5600,1.115796,30.394223,"0.07,1.00,0.49,-11.54,26.06,-10.56"
1948,2026-08-03T12:27:08.497,77.966408,59.458600,0.0800,0.9600,0.5000,-10.3800,21.4800,-2.2000,1.085357,23.957771,"0.08,0.96,0.50,-10.38,21.48,-2.20"
1949,2026-08-03T12:27:08.557,78.026202,59.793700,0.0900,0.8800,0.5000,-10.3800,10.2500,5.4900,1.016120,15.586757,"0.09,0.88,0.50,-10.38,10.25,5.49"
1950,2026-08-03T12:27:08.557,78.026949,0.747100,0.1000,0.8300,0.5100,-10.1300,0.6700,7.3200,0.979285,12.515918,"0.10,0.83,0.51,-10.13,0.67,7.32"
1951,2026-08-03T12:27:08.617,78.086397,59.448100,0.0900,0.8300,0.5000,-5.7400,-0.9200,6.6500,0.973139,8.832695,"0.09,0.83,0.50,-5.74,-0.92,6.65"
1952,2026-08-03T12:27:08.977,78.446585,360.187800,0.0700,0.8700,0.4700,0.6100,8.2400,9.7000,0.991312,12.742045,"0.07,0.87,0.47,0.61,8.24,9.70"
1953,2026-08-03T12:27:08.978,78.447137,0.551700,0.0600,0.9000,0.4300,7.3900,21.7900,16.9100,0.999250,28.554585,"0.06,0.90,0.43,7.39,21.79,16.91"
1954,2026-08-03T12:27:08.978,78.447552,0.415600,0.0500,0.8700,0.4200,2.5600,39.1800,28.5600,0.967368,48.552030,"0.05,0.87,0.42,2.56,39.18,28.56"
1955,2026-08-03T12:27:08.979,78.448308,0.755500,0.0400,0.8000,0.4800,-23.6800,60.6700,43.0900,0.933809,78.091865,"0.04,0.80,0.48,-23.68,60.67,43.09"
1956,2026-08-03T12:27:08.979,78.448890,0.582100,0.0400,0.6700,0.6500,-50.4200,76.1700,47.7900,0.934345,103.091849,"0.04,0.67,0.65,-50.42,76.17,47.79"
1957,2026-08-03T12:27:08.980,78.449479,0.589200,0.0700,0.5400,0.8900,-63.2900,72.8100,30.0300,1.043360,101.038216,"0.07,0.54,0.89,-63.29,72.81,30.03"
1958,2026-08-03T12:27:08.981,78.450104,0.624500,0.0800,0.4700,0.9800,-42.4200,36.3800,-10.9900,1.089816,56.953849,"0.08,0.47,0.98,-42.42,36.38,-10.99"
1959,2026-08-03T12:27:08.981,78.450807,0.703400,-0.0000,0.4400,0.8200,15.6200,-24.1100,-57.0700,0.930591,63.892577,"-0.00,0.44,0.82,15.62,-24.11,-57.07"
1960,2026-08-03T12:27:08.982,78.451717,0.909600,-0.1300,0.5500,0.5800,50.9000,-73.4900,-90.1500,0.809815,126.959098,"-0.13,0.55,0.58,50.90,-73.49,-90.15"
1961,2026-08-03T12:27:09.097,78.566543,114.825900,-0.2100,0.8600,0.3600,19.7800,-87.5200,-99.6100,0.955667,134.063981,"-0.21,0.86,0.36,19.78,-87.52,-99.61"
1962,2026-08-03T12:27:09.097,78.566725,0.182800,-0.2700,1.2500,0.1000,-16.5400,-77.5100,-96.2500,1.282731,124.681331,"-0.27,1.25,0.10,-16.54,-77.51,-96.25"
1963,2026-08-03T12:27:09.098,78.567104,0.378700,-0.2700,1.6300,-0.1100,-2.6900,-51.8800,-96.6200,1.655868,109.700478,"-0.27,1.63,-0.11,-2.69,-51.88,-96.62"
1964,2026-08-03T12:27:09.277,78.746196,179.091600,-0.1900,1.7300,-0.1000,5.3700,3.5400,-63.6000,1.743273,63.924397,"-0.19,1.73,-0.10,5.37,3.54,-63.60"
1965,2026-08-03T12:27:09.337,78.805858,59.661800,-0.1600,1.4800,0.0600,-1.5300,74.5200,11.8400,1.489832,75.470239,"-0.16,1.48,0.06,-1.53,74.52,11.84"
1966,2026-08-03T12:27:09.337,78.806496,0.638200,-0.1600,1.2000,0.2900,14.9500,127.0100,75.6200,1.244869,148.571286,"-0.16,1.20,0.29,14.95,127.01,75.62"
1967,2026-08-03T12:27:09.337,78.806954,0.458000,-0.2200,0.9500,0.4700,35.1600,145.6300,110.0500,1.082497,185.890626,"-0.22,0.95,0.47,35.16,145.63,110.05"
1968,2026-08-03T12:27:09.338,78.807564,0.610000,-0.2900,0.6500,0.7400,26.4300,142.2700,121.8900,1.026742,189.199550,"-0.29,0.65,0.74,26.43,142.27,121.89"
1969,2026-08-03T12:27:09.339,78.808210,0.646300,-0.2600,0.3300,1.1400,-9.0300,125.3700,103.3900,1.214949,162.753402,"-0.26,0.33,1.14,-9.03,125.37,103.39"
1970,2026-08-03T12:27:09.397,78.866548,58.338200,-0.2200,0.1200,1.3600,-28.0200,86.1200,62.3800,1.382896,109.968355,"-0.22,0.12,1.36,-28.02,86.12,62.38"
1971,2026-08-03T12:27:09.398,78.867113,0.564800,-0.2000,0.1500,1.3700,-18.6800,33.8700,17.0900,1.392623,42.286965,"-0.20,0.15,1.37,-18.68,33.87,17.09"
1972,2026-08-03T12:27:09.457,78.926362,59.248800,-0.2000,0.3700,1.2400,-10.6200,-18.4300,-24.1700,1.309389,32.196866,"-0.20,0.37,1.24,-10.62,-18.43,-24.17"
1973,2026-08-03T12:27:09.517,78.986540,60.178600,-0.2500,0.7300,0.9700,-2.0800,-66.1600,-56.5800,1.239476,87.079093,"-0.25,0.73,0.97,-2.08,-66.16,-56.58"
1974,2026-08-03T12:27:09.518,78.987451,0.910400,-0.2800,1.0400,0.6500,10.1300,-98.5700,-71.1700,1.257975,121.999306,"-0.28,1.04,0.65,10.13,-98.57,-71.17"
1975,2026-08-03T12:27:09.577,79.046494,59.043300,-0.2700,1.1400,0.3000,16.3000,-113.5900,-67.2600,1.209339,133.012352,"-0.27,1.14,0.30,16.30,-113.59,-67.26"
1976,2026-08-03T12:27:09.757,79.226531,180.037200,-0.2400,1.1000,-0.0500,16.5400,-114.9900,-56.4600,1.126987,129.166572,"-0.24,1.10,-0.05,16.54,-114.99,-56.46"
1977,2026-08-03T12:27:09.758,79.227034,0.503000,-0.1900,1.0300,-0.2700,10.6200,-98.6300,-43.1500,1.081619,108.178481,"-0.19,1.03,-0.27,10.62,-98.63,-43.15"
1978,2026-08-03T12:27:09.758,79.227959,0.924500,-0.1300,0.9500,-0.2000,-3.1700,-58.4100,-22.4000,0.979490,62.638143,"-0.13,0.95,-0.20,-3.17,-58.41,-22.40"
1979,2026-08-03T12:27:09.760,79.229099,1.140600,-0.0500,0.9400,0.1300,-19.0400,-4.0900,0.6100,0.950263,19.483886,"-0.05,0.94,0.13,-19.04,-4.09,0.61"
1980,2026-08-03T12:27:09.760,79.229849,0.749900,0.0400,1.1100,0.5500,-28.2000,34.3600,15.0800,1.239435,46.938854,"0.04,1.11,0.55,-28.20,34.36,15.08"
1981,2026-08-03T12:27:09.817,79.286689,56.839700,0.0900,1.3800,0.9100,-36.1900,33.9400,32.4100,1.655476,59.262533,"0.09,1.38,0.91,-36.19,33.94,32.41"
1982,2026-08-03T12:27:09.877,79.346078,59.389200,0.0500,1.4900,1.0000,-38.2700,2.0100,65.0000,1.795160,75.456166,"0.05,1.49,1.00,-38.27,2.01,65.00"
1983,2026-08-03T12:27:09.937,79.406152,60.073600,-0.0300,1.3100,0.8700,-26.2500,-34.7300,107.3000,1.572864,115.795187,"-0.03,1.31,0.87,-26.25,-34.73,107.30"
1984,2026-08-03T12:27:09.938,79.407053,0.901100,-0.0800,0.9400,0.6900,-17.8800,-62.1900,145.8100,1.168803,159.523812,"-0.08,0.94,0.69,-17.88,-62.19,145.81"
1985,2026-08-03T12:27:09.997,79.466601,59.547600,-0.0600,0.5700,0.5000,-9.7700,-78.3100,160.8900,0.760592,179.202403,"-0.06,0.57,0.50,-9.77,-78.31,160.89"
1986,2026-08-03T12:27:10.057,79.526278,59.677100,-0.0100,0.2600,0.2600,26.6700,-79.8300,143.4300,0.367831,166.301782,"-0.01,0.26,0.26,26.67,-79.83,143.43"
1987,2026-08-03T12:27:10.057,79.526405,0.127200,0.0400,-0.0400,0.0300,81.4800,-62.1900,100.1000,0.064031,143.271060,"0.04,-0.04,0.03,81.48,-62.19,100.10"
1988,2026-08-03T12:27:10.117,79.586929,60.524200,0.0700,-0.2900,-0.1000,113.8300,-24.1100,45.2900,0.314643,124.858901,"0.07,-0.29,-0.10,113.83,-24.11,45.29"
1989,2026-08-03T12:27:10.177,79.646874,59.945200,0.0200,-0.3600,-0.0900,105.0400,24.1700,-14.7700,0.371618,108.792203,"0.02,-0.36,-0.09,105.04,24.17,-14.77"
1990,2026-08-03T12:27:10.178,79.647608,0.733900,-0.0700,0.0100,0.0800,73.6100,62.2600,-81.9700,0.106771,126.545725,"-0.07,0.01,0.08,73.61,62.26,-81.97"
1991,2026-08-03T12:27:10.237,79.706072,58.464300,-0.0700,0.7900,0.3400,39.0000,75.9300,-144.9600,0.862902,168.225344,"-0.07,0.79,0.34,39.00,75.93,-144.96"
1992,2026-08-03T12:27:10.297,79.766354,60.281600,0.0600,1.5700,0.5700,5.8000,66.9600,-177.4900,1.671347,189.789309,"0.06,1.57,0.57,5.80,66.96,-177.49"
1993,2026-08-03T12:27:10.297,79.766642,0.288400,0.1700,1.9200,0.7000,-1.9500,46.1400,-160.7100,2.050683,167.213654,"0.17,1.92,0.70,-1.95,46.14,-160.71"
1994,2026-08-03T12:27:10.357,79.826371,59.728400,0.1500,1.8400,0.6700,24.9000,24.7200,-111.7600,1.963925,117.138320,"0.15,1.84,0.67,24.90,24.72,-111.76"
1995,2026-08-03T12:27:10.417,79.886738,60.367300,0.0600,1.5000,0.5100,53.4700,7.8700,-61.2800,1.585465,81.708116,"0.06,1.50,0.51,53.47,7.87,-61.28"
1996,2026-08-03T12:27:10.418,79.887420,0.681800,-0.0400,1.1500,0.3900,43.3300,3.6000,-19.0400,1.214990,47.465466,"-0.04,1.15,0.39,43.33,3.60,-19.04"
1997,2026-08-03T12:27:10.477,79.946045,58.625000,-0.0800,0.9800,0.3700,4.8200,8.6100,9.8900,1.050571,13.970562,"-0.08,0.98,0.37,4.82,8.61,9.89"
1998,2026-08-03T12:27:10.537,80.006551,60.506100,-0.1000,0.9000,0.3700,-12.8800,6.9600,17.3300,0.978213,22.686227,"-0.10,0.90,0.37,-12.88,6.96,17.33"
1999,2026-08-03T12:27:10.538,80.007334,0.782500,-0.1100,0.9000,0.3300,-6.5300,-0.1200,9.5200,0.964883,11.544943,"-0.11,0.90,0.33,-6.53,-0.12,9.52"
2000,2026-08-03T12:27:10.597,80.066683,59.349700,-0.1000,0.9400,0.2900,-1.5300,-3.4200,2.2000,0.988787,4.344801,"-0.10,0.94,0.29,-1.53,-3.42,2.20"
2001,2026-08-03T12:27:10.657,80.126260,59.576300,-0.0900,0.9500,0.2800,-2.4400,-2.9900,0.1800,0.994485,3.863431,"-0.09,0.95,0.28,-2.44,-2.99,0.18"
2002,2026-08-03T12:27:10.658,80.127039,0.779700,-0.0700,0.9600,0.2800,-4.0900,-1.8300,0.3100,1.002447,4.491447,"-0.07,0.96,0.28,-4.09,-1.83,0.31"
2003,2026-08-03T12:27:10.717,80.186759,59.719800,-0.0500,0.9600,0.2900,-6.5300,0.4300,0.7900,1.004092,6.591654,"-0.05,0.96,0.29,-6.53,0.43,0.79"
2004,2026-08-03T12:27:10.777,80.246173,59.413700,-0.0100,1.0200,0.3400,-6.8400,2.1400,0.9800,1.075221,7.233644,"-0.01,1.02,0.34,-6.84,2.14,0.98"
2005,2026-08-03T12:27:10.777,80.246503,0.330100,0.0500,1.3700,0.5100,-10.9300,-1.3400,6.2900,1.462703,12.681664,"0.05,1.37,0.51,-10.93,-1.34,6.29"
2006,2026-08-03T12:27:10.837,80.306121,59.618200,0.1700,2.0600,0.7600,-34.0000,-18.6200,34.9100,2.202294,52.167159,"0.17,2.06,0.76,-34.00,-18.62,34.91"
2007,2026-08-03T12:27:10.897,80.366610,60.488800,0.2200,2.3700,0.8000,-83.5600,-45.7200,108.0900,2.511036,144.069567,"0.22,2.37,0.80,-83.56,-45.72,108.09"
2008,2026-08-03T12:27:10.898,80.367167,0.557000,0.0400,1.6900,0.6100,-140.0100,-58.0400,208.5600,1.797164,257.815274,"0.04,1.69,0.61,-140.01,-58.04,208.56"
2009,2026-08-03T12:27:10.957,80.426504,59.337600,-0.1900,0.5700,0.3600,-146.3000,-61.6500,262.2700,0.700428,306.577829,"-0.19,0.57,0.36,-146.30,-61.65,262.27"
2010,2026-08-03T12:27:11.016,80.486007,59.502400,-0.2800,-0.2200,0.0500,-74.1000,-78.8600,223.6900,0.359583,248.489287,"-0.28,-0.22,0.05,-74.10,-78.86,223.69"
2011,2026-08-03T12:27:11.017,80.486868,0.861000,-0.2100,-0.5700,-0.2200,25.4500,-89.2900,130.6200,0.646065,160.256017,"-0.21,-0.57,-0.22,25.45,-89.29,130.62"
2012,2026-08-03T12:27:11.077,80.546744,59.876100,-0.0900,-0.6900,-0.3100,84.0500,-63.1100,38.3900,0.761774,111.897572,"-0.09,-0.69,-0.31,84.05,-63.11,38.39"
2013,2026-08-03T12:27:11.377,80.846918,300.173600,-0.0500,-0.5700,-0.2100,76.2900,-4.3900,-40.3400,0.609508,86.410369,"-0.05,-0.57,-0.21,76.29,-4.39,-40.34"
2014,2026-08-03T12:27:11.378,80.847567,0.649400,-0.1600,-0.0900,0.0400,28.6300,63.1100,-119.3800,0.187883,138.036710,"-0.16,-0.09,0.04,28.63,63.11,-119.38"
2015,2026-08-03T12:27:11.379,80.848051,0.484500,-0.2600,0.9400,0.4400,-0.9800,126.4000,-217.7100,1.069953,251.745039,"-0.26,0.94,0.44,-0.98,126.40,-217.71"
2016,2026-08-03T12:27:11.379,80.848364,0.312100,-0.1100,1.8600,0.9300,-26.3700,160.3400,-278.0800,2.082450,322.075735,"-0.11,1.86,0.93,-26.37,160.34,-278.08"
2017,2026-08-03T12:27:11.379,80.848814,0.450800,0.0600,1.9100,1.0400,-44.8000,132.3900,-227.1100,2.175615,266.670404,"0.06,1.91,1.04,-44.80,132.39,-227.11"
2018,2026-08-03T12:27:11.380,80.849647,0.832700,0.0500,1.5300,0.9500,-6.4700,78.3100,-127.3200,1.801638,149.615171,"0.05,1.53,0.95,-6.47,78.31,-127.32"
2019,2026-08-03T12:27:11.381,80.850434,0.786500,-0.0200,1.1800,0.9300,33.8100,38.5700,-49.6200,1.502564,71.364595,"-0.02,1.18,0.93,33.81,38.57,-49.62"
2020,2026-08-03T12:27:11.382,80.851205,0.771200,-0.1200,0.9800,0.7300,34.4800,2.0100,-3.1100,1.227884,34.678273,"-0.12,0.98,0.73,34.48,2.01,-3.11"
2021,2026-08-03T12:27:11.437,80.906515,55.310300,-0.1700,0.8700,0.5200,21.6700,-22.0300,9.3400,1.027716,32.282277,"-0.17,0.87,0.52,21.67,-22.03,9.34"
2022,2026-08-03T12:27:11.497,80.966053,59.537600,-0.1700,0.8400,0.4800,7.3900,-22.8300,5.0700,0.982293,24.526025,"-0.17,0.84,0.48,7.39,-22.83,5.07"
2023,2026-08-03T12:27:11.497,80.966413,0.360500,-0.1700,0.8500,0.4700,-4.5200,-15.9900,1.4000,0.986053,16.675446,"-0.17,0.85,0.47,-4.52,-15.99,1.40"
2024,2026-08-03T12:27:11.557,81.026060,59.647000,-0.1600,0.8600,0.4500,-7.0200,-8.9700,-1.3400,0.983717,11.468954,"-0.16,0.86,0.45,-7.02,-8.97,-1.34"
2025,2026-08-03T12:27:11.617,81.086071,60.011200,-0.1500,0.8600,0.4600,0.6700,-2.7500,-4.5200,0.986762,5.333085,"-0.15,0.86,0.46,0.67,-2.75,-4.52"
2026,2026-08-03T12:27:11.617,81.086726,0.654900,-0.1400,0.8600,0.4600,7.7500,-1.1600,-5.0000,0.985292,9.295596,"-0.14,0.86,0.46,7.75,-1.16,-5.00"
2027,2026-08-03T12:27:11.737,81.206628,119.901900,-0.1400,0.8700,0.4500,7.5700,-0.7900,-2.9900,0.989444,8.177353,"-0.14,0.87,0.45,7.57,-0.79,-2.99"
2028,2026-08-03T12:27:11.738,81.207025,0.396600,-0.1300,0.8600,0.4700,5.7400,1.0400,-1.8900,0.988635,6.131990,"-0.13,0.86,0.47,5.74,1.04,-1.89"
2029,2026-08-03T12:27:11.738,81.207365,0.340600,-0.1300,0.8600,0.4900,5.1900,1.2200,-1.8900,0.998299,5.656554,"-0.13,0.86,0.49,5.19,1.22,-1.89"
2030,2026-08-03T12:27:11.797,81.266134,58.768200,-0.1300,0.8800,0.5200,4.0900,-0.4300,-1.0400,1.030388,4.242004,"-0.13,0.88,0.52,4.09,-0.43,-1.04"
2031,2026-08-03T12:27:11.857,81.326223,60.089300,-0.1200,0.9800,0.6000,0.6100,-4.0300,2.2000,1.155335,4.631738,"-0.12,0.98,0.60,0.61,-4.03,2.20"
2032,2026-08-03T12:27:11.857,81.326747,0.524400,-0.0900,1.2000,0.7200,-11.1700,-10.5000,13.0000,1.402320,20.100221,"-0.09,1.20,0.72,-11.17,-10.50,13.00"
2033,2026-08-03T12:27:11.917,81.386397,59.650100,-0.0300,1.4500,0.8500,-36.5600,-18.0100,36.5600,1.681041,54.750592,"-0.03,1.45,0.85,-36.56,-18.01,36.56"
2034,2026-08-03T12:27:12.036,81.505765,119.367500,0.0400,1.6100,0.9400,-61.3400,-30.1500,74.2800,1.864752,100.941253,"0.04,1.61,0.94,-61.34,-30.15,74.28"
2035,2026-08-03T12:27:12.037,81.506582,0.817400,0.0600,1.5800,0.9100,-51.5700,-54.0200,131.1000,1.824308,150.880202,"0.06,1.58,0.91,-51.57,-54.02,131.10"
2036,2026-08-03T12:27:12.038,81.507197,0.614500,-0.0200,1.1700,0.6900,-10.1900,-85.5100,211.5500,1.358455,228.405776,"-0.02,1.17,0.69,-10.19,-85.51,211.55"
2037,2026-08-03T12:27:12.097,81.566273,59.075800,-0.2000,0.3700,0.2200,-18.0700,-104.2500,290.1000,0.474658,308.792159,"-0.20,0.37,0.22,-18.07,-104.25,290.10"
2038,2026-08-03T12:27:12.098,81.567254,0.981200,-0.2800,-0.3900,-0.2200,-95.7000,-88.9900,288.0900,0.528110,316.344050,"-0.28,-0.39,-0.22,-95.70,-88.99,288.09"
2039,2026-08-03T12:27:12.217,81.686804,119.550500,-0.1900,-0.6900,-0.3500,-117.7400,-51.2100,166.6900,0.796681,210.406102,"-0.19,-0.69,-0.35,-117.74,-51.21,166.69"
2040,2026-08-03T12:27:12.218,81.687508,0.703300,-0.0800,-0.5200,-0.2400,-41.8700,-6.8400,-1.5300,0.578273,42.452602,"-0.08,-0.52,-0.24,-41.87,-6.84,-1.53"
2041,2026-08-03T12:27:12.218,81.687754,0.246200,-0.0300,-0.0400,0.0900,40.1600,51.3300,-127.2000,0.102956,142.924576,"-0.03,-0.04,0.09,40.16,51.33,-127.20"
2042,2026-08-03T12:27:12.397,81.866704,178.950200,0.0500,0.6500,0.5900,74.6500,115.3000,-189.4500,0.879261,234.004306,"0.05,0.65,0.59,74.65,115.30,-189.45"
2043,2026-08-03T12:27:12.398,81.867879,1.175200,0.1500,1.2000,0.9900,62.2600,145.5100,-201.4200,1.562882,256.163003,"0.15,1.20,0.99,62.26,145.51,-201.42"
2044,2026-08-03T12:27:12.399,81.868724,0.845100,0.1900,1.6600,1.1100,59.4500,119.3200,-190.6100,2.005941,232.602100,"0.19,1.66,1.11,59.45,119.32,-190.61"
2045,2026-08-03T12:27:12.400,81.869387,0.663200,0.1700,1.8400,1.0200,68.0500,68.8500,-154.7200,2.110663,182.508639,"0.17,1.84,1.02,68.05,68.85,-154.72"
2046,2026-08-03T12:27:12.401,81.870029,0.642000,0.1300,1.4000,0.8700,32.7100,34.4200,-83.9200,1.653421,96.422232,"0.13,1.40,0.87,32.71,34.42,-83.92"
2047,2026-08-03T12:27:12.457,81.926331,56.301400,0.0700,0.9000,0.7700,-10.1300,17.5200,-25.7000,1.186507,32.711730,"0.07,0.90,0.77,-10.13,17.52,-25.70"
2048,2026-08-03T12:27:12.517,81.986272,59.940800,-0.0100,0.7100,0.6600,-15.2000,3.4200,-4.2700,0.969433,16.154544,"-0.01,0.71,0.66,-15.20,3.42,-4.27"
2049,2026-08-03T12:27:12.697,82.166725,180.452800,-0.0700,0.7200,0.5700,-7.4500,-2.7500,-4.3900,0.920978,9.073979,"-0.07,0.72,0.57,-7.45,-2.75,-4.39"
2050,2026-08-03T12:27:12.698,82.167974,1.249500,-0.0900,0.7800,0.5600,-12.8200,0.7900,-9.0300,0.964417,15.700873,"-0.09,0.78,0.56,-12.82,0.79,-9.03"
2051,2026-08-03T12:27:12.699,82.168919,0.944900,-0.0900,0.8200,0.5800,-16.4800,4.1500,-11.3500,1.008415,20.436130,"-0.09,0.82,0.58,-16.48,4.15,-11.35"
2052,2026-08-03T12:27:12.700,82.169744,0.824900,-0.0800,0.8100,0.5900,-14.4000,6.5900,-12.3300,1.005286,20.070301,"-0.08,0.81,0.59,-14.40,6.59,-12.33"
2053,2026-08-03T12:27:12.701,82.170097,0.353600,-0.0900,0.7900,0.5800,-12.9400,11.8400,-10.3100,0.984175,20.345154,"-0.09,0.79,0.58,-12.94,11.84,-10.31"
2054,2026-08-03T12:27:12.757,82.226098,56.000700,-0.1300,0.8000,0.5700,14.8900,32.7800,-13.3700,0.990858,38.405695,"-0.13,0.80,0.57,14.89,32.78,-13.37"
2055,2026-08-03T12:27:12.817,82.286401,60.302600,-0.1600,0.8000,0.5700,54.2000,62.0100,-26.1800,0.995239,86.419167,"-0.16,0.80,0.57,54.20,62.01,-26.18"
2056,2026-08-03T12:27:12.817,82.286968,0.567300,-0.1900,0.7800,0.5600,59.7500,63.4800,-34.4200,0.978826,93.725713,"-0.19,0.78,0.56,59.75,63.48,-34.42"
2057,2026-08-03T12:27:12.937,82.406403,119.435200,-0.2300,0.8100,0.5000,58.7200,39.2500,-37.7200,0.979285,80.071214,"-0.23,0.81,0.50,58.72,39.25,-37.72"
2058,2026-08-03T12:27:12.938,82.407208,0.805200,-0.2900,0.8800,0.4300,74.7700,18.6800,-48.2200,1.021470,90.910196,"-0.29,0.88,0.43,74.77,18.68,-48.22"
2059,2026-08-03T12:27:12.938,82.407784,0.575400,-0.3600,0.9900,0.3900,84.5900,13.2400,-76.4800,1.123299,114.803990,"-0.36,0.99,0.39,84.59,13.24,-76.48"
2060,2026-08-03T12:27:12.998,82.467050,59.266300,-0.4700,1.1500,0.4000,74.9500,24.9000,-106.9300,1.305144,132.934335,"-0.47,1.15,0.40,74.95,24.90,-106.93"
2061,2026-08-03T12:27:13.057,82.526870,59.819600,-0.6000,1.2700,0.4200,46.5700,41.3800,-108.5200,1.466049,125.130571,"-0.60,1.27,0.42,46.57,41.38,-108.52"
2062,2026-08-03T12:27:13.058,82.527822,0.951900,-0.7100,1.3900,0.4800,-12.8800,20.3200,-66.1600,1.632973,70.398455,"-0.71,1.39,0.48,-12.88,20.32,-66.16"
2063,2026-08-03T12:27:13.117,82.586869,59.047100,-0.7100,1.4500,0.6000,-97.8400,-53.4700,32.0400,1.722382,116.009776,"-0.71,1.45,0.60,-97.84,-53.47,32.04"
2064,2026-08-03T12:27:13.176,82.645525,58.656800,-0.5700,1.2100,0.6500,-139.2800,-122.9900,150.8800,1.487111,239.353782,"-0.57,1.21,0.65,-139.28,-122.99,150.88"
2065,2026-08-03T12:27:13.176,82.645962,0.436500,-0.3600,0.7800,0.5500,-106.5100,-157.9600,241.0300,1.020049,307.231513,"-0.36,0.78,0.55,-106.51,-157.96,241.03"
2066,2026-08-03T12:27:13.237,82.706287,60.325500,-0.1700,0.3000,0.3200,-60.3600,-169.7400,283.2600,0.470425,335.695137,"-0.17,0.30,0.32,-60.36,-169.74,283.26"
2067,2026-08-03T12:27:13.297,82.766515,60.227100,-0.0400,-0.1400,0.0500,-47.0000,-154.1700,258.9700,0.153948,305.029261,"-0.04,-0.14,0.05,-47.00,-154.17,258.97"
2068,2026-08-03T12:27:13.298,82.767037,0.522100,0.0500,-0.4200,-0.1700,-55.5400,-104.8000,176.7000,0.455851,212.815934,"0.05,-0.42,-0.17,-55.54,-104.80,176.70"
2069,2026-08-03T12:27:13.357,82.826242,59.204900,0.0800,-0.4200,-0.2400,-50.7200,-29.7900,67.6900,0.490306,89.676634,"0.08,-0.42,-0.24,-50.72,-29.79,67.69"
2070,2026-08-03T12:27:13.417,82.886427,60.185700,-0.0100,-0.0700,0.0200,-10.5600,48.4000,-44.1900,0.073485,66.383957,"-0.01,-0.07,0.02,-10.56,48.40,-44.19"
2071,2026-08-03T12:27:13.477,82.946438,60.010900,-0.0900,0.6000,0.5400,54.5700,103.3300,-132.1400,0.812219,176.397147,"-0.09,0.60,0.54,54.57,103.33,-132.14"
2072,2026-08-03T12:27:13.477,82.947003,0.565300,-0.0800,1.2400,0.9400,109.6800,107.2400,-174.8000,1.558076,232.562164,"-0.08,1.24,0.94,109.68,107.24,-174.80"
2073,2026-08-03T12:27:13.537,83.006372,59.368400,-0.0600,1.5400,0.9500,120.4200,60.9700,-174.0100,1.810442,220.222155,"-0.06,1.54,0.95,120.42,60.97,-174.01"
2074,2026-08-03T12:27:13.538,83.007135,0.763500,-0.0500,1.5400,0.7700,82.4000,17.6400,-141.8500,1.722498,164.991976,"-0.05,1.54,0.77,82.40,17.64,-141.85"
2075,2026-08-03T12:27:13.597,83.066416,59.280900,-0.0300,1.4100,0.7000,39.0600,8.9100,-90.9400,1.574484,99.373816,"-0.03,1.41,0.70,39.06,8.91,-90.94"
2076,2026-08-03T12:27:13.657,83.126918,60.501500,-0.0300,1.1900,0.6500,23.1300,6.4700,-42.2400,1.356282,48.590898,"-0.03,1.19,0.65,23.13,6.47,-42.24"
2077,2026-08-03T12:27:13.658,83.127623,0.704900,-0.0500,0.9800,0.5500,14.2200,-5.1300,-9.4000,1.124900,17.801272,"-0.05,0.98,0.55,14.22,-5.13,-9.40"
2078,2026-08-03T12:27:13.777,83.246355,118.732600,-0.0800,0.8700,0.4800,7.4500,-18.6800,6.9000,0.996845,21.261583,"-0.08,0.87,0.48,7.45,-18.68,6.90"
2079,2026-08-03T12:27:13.778,83.247034,0.679200,-0.1200,0.8400,0.4400,12.9400,-25.7600,4.3300,0.955824,29.150816,"-0.12,0.84,0.44,12.94,-25.76,4.33"
2080,2026-08-03T12:27:13.778,83.247652,0.617900,-0.1500,0.8600,0.4000,14.6500,-21.5500,-4.6400,0.960260,26.467992,"-0.15,0.86,0.40,14.65,-21.55,-4.64"
2081,2026-08-03T12:27:13.837,83.306482,58.830000,-0.1500,0.8800,0.3800,8.9700,-11.8400,-2.6200,0.970206,15.083464,"-0.15,0.88,0.38,8.97,-11.84,-2.62"
2082,2026-08-03T12:27:13.897,83.366198,59.715500,-0.1400,0.8800,0.3900,7.9300,-6.4700,3.5400,0.972677,10.829469,"-0.14,0.88,0.39,7.93,-6.47,3.54"
2083,2026-08-03T12:27:13.897,83.366636,0.438400,-0.1200,0.8800,0.4000,8.7300,-5.0700,3.9100,0.974064,10.826167,"-0.12,0.88,0.40,8.73,-5.07,3.91"
2084,2026-08-03T12:27:13.957,83.426153,59.517100,-0.1100,0.8900,0.4200,6.1000,-2.1400,1.4600,0.990252,6.627307,"-0.11,0.89,0.42,6.10,-2.14,1.46"
2085,2026-08-03T12:27:14.017,83.486235,60.082000,-0.1100,0.8900,0.4400,5.1900,-0.4900,-1.8300,0.998899,5.524952,"-0.11,0.89,0.44,5.19,-0.49,-1.83"
2086,2026-08-03T12:27:14.017,83.486570,0.334200,-0.1100,0.8700,0.4300,4.1500,-2.6200,-4.4600,0.976678,6.631629,"-0.11,0.87,0.43,4.15,-2.62,-4.46"
2087,2026-08-03T12:27:14.077,83.546225,59.655300,-0.1200,0.8300,0.4400,0.1200,-3.9100,-7.8100,0.947048,8.734907,"-0.12,0.83,0.44,0.12,-3.91,-7.81"
2088,2026-08-03T12:27:14.137,83.606054,59.828800,-0.1400,0.8000,0.4700,3.7200,-5.9800,-16.1700,0.938350,17.637111,"-0.14,0.80,0.47,3.72,-5.98,-16.17"
2089,2026-08-03T12:27:14.137,83.606401,0.347000,-0.1400,0.8300,0.5300,27.7700,-9.9500,-30.4000,0.994686,42.359596,"-0.14,0.83,0.53,27.77,-9.95,-30.40"
2090,2026-08-03T12:27:14.197,83.666852,60.451100,-0.0300,1.3000,0.7700,74.8900,-14.6500,-51.6400,1.511225,92.140242,"-0.03,1.30,0.77,74.89,-14.65,-51.64"
2091,2026-08-03T12:27:14.257,83.726294,59.442400,0.1600,2.5100,1.3300,112.5500,-21.5500,-49.9900,2.845101,125.023618,"0.16,2.51,1.33,112.55,-21.55,-49.99"
2092,2026-08-03T12:27:14.257,83.726789,0.494600,0.0600,3.7500,1.9100,43.3300,-42.7200,32.4100,4.208824,68.941246,"0.06,3.75,1.91,43.33,-42.72,32.41"
2093,2026-08-03T12:27:14.317,83.786978,60.189600,-1.0300,4.0000,1.7500,-120.9100,-120.5400,235.1100,4.485911,290.561236,"-1.03,4.00,1.75,-120.91,-120.54,235.11"
2094,2026-08-03T12:27:14.377,83.846447,59.468400,-2.8800,3.0900,0.5200,-243.4100,-253.7200,484.8600,4.255925,598.925276,"-2.88,3.09,0.52,-243.41,-253.72,484.86"
2095,2026-08-03T12:27:14.377,83.846974,0.527100,-4.0000,0.9500,-1.6500,-328.3700,-365.7800,639.2200,4.430011,806.364727,"-4.00,0.95,-1.65,-328.37,-365.78,639.22"
2096,2026-08-03T12:27:14.437,83.906544,59.570500,-4.0000,-1.8100,-3.6500,-310.1200,-352.0500,583.9000,5.709518,749.034597,"-4.00,-1.81,-3.65,-310.12,-352.05,583.9"
2097,2026-08-03T12:27:14.497,83.966475,59.930900,-4.0000,-3.3900,-3.6300,-64.4500,-69.2700,229.2500,6.377225,248.007455,"-4.00,-3.39,-3.63,-64.45,-69.27,229.25"
2098,2026-08-03T12:27:14.498,83.967054,0.579100,-4.0000,-1.5400,-1.5400,214.2900,380.6200,-326.9000,4.554470,545.578041,"-4.00,-1.54,-1.54,214.29,380.62,-326.90"
2099,2026-08-03T12:27:14.557,84.026266,59.211400,-3.9400,2.1900,1.0200,339.0500,635.4400,-765.5000,4.621699,1051.060962,"-3.94,2.19,1.02,339.05,635.44,-765.50"
2100,2026-08-03T12:27:14.618,84.087026,60.760100,-3.3500,4.0000,3.0800,263.2400,590.2700,-834.5900,6.058787,1055.582512,"-3.35,4.00,3.08,263.24,590.27,-834.59"
2101,2026-08-03T12:27:14.618,84.087705,0.679100,-1.9300,4.0000,4.0000,68.9700,412.1700,-519.7100,5.977031,666.887887,"-1.93,4.00,4.00,68.97,412.17,-519.71"
2102,2026-08-03T12:27:14.737,84.206960,119.254800,-1.2200,4.0000,4.0000,-3.1100,143.6800,-46.0800,5.786916,150.920446,"-1.22,4.00,4.00,-3.11,143.68,-46.08"
2103,2026-08-03T12:27:14.738,84.207486,0.526700,-2.0200,3.4900,3.7200,11.5400,-167.9700,324.9500,5.486246,365.977588,"-2.02,3.49,3.72,11.54,-167.97,324.95"
2104,2026-08-03T12:27:14.739,84.208144,0.657600,-3.3300,2.6100,2.2700,-83.0100,-396.8500,518.6200,4.801448,658.291187,"-3.33,2.61,2.27,-83.01,-396.85,518.62"
2105,2026-08-03T12:27:14.797,84.266259,58.115300,-4.0000,1.9600,-0.0300,-290.8300,-546.7500,581.9700,4.454492,849.827472,"-4.00,1.96,-0.03,-290.83,-546.75,581.97"
2106,2026-08-03T12:27:14.857,84.326441,60.181900,-4.0000,1.5600,-2.6600,-469.3600,-608.7000,552.1200,5.050663,946.388395,"-4.00,1.56,-2.66,-469.36,-608.70,552.12"
2107,2026-08-03T12:27:14.857,84.326692,0.250400,-3.6800,0.5700,-4.0000,-416.1400,-495.9700,400.2100,5.465098,761.135195,"-3.68,0.57,-4.00,-416.14,-495.97,400.21"
2108,2026-08-03T12:27:14.917,84.386319,59.627800,-3.4500,-1.2700,-3.8700,-90.8200,-208.5000,145.6900,5.337818,270.085354,"-3.45,-1.27,-3.87,-90.82,-208.50,145.69"
2109,2026-08-03T12:27:14.977,84.446066,59.746500,-3.6100,-1.7100,-1.5500,255.7400,156.1300,-177.4900,4.284705,348.255976,"-3.61,-1.71,-1.55,255.74,156.13,-177.49"
2110,2026-08-03T12:27:14.977,84.446714,0.647600,-3.2100,0.0200,1.2600,363.0400,408.0200,-483.5200,3.448492,729.431253,"-3.21,0.02,1.26,363.04,408.02,-483.52"
2111,2026-08-03T12:27:15.037,84.506279,59.565600,-1.7500,2.4100,3.1200,227.9700,388.7300,-605.5900,4.313351,754.864612,"-1.75,2.41,3.12,227.97,388.73,-605.59"
2112,2026-08-03T12:27:15.097,84.566453,60.173800,-0.0200,3.5200,3.7200,12.9400,245.6100,-464.8400,5.121445,525.897273,"-0.02,3.52,3.72,12.94,245.61,-464.84"
2113,2026-08-03T12:27:15.156,84.625847,59.393700,0.7900,2.4700,3.0200,-134.4000,142.2700,-236.5700,3.980628,307.033350,"0.79,2.47,3.02,-134.40,142.27,-236.57"
2114,2026-08-03T12:27:15.157,84.626619,0.772700,0.6500,0.7300,1.2500,-362.9200,-29.6600,-180.3000,1.586789,406.323433,"0.65,0.73,1.25,-362.92,-29.66,-180.30"
2115,2026-08-03T12:27:15.218,84.687410,60.790800,0.4000,-0.9100,0.4300,-801.9400,-218.5700,-282.4100,1.083051,877.858768,"0.40,-0.91,0.43,-801.94,-218.57,-282.41"
2116,2026-08-03T12:27:15.219,84.688314,0.904300,0.3300,-1.9200,0.8600,-1109.9900,-93.9300,-300.7800,2.129530,1153.849753,"0.33,-1.92,0.86,-1109.99,-93.93,-300.78"
2117,2026-08-03T12:27:15.337,84.806620,118.306000,0.2100,-1.6400,0.7300,-976.3800,190.3700,-128.9700,1.807374,1003.091173,"0.21,-1.64,0.73,-976.38,190.37,-128.97"
2118,2026-08-03T12:27:15.338,84.807560,0.939700,0.1200,-1.0100,0.2700,176.5700,270.4500,126.0400,1.052331,346.707728,"0.12,-1.01,0.27,176.57,270.45,126.04"
2119,2026-08-03T12:27:15.339,84.808337,0.777300,0.0700,-0.7800,0.1000,311.8900,186.5200,52.1200,0.789494,367.126105,"0.07,-0.78,0.10,311.89,186.52,52.12"
2120,2026-08-03T12:27:15.397,84.866208,57.870200,0.0300,-0.7800,0.1400,159.9700,109.8600,-21.4800,0.793032,195.246027,"0.03,-0.78,0.14,159.97,109.86,-21.48"
2121,2026-08-03T12:27:15.457,84.926182,59.973900,0.0200,-0.9200,0.2400,-30.6400,58.4100,-43.9500,0.950999,79.259953,"0.02,-0.92,0.24,-30.64,58.41,-43.95"
2122,2026-08-03T12:27:15.457,84.926925,0.743000,0.0200,-1.0100,0.2800,-82.5200,22.4000,-33.7500,1.048284,91.925910,"0.02,-1.01,0.28,-82.52,22.40,-33.75"
2123,2026-08-03T12:27:15.517,84.986362,59.437200,0.0400,-0.9900,0.2500,-20.9400,-3.1100,-16.9100,1.021861,27.094350,"0.04,-0.99,0.25,-20.94,-3.11,-16.91"
2124,2026-08-03T12:27:15.577,85.046073,59.711600,0.0500,-0.9400,0.2200,15.9300,-29.0500,-6.2300,0.966695,33.711723,"0.05,-0.94,0.22,15.93,-29.05,-6.23"
2125,2026-08-03T12:27:15.577,85.046461,0.387300,-0.0100,-1.0000,0.3200,41.5000,-147.2200,-12.4500,1.050000,153.463288,"-0.01,-1.00,0.32,41.50,-147.22,-12.45"
2126,2026-08-03T12:27:15.637,85.106526,60.064900,-0.0600,-0.9200,0.4100,42.6000,-422.9700,31.7400,1.009009,426.293102,"-0.06,-0.92,0.41,42.60,-422.97,31.74"
2127,2026-08-03T12:27:15.697,85.166220,59.694400,0.0700,-0.8900,0.2700,-67.2000,-676.9400,104.6100,0.932684,688.263653,"0.07,-0.89,0.27,-67.20,-676.94,104.61"
2128,2026-08-03T12:27:15.697,85.166470,0.250100,0.2400,-1.0200,-0.0100,-54.5000,-689.5100,71.4100,1.047903,695.337097,"0.24,-1.02,-0.01,-54.50,-689.51,71.41"
2129,2026-08-03T12:27:15.757,85.226240,59.769800,0.2900,-1.0100,-0.1700,37.4100,-508.0600,-25.2100,1.064472,510.058836,"0.29,-1.01,-0.17,37.41,-508.06,-25.21"
2130,2026-08-03T12:27:15.817,85.286606,60.366600,0.3500,-0.9200,-0.0800,-106.0800,-286.0100,-119.0000,0.987573,327.438065,"0.35,-0.92,-0.08,-106.08,-286.01,-119.0"
2131,2026-08-03T12:27:15.817,85.286848,0.241400,0.5200,-0.7600,-0.1100,-381.4100,-117.6800,-178.5000,0.927416,437.246407,"0.52,-0.76,-0.11,-381.41,-117.68,-178.5"
2132,2026-08-03T12:27:15.877,85.346510,59.661800,0.6300,-0.5800,-0.5200,-398.5000,-60.4900,-141.6600,1.001848,427.233947,"0.63,-0.58,-0.52,-398.50,-60.49,-141.66"
2133,2026-08-03T12:27:15.937,85.407018,60.507900,0.5400,-0.5000,-0.8800,-149.9600,-55.9700,-51.2100,1.147170,168.056855,"0.54,-0.50,-0.88,-149.96,-55.97,-51.21"
2134,2026-08-03T12:27:15.938,85.407339,0.321800,0.3900,-0.5500,-0.9000,29.8500,-29.3600,8.3600,1.124544,42.695687,"0.39,-0.55,-0.90,29.85,-29.36,8.36"
2135,2026-08-03T12:27:15.997,85.466175,58.836000,0.3200,-0.6100,-0.7500,59.8800,-1.2200,19.6500,1.018332,63.033525,"0.32,-0.61,-0.75,59.88,-1.22,19.65"
2136,2026-08-03T12:27:16.117,85.586492,120.317000,0.3200,-0.6400,-0.6600,26.3700,7.5100,9.4000,0.973447,28.985117,"0.32,-0.64,-0.66,26.37,7.51,9.40"
2137,2026-08-03T12:27:16.118,85.587488,0.995500,0.3400,-0.6400,-0.6500,-1.5900,4.6400,0.2400,0.973499,4.910733,"0.34,-0.64,-0.65,-1.59,4.64,0.24"
2138,2026-08-03T12:27:16.119,85.588201,0.713300,0.3600,-0.6300,-0.6700,-8.3000,0.4900,-2.1400,0.987623,8.585435,"0.36,-0.63,-0.67,-8.30,0.49,-2.14"
2139,2026-08-03T12:27:16.177,85.646193,57.991500,0.3600,-0.6200,-0.6800,-4.3300,-1.1000,-0.9800,0.988130,4.573762,"0.36,-0.62,-0.68,-4.33,-1.10,-0.98"
2140,2026-08-03T12:27:16.177,85.646899,0.706000,0.3500,-0.6200,-0.6900,-0.1200,-0.7900,0.4300,0.991464,0.907414,"0.35,-0.62,-0.69,-0.12,-0.79,0.43"
2141,2026-08-03T12:27:16.297,85.766254,119.355300,0.3500,-0.6200,-0.6900,1.1600,-0.2400,0.8500,0.991464,1.457978,"0.35,-0.62,-0.69,1.16,-0.24,0.85"
2142,2026-08-03T12:27:16.297,85.766834,0.579700,0.3500,-0.6300,-0.6800,0.7300,0.0000,0.7300,0.990858,1.032376,"0.35,-0.63,-0.68,0.73,0.00,0.73"
2143,2026-08-03T12:27:16.298,85.767592,0.758000,0.3500,-0.6300,-0.6800,0.1200,0.0000,0.5500,0.990858,0.562939,"0.35,-0.63,-0.68,0.12,0.00,0.55"
2144,2026-08-03T12:27:16.476,85.945933,178.341600,0.3500,-0.6200,-0.6800,-0.1200,-0.0600,0.4300,0.984530,0.450444,"0.35,-0.62,-0.68,-0.12,-0.06,0.43"
2145,2026-08-03T12:27:16.477,85.946628,0.694300,0.3500,-0.6200,-0.6800,-0.0600,-0.1200,0.4300,0.984530,0.450444,"0.35,-0.62,-0.68,-0.06,-0.12,0.43"
2146,2026-08-03T12:27:16.478,85.947137,0.509500,0.3500,-0.6200,-0.6800,0.0600,-0.1200,0.4900,0.984530,0.508035,"0.35,-0.62,-0.68,0.06,-0.12,0.49"
2147,2026-08-03T12:27:16.478,85.947785,0.647600,0.3500,-0.6200,-0.6800,0.1200,-0.1200,0.4900,0.984530,0.518556,"0.35,-0.62,-0.68,0.12,-0.12,0.49"
2148,2026-08-03T12:27:16.537,86.006231,58.446700,0.3500,-0.6200,-0.6800,0.1200,-0.1200,0.4900,0.984530,0.518556,"0.35,-0.62,-0.68,0.12,-0.12,0.49"
2149,2026-08-03T12:27:16.537,86.006660,0.428400,0.3500,-0.6200,-0.6800,0.0600,-0.1200,0.4900,0.984530,0.508035,"0.35,-0.62,-0.68,0.06,-0.12,0.49"
2150,2026-08-03T12:27:16.597,86.066065,59.405400,0.3500,-0.6200,-0.6800,0.0600,-0.1200,0.4900,0.984530,0.508035,"0.35,-0.62,-0.68,0.06,-0.12,0.49"
2151,2026-08-03T12:27:16.657,86.126366,60.300400,0.3500,-0.6200,-0.6800,0.0600,-0.1200,0.4300,0.984530,0.450444,"0.35,-0.62,-0.68,0.06,-0.12,0.43"
2152,2026-08-03T12:27:16.657,86.126511,0.145800,0.3500,-0.6200,-0.6800,0.0600,-0.1200,0.4900,0.984530,0.508035,"0.35,-0.62,-0.68,0.06,-0.12,0.49"
2153,2026-08-03T12:27:16.717,86.186123,59.611700,0.3500,-0.6200,-0.6800,0.0600,-0.0600,0.4900,0.984530,0.497293,"0.35,-0.62,-0.68,0.06,-0.06,0.49"
2154,2026-08-03T12:27:16.776,86.245984,59.860700,0.3500,-0.6200,-0.6800,0.0600,-0.0600,0.4900,0.984530,0.497293,"0.35,-0.62,-0.68,0.06,-0.06,0.49"
2155,2026-08-03T12:27:16.780,86.249569,3.585500,0.3500,-0.6300,-0.6800,0.0600,-0.0600,0.4300,0.990858,0.438292,"0.35,-0.63,-0.68,0.06,-0.06,0.43"
2156,2026-08-03T12:27:16.837,86.306501,56.931700,0.3500,-0.6200,-0.6800,0.0600,-0.0600,0.4300,0.984530,0.438292,"0.35,-0.62,-0.68,0.06,-0.06,0.43"
2157,2026-08-03T12:27:16.897,86.366322,59.821200,0.3500,-0.6200,-0.6800,0.0600,-0.0600,0.4900,0.984530,0.497293,"0.35,-0.62,-0.68,0.06,-0.06,0.49"
2158,2026-08-03T12:27:16.897,86.366669,0.346900,0.3500,-0.6200,-0.6800,0.0600,-0.0600,0.4900,0.984530,0.497293,"0.35,-0.62,-0.68,0.06,-0.06,0.49"
2159,2026-08-03T12:27:16.957,86.426029,59.360000,0.3500,-0.6200,-0.6800,0.0600,-0.0600,0.4900,0.984530,0.497293,"0.35,-0.62,-0.68,0.06,-0.06,0.49"
2160,2026-08-03T12:27:17.018,86.487546,61.516500,0.3500,-0.6200,-0.6800,0.0600,-0.0600,0.4900,0.984530,0.497293,"0.35,-0.62,-0.68,0.06,-0.06,0.49"
2161,2026-08-03T12:27:17.019,86.488178,0.632600,0.3500,-0.6200,-0.6800,0.0600,-0.0600,0.4900,0.984530,0.497293,"0.35,-0.62,-0.68,0.06,-0.06,0.49"
2162,2026-08-03T12:27:17.077,86.546151,57.973200,0.3500,-0.6200,-0.6800,0.0600,-0.1200,0.4900,0.984530,0.508035,"0.35,-0.62,-0.68,0.06,-0.12,0.49"
2163,2026-08-03T12:27:17.257,86.726559,180.407800,0.3500,-0.6200,-0.6800,0.0600,-0.1200,0.4900,0.984530,0.508035,"0.35,-0.62,-0.68,0.06,-0.12,0.49"
2164,2026-08-03T12:27:17.258,86.727226,0.666800,0.3500,-0.6200,-0.6800,0.0600,-0.0600,0.4900,0.984530,0.497293,"0.35,-0.62,-0.68,0.06,-0.06,0.49"
2165,2026-08-03T12:27:17.258,86.727940,0.713500,0.3500,-0.6200,-0.6800,0.0600,-0.0600,0.4300,0.984530,0.438292,"0.35,-0.62,-0.68,0.06,-0.06,0.43"
2166,2026-08-03T12:27:17.259,86.728088,0.148700,0.3500,-0.6200,-0.6800,0.0600,-0.0600,0.4300,0.984530,0.438292,"0.35,-0.62,-0.68,0.06,-0.06,0.43"
2167,2026-08-03T12:27:17.259,86.728782,0.694300,0.3500,-0.6200,-0.6800,0.0600,-0.0600,0.4300,0.984530,0.438292,"0.35,-0.62,-0.68,0.06,-0.06,0.43"
2168,2026-08-03T12:27:17.317,86.786160,57.377600,0.3500,-0.6300,-0.6800,0.0600,-0.1200,0.4300,0.990858,0.450444,"0.35,-0.63,-0.68,0.06,-0.12,0.43"
2169,2026-08-03T12:27:17.377,86.846490,60.330000,0.3500,-0.6300,-0.6800,0.0600,-0.1200,0.4300,0.990858,0.450444,"0.35,-0.63,-0.68,0.06,-0.12,0.43"
2170,2026-08-03T12:27:17.378,86.847399,0.909200,0.3500,-0.6200,-0.6800,0.0600,-0.1200,0.4300,0.984530,0.450444,"0.35,-0.62,-0.68,0.06,-0.12,0.43"
2171,2026-08-03T12:27:17.437,86.906258,58.858500,0.3500,-0.6200,-0.6800,0.0600,-0.0600,0.4900,0.984530,0.497293,"0.35,-0.62,-0.68,0.06,-0.06,0.49"
2172,2026-08-03T12:27:17.497,86.966156,59.898700,0.3500,-0.6200,-0.6800,0.0600,-0.0600,0.4300,0.984530,0.438292,"0.35,-0.62,-0.68,0.06,-0.06,0.43"
2173,2026-08-03T12:27:17.497,86.966827,0.670200,0.3500,-0.6200,-0.6800,0.0600,-0.0600,0.4300,0.984530,0.438292,"0.35,-0.62,-0.68,0.06,-0.06,0.43"
2174,2026-08-03T12:27:17.557,87.026302,59.475200,0.3500,-0.6200,-0.6800,0.0600,-0.0600,0.4300,0.984530,0.438292,"0.35,-0.62,-0.68,0.06,-0.06,0.43"
2175,2026-08-03T12:27:17.617,87.086133,59.830900,0.3500,-0.6200,-0.6800,0.0600,-0.0600,0.4900,0.984530,0.497293,"0.35,-0.62,-0.68,0.06,-0.06,0.49"
2176,2026-08-03T12:27:17.617,87.086263,0.129800,0.3500,-0.6200,-0.6800,0.0600,-0.1200,0.4900,0.984530,0.508035,"0.35,-0.62,-0.68,0.06,-0.12,0.49"
2177,2026-08-03T12:27:17.737,87.206268,120.005800,0.3500,-0.6200,-0.6800,0.0600,-0.0600,0.4900,0.984530,0.497293,"0.35,-0.62,-0.68,0.06,-0.06,0.49"
2178,2026-08-03T12:27:17.737,87.206716,0.447600,0.3500,-0.6200,-0.6800,0.0600,-0.0600,0.4900,0.984530,0.497293,"0.35,-0.62,-0.68,0.06,-0.06,0.49"
2179,2026-08-03T12:27:17.917,87.386034,179.318400,0.3500,-0.6200,-0.6800,0.0600,-0.0600,0.4300,0.984530,0.438292,"0.35,-0.62,-0.68,0.06,-0.06,0.43"
2180,2026-08-03T12:27:17.917,87.386843,0.808200,0.3500,-0.6200,-0.6800,0.0600,-0.1200,0.4300,0.984530,0.450444,"0.35,-0.62,-0.68,0.06,-0.12,0.43"
2181,2026-08-03T12:27:17.918,87.387405,0.562300,0.3500,-0.6200,-0.6800,0.0600,-0.1200,0.4300,0.984530,0.450444,"0.35,-0.62,-0.68,0.06,-0.12,0.43"
2182,2026-08-03T12:27:17.919,87.388044,0.639400,0.3500,-0.6300,-0.6800,0.0600,-0.1200,0.4900,0.990858,0.508035,"0.35,-0.63,-0.68,0.06,-0.12,0.49"
2183,2026-08-03T12:27:17.919,87.388867,0.822300,0.3500,-0.6300,-0.6800,0.0600,-0.1200,0.4900,0.990858,0.508035,"0.35,-0.63,-0.68,0.06,-0.12,0.49"
2184,2026-08-03T12:27:17.978,87.447358,58.491200,0.3500,-0.6200,-0.6800,0.0600,-0.1200,0.4900,0.984530,0.508035,"0.35,-0.62,-0.68,0.06,-0.12,0.49"
2185,2026-08-03T12:27:17.979,87.448048,0.690500,0.3500,-0.6200,-0.6800,0.0600,-0.1200,0.4900,0.984530,0.508035,"0.35,-0.62,-0.68,0.06,-0.12,0.49"
2186,2026-08-03T12:27:18.097,87.566609,118.560700,0.3500,-0.6200,-0.6800,0.0600,-0.0600,0.4900,0.984530,0.497293,"0.35,-0.62,-0.68,0.06,-0.06,0.49"
2187,2026-08-03T12:27:18.098,87.567279,0.670400,0.3500,-0.6200,-0.6800,0.0600,-0.0600,0.4300,0.984530,0.438292,"0.35,-0.62,-0.68,0.06,-0.06,0.43"
2188,2026-08-03T12:27:18.098,87.567592,0.312700,0.3500,-0.6200,-0.6800,0.0000,-0.0600,0.4900,0.984530,0.493660,"0.35,-0.62,-0.68,0.00,-0.06,0.49"
2189,2026-08-03T12:27:18.216,87.685604,118.011700,0.3500,-0.6200,-0.6800,0.0600,-0.0600,0.4900,0.984530,0.497293,"0.35,-0.62,-0.68,0.06,-0.06,0.49"
2190,2026-08-03T12:27:18.217,87.686442,0.838700,0.3500,-0.6200,-0.6800,0.0600,-0.0600,0.4900,0.984530,0.497293,"0.35,-0.62,-0.68,0.06,-0.06,0.49"
2191,2026-08-03T12:27:18.218,87.687253,0.810300,0.3500,-0.6200,-0.6800,0.0600,-0.1200,0.4900,0.984530,0.508035,"0.35,-0.62,-0.68,0.06,-0.12,0.49"
2192,2026-08-03T12:27:18.277,87.746419,59.165800,0.3500,-0.6200,-0.6800,0.0600,-0.0600,0.4900,0.984530,0.497293,"0.35,-0.62,-0.68,0.06,-0.06,0.49"
2193,2026-08-03T12:27:18.397,87.866297,119.878600,0.3500,-0.6200,-0.6800,0.0600,-0.0600,0.4900,0.984530,0.497293,"0.35,-0.62,-0.68,0.06,-0.06,0.49"
2194,2026-08-03T12:27:18.397,87.866825,0.527800,0.3500,-0.6200,-0.6800,0.0600,-0.0600,0.4900,0.984530,0.497293,"0.35,-0.62,-0.68,0.06,-0.06,0.49"
2195,2026-08-03T12:27:18.398,87.867185,0.359900,0.3500,-0.6200,-0.6800,0.0600,-0.0600,0.4900,0.984530,0.497293,"0.35,-0.62,-0.68,0.06,-0.06,0.49"
2196,2026-08-03T12:27:18.457,87.926273,59.087700,0.3500,-0.6200,-0.6800,0.0600,-0.0600,0.4900,0.984530,0.497293,"0.35,-0.62,-0.68,0.06,-0.06,0.49"
2197,2026-08-03T12:27:18.457,87.926793,0.520500,0.3500,-0.6200,-0.6800,0.0600,-0.0600,0.4300,0.984530,0.438292,"0.35,-0.62,-0.68,0.06,-0.06,0.43"
2198,2026-08-03T12:27:18.517,87.986885,60.092300,0.3500,-0.6200,-0.6800,0.0600,-0.0600,0.4300,0.984530,0.438292,"0.35,-0.62,-0.68,0.06,-0.06,0.43"
2199,2026-08-03T12:27:18.578,88.047222,60.336700,0.3500,-0.6300,-0.6800,0.0600,-0.0600,0.4300,0.990858,0.438292,"0.35,-0.63,-0.68,0.06,-0.06,0.43"
2200,2026-08-03T12:27:18.578,88.047925,0.702800,0.3500,-0.6200,-0.6800,0.0600,-0.1200,0.4900,0.984530,0.508035,"0.35,-0.62,-0.68,0.06,-0.12,0.49"
2201,2026-08-03T12:27:18.697,88.166611,118.686300,0.3500,-0.6200,-0.6800,0.0000,-0.0600,0.4300,0.984530,0.434166,"0.35,-0.62,-0.68,0.00,-0.06,0.43"
2202,2026-08-03T12:27:18.698,88.167153,0.542100,0.3500,-0.6200,-0.6800,0.0000,-0.0600,0.4300,0.984530,0.434166,"0.35,-0.62,-0.68,0.00,-0.06,0.43"
2203,2026-08-03T12:27:18.698,88.167537,0.383900,0.3500,-0.6200,-0.6800,0.0000,-0.0600,0.4300,0.984530,0.434166,"0.35,-0.62,-0.68,0.00,-0.06,0.43"
2204,2026-08-03T12:27:18.757,88.226098,58.561300,0.3500,-0.6200,-0.6800,0.0000,-0.0600,0.4300,0.984530,0.434166,"0.35,-0.62,-0.68,0.00,-0.06,0.43"
2205,2026-08-03T12:27:18.937,88.406359,180.260700,0.3500,-0.6200,-0.6800,0.0600,-0.1200,0.4300,0.984530,0.450444,"0.35,-0.62,-0.68,0.06,-0.12,0.43"
2206,2026-08-03T12:27:18.938,88.407214,0.854600,0.3500,-0.6200,-0.6800,0.0600,-0.0600,0.4900,0.984530,0.497293,"0.35,-0.62,-0.68,0.06,-0.06,0.49"
2207,2026-08-03T12:27:18.938,88.407394,0.179900,0.3500,-0.6200,-0.6800,0.0600,-0.0600,0.4900,0.984530,0.497293,"0.35,-0.62,-0.68,0.06,-0.06,0.49"
2208,2026-08-03T12:27:18.939,88.408459,1.065600,0.3500,-0.6300,-0.6800,0.0600,-0.0600,0.4900,0.990858,0.497293,"0.35,-0.63,-0.68,0.06,-0.06,0.49"
2209,2026-08-03T12:27:18.939,88.409021,0.561800,0.3500,-0.6300,-0.6800,0.1200,-0.0600,0.4900,0.990858,0.508035,"0.35,-0.63,-0.68,0.12,-0.06,0.49"
2210,2026-08-03T12:27:18.997,88.466513,57.492000,0.3500,-0.6200,-0.6800,0.1200,-0.0600,0.4900,0.984530,0.508035,"0.35,-0.62,-0.68,0.12,-0.06,0.49"
2211,2026-08-03T12:27:19.057,88.526171,59.658200,0.3500,-0.6200,-0.6800,0.1200,-0.0600,0.4900,0.984530,0.508035,"0.35,-0.62,-0.68,0.12,-0.06,0.49"
2212,2026-08-03T12:27:19.057,88.526305,0.133800,0.3500,-0.6200,-0.6800,0.0600,-0.1200,0.4900,0.984530,0.508035,"0.35,-0.62,-0.68,0.06,-0.12,0.49"
2213,2026-08-03T12:27:19.117,88.586846,60.541400,0.3500,-0.6200,-0.6800,0.0000,-0.1200,0.4900,0.984530,0.504480,"0.35,-0.62,-0.68,0.00,-0.12,0.49"
2214,2026-08-03T12:27:19.177,88.646086,59.239700,0.3500,-0.6200,-0.6800,0.0000,-0.1200,0.4300,0.984530,0.446430,"0.35,-0.62,-0.68,0.00,-0.12,0.43"
2215,2026-08-03T12:27:19.177,88.646482,0.395800,0.3500,-0.6200,-0.6800,0.0000,-0.0600,0.4900,0.984530,0.493660,"0.35,-0.62,-0.68,0.00,-0.06,0.49"
2216,2026-08-03T12:27:19.237,88.706604,60.121900,0.3500,-0.6200,-0.6800,0.0000,-0.0600,0.4300,0.984530,0.434166,"0.35,-0.62,-0.68,0.00,-0.06,0.43"
2217,2026-08-03T12:27:19.297,88.766566,59.962400,0.3500,-0.6200,-0.6800,0.0600,-0.0600,0.4300,0.984530,0.438292,"0.35,-0.62,-0.68,0.06,-0.06,0.43"
2218,2026-08-03T12:27:19.298,88.767046,0.480100,0.3500,-0.6200,-0.6800,0.0600,-0.0600,0.4300,0.984530,0.438292,"0.35,-0.62,-0.68,0.06,-0.06,0.43"
2219,2026-08-03T12:27:19.357,88.826197,59.150900,0.3500,-0.6200,-0.6800,0.0000,-0.0600,0.4300,0.984530,0.434166,"0.35,-0.62,-0.68,0.00,-0.06,0.43"
2220,2026-08-03T12:27:19.417,88.886793,60.595700,0.3500,-0.6200,-0.6800,0.0600,-0.1200,0.4900,0.984530,0.508035,"0.35,-0.62,-0.68,0.06,-0.12,0.49"
2221,2026-08-03T12:27:19.418,88.887263,0.470000,0.3500,-0.6200,-0.6800,0.0600,-0.1200,0.4900,0.984530,0.508035,"0.35,-0.62,-0.68,0.06,-0.12,0.49"
2222,2026-08-03T12:27:19.477,88.946751,59.488400,0.3500,-0.6200,-0.6800,0.0600,-0.1200,0.4900,0.984530,0.508035,"0.35,-0.62,-0.68,0.06,-0.12,0.49"
2223,2026-08-03T12:27:19.597,89.066355,119.604100,0.3500,-0.6200,-0.6800,0.0600,-0.1200,0.4900,0.984530,0.508035,"0.35,-0.62,-0.68,0.06,-0.12,0.49"
2224,2026-08-03T12:27:19.597,89.066769,0.413100,0.3500,-0.6200,-0.6800,0.0600,-0.1200,0.4900,0.984530,0.508035,"0.35,-0.62,-0.68,0.06,-0.12,0.49"
2225,2026-08-03T12:27:19.598,89.067572,0.803200,0.3500,-0.6200,-0.6800,0.1200,-0.1200,0.4900,0.984530,0.518556,"0.35,-0.62,-0.68,0.12,-0.12,0.49"
2226,2026-08-03T12:27:19.657,89.126245,58.673500,0.3500,-0.6200,-0.6800,0.1200,-0.1200,0.4900,0.984530,0.518556,"0.35,-0.62,-0.68,0.12,-0.12,0.49"
2227,2026-08-03T12:27:19.657,89.126817,0.571800,0.3500,-0.6200,-0.6800,0.1200,-0.1200,0.4900,0.984530,0.518556,"0.35,-0.62,-0.68,0.12,-0.12,0.49"
2228,2026-08-03T12:27:19.717,89.186439,59.621500,0.3500,-0.6200,-0.6800,0.1200,-0.1200,0.4900,0.984530,0.518556,"0.35,-0.62,-0.68,0.12,-0.12,0.49"
2229,2026-08-03T12:27:19.777,89.246297,59.858200,0.3500,-0.6200,-0.6800,0.1200,-0.1200,0.4900,0.984530,0.518556,"0.35,-0.62,-0.68,0.12,-0.12,0.49"
2230,2026-08-03T12:27:19.777,89.246797,0.500300,0.3500,-0.6200,-0.6800,0.1200,-0.1200,0.4900,0.984530,0.518556,"0.35,-0.62,-0.68,0.12,-0.12,0.49"
2231,2026-08-03T12:27:19.837,89.306198,59.401100,0.3500,-0.6200,-0.6800,0.0600,-0.1200,0.4900,0.984530,0.508035,"0.35,-0.62,-0.68,0.06,-0.12,0.49"
2232,2026-08-03T12:27:19.957,89.426297,120.098700,0.3500,-0.6200,-0.6800,0.0600,-0.0600,0.4900,0.984530,0.497293,"0.35,-0.62,-0.68,0.06,-0.06,0.49"
2233,2026-08-03T12:27:19.958,89.427436,1.139400,0.3500,-0.6300,-0.6800,0.0600,-0.0600,0.4900,0.990858,0.497293,"0.35,-0.63,-0.68,0.06,-0.06,0.49"
2234,2026-08-03T12:27:19.959,89.428220,0.783700,0.3500,-0.6200,-0.6800,0.0600,-0.0600,0.4900,0.984530,0.497293,"0.35,-0.62,-0.68,0.06,-0.06,0.49"
2235,2026-08-03T12:27:20.017,89.486253,58.033000,0.3500,-0.6200,-0.6800,0.0600,-0.0600,0.4900,0.984530,0.497293,"0.35,-0.62,-0.68,0.06,-0.06,0.49"
2236,2026-08-03T12:27:20.017,89.486644,0.391200,0.3500,-0.6200,-0.6800,0.0600,-0.0600,0.4900,0.984530,0.497293,"0.35,-0.62,-0.68,0.06,-0.06,0.49"
2237,2026-08-03T12:27:20.257,89.726153,239.508600,0.3500,-0.6200,-0.6800,0.0600,-0.1200,0.4900,0.984530,0.508035,"0.35,-0.62,-0.68,0.06,-0.12,0.49"
2238,2026-08-03T12:27:20.258,89.727195,1.042700,0.3500,-0.6300,-0.6800,0.0600,-0.0600,0.4300,0.990858,0.438292,"0.35,-0.63,-0.68,0.06,-0.06,0.43"
2239,2026-08-03T12:27:20.258,89.727558,0.362700,0.3500,-0.6300,-0.6800,0.0600,-0.0600,0.4300,0.990858,0.438292,"0.35,-0.63,-0.68,0.06,-0.06,0.43"
2240,2026-08-03T12:27:20.259,89.728212,0.653800,0.3500,-0.6200,-0.6800,0.0600,-0.0600,0.4900,0.984530,0.497293,"0.35,-0.62,-0.68,0.06,-0.06,0.49"
2241,2026-08-03T12:27:20.259,89.728619,0.407100,0.3500,-0.6200,-0.6800,0.0600,-0.0600,0.4900,0.984530,0.497293,"0.35,-0.62,-0.68,0.06,-0.06,0.49"
2242,2026-08-03T12:27:20.259,89.728951,0.332200,0.3500,-0.6200,-0.6800,0.1200,-0.0600,0.4900,0.984530,0.508035,"0.35,-0.62,-0.68,0.12,-0.06,0.49"
2243,2026-08-03T12:27:20.317,89.786385,57.433400,0.3500,-0.6200,-0.6800,0.1200,-0.0600,0.4900,0.984530,0.508035,"0.35,-0.62,-0.68,0.12,-0.06,0.49"
2244,2026-08-03T12:27:20.437,89.906279,119.894100,0.3500,-0.6200,-0.6800,0.0600,-0.1200,0.4900,0.984530,0.508035,"0.35,-0.62,-0.68,0.06,-0.12,0.49"
2245,2026-08-03T12:27:20.438,89.907085,0.805900,0.3500,-0.6200,-0.6800,0.0600,-0.1200,0.4900,0.984530,0.508035,"0.35,-0.62,-0.68,0.06,-0.12,0.49"
2246,2026-08-03T12:27:20.438,89.907872,0.787800,0.3500,-0.6200,-0.6800,0.0600,-0.1200,0.4900,0.984530,0.508035,"0.35,-0.62,-0.68,0.06,-0.12,0.49"
2247,2026-08-03T12:27:20.557,90.026380,118.508000,0.3500,-0.6200,-0.6800,0.0600,-0.1200,0.4300,0.984530,0.450444,"0.35,-0.62,-0.68,0.06,-0.12,0.43"
2248,2026-08-03T12:27:20.558,90.027107,0.726500,0.3500,-0.6200,-0.6800,0.0600,-0.0600,0.4300,0.984530,0.438292,"0.35,-0.62,-0.68,0.06,-0.06,0.43"
2249,2026-08-03T12:27:20.558,90.027687,0.579700,0.3500,-0.6200,-0.6800,0.0600,-0.0600,0.4900,0.984530,0.497293,"0.35,-0.62,-0.68,0.06,-0.06,0.49"
2250,2026-08-03T12:27:20.617,90.086040,58.353100,0.3500,-0.6200,-0.6800,0.0600,-0.0600,0.4900,0.984530,0.497293,"0.35,-0.62,-0.68,0.06,-0.06,0.49"
2251,2026-08-03T12:27:20.617,90.086388,0.347800,0.3500,-0.6200,-0.6800,0.0600,-0.0600,0.4900,0.984530,0.497293,"0.35,-0.62,-0.68,0.06,-0.06,0.49"
2252,2026-08-03T12:27:20.677,90.146201,59.813400,0.3500,-0.6200,-0.6800,0.0000,-0.0600,0.4900,0.984530,0.493660,"0.35,-0.62,-0.68,0.00,-0.06,0.49"
2253,2026-08-03T12:27:20.797,90.266286,120.085100,0.3500,-0.6200,-0.6800,0.0600,-0.0600,0.4900,0.984530,0.497293,"0.35,-0.62,-0.68,0.06,-0.06,0.49"
2254,2026-08-03T12:27:20.856,90.325880,59.593700,0.3500,-0.6200,-0.6800,0.0600,-0.0600,0.4900,0.984530,0.497293,"0.35,-0.62,-0.68,0.06,-0.06,0.49"
2255,2026-08-03T12:27:20.857,90.326251,0.371000,0.3500,-0.6200,-0.6800,0.0600,-0.0600,0.4900,0.984530,0.497293,"0.35,-0.62,-0.68,0.06,-0.06,0.49"
2256,2026-08-03T12:27:20.858,90.327201,0.950000,0.3500,-0.6200,-0.6800,0.0600,-0.1200,0.4900,0.984530,0.508035,"0.35,-0.62,-0.68,0.06,-0.12,0.49"
2257,2026-08-03T12:27:20.859,90.328364,1.162800,0.3500,-0.6200,-0.6800,0.0600,-0.1200,0.4900,0.984530,0.508035,"0.35,-0.62,-0.68,0.06,-0.12,0.49"
2258,2026-08-03T12:27:20.917,90.386325,57.961400,0.3500,-0.6200,-0.6800,0.0000,-0.1200,0.4900,0.984530,0.504480,"0.35,-0.62,-0.68,0.00,-0.12,0.49"
2259,2026-08-03T12:27:21.037,90.506437,120.111800,0.3500,-0.6200,-0.6800,0.0000,-0.0600,0.4300,0.984530,0.434166,"0.35,-0.62,-0.68,0.00,-0.06,0.43"
2260,2026-08-03T12:27:21.037,90.506857,0.420400,0.3500,-0.6200,-0.6800,0.0600,-0.0600,0.4300,0.984530,0.438292,"0.35,-0.62,-0.68,0.06,-0.06,0.43"
2261,2026-08-03T12:27:21.038,90.507306,0.448700,0.3500,-0.6200,-0.6800,0.0600,-0.0600,0.4300,0.984530,0.438292,"0.35,-0.62,-0.68,0.06,-0.06,0.43"
2262,2026-08-03T12:27:21.097,90.566775,59.469300,0.3500,-0.6200,-0.6800,0.0600,-0.0600,0.4300,0.984530,0.438292,"0.35,-0.62,-0.68,0.06,-0.06,0.43"
2263,2026-08-03T12:27:21.097,90.566939,0.164300,0.3500,-0.6200,-0.6800,0.0600,-0.0600,0.4300,0.984530,0.438292,"0.35,-0.62,-0.68,0.06,-0.06,0.43"
2264,2026-08-03T12:27:21.157,90.626431,59.491500,0.3500,-0.6200,-0.6800,0.0600,-0.0600,0.4900,0.984530,0.497293,"0.35,-0.62,-0.68,0.06,-0.06,0.49"
2265,2026-08-03T12:27:21.217,90.686432,60.000700,0.3500,-0.6300,-0.6800,0.0600,-0.0600,0.4900,0.990858,0.497293,"0.35,-0.63,-0.68,0.06,-0.06,0.49"
2266,2026-08-03T12:27:21.217,90.686631,0.199100,0.3500,-0.6200,-0.6800,0.0600,-0.0600,0.4300,0.984530,0.438292,"0.35,-0.62,-0.68,0.06,-0.06,0.43"
2267,2026-08-03T12:27:21.277,90.746645,60.014400,0.3500,-0.6200,-0.6800,0.0600,-0.0600,0.4300,0.984530,0.438292,"0.35,-0.62,-0.68,0.06,-0.06,0.43"
2268,2026-08-03T12:27:21.337,90.806494,59.848600,0.3500,-0.6200,-0.6800,0.0600,-0.1200,0.4300,0.984530,0.450444,"0.35,-0.62,-0.68,0.06,-0.12,0.43"
2269,2026-08-03T12:27:21.338,90.807313,0.818800,0.3500,-0.6200,-0.6800,0.0600,-0.1200,0.4300,0.984530,0.450444,"0.35,-0.62,-0.68,0.06,-0.12,0.43"
2270,2026-08-03T12:27:21.397,90.866413,59.100500,0.3500,-0.6200,-0.6800,0.0600,-0.0600,0.4300,0.984530,0.438292,"0.35,-0.62,-0.68,0.06,-0.06,0.43"
2271,2026-08-03T12:27:21.457,90.926778,60.365000,0.3500,-0.6200,-0.6800,0.0600,-0.0600,0.4900,0.984530,0.497293,"0.35,-0.62,-0.68,0.06,-0.06,0.49"
2272,2026-08-03T12:27:21.458,90.927851,1.073000,0.3500,-0.6200,-0.6800,0.0600,-0.0600,0.4900,0.984530,0.497293,"0.35,-0.62,-0.68,0.06,-0.06,0.49"
2273,2026-08-03T12:27:21.577,91.046943,119.092400,0.3500,-0.6200,-0.6800,0.0600,-0.0600,0.4900,0.984530,0.497293,"0.35,-0.62,-0.68,0.06,-0.06,0.49"
2274,2026-08-03T12:27:21.578,91.047802,0.858300,0.3500,-0.6200,-0.6800,0.0600,-0.0600,0.4900,0.984530,0.497293,"0.35,-0.62,-0.68,0.06,-0.06,0.49"
2275,2026-08-03T12:27:21.636,91.105528,57.726300,0.3500,-0.6200,-0.6800,0.0600,-0.1200,0.4300,0.984530,0.450444,"0.35,-0.62,-0.68,0.06,-0.12,0.43"
2276,2026-08-03T12:27:21.636,91.105964,0.436200,0.3500,-0.6200,-0.6800,0.0600,-0.0600,0.4300,0.984530,0.438292,"0.35,-0.62,-0.68,0.06,-0.06,0.43"
2277,2026-08-03T12:27:21.699,91.168051,62.086600,0.3500,-0.6200,-0.6800,0.0600,-0.0600,0.4300,0.984530,0.438292,"0.35,-0.62,-0.68,0.06,-0.06,0.43"
2278,2026-08-03T12:27:21.699,91.168392,0.341200,0.3500,-0.6200,-0.6800,0.0600,-0.0600,0.4300,0.984530,0.438292,"0.35,-0.62,-0.68,0.06,-0.06,0.43"
2279,2026-08-03T12:27:21.757,91.226185,57.792900,0.3500,-0.6200,-0.6800,0.0600,-0.0600,0.4300,0.984530,0.438292,"0.35,-0.62,-0.68,0.06,-0.06,0.43"
2280,2026-08-03T12:27:21.877,91.346115,119.930100,0.3500,-0.6200,-0.6800,0.0600,-0.0600,0.4300,0.984530,0.438292,"0.35,-0.62,-0.68,0.06,-0.06,0.43"
2281,2026-08-03T12:27:21.877,91.346946,0.830900,0.3500,-0.6200,-0.6800,0.0600,-0.0600,0.4300,0.984530,0.438292,"0.35,-0.62,-0.68,0.06,-0.06,0.43"
2282,2026-08-03T12:27:21.878,91.347563,0.617500,0.3500,-0.6200,-0.6800,0.0600,-0.0600,0.4900,0.984530,0.497293,"0.35,-0.62,-0.68,0.06,-0.06,0.49"
2283,2026-08-03T12:27:21.937,91.406714,59.150600,0.3500,-0.6200,-0.6800,0.0600,-0.0600,0.4900,0.984530,0.497293,"0.35,-0.62,-0.68,0.06,-0.06,0.49"
2284,2026-08-03T12:27:21.938,91.407295,0.581000,0.3500,-0.6200,-0.6800,0.0600,-0.0600,0.4900,0.984530,0.497293,"0.35,-0.62,-0.68,0.06,-0.06,0.49"
2285,2026-08-03T12:27:21.997,91.466455,59.160400,0.3500,-0.6200,-0.6800,0.0600,-0.0600,0.4900,0.984530,0.497293,"0.35,-0.62,-0.68,0.06,-0.06,0.49"
2286,2026-08-03T12:27:22.116,91.585933,119.477800,0.3500,-0.6200,-0.6800,0.0600,-0.0600,0.4900,0.984530,0.497293,"0.35,-0.62,-0.68,0.06,-0.06,0.49"
2287,2026-08-03T12:27:22.117,91.586284,0.351200,0.3500,-0.6200,-0.6800,0.0600,-0.1200,0.4300,0.984530,0.450444,"0.35,-0.62,-0.68,0.06,-0.12,0.43"
2288,2026-08-03T12:27:22.118,91.587119,0.834200,0.3500,-0.6200,-0.6800,0.0600,-0.1200,0.4300,0.984530,0.450444,"0.35,-0.62,-0.68,0.06,-0.12,0.43"
2289,2026-08-03T12:27:22.177,91.646291,59.172700,0.3500,-0.6200,-0.6800,0.0600,-0.1200,0.4300,0.984530,0.450444,"0.35,-0.62,-0.68,0.06,-0.12,0.43"
2290,2026-08-03T12:27:22.177,91.646980,0.688800,0.3500,-0.6200,-0.6800,0.0600,-0.0600,0.4300,0.984530,0.438292,"0.35,-0.62,-0.68,0.06,-0.06,0.43"
2291,2026-08-03T12:27:22.297,91.766399,119.418500,0.3500,-0.6200,-0.6800,0.0600,-0.0600,0.4900,0.984530,0.497293,"0.35,-0.62,-0.68,0.06,-0.06,0.49"
2292,2026-08-03T12:27:22.298,91.767088,0.688900,0.3500,-0.6200,-0.6800,0.0600,-0.1200,0.4900,0.984530,0.508035,"0.35,-0.62,-0.68,0.06,-0.12,0.49"
2293,2026-08-03T12:27:22.298,91.767899,0.811300,0.3500,-0.6200,-0.6800,0.0600,-0.0600,0.4300,0.984530,0.438292,"0.35,-0.62,-0.68,0.06,-0.06,0.43"
2294,2026-08-03T12:27:22.358,91.827124,59.224800,0.3500,-0.6300,-0.6800,0.0600,-0.0600,0.4300,0.990858,0.438292,"0.35,-0.63,-0.68,0.06,-0.06,0.43"
2295,2026-08-03T12:27:22.417,91.886303,59.179700,0.3500,-0.6300,-0.6800,0.0000,-0.0600,0.4300,0.990858,0.434166,"0.35,-0.63,-0.68,0.00,-0.06,0.43"
2296,2026-08-03T12:27:22.417,91.886627,0.324100,0.3500,-0.6300,-0.6800,0.0600,-0.0600,0.4300,0.990858,0.438292,"0.35,-0.63,-0.68,0.06,-0.06,0.43"
2297,2026-08-03T12:27:22.477,91.946589,59.961700,0.3500,-0.6300,-0.6800,0.0600,-0.1200,0.4900,0.990858,0.508035,"0.35,-0.63,-0.68,0.06,-0.12,0.49"
2298,2026-08-03T12:27:22.537,92.006760,60.170500,0.3500,-0.6300,-0.6800,0.0600,-0.1200,0.4900,0.990858,0.508035,"0.35,-0.63,-0.68,0.06,-0.12,0.49"
2299,2026-08-03T12:27:22.538,92.007369,0.609000,0.3500,-0.6200,-0.6800,0.0600,-0.0600,0.4900,0.984530,0.497293,"0.35,-0.62,-0.68,0.06,-0.06,0.49"
2300,2026-08-03T12:27:22.597,92.066255,58.886200,0.3500,-0.6200,-0.6800,0.0600,-0.0600,0.4900,0.984530,0.497293,"0.35,-0.62,-0.68,0.06,-0.06,0.49"
2301,2026-08-03T12:27:22.717,92.186434,120.178800,0.3500,-0.6200,-0.6800,0.0600,-0.1200,0.4900,0.984530,0.508035,"0.35,-0.62,-0.68,0.06,-0.12,0.49"
2302,2026-08-03T12:27:22.837,92.306146,119.712400,0.3500,-0.6300,-0.6800,0.0600,-0.1200,0.4900,0.990858,0.508035,"0.35,-0.63,-0.68,0.06,-0.12,0.49"
2303,2026-08-03T12:27:22.837,92.306972,0.825800,0.3500,-0.6200,-0.6800,0.0600,-0.0600,0.4900,0.984530,0.497293,"0.35,-0.62,-0.68,0.06,-0.06,0.49"
2304,2026-08-03T12:27:22.838,92.307892,0.920000,0.3500,-0.6200,-0.6800,0.0600,-0.0600,0.4300,0.984530,0.438292,"0.35,-0.62,-0.68,0.06,-0.06,0.43"
2305,2026-08-03T12:27:22.839,92.308321,0.428900,0.3500,-0.6200,-0.6800,0.0600,-0.0600,0.4300,0.984530,0.438292,"0.35,-0.62,-0.68,0.06,-0.06,0.43"
2306,2026-08-03T12:27:22.839,92.308839,0.517800,0.3500,-0.6200,-0.6800,0.0600,-0.0600,0.4300,0.984530,0.438292,"0.35,-0.62,-0.68,0.06,-0.06,0.43"
2307,2026-08-03T12:27:22.897,92.366229,57.390400,0.3500,-0.6200,-0.6800,0.0600,-0.0600,0.4300,0.984530,0.438292,"0.35,-0.62,-0.68,0.06,-0.06,0.43"
2308,2026-08-03T12:27:22.897,92.366559,0.330200,0.3500,-0.6300,-0.6800,0.0600,-0.0600,0.4300,0.990858,0.438292,"0.35,-0.63,-0.68,0.06,-0.06,0.43"
2309,2026-08-03T12:27:22.959,92.428688,62.128900,0.3500,-0.6200,-0.6800,0.0600,-0.1200,0.4300,0.984530,0.450444,"0.35,-0.62,-0.68,0.06,-0.12,0.43"
2310,2026-08-03T12:27:23.077,92.546573,117.885300,0.3500,-0.6200,-0.6800,0.0600,-0.1200,0.4900,0.984530,0.508035,"0.35,-0.62,-0.68,0.06,-0.12,0.49"
2311,2026-08-03T12:27:23.078,92.547134,0.560300,0.3500,-0.6200,-0.6800,0.0600,-0.0600,0.4900,0.984530,0.497293,"0.35,-0.62,-0.68,0.06,-0.06,0.49"
2312,2026-08-03T12:27:23.078,92.547937,0.803000,0.3500,-0.6200,-0.6800,0.0600,-0.1200,0.4900,0.984530,0.508035,"0.35,-0.62,-0.68,0.06,-0.12,0.49"
2313,2026-08-03T12:27:23.137,92.606526,58.589400,0.3500,-0.6200,-0.6800,0.0600,-0.1200,0.4300,0.984530,0.450444,"0.35,-0.62,-0.68,0.06,-0.12,0.43"
2314,2026-08-03T12:27:23.137,92.606798,0.271600,0.3500,-0.6300,-0.6800,0.0600,-0.0600,0.4300,0.990858,0.438292,"0.35,-0.63,-0.68,0.06,-0.06,0.43"
2315,2026-08-03T12:27:23.197,92.666562,59.763900,0.3500,-0.6300,-0.6800,0.0600,-0.0600,0.4300,0.990858,0.438292,"0.35,-0.63,-0.68,0.06,-0.06,0.43"
2316,2026-08-03T12:27:23.257,92.726547,59.985900,0.3500,-0.6300,-0.6800,0.0600,-0.0600,0.4300,0.990858,0.438292,"0.35,-0.63,-0.68,0.06,-0.06,0.43"
2317,2026-08-03T12:27:23.257,92.726999,0.451800,0.3500,-0.6200,-0.6800,0.0600,-0.1200,0.4300,0.984530,0.450444,"0.35,-0.62,-0.68,0.06,-0.12,0.43"
2318,2026-08-03T12:27:23.317,92.786558,59.558400,0.3500,-0.6200,-0.6800,0.1200,-0.0600,0.4300,0.984530,0.450444,"0.35,-0.62,-0.68,0.12,-0.06,0.43"
2319,2026-08-03T12:27:23.377,92.846705,60.147800,0.3500,-0.6200,-0.6800,0.0600,-0.0600,0.4300,0.984530,0.438292,"0.35,-0.62,-0.68,0.06,-0.06,0.43"
2320,2026-08-03T12:27:23.378,92.847379,0.673900,0.3500,-0.6200,-0.6800,0.0600,-0.0600,0.4300,0.984530,0.438292,"0.35,-0.62,-0.68,0.06,-0.06,0.43"
2321,2026-08-03T12:27:23.437,92.906044,58.664800,0.3500,-0.6200,-0.6800,0.0600,-0.0600,0.4300,0.984530,0.438292,"0.35,-0.62,-0.68,0.06,-0.06,0.43"
2322,2026-08-03T12:27:23.557,93.026089,120.045000,0.3500,-0.6200,-0.6800,0.0000,-0.0600,0.4300,0.984530,0.434166,"0.35,-0.62,-0.68,0.00,-0.06,0.43"
2323,2026-08-03T12:27:23.557,93.026825,0.735400,0.3500,-0.6200,-0.6800,0.0600,-0.0600,0.4300,0.984530,0.438292,"0.35,-0.62,-0.68,0.06,-0.06,0.43"
2324,2026-08-03T12:27:23.558,93.027467,0.642700,0.3500,-0.6200,-0.6800,0.0600,-0.0600,0.4300,0.984530,0.438292,"0.35,-0.62,-0.68,0.06,-0.06,0.43"
2325,2026-08-03T12:27:23.617,93.086628,59.160700,0.3500,-0.6200,-0.6800,0.0600,-0.0600,0.4300,0.984530,0.438292,"0.35,-0.62,-0.68,0.06,-0.06,0.43"
2326,2026-08-03T12:27:23.618,93.087061,0.433300,0.3500,-0.6200,-0.6800,0.0600,-0.0600,0.4900,0.984530,0.497293,"0.35,-0.62,-0.68,0.06,-0.06,0.49"
2327,2026-08-03T12:27:23.676,93.145981,58.919600,0.3500,-0.6200,-0.6800,0.0600,-0.0600,0.4900,0.984530,0.497293,"0.35,-0.62,-0.68,0.06,-0.06,0.49"
2328,2026-08-03T12:27:23.737,93.206790,60.809500,0.3500,-0.6200,-0.6800,0.0600,-0.0600,0.4900,0.984530,0.497293,"0.35,-0.62,-0.68,0.06,-0.06,0.49"
2329,2026-08-03T12:27:23.738,93.207452,0.661200,0.3500,-0.6200,-0.6800,0.0600,-0.0600,0.4900,0.984530,0.497293,"0.35,-0.62,-0.68,0.06,-0.06,0.49"
2330,2026-08-03T12:27:23.856,93.325509,118.057700,0.3500,-0.6200,-0.6800,0.0600,-0.1200,0.4900,0.984530,0.508035,"0.35,-0.62,-0.68,0.06,-0.12,0.49"
2331,2026-08-03T12:27:23.857,93.326607,1.098100,0.3500,-0.6200,-0.6800,0.0600,-0.1200,0.4900,0.984530,0.508035,"0.35,-0.62,-0.68,0.06,-0.12,0.49"
2332,2026-08-03T12:27:23.858,93.327198,0.590700,0.3500,-0.6300,-0.6800,0.0600,-0.1200,0.4900,0.990858,0.508035,"0.35,-0.63,-0.68,0.06,-0.12,0.49"
2333,2026-08-03T12:27:24.037,93.506544,179.345500,0.3500,-0.6300,-0.6800,0.0600,-0.0600,0.4900,0.990858,0.497293,"0.35,-0.63,-0.68,0.06,-0.06,0.49"
2334,2026-08-03T12:27:24.038,93.507302,0.758600,0.3500,-0.6200,-0.6800,0.0600,-0.0600,0.4300,0.984530,0.438292,"0.35,-0.62,-0.68,0.06,-0.06,0.43"
2335,2026-08-03T12:27:24.038,93.507630,0.328100,0.3500,-0.6300,-0.6800,0.0600,-0.0600,0.4300,0.990858,0.438292,"0.35,-0.63,-0.68,0.06,-0.06,0.43"
2336,2026-08-03T12:27:24.039,93.508208,0.578100,0.3500,-0.6300,-0.6800,0.0600,-0.0600,0.4300,0.990858,0.438292,"0.35,-0.63,-0.68,0.06,-0.06,0.43"
2337,2026-08-03T12:27:24.156,93.625977,117.768300,0.3500,-0.6300,-0.6800,0.0600,-0.0600,0.4300,0.990858,0.438292,"0.35,-0.63,-0.68,0.06,-0.06,0.43"
2338,2026-08-03T12:27:24.157,93.626589,0.612200,0.3500,-0.6300,-0.6800,0.0600,-0.0600,0.4300,0.990858,0.438292,"0.35,-0.63,-0.68,0.06,-0.06,0.43"
2339,2026-08-03T12:27:24.158,93.627302,0.712900,0.3500,-0.6200,-0.6800,0.0600,-0.0600,0.4900,0.984530,0.497293,"0.35,-0.62,-0.68,0.06,-0.06,0.49"
2340,2026-08-03T12:27:24.217,93.686453,59.150800,0.3500,-0.6200,-0.6800,0.0600,-0.0600,0.4900,0.984530,0.497293,"0.35,-0.62,-0.68,0.06,-0.06,0.49"
2341,2026-08-03T12:27:24.217,93.686968,0.515400,0.3500,-0.6200,-0.6800,0.0600,-0.0600,0.4300,0.984530,0.438292,"0.35,-0.62,-0.68,0.06,-0.06,0.43"
2342,2026-08-03T12:27:24.277,93.746357,59.389300,0.3500,-0.6200,-0.6800,0.0600,-0.0600,0.4300,0.984530,0.438292,"0.35,-0.62,-0.68,0.06,-0.06,0.43"
2343,2026-08-03T12:27:24.337,93.806763,60.406200,0.3500,-0.6300,-0.6800,0.0600,-0.1200,0.4900,0.990858,0.508035,"0.35,-0.63,-0.68,0.06,-0.12,0.49"
2344,2026-08-03T12:27:24.339,93.808196,1.432700,0.3500,-0.6300,-0.6800,0.0600,-0.0600,0.4900,0.990858,0.497293,"0.35,-0.63,-0.68,0.06,-0.06,0.49"
2345,2026-08-03T12:27:24.397,93.866310,58.113800,0.3500,-0.6300,-0.6800,0.0600,-0.0600,0.4900,0.990858,0.497293,"0.35,-0.63,-0.68,0.06,-0.06,0.49"
2346,2026-08-03T12:27:24.457,93.926789,60.479100,0.3500,-0.6300,-0.6800,0.0600,-0.0600,0.4300,0.990858,0.438292,"0.35,-0.63,-0.68,0.06,-0.06,0.43"
2347,2026-08-03T12:27:24.458,93.927616,0.826500,0.3500,-0.6300,-0.6800,0.0600,-0.0600,0.4300,0.990858,0.438292,"0.35,-0.63,-0.68,0.06,-0.06,0.43"
2348,2026-08-03T12:27:24.637,94.106424,178.808100,0.3500,-0.6300,-0.6800,0.0600,-0.1200,0.4300,0.990858,0.450444,"0.35,-0.63,-0.68,0.06,-0.12,0.43"
2349,2026-08-03T12:27:24.757,94.226256,119.832200,0.3500,-0.6200,-0.6800,0.0600,-0.1200,0.4300,0.984530,0.450444,"0.35,-0.62,-0.68,0.06,-0.12,0.43"
2350,2026-08-03T12:27:24.757,94.226798,0.542400,0.3500,-0.6300,-0.6800,0.0000,-0.0600,0.4300,0.990858,0.434166,"0.35,-0.63,-0.68,0.00,-0.06,0.43"
2351,2026-08-03T12:27:24.758,94.227308,0.510100,0.3500,-0.6300,-0.6800,0.0600,-0.0600,0.4900,0.990858,0.497293,"0.35,-0.63,-0.68,0.06,-0.06,0.49"
2352,2026-08-03T12:27:24.758,94.227786,0.477500,0.3500,-0.6200,-0.6800,0.0600,-0.0600,0.4900,0.984530,0.497293,"0.35,-0.62,-0.68,0.06,-0.06,0.49"
2353,2026-08-03T12:27:24.759,94.228640,0.854000,0.3500,-0.6200,-0.6800,0.0600,-0.0600,0.4900,0.984530,0.497293,"0.35,-0.62,-0.68,0.06,-0.06,0.49"
2354,2026-08-03T12:27:24.760,94.229366,0.726600,0.3500,-0.6200,-0.6800,0.0600,-0.0600,0.4300,0.984530,0.438292,"0.35,-0.62,-0.68,0.06,-0.06,0.43"
2355,2026-08-03T12:27:24.817,94.286476,57.109500,0.3500,-0.6200,-0.6800,0.0600,-0.0600,0.4300,0.984530,0.438292,"0.35,-0.62,-0.68,0.06,-0.06,0.43"
2356,2026-08-03T12:27:24.818,94.287068,0.591600,0.3500,-0.6200,-0.6800,0.0600,-0.1200,0.4900,0.984530,0.508035,"0.35,-0.62,-0.68,0.06,-0.12,0.49"
2357,2026-08-03T12:27:24.877,94.346593,59.525600,0.3500,-0.6200,-0.6800,0.0600,-0.1200,0.4900,0.984530,0.508035,"0.35,-0.62,-0.68,0.06,-0.12,0.49"
2358,2026-08-03T12:27:24.937,94.406876,60.283200,0.3500,-0.6200,-0.6800,0.0600,-0.1200,0.4300,0.984530,0.450444,"0.35,-0.62,-0.68,0.06,-0.12,0.43"
2359,2026-08-03T12:27:24.938,94.407874,0.998000,0.3500,-0.6200,-0.6800,0.0600,-0.1200,0.4300,0.984530,0.450444,"0.35,-0.62,-0.68,0.06,-0.12,0.43"
2360,2026-08-03T12:27:24.997,94.466362,58.487600,0.3500,-0.6200,-0.6800,0.0600,-0.1200,0.4300,0.984530,0.450444,"0.35,-0.62,-0.68,0.06,-0.12,0.43"
2361,2026-08-03T12:27:25.057,94.526054,59.692300,0.3500,-0.6200,-0.6800,0.0600,-0.0600,0.4900,0.984530,0.497293,"0.35,-0.62,-0.68,0.06,-0.06,0.49"
2362,2026-08-03T12:27:25.057,94.526308,0.253500,0.3500,-0.6200,-0.6800,0.0600,-0.0600,0.4900,0.984530,0.497293,"0.35,-0.62,-0.68,0.06,-0.06,0.49"
2363,2026-08-03T12:27:25.179,94.648236,121.928500,0.3500,-0.6200,-0.6800,0.0600,-0.1200,0.4900,0.984530,0.508035,"0.35,-0.62,-0.68,0.06,-0.12,0.49"
2364,2026-08-03T12:27:25.179,94.648934,0.697700,0.3500,-0.6200,-0.6800,0.0600,-0.1200,0.4900,0.984530,0.508035,"0.35,-0.62,-0.68,0.06,-0.12,0.49"
2365,2026-08-03T12:27:25.180,94.649056,0.122300,0.3500,-0.6200,-0.6800,0.0600,-0.1200,0.4300,0.984530,0.450444,"0.35,-0.62,-0.68,0.06,-0.12,0.43"
2366,2026-08-03T12:27:25.237,94.706362,57.306000,0.3500,-0.6300,-0.6800,0.0600,-0.1200,0.4300,0.990858,0.450444,"0.35,-0.63,-0.68,0.06,-0.12,0.43"
2367,2026-08-03T12:27:25.297,94.766193,59.830200,0.3500,-0.6200,-0.6800,0.0600,-0.0600,0.4900,0.984530,0.497293,"0.35,-0.62,-0.68,0.06,-0.06,0.49"
2368,2026-08-03T12:27:25.297,94.766337,0.144800,0.3500,-0.6200,-0.6800,0.0600,-0.0600,0.4900,0.984530,0.497293,"0.35,-0.62,-0.68,0.06,-0.06,0.49"
2369,2026-08-03T12:27:25.357,94.826185,59.847900,0.3500,-0.6200,-0.6800,0.0600,-0.0600,0.4300,0.984530,0.438292,"0.35,-0.62,-0.68,0.06,-0.06,0.43"
2370,2026-08-03T12:27:25.417,94.886484,60.298300,0.3500,-0.6200,-0.6800,0.0600,-0.0600,0.4300,0.984530,0.438292,"0.35,-0.62,-0.68,0.06,-0.06,0.43"
2371,2026-08-03T12:27:25.417,94.886620,0.136900,0.3500,-0.6200,-0.6800,0.0600,-0.1200,0.4900,0.984530,0.508035,"0.35,-0.62,-0.68,0.06,-0.12,0.49"
2372,2026-08-03T12:27:25.537,95.006774,120.153900,0.3500,-0.6200,-0.6800,0.0600,-0.1200,0.4900,0.984530,0.508035,"0.35,-0.62,-0.68,0.06,-0.12,0.49"
2373,2026-08-03T12:27:25.538,95.007100,0.325400,0.3500,-0.6200,-0.6800,0.0600,-0.0600,0.4300,0.984530,0.438292,"0.35,-0.62,-0.68,0.06,-0.06,0.43"
2374,2026-08-03T12:27:25.538,95.007348,0.248600,0.3500,-0.6200,-0.6800,0.0600,-0.0600,0.4300,0.984530,0.438292,"0.35,-0.62,-0.68,0.06,-0.06,0.43"
2375,2026-08-03T12:27:25.597,95.066417,59.069100,0.3500,-0.6200,-0.6800,0.0600,-0.0600,0.4300,0.984530,0.438292,"0.35,-0.62,-0.68,0.06,-0.06,0.43"
2376,2026-08-03T12:27:25.657,95.126267,59.849300,0.3500,-0.6200,-0.6800,0.0600,-0.0600,0.4900,0.984530,0.497293,"0.35,-0.62,-0.68,0.06,-0.06,0.49"
2377,2026-08-03T12:27:25.657,95.126829,0.562400,0.3500,-0.6200,-0.6800,0.0600,-0.0600,0.4900,0.984530,0.497293,"0.35,-0.62,-0.68,0.06,-0.06,0.49"
2378,2026-08-03T12:27:25.777,95.246242,119.413300,0.3500,-0.6200,-0.6800,0.0600,-0.0600,0.4900,0.984530,0.497293,"0.35,-0.62,-0.68,0.06,-0.06,0.49"
2379,2026-08-03T12:27:25.777,95.246888,0.646100,0.3500,-0.6200,-0.6800,0.0600,-0.0600,0.4300,0.984530,0.438292,"0.35,-0.62,-0.68,0.06,-0.06,0.43"
2380,2026-08-03T12:27:25.778,95.247648,0.759600,0.3500,-0.6200,-0.6800,0.0600,-0.0600,0.4300,0.984530,0.438292,"0.35,-0.62,-0.68,0.06,-0.06,0.43"
2381,2026-08-03T12:27:25.837,95.306504,58.855600,0.3500,-0.6200,-0.6800,0.0600,-0.0600,0.4900,0.984530,0.497293,"0.35,-0.62,-0.68,0.06,-0.06,0.49"
2382,2026-08-03T12:27:25.897,95.366261,59.757500,0.3500,-0.6200,-0.6800,0.0600,-0.0600,0.4900,0.984530,0.497293,"0.35,-0.62,-0.68,0.06,-0.06,0.49"
2383,2026-08-03T12:27:25.898,95.367687,1.425400,0.3500,-0.6200,-0.6800,0.0600,-0.0600,0.4900,0.984530,0.497293,"0.35,-0.62,-0.68,0.06,-0.06,0.49"
2384,2026-08-03T12:27:25.957,95.426670,58.983900,0.3500,-0.6200,-0.6800,0.0600,-0.0600,0.4900,0.984530,0.497293,"0.35,-0.62,-0.68,0.06,-0.06,0.49"
2385,2026-08-03T12:27:26.077,95.546738,120.067100,0.3500,-0.6200,-0.6800,0.0600,-0.0600,0.4300,0.984530,0.438292,"0.35,-0.62,-0.68,0.06,-0.06,0.43"
2386,2026-08-03T12:27:26.078,95.547256,0.518000,0.3500,-0.6200,-0.6800,0.0600,-0.0600,0.4300,0.984530,0.438292,"0.35,-0.62,-0.68,0.06,-0.06,0.43"
2387,2026-08-03T12:27:26.137,95.606088,58.832300,0.3500,-0.6200,-0.6800,0.0600,-0.0600,0.4900,0.984530,0.497293,"0.35,-0.62,-0.68,0.06,-0.06,0.49"
2388,2026-08-03T12:27:26.198,95.667701,61.612700,0.3500,-0.6300,-0.6800,0.0600,-0.0600,0.4900,0.990858,0.497293,"0.35,-0.63,-0.68,0.06,-0.06,0.49"
2389,2026-08-03T12:27:26.199,95.668543,0.842500,0.3500,-0.6300,-0.6800,0.0600,-0.0600,0.4900,0.990858,0.497293,"0.35,-0.63,-0.68,0.06,-0.06,0.49"
2390,2026-08-03T12:27:26.200,95.669246,0.702600,0.3500,-0.6200,-0.6800,0.1200,-0.1200,0.4900,0.984530,0.518556,"0.35,-0.62,-0.68,0.12,-0.12,0.49"
2391,2026-08-03T12:27:26.257,95.726349,57.103600,0.3500,-0.6200,-0.6800,0.0600,-0.1200,0.4900,0.984530,0.508035,"0.35,-0.62,-0.68,0.06,-0.12,0.49"
2392,2026-08-03T12:27:26.257,95.726895,0.545600,0.3500,-0.6200,-0.6800,0.0600,-0.1200,0.4300,0.984530,0.450444,"0.35,-0.62,-0.68,0.06,-0.12,0.43"
2393,2026-08-03T12:27:26.317,95.786232,59.336800,0.3500,-0.6200,-0.6800,0.0600,-0.0600,0.4300,0.984530,0.438292,"0.35,-0.62,-0.68,0.06,-0.06,0.43"
2394,2026-08-03T12:27:26.377,95.846235,60.002900,0.3500,-0.6200,-0.6800,0.0600,-0.0600,0.4300,0.984530,0.438292,"0.35,-0.62,-0.68,0.06,-0.06,0.43"
2395,2026-08-03T12:27:26.377,95.846400,0.165100,0.3500,-0.6200,-0.6800,0.0600,-0.0600,0.4900,0.984530,0.497293,"0.35,-0.62,-0.68,0.06,-0.06,0.49"
2396,2026-08-03T12:27:26.437,95.906440,60.040800,0.3500,-0.6200,-0.6800,0.0600,-0.0600,0.4900,0.984530,0.497293,"0.35,-0.62,-0.68,0.06,-0.06,0.49"
2397,2026-08-03T12:27:26.497,95.966103,59.662100,0.3500,-0.6300,-0.6800,0.0600,-0.0600,0.4900,0.990858,0.497293,"0.35,-0.63,-0.68,0.06,-0.06,0.49"
2398,2026-08-03T12:27:26.497,95.966619,0.516600,0.3500,-0.6300,-0.6800,0.0600,-0.1200,0.4300,0.990858,0.450444,"0.35,-0.63,-0.68,0.06,-0.12,0.43"
2399,2026-08-03T12:27:26.557,96.026579,59.960300,0.3500,-0.6200,-0.6800,0.0600,-0.1200,0.4900,0.984530,0.508035,"0.35,-0.62,-0.68,0.06,-0.12,0.49"
2400,2026-08-03T12:27:26.617,96.086996,60.416400,0.3500,-0.6200,-0.6800,0.0600,-0.1200,0.4900,0.984530,0.508035,"0.35,-0.62,-0.68,0.06,-0.12,0.49"
2401,2026-08-03T12:27:26.618,96.087944,0.948500,0.3500,-0.6200,-0.6800,0.0600,-0.1200,0.4900,0.984530,0.508035,"0.35,-0.62,-0.68,0.06,-0.12,0.49"
2402,2026-08-03T12:27:26.677,96.146127,58.183100,0.3500,-0.6300,-0.6800,0.0600,-0.0600,0.4900,0.990858,0.497293,"0.35,-0.63,-0.68,0.06,-0.06,0.49"
2403,2026-08-03T12:27:26.737,96.206526,60.398300,0.3500,-0.6200,-0.6800,0.0000,-0.0600,0.4900,0.984530,0.493660,"0.35,-0.62,-0.68,0.00,-0.06,0.49"
2404,2026-08-03T12:27:26.737,96.206693,0.167100,0.3500,-0.6200,-0.6800,0.0600,-0.0600,0.4300,0.984530,0.438292,"0.35,-0.62,-0.68,0.06,-0.06,0.43"
2405,2026-08-03T12:27:26.797,96.266153,59.459800,0.3500,-0.6200,-0.6800,0.0600,-0.0600,0.4900,0.984530,0.497293,"0.35,-0.62,-0.68,0.06,-0.06,0.49"
2406,2026-08-03T12:27:26.919,96.388039,121.886500,0.3500,-0.6200,-0.6800,0.1200,-0.0600,0.4900,0.984530,0.508035,"0.35,-0.62,-0.68,0.12,-0.06,0.49"
2407,2026-08-03T12:27:26.919,96.388875,0.836100,0.3500,-0.6200,-0.6800,0.1200,-0.0600,0.4900,0.984530,0.508035,"0.35,-0.62,-0.68,0.12,-0.06,0.49"
2408,2026-08-03T12:27:26.920,96.389409,0.533400,0.3500,-0.6200,-0.6800,0.0600,-0.0600,0.4900,0.984530,0.497293,"0.35,-0.62,-0.68,0.06,-0.06,0.49"
2409,2026-08-03T12:27:26.977,96.446209,56.800500,0.3500,-0.6200,-0.6800,0.0600,-0.0600,0.4900,0.984530,0.497293,"0.35,-0.62,-0.68,0.06,-0.06,0.49"
2410,2026-08-03T12:27:26.977,96.446355,0.146000,0.3500,-0.6200,-0.6800,0.0600,-0.0600,0.4900,0.984530,0.497293,"0.35,-0.62,-0.68,0.06,-0.06,0.49"
2411,2026-08-03T12:27:27.037,96.506643,60.287700,0.3500,-0.6200,-0.6800,0.0600,-0.1200,0.4900,0.984530,0.508035,"0.35,-0.62,-0.68,0.06,-0.12,0.49"
2412,2026-08-03T12:27:27.097,96.566263,59.619700,0.3500,-0.6300,-0.6800,0.0600,-0.1200,0.4900,0.990858,0.508035,"0.35,-0.63,-0.68,0.06,-0.12,0.49"
2413,2026-08-03T12:27:27.097,96.566604,0.341100,0.3500,-0.6300,-0.6800,0.0600,-0.0600,0.4900,0.990858,0.497293,"0.35,-0.63,-0.68,0.06,-0.06,0.49"
2414,2026-08-03T12:27:27.158,96.627054,60.450500,0.3500,-0.6300,-0.6800,0.0600,-0.0600,0.4900,0.990858,0.497293,"0.35,-0.63,-0.68,0.06,-0.06,0.49"
2415,2026-08-03T12:27:27.217,96.686221,59.167200,0.3500,-0.6300,-0.6800,0.0600,-0.0600,0.4900,0.990858,0.497293,"0.35,-0.63,-0.68,0.06,-0.06,0.49"
2416,2026-08-03T12:27:27.217,96.686593,0.371200,0.3500,-0.6300,-0.6800,0.0600,-0.1200,0.4300,0.990858,0.450444,"0.35,-0.63,-0.68,0.06,-0.12,0.43"
2417,2026-08-03T12:27:27.277,96.746160,59.567400,0.3500,-0.6200,-0.6800,0.0600,-0.1200,0.4300,0.984530,0.450444,"0.35,-0.62,-0.68,0.06,-0.12,0.43"
2418,2026-08-03T12:27:27.337,96.806966,60.805600,0.3500,-0.6200,-0.6800,0.0600,-0.1200,0.4900,0.984530,0.508035,"0.35,-0.62,-0.68,0.06,-0.12,0.49"
2419,2026-08-03T12:27:27.338,96.807436,0.470900,0.3500,-0.6200,-0.6800,0.0600,-0.1200,0.4900,0.984530,0.508035,"0.35,-0.62,-0.68,0.06,-0.12,0.49"
2420,2026-08-03T12:27:27.397,96.866424,58.987700,0.3500,-0.6200,-0.6800,0.0600,-0.1200,0.4900,0.984530,0.508035,"0.35,-0.62,-0.68,0.06,-0.12,0.49"
2421,2026-08-03T12:27:27.457,96.926140,59.715700,0.3500,-0.6200,-0.6800,0.0000,-0.1200,0.4900,0.984530,0.504480,"0.35,-0.62,-0.68,0.00,-0.12,0.49"
2422,2026-08-03T12:27:27.457,96.926787,0.647200,0.3500,-0.6200,-0.6800,0.0000,-0.1200,0.4900,0.984530,0.504480,"0.35,-0.62,-0.68,0.00,-0.12,0.49"
2423,2026-08-03T12:27:27.517,96.986147,59.359900,0.3500,-0.6300,-0.6800,0.0600,-0.1200,0.4300,0.990858,0.450444,"0.35,-0.63,-0.68,0.06,-0.12,0.43"
2424,2026-08-03T12:27:27.577,97.046390,60.242800,0.3500,-0.6300,-0.6800,0.0600,-0.0600,0.4300,0.990858,0.438292,"0.35,-0.63,-0.68,0.06,-0.06,0.43"
2425,2026-08-03T12:27:27.577,97.046911,0.521500,0.3500,-0.6300,-0.6800,0.0600,-0.0600,0.4300,0.990858,0.438292,"0.35,-0.63,-0.68,0.06,-0.06,0.43"
2426,2026-08-03T12:27:27.637,97.106861,59.949800,0.3500,-0.6300,-0.6800,0.0600,-0.0600,0.4300,0.990858,0.438292,"0.35,-0.63,-0.68,0.06,-0.06,0.43"
2427,2026-08-03T12:27:27.697,97.166375,59.513600,0.3500,-0.6200,-0.6800,0.0600,-0.1200,0.4300,0.984530,0.450444,"0.35,-0.62,-0.68,0.06,-0.12,0.43"
2428,2026-08-03T12:27:27.698,97.167063,0.688400,0.3500,-0.6200,-0.6800,0.0600,-0.1200,0.4300,0.984530,0.450444,"0.35,-0.62,-0.68,0.06,-0.12,0.43"
2429,2026-08-03T12:27:27.757,97.226837,59.773900,0.3500,-0.6200,-0.6800,0.0600,-0.0600,0.4300,0.984530,0.438292,"0.35,-0.62,-0.68,0.06,-0.06,0.43"
2430,2026-08-03T12:27:27.817,97.286534,59.697400,0.3500,-0.6200,-0.6800,0.0600,-0.0600,0.4300,0.984530,0.438292,"0.35,-0.62,-0.68,0.06,-0.06,0.43"
2431,2026-08-03T12:27:27.818,97.287192,0.657200,0.3500,-0.6200,-0.6800,0.0600,-0.0600,0.4300,0.984530,0.438292,"0.35,-0.62,-0.68,0.06,-0.06,0.43"
2432,2026-08-03T12:27:27.878,97.347128,59.936600,0.3500,-0.6200,-0.6800,0.0600,-0.1200,0.4300,0.984530,0.450444,"0.35,-0.62,-0.68,0.06,-0.12,0.43"
2433,2026-08-03T12:27:27.937,97.406966,59.838000,0.3500,-0.6200,-0.6800,0.0600,-0.1200,0.4900,0.984530,0.508035,"0.35,-0.62,-0.68,0.06,-0.12,0.49"
2434,2026-08-03T12:27:27.938,97.407437,0.470400,0.3500,-0.6200,-0.6800,0.0600,-0.1200,0.4900,0.984530,0.508035,"0.35,-0.62,-0.68,0.06,-0.12,0.49"
2435,2026-08-03T12:27:27.997,97.466504,59.067000,0.3500,-0.6200,-0.6800,0.0600,-0.0600,0.4900,0.984530,0.497293,"0.35,-0.62,-0.68,0.06,-0.06,0.49"
2436,2026-08-03T12:27:28.057,97.527004,60.500600,0.3500,-0.6200,-0.6800,0.0600,-0.0600,0.4900,0.984530,0.497293,"0.35,-0.62,-0.68,0.06,-0.06,0.49"
2437,2026-08-03T12:27:28.058,97.527482,0.478200,0.3500,-0.6200,-0.6800,0.0600,-0.0600,0.4900,0.984530,0.497293,"0.35,-0.62,-0.68,0.06,-0.06,0.49"
2438,2026-08-03T12:27:28.117,97.586379,58.896600,0.3500,-0.6200,-0.6800,0.1200,-0.0600,0.4900,0.984530,0.508035,"0.35,-0.62,-0.68,0.12,-0.06,0.49"
2439,2026-08-03T12:27:28.177,97.646041,59.662400,0.3500,-0.6300,-0.6800,0.1200,-0.0600,0.4300,0.990858,0.450444,"0.35,-0.63,-0.68,0.12,-0.06,0.43"
2440,2026-08-03T12:27:28.177,97.646669,0.627600,0.3500,-0.6300,-0.6800,0.1200,-0.0600,0.4900,0.990858,0.508035,"0.35,-0.63,-0.68,0.12,-0.06,0.49"
2441,2026-08-03T12:27:28.237,97.706462,59.792700,0.3500,-0.6200,-0.6800,0.0600,-0.0600,0.4900,0.984530,0.497293,"0.35,-0.62,-0.68,0.06,-0.06,0.49"
2442,2026-08-03T12:27:28.297,97.766475,60.013300,0.3500,-0.6200,-0.6800,0.0600,-0.0600,0.4900,0.984530,0.497293,"0.35,-0.62,-0.68,0.06,-0.06,0.49"
2443,2026-08-03T12:27:28.298,97.767278,0.803000,0.3500,-0.6200,-0.6800,0.0600,-0.0600,0.4900,0.984530,0.497293,"0.35,-0.62,-0.68,0.06,-0.06,0.49"
2444,2026-08-03T12:27:28.357,97.826157,58.878800,0.3500,-0.6200,-0.6800,0.0600,-0.0600,0.4900,0.984530,0.497293,"0.35,-0.62,-0.68,0.06,-0.06,0.49"
2445,2026-08-03T12:27:28.416,97.885765,59.608200,0.3500,-0.6200,-0.6800,0.0600,-0.0600,0.4300,0.984530,0.438292,"0.35,-0.62,-0.68,0.06,-0.06,0.43"
2446,2026-08-03T12:27:28.417,97.886110,0.345300,0.3500,-0.6200,-0.6800,0.0600,-0.0600,0.4300,0.984530,0.438292,"0.35,-0.62,-0.68,0.06,-0.06,0.43"
2447,2026-08-03T12:27:28.537,98.006279,120.168300,0.3500,-0.6200,-0.6800,0.0600,-0.0600,0.4300,0.984530,0.438292,"0.35,-0.62,-0.68,0.06,-0.06,0.43"
2448,2026-08-03T12:27:28.537,98.006474,0.195400,0.3500,-0.6200,-0.6800,0.0600,-0.0600,0.4300,0.984530,0.438292,"0.35,-0.62,-0.68,0.06,-0.06,0.43"
2449,2026-08-03T12:27:28.538,98.007170,0.696400,0.3500,-0.6200,-0.6800,0.0600,-0.0600,0.4300,0.984530,0.438292,"0.35,-0.62,-0.68,0.06,-0.06,0.43"
2450,2026-08-03T12:27:28.597,98.066476,59.305600,0.3500,-0.6200,-0.6800,0.0600,-0.0600,0.4900,0.984530,0.497293,"0.35,-0.62,-0.68,0.06,-0.06,0.49"
2451,2026-08-03T12:27:28.659,98.128032,61.556100,0.3500,-0.6300,-0.6800,0.0600,-0.0600,0.4900,0.990858,0.497293,"0.35,-0.63,-0.68,0.06,-0.06,0.49"
2452,2026-08-03T12:27:28.659,98.128655,0.622500,0.3500,-0.6300,-0.6800,0.0600,-0.0600,0.4900,0.990858,0.497293,"0.35,-0.63,-0.68,0.06,-0.06,0.49"
2453,2026-08-03T12:27:28.777,98.246270,117.615600,0.3500,-0.6300,-0.6800,0.0600,-0.0600,0.4900,0.990858,0.497293,"0.35,-0.63,-0.68,0.06,-0.06,0.49"
2454,2026-08-03T12:27:28.777,98.246877,0.606700,0.3500,-0.6200,-0.6800,0.0600,-0.1200,0.4900,0.984530,0.508035,"0.35,-0.62,-0.68,0.06,-0.12,0.49"
2455,2026-08-03T12:27:28.778,98.247777,0.900300,0.3500,-0.6200,-0.6800,0.0600,-0.1200,0.4300,0.984530,0.450444,"0.35,-0.62,-0.68,0.06,-0.12,0.43"
2456,2026-08-03T12:27:28.897,98.366552,118.775000,0.3500,-0.6200,-0.6800,0.0600,-0.0600,0.4300,0.984530,0.438292,"0.35,-0.62,-0.68,0.06,-0.06,0.43"
2457,2026-08-03T12:27:28.898,98.367161,0.608900,0.3500,-0.6200,-0.6800,0.0600,-0.0600,0.4300,0.984530,0.438292,"0.35,-0.62,-0.68,0.06,-0.06,0.43"
2458,2026-08-03T12:27:28.898,98.367396,0.235100,0.3500,-0.6200,-0.6800,0.0600,-0.0600,0.4300,0.984530,0.438292,"0.35,-0.62,-0.68,0.06,-0.06,0.43"
2459,2026-08-03T12:27:28.957,98.426265,58.868800,0.3500,-0.6300,-0.6800,0.0600,-0.0600,0.4300,0.990858,0.438292,"0.35,-0.63,-0.68,0.06,-0.06,0.43"
2460,2026-08-03T12:27:29.017,98.486782,60.517500,0.3500,-0.6300,-0.6800,0.0600,-0.0600,0.4900,0.990858,0.497293,"0.35,-0.63,-0.68,0.06,-0.06,0.49"
2461,2026-08-03T12:27:29.018,98.487233,0.450900,0.3500,-0.6200,-0.6800,0.1200,-0.0600,0.4900,0.984530,0.508035,"0.35,-0.62,-0.68,0.12,-0.06,0.49"
2462,2026-08-03T12:27:29.077,98.546351,59.117600,0.3500,-0.6200,-0.6800,0.1200,-0.1200,0.4900,0.984530,0.518556,"0.35,-0.62,-0.68,0.12,-0.12,0.49"
2463,2026-08-03T12:27:29.197,98.666649,120.298300,0.3500,-0.6200,-0.6800,0.1200,-0.1200,0.4900,0.984530,0.518556,"0.35,-0.62,-0.68,0.12,-0.12,0.49"
2464,2026-08-03T12:27:29.197,98.666997,0.347400,0.3500,-0.6300,-0.6800,0.0600,-0.1200,0.4900,0.990858,0.508035,"0.35,-0.63,-0.68,0.06,-0.12,0.49"
2465,2026-08-03T12:27:29.198,98.667418,0.421100,0.3500,-0.6300,-0.6800,0.0600,-0.1200,0.4900,0.990858,0.508035,"0.35,-0.63,-0.68,0.06,-0.12,0.49"
2466,2026-08-03T12:27:29.317,98.786476,119.058300,0.3500,-0.6300,-0.6800,0.0600,-0.1200,0.4900,0.990858,0.508035,"0.35,-0.63,-0.68,0.06,-0.12,0.49"
2467,2026-08-03T12:27:29.318,98.787628,1.151400,0.3500,-0.6200,-0.6800,0.0600,-0.0600,0.4900,0.984530,0.497293,"0.35,-0.62,-0.68,0.06,-0.06,0.49"
2468,2026-08-03T12:27:29.318,98.787990,0.362500,0.3500,-0.6200,-0.6800,0.0600,-0.0600,0.4900,0.984530,0.497293,"0.35,-0.62,-0.68,0.06,-0.06,0.49"
2469,2026-08-03T12:27:29.377,98.846968,58.978100,0.3500,-0.6200,-0.6800,0.0600,-0.0600,0.4900,0.984530,0.497293,"0.35,-0.62,-0.68,0.06,-0.06,0.49"
2470,2026-08-03T12:27:29.378,98.847288,0.319900,0.3500,-0.6200,-0.6800,0.0000,-0.0600,0.4300,0.984530,0.434166,"0.35,-0.62,-0.68,0.00,-0.06,0.43"
2471,2026-08-03T12:27:29.438,98.907312,60.023600,0.3500,-0.6200,-0.6800,0.0000,-0.0600,0.4300,0.984530,0.434166,"0.35,-0.62,-0.68,0.00,-0.06,0.43"
2472,2026-08-03T12:27:29.497,98.966225,58.913200,0.3500,-0.6200,-0.6800,0.0600,-0.0600,0.4300,0.984530,0.438292,"0.35,-0.62,-0.68,0.06,-0.06,0.43"
2473,2026-08-03T12:27:29.497,98.966835,0.610300,0.3500,-0.6200,-0.6800,0.0600,-0.0600,0.4300,0.984530,0.438292,"0.35,-0.62,-0.68,0.06,-0.06,0.43"
2474,2026-08-03T12:27:29.557,99.026372,59.536800,0.3500,-0.6200,-0.6800,0.0600,-0.0600,0.4300,0.984530,0.438292,"0.35,-0.62,-0.68,0.06,-0.06,0.43"
2475,2026-08-03T12:27:29.617,99.086560,60.188600,0.3500,-0.6200,-0.6800,0.0600,-0.0600,0.4900,0.984530,0.497293,"0.35,-0.62,-0.68,0.06,-0.06,0.49"
2476,2026-08-03T12:27:29.617,99.086954,0.393400,0.3500,-0.6200,-0.6800,0.0600,-0.0600,0.4300,0.984530,0.438292,"0.35,-0.62,-0.68,0.06,-0.06,0.43"
2477,2026-08-03T12:27:29.677,99.146320,59.366200,0.3500,-0.6200,-0.6800,0.0000,-0.0600,0.4300,0.984530,0.434166,"0.35,-0.62,-0.68,0.00,-0.06,0.43"
2478,2026-08-03T12:27:29.737,99.206129,59.808800,0.3500,-0.6200,-0.6800,0.0000,-0.0600,0.4300,0.984530,0.434166,"0.35,-0.62,-0.68,0.00,-0.06,0.43"
2479,2026-08-03T12:27:29.737,99.206682,0.553300,0.3500,-0.6200,-0.6800,0.0000,-0.0600,0.4900,0.984530,0.493660,"0.35,-0.62,-0.68,0.00,-0.06,0.49"
2480,2026-08-03T12:27:29.857,99.326292,119.609400,0.3500,-0.6200,-0.6800,0.1200,-0.0600,0.4900,0.984530,0.508035,"0.35,-0.62,-0.68,0.12,-0.06,0.49"
2481,2026-08-03T12:27:29.857,99.326807,0.515100,0.3500,-0.6200,-0.6800,0.1200,-0.0600,0.4300,0.984530,0.450444,"0.35,-0.62,-0.68,0.12,-0.06,0.43"
2482,2026-08-03T12:27:29.858,99.327426,0.619800,0.3500,-0.6200,-0.6800,0.1200,-0.0600,0.4300,0.984530,0.450444,"0.35,-0.62,-0.68,0.12,-0.06,0.43"
2483,2026-08-03T12:27:29.977,99.446379,118.952100,0.3500,-0.6200,-0.6800,0.0600,-0.0600,0.4300,0.984530,0.438292,"0.35,-0.62,-0.68,0.06,-0.06,0.43"
2484,2026-08-03T12:27:29.977,99.446872,0.493500,0.3500,-0.6200,-0.6800,0.0600,-0.0600,0.4300,0.984530,0.438292,"0.35,-0.62,-0.68,0.06,-0.06,0.43"
2485,2026-08-03T12:27:29.978,99.447264,0.392300,0.3500,-0.6200,-0.6800,0.0600,-0.0600,0.4300,0.984530,0.438292,"0.35,-0.62,-0.68,0.06,-0.06,0.43"
2486,2026-08-03T12:27:30.037,99.506932,59.667600,0.3500,-0.6200,-0.6800,0.0600,-0.0600,0.4900,0.984530,0.497293,"0.35,-0.62,-0.68,0.06,-0.06,0.49"
2487,2026-08-03T12:27:30.097,99.566398,59.466500,0.3500,-0.6200,-0.6800,0.1200,-0.1200,0.4900,0.984530,0.518556,"0.35,-0.62,-0.68,0.12,-0.12,0.49"
2488,2026-08-03T12:27:30.097,99.566520,0.121800,0.3500,-0.6200,-0.6800,0.0600,-0.1200,0.4300,0.984530,0.450444,"0.35,-0.62,-0.68,0.06,-0.12,0.43"
2489,2026-08-03T12:27:30.217,99.686712,120.191300,0.3500,-0.6200,-0.6800,0.0600,-0.1200,0.4300,0.984530,0.450444,"0.35,-0.62,-0.68,0.06,-0.12,0.43"
2490,2026-08-03T12:27:30.218,99.687246,0.534200,0.3500,-0.6200,-0.6800,0.0000,0.0000,0.3700,0.984530,0.370000,"0.35,-0.62,-0.68,0.00,0.00,0.37"
2491,2026-08-03T12:27:30.218,99.687796,0.549900,0.3500,-0.6300,-0.6800,-0.0600,0.1800,0.2400,0.990858,0.305941,"0.35,-0.63,-0.68,-0.06,0.18,0.24"
2492,2026-08-03T12:27:30.337,99.806390,118.594000,0.3500,-0.6300,-0.6900,-0.0600,0.1200,0.2400,0.997747,0.274955,"0.35,-0.63,-0.69,-0.06,0.12,0.24"
2493,2026-08-03T12:27:30.337,99.806844,0.454500,0.3500,-0.6200,-0.6800,0.0600,0.0000,0.4300,0.984530,0.434166,"0.35,-0.62,-0.68,0.06,0.00,0.43"
2494,2026-08-03T12:27:30.338,99.807835,0.990500,0.3500,-0.6200,-0.6800,0.1200,-0.1200,0.4900,0.984530,0.518556,"0.35,-0.62,-0.68,0.12,-0.12,0.49"
2495,2026-08-03T12:27:30.458,99.927104,119.269100,0.3500,-0.6200,-0.6800,0.1200,-0.1200,0.4900,0.984530,0.518556,"0.35,-0.62,-0.68,0.12,-0.12,0.49"
2496,2026-08-03T12:27:30.458,99.927727,0.622800,0.3500,-0.6200,-0.6800,0.1200,-0.1200,0.4900,0.984530,0.518556,"0.35,-0.62,-0.68,0.12,-0.12,0.49"
2497,2026-08-03T12:27:30.459,99.928499,0.772700,0.3500,-0.6200,-0.6800,0.1200,-0.1200,0.4900,0.984530,0.518556,"0.35,-0.62,-0.68,0.12,-0.12,0.49"
2498,2026-08-03T12:27:30.517,99.986840,58.341100,0.3500,-0.6200,-0.6800,0.1200,-0.0600,0.4900,0.984530,0.508035,"0.35,-0.62,-0.68,0.12,-0.06,0.49"
2499,2026-08-03T12:27:30.577,100.046366,59.525500,0.3500,-0.6200,-0.6800,0.1200,-0.0600,0.4900,0.984530,0.508035,"0.35,-0.62,-0.68,0.12,-0.06,0.49"
2500,2026-08-03T12:27:30.578,100.047058,0.692300,0.3500,-0.6200,-0.6800,0.1200,-0.1200,0.4900,0.984530,0.518556,"0.35,-0.62,-0.68,0.12,-0.12,0.49"
2501,2026-08-03T12:27:30.637,100.106830,59.771400,0.3500,-0.6200,-0.6800,0.0600,-0.1200,0.4900,0.984530,0.508035,"0.35,-0.62,-0.68,0.06,-0.12,0.49"
2502,2026-08-03T12:27:30.697,100.167010,60.180000,0.3500,-0.6200,-0.6800,0.0600,-0.0600,0.4300,0.984530,0.438292,"0.35,-0.62,-0.68,0.06,-0.06,0.43"
2503,2026-08-03T12:27:30.698,100.167337,0.327800,0.3500,-0.6200,-0.6800,0.0600,-0.0600,0.4300,0.984530,0.438292,"0.35,-0.62,-0.68,0.06,-0.06,0.43"
2504,2026-08-03T12:27:30.757,100.226128,58.790700,0.3500,-0.6200,-0.6800,0.1200,-0.0600,0.4900,0.984530,0.508035,"0.35,-0.62,-0.68,0.12,-0.06,0.49"
2505,2026-08-03T12:27:30.818,100.287404,61.276400,0.3500,-0.6200,-0.6800,0.1200,-0.1200,0.4900,0.984530,0.518556,"0.35,-0.62,-0.68,0.12,-0.12,0.49"
2506,2026-08-03T12:27:30.818,100.287953,0.548500,0.3500,-0.6200,-0.6800,0.1200,-0.1200,0.4900,0.984530,0.518556,"0.35,-0.62,-0.68,0.12,-0.12,0.49"
2507,2026-08-03T12:27:30.937,100.406688,118.734800,0.3500,-0.6200,-0.6800,0.0600,-0.1200,0.4900,0.984530,0.508035,"0.35,-0.62,-0.68,0.06,-0.12,0.49"
2508,2026-08-03T12:27:30.938,100.407493,0.805700,0.3500,-0.6200,-0.6800,0.0600,-0.1200,0.4900,0.984530,0.508035,"0.35,-0.62,-0.68,0.06,-0.12,0.49"
2509,2026-08-03T12:27:30.939,100.408291,0.797900,0.3500,-0.6200,-0.6800,0.0600,-0.1200,0.4900,0.984530,0.508035,"0.35,-0.62,-0.68,0.06,-0.12,0.49"
2510,2026-08-03T12:27:31.058,100.527262,118.970600,0.3500,-0.6200,-0.6800,0.0600,-0.1200,0.4900,0.984530,0.508035,"0.35,-0.62,-0.68,0.06,-0.12,0.49"
2511,2026-08-03T12:27:31.059,100.528581,1.318900,0.3500,-0.6200,-0.6800,0.0600,-0.0600,0.4900,0.984530,0.497293,"0.35,-0.62,-0.68,0.06,-0.06,0.49"
2512,2026-08-03T12:27:31.060,100.529149,0.568600,0.3500,-0.6200,-0.6800,0.0600,-0.0600,0.4300,0.984530,0.438292,"0.35,-0.62,-0.68,0.06,-0.06,0.43"
2513,2026-08-03T12:27:31.117,100.586556,57.406200,0.3500,-0.6200,-0.6800,0.1200,-0.0600,0.4900,0.984530,0.508035,"0.35,-0.62,-0.68,0.12,-0.06,0.49"
2514,2026-08-03T12:27:31.177,100.646527,59.971200,0.3500,-0.6200,-0.6800,0.0600,-0.0600,0.4900,0.984530,0.497293,"0.35,-0.62,-0.68,0.06,-0.06,0.49"
2515,2026-08-03T12:27:31.177,100.646898,0.370700,0.3500,-0.6200,-0.6800,0.0600,-0.1200,0.4300,0.984530,0.450444,"0.35,-0.62,-0.68,0.06,-0.12,0.43"
2516,2026-08-03T12:27:31.237,100.706095,59.197700,0.3500,-0.6200,-0.6800,0.0000,-0.1200,0.4300,0.984530,0.446430,"0.35,-0.62,-0.68,0.00,-0.12,0.43"
2517,2026-08-03T12:27:31.297,100.766299,60.203800,0.3500,-0.6200,-0.6800,0.0600,-0.0600,0.4300,0.984530,0.438292,"0.35,-0.62,-0.68,0.06,-0.06,0.43"
2518,2026-08-03T12:27:31.297,100.766944,0.644800,0.3500,-0.6200,-0.6800,0.0600,-0.0600,0.4300,0.984530,0.438292,"0.35,-0.62,-0.68,0.06,-0.06,0.43"
2519,2026-08-03T12:27:31.357,100.826837,59.893600,0.3500,-0.6200,-0.6800,0.1200,-0.0600,0.4300,0.984530,0.450444,"0.35,-0.62,-0.68,0.12,-0.06,0.43"
2520,2026-08-03T12:27:31.417,100.886498,59.660800,0.3500,-0.6200,-0.6800,0.1200,-0.0600,0.4900,0.984530,0.508035,"0.35,-0.62,-0.68,0.12,-0.06,0.49"
2521,2026-08-03T12:27:31.417,100.886868,0.369400,0.3500,-0.6200,-0.6800,0.0600,-0.0600,0.4900,0.984530,0.497293,"0.35,-0.62,-0.68,0.06,-0.06,0.49"
2522,2026-08-03T12:27:31.477,100.946486,59.618000,0.3500,-0.6200,-0.6800,0.0600,-0.0600,0.4300,0.984530,0.438292,"0.35,-0.62,-0.68,0.06,-0.06,0.43"
2523,2026-08-03T12:27:31.537,101.006242,59.756300,0.3500,-0.6200,-0.6800,0.0600,-0.0600,0.4300,0.984530,0.438292,"0.35,-0.62,-0.68,0.06,-0.06,0.43"
2524,2026-08-03T12:27:31.537,101.006597,0.354900,0.3500,-0.6200,-0.6800,0.0600,-0.0600,0.4300,0.984530,0.438292,"0.35,-0.62,-0.68,0.06,-0.06,0.43"
2525,2026-08-03T12:27:31.597,101.066229,59.632400,0.3500,-0.6200,-0.6800,0.0600,-0.0600,0.4300,0.984530,0.438292,"0.35,-0.62,-0.68,0.06,-0.06,0.43"
2526,2026-08-03T12:27:31.657,101.126370,60.140300,0.3500,-0.6200,-0.6800,0.0600,-0.0600,0.4300,0.984530,0.438292,"0.35,-0.62,-0.68,0.06,-0.06,0.43"
2527,2026-08-03T12:27:31.657,101.126784,0.414100,0.3500,-0.6200,-0.6800,0.0600,-0.0600,0.4300,0.984530,0.438292,"0.35,-0.62,-0.68,0.06,-0.06,0.43"
2528,2026-08-03T12:27:31.717,101.186606,59.822200,0.3500,-0.6200,-0.6800,0.0600,-0.0600,0.4300,0.984530,0.438292,"0.35,-0.62,-0.68,0.06,-0.06,0.43"
2529,2026-08-03T12:27:31.836,101.305949,119.343000,0.3500,-0.6200,-0.6800,0.0600,-0.0600,0.4900,0.984530,0.497293,"0.35,-0.62,-0.68,0.06,-0.06,0.49"
2530,2026-08-03T12:27:31.837,101.306515,0.566100,0.3500,-0.6200,-0.6800,0.0600,-0.0600,0.4900,0.984530,0.497293,"0.35,-0.62,-0.68,0.06,-0.06,0.49"
2531,2026-08-03T12:27:31.838,101.307367,0.852200,0.3500,-0.6200,-0.6800,0.0000,-0.1200,0.4300,0.984530,0.446430,"0.35,-0.62,-0.68,0.00,-0.12,0.43"
2532,2026-08-03T12:27:31.897,101.366685,59.318000,0.3500,-0.6200,-0.6800,0.0000,-0.0600,0.4300,0.984530,0.434166,"0.35,-0.62,-0.68,0.00,-0.06,0.43"
2533,2026-08-03T12:27:31.898,101.367554,0.868600,0.3500,-0.6200,-0.6800,0.0000,-0.0600,0.4300,0.984530,0.434166,"0.35,-0.62,-0.68,0.00,-0.06,0.43"
2534,2026-08-03T12:27:31.957,101.426465,58.911600,0.3500,-0.6200,-0.6800,0.0000,-0.0600,0.4300,0.984530,0.434166,"0.35,-0.62,-0.68,0.00,-0.06,0.43"
2535,2026-08-03T12:27:32.017,101.486510,60.044600,0.3500,-0.6200,-0.6800,0.0000,-0.0600,0.4300,0.984530,0.434166,"0.35,-0.62,-0.68,0.00,-0.06,0.43"
2536,2026-08-03T12:27:32.018,101.487193,0.682600,0.3500,-0.6200,-0.6800,0.0000,-0.1200,0.4300,0.984530,0.446430,"0.35,-0.62,-0.68,0.00,-0.12,0.43"
2537,2026-08-03T12:27:32.197,101.666294,179.101700,0.3500,-0.6200,-0.6800,0.0600,-0.1200,0.4300,0.984530,0.450444,"0.35,-0.62,-0.68,0.06,-0.12,0.43"
2538,2026-08-03T12:27:32.197,101.666805,0.510800,0.3500,-0.6200,-0.6800,0.0600,-0.1200,0.4300,0.984530,0.450444,"0.35,-0.62,-0.68,0.06,-0.12,0.43"
2539,2026-08-03T12:27:32.198,101.667471,0.666100,0.3500,-0.6200,-0.6800,0.0600,-0.1200,0.4300,0.984530,0.450444,"0.35,-0.62,-0.68,0.06,-0.12,0.43"
2540,2026-08-03T12:27:32.199,101.668834,1.362300,0.3500,-0.6200,-0.6800,0.1200,-0.1200,0.4300,0.984530,0.462277,"0.35,-0.62,-0.68,0.12,-0.12,0.43"
2541,2026-08-03T12:27:32.317,101.786886,118.052400,0.3500,-0.6200,-0.6800,0.1200,-0.1200,0.4900,0.984530,0.518556,"0.35,-0.62,-0.68,0.12,-0.12,0.49"
2542,2026-08-03T12:27:32.378,101.847353,60.467600,0.3500,-0.6200,-0.6800,0.0600,-0.0600,0.4900,0.984530,0.497293,"0.35,-0.62,-0.68,0.06,-0.06,0.49"
2543,2026-08-03T12:27:32.379,101.848044,0.690700,0.3500,-0.6200,-0.6800,0.0600,-0.0600,0.4900,0.984530,0.497293,"0.35,-0.62,-0.68,0.06,-0.06,0.49"
2544,2026-08-03T12:27:32.379,101.848392,0.348200,0.3500,-0.6200,-0.6800,0.0600,-0.0600,0.4900,0.984530,0.497293,"0.35,-0.62,-0.68,0.06,-0.06,0.49"
2545,2026-08-03T12:27:32.379,101.848733,0.340500,0.3500,-0.6200,-0.6800,0.0600,-0.0600,0.4900,0.984530,0.497293,"0.35,-0.62,-0.68,0.06,-0.06,0.49"
2546,2026-08-03T12:27:32.437,101.906623,57.890300,0.3500,-0.6200,-0.6800,0.0600,-0.0600,0.4900,0.984530,0.497293,"0.35,-0.62,-0.68,0.06,-0.06,0.49"
2547,2026-08-03T12:27:32.497,101.966573,59.950000,0.3500,-0.6200,-0.6800,0.0600,-0.0600,0.4300,0.984530,0.438292,"0.35,-0.62,-0.68,0.06,-0.06,0.43"
2548,2026-08-03T12:27:32.498,101.967408,0.835200,0.3500,-0.6200,-0.6800,0.0600,-0.1200,0.4300,0.984530,0.450444,"0.35,-0.62,-0.68,0.06,-0.12,0.43"
2549,2026-08-03T12:27:32.558,102.027299,59.890600,0.3500,-0.6200,-0.6800,0.0600,-0.1200,0.4300,0.984530,0.450444,"0.35,-0.62,-0.68,0.06,-0.12,0.43"
2550,2026-08-03T12:27:32.617,102.086279,58.980500,0.3500,-0.6200,-0.6800,0.0600,-0.0600,0.4300,0.984530,0.438292,"0.35,-0.62,-0.68,0.06,-0.06,0.43"
2551,2026-08-03T12:27:32.617,102.086514,0.234800,0.3500,-0.6200,-0.6800,0.0600,-0.0600,0.4300,0.984530,0.438292,"0.35,-0.62,-0.68,0.06,-0.06,0.43"
2552,2026-08-03T12:27:32.797,102.266391,179.876700,0.3500,-0.6200,-0.6800,0.0600,-0.0600,0.4300,0.984530,0.438292,"0.35,-0.62,-0.68,0.06,-0.06,0.43"
2553,2026-08-03T12:27:32.798,102.267345,0.953700,0.3500,-0.6200,-0.6800,0.0600,-0.0600,0.4300,0.984530,0.438292,"0.35,-0.62,-0.68,0.06,-0.06,0.43"
2554,2026-08-03T12:27:32.798,102.267738,0.393300,0.3500,-0.6200,-0.6800,0.0600,-0.1200,0.4300,0.984530,0.450444,"0.35,-0.62,-0.68,0.06,-0.12,0.43"
2555,2026-08-03T12:27:32.799,102.268377,0.638900,0.3500,-0.6200,-0.6800,0.0600,-0.1200,0.4900,0.984530,0.508035,"0.35,-0.62,-0.68,0.06,-0.12,0.49"
2556,2026-08-03T12:27:32.858,102.327231,58.854000,0.3500,-0.6200,-0.6800,0.1200,-0.1200,0.4900,0.984530,0.518556,"0.35,-0.62,-0.68,0.12,-0.12,0.49"
2557,2026-08-03T12:27:32.859,102.328178,0.947100,0.3500,-0.6200,-0.6800,0.1200,-0.1200,0.4900,0.984530,0.518556,"0.35,-0.62,-0.68,0.12,-0.12,0.49"
2558,2026-08-03T12:27:32.917,102.386546,58.368200,0.3500,-0.6200,-0.6800,0.1200,-0.0600,0.4900,0.984530,0.508035,"0.35,-0.62,-0.68,0.12,-0.06,0.49"
2559,2026-08-03T12:27:32.977,102.446179,59.632400,0.3500,-0.6200,-0.6800,0.0600,-0.0600,0.4300,0.984530,0.438292,"0.35,-0.62,-0.68,0.06,-0.06,0.43"
2560,2026-08-03T12:27:32.978,102.447686,1.507400,0.3500,-0.6200,-0.6800,0.0600,-0.0600,0.4300,0.984530,0.438292,"0.35,-0.62,-0.68,0.06,-0.06,0.43"
2561,2026-08-03T12:27:33.037,102.506528,58.842100,0.3500,-0.6200,-0.6800,0.0600,-0.0600,0.4300,0.984530,0.438292,"0.35,-0.62,-0.68,0.06,-0.06,0.43"
2562,2026-08-03T12:27:33.097,102.566908,60.379900,0.3500,-0.6200,-0.6800,0.0600,-0.0600,0.4300,0.984530,0.438292,"0.35,-0.62,-0.68,0.06,-0.06,0.43"
2563,2026-08-03T12:27:33.098,102.567899,0.991000,0.3500,-0.6200,-0.6800,0.0600,-0.0600,0.4300,0.984530,0.438292,"0.35,-0.62,-0.68,0.06,-0.06,0.43"
2564,2026-08-03T12:27:33.157,102.626390,58.490600,0.3500,-0.6200,-0.6800,0.1200,-0.0600,0.4900,0.984530,0.508035,"0.35,-0.62,-0.68,0.12,-0.06,0.49"
2565,2026-08-03T12:27:33.218,102.687242,60.852700,0.3500,-0.6200,-0.6800,0.1200,-0.0600,0.4900,0.984530,0.508035,"0.35,-0.62,-0.68,0.12,-0.06,0.49"
2566,2026-08-03T12:27:33.218,102.687933,0.690700,0.3500,-0.6200,-0.6800,0.1200,-0.0600,0.4900,0.984530,0.508035,"0.35,-0.62,-0.68,0.12,-0.06,0.49"
2567,2026-08-03T12:27:33.277,102.746333,58.399700,0.3500,-0.6200,-0.6800,0.0600,-0.0600,0.4900,0.984530,0.497293,"0.35,-0.62,-0.68,0.06,-0.06,0.49"
2568,2026-08-03T12:27:33.337,102.806296,59.963200,0.3500,-0.6200,-0.6800,0.0600,-0.0600,0.4300,0.984530,0.438292,"0.35,-0.62,-0.68,0.06,-0.06,0.43"
2569,2026-08-03T12:27:33.337,102.807007,0.711600,0.3500,-0.6200,-0.6800,0.0600,-0.0600,0.4300,0.984530,0.438292,"0.35,-0.62,-0.68,0.06,-0.06,0.43"
2570,2026-08-03T12:27:33.399,102.868138,61.130500,0.3500,-0.6200,-0.6800,0.0600,-0.0600,0.4300,0.984530,0.438292,"0.35,-0.62,-0.68,0.06,-0.06,0.43"
2571,2026-08-03T12:27:33.458,102.927242,59.104400,0.3500,-0.6200,-0.6800,0.0600,-0.0600,0.4300,0.984530,0.438292,"0.35,-0.62,-0.68,0.06,-0.06,0.43"
2572,2026-08-03T12:27:33.459,102.928162,0.920100,0.3500,-0.6200,-0.6800,0.0600,-0.0600,0.4300,0.984530,0.438292,"0.35,-0.62,-0.68,0.06,-0.06,0.43"
2573,2026-08-03T12:27:33.577,103.046070,117.907700,0.3500,-0.6200,-0.6800,0.0600,-0.0600,0.4300,0.984530,0.438292,"0.35,-0.62,-0.68,0.06,-0.06,0.43"
2574,2026-08-03T12:27:33.577,103.046754,0.683400,0.3500,-0.6200,-0.6800,0.1200,-0.0600,0.4300,0.984530,0.450444,"0.35,-0.62,-0.68,0.12,-0.06,0.43"
2575,2026-08-03T12:27:33.578,103.047253,0.499800,0.3500,-0.6200,-0.6800,0.0600,-0.0600,0.4900,0.984530,0.497293,"0.35,-0.62,-0.68,0.06,-0.06,0.49"
2576,2026-08-03T12:27:33.637,103.106265,59.012100,0.3500,-0.6200,-0.6800,0.0600,-0.0600,0.4900,0.984530,0.497293,"0.35,-0.62,-0.68,0.06,-0.06,0.49"
2577,2026-08-03T12:27:33.697,103.166520,60.254900,0.3500,-0.6200,-0.6800,0.0600,-0.0600,0.4900,0.984530,0.497293,"0.35,-0.62,-0.68,0.06,-0.06,0.49"
2578,2026-08-03T12:27:33.698,103.167283,0.762800,0.3500,-0.6200,-0.6800,0.0600,-0.0600,0.4900,0.984530,0.497293,"0.35,-0.62,-0.68,0.06,-0.06,0.49"
2579,2026-08-03T12:27:33.758,103.227262,59.978800,0.3500,-0.6200,-0.6800,0.0600,-0.1200,0.4900,0.984530,0.508035,"0.35,-0.62,-0.68,0.06,-0.12,0.49"
2580,2026-08-03T12:27:33.821,103.290035,62.773400,0.3500,-0.6200,-0.6800,0.0600,-0.1200,0.4900,0.984530,0.508035,"0.35,-0.62,-0.68,0.06,-0.12,0.49"
2581,2026-08-03T12:27:33.821,103.290969,0.933200,0.3500,-0.6200,-0.6800,0.0600,-0.0600,0.4300,0.984530,0.438292,"0.35,-0.62,-0.68,0.06,-0.06,0.43"
2582,2026-08-03T12:27:33.878,103.347088,56.119000,0.3500,-0.6200,-0.6800,0.0600,-0.0600,0.4300,0.984530,0.438292,"0.35,-0.62,-0.68,0.06,-0.06,0.43"
2583,2026-08-03T12:27:33.938,103.407108,60.020800,0.3500,-0.6200,-0.6800,0.0600,-0.1200,0.4300,0.984530,0.450444,"0.35,-0.62,-0.68,0.06,-0.12,0.43"
2584,2026-08-03T12:27:33.938,103.407879,0.770700,0.3500,-0.6200,-0.6800,0.1200,-0.1200,0.4300,0.984530,0.462277,"0.35,-0.62,-0.68,0.12,-0.12,0.43"
2585,2026-08-03T12:27:34.000,103.469248,61.369100,0.3500,-0.6200,-0.6800,0.1200,-0.1200,0.4300,0.984530,0.462277,"0.35,-0.62,-0.68,0.12,-0.12,0.43"
2586,2026-08-03T12:27:34.057,103.526623,57.375100,0.3500,-0.6200,-0.6800,0.1200,-0.1200,0.4300,0.984530,0.462277,"0.35,-0.62,-0.68,0.12,-0.12,0.43"
2587,2026-08-03T12:27:34.058,103.527679,1.055800,0.3500,-0.6200,-0.6800,0.0600,-0.1200,0.4300,0.984530,0.450444,"0.35,-0.62,-0.68,0.06,-0.12,0.43"
2588,2026-08-03T12:27:34.119,103.588052,60.373100,0.3500,-0.6200,-0.6800,0.0600,-0.0600,0.4300,0.984530,0.438292,"0.35,-0.62,-0.68,0.06,-0.06,0.43"
2589,2026-08-03T12:27:34.177,103.646548,58.496200,0.3500,-0.6200,-0.6800,0.0600,-0.1200,0.4300,0.984530,0.450444,"0.35,-0.62,-0.68,0.06,-0.12,0.43"
2590,2026-08-03T12:27:34.178,103.647134,0.585900,0.3500,-0.6200,-0.6800,0.0600,-0.1200,0.4900,0.984530,0.508035,"0.35,-0.62,-0.68,0.06,-0.12,0.49"
2591,2026-08-03T12:27:34.237,103.706554,59.419600,0.3500,-0.6200,-0.6800,0.0600,-0.1200,0.4300,0.984530,0.450444,"0.35,-0.62,-0.68,0.06,-0.12,0.43"
2592,2026-08-03T12:27:34.299,103.768745,62.191600,0.3500,-0.6200,-0.6800,0.0600,-0.0600,0.4300,0.984530,0.438292,"0.35,-0.62,-0.68,0.06,-0.06,0.43"
2593,2026-08-03T12:27:34.299,103.768917,0.171900,0.3500,-0.6200,-0.6800,0.0600,-0.0600,0.4300,0.984530,0.438292,"0.35,-0.62,-0.68,0.06,-0.06,0.43"
2594,2026-08-03T12:27:34.417,103.886542,117.624900,0.3500,-0.6200,-0.6800,0.0600,-0.0600,0.4900,0.984530,0.497293,"0.35,-0.62,-0.68,0.06,-0.06,0.49"
2595,2026-08-03T12:27:34.417,103.886943,0.400200,0.3500,-0.6200,-0.6800,0.0600,-0.0600,0.4900,0.984530,0.497293,"0.35,-0.62,-0.68,0.06,-0.06,0.49"
2596,2026-08-03T12:27:34.418,103.887286,0.343500,0.3500,-0.6200,-0.6800,0.0600,-0.1200,0.4300,0.984530,0.450444,"0.35,-0.62,-0.68,0.06,-0.12,0.43"
2597,2026-08-03T12:27:34.477,103.946611,59.324600,0.3500,-0.6200,-0.6800,0.0600,-0.1200,0.4300,0.984530,0.450444,"0.35,-0.62,-0.68,0.06,-0.12,0.43"
2598,2026-08-03T12:27:34.538,104.007109,60.498300,0.3500,-0.6200,-0.6800,0.0600,-0.0600,0.4300,0.984530,0.438292,"0.35,-0.62,-0.68,0.06,-0.06,0.43"
2599,2026-08-03T12:27:34.538,104.007722,0.613200,0.3500,-0.6200,-0.6800,0.0600,-0.0600,0.4300,0.984530,0.438292,"0.35,-0.62,-0.68,0.06,-0.06,0.43"
2600,2026-08-03T12:27:34.597,104.066441,58.718800,0.3500,-0.6200,-0.6800,0.0600,-0.1200,0.4900,0.984530,0.508035,"0.35,-0.62,-0.68,0.06,-0.12,0.49"
2601,2026-08-03T12:27:34.657,104.126287,59.845700,0.3500,-0.6200,-0.6800,0.0600,-0.1200,0.4900,0.984530,0.508035,"0.35,-0.62,-0.68,0.06,-0.12,0.49"
2602,2026-08-03T12:27:34.658,104.127132,0.845200,0.3500,-0.6200,-0.6800,0.0600,-0.0600,0.4300,0.984530,0.438292,"0.35,-0.62,-0.68,0.06,-0.06,0.43"
2603,2026-08-03T12:27:34.717,104.186863,59.731600,0.3500,-0.6200,-0.6800,0.0600,-0.0600,0.4300,0.984530,0.438292,"0.35,-0.62,-0.68,0.06,-0.06,0.43"
2604,2026-08-03T12:27:34.777,104.246349,59.485200,0.3500,-0.6200,-0.6800,0.0600,-0.0600,0.4300,0.984530,0.438292,"0.35,-0.62,-0.68,0.06,-0.06,0.43"
2605,2026-08-03T12:27:34.778,104.247115,0.766100,0.3500,-0.6200,-0.6800,0.0600,-0.0600,0.4300,0.984530,0.438292,"0.35,-0.62,-0.68,0.06,-0.06,0.43"
2606,2026-08-03T12:27:34.837,104.306572,59.457600,0.3500,-0.6200,-0.6800,0.0600,-0.0600,0.4300,0.984530,0.438292,"0.35,-0.62,-0.68,0.06,-0.06,0.43"
2607,2026-08-03T12:27:34.897,104.366371,59.798500,0.3500,-0.6200,-0.6800,0.0600,-0.0600,0.4900,0.984530,0.497293,"0.35,-0.62,-0.68,0.06,-0.06,0.49"
2608,2026-08-03T12:27:34.898,104.367526,1.154900,0.3500,-0.6200,-0.6800,0.0600,-0.0600,0.4900,0.984530,0.497293,"0.35,-0.62,-0.68,0.06,-0.06,0.49"
2609,2026-08-03T12:27:34.957,104.426125,58.599200,0.3500,-0.6200,-0.6800,0.0600,-0.1200,0.4900,0.984530,0.508035,"0.35,-0.62,-0.68,0.06,-0.12,0.49"
2610,2026-08-03T12:27:35.018,104.487290,61.165000,0.3500,-0.6200,-0.6800,0.0600,-0.1200,0.4900,0.984530,0.508035,"0.35,-0.62,-0.68,0.06,-0.12,0.49"
2611,2026-08-03T12:27:35.018,104.487893,0.602800,0.3500,-0.6200,-0.6800,0.0600,-0.1200,0.4900,0.984530,0.508035,"0.35,-0.62,-0.68,0.06,-0.12,0.49"
2612,2026-08-03T12:27:35.077,104.546210,58.317800,0.3500,-0.6200,-0.6800,0.0600,-0.1200,0.4900,0.984530,0.508035,"0.35,-0.62,-0.68,0.06,-0.12,0.49"
2613,2026-08-03T12:27:35.137,104.606202,59.991800,0.3500,-0.6200,-0.6800,0.0600,-0.0600,0.4900,0.984530,0.497293,"0.35,-0.62,-0.68,0.06,-0.06,0.49"
2614,2026-08-03T12:27:35.137,104.606874,0.671300,0.3500,-0.6200,-0.6800,0.0600,-0.0600,0.4300,0.984530,0.438292,"0.35,-0.62,-0.68,0.06,-0.06,0.43"
2615,2026-08-03T12:27:35.197,104.666528,59.654000,0.3500,-0.6200,-0.6800,0.0600,-0.0600,0.4300,0.984530,0.438292,"0.35,-0.62,-0.68,0.06,-0.06,0.43"
2616,2026-08-03T12:27:35.258,104.727475,60.947700,0.3500,-0.6200,-0.6800,0.0600,-0.0600,0.4300,0.984530,0.438292,"0.35,-0.62,-0.68,0.06,-0.06,0.43"
2617,2026-08-03T12:27:35.259,104.728389,0.913800,0.3500,-0.6200,-0.6800,0.0600,-0.1200,0.4300,0.984530,0.450444,"0.35,-0.62,-0.68,0.06,-0.12,0.43"
2618,2026-08-03T12:27:35.317,104.786698,58.309100,0.3500,-0.6200,-0.6800,0.0600,-0.1200,0.4900,0.984530,0.508035,"0.35,-0.62,-0.68,0.06,-0.12,0.49"
2619,2026-08-03T12:27:35.377,104.846135,59.436400,0.3500,-0.6200,-0.6800,0.0600,-0.0600,0.4300,0.984530,0.438292,"0.35,-0.62,-0.68,0.06,-0.06,0.43"
2620,2026-08-03T12:27:35.377,104.846827,0.692200,0.3500,-0.6200,-0.6800,0.0600,-0.0600,0.4300,0.984530,0.438292,"0.35,-0.62,-0.68,0.06,-0.06,0.43"
2621,2026-08-03T12:27:35.437,104.906128,59.300900,0.3500,-0.6200,-0.6800,0.0600,-0.0600,0.4300,0.984530,0.438292,"0.35,-0.62,-0.68,0.06,-0.06,0.43"
2622,2026-08-03T12:27:35.497,104.966381,60.253100,0.3500,-0.6200,-0.6800,0.0600,-0.1200,0.4300,0.984530,0.450444,"0.35,-0.62,-0.68,0.06,-0.12,0.43"
2623,2026-08-03T12:27:35.498,104.967030,0.649600,0.3500,-0.6200,-0.6800,0.0600,-0.1200,0.4300,0.984530,0.450444,"0.35,-0.62,-0.68,0.06,-0.12,0.43"
2624,2026-08-03T12:27:35.557,105.026731,59.700600,0.3500,-0.6200,-0.6800,0.0600,-0.0600,0.4900,0.984530,0.497293,"0.35,-0.62,-0.68,0.06,-0.06,0.49"
2625,2026-08-03T12:27:35.617,105.086768,60.037200,0.3500,-0.6200,-0.6800,0.0600,-0.0600,0.4900,0.984530,0.497293,"0.35,-0.62,-0.68,0.06,-0.06,0.49"
2626,2026-08-03T12:27:35.618,105.087271,0.502800,0.3500,-0.6200,-0.6800,0.0600,-0.1200,0.4900,0.984530,0.508035,"0.35,-0.62,-0.68,0.06,-0.12,0.49"
2627,2026-08-03T12:27:35.736,105.205536,118.264900,0.3500,-0.6200,-0.6800,0.0600,-0.1200,0.4900,0.984530,0.508035,"0.35,-0.62,-0.68,0.06,-0.12,0.49"
2628,2026-08-03T12:27:35.736,105.205994,0.458500,0.3500,-0.6200,-0.6800,0.0600,-0.1200,0.4300,0.984530,0.450444,"0.35,-0.62,-0.68,0.06,-0.12,0.43"
2629,2026-08-03T12:27:35.737,105.206654,0.659500,0.3500,-0.6200,-0.6800,0.0600,-0.1200,0.4300,0.984530,0.450444,"0.35,-0.62,-0.68,0.06,-0.12,0.43"
2630,2026-08-03T12:27:35.857,105.326399,119.745000,0.3500,-0.6200,-0.6800,0.0600,-0.1200,0.4300,0.984530,0.450444,"0.35,-0.62,-0.68,0.06,-0.12,0.43"
2631,2026-08-03T12:27:35.857,105.326835,0.436000,0.3500,-0.6200,-0.6800,0.0600,-0.1200,0.4900,0.984530,0.508035,"0.35,-0.62,-0.68,0.06,-0.12,0.49"
2632,2026-08-03T12:27:35.858,105.327156,0.320800,0.3500,-0.6200,-0.6800,0.0600,-0.1200,0.4300,0.984530,0.450444,"0.35,-0.62,-0.68,0.06,-0.12,0.43"
2633,2026-08-03T12:27:35.917,105.386487,59.331800,0.3500,-0.6200,-0.6800,0.0600,-0.1200,0.4300,0.984530,0.450444,"0.35,-0.62,-0.68,0.06,-0.12,0.43"
2634,2026-08-03T12:27:35.977,105.446499,60.011300,0.3500,-0.6200,-0.6800,0.0600,-0.1200,0.4300,0.984530,0.450444,"0.35,-0.62,-0.68,0.06,-0.12,0.43"
2635,2026-08-03T12:27:35.978,105.447583,1.084300,0.3500,-0.6200,-0.6800,0.0600,-0.1200,0.4300,0.984530,0.450444,"0.35,-0.62,-0.68,0.06,-0.12,0.43"
2636,2026-08-03T12:27:36.037,105.506389,58.806100,0.3500,-0.6200,-0.6800,0.0600,-0.0600,0.4300,0.984530,0.438292,"0.35,-0.62,-0.68,0.06,-0.06,0.43"
2637,2026-08-03T12:27:36.097,105.566466,60.077100,0.3500,-0.6200,-0.6800,0.0600,-0.0600,0.4300,0.984530,0.438292,"0.35,-0.62,-0.68,0.06,-0.06,0.43"
2638,2026-08-03T12:27:36.097,105.566983,0.517100,0.3500,-0.6200,-0.6800,0.0600,-0.0600,0.4300,0.984530,0.438292,"0.35,-0.62,-0.68,0.06,-0.06,0.43"
2639,2026-08-03T12:27:36.157,105.626527,59.543900,0.3500,-0.6200,-0.6800,0.0600,-0.0600,0.4900,0.984530,0.497293,"0.35,-0.62,-0.68,0.06,-0.06,0.49"
2640,2026-08-03T12:27:36.217,105.686722,60.195100,0.3500,-0.6200,-0.6800,0.0600,-0.0600,0.4300,0.984530,0.438292,"0.35,-0.62,-0.68,0.06,-0.06,0.43"
2641,2026-08-03T12:27:36.218,105.687262,0.539400,0.3500,-0.6200,-0.6800,0.0600,-0.1200,0.4300,0.984530,0.450444,"0.35,-0.62,-0.68,0.06,-0.12,0.43"
2642,2026-08-03T12:27:36.277,105.746306,59.044000,0.3500,-0.6200,-0.6800,0.0600,-0.1200,0.4300,0.984530,0.450444,"0.35,-0.62,-0.68,0.06,-0.12,0.43"
2643,2026-08-03T12:27:36.337,105.806602,60.296300,0.3500,-0.6200,-0.6800,0.0600,-0.0600,0.4300,0.984530,0.438292,"0.35,-0.62,-0.68,0.06,-0.06,0.43"
2644,2026-08-03T12:27:36.338,105.807276,0.673800,0.3500,-0.6200,-0.6800,0.0600,-0.0600,0.4900,0.984530,0.497293,"0.35,-0.62,-0.68,0.06,-0.06,0.49"
2645,2026-08-03T12:27:36.397,105.866215,58.938700,0.3500,-0.6200,-0.6800,0.0600,-0.1200,0.4300,0.984530,0.450444,"0.35,-0.62,-0.68,0.06,-0.12,0.43"
2646,2026-08-03T12:27:36.457,105.926357,60.142100,0.3500,-0.6200,-0.6800,0.0600,-0.0600,0.4300,0.984530,0.438292,"0.35,-0.62,-0.68,0.06,-0.06,0.43"
2647,2026-08-03T12:27:36.458,105.927111,0.754800,0.3500,-0.6200,-0.6800,0.0600,-0.0600,0.4900,0.984530,0.497293,"0.35,-0.62,-0.68,0.06,-0.06,0.49"
2648,2026-08-03T12:27:36.517,105.986759,59.647800,0.3500,-0.6200,-0.6800,0.0600,-0.0600,0.4900,0.984530,0.497293,"0.35,-0.62,-0.68,0.06,-0.06,0.49"
2649,2026-08-03T12:27:36.638,106.107727,120.968200,0.3500,-0.6300,-0.6800,0.0600,-0.0600,0.4900,0.990858,0.497293,"0.35,-0.63,-0.68,0.06,-0.06,0.49"
2650,2026-08-03T12:27:36.639,106.108321,0.593500,0.3500,-0.6300,-0.6800,0.0600,-0.0600,0.4300,0.990858,0.438292,"0.35,-0.63,-0.68,0.06,-0.06,0.43"
2651,2026-08-03T12:27:36.639,106.108866,0.544800,0.3500,-0.6200,-0.6800,0.0600,-0.0600,0.4300,0.984530,0.438292,"0.35,-0.62,-0.68,0.06,-0.06,0.43"
2652,2026-08-03T12:27:36.697,106.166940,58.074200,0.3500,-0.6200,-0.6800,0.0600,-0.0600,0.4300,0.984530,0.438292,"0.35,-0.62,-0.68,0.06,-0.06,0.43"
2653,2026-08-03T12:27:36.698,106.167552,0.611700,0.3500,-0.6200,-0.6800,0.0600,-0.0600,0.4300,0.984530,0.438292,"0.35,-0.62,-0.68,0.06,-0.06,0.43"
2654,2026-08-03T12:27:36.757,106.226490,58.938800,0.3500,-0.6200,-0.6800,0.0600,-0.0600,0.4300,0.984530,0.438292,"0.35,-0.62,-0.68,0.06,-0.06,0.43"
2655,2026-08-03T12:27:36.818,106.287169,60.678400,0.3500,-0.6200,-0.6800,0.0600,-0.1200,0.4300,0.984530,0.450444,"0.35,-0.62,-0.68,0.06,-0.12,0.43"
2656,2026-08-03T12:27:36.818,106.287789,0.619900,0.3500,-0.6200,-0.6800,0.0600,-0.1200,0.4300,0.984530,0.450444,"0.35,-0.62,-0.68,0.06,-0.12,0.43"
2657,2026-08-03T12:27:36.937,106.406464,118.675100,0.3500,-0.6200,-0.6800,0.0600,-0.1200,0.4300,0.984530,0.450444,"0.35,-0.62,-0.68,0.06,-0.12,0.43"
2658,2026-08-03T12:27:36.937,106.406887,0.423200,0.3500,-0.6200,-0.6800,0.0600,-0.1200,0.4300,0.984530,0.450444,"0.35,-0.62,-0.68,0.06,-0.12,0.43"
2659,2026-08-03T12:27:36.938,106.407850,0.963100,0.3500,-0.6200,-0.6800,0.0600,-0.0600,0.4300,0.984530,0.438292,"0.35,-0.62,-0.68,0.06,-0.06,0.43"
2660,2026-08-03T12:27:36.997,106.466207,58.357000,0.3500,-0.6200,-0.6800,0.0600,-0.1200,0.4300,0.984530,0.450444,"0.35,-0.62,-0.68,0.06,-0.12,0.43"
2661,2026-08-03T12:27:37.057,106.526326,60.118800,0.3500,-0.6200,-0.6800,0.0600,-0.1200,0.4900,0.984530,0.508035,"0.35,-0.62,-0.68,0.06,-0.12,0.49"
2662,2026-08-03T12:27:37.057,106.526709,0.382900,0.3500,-0.6200,-0.6800,0.0600,-0.0600,0.4900,0.984530,0.497293,"0.35,-0.62,-0.68,0.06,-0.06,0.49"
2663,2026-08-03T12:27:37.178,106.647089,120.380500,0.3500,-0.6200,-0.6800,0.0600,-0.0600,0.4300,0.984530,0.438292,"0.35,-0.62,-0.68,0.06,-0.06,0.43"
2664,2026-08-03T12:27:37.179,106.648192,1.102300,0.3500,-0.6200,-0.6800,0.0600,-0.0600,0.4300,0.984530,0.438292,"0.35,-0.62,-0.68,0.06,-0.06,0.43"
2665,2026-08-03T12:27:37.180,106.649132,0.940400,0.3500,-0.6200,-0.6800,0.0600,-0.0600,0.4300,0.984530,0.438292,"0.35,-0.62,-0.68,0.06,-0.06,0.43"
2666,2026-08-03T12:27:37.237,106.706599,57.467400,0.3500,-0.6200,-0.6800,0.0600,-0.1200,0.4300,0.984530,0.450444,"0.35,-0.62,-0.68,0.06,-0.12,0.43"
2667,2026-08-03T12:27:37.297,106.766447,59.847800,0.3500,-0.6200,-0.6800,0.0600,-0.1200,0.4900,0.984530,0.508035,"0.35,-0.62,-0.68,0.06,-0.12,0.49"
2668,2026-08-03T12:27:37.297,106.766994,0.547100,0.3500,-0.6200,-0.6800,0.0600,-0.0600,0.4900,0.984530,0.497293,"0.35,-0.62,-0.68,0.06,-0.06,0.49"
2669,2026-08-03T12:27:37.417,106.886489,119.494600,0.3500,-0.6200,-0.6800,0.0600,-0.0600,0.4900,0.984530,0.497293,"0.35,-0.62,-0.68,0.06,-0.06,0.49"
2670,2026-08-03T12:27:37.418,106.887261,0.771900,0.3500,-0.6200,-0.6800,0.0600,-0.0600,0.4900,0.984530,0.497293,"0.35,-0.62,-0.68,0.06,-0.06,0.49"
2671,2026-08-03T12:27:37.418,106.887667,0.406500,0.3500,-0.6200,-0.6800,0.0600,-0.0600,0.4300,0.984530,0.438292,"0.35,-0.62,-0.68,0.06,-0.06,0.43"
2672,2026-08-03T12:27:37.477,106.946644,58.976500,0.3500,-0.6200,-0.6800,0.0600,-0.0600,0.4300,0.984530,0.438292,"0.35,-0.62,-0.68,0.06,-0.06,0.43"
2673,2026-08-03T12:27:37.597,107.066279,119.635500,0.3500,-0.6200,-0.6800,0.0600,-0.0600,0.4300,0.984530,0.438292,"0.35,-0.62,-0.68,0.06,-0.06,0.43"
2674,2026-08-03T12:27:37.597,107.066771,0.492100,0.3500,-0.6200,-0.6800,0.0600,-0.1200,0.4900,0.984530,0.508035,"0.35,-0.62,-0.68,0.06,-0.12,0.49"
2675,2026-08-03T12:27:37.598,107.067581,0.809100,0.3500,-0.6200,-0.6800,0.0600,-0.1200,0.4900,0.984530,0.508035,"0.35,-0.62,-0.68,0.06,-0.12,0.49"
2676,2026-08-03T12:27:37.657,107.126285,58.704000,0.3500,-0.6200,-0.6800,0.0600,-0.0600,0.4300,0.984530,0.438292,"0.35,-0.62,-0.68,0.06,-0.06,0.43"
2677,2026-08-03T12:27:37.657,107.126526,0.241700,0.3500,-0.6200,-0.6800,0.0600,-0.0600,0.4300,0.984530,0.438292,"0.35,-0.62,-0.68,0.06,-0.06,0.43"
2678,2026-08-03T12:27:37.716,107.185838,59.311800,0.3500,-0.6200,-0.6800,0.0000,-0.0600,0.4300,0.984530,0.434166,"0.35,-0.62,-0.68,0.00,-0.06,0.43"
2679,2026-08-03T12:27:37.777,107.246285,60.447300,0.3500,-0.6200,-0.6800,0.0600,-0.0600,0.4300,0.984530,0.438292,"0.35,-0.62,-0.68,0.06,-0.06,0.43"
2680,2026-08-03T12:27:37.777,107.246685,0.399200,0.3500,-0.6200,-0.6800,0.0600,-0.1200,0.4300,0.984530,0.450444,"0.35,-0.62,-0.68,0.06,-0.12,0.43"
2681,2026-08-03T12:27:37.837,107.306190,59.505700,0.3500,-0.6200,-0.6800,0.0600,-0.1200,0.4300,0.984530,0.450444,"0.35,-0.62,-0.68,0.06,-0.12,0.43"
2682,2026-08-03T12:27:37.897,107.366543,60.352900,0.3500,-0.6200,-0.6800,0.0600,-0.1200,0.4300,0.984530,0.450444,"0.35,-0.62,-0.68,0.06,-0.12,0.43"
2683,2026-08-03T12:27:37.897,107.367007,0.463700,0.3500,-0.6200,-0.6800,0.0600,-0.1200,0.4300,0.984530,0.450444,"0.35,-0.62,-0.68,0.06,-0.12,0.43"
2684,2026-08-03T12:27:37.957,107.426126,59.118800,0.3500,-0.6200,-0.6800,0.0600,-0.0600,0.4300,0.984530,0.438292,"0.35,-0.62,-0.68,0.06,-0.06,0.43"
2685,2026-08-03T12:27:38.017,107.486707,60.581700,0.3500,-0.6200,-0.6800,0.0600,-0.0600,0.4900,0.984530,0.497293,"0.35,-0.62,-0.68,0.06,-0.06,0.49"
2686,2026-08-03T12:27:38.018,107.487188,0.481000,0.3500,-0.6200,-0.6800,0.0600,-0.1200,0.4300,0.984530,0.450444,"0.35,-0.62,-0.68,0.06,-0.12,0.43"
2687,2026-08-03T12:27:38.078,107.547702,60.513800,0.3500,-0.6200,-0.6800,0.0600,-0.0600,0.4300,0.984530,0.438292,"0.35,-0.62,-0.68,0.06,-0.06,0.43"
2688,2026-08-03T12:27:38.136,107.605479,57.777000,0.3500,-0.6200,-0.6800,0.0600,-0.0600,0.4900,0.984530,0.497293,"0.35,-0.62,-0.68,0.06,-0.06,0.49"
2689,2026-08-03T12:27:38.196,107.665781,60.302100,0.3500,-0.6200,-0.6800,0.0600,-0.1200,0.4900,0.984530,0.508035,"0.35,-0.62,-0.68,0.06,-0.12,0.49"
2690,2026-08-03T12:27:38.197,107.666344,0.562400,0.3500,-0.6200,-0.6800,0.1200,-0.1200,0.4900,0.984530,0.518556,"0.35,-0.62,-0.68,0.12,-0.12,0.49"
2691,2026-08-03T12:27:38.257,107.726041,59.697200,0.3500,-0.6200,-0.6800,0.1200,-0.1200,0.4900,0.984530,0.518556,"0.35,-0.62,-0.68,0.12,-0.12,0.49"
2692,2026-08-03T12:27:38.257,107.726511,0.470500,0.3500,-0.6200,-0.6800,0.0600,-0.0600,0.4300,0.984530,0.438292,"0.35,-0.62,-0.68,0.06,-0.06,0.43"
2693,2026-08-03T12:27:38.317,107.786907,60.395500,0.3500,-0.6200,-0.6800,0.0600,-0.0600,0.4300,0.984530,0.438292,"0.35,-0.62,-0.68,0.06,-0.06,0.43"
2694,2026-08-03T12:27:38.377,107.846243,59.336100,0.3500,-0.6200,-0.6800,0.0600,-0.0600,0.4300,0.984530,0.438292,"0.35,-0.62,-0.68,0.06,-0.06,0.43"
2695,2026-08-03T12:27:38.378,107.847798,1.555000,0.3500,-0.6200,-0.6800,0.0600,-0.0600,0.4300,0.984530,0.438292,"0.35,-0.62,-0.68,0.06,-0.06,0.43"
2696,2026-08-03T12:27:38.437,107.906228,58.430500,0.3500,-0.6200,-0.6800,0.0600,-0.0600,0.4300,0.984530,0.438292,"0.35,-0.62,-0.68,0.06,-0.06,0.43"
2697,2026-08-03T12:27:38.557,108.026571,120.343000,0.3500,-0.6200,-0.6800,0.0000,-0.0600,0.4300,0.984530,0.434166,"0.35,-0.62,-0.68,0.00,-0.06,0.43"
2698,2026-08-03T12:27:38.557,108.026990,0.419000,0.3500,-0.6200,-0.6800,0.0000,-0.0600,0.4300,0.984530,0.434166,"0.35,-0.62,-0.68,0.00,-0.06,0.43"
2699,2026-08-03T12:27:38.558,108.027481,0.490300,0.3500,-0.6200,-0.6800,0.0600,-0.0600,0.4300,0.984530,0.438292,"0.35,-0.62,-0.68,0.06,-0.06,0.43"
2700,2026-08-03T12:27:38.678,108.147221,119.740100,0.3500,-0.6200,-0.6800,0.0600,-0.0600,0.4300,0.984530,0.438292,"0.35,-0.62,-0.68,0.06,-0.06,0.43"
2701,2026-08-03T12:27:38.678,108.147751,0.530200,0.3500,-0.6200,-0.6800,0.1200,-0.0600,0.4300,0.984530,0.450444,"0.35,-0.62,-0.68,0.12,-0.06,0.43"
2702,2026-08-03T12:27:38.679,108.148556,0.804700,0.3500,-0.6200,-0.6800,0.1200,-0.1200,0.4900,0.984530,0.518556,"0.35,-0.62,-0.68,0.12,-0.12,0.49"
2703,2026-08-03T12:27:38.737,108.206450,57.894300,0.3500,-0.6200,-0.6800,0.0600,-0.1200,0.4900,0.984530,0.508035,"0.35,-0.62,-0.68,0.06,-0.12,0.49"
2704,2026-08-03T12:27:38.737,108.206952,0.501700,0.3500,-0.6200,-0.6800,0.0600,-0.1200,0.4300,0.984530,0.450444,"0.35,-0.62,-0.68,0.06,-0.12,0.43"
2705,2026-08-03T12:27:38.797,108.266601,59.648800,0.3500,-0.6200,-0.6800,0.0600,-0.1200,0.4300,0.984530,0.450444,"0.35,-0.62,-0.68,0.06,-0.12,0.43"
2706,2026-08-03T12:27:38.857,108.326462,59.861600,0.3500,-0.6200,-0.6800,0.0600,-0.1200,0.4300,0.984530,0.450444,"0.35,-0.62,-0.68,0.06,-0.12,0.43"
2707,2026-08-03T12:27:38.857,108.326930,0.468100,0.3500,-0.6200,-0.6800,0.0600,-0.0600,0.4300,0.984530,0.438292,"0.35,-0.62,-0.68,0.06,-0.06,0.43"
2708,2026-08-03T12:27:38.917,108.386163,59.233200,0.3500,-0.6200,-0.6800,0.0600,-0.0600,0.4300,0.984530,0.438292,"0.35,-0.62,-0.68,0.06,-0.06,0.43"
2709,2026-08-03T12:27:38.977,108.446518,60.354300,0.3500,-0.6200,-0.6800,0.0600,-0.1200,0.4300,0.984530,0.450444,"0.35,-0.62,-0.68,0.06,-0.12,0.43"
2710,2026-08-03T12:27:38.978,108.447101,0.583700,0.3500,-0.6200,-0.6800,0.0600,-0.1200,0.4300,0.984530,0.450444,"0.35,-0.62,-0.68,0.06,-0.12,0.43"
2711,2026-08-03T12:27:39.037,108.506432,59.330200,0.3500,-0.6300,-0.6800,0.0600,-0.1200,0.4300,0.990858,0.450444,"0.35,-0.63,-0.68,0.06,-0.12,0.43"
2712,2026-08-03T12:27:39.097,108.566138,59.706200,0.3500,-0.6200,-0.6800,0.0600,-0.0600,0.4300,0.984530,0.438292,"0.35,-0.62,-0.68,0.06,-0.06,0.43"
2713,2026-08-03T12:27:39.097,108.566948,0.809700,0.3500,-0.6200,-0.6800,0.0600,-0.0600,0.4300,0.984530,0.438292,"0.35,-0.62,-0.68,0.06,-0.06,0.43"
2714,2026-08-03T12:27:39.157,108.626458,59.510200,0.3500,-0.6200,-0.6800,0.0600,-0.1200,0.4300,0.984530,0.450444,"0.35,-0.62,-0.68,0.06,-0.12,0.43"
2715,2026-08-03T12:27:39.277,108.746725,120.267500,0.3500,-0.6200,-0.6800,0.0600,-0.1200,0.4300,0.984530,0.450444,"0.35,-0.62,-0.68,0.06,-0.12,0.43"
2716,2026-08-03T12:27:39.278,108.747483,0.758200,0.3500,-0.6200,-0.6800,0.1200,-0.1200,0.4300,0.984530,0.462277,"0.35,-0.62,-0.68,0.12,-0.12,0.43"
2717,2026-08-03T12:27:39.279,108.748234,0.750900,0.3500,-0.6200,-0.6800,0.1200,-0.0600,0.4300,0.984530,0.450444,"0.35,-0.62,-0.68,0.12,-0.06,0.43"
2718,2026-08-03T12:27:39.337,108.806390,58.156100,0.3500,-0.6200,-0.6800,0.0600,-0.0600,0.4300,0.984530,0.438292,"0.35,-0.62,-0.68,0.06,-0.06,0.43"
2719,2026-08-03T12:27:39.338,108.807181,0.790400,0.3500,-0.6200,-0.6800,0.0600,-0.0600,0.4300,0.984530,0.438292,"0.35,-0.62,-0.68,0.06,-0.06,0.43"
2720,2026-08-03T12:27:39.397,108.866625,59.443900,0.3500,-0.6200,-0.6800,0.0600,-0.1200,0.4900,0.984530,0.508035,"0.35,-0.62,-0.68,0.06,-0.12,0.49"
2721,2026-08-03T12:27:39.458,108.927476,60.850900,0.3500,-0.6200,-0.6800,0.0000,-0.1200,0.4300,0.984530,0.446430,"0.35,-0.62,-0.68,0.00,-0.12,0.43"
2722,2026-08-03T12:27:39.459,108.928321,0.845100,0.3500,-0.6200,-0.6800,0.0000,-0.1200,0.4300,0.984530,0.446430,"0.35,-0.62,-0.68,0.00,-0.12,0.43"
2723,2026-08-03T12:27:39.517,108.986215,57.893900,0.3500,-0.6200,-0.6800,0.0600,-0.1200,0.4300,0.984530,0.450444,"0.35,-0.62,-0.68,0.06,-0.12,0.43"
2724,2026-08-03T12:27:39.578,109.047142,60.927600,0.3500,-0.6200,-0.6800,0.0600,-0.1200,0.4300,0.984530,0.450444,"0.35,-0.62,-0.68,0.06,-0.12,0.43"
2725,2026-08-03T12:27:39.578,109.047851,0.708700,0.3500,-0.6200,-0.6800,0.0600,-0.1200,0.4300,0.984530,0.450444,"0.35,-0.62,-0.68,0.06,-0.12,0.43"
2726,2026-08-03T12:27:39.637,109.106357,58.505800,0.3500,-0.6200,-0.6800,0.0600,-0.0600,0.4300,0.984530,0.438292,"0.35,-0.62,-0.68,0.06,-0.06,0.43"
2727,2026-08-03T12:27:39.698,109.167147,60.790200,0.3500,-0.6200,-0.6800,0.0600,-0.0600,0.4300,0.984530,0.438292,"0.35,-0.62,-0.68,0.06,-0.06,0.43"
2728,2026-08-03T12:27:39.699,109.168030,0.882600,0.3500,-0.6200,-0.6800,0.0600,-0.0600,0.4300,0.984530,0.438292,"0.35,-0.62,-0.68,0.06,-0.06,0.43"
2729,2026-08-03T12:27:39.757,109.226173,58.143900,0.3500,-0.6200,-0.6800,0.0600,-0.0600,0.4300,0.984530,0.438292,"0.35,-0.62,-0.68,0.06,-0.06,0.43"
2730,2026-08-03T12:27:39.817,109.286878,60.704800,0.3500,-0.6200,-0.6800,0.0600,-0.0600,0.4300,0.984530,0.438292,"0.35,-0.62,-0.68,0.06,-0.06,0.43"
2731,2026-08-03T12:27:39.818,109.287269,0.390900,0.3500,-0.6200,-0.6800,0.0600,-0.1200,0.4300,0.984530,0.450444,"0.35,-0.62,-0.68,0.06,-0.12,0.43"
2732,2026-08-03T12:27:39.877,109.346381,59.111400,0.3500,-0.6200,-0.6800,0.0600,-0.0600,0.4300,0.984530,0.438292,"0.35,-0.62,-0.68,0.06,-0.06,0.43"
2733,2026-08-03T12:27:39.937,109.406234,59.853800,0.3500,-0.6200,-0.6800,0.0600,-0.0600,0.4300,0.984530,0.438292,"0.35,-0.62,-0.68,0.06,-0.06,0.43"
2734,2026-08-03T12:27:39.937,109.406798,0.563700,0.3500,-0.6200,-0.6800,0.0600,-0.1200,0.4900,0.984530,0.508035,"0.35,-0.62,-0.68,0.06,-0.12,0.49"
2735,2026-08-03T12:27:39.998,109.467061,60.262700,0.3500,-0.6200,-0.6800,0.0600,-0.1200,0.4900,0.984530,0.508035,"0.35,-0.62,-0.68,0.06,-0.12,0.49"
2736,2026-08-03T12:27:40.177,109.646273,179.212400,0.3500,-0.6200,-0.6800,0.0600,-0.1200,0.4300,0.984530,0.450444,"0.35,-0.62,-0.68,0.06,-0.12,0.43"
2737,2026-08-03T12:27:40.177,109.646963,0.690300,0.3500,-0.6200,-0.6800,0.0600,-0.1200,0.4300,0.984530,0.450444,"0.35,-0.62,-0.68,0.06,-0.12,0.43"
2738,2026-08-03T12:27:40.178,109.647511,0.547700,0.3500,-0.6200,-0.6800,0.0600,-0.0600,0.4300,0.984530,0.438292,"0.35,-0.62,-0.68,0.06,-0.06,0.43"
2739,2026-08-03T12:27:40.179,109.648396,0.885100,0.3500,-0.6200,-0.6800,0.0600,-0.0600,0.4300,0.984530,0.438292,"0.35,-0.62,-0.68,0.06,-0.06,0.43"
2740,2026-08-03T12:27:40.180,109.649083,0.686500,0.3500,-0.6200,-0.6800,0.0600,-0.0600,0.4300,0.984530,0.438292,"0.35,-0.62,-0.68,0.06,-0.06,0.43"
2741,2026-08-03T12:27:40.237,109.706334,57.251500,0.3500,-0.6200,-0.6800,0.0600,-0.0600,0.4300,0.984530,0.438292,"0.35,-0.62,-0.68,0.06,-0.06,0.43"
2742,2026-08-03T12:27:40.297,109.766111,59.777100,0.3500,-0.6200,-0.6800,0.0600,-0.1200,0.4300,0.984530,0.450444,"0.35,-0.62,-0.68,0.06,-0.12,0.43"
2743,2026-08-03T12:27:40.297,109.766886,0.774200,0.3500,-0.6200,-0.6800,0.0600,-0.1200,0.4300,0.984530,0.450444,"0.35,-0.62,-0.68,0.06,-0.12,0.43"
2744,2026-08-03T12:27:40.477,109.946436,179.550900,0.3500,-0.6200,-0.6800,0.0600,-0.1200,0.4300,0.984530,0.450444,"0.35,-0.62,-0.68,0.06,-0.12,0.43"
2745,2026-08-03T12:27:40.478,109.947086,0.649700,0.3500,-0.6200,-0.6800,0.0600,-0.0600,0.4300,0.984530,0.438292,"0.35,-0.62,-0.68,0.06,-0.06,0.43"
2746,2026-08-03T12:27:40.478,109.947213,0.126700,0.3500,-0.6200,-0.6800,0.0600,-0.1200,0.4300,0.984530,0.450444,"0.35,-0.62,-0.68,0.06,-0.12,0.43"
2747,2026-08-03T12:27:40.478,109.947740,0.526800,0.3500,-0.6200,-0.6800,0.0600,-0.1200,0.4300,0.984530,0.450444,"0.35,-0.62,-0.68,0.06,-0.12,0.43"
2748,2026-08-03T12:27:40.538,110.007403,59.662900,0.3500,-0.6200,-0.6800,0.0600,-0.1200,0.4300,0.984530,0.450444,"0.35,-0.62,-0.68,0.06,-0.12,0.43"
2749,2026-08-03T12:27:40.539,110.008231,0.828600,0.3500,-0.6200,-0.6800,0.0600,-0.1200,0.4300,0.984530,0.450444,"0.35,-0.62,-0.68,0.06,-0.12,0.43"
2750,2026-08-03T12:27:40.597,110.066192,57.960500,0.3500,-0.6200,-0.6800,0.1200,-0.1200,0.4300,0.984530,0.462277,"0.35,-0.62,-0.68,0.12,-0.12,0.43"
2751,2026-08-03T12:27:40.657,110.126793,60.601000,0.3500,-0.6200,-0.6800,0.0600,-0.1200,0.4300,0.984530,0.450444,"0.35,-0.62,-0.68,0.06,-0.12,0.43"
2752,2026-08-03T12:27:40.658,110.127447,0.654800,0.3500,-0.6200,-0.6800,0.0600,-0.1200,0.4900,0.984530,0.508035,"0.35,-0.62,-0.68,0.06,-0.12,0.49"
2753,2026-08-03T12:27:40.717,110.186404,58.956900,0.3500,-0.6200,-0.6800,0.0600,-0.1200,0.4900,0.984530,0.508035,"0.35,-0.62,-0.68,0.06,-0.12,0.49"
2754,2026-08-03T12:27:40.836,110.305973,119.568800,0.3500,-0.6200,-0.6800,0.0600,-0.0600,0.4900,0.984530,0.497293,"0.35,-0.62,-0.68,0.06,-0.06,0.49"
2755,2026-08-03T12:27:40.837,110.306192,0.218400,0.3500,-0.6200,-0.6800,0.0600,-0.0600,0.4300,0.984530,0.438292,"0.35,-0.62,-0.68,0.06,-0.06,0.43"
2756,2026-08-03T12:27:40.837,110.306701,0.509100,0.3500,-0.6200,-0.6800,0.0600,-0.0600,0.4300,0.984530,0.438292,"0.35,-0.62,-0.68,0.06,-0.06,0.43"
2757,2026-08-03T12:27:40.897,110.366111,59.410400,0.3500,-0.6200,-0.6800,0.0600,-0.0600,0.4300,0.984530,0.438292,"0.35,-0.62,-0.68,0.06,-0.06,0.43"
2758,2026-08-03T12:27:40.897,110.366568,0.456500,0.3500,-0.6200,-0.6800,0.0600,-0.0600,0.4300,0.984530,0.438292,"0.35,-0.62,-0.68,0.06,-0.06,0.43"
2759,2026-08-03T12:27:40.957,110.426437,59.869100,0.3500,-0.6200,-0.6800,0.0600,-0.1200,0.4300,0.984530,0.450444,"0.35,-0.62,-0.68,0.06,-0.12,0.43"
2760,2026-08-03T12:27:41.017,110.486905,60.468700,0.3500,-0.6200,-0.6800,0.1200,-0.1200,0.4900,0.984530,0.518556,"0.35,-0.62,-0.68,0.12,-0.12,0.49"
2761,2026-08-03T12:27:41.018,110.487444,0.539100,0.3500,-0.6200,-0.6800,0.1200,-0.1200,0.4900,0.984530,0.518556,"0.35,-0.62,-0.68,0.12,-0.12,0.49"
2762,2026-08-03T12:27:41.078,110.547194,59.749300,0.3500,-0.6200,-0.6800,0.1200,-0.1200,0.4300,0.984530,0.462277,"0.35,-0.62,-0.68,0.12,-0.12,0.43"
2763,2026-08-03T12:27:41.137,110.606272,59.078400,0.3500,-0.6200,-0.6800,0.1200,-0.1200,0.4300,0.984530,0.462277,"0.35,-0.62,-0.68,0.12,-0.12,0.43"
2764,2026-08-03T12:27:41.137,110.606579,0.306400,0.3500,-0.6200,-0.6800,0.1200,-0.0600,0.4300,0.984530,0.450444,"0.35,-0.62,-0.68,0.12,-0.06,0.43"
2765,2026-08-03T12:27:41.197,110.666980,60.401100,0.3500,-0.6200,-0.6800,0.0600,-0.0600,0.4300,0.984530,0.438292,"0.35,-0.62,-0.68,0.06,-0.06,0.43"
2766,2026-08-03T12:27:41.258,110.727029,60.049400,0.3500,-0.6200,-0.6800,0.0600,-0.0600,0.4300,0.984530,0.438292,"0.35,-0.62,-0.68,0.06,-0.06,0.43"
2767,2026-08-03T12:27:41.258,110.727835,0.805700,0.3500,-0.6200,-0.6800,0.0600,-0.1200,0.4300,0.984530,0.450444,"0.35,-0.62,-0.68,0.06,-0.12,0.43"
2768,2026-08-03T12:27:41.437,110.906337,178.502300,0.3500,-0.6200,-0.6800,0.0600,-0.1200,0.4300,0.984530,0.450444,"0.35,-0.62,-0.68,0.06,-0.12,0.43"
2769,2026-08-03T12:27:41.437,110.906856,0.518600,0.3500,-0.6200,-0.6800,0.0600,-0.0600,0.4300,0.984530,0.438292,"0.35,-0.62,-0.68,0.06,-0.06,0.43"
2770,2026-08-03T12:27:41.438,110.907324,0.468300,0.3500,-0.6200,-0.6800,0.0600,-0.0600,0.3700,0.984530,0.379605,"0.35,-0.62,-0.68,0.06,-0.06,0.37"
2771,2026-08-03T12:27:41.438,110.907792,0.468400,0.3500,-0.6200,-0.6800,0.1200,-0.0600,0.3700,0.984530,0.393573,"0.35,-0.62,-0.68,0.12,-0.06,0.37"
2772,2026-08-03T12:27:41.497,110.966408,58.615800,0.3500,-0.6200,-0.6800,0.0600,-0.0600,0.4300,0.984530,0.438292,"0.35,-0.62,-0.68,0.06,-0.06,0.43"
2773,2026-08-03T12:27:41.497,110.966884,0.475500,0.3500,-0.6200,-0.6800,0.0600,-0.0600,0.4300,0.984530,0.438292,"0.35,-0.62,-0.68,0.06,-0.06,0.43"
2774,2026-08-03T12:27:41.616,111.085870,118.986800,0.3500,-0.6200,-0.6800,0.0600,-0.0600,0.4300,0.984530,0.438292,"0.35,-0.62,-0.68,0.06,-0.06,0.43"
2775,2026-08-03T12:27:41.676,111.145972,60.101400,0.3500,-0.6200,-0.6800,0.0600,-0.1200,0.4300,0.984530,0.450444,"0.35,-0.62,-0.68,0.06,-0.12,0.43"
2776,2026-08-03T12:27:41.677,111.146536,0.564400,0.3500,-0.6200,-0.6800,0.0600,-0.1200,0.4300,0.984530,0.450444,"0.35,-0.62,-0.68,0.06,-0.12,0.43"
2777,2026-08-03T12:27:41.677,111.147000,0.463800,0.3500,-0.6200,-0.6800,0.0600,-0.1200,0.4300,0.984530,0.450444,"0.35,-0.62,-0.68,0.06,-0.12,0.43"
2778,2026-08-03T12:27:41.737,111.206624,59.624300,0.3500,-0.6200,-0.6800,0.0600,-0.1200,0.4300,0.984530,0.450444,"0.35,-0.62,-0.68,0.06,-0.12,0.43"
2779,2026-08-03T12:27:41.738,111.207184,0.559900,0.3500,-0.6200,-0.6800,0.0600,-0.1200,0.4300,0.984530,0.450444,"0.35,-0.62,-0.68,0.06,-0.12,0.43"
2780,2026-08-03T12:27:41.797,111.266404,59.219400,0.3500,-0.6200,-0.6800,0.0600,-0.1200,0.4300,0.984530,0.450444,"0.35,-0.62,-0.68,0.06,-0.12,0.43"
2781,2026-08-03T12:27:41.857,111.326445,60.041600,0.3500,-0.6200,-0.6800,0.1200,-0.1200,0.4300,0.984530,0.462277,"0.35,-0.62,-0.68,0.12,-0.12,0.43"
2782,2026-08-03T12:27:41.857,111.326885,0.440100,0.3500,-0.6200,-0.6800,0.1200,-0.1200,0.4300,0.984530,0.462277,"0.35,-0.62,-0.68,0.12,-0.12,0.43"
2783,2026-08-03T12:27:41.917,111.386453,59.567100,0.3500,-0.6200,-0.6800,0.1200,-0.1200,0.4300,0.984530,0.462277,"0.35,-0.62,-0.68,0.12,-0.12,0.43"
2784,2026-08-03T12:27:41.976,111.445834,59.381100,0.3500,-0.6200,-0.6800,0.1200,-0.1200,0.4300,0.984530,0.462277,"0.35,-0.62,-0.68,0.12,-0.12,0.43"
2785,2026-08-03T12:27:41.977,111.446361,0.527900,0.3500,-0.6200,-0.6800,0.1200,-0.1200,0.4300,0.984530,0.462277,"0.35,-0.62,-0.68,0.12,-0.12,0.43"
2786,2026-08-03T12:27:42.097,111.566614,120.252000,0.3500,-0.6200,-0.6800,0.0600,-0.1200,0.4300,0.984530,0.450444,"0.35,-0.62,-0.68,0.06,-0.12,0.43"
2787,2026-08-03T12:27:42.098,111.567109,0.495200,0.3500,-0.6200,-0.6800,0.0600,-0.1200,0.4300,0.984530,0.450444,"0.35,-0.62,-0.68,0.06,-0.12,0.43"
2788,2026-08-03T12:27:42.098,111.567699,0.590200,0.3500,-0.6200,-0.6800,0.0600,-0.0600,0.4300,0.984530,0.438292,"0.35,-0.62,-0.68,0.06,-0.06,0.43"
2789,2026-08-03T12:27:42.157,111.626373,58.673900,0.3500,-0.6200,-0.6800,0.0600,-0.0600,0.3700,0.984530,0.379605,"0.35,-0.62,-0.68,0.06,-0.06,0.37"
2790,2026-08-03T12:27:42.217,111.686305,59.932500,0.3500,-0.6200,-0.6800,0.0600,-0.1200,0.3700,0.984530,0.393573,"0.35,-0.62,-0.68,0.06,-0.12,0.37"
2791,2026-08-03T12:27:42.217,111.686645,0.340200,0.3500,-0.6200,-0.6800,0.0000,-0.1200,0.4300,0.984530,0.446430,"0.35,-0.62,-0.68,0.00,-0.12,0.43"
2792,2026-08-03T12:27:42.276,111.746006,59.360700,0.3500,-0.6200,-0.6800,0.0600,-0.0600,0.4300,0.984530,0.438292,"0.35,-0.62,-0.68,0.06,-0.06,0.43"
2793,2026-08-03T12:27:42.337,111.806658,60.651500,0.3500,-0.6200,-0.6800,0.0600,-0.1200,0.4300,0.984530,0.450444,"0.35,-0.62,-0.68,0.06,-0.12,0.43"
2794,2026-08-03T12:27:42.338,111.807196,0.538600,0.3500,-0.6200,-0.6800,0.0600,-0.1200,0.4300,0.984530,0.450444,"0.35,-0.62,-0.68,0.06,-0.12,0.43"
2795,2026-08-03T12:27:42.397,111.866930,59.733900,0.3500,-0.6200,-0.6800,0.0600,-0.1200,0.4300,0.984530,0.450444,"0.35,-0.62,-0.68,0.06,-0.12,0.43"
2796,2026-08-03T12:27:42.457,111.927010,60.079800,0.3500,-0.6200,-0.6800,0.0600,-0.0600,0.4300,0.984530,0.438292,"0.35,-0.62,-0.68,0.06,-0.06,0.43"
2797,2026-08-03T12:27:42.458,111.927787,0.776900,0.3500,-0.6200,-0.6800,0.0600,-0.0600,0.3700,0.984530,0.379605,"0.35,-0.62,-0.68,0.06,-0.06,0.37"
2798,2026-08-03T12:27:42.517,111.986662,58.875400,0.3500,-0.6200,-0.6800,0.0600,-0.0600,0.3700,0.984530,0.379605,"0.35,-0.62,-0.68,0.06,-0.06,0.37"
2799,2026-08-03T12:27:42.577,112.046948,60.285700,0.3500,-0.6200,-0.6800,0.0600,-0.0600,0.3700,0.984530,0.379605,"0.35,-0.62,-0.68,0.06,-0.06,0.37"
2800,2026-08-03T12:27:42.578,112.047593,0.645200,0.3500,-0.6200,-0.6800,0.0600,-0.1200,0.3700,0.984530,0.393573,"0.35,-0.62,-0.68,0.06,-0.12,0.37"
2801,2026-08-03T12:27:42.637,112.106376,58.782900,0.3500,-0.6200,-0.6800,0.1200,-0.1200,0.4300,0.984530,0.462277,"0.35,-0.62,-0.68,0.12,-0.12,0.43"
2802,2026-08-03T12:27:42.697,112.166497,60.120500,0.3500,-0.6200,-0.6800,0.1200,-0.1200,0.4300,0.984530,0.462277,"0.35,-0.62,-0.68,0.12,-0.12,0.43"
2803,2026-08-03T12:27:42.698,112.167033,0.536400,0.3500,-0.6200,-0.6800,0.0600,-0.0600,0.4300,0.984530,0.438292,"0.35,-0.62,-0.68,0.06,-0.06,0.43"
2804,2026-08-03T12:27:42.817,112.286543,119.510400,0.3500,-0.6200,-0.6800,0.0600,-0.0600,0.4300,0.984530,0.438292,"0.35,-0.62,-0.68,0.06,-0.06,0.43"
2805,2026-08-03T12:27:42.818,112.287438,0.894300,0.3500,-0.6200,-0.6800,0.0600,-0.0600,0.4300,0.984530,0.438292,"0.35,-0.62,-0.68,0.06,-0.06,0.43"
2806,2026-08-03T12:27:42.819,112.288152,0.714200,0.3500,-0.6200,-0.6800,0.0600,-0.0600,0.4300,0.984530,0.438292,"0.35,-0.62,-0.68,0.06,-0.06,0.43"
2807,2026-08-03T12:27:42.877,112.346493,58.341600,0.3500,-0.6200,-0.6800,0.0600,-0.0600,0.4300,0.984530,0.438292,"0.35,-0.62,-0.68,0.06,-0.06,0.43"
2808,2026-08-03T12:27:42.937,112.406122,59.628900,0.3500,-0.6200,-0.6800,0.0600,-0.0600,0.4300,0.984530,0.438292,"0.35,-0.62,-0.68,0.06,-0.06,0.43"
2809,2026-08-03T12:27:42.937,112.406387,0.264200,0.3500,-0.6200,-0.6800,0.0600,-0.0600,0.4300,0.984530,0.438292,"0.35,-0.62,-0.68,0.06,-0.06,0.43"
2810,2026-08-03T12:27:42.997,112.466291,59.904400,0.3500,-0.6200,-0.6800,0.0600,-0.1200,0.4300,0.984530,0.450444,"0.35,-0.62,-0.68,0.06,-0.12,0.43"
2811,2026-08-03T12:27:43.057,112.526578,60.286700,0.3500,-0.6200,-0.6800,0.0600,-0.0600,0.4300,0.984530,0.438292,"0.35,-0.62,-0.68,0.06,-0.06,0.43"
2812,2026-08-03T12:27:43.057,112.526840,0.262100,0.3500,-0.6200,-0.6800,0.0600,-0.0600,0.3700,0.984530,0.379605,"0.35,-0.62,-0.68,0.06,-0.06,0.37"
2813,2026-08-03T12:27:43.117,112.586414,59.574100,0.3500,-0.6200,-0.6800,0.0600,-0.0600,0.3700,0.984530,0.379605,"0.35,-0.62,-0.68,0.06,-0.06,0.37"
2814,2026-08-03T12:27:43.177,112.646422,60.007700,0.3500,-0.6200,-0.6800,0.0600,-0.0600,0.4300,0.984530,0.438292,"0.35,-0.62,-0.68,0.06,-0.06,0.43"
2815,2026-08-03T12:27:43.177,112.646938,0.516400,0.3500,-0.6200,-0.6800,0.0600,-0.0600,0.4300,0.984530,0.438292,"0.35,-0.62,-0.68,0.06,-0.06,0.43"
2816,2026-08-03T12:27:43.237,112.706337,59.398600,0.3500,-0.6200,-0.6800,0.0600,-0.1200,0.4300,0.984530,0.450444,"0.35,-0.62,-0.68,0.06,-0.12,0.43"
2817,2026-08-03T12:27:43.358,112.827026,120.689000,0.3500,-0.6200,-0.6800,0.0600,-0.1200,0.3700,0.984530,0.393573,"0.35,-0.62,-0.68,0.06,-0.12,0.37"
2818,2026-08-03T12:27:43.358,112.827674,0.648000,0.3500,-0.6200,-0.6800,0.0600,-0.0600,0.4300,0.984530,0.438292,"0.35,-0.62,-0.68,0.06,-0.06,0.43"
2819,2026-08-03T12:27:43.359,112.828273,0.599000,0.3500,-0.6200,-0.6800,0.0600,-0.1200,0.4300,0.984530,0.450444,"0.35,-0.62,-0.68,0.06,-0.12,0.43"
2820,2026-08-03T12:27:43.418,112.887255,58.982000,0.3500,-0.6200,-0.6800,0.0600,-0.1200,0.4300,0.984530,0.450444,"0.35,-0.62,-0.68,0.06,-0.12,0.43"
2821,2026-08-03T12:27:43.418,112.887893,0.638200,0.3500,-0.6200,-0.6800,0.0600,-0.1200,0.4300,0.984530,0.450444,"0.35,-0.62,-0.68,0.06,-0.12,0.43"
2822,2026-08-03T12:27:43.477,112.946421,58.528200,0.3500,-0.6200,-0.6800,0.0600,-0.1200,0.4300,0.984530,0.450444,"0.35,-0.62,-0.68,0.06,-0.12,0.43"
2823,2026-08-03T12:27:43.537,113.006753,60.331600,0.3500,-0.6200,-0.6800,0.0600,-0.1200,0.4300,0.984530,0.450444,"0.35,-0.62,-0.68,0.06,-0.12,0.43"
2824,2026-08-03T12:27:43.538,113.007459,0.706800,0.3500,-0.6200,-0.6800,0.0600,-0.0600,0.4300,0.984530,0.438292,"0.35,-0.62,-0.68,0.06,-0.06,0.43"
2825,2026-08-03T12:27:43.597,113.066429,58.969400,0.3500,-0.6200,-0.6800,0.0600,-0.0600,0.4300,0.984530,0.438292,"0.35,-0.62,-0.68,0.06,-0.06,0.43"
2826,2026-08-03T12:27:43.657,113.126754,60.325000,0.3500,-0.6200,-0.6800,0.0600,-0.1200,0.3700,0.984530,0.393573,"0.35,-0.62,-0.68,0.06,-0.12,0.37"
2827,2026-08-03T12:27:43.658,113.127227,0.473300,0.3500,-0.6200,-0.6800,0.0600,-0.1200,0.3700,0.984530,0.393573,"0.35,-0.62,-0.68,0.06,-0.12,0.37"
2828,2026-08-03T12:27:43.717,113.186325,59.098100,0.3500,-0.6200,-0.6800,0.0600,-0.0600,0.4300,0.984530,0.438292,"0.35,-0.62,-0.68,0.06,-0.06,0.43"
2829,2026-08-03T12:27:43.837,113.306692,120.366800,0.3500,-0.6200,-0.6800,0.0600,-0.0600,0.4300,0.984530,0.438292,"0.35,-0.62,-0.68,0.06,-0.06,0.43"
2830,2026-08-03T12:27:43.838,113.307500,0.808200,0.3500,-0.6200,-0.6800,0.0600,-0.0600,0.4300,0.984530,0.438292,"0.35,-0.62,-0.68,0.06,-0.06,0.43"
2831,2026-08-03T12:27:43.896,113.366013,58.513000,0.3500,-0.6200,-0.6800,0.0600,-0.0600,0.4300,0.984530,0.438292,"0.35,-0.62,-0.68,0.06,-0.06,0.43"
2832,2026-08-03T12:27:43.897,113.366384,0.370600,0.3500,-0.6200,-0.6800,0.0600,-0.1200,0.4300,0.984530,0.450444,"0.35,-0.62,-0.68,0.06,-0.12,0.43"
2833,2026-08-03T12:27:43.898,113.367042,0.658300,0.3500,-0.6200,-0.6800,0.0600,-0.1200,0.3700,0.984530,0.393573,"0.35,-0.62,-0.68,0.06,-0.12,0.37"
2834,2026-08-03T12:27:43.957,113.426508,59.466000,0.3500,-0.6200,-0.6800,0.0600,-0.1200,0.3700,0.984530,0.393573,"0.35,-0.62,-0.68,0.06,-0.12,0.37"
2835,2026-08-03T12:27:44.016,113.485995,59.487100,0.3500,-0.6200,-0.6800,0.0600,-0.1200,0.4300,0.984530,0.450444,"0.35,-0.62,-0.68,0.06,-0.12,0.43"
2836,2026-08-03T12:27:44.017,113.486372,0.377000,0.3500,-0.6200,-0.6800,0.0600,-0.1200,0.4300,0.984530,0.450444,"0.35,-0.62,-0.68,0.06,-0.12,0.43"
2837,2026-08-03T12:27:44.077,113.546546,60.173900,0.3500,-0.6200,-0.6800,0.1200,-0.0600,0.4300,0.984530,0.450444,"0.35,-0.62,-0.68,0.12,-0.06,0.43"
2838,2026-08-03T12:27:44.137,113.606401,59.854700,0.3500,-0.6200,-0.6800,0.0600,-0.0600,0.4300,0.984530,0.438292,"0.35,-0.62,-0.68,0.06,-0.06,0.43"
2839,2026-08-03T12:27:44.137,113.606891,0.490300,0.3500,-0.6200,-0.6800,0.0600,-0.1200,0.3700,0.984530,0.393573,"0.35,-0.62,-0.68,0.06,-0.12,0.37"
2840,2026-08-03T12:27:44.197,113.666550,59.659300,0.3500,-0.6300,-0.6800,0.0600,-0.1200,0.4300,0.990858,0.450444,"0.35,-0.63,-0.68,0.06,-0.12,0.43"
2841,2026-08-03T12:27:44.257,113.726170,59.619400,0.3500,-0.6200,-0.6800,0.0600,-0.0600,0.4300,0.984530,0.438292,"0.35,-0.62,-0.68,0.06,-0.06,0.43"
2842,2026-08-03T12:27:44.257,113.726420,0.249900,0.3500,-0.6200,-0.6800,0.0600,-0.0600,0.4300,0.984530,0.438292,"0.35,-0.62,-0.68,0.06,-0.06,0.43"
2843,2026-08-03T12:27:44.317,113.786599,60.179200,0.3500,-0.6200,-0.6800,0.0600,-0.0600,0.4300,0.984530,0.438292,"0.35,-0.62,-0.68,0.06,-0.06,0.43"
2844,2026-08-03T12:27:44.377,113.846424,59.824700,0.3500,-0.6200,-0.6800,0.0600,-0.0600,0.3700,0.984530,0.379605,"0.35,-0.62,-0.68,0.06,-0.06,0.37"
2845,2026-08-03T12:27:44.378,113.847073,0.649100,0.3500,-0.6200,-0.6800,0.0600,-0.1200,0.4300,0.984530,0.450444,"0.35,-0.62,-0.68,0.06,-0.12,0.43"
2846,2026-08-03T12:27:44.437,113.906570,59.497800,0.3500,-0.6200,-0.6800,0.0600,-0.1200,0.4300,0.984530,0.450444,"0.35,-0.62,-0.68,0.06,-0.12,0.43"
2847,2026-08-03T12:27:44.556,114.025895,119.325000,0.3500,-0.6200,-0.6800,0.0600,-0.1200,0.4300,0.984530,0.450444,"0.35,-0.62,-0.68,0.06,-0.12,0.43"
2848,2026-08-03T12:27:44.557,114.026519,0.623100,0.3500,-0.6200,-0.6800,0.0600,-0.1200,0.4300,0.984530,0.450444,"0.35,-0.62,-0.68,0.06,-0.12,0.43"
2849,2026-08-03T12:27:44.557,114.026871,0.352100,0.3500,-0.6200,-0.6800,0.0600,-0.0600,0.4300,0.984530,0.438292,"0.35,-0.62,-0.68,0.06,-0.06,0.43"
2850,2026-08-03T12:27:44.617,114.086714,59.843400,0.3500,-0.6200,-0.6800,0.0600,-0.0600,0.4300,0.984530,0.438292,"0.35,-0.62,-0.68,0.06,-0.06,0.43"
2851,2026-08-03T12:27:44.618,114.087162,0.448300,0.3500,-0.6200,-0.6800,0.0600,-0.0600,0.4300,0.984530,0.438292,"0.35,-0.62,-0.68,0.06,-0.06,0.43"
2852,2026-08-03T12:27:44.737,114.206607,119.444800,0.3500,-0.6200,-0.6800,0.0600,-0.0600,0.4300,0.984530,0.438292,"0.35,-0.62,-0.68,0.06,-0.06,0.43"
2853,2026-08-03T12:27:44.738,114.207730,1.123300,0.3500,-0.6200,-0.6800,0.0600,-0.1200,0.4300,0.984530,0.450444,"0.35,-0.62,-0.68,0.06,-0.12,0.43"
2854,2026-08-03T12:27:44.739,114.208043,0.312900,0.3500,-0.6300,-0.6800,0.0600,-0.1200,0.4300,0.990858,0.450444,"0.35,-0.63,-0.68,0.06,-0.12,0.43"
2855,2026-08-03T12:27:44.857,114.326655,118.612000,0.3500,-0.6200,-0.6800,0.0600,-0.1200,0.4300,0.984530,0.450444,"0.35,-0.62,-0.68,0.06,-0.12,0.43"
2856,2026-08-03T12:27:44.858,114.327291,0.635500,0.3500,-0.6200,-0.6800,0.0600,-0.0600,0.4300,0.984530,0.438292,"0.35,-0.62,-0.68,0.06,-0.06,0.43"
2857,2026-08-03T12:27:44.858,114.327930,0.638600,0.3500,-0.6200,-0.6800,0.0600,-0.0600,0.4300,0.984530,0.438292,"0.35,-0.62,-0.68,0.06,-0.06,0.43"
2858,2026-08-03T12:27:44.917,114.386385,58.455900,0.3500,-0.6200,-0.6800,0.1200,-0.1200,0.4300,0.984530,0.462277,"0.35,-0.62,-0.68,0.12,-0.12,0.43"
2859,2026-08-03T12:27:44.977,114.446550,60.164500,0.3500,-0.6200,-0.6800,0.1200,-0.1200,0.3700,0.984530,0.407063,"0.35,-0.62,-0.68,0.12,-0.12,0.37"
2860,2026-08-03T12:27:44.978,114.447202,0.652000,0.3500,-0.6200,-0.6800,0.0600,-0.0600,0.3700,0.984530,0.379605,"0.35,-0.62,-0.68,0.06,-0.06,0.37"
2861,2026-08-03T12:27:45.037,114.506311,59.108700,0.3500,-0.6200,-0.6800,0.0600,-0.0600,0.4300,0.984530,0.438292,"0.35,-0.62,-0.68,0.06,-0.06,0.43"
2862,2026-08-03T12:27:45.097,114.566584,60.273600,0.3500,-0.6200,-0.6800,0.0600,-0.0600,0.4300,0.984530,0.438292,"0.35,-0.62,-0.68,0.06,-0.06,0.43"
2863,2026-08-03T12:27:45.098,114.567715,1.130600,0.3500,-0.6200,-0.6800,0.0600,-0.0600,0.4300,0.984530,0.438292,"0.35,-0.62,-0.68,0.06,-0.06,0.43"
2864,2026-08-03T12:27:45.277,114.746453,178.738300,0.3500,-0.6200,-0.6800,0.0600,-0.1200,0.3700,0.984530,0.393573,"0.35,-0.62,-0.68,0.06,-0.12,0.37"
2865,2026-08-03T12:27:45.277,114.746775,0.321600,0.3500,-0.6200,-0.6800,0.0600,-0.1200,0.3700,0.984530,0.393573,"0.35,-0.62,-0.68,0.06,-0.12,0.37"
2866,2026-08-03T12:27:45.278,114.748008,1.233700,0.3500,-0.6200,-0.6800,0.0600,-0.1200,0.3700,0.984530,0.393573,"0.35,-0.62,-0.68,0.06,-0.12,0.37"
2867,2026-08-03T12:27:45.279,114.748675,0.666900,0.3500,-0.6200,-0.6800,0.0600,-0.0600,0.3700,0.984530,0.379605,"0.35,-0.62,-0.68,0.06,-0.06,0.37"
2868,2026-08-03T12:27:45.397,114.866916,118.240600,0.3500,-0.6200,-0.6800,0.0600,-0.0600,0.3700,0.984530,0.379605,"0.35,-0.62,-0.68,0.06,-0.06,0.37"
2869,2026-08-03T12:27:45.398,114.867869,0.953000,0.3500,-0.6200,-0.6800,0.0600,-0.0600,0.4300,0.984530,0.438292,"0.35,-0.62,-0.68,0.06,-0.06,0.43"
2870,2026-08-03T12:27:45.399,114.868647,0.778100,0.3500,-0.6200,-0.6800,0.0600,-0.0600,0.4300,0.984530,0.438292,"0.35,-0.62,-0.68,0.06,-0.06,0.43"
2871,2026-08-03T12:27:45.457,114.926551,57.904100,0.3500,-0.6200,-0.6800,0.0600,-0.0600,0.3700,0.984530,0.379605,"0.35,-0.62,-0.68,0.06,-0.06,0.37"
2872,2026-08-03T12:27:45.458,114.927436,0.884700,0.3500,-0.6200,-0.6800,0.0600,-0.1200,0.3700,0.984530,0.393573,"0.35,-0.62,-0.68,0.06,-0.12,0.37"
2873,2026-08-03T12:27:45.517,114.986307,58.871100,0.3500,-0.6200,-0.6800,0.0600,-0.0600,0.3700,0.984530,0.379605,"0.35,-0.62,-0.68,0.06,-0.06,0.37"
2874,2026-08-03T12:27:45.577,115.046292,59.985300,0.3500,-0.6200,-0.6800,0.0600,-0.0600,0.3700,0.984530,0.379605,"0.35,-0.62,-0.68,0.06,-0.06,0.37"
2875,2026-08-03T12:27:45.577,115.046600,0.308100,0.3500,-0.6200,-0.6800,0.0600,-0.1200,0.3700,0.984530,0.393573,"0.35,-0.62,-0.68,0.06,-0.12,0.37"
2876,2026-08-03T12:27:45.637,115.106852,60.251900,0.3500,-0.6200,-0.6800,0.0600,-0.1200,0.3700,0.984530,0.393573,"0.35,-0.62,-0.68,0.06,-0.12,0.37"
2877,2026-08-03T12:27:45.698,115.167023,60.171100,0.3500,-0.6200,-0.6800,0.0600,-0.1200,0.3700,0.984530,0.393573,"0.35,-0.62,-0.68,0.06,-0.12,0.37"
2878,2026-08-03T12:27:45.698,115.167710,0.687200,0.3500,-0.6200,-0.6800,0.0600,-0.1200,0.4300,0.984530,0.450444,"0.35,-0.62,-0.68,0.06,-0.12,0.43"
2879,2026-08-03T12:27:45.817,115.286517,118.806900,0.3500,-0.6200,-0.6800,0.0600,-0.1200,0.4300,0.984530,0.450444,"0.35,-0.62,-0.68,0.06,-0.12,0.43"
2880,2026-08-03T12:27:45.818,115.287323,0.806100,0.3500,-0.6200,-0.6800,0.1200,-0.1200,0.4300,0.984530,0.462277,"0.35,-0.62,-0.68,0.12,-0.12,0.43"
2881,2026-08-03T12:27:45.818,115.287979,0.655700,0.3500,-0.6200,-0.6800,0.1200,-0.1200,0.4300,0.984530,0.462277,"0.35,-0.62,-0.68,0.12,-0.12,0.43"
2882,2026-08-03T12:27:45.877,115.346903,58.924000,0.3500,-0.6200,-0.6800,0.1200,-0.1200,0.3700,0.984530,0.407063,"0.35,-0.62,-0.68,0.12,-0.12,0.37"
2883,2026-08-03T12:27:45.937,115.406427,59.524300,0.3500,-0.6200,-0.6800,0.0600,-0.0600,0.3700,0.984530,0.379605,"0.35,-0.62,-0.68,0.06,-0.06,0.37"
2884,2026-08-03T12:27:45.937,115.406972,0.544500,0.3500,-0.6200,-0.6800,0.0600,-0.0600,0.3700,0.984530,0.379605,"0.35,-0.62,-0.68,0.06,-0.06,0.37"
2885,2026-08-03T12:27:45.997,115.466499,59.526600,0.3500,-0.6200,-0.6800,0.0600,-0.0600,0.3700,0.984530,0.379605,"0.35,-0.62,-0.68,0.06,-0.06,0.37"
2886,2026-08-03T12:27:46.057,115.526200,59.701700,0.3500,-0.6200,-0.6800,0.0600,-0.1200,0.4300,0.984530,0.450444,"0.35,-0.62,-0.68,0.06,-0.12,0.43"
2887,2026-08-03T12:27:46.057,115.526639,0.438900,0.3500,-0.6200,-0.6800,0.0600,-0.1200,0.4300,0.984530,0.450444,"0.35,-0.62,-0.68,0.06,-0.12,0.43"
2888,2026-08-03T12:27:46.117,115.586311,59.672000,0.3500,-0.6200,-0.6800,0.0600,-0.1200,0.4300,0.984530,0.450444,"0.35,-0.62,-0.68,0.06,-0.12,0.43"
2889,2026-08-03T12:27:46.177,115.646294,59.983100,0.3500,-0.6200,-0.6800,0.1200,-0.1200,0.4300,0.984530,0.462277,"0.35,-0.62,-0.68,0.12,-0.12,0.43"
2890,2026-08-03T12:27:46.177,115.646628,0.333900,0.3500,-0.6200,-0.6800,0.0600,-0.1200,0.3700,0.984530,0.393573,"0.35,-0.62,-0.68,0.06,-0.12,0.37"
2891,2026-08-03T12:27:46.237,115.706227,59.598800,0.3500,-0.6200,-0.6800,0.0600,-0.0600,0.4300,0.984530,0.438292,"0.35,-0.62,-0.68,0.06,-0.06,0.43"
2892,2026-08-03T12:27:46.297,115.766189,59.961900,0.3500,-0.6200,-0.6800,0.0600,-0.0600,0.4300,0.984530,0.438292,"0.35,-0.62,-0.68,0.06,-0.06,0.43"
2893,2026-08-03T12:27:46.297,115.766757,0.567700,0.3500,-0.6200,-0.6800,0.0600,-0.0600,0.4300,0.984530,0.438292,"0.35,-0.62,-0.68,0.06,-0.06,0.43"
2894,2026-08-03T12:27:46.357,115.826435,59.678900,0.3500,-0.6200,-0.6800,0.0600,-0.0600,0.4300,0.984530,0.438292,"0.35,-0.62,-0.68,0.06,-0.06,0.43"
2895,2026-08-03T12:27:46.417,115.886484,60.048000,0.3500,-0.6200,-0.6800,0.0600,-0.1200,0.4300,0.984530,0.450444,"0.35,-0.62,-0.68,0.06,-0.12,0.43"
2896,2026-08-03T12:27:46.418,115.887103,0.619600,0.3500,-0.6200,-0.6800,0.0600,-0.1200,0.4300,0.984530,0.450444,"0.35,-0.62,-0.68,0.06,-0.12,0.43"
2897,2026-08-03T12:27:46.477,115.946802,59.699200,0.3500,-0.6300,-0.6800,0.0600,-0.0600,0.4300,0.990858,0.438292,"0.35,-0.63,-0.68,0.06,-0.06,0.43"
2898,2026-08-03T12:27:46.537,116.006876,60.073400,0.3500,-0.6300,-0.6800,0.0600,-0.1200,0.4300,0.990858,0.450444,"0.35,-0.63,-0.68,0.06,-0.12,0.43"
2899,2026-08-03T12:27:46.538,116.007880,1.003900,0.3500,-0.6200,-0.6800,0.0600,-0.1200,0.3700,0.984530,0.393573,"0.35,-0.62,-0.68,0.06,-0.12,0.37"
2900,2026-08-03T12:27:46.657,116.126292,118.412200,0.3500,-0.6200,-0.6800,0.0600,-0.1200,0.3700,0.984530,0.393573,"0.35,-0.62,-0.68,0.06,-0.12,0.37"
2901,2026-08-03T12:27:46.658,116.127245,0.953500,0.3500,-0.6200,-0.6800,0.0600,-0.0600,0.3700,0.984530,0.379605,"0.35,-0.62,-0.68,0.06,-0.06,0.37"
2902,2026-08-03T12:27:46.658,116.127742,0.496300,0.3500,-0.6200,-0.6800,0.0600,-0.0600,0.3700,0.984530,0.379605,"0.35,-0.62,-0.68,0.06,-0.06,0.37"
2903,2026-08-03T12:27:46.777,116.246498,118.756500,0.3500,-0.6200,-0.6800,0.0600,-0.1200,0.3700,0.984530,0.393573,"0.35,-0.62,-0.68,0.06,-0.12,0.37"
2904,2026-08-03T12:27:46.777,116.246830,0.332000,0.3500,-0.6200,-0.6800,0.0000,-0.1200,0.3700,0.984530,0.388973,"0.35,-0.62,-0.68,0.00,-0.12,0.37"
2905,2026-08-03T12:27:46.778,116.247507,0.677200,0.3500,-0.6300,-0.6800,0.0000,-0.1200,0.3700,0.990858,0.388973,"0.35,-0.63,-0.68,0.00,-0.12,0.37"
2906,2026-08-03T12:27:46.837,116.306332,58.824600,0.3500,-0.6200,-0.6800,0.0600,-0.0600,0.3700,0.984530,0.379605,"0.35,-0.62,-0.68,0.06,-0.06,0.37"
2907,2026-08-03T12:27:46.897,116.366274,59.942200,0.3500,-0.6200,-0.6800,0.0600,-0.0600,0.3700,0.984530,0.379605,"0.35,-0.62,-0.68,0.06,-0.06,0.37"
2908,2026-08-03T12:27:46.897,116.366681,0.407300,0.3500,-0.6200,-0.6800,0.0600,-0.0600,0.3700,0.984530,0.379605,"0.35,-0.62,-0.68,0.06,-0.06,0.37"
2909,2026-08-03T12:27:46.957,116.426458,59.776600,0.3500,-0.6200,-0.6800,0.0600,-0.0600,0.3700,0.984530,0.379605,"0.35,-0.62,-0.68,0.06,-0.06,0.37"
2910,2026-08-03T12:27:47.018,116.487126,60.668500,0.3500,-0.6200,-0.6800,0.0600,-0.0600,0.4300,0.984530,0.438292,"0.35,-0.62,-0.68,0.06,-0.06,0.43"
2911,2026-08-03T12:27:47.018,116.487607,0.480600,0.3500,-0.6200,-0.6800,0.0600,-0.0600,0.4300,0.984530,0.438292,"0.35,-0.62,-0.68,0.06,-0.06,0.43"
2912,2026-08-03T12:27:47.078,116.547054,59.447400,0.3500,-0.6200,-0.6800,0.0600,-0.0600,0.4300,0.984530,0.438292,"0.35,-0.62,-0.68,0.06,-0.06,0.43"
2913,2026-08-03T12:27:47.137,116.606590,59.535100,0.3500,-0.6200,-0.6800,0.0600,-0.0600,0.4300,0.984530,0.438292,"0.35,-0.62,-0.68,0.06,-0.06,0.43"
2914,2026-08-03T12:27:47.137,116.606736,0.146200,0.3500,-0.6200,-0.6800,0.0600,-0.0600,0.4300,0.984530,0.438292,"0.35,-0.62,-0.68,0.06,-0.06,0.43"
2915,2026-08-03T12:27:47.197,116.666472,59.735800,0.3500,-0.6200,-0.6800,0.0600,-0.0600,0.4300,0.984530,0.438292,"0.35,-0.62,-0.68,0.06,-0.06,0.43"
2916,2026-08-03T12:27:47.258,116.727025,60.553900,0.3500,-0.6200,-0.6800,0.0600,-0.0600,0.4300,0.984530,0.438292,"0.35,-0.62,-0.68,0.06,-0.06,0.43"
2917,2026-08-03T12:27:47.258,116.727757,0.731800,0.3500,-0.6200,-0.6800,0.0600,-0.0600,0.4300,0.984530,0.438292,"0.35,-0.62,-0.68,0.06,-0.06,0.43"
2918,2026-08-03T12:27:47.317,116.786329,58.571600,0.3500,-0.6200,-0.6800,0.0600,-0.0600,0.3700,0.984530,0.379605,"0.35,-0.62,-0.68,0.06,-0.06,0.37"
2919,2026-08-03T12:27:47.377,116.846419,60.089700,0.3500,-0.6200,-0.6800,0.0600,-0.0600,0.3700,0.984530,0.379605,"0.35,-0.62,-0.68,0.06,-0.06,0.37"
2920,2026-08-03T12:27:47.377,116.846501,0.082100,0.3500,-0.6200,-0.6800,0.0600,-0.0600,0.3700,0.984530,0.379605,"0.35,-0.62,-0.68,0.06,-0.06,0.37"
2921,2026-08-03T12:27:47.556,117.026015,179.513900,0.3500,-0.6200,-0.6800,0.0600,-0.0600,0.3700,0.984530,0.379605,"0.35,-0.62,-0.68,0.06,-0.06,0.37"
2922,2026-08-03T12:27:47.557,117.026447,0.432100,0.3500,-0.6200,-0.6800,0.0600,-0.1200,0.3700,0.984530,0.393573,"0.35,-0.62,-0.68,0.06,-0.12,0.37"
2923,2026-08-03T12:27:47.558,117.027220,0.773800,0.3500,-0.6200,-0.6800,0.0600,-0.1200,0.3700,0.984530,0.393573,"0.35,-0.62,-0.68,0.06,-0.12,0.37"
2924,2026-08-03T12:27:47.558,117.027888,0.667100,0.3500,-0.6200,-0.6800,0.0600,-0.1200,0.3700,0.984530,0.393573,"0.35,-0.62,-0.68,0.06,-0.12,0.37"
2925,2026-08-03T12:27:47.617,117.086365,58.477300,0.3500,-0.6200,-0.6800,0.0600,-0.1200,0.3700,0.984530,0.393573,"0.35,-0.62,-0.68,0.06,-0.12,0.37"
2926,2026-08-03T12:27:47.617,117.086851,0.485900,0.3500,-0.6200,-0.6800,0.0600,-0.1200,0.4300,0.984530,0.450444,"0.35,-0.62,-0.68,0.06,-0.12,0.43"
2927,2026-08-03T12:27:47.677,117.146310,59.459000,0.3500,-0.6200,-0.6800,0.0600,-0.1200,0.4300,0.984530,0.450444,"0.35,-0.62,-0.68,0.06,-0.12,0.43"
2928,2026-08-03T12:27:47.736,117.205798,59.488700,0.3500,-0.6200,-0.6800,0.0600,-0.1200,0.4300,0.984530,0.450444,"0.35,-0.62,-0.68,0.06,-0.12,0.43"
2929,2026-08-03T12:27:47.797,117.266305,60.507000,0.3500,-0.6200,-0.6800,0.0600,-0.1200,0.4300,0.984530,0.450444,"0.35,-0.62,-0.68,0.06,-0.12,0.43"
2930,2026-08-03T12:27:47.797,117.266550,0.244100,0.3500,-0.6200,-0.6800,0.0600,-0.1200,0.3700,0.984530,0.393573,"0.35,-0.62,-0.68,0.06,-0.12,0.37"
2931,2026-08-03T12:27:47.857,117.326290,59.740800,0.3500,-0.6200,-0.6800,0.0600,-0.0600,0.3700,0.984530,0.379605,"0.35,-0.62,-0.68,0.06,-0.06,0.37"
2932,2026-08-03T12:27:47.917,117.386350,60.059700,0.3500,-0.6200,-0.6800,0.0600,-0.0600,0.3700,0.984530,0.379605,"0.35,-0.62,-0.68,0.06,-0.06,0.37"
2933,2026-08-03T12:27:47.917,117.386924,0.573800,0.3500,-0.6200,-0.6800,0.0600,-0.0600,0.3700,0.984530,0.379605,"0.35,-0.62,-0.68,0.06,-0.06,0.37"
2934,2026-08-03T12:27:47.977,117.446334,59.410300,0.3500,-0.6200,-0.6800,0.0600,-0.0600,0.3700,0.984530,0.379605,"0.35,-0.62,-0.68,0.06,-0.06,0.37"
2935,2026-08-03T12:27:48.097,117.566460,120.126200,0.3500,-0.6200,-0.6800,0.0600,-0.0600,0.4300,0.984530,0.438292,"0.35,-0.62,-0.68,0.06,-0.06,0.43"
2936,2026-08-03T12:27:48.098,117.567972,1.511200,0.3500,-0.6200,-0.6800,0.0600,-0.1200,0.3700,0.984530,0.393573,"0.35,-0.62,-0.68,0.06,-0.12,0.37"
2937,2026-08-03T12:27:48.099,117.568484,0.512600,0.3500,-0.6200,-0.6800,0.0600,-0.1200,0.3700,0.984530,0.393573,"0.35,-0.62,-0.68,0.06,-0.12,0.37"
2938,2026-08-03T12:27:48.099,117.569010,0.525400,0.3500,-0.6200,-0.6800,0.0600,-0.1200,0.3700,0.984530,0.393573,"0.35,-0.62,-0.68,0.06,-0.12,0.37"
2939,2026-08-03T12:27:48.157,117.626554,57.544800,0.3500,-0.6200,-0.6800,0.0600,-0.1200,0.3700,0.984530,0.393573,"0.35,-0.62,-0.68,0.06,-0.12,0.37"
2940,2026-08-03T12:27:48.217,117.686139,59.584400,0.3500,-0.6200,-0.6800,0.0600,-0.0600,0.3700,0.984530,0.379605,"0.35,-0.62,-0.68,0.06,-0.06,0.37"
2941,2026-08-03T12:27:48.337,117.806184,120.045400,0.3500,-0.6200,-0.6800,0.0600,-0.0600,0.3700,0.984530,0.379605,"0.35,-0.62,-0.68,0.06,-0.06,0.37"
2942,2026-08-03T12:27:48.338,117.807306,1.122300,0.3500,-0.6200,-0.6800,0.0600,-0.0600,0.3700,0.984530,0.379605,"0.35,-0.62,-0.68,0.06,-0.06,0.37"
2943,2026-08-03T12:27:48.339,117.808316,1.009700,0.3500,-0.6200,-0.6800,0.0600,-0.0600,0.3700,0.984530,0.379605,"0.35,-0.62,-0.68,0.06,-0.06,0.37"
2944,2026-08-03T12:27:48.397,117.866168,57.851700,0.3500,-0.6200,-0.6800,0.0600,-0.1200,0.3700,0.984530,0.393573,"0.35,-0.62,-0.68,0.06,-0.12,0.37"
2945,2026-08-03T12:27:48.397,117.866798,0.629700,0.3500,-0.6200,-0.6800,0.0600,-0.0600,0.3700,0.984530,0.379605,"0.35,-0.62,-0.68,0.06,-0.06,0.37"
2946,2026-08-03T12:27:48.457,117.926283,59.485300,0.3500,-0.6200,-0.6800,0.0600,-0.0600,0.4300,0.984530,0.438292,"0.35,-0.62,-0.68,0.06,-0.06,0.43"
2947,2026-08-03T12:27:48.458,117.927129,0.846600,0.3500,-0.6200,-0.6800,0.0600,-0.0600,0.4300,0.984530,0.438292,"0.35,-0.62,-0.68,0.06,-0.06,0.43"
2948,2026-08-03T12:27:48.517,117.986605,59.475100,0.3500,-0.6200,-0.6800,0.0600,-0.0600,0.4300,0.984530,0.438292,"0.35,-0.62,-0.68,0.06,-0.06,0.43"
2949,2026-08-03T12:27:48.577,118.046260,59.655000,0.3500,-0.6200,-0.6800,0.0600,-0.0600,0.4300,0.984530,0.438292,"0.35,-0.62,-0.68,0.06,-0.06,0.43"
2950,2026-08-03T12:27:48.697,118.166838,120.578400,0.3500,-0.6200,-0.6800,0.0600,-0.0600,0.4300,0.984530,0.438292,"0.35,-0.62,-0.68,0.06,-0.06,0.43"
2951,2026-08-03T12:27:48.698,118.167654,0.815900,0.3500,-0.6200,-0.6800,0.0600,-0.0600,0.3700,0.984530,0.379605,"0.35,-0.62,-0.68,0.06,-0.06,0.37"
2952,2026-08-03T12:27:48.699,118.168359,0.705500,0.3500,-0.6200,-0.6800,0.0600,-0.0600,0.3700,0.984530,0.379605,"0.35,-0.62,-0.68,0.06,-0.06,0.37"
2953,2026-08-03T12:27:48.700,118.169279,0.919500,0.3500,-0.6200,-0.6800,0.0600,-0.1200,0.4300,0.984530,0.450444,"0.35,-0.62,-0.68,0.06,-0.12,0.43"
2954,2026-08-03T12:27:48.757,118.226504,57.225200,0.3500,-0.6200,-0.6800,0.0600,-0.1200,0.4300,0.984530,0.450444,"0.35,-0.62,-0.68,0.06,-0.12,0.43"
2955,2026-08-03T12:27:48.817,118.286651,60.146800,0.3500,-0.6200,-0.6800,0.0600,-0.1200,0.4300,0.984530,0.450444,"0.35,-0.62,-0.68,0.06,-0.12,0.43"
2956,2026-08-03T12:27:48.877,118.346831,60.179800,0.3500,-0.6200,-0.6800,0.0600,-0.1200,0.3700,0.984530,0.393573,"0.35,-0.62,-0.68,0.06,-0.12,0.37"
2957,2026-08-03T12:27:48.878,118.347737,0.906600,0.3500,-0.6200,-0.6800,0.0600,-0.0600,0.3700,0.984530,0.379605,"0.35,-0.62,-0.68,0.06,-0.06,0.37"
2958,2026-08-03T12:27:48.997,118.466495,118.757500,0.3500,-0.6200,-0.6800,0.0600,-0.1200,0.4300,0.984530,0.450444,"0.35,-0.62,-0.68,0.06,-0.12,0.43"
2959,2026-08-03T12:27:48.997,118.466847,0.352000,0.3500,-0.6200,-0.6800,0.0600,-0.1200,0.4300,0.984530,0.450444,"0.35,-0.62,-0.68,0.06,-0.12,0.43"
2960,2026-08-03T12:27:48.998,118.467448,0.601100,0.3500,-0.6200,-0.6800,0.0600,-0.1200,0.4300,0.984530,0.450444,"0.35,-0.62,-0.68,0.06,-0.12,0.43"
2961,2026-08-03T12:27:49.058,118.527220,59.771800,0.3500,-0.6200,-0.6800,0.0600,-0.1200,0.3700,0.984530,0.393573,"0.35,-0.62,-0.68,0.06,-0.12,0.37"
2962,2026-08-03T12:27:49.059,118.528139,0.919700,0.3500,-0.6200,-0.6800,0.0600,-0.1200,0.3700,0.984530,0.393573,"0.35,-0.62,-0.68,0.06,-0.12,0.37"
2963,2026-08-03T12:27:49.117,118.586718,58.578700,0.3500,-0.6200,-0.6800,0.0600,-0.1200,0.3700,0.984530,0.393573,"0.35,-0.62,-0.68,0.06,-0.12,0.37"
2964,2026-08-03T12:27:49.177,118.646275,59.557200,0.3500,-0.6200,-0.6800,0.0600,-0.1200,0.3700,0.984530,0.393573,"0.35,-0.62,-0.68,0.06,-0.12,0.37"
2965,2026-08-03T12:27:49.178,118.647221,0.946200,0.3500,-0.6300,-0.6800,0.0600,-0.0600,0.4300,0.990858,0.438292,"0.35,-0.63,-0.68,0.06,-0.06,0.43"
2966,2026-08-03T12:27:49.297,118.766234,119.013000,0.3500,-0.6300,-0.6800,0.0600,-0.0600,0.4300,0.990858,0.438292,"0.35,-0.63,-0.68,0.06,-0.06,0.43"
2967,2026-08-03T12:27:49.298,118.767097,0.862400,0.3500,-0.6300,-0.6800,0.0600,-0.0600,0.4300,0.990858,0.438292,"0.35,-0.63,-0.68,0.06,-0.06,0.43"
2968,2026-08-03T12:27:49.298,118.767863,0.766100,0.3500,-0.6200,-0.6800,0.0600,-0.0600,0.4300,0.984530,0.438292,"0.35,-0.62,-0.68,0.06,-0.06,0.43"
2969,2026-08-03T12:27:49.417,118.886645,118.782300,0.3500,-0.6200,-0.6800,0.0600,-0.1200,0.4300,0.984530,0.450444,"0.35,-0.62,-0.68,0.06,-0.12,0.43"
2970,2026-08-03T12:27:49.418,118.887398,0.752500,0.3500,-0.6200,-0.6800,0.0600,-0.1200,0.4300,0.984530,0.450444,"0.35,-0.62,-0.68,0.06,-0.12,0.43"
2971,2026-08-03T12:27:49.419,118.888238,0.840100,0.3500,-0.6200,-0.6800,0.0600,-0.0600,0.4300,0.984530,0.438292,"0.35,-0.62,-0.68,0.06,-0.06,0.43"
2972,2026-08-03T12:27:49.477,118.946494,58.256600,0.3500,-0.6200,-0.6800,0.0600,-0.0600,0.4300,0.984530,0.438292,"0.35,-0.62,-0.68,0.06,-0.06,0.43"
2973,2026-08-03T12:27:49.537,119.006959,60.464700,0.3500,-0.6200,-0.6800,0.0600,-0.0600,0.4300,0.984530,0.438292,"0.35,-0.62,-0.68,0.06,-0.06,0.43"
2974,2026-08-03T12:27:49.538,119.007656,0.696500,0.3500,-0.6200,-0.6800,0.0600,-0.0600,0.4300,0.984530,0.438292,"0.35,-0.62,-0.68,0.06,-0.06,0.43"
2975,2026-08-03T12:27:49.597,119.066418,58.762100,0.3500,-0.6200,-0.6800,0.0600,-0.0600,0.4300,0.984530,0.438292,"0.35,-0.62,-0.68,0.06,-0.06,0.43"
2976,2026-08-03T12:27:49.656,119.125831,59.412800,0.3500,-0.6300,-0.6800,0.0600,-0.0600,0.4300,0.990858,0.438292,"0.35,-0.63,-0.68,0.06,-0.06,0.43"
2977,2026-08-03T12:27:49.717,119.186632,60.801700,0.3500,-0.6300,-0.6800,0.0600,-0.0600,0.4300,0.990858,0.438292,"0.35,-0.63,-0.68,0.06,-0.06,0.43"
2978,2026-08-03T12:27:49.718,119.187123,0.490900,0.3500,-0.6300,-0.6800,0.0600,-0.0600,0.4300,0.990858,0.438292,"0.35,-0.63,-0.68,0.06,-0.06,0.43"
2979,2026-08-03T12:27:49.777,119.246422,59.298400,0.3500,-0.6300,-0.6800,0.0000,-0.0600,0.3700,0.990858,0.374833,"0.35,-0.63,-0.68,0.00,-0.06,0.37"
2980,2026-08-03T12:27:49.837,119.306785,60.363500,0.3500,-0.6200,-0.6800,0.0600,-0.0600,0.3700,0.984530,0.379605,"0.35,-0.62,-0.68,0.06,-0.06,0.37"
2981,2026-08-03T12:27:49.838,119.307459,0.674400,0.3500,-0.6200,-0.6800,0.0600,-0.0600,0.3700,0.984530,0.379605,"0.35,-0.62,-0.68,0.06,-0.06,0.37"
2982,2026-08-03T12:27:49.897,119.366623,59.164000,0.3500,-0.6200,-0.6800,0.0600,-0.0600,0.3700,0.984530,0.379605,"0.35,-0.62,-0.68,0.06,-0.06,0.37"
2983,2026-08-03T12:27:49.957,119.426541,59.917300,0.3500,-0.6200,-0.6800,0.0600,-0.0600,0.3700,0.984530,0.379605,"0.35,-0.62,-0.68,0.06,-0.06,0.37"
2984,2026-08-03T12:27:49.958,119.427188,0.647700,0.3500,-0.6200,-0.6800,0.0600,-0.0600,0.4300,0.984530,0.438292,"0.35,-0.62,-0.68,0.06,-0.06,0.43"
2985,2026-08-03T12:27:50.077,119.546473,119.284100,0.3500,-0.6200,-0.6800,0.0600,-0.0600,0.4300,0.984530,0.438292,"0.35,-0.62,-0.68,0.06,-0.06,0.43"
2986,2026-08-03T12:27:50.077,119.546947,0.474400,0.3500,-0.6200,-0.6800,0.0600,-0.1200,0.4300,0.984530,0.450444,"0.35,-0.62,-0.68,0.06,-0.12,0.43"
2987,2026-08-03T12:27:50.078,119.547607,0.660300,0.3500,-0.6200,-0.6800,0.0600,-0.1200,0.4300,0.984530,0.450444,"0.35,-0.62,-0.68,0.06,-0.12,0.43"
2988,2026-08-03T12:27:50.137,119.606529,58.921300,0.3500,-0.6200,-0.6800,0.0600,-0.0600,0.4300,0.984530,0.438292,"0.35,-0.62,-0.68,0.06,-0.06,0.43"
2989,2026-08-03T12:27:50.197,119.666788,60.259000,0.3500,-0.6200,-0.6800,0.0600,-0.0600,0.4300,0.984530,0.438292,"0.35,-0.62,-0.68,0.06,-0.06,0.43"
2990,2026-08-03T12:27:50.197,119.666897,0.109800,0.3500,-0.6300,-0.6800,0.0600,-0.0600,0.3700,0.990858,0.379605,"0.35,-0.63,-0.68,0.06,-0.06,0.37"
2991,2026-08-03T12:27:50.257,119.726704,59.806600,0.3500,-0.6300,-0.6800,0.0600,-0.1200,0.4300,0.990858,0.450444,"0.35,-0.63,-0.68,0.06,-0.12,0.43"
2992,2026-08-03T12:27:50.317,119.786567,59.863000,0.3500,-0.6200,-0.6800,0.0600,-0.1200,0.4300,0.984530,0.450444,"0.35,-0.62,-0.68,0.06,-0.12,0.43"
2993,2026-08-03T12:27:50.318,119.787114,0.546700,0.3500,-0.6200,-0.6800,0.0600,-0.1200,0.4300,0.984530,0.450444,"0.35,-0.62,-0.68,0.06,-0.12,0.43"
2994,2026-08-03T12:27:50.438,119.907440,120.326400,0.3500,-0.6200,-0.6800,0.0600,-0.0600,0.3700,0.984530,0.379605,"0.35,-0.62,-0.68,0.06,-0.06,0.37"
2995,2026-08-03T12:27:50.439,119.908235,0.795400,0.3500,-0.6200,-0.6800,0.1200,-0.1200,0.4300,0.984530,0.462277,"0.35,-0.62,-0.68,0.12,-0.12,0.43"
2996,2026-08-03T12:27:50.439,119.908799,0.563300,0.3500,-0.6200,-0.6800,0.1200,-0.1200,0.3700,0.984530,0.407063,"0.35,-0.62,-0.68,0.12,-0.12,0.37"
2997,2026-08-03T12:27:50.497,119.966302,57.503300,0.3500,-0.6300,-0.6800,0.0600,-0.1200,0.3700,0.990858,0.393573,"0.35,-0.63,-0.68,0.06,-0.12,0.37"
2998,2026-08-03T12:27:50.557,120.026991,60.688900,0.3500,-0.6300,-0.6800,0.0600,-0.1200,0.4300,0.990858,0.450444,"0.35,-0.63,-0.68,0.06,-0.12,0.43"
2999,2026-08-03T12:27:50.558,120.027780,0.789000,0.3500,-0.6200,-0.6800,0.0600,-0.1200,0.3700,0.984530,0.393573,"0.35,-0.62,-0.68,0.06,-0.12,0.37"
3000,2026-08-03T12:27:50.617,120.086688,58.908500,0.3500,-0.6200,-0.6800,0.0600,-0.0600,0.4300,0.984530,0.438292,"0.35,-0.62,-0.68,0.06,-0.06,0.43"
