packet_number,timestamp,elapsed_seconds,interval_ms,Xg,Yg,Zg,Xdeg,Ydeg,Zdeg,acceleration_magnitude_g,gyroscope_magnitude_dps,raw_payload
1,2026-07-27T13:19:57.261,0.086881,,0.0600,-0.0600,0.9900,0.4900,0.2400,-0.6700,0.993630,0.864060,"0.06,-0.06,0.99,0.49,0.24,-0.67"
2,2026-07-27T13:19:57.306,0.132174,45.293800,0.0600,-0.0600,1.0000,0.7300,-0.8500,-0.4900,1.003594,1.222906,"0.06,-0.06,1.00,0.73,-0.85,-0.49"
3,2026-07-27T13:19:57.308,0.134598,2.424100,0.0600,-0.0600,1.0100,0.0600,-2.2000,0.0000,1.013558,2.200818,"0.06,-0.06,1.01,0.06,-2.20,0.00"
4,2026-07-27T13:19:57.349,0.175622,41.023000,0.0600,-0.0600,1.0100,-0.9800,-2.4400,0.8500,1.013558,2.763422,"0.06,-0.06,1.01,-0.98,-2.44,0.85"
5,2026-07-27T13:19:57.394,0.220480,44.858100,0.0600,-0.0500,1.0100,-1.8300,-2.0100,1.7700,1.013015,3.243748,"0.06,-0.05,1.01,-1.83,-2.01,1.77"
6,2026-07-27T13:19:57.424,0.250552,30.072600,0.0600,-0.0600,1.0000,-2.2600,-1.5300,1.4000,1.003594,3.067328,"0.06,-0.06,1.00,-2.26,-1.53,1.40"
7,2026-07-27T13:19:57.514,0.340538,89.985700,0.0700,-0.0600,1.0000,-2.5000,-3.1100,-0.4900,1.004241,4.020224,"0.07,-0.06,1.00,-2.50,-3.11,-0.49"
8,2026-07-27T13:19:57.515,0.340961,0.422800,0.0800,-0.0700,1.0100,-3.5400,-7.5100,-2.9300,1.015579,8.804351,"0.08,-0.07,1.01,-3.54,-7.51,-2.93"
9,2026-07-27T13:19:57.545,0.371175,30.214000,0.0800,-0.0400,1.0300,-3.9100,-8.0000,-5.0000,1.033876,10.212155,"0.08,-0.04,1.03,-3.91,-8.00,-5.00"
10,2026-07-27T13:19:57.604,0.430229,59.054600,0.0600,0.0800,1.2700,3.4200,9.2800,-11.4100,1.273931,15.099765,"0.06,0.08,1.27,3.42,9.28,-11.41"
11,2026-07-27T13:19:57.634,0.460159,29.930000,0.0000,0.1900,1.7700,39.7300,78.2500,-40.9500,1.780169,96.842335,"0.00,0.19,1.77,39.73,78.25,-40.95"
12,2026-07-27T13:19:57.710,0.535869,75.710000,-0.0500,0.0900,1.8600,91.9800,199.5800,-83.1900,1.862847,234.974622,"-0.05,0.09,1.86,91.98,199.58,-83.19"
13,2026-07-27T13:19:57.710,0.536201,0.331900,-0.1000,-0.1000,1.3000,105.5300,290.9500,-91.2500,1.307670,322.668632,"-0.10,-0.10,1.30,105.53,290.95,-91.25"
14,2026-07-27T13:19:57.769,0.595427,59.226300,-0.1800,-0.2000,0.6400,70.8000,276.7900,-61.1000,0.694262,292.161863,"-0.18,-0.20,0.64,70.80,276.79,-61.10"
15,2026-07-27T13:19:57.784,0.610308,14.880400,-0.2900,-0.1400,0.2700,37.5400,190.9800,-20.0200,0.420238,195.661474,"-0.29,-0.14,0.27,37.54,190.98,-20.02"
16,2026-07-27T13:19:57.874,0.700383,90.075200,-0.4400,-0.0600,0.1400,27.5300,110.9600,24.6600,0.465618,116.953572,"-0.44,-0.06,0.14,27.53,110.96,24.66"
17,2026-07-27T13:19:57.874,0.700742,0.359000,-0.6000,0.0100,-0.1900,10.6200,52.9200,75.6200,0.629444,92.906917,"-0.60,0.01,-0.19,10.62,52.92,75.62"
18,2026-07-27T13:19:57.905,0.730899,30.157200,-0.4500,0.3200,-1.0700,-15.8100,-2.1400,92.6500,1.204076,94.013606,"-0.45,0.32,-1.07,-15.81,-2.14,92.65"
19,2026-07-27T13:19:57.979,0.805206,74.307200,0.2500,0.6500,-1.2300,-1.4600,-128.6600,39.6100,1.413471,134.627186,"0.25,0.65,-1.23,-1.46,-128.66,39.61"
20,2026-07-27T13:19:58.024,0.850299,45.092300,1.1800,0.3600,0.6600,-7.9300,-371.0300,-42.3000,1.399143,373.517651,"1.18,0.36,0.66,-7.93,-371.03,-42.30"
21,2026-07-27T13:19:58.024,0.850640,0.341000,1.6500,-0.4700,3.1900,-105.5900,-520.6300,-110.3500,3.622085,542.569781,"1.65,-0.47,3.19,-105.59,-520.63,-110.35"
22,2026-07-27T13:19:58.069,0.895472,44.832400,1.4100,-0.7500,4.0000,-121.5200,-285.5200,-84.1100,4.307041,321.501591,"1.41,-0.75,4.00,-121.52,-285.52,-84.11"
23,2026-07-27T13:19:58.129,0.955141,59.668600,0.8800,0.1700,2.4800,-31.6800,211.9800,46.3900,2.636987,219.297002,"0.88,0.17,2.48,-31.68,211.98,46.39"
24,2026-07-27T13:19:58.144,0.970354,15.213200,0.3500,1.1100,-0.4900,41.1400,584.2300,92.3500,1.262814,592.912907,"0.35,1.11,-0.49,41.14,584.23,92.35"
25,2026-07-27T13:19:58.189,1.015545,45.190800,0.0900,0.5500,-2.8200,134.6400,586.8500,-37.6000,2.874543,603.269933,"0.09,0.55,-2.82,134.64,586.85,-37.60"
26,2026-07-27T13:19:58.234,1.060118,44.573200,0.3700,-0.5700,-2.6600,247.8600,212.4000,-147.5200,2.745433,358.204537,"0.37,-0.57,-2.66,247.86,212.40,-147.52"
27,2026-07-27T13:19:58.324,1.150276,90.158300,1.1800,-0.9600,-0.7000,262.7000,-260.2500,-80.1400,1.674515,378.369888,"1.18,-0.96,-0.70,262.70,-260.25,-80.14"
28,2026-07-27T13:19:58.325,1.151101,0.825100,2.1500,-0.7200,1.7900,78.1900,-580.3200,97.2900,2.888771,593.591040,"2.15,-0.72,1.79,78.19,-580.32,97.29"
29,2026-07-27T13:19:58.504,1.329967,178.865500,2.3200,0.0100,3.7800,-175.4200,-627.9300,239.6200,4.435189,694.612126,"2.32,0.01,3.78,-175.42,-627.93,239.62"
30,2026-07-27T13:19:58.505,1.330747,0.780300,1.6500,0.8600,3.7300,-177.9800,-210.5100,232.9700,4.168333,360.924315,"1.65,0.86,3.73,-177.98,-210.51,232.97"
31,2026-07-27T13:19:58.505,1.330806,0.059000,1.1300,1.4400,1.2000,64.5100,469.2400,62.3200,2.188721,477.735806,"1.13,1.44,1.20,64.51,469.24,62.32"
32,2026-07-27T13:19:58.505,1.331634,0.827400,1.2300,0.4700,-1.2900,329.9600,823.6100,-252.5600,1.843339,922.493137,"1.23,0.47,-1.29,329.96,823.61,-252.56"
33,2026-07-27T13:19:58.506,1.332411,0.777700,1.5900,-1.8400,-1.3400,526.7900,642.9400,-491.4600,2.776563,965.615078,"1.59,-1.84,-1.34,526.79,642.94,-491.46"
34,2026-07-27T13:19:58.624,1.450448,118.036600,1.7200,-2.7000,-0.3200,464.7200,201.2300,-303.1600,3.217266,590.223836,"1.72,-2.70,-0.32,464.72,201.23,-303.16"
35,2026-07-27T13:19:58.624,1.450641,0.193200,2.1100,-1.3900,0.1100,110.1700,-193.7900,250.4300,2.529091,335.271797,"2.11,-1.39,0.11,110.17,-193.79,250.43"
36,2026-07-27T13:19:58.625,1.451571,0.929500,2.8200,0.6300,1.2300,-349.6100,-590.7600,715.1500,3.140414,991.294130,"2.82,0.63,1.23,-349.61,-590.76,715.15"
37,2026-07-27T13:19:58.744,1.569951,118.380200,2.8800,1.7200,3.1700,-538.7600,-768.9800,662.2300,4.615376,1148.973956,"2.88,1.72,3.17,-538.76,-768.98,662.23"
38,2026-07-27T13:19:58.744,1.570196,0.245600,2.2800,1.4300,3.2600,229.4900,553.5900,-271.4200,4.227399,657.872605,"2.28,1.43,3.26,229.49,553.59,-271.42"
39,2026-07-27T13:19:58.745,1.571286,1.089400,1.7000,0.7600,1.1300,342.1600,812.7400,-510.8000,2.178187,1019.086068,"1.70,0.76,1.13,342.16,812.74,-510.80"
40,2026-07-27T13:19:58.804,1.630635,59.349200,1.4300,0.0000,-0.8100,351.2000,574.7700,-573.4900,1.643472,884.642737,"1.43,0.00,-0.81,351.20,574.77,-573.49"
41,2026-07-27T13:19:58.924,1.750299,119.664000,1.4000,-1.3000,-0.8200,313.4200,199.8900,-381.5900,2.079038,532.727920,"1.40,-1.30,-0.82,313.42,199.89,-381.59"
42,2026-07-27T13:19:58.924,1.750617,0.317800,1.2600,-2.3700,0.2400,84.3500,-62.3200,101.9300,2.694828,146.247837,"1.26,-2.37,0.24,84.35,-62.32,101.93"
43,2026-07-27T13:19:58.925,1.751341,0.724600,1.2200,-1.8500,0.6000,-259.5200,-245.6700,648.1900,2.295844,740.172044,"1.22,-1.85,0.60,-259.52,-245.67,648.19"
44,2026-07-27T13:19:58.984,1.810740,59.399100,1.7400,-0.0800,0.7700,-593.9900,-462.7700,886.0500,1.904442,1162.783211,"1.74,-0.08,0.77,-593.99,-462.77,886.05"
45,2026-07-27T13:19:58.986,1.811753,1.012600,1.6800,1.6300,2.1700,-578.8600,-448.5500,623.6600,3.191896,961.887622,"1.68,1.63,2.17,-578.86,-448.55,623.66"
46,2026-07-27T13:19:59.106,1.932185,120.431600,0.7200,1.8200,3.2600,-118.1000,-80.0800,155.2700,3.802420,210.877190,"0.72,1.82,3.26,-118.10,-80.08,155.27"
47,2026-07-27T13:19:59.107,1.933118,0.933600,-0.1300,0.0000,1.1800,184.8800,220.1500,-94.7300,1.187139,302.688635,"-0.13,0.00,1.18,184.88,220.15,-94.73"
48,2026-07-27T13:19:59.107,1.933450,0.331300,-0.1700,0.1800,0.9400,95.8900,236.6900,-98.3900,0.972060,273.674333,"-0.17,0.18,0.94,95.89,236.69,-98.39"
49,2026-07-27T13:19:59.164,1.990293,56.843300,-0.1700,0.4300,1.0700,-42.3600,166.8100,-63.9600,1.165633,183.605085,"-0.17,0.43,1.07,-42.36,166.81,-63.96"
50,2026-07-27T13:19:59.224,2.050502,60.208700,-0.1200,0.3100,0.7900,-46.1400,151.5500,-97.1700,0.857088,185.844857,"-0.12,0.31,0.79,-46.14,151.55,-97.17"
51,2026-07-27T13:19:59.225,2.051160,0.658800,-0.0500,-0.0700,0.2900,14.5300,155.4000,-156.9800,0.302490,221.366215,"-0.05,-0.07,0.29,14.53,155.40,-156.98"
52,2026-07-27T13:19:59.285,2.111670,60.509100,-0.0300,-0.4400,-0.0000,62.3800,121.5800,-163.3300,0.441022,212.954572,"-0.03,-0.44,-0.00,62.38,121.58,-163.33"
53,2026-07-27T13:19:59.344,2.170618,58.948500,-0.0800,-0.5700,0.0700,69.7600,40.4700,-89.7200,0.579828,120.639782,"-0.08,-0.57,0.07,69.76,40.47,-89.72"
54,2026-07-27T13:19:59.345,2.170989,0.370800,-0.1600,-0.3600,0.3900,15.6900,-66.6500,18.7400,0.554346,70.990043,"-0.16,-0.36,0.39,15.69,-66.65,18.74"
55,2026-07-27T13:19:59.585,2.411508,240.519600,-0.2600,0.0400,0.9200,-81.3000,-164.9200,103.6400,0.956870,211.067634,"-0.26,0.04,0.92,-81.30,-164.92,103.64"
56,2026-07-27T13:19:59.588,2.413963,2.455000,-0.3700,0.3600,1.4800,-138.0600,-199.7700,125.1200,1.567450,273.173262,"-0.37,0.36,1.48,-138.06,-199.77,125.12"
57,2026-07-27T13:19:59.588,2.414060,0.096900,-0.4000,0.3700,1.6400,-90.3300,-133.0000,85.9400,1.728149,182.302475,"-0.40,0.37,1.64,-90.33,-133.00,85.94"
58,2026-07-27T13:19:59.588,2.414104,0.043800,-0.3200,0.1600,1.4200,10.3800,-18.8600,25.5700,1.464377,33.425573,"-0.32,0.16,1.42,10.38,-18.86,25.57"
59,2026-07-27T13:19:59.588,2.414661,0.557400,-0.2400,-0.0400,1.2300,65.3700,56.7000,-20.2000,1.253834,88.860379,"-0.24,-0.04,1.23,65.37,56.70,-20.20"
60,2026-07-27T13:19:59.589,2.415329,0.667200,-0.2300,-0.1100,1.1400,62.8100,89.4200,-39.3100,1.168161,116.130567,"-0.23,-0.11,1.14,62.81,89.42,-39.31"
61,2026-07-27T13:19:59.886,2.712464,297.135600,-0.2600,-0.1400,0.8800,57.3100,118.0400,-39.4900,0.928224,137.030427,"-0.26,-0.14,0.88,57.31,118.04,-39.49"
62,2026-07-27T13:19:59.887,2.713431,0.966700,-0.3200,-0.2000,0.3700,66.8300,138.2400,-32.7100,0.528488,156.992008,"-0.32,-0.20,0.37,66.83,138.24,-32.71"
63,2026-07-27T13:19:59.887,2.713519,0.087800,-0.3500,-0.2600,-0.1700,69.3400,108.7000,-19.1700,0.467974,130.350353,"-0.35,-0.26,-0.17,69.34,108.70,-19.17"
64,2026-07-27T13:19:59.888,2.714142,0.622800,-0.2800,-0.1800,-0.2900,51.5100,3.3600,13.7900,0.441475,53.429709,"-0.28,-0.18,-0.29,51.51,3.36,13.79"
65,2026-07-27T13:19:59.888,2.714204,0.062400,-0.1200,0.1300,0.4600,-8.1200,-159.0000,65.8000,0.492849,172.268901,"-0.12,0.13,0.46,-8.12,-159.00,65.80"
66,2026-07-27T13:19:59.889,2.714836,0.631900,-0.0900,0.4700,2.1300,-99.3000,-274.9000,85.2700,2.183094,304.469166,"-0.09,0.47,2.13,-99.30,-274.90,85.27"
67,2026-07-27T13:19:59.890,2.715853,1.017200,-0.1900,0.4800,3.3800,-93.2000,-186.8300,41.6300,3.419196,212.896092,"-0.19,0.48,3.38,-93.20,-186.83,41.63"
68,2026-07-27T13:19:59.945,2.770759,54.905700,-0.2500,0.3300,2.8400,47.3600,77.9400,-5.6200,2.870017,91.373944,"-0.25,0.33,2.84,47.36,77.94,-5.62"
69,2026-07-27T13:19:59.945,2.771394,0.635500,-0.3100,0.3500,1.2300,145.3900,290.2800,-29.0500,1.315865,325.951888,"-0.31,0.35,1.23,145.39,290.28,-29.05"
70,2026-07-27T13:20:00.064,2.890543,119.149200,-0.3500,0.4500,-0.1100,121.7000,331.5400,-48.1000,0.580603,356.431300,"-0.35,0.45,-0.11,121.70,331.54,-48.10"
71,2026-07-27T13:20:00.066,2.892398,1.854900,-0.2400,0.3200,-0.7700,86.7900,258.3000,-46.0200,0.867698,276.349841,"-0.24,0.32,-0.77,86.79,258.30,-46.02"
72,2026-07-27T13:20:00.067,2.893067,0.668300,-0.0200,0.0200,-0.8700,115.9700,152.6500,-9.7000,0.870460,191.950914,"-0.02,0.02,-0.87,115.97,152.65,-9.70"
73,2026-07-27T13:20:00.185,3.011729,118.662700,0.2700,-0.1600,-0.6600,175.6000,55.0500,62.1300,0.730821,194.231819,"0.27,-0.16,-0.66,175.60,55.05,62.13"
74,2026-07-27T13:20:00.186,3.012415,0.685900,0.5200,0.3000,-0.1900,188.4800,-49.8700,192.7500,0.629682,274.161065,"0.52,0.30,-0.19,188.48,-49.87,192.75"
75,2026-07-27T13:20:00.187,3.013371,0.955800,0.1700,1.7700,1.2600,100.3400,-180.8500,349.1800,2.179312,405.834339,"0.17,1.77,1.26,100.34,-180.85,349.18"
76,2026-07-27T13:20:00.365,3.191294,177.922800,-0.6700,3.2100,2.7800,5.6200,-223.1400,381.5300,4.299000,442.027358,"-0.67,3.21,2.78,5.62,-223.14,381.53"
77,2026-07-27T13:20:00.366,3.191960,0.666600,-1.1000,3.2800,2.7600,12.6300,-90.4500,201.2900,4.425607,221.039326,"-1.10,3.28,2.76,12.63,-90.45,201.29"
78,2026-07-27T13:20:00.366,3.192464,0.504000,-0.7300,2.2000,1.5200,70.1300,98.9400,-90.0900,2.771877,151.074646,"-0.73,2.20,1.52,70.13,98.94,-90.09"
79,2026-07-27T13:20:00.367,3.193412,0.947200,0.0800,0.9400,0.1600,108.6400,204.3500,-320.8000,0.956870,395.568214,"0.08,0.94,0.16,108.64,204.35,-320.80"
80,2026-07-27T13:20:00.424,3.250382,56.970300,0.7400,0.0700,-0.4700,104.3100,188.3500,-408.3900,0.879432,461.669460,"0.74,0.07,-0.47,104.31,188.35,-408.39"
81,2026-07-27T13:20:00.427,3.253079,2.696600,0.9900,-0.4000,-0.3800,77.1500,108.2200,-374.2700,1.133358,397.167123,"0.99,-0.40,-0.38,77.15,108.22,-374.27"
82,2026-07-27T13:20:00.486,3.312094,59.015000,0.8700,-0.6700,-0.0500,58.3500,36.7400,-260.2500,1.099227,269.229665,"0.87,-0.67,-0.05,58.35,36.74,-260.25"
83,2026-07-27T13:20:00.604,3.430732,118.638600,0.6100,-0.8200,0.1000,31.0700,-4.8800,-83.3700,1.026889,89.105085,"0.61,-0.82,0.10,31.07,-4.88,-83.37"
84,2026-07-27T13:20:00.605,3.431115,0.382800,0.4300,-0.5300,0.0300,-36.6200,-49.5000,164.4900,0.683154,175.636655,"0.43,-0.53,0.03,-36.62,-49.50,164.49"
85,2026-07-27T13:20:00.605,3.431498,0.383300,0.1100,0.8200,0.3800,-154.7900,-153.0200,437.9300,0.910439,489.037575,"0.11,0.82,0.38,-154.79,-153.02,437.93"
86,2026-07-27T13:20:00.785,3.611130,179.631300,-0.5800,2.3200,1.4400,-269.0400,-280.0900,536.7400,2.791487,662.512458,"-0.58,2.32,1.44,-269.04,-280.09,536.74"
87,2026-07-27T13:20:00.786,3.612642,1.512100,-0.9400,2.3900,1.9600,-227.2300,-265.1400,345.0900,3.230681,490.937675,"-0.94,2.39,1.96,-227.23,-265.14,345.09"
88,2026-07-27T13:20:00.787,3.612955,0.313600,-0.6200,1.3300,1.3300,-55.4200,-95.3400,60.4900,1.980454,125.778107,"-0.62,1.33,1.33,-55.42,-95.34,60.49"
89,2026-07-27T13:20:00.787,3.613292,0.336600,-0.0900,0.4100,0.4700,11.0500,16.7200,-88.9900,0.630159,91.218863,"-0.09,0.41,0.47,11.05,16.72,-88.99"
90,2026-07-27T13:20:00.787,3.613711,0.419100,0.3000,0.1000,0.1700,-45.7200,-19.4100,-73.7300,0.359026,88.899828,"0.30,0.10,0.17,-45.72,-19.41,-73.73"
91,2026-07-27T13:20:00.845,3.670822,57.111300,0.5200,0.3500,0.4200,-88.0700,-85.0200,22.8300,0.754520,124.522826,"0.52,0.35,0.42,-88.07,-85.02,22.83"
92,2026-07-27T13:20:00.964,3.790646,119.823700,0.5700,0.6100,0.7000,-66.0400,-72.3300,145.3900,1.089495,175.303059,"0.57,0.61,0.70,-66.04,-72.33,145.39"
93,2026-07-27T13:20:00.965,3.791226,0.580200,0.2200,0.6300,0.8600,29.1100,75.5000,227.8400,1.088531,241.782356,"0.22,0.63,0.86,29.11,75.50,227.84"
94,2026-07-27T13:20:00.966,3.791789,0.563200,-0.0900,0.6300,0.6800,101.5000,188.7200,176.3900,0.931343,277.544448,"-0.09,0.63,0.68,101.50,188.72,176.39"
95,2026-07-27T13:20:01.025,3.851240,59.451100,-0.1100,0.6500,0.3700,86.4300,137.7000,81.8500,0.755976,182.018838,"-0.11,0.65,0.37,86.43,137.70,81.85"
96,2026-07-27T13:20:01.026,3.851796,0.555600,-0.2100,0.6800,0.2700,56.0300,86.9800,22.2800,0.761183,105.836098,"-0.21,0.68,0.27,56.03,86.98,22.28"
97,2026-07-27T13:20:01.085,3.911607,59.811300,-0.3300,0.7600,0.1200,37.3500,129.3300,-77.3300,0.837198,155.245613,"-0.33,0.76,0.12,37.35,129.33,-77.33"
98,2026-07-27T13:20:01.145,3.970813,59.205900,-0.3900,1.0000,0.1200,7.7500,253.4800,-206.4200,1.080046,326.988363,"-0.39,1.00,0.12,7.75,253.48,-206.42"
99,2026-07-27T13:20:01.145,3.971158,0.345100,-0.4800,1.1900,0.4900,-47.9700,374.4500,-272.5200,1.373536,465.597545,"-0.48,1.19,0.49,-47.97,374.45,-272.52"
100,2026-07-27T13:20:01.204,4.030712,59.554000,-0.5900,1.0600,0.9600,-101.8100,371.7000,-215.6400,1.547029,441.618360,"-0.59,1.06,0.96,-101.81,371.70,-215.64"
101,2026-07-27T13:20:01.265,4.090870,60.157300,-0.7600,0.5400,0.9200,-54.5700,222.1700,-77.6400,1.309809,241.589245,"-0.76,0.54,0.92,-54.57,222.17,-77.64"
102,2026-07-27T13:20:01.265,4.091389,0.519400,-0.9700,-0.0200,0.4800,97.2300,58.0400,15.6900,1.082451,114.317499,"-0.97,-0.02,0.48,97.23,58.04,15.69"
103,2026-07-27T13:20:01.324,4.150733,59.343700,-0.8200,0.0300,0.0800,243.3500,-11.3500,9.5800,0.824439,243.802833,"-0.82,0.03,0.08,243.35,-11.35,9.58"
104,2026-07-27T13:20:01.505,4.330930,180.197600,-0.5600,0.5400,0.0800,294.4900,-18.5500,-10.5600,0.782049,295.262555,"-0.56,0.54,0.08,294.49,-18.55,-10.56"
105,2026-07-27T13:20:01.505,4.331466,0.535400,-0.5200,1.0700,0.4500,294.7400,-48.8300,31.4900,1.271928,300.412477,"-0.52,1.07,0.45,294.74,-48.83,31.49"
106,2026-07-27T13:20:01.506,4.332093,0.627700,-0.6800,1.4100,0.7500,322.9400,-125.3700,134.9500,1.735800,371.778675,"-0.68,1.41,0.75,322.94,-125.37,134.95"
107,2026-07-27T13:20:01.507,4.332752,0.658700,-1.0300,1.2500,0.6400,315.3700,-176.3300,238.5300,1.741551,432.951575,"-1.03,1.25,0.64,315.37,-176.33,238.53"
108,2026-07-27T13:20:01.507,4.333053,0.301000,-1.1500,0.9800,0.2400,233.0300,-128.3000,249.8800,1.529869,364.971075,"-1.15,0.98,0.24,233.03,-128.30,249.88"
109,2026-07-27T13:20:01.805,4.631050,297.996400,-0.9000,0.9600,-0.0300,170.6500,-23.0100,217.9000,1.316245,277.725211,"-0.90,0.96,-0.03,170.65,-23.01,217.90"
110,2026-07-27T13:20:01.805,4.631641,0.591000,-0.2700,0.9500,-0.3400,184.8100,-14.0400,271.9100,1.044509,329.069758,"-0.27,0.95,-0.34,184.81,-14.04,271.91"
111,2026-07-27T13:20:01.806,4.632440,0.799200,0.4500,0.8800,-0.6800,199.1000,-58.6500,334.7200,1.199708,393.850366,"0.45,0.88,-0.68,199.10,-58.65,334.72"
112,2026-07-27T13:20:01.807,4.633177,0.737500,0.6000,0.8300,-0.7400,98.0200,78.2500,213.8700,1.263527,247.934184,"0.60,0.83,-0.74,98.02,78.25,213.87"
113,2026-07-27T13:20:01.807,4.633492,0.315000,0.3200,0.8300,-0.7000,20.7500,107.1800,132.7500,1.131945,171.874016,"0.32,0.83,-0.70,20.75,107.18,132.75"
114,2026-07-27T13:20:01.808,4.633873,0.381100,0.1700,0.8600,-0.6800,-56.0900,98.3300,74.2800,1.109459,135.397176,"0.17,0.86,-0.68,-56.09,98.33,74.28"
115,2026-07-27T13:20:01.809,4.635125,1.251200,0.2400,0.7400,-0.5100,-93.6900,101.4400,-6.7700,0.930215,138.252387,"0.24,0.74,-0.51,-93.69,101.44,-6.77"
116,2026-07-27T13:20:01.865,4.690781,55.656900,0.3700,0.6600,-0.1300,-87.0400,141.2400,-139.8300,0.767724,216.972644,"0.37,0.66,-0.13,-87.04,141.24,-139.83"
117,2026-07-27T13:20:01.865,4.691043,0.261400,0.4900,0.7900,0.2600,-97.5300,179.5000,-254.0900,0.965298,326.027727,"0.49,0.79,0.26,-97.53,179.50,-254.09"
118,2026-07-27T13:20:01.925,4.750887,59.844000,0.3800,0.8600,0.2800,-144.8400,184.8800,-315.1200,0.981020,393.013809,"0.38,0.86,0.28,-144.84,184.88,-315.12"
119,2026-07-27T13:20:02.105,4.931497,180.610500,-0.0200,1.0800,0.1400,-199.8900,131.3500,-330.0800,1.089220,407.629294,"-0.02,1.08,0.14,-199.89,131.35,-330.08"
120,2026-07-27T13:20:02.106,4.932087,0.589500,-0.1300,1.0700,0.0300,-190.7300,52.4900,-247.0100,1.078286,316.460224,"-0.13,1.07,0.03,-190.73,52.49,-247.01"
121,2026-07-27T13:20:02.107,4.932927,0.840200,-0.2100,1.0000,0.1000,-134.5800,15.7500,-114.9900,1.026694,177.714769,"-0.21,1.00,0.10,-134.58,15.75,-114.99"
122,2026-07-27T13:20:02.107,4.933404,0.476700,-0.2600,0.9700,0.1900,-109.5000,-1.5900,-38.8800,1.022057,116.208573,"-0.26,0.97,0.19,-109.50,-1.59,-38.88"
123,2026-07-27T13:20:02.108,4.933902,0.498200,-0.4500,0.8800,0.3500,-105.0400,-22.2200,-11.4700,1.048523,107.975418,"-0.45,0.88,0.35,-105.04,-22.22,-11.47"
124,2026-07-27T13:20:02.165,4.990986,57.084300,-0.4100,0.7900,0.4000,-100.9500,-138.4300,9.5200,0.975807,171.593700,"-0.41,0.79,0.40,-100.95,-138.43,9.52"
125,2026-07-27T13:20:02.285,5.111147,120.160400,-0.1200,0.6000,0.3400,-93.6900,-317.3800,-1.2200,0.700000,330.921998,"-0.12,0.60,0.34,-93.69,-317.38,-1.22"
126,2026-07-27T13:20:02.286,5.111980,0.833200,-0.0800,0.5200,0.3600,-54.2600,-362.9200,-107.5400,0.637495,382.387141,"-0.08,0.52,0.36,-54.26,-362.92,-107.54"
127,2026-07-27T13:20:02.286,5.112736,0.756100,-0.1900,0.6300,0.4200,35.7700,-265.0100,-234.9900,0.780641,355.991704,"-0.19,0.63,0.42,35.77,-265.01,-234.99"
128,2026-07-27T13:20:02.345,5.170940,58.204300,-0.2100,0.6600,0.4000,79.0400,-143.0700,-276.7300,0.799812,321.396701,"-0.21,0.66,0.40,79.04,-143.07,-276.73"
129,2026-07-27T13:20:02.345,5.171497,0.556900,-0.3000,0.7100,0.2800,1.8300,-30.8800,-244.2600,0.820061,246.211029,"-0.30,0.71,0.28,1.83,-30.88,-244.26"
130,2026-07-27T13:20:02.525,5.351553,180.055700,-0.4300,0.5000,0.3600,-216.5500,65.3700,-187.0100,0.751332,293.495962,"-0.43,0.50,0.36,-216.55,65.37,-187.01"
131,2026-07-27T13:20:02.526,5.352729,1.176300,-0.4700,-0.0800,0.8000,-476.5600,47.6700,-170.2900,0.931289,508.311466,"-0.47,-0.08,0.80,-476.56,47.67,-170.29"
132,2026-07-27T13:20:02.527,5.353169,0.440000,-0.4400,-0.4700,1.3100,-549.0100,-18.3700,-119.0200,1.459657,562.063339,"-0.44,-0.47,1.31,-549.01,-18.37,-119.02"
133,2026-07-27T13:20:02.527,5.353670,0.500800,-0.5100,-0.3900,1.5000,-349.5500,12.4500,21.6700,1.631625,350.442283,"-0.51,-0.39,1.50,-349.55,12.45,21.67"
134,2026-07-27T13:20:02.645,5.471205,117.535200,-0.7300,-0.1500,1.1800,-55.0500,90.7600,105.0400,1.395636,149.336137,"-0.73,-0.15,1.18,-55.05,90.76,105.04"
135,2026-07-27T13:20:02.645,5.471626,0.420900,-0.8500,0.0200,0.5800,102.0500,147.1600,89.1100,1.029223,200.027149,"-0.85,0.02,0.58,102.05,147.16,89.11"
136,2026-07-27T13:20:02.646,5.472537,0.911200,-0.8900,0.2100,0.3200,179.3800,212.5900,34.4800,0.968814,280.286573,"-0.89,0.21,0.32,179.38,212.59,34.48"
137,2026-07-27T13:20:02.765,5.591077,118.540100,-0.8200,0.2400,0.3600,198.2400,231.7500,-17.8800,0.927146,305.494443,"-0.82,0.24,0.36,198.24,231.75,-17.88"
138,2026-07-27T13:20:02.768,5.594105,3.027300,-0.6400,0.2000,0.3000,65.6700,127.6200,-50.6600,0.734575,152.203314,"-0.64,0.20,0.30,65.67,127.62,-50.66"
139,2026-07-27T13:20:02.769,5.594793,0.688300,-0.5600,0.1100,0.2600,-157.8400,20.2600,-91.5500,0.627136,183.590130,"-0.56,0.11,0.26,-157.84,20.26,-91.55"
140,2026-07-27T13:20:02.825,5.651057,56.264500,-0.6200,-0.4400,0.0500,-413.3900,68.7900,-177.9200,0.761906,455.278906,"-0.62,-0.44,0.05,-413.39,68.79,-177.92"
141,2026-07-27T13:20:02.825,5.651386,0.328900,-0.7100,-0.7800,-0.3700,-496.0900,165.6500,-213.9000,1.117766,565.064970,"-0.71,-0.78,-0.37,-496.09,165.65,-213.9"
142,2026-07-27T13:20:02.884,5.710598,59.212000,-0.7300,-0.4800,-0.5200,-316.8900,104.9200,-89.7800,1.016710,345.670257,"-0.73,-0.48,-0.52,-316.89,104.92,-89.78"
143,2026-07-27T13:20:03.005,5.830884,120.286000,-0.9000,-0.2700,-0.3500,-182.3700,-37.0500,47.3600,1.002696,192.027313,"-0.90,-0.27,-0.35,-182.37,-37.05,47.36"
144,2026-07-27T13:20:03.005,5.831434,0.549400,-1.1300,-0.4500,-0.0000,-170.8400,-100.7700,45.8400,1.216306,203.573584,"-1.13,-0.45,-0.00,-170.84,-100.77,45.84"
145,2026-07-27T13:20:03.006,5.831953,0.518800,-0.9100,-0.7300,-0.0700,-77.9400,-70.8000,-59.3300,1.168717,120.860798,"-0.91,-0.73,-0.07,-77.94,-70.80,-59.33"
146,2026-07-27T13:20:03.186,6.012133,180.180900,-0.4900,-0.8800,-0.4800,92.2900,-11.7800,-133.7900,1.115751,162.960046,"-0.49,-0.88,-0.48,92.29,-11.78,-133.79"
147,2026-07-27T13:20:03.187,6.012828,0.694600,-0.5900,-0.9000,-0.4000,139.2200,-28.5000,-97.6600,1.148085,172.429504,"-0.59,-0.90,-0.40,139.22,-28.50,-97.66"
148,2026-07-27T13:20:03.187,6.013411,0.583200,-0.8100,-0.5400,0.3200,195.1300,-182.0700,-13.4900,1.024744,267.221223,"-0.81,-0.54,0.32,195.13,-182.07,-13.49"
149,2026-07-27T13:20:03.188,6.014055,0.644200,-0.3100,0.0800,1.0400,484.0700,-401.3100,-2.8700,1.088164,628.793860,"-0.31,0.08,1.04,484.07,-401.31,-2.87"
150,2026-07-27T13:20:03.189,6.014899,0.843700,0.5800,0.2800,1.3500,601.9900,-359.6200,-92.5900,1.495761,707.312811,"0.58,0.28,1.35,601.99,-359.62,-92.59"
151,2026-07-27T13:20:03.305,6.130787,115.888300,0.3400,0.0000,1.6300,422.6700,110.7800,-113.9500,1.665083,451.560339,"0.34,0.00,1.63,422.67,110.78,-113.95"
152,2026-07-27T13:20:03.305,6.131339,0.551600,-0.5600,-0.0500,1.7200,132.4500,398.8600,15.5000,1.809558,420.562186,"-0.56,-0.05,1.72,132.45,398.86,15.50"
153,2026-07-27T13:20:03.306,6.131775,0.435500,-1.5500,0.3300,0.8200,-145.4500,117.2500,36.3200,1.784321,190.321852,"-1.55,0.33,0.82,-145.45,117.25,36.32"
154,2026-07-27T13:20:03.545,6.370875,239.100800,-2.1100,0.2100,-0.2500,-83.9800,-209.4100,-100.7700,2.135111,247.102775,"-2.11,0.21,-0.25,-83.98,-209.41,-100.77"
155,2026-07-27T13:20:03.545,6.371382,0.506700,-1.6300,-0.2300,-0.2600,240.6000,-124.3900,20.7500,1.666553,271.646451,"-1.63,-0.23,-0.26,240.60,-124.39,20.75"
156,2026-07-27T13:20:03.546,6.371804,0.421900,-0.9300,-0.1400,0.1800,417.3000,155.1500,284.6700,0.957549,528.439042,"-0.93,-0.14,0.18,417.30,155.15,284.67"
157,2026-07-27T13:20:03.546,6.372526,0.721600,-0.5700,0.2500,0.2600,301.6400,212.7700,251.8300,0.674537,446.851330,"-0.57,0.25,0.26,301.64,212.77,251.83"
158,2026-07-27T13:20:03.547,6.373437,0.911800,-0.5300,0.6800,0.1600,93.6900,102.2900,47.9700,0.876869,146.772549,"-0.53,0.68,0.16,93.69,102.29,47.97"
159,2026-07-27T13:20:03.549,6.375125,1.687900,-0.3900,1.0000,0.5100,18.8000,42.1100,-72.2700,1.188360,85.730071,"-0.39,1.00,0.51,18.80,42.11,-72.27"
160,2026-07-27T13:20:03.605,6.430930,55.804500,-0.2300,1.2900,0.8700,166.2600,-22.8900,-95.2800,1.572864,192.988648,"-0.23,1.29,0.87,166.26,-22.89,-95.28"
161,2026-07-27T13:20:03.665,6.491325,60.395100,-0.3600,1.4300,0.6500,284.9700,-86.9800,-46.9400,1.611521,301.623581,"-0.36,1.43,0.65,284.97,-86.98,-46.94"
162,2026-07-27T13:20:03.666,6.491908,0.583300,-0.6200,1.1300,0.1900,167.1800,-65.3100,58.4700,1.302843,188.767819,"-0.62,1.13,0.19,167.18,-65.31,58.47"
163,2026-07-27T13:20:03.904,6.730296,238.388300,-0.8100,0.7900,-0.0600,37.5400,19.4700,147.0900,1.133049,153.048360,"-0.81,0.79,-0.06,37.54,19.47,147.09"
164,2026-07-27T13:20:03.905,6.731085,0.789000,-0.9900,0.8000,-0.1500,52.1900,75.9300,174.7400,1.281640,197.542979,"-0.99,0.80,-0.15,52.19,75.93,174.74"
165,2026-07-27T13:20:03.905,6.731700,0.614000,-1.0200,0.7000,-0.3000,56.4600,31.4300,124.2700,1.272949,140.066446,"-1.02,0.70,-0.30,56.46,31.43,124.27"
166,2026-07-27T13:20:03.906,6.732512,0.812900,-0.8300,0.5000,-0.3900,-4.6400,-75.1300,15.4400,1.044509,76.840355,"-0.83,0.50,-0.39,-4.64,-75.13,15.44"
167,2026-07-27T13:20:03.907,6.733613,1.100100,-0.5700,0.5800,-0.2800,65.8000,-146.5500,-58.6500,0.860058,171.015686,"-0.57,0.58,-0.28,65.80,-146.55,-58.65"
168,2026-07-27T13:20:03.908,6.734484,0.871900,-0.3400,0.7900,-0.1500,224.8500,-102.4800,-60.0600,0.873041,254.296828,"-0.34,0.79,-0.15,224.85,-102.48,-60.06"
169,2026-07-27T13:20:04.145,6.971078,236.594000,-0.1300,0.9100,-0.2400,219.4800,47.9700,-46.1400,0.950053,229.350149,"-0.13,0.91,-0.24,219.48,47.97,-46.14"
170,2026-07-27T13:20:04.145,6.971727,0.648200,-0.0000,0.8800,-0.5000,102.7800,179.9900,-37.3500,1.012126,210.606626,"-0.00,0.88,-0.50,102.78,179.99,-37.35"
171,2026-07-27T13:20:04.146,6.972460,0.733700,-0.0600,0.8000,-0.6500,54.2000,148.6200,-29.1100,1.032521,160.850665,"-0.06,0.80,-0.65,54.20,148.62,-29.11"
172,2026-07-27T13:20:04.147,6.973000,0.539400,-0.3100,0.7500,-0.6000,84.3500,18.7400,-31.5600,1.009257,91.989911,"-0.31,0.75,-0.60,84.35,18.74,-31.56"
173,2026-07-27T13:20:04.147,6.973736,0.735800,-0.4500,0.6800,-0.4700,133.9700,-13.9800,-34.5500,0.941169,139.057915,"-0.45,0.68,-0.47,133.97,-13.98,-34.55"
174,2026-07-27T13:20:04.148,6.974225,0.489000,-0.3400,0.6700,-0.3600,142.8200,28.2000,-17.7000,0.833127,146.649522,"-0.34,0.67,-0.36,142.82,28.20,-17.70"
175,2026-07-27T13:20:04.386,7.212077,237.852500,-0.1100,0.6900,-0.3700,134.4600,21.9100,2.9300,0.790633,136.264906,"-0.11,0.69,-0.37,134.46,21.91,2.93"
176,2026-07-27T13:20:04.386,7.212158,0.081500,0.0600,0.6700,-0.4800,66.7700,-0.3100,-39.8600,0.826378,77.763414,"0.06,0.67,-0.48,66.77,-0.31,-39.86"
177,2026-07-27T13:20:04.386,7.212420,0.261900,0.0700,0.8400,-0.6000,-111.6900,58.2900,-172.0000,1.034650,213.205019,"0.07,0.84,-0.60,-111.69,58.29,-172.00"
178,2026-07-27T13:20:04.387,7.212777,0.356300,-0.1800,1.1600,-0.6300,-272.5200,260.7400,-321.9000,1.332254,495.854926,"-0.18,1.16,-0.63,-272.52,260.74,-321.90"
179,2026-07-27T13:20:04.387,7.213441,0.664500,-0.4600,1.2900,-0.7000,-280.4000,503.7200,-323.8500,1.538083,661.238853,"-0.46,1.29,-0.70,-280.40,503.72,-323.85"
180,2026-07-27T13:20:04.388,7.213972,0.531000,-0.3700,1.0500,-1.0500,-181.7000,569.5800,-121.3400,1.530327,610.048901,"-0.37,1.05,-1.05,-181.70,569.58,-121.34"
181,2026-07-27T13:20:04.444,7.270645,56.672700,-0.1100,0.5900,-1.4900,-127.5000,365.6000,49.7400,1.606331,390.376328,"-0.11,0.59,-1.49,-127.50,365.60,49.74"
182,2026-07-27T13:20:04.505,7.331225,60.579800,0.1000,0.3800,-1.3800,-98.0800,95.1500,-12.1500,1.434852,137.189035,"0.10,0.38,-1.38,-98.08,95.15,-12.15"
183,2026-07-27T13:20:04.505,7.331658,0.433700,0.2900,0.5200,-0.8400,-16.0500,-33.4500,-154.5400,1.029612,158.931169,"0.29,0.52,-0.84,-16.05,-33.45,-154.54"
184,2026-07-27T13:20:04.685,7.511242,179.583200,0.4200,0.6100,-0.4600,34.6700,-26.6700,-119.6900,0.871837,127.432311,"0.42,0.61,-0.46,34.67,-26.67,-119.69"
185,2026-07-27T13:20:04.686,7.511969,0.727700,0.4800,0.4800,-0.4700,-17.2700,21.9700,-29.6000,0.825651,40.707417,"0.48,0.48,-0.47,-17.27,21.97,-29.60"
186,2026-07-27T13:20:04.686,7.512027,0.057700,0.3900,0.2900,-0.6900,-50.9000,84.1100,32.3500,0.843979,103.497945,"0.39,0.29,-0.69,-50.90,84.11,32.35"
187,2026-07-27T13:20:04.686,7.512627,0.599900,0.1700,0.4100,-0.8200,-45.7200,124.8200,85.5700,0.932416,158.090404,"0.17,0.41,-0.82,-45.72,124.82,85.57"
188,2026-07-27T13:20:04.865,7.690915,178.287900,-0.0700,0.8500,-0.7500,-18.9800,210.4500,36.3200,1.135738,214.402857,"-0.07,0.85,-0.75,-18.98,210.45,36.32"
189,2026-07-27T13:20:04.865,7.691364,0.449100,-0.3400,1.3100,-0.6100,-46.8700,360.6600,-138.7900,1.484520,389.275091,"-0.34,1.31,-0.61,-46.87,360.66,-138.79"
190,2026-07-27T13:20:04.866,7.691993,0.629200,-0.4800,1.2800,-0.5300,-115.2300,346.6800,-188.6600,1.466186,411.166111,"-0.48,1.28,-0.53,-115.23,346.68,-188.66"
191,2026-07-27T13:20:04.867,7.692923,0.929700,-0.2100,0.9100,-0.7800,-79.1000,25.1500,8.5400,1.216799,83.440183,"-0.21,0.91,-0.78,-79.10,25.15,8.54"
192,2026-07-27T13:20:04.867,7.693405,0.482100,0.2800,0.6300,-1.1700,60.2400,-267.1500,158.5700,1.358013,316.452880,"0.28,0.63,-1.17,60.24,-267.15,158.57"
193,2026-07-27T13:20:04.925,7.750776,57.371400,0.5800,0.5600,-0.6500,159.0000,-263.3100,86.6100,1.035616,319.553514,"0.58,0.56,-0.65,159.00,-263.31,86.61"
194,2026-07-27T13:20:05.465,8.290870,540.093600,0.7200,0.8400,-0.5600,176.3900,-171.0200,14.3400,1.240000,246.103450,"0.72,0.84,-0.56,176.39,-171.02,14.34"
195,2026-07-27T13:20:05.465,8.291408,0.538100,0.7200,0.8300,-0.5300,120.7900,-126.8900,47.3000,1.219918,181.462355,"0.72,0.83,-0.53,120.79,-126.89,47.30"
196,2026-07-27T13:20:05.465,8.291723,0.314600,0.5300,0.6200,-0.5000,22.9500,-84.6600,95.3400,0.956713,129.552050,"0.53,0.62,-0.50,22.95,-84.66,95.34"
197,2026-07-27T13:20:05.466,8.292205,0.482100,0.3600,0.6100,-0.6100,-33.5100,-29.1700,100.8900,0.934773,110.238837,"0.36,0.61,-0.61,-33.51,-29.17,100.89"
198,2026-07-27T13:20:05.467,8.293387,1.182600,0.1200,0.5700,-0.8600,-34.4800,43.2700,55.7900,1.038701,78.572816,"0.12,0.57,-0.86,-34.48,43.27,55.79"
199,2026-07-27T13:20:05.468,8.294470,1.082600,-0.1200,0.5500,-0.9800,-5.3700,118.5300,-17.2100,1.130177,119.893210,"-0.12,0.55,-0.98,-5.37,118.53,-17.21"
200,2026-07-27T13:20:05.469,8.295044,0.573800,-0.1100,0.7200,-0.7900,30.5800,127.0100,-47.7300,1.074523,139.085691,"-0.11,0.72,-0.79,30.58,127.01,-47.73"
201,2026-07-27T13:20:05.469,8.295678,0.634600,-0.0400,0.8700,-0.5900,41.7500,90.9400,-32.6500,1.051951,105.257630,"-0.04,0.87,-0.59,41.75,90.94,-32.65"
202,2026-07-27T13:20:05.470,8.296700,1.022200,-0.1400,0.9500,-0.5700,29.7200,104.5500,-49.5600,1.116692,119.457836,"-0.14,0.95,-0.57,29.72,104.55,-49.56"
203,2026-07-27T13:20:05.471,8.297284,0.583400,-0.3700,0.8900,-0.7200,15.6200,149.7800,-91.6100,1.203079,176.268048,"-0.37,0.89,-0.72,15.62,149.78,-91.61"
204,2026-07-27T13:20:05.472,8.297866,0.582200,-0.5100,0.6800,-0.8400,13.4300,127.5600,-94.5400,1.195031,159.341552,"-0.51,0.68,-0.84,13.43,127.56,-94.54"
205,2026-07-27T13:20:05.472,8.298622,0.756100,-0.3400,0.6200,-0.8400,34.6100,-1.8900,-52.8000,1.097998,63.160622,"-0.34,0.62,-0.84,34.61,-1.89,-52.80"
206,2026-07-27T13:20:05.473,8.299689,1.067100,0.0900,0.9800,-0.9500,73.1200,-146.0000,-34.8500,1.367845,166.964238,"0.09,0.98,-0.95,73.12,-146.00,-34.85"
207,2026-07-27T13:20:05.474,8.300410,0.720700,0.6300,1.4200,-1.1700,97.4100,-217.5300,-40.8900,1.944788,241.826386,"0.63,1.42,-1.17,97.41,-217.53,-40.89"
208,2026-07-27T13:20:05.644,8.470292,169.881700,0.8500,0.9700,-1.1700,71.2900,-216.8000,-20.0200,1.741350,229.096714,"0.85,0.97,-1.17,71.29,-216.80,-20.02"
209,2026-07-27T13:20:05.645,8.471703,1.410800,0.4600,0.0500,-1.1100,11.9000,-131.0400,-36.3200,1.202581,136.499941,"0.46,0.05,-1.11,11.90,-131.04,-36.32"
210,2026-07-27T13:20:05.646,8.472271,0.568200,0.0300,-0.0400,-0.9600,-38.8800,7.0200,-145.1400,0.961301,150.421256,"0.03,-0.04,-0.96,-38.88,7.02,-145.14"
211,2026-07-27T13:20:05.646,8.472489,0.218300,0.0800,0.3900,-0.8800,-68.5400,72.0800,-216.0000,0.965867,237.800879,"0.08,0.39,-0.88,-68.54,72.08,-216.00"
212,2026-07-27T13:20:05.825,8.651179,178.690400,0.3300,0.4900,-1.1200,-66.5300,36.3200,-154.1700,1.266254,171.795728,"0.33,0.49,-1.12,-66.53,36.32,-154.17"
213,2026-07-27T13:20:05.826,8.651985,0.805400,0.3400,0.3700,-1.0900,-25.7000,1.9500,-35.7100,1.200250,44.039716,"0.34,0.37,-1.09,-25.70,1.95,-35.71"
214,2026-07-27T13:20:05.827,8.652980,0.995500,0.0600,0.4400,-0.7500,16.3000,39.0600,30.7000,0.871608,52.286362,"0.06,0.44,-0.75,16.30,39.06,30.70"
215,2026-07-27T13:20:05.828,8.654327,1.346400,-0.3400,0.6700,-0.5800,10.3100,105.4100,21.1800,0.949158,108.009984,"-0.34,0.67,-0.58,10.31,105.41,21.18"
216,2026-07-27T13:20:05.829,8.654900,0.573400,-0.6200,0.8200,-0.4800,-33.2600,115.1700,3.1100,1.134548,119.916757,"-0.62,0.82,-0.48,-33.26,115.17,3.11"
217,2026-07-27T13:20:06.005,8.831515,176.615100,-0.6600,0.7400,-0.4800,-60.3600,58.9000,28.2600,1.101635,88.944742,"-0.66,0.74,-0.48,-60.36,58.90,28.26"
218,2026-07-27T13:20:06.006,8.832286,0.770300,-0.4300,0.4700,-0.8400,-24.6600,9.6400,43.0300,1.054230,50.523520,"-0.43,0.47,-0.84,-24.66,9.64,43.03"
219,2026-07-27T13:20:06.007,8.833071,0.785600,-0.0500,0.4400,-1.1600,36.0100,25.0900,-18.1300,1.241652,47.486052,"-0.05,0.44,-1.16,36.01,25.09,-18.13"
220,2026-07-27T13:20:06.008,8.833805,0.734400,0.3300,0.5500,-0.9900,40.4100,70.2500,-98.5700,1.179619,127.609073,"0.33,0.55,-0.99,40.41,70.25,-98.57"
221,2026-07-27T13:20:06.067,8.893701,59.895700,0.6400,0.6100,-0.5900,1.4000,65.7300,-86.4300,1.062921,108.593452,"0.64,0.61,-0.59,1.40,65.73,-86.43"
222,2026-07-27T13:20:06.184,9.010589,116.888100,0.5800,0.6600,-0.5700,-18.6200,28.1400,-0.0600,1.047330,33.742667,"0.58,0.66,-0.57,-18.62,28.14,-0.06"
223,2026-07-27T13:20:06.185,9.011617,1.028000,0.3400,0.6200,-0.8000,-7.0200,29.9100,40.7100,1.067708,51.001888,"0.34,0.62,-0.80,-7.02,29.91,40.71"
224,2026-07-27T13:20:06.186,9.011925,0.307700,0.2700,0.6000,-0.8300,11.4100,50.7800,27.3400,1.059151,58.790068,"0.27,0.60,-0.83,11.41,50.78,27.34"
225,2026-07-27T13:20:06.187,9.012953,1.027800,0.2200,0.5500,-0.7400,10.0700,35.1000,39.4300,0.947892,53.741416,"0.22,0.55,-0.74,10.07,35.10,39.43"
226,2026-07-27T13:20:06.244,9.070542,57.589600,0.0500,0.5200,-0.6600,-9.0300,3.4200,80.0200,0.841724,80.600482,"0.05,0.52,-0.66,-9.03,3.42,80.02"
227,2026-07-27T13:20:06.304,9.130594,60.051300,-0.0800,0.5300,-0.6700,-26.1200,2.8100,90.0300,0.858021,93.784601,"-0.08,0.53,-0.67,-26.12,2.81,90.03"
228,2026-07-27T13:20:06.365,9.191228,60.634500,-0.0200,0.4800,-0.6400,-38.5700,28.3200,59.6300,0.800250,76.455243,"-0.02,0.48,-0.64,-38.57,28.32,59.63"
229,2026-07-27T13:20:06.366,9.192554,1.325500,0.1300,0.4300,-0.4800,-40.8900,50.7800,26.0600,0.657419,70.211994,"0.13,0.43,-0.48,-40.89,50.78,26.06"
230,2026-07-27T13:20:06.724,9.550740,358.186200,0.1500,0.4500,-0.3900,-14.1000,52.2500,15.4400,0.614085,56.278469,"0.15,0.45,-0.39,-14.10,52.25,15.44"
231,2026-07-27T13:20:06.725,9.551484,0.744000,0.1000,0.5400,-0.4600,13.1200,29.9100,29.8500,0.716380,44.246638,"0.10,0.54,-0.46,13.12,29.91,29.85"
232,2026-07-27T13:20:06.726,9.552144,0.659900,0.0600,0.7700,-0.7600,11.5400,-1.5300,51.2700,1.083559,52.574950,"0.06,0.77,-0.76,11.54,-1.53,51.27"
233,2026-07-27T13:20:06.784,9.610417,58.273300,-0.0200,1.1000,-1.2000,18.0700,-19.7800,15.6900,1.628005,31.047535,"-0.02,1.10,-1.20,18.07,-19.78,15.69"
234,2026-07-27T13:20:06.785,9.611243,0.826000,-0.1700,1.0800,-1.2100,18.0100,-0.7900,-107.9700,1.630767,109.464629,"-0.17,1.08,-1.21,18.01,-0.79,-107.97"
235,2026-07-27T13:20:06.786,9.611962,0.719200,-0.1800,0.8600,-1.0900,10.1300,28.1400,-199.6500,1.400036,201.877683,"-0.18,0.86,-1.09,10.13,28.14,-199.65"
236,2026-07-27T13:20:06.786,9.612739,0.776900,0.0700,0.9200,-1.3700,46.5100,-30.8800,-180.3000,1.651726,188.745449,"0.07,0.92,-1.37,46.51,-30.88,-180.30"
237,2026-07-27T13:20:06.787,9.613036,0.296700,0.4900,0.5900,-1.4600,32.1000,-184.2000,-64.1500,1.649182,197.674663,"0.49,0.59,-1.46,32.10,-184.20,-64.15"
238,2026-07-27T13:20:06.788,9.614207,1.171000,0.6800,0.0800,-1.1300,-40.2200,-268.9800,72.7500,1.321249,281.532327,"0.68,0.08,-1.13,-40.22,-268.98,72.75"
239,2026-07-27T13:20:06.789,9.614815,0.607800,0.5100,0.2400,-0.6300,-37.6000,-155.9400,33.2000,0.845340,163.808680,"0.51,0.24,-0.63,-37.60,-155.94,33.20"
240,2026-07-27T13:20:06.789,9.615389,0.573900,0.3200,0.5900,-0.3100,6.1600,7.4500,-82.5800,0.739324,83.143878,"0.32,0.59,-0.31,6.16,7.45,-82.58"
241,2026-07-27T13:20:06.904,9.730541,115.152900,0.2600,0.5900,-0.3600,0.4900,50.8400,-59.0200,0.738444,77.899333,"0.26,0.59,-0.36,0.49,50.84,-59.02"
242,2026-07-27T13:20:06.905,9.731349,0.807000,0.2400,0.4600,-0.6500,-35.4600,22.7100,46.5700,0.831685,62.784716,"0.24,0.46,-0.65,-35.46,22.71,46.57"
243,2026-07-27T13:20:06.906,9.731971,0.622200,0.0600,0.6000,-0.8900,-29.3600,26.2500,105.1000,1.075035,112.236723,"0.06,0.60,-0.89,-29.36,26.25,105.10"
244,2026-07-27T13:20:07.444,10.270249,538.278000,-0.3500,0.9400,-0.9400,11.4100,90.1500,48.5200,1.374664,103.011655,"-0.35,0.94,-0.94,11.41,90.15,48.52"
245,2026-07-27T13:20:07.447,10.273079,2.830600,-0.6400,1.0200,-0.8700,8.2400,134.8900,-51.2700,1.485564,144.540038,"-0.64,1.02,-0.87,8.24,134.89,-51.27"
246,2026-07-27T13:20:07.448,10.274048,0.969000,-0.4300,0.7500,-0.8700,-45.0400,94.4200,-68.3600,1.226499,124.967306,"-0.43,0.75,-0.87,-45.04,94.42,-68.36"
247,2026-07-27T13:20:07.449,10.274876,0.827800,0.1400,0.4800,-1.0900,-74.8900,-16.5400,40.5300,1.199208,86.745401,"0.14,0.48,-1.09,-74.89,-16.54,40.53"
248,2026-07-27T13:20:07.504,10.330389,55.513100,0.4500,0.4500,-1.1300,-43.7600,-99.4900,141.8500,1.296881,178.702603,"0.45,0.45,-1.13,-43.76,-99.49,141.85"
249,2026-07-27T13:20:07.505,10.331035,0.645900,0.3900,0.5400,-0.8100,12.8800,-60.9700,82.4000,1.048713,103.310190,"0.39,0.54,-0.81,12.88,-60.97,82.40"
250,2026-07-27T13:20:07.505,10.331547,0.511800,0.3000,0.6100,-0.5900,41.3800,-9.0900,2.5000,0.900111,42.440340,"0.30,0.61,-0.59,41.38,-9.09,2.50"
251,2026-07-27T13:20:07.506,10.332228,0.681200,0.2500,0.7200,-0.6100,46.0800,-17.7600,14.2200,0.976217,51.390587,"0.25,0.72,-0.61,46.08,-17.76,14.22"
252,2026-07-27T13:20:07.507,10.333011,0.782600,0.2500,0.7500,-0.6300,47.5500,-13.2400,22.7700,1.010891,54.357824,"0.25,0.75,-0.63,47.55,-13.24,22.77"
253,2026-07-27T13:20:07.507,10.333704,0.693700,0.2500,0.7200,-0.6200,33.3300,-6.8400,28.4400,0.982497,44.345328,"0.25,0.72,-0.62,33.33,-6.84,28.44"
254,2026-07-27T13:20:07.508,10.334408,0.703900,0.2300,0.7200,-0.6600,6.5900,-26.8600,62.6200,1.003444,68.455475,"0.23,0.72,-0.66,6.59,-26.86,62.62"
255,2026-07-27T13:20:07.509,10.335152,0.744000,0.1700,0.7000,-0.7300,-16.8500,-41.4400,93.5100,1.025573,103.659617,"0.17,0.70,-0.73,-16.85,-41.44,93.51"
256,2026-07-27T13:20:07.510,10.335943,0.790800,0.1000,0.6400,-0.7700,-24.6000,-20.0200,84.7200,1.006231,90.462361,"0.10,0.64,-0.77,-24.60,-20.02,84.72"
257,2026-07-27T13:20:07.510,10.336373,0.430100,0.0800,0.5600,-0.7500,-14.4000,40.6500,25.0200,0.939415,49.857626,"0.08,0.56,-0.75,-14.40,40.65,25.02"
258,2026-07-27T13:20:07.511,10.337735,1.361600,0.0700,0.5200,-0.7100,-8.1800,37.2300,23.9300,0.882836,45.007002,"0.07,0.52,-0.71,-8.18,37.23,23.93"
259,2026-07-27T13:20:07.564,10.390451,52.716200,0.0400,0.5800,-0.7300,10.3800,22.8300,26.4300,0.933220,36.434849,"0.04,0.58,-0.73,10.38,22.83,26.43"
260,2026-07-27T13:20:07.685,10.511347,120.896100,0.0100,0.7700,-0.8100,24.9000,9.9500,16.1700,1.117631,31.312640,"0.01,0.77,-0.81,24.90,9.95,16.17"
261,2026-07-27T13:20:07.686,10.512521,1.173500,-0.0100,0.8900,-0.8600,17.7600,8.0600,-23.2500,1.237659,30.347054,"-0.01,0.89,-0.86,17.76,8.06,-23.25"
262,2026-07-27T13:20:07.687,10.513645,1.124900,0.0200,0.7700,-0.8200,-8.3600,-6.3500,-67.2600,1.125033,68.074369,"0.02,0.77,-0.82,-8.36,-6.35,-67.26"
263,2026-07-27T13:20:07.745,10.570760,57.114200,0.0700,0.5600,-0.7600,-38.5700,-89.7800,-49.3200,0.946626,109.455725,"0.07,0.56,-0.76,-38.57,-89.78,-49.32"
264,2026-07-27T13:20:07.804,10.630459,59.699100,0.1200,0.5600,-0.9200,-31.6800,-215.1500,13.5500,1.083697,217.891596,"0.12,0.56,-0.92,-31.68,-215.15,13.55"
265,2026-07-27T13:20:07.805,10.630792,0.333600,0.2100,0.8100,-1.2300,-12.7600,-271.0000,64.7600,1.487649,278.922346,"0.21,0.81,-1.23,-12.76,-271.00,64.76"
266,2026-07-27T13:20:07.865,10.690758,59.965700,0.1800,0.2600,-1.0500,-4.6400,-204.2800,71.6600,1.096586,216.534070,"0.18,0.26,-1.05,-4.64,-204.28,71.66"
267,2026-07-27T13:20:07.985,10.810763,120.005400,0.1400,0.3100,-0.6200,23.8600,-62.9900,-13.2400,0.707177,68.646466,"0.14,0.31,-0.62,23.86,-62.99,-13.24"
268,2026-07-27T13:20:07.985,10.811230,0.466100,0.2700,0.5100,-0.3000,49.3800,36.5600,-91.4300,0.650385,110.156538,"0.27,0.51,-0.30,49.38,36.56,-91.43"
269,2026-07-27T13:20:07.986,10.811921,0.691800,0.3600,0.6600,-0.3000,40.6500,35.3400,-40.3400,0.809444,67.295272,"0.36,0.66,-0.30,40.65,35.34,-40.34"
270,2026-07-27T13:20:08.044,10.870511,58.589900,0.2900,0.7300,-0.5600,-2.6200,-2.5000,70.1300,0.964676,70.223438,"0.29,0.73,-0.56,-2.62,-2.50,70.13"
271,2026-07-27T13:20:08.045,10.870975,0.464000,0.0500,0.7700,-0.8500,-45.3500,-12.8800,150.1500,1.147998,157.377061,"0.05,0.77,-0.85,-45.35,-12.88,150.15"
272,2026-07-27T13:20:08.106,10.932184,61.208500,-0.2600,0.7900,-0.9600,-50.9600,16.9100,160.7700,1.270157,169.498857,"-0.26,0.79,-0.96,-50.96,16.91,160.77"
273,2026-07-27T13:20:08.165,10.990963,58.779000,-0.4800,0.7600,-0.8700,-32.4100,72.4500,89.6600,1.250960,119.742750,"-0.48,0.76,-0.87,-32.41,72.45,89.66"
274,2026-07-27T13:20:08.165,10.991549,0.586700,-0.4200,0.7800,-0.8900,-19.4100,97.4100,5.1300,1.255747,99.457393,"-0.42,0.78,-0.89,-19.41,97.41,5.13"
275,2026-07-27T13:20:08.225,11.050860,59.311000,-0.0600,0.7300,-1.1900,-16.6000,43.5200,-10.5600,1.397355,47.760486,"-0.06,0.73,-1.19,-16.60,43.52,-10.56"
276,2026-07-27T13:20:08.285,11.111125,60.264300,0.3100,0.5100,-1.1600,-4.9400,-42.7200,25.1500,1.304531,49.818917,"0.31,0.51,-1.16,-4.94,-42.72,25.15"
277,2026-07-27T13:20:08.285,11.111639,0.514300,0.4100,0.3600,-0.6700,16.3000,-56.7000,16.1700,0.864060,61.172289,"0.41,0.36,-0.67,16.30,-56.70,16.17"
278,2026-07-27T13:20:08.465,11.290930,179.290700,0.3700,0.4500,-0.4700,37.9600,-21.9100,-23.0100,0.748532,49.502220,"0.37,0.45,-0.47,37.96,-21.91,-23.01"
279,2026-07-27T13:20:08.465,11.291644,0.714300,0.4000,0.7200,-0.6600,63.1700,-19.8400,-22.2200,1.055462,69.841269,"0.40,0.72,-0.66,63.17,-19.84,-22.22"
280,2026-07-27T13:20:08.466,11.292261,0.617200,0.4500,0.8500,-0.7400,64.8200,-29.7200,1.8900,1.213507,71.333603,"0.45,0.85,-0.74,64.82,-29.72,1.89"
281,2026-07-27T13:20:08.467,11.293032,0.771100,0.3900,0.8000,-0.6600,34.0600,-24.1700,30.6400,1.108016,51.798476,"0.39,0.80,-0.66,34.06,-24.17,30.64"
282,2026-07-27T13:20:08.467,11.293423,0.390900,0.2600,0.7200,-0.6400,0.8500,-13.5500,54.3800,0.997798,56.049169,"0.26,0.72,-0.64,0.85,-13.55,54.38"
283,2026-07-27T13:20:08.525,11.350763,57.339500,0.1700,0.6700,-0.6900,-16.6000,-9.5800,68.3600,0.976678,70.995958,"0.17,0.67,-0.69,-16.60,-9.58,68.36"
284,2026-07-27T13:20:08.584,11.410663,59.900600,0.1300,0.6400,-0.7600,-20.8100,-8.6100,73.7300,1.002048,77.092808,"0.13,0.64,-0.76,-20.81,-8.61,73.73"
285,2026-07-27T13:20:08.705,11.530843,120.179300,0.1100,0.6200,-0.7800,-20.5100,-7.0800,77.0300,1.002447,80.027542,"0.11,0.62,-0.78,-20.51,-7.08,77.03"
286,2026-07-27T13:20:08.705,11.531256,0.413500,0.0800,0.6100,-0.7500,-22.0900,-6.2900,84.9000,0.970052,87.951931,"0.08,0.61,-0.75,-22.09,-6.29,84.90"
287,2026-07-27T13:20:08.706,11.532069,0.813000,0.0500,0.6100,-0.7100,-21.3600,-0.3100,86.4300,0.937390,89.030841,"0.05,0.61,-0.71,-21.36,-0.31,86.43"
288,2026-07-27T13:20:08.825,11.650784,118.714800,-0.0100,0.6800,-0.7100,-3.9100,24.7800,52.2500,0.983158,57.960323,"-0.01,0.68,-0.71,-3.91,24.78,52.25"
289,2026-07-27T13:20:08.825,11.651314,0.529600,-0.0800,0.7600,-0.7300,19.7100,60.4200,-20.5100,1.056835,66.781140,"-0.08,0.76,-0.73,19.71,60.42,-20.51"
290,2026-07-27T13:20:08.826,11.651960,0.646000,-0.0900,0.8100,-0.7900,21.6700,62.2600,-84.9000,1.135033,107.489099,"-0.09,0.81,-0.79,21.67,62.26,-84.90"
291,2026-07-27T13:20:08.945,11.770869,118.909800,0.0300,0.8200,-0.8900,-0.9200,4.7000,-106.8700,1.210537,106.977256,"0.03,0.82,-0.89,-0.92,4.70,-106.87"
292,2026-07-27T13:20:08.945,11.771539,0.669600,0.2900,0.6300,-1.0800,-38.8200,-99.4300,-65.9800,1.283511,125.485767,"0.29,0.63,-1.08,-38.82,-99.43,-65.98"
293,2026-07-27T13:20:08.946,11.771901,0.362400,0.5500,0.3000,-1.2600,-63.9600,-206.9100,48.2800,1.407160,221.886431,"0.55,0.30,-1.26,-63.96,-206.91,48.28"
294,2026-07-27T13:20:09.005,11.830902,59.000600,0.5500,0.2300,-1.1500,-37.1100,-200.2600,93.2600,1.295338,224.005909,"0.55,0.23,-1.15,-37.11,-200.26,93.26"
295,2026-07-27T13:20:09.005,11.831486,0.583600,0.3600,0.4700,-0.8000,18.1300,-78.5500,5.1900,0.995239,80.782025,"0.36,0.47,-0.80,18.13,-78.55,5.19"
296,2026-07-27T13:20:09.065,11.891505,60.019300,0.2500,0.6500,-0.5500,40.8900,-9.7000,-40.9500,0.887412,58.676951,"0.25,0.65,-0.55,40.89,-9.70,-40.95"
297,2026-07-27T13:20:09.185,12.011446,119.940800,0.2600,0.6000,-0.6000,18.9800,-39.6700,25.0200,0.887468,50.595945,"0.26,0.60,-0.60,18.98,-39.67,25.02"
298,2026-07-27T13:20:09.186,12.011951,0.505100,0.2400,0.5500,-0.7200,-6.0400,-71.7800,97.9000,0.937283,121.545300,"0.24,0.55,-0.72,-6.04,-71.78,97.90"
299,2026-07-27T13:20:09.186,12.012498,0.547000,0.1400,0.5900,-0.7200,-3.4800,-48.6500,102.7200,0.941329,113.711615,"0.14,0.59,-0.72,-3.48,-48.65,102.72"
300,2026-07-27T13:20:09.364,12.190368,177.870700,-0.0000,0.6300,-0.7300,12.5700,2.3800,65.9200,0.964261,67.149949,"-0.00,0.63,-0.73,12.57,2.38,65.92"
301,2026-07-27T13:20:09.365,12.191020,0.651200,-0.2100,0.7000,-0.7800,21.0000,38.8800,33.9400,1.068878,55.718740,"-0.21,0.70,-0.78,21.00,38.88,33.94"
302,2026-07-27T13:20:09.365,12.191572,0.552400,-0.3300,0.7500,-0.7600,20.7500,58.7200,2.2600,1.117587,62.319407,"-0.33,0.75,-0.76,20.75,58.72,2.26"
303,2026-07-27T13:20:09.366,12.192237,0.664600,-0.1900,0.7300,-0.7300,17.8200,64.5800,-27.8900,1.049714,72.567079,"-0.19,0.73,-0.73,17.82,64.58,-27.89"
304,2026-07-27T13:20:09.367,12.192822,0.585200,-0.0400,0.7600,-0.8100,10.7400,43.0900,-24.4800,1.111441,50.708639,"-0.04,0.76,-0.81,10.74,43.09,-24.48"
305,2026-07-27T13:20:09.665,12.490850,298.028300,0.0400,0.7800,-0.9300,-14.8900,-2.5000,10.4400,1.214455,18.356353,"0.04,0.78,-0.93,-14.89,-2.50,10.44"
306,2026-07-27T13:20:09.665,12.491461,0.610400,0.2800,0.5200,-0.9700,-44.1300,-47.1800,45.9600,1.135650,79.282601,"0.28,0.52,-0.97,-44.13,-47.18,45.96"
307,2026-07-27T13:20:09.666,12.491920,0.459800,0.4400,0.3000,-0.8800,-35.4600,-50.4200,54.2600,1.028591,82.120251,"0.44,0.30,-0.88,-35.46,-50.42,54.26"
308,2026-07-27T13:20:09.666,12.492613,0.692200,0.3300,0.5000,-0.7700,7.0800,0.5500,18.8600,0.975602,20.152630,"0.33,0.50,-0.77,7.08,0.55,18.86"
309,2026-07-27T13:20:09.667,12.493156,0.543200,0.2000,0.7400,-0.7200,44.2500,59.1400,-37.1100,1.051665,82.660475,"0.20,0.74,-0.72,44.25,59.14,-37.11"
310,2026-07-27T13:20:09.668,12.493899,0.742900,0.2200,0.7400,-0.6400,47.3600,74.4600,-65.6100,1.002796,109.963327,"0.22,0.74,-0.64,47.36,74.46,-65.61"
311,2026-07-27T13:20:09.669,12.494905,1.006100,0.3200,0.6500,-0.6100,24.4100,44.0100,-46.2000,0.947101,68.316676,"0.32,0.65,-0.61,24.41,44.01,-46.20"
312,2026-07-27T13:20:09.669,12.495375,0.469800,0.3600,0.6400,-0.6900,0.7300,5.2500,-1.4000,1.007621,5.482281,"0.36,0.64,-0.69,0.73,5.25,-1.40"
313,2026-07-27T13:20:09.724,12.550610,55.235900,0.3100,0.6500,-0.7900,-17.4600,-10.5000,31.7400,1.068971,37.716431,"0.31,0.65,-0.79,-17.46,-10.50,31.74"
314,2026-07-27T13:20:09.785,12.611180,60.569200,0.2400,0.6000,-0.8000,-27.1000,-13.7300,47.6700,1.028397,56.527443,"0.24,0.60,-0.80,-27.10,-13.73,47.67"
315,2026-07-27T13:20:09.905,12.731151,119.970900,0.2300,0.5400,-0.7500,-21.6100,-12.4500,44.8000,0.952365,51.274112,"0.23,0.54,-0.75,-21.61,-12.45,44.80"
316,2026-07-27T13:20:09.906,12.731765,0.614900,0.2600,0.5600,-0.7400,-2.0100,-0.3700,18.8000,0.963743,18.910764,"0.26,0.56,-0.74,-2.01,-0.37,18.80"
317,2026-07-27T13:20:09.906,12.732722,0.956700,0.2700,0.6400,-0.7400,18.5500,19.9600,-12.5100,1.014938,29.983399,"0.27,0.64,-0.74,18.55,19.96,-12.51"
318,2026-07-27T13:20:10.146,12.972451,239.728300,0.2500,0.6700,-0.7100,24.3500,34.6700,-29.6000,1.007720,51.682602,"0.25,0.67,-0.71,24.35,34.67,-29.60"
319,2026-07-27T13:20:10.148,12.973964,1.513200,0.2300,0.7000,-0.7200,15.5000,27.0400,-17.7000,1.030194,35.842734,"0.23,0.70,-0.72,15.50,27.04,-17.70"
320,2026-07-27T13:20:10.149,12.974757,0.793100,0.1700,0.6800,-0.7300,-0.1200,10.0700,9.2200,1.012028,13.653853,"0.17,0.68,-0.73,-0.12,10.07,9.22"
321,2026-07-27T13:20:10.149,12.975435,0.678100,0.1600,0.6300,-0.7300,-10.5600,-0.4900,23.8000,0.977446,26.042152,"0.16,0.63,-0.73,-10.56,-0.49,23.80"
322,2026-07-27T13:20:10.150,12.975878,0.443200,0.1700,0.6100,-0.7400,-11.2900,-2.5600,23.0100,0.973961,25.758063,"0.17,0.61,-0.74,-11.29,-2.56,23.01"
323,2026-07-27T13:20:10.150,12.976549,0.671200,0.1800,0.6200,-0.7600,-6.9600,4.6400,10.5000,0.997196,13.424649,"0.18,0.62,-0.76,-6.96,4.64,10.50"
324,2026-07-27T13:20:10.150,12.976735,0.185400,0.1800,0.6300,-0.7700,-0.7900,11.5400,-0.6100,1.011039,11.583082,"0.18,0.63,-0.77,-0.79,11.54,-0.61"
325,2026-07-27T13:20:10.205,13.030828,54.093000,0.1700,0.6200,-0.7700,3.9100,14.2200,-3.4200,1.003095,15.139118,"0.17,0.62,-0.77,3.91,14.22,-3.42"
326,2026-07-27T13:20:10.444,13.270599,239.771800,0.1900,0.6200,-0.8000,9.5800,16.1100,-8.9700,1.029806,20.779062,"0.19,0.62,-0.80,9.58,16.11,-8.97"
327,2026-07-27T13:20:10.564,13.390024,119.424200,0.2300,0.6300,-0.8200,15.6900,13.0000,-14.5300,1.059339,25.025927,"0.23,0.63,-0.82,15.69,13.00,-14.53"
328,2026-07-27T13:20:10.564,13.390633,0.609100,0.2500,0.6200,-0.8100,17.5800,1.7700,-7.8700,1.050238,19.342342,"0.25,0.62,-0.81,17.58,1.77,-7.87"
329,2026-07-27T13:20:10.566,13.391750,1.117200,0.2300,0.5900,-0.7900,15.8100,-14.5300,10.0700,1.012472,23.716701,"0.23,0.59,-0.79,15.81,-14.53,10.07"
330,2026-07-27T13:20:10.566,13.392512,0.761800,0.2200,0.5800,-0.7600,15.5000,-40.1000,43.2700,0.981020,60.996335,"0.22,0.58,-0.76,15.50,-40.10,43.27"
331,2026-07-27T13:20:10.566,13.392563,0.050800,0.2000,0.5600,-0.7100,21.1200,-35.7700,40.3400,0.926121,57.903911,"0.20,0.56,-0.71,21.12,-35.77,40.34"
332,2026-07-27T13:20:10.568,13.394114,1.551000,0.1900,0.5800,-0.6700,26.9200,-41.4400,52.4300,0.906311,72.047657,"0.19,0.58,-0.67,26.92,-41.44,52.43"
333,2026-07-27T13:20:10.568,13.394474,0.360300,0.1900,0.7200,-0.7000,26.1200,-50.9000,68.6600,1.022008,89.371472,"0.19,0.72,-0.70,26.12,-50.90,68.66"
334,2026-07-27T13:20:10.569,13.394872,0.398200,0.1700,0.8900,-0.8500,11.7800,-17.5200,30.0300,1.242377,36.708578,"0.17,0.89,-0.85,11.78,-17.52,30.03"
335,2026-07-27T13:20:10.625,13.451087,56.214700,0.1300,0.8800,-0.9100,-23.2500,56.0900,-61.5800,1.272556,86.479749,"0.13,0.88,-0.91,-23.25,56.09,-61.58"
336,2026-07-27T13:20:10.685,13.510952,59.865700,0.0200,0.6200,-0.8300,-65.9200,60.8500,-90.7000,1.036195,127.572171,"0.02,0.62,-0.83,-65.92,60.85,-90.70"
337,2026-07-27T13:20:10.685,13.511625,0.673000,-0.0400,0.3500,-0.8700,-80.2000,-45.4700,-18.6200,0.938616,94.054587,"-0.04,0.35,-0.87,-80.20,-45.47,-18.62"
338,2026-07-27T13:20:10.804,13.630566,118.940900,0.1100,0.3100,-1.0200,-46.6300,-92.7100,-25.4500,1.071728,106.851315,"0.11,0.31,-1.02,-46.63,-92.71,-25.45"
339,2026-07-27T13:20:10.805,13.631295,0.728800,0.3700,0.6100,-0.9100,4.5200,-26.0000,-137.5700,1.156330,140.078318,"0.37,0.61,-0.91,4.52,-26.00,-137.57"
340,2026-07-27T13:20:10.806,13.631843,0.548000,0.3400,0.7400,-0.7200,25.2100,12.8800,-171.4500,1.087014,173.771520,"0.34,0.74,-0.72,25.21,12.88,-171.45"
341,2026-07-27T13:20:10.864,13.690414,58.570400,0.2400,0.6800,-0.7200,0.9800,-22.2200,-84.9000,1.019019,87.765020,"0.24,0.68,-0.72,0.98,-22.22,-84.90"
342,2026-07-27T13:20:10.986,13.812132,121.718700,0.1000,0.5300,-0.8200,-33.4500,-73.2400,25.9400,0.981478,84.592457,"0.10,0.53,-0.82,-33.45,-73.24,25.94"
343,2026-07-27T13:20:10.987,13.812913,0.781000,0.0800,0.4900,-0.8400,-33.7500,-76.8400,56.8200,0.975756,101.350681,"0.08,0.49,-0.84,-33.75,-76.84,56.82"
344,2026-07-27T13:20:10.987,13.813350,0.437000,0.1800,0.4800,-0.7700,-8.8500,-35.3400,20.1400,0.925041,41.627607,"0.18,0.48,-0.77,-8.85,-35.34,20.14"
345,2026-07-27T13:20:11.225,14.050862,237.512000,0.2700,0.4200,-0.6900,3.9100,9.4000,-5.3700,0.851704,11.510213,"0.27,0.42,-0.69,3.91,9.40,-5.37"
346,2026-07-27T13:20:11.225,14.051496,0.634000,0.2800,0.4000,-0.6400,-2.5600,44.1300,1.5300,0.804984,44.230661,"0.28,0.40,-0.64,-2.56,44.13,1.53"
347,2026-07-27T13:20:11.226,14.052123,0.626900,0.0600,0.5300,-0.7200,-8.8500,73.3000,17.7600,0.896047,75.938331,"0.06,0.53,-0.72,-8.85,73.30,17.76"
348,2026-07-27T13:20:11.227,14.052774,0.651100,-0.3200,0.7700,-0.8300,-5.0000,83.5000,32.8400,1.176520,89.864985,"-0.32,0.77,-0.83,-5.00,83.50,32.84"
349,2026-07-27T13:20:11.227,14.053451,0.676500,-0.5100,0.8700,-0.7800,3.3000,80.9300,21.7300,1.274912,83.861480,"-0.51,0.87,-0.78,3.30,80.93,21.73"
350,2026-07-27T13:20:11.228,14.054190,0.738800,-0.0100,1.0400,-0.7400,43.1500,90.7000,-50.2900,1.276440,112.327631,"-0.01,1.04,-0.74,43.15,90.70,-50.29"
351,2026-07-27T13:20:11.229,14.055205,1.015900,0.5300,0.8600,-1.0000,146.6700,114.3800,-119.5700,1.421443,221.115034,"0.53,0.86,-1.00,146.67,114.38,-119.57"
352,2026-07-27T13:20:11.284,14.110510,55.304300,0.4000,0.1500,-1.1400,160.4600,80.2600,35.5200,1.217415,182.895461,"0.40,0.15,-1.14,160.46,80.26,35.52"
353,2026-07-27T13:20:11.405,14.231193,120.682900,0.1300,-0.0300,-0.9500,36.0100,17.0900,177.1900,0.959323,181.617962,"0.13,-0.03,-0.95,36.01,17.09,177.19"
354,2026-07-27T13:20:11.406,14.231771,0.578400,0.0600,0.3200,-0.7600,-52.4300,26.9200,24.0500,0.826801,63.655273,"0.06,0.32,-0.76,-52.43,26.92,24.05"
355,2026-07-27T13:20:11.406,14.232429,0.657500,0.2100,0.6200,-0.6900,-32.9000,48.6500,-120.6700,0.951105,134.203135,"0.21,0.62,-0.69,-32.90,48.65,-120.67"
356,2026-07-27T13:20:11.465,14.291413,58.984200,0.4100,0.7200,-0.6600,20.2000,-5.6800,-50.7200,1.059292,54.889168,"0.41,0.72,-0.66,20.20,-5.68,-50.72"
357,2026-07-27T13:20:11.525,14.350801,59.388000,0.5400,0.7000,-0.6600,10.1300,-110.4100,144.5900,1.103268,182.206622,"0.54,0.70,-0.66,10.13,-110.41,144.59"
358,2026-07-27T13:20:11.525,14.351323,0.522000,0.5500,0.6200,-0.7100,-40.3400,-164.8600,267.4600,1.091329,316.766455,"0.55,0.62,-0.71,-40.34,-164.86,267.46"
359,2026-07-27T13:20:11.645,14.470863,119.540400,0.4600,0.5400,-0.7900,-63.6000,-115.6600,224.7900,1.061744,260.677463,"0.46,0.54,-0.79,-63.60,-115.66,224.79"
360,2026-07-27T13:20:11.645,14.471440,0.577100,0.3200,0.4700,-0.8500,-45.1000,-2.0800,82.3400,1.022644,93.905335,"0.32,0.47,-0.85,-45.10,-2.08,82.34"
361,2026-07-27T13:20:11.646,14.471844,0.403400,0.1500,0.3800,-0.8900,-13.9800,96.9200,-42.9700,0.979285,106.936185,"0.15,0.38,-0.89,-13.98,96.92,-42.97"
362,2026-07-27T13:20:11.704,14.530628,58.784500,0.0500,0.3700,-0.8900,16.3000,126.8300,-83.7400,0.965142,152.852630,"0.05,0.37,-0.89,16.30,126.83,-83.74"
363,2026-07-27T13:20:11.765,14.590913,60.285200,0.0300,0.5300,-0.8100,41.0200,83.9200,-39.6700,0.968452,101.483574,"0.03,0.53,-0.81,41.02,83.92,-39.67"
364,2026-07-27T13:20:11.825,14.650912,59.999100,-0.0100,0.7400,-0.8000,50.3500,24.7200,10.8600,1.089816,57.132657,"-0.01,0.74,-0.80,50.35,24.72,10.86"
365,2026-07-27T13:20:11.825,14.651684,0.771200,-0.0400,0.8300,-0.8500,46.2000,4.6400,-8.2400,1.188697,47.157896,"-0.04,0.83,-0.85,46.20,4.64,-8.24"
366,2026-07-27T13:20:12.005,14.831321,179.637200,-0.0200,0.7500,-0.8700,30.7600,23.3800,-92.7100,1.148825,100.438768,"-0.02,0.75,-0.87,30.76,23.38,-92.71"
367,2026-07-27T13:20:12.006,14.832197,0.876400,0.0700,0.6700,-0.9800,9.3400,18.0100,-161.6800,1.189201,162.947900,"0.07,0.67,-0.98,9.34,18.01,-161.68"
368,2026-07-27T13:20:12.007,14.833264,1.066200,0.2400,0.7200,-1.1500,-0.4900,-66.1000,-140.3800,1.377861,155.164411,"0.24,0.72,-1.15,-0.49,-66.10,-140.38"
369,2026-07-27T13:20:12.008,14.834214,0.951000,0.4900,0.4800,-1.2200,-10.1900,-168.3300,-53.4100,1.399607,176.893904,"0.49,0.48,-1.22,-10.19,-168.33,-53.41"
370,2026-07-27T13:20:12.009,14.835174,0.959300,0.6100,0.1500,-1.0700,-5.6800,-190.9800,27.9500,1.240766,193.097968,"0.61,0.15,-1.07,-5.68,-190.98,27.95"
371,2026-07-27T13:20:12.125,14.951580,116.405800,0.5500,0.2400,-0.7700,34.9100,-113.7100,6.4700,0.976217,119.124024,"0.55,0.24,-0.77,34.91,-113.71,6.47"
372,2026-07-27T13:20:12.126,14.952570,0.990000,0.4500,0.3700,-0.6200,44.5600,-20.2600,-57.3700,0.850764,75.414707,"0.45,0.37,-0.62,44.56,-20.26,-57.37"
373,2026-07-27T13:20:12.127,14.953074,0.504500,0.2600,0.3900,-0.7100,-3.0500,20.9400,-39.4300,0.850764,44.749425,"0.26,0.39,-0.71,-3.05,20.94,-39.43"
374,2026-07-27T13:20:12.185,15.010779,57.705200,-0.0300,0.4600,-0.8000,-49.4400,37.2900,7.5700,0.923309,62.387199,"-0.03,0.46,-0.80,-49.44,37.29,7.57"
375,2026-07-27T13:20:12.365,15.191310,180.530800,-0.2800,0.5200,-0.8500,-56.0900,54.7500,21.5500,1.035036,81.289932,"-0.28,0.52,-0.85,-56.09,54.75,21.55"
376,2026-07-27T13:20:12.365,15.191690,0.380000,-0.3500,0.5900,-0.8800,-29.6000,64.9400,-3.9700,1.115796,71.478140,"-0.35,0.59,-0.88,-29.60,64.94,-3.97"
377,2026-07-27T13:20:12.484,15.310656,118.966100,-0.1700,0.6500,-0.7900,4.3900,62.0100,-53.5300,1.037063,82.036413,"-0.17,0.65,-0.79,4.39,62.01,-53.53"
378,2026-07-27T13:20:12.485,15.311624,0.967800,0.1600,0.5000,-0.6800,22.9500,48.5200,-81.0500,0.859069,97.211087,"0.16,0.50,-0.68,22.95,48.52,-81.05"
379,2026-07-27T13:20:12.486,15.312242,0.618400,0.3800,0.3600,-0.7800,20.0800,32.4100,-57.6200,0.939361,69.091815,"0.38,0.36,-0.78,20.08,32.41,-57.62"
380,2026-07-27T13:20:12.486,15.312477,0.234900,0.3600,0.4300,-0.9800,8.8500,20.8700,-10.0100,1.129115,24.780628,"0.36,0.43,-0.98,8.85,20.87,-10.01"
381,2026-07-27T13:20:12.487,15.313119,0.641800,0.2900,0.5000,-0.9300,10.8600,15.3200,2.7500,1.094989,18.979054,"0.29,0.50,-0.93,10.86,15.32,2.75"
382,2026-07-27T13:20:12.488,15.313782,0.663100,0.3000,0.5800,-0.7800,40.8300,22.7100,-44.1300,1.017251,64.267332,"0.30,0.58,-0.78,40.83,22.71,-44.13"
383,2026-07-27T13:20:12.545,15.370923,57.140900,0.3000,0.7400,-0.8900,67.0800,31.8600,-72.4500,1.195701,103.748680,"0.30,0.74,-0.89,67.08,31.86,-72.45"
384,2026-07-27T13:20:12.784,15.610740,239.816800,0.2300,0.8300,-1.0500,46.2000,18.9800,-10.9300,1.358050,51.128713,"0.23,0.83,-1.05,46.20,18.98,-10.93"
385,2026-07-27T13:20:12.785,15.611335,0.594600,0.1400,0.7400,-1.0200,-2.2600,-4.0900,81.1800,1.267912,81.314378,"0.14,0.74,-1.02,-2.26,-4.09,81.18"
386,2026-07-27T13:20:12.785,15.611433,0.098200,0.0700,0.5400,-0.8500,-33.7500,-3.3600,110.5300,1.009455,115.616751,"0.07,0.54,-0.85,-33.75,-3.36,110.53"
387,2026-07-27T13:20:12.964,15.790421,178.988700,0.1100,0.2400,-0.7500,-39.7900,16.6600,78.0600,0.795110,89.186116,"0.11,0.24,-0.75,-39.79,16.66,78.06"
388,2026-07-27T13:20:12.965,15.791015,0.593400,0.1500,0.0900,-0.6700,-22.4600,27.1600,43.5200,0.692459,56.000961,"0.15,0.09,-0.67,-22.46,27.16,43.52"
389,2026-07-27T13:20:12.965,15.791611,0.596500,0.0900,0.2800,-0.5900,12.5700,24.1700,29.5400,0.659242,40.184641,"0.09,0.28,-0.59,12.57,24.17,29.54"
390,2026-07-27T13:20:12.965,15.791666,0.055000,-0.0100,0.4600,-0.4400,34.1200,26.3100,18.3100,0.636632,46.815025,"-0.01,0.46,-0.44,34.12,26.31,18.31"
391,2026-07-27T13:20:12.967,15.793251,1.584600,-0.0700,0.6200,-0.4100,29.6000,34.0600,-7.5100,0.746592,45.745423,"-0.07,0.62,-0.41,29.60,34.06,-7.51"
392,2026-07-27T13:20:12.967,15.793678,0.427400,0.0500,0.8300,-0.9200,12.9400,-0.8500,-8.7900,1.240081,15.666212,"0.05,0.83,-0.92,12.94,-0.85,-8.79"
393,2026-07-27T13:20:12.968,15.794338,0.659500,0.3900,0.5600,-1.6300,-14.2200,-75.5600,26.1200,1.767088,81.202071,"0.39,0.56,-1.63,-14.22,-75.56,26.12"
394,2026-07-27T13:20:12.969,15.795281,0.943200,0.5300,0.1400,-1.7700,-27.4700,-102.9100,31.7400,1.852944,111.141786,"0.53,0.14,-1.77,-27.47,-102.91,31.74"
395,2026-07-27T13:20:13.025,15.851060,55.779400,0.3300,0.0700,-1.3700,-26.4300,-65.2500,3.0500,1.410922,70.465665,"0.33,0.07,-1.37,-26.43,-65.25,3.05"
396,2026-07-27T13:20:13.085,15.910939,59.878600,0.1800,0.1700,-0.9600,-19.7100,-19.6500,-21.4800,0.991413,35.156749,"0.18,0.17,-0.96,-19.71,-19.65,-21.48"
397,2026-07-27T13:20:13.085,15.911295,0.355900,0.2100,0.3200,-0.7300,-5.0000,-0.6100,-28.6300,0.824257,29.069727,"0.21,0.32,-0.73,-5.00,-0.61,-28.63"
398,2026-07-27T13:20:13.506,16.331766,420.471000,0.1600,0.3600,-0.7400,-5.8000,-5.9200,-11.1100,0.838332,13.860682,"0.16,0.36,-0.74,-5.80,-5.92,-11.11"
399,2026-07-27T13:20:13.506,16.332512,0.746600,0.0100,0.3700,-0.8800,-12.5100,-19.1700,13.1200,0.954673,26.384151,"0.01,0.37,-0.88,-12.51,-19.17,13.12"
400,2026-07-27T13:20:13.507,16.333713,1.200500,0.0100,0.3800,-1.0200,-10.5000,-33.5700,22.2200,1.088531,41.604366,"0.01,0.38,-1.02,-10.50,-33.57,22.22"
401,2026-07-27T13:20:13.508,16.334333,0.619700,0.0300,0.3500,-1.1300,-8.1800,-44.1900,25.1500,1.183343,51.499427,"0.03,0.35,-1.13,-8.18,-44.19,25.15"
402,2026-07-27T13:20:13.509,16.335421,1.087900,-0.0100,0.3500,-1.1100,-5.2500,-45.9000,26.5500,1.163916,53.284848,"-0.01,0.35,-1.11,-5.25,-45.90,26.55"
403,2026-07-27T13:20:13.510,16.336126,0.705000,-0.0000,0.3600,-1.0200,-0.7900,-45.0400,24.3500,1.081665,51.206916,"-0.00,0.36,-1.02,-0.79,-45.04,24.35"
404,2026-07-27T13:20:13.510,16.336578,0.452200,-0.0100,0.3300,-0.9700,-0.1200,-57.0100,33.6900,1.024646,66.220621,"-0.01,0.33,-0.97,-0.12,-57.01,33.69"
405,2026-07-27T13:20:13.510,16.336690,0.112200,0.0300,0.3100,-0.8700,7.0800,-59.1400,34.3600,0.924067,68.762458,"0.03,0.31,-0.87,7.08,-59.14,34.36"
406,2026-07-27T13:20:13.511,16.336991,0.300900,0.1400,0.2900,-0.6700,-1.3400,-53.3400,39.9200,0.743371,66.637509,"0.14,0.29,-0.67,-1.34,-53.34,39.92"
407,2026-07-27T13:20:13.511,16.337290,0.298800,0.1600,0.2600,-0.5000,-27.4000,-45.4700,56.4000,0.585833,77.454767,"0.16,0.26,-0.50,-27.40,-45.47,56.40"
408,2026-07-27T13:20:13.812,16.638009,300.719400,-0.0300,0.3400,-0.5000,-45.2300,-36.1900,64.9400,0.605392,87.021104,"-0.03,0.34,-0.50,-45.23,-36.19,64.94"
409,2026-07-27T13:20:13.925,16.751616,113.606500,-0.2100,0.4400,-0.7600,-28.2000,-14.2800,37.7800,0.902940,49.259383,"-0.21,0.44,-0.76,-28.20,-14.28,37.78"
410,2026-07-27T13:20:13.936,16.762271,10.655000,-0.1200,0.6100,-1.0900,-1.4000,17.8200,-19.8400,1.254831,26.704644,"-0.12,0.61,-1.09,-1.40,17.82,-19.84"
411,2026-07-27T13:20:13.937,16.762756,0.485500,0.0300,0.7700,-1.1100,0.0000,23.4400,-23.9900,1.351259,33.540329,"0.03,0.77,-1.11,0.00,23.44,-23.99"
412,2026-07-27T13:20:14.164,16.990248,227.492100,0.0600,0.7200,-0.8100,-12.0800,16.6600,10.6800,1.085403,23.185004,"0.06,0.72,-0.81,-12.08,16.66,10.68"
413,2026-07-27T13:20:14.165,16.990940,0.691900,-0.0600,0.6100,-0.8300,-18.6800,17.5800,22.1600,1.031795,33.897852,"-0.06,0.61,-0.83,-18.68,17.58,22.16"
414,2026-07-27T13:20:14.165,16.991402,0.462400,0.0400,0.5800,-0.8000,-13.1800,23.5000,12.2700,0.988939,29.606001,"0.04,0.58,-0.80,-13.18,23.50,12.27"
415,2026-07-27T13:20:14.165,16.991716,0.313300,0.0400,0.5800,-0.8100,-8.7900,32.7100,-4.1500,0.997046,34.123756,"0.04,0.58,-0.81,-8.79,32.71,-4.15"
416,2026-07-27T13:20:14.166,16.992679,0.963500,0.0600,0.5800,-0.8300,-7.8100,29.1700,-3.8500,1.014347,30.441871,"0.06,0.58,-0.83,-7.81,29.17,-3.85"
417,2026-07-27T13:20:14.167,16.993660,0.980300,0.0700,0.6000,-0.8300,-3.0500,19.2300,1.9500,1.026548,19.567777,"0.07,0.60,-0.83,-3.05,19.23,1.95"
418,2026-07-27T13:20:14.168,16.994089,0.429200,0.0500,0.6100,-0.8100,0.0600,8.5400,8.1200,1.015234,11.784295,"0.05,0.61,-0.81,0.06,8.54,8.12"
419,2026-07-27T13:20:14.169,16.994860,0.771200,0.0500,0.5700,-0.7900,1.8900,-0.9800,15.0800,0.975449,15.229540,"0.05,0.57,-0.79,1.89,-0.98,15.08"
420,2026-07-27T13:20:14.170,16.995846,0.986200,0.1200,0.5700,-0.8100,8.6700,0.1200,10.4400,0.997697,13.571179,"0.12,0.57,-0.81,8.67,0.12,10.44"
421,2026-07-27T13:20:14.170,16.996657,0.810900,0.2000,0.6300,-0.8500,18.5500,11.6000,-6.5300,1.076754,22.832070,"0.20,0.63,-0.85,18.55,11.60,-6.53"
422,2026-07-27T13:20:14.171,16.997430,0.773200,0.2200,0.6600,-0.8600,21.0000,17.1500,-11.6600,1.106165,29.514032,"0.22,0.66,-0.86,21.00,17.15,-11.66"
423,2026-07-27T13:20:14.172,16.998147,0.716400,0.2300,0.6300,-0.8300,13.3700,10.0700,8.9100,1.067099,18.961801,"0.23,0.63,-0.83,13.37,10.07,8.91"
424,2026-07-27T13:20:14.173,16.999160,1.013300,0.2100,0.6300,-0.8700,10.6200,7.2000,30.7000,1.094486,33.273329,"0.21,0.63,-0.87,10.62,7.20,30.70"
425,2026-07-27T13:20:14.225,17.050770,51.610200,0.1000,0.6900,-0.9500,17.0900,20.3900,26.0600,1.178389,37.241694,"0.10,0.69,-0.95,17.09,20.39,26.06"
426,2026-07-27T13:20:14.285,17.111405,60.635100,0.0300,0.6900,-0.9700,21.7900,32.7100,15.4400,1.190756,42.227264,"0.03,0.69,-0.97,21.79,32.71,15.44"
427,2026-07-27T13:20:14.286,17.112034,0.629100,0.1000,0.6300,-1.0100,25.4500,31.1300,32.2900,1.194571,51.569599,"0.10,0.63,-1.01,25.45,31.13,32.29"
428,2026-07-27T13:20:14.585,17.411448,299.413200,0.2000,0.6100,-1.1000,38.4500,32.2900,62.5000,1.273617,80.170422,"0.20,0.61,-1.10,38.45,32.29,62.50"
429,2026-07-27T13:20:14.586,17.412059,0.611600,0.1400,0.6700,-1.0700,64.5800,52.8000,59.9400,1.270197,102.719132,"0.14,0.67,-1.07,64.58,52.80,59.94"
430,2026-07-27T13:20:14.587,17.412867,0.808300,-0.0500,0.8100,-0.7900,82.2800,72.5100,29.4200,1.132563,113.548381,"-0.05,0.81,-0.79,82.28,72.51,29.42"
431,2026-07-27T13:20:14.588,17.414034,1.166100,-0.1500,0.7400,-0.4700,60.1200,51.9400,32.4100,0.889382,85.805513,"-0.15,0.74,-0.47,60.12,51.94,32.41"
432,2026-07-27T13:20:14.588,17.414727,0.693000,-0.1000,0.3700,-0.3700,13.8500,3.0500,63.2300,0.532729,64.800910,"-0.10,0.37,-0.37,13.85,3.05,63.23"
433,2026-07-27T13:20:14.591,17.416849,2.122200,-0.1000,0.2300,-0.4100,1.9500,-12.5700,34.3000,0.480625,36.582747,"-0.10,0.23,-0.41,1.95,-12.57,34.30"
434,2026-07-27T13:20:14.591,17.417076,0.226700,-0.1200,0.3800,-0.5300,26.0600,24.3500,-79.1600,0.663099,86.823682,"-0.12,0.38,-0.53,26.06,24.35,-79.16"
435,2026-07-27T13:20:14.645,17.471092,54.016300,-0.0400,0.6000,-0.8500,54.6300,56.6400,-194.7600,1.041201,210.057097,"-0.04,0.60,-0.85,54.63,56.64,-194.76"
436,2026-07-27T13:20:14.645,17.471735,0.643600,0.1800,0.8900,-1.2300,78.1200,34.8500,-246.5200,1.528856,260.939394,"0.18,0.89,-1.23,78.12,34.85,-246.52"
437,2026-07-27T13:20:14.764,17.590669,118.933700,0.4800,1.0800,-1.3600,71.0400,-16.7800,-236.4500,1.801777,247.460810,"0.48,1.08,-1.36,71.04,-16.78,-236.45"
438,2026-07-27T13:20:14.765,17.591094,0.425300,0.6300,0.9600,-1.2800,20.6900,-48.9500,-173.8900,1.719564,181.829345,"0.63,0.96,-1.28,20.69,-48.95,-173.89"
439,2026-07-27T13:20:14.765,17.591725,0.630900,0.5300,0.6000,-1.1900,-36.8000,-55.7900,-85.9400,1.434225,108.868947,"0.53,0.60,-1.19,-36.80,-55.79,-85.94"
440,2026-07-27T13:20:15.124,17.950562,358.836300,0.3700,0.4100,-1.0400,-48.8300,-44.3700,-48.1600,1.177540,81.685075,"0.37,0.41,-1.04,-48.83,-44.37,-48.16"
441,2026-07-27T13:20:15.125,17.951497,0.935800,0.1700,0.3900,-0.8200,-32.2900,-15.8100,-71.0400,0.923797,79.619607,"0.17,0.39,-0.82,-32.29,-15.81,-71.04"
442,2026-07-27T13:20:15.126,17.951996,0.498800,0.0400,0.3400,-0.6200,-25.8800,6.4100,-83.1900,0.708237,87.358106,"0.04,0.34,-0.62,-25.88,6.41,-83.19"
443,2026-07-27T13:20:15.127,17.952874,0.877600,0.0700,0.2300,-0.4000,-30.4600,11.3500,-62.8700,0.466690,70.776204,"0.07,0.23,-0.40,-30.46,11.35,-62.87"
444,2026-07-27T13:20:15.127,17.953469,0.595500,0.1600,0.1800,-0.2400,-36.9300,13.6100,-44.9200,0.340000,59.723223,"0.16,0.18,-0.24,-36.93,13.61,-44.92"
445,2026-07-27T13:20:15.128,17.954307,0.838000,0.2800,0.1500,-0.2600,-40.2800,20.4500,-43.8200,0.410488,62.935469,"0.28,0.15,-0.26,-40.28,20.45,-43.82"
446,2026-07-27T13:20:15.129,17.955396,1.088700,0.4500,0.2100,-1.0600,-35.2200,16.7200,-28.4400,1.170555,48.258060,"0.45,0.21,-1.06,-35.22,16.72,-28.44"
447,2026-07-27T13:20:15.130,17.956124,0.727900,0.6000,0.3600,-1.7700,-5.5500,-19.1000,24.4800,1.903287,31.541764,"0.60,0.36,-1.77,-5.55,-19.10,24.48"
448,2026-07-27T13:20:15.130,17.956688,0.564000,0.6600,0.4600,-1.4600,27.4700,-60.9700,93.9900,1.666973,115.351905,"0.66,0.46,-1.46,27.47,-60.97,93.99"
449,2026-07-27T13:20:15.185,18.010843,54.155500,0.5900,0.6900,-1.2400,50.0500,-73.4300,149.5400,1.536815,173.951657,"0.59,0.69,-1.24,50.05,-73.43,149.54"
450,2026-07-27T13:20:15.245,18.070808,59.965000,0.3300,0.8500,-1.2100,71.7800,-45.7200,165.7100,1.515091,186.286046,"0.33,0.85,-1.21,71.78,-45.72,165.71"
451,2026-07-27T13:20:15.245,18.071496,0.687800,0.0200,0.7500,-0.8700,80.7500,29.3000,95.2100,1.148825,128.234148,"0.02,0.75,-0.87,80.75,29.30,95.21"
452,2026-07-27T13:20:15.366,18.192360,120.864300,-0.1600,0.5900,-0.4900,65.9200,97.4700,-6.7700,0.783454,117.862972,"-0.16,0.59,-0.49,65.92,97.47,-6.77"
453,2026-07-27T13:20:15.367,18.192991,0.630800,-0.2000,0.4800,-0.2600,27.8300,84.5900,1.6500,0.581378,89.065703,"-0.20,0.48,-0.26,27.83,84.59,1.65"
454,2026-07-27T13:20:15.367,18.193488,0.496400,-0.1500,0.3400,-0.2100,-15.5600,22.7100,82.1500,0.426849,86.639946,"-0.15,0.34,-0.21,-15.56,22.71,82.15"
455,2026-07-27T13:20:15.426,18.252331,58.843600,-0.1100,0.2500,-0.1400,-49.3200,-8.1200,90.8200,0.306920,103.666143,"-0.11,0.25,-0.14,-49.32,-8.12,90.82"
456,2026-07-27T13:20:15.665,18.490939,238.607900,-0.1000,0.4500,-0.3800,-56.9500,-21.0000,39.3100,0.597411,72.315825,"-0.10,0.45,-0.38,-56.95,-21.00,39.31"
457,2026-07-27T13:20:15.665,18.491344,0.404600,0.0500,0.8900,-1.4500,-26.1200,-80.2600,18.6200,1.702087,86.432785,"0.05,0.89,-1.45,-26.12,-80.26,18.62"
458,2026-07-27T13:20:15.666,18.491966,0.622200,0.4600,0.5900,-2.5700,-17.3300,-163.1500,64.5100,2.676677,176.294616,"0.46,0.59,-2.57,-17.33,-163.15,64.51"
459,2026-07-27T13:20:15.666,18.492628,0.662100,0.7200,0.2100,-2.6100,-38.6400,-176.3900,112.6700,2.715621,212.840341,"0.72,0.21,-2.61,-38.64,-176.39,112.67"
460,2026-07-27T13:20:15.667,18.493205,0.577200,0.6200,0.5300,-1.8000,-41.6900,-97.6000,63.9600,1.976183,123.914074,"0.62,0.53,-1.80,-41.69,-97.60,63.96"
461,2026-07-27T13:20:15.668,18.493888,0.682900,0.4400,0.6300,-0.8700,-51.9400,5.1300,-32.4100,1.160776,61.436867,"0.44,0.63,-0.87,-51.94,5.13,-32.41"
462,2026-07-27T13:20:15.725,18.551178,57.289800,0.2700,0.4000,-0.2000,-78.8000,88.9900,-99.3000,0.522398,154.884312,"0.27,0.40,-0.20,-78.80,88.99,-99.30"
463,2026-07-27T13:20:15.725,18.551739,0.560700,0.0600,-0.2200,0.0100,-72.1400,159.1800,-124.7600,0.228254,214.726593,"0.06,-0.22,0.01,-72.14,159.18,-124.76"
464,2026-07-27T13:20:16.325,19.151041,599.302100,-0.0900,-0.6000,0.0200,153.3800,200.9900,-81.8500,0.607042,265.747675,"-0.09,-0.60,0.02,153.38,200.99,-81.85"
465,2026-07-27T13:20:16.325,19.151629,0.588000,-0.0600,-0.3200,0.0300,428.1000,216.7400,-87.4600,0.326956,487.744902,"-0.06,-0.32,0.03,428.10,216.74,-87.46"
466,2026-07-27T13:20:16.326,19.152222,0.593300,0.2600,-0.0700,-0.7300,367.1300,171.8700,-159.4800,0.778075,435.611759,"0.26,-0.07,-0.73,367.13,171.87,-159.48"
467,2026-07-27T13:20:16.327,19.152924,0.701500,0.6100,-0.0600,-2.0900,162.2300,-61.9500,-78.8000,2.178027,190.698231,"0.61,-0.06,-2.09,162.23,-61.95,-78.80"
468,2026-07-27T13:20:16.327,19.153578,0.654100,0.5300,0.0200,-2.0200,-14.2200,-222.7800,78.4900,2.088468,236.630127,"0.53,0.02,-2.02,-14.22,-222.78,78.49"
469,2026-07-27T13:20:16.328,19.154295,0.717600,0.2000,0.1800,-0.7700,-143.3700,-111.2700,67.7500,0.815659,193.716371,"0.20,0.18,-0.77,-143.37,-111.27,67.75"
470,2026-07-27T13:20:16.329,19.154927,0.631900,-0.0600,0.2800,0.0500,-120.5400,7.1400,-36.0700,0.290689,126.023474,"-0.06,0.28,0.05,-120.54,7.14,-36.07"
471,2026-07-27T13:20:16.330,19.155803,0.876100,-0.2600,0.3800,0.1700,-41.9900,17.8800,-65.7300,0.490816,80.020544,"-0.26,0.38,0.17,-41.99,17.88,-65.73"
472,2026-07-27T13:20:16.330,19.156650,0.846500,-0.2000,0.1400,-0.2700,-13.2400,-49.3800,61.2200,0.364005,79.759453,"-0.20,0.14,-0.27,-13.24,-49.38,61.22"
473,2026-07-27T13:20:16.331,19.157387,0.737500,-0.0400,-0.2500,-1.2500,-40.2200,-127.7500,216.1300,1.275382,254.263422,"-0.04,-0.25,-1.25,-40.22,-127.75,216.13"
474,2026-07-27T13:20:16.332,19.158092,0.705100,-0.2600,-0.5700,-2.4000,-84.4700,-164.0000,211.5500,2.480423,280.685916,"-0.26,-0.57,-2.40,-84.47,-164.00,211.55"
475,2026-07-27T13:20:16.333,19.158974,0.881200,-0.5200,-0.7700,-2.5600,-79.5300,-133.6100,122.3100,2.723399,197.829192,"-0.52,-0.77,-2.56,-79.53,-133.61,122.31"
476,2026-07-27T13:20:16.334,19.160099,1.125000,-0.3300,-0.5900,-1.9700,31.1900,16.3600,11.2900,2.082763,36.985535,"-0.33,-0.59,-1.97,31.19,16.36,11.29"
477,2026-07-27T13:20:16.335,19.160945,0.846700,-0.0200,-0.2600,-1.5100,30.8200,36.9300,75.6800,1.532351,89.672514,"-0.02,-0.26,-1.51,30.82,36.93,75.68"
478,2026-07-27T13:20:16.335,19.161736,0.791100,0.0500,-0.0700,-1.1700,-0.0600,40.2800,138.9800,1.173158,144.699421,"0.05,-0.07,-1.17,-0.06,40.28,138.98"
479,2026-07-27T13:20:16.506,19.332438,170.701600,-0.0800,-0.1600,-0.9100,-8.1800,51.2100,111.6900,0.927416,123.142327,"-0.08,-0.16,-0.91,-8.18,51.21,111.69"
480,2026-07-27T13:20:16.507,19.333091,0.652900,-0.1500,-0.1600,-0.6600,21.4800,58.7800,-20.0800,0.695485,65.724312,"-0.15,-0.16,-0.66,21.48,58.78,-20.08"
481,2026-07-27T13:20:16.507,19.333581,0.490000,0.0200,0.1400,-0.3400,83.0700,50.8400,-114.0700,0.368239,149.990984,"0.02,0.14,-0.34,83.07,50.84,-114.07"
482,2026-07-27T13:20:16.509,19.334759,1.178000,0.2600,0.6100,-0.4600,139.7700,30.0900,-89.7200,0.807032,168.792000,"0.26,0.61,-0.46,139.77,30.09,-89.72"
483,2026-07-27T13:20:16.625,19.451008,116.249600,0.3300,0.8700,-1.1900,90.6400,23.3200,-46.3900,1.510596,104.457954,"0.33,0.87,-1.19,90.64,23.32,-46.39"
484,2026-07-27T13:20:16.625,19.451442,0.433800,0.0900,0.7000,-1.5900,-30.0900,34.4200,-12.1500,1.739598,47.305042,"0.09,0.70,-1.59,-30.09,34.42,-12.15"
485,2026-07-27T13:20:16.626,19.452202,0.759700,-0.0600,0.1500,-1.2900,-99.0600,36.6200,98.7500,1.300077,144.587242,"-0.06,0.15,-1.29,-99.06,36.62,98.75"
486,2026-07-27T13:20:16.806,19.632413,180.210700,0.1500,0.0400,-1.0000,-104.5500,34.9700,245.1200,1.011978,268.770195,"0.15,0.04,-1.00,-104.55,34.97,245.12"
487,2026-07-27T13:20:16.809,19.635557,3.144100,0.2200,0.0300,-0.8100,-71.1700,44.4900,277.7700,0.839881,290.173572,"0.22,0.03,-0.81,-71.17,44.49,277.77"
488,2026-07-27T13:20:16.810,19.635876,0.319600,0.1700,0.0600,-0.7800,-27.4700,62.9300,198.1200,0.800562,209.681473,"0.17,0.06,-0.78,-27.47,62.93,198.12"
489,2026-07-27T13:20:16.810,19.636334,0.457800,0.0800,0.1400,-0.8100,-0.9200,77.5100,124.0200,0.825893,146.251861,"0.08,0.14,-0.81,-0.92,77.51,124.02"
490,2026-07-27T13:20:16.811,19.636792,0.458200,-0.0200,0.2500,-0.8000,1.1600,77.3900,134.1600,0.838391,154.885323,"-0.02,0.25,-0.80,1.16,77.39,134.16"
491,2026-07-27T13:20:16.864,19.690668,53.875300,-0.2200,0.3300,-0.7300,-16.8500,73.5500,151.6700,0.830783,169.402816,"-0.22,0.33,-0.73,-16.85,73.55,151.67"
492,2026-07-27T13:20:16.925,19.751195,60.527100,-0.5800,0.2800,-0.6700,-67.9900,78.8600,76.2300,0.929355,129.044770,"-0.58,0.28,-0.67,-67.99,78.86,76.23"
493,2026-07-27T13:20:16.925,19.751455,0.259700,-0.8000,0.0800,-0.8600,-117.4900,58.7800,-14.5300,1.177285,132.174541,"-0.80,0.08,-0.86,-117.49,58.78,-14.53"
494,2026-07-27T13:20:16.985,19.811057,59.602200,-0.3800,-0.0200,-1.5700,-33.8700,-41.6300,-31.3100,1.615457,62.133324,"-0.38,-0.02,-1.57,-33.87,-41.63,-31.31"
495,2026-07-27T13:20:17.045,19.870848,59.791100,0.4600,0.0600,-2.3600,145.5100,-195.3700,15.1400,2.405161,244.073384,"0.46,0.06,-2.36,145.51,-195.37,15.14"
496,2026-07-27T13:20:17.045,19.871114,0.266100,1.0600,0.2200,-2.3600,178.5300,-280.8200,75.8100,2.596459,341.291649,"1.06,0.22,-2.36,178.53,-280.82,75.81"
497,2026-07-27T13:20:17.345,20.170850,299.736500,1.2000,0.1700,-1.6600,24.3500,-246.5800,106.9900,2.055359,269.891606,"1.20,0.17,-1.66,24.35,-246.58,106.99"
498,2026-07-27T13:20:17.346,20.171953,1.102800,0.9100,0.0100,-0.9700,-129.1500,-154.4200,74.7700,1.330075,214.745924,"0.91,0.01,-0.97,-129.15,-154.42,74.77"
499,2026-07-27T13:20:17.347,20.173154,1.200900,0.3500,-0.0400,-0.5200,-162.1700,-56.7000,-10.3100,0.628092,172.105476,"0.35,-0.04,-0.52,-162.17,-56.70,-10.31"
500,2026-07-27T13:20:17.348,20.173746,0.592100,-0.0600,-0.1300,-0.3200,-113.2200,5.4900,-38.7600,0.350571,119.796687,"-0.06,-0.13,-0.32,-113.22,5.49,-38.76"
501,2026-07-27T13:20:17.348,20.174156,0.409400,-0.1100,-0.0900,-0.2700,-54.2600,20.5700,-5.4300,0.305123,58.281707,"-0.11,-0.09,-0.27,-54.26,20.57,-5.43"
502,2026-07-27T13:20:17.349,20.174845,0.689900,-0.0500,0.0600,-0.2900,-13.3700,25.3300,1.7700,0.300333,28.696667,"-0.05,0.06,-0.29,-13.37,25.33,1.77"
503,2026-07-27T13:20:17.349,20.175497,0.652000,-0.0400,0.1300,-0.3900,2.8700,34.4800,-21.1200,0.413038,40.535931,"-0.04,0.13,-0.39,2.87,34.48,-21.12"
504,2026-07-27T13:20:17.465,20.291310,115.812700,-0.1100,0.2100,-0.8300,13.2400,34.9100,-60.6100,0.863192,71.186922,"-0.11,0.21,-0.83,13.24,34.91,-60.61"
505,2026-07-27T13:20:17.466,20.291847,0.536600,-0.0300,0.2700,-1.5500,51.7600,5.8600,-118.3500,1.573626,129.306457,"-0.03,0.27,-1.55,51.76,5.86,-118.35"
506,2026-07-27T13:20:17.466,20.292312,0.465400,0.4100,0.1900,-1.7800,41.5600,-47.9100,-52.8000,1.836464,82.525400,"0.41,0.19,-1.78,41.56,-47.91,-52.80"
507,2026-07-27T13:20:17.584,20.410663,118.351000,0.9300,0.1100,-1.6200,-6.0400,-80.5700,120.9100,1.871203,145.420888,"0.93,0.11,-1.62,-6.04,-80.57,120.91"
508,2026-07-27T13:20:17.585,20.411339,0.675700,0.9900,0.0700,-1.4600,1.5900,-41.2600,175.1700,1.765389,179.970677,"0.99,0.07,-1.46,1.59,-41.26,175.17"
509,2026-07-27T13:20:17.586,20.411934,0.594900,0.6100,0.0600,-1.2000,27.1000,50.7800,116.2700,1.347479,129.737162,"0.61,0.06,-1.20,27.10,50.78,116.27"
510,2026-07-27T13:20:17.654,20.480569,68.635100,0.2400,0.0900,-0.9900,48.4000,113.8300,51.7600,1.022644,134.085519,"0.24,0.09,-0.99,48.40,113.83,51.76"
511,2026-07-27T13:20:17.655,20.480766,0.197300,0.0500,0.1800,-0.7400,59.6900,121.6400,-13.7900,0.763217,136.195998,"0.05,0.18,-0.74,59.69,121.64,-13.79"
512,2026-07-27T13:20:17.765,20.591681,110.914700,-0.0700,0.3000,-0.5700,46.8100,105.6500,-66.6500,0.647920,133.399105,"-0.07,0.30,-0.57,46.81,105.65,-66.65"
513,2026-07-27T13:20:17.766,20.592287,0.606200,-0.1900,0.4100,-0.5400,12.0200,80.9900,-48.9500,0.704131,95.393726,"-0.19,0.41,-0.54,12.02,80.99,-48.95"
514,2026-07-27T13:20:17.766,20.592387,0.100300,-0.3300,0.4600,-0.4900,-20.0800,51.8800,-18.2500,0.748732,58.547445,"-0.33,0.46,-0.49,-20.08,51.88,-18.25"
515,2026-07-27T13:20:17.824,20.650636,58.248700,-0.4700,0.4000,-0.4600,-37.9000,24.7800,-40.7700,0.769740,60.931530,"-0.47,0.40,-0.46,-37.90,24.78,-40.77"
516,2026-07-27T13:20:17.885,20.711203,60.566600,-0.4100,0.2200,-0.7100,-60.3000,-15.2600,-9.9500,0.848882,62.991746,"-0.41,0.22,-0.71,-60.30,-15.26,-9.95"
517,2026-07-27T13:20:17.885,20.711673,0.470000,-0.0300,-0.0200,-1.8000,-62.3200,-83.7400,170.9600,1.800361,200.308491,"-0.03,-0.02,-1.80,-62.32,-83.74,170.96"
518,2026-07-27T13:20:18.006,20.832265,120.592600,0.2200,-0.7700,-2.7700,-85.9400,-127.5000,455.8100,2.883435,481.045413,"0.22,-0.77,-2.77,-85.94,-127.50,455.81"
519,2026-07-27T13:20:18.006,20.832634,0.368500,-0.0500,-1.3800,-2.5300,-187.5000,-84.5300,595.5200,2.882325,630.036222,"-0.05,-1.38,-2.53,-187.50,-84.53,595.52"
520,2026-07-27T13:20:18.007,20.833053,0.419600,-0.1300,-0.7600,-1.6400,-151.0600,-33.6900,287.2900,1.812209,326.327571,"-0.13,-0.76,-1.64,-151.06,-33.69,287.29"
521,2026-07-27T13:20:18.064,20.890643,57.590000,0.2700,0.2200,-0.7400,28.0800,-33.5700,-135.2500,0.817863,142.154823,"0.27,0.22,-0.74,28.08,-33.57,-135.25"
522,2026-07-27T13:20:18.125,20.951075,60.431400,0.4400,0.6600,-0.2800,107.4800,-32.7800,-220.2100,0.841190,247.222416,"0.44,0.66,-0.28,107.48,-32.78,-220.21"
523,2026-07-27T13:20:18.125,20.951555,0.479800,0.1600,0.5700,-0.2600,43.4000,-19.8400,-88.2000,0.646607,100.281731,"0.16,0.57,-0.26,43.40,-19.84,-88.20"
524,2026-07-27T13:20:18.244,21.070333,118.778600,-0.2300,0.2500,-0.3900,-75.9900,-14.3400,55.5400,0.517204,95.209282,"-0.23,0.25,-0.39,-75.99,-14.34,55.54"
525,2026-07-27T13:20:18.248,21.073807,3.473600,-0.3000,-0.0100,-0.4400,-138.6100,-21.9700,157.4100,0.532635,210.886987,"-0.30,-0.01,-0.44,-138.61,-21.97,157.41"
526,2026-07-27T13:20:18.248,21.074117,0.310700,-0.0400,-0.0600,-0.5500,-106.8100,-38.2100,204.9000,0.554707,234.205871,"-0.04,-0.06,-0.55,-106.81,-38.21,204.90"
527,2026-07-27T13:20:18.425,21.251007,176.889400,0.3200,0.0700,-1.1700,-6.2900,-59.0200,170.3500,1.214990,180.394143,"0.32,0.07,-1.17,-6.29,-59.02,170.35"
528,2026-07-27T13:20:18.425,21.251139,0.132100,0.6300,0.1800,-1.7000,82.2100,-78.9800,102.6600,1.821895,153.412516,"0.63,0.18,-1.70,82.21,-78.98,102.66"
529,2026-07-27T13:20:18.425,21.251723,0.583600,0.7700,0.2000,-1.6200,76.8400,-74.1600,78.1200,1.804799,132.313361,"0.77,0.20,-1.62,76.84,-74.16,78.12"
530,2026-07-27T13:20:18.426,21.252561,0.838400,0.7500,0.2200,-1.4600,39.4900,-36.0100,115.7800,1.656050,127.519366,"0.75,0.22,-1.46,39.49,-36.01,115.78"
531,2026-07-27T13:20:18.551,21.377386,124.825100,0.5300,0.2500,-1.3100,44.0700,18.9800,124.4500,1.435096,133.379938,"0.53,0.25,-1.31,44.07,18.98,124.45"
532,2026-07-27T13:20:18.552,21.377785,0.398600,0.2100,0.2600,-1.0600,59.3900,76.4200,23.5000,1.111441,99.596378,"0.21,0.26,-1.06,59.39,76.42,23.50"
533,2026-07-27T13:20:18.552,21.378181,0.396700,-0.0800,0.3000,-0.8500,51.9400,109.6800,-79.5300,0.904931,145.094751,"-0.08,0.30,-0.85,51.94,109.68,-79.53"
534,2026-07-27T13:20:18.665,21.491027,112.845400,-0.3100,0.4100,-0.6500,3.3000,101.2000,-48.8900,0.828674,112.439148,"-0.31,0.41,-0.65,3.30,101.20,-48.89"
535,2026-07-27T13:20:18.665,21.491296,0.269500,-0.4000,0.3900,-0.4500,-59.3300,62.1900,74.8900,0.717356,114.000689,"-0.40,0.39,-0.45,-59.33,62.19,74.89"
536,2026-07-27T13:20:18.666,21.491888,0.591600,-0.3800,0.2600,-0.4600,-86.4300,26.3100,133.0600,0.650846,160.833220,"-0.38,0.26,-0.46,-86.43,26.31,133.06"
537,2026-07-27T13:20:18.725,21.551205,59.316800,-0.3700,0.1200,-0.6000,-76.7800,8.0000,80.2600,0.715052,111.359041,"-0.37,0.12,-0.60,-76.78,8.00,80.26"
538,2026-07-27T13:20:18.725,21.551552,0.347200,-0.2800,-0.0000,-0.9000,-55.9100,-21.4200,42.3600,0.942550,73.342444,"-0.28,-0.00,-0.90,-55.91,-21.42,42.36"
539,2026-07-27T13:20:19.145,21.970753,419.201400,0.0800,-0.0700,-1.8900,-3.9700,-94.9700,124.8200,1.892987,156.891983,"0.08,-0.07,-1.89,-3.97,-94.97,124.82"
540,2026-07-27T13:20:19.145,21.971287,0.534200,0.4200,-0.6800,-2.5800,-7.3900,-154.2400,364.5600,2.700963,395.914869,"0.42,-0.68,-2.58,-7.39,-154.24,364.56"
541,2026-07-27T13:20:19.146,21.971898,0.611000,0.2200,-1.2500,-2.1200,-129.6400,-112.4300,536.8700,2.470891,563.627919,"0.22,-1.25,-2.12,-129.64,-112.43,536.87"
542,2026-07-27T13:20:19.264,22.090314,118.415100,-0.0700,-0.7600,-1.3100,-148.0700,-35.2200,263.1200,1.516113,303.969255,"-0.07,-0.76,-1.31,-148.07,-35.22,263.12"
543,2026-07-27T13:20:19.384,22.210049,119.735700,0.1000,0.1000,-0.6800,-6.8400,-13.7900,-163.2700,0.694550,163.994032,"0.10,0.10,-0.68,-6.84,-13.79,-163.27"
544,2026-07-27T13:20:19.385,22.210867,0.817700,0.3600,0.5800,-0.3400,81.1800,-26.4300,-236.8800,0.762627,251.795297,"0.36,0.58,-0.34,81.18,-26.43,-236.88"
545,2026-07-27T13:20:19.386,22.212161,1.294200,0.2400,0.5000,-0.3600,25.6300,-36.4400,-42.8500,0.661211,61.813372,"0.24,0.50,-0.36,25.63,-36.44,-42.85"
546,2026-07-27T13:20:19.387,22.212873,0.711900,-0.2300,0.1700,-0.6500,-82.5200,-39.9800,136.1700,0.710141,164.165221,"-0.23,0.17,-0.65,-82.52,-39.98,136.17"
547,2026-07-27T13:20:19.387,22.213374,0.501200,-0.5000,-0.0000,-0.8900,-114.9900,-45.8400,174.4400,1.020833,213.900255,"-0.50,-0.00,-0.89,-114.99,-45.84,174.44"
548,2026-07-27T13:20:19.387,22.213574,0.199600,-0.3000,0.0600,-0.8800,-58.2300,-46.4500,95.1500,0.931665,120.838148,"-0.30,0.06,-0.88,-58.23,-46.45,95.15"
549,2026-07-27T13:20:19.388,22.214344,0.770200,-0.0000,0.1800,-0.8200,12.8200,-3.5400,-50.5400,0.839524,52.260651,"-0.00,0.18,-0.82,12.82,-3.54,-50.54"
550,2026-07-27T13:20:19.389,22.215573,1.229200,0.1500,0.1300,-0.9100,-8.7300,16.4200,-27.8300,0.931397,33.471454,"0.15,0.13,-0.91,-8.73,16.42,-27.83"
551,2026-07-27T13:20:19.390,22.216547,0.974100,0.2600,-0.0000,-1.2000,-8.9100,23.8600,-0.3100,1.227844,25.471235,"0.26,-0.00,-1.20,-8.91,23.86,-0.31"
552,2026-07-27T13:20:19.391,22.217149,0.601200,0.3800,0.0200,-1.4500,18.3700,9.9500,13.5500,1.499100,24.901042,"0.38,0.02,-1.45,18.37,9.95,13.55"
553,2026-07-27T13:20:19.391,22.217706,0.557000,0.5200,0.1700,-1.3200,54.6900,-7.3900,44.0100,1.428881,70.586743,"0.52,0.17,-1.32,54.69,-7.39,44.01"
554,2026-07-27T13:20:19.392,22.218423,0.717500,0.6300,0.3500,-1.1800,80.1400,5.9200,34.6100,1.382679,87.494675,"0.63,0.35,-1.18,80.14,5.92,34.61"
555,2026-07-27T13:20:19.393,22.219202,0.779400,0.5200,0.4600,-1.2200,67.5000,45.7200,-13.4900,1.403709,82.635032,"0.52,0.46,-1.22,67.50,45.72,-13.49"
556,2026-07-27T13:20:19.565,22.390812,171.609400,0.3100,0.4200,-1.1500,28.9900,77.1500,-10.6200,1.262933,83.098297,"0.31,0.42,-1.15,28.99,77.15,-10.62"
557,2026-07-27T13:20:19.684,22.510280,119.468400,0.2000,0.2700,-1.0200,0.8500,83.5000,71.5900,1.073918,109.991366,"0.20,0.27,-1.02,0.85,83.50,71.59"
558,2026-07-27T13:20:19.685,22.511095,0.814700,0.1900,0.1700,-0.9400,-10.0100,76.6000,150.5700,0.973961,169.230863,"0.19,0.17,-0.94,-10.01,76.60,150.57"
559,2026-07-27T13:20:19.685,22.511581,0.486500,-0.0600,0.3700,-0.6300,-26.4900,65.9200,177.3100,0.733076,191.013095,"-0.06,0.37,-0.63,-26.49,65.92,177.31"
560,2026-07-27T13:20:19.686,22.512077,0.495100,-0.1900,0.4500,-0.5900,-48.1000,54.9300,168.4000,0.765963,183.546928,"-0.19,0.45,-0.59,-48.10,54.93,168.40"
561,2026-07-27T13:20:19.686,22.512595,0.518300,-0.2600,0.4300,-0.6400,-54.6900,46.2000,122.4400,0.813695,141.834374,"-0.26,0.43,-0.64,-54.69,46.20,122.44"
562,2026-07-27T13:20:19.687,22.513254,0.659200,-0.2900,0.3200,-0.7300,-54.3200,29.6600,44.6800,0.848175,76.332695,"-0.29,0.32,-0.73,-54.32,29.66,44.68"
563,2026-07-27T13:20:19.744,22.570610,57.355800,-0.1900,0.1400,-1.0200,-58.9600,-15.3200,6.0400,1.046948,61.216547,"-0.19,0.14,-1.02,-58.96,-15.32,6.04"
564,2026-07-27T13:20:19.805,22.631396,60.786300,0.1700,-0.0800,-1.6500,-61.2200,-95.7600,74.0400,1.660663,135.645817,"0.17,-0.08,-1.65,-61.22,-95.76,74.04"
565,2026-07-27T13:20:19.864,22.690343,58.946900,0.5000,-0.4900,-2.0700,-90.2700,-167.4800,274.9600,2.185177,334.366902,"0.50,-0.49,-2.07,-90.27,-167.48,274.96"
566,2026-07-27T13:20:19.864,22.690470,0.126900,0.3400,-0.7600,-1.8700,-132.7500,-157.9000,411.8700,2.046973,460.642887,"0.34,-0.76,-1.87,-132.75,-157.90,411.87"
567,2026-07-27T13:20:20.524,23.350467,659.997000,0.1200,-0.3800,-1.4100,-74.8900,-89.5400,158.8100,1.465230,197.095256,"0.12,-0.38,-1.41,-74.89,-89.54,158.81"
568,2026-07-27T13:20:20.525,23.350986,0.519200,0.2700,0.2400,-0.9100,44.0100,-41.6900,-216.9200,0.979081,225.231487,"0.27,0.24,-0.91,44.01,-41.69,-216.92"
569,2026-07-27T13:20:20.525,23.351081,0.094900,0.3600,0.5200,-0.5200,79.3500,-22.3400,-283.6900,0.818780,295.424295,"0.36,0.52,-0.52,79.35,-22.34,-283.69"
570,2026-07-27T13:20:20.526,23.352252,1.171300,0.2300,0.4700,-0.4400,22.8900,-13.7300,-137.2100,0.683667,139.782149,"0.23,0.47,-0.44,22.89,-13.73,-137.21"
571,2026-07-27T13:20:20.526,23.352709,0.457000,0.0400,0.2600,-0.5900,-57.0700,-8.7300,13.1200,0.645988,59.205846,"0.04,0.26,-0.59,-57.07,-8.73,13.12"
572,2026-07-27T13:20:20.527,23.353728,1.019100,-0.1500,-0.0000,-0.7700,-110.7800,-0.6700,104.0600,0.784474,151.990595,"-0.15,-0.00,-0.77,-110.78,-0.67,104.06"
573,2026-07-27T13:20:20.585,23.410838,57.109000,-0.2600,-0.1000,-0.8500,-101.7500,9.7700,118.6500,0.894483,156.608869,"-0.26,-0.10,-0.85,-101.75,9.77,118.65"
574,2026-07-27T13:20:20.585,23.411428,0.590400,-0.1200,0.0400,-0.8100,-29.7200,16.1700,31.6800,0.819817,46.350509,"-0.12,0.04,-0.81,-29.72,16.17,31.68"
575,2026-07-27T13:20:20.586,23.412211,0.783200,0.0900,0.2300,-1.0000,47.2400,15.6900,-82.0900,1.030049,96.002926,"0.09,0.23,-1.00,47.24,15.69,-82.09"
576,2026-07-27T13:20:20.587,23.413182,0.970900,0.1900,0.2900,-1.3900,79.1600,13.4300,-124.6900,1.432585,148.304641,"0.19,0.29,-1.39,79.16,13.43,-124.69"
577,2026-07-27T13:20:20.587,23.413660,0.478200,0.3300,0.2000,-1.3800,53.8300,0.6700,-64.5800,1.432934,84.075527,"0.33,0.20,-1.38,53.83,0.67,-64.58"
578,2026-07-27T13:20:20.588,23.413754,0.093700,0.5600,0.1400,-1.1400,21.6100,-28.3200,64.6400,1.277811,73.806125,"0.56,0.14,-1.14,21.61,-28.32,64.64"
579,2026-07-27T13:20:20.588,23.414067,0.313500,0.7100,0.1700,-1.0900,25.7000,-36.5600,152.6500,1.311907,159.057053,"0.71,0.17,-1.09,25.70,-36.56,152.65"
580,2026-07-27T13:20:20.824,23.650495,236.427900,0.6200,0.2400,-1.1000,54.9300,7.8700,111.3900,1.285302,124.446671,"0.62,0.24,-1.10,54.93,7.87,111.39"
581,2026-07-27T13:20:20.824,23.650739,0.243800,0.3800,0.2400,-1.0200,80.9300,72.9400,-26.9800,1.114630,112.240050,"0.38,0.24,-1.02,80.93,72.94,-26.98"
582,2026-07-27T13:20:20.825,23.651303,0.563500,0.2100,0.2500,-0.8600,73.9700,103.0900,-110.4100,0.919891,168.194759,"0.21,0.25,-0.86,73.97,103.09,-110.41"
583,2026-07-27T13:20:20.826,23.651941,0.638000,0.1300,0.2600,-0.7600,31.4300,89.1700,-26.8600,0.813695,98.288318,"0.13,0.26,-0.76,31.43,89.17,-26.86"
584,2026-07-27T13:20:20.827,23.652798,0.857700,0.0600,0.2200,-0.7600,-17.2100,66.5900,127.5600,0.793473,144.920550,"0.06,0.22,-0.76,-17.21,66.59,127.56"
585,2026-07-27T13:20:20.827,23.653742,0.943500,-0.0500,0.1700,-0.8100,-40.2200,61.7100,174.5000,0.829156,189.409668,"-0.05,0.17,-0.81,-40.22,61.71,174.50"
586,2026-07-27T13:20:20.828,23.654436,0.693900,-0.2000,0.2000,-0.8200,-39.4900,64.3300,80.9900,0.867410,110.712190,"-0.20,0.20,-0.82,-39.49,64.33,80.99"
587,2026-07-27T13:20:20.829,23.655382,0.946200,-0.4600,0.2700,-0.8800,-38.5100,48.9500,-83.1900,1.029029,103.921599,"-0.46,0.27,-0.88,-38.51,48.95,-83.19"
588,2026-07-27T13:20:20.830,23.656317,0.935500,-0.5200,0.1900,-1.1900,-54.7500,-2.0100,-189.2100,1.312479,196.982300,"-0.52,0.19,-1.19,-54.75,-2.01,-189.21"
589,2026-07-27T13:20:20.885,23.711324,55.006500,-0.0100,-0.0300,-1.7400,-51.0900,-97.6000,-59.5100,1.740287,125.209377,"-0.01,-0.03,-1.74,-51.09,-97.60,-59.51"
590,2026-07-27T13:20:20.886,23.711982,0.658200,0.5800,-0.2800,-1.9700,-44.8000,-193.3000,240.1100,2.072607,311.487949,"0.58,-0.28,-1.97,-44.80,-193.30,240.11"
591,2026-07-27T13:20:20.887,23.712803,0.820500,0.6900,-0.4700,-1.6300,-79.7700,-197.6900,358.6400,1.831366,417.213661,"0.69,-0.47,-1.63,-79.77,-197.69,358.64"
592,2026-07-27T13:20:20.887,23.713244,0.441300,0.4700,-0.2400,-1.1300,-48.1000,-106.6300,85.7500,1.247157,145.040096,"0.47,-0.24,-1.13,-48.10,-106.63,85.75"
593,2026-07-27T13:20:20.945,23.770758,57.514500,0.2900,0.2500,-0.6600,46.0200,-13.9200,-267.9400,0.763020,272.219489,"0.29,0.25,-0.66,46.02,-13.92,-267.94"
594,2026-07-27T13:20:21.126,23.952196,181.437400,0.2500,0.4500,-0.3700,72.5100,21.9100,-312.0100,0.633956,321.073182,"0.25,0.45,-0.37,72.51,21.91,-312.01"
595,2026-07-27T13:20:21.127,23.953212,1.015800,0.2600,0.3800,-0.4000,25.2100,19.8400,-120.0000,0.609918,124.214209,"0.26,0.38,-0.40,25.21,19.84,-120.00"
596,2026-07-27T13:20:21.128,23.954268,1.056300,0.0200,0.2300,-0.7300,-37.8400,21.3000,44.3700,0.765637,62.082626,"0.02,0.23,-0.73,-37.84,21.30,44.37"
597,2026-07-27T13:20:21.129,23.955004,0.736200,-0.2900,-0.1200,-1.0300,-62.9900,25.9400,74.2800,1.076754,100.787609,"-0.29,-0.12,-1.03,-62.99,25.94,74.28"
598,2026-07-27T13:20:21.129,23.955640,0.635500,-0.0600,-0.3500,-1.1900,-22.0900,1.3400,45.7200,1.241853,50.794509,"-0.06,-0.35,-1.19,-22.09,1.34,45.72"
599,2026-07-27T13:20:21.245,24.070879,115.239400,0.5100,-0.1000,-1.3300,68.1800,-33.6300,1.1000,1.427936,76.030910,"0.51,-0.10,-1.33,68.18,-33.63,1.10"
600,2026-07-27T13:20:21.245,24.071217,0.338500,0.8100,0.1900,-1.3000,123.1700,-41.7500,-31.8600,1.543438,133.899108,"0.81,0.19,-1.30,123.17,-41.75,-31.86"
601,2026-07-27T13:20:21.245,24.071479,0.261600,0.7600,0.3200,-1.2000,109.9200,-18.9800,-4.9400,1.456022,111.655947,"0.76,0.32,-1.20,109.92,-18.98,-4.94"
602,2026-07-27T13:20:21.305,24.130887,59.407600,0.4800,0.2800,-1.1600,75.3800,33.4500,16.4200,1.286235,84.087236,"0.48,0.28,-1.16,75.38,33.45,16.42"
603,2026-07-27T13:20:21.425,24.250917,120.029900,0.1700,0.1500,-1.0600,50.4800,90.0300,-25.9400,1.083974,106.426101,"0.17,0.15,-1.06,50.48,90.03,-25.94"
604,2026-07-27T13:20:21.426,24.251904,0.987400,-0.0300,0.1400,-0.9100,32.4100,114.2600,-67.9300,0.921195,136.821930,"-0.03,0.14,-0.91,32.41,114.26,-67.93"
605,2026-07-27T13:20:21.426,24.252646,0.741800,-0.1100,0.2600,-0.7400,0.6100,103.0900,-26.1800,0.792023,106.364057,"-0.11,0.26,-0.74,0.61,103.09,-26.18"
606,2026-07-27T13:20:21.485,24.310884,58.238100,-0.1000,0.3700,-0.6800,-26.1800,78.8000,67.0200,0.780577,106.707604,"-0.10,0.37,-0.68,-26.18,78.80,67.02"
607,2026-07-27T13:20:21.485,24.311688,0.804400,-0.0800,0.3500,-0.6900,-28.1400,60.6100,84.5900,0.777817,107.800277,"-0.08,0.35,-0.69,-28.14,60.61,84.59"
608,2026-07-27T13:20:21.605,24.431308,119.620100,-0.1600,0.2400,-0.8100,-19.0400,53.0400,-25.6300,0.859826,61.908482,"-0.16,0.24,-0.81,-19.04,53.04,-25.63"
609,2026-07-27T13:20:21.606,24.431869,0.560500,-0.2900,0.0700,-1.0800,-17.4000,36.9900,-156.9800,1.120446,162.215106,"-0.29,0.07,-1.08,-17.40,36.99,-156.98"
610,2026-07-27T13:20:21.785,24.611231,179.362300,-0.1000,-0.0100,-1.4800,-7.0800,-30.5200,-165.6500,1.483408,168.586830,"-0.10,-0.01,-1.48,-7.08,-30.52,-165.65"
611,2026-07-27T13:20:21.786,24.611763,0.531800,0.3500,0.1100,-1.8300,30.0900,-135.5000,-78.1200,1.866414,159.274582,"0.35,0.11,-1.83,30.09,-135.50,-78.12"
612,2026-07-27T13:20:21.787,24.612991,1.227600,0.6600,0.0700,-1.7900,21.7300,-194.0900,8.7900,1.909084,195.500346,"0.66,0.07,-1.79,21.73,-194.09,8.79"
613,2026-07-27T13:20:21.787,24.613119,0.128000,0.7200,-0.1300,-1.4300,-43.7600,-166.8700,24.1700,1.606300,174.197369,"0.72,-0.13,-1.43,-43.76,-166.87,24.17"
614,2026-07-27T13:20:21.787,24.613483,0.364600,0.5300,-0.0600,-0.9700,-56.3400,-88.5000,-106.4500,1.106978,149.459185,"0.53,-0.06,-0.97,-56.34,-88.50,-106.45"
615,2026-07-27T13:20:21.906,24.731841,118.357900,0.2600,0.1400,-0.6000,-21.3000,-22.2200,-240.6000,0.668730,242.560876,"0.26,0.14,-0.60,-21.30,-22.22,-240.60"
616,2026-07-27T13:20:21.906,24.732660,0.819200,0.1900,0.1300,-0.4900,-12.1500,-2.4400,-190.8600,0.541387,191.261903,"0.19,0.13,-0.49,-12.15,-2.44,-190.86"
617,2026-07-27T13:20:21.907,24.733047,0.386200,0.1900,-0.0100,-0.5400,-26.2500,-0.6700,-57.6800,0.572538,63.375814,"0.19,-0.01,-0.54,-26.25,-0.67,-57.68"
618,2026-07-27T13:20:21.965,24.790992,57.945500,-0.0000,-0.0700,-0.6800,-35.2800,14.1600,5.1300,0.683593,38.360147,"-0.00,-0.07,-0.68,-35.28,14.16,5.13"
619,2026-07-27T13:20:21.965,24.791250,0.257500,-0.4000,0.0200,-0.8100,-25.3900,34.5500,-12.3900,0.903604,44.630334,"-0.40,0.02,-0.81,-25.39,34.55,-12.39"
620,2026-07-27T13:20:22.024,24.850620,59.370900,-0.6600,0.2600,-0.8200,13.2400,38.5100,-123.4700,1.084251,130.012148,"-0.66,0.26,-0.82,13.24,38.51,-123.47"
621,2026-07-27T13:20:22.145,24.971163,120.542400,-0.2200,0.3800,-0.9500,92.6500,-40.3400,-162.6600,1.046566,191.493117,"-0.22,0.38,-0.95,92.65,-40.34,-162.66"
622,2026-07-27T13:20:22.146,24.971757,0.594500,0.6700,0.3900,-1.4100,75.5000,-56.8200,-26.7300,1.609068,98.200078,"0.67,0.39,-1.41,75.50,-56.82,-26.73"
623,2026-07-27T13:20:22.146,24.972377,0.619900,1.0800,0.4800,-1.6000,28.3800,-12.6300,-89.1700,1.989171,94.425792,"1.08,0.48,-1.60,28.38,-12.63,-89.17"
624,2026-07-27T13:20:22.324,25.150539,178.162300,0.8100,0.3800,-1.4300,-30.7000,51.2700,-145.3200,1.686831,157.127354,"0.81,0.38,-1.43,-30.70,51.27,-145.32"
625,2026-07-27T13:20:22.325,25.150832,0.292700,0.3800,0.1600,-1.3300,-77.8800,88.3800,-15.5000,1.392444,118.813168,"0.38,0.16,-1.33,-77.88,88.38,-15.50"
626,2026-07-27T13:20:22.325,25.151201,0.369300,0.1100,-0.0400,-1.2100,-75.1300,106.2000,91.6100,1.215648,159.107979,"0.11,-0.04,-1.21,-75.13,106.20,91.61"
627,2026-07-27T13:20:22.326,25.151967,0.765100,-0.0500,-0.1900,-0.9600,-9.9500,117.4300,39.3100,0.979898,124.233987,"-0.05,-0.19,-0.96,-9.95,117.43,39.31"
628,2026-07-27T13:20:22.327,25.153143,1.176000,-0.0800,-0.1100,-0.8000,71.5900,112.4300,-84.5300,0.811480,157.832043,"-0.08,-0.11,-0.80,71.59,112.43,-84.53"
629,2026-07-27T13:20:22.445,25.271048,117.905700,-0.0000,0.1000,-0.8600,102.9100,91.8600,-157.7100,0.865794,209.526065,"-0.00,0.10,-0.86,102.91,91.86,-157.71"
630,2026-07-27T13:20:22.446,25.271867,0.818900,0.0200,0.2100,-0.9100,97.2900,67.0200,-170.6500,0.934131,207.553480,"0.02,0.21,-0.91,97.29,67.02,-170.65"
631,2026-07-27T13:20:22.446,25.272555,0.687800,-0.0400,0.2800,-1.0200,93.0200,43.7000,-166.9900,1.058489,196.081795,"-0.04,0.28,-1.02,93.02,43.70,-166.99"
632,2026-07-27T13:20:22.505,25.330985,58.430100,-0.0700,0.2900,-0.9900,92.2900,24.1100,-175.6000,1.033973,199.835173,"-0.07,0.29,-0.99,92.29,24.11,-175.60"
633,2026-07-27T13:20:22.624,25.450736,119.751100,-0.1300,0.2800,-0.9700,90.3900,3.1100,-212.2800,1.017939,230.744063,"-0.13,0.28,-0.97,90.39,3.11,-212.28"
634,2026-07-27T13:20:22.744,25.570028,119.291800,-0.1700,0.2800,-1.0400,89.2900,-28.0800,-247.1900,1.090367,264.318154,"-0.17,0.28,-1.04,89.29,-28.08,-247.19"
635,2026-07-27T13:20:22.804,25.630637,60.608600,-0.0500,0.3200,-1.1500,82.7600,-74.6500,-181.4600,1.194738,212.954389,"-0.05,0.32,-1.15,82.76,-74.65,-181.46"
636,2026-07-27T13:20:22.805,25.631230,0.593000,0.2800,0.4400,-1.2800,67.3200,-126.7700,-16.9100,1.382172,144.528763,"0.28,0.44,-1.28,67.32,-126.77,-16.91"
637,2026-07-27T13:20:22.805,25.631738,0.508000,0.6500,0.5700,-1.3500,35.4000,-150.3900,70.0700,1.603091,169.647037,"0.65,0.57,-1.35,35.40,-150.39,70.07"
638,2026-07-27T13:20:22.806,25.632208,0.470600,0.8000,0.3000,-1.2200,-35.6400,-123.5400,-1.2800,1.489429,128.584523,"0.80,0.30,-1.22,-35.64,-123.54,-1.28"
639,2026-07-27T13:20:22.807,25.632979,0.770700,0.5600,-0.3100,-1.1000,-132.3900,-61.1600,-98.6300,1.272674,176.055487,"0.56,-0.31,-1.10,-132.39,-61.16,-98.63"
640,2026-07-27T13:20:22.808,25.634072,1.092700,0.2500,-0.3700,-1.0100,-131.8400,3.7200,-165.9500,1.104310,211.978835,"0.25,-0.37,-1.01,-131.84,3.72,-165.95"
641,2026-07-27T13:20:22.865,25.691191,57.119000,0.2000,0.0200,-0.8700,-34.9100,37.9600,-210.5700,0.892917,216.793438,"0.20,0.02,-0.87,-34.91,37.96,-210.57"
642,2026-07-27T13:20:22.984,25.810160,118.969000,0.1600,0.0700,-0.8600,6.7700,44.0100,-153.2600,0.877553,159.597433,"0.16,0.07,-0.86,6.77,44.01,-153.26"
643,2026-07-27T13:20:22.984,25.810381,0.221700,-0.0100,0.0200,-0.9200,-1.3400,46.2000,-59.5700,0.920272,75.397749,"-0.01,0.02,-0.92,-1.34,46.20,-59.57"
644,2026-07-27T13:20:22.985,25.811147,0.765300,-0.0600,0.1100,-0.8600,12.6300,43.0900,-42.0500,0.869080,61.518026,"-0.06,0.11,-0.86,12.63,43.09,-42.05"
645,2026-07-27T13:20:23.048,25.874229,63.082200,0.0800,0.1300,-0.7500,36.1900,26.3700,-67.3200,0.765376,80.852182,"0.08,0.13,-0.75,36.19,26.37,-67.32"
646,2026-07-27T13:20:23.344,26.170139,295.910600,0.2800,0.0400,-0.7600,39.3100,7.4500,-70.3100,0.810925,80.896692,"0.28,0.04,-0.76,39.31,7.45,-70.31"
647,2026-07-27T13:20:23.404,26.230521,60.381700,0.4600,0.0100,-1.0100,33.1400,0.1200,-14.4000,1.109865,36.133558,"0.46,0.01,-1.01,33.14,0.12,-14.40"
648,2026-07-27T13:20:23.468,26.293784,63.262800,0.5300,0.0600,-1.3200,40.8900,4.2100,58.7200,1.423692,71.678132,"0.53,0.06,-1.32,40.89,4.21,58.72"
649,2026-07-27T13:20:23.468,26.294417,0.632700,0.4600,0.1300,-1.3800,58.9600,23.1300,77.6400,1.460445,100.196048,"0.46,0.13,-1.38,58.96,23.13,77.64"
650,2026-07-27T13:20:23.468,26.294685,0.268700,0.2900,0.2200,-1.3700,81.3600,57.1300,20.6300,1.417533,101.532672,"0.29,0.22,-1.37,81.36,57.13,20.63"
651,2026-07-27T13:20:23.469,26.295085,0.399700,0.0600,0.3400,-1.3100,83.8000,86.8500,-58.5900,1.354732,134.157186,"0.06,0.34,-1.31,83.80,86.85,-58.59"
652,2026-07-27T13:20:23.469,26.295291,0.206400,-0.1300,0.3500,-1.0800,44.9800,91.4900,-72.1400,1.142716,124.891153,"-0.13,0.35,-1.08,44.98,91.49,-72.14"
653,2026-07-27T13:20:23.469,26.295483,0.191800,-0.1800,0.1900,-0.8900,6.5300,78.6100,-83.0700,0.927685,114.554781,"-0.18,0.19,-0.89,6.53,78.61,-83.07"
654,2026-07-27T13:20:23.470,26.295882,0.399200,-0.2300,-0.0500,-0.7800,-15.2000,67.6900,-152.2200,0.814739,167.283904,"-0.23,-0.05,-0.78,-15.20,67.69,-152.22"
655,2026-07-27T13:20:23.470,26.296079,0.197100,-0.3000,-0.1900,-0.5800,-23.2500,39.0600,-137.4500,0.680074,144.771367,"-0.30,-0.19,-0.58,-23.25,39.06,-137.45"
656,2026-07-27T13:20:23.470,26.296342,0.262000,-0.3200,-0.0300,-0.3600,18.3700,-24.7200,-59.3900,0.482597,66.900728,"-0.32,-0.03,-0.36,18.37,-24.72,-59.39"
657,2026-07-27T13:20:23.525,26.351104,54.762800,-0.1800,0.4200,-0.9600,149.0500,-94.2400,-105.2900,1.063203,205.385161,"-0.18,0.42,-0.96,149.05,-94.24,-105.29"
658,2026-07-27T13:20:23.525,26.351234,0.129900,0.1600,0.9900,-2.1600,311.4000,-145.8700,-228.4500,2.381449,412.840671,"0.16,0.99,-2.16,311.40,-145.87,-228.45"
659,2026-07-27T13:20:23.705,26.531373,180.138300,0.5800,1.2000,-2.4000,285.7700,-168.5800,-259.9500,2.745250,421.494617,"0.58,1.20,-2.40,285.77,-168.58,-259.95"
660,2026-07-27T13:20:23.706,26.532091,0.718800,0.6700,0.5800,-2.0100,60.4200,-160.8900,-174.7400,2.196679,245.092301,"0.67,0.58,-2.01,60.42,-160.89,-174.74"
661,2026-07-27T13:20:23.707,26.532794,0.702900,0.4200,-0.1400,-1.8300,-161.0100,-133.5400,-62.6200,1.882790,218.353878,"0.42,-0.14,-1.83,-161.01,-133.54,-62.62"
662,2026-07-27T13:20:23.707,26.533370,0.576000,0.5000,0.0700,-1.4000,-152.4000,-106.8100,-99.4900,1.488254,211.027003,"0.50,0.07,-1.40,-152.40,-106.81,-99.49"
663,2026-07-27T13:20:23.825,26.651207,117.836700,0.7200,0.2100,-0.6200,-32.1700,-84.6600,-213.9900,0.973088,232.365971,"0.72,0.21,-0.62,-32.17,-84.66,-213.99"
664,2026-07-27T13:20:23.826,26.651907,0.700300,0.5500,0.0500,-0.0000,-54.2600,-51.4500,-178.1600,0.552268,193.215516,"0.55,0.05,-0.00,-54.26,-51.45,-178.16"
665,2026-07-27T13:20:23.826,26.652651,0.743700,0.3600,-0.1200,0.2800,-136.4700,-21.4200,-35.1000,0.471593,142.530303,"0.36,-0.12,0.28,-136.47,-21.42,-35.10"
666,2026-07-27T13:20:24.005,26.831185,178.534600,0.3000,-0.2700,0.0400,-180.3000,-8.5400,74.3400,0.405586,195.211314,"0.30,-0.27,0.04,-180.30,-8.54,74.34"
667,2026-07-27T13:20:24.006,26.831839,0.653100,0.2300,-0.1200,-0.9700,-111.9400,-3.6600,41.9300,1.004092,119.591321,"0.23,-0.12,-0.97,-111.94,-3.66,41.93"
668,2026-07-27T13:20:24.006,26.832568,0.729700,0.1000,-0.3600,-1.9900,-20.2600,-32.3500,-4.7000,2.024772,38.458810,"0.10,-0.36,-1.99,-20.26,-32.35,-4.70"
669,2026-07-27T13:20:24.007,26.833369,0.801100,0.4500,-0.2600,-1.7500,28.5000,-93.8700,68.9700,1.825541,119.919506,"0.45,-0.26,-1.75,28.50,-93.87,68.97"
670,2026-07-27T13:20:24.007,26.833477,0.108000,0.7600,0.6000,-1.2700,107.5400,-104.7400,109.3100,1.597028,185.698668,"0.76,0.60,-1.27,107.54,-104.74,109.31"
671,2026-07-27T13:20:24.184,27.010611,177.133600,0.1100,0.6400,-1.3100,67.1400,-46.7500,95.2100,1.462122,125.532013,"0.11,0.64,-1.31,67.14,-46.75,95.21"
672,2026-07-27T13:20:24.185,27.011686,1.075300,-0.2900,0.0700,-1.2200,-70.1300,8.9100,130.1900,1.255946,148.145338,"-0.29,0.07,-1.22,-70.13,8.91,130.19"
673,2026-07-27T13:20:24.186,27.012493,0.806700,0.2000,-0.1200,-1.2200,-61.2200,27.7700,106.0200,1.242095,125.536057,"0.20,-0.12,-1.22,-61.22,27.77,106.02"
674,2026-07-27T13:20:24.187,27.012986,0.493400,0.6800,-0.0600,-1.3200,26.7900,32.7100,64.0900,1.486069,76.780051,"0.68,-0.06,-1.32,26.79,32.71,64.09"
675,2026-07-27T13:20:24.365,27.191302,178.316100,0.6300,0.1400,-1.3100,60.1200,53.6500,126.5900,1.460342,150.059205,"0.63,0.14,-1.31,60.12,53.65,126.59"
676,2026-07-27T13:20:24.366,27.191948,0.646000,0.2200,0.3100,-0.9800,53.1600,88.8100,186.7700,1.051142,213.532748,"0.22,0.31,-0.98,53.16,88.81,186.77"
677,2026-07-27T13:20:24.366,27.192452,0.503900,-0.1700,0.3900,-0.5100,39.1800,129.3900,156.5600,0.664154,206.852310,"-0.17,0.39,-0.51,39.18,129.39,156.56"
678,2026-07-27T13:20:24.367,27.193414,0.961700,-0.3300,0.4600,-0.3300,12.1500,166.6300,74.2200,0.655286,182.816268,"-0.33,0.46,-0.33,12.15,166.63,74.22"
679,2026-07-27T13:20:24.368,27.193992,0.577500,-0.3700,0.4800,-0.5100,-29.9700,153.5000,57.0700,0.792086,166.485542,"-0.37,0.48,-0.51,-29.97,153.50,57.07"
680,2026-07-27T13:20:24.484,27.310630,116.638600,-0.4400,0.4400,-0.6100,-55.7900,79.1600,96.3100,0.871378,136.581279,"-0.44,0.44,-0.61,-55.79,79.16,96.31"
681,2026-07-27T13:20:24.485,27.311554,0.923900,-0.6000,0.3700,-0.3400,-63.7200,23.1900,38.8200,0.782624,78.134544,"-0.60,0.37,-0.34,-63.72,23.19,38.82"
682,2026-07-27T13:20:24.486,27.312356,0.802200,-0.6700,0.1800,-0.2900,-72.3900,11.2900,-125.1200,0.751931,144.992381,"-0.67,0.18,-0.29,-72.39,11.29,-125.12"
683,2026-07-27T13:20:24.605,27.430756,118.399700,-0.2000,0.1100,-1.5700,-2.1400,-51.9400,-219.3600,1.586506,225.435474,"-0.20,0.11,-1.57,-2.14,-51.94,-219.36"
684,2026-07-27T13:20:24.605,27.431448,0.692500,0.6300,-0.1300,-2.8500,77.5100,-206.6000,-50.4800,2.921695,226.361637,"0.63,-0.13,-2.85,77.51,-206.60,-50.48"
685,2026-07-27T13:20:24.606,27.432109,0.660800,1.0900,-0.5200,-2.6000,-51.5100,-285.4000,232.5400,2.866793,371.727443,"1.09,-0.52,-2.60,-51.51,-285.40,232.54"
686,2026-07-27T13:20:24.784,27.610636,178.527000,0.7600,-0.2500,-1.8000,-154.7900,-180.2400,172.9700,1.969797,293.879265,"0.76,-0.25,-1.80,-154.79,-180.24,172.97"
687,2026-07-27T13:20:24.785,27.611436,0.799300,0.3100,0.2700,-1.0300,-83.6800,-39.6700,-88.5600,1.109009,128.136353,"0.31,0.27,-1.03,-83.68,-39.67,-88.56"
688,2026-07-27T13:20:24.786,27.612215,0.779900,0.2200,0.1900,-0.3900,-26.9200,30.7000,-123.1700,0.486415,129.761417,"0.22,0.19,-0.39,-26.92,30.70,-123.17"
689,2026-07-27T13:20:24.786,27.612409,0.193100,0.1700,-0.1000,-0.0200,18.5500,70.0100,-22.2200,0.198242,75.757712,"0.17,-0.10,-0.02,18.55,70.01,-22.22"
690,2026-07-27T13:20:24.905,27.731002,118.593600,0.0000,-0.0800,0.0700,35.1600,108.4000,17.0300,0.106301,115.225025,"0.00,-0.08,0.07,35.16,108.40,17.03"
691,2026-07-27T13:20:24.905,27.731581,0.578700,-0.2000,0.1000,-0.1500,28.4400,124.7600,-8.9700,0.269258,128.274519,"-0.20,0.10,-0.15,28.44,124.76,-8.97"
692,2026-07-27T13:20:24.906,27.732141,0.559800,-0.2800,0.2400,-0.5900,55.9100,100.4000,-89.1700,0.695773,145.455756,"-0.28,0.24,-0.59,55.91,100.40,-89.17"
693,2026-07-27T13:20:25.025,27.850891,118.750700,-0.0500,0.3200,-1.4200,108.6400,36.6800,-176.8800,1.456468,210.795176,"-0.05,0.32,-1.42,108.64,36.68,-176.88"
694,2026-07-27T13:20:25.025,27.851453,0.561700,0.4100,0.3600,-1.9400,144.9600,-54.2000,-130.6800,2.015267,202.554447,"0.41,0.36,-1.94,144.96,-54.20,-130.68"
695,2026-07-27T13:20:25.026,27.852605,1.151600,0.8000,0.3000,-1.8400,-24.2300,-115.9100,236.8800,2.028694,264.828917,"0.80,0.30,-1.84,-24.23,-115.91,236.88"
696,2026-07-27T13:20:25.145,27.971014,118.408800,0.9500,0.1800,-1.5100,-102.7200,-64.9400,303.0400,1.793042,326.499378,"0.95,0.18,-1.51,-102.72,-64.94,303.04"
697,2026-07-27T13:20:25.145,27.971605,0.591900,0.8600,0.0200,-0.9100,-73.6100,10.5000,240.9100,1.252238,252.123601,"0.86,0.02,-0.91,-73.61,10.50,240.91"
698,2026-07-27T13:20:25.146,27.972269,0.663300,0.5900,-0.0700,-0.5700,49.5600,96.6200,47.0600,0.823347,118.348053,"0.59,-0.07,-0.57,49.56,96.62,47.06"
699,2026-07-27T13:20:25.265,28.091556,119.287300,0.2700,0.0100,-0.5800,133.1800,159.5500,-149.2300,0.639844,255.856811,"0.27,0.01,-0.58,133.18,159.55,-149.23"
700,2026-07-27T13:20:25.266,28.092310,0.754300,0.0300,0.1600,-0.7000,127.5000,169.8600,-227.9100,0.718679,311.531118,"0.03,0.16,-0.70,127.50,169.86,-227.91"
701,2026-07-27T13:20:25.266,28.092603,0.292800,-0.1600,0.2900,-0.9200,87.2200,141.7200,-218.2000,0.977804,274.414152,"-0.16,0.29,-0.92,87.22,141.72,-218.20"
702,2026-07-27T13:20:25.325,28.151414,58.811300,-0.3700,0.3900,-1.2100,27.2800,104.6100,-204.4100,1.324047,231.237753,"-0.37,0.39,-1.21,27.28,104.61,-204.41"
703,2026-07-27T13:20:25.326,28.152221,0.806400,-0.6200,0.2500,-1.2900,-54.6300,43.3300,-145.6900,1.452928,161.516259,"-0.62,0.25,-1.29,-54.63,43.33,-145.69"
704,2026-07-27T13:20:25.385,28.210769,58.548100,-0.6600,-0.1200,-0.9400,-69.7600,-70.1300,64.8800,1.154816,118.296614,"-0.66,-0.12,-0.94,-69.76,-70.13,64.88"
705,2026-07-27T13:20:25.446,28.271809,61.040500,0.0900,0.0600,-1.2700,56.2700,-202.2700,199.8900,1.274598,289.888734,"0.09,0.06,-1.27,56.27,-202.27,199.89"
706,2026-07-27T13:20:25.446,28.271932,0.122200,0.6100,0.5800,-2.1900,217.7100,-268.9200,68.4200,2.346188,352.699457,"0.61,0.58,-2.19,217.71,-268.92,68.42"
707,2026-07-27T13:20:25.566,28.392081,120.149300,0.9700,0.9300,-2.0500,222.4100,-216.5500,-117.3100,2.451183,331.845968,"0.97,0.93,-2.05,222.41,-216.55,-117.31"
708,2026-07-27T13:20:25.566,28.392733,0.652000,0.9300,0.7400,-1.3200,55.2400,-105.4700,-190.1200,1.776204,224.323411,"0.93,0.74,-1.32,55.24,-105.47,-190.12"
709,2026-07-27T13:20:25.567,28.393387,0.654400,0.5900,-0.0400,-0.9900,-149.1100,-11.6600,-143.0100,1.153170,206.933825,"0.59,-0.04,-0.99,-149.11,-11.66,-143.01"
710,2026-07-27T13:20:25.624,28.450480,57.092600,0.2400,-0.5700,-0.8600,-221.5000,55.2400,-60.9100,1.059292,236.270471,"0.24,-0.57,-0.86,-221.50,55.24,-60.91"
711,2026-07-27T13:20:25.865,28.691242,240.762300,0.1100,-0.3400,-0.7400,-105.6500,95.7000,-104.2500,0.821766,176.602591,"0.11,-0.34,-0.74,-105.65,95.70,-104.25"
712,2026-07-27T13:20:25.866,28.692393,1.151100,0.0200,0.0700,-0.6300,14.4700,108.7600,-199.3400,0.634192,227.540225,"0.02,0.07,-0.63,14.47,108.76,-199.34"
713,2026-07-27T13:20:25.867,28.693290,0.896900,-0.0800,0.2500,-0.5900,30.8800,87.4600,-156.1300,0.645755,181.602321,"-0.08,0.25,-0.59,30.88,87.46,-156.13"
714,2026-07-27T13:20:25.868,28.693767,0.477300,-0.0400,0.2500,-0.5400,19.7100,34.9700,-61.5800,0.596406,73.508376,"-0.04,0.25,-0.54,19.71,34.97,-61.58"
715,2026-07-27T13:20:25.868,28.693877,0.109900,0.0800,0.2300,-0.6100,39.3100,-11.0500,-63.4800,0.656810,75.479063,"0.08,0.23,-0.61,39.31,-11.05,-63.48"
716,2026-07-27T13:20:25.868,28.694622,0.744800,0.2300,0.2800,-1.1700,89.4200,-25.7600,-160.2800,1.224827,185.335351,"0.23,0.28,-1.17,89.42,-25.76,-160.28"
717,2026-07-27T13:20:25.925,28.750769,56.147300,0.4200,0.2900,-1.6100,108.7000,-27.7100,-203.4900,1.688964,232.361172,"0.42,0.29,-1.61,108.70,-27.71,-203.49"
718,2026-07-27T13:20:25.925,28.751235,0.466000,0.6000,0.2400,-1.4500,59.8100,-37.9000,-76.3500,1.587482,104.129576,"0.60,0.24,-1.45,59.81,-37.90,-76.35"
719,2026-07-27T13:20:25.985,28.811016,59.780500,0.6900,0.2000,-1.2600,4.5800,-40.8900,97.6000,1.450414,105.918499,"0.69,0.20,-1.26,4.58,-40.89,97.60"
720,2026-07-27T13:20:26.045,28.871192,60.176500,0.5800,0.1400,-1.1200,-30.3300,-11.6600,170.9000,1.269015,173.961704,"0.58,0.14,-1.12,-30.33,-11.66,170.90"
721,2026-07-27T13:20:26.045,28.871714,0.521700,0.3700,0.0800,-0.9300,-44.2500,40.7700,131.8400,1.004092,144.920809,"0.37,0.08,-0.93,-44.25,40.77,131.84"
722,2026-07-27T13:20:26.105,28.931128,59.414000,0.1400,0.0500,-0.8300,-18.0700,96.3100,22.8900,0.843208,100.628490,"0.14,0.05,-0.83,-18.07,96.31,22.89"
723,2026-07-27T13:20:26.166,28.992156,61.027700,-0.1200,0.0200,-0.8200,28.0200,142.2700,-104.3700,0.828975,178.658809,"-0.12,0.02,-0.82,28.02,142.27,-104.37"
724,2026-07-27T13:20:26.167,28.993203,1.047100,-0.3700,0.1000,-0.8300,69.5200,156.1300,-204.4700,0.914221,266.491254,"-0.37,0.10,-0.83,69.52,156.13,-204.47"
725,2026-07-27T13:20:26.285,29.111267,118.063800,-0.5000,0.2400,-0.8100,84.0500,129.9400,-251.1600,0.981682,295.008732,"-0.50,0.24,-0.81,84.05,129.94,-251.16"
726,2026-07-27T13:20:26.286,29.111828,0.561100,-0.4300,0.1900,-0.7500,64.2100,66.4700,-225.2800,0.885155,243.500028,"-0.43,0.19,-0.75,64.21,66.47,-225.28"
727,2026-07-27T13:20:26.286,29.112741,0.913000,-0.1200,0.1200,-0.9800,62.5600,-39.6700,-132.3200,0.994585,151.644469,"-0.12,0.12,-0.98,62.56,-39.67,-132.32"
728,2026-07-27T13:20:26.345,29.171005,58.263600,0.3700,0.2800,-1.7300,132.5100,-156.4300,-64.0300,1.791145,214.776828,"0.37,0.28,-1.73,132.51,-156.43,-64.03"
729,2026-07-27T13:20:26.465,29.291271,120.266900,0.7900,0.6600,-2.1400,182.3100,-211.6700,-52.1200,2.374721,284.178851,"0.79,0.66,-2.14,182.31,-211.67,-52.12"
730,2026-07-27T13:20:26.465,29.291709,0.437100,0.9600,0.8400,-1.6300,103.8800,-171.0200,-96.1900,2.069807,222.016691,"0.96,0.84,-1.63,103.88,-171.02,-96.19"
731,2026-07-27T13:20:26.466,29.292161,0.452800,0.8300,0.5200,-1.0100,-27.1000,-91.1900,-172.1800,1.406912,196.712934,"0.83,0.52,-1.01,-27.10,-91.19,-172.18"
732,2026-07-27T13:20:26.525,29.350804,58.642600,0.5400,-0.1500,-0.7600,-143.1900,-34.3000,-145.0800,0.944299,206.707698,"0.54,-0.15,-0.76,-143.19,-34.30,-145.08"
733,2026-07-27T13:20:26.525,29.351423,0.618700,0.3400,-0.4500,-0.6800,-165.7700,6.7100,-87.4000,0.883459,187.519271,"0.34,-0.45,-0.68,-165.77,6.71,-87.40"
734,2026-07-27T13:20:26.585,29.411234,59.811300,0.2300,-0.2500,-0.6900,-73.0600,41.8100,-118.3500,0.769090,145.232786,"0.23,-0.25,-0.69,-73.06,41.81,-118.35"
735,2026-07-27T13:20:26.705,29.531022,119.787700,0.0200,-0.0400,-0.7900,1.6500,60.7900,-130.8000,0.791265,144.245577,"0.02,-0.04,-0.79,1.65,60.79,-130.80"
736,2026-07-27T13:20:26.824,29.650292,119.270400,-0.1300,0.1800,-0.8700,23.9900,55.8500,-97.7800,0.897886,115.133275,"-0.13,0.18,-0.87,23.99,55.85,-97.78"
737,2026-07-27T13:20:26.825,29.651029,0.737300,-0.0200,0.2700,-0.7600,30.9400,25.5700,-79.0400,0.806784,88.647787,"-0.02,0.27,-0.76,30.94,25.57,-79.04"
738,2026-07-27T13:20:26.826,29.651854,0.825000,0.1900,0.2100,-0.5700,33.5700,-9.7700,-74.5200,0.636475,82.314204,"0.19,0.21,-0.57,33.57,-9.77,-74.52"
739,2026-07-27T13:20:26.884,29.710713,58.858600,0.3500,0.1600,-0.9400,49.4400,-21.0000,-79.7700,1.015726,96.169468,"0.35,0.16,-0.94,49.44,-21.00,-79.77"
740,2026-07-27T13:20:26.885,29.711429,0.715800,0.4700,0.1800,-1.5900,82.0900,-8.0000,-94.4200,1.667753,125.371067,"0.47,0.18,-1.59,82.09,-8.00,-94.42"
741,2026-07-27T13:20:26.886,29.712001,0.572400,0.5100,0.1900,-1.5100,60.7300,13.7900,-85.6300,1.605086,105.881037,"0.51,0.19,-1.51,60.73,13.79,-85.63"
742,2026-07-27T13:20:26.886,29.712249,0.248400,0.5100,0.2100,-1.1200,15.8700,29.4200,-45.7200,1.248439,56.636664,"0.51,0.21,-1.12,15.87,29.42,-45.72"
743,2026-07-27T13:20:26.948,29.774332,62.083000,0.5000,0.2900,-0.9800,16.6600,35.7700,-13.0000,1.137761,41.545740,"0.50,0.29,-0.98,16.66,35.77,-13.00"
744,2026-07-27T13:20:27.065,29.891054,116.721300,0.4400,0.2700,-0.8600,4.2700,43.3300,10.0700,1.003045,44.689224,"0.44,0.27,-0.86,4.27,43.33,10.07"
745,2026-07-27T13:20:27.066,29.891831,0.777300,0.3400,0.1500,-0.7900,-32.8400,57.6200,20.1400,0.873041,69.311973,"0.34,0.15,-0.79,-32.84,57.62,20.14"
746,2026-07-27T13:20:27.066,29.892432,0.600700,0.1600,-0.0400,-0.8400,-60.6700,76.1700,24.1700,0.856037,100.333976,"0.16,-0.04,-0.84,-60.67,76.17,24.17"
747,2026-07-27T13:20:27.185,30.011228,118.796500,-0.0500,-0.1300,-0.9400,-55.5400,86.3000,55.9100,0.950263,116.868771,"-0.05,-0.13,-0.94,-55.54,86.30,55.91"
748,2026-07-27T13:20:27.244,30.070535,59.306400,-0.2300,0.0500,-1.0200,2.8700,87.9500,39.3700,1.046805,96.402470,"-0.23,0.05,-1.02,2.87,87.95,39.37"
749,2026-07-27T13:20:27.245,30.071141,0.606400,-0.3700,0.2200,-1.0500,59.2000,85.8800,-93.9300,1.134813,140.366874,"-0.37,0.22,-1.05,59.20,85.88,-93.93"
750,2026-07-27T13:20:27.364,30.190329,119.187900,-0.4000,0.1300,-0.9900,57.1300,57.9800,-184.6900,1.075639,201.831398,"-0.40,0.13,-0.99,57.13,57.98,-184.69"
751,2026-07-27T13:20:27.365,30.191017,0.687500,-0.1800,0.0300,-1.0500,46.5700,-15.2000,-121.0900,1.065739,130.623861,"-0.18,0.03,-1.05,46.57,-15.20,-121.09"
752,2026-07-27T13:20:27.365,30.191440,0.423400,0.2000,0.1400,-1.3300,80.8700,-105.0400,-57.9200,1.352220,144.665424,"0.20,0.14,-1.33,80.87,-105.04,-57.92"
753,2026-07-27T13:20:27.366,30.192314,0.874200,0.5300,0.5800,-1.6700,137.7600,-158.9400,-88.5600,1.845589,228.216158,"0.53,0.58,-1.67,137.76,-158.94,-88.56"
754,2026-07-27T13:20:27.604,30.430445,238.131200,0.7200,0.9600,-1.7200,144.0400,-148.5600,-126.6500,2.097236,242.606302,"0.72,0.96,-1.72,144.04,-148.56,-126.65"
755,2026-07-27T13:20:27.605,30.431013,0.568000,0.7300,0.5900,-1.3000,42.4200,-104.9200,-125.7900,1.603434,169.206344,"0.73,0.59,-1.30,42.42,-104.92,-125.79"
756,2026-07-27T13:20:27.605,30.431530,0.516600,0.5900,-0.1600,-0.8700,-112.6700,-74.3400,-60.4900,1.063297,147.918912,"0.59,-0.16,-0.87,-112.67,-74.34,-60.49"
757,2026-07-27T13:20:27.606,30.432213,0.683500,0.4000,-0.3200,-0.6300,-156.6200,-45.9600,-19.9600,0.811973,164.440103,"0.40,-0.32,-0.63,-156.62,-45.96,-19.96"
758,2026-07-27T13:20:27.607,30.433179,0.965600,0.3300,-0.1700,-0.5400,-86.3600,-8.1200,-52.5500,0.655286,101.417388,"0.33,-0.17,-0.54,-86.36,-8.12,-52.55"
759,2026-07-27T13:20:27.608,30.433825,0.645600,0.1100,-0.1300,-0.6300,-33.4500,26.3700,-47.0600,0.652610,63.473798,"0.11,-0.13,-0.63,-33.45,26.37,-47.06"
760,2026-07-27T13:20:27.664,30.490728,56.903800,-0.2100,0.0700,-0.8100,-3.4800,42.9700,-33.8100,0.839702,54.787292,"-0.21,0.07,-0.81,-3.48,42.97,-33.81"
761,2026-07-27T13:20:27.670,30.496525,5.797100,-0.1800,0.2700,-0.8200,32.2900,24.1700,-59.8100,0.881873,72.139234,"-0.18,0.27,-0.82,32.29,24.17,-59.81"
762,2026-07-27T13:20:27.725,30.550873,54.347400,0.0000,0.4200,-0.7300,63.3500,-5.0700,-113.2200,0.842200,129.837190,"0.00,0.42,-0.73,63.35,-5.07,-113.22"
763,2026-07-27T13:20:27.725,30.551318,0.444800,0.0900,0.4700,-1.2200,75.0700,-9.4000,-200.2600,1.310496,214.074596,"0.09,0.47,-1.22,75.07,-9.40,-200.26"
764,2026-07-27T13:20:27.965,30.790964,239.646200,0.3400,0.2100,-1.9000,40.9500,-28.1400,-161.4400,1.941572,168.913101,"0.34,0.21,-1.90,40.95,-28.14,-161.44"
765,2026-07-27T13:20:27.965,30.791562,0.598400,0.6600,-0.1000,-1.4500,-49.1300,-87.1600,69.5800,1.596277,121.868777,"0.66,-0.10,-1.45,-49.13,-87.16,69.58"
766,2026-07-27T13:20:27.966,30.792473,0.910800,0.8100,-0.0600,-0.8800,55.6600,-61.4000,136.5400,1.197539,159.722156,"0.81,-0.06,-0.88,55.66,-61.40,136.54"
767,2026-07-27T13:20:27.966,30.792734,0.260500,0.7200,0.1100,-1.0000,86.8500,53.6500,22.6400,1.237134,104.564882,"0.72,0.11,-1.00,86.85,53.65,22.64"
768,2026-07-27T13:20:27.967,30.793358,0.624700,0.4200,0.1500,-0.8600,40.2200,134.7000,-100.6500,0.968762,172.893496,"0.42,0.15,-0.86,40.22,134.70,-100.65"
769,2026-07-27T13:20:27.968,30.794193,0.834300,0.0900,0.0600,-0.7200,-4.4600,148.9300,-172.4200,0.728080,227.878680,"0.09,0.06,-0.72,-4.46,148.93,-172.42"
770,2026-07-27T13:20:28.085,30.911306,117.113100,-0.0800,-0.0300,-0.8600,-34.0000,115.6600,-106.5100,0.864234,160.865210,"-0.08,-0.03,-0.86,-34.00,115.66,-106.51"
771,2026-07-27T13:20:28.086,30.912362,1.056500,-0.1000,0.0600,-1.0200,-30.8800,75.0700,8.7300,1.026645,81.641241,"-0.10,0.06,-1.02,-30.88,75.07,8.73"
772,2026-07-27T13:20:28.087,30.913009,0.646400,-0.1700,0.2100,-1.0900,-9.2200,47.2400,44.3700,1.122987,65.462378,"-0.17,0.21,-1.09,-9.22,47.24,44.37"
773,2026-07-27T13:20:28.144,30.970649,57.640500,-0.2000,0.3400,-1.0900,12.7600,23.5600,8.9700,1.159181,28.255125,"-0.20,0.34,-1.09,12.76,23.56,8.97"
774,2026-07-27T13:20:28.226,31.052092,81.442800,-0.0900,0.4000,-1.0700,28.0800,3.1700,-49.0700,1.145862,56.625085,"-0.09,0.40,-1.07,28.08,3.17,-49.07"
775,2026-07-27T13:20:28.227,31.052940,0.848400,-0.0500,0.3200,-1.1000,41.6300,-10.5000,-105.2200,1.146691,113.642225,"-0.05,0.32,-1.10,41.63,-10.50,-105.22"
776,2026-07-27T13:20:28.446,31.272265,219.324300,-0.1300,0.1800,-1.1900,57.9200,-22.8900,-144.5300,1.210537,157.377252,"-0.13,0.18,-1.19,57.92,-22.89,-144.53"
777,2026-07-27T13:20:28.446,31.272519,0.254100,0.0000,0.1800,-1.1800,72.8800,-47.0000,-166.9300,1.193650,188.111986,"0.00,0.18,-1.18,72.88,-47.00,-166.93"
778,2026-07-27T13:20:28.447,31.273195,0.676300,0.2900,0.3900,-1.2700,82.7600,-86.7900,-173.1600,1.359816,210.632636,"0.29,0.39,-1.27,82.76,-86.79,-173.16"
779,2026-07-27T13:20:28.505,31.330864,57.669500,0.4700,0.5000,-1.2400,62.5600,-119.6300,-122.3800,1.417216,182.214036,"0.47,0.50,-1.24,62.56,-119.63,-122.38"
780,2026-07-27T13:20:28.505,31.331394,0.529400,0.4100,0.0600,-1.0600,62.5600,-119.6300,-122.3800,1.138112,182.214036,"0.41,0.06,-1.06,62.56,-119.63,-122.38"
781,2026-07-27T13:20:28.506,31.332102,0.707800,0.2500,-0.2800,-0.9100,-88.3800,-106.9900,119.0200,0.984378,182.821347,"0.25,-0.28,-0.91,-88.38,-106.99,119.02"
782,2026-07-27T13:20:28.506,31.332674,0.572500,0.2900,-0.0800,-0.8400,-65.9200,-81.2400,45.4100,0.892244,114.050217,"0.29,-0.08,-0.84,-65.92,-81.24,45.41"
783,2026-07-27T13:20:28.625,31.450894,118.220000,0.4800,0.0300,-0.7500,-23.3200,-55.1800,-29.9100,0.890955,66.957172,"0.48,0.03,-0.75,-23.32,-55.18,-29.91"
784,2026-07-27T13:20:28.625,31.451655,0.760600,0.4300,-0.0900,-0.6900,-14.0400,-18.3700,-30.5800,0.817985,38.336861,"0.43,-0.09,-0.69,-14.04,-18.37,-30.58"
785,2026-07-27T13:20:28.626,31.451775,0.119800,0.1200,-0.0900,-0.7800,-14.2200,21.8500,-21.2400,0.794292,33.626901,"0.12,-0.09,-0.78,-14.22,21.85,-21.24"
786,2026-07-27T13:20:28.685,31.510817,59.042400,-0.1000,0.1300,-0.9600,-7.4500,45.7800,-18.1900,0.973910,49.821552,"-0.10,0.13,-0.96,-7.45,45.78,-18.19"
787,2026-07-27T13:20:28.685,31.511446,0.628800,-0.1900,0.3000,-1.0900,-10.5000,53.4700,-5.3700,1.146386,54.755162,"-0.19,0.30,-1.09,-10.50,53.47,-5.37"
788,2026-07-27T13:20:29.045,31.871185,359.739300,-0.3600,0.3900,-1.1900,-21.2400,52.5500,-23.0700,1.302997,61.195302,"-0.36,0.39,-1.19,-21.24,52.55,-23.07"
789,2026-07-27T13:20:29.046,31.872079,0.893600,-0.2900,0.2600,-1.2200,-35.8900,44.3100,-77.8200,1.280664,96.474974,"-0.29,0.26,-1.22,-35.89,44.31,-77.82"
790,2026-07-27T13:20:29.046,31.872480,0.401200,0.0300,0.0600,-1.4100,-41.9300,29.6000,-22.6400,1.411595,56.096831,"0.03,0.06,-1.41,-41.93,29.60,-22.64"
791,2026-07-27T13:20:29.047,31.873117,0.636900,0.2700,-0.0300,-1.3400,-21.5500,10.4400,103.2700,1.367260,106.009853,"0.27,-0.03,-1.34,-21.55,10.44,103.27"
792,2026-07-27T13:20:29.047,31.873628,0.511000,0.3600,-0.0500,-0.8000,-0.9200,0.1200,105.5300,0.878692,105.534078,"0.36,-0.05,-0.80,-0.92,0.12,105.53"
793,2026-07-27T13:20:29.048,31.874363,0.735600,0.3800,0.0700,-0.6500,23.7400,0.6700,48.4000,0.756175,53.912860,"0.38,0.07,-0.65,23.74,0.67,48.40"
794,2026-07-27T13:20:29.049,31.874857,0.494000,0.3800,0.1800,-0.9000,52.6100,8.7300,38.8800,0.993378,65.997571,"0.38,0.18,-0.90,52.61,8.73,38.88"
795,2026-07-27T13:20:29.049,31.875553,0.695200,0.3400,0.2200,-0.9500,56.1500,26.6100,24.6000,1.032715,66.828696,"0.34,0.22,-0.95,56.15,26.61,24.60"
796,2026-07-27T13:20:29.050,31.875879,0.326900,0.2900,0.2400,-0.9200,42.6000,42.4800,-14.5900,0.994032,61.904592,"0.29,0.24,-0.92,42.60,42.48,-14.59"
797,2026-07-27T13:20:29.105,31.930842,54.962300,0.2100,0.2700,-0.9900,28.3200,49.8000,-37.4800,1.047425,68.460301,"0.21,0.27,-0.99,28.32,49.80,-37.48"
798,2026-07-27T13:20:29.225,32.051197,120.355700,0.1000,0.2600,-1.0100,8.2400,51.1500,-23.5000,1.047712,56.889982,"0.10,0.26,-1.01,8.24,51.15,-23.50"
799,2026-07-27T13:20:29.226,32.051761,0.564000,0.0600,0.1700,-0.9500,-21.1800,46.8700,22.0900,0.966954,55.976400,"0.06,0.17,-0.95,-21.18,46.87,22.09"
800,2026-07-27T13:20:29.226,32.052348,0.586100,0.0700,0.0700,-0.9000,-41.6300,41.0800,50.6600,0.905428,77.376087,"0.07,0.07,-0.90,-41.63,41.08,50.66"
801,2026-07-27T13:20:29.285,32.111240,58.892200,0.0400,0.0500,-0.9300,-36.3200,42.2400,31.2500,0.932202,63.874271,"0.04,0.05,-0.93,-36.32,42.24,31.25"
802,2026-07-27T13:20:29.285,32.111650,0.409900,-0.0600,0.1200,-1.0800,-11.1700,47.3600,-13.8500,1.088301,50.592104,"-0.06,0.12,-1.08,-11.17,47.36,-13.85"
803,2026-07-27T13:20:29.525,32.350892,239.242600,-0.1600,0.1900,-1.1500,8.6100,43.3300,-53.1600,1.176520,69.120233,"-0.16,0.19,-1.15,8.61,43.33,-53.16"
804,2026-07-27T13:20:29.525,32.351192,0.300100,-0.2200,0.1100,-1.0700,9.9500,21.8500,-68.0500,1.097907,72.161122,"-0.22,0.11,-1.07,9.95,21.85,-68.05"
805,2026-07-27T13:20:29.525,32.351534,0.341500,-0.1800,0.0100,-1.0200,7.1400,-25.9400,-25.8200,1.035809,37.289886,"-0.18,0.01,-1.02,7.14,-25.94,-25.82"
806,2026-07-27T13:20:29.526,32.352321,0.787200,0.0100,0.0500,-1.1900,26.2500,-96.1900,29.5400,1.191092,103.991299,"0.01,0.05,-1.19,26.25,-96.19,29.54"
807,2026-07-27T13:20:29.527,32.353408,1.087000,0.3300,0.2700,-1.5400,64.6400,-159.1200,36.4400,1.597936,175.571574,"0.33,0.27,-1.54,64.64,-159.12,36.44"
808,2026-07-27T13:20:29.528,32.354048,0.640300,0.5200,0.1500,-1.4900,41.5000,-170.9600,66.5900,1.585244,188.105820,"0.52,0.15,-1.49,41.50,-170.96,66.59"
809,2026-07-27T13:20:29.585,32.411177,57.128900,0.3600,-0.3300,-1.0600,-60.3000,-122.6200,131.4700,1.167090,189.620978,"0.36,-0.33,-1.06,-60.30,-122.62,131.47"
810,2026-07-27T13:20:29.765,32.591257,180.079300,0.2200,-0.2600,-0.7300,-88.5600,-62.1900,71.1100,0.805543,129.487844,"0.22,-0.26,-0.73,-88.56,-62.19,71.11"
811,2026-07-27T13:20:29.766,32.591956,0.699700,0.3300,0.0900,-0.6000,-29.2400,-27.5900,-48.1600,0.690652,62.734132,"0.33,0.09,-0.60,-29.24,-27.59,-48.16"
812,2026-07-27T13:20:29.766,32.592571,0.615000,0.4200,0.0700,-0.7100,-9.7700,-9.2200,-29.3000,0.827889,32.232767,"0.42,0.07,-0.71,-9.77,-9.22,-29.30"
813,2026-07-27T13:20:29.767,32.593055,0.483400,0.1800,0.0000,-0.9700,-25.5700,15.6900,47.4200,0.986560,56.112899,"0.18,0.00,-0.97,-25.57,15.69,47.42"
814,2026-07-27T13:20:29.767,32.593152,0.097700,-0.2200,0.1100,-1.1900,-6.2900,44.5600,69.1500,1.215154,82.503819,"-0.22,0.11,-1.19,-6.29,44.56,69.15"
815,2026-07-27T13:20:30.005,32.831384,238.231200,-0.4000,0.2400,-1.1900,56.5200,57.6200,41.7500,1.278163,90.871543,"-0.40,0.24,-1.19,56.52,57.62,41.75"
816,2026-07-27T13:20:30.006,32.832218,0.834700,-0.3000,0.3100,-1.0000,109.1900,51.2100,-21.9700,1.089082,122.587116,"-0.30,0.31,-1.00,109.19,51.21,-21.97"
817,2026-07-27T13:20:30.007,32.832899,0.680700,0.0300,0.2000,-0.8400,94.6700,31.0100,-73.8500,0.864002,124.007466,"0.03,0.20,-0.84,94.67,31.01,-73.85"
818,2026-07-27T13:20:30.007,32.833503,0.604500,0.2700,0.0400,-1.0200,36.1900,7.7500,-72.1400,1.055888,81.079949,"0.27,0.04,-1.02,36.19,7.75,-72.14"
819,2026-07-27T13:20:30.008,32.834362,0.858700,0.2200,-0.2100,-1.2900,-11.9600,10.8000,-36.8700,1.325368,40.237775,"0.22,-0.21,-1.29,-11.96,10.80,-36.87"
820,2026-07-27T13:20:30.009,32.834908,0.545500,0.1200,-0.2100,-1.2200,-3.6600,37.6000,-41.2600,1.243744,55.942320,"0.12,-0.21,-1.22,-3.66,37.60,-41.26"
821,2026-07-27T13:20:30.126,32.952332,117.424200,0.1700,0.1400,-0.9900,58.5300,51.1500,-109.1300,1.014199,133.982985,"0.17,0.14,-0.99,58.53,51.15,-109.13"
822,2026-07-27T13:20:30.127,32.953387,1.055500,0.3800,0.2500,-0.8500,80.8100,38.3300,-142.7600,0.964054,168.463238,"0.38,0.25,-0.85,80.81,38.33,-142.76"
823,2026-07-27T13:20:30.128,32.954003,0.615700,0.4900,0.1300,-0.8300,52.4300,26.2500,-118.5300,0.972574,132.239662,"0.49,0.13,-0.83,52.43,26.25,-118.53"
824,2026-07-27T13:20:30.305,33.130872,176.868600,0.3500,-0.0200,-0.8800,23.0700,37.5400,-79.9000,0.947259,91.244104,"0.35,-0.02,-0.88,23.07,37.54,-79.90"
825,2026-07-27T13:20:30.485,33.310770,179.898000,0.1900,-0.0600,-0.9000,3.6600,52.7300,-46.1400,0.921792,70.162298,"0.19,-0.06,-0.90,3.66,52.73,-46.14"
826,2026-07-27T13:20:30.485,33.311514,0.744400,0.1600,-0.0200,-0.9000,-6.2900,49.2600,-36.6800,0.914330,61.737623,"0.16,-0.02,-0.90,-6.29,49.26,-36.68"
827,2026-07-27T13:20:30.486,33.312043,0.529100,0.2300,0.0100,-0.8900,-13.6700,28.6900,-44.4300,0.919293,54.626092,"0.23,0.01,-0.89,-13.67,28.69,-44.43"
828,2026-07-27T13:20:30.544,33.370316,58.273200,0.2900,0.0400,-0.9300,-19.3500,7.2000,-44.0100,0.974987,48.612165,"0.29,0.04,-0.93,-19.35,7.20,-44.01"
829,2026-07-27T13:20:30.545,33.370921,0.604300,0.3100,0.0500,-1.0100,-18.4300,0.1800,-42.8500,1.057686,46.645684,"0.31,0.05,-1.01,-18.43,0.18,-42.85"
830,2026-07-27T13:20:30.545,33.371165,0.244500,0.2800,0.0600,-1.0500,-9.5200,9.8300,-57.7400,1.088347,59.339421,"0.28,0.06,-1.05,-9.52,9.83,-57.74"
831,2026-07-27T13:20:30.546,33.372127,0.962200,0.2100,0.0800,-1.0200,11.1700,23.8600,-69.4600,1.044462,74.288358,"0.21,0.08,-1.02,11.17,23.86,-69.46"
832,2026-07-27T13:20:30.547,33.372752,0.624700,0.1600,0.0900,-0.9900,32.6500,25.2700,-61.2800,1.006876,73.890688,"0.16,0.09,-0.99,32.65,25.27,-61.28"
833,2026-07-27T13:20:30.548,33.373821,1.069400,0.1600,0.1000,-0.9900,42.1100,11.4100,-35.2800,1.007819,56.108097,"0.16,0.10,-0.99,42.11,11.41,-35.28"
834,2026-07-27T13:20:30.605,33.431012,57.191000,0.1200,0.0900,-1.0800,46.6300,-5.6200,-3.4800,1.090367,47.096196,"0.12,0.09,-1.08,46.63,-5.62,-3.48"
835,2026-07-27T13:20:30.605,33.431579,0.566700,0.0300,-0.0100,-1.1800,48.7700,-21.4800,-0.5500,1.180424,53.293581,"0.03,-0.01,-1.18,48.77,-21.48,-0.55"
836,2026-07-27T13:20:30.725,33.551251,119.671900,-0.0500,-0.1800,-1.1600,51.2700,-36.5000,-45.6500,1.174947,77.748218,"-0.05,-0.18,-1.16,51.27,-36.50,-45.65"
837,2026-07-27T13:20:30.726,33.551984,0.733400,-0.0800,-0.2800,-1.0300,73.0600,-47.8500,-90.7000,1.070374,125.912176,"-0.08,-0.28,-1.03,73.06,-47.85,-90.70"
838,2026-07-27T13:20:30.727,33.552775,0.790700,0.0900,-0.1500,-1.0500,95.7000,-84.5900,-86.3000,1.064472,154.148137,"0.09,-0.15,-1.05,95.70,-84.59,-86.30"
839,2026-07-27T13:20:30.845,33.671142,118.366600,0.7000,-0.0400,-1.2400,53.8900,-164.6700,-26.7300,1.424500,175.313530,"0.70,-0.04,-1.24,53.89,-164.67,-26.73"
840,2026-07-27T13:20:30.846,33.671874,0.732100,1.2300,-0.0800,-1.2000,-53.8900,-193.4800,15.3800,1.720262,201.432835,"1.23,-0.08,-1.20,-53.89,-193.48,15.38"
841,2026-07-27T13:20:30.846,33.672476,0.602100,0.9500,-0.1300,-0.9500,-90.7000,-26.3100,-77.0300,1.349778,121.870123,"0.95,-0.13,-0.95,-90.70,-26.31,-77.03"
842,2026-07-27T13:20:30.905,33.731108,58.631600,0.1900,-0.1300,-0.7000,-74.3400,-6.2300,-65.6700,0.736885,99.387109,"0.19,-0.13,-0.70,-74.34,-6.23,-65.67"
843,2026-07-27T13:20:31.025,33.851149,120.041000,-0.3300,-0.0700,-0.4600,-70.3700,-36.5600,-25.7000,0.570438,83.361025,"-0.33,-0.07,-0.46,-70.37,-36.56,-25.70"
844,2026-07-27T13:20:31.084,33.910590,59.441300,-0.5500,0.1400,-0.2900,-66.7700,-80.2000,-4.4600,0.637338,104.451733,"-0.55,0.14,-0.29,-66.77,-80.20,-4.46"
845,2026-07-27T13:20:31.085,33.911206,0.615900,-0.5600,0.2700,-0.2500,-66.1000,-110.9600,-7.9300,0.670075,129.399446,"-0.56,0.27,-0.25,-66.10,-110.96,-7.93"
846,2026-07-27T13:20:31.086,33.912257,1.051600,-0.4800,0.0700,-0.3900,-44.2500,-109.7400,-31.3700,0.622415,122.413263,"-0.48,0.07,-0.39,-44.25,-109.74,-31.37"
847,2026-07-27T13:20:31.087,33.913258,1.000500,-0.3800,0.1000,-0.7000,-28.8700,-84.7200,-25.8200,0.802745,93.153785,"-0.38,0.10,-0.70,-28.87,-84.72,-25.82"
848,2026-07-27T13:20:31.145,33.970834,57.576400,-0.3100,0.3700,-1.2300,-40.4700,-52.1900,15.6200,1.321325,67.864581,"-0.31,0.37,-1.23,-40.47,-52.19,15.62"
849,2026-07-27T13:20:31.205,34.031676,60.841800,-0.2000,0.3600,-1.9700,11.2900,-1.5900,-12.5100,2.012585,16.926083,"-0.20,0.36,-1.97,11.29,-1.59,-12.51"
850,2026-07-27T13:20:31.206,34.032250,0.574100,-0.1800,0.1800,-2.7400,122.7400,59.6300,-90.8800,2.751799,163.951270,"-0.18,0.18,-2.74,122.74,59.63,-90.88"
851,2026-07-27T13:20:31.325,34.150982,118.731500,-0.7400,-0.6900,-3.3700,176.1500,100.7700,-116.3900,3.518608,233.944539,"-0.74,-0.69,-3.37,176.15,100.77,-116.39"
852,2026-07-27T13:20:31.325,34.151253,0.271200,-0.5500,-0.4100,-2.3100,91.8600,124.8200,-73.9700,2.409710,171.726098,"-0.55,-0.41,-2.31,91.86,124.82,-73.97"
853,2026-07-27T13:20:31.326,34.152278,1.025100,0.0900,0.0800,-1.2200,-60.0600,114.9300,22.4000,1.225928,131.597373,"0.09,0.08,-1.22,-60.06,114.93,22.40"
854,2026-07-27T13:20:31.448,34.273754,121.475900,0.1500,0.2000,-0.3800,-94.9700,118.9000,87.2200,0.454863,175.396235,"0.15,0.20,-0.38,-94.97,118.90,87.22"
855,2026-07-27T13:20:31.448,34.274315,0.561600,-0.4500,0.2300,0.2900,-31.4900,174.6200,123.4700,0.582666,216.168003,"-0.45,0.23,0.29,-31.49,174.62,123.47"
856,2026-07-27T13:20:31.449,34.274884,0.569000,-0.4400,0.3800,0.3400,29.3600,159.1200,143.6200,0.673498,216.351308,"-0.44,0.38,0.34,29.36,159.12,143.62"
857,2026-07-27T13:20:31.689,34.515681,240.796400,0.1300,0.2100,-0.0900,20.0800,18.5500,44.2500,0.262869,52.013185,"0.13,0.21,-0.09,20.08,18.55,44.25"
858,2026-07-27T13:20:31.690,34.516248,0.567200,0.5800,-0.1400,-0.2300,-24.6600,-106.8700,-164.0000,0.639453,197.294989,"0.58,-0.14,-0.23,-24.66,-106.87,-164.00"
859,2026-07-27T13:20:31.691,34.516949,0.700900,0.3600,-0.1100,-0.0400,15.3200,-80.5700,-200.5000,0.378550,216.625200,"0.36,-0.11,-0.04,15.32,-80.57,-200.50"
860,2026-07-27T13:20:31.692,34.517762,0.812900,-0.2000,0.1200,0.0700,47.4900,23.8000,2.7500,0.243516,53.191189,"-0.20,0.12,0.07,47.49,23.80,2.75"
861,2026-07-27T13:20:31.693,34.518800,1.038200,-0.3400,0.1200,0.0300,10.3800,57.0100,101.3800,0.361801,116.772381,"-0.34,0.12,0.03,10.38,57.01,101.38"
862,2026-07-27T13:20:31.693,34.519424,0.624000,-0.1000,0.0400,-0.0400,-12.3300,10.9900,31.5600,0.114891,35.620817,"-0.10,0.04,-0.04,-12.33,10.99,31.56"
863,2026-07-27T13:20:31.924,34.750349,230.925200,0.0500,0.0200,-0.0700,7.5700,-29.6600,-30.4000,0.088318,43.141401,"0.05,0.02,-0.07,7.57,-29.66,-30.40"
864,2026-07-27T13:20:31.925,34.750939,0.589400,-0.0500,-0.0300,-0.0200,41.2000,-24.9000,-40.1600,0.061644,62.691910,"-0.05,-0.03,-0.02,41.20,-24.90,-40.16"
865,2026-07-27T13:20:31.925,34.751636,0.697700,-0.1400,-0.0700,0.0400,61.8300,-6.7700,-31.8600,0.161555,69.884486,"-0.14,-0.07,0.04,61.83,-6.77,-31.86"
866,2026-07-27T13:20:31.926,34.751934,0.297300,-0.0900,0.1000,0.0100,57.4300,-12.5700,-40.6500,0.134907,71.474697,"-0.09,0.10,0.01,57.43,-12.57,-40.65"
867,2026-07-27T13:20:31.926,34.752561,0.627000,-0.1000,-0.0300,-0.5500,13.4900,-44.9800,-43.5800,0.559821,64.065567,"-0.10,-0.03,-0.55,13.49,-44.98,-43.58"
868,2026-07-27T13:20:31.928,34.753792,1.231200,0.0800,-0.1300,-1.7100,-65.8000,-107.2400,46.9400,1.716799,134.288574,"0.08,-0.13,-1.71,-65.80,-107.24,46.94"
869,2026-07-27T13:20:32.104,34.930523,176.731600,0.0600,0.0200,-2.8400,-69.8200,-132.6300,131.9600,2.840704,199.697248,"0.06,0.02,-2.84,-69.82,-132.63,131.96"
870,2026-07-27T13:20:32.105,34.931030,0.506500,-0.6400,-0.0900,-3.2300,-52.9200,-50.9000,146.7300,3.294025,164.076291,"-0.64,-0.09,-3.23,-52.92,-50.90,146.73"
871,2026-07-27T13:20:32.105,34.931726,0.695900,-0.6800,-0.0800,-2.6500,-65.9800,12.7600,106.4500,2.737024,125.887968,"-0.68,-0.08,-2.65,-65.98,12.76,106.45"
872,2026-07-27T13:20:32.404,35.230390,298.664100,-0.1500,0.0700,-1.8400,-31.1900,0.6700,5.3100,1.847431,31.645870,"-0.15,0.07,-1.84,-31.19,0.67,5.31"
873,2026-07-27T13:20:32.405,35.231005,0.614800,-0.0300,0.2100,-1.2900,5.9200,12.5700,-65.7300,1.307326,67.182469,"-0.03,0.21,-1.29,5.92,12.57,-65.73"
874,2026-07-27T13:20:32.405,35.231536,0.531300,0.0200,0.2500,-0.9900,17.7000,45.6500,-107.1800,1.021274,117.833632,"0.02,0.25,-0.99,17.70,45.65,-107.18"
875,2026-07-27T13:20:32.406,35.232180,0.643900,0.1700,0.1600,-0.8700,-3.9100,50.5400,-127.2600,0.900777,136.984259,"0.17,0.16,-0.87,-3.91,50.54,-127.26"
876,2026-07-27T13:20:32.407,35.232833,0.653300,0.1000,0.0200,-0.8000,-33.2600,59.5100,-109.9200,0.806474,129.344788,"0.10,0.02,-0.80,-33.26,59.51,-109.92"
877,2026-07-27T13:20:32.408,35.234035,1.202200,-0.0800,-0.0200,-0.7200,-34.0000,87.1600,-92.9600,0.724707,131.887934,"-0.08,-0.02,-0.72,-34.00,87.16,-92.96"
878,2026-07-27T13:20:32.409,35.234870,0.834300,-0.0500,-0.0000,-0.6200,-21.4800,85.5700,-97.9000,0.622013,131.787804,"-0.05,-0.00,-0.62,-21.48,85.57,-97.90"
879,2026-07-27T13:20:32.409,35.235531,0.661600,0.0900,0.0000,-0.5600,-13.3100,57.1300,-105.4700,0.567186,120.685185,"0.09,0.00,-0.56,-13.31,57.13,-105.47"
880,2026-07-27T13:20:32.410,35.236274,0.742200,0.0800,0.0200,-0.6300,-0.1800,41.5000,-85.6300,0.635374,95.156604,"0.08,0.02,-0.63,-0.18,41.50,-85.63"
881,2026-07-27T13:20:32.705,35.530978,294.703900,-0.0700,0.0500,-0.8300,10.1300,37.3500,-38.8800,0.834446,54.857031,"-0.07,0.05,-0.83,10.13,37.35,-38.88"
882,2026-07-27T13:20:32.765,35.590835,59.857300,-0.1400,0.1100,-1.0900,13.3100,19.4700,2.4400,1.104446,23.710559,"-0.14,0.11,-1.09,13.31,19.47,2.44"
883,2026-07-27T13:20:32.766,35.591773,0.938400,-0.0500,0.1600,-1.2600,9.4600,-11.4700,27.0400,1.271102,30.857967,"-0.05,0.16,-1.26,9.46,-11.47,27.04"
884,2026-07-27T13:20:32.766,35.592404,0.630400,0.0300,0.1700,-1.2000,1.6500,-29.6600,27.5900,1.212353,40.541907,"0.03,0.17,-1.20,1.65,-29.66,27.59"
885,2026-07-27T13:20:32.767,35.593302,0.898100,0.0600,0.1500,-1.0500,1.5900,-29.8500,1.7100,1.062356,29.941187,"0.06,0.15,-1.05,1.59,-29.85,1.71"
886,2026-07-27T13:20:32.768,35.594182,0.880000,0.0900,0.0900,-0.9600,4.7000,-34.3000,-28.5000,0.968401,44.842279,"0.09,0.09,-0.96,4.70,-34.30,-28.50"
887,2026-07-27T13:20:32.769,35.594954,0.772200,0.1500,0.0600,-0.9100,2.4400,-45.2300,-56.5200,0.924229,72.430773,"0.15,0.06,-0.91,2.44,-45.23,-56.52"
888,2026-07-27T13:20:32.770,35.595857,0.902700,0.1600,0.0400,-0.9500,-5.3100,-45.5300,-83.3100,0.964210,95.088028,"0.16,0.04,-0.95,-5.31,-45.53,-83.31"
889,2026-07-27T13:20:32.770,35.596502,0.645100,0.1600,-0.0100,-1.0900,-13.4300,-36.5000,-78.8600,1.101726,87.929031,"0.16,-0.01,-1.09,-13.43,-36.50,-78.86"
890,2026-07-27T13:20:32.945,35.771090,174.588000,0.1700,-0.0900,-1.1600,-7.2600,-21.4800,-57.7400,1.175840,62.032295,"0.17,-0.09,-1.16,-7.26,-21.48,-57.74"
891,2026-07-27T13:20:32.946,35.771766,0.676400,0.1000,-0.0900,-1.0900,18.4300,1.3400,-51.6400,1.098271,54.846605,"0.10,-0.09,-1.09,18.43,1.34,-51.64"
892,2026-07-27T13:20:32.946,35.772572,0.805800,-0.0300,0.0300,-0.9500,38.6400,20.3200,-46.2600,0.950947,63.607701,"-0.03,0.03,-0.95,38.64,20.32,-46.26"
893,2026-07-27T13:20:32.947,35.773404,0.831700,-0.0800,0.1100,-0.8600,26.5500,22.2800,-23.1300,0.870689,41.668907,"-0.08,0.11,-0.86,26.55,22.28,-23.13"
894,2026-07-27T13:20:33.005,35.831015,57.611800,-0.0000,0.1000,-0.8400,-6.7700,7.0800,10.5600,0.845931,14.403920,"-0.00,0.10,-0.84,-6.77,7.08,10.56"
895,2026-07-27T13:20:33.005,35.831561,0.545400,0.1000,0.0200,-0.8600,-32.7100,-9.7000,26.1800,0.866025,43.004959,"0.10,0.02,-0.86,-32.71,-9.70,26.18"
896,2026-07-27T13:20:33.126,35.952053,120.492200,0.1300,-0.0500,-0.9500,-40.1000,-12.3300,20.0200,0.960156,46.484829,"0.13,-0.05,-0.95,-40.10,-12.33,20.02"
897,2026-07-27T13:20:33.127,35.953077,1.024100,0.1700,-0.0200,-1.0000,-27.7700,0.9800,-6.6500,1.014544,28.571941,"0.17,-0.02,-1.00,-27.77,0.98,-6.65"
898,2026-07-27T13:20:33.128,35.954045,0.967700,0.2500,0.0200,-0.9900,-8.7300,21.4800,-46.8700,1.021274,52.291493,"0.25,0.02,-0.99,-8.73,21.48,-46.87"
899,2026-07-27T13:20:33.305,36.131432,177.387500,0.2900,0.0200,-0.9600,-1.1600,37.9000,-66.7700,1.003045,76.785340,"0.29,0.02,-0.96,-1.16,37.90,-66.77"
900,2026-07-27T13:20:33.306,36.131819,0.386700,0.2900,0.0300,-0.9400,-4.7600,44.1900,-55.6600,0.984175,71.228150,"0.29,0.03,-0.94,-4.76,44.19,-55.66"
901,2026-07-27T13:20:33.306,36.132445,0.625600,0.2500,0.1000,-0.9200,-10.8600,40.0400,-36.5600,0.958593,55.297150,"0.25,0.10,-0.92,-10.86,40.04,-36.56"
902,2026-07-27T13:20:33.307,36.133217,0.772100,0.2400,0.1600,-0.8800,-19.7100,26.4900,-22.8300,0.926067,40.142410,"0.24,0.16,-0.88,-19.71,26.49,-22.83"
903,2026-07-27T13:20:33.365,36.191704,58.487000,0.3300,0.1500,-0.9300,-32.1000,1.5300,11.2300,0.998148,34.042089,"0.33,0.15,-0.93,-32.10,1.53,11.23"
904,2026-07-27T13:20:33.366,36.192190,0.486700,0.3800,0.0900,-1.1200,-43.0900,-18.0100,53.9600,1.186128,71.363785,"0.38,0.09,-1.12,-43.09,-18.01,53.96"
905,2026-07-27T13:20:33.545,36.371118,178.928000,0.2500,0.0700,-1.2100,-35.2800,-2.5000,38.5700,1.237538,52.331380,"0.25,0.07,-1.21,-35.28,-2.50,38.57"
906,2026-07-27T13:20:33.546,36.371939,0.820900,0.0500,0.1400,-1.1400,-16.9700,39.1800,-8.4800,1.149652,43.531181,"0.05,0.14,-1.14,-16.97,39.18,-8.48"
907,2026-07-27T13:20:33.546,36.372029,0.090100,-0.0800,0.2500,-1.1900,-3.1700,72.7500,-17.4600,1.218606,74.882995,"-0.08,0.25,-1.19,-3.17,72.75,-17.46"
908,2026-07-27T13:20:33.546,36.372555,0.525600,-0.2400,0.3200,-1.2200,8.0600,92.2900,-36.6200,1.283900,99.616425,"-0.24,0.32,-1.22,8.06,92.29,-36.62"
909,2026-07-27T13:20:33.605,36.431328,58.773100,-0.4900,0.3800,-1.1100,6.4100,105.4700,-120.6100,1.271456,160.348935,"-0.49,0.38,-1.11,6.41,105.47,-120.61"
910,2026-07-27T13:20:33.606,36.431953,0.624700,-0.5100,0.3100,-1.0300,-12.4500,84.0500,-171.3900,1.190420,191.295418,"-0.51,0.31,-1.03,-12.45,84.05,-171.39"
911,2026-07-27T13:20:33.726,36.552202,120.248800,-0.1300,0.1500,-0.9800,-21.6100,12.6300,-74.5200,0.999900,78.611319,"-0.13,0.15,-0.98,-21.61,12.63,-74.52"
912,2026-07-27T13:20:33.727,36.553610,1.408900,0.2500,0.1300,-0.9400,-6.2900,-60.2400,101.5600,0.981326,118.249124,"0.25,0.13,-0.94,-6.29,-60.24,101.56"
913,2026-07-27T13:20:33.728,36.554554,0.943500,0.3700,0.1900,-0.9200,10.8000,-82.2800,190.6700,1.009653,207.946357,"0.37,0.19,-0.92,10.80,-82.28,190.67"
914,2026-07-27T13:20:33.965,36.790818,236.263800,0.3300,0.2600,-0.9300,22.6400,-52.6100,120.4800,1.020490,133.400945,"0.33,0.26,-0.93,22.64,-52.61,120.48"
915,2026-07-27T13:20:33.965,36.791483,0.665000,0.2800,0.3000,-0.9400,35.7100,14.6500,-83.2500,1.025671,91.762678,"0.28,0.30,-0.94,35.71,14.65,-83.25"
916,2026-07-27T13:20:34.025,36.851654,60.171600,0.2600,0.3200,-0.9400,29.0500,22.3400,-93.0200,1.026450,99.978490,"0.26,0.32,-0.94,29.05,22.34,-93.02"
917,2026-07-27T13:20:34.026,36.852506,0.851600,0.2300,0.3200,-0.9500,14.9500,16.9100,-85.4500,1.028494,88.380728,"0.23,0.32,-0.95,14.95,16.91,-85.45"
918,2026-07-27T13:20:34.027,36.853218,0.712400,0.2100,0.3000,-0.9600,-2.6900,-5.6800,-54.4400,1.027473,54.801570,"0.21,0.30,-0.96,-2.69,-5.68,-54.44"
919,2026-07-27T13:20:34.028,36.853788,0.569600,0.2300,0.2800,-0.9500,-27.8900,-37.7200,5.8600,1.016760,47.275682,"0.23,0.28,-0.95,-27.89,-37.72,5.86"
920,2026-07-27T13:20:34.028,36.854463,0.675100,0.2600,0.2600,-0.9200,-59.6900,-62.6800,89.9700,0.990757,124.845022,"0.26,0.26,-0.92,-59.69,-62.68,89.97"
921,2026-07-27T13:20:34.085,36.911354,56.891400,0.2100,0.0700,-0.9400,-65.2500,-71.5900,173.5200,0.965712,198.725643,"0.21,0.07,-0.94,-65.25,-71.59,173.52"
922,2026-07-27T13:20:34.086,36.911978,0.623600,0.1300,-0.1100,-1.0200,-26.6100,-51.9400,142.6400,1.034118,154.116921,"0.13,-0.11,-1.02,-26.61,-51.94,142.64"
923,2026-07-27T13:20:34.146,36.971840,59.861600,0.1300,0.2500,-1.0300,16.9700,-12.6300,17.4600,1.067848,27.428988,"0.13,0.25,-1.03,16.97,-12.63,17.46"
924,2026-07-27T13:20:34.204,37.030449,58.609100,0.0600,0.2700,-0.9800,27.8900,11.8400,-43.7600,1.018283,53.225701,"0.06,0.27,-0.98,27.89,11.84,-43.76"
925,2026-07-27T13:20:34.444,37.270603,240.154100,0.0600,0.1200,-0.9400,17.4000,8.7900,-17.7000,0.949526,26.330858,"0.06,0.12,-0.94,17.40,8.79,-17.70"
926,2026-07-27T13:20:34.445,37.271295,0.692500,0.1500,0.0500,-0.9400,17.4000,-1.7100,13.0000,0.953205,21.787246,"0.15,0.05,-0.94,17.40,-1.71,13.00"
927,2026-07-27T13:20:34.446,37.271977,0.681400,0.2400,0.0800,-0.9700,30.4000,-1.6500,12.7600,1.002447,33.010606,"0.24,0.08,-0.97,30.40,-1.65,12.76"
928,2026-07-27T13:20:34.446,37.272648,0.671400,0.2600,0.1000,-1.0000,35.1600,2.8700,23.9900,1.038075,42.661254,"0.26,0.10,-1.00,35.16,2.87,23.99"
929,2026-07-27T13:20:34.447,37.273597,0.948800,0.2100,0.0900,-1.0000,28.8100,5.4300,51.2700,1.025768,59.060257,"0.21,0.09,-1.00,28.81,5.43,51.27"
930,2026-07-27T13:20:34.448,37.274502,0.904600,0.1500,0.0900,-1.0000,23.2500,6.4700,67.3200,1.015185,71.515074,"0.15,0.09,-1.00,23.25,6.47,67.32"
931,2026-07-27T13:20:34.449,37.275186,0.684400,0.1200,0.0800,-1.0000,20.9400,5.6800,68.7900,1.010346,72.130507,"0.12,0.08,-1.00,20.94,5.68,68.79"
932,2026-07-27T13:20:34.685,37.511210,236.024000,0.1200,0.0600,-0.9900,18.5500,3.6000,66.7100,0.999050,69.334599,"0.12,0.06,-0.99,18.55,3.60,66.71"
933,2026-07-27T13:20:34.686,37.511947,0.737100,0.1200,0.0200,-0.9600,17.3300,3.1100,59.1400,0.967678,61.705272,"0.12,0.02,-0.96,17.33,3.11,59.14"
934,2026-07-27T13:20:34.686,37.512675,0.727400,0.1400,-0.0100,-0.9200,20.0800,6.5300,41.3800,0.930645,46.455911,"0.14,-0.01,-0.92,20.08,6.53,41.38"
935,2026-07-27T13:20:34.687,37.513169,0.494500,0.1800,-0.0400,-0.9100,24.7800,14.7100,11.5400,0.928493,31.041973,"0.18,-0.04,-0.91,24.78,14.71,11.54"
936,2026-07-27T13:20:34.687,37.513413,0.244300,0.2000,-0.0300,-0.9300,26.0000,24.6600,-22.8900,0.951735,42.521379,"0.20,-0.03,-0.93,26.00,24.66,-22.89"
937,2026-07-27T13:20:34.744,37.570208,56.794200,0.2200,0.0000,-0.9500,17.0300,27.1600,-39.6700,0.975141,51.003876,"0.22,0.00,-0.95,17.03,27.16,-39.67"
938,2026-07-27T13:20:34.745,37.571113,0.906000,0.2700,0.0100,-0.9900,-3.4200,18.4300,-24.5400,1.026207,30.879976,"0.27,0.01,-0.99,-3.42,18.43,-24.54"
939,2026-07-27T13:20:34.865,37.691107,119.993900,0.3200,-0.0200,-1.0400,-23.3800,7.0800,7.2600,1.088301,25.484474,"0.32,-0.02,-1.04,-23.38,7.08,7.26"
940,2026-07-27T13:20:34.866,37.691819,0.712100,0.2800,0.0100,-1.0600,-32.9000,2.9900,26.5500,1.096403,42.382220,"0.28,0.01,-1.06,-32.90,2.99,26.55"
941,2026-07-27T13:20:34.866,37.692408,0.588500,0.2400,0.0200,-1.0000,-38.0200,3.1100,27.0400,1.028591,46.758466,"0.24,0.02,-1.00,-38.02,3.11,27.04"
942,2026-07-27T13:20:34.926,37.752732,60.324200,0.2800,-0.0100,-0.9200,-36.1300,3.1100,11.0500,0.961717,37.909781,"0.28,-0.01,-0.92,-36.13,3.11,11.05"
943,2026-07-27T13:20:34.927,37.753316,0.583600,0.3100,0.0600,-0.8900,-22.7700,4.7600,-12.9400,0.944352,26.619055,"0.31,0.06,-0.89,-22.77,4.76,-12.94"
944,2026-07-27T13:20:35.165,37.991211,237.895100,0.3000,0.1900,-0.9300,-7.2600,3.6000,-13.0600,0.995490,15.369815,"0.30,0.19,-0.93,-7.26,3.60,-13.06"
945,2026-07-27T13:20:35.225,38.051675,60.464400,0.2600,0.2800,-0.9900,7.0200,1.7100,4.5800,1.061179,8.554584,"0.26,0.28,-0.99,7.02,1.71,4.58"
946,2026-07-27T13:20:35.227,38.052886,1.210900,0.2100,0.3200,-0.9900,17.4600,6.8400,-11.6000,1.061414,22.049880,"0.21,0.32,-0.99,17.46,6.84,-11.60"
947,2026-07-27T13:20:35.227,38.053155,0.269200,0.1800,0.3200,-0.9500,17.4000,15.6900,-59.4500,1.018479,63.900224,"0.18,0.32,-0.95,17.40,15.69,-59.45"
948,2026-07-27T13:20:35.228,38.053782,0.626200,0.1600,0.2900,-0.9400,4.3900,18.1300,-78.4300,0.996644,80.617826,"0.16,0.29,-0.94,4.39,18.13,-78.43"
949,2026-07-27T13:20:35.228,38.053937,0.155900,0.1600,0.2400,-0.9700,-12.4500,9.8300,-50.7200,1.011978,53.142730,"0.16,0.24,-0.97,-12.45,9.83,-50.72"
950,2026-07-27T13:20:35.228,38.054475,0.537800,0.2000,0.2100,-0.9900,-21.6700,-6.9000,1.5300,1.031601,22.793416,"0.20,0.21,-0.99,-21.67,-6.90,1.53"
951,2026-07-27T13:20:35.285,38.110945,56.469300,0.2600,0.2000,-0.9700,-24.7200,-25.8800,60.7900,1.023963,70.542731,"0.26,0.20,-0.97,-24.72,-25.88,60.79"
952,2026-07-27T13:20:35.286,38.111801,0.856300,0.2900,0.1900,-0.9600,-27.8300,-36.0100,100.8300,1.020686,110.625123,"0.29,0.19,-0.96,-27.83,-36.01,100.83"
953,2026-07-27T13:20:35.465,38.291235,179.433600,0.2800,0.1800,-0.9800,-30.8200,-29.1100,102.2300,1.034988,110.671755,"0.28,0.18,-0.98,-30.82,-29.11,102.23"
954,2026-07-27T13:20:35.466,38.292006,0.771500,0.2200,0.1700,-0.9800,-29.1100,-7.3900,63.4200,1.018676,70.171936,"0.22,0.17,-0.98,-29.11,-7.39,63.42"
955,2026-07-27T13:20:35.466,38.292468,0.462000,0.1800,0.1600,-0.9700,-16.3000,16.9700,7.9300,0.999450,24.830542,"0.18,0.16,-0.97,-16.30,16.97,7.93"
956,2026-07-27T13:20:35.467,38.293122,0.653600,0.1700,0.1800,-0.9900,6.7100,32.4100,-32.2300,1.020490,46.197458,"0.17,0.18,-0.99,6.71,32.41,-32.23"
957,2026-07-27T13:20:35.585,38.411124,118.002100,0.1900,0.2000,-0.9700,29.3000,38.1500,-53.6500,1.008464,72.057165,"0.19,0.20,-0.97,29.30,38.15,-53.65"
958,2026-07-27T13:20:35.585,38.411738,0.614800,0.2000,0.2200,-0.9100,42.3600,39.6100,-67.9900,0.957340,89.364209,"0.20,0.22,-0.91,42.36,39.61,-67.99"
959,2026-07-27T13:20:35.586,38.412428,0.689700,0.1900,0.2300,-0.9200,41.0800,40.0400,-75.4400,0.967161,94.773211,"0.19,0.23,-0.92,41.08,40.04,-75.44"
960,2026-07-27T13:20:35.825,38.651223,238.795000,0.1600,0.2400,-0.9900,29.1700,38.0900,-71.1700,1.031164,85.830682,"0.16,0.24,-0.99,29.17,38.09,-71.17"
961,2026-07-27T13:20:35.826,38.651895,0.671400,0.1400,0.2500,-1.0200,21.6700,33.6300,-64.0300,1.059481,75.501038,"0.14,0.25,-1.02,21.67,33.63,-64.03"
962,2026-07-27T13:20:35.826,38.652142,0.247200,0.1300,0.2500,-0.9900,23.8600,27.9500,-63.3500,1.029320,73.237454,"0.13,0.25,-0.99,23.86,27.95,-63.35"
963,2026-07-27T13:20:35.826,38.652418,0.276100,0.1400,0.2300,-0.9800,25.3900,19.7100,-63.7800,1.016317,71.421458,"0.14,0.23,-0.98,25.39,19.71,-63.78"
964,2026-07-27T13:20:35.827,38.653377,0.959400,0.1700,0.2200,-1.0300,27.6500,8.9100,-66.7100,1.066865,72.760805,"0.17,0.22,-1.03,27.65,8.91,-66.71"
965,2026-07-27T13:20:35.828,38.654136,0.758500,0.1800,0.2200,-1.0900,40.7100,-7.3200,-76.0500,1.126455,86.570717,"0.18,0.22,-1.09,40.71,-7.32,-76.05"
966,2026-07-27T13:20:35.885,38.711083,56.947700,0.1800,0.2200,-1.0300,55.9700,-34.7900,-72.6900,1.068504,98.116365,"0.18,0.22,-1.03,55.97,-34.79,-72.69"
967,2026-07-27T13:20:35.885,38.711474,0.390600,0.1400,0.2700,-0.8900,54.2600,-67.3800,-52.6100,0.940532,101.252279,"0.14,0.27,-0.89,54.26,-67.38,-52.61"
968,2026-07-27T13:20:35.945,38.771260,59.786300,0.0600,0.3800,-0.9600,41.0200,-82.5800,-87.2800,1.034215,126.964149,"0.06,0.38,-0.96,41.02,-82.58,-87.28"
969,2026-07-27T13:20:36.005,38.830832,59.571100,0.0600,0.5000,-1.2400,29.8500,-81.4800,-168.5800,1.338357,189.602820,"0.06,0.50,-1.24,29.85,-81.48,-168.58"
970,2026-07-27T13:20:36.005,38.831508,0.677000,0.3100,0.4000,-1.2700,6.1000,-92.4100,-139.5900,1.367114,167.517719,"0.31,0.40,-1.27,6.10,-92.41,-139.59"
971,2026-07-27T13:20:36.065,38.890998,59.489600,0.5500,0.0600,-1.0300,-29.3600,-102.2900,-2.6200,1.169188,106.452422,"0.55,0.06,-1.03,-29.36,-102.29,-2.62"
972,2026-07-27T13:20:36.124,38.950726,59.727600,0.4300,-0.0800,-0.8700,-39.1200,-78.1900,33.7500,0.973756,93.718264,"0.43,-0.08,-0.87,-39.12,-78.19,33.75"
973,2026-07-27T13:20:36.125,38.951580,0.854500,0.2300,-0.0100,-0.8600,-22.2800,-40.7100,-35.4000,0.890281,58.368335,"0.23,-0.01,-0.86,-22.28,-40.71,-35.40"
974,2026-07-27T13:20:36.185,39.010923,59.343100,0.2200,0.0300,-0.8700,-8.4800,-16.6000,-64.0900,0.897886,66.745775,"0.22,0.03,-0.87,-8.48,-16.60,-64.09"
975,2026-07-27T13:20:36.245,39.071718,60.794600,0.1800,0.0300,-0.8600,-7.8100,1.1000,-44.3100,0.879147,45.006468,"0.18,0.03,-0.86,-7.81,1.10,-44.31"
976,2026-07-27T13:20:36.305,39.130824,59.105800,0.0300,0.0800,-0.8900,-12.1500,19.6500,-25.3300,0.894092,34.283435,"0.03,0.08,-0.89,-12.15,19.65,-25.33"
977,2026-07-27T13:20:36.305,39.131504,0.680100,-0.1400,0.1900,-0.9800,-11.5400,34.9700,-18.4900,1.008018,41.206220,"-0.14,0.19,-0.98,-11.54,34.97,-18.49"
978,2026-07-27T13:20:36.365,39.191309,59.805200,-0.2700,0.2900,-1.0300,-7.4500,38.3900,-21.7900,1.103585,44.767161,"-0.27,0.29,-1.03,-7.45,38.39,-21.79"
979,2026-07-27T13:20:36.366,39.191995,0.685900,-0.2500,0.3700,-0.9800,3.2300,35.1000,-60.0600,1.076940,69.639403,"-0.25,0.37,-0.98,3.23,35.10,-60.06"
980,2026-07-27T13:20:36.545,39.371094,179.099200,-0.1200,0.3900,-0.9400,14.5900,35.7700,-115.6000,1.024744,121.884047,"-0.12,0.39,-0.94,14.59,35.77,-115.60"
981,2026-07-27T13:20:36.545,39.371400,0.306000,0.0500,0.3300,-0.9900,9.6400,38.0200,-125.6100,1.044749,131.591497,"0.05,0.33,-0.99,9.64,38.02,-125.61"
982,2026-07-27T13:20:36.546,39.371774,0.373800,0.2200,0.1800,-1.1800,-10.7400,33.0800,-59.0200,1.213755,68.505433,"0.22,0.18,-1.18,-10.74,33.08,-59.02"
983,2026-07-27T13:20:36.546,39.372382,0.607800,0.3300,-0.0400,-1.2000,-17.5200,22.4000,35.7700,1.245191,45.696863,"0.33,-0.04,-1.20,-17.52,22.40,35.77"
984,2026-07-27T13:20:36.605,39.431572,59.190200,0.2900,-0.0800,-0.9000,3.6000,26.7300,50.6600,0.948947,57.392408,"0.29,-0.08,-0.90,3.60,26.73,50.66"
985,2026-07-27T13:20:36.606,39.432055,0.483400,0.2000,0.1200,-0.7600,32.0400,42.6600,0.4300,0.794984,53.353745,"0.20,0.12,-0.76,32.04,42.66,0.43"
986,2026-07-27T13:20:36.725,39.551129,119.073400,0.1700,0.3100,-0.9600,59.3300,49.6800,-40.8300,1.023035,87.494230,"0.17,0.31,-0.96,59.33,49.68,-40.83"
987,2026-07-27T13:20:36.726,39.551789,0.660400,0.1900,0.3600,-1.0500,48.0300,60.3600,-117.6100,1.126144,140.649645,"0.19,0.36,-1.05,48.03,60.36,-117.61"
988,2026-07-27T13:20:36.726,39.552351,0.561400,0.1800,0.2800,-0.9400,15.2000,56.6400,-105.7100,0.997196,120.887277,"0.18,0.28,-0.94,15.20,56.64,-105.71"
989,2026-07-27T13:20:36.905,39.731461,179.110900,0.1400,0.2200,-0.8700,-6.8400,30.9400,-33.0800,0.908240,45.807812,"0.14,0.22,-0.87,-6.84,30.94,-33.08"
990,2026-07-27T13:20:36.906,39.732033,0.572100,0.1400,0.2300,-0.9200,-14.2200,-0.3700,54.3200,0.958593,56.151649,"0.14,0.23,-0.92,-14.22,-0.37,54.32"
991,2026-07-27T13:20:36.906,39.732657,0.623200,0.1400,0.2300,-0.9200,-14.2200,-0.3700,54.3200,0.958593,56.151649,"0.14,0.23,-0.92,-14.22,-0.37,54.32"
992,2026-07-27T13:20:36.907,39.733475,0.817800,0.2900,0.2400,-0.9700,-27.7700,0.4900,41.0200,1.040481,49.538403,"0.29,0.24,-0.97,-27.77,0.49,41.02"
993,2026-07-27T13:20:37.025,39.850980,117.505900,0.3700,0.1500,-0.9200,-13.5500,26.8600,-32.2900,1.002896,44.132825,"0.37,0.15,-0.92,-13.55,26.86,-32.29"
994,2026-07-27T13:20:37.205,40.031474,180.493500,0.3200,0.1100,-0.8900,24.5400,49.6200,-87.7100,0.952155,103.717887,"0.32,0.11,-0.89,24.54,49.62,-87.71"
995,2026-07-27T13:20:37.206,40.032185,0.710900,0.1700,0.2200,-0.9500,53.2200,52.6100,-105.6500,0.989848,129.468541,"0.17,0.22,-0.95,53.22,52.61,-105.65"
996,2026-07-27T13:20:37.207,40.032758,0.573100,0.0400,0.3400,-1.0700,58.0400,34.0600,-106.6300,1.123432,126.089976,"0.04,0.34,-1.07,58.04,34.06,-106.63"
997,2026-07-27T13:20:37.207,40.032991,0.232700,0.0600,0.2900,-1.1700,48.0300,-2.2000,-96.0100,1.206897,107.376166,"0.06,0.29,-1.17,48.03,-2.20,-96.01"
998,2026-07-27T13:20:37.207,40.033699,0.708900,0.1400,0.2100,-0.9800,24.2300,-53.2800,-63.0500,1.011978,86.029959,"0.14,0.21,-0.98,24.23,-53.28,-63.05"
999,2026-07-27T13:20:37.208,40.033937,0.237700,0.2400,0.2300,-0.9000,-2.7500,-106.2600,-17.8200,0.959427,107.778952,"0.24,0.23,-0.90,-2.75,-106.26,-17.82"
1000,2026-07-27T13:20:37.208,40.034197,0.259700,0.3000,0.1600,-1.1000,-22.2200,-130.0000,-0.6700,1.151347,131.886987,"0.30,0.16,-1.10,-22.22,-130.00,-0.67"
1001,2026-07-27T13:20:37.265,40.091183,56.986300,0.3000,-0.0300,-1.2900,-33.8700,-115.5400,-11.4700,1.324764,120.947217,"0.30,-0.03,-1.29,-33.87,-115.54,-11.47"
1002,2026-07-27T13:20:37.325,40.151499,60.315800,0.3300,-0.0300,-1.1700,-22.6400,-86.5500,-55.3000,1.216018,105.173961,"0.33,-0.03,-1.17,-22.64,-86.55,-55.30"
1003,2026-07-27T13:20:37.326,40.152317,0.818000,0.3300,0.0700,-0.9200,-4.8200,-61.3400,-104.3700,0.979898,121.156613,"0.33,0.07,-0.92,-4.82,-61.34,-104.37"
1004,2026-07-27T13:20:37.565,40.391399,239.081600,0.2700,0.0800,-0.8200,-7.4500,-45.4100,-92.0400,0.867006,102.902537,"0.27,0.08,-0.82,-7.45,-45.41,-92.04"
1005,2026-07-27T13:20:37.566,40.392134,0.735500,0.2300,0.0700,-0.7800,-22.4600,-32.5900,-36.3800,0.816211,53.759316,"0.23,0.07,-0.78,-22.46,-32.59,-36.38"
1006,2026-07-27T13:20:37.566,40.392497,0.363400,0.1700,0.0900,-0.7900,-37.7200,-12.3900,14.6500,0.813081,42.319416,"0.17,0.09,-0.79,-37.72,-12.39,14.65"
1007,2026-07-27T13:20:37.567,40.393239,0.741100,0.0100,0.1600,-0.8400,-43.3300,13.6700,29.7200,0.855161,54.292138,"0.01,0.16,-0.84,-43.33,13.67,29.72"
1008,2026-07-27T13:20:37.568,40.393899,0.660000,-0.1400,0.2400,-0.9400,-38.5700,35.7700,22.3400,0.980204,57.150795,"-0.14,0.24,-0.94,-38.57,35.77,22.34"
1009,2026-07-27T13:20:37.568,40.394583,0.684400,-0.2200,0.3000,-1.0100,-26.4900,51.3900,9.1600,1.076336,58.536807,"-0.22,0.30,-1.01,-26.49,51.39,9.16"
1010,2026-07-27T13:20:37.865,40.690979,296.396400,-0.2600,0.3700,-1.0300,-5.9800,64.3900,-52.4900,1.124900,83.288850,"-0.26,0.37,-1.03,-5.98,64.39,-52.49"
1011,2026-07-27T13:20:37.865,40.691312,0.333100,-0.2100,0.3700,-1.0300,10.1900,70.4300,-137.8800,1.114406,155.161578,"-0.21,0.37,-1.03,10.19,70.43,-137.88"
1012,2026-07-27T13:20:37.866,40.691975,0.662200,-0.0100,0.2700,-1.0500,6.8400,60.2400,-136.1100,1.084205,149.001931,"-0.01,0.27,-1.05,6.84,60.24,-136.11"
1013,2026-07-27T13:20:37.866,40.692686,0.711700,0.1800,0.1600,-1.2000,-14.4000,32.4100,-11.2300,1.223928,37.200551,"0.18,0.16,-1.20,-14.40,32.41,-11.23"
1014,2026-07-27T13:20:37.867,40.693479,0.792700,0.2900,0.0600,-1.2100,-21.2400,2.6900,110.0500,1.245713,112.113229,"0.29,0.06,-1.21,-21.24,2.69,110.05"
1015,2026-07-27T13:20:37.868,40.693983,0.504000,0.3000,0.0200,-0.9300,-4.2700,-3.6000,89.8400,0.977394,90.013435,"0.30,0.02,-0.93,-4.27,-3.60,89.84"
1016,2026-07-27T13:20:38.164,40.990623,296.639700,0.2600,0.1500,-0.8100,23.1900,10.6800,13.1800,0.863829,28.732402,"0.26,0.15,-0.81,23.19,10.68,13.18"
1017,2026-07-27T13:20:38.165,40.991259,0.636400,0.2600,0.3000,-0.9200,58.8400,25.3300,-19.2300,1.001998,66.884583,"0.26,0.30,-0.92,58.84,25.33,-19.23"
1018,2026-07-27T13:20:38.165,40.991691,0.432300,0.3000,0.3500,-0.9000,71.5900,34.9100,-37.1700,1.011187,87.894511,"0.30,0.35,-0.90,71.59,34.91,-37.17"
1019,2026-07-27T13:20:38.166,40.992397,0.705400,0.3000,0.3500,-0.8500,47.5500,33.9400,-24.0500,0.966954,63.176963,"0.30,0.35,-0.85,47.55,33.94,-24.05"
1020,2026-07-27T13:20:38.167,40.992851,0.453900,0.2600,0.3100,-0.8900,10.3800,24.9000,25.2100,0.977650,36.922872,"0.26,0.31,-0.89,10.38,24.90,25.21"
1021,2026-07-27T13:20:38.168,40.993745,0.894400,0.2000,0.2500,-0.9700,-20.5100,21.3600,65.7300,1.021470,72.092597,"0.20,0.25,-0.97,-20.51,21.36,65.73"
1022,2026-07-27T13:20:38.168,40.994370,0.624800,0.1300,0.2000,-0.9900,-36.8000,26.1800,75.2000,1.018332,87.719282,"0.13,0.20,-0.99,-36.80,26.18,75.20"
1023,2026-07-27T13:20:38.169,40.995648,1.277900,0.1000,0.1700,-0.9600,-36.3800,31.5600,60.6100,0.980051,77.415180,"0.10,0.17,-0.96,-36.38,31.56,60.61"
1024,2026-07-27T13:20:38.170,40.996597,0.948900,0.1000,0.1600,-0.9300,-24.1700,34.2400,34.0600,0.948947,54.006019,"0.10,0.16,-0.93,-24.17,34.24,34.06"
1025,2026-07-27T13:20:38.225,41.051310,54.713500,0.1100,0.1900,-0.9200,-3.2300,34.4200,4.2100,0.945833,34.826619,"0.11,0.19,-0.92,-3.23,34.42,4.21"
1026,2026-07-27T13:20:38.345,41.170814,119.503700,0.1000,0.2900,-0.9600,23.0700,31.4300,-18.3700,1.007819,43.099034,"0.10,0.29,-0.96,23.07,31.43,-18.37"
1027,2026-07-27T13:20:38.345,41.171198,0.384200,0.1100,0.4300,-1.0300,40.0400,23.3200,-21.3000,1.121561,50.997196,"0.11,0.43,-1.03,40.04,23.32,-21.30"
1028,2026-07-27T13:20:38.346,41.171928,0.729800,0.1000,0.4700,-1.1100,31.4900,10.8600,-10.3800,1.209545,34.889885,"0.10,0.47,-1.11,31.49,10.86,-10.38"
1029,2026-07-27T13:20:38.525,41.350992,179.063900,0.0500,0.3400,-1.1300,8.8500,6.9000,-38.3300,1.181101,39.938971,"0.05,0.34,-1.13,8.85,6.90,-38.33"
1030,2026-07-27T13:20:38.525,41.351290,0.298500,0.0200,0.2100,-1.0700,-0.1800,1.7700,-103.1500,1.090596,103.165342,"0.02,0.21,-1.07,-0.18,1.77,-103.15"
1031,2026-07-27T13:20:38.526,41.351873,0.582400,0.0800,0.1600,-1.0400,6.2300,-37.2900,-124.8800,1.055272,130.477475,"0.08,0.16,-1.04,6.23,-37.29,-124.88"
1032,2026-07-27T13:20:38.526,41.352701,0.827900,0.2500,0.1100,-1.1700,1.4000,-109.2500,-58.5900,1.201457,123.977057,"0.25,0.11,-1.17,1.40,-109.25,-58.59"
1033,2026-07-27T13:20:38.527,41.353445,0.744700,0.3700,-0.0500,-1.3000,-23.9900,-161.3200,54.3800,1.352553,171.921048,"0.37,-0.05,-1.30,-23.99,-161.32,54.38"
1034,2026-07-27T13:20:38.706,41.531918,178.472200,0.3100,-0.0900,-1.2300,-30.4600,-145.2000,57.7400,1.271652,159.200374,"0.31,-0.09,-1.23,-30.46,-145.20,57.74"
1035,2026-07-27T13:20:38.706,41.532555,0.637800,0.2700,0.1200,-0.9600,-2.3800,-86.8500,-76.1100,1.004440,115.504628,"0.27,0.12,-0.96,-2.38,-86.85,-76.11"
1036,2026-07-27T13:20:38.707,41.532851,0.295600,0.3700,0.2300,-0.7100,21.4800,-41.4400,-148.3200,0.833007,155.491114,"0.37,0.23,-0.71,21.48,-41.44,-148.32"
1037,2026-07-27T13:20:38.707,41.533321,0.470300,0.4800,0.1700,-0.6500,15.6200,-18.5500,-87.8900,0.825712,91.174223,"0.48,0.17,-0.65,15.62,-18.55,-87.89"
1038,2026-07-27T13:20:38.765,41.591076,57.755100,0.4700,0.0700,-0.7000,-11.7800,1.6500,1.6500,0.846050,12.008888,"0.47,0.07,-0.70,-11.78,1.65,1.65"
1039,2026-07-27T13:20:38.765,41.591703,0.626100,0.2600,0.0600,-0.8200,-31.3100,30.0900,42.4200,0.862322,60.705688,"0.26,0.06,-0.82,-31.31,30.09,42.42"
1040,2026-07-27T13:20:38.847,41.673364,81.661500,-0.0400,0.2100,-0.9600,-31.0100,53.3400,39.6100,0.983514,73.319355,"-0.04,0.21,-0.96,-31.01,53.34,39.61"
1041,2026-07-27T13:20:38.885,41.711021,37.657100,-0.1800,0.3400,-1.0800,-24.4100,52.5500,41.6900,1.146473,71.382118,"-0.18,0.34,-1.08,-24.41,52.55,41.69"
1042,2026-07-27T13:20:38.885,41.711114,0.093400,-0.2300,0.4100,-1.1300,-19.2900,37.2900,43.8800,1.223887,60.729751,"-0.23,0.41,-1.13,-19.29,37.29,43.88"
1043,2026-07-27T13:20:39.005,41.830895,119.780700,-0.3500,0.4400,-1.1200,-21.6100,30.6400,11.6000,1.253196,39.247442,"-0.35,0.44,-1.12,-21.61,30.64,11.60"
1044,2026-07-27T13:20:39.005,41.831488,0.592900,-0.4000,0.4100,-1.0700,-37.4800,33.4500,-40.1000,1.213672,64.278013,"-0.40,0.41,-1.07,-37.48,33.45,-40.10"
1045,2026-07-27T13:20:39.006,41.831858,0.369800,-0.0900,0.1100,-1.0500,-58.5300,25.7600,-22.2200,1.059575,67.698352,"-0.09,0.11,-1.05,-58.53,25.76,-22.22"
1046,2026-07-27T13:20:39.185,42.010903,179.044600,0.3000,-0.1600,-1.1000,-52.9200,6.5300,73.3600,1.151347,90.690997,"0.30,-0.16,-1.10,-52.92,6.53,73.36"
1047,2026-07-27T13:20:39.185,42.011724,0.822000,0.4500,-0.0300,-1.0800,-15.0100,-8.9700,87.5200,1.170385,89.249714,"0.45,-0.03,-1.08,-15.01,-8.97,87.52"
1048,2026-07-27T13:20:39.186,42.012545,0.820800,0.4900,0.2200,-0.9800,21.6100,-34.3600,50.9000,1.117542,65.103085,"0.49,0.22,-0.98,21.61,-34.36,50.90"
1049,2026-07-27T13:20:39.187,42.013184,0.639000,0.5300,0.3800,-0.9000,33.1400,-59.0800,92.6500,1.111441,114.772508,"0.53,0.38,-0.90,33.14,-59.08,92.65"
1050,2026-07-27T13:20:39.245,42.071234,58.049400,0.5200,0.4100,-0.8200,22.8300,-48.9500,140.5000,1.053992,150.524288,"0.52,0.41,-0.82,22.83,-48.95,140.50"
1051,2026-07-27T13:20:39.246,42.071858,0.623900,0.5000,0.3900,-0.7900,10.5600,-21.0000,140.8100,1.013015,142.758431,"0.50,0.39,-0.79,10.56,-21.00,140.81"
1052,2026-07-27T13:20:39.305,42.131573,59.715500,0.3900,0.3500,-0.8700,2.0800,1.8300,124.0200,1.015628,124.050940,"0.39,0.35,-0.87,2.08,1.83,124.02"
1053,2026-07-27T13:20:39.546,42.371945,240.371500,0.2100,0.3200,-1.0000,-1.9500,23.8000,97.1700,1.070747,100.061238,"0.21,0.32,-1.00,-1.95,23.80,97.17"
1054,2026-07-27T13:20:39.546,42.372466,0.521000,0.0500,0.3100,-1.0700,0.7300,45.2300,53.4100,1.115123,69.992242,"0.05,0.31,-1.07,0.73,45.23,53.41"
1055,2026-07-27T13:20:39.546,42.372678,0.212200,-0.0500,0.3000,-1.0300,1.0400,58.4700,-1.2200,1.073965,58.491973,"-0.05,0.30,-1.03,1.04,58.47,-1.22"
1056,2026-07-27T13:20:39.548,42.374296,1.618300,-0.0500,0.2600,-0.9700,-5.4300,54.2000,-36.0700,1.005485,65.331231,"-0.05,0.26,-0.97,-5.43,54.20,-36.07"
1057,2026-07-27T13:20:39.549,42.374830,0.534200,0.0300,0.2200,-0.9400,-13.7900,28.6900,-10.1300,0.965867,33.405046,"0.03,0.22,-0.94,-13.79,28.69,-10.13"
1058,2026-07-27T13:20:39.549,42.375364,0.533700,0.1300,0.2200,-0.9300,-22.4000,-8.9700,66.5900,0.964469,70.826895,"0.13,0.22,-0.93,-22.40,-8.97,66.59"
1059,2026-07-27T13:20:39.605,42.431416,56.052100,0.2100,0.2700,-0.9300,-25.9400,-43.1500,146.3000,0.990909,154.720704,"0.21,0.27,-0.93,-25.94,-43.15,146.30"
1060,2026-07-27T13:20:39.904,42.730695,299.278500,0.2600,0.3000,-0.9100,-26.4300,-58.2900,183.7800,0.992824,194.605646,"0.26,0.30,-0.91,-26.43,-58.29,183.78"
1061,2026-07-27T13:20:39.905,42.731110,0.415300,0.2300,0.2600,-0.9100,-34.3000,-24.1100,104.8600,0.973961,112.930960,"0.23,0.26,-0.91,-34.30,-24.11,104.86"
1062,2026-07-27T13:20:39.905,42.731696,0.586100,0.1300,0.2100,-0.9400,-25.9400,-3.7800,42.5400,0.971905,49.968226,"0.13,0.21,-0.94,-25.94,-3.78,42.54"
1063,2026-07-27T13:20:39.906,42.732366,0.669900,0.0200,0.2100,-0.9800,-14.6500,-10.6800,-14.5300,1.002447,23.233721,"0.02,0.21,-0.98,-14.65,-10.68,-14.53"
1064,2026-07-27T13:20:39.907,42.733011,0.645100,0.0100,0.2400,-1.0800,-17.7600,-61.2800,-14.0400,1.106391,65.328230,"0.01,0.24,-1.08,-17.76,-61.28,-14.04"
1065,2026-07-27T13:20:39.908,42.733951,0.940200,0.0900,0.2900,-1.3000,-42.3000,-130.0000,78.3700,1.334991,157.579018,"0.09,0.29,-1.30,-42.30,-130.00,78.37"
1066,2026-07-27T13:20:39.909,42.734890,0.938900,0.2300,0.1200,-1.4100,-70.1300,-162.7800,233.4600,1.433667,293.119629,"0.23,0.12,-1.41,-70.13,-162.78,233.46"
1067,2026-07-27T13:20:39.909,42.735732,0.842100,0.2100,-0.2700,-1.2800,-49.1300,-140.7500,262.5700,1.324915,301.939273,"0.21,-0.27,-1.28,-49.13,-140.75,262.57"
1068,2026-07-27T13:20:40.085,42.911465,175.732700,0.3300,0.2300,-0.8000,19.9600,-94.2400,72.4500,0.895433,120.534566,"0.33,0.23,-0.80,19.96,-94.24,72.45"
1069,2026-07-27T13:20:40.086,42.912023,0.558600,0.4700,0.4500,-0.6900,44.3100,-55.6600,-51.8800,0.948420,88.050815,"0.47,0.45,-0.69,44.31,-55.66,-51.88"
1070,2026-07-27T13:20:40.087,42.912828,0.804100,0.3800,0.3500,-0.7200,-2.3800,-26.4300,16.4200,0.886172,31.206180,"0.38,0.35,-0.72,-2.38,-26.43,16.42"
1071,2026-07-27T13:20:40.087,42.912946,0.118700,0.1900,0.2400,-0.7400,-50.4200,2.9900,98.8800,0.800812,111.033197,"0.19,0.24,-0.74,-50.42,2.99,98.88"
1072,2026-07-27T13:20:40.087,42.913357,0.410500,0.0300,0.2200,-0.8400,-51.8800,31.2500,113.4000,0.868850,128.559935,"0.03,0.22,-0.84,-51.88,31.25,113.40"
1073,2026-07-27T13:20:40.204,43.030719,117.362500,-0.1600,0.3100,-1.0100,-14.4000,57.3100,66.3500,1.068550,88.848853,"-0.16,0.31,-1.01,-14.40,57.31,66.35"
1074,2026-07-27T13:20:40.205,43.031574,0.854600,-0.3800,0.4200,-1.0700,24.4800,77.3900,-44.0100,1.210661,92.332890,"-0.38,0.42,-1.07,24.48,77.39,-44.01"
1075,2026-07-27T13:20:40.205,43.031728,0.154100,-0.3900,0.4700,-1.0700,32.0400,67.8100,-124.8200,1.232031,145.618646,"-0.39,0.47,-1.07,32.04,67.81,-124.82"
1076,2026-07-27T13:20:40.265,43.091151,59.423200,-0.1000,0.4000,-1.1100,2.6900,17.4600,-50.6000,1.184103,53.595221,"-0.10,0.40,-1.11,2.69,17.46,-50.60"
1077,2026-07-27T13:20:40.444,43.270567,179.415500,0.2300,0.2700,-1.1400,-43.2700,-41.2000,112.1200,1.193901,127.045769,"0.23,0.27,-1.14,-43.27,-41.20,112.12"
1078,2026-07-27T13:20:40.445,43.270917,0.349800,0.4400,0.0600,-0.9700,-74.5800,-72.5700,205.5700,1.066818,230.407479,"0.44,0.06,-0.97,-74.58,-72.57,205.57"
1079,2026-07-27T13:20:40.445,43.271684,0.767100,0.5000,-0.0100,-0.8700,-56.4000,-71.3500,183.7200,1.003494,204.999563,"0.50,-0.01,-0.87,-56.40,-71.35,183.72"
1080,2026-07-27T13:20:40.446,43.272481,0.797400,0.4500,0.1400,-0.9800,5.6800,-50.0500,93.3200,1.087428,106.046628,"0.45,0.14,-0.98,5.68,-50.05,93.32"
1081,2026-07-27T13:20:40.447,43.273304,0.823500,0.4000,0.2800,-0.9800,52.6100,-26.0600,21.7900,1.094897,62.623796,"0.40,0.28,-0.98,52.61,-26.06,21.79"
1082,2026-07-27T13:20:40.745,43.571259,297.954100,0.4000,0.3800,-0.8700,53.7700,-19.7100,40.7700,1.030194,70.298577,"0.40,0.38,-0.87,53.77,-19.71,40.77"
1083,2026-07-27T13:20:40.864,43.690626,119.367100,0.4600,0.4300,-0.8300,20.7500,-34.8500,150.0200,1.041825,155.406195,"0.46,0.43,-0.83,20.75,-34.85,150.02"
1084,2026-07-27T13:20:40.865,43.690960,0.333900,0.4500,0.3800,-0.8900,-22.0300,-40.9500,250.9200,1.067239,255.192221,"0.45,0.38,-0.89,-22.03,-40.95,250.92"
1085,2026-07-27T13:20:40.865,43.691326,0.366500,0.3100,0.2700,-0.9700,-36.3800,-15.2600,240.0500,1.053518,243.270168,"0.31,0.27,-0.97,-36.38,-15.26,240.05"
1086,2026-07-27T13:20:40.866,43.692277,0.951100,0.1400,0.2300,-0.9900,-11.1700,23.3800,145.2600,1.025963,147.552909,"0.14,0.23,-0.99,-11.17,23.38,145.26"
1087,2026-07-27T13:20:40.867,43.692945,0.667400,0.0200,0.2800,-0.9400,23.5000,51.5100,39.5500,0.981020,69.063251,"0.02,0.28,-0.94,23.50,51.51,39.55"
1088,2026-07-27T13:20:40.867,43.693695,0.750100,-0.1000,0.4700,-0.8500,40.2200,66.7700,-66.6500,0.976422,102.557807,"-0.10,0.47,-0.85,40.22,66.77,-66.65"
1089,2026-07-27T13:20:40.869,43.695019,1.324500,-0.3600,0.6300,-0.7800,29.7900,78.4900,-221.0100,1.065317,236.418156,"-0.36,0.63,-0.78,29.79,78.49,-221.01"
1090,2026-07-27T13:20:40.869,43.695610,0.591300,-0.6100,0.4300,-0.8800,-15.9900,66.9600,-373.2300,1.153863,379.525960,"-0.61,0.43,-0.88,-15.99,66.96,-373.23"
1091,2026-07-27T13:20:40.870,43.696038,0.427300,-0.2700,-0.0100,-1.3300,-86.8500,-39.1800,-285.0300,1.357166,300.533019,"-0.27,-0.01,-1.33,-86.85,-39.18,-285.03"
1092,2026-07-27T13:20:41.105,43.931096,235.058400,0.4100,-0.1900,-1.8400,-115.9700,-233.5800,173.7100,1.894677,313.342977,"0.41,-0.19,-1.84,-115.97,-233.58,173.71"
1093,2026-07-27T13:20:41.106,43.932501,1.404400,0.5900,-0.0900,-1.8600,-78.0600,-334.2300,626.4600,1.953407,714.321488,"0.59,-0.09,-1.86,-78.06,-334.23,626.46"
1094,2026-07-27T13:20:41.107,43.933179,0.678100,0.3400,-0.2100,-1.4900,-52.0000,-251.3400,618.2900,1.542660,669.446278,"0.34,-0.21,-1.49,-52.00,-251.34,618.29"
1095,2026-07-27T13:20:41.107,43.933684,0.505300,0.2400,-0.1100,-1.1800,-0.2400,-118.1000,238.8300,1.209173,266.434676,"0.24,-0.11,-1.18,-0.24,-118.10,238.83"
1096,2026-07-27T13:20:41.108,43.934436,0.751600,0.3600,0.3700,-0.8700,106.9900,-34.1200,-141.3600,1.011632,180.537210,"0.36,0.37,-0.87,106.99,-34.12,-141.36"
1097,2026-07-27T13:20:41.109,43.935027,0.591700,0.4100,0.5000,-0.4700,134.9500,10.9300,-251.1000,0.799375,285.275617,"0.41,0.50,-0.47,134.95,10.93,-251.10"
1098,2026-07-27T13:20:41.345,44.171128,236.100800,0.1400,0.3400,-0.3700,47.4900,41.1400,-126.8900,0.521632,141.594039,"0.14,0.34,-0.37,47.49,41.14,-126.89"
1099,2026-07-27T13:20:41.345,44.171684,0.555700,-0.2500,0.1700,-0.4900,-56.3400,63.2300,1.7700,0.575760,84.707505,"-0.25,0.17,-0.49,-56.34,63.23,1.77"
1100,2026-07-27T13:20:41.346,44.172373,0.689300,-0.3200,0.0800,-0.5200,-95.8300,62.9300,32.5300,0.615792,119.171199,"-0.32,0.08,-0.52,-95.83,62.93,32.53"
1101,2026-07-27T13:20:41.404,44.230452,58.079100,-0.0700,0.1400,-1.0200,-32.1700,29.1100,14.4000,1.031940,45.712810,"-0.07,0.14,-1.02,-32.17,29.11,14.40"
1102,2026-07-27T13:20:41.405,44.231062,0.610100,0.2100,0.2600,-1.5000,70.0700,-18.6800,6.5900,1.536782,72.816038,"0.21,0.26,-1.50,70.07,-18.68,6.59"
1103,2026-07-27T13:20:41.405,44.231629,0.566900,0.5100,0.2800,-1.4000,77.2700,-49.8700,20.6900,1.516080,94.264234,"0.51,0.28,-1.40,77.27,-49.87,20.69"
1104,2026-07-27T13:20:41.406,44.231894,0.265200,0.7600,0.2600,-1.3700,33.5100,-53.0400,68.0500,1.588112,92.557896,"0.76,0.26,-1.37,33.51,-53.04,68.05"
1105,2026-07-27T13:20:41.406,44.232716,0.821700,0.7300,0.2300,-1.3600,6.9000,-23.2500,146.5500,1.560577,148.543176,"0.73,0.23,-1.36,6.90,-23.25,146.55"
1106,2026-07-27T13:20:41.464,44.290636,57.920100,0.5100,0.1800,-1.1200,-12.8800,26.6700,186.8300,1.243744,189.162978,"0.51,0.18,-1.12,-12.88,26.67,186.83"
1107,2026-07-27T13:20:41.645,44.470940,180.303800,0.3100,0.1700,-0.8900,-2.9900,65.7300,152.7700,0.957653,166.337145,"0.31,0.17,-0.89,-2.99,65.73,152.77"
1108,2026-07-27T13:20:41.945,44.770807,299.867100,0.1500,0.2700,-0.8300,23.6800,89.2300,123.6600,0.885607,154.319574,"0.15,0.27,-0.83,23.68,89.23,123.66"
1109,2026-07-27T13:20:41.946,44.771973,1.165700,-0.1000,0.5600,-0.8300,41.9300,111.2100,93.2000,1.006231,151.036515,"-0.10,0.56,-0.83,41.93,111.21,93.20"
1110,2026-07-27T13:20:41.946,44.772504,0.531500,-0.4300,0.6500,-0.7900,22.4000,146.6700,-83.8000,1.109730,170.400378,"-0.43,0.65,-0.79,22.40,146.67,-83.80"
1111,2026-07-27T13:20:41.947,44.773312,0.807800,-0.6300,0.1000,-0.7200,-66.1600,155.4000,-302.9800,0.961925,346.876327,"-0.63,0.10,-0.72,-66.16,155.40,-302.98"
1112,2026-07-27T13:20:41.947,44.773714,0.401600,-0.5600,-0.3400,-0.8200,-138.4300,37.2900,-173.4000,1.049571,224.991042,"-0.56,-0.34,-0.82,-138.43,37.29,-173.40"
1113,2026-07-27T13:20:41.948,44.774359,0.645000,-0.1700,-0.0500,-1.4700,-27.4000,-169.4300,114.2600,1.480642,206.185917,"-0.17,-0.05,-1.47,-27.40,-169.43,114.26"
1114,2026-07-27T13:20:41.949,44.774987,0.628500,0.4800,0.4800,-2.3700,189.9400,-299.5600,83.6800,2.465299,364.438938,"0.48,0.48,-2.37,189.94,-299.56,83.68"
1115,2026-07-27T13:20:41.949,44.775563,0.575800,0.9900,0.8800,-2.3800,252.6900,-280.8200,-105.4100,2.723766,392.203234,"0.99,0.88,-2.38,252.69,-280.82,-105.41"
1116,2026-07-27T13:20:41.950,44.776551,0.987900,1.0600,0.8000,-1.4700,113.1600,-173.5800,-138.3100,1.981035,249.128196,"1.06,0.80,-1.47,113.16,-173.58,-138.31"
1117,2026-07-27T13:20:41.951,44.777106,0.555000,0.6700,-0.1300,-0.7500,-86.3600,-74.2200,-19.1700,1.014051,115.473577,"0.67,-0.13,-0.75,-86.36,-74.22,-19.17"
1118,2026-07-27T13:20:41.951,44.777718,0.612300,0.2200,-0.6000,-0.4200,-145.8100,-6.1000,39.0600,0.764722,151.074318,"0.22,-0.60,-0.42,-145.81,-6.10,39.06"
1119,2026-07-27T13:20:42.005,44.830746,53.027800,-0.0200,-0.1100,-0.1800,-36.5600,46.8100,-62.8100,0.211896,86.445970,"-0.02,-0.11,-0.18,-36.56,46.81,-62.81"
1120,2026-07-27T13:20:42.005,44.831251,0.505300,-0.2300,0.2500,-0.0000,66.5300,70.8600,-139.1000,0.339706,169.694403,"-0.23,0.25,-0.00,66.53,70.86,-139.10"
1121,2026-07-27T13:20:42.125,44.950968,119.717100,-0.3000,0.2400,-0.1500,98.7500,55.5400,-126.1600,0.412432,169.565916,"-0.30,0.24,-0.15,98.75,55.54,-126.16"
1122,2026-07-27T13:20:42.125,44.951503,0.534800,0.2600,0.1700,-1.1300,94.4200,-24.0500,-66.2800,1.171921,117.841323,"0.26,0.17,-1.13,94.42,-24.05,-66.28"
1123,2026-07-27T13:20:42.126,44.952427,0.924300,0.9300,0.2000,-1.8200,54.8100,-109.9900,12.0200,2.053607,123.476381,"0.93,0.20,-1.82,54.81,-109.99,12.02"
1124,2026-07-27T13:20:42.305,45.131740,179.313000,0.8900,0.1700,-1.8100,-10.7400,-66.3500,18.5500,2.024129,69.726412,"0.89,0.17,-1.81,-10.74,-66.35,18.55"
1125,2026-07-27T13:20:42.306,45.132252,0.511600,0.5200,0.1300,-1.8200,-25.5700,66.4100,-3.3600,1.897288,71.241860,"0.52,0.13,-1.82,-25.57,66.41,-3.36"
1126,2026-07-27T13:20:42.306,45.132650,0.397600,0.2700,0.1400,-1.7500,13.7300,163.0900,-4.7000,1.776232,163.734392,"0.27,0.14,-1.75,13.73,163.09,-4.70"
1127,2026-07-27T13:20:42.307,45.133034,0.384800,-0.0400,0.3000,-1.7100,42.6000,209.1100,-15.4400,1.736577,213.962954,"-0.04,0.30,-1.71,42.60,209.11,-15.44"
1128,2026-07-27T13:20:42.485,45.310832,177.797200,-0.5600,0.2300,-1.5300,25.3900,218.8700,-105.7700,1.645418,244.409537,"-0.56,0.23,-1.53,25.39,218.87,-105.77"
1129,2026-07-27T13:20:42.486,45.312046,1.214600,-0.8400,-0.0800,-0.9800,-35.9500,187.2600,-135.9900,1.293213,234.205017,"-0.84,-0.08,-0.98,-35.95,187.26,-135.99"
1130,2026-07-27T13:20:42.486,45.312450,0.404000,-0.7700,-0.0600,-0.2100,-43.0900,91.9800,-37.2300,0.800375,108.181058,"-0.77,-0.06,-0.21,-43.09,91.98,-37.23"
1131,2026-07-27T13:20:42.487,45.312890,0.440100,-0.6800,0.2300,0.2500,32.5900,-36.6200,-74.8300,0.760132,89.457596,"-0.68,0.23,0.25,32.59,-36.62,-74.83"
1132,2026-07-27T13:20:42.487,45.313323,0.432700,-0.5900,0.5100,0.0600,135.1900,-104.8600,-234.6200,0.782176,290.376480,"-0.59,0.51,0.06,135.19,-104.86,-234.62"
1133,2026-07-27T13:20:42.604,45.430590,117.267200,-0.3700,0.7500,-1.1900,387.5100,-111.6900,-325.7400,1.454476,518.406408,"-0.37,0.75,-1.19,387.51,-111.69,-325.74"
1134,2026-07-27T13:20:42.606,45.432612,2.022100,0.1200,1.3800,-2.8900,352.4800,-189.2700,-217.1600,3.204824,455.218353,"0.12,1.38,-2.89,352.48,-189.27,-217.16"
1135,2026-07-27T13:20:42.607,45.433583,0.970700,0.8200,1.8500,-3.2300,68.9100,-238.1600,-89.7800,3.811535,263.683944,"0.82,1.85,-3.23,68.91,-238.16,-89.78"
1136,2026-07-27T13:20:42.905,45.730764,297.181400,1.4500,1.0000,-2.1400,-325.6800,-194.9500,-15.2000,2.771660,379.873670,"1.45,1.00,-2.14,-325.68,-194.95,-15.20"
1137,2026-07-27T13:20:42.905,45.731334,0.569100,1.3600,-0.4400,-1.1100,-412.7800,-69.3400,-128.4200,1.809779,437.820809,"1.36,-0.44,-1.11,-412.78,-69.34,-128.42"
1138,2026-07-27T13:20:42.906,45.731986,0.652500,0.3700,-0.8200,-0.6700,-163.8800,41.3200,-335.3900,1.121695,375.566837,"0.37,-0.82,-0.67,-163.88,41.32,-335.39"
1139,2026-07-27T13:20:42.906,45.732071,0.085200,-0.3600,-0.1800,-0.5200,38.8800,76.8400,-379.7600,0.657571,389.401718,"-0.36,-0.18,-0.52,38.88,76.84,-379.76"
1140,2026-07-27T13:20:42.907,45.733058,0.986300,-0.2200,0.2700,-0.6600,91.9200,41.6900,-251.3400,0.746257,270.848921,"-0.22,0.27,-0.66,91.92,41.69,-251.34"
1141,2026-07-27T13:20:42.908,45.734016,0.958100,0.3900,0.3300,-1.3800,94.3000,-15.4400,-69.3400,1.471530,118.063200,"0.39,0.33,-1.38,94.30,-15.44,-69.34"
1142,2026-07-27T13:20:42.909,45.734780,0.764200,0.6700,0.5600,-2.9500,85.6900,10.0700,-107.7900,3.076524,138.068335,"0.67,0.56,-2.95,85.69,10.07,-107.79"
1143,2026-07-27T13:20:42.965,45.790978,56.197700,0.1300,0.2900,-3.2300,38.5700,138.0600,-448.4300,3.245597,470.784105,"0.13,0.29,-3.23,38.57,138.06,-448.43"
1144,2026-07-27T13:20:42.965,45.791393,0.415300,-0.2800,-0.1300,-2.3000,-117.5500,253.6000,-657.2000,2.320625,714.172810,"-0.28,-0.13,-2.30,-117.55,253.60,-657.2"
1145,2026-07-27T13:20:43.025,45.850914,59.521200,-0.5600,-0.3500,-0.8300,-277.5900,269.7100,-417.6000,1.060660,569.376371,"-0.56,-0.35,-0.83,-277.59,269.71,-417.6"
1146,2026-07-27T13:20:43.085,45.911469,60.554600,-0.8100,-0.2700,-0.0300,-206.0500,200.8700,-13.3700,0.854342,288.069638,"-0.81,-0.27,-0.03,-206.05,200.87,-13.37"
1147,2026-07-27T13:20:43.144,45.970702,59.233100,-0.7400,-0.0100,0.1100,48.0300,158.9400,168.2700,0.748198,236.397118,"-0.74,-0.01,0.11,48.03,158.94,168.27"
1148,2026-07-27T13:20:43.145,45.971253,0.551400,-0.3300,0.1600,0.1300,210.2700,146.7900,86.4900,0.389102,270.631294,"-0.33,0.16,0.13,210.27,146.79,86.49"
1149,2026-07-27T13:20:43.265,46.090956,119.702900,0.0200,0.2800,0.0900,206.1800,60.1800,-31.4900,0.294788,217.079352,"0.02,0.28,0.09,206.18,60.18,-31.49"
1150,2026-07-27T13:20:43.265,46.091595,0.638400,0.2400,0.6700,-0.1000,267.8200,-58.7800,3.5400,0.718679,274.217382,"0.24,0.67,-0.10,267.82,-58.78,3.54"
1151,2026-07-27T13:20:43.266,46.092197,0.602100,0.3700,0.9200,-0.2700,402.4700,-120.0000,129.0900,1.027716,439.370378,"0.37,0.92,-0.27,402.47,-120.00,129.09"
1152,2026-07-27T13:20:43.445,46.271497,179.300700,0.3500,0.6500,-0.2300,336.3000,-131.5900,119.9300,0.773240,380.521777,"0.35,0.65,-0.23,336.30,-131.59,119.93"
1153,2026-07-27T13:20:43.446,46.272088,0.590300,0.3000,0.3700,-0.0900,117.3100,-138.9800,-48.5800,0.484768,188.247425,"0.30,0.37,-0.09,117.31,-138.98,-48.58"
1154,2026-07-27T13:20:43.447,46.272822,0.734000,0.4200,0.5400,0.0100,30.9400,-156.8600,-261.3500,0.684178,306.375857,"0.42,0.54,0.01,30.94,-156.86,-261.35"
1155,2026-07-27T13:20:43.447,46.273416,0.594000,0.4800,0.6800,-0.0800,99.0600,-158.5100,-407.4700,0.836182,448.296893,"0.48,0.68,-0.08,99.06,-158.51,-407.47"
1156,2026-07-27T13:20:43.448,46.274203,0.787500,0.6500,0.0300,-1.0800,37.8400,-182.3700,-365.0500,1.260873,409.819698,"0.65,0.03,-1.08,37.84,-182.37,-365.05"
1157,2026-07-27T13:20:43.505,46.331277,57.074400,0.8800,-0.6500,-2.7100,-171.4500,-304.8100,-186.4000,2.922499,396.294333,"0.88,-0.65,-2.71,-171.45,-304.81,-186.4"
1158,2026-07-27T13:20:43.865,46.691686,360.409000,0.2600,-0.7600,-3.5800,-221.0100,-289.4300,-73.9700,3.669005,371.600196,"0.26,-0.76,-3.58,-221.01,-289.43,-73.97"
1159,2026-07-27T13:20:43.866,46.692326,0.639600,-0.5000,-0.7000,-3.0200,-97.9600,-66.1000,-18.6200,3.140127,119.633089,"-0.50,-0.70,-3.02,-97.96,-66.10,-18.62"
1160,2026-07-27T13:20:43.867,46.693248,0.921600,-0.3500,-0.4500,-1.6400,28.6300,77.9400,-7.3900,1.736260,83.360258,"-0.35,-0.45,-1.64,28.63,77.94,-7.39"
1161,2026-07-27T13:20:44.045,46.870919,177.671400,0.1000,-0.2000,-0.6600,69.5200,83.8600,-58.5900,0.696850,123.686370,"0.10,-0.20,-0.66,69.52,83.86,-58.59"
1162,2026-07-27T13:20:44.047,46.872827,1.907600,0.2900,-0.1200,-0.3500,49.3200,46.8100,-64.2100,0.470106,93.523059,"0.29,-0.12,-0.35,49.32,46.81,-64.21"
1163,2026-07-27T13:20:44.047,46.873478,0.651500,0.2500,-0.0800,-0.3900,41.0200,22.4000,-53.1000,0.470106,70.739030,"0.25,-0.08,-0.39,41.02,22.40,-53.10"
1164,2026-07-27T13:20:44.049,46.874815,1.337200,0.1900,-0.0000,-0.4700,50.8400,9.4600,-67.0200,0.506952,84.651507,"0.19,-0.00,-0.47,50.84,9.46,-67.02"
1165,2026-07-27T13:20:44.049,46.875336,0.520200,0.2000,0.0900,-0.5200,54.8700,-1.4000,-78.3100,0.564358,95.630189,"0.20,0.09,-0.52,54.87,-1.40,-78.31"
1166,2026-07-27T13:20:44.050,46.875878,0.542100,0.3000,0.1700,-0.6900,43.5200,-8.6700,-58.7200,0.771362,73.601615,"0.30,0.17,-0.69,43.52,-8.67,-58.72"
1167,2026-07-27T13:20:44.050,46.876468,0.590600,0.3400,0.0400,-1.0000,12.8800,-4.8800,-13.6700,1.056977,19.405610,"0.34,0.04,-1.00,12.88,-4.88,-13.67"
1168,2026-07-27T13:20:44.051,46.876895,0.427000,0.3200,-0.1800,-1.2200,-14.0400,12.2100,-14.4700,1.274049,23.570885,"0.32,-0.18,-1.22,-14.04,12.21,-14.47"
1169,2026-07-27T13:20:44.104,46.930555,53.659500,0.3400,-0.1900,-1.2500,-7.1400,23.3200,-55.9700,1.309275,61.052788,"0.34,-0.19,-1.25,-7.14,23.32,-55.97"
1170,2026-07-27T13:20:44.225,47.051011,120.456700,0.2400,-0.0900,-1.2300,6.8400,20.0800,-44.9200,1.256423,49.676940,"0.24,-0.09,-1.23,6.84,20.08,-44.92"
1171,2026-07-27T13:20:44.225,47.051595,0.583100,0.0300,0.0800,-1.1900,5.3100,13.8500,13.1800,1.193063,19.842656,"0.03,0.08,-1.19,5.31,13.85,13.18"
1172,2026-07-27T13:20:44.226,47.052269,0.674500,-0.2600,0.2400,-1.0900,-13.4900,8.3000,25.0900,1.145993,29.671168,"-0.26,0.24,-1.09,-13.49,8.30,25.09"
1173,2026-07-27T13:20:44.227,47.053019,0.750400,-0.6200,0.1500,-1.0200,-48.9500,-12.5700,-7.4500,1.203038,51.084341,"-0.62,0.15,-1.02,-48.95,-12.57,-7.45"
1174,2026-07-27T13:20:44.227,47.053351,0.331200,-0.3600,-0.3100,-1.0100,-71.8400,-64.7000,43.1500,1.116154,105.872556,"-0.36,-0.31,-1.01,-71.84,-64.70,43.15"
1175,2026-07-27T13:20:44.228,47.054105,0.754800,0.3300,-0.4700,-1.0100,-49.5000,-103.2100,96.0700,1.161852,149.438947,"0.33,-0.47,-1.01,-49.50,-103.21,96.07"
1176,2026-07-27T13:20:44.405,47.231127,177.021800,0.5100,-0.2300,-0.8900,-19.2300,-80.1400,29.3000,1.051237,87.468294,"0.51,-0.23,-0.89,-19.23,-80.14,29.30"
1177,2026-07-27T13:20:44.405,47.231705,0.577400,0.2700,-0.0700,-0.6100,-25.7000,-22.1600,-47.1200,0.670746,58.067633,"0.27,-0.07,-0.61,-25.70,-22.16,-47.12"
1178,2026-07-27T13:20:44.406,47.232228,0.523000,-0.0900,0.1300,-0.3900,-46.2000,30.0900,-85.9400,0.420833,102.105493,"-0.09,0.13,-0.39,-46.20,30.09,-85.94"
1179,2026-07-27T13:20:44.406,47.232717,0.489800,-0.2600,0.1400,-0.5500,-66.0400,43.2100,-94.4200,0.624260,123.059019,"-0.26,0.14,-0.55,-66.04,43.21,-94.42"
1180,2026-07-27T13:20:44.407,47.233367,0.649100,0.1900,0.0300,-1.2000,-67.5700,-6.3500,-5.4300,1.215319,68.084597,"0.19,0.03,-1.20,-67.57,-6.35,-5.43"
1181,2026-07-27T13:20:44.465,47.291544,58.177300,0.7400,0.1000,-1.7100,-17.0300,-60.3600,73.5500,1.865931,96.658952,"0.74,0.10,-1.71,-17.03,-60.36,73.55"
1182,2026-07-27T13:20:44.885,47.711363,419.819200,0.7700,0.2300,-1.7200,36.5000,-50.4200,57.7400,1.898473,84.901908,"0.77,0.23,-1.72,36.50,-50.42,57.74"
1183,2026-07-27T13:20:44.886,47.712113,0.749600,0.5300,0.3000,-1.5100,45.5900,3.3000,32.0400,1.628189,55.820245,"0.53,0.30,-1.51,45.59,3.30,32.04"
1184,2026-07-27T13:20:44.886,47.712168,0.055000,0.3200,0.2700,-1.2200,31.5600,50.2900,24.9600,1.289845,64.405895,"0.32,0.27,-1.22,31.56,50.29,24.96"
1185,2026-07-27T13:20:44.886,47.712658,0.490500,0.1900,0.2200,-0.9100,10.0100,72.6300,49.0700,0.955301,88.222344,"0.19,0.22,-0.91,10.01,72.63,49.07"
1186,2026-07-27T13:20:44.887,47.713262,0.603300,0.0800,0.1700,-0.6300,-11.8400,81.1800,91.4900,0.657419,122.885305,"0.08,0.17,-0.63,-11.84,81.18,91.49"
1187,2026-07-27T13:20:44.888,47.714049,0.787300,-0.0300,0.1400,-0.4600,-21.0000,86.1800,106.0800,0.481768,138.278555,"-0.03,0.14,-0.46,-21.00,86.18,106.08"
1188,2026-07-27T13:20:44.889,47.714773,0.724600,-0.1500,0.2300,-0.4900,-12.0200,90.0900,58.9600,0.561694,108.337298,"-0.15,0.23,-0.49,-12.02,90.09,58.96"
1189,2026-07-27T13:20:44.890,47.716012,1.238600,-0.3100,0.3500,-0.6000,-14.1000,86.5500,-56.7000,0.760658,104.425105,"-0.31,0.35,-0.60,-14.10,86.55,-56.70"
1190,2026-07-27T13:20:44.890,47.716472,0.460000,-0.4200,0.3000,-0.7200,-44.9800,58.7200,-182.2500,0.885889,196.688335,"-0.42,0.30,-0.72,-44.98,58.72,-182.25"
1191,2026-07-27T13:20:44.891,47.717225,0.753300,-0.2800,0.1400,-1.1600,-60.7900,-25.7000,-150.1500,1.201499,164.015050,"-0.28,0.14,-1.16,-60.79,-25.70,-150.15"
1192,2026-07-27T13:20:44.892,47.718396,1.170400,0.1800,-0.0600,-1.9500,-41.2600,-159.7300,155.7000,1.959209,226.844772,"0.18,-0.06,-1.95,-41.26,-159.73,155.70"
1193,2026-07-27T13:20:44.945,47.771250,52.854000,0.5400,-0.5000,-2.1800,-72.5100,-230.9000,535.0300,2.300869,587.221944,"0.54,-0.50,-2.18,-72.51,-230.90,535.03"
1194,2026-07-27T13:20:45.125,47.951250,180.000200,0.4100,-0.6800,-1.7000,-111.6900,-163.6400,528.2000,1.876300,564.134688,"0.41,-0.68,-1.70,-111.69,-163.64,528.20"
1195,2026-07-27T13:20:45.126,47.951951,0.700800,0.1800,-0.2600,-1.1800,-38.5100,-54.7500,96.8600,1.221638,117.738873,"0.18,-0.26,-1.18,-38.51,-54.75,96.86"
1196,2026-07-27T13:20:45.127,47.952754,0.803700,0.2200,0.2000,-0.7700,66.4100,-2.5000,-253.3600,0.825409,261.930960,"0.22,0.20,-0.77,66.41,-2.50,-253.36"
1197,2026-07-27T13:20:45.127,47.953357,0.602500,0.3500,0.4000,-0.5200,89.8400,5.7400,-256.6500,0.743572,271.980506,"0.35,0.40,-0.52,89.84,5.74,-256.65"
1198,2026-07-27T13:20:45.185,48.010782,57.424900,0.3200,0.3500,-0.5000,33.7500,4.5200,-75.7400,0.689130,83.042402,"0.32,0.35,-0.50,33.75,4.52,-75.74"
1199,2026-07-27T13:20:45.185,48.011428,0.645800,0.0600,0.1700,-0.6700,-49.1300,10.3800,76.1100,0.693830,91.182418,"0.06,0.17,-0.67,-49.13,10.38,76.11"
1200,2026-07-27T13:20:45.365,48.190943,179.515800,-0.2200,0.0400,-0.8300,-94.1200,20.2000,131.7100,0.859593,163.138403,"-0.22,0.04,-0.83,-94.12,20.20,131.71"
1201,2026-07-27T13:20:45.366,48.191784,0.841000,-0.1200,0.0500,-0.9100,-63.3500,17.3300,89.5400,0.919239,111.044869,"-0.12,0.05,-0.91,-63.35,17.33,89.54"
1202,2026-07-27T13:20:45.369,48.195185,3.400300,0.2400,0.1200,-1.0800,-1.0400,2.0100,-1.1000,1.112834,2.516287,"0.24,0.12,-1.08,-1.04,2.01,-1.10"
1203,2026-07-27T13:20:45.369,48.195640,0.455200,0.5000,0.1800,-1.1900,30.4000,-8.9700,-28.4400,1.303265,42.584674,"0.50,0.18,-1.19,30.40,-8.97,-28.44"
1204,2026-07-27T13:20:45.370,48.196086,0.445800,0.5800,0.2000,-1.1100,27.2200,-11.3500,15.8700,1.268267,33.490414,"0.58,0.20,-1.11,27.22,-11.35,15.87"
1205,2026-07-27T13:20:45.485,48.311338,115.252000,0.5600,0.2000,-1.0000,20.3900,-10.3800,67.7500,1.163443,71.509153,"0.56,0.20,-1.00,20.39,-10.38,67.75"
1206,2026-07-27T13:20:45.486,48.311940,0.602000,0.5000,0.2300,-1.0000,28.5000,-3.8500,85.6900,1.141446,90.387215,"0.50,0.23,-1.00,28.50,-3.85,85.69"
1207,2026-07-27T13:20:45.486,48.312038,0.098300,0.4200,0.2900,-1.0600,49.1300,44.3100,9.2200,1.176478,66.799262,"0.42,0.29,-1.06,49.13,44.31,9.22"
1208,2026-07-27T13:20:45.545,48.371638,59.599700,0.3100,0.3600,-1.0700,27.7100,68.1800,-10.1300,1.170726,74.289793,"0.31,0.36,-1.07,27.71,68.18,-10.13"
1209,2026-07-27T13:20:45.605,48.430945,59.307100,0.1600,0.3900,-1.0000,-11.1700,71.2900,28.6300,1.085219,77.631887,"0.16,0.39,-1.00,-11.17,71.29,28.63"
1210,2026-07-27T13:20:45.605,48.431724,0.779600,0.0500,0.3800,-0.9100,-44.9800,58.9600,106.1400,0.987421,129.480429,"0.05,0.38,-0.91,-44.98,58.96,106.14"
1211,2026-07-27T13:20:45.905,48.731044,299.319500,-0.0300,0.3200,-0.8200,-56.4600,51.5700,140.3800,0.880738,159.855375,"-0.03,0.32,-0.82,-56.46,51.57,140.38"
1212,2026-07-27T13:20:45.905,48.731396,0.351600,-0.1200,0.2600,-0.8100,-52.1900,61.1600,57.3100,0.859127,98.735899,"-0.12,0.26,-0.81,-52.19,61.16,57.31"
1213,2026-07-27T13:20:45.906,48.732161,0.765500,-0.2900,0.2500,-0.9100,-71.2900,62.9900,-102.7800,0.987269,140.049036,"-0.29,0.25,-0.91,-71.29,62.99,-102.78"
1214,2026-07-27T13:20:45.907,48.732963,0.802500,-0.4300,0.1300,-1.0000,-112.5500,1.8900,-121.1500,1.096266,165.373508,"-0.43,0.13,-1.00,-112.55,1.89,-121.15"
1215,2026-07-27T13:20:45.907,48.733654,0.690700,-0.2600,-0.0900,-1.0300,-90.2100,-131.5300,107.8500,1.066114,192.534692,"-0.26,-0.09,-1.03,-90.21,-131.53,107.85"
1216,2026-07-27T13:20:45.908,48.734350,0.695800,0.5700,-0.1100,-1.8800,-31.6800,-239.8100,336.3000,1.967587,414.258553,"0.57,-0.11,-1.88,-31.68,-239.81,336.30"
1217,2026-07-27T13:20:45.909,48.735019,0.668600,0.5700,-0.1100,-1.8800,-33.3300,-230.5900,297.3600,1.967587,377.763956,"0.57,-0.11,-1.88,-33.33,-230.59,297.36"
1218,2026-07-27T13:20:45.965,48.791626,56.607200,0.6100,-0.1200,-1.3900,-21.1200,-132.8700,12.7600,1.522695,135.141810,"0.61,-0.12,-1.39,-21.12,-132.87,12.76"
1219,2026-07-27T13:20:46.025,48.850811,59.185200,0.3900,0.2500,-0.8900,26.4900,-35.7100,-221.7400,1.003344,226.153823,"0.39,0.25,-0.89,26.49,-35.71,-221.74"
1220,2026-07-27T13:20:46.025,48.851521,0.710100,0.2900,0.3500,-0.4600,17.1500,10.9900,-188.5400,0.646684,189.637112,"0.29,0.35,-0.46,17.15,10.99,-188.54"
1221,2026-07-27T13:20:46.085,48.910845,59.324200,0.1000,0.1100,-0.3200,-42.4200,22.7100,4.7000,0.352846,48.345532,"0.10,0.11,-0.32,-42.42,22.71,4.70"
1222,2026-07-27T13:20:46.145,48.971121,60.275700,-0.2000,-0.0000,-0.4200,-71.5900,27.6500,128.6000,0.465188,149.758508,"-0.20,-0.00,-0.42,-71.59,27.65,128.60"
1223,2026-07-27T13:20:46.146,48.972039,0.917900,-0.2100,0.0900,-0.5000,-36.0100,21.0000,77.7600,0.549727,88.228894,"-0.21,0.09,-0.50,-36.01,21.00,77.76"
1224,2026-07-27T13:20:46.385,49.211013,238.973800,0.0900,0.1900,-0.8200,24.5400,-6.0400,-30.9400,0.846522,39.949678,"0.09,0.19,-0.82,24.54,-6.04,-30.94"
1225,2026-07-27T13:20:46.385,49.211694,0.681500,0.3800,0.2500,-1.4300,71.8400,-29.7900,-45.5900,1.500600,90.149197,"0.38,0.25,-1.43,71.84,-29.79,-45.59"
1226,2026-07-27T13:20:46.445,49.270754,59.060000,0.5300,0.2300,-1.5800,63.9600,-29.1700,24.1700,1.682320,74.336797,"0.53,0.23,-1.58,63.96,-29.17,24.17"
1227,2026-07-27T13:20:46.445,49.271190,0.436100,0.6100,0.1800,-1.3100,22.5800,-16.4200,80.2600,1.456228,84.977293,"0.61,0.18,-1.31,22.58,-16.42,80.26"
1228,2026-07-27T13:20:46.445,49.271558,0.368000,0.6600,0.1900,-1.2500,16.4200,2.3200,97.2300,1.426254,98.634029,"0.66,0.19,-1.25,16.42,2.32,97.23"
1229,2026-07-27T13:20:46.446,49.272463,0.904700,0.5400,0.2200,-1.2200,35.0300,41.0200,86.7900,1.352183,102.187305,"0.54,0.22,-1.22,35.03,41.02,86.79"
1230,2026-07-27T13:20:46.447,49.273108,0.644800,0.2800,0.2400,-1.0400,48.4000,93.2600,33.8100,1.103449,110.377098,"0.28,0.24,-1.04,48.40,93.26,33.81"
1231,2026-07-27T13:20:46.448,49.273867,0.758900,0.0600,0.2600,-0.8200,47.8500,124.4500,-21.8500,0.862322,135.110501,"0.06,0.26,-0.82,47.85,124.45,-21.85"
1232,2026-07-27T13:20:46.565,49.390929,117.062400,-0.0800,0.3000,-0.6600,31.2500,118.2900,-18.9800,0.729383,123.811659,"-0.08,0.30,-0.66,31.25,118.29,-18.98"
1233,2026-07-27T13:20:46.566,49.391771,0.842200,-0.2500,0.4000,-0.6800,8.1200,101.3200,-16.3600,0.827587,102.953030,"-0.25,0.40,-0.68,8.12,101.32,-16.36"
1234,2026-07-27T13:20:46.566,49.392230,0.459000,-0.5000,0.4300,-0.7700,-31.6200,93.9900,-114.9900,1.013805,151.844146,"-0.50,0.43,-0.77,-31.62,93.99,-114.99"
1235,2026-07-27T13:20:46.625,49.450868,58.638200,-0.6100,0.1900,-0.8400,-102.6000,67.1400,-221.8000,1.055367,253.435948,"-0.61,0.19,-0.84,-102.60,67.14,-221.80"
1236,2026-07-27T13:20:46.745,49.570966,120.097400,-0.1600,-0.1000,-1.2700,-123.7800,-33.4500,-138.1000,1.283939,188.446281,"-0.16,-0.10,-1.27,-123.78,-33.45,-138.1"
1237,2026-07-27T13:20:46.746,49.571596,0.630300,0.5000,-0.0700,-1.9600,-39.8600,-200.8100,168.7600,2.023981,265.317571,"0.50,-0.07,-1.96,-39.86,-200.81,168.76"
1238,2026-07-27T13:20:46.746,49.572423,0.826700,0.8600,-0.0700,-2.0800,12.2700,-304.6300,409.9700,2.251866,510.906440,"0.86,-0.07,-2.08,12.27,-304.63,409.97"
1239,2026-07-27T13:20:46.804,49.630602,58.179000,0.9100,-0.1600,-1.6000,-20.2000,-242.1300,243.4700,1.847620,343.966013,"0.91,-0.16,-1.60,-20.20,-242.13,243.47"
1240,2026-07-27T13:20:46.925,49.750862,120.260200,0.7000,0.0800,-1.0100,-10.0100,-89.4800,-147.7100,1.231463,172.988770,"0.70,0.08,-1.01,-10.01,-89.48,-147.71"
1241,2026-07-27T13:20:46.925,49.751566,0.703700,0.4600,0.3500,-0.4600,16.1700,18.3700,-303.5900,0.738715,304.574808,"0.46,0.35,-0.46,16.17,18.37,-303.59"
1242,2026-07-27T13:20:46.926,49.752141,0.575400,0.3300,0.1900,-0.2700,-12.0800,46.9400,-164.9200,0.466798,171.895016,"0.33,0.19,-0.27,-12.08,46.94,-164.92"
1243,2026-07-27T13:20:46.926,49.752632,0.490300,0.2000,-0.0200,-0.4400,-45.7800,40.2800,47.9700,0.483735,77.584842,"0.20,-0.02,-0.44,-45.78,40.28,47.97"
1244,2026-07-27T13:20:47.165,49.990989,238.357800,0.0100,0.0600,-0.5900,-44.3700,36.2500,145.4500,0.593127,156.328059,"0.01,0.06,-0.59,-44.37,36.25,145.45"
1245,2026-07-27T13:20:47.226,50.051896,60.906900,-0.1100,0.2200,-0.6900,0.7300,39.7300,65.7300,0.732530,76.807804,"-0.11,0.22,-0.69,0.73,39.73,65.73"
1246,2026-07-27T13:20:47.226,50.052471,0.574400,-0.0800,0.3100,-0.9400,52.9200,41.4400,-72.0800,0.993026,98.556209,"-0.08,0.31,-0.94,52.92,41.44,-72.08"
1247,2026-07-27T13:20:47.227,50.052780,0.309800,0.0200,0.3400,-1.4600,80.0800,37.6000,-141.0500,1.499200,166.498255,"0.02,0.34,-1.46,80.08,37.60,-141.05"
1248,2026-07-27T13:20:47.230,50.056287,3.506400,0.1500,0.2700,-1.5600,54.9900,17.8800,-104.3100,1.590283,119.265127,"0.15,0.27,-1.56,54.99,17.88,-104.31"
1249,2026-07-27T13:20:47.231,50.057237,0.949900,0.3700,0.1700,-1.2200,-0.7300,-23.3800,22.6400,1.286157,32.553447,"0.37,0.17,-1.22,-0.73,-23.38,22.64"
1250,2026-07-27T13:20:47.231,50.057723,0.486500,0.6200,0.1700,-1.1500,-9.3400,-63.7200,180.4200,1.317498,191.569440,"0.62,0.17,-1.15,-9.34,-63.72,180.42"
1251,2026-07-27T13:20:47.285,50.110897,53.174200,0.6900,0.1800,-1.1100,-6.9600,-59.2700,291.5000,1.319318,297.546004,"0.69,0.18,-1.11,-6.96,-59.27,291.50"
1252,2026-07-27T13:20:47.644,50.470622,359.724300,0.5500,0.1600,-0.9000,-23.5600,-5.8000,284.4800,1.066818,285.512844,"0.55,0.16,-0.90,-23.56,-5.80,284.48"
1253,2026-07-27T13:20:47.645,50.471618,0.996000,0.3400,0.1400,-0.7800,-4.7600,58.8400,155.2700,0.862322,166.113142,"0.34,0.14,-0.78,-4.76,58.84,155.27"
1254,2026-07-27T13:20:47.646,50.472366,0.748200,0.1300,0.1400,-0.7900,40.3400,109.1900,4.8200,0.812773,116.503236,"0.13,0.14,-0.79,40.34,109.19,4.82"
1255,2026-07-27T13:20:47.705,50.530787,58.421100,-0.0700,0.1700,-0.8300,66.2800,132.6900,-61.8900,0.850118,160.717288,"-0.07,0.17,-0.83,66.28,132.69,-61.89"
1256,2026-07-27T13:20:47.705,50.531587,0.800300,-0.2900,0.2900,-0.8300,70.6800,125.0000,-78.5500,0.925797,163.678847,"-0.29,0.29,-0.83,70.68,125.00,-78.55"
1257,2026-07-27T13:20:47.706,50.532280,0.692700,-0.6800,0.4800,-0.8300,56.2700,97.9000,-203.1200,1.175457,232.397197,"-0.68,0.48,-0.83,56.27,97.90,-203.12"
1258,2026-07-27T13:20:47.707,50.532896,0.615800,-0.7900,0.4100,-1.0400,2.9300,43.6400,-377.4400,1.368868,379.965772,"-0.79,0.41,-1.04,2.93,43.64,-377.44"
1259,2026-07-27T13:20:47.707,50.533565,0.669200,-0.1400,0.1100,-1.5500,-15.2600,-78.8000,-283.3300,1.560192,294.479535,"-0.14,0.11,-1.55,-15.26,-78.80,-283.33"
1260,2026-07-27T13:20:47.708,50.534069,0.504400,0.7800,-0.2000,-2.0900,5.4300,-242.4900,147.3400,2.239754,283.795632,"0.78,-0.20,-2.09,5.43,-242.49,147.34"
1261,2026-07-27T13:20:47.708,50.534705,0.635800,1.1600,-0.6200,-1.9700,-56.0300,-305.6000,513.8500,2.368734,600.476930,"1.16,-0.62,-1.97,-56.03,-305.60,513.85"
1262,2026-07-27T13:20:48.005,50.831108,296.402400,0.8500,-0.5000,-1.3200,-80.8100,-198.5500,361.0800,1.647695,419.917998,"0.85,-0.50,-1.32,-80.81,-198.55,361.08"
1263,2026-07-27T13:20:48.005,50.831735,0.627000,0.4200,0.1800,-0.7500,12.1500,-41.4400,-94.6000,0.878237,103.990654,"0.42,0.18,-0.75,12.15,-41.44,-94.60"
1264,2026-07-27T13:20:48.064,50.890487,58.752000,0.2400,0.5200,-0.4400,62.0100,41.8700,-276.7900,0.722219,286.724678,"0.24,0.52,-0.44,62.01,41.87,-276.79"
1265,2026-07-27T13:20:48.065,50.890837,0.350700,0.2000,0.4100,-0.4600,7.2000,57.4300,-125.0600,0.647843,137.804385,"0.20,0.41,-0.46,7.20,57.43,-125.06"
1266,2026-07-27T13:20:48.066,50.892005,1.167300,0.0800,0.2300,-0.6200,-81.6000,61.2200,85.5700,0.666108,133.149064,"0.08,0.23,-0.62,-81.60,61.22,85.57"
1267,2026-07-27T13:20:48.066,50.892662,0.657500,-0.0900,0.1600,-0.7500,-106.8100,70.1300,175.6600,0.772140,217.216548,"-0.09,0.16,-0.75,-106.81,70.13,175.66"
1268,2026-07-27T13:20:48.067,50.893250,0.587900,-0.1900,0.1700,-0.8600,-49.3200,69.3400,106.5100,0.896995,136.326366,"-0.19,0.17,-0.86,-49.32,69.34,106.51"
1269,2026-07-27T13:20:48.068,50.893900,0.649600,-0.1500,0.2600,-1.3100,30.6400,51.2100,-14.5300,1.343949,61.419823,"-0.15,0.26,-1.31,30.64,51.21,-14.53"
1270,2026-07-27T13:20:48.069,50.894803,0.903800,0.0300,0.3000,-1.6000,55.3600,14.9500,-33.8100,1.628158,66.568372,"0.03,0.30,-1.60,55.36,14.95,-33.81"
1271,2026-07-27T13:20:48.069,50.895325,0.521500,0.3100,0.2200,-1.2200,1.2800,-36.6200,70.1300,1.277850,79.125721,"0.31,0.22,-1.22,1.28,-36.62,70.13"
1272,2026-07-27T13:20:48.125,50.951051,55.726600,0.5900,0.1500,-0.9700,-38.2100,-88.9900,187.6800,1.145207,211.194239,"0.59,0.15,-0.97,-38.21,-88.99,187.68"
1273,2026-07-27T13:20:48.304,51.130577,179.525500,0.7700,0.1400,-1.0300,-23.8000,-110.0500,229.3700,1.293600,255.515243,"0.77,0.14,-1.03,-23.80,-110.05,229.37"
1274,2026-07-27T13:20:48.305,51.131226,0.648600,0.7700,0.1200,-0.9300,-18.1900,-83.3100,216.5500,1.213342,232.734473,"0.77,0.12,-0.93,-18.19,-83.31,216.55"
1275,2026-07-27T13:20:48.305,51.131442,0.216900,0.6500,0.1300,-0.7400,-22.8900,-38.7600,190.4300,0.993479,195.677987,"0.65,0.13,-0.74,-22.89,-38.76,190.43"
1276,2026-07-27T13:20:48.306,51.132281,0.838300,0.4600,0.1800,-0.7000,0.0000,-2.8100,157.3500,0.856738,157.375089,"0.46,0.18,-0.70,0.00,-2.81,157.35"
1277,2026-07-27T13:20:48.307,51.133100,0.819200,0.2200,0.2500,-0.7800,38.2700,29.3000,106.3200,0.848116,116.734850,"0.22,0.25,-0.78,38.27,29.30,106.32"
1278,2026-07-27T13:20:48.365,51.190920,57.819900,0.0300,0.3200,-0.8400,57.5000,72.0800,-61.6500,0.899389,110.916630,"0.03,0.32,-0.84,57.50,72.08,-61.65"
1279,2026-07-27T13:20:48.485,51.310892,119.972100,-0.1100,0.4100,-0.7900,38.3900,76.7200,-180.2400,0.896828,199.615150,"-0.11,0.41,-0.79,38.39,76.72,-180.24"
1280,2026-07-27T13:20:48.485,51.311376,0.483800,-0.3200,0.5400,-0.7300,9.2200,61.8300,-277.8300,0.962756,284.776169,"-0.32,0.54,-0.73,9.22,61.83,-277.83"
1281,2026-07-27T13:20:48.485,51.311688,0.311800,-0.5700,0.5000,-0.7200,-61.7100,-6.9600,-201.8400,1.045610,211.177535,"-0.57,0.50,-0.72,-61.71,-6.96,-201.84"
1282,2026-07-27T13:20:48.545,51.371524,59.836600,-0.5300,0.2000,-0.8000,-133.1800,-130.6800,133.6100,0.980255,229.490320,"-0.53,0.20,-0.80,-133.18,-130.68,133.61"
1283,2026-07-27T13:20:48.546,51.371877,0.352800,-0.1400,-0.0700,-1.4500,-167.2400,-227.9700,572.2000,1.458424,638.241630,"-0.14,-0.07,-1.45,-167.24,-227.97,572.2"
1284,2026-07-27T13:20:48.785,51.610967,239.089800,0.1700,-0.5200,-2.3400,-193.7300,-210.2100,739.3200,2.403102,792.662362,"0.17,-0.52,-2.34,-193.73,-210.21,739.32"
1285,2026-07-27T13:20:48.785,51.611688,0.721500,-0.0900,-0.9100,-2.4800,-88.8100,-126.5300,368.0400,2.643218,399.187298,"-0.09,-0.91,-2.48,-88.81,-126.53,368.04"
1286,2026-07-27T13:20:48.786,51.612371,0.682300,-0.2300,-0.4100,-1.9800,114.3800,-73.6100,-114.6200,2.035043,177.873441,"-0.23,-0.41,-1.98,114.38,-73.61,-114.62"
1287,2026-07-27T13:20:48.787,51.613114,0.743400,0.1700,0.4600,-1.4400,165.0400,-49.0700,-212.1600,1.521217,273.236037,"0.17,0.46,-1.44,165.04,-49.07,-212.16"
1288,2026-07-27T13:20:48.788,51.613971,0.857400,0.1500,0.3600,-0.7500,40.5900,-34.4200,-57.1300,0.845340,78.077663,"0.15,0.36,-0.75,40.59,-34.42,-57.13"
1289,2026-07-27T13:20:48.788,51.614474,0.502300,-0.0900,-0.1000,-0.6100,-83.9800,-33.4500,98.5700,0.624660,133.744487,"-0.09,-0.10,-0.61,-83.98,-33.45,98.57"
1290,2026-07-27T13:20:48.846,51.671830,57.356400,-0.1300,-0.0200,-0.4600,-79.3500,-39.7900,116.8200,0.478435,146.719389,"-0.13,-0.02,-0.46,-79.35,-39.79,116.82"
1291,2026-07-27T13:20:48.905,51.731322,59.491700,-0.0000,0.3200,-0.1800,-22.8900,-38.0900,36.3800,0.367151,57.430868,"-0.00,0.32,-0.18,-22.89,-38.09,36.38"
1292,2026-07-27T13:20:48.906,51.731870,0.547800,0.1800,0.3900,0.0600,-21.9700,-26.5500,10.3800,0.433705,35.990663,"0.18,0.39,0.06,-21.97,-26.55,10.38"
1293,2026-07-27T13:20:49.085,51.911359,179.489400,0.3300,0.2400,-0.5400,-44.6800,-37.5400,77.7000,0.676831,97.174297,"0.33,0.24,-0.54,-44.68,-37.54,77.70"
1294,2026-07-27T13:20:49.086,51.911889,0.530200,0.3900,-0.0200,-1.7100,-58.2300,-74.8900,152.7100,1.754024,179.776498,"0.39,-0.02,-1.71,-58.23,-74.89,152.71"
1295,2026-07-27T13:20:49.086,51.912674,0.784700,0.6200,0.0500,-1.8700,-22.7100,-90.8200,153.6900,1.970736,179.957308,"0.62,0.05,-1.87,-22.71,-90.82,153.69"
1296,2026-07-27T13:20:49.087,51.913255,0.581100,0.6500,0.4800,-1.5000,76.7800,-54.3800,67.8700,1.703790,116.011593,"0.65,0.48,-1.50,76.78,-54.38,67.87"
1297,2026-07-27T13:20:49.088,51.914046,0.790600,0.1700,0.5700,-1.2900,92.0400,10.4400,6.5900,1.420528,92.864327,"0.17,0.57,-1.29,92.04,10.44,6.59"
1298,2026-07-27T13:20:49.265,52.091199,177.153000,-0.1200,0.3400,-0.9000,19.1700,41.4400,55.4800,0.969536,71.852578,"-0.12,0.34,-0.90,19.17,41.44,55.48"
1299,2026-07-27T13:20:49.266,52.091896,0.697000,-0.1500,0.3200,-0.5500,8.8500,28.7500,105.4700,0.653758,109.675913,"-0.15,0.32,-0.55,8.85,28.75,105.47"
1300,2026-07-27T13:20:49.266,52.092481,0.585300,-0.2500,0.4300,-0.3300,29.9700,8.5400,105.6500,0.596909,110.150148,"-0.25,0.43,-0.33,29.97,8.54,105.65"
1301,2026-07-27T13:20:49.267,52.092964,0.482700,-0.2700,0.3800,-0.3000,24.1700,-5.6200,128.1100,0.554346,130.491170,"-0.27,0.38,-0.30,24.17,-5.62,128.11"
1302,2026-07-27T13:20:49.446,52.271976,179.012400,-0.0300,0.1900,-0.9300,31.3100,-20.8700,184.0800,0.949684,187.886453,"-0.03,0.19,-0.93,31.31,-20.87,184.08"
1303,2026-07-27T13:20:49.447,52.273066,1.090300,0.4600,-0.3100,-2.4800,58.5300,-62.7400,272.2200,2.541279,285.422138,"0.46,-0.31,-2.48,58.53,-62.74,272.22"
1304,2026-07-27T13:20:49.448,52.273764,0.698200,0.5900,-0.3800,-3.5500,124.6900,-72.3300,292.4800,3.618701,326.073267,"0.59,-0.38,-3.55,124.69,-72.33,292.48"
1305,2026-07-27T13:20:49.448,52.274479,0.714800,0.1700,0.1900,-2.8700,172.9100,6.2300,177.9800,2.881302,248.220792,"0.17,0.19,-2.87,172.91,6.23,177.98"
1306,2026-07-27T13:20:49.449,52.275151,0.671400,-0.2100,0.6000,-1.2600,117.6800,96.9200,23.9900,1.411276,154.329482,"-0.21,0.60,-1.26,117.68,96.92,23.99"
1307,2026-07-27T13:20:49.505,52.331082,55.931600,-0.2700,0.4200,0.0100,15.0800,131.1000,-106.6900,0.499400,169.697886,"-0.27,0.42,0.01,15.08,131.10,-106.69"
1308,2026-07-27T13:20:49.625,52.451624,120.541600,-0.1200,-0.2300,0.5300,-41.6900,146.1200,-40.7700,0.590085,157.325470,"-0.12,-0.23,0.53,-41.69,146.12,-40.77"
1309,2026-07-27T13:20:49.626,52.452246,0.621700,-0.0500,-0.5800,0.5000,-95.2100,217.0400,183.7200,0.767398,299.873880,"-0.05,-0.58,0.50,-95.21,217.04,183.72"
1310,2026-07-27T13:20:49.627,52.452824,0.578400,-0.0900,-0.3500,0.2400,-158.5700,270.4500,181.4000,0.433820,362.206581,"-0.09,-0.35,0.24,-158.57,270.45,181.40"
1311,2026-07-27T13:20:49.805,52.630907,178.083500,-0.0900,-0.0800,0.1100,-125.2400,224.0000,14.4700,0.163095,257.041706,"-0.09,-0.08,0.11,-125.24,224.00,14.47"
1312,2026-07-27T13:20:49.805,52.631442,0.534500,-0.0700,-0.1300,0.1300,3.4800,165.5900,-24.7200,0.196723,167.461150,"-0.07,-0.13,0.13,3.48,165.59,-24.72"
1313,2026-07-27T13:20:49.806,52.632086,0.643900,-0.0700,-0.1200,0.1300,87.9500,173.4600,-35.3400,0.190263,197.667624,"-0.07,-0.12,0.13,87.95,173.46,-35.34"
1314,2026-07-27T13:20:49.807,52.632762,0.675700,-0.0600,0.0900,0.1200,41.6900,194.2100,-84.6600,0.161555,215.923356,"-0.06,0.09,0.12,41.69,194.21,-84.66"
1315,2026-07-27T13:20:49.807,52.633542,0.780100,-0.0400,0.3000,0.1200,-17.5800,148.1900,-61.2800,0.325576,161.321328,"-0.04,0.30,0.12,-17.58,148.19,-61.28"
1316,2026-07-27T13:20:49.865,52.690841,57.299100,0.0100,0.3800,0.0400,-1.1600,49.2600,12.0200,0.382230,50.718573,"0.01,0.38,0.04,-1.16,49.26,12.02"
1317,2026-07-27T13:20:49.984,52.810671,119.830500,0.0300,0.3600,-0.1200,51.2700,-26.6700,36.0700,0.380657,68.124494,"0.03,0.36,-0.12,51.27,-26.67,36.07"
1318,2026-07-27T13:20:49.985,52.811682,1.010700,0.3900,0.0200,-0.7700,153.5600,-51.0900,-2.3800,0.863366,161.853409,"0.39,0.02,-0.77,153.56,-51.09,-2.38"
1319,2026-07-27T13:20:49.986,52.812221,0.539100,1.9100,-1.3700,-1.1900,409.9700,-63.2300,6.2300,2.634597,414.864130,"1.91,-1.37,-1.19,409.97,-63.23,6.23"
1320,2026-07-27T13:20:50.346,53.172092,359.870700,3.2100,-2.8100,-0.0100,237.3700,-57.6200,54.8700,4.266181,250.350351,"3.21,-2.81,-0.01,237.37,-57.62,54.87"
1321,2026-07-27T13:20:50.347,53.173609,1.517400,2.3800,-2.5700,0.9000,-228.8800,30.5800,22.4000,3.616531,231.997739,"2.38,-2.57,0.90,-228.88,30.58,22.40"
1322,2026-07-27T13:20:50.348,53.174505,0.896200,0.8300,-1.2700,0.1900,-236.0800,133.9100,-1.5300,1.529019,271.418488,"0.83,-1.27,0.19,-236.08,133.91,-1.53"
1323,2026-07-27T13:20:50.349,53.174945,0.439800,0.1500,-0.1400,-0.5100,2.0800,143.8600,47.7300,0.549727,151.585550,"0.15,-0.14,-0.51,2.08,143.86,47.73"
1324,2026-07-27T13:20:50.349,53.175642,0.696900,-0.0000,0.3400,-0.4900,124.1500,103.3900,76.4800,0.596406,178.750958,"-0.00,0.34,-0.49,124.15,103.39,76.48"
1325,2026-07-27T13:20:50.350,53.176321,0.678600,-0.0200,0.3400,-0.2100,50.0500,74.7100,50.9000,0.400125,103.331489,"-0.02,0.34,-0.21,50.05,74.71,50.90"
1326,2026-07-27T13:20:50.351,53.177158,0.837200,0.1200,0.2200,-0.1600,-31.9200,67.4400,25.5700,0.297321,78.872460,"0.12,0.22,-0.16,-31.92,67.44,25.57"
1327,2026-07-27T13:20:50.464,53.290499,113.341100,0.5800,0.0300,-0.4100,-14.4000,47.0000,46.9400,0.710915,67.968549,"0.58,0.03,-0.41,-14.40,47.00,46.94"
1328,2026-07-27T13:20:50.465,53.291665,1.166500,1.3500,-0.4200,-0.7200,48.4000,-39.1800,65.3100,1.586600,90.238731,"1.35,-0.42,-0.72,48.40,-39.18,65.31"
1329,2026-07-27T13:20:50.466,53.291776,0.110500,1.7600,-0.8900,-0.5100,-10.6200,-137.6300,31.8600,2.037106,141.668137,"1.76,-0.89,-0.51,-10.62,-137.63,31.86"
1330,2026-07-27T13:20:50.466,53.292431,0.655000,1.3600,-1.1400,0.1200,-186.4000,-107.2400,7.9300,1.778651,215.193547,"1.36,-1.14,0.12,-186.40,-107.24,7.93"
1331,2026-07-27T13:20:50.467,53.293255,0.824400,0.8000,-1.0600,0.1700,-194.3400,-14.8900,18.3700,1.338843,195.773350,"0.80,-1.06,0.17,-194.34,-14.89,18.37"
1332,2026-07-27T13:20:50.585,53.411660,118.404700,0.5900,-0.6800,-0.2800,-1.4000,1.3400,-0.3700,0.942815,1.972942,"0.59,-0.68,-0.28,-1.40,1.34,-0.37"
1333,2026-07-27T13:20:50.586,53.412513,0.853100,0.6000,-0.3300,-0.4500,133.3600,-15.3800,-31.4300,0.819390,137.874142,"0.60,-0.33,-0.45,133.36,-15.38,-31.43"
1334,2026-07-27T13:20:50.645,53.470905,58.391600,0.7100,-0.1700,-0.3600,127.6900,-17.7600,-26.6100,0.814002,131.636795,"0.71,-0.17,-0.36,127.69,-17.76,-26.61"
1335,2026-07-27T13:20:50.646,53.472626,1.721100,0.8900,-0.2300,-0.3200,64.2700,-0.7900,3.9100,0.973345,64.393673,"0.89,-0.23,-0.32,64.27,-0.79,3.91"
1336,2026-07-27T13:20:50.705,53.531146,58.519700,0.9900,-0.4000,-0.3900,7.8100,14.7700,16.9100,1.136750,23.771771,"0.99,-0.40,-0.39,7.81,14.77,16.91"
1337,2026-07-27T13:20:50.705,53.531518,0.372300,1.0000,-0.5200,-0.4200,-37.9000,11.6000,-0.7900,1.202830,39.643336,"1.00,-0.52,-0.42,-37.90,11.60,-0.79"
1338,2026-07-27T13:20:50.765,53.591221,59.702700,0.9700,-0.5100,-0.2600,-84.5900,8.3000,-17.5200,1.126321,86.783112,"0.97,-0.51,-0.26,-84.59,8.30,-17.52"
1339,2026-07-27T13:20:50.885,53.710925,119.704900,0.9100,-0.5000,-0.0500,-97.9600,21.4200,-21.2400,1.039519,102.499344,"0.91,-0.50,-0.05,-97.96,21.42,-21.24"
1340,2026-07-27T13:20:50.885,53.711655,0.729500,0.8000,-0.5200,-0.0600,-48.9500,28.9900,-27.1600,0.956033,63.041163,"0.80,-0.52,-0.06,-48.95,28.99,-27.16"
1341,2026-07-27T13:20:50.886,53.711893,0.238300,0.7400,-0.4500,-0.1800,19.6500,12.9400,-37.8400,0.884590,44.558183,"0.74,-0.45,-0.18,19.65,12.94,-37.84"
1342,2026-07-27T13:20:50.945,53.771544,59.651200,0.7900,-0.3000,-0.2100,55.4200,-5.6800,-32.2300,0.870747,64.361570,"0.79,-0.30,-0.21,55.42,-5.68,-32.23"
1343,2026-07-27T13:20:50.946,53.772176,0.632000,0.8900,-0.1700,-0.2100,53.0400,-11.3500,-6.5900,0.930108,54.639658,"0.89,-0.17,-0.21,53.04,-11.35,-6.59"
1344,2026-07-27T13:20:51.005,53.831365,59.188300,1.0100,-0.1800,-0.2500,36.3200,2.8100,21.8500,1.055936,42.478948,"1.01,-0.18,-0.25,36.32,2.81,21.85"
1345,2026-07-27T13:20:51.065,53.891286,59.921500,1.1300,-0.2500,-0.3400,25.5700,29.8500,37.6600,1.206234,54.434575,"1.13,-0.25,-0.34,25.57,29.85,37.66"
1346,2026-07-27T13:20:51.065,53.891695,0.408300,1.2300,-0.2900,-0.4300,15.1400,52.7300,31.2500,1.334878,63.136638,"1.23,-0.29,-0.43,15.14,52.73,31.25"
1347,2026-07-27T13:20:51.185,54.010748,119.053700,1.2400,-0.3700,-0.4900,-22.3400,70.7400,10.1300,1.383691,74.872158,"1.24,-0.37,-0.49,-22.34,70.74,10.13"
1348,2026-07-27T13:20:51.185,54.011166,0.417300,1.0500,-0.5000,-0.4800,-50.4800,70.8600,-22.3400,1.258134,89.824527,"1.05,-0.50,-0.48,-50.48,70.86,-22.34"
1349,2026-07-27T13:20:51.185,54.011540,0.374700,0.7300,-0.5400,-0.4200,-8.6700,36.8700,-66.8900,1.000450,76.868966,"0.73,-0.54,-0.42,-8.67,36.87,-66.89"
1350,2026-07-27T13:20:51.425,54.251608,240.067300,0.4100,-0.5200,-0.4200,71.6600,-9.1600,-100.7100,0.784156,123.941782,"0.41,-0.52,-0.42,71.66,-9.16,-100.71"
1351,2026-07-27T13:20:51.426,54.252043,0.435200,0.1600,-0.4800,-0.4400,114.7500,-47.4900,-98.6300,0.670522,158.589847,"0.16,-0.48,-0.44,114.75,-47.49,-98.63"
1352,2026-07-27T13:20:51.427,54.252971,0.928600,0.1200,-0.4600,-0.3600,-69.5800,-56.2700,36.6800,0.596322,96.711487,"0.12,-0.46,-0.36,-69.58,-56.27,36.68"
1353,2026-07-27T13:20:51.427,54.253478,0.506600,0.4000,-0.4800,-0.2900,-145.2600,-9.5800,141.8500,0.688840,203.257636,"0.40,-0.48,-0.29,-145.26,-9.58,141.85"
1354,2026-07-27T13:20:51.428,54.254072,0.594400,1.1100,-0.6700,-0.3900,-75.8100,-13.6700,199.3400,1.353920,213.706482,"1.11,-0.67,-0.39,-75.81,-13.67,199.34"
1355,2026-07-27T13:20:51.428,54.254439,0.366300,1.8900,-0.8500,-0.5400,59.6300,-76.6600,147.6400,2.141542,176.720293,"1.89,-0.85,-0.54,59.63,-76.66,147.64"
1356,2026-07-27T13:20:51.547,54.372777,118.338800,2.0500,-0.5700,-0.5100,109.3100,-108.6400,1.8300,2.188036,154.125516,"2.05,-0.57,-0.51,109.31,-108.64,1.83"
1357,2026-07-27T13:20:51.547,54.373665,0.887500,1.6400,-0.0500,-0.3000,91.0600,-95.8300,-120.4200,1.667963,178.819151,"1.64,-0.05,-0.30,91.06,-95.83,-120.42"
1358,2026-07-27T13:20:51.548,54.374331,0.666000,1.0600,0.1100,-0.0300,88.2000,-75.8100,-127.5600,1.066114,172.620826,"1.06,0.11,-0.03,88.20,-75.81,-127.56"
1359,2026-07-27T13:20:51.666,54.491755,117.424300,0.6000,-0.0900,0.1800,85.0200,-42.7900,-69.5800,0.632851,117.901488,"0.60,-0.09,0.18,85.02,-42.79,-69.58"
1360,2026-07-27T13:20:51.666,54.492248,0.492800,0.4400,-0.2700,0.1500,72.6300,-17.5200,-34.4800,0.537587,82.285708,"0.44,-0.27,0.15,72.63,-17.52,-34.48"
1361,2026-07-27T13:20:51.667,54.492941,0.693100,0.5000,-0.2800,-0.1500,72.4500,-18.9800,-24.1100,0.592368,78.679953,"0.50,-0.28,-0.15,72.45,-18.98,-24.11"
1362,2026-07-27T13:20:51.725,54.551651,58.709400,0.6200,-0.1800,-0.5100,57.8000,-30.5800,-8.1200,0.822739,65.893177,"0.62,-0.18,-0.51,57.80,-30.58,-8.12"
1363,2026-07-27T13:20:52.158,54.984128,432.477400,0.8800,-0.1900,-0.2600,-18.9200,-19.9600,11.8400,0.937070,29.942505,"0.88,-0.19,-0.26,-18.92,-19.96,11.84"
1364,2026-07-27T13:20:52.159,54.984797,0.669100,1.2600,-0.3200,-0.0500,-76.4800,12.5100,16.1100,1.300961,79.153159,"1.26,-0.32,-0.05,-76.48,12.51,16.11"
1365,2026-07-27T13:20:52.205,55.030915,46.118300,1.2800,-0.3200,-0.0900,-47.3000,34.6700,8.0000,1.322460,59.188672,"1.28,-0.32,-0.09,-47.30,34.67,8.00"
1366,2026-07-27T13:20:52.206,55.031803,0.888000,1.1200,-0.2700,-0.2500,6.9600,53.1600,12.3900,1.178898,55.026714,"1.12,-0.27,-0.25,6.96,53.16,12.39"
1367,2026-07-27T13:20:52.207,55.033019,1.216100,1.1500,-0.3300,-0.4300,43.7000,76.7200,16.5400,1.271338,89.828837,"1.15,-0.33,-0.43,43.70,76.72,16.54"
1368,2026-07-27T13:20:52.208,55.034065,1.045300,1.1600,-0.3700,-0.5700,46.6900,89.7800,0.9800,1.344396,101.199629,"1.16,-0.37,-0.57,46.69,89.78,0.98"
1369,2026-07-27T13:20:52.209,55.034883,0.817900,0.9900,-0.3000,-0.5700,14.2200,80.1400,-24.1700,1.181101,84.904752,"0.99,-0.30,-0.57,14.22,80.14,-24.17"
1370,2026-07-27T13:20:52.209,55.035219,0.336600,0.7800,-0.2400,-0.4400,-24.2300,53.4700,-44.1300,0.927146,73.441070,"0.78,-0.24,-0.44,-24.23,53.47,-44.13"
1371,2026-07-27T13:20:52.209,55.035593,0.373400,0.6100,-0.2700,-0.3100,-37.9000,33.7500,-51.7000,0.735595,72.445583,"0.61,-0.27,-0.31,-37.90,33.75,-51.70"
1372,2026-07-27T13:20:52.210,55.035980,0.387800,0.4500,-0.3200,-0.2600,-15.0800,16.7800,-50.4800,0.610328,55.291999,"0.45,-0.32,-0.26,-15.08,16.78,-50.48"
1373,2026-07-27T13:20:52.211,55.036777,0.797000,0.3400,-0.3900,-0.2700,35.8300,-19.9600,-42.9700,0.583609,59.402116,"0.34,-0.39,-0.27,35.83,-19.96,-42.97"
1374,2026-07-27T13:20:52.211,55.037088,0.310200,0.4300,-0.4700,-0.3200,88.4400,-72.8100,-34.0600,0.712881,119.511561,"0.43,-0.47,-0.32,88.44,-72.81,-34.06"
1375,2026-07-27T13:20:52.212,55.038397,1.309600,0.9100,-0.6100,-0.4300,105.6500,-108.9500,-7.8100,1.176903,151.963881,"0.91,-0.61,-0.43,105.65,-108.95,-7.81"
1376,2026-07-27T13:20:52.385,55.211021,172.624000,1.5700,-0.7500,-0.5500,42.6600,-87.8900,73.9100,1.824801,122.503942,"1.57,-0.75,-0.55,42.66,-87.89,73.91"
1377,2026-07-27T13:20:52.386,55.211766,0.744600,1.8600,-0.7700,-0.2800,-81.4200,-54.9900,159.9100,2.032462,187.681444,"1.86,-0.77,-0.28,-81.42,-54.99,159.91"
1378,2026-07-27T13:20:52.386,55.212648,0.881700,1.6800,-0.5600,0.1600,-48.8900,-81.7900,133.9100,1.778089,164.352439,"1.68,-0.56,0.16,-48.89,-81.79,133.91"
1379,2026-07-27T13:20:52.387,55.213675,1.027200,1.1600,-0.1600,0.1100,152.8300,-127.6900,8.6700,1.176138,199.341200,"1.16,-0.16,0.11,152.83,-127.69,8.67"
1380,2026-07-27T13:20:52.505,55.331237,117.561900,0.6500,0.1200,-0.2000,225.5900,-125.0600,-77.8800,0.690579,269.436720,"0.65,0.12,-0.20,225.59,-125.06,-77.88"
1381,2026-07-27T13:20:52.506,55.331876,0.638900,0.4400,0.1600,-0.2900,99.9800,-73.7300,-79.5300,0.550727,147.502997,"0.44,0.16,-0.29,99.98,-73.73,-79.53"
1382,2026-07-27T13:20:52.507,55.333489,1.613900,0.4500,-0.0400,-0.2700,-60.6100,-20.1400,-53.2800,0.526308,83.174215,"0.45,-0.04,-0.27,-60.61,-20.14,-53.28"
1383,2026-07-27T13:20:52.625,55.451138,117.648900,0.4700,-0.3200,-0.3000,-143.4300,8.2400,-17.8200,0.642884,144.767451,"0.47,-0.32,-0.30,-143.43,8.24,-17.82"
1384,2026-07-27T13:20:52.626,55.452023,0.884200,0.6100,-0.5900,-0.4100,-126.0400,6.5300,25.5700,0.942497,128.773240,"0.61,-0.59,-0.41,-126.04,6.53,25.57"
1385,2026-07-27T13:20:52.626,55.452579,0.556000,1.0400,-0.7300,-0.4600,-67.9900,5.5500,45.8400,1.351333,82.187275,"1.04,-0.73,-0.46,-67.99,5.55,45.84"
1386,2026-07-27T13:20:52.685,55.511088,58.509100,1.3300,-0.6300,-0.3500,-33.6300,33.4500,37.0500,1.512713,60.187888,"1.33,-0.63,-0.35,-33.63,33.45,37.05"
1387,2026-07-27T13:20:52.745,55.571669,60.581300,1.3100,-0.4200,-0.2800,14.7700,51.9400,15.9300,1.403887,56.299924,"1.31,-0.42,-0.28,14.77,51.94,15.93"
1388,2026-07-27T13:20:52.753,55.579487,7.818300,1.2300,-0.3000,-0.3500,66.7700,55.7900,-2.6200,1.313545,87.049534,"1.23,-0.30,-0.35,66.77,55.79,-2.62"
1389,2026-07-27T13:20:52.990,55.816313,236.826200,1.0900,-0.2300,-0.4200,60.5500,67.7500,-9.8300,1.190546,91.394715,"1.09,-0.23,-0.42,60.55,67.75,-9.83"
1390,2026-07-27T13:20:52.992,55.817754,1.440400,0.8300,-0.1200,-0.4400,-1.1000,81.8500,-14.3400,0.947048,83.103960,"0.83,-0.12,-0.44,-1.10,81.85,-14.34"
1391,2026-07-27T13:20:52.994,55.820184,2.430600,0.6100,-0.1000,-0.4000,-76.1700,92.9000,-14.8900,0.736274,121.053670,"0.61,-0.10,-0.40,-76.17,92.90,-14.89"
1392,2026-07-27T13:20:52.994,55.820648,0.463600,0.4800,-0.2200,-0.3400,-109.6200,85.2700,-16.4200,0.628013,139.846822,"0.48,-0.22,-0.34,-109.62,85.27,-16.42"
1393,2026-07-27T13:20:52.995,55.821086,0.437500,0.4200,-0.3900,-0.3100,-62.1300,44.7400,-33.5700,0.651613,83.598740,"0.42,-0.39,-0.31,-62.13,44.74,-33.57"
1394,2026-07-27T13:20:52.995,55.821495,0.409500,0.4300,-0.5500,-0.4500,48.3400,-14.1600,-61.7100,0.830602,79.657927,"0.43,-0.55,-0.45,48.34,-14.16,-61.71"
1395,2026-07-27T13:20:53.109,55.935325,113.830100,0.5700,-0.7100,-0.6500,151.4900,-80.0200,-80.9900,1.118705,189.504091,"0.57,-0.71,-0.65,151.49,-80.02,-80.99"
1396,2026-07-27T13:20:53.199,56.025138,89.812400,1.0900,-0.8800,-0.7200,122.5600,-114.3200,-44.2500,1.575087,173.343816,"1.09,-0.88,-0.72,122.56,-114.32,-44.25"
1397,2026-07-27T13:20:53.234,56.060187,35.049800,1.6500,-0.9300,-0.2700,-79.7700,-53.1600,75.0700,1.913191,121.756903,"1.65,-0.93,-0.27,-79.77,-53.16,75.07"
1398,2026-07-27T13:20:53.235,56.060759,0.571200,1.6800,-0.7500,0.4700,-234.2500,32.7100,176.0300,1.898894,294.838206,"1.68,-0.75,0.47,-234.25,32.71,176.03"
1399,2026-07-27T13:20:53.275,56.101252,40.493700,1.2900,-0.4300,0.4900,-123.6000,1.2200,153.3800,1.445372,196.986986,"1.29,-0.43,0.49,-123.60,1.22,153.38"
1400,2026-07-27T13:20:53.276,56.102040,0.788100,0.9200,-0.0800,-0.0500,67.9900,-67.7500,75.2000,0.924824,121.933353,"0.92,-0.08,-0.05,67.99,-67.75,75.20"
1401,2026-07-27T13:20:53.512,56.338544,236.503600,0.6800,0.1200,-0.3800,100.1600,-46.9400,27.2800,0.788162,113.927993,"0.68,0.12,-0.38,100.16,-46.94,27.28"
1402,2026-07-27T13:20:53.519,56.345588,7.043900,0.6300,0.1000,-0.4200,9.7000,4.2100,18.6200,0.763741,21.413045,"0.63,0.10,-0.42,9.70,4.21,18.62"
1403,2026-07-27T13:20:53.522,56.348637,3.049400,0.7500,-0.1300,-0.3100,-106.9900,36.6200,36.8700,0.821888,118.942345,"0.75,-0.13,-0.31,-106.99,36.62,36.87"
1404,2026-07-27T13:20:53.645,56.471176,122.539200,0.8200,-0.3900,-0.2900,-158.2600,47.0000,38.9400,0.953205,169.621789,"0.82,-0.39,-0.29,-158.26,47.00,38.94"
1405,2026-07-27T13:20:53.645,56.471727,0.550800,0.7700,-0.5500,-0.4000,-122.2500,37.6000,7.3900,1.027327,128.114927,"0.77,-0.55,-0.40,-122.25,37.60,7.39"
1406,2026-07-27T13:20:53.646,56.472297,0.569400,0.6600,-0.7100,-0.5400,-57.8000,23.1900,-15.5000,1.109640,64.178393,"0.66,-0.71,-0.54,-57.80,23.19,-15.50"
1407,2026-07-27T13:20:53.647,56.473204,0.907800,0.5600,-0.7900,-0.6300,9.5800,-1.4000,-16.9700,1.155249,19.537587,"0.56,-0.79,-0.63,9.58,-1.40,-16.97"
1408,2026-07-27T13:20:53.648,56.473910,0.705800,0.6900,-0.6900,-0.6000,48.7700,-18.5500,-15.5000,1.145513,54.432209,"0.69,-0.69,-0.60,48.77,-18.55,-15.50"
1409,2026-07-27T13:20:53.648,56.474552,0.641500,1.0800,-0.5900,-0.3800,23.8600,-1.9500,-5.8600,1.287983,24.646332,"1.08,-0.59,-0.38,23.86,-1.95,-5.86"
1410,2026-07-27T13:20:53.649,56.474915,0.363000,1.1800,-0.4500,-0.1000,7.1400,31.7400,-7.6900,1.266846,33.429677,"1.18,-0.45,-0.10,7.14,31.74,-7.69"
1411,2026-07-27T13:20:53.649,56.475724,0.809600,0.8800,-0.1900,-0.0300,28.8100,33.6300,-35.2200,0.900777,56.581281,"0.88,-0.19,-0.03,28.81,33.63,-35.22"
1412,2026-07-27T13:20:53.885,56.711025,235.301000,0.7800,-0.1000,-0.2100,34.3600,30.5200,-32.8400,0.813941,56.484915,"0.78,-0.10,-0.21,34.36,30.52,-32.84"
1413,2026-07-27T13:20:53.885,56.711437,0.411700,0.9400,-0.1500,-0.4300,16.2400,64.1500,10.0700,1.044509,66.935529,"0.94,-0.15,-0.43,16.24,64.15,10.07"
1414,2026-07-27T13:20:53.886,56.712087,0.649800,0.9700,-0.1500,-0.4900,-6.1000,75.2000,22.4000,1.097041,78.702033,"0.97,-0.15,-0.49,-6.10,75.20,22.40"
1415,2026-07-27T13:20:53.888,56.714214,2.127400,0.8600,-0.2000,-0.4400,-11.0500,41.8100,-7.6300,0.986509,43.913500,"0.86,-0.20,-0.44,-11.05,41.81,-7.63"
1416,2026-07-27T13:20:53.888,56.714418,0.203300,0.8400,-0.3700,-0.4000,-10.8000,8.5400,-35.7700,1.001249,38.328377,"0.84,-0.37,-0.40,-10.80,8.54,-35.77"
1417,2026-07-27T13:20:54.005,56.830894,116.476800,0.8400,-0.4800,-0.3800,-32.9000,2.6200,-37.2300,1.039423,49.752862,"0.84,-0.48,-0.38,-32.90,2.62,-37.23"
1418,2026-07-27T13:20:54.005,56.831356,0.462000,0.8200,-0.4600,-0.3300,-79.8300,18.5500,-18.5500,0.996444,84.029958,"0.82,-0.46,-0.33,-79.83,18.55,-18.55"
1419,2026-07-27T13:20:54.006,56.832020,0.663800,0.8100,-0.4000,-0.2200,-122.2500,32.7800,-2.5000,0.929785,126.593210,"0.81,-0.40,-0.22,-122.25,32.78,-2.50"
1420,2026-07-27T13:20:54.065,56.891156,59.135600,0.8000,-0.4000,-0.1700,-118.1600,32.2900,-3.0500,0.910439,122.530536,"0.80,-0.40,-0.17,-118.16,32.29,-3.05"
1421,2026-07-27T13:20:54.185,57.011205,120.049600,0.8100,-0.4500,-0.3300,-59.7500,36.9900,-6.9600,0.983616,70.617025,"0.81,-0.45,-0.33,-59.75,36.99,-6.96"
1422,2026-07-27T13:20:54.187,57.013679,2.473900,0.8500,-0.4800,-0.6100,-0.7300,53.3400,0.4300,1.151086,53.346728,"0.85,-0.48,-0.61,-0.73,53.34,0.43"
1423,2026-07-27T13:20:54.188,57.013962,0.282400,0.8500,-0.4900,-0.6500,23.9300,38.4500,7.0200,1.176903,45.829333,"0.85,-0.49,-0.65,23.93,38.45,7.02"
1424,2026-07-27T13:20:54.188,57.014277,0.315700,0.8100,-0.4700,-0.4500,35.1600,-91.8000,14.1000,1.038990,99.308991,"0.81,-0.47,-0.45,35.16,-91.80,14.10"
1425,2026-07-27T13:20:54.365,57.190792,176.515000,0.8500,-0.4600,-0.3000,-52.2500,-79.4100,88.2600,1.011978,129.714449,"0.85,-0.46,-0.30,-52.25,-79.41,88.26"
1426,2026-07-27T13:20:54.365,57.191529,0.736800,1.1400,-0.5500,-0.2300,-143.3700,-21.7900,177.8600,1.286468,229.486254,"1.14,-0.55,-0.23,-143.37,-21.79,177.86"
1427,2026-07-27T13:20:54.366,57.191992,0.463300,1.4300,-0.6700,0.0100,-122.7400,0.1800,185.4200,1.579209,222.363928,"1.43,-0.67,0.01,-122.74,0.18,185.42"
1428,2026-07-27T13:20:54.366,57.192367,0.374800,1.2400,-0.7200,0.2100,-4.1500,-35.8300,111.6900,1.449172,117.369790,"1.24,-0.72,0.21,-4.15,-35.83,111.69"
1429,2026-07-27T13:20:54.604,57.430463,238.095800,0.7800,-0.5800,0.0400,100.0400,-65.0000,42.1100,0.972831,126.515824,"0.78,-0.58,0.04,100.04,-65.00,42.11"
1430,2026-07-27T13:20:54.605,57.431035,0.572000,0.6200,-0.2300,-0.2500,104.4900,-36.1900,14.4700,0.706965,111.522451,"0.62,-0.23,-0.25,104.49,-36.19,14.47"
1431,2026-07-27T13:20:54.606,57.431747,0.712100,0.7300,0.0500,-0.3500,13.4300,11.1700,3.3000,0.811110,17.777058,"0.73,0.05,-0.35,13.43,11.17,3.30"
1432,2026-07-27T13:20:54.608,57.433780,2.032700,0.8100,-0.0100,-0.3200,-106.0800,30.5200,-16.4200,0.870976,111.597729,"0.81,-0.01,-0.32,-106.08,30.52,-16.42"
1433,2026-07-27T13:20:54.608,57.434437,0.657100,0.7800,-0.2900,-0.3200,-167.6000,36.6200,-34.2400,0.891572,174.937595,"0.78,-0.29,-0.32,-167.60,36.62,-34.24"
1434,2026-07-27T13:20:54.609,57.435026,0.588600,0.6300,-0.7700,-0.4700,-134.2800,42.1800,-31.6200,1.100318,144.257046,"0.63,-0.77,-0.47,-134.28,42.18,-31.62"
1435,2026-07-27T13:20:54.725,57.551336,116.310900,0.5300,-0.9100,-0.6400,-38.7600,31.0100,-32.5300,1.232315,59.347777,"0.53,-0.91,-0.64,-38.76,31.01,-32.53"
1436,2026-07-27T13:20:54.726,57.552135,0.798000,0.5300,-0.8800,-0.6900,37.8400,-4.4600,-36.5600,1.237497,52.805216,"0.53,-0.88,-0.69,37.84,-4.46,-36.56"
1437,2026-07-27T13:20:54.727,57.552854,0.719800,0.8400,-0.7000,-0.5700,37.8400,-4.4600,-36.5600,1.233086,52.805216,"0.84,-0.70,-0.57,37.84,-4.46,-36.56"
1438,2026-07-27T13:20:54.785,57.611071,58.216700,1.1900,-0.6300,-0.2200,-43.0900,25.0900,12.1500,1.364331,51.321328,"1.19,-0.63,-0.22,-43.09,25.09,12.15"
1439,2026-07-27T13:20:54.785,57.611391,0.319900,1.1200,-0.4300,0.0500,-39.0600,42.7200,13.0000,1.200750,59.326908,"1.12,-0.43,0.05,-39.06,42.72,13.00"
1440,2026-07-27T13:20:54.965,57.791087,179.696600,0.9000,-0.0700,-0.0900,42.8500,17.7000,-19.5900,0.907193,50.330712,"0.90,-0.07,-0.09,42.85,17.70,-19.59"
1441,2026-07-27T13:20:54.966,57.791828,0.740500,0.9700,0.0500,-0.3700,73.6700,32.4700,-22.2200,1.039375,83.518251,"0.97,0.05,-0.37,73.67,32.47,-22.22"
1442,2026-07-27T13:20:54.966,57.792143,0.315400,1.0100,0.0400,-0.5100,-8.3600,87.5900,10.8000,1.132166,88.648394,"1.01,0.04,-0.51,-8.36,87.59,10.80"
1443,2026-07-27T13:20:54.966,57.792679,0.535600,0.8900,-0.0400,-0.4600,-115.5400,104.8600,23.0700,1.002646,157.725509,"0.89,-0.04,-0.46,-115.54,104.86,23.07"
1444,2026-07-27T13:20:55.145,57.970987,178.308000,0.8600,-0.2500,-0.4300,-130.2500,84.3500,4.9400,0.993479,155.255881,"0.86,-0.25,-0.43,-130.25,84.35,4.94"
1445,2026-07-27T13:20:55.145,57.971128,0.141500,0.8500,-0.4600,-0.4900,-90.7600,62.1900,-18.0100,1.083605,111.486922,"0.85,-0.46,-0.49,-90.76,62.19,-18.01"
1446,2026-07-27T13:20:55.146,57.972108,0.979700,0.8100,-0.5500,-0.5000,-71.9600,47.0000,-31.3100,1.099363,91.474355,"0.81,-0.55,-0.50,-71.96,47.00,-31.31"
1447,2026-07-27T13:20:55.146,57.972565,0.456600,0.7600,-0.5400,-0.4200,-70.8600,26.9800,-34.8500,1.022546,83.448083,"0.76,-0.54,-0.42,-70.86,26.98,-34.85"
1448,2026-07-27T13:20:55.147,57.973531,0.966200,0.7300,-0.5300,-0.3400,-64.0900,6.7100,-34.5500,0.964054,73.118087,"0.73,-0.53,-0.34,-64.09,6.71,-34.55"
1449,2026-07-27T13:20:55.265,58.091088,117.557500,0.7100,-0.4900,-0.2900,-55.5400,-3.2300,-29.5400,0.910110,62.989968,"0.71,-0.49,-0.29,-55.54,-3.23,-29.54"
1450,2026-07-27T13:20:55.265,58.091597,0.508900,0.7500,-0.4300,-0.3200,-54.5000,7.5100,-4.2100,0.921846,55.175848,"0.75,-0.43,-0.32,-54.50,7.51,-4.21"
1451,2026-07-27T13:20:55.266,58.092212,0.615100,0.8600,-0.4300,-0.4100,-62.6800,35.2800,37.4100,1.045275,81.073848,"0.86,-0.43,-0.41,-62.68,35.28,37.41"
1452,2026-07-27T13:20:55.325,58.151422,59.209800,0.9700,-0.4800,-0.4400,-58.3500,36.7400,60.0000,1.168289,91.403228,"0.97,-0.48,-0.44,-58.35,36.74,60.00"
1453,2026-07-27T13:20:55.865,58.690988,539.565400,1.0200,-0.5000,-0.3800,-35.2200,-5.0700,56.6400,1.197831,66.889782,"1.02,-0.50,-0.38,-35.22,-5.07,56.64"
1454,2026-07-27T13:20:55.865,58.691530,0.542800,1.0200,-0.4500,-0.3100,-49.3800,-46.9400,66.8900,1.157152,95.477851,"1.02,-0.45,-0.31,-49.38,-46.94,66.89"
1455,2026-07-27T13:20:55.866,58.692280,0.749500,1.2200,-0.5200,-0.1700,-127.4400,-45.2300,118.4700,1.337049,179.782778,"1.22,-0.52,-0.17,-127.44,-45.23,118.47"
1456,2026-07-27T13:20:55.924,58.750569,58.288900,1.2400,-0.6900,0.1500,-177.0600,5.7400,184.2700,1.426955,255.614210,"1.24,-0.69,0.15,-177.06,5.74,184.27"
1457,2026-07-27T13:20:55.925,58.751365,0.796500,0.8400,-0.7300,0.2300,-100.3400,6.2300,180.3000,1.136398,206.434054,"0.84,-0.73,0.23,-100.34,6.23,180.30"
1458,2026-07-27T13:20:55.926,58.752057,0.691600,0.6000,-0.6100,-0.1400,31.2500,-53.2200,98.2700,0.867006,116.042767,"0.60,-0.61,-0.14,31.25,-53.22,98.27"
1459,2026-07-27T13:20:55.927,58.752748,0.691500,0.6800,-0.3400,-0.4000,88.0100,-45.1000,32.4700,0.859069,104.086844,"0.68,-0.34,-0.40,88.01,-45.10,32.47"
1460,2026-07-27T13:20:55.927,58.753184,0.435500,0.7800,-0.0400,-0.3300,73.4300,24.2900,-4.7000,0.847880,77.485863,"0.78,-0.04,-0.33,73.43,24.29,-4.70"
1461,2026-07-27T13:20:55.927,58.753657,0.472900,0.7300,0.0500,-0.2300,4.5800,63.2300,-42.3600,0.767007,76.245517,"0.73,0.05,-0.23,4.58,63.23,-42.36"
1462,2026-07-27T13:20:55.928,58.754625,0.967800,0.6700,-0.1300,-0.2100,-93.0200,57.3100,-54.2000,0.714073,121.962275,"0.67,-0.13,-0.21,-93.02,57.31,-54.20"
1463,2026-07-27T13:20:55.929,58.755292,0.667500,0.6900,-0.4700,-0.3100,-132.3200,45.4100,-32.9600,0.890562,143.725475,"0.69,-0.47,-0.31,-132.32,45.41,-32.96"
1464,2026-07-27T13:20:55.930,58.756404,1.111800,0.6700,-0.8900,-0.5800,-93.7500,36.6800,-11.8400,1.255946,101.364049,"0.67,-0.89,-0.58,-93.75,36.68,-11.84"
1465,2026-07-27T13:20:55.931,58.756828,0.423700,0.7400,-1.0900,-0.7800,-39.3700,7.1400,-8.3600,1.531045,40.876229,"0.74,-1.09,-0.78,-39.37,7.14,-8.36"
1466,2026-07-27T13:20:55.931,58.757603,0.775400,1.0700,-0.9700,-0.5800,-51.8800,-23.6200,6.9600,1.556342,57.427175,"1.07,-0.97,-0.58,-51.88,-23.62,6.96"
1467,2026-07-27T13:20:55.932,58.758687,1.083800,1.1800,-0.5800,-0.0400,-75.9900,13.2400,24.4800,1.315447,80.926189,"1.18,-0.58,-0.04,-75.99,13.24,24.48"
1468,2026-07-27T13:20:55.933,58.759077,0.390200,0.9700,-0.1000,0.1700,-31.3100,51.9400,-15.2600,0.989848,62.537567,"0.97,-0.10,0.17,-31.31,51.94,-15.26"
1469,2026-07-27T13:20:56.170,58.995826,236.748600,0.9600,0.0800,-0.1000,-26.7900,59.1400,-64.7000,0.968504,91.658790,"0.96,0.08,-0.10,-26.79,59.14,-64.70"
1470,2026-07-27T13:20:56.170,58.996618,0.792700,1.0500,0.0700,-0.3500,-78.1900,89.1700,-37.7800,1.109009,124.468042,"1.05,0.07,-0.35,-78.19,89.17,-37.78"
1471,2026-07-27T13:20:56.226,59.051780,55.161300,1.0000,0.0400,-0.4500,-78.2500,100.8900,4.2100,1.097315,127.748106,"1.00,0.04,-0.45,-78.25,100.89,4.21"
1472,2026-07-27T13:20:56.226,59.052279,0.499300,0.9400,-0.0700,-0.5200,-16.1700,81.6000,-7.8700,1.076522,83.558158,"0.94,-0.07,-0.52,-16.17,81.60,-7.87"
1473,2026-07-27T13:20:56.226,59.052673,0.394200,0.8900,-0.2500,-0.5400,2.3200,58.6500,-34.9700,1.070607,68.323538,"0.89,-0.25,-0.54,2.32,58.65,-34.97"
1474,2026-07-27T13:20:56.227,59.053059,0.385400,0.8600,-0.3400,-0.4400,-84.5900,43.4600,-36.7400,1.024109,101.951299,"0.86,-0.34,-0.44,-84.59,43.46,-36.74"
1475,2026-07-27T13:20:56.227,59.053720,0.661600,0.8600,-0.3600,-0.2900,-175.8400,40.5900,-21.5500,0.976371,181.746131,"0.86,-0.36,-0.29,-175.84,40.59,-21.55"
1476,2026-07-27T13:20:56.285,59.111310,57.590200,0.7800,-0.4200,-0.2300,-169.3100,36.5600,-20.6900,0.915260,174.443646,"0.78,-0.42,-0.23,-169.31,36.56,-20.69"
1477,2026-07-27T13:20:56.345,59.170918,59.607900,0.7300,-0.6000,-0.3000,-66.7100,14.1600,-16.1100,0.991413,70.073260,"0.73,-0.60,-0.30,-66.71,14.16,-16.11"
1478,2026-07-27T13:20:56.345,59.171381,0.462700,0.7800,-0.7500,-0.3500,11.1100,-27.4700,15.3800,1.137277,33.385287,"0.78,-0.75,-0.35,11.11,-27.47,15.38"
1479,2026-07-27T13:20:56.525,59.350844,179.463200,0.8600,-0.7500,-0.3100,17.5200,-60.1800,39.8600,1.182455,74.279219,"0.86,-0.75,-0.31,17.52,-60.18,39.86"
1480,2026-07-27T13:20:56.525,59.351253,0.408900,0.9000,-0.6200,-0.2400,20.1400,-69.2100,55.0500,1.118928,90.698105,"0.90,-0.62,-0.24,20.14,-69.21,55.05"
1481,2026-07-27T13:20:56.527,59.353100,1.846500,0.9500,-0.4700,-0.1500,-1.2800,-54.0200,102.2300,1.070467,115.632053,"0.95,-0.47,-0.15,-1.28,-54.02,102.23"
1482,2026-07-27T13:20:56.527,59.353226,0.126800,1.2000,-0.4800,-0.1000,-67.2600,6.4100,184.5700,1.296302,196.547909,"1.20,-0.48,-0.10,-67.26,6.41,184.57"
1483,2026-07-27T13:20:56.648,59.474340,121.114100,1.4500,-0.5200,-0.1400,-111.9400,53.9600,242.1300,1.546771,272.156540,"1.45,-0.52,-0.14,-111.94,53.96,242.13"
1484,2026-07-27T13:20:56.649,59.474829,0.488600,1.3200,-0.4600,-0.0500,-97.8400,38.5700,221.9200,1.398749,245.578494,"1.32,-0.46,-0.05,-97.84,38.57,221.92"
1485,2026-07-27T13:20:56.704,59.530690,55.861200,0.9300,-0.4300,0.0200,-63.8400,5.0700,140.9300,1.024793,154.798306,"0.93,-0.43,0.02,-63.84,5.07,140.93"
1486,2026-07-27T13:20:56.705,59.531115,0.424600,0.6500,-0.3900,-0.1900,-18.3700,-30.5200,63.5400,0.781473,72.844073,"0.65,-0.39,-0.19,-18.37,-30.52,63.54"
1487,2026-07-27T13:20:56.705,59.531456,0.341200,0.6100,-0.3000,-0.3400,20.5700,-35.4600,31.1300,0.760066,51.474396,"0.61,-0.30,-0.34,20.57,-35.46,31.13"
1488,2026-07-27T13:20:56.765,59.591538,60.082200,0.6500,-0.3400,-0.2700,5.9800,-4.8800,19.6500,0.781665,21.111544,"0.65,-0.34,-0.27,5.98,-4.88,19.65"
1489,2026-07-27T13:20:56.825,59.651302,59.763900,0.6200,-0.5200,-0.2100,-16.8500,17.0300,-2.0800,0.836002,24.047241,"0.62,-0.52,-0.21,-16.85,17.03,-2.08"
1490,2026-07-27T13:20:56.884,59.710711,59.408500,0.5400,-0.7100,-0.2900,-1.3400,26.7300,-24.0500,0.937977,35.981815,"0.54,-0.71,-0.29,-1.34,26.73,-24.05"
1491,2026-07-27T13:20:56.885,59.711045,0.334400,0.5100,-0.8400,-0.4300,29.9100,16.7800,-27.8900,1.072660,44.204396,"0.51,-0.84,-0.43,29.91,16.78,-27.89"
1492,2026-07-27T13:20:57.126,59.951943,240.898400,0.5000,-0.8800,-0.5300,22.8300,-7.0800,-13.6700,1.142497,27.535508,"0.50,-0.88,-0.53,22.83,-7.08,-13.67"
1493,2026-07-27T13:20:57.127,59.952776,0.832200,0.5200,-0.7200,-0.4700,-33.2000,-16.3000,-0.2400,1.004838,36.986316,"0.52,-0.72,-0.47,-33.20,-16.30,-0.24"
1494,2026-07-27T13:20:57.127,59.953145,0.369100,0.8200,-0.5800,-0.2600,-65.6100,-8.1800,-8.7300,1.037497,66.691809,"0.82,-0.58,-0.26,-65.61,-8.18,-8.73"
1495,2026-07-27T13:20:57.128,59.953875,0.730100,1.0800,-0.6800,-0.1500,-46.0800,19.4700,-21.4200,1.285029,54.417494,"1.08,-0.68,-0.15,-46.08,19.47,-21.42"
1496,2026-07-27T13:20:57.128,59.954629,0.754000,0.9600,-0.6800,-0.2400,-7.9300,34.6100,-24.5400,1.200666,43.161888,"0.96,-0.68,-0.24,-7.93,34.61,-24.54"
1497,2026-07-27T13:20:57.129,59.955043,0.414500,0.7700,-0.4400,-0.3200,14.2800,22.4600,-20.3200,0.942815,33.485406,"0.77,-0.44,-0.32,14.28,22.46,-20.32"
1498,2026-07-27T13:20:57.245,60.071431,116.388100,0.8500,-0.2200,-0.3600,7.8100,43.5800,-3.9100,0.948947,44.446604,"0.85,-0.22,-0.36,7.81,43.58,-3.91"
1499,2026-07-27T13:20:57.246,60.072061,0.630000,0.9800,-0.1600,-0.3800,-24.7200,41.1400,-21.6700,1.063203,52.660867,"0.98,-0.16,-0.38,-24.72,41.14,-21.67"
1500,2026-07-27T13:20:57.246,60.072657,0.595500,0.9200,-0.2500,-0.3500,-56.5800,25.5700,-37.9000,1.015579,72.742912,"0.92,-0.25,-0.35,-56.58,25.57,-37.90"
1501,2026-07-27T13:20:57.365,60.191114,118.457100,0.8000,-0.4200,-0.3300,-92.7700,25.8800,-35.5200,0.961925,102.653386,"0.80,-0.42,-0.33,-92.77,25.88,-35.52"
1502,2026-07-27T13:20:57.366,60.191799,0.684900,0.7100,-0.5700,-0.3900,-139.1600,52.0600,-11.6600,0.990505,149.035918,"0.71,-0.57,-0.39,-139.16,52.06,-11.66"
1503,2026-07-27T13:20:57.366,60.192484,0.684900,0.7000,-0.5900,-0.4600,-151.1800,76.7800,11.8400,1.024549,169.972781,"0.70,-0.59,-0.46,-151.18,76.78,11.84"
1504,2026-07-27T13:20:57.485,60.311263,118.778600,0.7500,-0.5500,-0.4700,-96.9800,55.3600,0.8500,1.042065,111.671718,"0.75,-0.55,-0.47,-96.98,55.36,0.85"
1505,2026-07-27T13:20:57.486,60.311791,0.529000,0.7500,-0.5200,-0.3700,-15.4400,11.5400,-32.3500,0.984784,37.657505,"0.75,-0.52,-0.37,-15.44,11.54,-32.35"
1506,2026-07-27T13:20:57.486,60.312497,0.705300,0.7000,-0.5100,-0.3600,24.7800,11.2900,-34.1200,0.937923,43.654174,"0.70,-0.51,-0.36,24.78,11.29,-34.12"
1507,2026-07-27T13:20:57.665,60.490920,178.423600,0.7300,-0.5000,-0.4800,20.5100,29.1100,-9.2200,1.006628,36.783972,"0.73,-0.50,-0.48,20.51,29.11,-9.22"
1508,2026-07-27T13:20:57.665,60.491375,0.454500,0.8600,-0.6300,-0.3700,7.5100,14.5300,5.3700,1.128450,17.215049,"0.86,-0.63,-0.37,7.51,14.53,5.37"
1509,2026-07-27T13:20:57.666,60.491930,0.555200,0.8800,-0.7700,-0.2200,-14.8300,-3.7800,23.1900,1.189832,27.784769,"0.88,-0.77,-0.22,-14.83,-3.78,23.19"
1510,2026-07-27T13:20:57.667,60.492774,0.844100,0.8400,-0.8200,-0.1400,-42.5400,17.5800,67.6900,1.182201,81.857462,"0.84,-0.82,-0.14,-42.54,17.58,67.69"
1511,2026-07-27T13:20:57.667,60.493551,0.777200,0.8100,-0.6600,-0.2400,-42.5400,17.5800,67.6900,1.072054,81.857462,"0.81,-0.66,-0.24,-42.54,17.58,67.69"
1512,2026-07-27T13:20:57.725,60.551387,57.835100,0.9800,-0.5200,-0.3700,-43.7000,50.9600,143.8000,1.169487,158.697989,"0.98,-0.52,-0.37,-43.70,50.96,143.80"
1513,2026-07-27T13:20:57.965,60.790913,239.526700,1.1800,-0.5000,-0.2500,-55.7900,35.6400,151.8600,1.305718,165.662891,"1.18,-0.50,-0.25,-55.79,35.64,151.86"
1514,2026-07-27T13:20:57.966,60.792009,1.095900,1.0900,-0.4900,-0.0400,-62.8100,9.1600,122.7400,1.195742,138.181436,"1.09,-0.49,-0.04,-62.81,9.16,122.74"
1515,2026-07-27T13:20:57.966,60.792363,0.354400,0.7600,-0.5100,-0.0800,-28.4400,-29.4800,63.4200,0.918749,75.498347,"0.76,-0.51,-0.08,-28.44,-29.48,63.42"
1516,2026-07-27T13:20:57.968,60.793797,1.433500,0.5500,-0.4900,-0.1800,5.1900,-46.3300,28.3800,0.758288,54.578653,"0.55,-0.49,-0.18,5.19,-46.33,28.38"
1517,2026-07-27T13:20:57.968,60.794172,0.375100,0.6000,-0.3900,-0.1900,-2.3200,-19.2300,33.6900,0.740405,38.861181,"0.60,-0.39,-0.19,-2.32,-19.23,33.69"
1518,2026-07-27T13:20:57.968,60.794674,0.501900,0.6600,-0.3300,-0.1800,-28.2000,17.4000,29.3600,0.759539,44.271996,"0.66,-0.33,-0.18,-28.20,17.40,29.36"
1519,2026-07-27T13:20:58.025,60.851009,56.335300,0.6200,-0.4100,-0.2400,-41.6900,38.4500,-6.1000,0.781089,57.040938,"0.62,-0.41,-0.24,-41.69,38.45,-6.10"
1520,2026-07-27T13:20:58.144,60.970652,119.643000,0.5600,-0.6400,-0.3600,-40.8300,43.8800,-45.9600,0.923472,75.530556,"0.56,-0.64,-0.36,-40.83,43.88,-45.96"
1521,2026-07-27T13:20:58.145,60.971291,0.639200,0.5100,-0.9300,-0.5500,-38.5100,40.8300,-54.6300,1.194780,78.323342,"0.51,-0.93,-0.55,-38.51,40.83,-54.63"
1522,2026-07-27T13:20:58.145,60.971399,0.107200,0.4900,-0.9800,-0.7000,-25.5700,19.1700,-36.1300,1.300192,48.235782,"0.49,-0.98,-0.70,-25.57,19.17,-36.13"
1523,2026-07-27T13:20:58.146,60.972515,1.116500,0.6700,-0.7400,-0.4900,-18.3700,-8.3000,-15.3800,1.112025,25.355301,"0.67,-0.74,-0.49,-18.37,-8.30,-15.38"
1524,2026-07-27T13:20:58.205,61.030879,58.363900,0.9000,-0.6600,-0.2500,-20.6300,-9.7700,-13.6100,1.143722,26.575965,"0.90,-0.66,-0.25,-20.63,-9.77,-13.61"
1525,2026-07-27T13:20:58.265,61.091683,60.804200,0.9800,-0.7900,-0.2400,-7.2000,1.8900,-25.0900,1.281444,26.170980,"0.98,-0.79,-0.24,-7.20,1.89,-25.09"
1526,2026-07-27T13:20:58.266,61.091947,0.263700,0.9000,-0.6400,-0.2700,37.6000,1.0400,-23.6200,1.136882,44.415605,"0.90,-0.64,-0.27,37.60,1.04,-23.62"
1527,2026-07-27T13:20:58.385,61.211235,119.288200,0.7400,-0.3300,-0.3300,67.4400,1.1600,-12.7600,0.874871,68.646317,"0.74,-0.33,-0.33,67.44,1.16,-12.76"
1528,2026-07-27T13:20:58.386,61.212019,0.783800,0.7600,-0.2300,-0.3700,38.3300,18.3700,-5.3100,0.876014,42.835055,"0.76,-0.23,-0.37,38.33,18.37,-5.31"
1529,2026-07-27T13:20:58.386,61.212734,0.715300,0.8900,-0.1800,-0.3300,-35.5200,50.2300,2.7500,0.966126,61.581538,"0.89,-0.18,-0.33,-35.52,50.23,2.75"
1530,2026-07-27T13:20:58.506,61.332197,119.463100,0.9300,-0.2800,-0.3100,-79.7700,73.1200,3.8500,1.019510,108.280237,"0.93,-0.28,-0.31,-79.77,73.12,3.85"
1531,2026-07-27T13:20:58.507,61.333105,0.907800,0.8100,-0.4000,-0.3200,6.1600,44.2500,-15.5000,0.958384,47.289091,"0.81,-0.40,-0.32,6.16,44.25,-15.50"
1532,2026-07-27T13:20:58.508,61.333999,0.893300,0.8100,-0.3100,-0.3000,101.2000,-23.3800,-45.5300,0.917715,113.406549,"0.81,-0.31,-0.30,101.20,-23.38,-45.53"
1533,2026-07-27T13:20:58.565,61.391075,57.076900,0.9900,-0.3000,-0.3200,62.8700,-48.5800,-68.3000,1.082820,104.773772,"0.99,-0.30,-0.32,62.87,-48.58,-68.30"
1534,2026-07-27T13:20:58.625,61.451511,60.435400,0.9900,-0.4300,-0.3300,-48.6500,-2.6200,-67.0200,1.128672,82.857512,"0.99,-0.43,-0.33,-48.65,-2.62,-67.02"
1535,2026-07-27T13:20:58.626,61.451914,0.403400,0.8600,-0.5200,-0.3200,-110.1100,41.1400,-52.3100,1.054704,128.658648,"0.86,-0.52,-0.32,-110.11,41.14,-52.31"
1536,2026-07-27T13:20:58.865,61.691442,239.527600,0.7900,-0.5600,-0.3200,-89.7800,46.3900,-40.8300,1.019853,108.993437,"0.79,-0.56,-0.32,-89.78,46.39,-40.83"
1537,2026-07-27T13:20:58.866,61.691894,0.452700,0.7500,-0.5400,-0.3300,-55.7300,43.5800,-26.2500,0.981326,75.459339,"0.75,-0.54,-0.33,-55.73,43.58,-26.25"
1538,2026-07-27T13:20:58.866,61.692545,0.650500,0.7000,-0.4800,-0.3500,-34.1800,45.9600,-7.3900,0.918096,57.751243,"0.70,-0.48,-0.35,-34.18,45.96,-7.39"
1539,2026-07-27T13:20:58.984,61.810631,118.086000,0.6400,-0.4200,-0.3500,-9.8900,42.2400,4.5800,0.841724,43.623458,"0.64,-0.42,-0.35,-9.89,42.24,4.58"
1540,2026-07-27T13:20:58.985,61.810890,0.259200,0.5700,-0.4000,-0.3300,29.1700,20.4500,5.3700,0.770584,36.026772,"0.57,-0.40,-0.33,29.17,20.45,5.37"
1541,2026-07-27T13:20:58.985,61.811409,0.519200,0.6700,-0.4500,-0.3500,70.2500,-15.4400,8.4200,0.879716,72.417902,"0.67,-0.45,-0.35,70.25,-15.44,8.42"
1542,2026-07-27T13:20:58.986,61.812172,0.763100,0.9600,-0.5700,-0.4000,54.2600,-34.6100,34.2400,1.185960,72.899776,"0.96,-0.57,-0.40,54.26,-34.61,34.24"
1543,2026-07-27T13:20:58.987,61.813326,1.153400,1.2400,-0.6700,-0.1500,-55.3600,-12.2700,85.6900,1.417392,102.752414,"1.24,-0.67,-0.15,-55.36,-12.27,85.69"
1544,2026-07-27T13:20:58.988,61.813809,0.483300,1.2500,-0.6900,0.2300,-148.8000,40.2200,127.8700,1.446202,200.274375,"1.25,-0.69,0.23,-148.80,40.22,127.87"
1545,2026-07-27T13:20:59.165,61.991336,177.527100,1.0100,-0.5700,0.1400,-105.5300,34.8500,112.1200,1.168161,157.867026,"1.01,-0.57,0.14,-105.53,34.85,112.12"
1546,2026-07-27T13:20:59.225,62.050774,59.437700,0.8500,-0.4700,-0.1000,-13.7900,-15.8700,64.6400,0.976422,67.973161,"0.85,-0.47,-0.10,-13.79,-15.87,64.64"
1547,2026-07-27T13:20:59.225,62.051560,0.786400,0.8000,-0.5500,-0.1900,3.0500,-12.4500,44.6800,0.989242,46.482334,"0.80,-0.55,-0.19,3.05,-12.45,44.68"
1548,2026-07-27T13:20:59.226,62.052361,0.800900,0.7900,-0.6700,-0.2000,-17.5200,16.6600,42.6000,1.054988,48.982303,"0.79,-0.67,-0.20,-17.52,16.66,42.60"
1549,2026-07-27T13:20:59.227,62.052939,0.578000,0.7700,-0.7200,-0.1900,-13.9200,23.5000,32.4100,1.071168,42.384248,"0.77,-0.72,-0.19,-13.92,23.50,32.41"
1550,2026-07-27T13:20:59.228,62.053863,0.923400,0.7100,-0.7400,-0.1300,7.5100,16.7200,18.6200,1.033731,26.127819,"0.71,-0.74,-0.13,7.51,16.72,18.62"
1551,2026-07-27T13:20:59.345,62.171022,117.159600,0.6100,-0.8000,-0.0500,31.4300,14.5300,11.1700,1.007274,36.383165,"0.61,-0.80,-0.05,31.43,14.53,11.17"
1552,2026-07-27T13:20:59.345,62.171160,0.137800,0.5700,-0.7900,-0.0100,57.1900,14.7100,5.0000,0.974218,59.262806,"0.57,-0.79,-0.01,57.19,14.71,5.00"
1553,2026-07-27T13:20:59.405,62.231594,60.434100,0.5900,-0.6700,0.0200,76.9000,13.8500,-9.2800,0.892973,78.686409,"0.59,-0.67,0.02,76.90,13.85,-9.28"
1554,2026-07-27T13:20:59.406,62.232020,0.426200,0.6100,-0.5000,0.0200,81.7300,11.4700,-29.8500,0.788987,87.763183,"0.61,-0.50,0.02,81.73,11.47,-29.85"
1555,2026-07-27T13:20:59.585,62.411740,179.719800,0.6100,-0.3400,-0.0800,72.2700,-0.4300,-47.7300,0.702922,86.609992,"0.61,-0.34,-0.08,72.27,-0.43,-47.73"
1556,2026-07-27T13:20:59.586,62.412295,0.554600,0.5900,-0.2500,-0.1500,53.3400,-16.2400,-51.2100,0.658103,75.705728,"0.59,-0.25,-0.15,53.34,-16.24,-51.21"
1557,2026-07-27T13:20:59.586,62.412531,0.236000,0.6500,-0.1800,-0.1700,30.7000,-6.1000,-36.5000,0.695557,48.082741,"0.65,-0.18,-0.17,30.70,-6.10,-36.50"
1558,2026-07-27T13:20:59.587,62.413078,0.547100,0.9100,-0.2200,-0.3300,41.2000,14.9500,-14.2800,0.992673,46.096214,"0.91,-0.22,-0.33,41.20,14.95,-14.28"
1559,2026-07-27T13:20:59.587,62.413414,0.336400,1.2400,-0.6000,-0.6200,150.5700,-8.3600,-1.4000,1.510629,150.808403,"1.24,-0.60,-0.62,150.57,-8.36,-1.40"
1560,2026-07-27T13:20:59.645,62.471361,57.947200,1.2200,-0.9600,-0.6900,190.2500,-58.3500,-25.5700,1.698853,200.633023,"1.22,-0.96,-0.69,190.25,-58.35,-25.57"
1561,2026-07-27T13:20:59.765,62.591518,120.156300,1.0900,-1.0800,-0.6900,-4.3900,-26.8600,-54.0800,1.682439,60.542366,"1.09,-1.08,-0.69,-4.39,-26.86,-54.08"
1562,2026-07-27T13:20:59.766,62.592092,0.574500,1.3000,-1.0100,-0.3900,-217.5900,101.6800,-34.8500,1.691804,242.690653,"1.30,-1.01,-0.39,-217.59,101.68,-34.85"
1563,2026-07-27T13:20:59.766,62.592632,0.539600,1.3600,-0.8900,-0.0900,-207.2100,165.5900,-29.9100,1.627821,266.928156,"1.36,-0.89,-0.09,-207.21,165.59,-29.91"
1564,2026-07-27T13:20:59.825,62.651425,58.792800,0.7400,-0.9100,-0.3000,-76.1700,120.9100,-57.3100,1.210661,153.966013,"0.74,-0.91,-0.30,-76.17,120.91,-57.31"
1565,2026-07-27T13:20:59.826,62.651871,0.446500,-0.1000,-0.8900,-0.4600,-3.1700,61.8300,-52.3100,1.006827,81.051428,"-0.10,-0.89,-0.46,-3.17,61.83,-52.31"
1566,2026-07-27T13:20:59.945,62.771590,119.719000,-0.4800,-0.5400,-0.5400,18.3700,15.9300,-8.7300,0.901998,25.834758,"-0.48,-0.54,-0.54,18.37,15.93,-8.73"
1567,2026-07-27T13:20:59.946,62.772056,0.466100,-0.3400,-0.1600,-0.5600,31.9800,-33.8100,36.5000,0.674389,59.144624,"-0.34,-0.16,-0.56,31.98,-33.81,36.50"
1568,2026-07-27T13:20:59.946,62.772685,0.628300,0.1600,-0.3100,-0.4500,65.0000,-96.5000,68.4800,0.569386,135.006520,"0.16,-0.31,-0.45,65.00,-96.50,68.48"
1569,2026-07-27T13:21:00.065,62.891134,118.449100,1.3800,-0.8000,-0.3300,102.6000,-145.0800,110.9000,1.628895,209.460680,"1.38,-0.80,-0.33,102.60,-145.08,110.90"
1570,2026-07-27T13:21:00.244,63.070710,179.576400,2.7000,-0.9100,-0.1400,50.6600,-157.0400,159.3600,2.852665,229.398358,"2.70,-0.91,-0.14,50.66,-157.04,159.36"
1571,2026-07-27T13:21:00.245,63.071238,0.528200,2.7000,-0.6600,0.2400,2.9300,-169.1300,93.8700,2.789839,193.455728,"2.70,-0.66,0.24,2.93,-169.13,93.87"
1572,2026-07-27T13:21:00.246,63.071763,0.524600,1.8900,-0.4400,0.4700,15.1400,-148.6200,20.7500,1.996647,150.823362,"1.89,-0.44,0.47,15.14,-148.62,20.75"
1573,2026-07-27T13:21:00.246,63.072438,0.674700,1.3900,-0.2600,0.4200,34.8500,-88.9900,-23.3200,1.475161,98.374616,"1.39,-0.26,0.42,34.85,-88.99,-23.32"
1574,2026-07-27T13:21:00.247,63.072914,0.476700,1.3900,-0.2600,0.4200,34.8500,-88.9900,-23.3200,1.475161,98.374616,"1.39,-0.26,0.42,34.85,-88.99,-23.32"
1575,2026-07-27T13:21:00.247,63.073690,0.775900,0.9700,-0.3800,0.1900,11.3500,24.5400,-35.8900,1.058962,44.934688,"0.97,-0.38,0.19,11.35,24.54,-35.89"
1576,2026-07-27T13:21:00.305,63.131504,57.813800,0.8200,-0.6400,0.0700,30.8200,47.4900,-34.9700,1.042545,66.543771,"0.82,-0.64,0.07,30.82,47.49,-34.97"
1577,2026-07-27T13:21:00.306,63.131990,0.486300,0.6500,-0.5500,-0.0200,35.4000,51.0900,-35.7100,0.851704,71.683695,"0.65,-0.55,-0.02,35.40,51.09,-35.71"
1578,2026-07-27T13:21:00.424,63.250731,118.740600,0.7300,-0.2000,-0.0800,8.7300,50.4800,-57.9800,0.761118,77.370044,"0.73,-0.20,-0.08,8.73,50.48,-57.98"
1579,2026-07-27T13:21:00.428,63.254346,3.615400,0.9600,-0.0800,-0.1300,-1.7100,51.8800,-64.2100,0.972060,82.567443,"0.96,-0.08,-0.13,-1.71,51.88,-64.21"
1580,2026-07-27T13:21:00.485,63.311275,56.928800,0.8500,-0.5500,0.0200,5.8000,48.4600,-28.6300,1.012620,56.583465,"0.85,-0.55,0.02,5.80,48.46,-28.63"
1581,2026-07-27T13:21:00.486,63.311964,0.689000,0.7800,-0.4600,0.0500,-0.7900,34.7300,6.1000,0.906918,35.270483,"0.78,-0.46,0.05,-0.79,34.73,6.10"
1582,2026-07-27T13:21:00.605,63.431399,119.434900,0.8800,-0.3200,0.0500,-22.3400,28.8700,-12.6300,0.937710,38.627314,"0.88,-0.32,0.05,-22.34,28.87,-12.63"
1583,2026-07-27T13:21:00.606,63.431814,0.414500,0.8700,-0.3400,0.0600,-27.7100,37.6600,-46.2600,0.936002,65.773150,"0.87,-0.34,0.06,-27.71,37.66,-46.26"
1584,2026-07-27T13:21:00.606,63.432403,0.589300,0.8500,-0.4000,0.0600,-35.5200,49.3800,-31.7400,0.941329,68.611095,"0.85,-0.40,0.06,-35.52,49.38,-31.74"
1585,2026-07-27T13:21:00.785,63.611293,178.889900,0.8900,-0.6200,0.0900,-85.2100,64.7600,4.5800,1.088393,107.124125,"0.89,-0.62,0.09,-85.21,64.76,4.58"
1586,2026-07-27T13:21:00.786,63.612029,0.736100,0.7900,-0.9200,0.1500,-126.6500,72.2700,48.5200,1.221884,153.679425,"0.79,-0.92,0.15,-126.65,72.27,48.52"
1587,2026-07-27T13:21:00.786,63.612481,0.452500,0.5100,-0.7600,0.1100,-113.1000,59.8800,90.7600,0.921846,156.890414,"0.51,-0.76,0.11,-113.10,59.88,90.76"
1588,2026-07-27T13:21:00.787,63.612993,0.511400,0.3100,-0.3900,0.0100,-72.6900,33.0200,70.8600,0.498297,106.748752,"0.31,-0.39,0.01,-72.69,33.02,70.86"
1589,2026-07-27T13:21:00.787,63.613671,0.678400,0.4900,-0.4200,-0.0900,-59.2000,1.2800,-13.8500,0.651613,60.812013,"0.49,-0.42,-0.09,-59.20,1.28,-13.85"
1590,2026-07-27T13:21:00.845,63.670973,57.302100,0.7400,-0.5700,-0.1900,-102.5400,-22.7100,-53.7700,0.953205,117.989019,"0.74,-0.57,-0.19,-102.54,-22.71,-53.77"
1591,2026-07-27T13:21:00.965,63.791397,120.424000,1.0300,-0.9100,-0.3400,-237.6100,2.1400,26.5500,1.415839,239.098294,"1.03,-0.91,-0.34,-237.61,2.14,26.55"
1592,2026-07-27T13:21:00.966,63.792092,0.694900,1.2500,-1.1300,-0.5100,-461.0000,171.5100,185.0000,1.760540,525.510875,"1.25,-1.13,-0.51,-461.00,171.51,185.00"
1593,2026-07-27T13:21:00.966,63.792727,0.635000,1.3400,-0.6400,-0.5700,-603.0300,363.3400,229.0000,1.590629,740.339204,"1.34,-0.64,-0.57,-603.03,363.34,229.00"
1594,2026-07-27T13:21:01.085,63.911299,118.571700,1.4800,0.1200,-0.6200,-464.1100,318.0500,23.0100,1.609099,563.101549,"1.48,0.12,-0.62,-464.11,318.05,23.01"
1595,2026-07-27T13:21:01.086,63.911922,0.623600,1.0800,0.3600,-0.6100,-282.3500,153.9300,-220.0900,1.291549,389.686509,"1.08,0.36,-0.61,-282.35,153.93,-220.09"
1596,2026-07-27T13:21:01.086,63.912339,0.416500,0.2600,-0.0700,-0.5000,-304.6900,117.8600,-268.0100,0.567891,422.559269,"0.26,-0.07,-0.50,-304.69,117.86,-268.01"
1597,2026-07-27T13:21:01.265,64.091591,179.252500,-0.1000,-0.2400,-0.3200,-296.0800,153.5600,-209.1000,0.412311,393.658291,"-0.10,-0.24,-0.32,-296.08,153.56,-209.1"
1598,2026-07-27T13:21:01.266,64.092189,0.597900,0.0700,0.0300,-0.2100,-299.9300,79.9600,-83.6800,0.223383,321.487090,"0.07,0.03,-0.21,-299.93,79.96,-83.68"
1599,2026-07-27T13:21:01.266,64.092636,0.446300,0.6200,-0.0200,-0.6200,-441.5300,-115.2300,88.8100,0.877040,464.880533,"0.62,-0.02,-0.62,-441.53,-115.23,88.81"
1600,2026-07-27T13:21:01.267,64.093232,0.596600,1.1200,-0.4500,-1.0400,-483.8300,-268.4900,182.0700,1.593267,582.518527,"1.12,-0.45,-1.04,-483.83,-268.49,182.07"
1601,2026-07-27T13:21:01.267,64.093661,0.428800,1.1100,-0.5300,-0.8500,-285.4600,-251.5900,106.6900,1.495159,395.180586,"1.11,-0.53,-0.85,-285.46,-251.59,106.69"
1602,2026-07-27T13:21:01.565,64.391039,297.377600,0.9000,0.0500,-0.8200,-24.6000,-155.2100,-18.5500,1.218565,158.238449,"0.90,0.05,-0.82,-24.60,-155.21,-18.55"
1603,2026-07-27T13:21:01.565,64.391479,0.440900,0.9000,0.8300,-1.0500,150.9400,-67.2000,43.2100,1.612886,170.780057,"0.90,0.83,-1.05,150.94,-67.20,43.21"
1604,2026-07-27T13:21:01.565,64.391730,0.250300,1.1300,1.0400,-0.9900,156.3100,-7.7500,145.4500,1.827184,213.655286,"1.13,1.04,-0.99,156.31,-7.75,145.45"
1605,2026-07-27T13:21:01.567,64.392842,1.111800,1.4000,0.2200,-0.8800,-41.3800,-20.5100,163.0200,1.668173,169.435784,"1.40,0.22,-0.88,-41.38,-20.51,163.02"
1606,2026-07-27T13:21:01.567,64.393653,0.811200,1.2600,-0.8100,-0.6000,-234.1900,57.3700,189.3300,1.613598,306.565037,"1.26,-0.81,-0.60,-234.19,57.37,189.33"
1607,2026-07-27T13:21:01.568,64.394731,1.078000,0.8600,-1.0200,-0.2300,-204.4100,195.8600,159.9100,1.353846,325.139656,"0.86,-1.02,-0.23,-204.41,195.86,159.91"
1608,2026-07-27T13:21:01.569,64.395358,0.627100,0.6800,-0.6200,0.0500,-42.0500,176.5700,53.7100,0.921575,189.287959,"0.68,-0.62,0.05,-42.05,176.57,53.71"
1609,2026-07-27T13:21:01.746,64.571758,176.400300,0.6400,-0.1700,0.4100,-0.1800,92.2900,-21.4200,0.778845,94.743300,"0.64,-0.17,0.41,-0.18,92.29,-21.42"
1610,2026-07-27T13:21:01.746,64.572322,0.563900,0.6700,0.1000,0.5000,-71.5300,82.6400,-45.9600,0.841962,118.567416,"0.67,0.10,0.50,-71.53,82.64,-45.96"
1611,2026-07-27T13:21:01.746,64.572628,0.305500,0.7500,0.1900,0.3000,-129.5800,117.9800,-81.3600,0.829819,193.208971,"0.75,0.19,0.30,-129.58,117.98,-81.36"
1612,2026-07-27T13:21:01.747,64.573436,0.808800,0.8000,0.3300,0.1500,-146.1200,157.7100,-131.5900,0.878294,252.070281,"0.80,0.33,0.15,-146.12,157.71,-131.59"
1613,2026-07-27T13:21:01.805,64.631359,57.922700,0.8400,0.3800,0.1000,-149.4800,169.4300,-116.1500,0.927362,254.050424,"0.84,0.38,0.10,-149.48,169.43,-116.15"
1614,2026-07-27T13:21:01.806,64.631959,0.600200,1.0700,0.3500,0.0100,-135.0700,119.1400,-42.6600,1.125833,185.089492,"1.07,0.35,0.01,-135.07,119.14,-42.66"
1615,2026-07-27T13:21:01.987,64.812848,180.888900,1.4000,0.4600,0.0600,-122.6800,54.1400,-20.6900,1.474856,135.681974,"1.40,0.46,0.06,-122.68,54.14,-20.69"
1616,2026-07-27T13:21:01.987,64.813228,0.380200,1.4600,0.4200,0.2900,-139.3400,46.8100,-27.6500,1.546642,149.570499,"1.46,0.42,0.29,-139.34,46.81,-27.65"
1617,2026-07-27T13:21:01.990,64.815981,2.752600,1.1800,0.0300,0.4800,-131.9000,83.1300,9.4000,1.274245,156.194004,"1.18,0.03,0.48,-131.90,83.13,9.40"
1618,2026-07-27T13:21:02.045,64.870775,54.793600,0.8700,-0.4500,0.7500,-98.4500,129.3900,79.9600,1.233653,181.184371,"0.87,-0.45,0.75,-98.45,129.39,79.96"
1619,2026-07-27T13:21:02.045,64.871506,0.731200,0.5700,-0.7000,0.8600,-140.8100,186.4600,111.5700,1.246796,258.925960,"0.57,-0.70,0.86,-140.81,186.46,111.57"
1620,2026-07-27T13:21:02.046,64.871817,0.310800,0.5500,-0.5800,0.6600,-179.4400,155.3300,49.8000,1.036581,242.499820,"0.55,-0.58,0.66,-179.44,155.33,49.80"
1621,2026-07-27T13:21:02.285,65.111337,239.520300,0.7300,-0.3500,0.5300,-109.9200,39.2500,-64.5800,0.967626,133.392448,"0.73,-0.35,0.53,-109.92,39.25,-64.58"
1622,2026-07-27T13:21:02.286,65.111944,0.606800,0.6500,-0.2000,0.4700,-4.2100,-0.0600,-155.7000,0.826680,155.756919,"0.65,-0.20,0.47,-4.21,-0.06,-155.70"
1623,2026-07-27T13:21:02.286,65.112333,0.389200,0.6500,0.0000,0.4100,24.7800,-0.4300,-221.1900,0.768505,222.574144,"0.65,0.00,0.41,24.78,-0.43,-221.19"
1624,2026-07-27T13:21:02.287,65.113017,0.683900,0.8400,0.1900,0.4000,-77.6400,-25.4500,-267.4000,0.949579,279.604063,"0.84,0.19,0.40,-77.64,-25.45,-267.40"
1625,2026-07-27T13:21:02.287,65.113657,0.640100,0.8300,0.1900,0.5500,-224.4300,-12.8800,-207.7000,1.013657,306.062100,"0.83,0.19,0.55,-224.43,-12.88,-207.70"
1626,2026-07-27T13:21:02.288,65.114555,0.898200,0.6700,0.1300,0.8800,-210.7500,70.1900,-125.9800,1.113643,255.368673,"0.67,0.13,0.88,-210.75,70.19,-125.98"
1627,2026-07-27T13:21:02.466,65.291759,177.204300,0.5000,0.2000,1.0800,18.6200,164.1800,-118.5900,1.206814,203.384771,"0.50,0.20,1.08,18.62,164.18,-118.59"
1628,2026-07-27T13:21:02.467,65.292976,1.216700,0.4600,0.3500,0.9000,214.4200,187.5600,-89.2300,1.069626,298.524175,"0.46,0.35,0.90,214.42,187.56,-89.23"
1629,2026-07-27T13:21:02.468,65.294180,1.204200,0.5500,0.5100,0.6400,211.4300,144.5900,-33.0200,0.986002,258.261947,"0.55,0.51,0.64,211.43,144.59,-33.02"
1630,2026-07-27T13:21:02.468,65.294505,0.324700,0.5000,0.7100,0.5500,77.3900,49.2600,-34.5500,1.027911,98.027864,"0.50,0.71,0.55,77.39,49.26,-34.55"
1631,2026-07-27T13:21:02.525,65.350968,56.462700,0.2300,0.7200,0.4800,-67.3800,-52.2500,-101.3800,0.895377,132.468982,"0.23,0.72,0.48,-67.38,-52.25,-101.38"
1632,2026-07-27T13:21:02.525,65.351571,0.603200,-0.2000,0.4700,0.5900,-132.1400,-108.9500,-157.4100,0.780385,232.613392,"-0.20,0.47,0.59,-132.14,-108.95,-157.41"
1633,2026-07-27T13:21:02.586,65.411858,60.287300,-0.5800,0.2000,0.9400,-116.3300,-119.3200,-159.6100,1.122497,230.749395,"-0.58,0.20,0.94,-116.33,-119.32,-159.61"
1634,2026-07-27T13:21:02.586,65.412350,0.492200,-0.6300,0.0200,1.1700,-85.8800,-91.8000,-122.9900,1.328985,175.866866,"-0.63,0.02,1.17,-85.88,-91.80,-122.99"
1635,2026-07-27T13:21:02.645,65.471318,58.967300,-0.3100,-0.1400,1.1900,-84.5300,-53.9600,-77.8200,1.237659,126.936815,"-0.31,-0.14,1.19,-84.53,-53.96,-77.82"
1636,2026-07-27T13:21:02.765,65.591491,120.173800,0.1700,-0.1700,1.1600,-110.6600,-27.4000,-41.9300,1.184652,121.468187,"0.17,-0.17,1.16,-110.66,-27.40,-41.93"
1637,2026-07-27T13:21:02.766,65.591904,0.412400,0.5500,0.0400,1.0800,-132.3900,0.9800,-19.4100,1.212642,133.808896,"0.55,0.04,1.08,-132.39,0.98,-19.41"
1638,2026-07-27T13:21:02.767,65.593022,1.118100,0.7400,0.2600,0.9800,-138.6700,27.3400,-15.2600,1.255229,142.160867,"0.74,0.26,0.98,-138.67,27.34,-15.26"
1639,2026-07-27T13:21:02.886,65.711824,118.802100,0.7500,0.3400,0.9200,-131.7100,32.7800,-26.3100,1.234706,138.254362,"0.75,0.34,0.92,-131.71,32.78,-26.31"
1640,2026-07-27T13:21:03.005,65.830940,119.116100,0.6900,0.2700,0.9200,-114.9900,17.6400,-44.3100,1.181271,124.487934,"0.69,0.27,0.92,-114.99,17.64,-44.31"
1641,2026-07-27T13:21:03.065,65.891686,60.746100,0.6500,0.1900,0.9900,-93.3200,-1.0400,-55.8500,1.199458,108.760868,"0.65,0.19,0.99,-93.32,-1.04,-55.85"
1642,2026-07-27T13:21:03.066,65.892390,0.703800,0.6100,0.1600,0.9000,-71.1700,-8.9100,-57.2500,1.098954,91.772106,"0.61,0.16,0.90,-71.17,-8.91,-57.25"
1643,2026-07-27T13:21:03.067,65.893028,0.638100,0.4500,0.1600,0.6200,-10.5000,-33.6300,-70.0100,0.782624,78.374913,"0.45,0.16,0.62,-10.50,-33.63,-70.01"
1644,2026-07-27T13:21:03.067,65.893604,0.576200,0.2900,0.2100,0.3600,161.9900,-506.9000,-135.5000,0.507740,549.134428,"0.29,0.21,0.36,161.99,-506.90,-135.50"
1645,2026-07-27T13:21:03.068,65.894095,0.490300,0.1500,0.1400,0.1000,62.5600,-852.6000,-96.3100,0.228254,860.300023,"0.15,0.14,0.10,62.56,-852.60,-96.31"
1646,2026-07-27T13:21:03.068,65.894408,0.313500,0.0200,0.0300,-0.1100,-28.0800,-988.2200,-64.0300,0.115758,990.690212,"0.02,0.03,-0.11,-28.08,-988.22,-64.03"
1647,2026-07-27T13:21:03.365,66.191294,296.886200,-0.0200,-0.0100,-0.1600,-51.2700,-968.6900,-63.6000,0.161555,972.128535,"-0.02,-0.01,-0.16,-51.27,-968.69,-63.60"
1648,2026-07-27T13:21:03.366,66.192362,1.067300,-0.0100,-0.0000,-0.1200,-38.7000,-915.8900,-77.5800,0.120416,919.984151,"-0.01,-0.00,-0.12,-38.70,-915.89,-77.58"
1649,2026-07-27T13:21:03.367,66.193010,0.648200,0.0100,0.0100,-0.0900,-26.3100,-886.4700,-89.6600,0.091104,891.381059,"0.01,0.01,-0.09,-26.31,-886.47,-89.66"
1650,2026-07-27T13:21:03.367,66.193454,0.444300,0.0100,0.0200,-0.0600,-25.9400,-881.9600,-97.3500,0.064031,887.695526,"0.01,0.02,-0.06,-25.94,-881.96,-97.35"
1651,2026-07-27T13:21:03.368,66.193905,0.450900,0.0100,0.0300,-0.0500,-48.1000,-897.4600,-100.1000,0.059161,904.305298,"0.01,0.03,-0.05,-48.10,-897.46,-100.10"
1652,2026-07-27T13:21:03.368,66.194373,0.467800,0.1100,0.1900,0.4300,-366.8200,-835.0200,-54.9900,0.482804,913.695361,"0.11,0.19,0.43,-366.82,-835.02,-54.99"
1653,2026-07-27T13:21:03.370,66.195781,1.408300,0.5700,-0.1500,1.4000,-1132.4500,-354.6100,54.9300,1.519013,1187.942995,"0.57,-0.15,1.40,-1132.45,-354.61,54.93"
1654,2026-07-27T13:21:03.485,66.311287,115.506100,0.5300,-0.2700,-0.5500,-1751.0400,245.5400,145.3900,0.810123,1774.139010,"0.53,-0.27,-0.55,-1751.04,245.54,145.39"
1655,2026-07-27T13:21:03.486,66.311895,0.607300,0.6700,0.3800,-1.5300,-1471.3700,265.3200,159.6700,1.712951,1503.601971,"0.67,0.38,-1.53,-1471.37,265.32,159.67"
1656,2026-07-27T13:21:03.486,66.312350,0.454900,0.7200,0.5000,-1.3500,-412.1100,-85.3900,117.8000,1.609627,437.038836,"0.72,0.50,-1.35,-412.11,-85.39,117.80"
1657,2026-07-27T13:21:03.725,66.551241,238.891800,0.3000,0.1800,-1.0200,392.5800,-237.3700,63.6600,1.078332,463.158902,"0.30,0.18,-1.02,392.58,-237.37,63.66"
1658,2026-07-27T13:21:03.725,66.551562,0.320900,-0.2400,-0.0200,-0.9000,393.0700,-135.9300,19.7800,0.931665,416.379921,"-0.24,-0.02,-0.90,393.07,-135.93,19.78"
1659,2026-07-27T13:21:03.726,66.552162,0.599500,-0.4300,0.0100,-0.9200,89.1100,-11.9600,-4.8200,1.015579,90.038137,"-0.43,0.01,-0.92,89.11,-11.96,-4.82"
1660,2026-07-27T13:21:03.727,66.552681,0.519400,-0.3800,0.0600,-0.9500,-58.4100,35.5200,-6.2900,1.024939,68.651020,"-0.38,0.06,-0.95,-58.41,35.52,-6.29"
1661,2026-07-27T13:21:03.727,66.553675,0.993900,-0.2800,0.0800,-0.9700,-56.5200,25.0200,-1.7100,1.012768,61.833930,"-0.28,0.08,-0.97,-56.52,25.02,-1.71"
1662,2026-07-27T13:21:03.729,66.555167,1.491600,-0.2400,0.0700,-0.9700,-15.6200,4.3300,0.6700,1.001699,16.222891,"-0.24,0.07,-0.97,-15.62,4.33,0.67"
1663,2026-07-27T13:21:03.845,66.671465,116.297900,-0.2500,0.0700,-0.9600,7.6300,-4.6400,0.7300,0.994485,8.959877,"-0.25,0.07,-0.96,7.63,-4.64,0.73"
1664,2026-07-27T13:21:03.846,66.672492,1.027100,-0.2600,0.0600,-0.9600,9.5200,-4.0900,0.1200,0.996393,10.362090,"-0.26,0.06,-0.96,9.52,-4.09,0.12"
1665,2026-07-27T13:21:03.905,66.730977,58.485500,-0.2700,0.0600,-0.9600,4.0300,-1.1600,-0.2400,0.999050,4.200488,"-0.27,0.06,-0.96,4.03,-1.16,-0.24"
1666,2026-07-27T13:21:03.905,66.731601,0.623500,-0.2700,0.0600,-0.9600,0.3100,0.3100,-0.3100,0.999050,0.536936,"-0.27,0.06,-0.96,0.31,0.31,-0.31"
1667,2026-07-27T13:21:03.906,66.732641,1.040500,-0.2700,0.0600,-0.9600,-0.3100,0.4300,-0.1800,0.999050,0.559821,"-0.27,0.06,-0.96,-0.31,0.43,-0.18"
1668,2026-07-27T13:21:04.025,66.850894,118.253200,-0.2600,0.0600,-0.9600,0.3700,0.0000,-0.1200,0.996393,0.388973,"-0.26,0.06,-0.96,0.37,0.00,-0.12"
1669,2026-07-27T13:21:04.084,66.910576,59.682100,-0.2600,0.0600,-0.9600,0.9200,-0.2400,-0.1200,0.996393,0.958332,"-0.26,0.06,-0.96,0.92,-0.24,-0.12"
1670,2026-07-27T13:21:04.205,67.030869,120.292200,-0.2600,0.0600,-0.9600,1.0400,-0.2400,-0.1200,0.996393,1.074058,"-0.26,0.06,-0.96,1.04,-0.24,-0.12"
1671,2026-07-27T13:21:04.206,67.031808,0.939600,-0.2600,0.0600,-0.9600,0.9200,-0.2400,-0.0600,0.996393,0.952680,"-0.26,0.06,-0.96,0.92,-0.24,-0.06"
1672,2026-07-27T13:21:04.206,67.032098,0.289500,-0.2600,0.0600,-0.9600,0.7300,-0.2400,-0.0600,0.996393,0.770779,"-0.26,0.06,-0.96,0.73,-0.24,-0.06"
1673,2026-07-27T13:21:04.207,67.033056,0.957800,-0.2700,0.0600,-0.9600,0.6700,-0.2400,-0.0600,0.999050,0.714213,"-0.27,0.06,-0.96,0.67,-0.24,-0.06"
1674,2026-07-27T13:21:04.208,67.033799,0.743100,-0.2700,0.0600,-0.9600,0.6700,-0.2400,-0.0600,0.999050,0.714213,"-0.27,0.06,-0.96,0.67,-0.24,-0.06"
1675,2026-07-27T13:21:04.325,67.151709,117.910800,-0.2700,0.0600,-0.9600,0.6700,-0.2400,-0.0600,0.999050,0.714213,"-0.27,0.06,-0.96,0.67,-0.24,-0.06"
1676,2026-07-27T13:21:04.327,67.152801,1.091600,-0.2600,0.0600,-0.9600,0.6700,-0.1800,-0.0600,0.996393,0.696348,"-0.26,0.06,-0.96,0.67,-0.18,-0.06"
1677,2026-07-27T13:21:04.327,67.153551,0.749800,-0.2600,0.0600,-0.9600,0.6700,-0.1800,-0.0600,0.996393,0.696348,"-0.26,0.06,-0.96,0.67,-0.18,-0.06"
1678,2026-07-27T13:21:04.626,67.451791,298.240200,-0.2600,0.0500,-0.9600,0.6700,-0.1800,-0.0600,0.995841,0.696348,"-0.26,0.05,-0.96,0.67,-0.18,-0.06"
1679,2026-07-27T13:21:04.626,67.452599,0.807600,-0.2700,0.0500,-0.9600,0.6700,-0.1800,-0.0600,0.998499,0.696348,"-0.27,0.05,-0.96,0.67,-0.18,-0.06"
1680,2026-07-27T13:21:04.626,67.452664,0.065200,-0.2700,0.0500,-0.9600,0.6700,-0.2400,-0.0600,0.998499,0.714213,"-0.27,0.05,-0.96,0.67,-0.24,-0.06"
1681,2026-07-27T13:21:04.626,67.452697,0.033100,-0.2700,0.0500,-0.9600,0.6700,-0.2400,-0.1200,0.998499,0.721734,"-0.27,0.05,-0.96,0.67,-0.24,-0.12"
1682,2026-07-27T13:21:04.632,67.458332,5.634700,-0.2700,0.0500,-0.9600,0.6700,-0.1800,-0.0600,0.998499,0.696348,"-0.27,0.05,-0.96,0.67,-0.18,-0.06"
1683,2026-07-27T13:21:04.633,67.459091,0.759200,-0.2700,0.0500,-0.9600,0.6100,-0.1800,-0.0600,0.998499,0.638827,"-0.27,0.05,-0.96,0.61,-0.18,-0.06"
1684,2026-07-27T13:21:04.634,67.460199,1.107800,-0.2700,0.0500,-0.9600,0.6100,-0.1800,-0.0600,0.998499,0.638827,"-0.27,0.05,-0.96,0.61,-0.18,-0.06"
1685,2026-07-27T13:21:04.634,67.460522,0.323400,-0.2700,0.0500,-0.9600,0.5500,-0.1800,-0.0600,0.998499,0.581808,"-0.27,0.05,-0.96,0.55,-0.18,-0.06"
1686,2026-07-27T13:21:04.745,67.571053,110.531500,-0.2700,0.0500,-0.9600,0.5500,-0.1800,-0.0600,0.998499,0.581808,"-0.27,0.05,-0.96,0.55,-0.18,-0.06"
1687,2026-07-27T13:21:04.745,67.571744,0.690500,-0.2700,0.0500,-0.9600,0.4900,-0.1800,-0.0600,0.998499,0.525452,"-0.27,0.05,-0.96,0.49,-0.18,-0.06"
1688,2026-07-27T13:21:04.746,67.572349,0.605300,-0.2700,0.0500,-0.9600,0.4900,-0.1800,-0.0600,0.998499,0.525452,"-0.27,0.05,-0.96,0.49,-0.18,-0.06"
1689,2026-07-27T13:21:04.804,67.630717,58.367600,-0.2700,0.0500,-0.9600,0.5500,-0.1800,0.0000,0.998499,0.578705,"-0.27,0.05,-0.96,0.55,-0.18,0.00"
1690,2026-07-27T13:21:04.865,67.691577,60.860000,-0.2700,0.0500,-0.9600,0.5500,-0.1800,0.0000,0.998499,0.578705,"-0.27,0.05,-0.96,0.55,-0.18,0.00"
1691,2026-07-27T13:21:04.865,67.691690,0.113000,-0.2700,0.0500,-0.9600,0.5500,-0.1800,0.0000,0.998499,0.578705,"-0.27,0.05,-0.96,0.55,-0.18,0.00"
1692,2026-07-27T13:21:04.985,67.811436,119.746100,-0.2700,0.0500,-0.9600,0.5500,-0.2400,0.0000,0.998499,0.600083,"-0.27,0.05,-0.96,0.55,-0.24,0.00"
1693,2026-07-27T13:21:04.986,67.812297,0.861300,-0.2700,0.0500,-0.9600,0.5500,-0.1800,0.0000,0.998499,0.578705,"-0.27,0.05,-0.96,0.55,-0.18,0.00"
1694,2026-07-27T13:21:04.987,67.812937,0.639800,-0.2700,0.0500,-0.9600,0.4900,-0.1800,0.0000,0.998499,0.522015,"-0.27,0.05,-0.96,0.49,-0.18,0.00"
1695,2026-07-27T13:21:05.404,68.230608,417.671000,-0.2700,0.0500,-0.9600,0.4900,-0.1800,0.0000,0.998499,0.522015,"-0.27,0.05,-0.96,0.49,-0.18,0.00"
1696,2026-07-27T13:21:05.405,68.231167,0.558600,-0.2700,0.0500,-0.9600,0.4900,-0.1800,0.0000,0.998499,0.522015,"-0.27,0.05,-0.96,0.49,-0.18,0.00"
1697,2026-07-27T13:21:05.405,68.231657,0.489900,-0.2700,0.0500,-0.9600,0.4900,-0.1800,0.0000,0.998499,0.522015,"-0.27,0.05,-0.96,0.49,-0.18,0.00"
1698,2026-07-27T13:21:05.406,68.232306,0.649000,-0.2700,0.0500,-0.9600,0.4900,-0.1800,0.0000,0.998499,0.522015,"-0.27,0.05,-0.96,0.49,-0.18,0.00"
1699,2026-07-27T13:21:05.407,68.232777,0.471500,-0.2700,0.0500,-0.9600,0.4900,-0.1800,0.0000,0.998499,0.522015,"-0.27,0.05,-0.96,0.49,-0.18,0.00"
1700,2026-07-27T13:21:05.407,68.233665,0.888000,-0.2700,0.0500,-0.9600,0.4900,-0.1800,0.0000,0.998499,0.522015,"-0.27,0.05,-0.96,0.49,-0.18,0.00"
1701,2026-07-27T13:21:05.408,68.234237,0.571700,-0.2700,0.0500,-0.9600,0.4300,-0.1800,0.0000,0.998499,0.466154,"-0.27,0.05,-0.96,0.43,-0.18,0.00"
1702,2026-07-27T13:21:05.409,68.235008,0.771300,-0.2700,0.0500,-0.9600,0.4300,-0.1800,0.0000,0.998499,0.466154,"-0.27,0.05,-0.96,0.43,-0.18,0.00"
1703,2026-07-27T13:21:05.410,68.236355,1.347000,-0.2700,0.0500,-0.9600,0.4300,-0.1800,0.0000,0.998499,0.466154,"-0.27,0.05,-0.96,0.43,-0.18,0.00"
1704,2026-07-27T13:21:05.411,68.236875,0.520000,-0.2700,0.0500,-0.9600,0.4300,-0.1800,0.0600,0.998499,0.470000,"-0.27,0.05,-0.96,0.43,-0.18,0.06"
1705,2026-07-27T13:21:05.465,68.291357,54.481900,-0.2700,0.0500,-0.9600,0.4300,-0.1800,0.0600,0.998499,0.470000,"-0.27,0.05,-0.96,0.43,-0.18,0.06"
1706,2026-07-27T13:21:05.466,68.292072,0.715000,-0.2700,0.0500,-0.9600,0.4300,-0.1800,0.0600,0.998499,0.470000,"-0.27,0.05,-0.96,0.43,-0.18,0.06"
1707,2026-07-27T13:21:05.525,68.351016,58.943700,-0.2700,0.0400,-0.9600,0.4300,-0.1800,0.0600,0.998048,0.470000,"-0.27,0.04,-0.96,0.43,-0.18,0.06"
1708,2026-07-27T13:21:05.825,68.651257,300.241500,-0.2700,0.0400,-0.9600,0.4300,-0.1800,0.0000,0.998048,0.466154,"-0.27,0.04,-0.96,0.43,-0.18,0.00"
1709,2026-07-27T13:21:05.826,68.651771,0.513900,-0.2700,0.0400,-0.9600,0.3700,-0.1200,0.0000,0.998048,0.388973,"-0.27,0.04,-0.96,0.37,-0.12,0.00"
1710,2026-07-27T13:21:05.885,68.710784,59.013400,-0.2700,0.0400,-0.9600,0.3700,-0.1200,0.0600,0.998048,0.393573,"-0.27,0.04,-0.96,0.37,-0.12,0.06"
1711,2026-07-27T13:21:05.885,68.711514,0.729700,-0.2700,0.0400,-0.9600,0.3700,-0.1800,0.0600,0.998048,0.415812,"-0.27,0.04,-0.96,0.37,-0.18,0.06"
1712,2026-07-27T13:21:05.886,68.711959,0.444600,-0.2700,0.0400,-0.9600,0.3700,-0.1800,0.0600,0.998048,0.415812,"-0.27,0.04,-0.96,0.37,-0.18,0.06"
1713,2026-07-27T13:21:05.886,68.712310,0.351300,-0.2700,0.0400,-0.9600,0.3700,-0.1800,0.0600,0.998048,0.415812,"-0.27,0.04,-0.96,0.37,-0.18,0.06"
1714,2026-07-27T13:21:05.886,68.712702,0.391900,-0.2700,0.0400,-0.9600,0.3700,-0.1200,0.0600,0.998048,0.393573,"-0.27,0.04,-0.96,0.37,-0.12,0.06"
1715,2026-07-27T13:21:05.888,68.713805,1.102600,-0.2700,0.0400,-0.9600,0.3700,-0.1200,0.0600,0.998048,0.393573,"-0.27,0.04,-0.96,0.37,-0.12,0.06"
1716,2026-07-27T13:21:05.888,68.714388,0.583300,-0.2700,0.0400,-0.9600,0.3700,-0.1200,0.0600,0.998048,0.393573,"-0.27,0.04,-0.96,0.37,-0.12,0.06"
1717,2026-07-27T13:21:05.945,68.771445,57.056700,-0.2700,0.0400,-0.9600,0.3700,-0.1200,0.0600,0.998048,0.393573,"-0.27,0.04,-0.96,0.37,-0.12,0.06"
1718,2026-07-27T13:21:05.946,68.771791,0.346800,-0.2700,0.0400,-0.9600,0.3100,-0.1200,0.0600,0.998048,0.337787,"-0.27,0.04,-0.96,0.31,-0.12,0.06"
1719,2026-07-27T13:21:06.005,68.831285,59.493500,-0.2700,0.0400,-0.9600,0.3100,-0.1200,0.0000,0.998048,0.332415,"-0.27,0.04,-0.96,0.31,-0.12,0.00"
1720,2026-07-27T13:21:06.066,68.892102,60.816700,-0.2700,0.0400,-0.9600,0.3100,-0.1200,0.0000,0.998048,0.332415,"-0.27,0.04,-0.96,0.31,-0.12,0.00"
1721,2026-07-27T13:21:06.067,68.893072,0.970700,-0.2700,0.0400,-0.9600,0.3100,-0.1200,0.0000,0.998048,0.332415,"-0.27,0.04,-0.96,0.31,-0.12,0.00"
1722,2026-07-27T13:21:06.185,69.010957,117.884700,-0.2700,0.0400,-0.9600,0.3100,-0.1200,0.0600,0.998048,0.337787,"-0.27,0.04,-0.96,0.31,-0.12,0.06"
1723,2026-07-27T13:21:06.185,69.011639,0.682000,-0.2700,0.0400,-0.9600,0.3100,-0.1200,0.0600,0.998048,0.337787,"-0.27,0.04,-0.96,0.31,-0.12,0.06"
1724,2026-07-27T13:21:06.186,69.012394,0.754600,-0.2700,0.0400,-0.9600,0.3100,-0.1200,0.0600,0.998048,0.337787,"-0.27,0.04,-0.96,0.31,-0.12,0.06"
1725,2026-07-27T13:21:06.245,69.071340,58.946700,-0.2700,0.0400,-0.9600,0.3100,-0.1200,0.0600,0.998048,0.337787,"-0.27,0.04,-0.96,0.31,-0.12,0.06"
1726,2026-07-27T13:21:06.305,69.131152,59.811600,-0.2700,0.0400,-0.9600,0.3100,-0.1200,0.0000,0.998048,0.332415,"-0.27,0.04,-0.96,0.31,-0.12,0.00"
1727,2026-07-27T13:21:06.366,69.192122,60.969800,-0.2700,0.0400,-0.9600,0.3100,-0.1200,0.0000,0.998048,0.332415,"-0.27,0.04,-0.96,0.31,-0.12,0.00"
1728,2026-07-27T13:21:06.367,69.193160,1.037900,-0.2700,0.0400,-0.9600,0.3100,-0.1200,0.0600,0.998048,0.337787,"-0.27,0.04,-0.96,0.31,-0.12,0.06"
1729,2026-07-27T13:21:06.545,69.371656,178.496800,-0.2700,0.0400,-0.9600,0.3100,-0.1200,0.0600,0.998048,0.337787,"-0.27,0.04,-0.96,0.31,-0.12,0.06"
1730,2026-07-27T13:21:06.546,69.372243,0.587100,-0.2700,0.0400,-0.9600,0.3100,-0.1200,0.0600,0.998048,0.337787,"-0.27,0.04,-0.96,0.31,-0.12,0.06"
1731,2026-07-27T13:21:06.546,69.372360,0.116400,-0.2700,0.0400,-0.9600,0.2400,-0.1200,0.0600,0.998048,0.274955,"-0.27,0.04,-0.96,0.24,-0.12,0.06"
1732,2026-07-27T13:21:06.547,69.373268,0.908300,-0.2700,0.0400,-0.9600,0.2400,-0.1200,0.0600,0.998048,0.274955,"-0.27,0.04,-0.96,0.24,-0.12,0.06"
1733,2026-07-27T13:21:06.548,69.373849,0.580400,-0.2700,0.0400,-0.9600,0.2400,-0.1200,0.0600,0.998048,0.274955,"-0.27,0.04,-0.96,0.24,-0.12,0.06"
1734,2026-07-27T13:21:06.725,69.551649,177.800700,-0.2700,0.0400,-0.9600,0.2400,-0.1200,0.0600,0.998048,0.274955,"-0.27,0.04,-0.96,0.24,-0.12,0.06"
1735,2026-07-27T13:21:07.025,69.851026,299.376600,-0.2700,0.0400,-0.9600,0.2400,-0.1200,0.0600,0.998048,0.274955,"-0.27,0.04,-0.96,0.24,-0.12,0.06"
1736,2026-07-27T13:21:07.086,69.911946,60.920500,-0.2700,0.0400,-0.9600,0.2400,-0.1200,0.0600,0.998048,0.274955,"-0.27,0.04,-0.96,0.24,-0.12,0.06"
1737,2026-07-27T13:21:07.086,69.912627,0.680600,-0.2700,0.0400,-0.9600,0.3100,-0.1200,0.0600,0.998048,0.337787,"-0.27,0.04,-0.96,0.31,-0.12,0.06"
1738,2026-07-27T13:21:07.087,69.913641,1.014100,-0.2700,0.0400,-0.9600,0.2400,-0.1200,0.0600,0.998048,0.274955,"-0.27,0.04,-0.96,0.24,-0.12,0.06"
1739,2026-07-27T13:21:07.145,69.970865,57.224400,-0.2700,0.0400,-0.9600,0.2400,-0.1200,0.0600,0.998048,0.274955,"-0.27,0.04,-0.96,0.24,-0.12,0.06"
1740,2026-07-27T13:21:07.204,70.030659,59.793800,-0.2700,0.0400,-0.9600,0.2400,-0.1200,0.0600,0.998048,0.274955,"-0.27,0.04,-0.96,0.24,-0.12,0.06"
1741,2026-07-27T13:21:07.205,70.031180,0.520900,-0.2700,0.0400,-0.9600,0.2400,-0.1200,0.0600,0.998048,0.274955,"-0.27,0.04,-0.96,0.24,-0.12,0.06"
1742,2026-07-27T13:21:07.205,70.031628,0.447800,-0.2700,0.0400,-0.9600,0.2400,-0.1200,0.0600,0.998048,0.274955,"-0.27,0.04,-0.96,0.24,-0.12,0.06"
1743,2026-07-27T13:21:07.206,70.032014,0.385700,-0.2700,0.0400,-0.9600,0.2400,-0.1200,0.0600,0.998048,0.274955,"-0.27,0.04,-0.96,0.24,-0.12,0.06"
1744,2026-07-27T13:21:07.207,70.033140,1.126500,-0.2700,0.0400,-0.9600,0.2400,-0.1200,0.1200,0.998048,0.293939,"-0.27,0.04,-0.96,0.24,-0.12,0.12"
1745,2026-07-27T13:21:07.208,70.033958,0.817300,-0.2700,0.0400,-0.9600,0.2400,-0.1200,0.0600,0.998048,0.274955,"-0.27,0.04,-0.96,0.24,-0.12,0.06"
1746,2026-07-27T13:21:07.208,70.034524,0.566000,-0.2700,0.0400,-0.9600,0.1800,-0.1200,0.0600,0.998048,0.224499,"-0.27,0.04,-0.96,0.18,-0.12,0.06"
1747,2026-07-27T13:21:07.209,70.034963,0.439500,-0.2700,0.0400,-0.9600,0.1800,-0.1200,0.0600,0.998048,0.224499,"-0.27,0.04,-0.96,0.18,-0.12,0.06"
1748,2026-07-27T13:21:07.210,70.036258,1.295200,-0.2700,0.0400,-0.9600,0.2400,-0.1200,0.0600,0.998048,0.274955,"-0.27,0.04,-0.96,0.24,-0.12,0.06"
1749,2026-07-27T13:21:07.210,70.036677,0.418500,-0.2700,0.0400,-0.9600,0.2400,-0.1200,0.1200,0.998048,0.293939,"-0.27,0.04,-0.96,0.24,-0.12,0.12"
1750,2026-07-27T13:21:07.265,70.091027,54.350500,-0.2700,0.0400,-0.9600,0.2400,-0.1200,0.1200,0.998048,0.293939,"-0.27,0.04,-0.96,0.24,-0.12,0.12"
1751,2026-07-27T13:21:07.265,70.091570,0.542400,-0.2700,0.0400,-0.9600,0.1800,-0.1200,0.1200,0.998048,0.247386,"-0.27,0.04,-0.96,0.18,-0.12,0.12"
1752,2026-07-27T13:21:07.325,70.151388,59.818600,-0.2700,0.0400,-0.9600,0.2400,-0.1200,0.1200,0.998048,0.293939,"-0.27,0.04,-0.96,0.24,-0.12,0.12"
1753,2026-07-27T13:21:07.385,70.211467,60.078900,-0.2700,0.0400,-0.9600,0.2400,-0.1200,0.0600,0.998048,0.274955,"-0.27,0.04,-0.96,0.24,-0.12,0.06"
1754,2026-07-27T13:21:07.386,70.212052,0.584500,-0.2700,0.0400,-0.9600,0.2400,-0.1200,0.0600,0.998048,0.274955,"-0.27,0.04,-0.96,0.24,-0.12,0.06"
1755,2026-07-27T13:21:07.804,70.630635,418.583800,-0.2700,0.0400,-0.9600,0.1800,-0.1200,0.0600,0.998048,0.224499,"-0.27,0.04,-0.96,0.18,-0.12,0.06"
1756,2026-07-27T13:21:07.805,70.631176,0.540200,-0.2700,0.0400,-0.9600,0.2400,-0.1200,0.1200,0.998048,0.293939,"-0.27,0.04,-0.96,0.24,-0.12,0.12"
1757,2026-07-27T13:21:07.806,70.631750,0.574000,-0.2700,0.0400,-0.9600,0.2400,-0.1200,0.1200,0.998048,0.293939,"-0.27,0.04,-0.96,0.24,-0.12,0.12"
1758,2026-07-27T13:21:07.806,70.632737,0.987400,-0.2700,0.0400,-0.9600,0.2400,-0.1200,0.1200,0.998048,0.293939,"-0.27,0.04,-0.96,0.24,-0.12,0.12"
1759,2026-07-27T13:21:07.807,70.633587,0.850000,-0.2700,0.0400,-0.9600,0.1800,-0.1200,0.0600,0.998048,0.224499,"-0.27,0.04,-0.96,0.18,-0.12,0.06"
1760,2026-07-27T13:21:07.808,70.634275,0.688000,-0.2700,0.0400,-0.9600,0.2400,-0.1200,0.0600,0.998048,0.274955,"-0.27,0.04,-0.96,0.24,-0.12,0.06"
1761,2026-07-27T13:21:07.809,70.634946,0.670800,-0.2700,0.0400,-0.9600,0.2400,-0.1200,0.0600,0.998048,0.274955,"-0.27,0.04,-0.96,0.24,-0.12,0.06"
1762,2026-07-27T13:21:07.810,70.635912,0.966700,-0.2700,0.0400,-0.9600,0.2400,-0.1200,0.0600,0.998048,0.274955,"-0.27,0.04,-0.96,0.24,-0.12,0.06"
1763,2026-07-27T13:21:07.810,70.636472,0.559900,-0.2700,0.0400,-0.9600,0.1800,-0.1200,0.0600,0.998048,0.224499,"-0.27,0.04,-0.96,0.18,-0.12,0.06"
1764,2026-07-27T13:21:07.811,70.637164,0.691400,-0.2700,0.0400,-0.9600,0.1800,-0.1200,0.0600,0.998048,0.224499,"-0.27,0.04,-0.96,0.18,-0.12,0.06"
1765,2026-07-27T13:21:07.866,70.691816,54.652400,-0.2700,0.0400,-0.9600,0.1800,-0.1200,0.1200,0.998048,0.247386,"-0.27,0.04,-0.96,0.18,-0.12,0.12"
1766,2026-07-27T13:21:07.866,70.692553,0.737200,-0.2700,0.0400,-0.9600,0.1800,-0.1200,0.0600,0.998048,0.224499,"-0.27,0.04,-0.96,0.18,-0.12,0.06"
1767,2026-07-27T13:21:08.045,70.871323,178.769600,-0.2700,0.0400,-0.9600,0.1800,-0.1200,0.0600,0.998048,0.224499,"-0.27,0.04,-0.96,0.18,-0.12,0.06"
1768,2026-07-27T13:21:08.046,70.872306,0.983400,-0.2700,0.0400,-0.9600,0.1800,-0.1200,0.1200,0.998048,0.247386,"-0.27,0.04,-0.96,0.18,-0.12,0.12"
1769,2026-07-27T13:21:08.047,70.872819,0.512800,-0.2700,0.0400,-0.9600,0.1800,-0.1200,0.1200,0.998048,0.247386,"-0.27,0.04,-0.96,0.18,-0.12,0.12"
1770,2026-07-27T13:21:08.047,70.873289,0.470100,-0.2700,0.0400,-0.9600,0.1800,-0.1200,0.1200,0.998048,0.247386,"-0.27,0.04,-0.96,0.18,-0.12,0.12"
1771,2026-07-27T13:21:08.165,70.990962,117.673000,-0.2700,0.0400,-0.9600,0.1200,-0.1200,0.0600,0.998048,0.180000,"-0.27,0.04,-0.96,0.12,-0.12,0.06"
1772,2026-07-27T13:21:08.225,71.050805,59.842600,-0.2700,0.0400,-0.9600,0.1200,-0.1200,0.1200,0.998048,0.207846,"-0.27,0.04,-0.96,0.12,-0.12,0.12"
1773,2026-07-27T13:21:08.225,71.051048,0.243600,-0.2700,0.0400,-0.9600,0.1200,-0.1200,0.1200,0.998048,0.207846,"-0.27,0.04,-0.96,0.12,-0.12,0.12"
1774,2026-07-27T13:21:08.226,71.051794,0.745700,-0.2700,0.0400,-0.9600,0.1200,-0.1200,0.1200,0.998048,0.207846,"-0.27,0.04,-0.96,0.12,-0.12,0.12"
1775,2026-07-27T13:21:08.226,71.052410,0.616200,-0.2700,0.0400,-0.9600,0.1800,-0.1200,0.1200,0.998048,0.247386,"-0.27,0.04,-0.96,0.18,-0.12,0.12"
1776,2026-07-27T13:21:08.285,71.111570,59.159400,-0.2700,0.0400,-0.9600,0.1800,-0.1200,0.0600,0.998048,0.224499,"-0.27,0.04,-0.96,0.18,-0.12,0.06"
1777,2026-07-27T13:21:08.405,71.231401,119.831000,-0.2700,0.0400,-0.9600,0.1800,-0.1200,0.1200,0.998048,0.247386,"-0.27,0.04,-0.96,0.18,-0.12,0.12"
1778,2026-07-27T13:21:08.465,71.291003,59.602000,-0.2700,0.0400,-0.9600,0.1800,-0.1200,0.1200,0.998048,0.247386,"-0.27,0.04,-0.96,0.18,-0.12,0.12"
1779,2026-07-27T13:21:08.465,71.291608,0.605500,-0.2700,0.0400,-0.9600,0.1800,-0.1200,0.1200,0.998048,0.247386,"-0.27,0.04,-0.96,0.18,-0.12,0.12"
1780,2026-07-27T13:21:08.466,71.292535,0.926200,-0.2700,0.0400,-0.9600,0.1800,-0.1200,0.1200,0.998048,0.247386,"-0.27,0.04,-0.96,0.18,-0.12,0.12"
1781,2026-07-27T13:21:08.467,71.293054,0.519500,-0.2700,0.0400,-0.9600,0.1800,-0.1200,0.1200,0.998048,0.247386,"-0.27,0.04,-0.96,0.18,-0.12,0.12"
1782,2026-07-27T13:21:08.525,71.350964,57.910300,-0.2700,0.0400,-0.9600,0.1800,-0.1200,0.1200,0.998048,0.247386,"-0.27,0.04,-0.96,0.18,-0.12,0.12"
1783,2026-07-27T13:21:08.705,71.531669,180.704800,-0.2700,0.0400,-0.9600,0.1800,-0.1200,0.1200,0.998048,0.247386,"-0.27,0.04,-0.96,0.18,-0.12,0.12"
1784,2026-07-27T13:21:08.706,71.532132,0.462500,-0.2700,0.0400,-0.9600,0.1800,-0.0600,0.0600,0.998048,0.198997,"-0.27,0.04,-0.96,0.18,-0.06,0.06"
1785,2026-07-27T13:21:08.706,71.532242,0.110000,-0.2700,0.0400,-0.9600,0.1800,-0.0600,0.0600,0.998048,0.198997,"-0.27,0.04,-0.96,0.18,-0.06,0.06"
1786,2026-07-27T13:21:08.824,71.650696,118.454100,-0.2700,0.0400,-0.9600,0.1800,-0.0600,0.0600,0.998048,0.198997,"-0.27,0.04,-0.96,0.18,-0.06,0.06"
1787,2026-07-27T13:21:08.945,71.770955,120.259400,-0.2700,0.0400,-0.9600,0.1800,-0.1200,0.1200,0.998048,0.247386,"-0.27,0.04,-0.96,0.18,-0.12,0.12"
1788,2026-07-27T13:21:08.945,71.771471,0.516400,-0.2700,0.0400,-0.9600,0.1200,-0.1200,0.1200,0.998048,0.207846,"-0.27,0.04,-0.96,0.12,-0.12,0.12"
1789,2026-07-27T13:21:09.125,71.951735,180.263600,-0.2700,0.0400,-0.9600,0.1200,-0.1200,0.1200,0.998048,0.207846,"-0.27,0.04,-0.96,0.12,-0.12,0.12"
1790,2026-07-27T13:21:09.127,71.953350,1.614700,-0.2700,0.0400,-0.9600,0.1800,-0.1200,0.0600,0.998048,0.224499,"-0.27,0.04,-0.96,0.18,-0.12,0.06"
1791,2026-07-27T13:21:09.128,71.953955,0.604800,-0.2700,0.0400,-0.9600,0.1800,-0.0600,0.0600,0.998048,0.198997,"-0.27,0.04,-0.96,0.18,-0.06,0.06"
1792,2026-07-27T13:21:09.128,71.954409,0.454800,-0.2700,0.0400,-0.9600,0.1800,-0.0600,0.0600,0.998048,0.198997,"-0.27,0.04,-0.96,0.18,-0.06,0.06"
1793,2026-07-27T13:21:09.129,71.954922,0.513000,-0.2700,0.0400,-0.9600,0.1200,-0.1200,0.0600,0.998048,0.180000,"-0.27,0.04,-0.96,0.12,-0.12,0.06"
1794,2026-07-27T13:21:09.129,71.955448,0.525800,-0.2700,0.0400,-0.9600,0.1200,-0.1200,0.1200,0.998048,0.207846,"-0.27,0.04,-0.96,0.12,-0.12,0.12"
1795,2026-07-27T13:21:09.130,71.955977,0.528700,-0.2700,0.0400,-0.9600,0.1200,-0.0600,0.1200,0.998048,0.180000,"-0.27,0.04,-0.96,0.12,-0.06,0.12"
1796,2026-07-27T13:21:09.130,71.956618,0.641000,-0.2700,0.0400,-0.9600,0.1800,-0.1200,0.1200,0.998048,0.247386,"-0.27,0.04,-0.96,0.18,-0.12,0.12"
1797,2026-07-27T13:21:09.131,71.956914,0.296200,-0.2700,0.0400,-0.9600,0.1800,-0.0600,0.1200,0.998048,0.224499,"-0.27,0.04,-0.96,0.18,-0.06,0.12"
1798,2026-07-27T13:21:09.425,72.251322,294.407500,-0.2700,0.0400,-0.9600,0.1800,-0.0600,0.1200,0.998048,0.224499,"-0.27,0.04,-0.96,0.18,-0.06,0.12"
1799,2026-07-27T13:21:09.605,72.430877,179.555600,-0.2700,0.0400,-0.9600,0.1200,-0.0600,0.1200,0.998048,0.180000,"-0.27,0.04,-0.96,0.12,-0.06,0.12"
1800,2026-07-27T13:21:09.605,72.431627,0.749800,-0.2700,0.0400,-0.9600,0.1200,-0.0600,0.0600,0.998048,0.146969,"-0.27,0.04,-0.96,0.12,-0.06,0.06"
1801,2026-07-27T13:21:09.606,72.431760,0.132900,-0.2700,0.0400,-0.9600,0.1200,-0.1200,0.0600,0.998048,0.180000,"-0.27,0.04,-0.96,0.12,-0.12,0.06"
1802,2026-07-27T13:21:09.606,72.432271,0.510700,-0.2700,0.0400,-0.9600,0.1200,-0.1200,0.1200,0.998048,0.207846,"-0.27,0.04,-0.96,0.12,-0.12,0.12"
1803,2026-07-27T13:21:09.607,72.433044,0.773800,-0.2700,0.0400,-0.9600,0.1200,-0.1200,0.1200,0.998048,0.207846,"-0.27,0.04,-0.96,0.12,-0.12,0.12"
1804,2026-07-27T13:21:09.608,72.433840,0.795500,-0.2700,0.0400,-0.9600,0.1200,-0.0600,0.1200,0.998048,0.180000,"-0.27,0.04,-0.96,0.12,-0.06,0.12"
1805,2026-07-27T13:21:09.608,72.434616,0.776000,-0.2700,0.0400,-0.9600,0.1200,-0.1200,0.1200,0.998048,0.207846,"-0.27,0.04,-0.96,0.12,-0.12,0.12"
1806,2026-07-27T13:21:09.609,72.435298,0.681700,-0.2700,0.0400,-0.9600,0.1200,-0.1200,0.0600,0.998048,0.180000,"-0.27,0.04,-0.96,0.12,-0.12,0.06"
1807,2026-07-27T13:21:09.610,72.436276,0.978800,-0.2700,0.0400,-0.9600,0.1200,-0.1200,0.1200,0.998048,0.207846,"-0.27,0.04,-0.96,0.12,-0.12,0.12"
1808,2026-07-27T13:21:09.725,72.551118,114.841600,-0.2700,0.0400,-0.9600,0.1200,-0.1200,0.0600,0.998048,0.180000,"-0.27,0.04,-0.96,0.12,-0.12,0.06"
1809,2026-07-27T13:21:09.725,72.551449,0.331500,-0.2700,0.0400,-0.9600,0.1200,-0.0600,0.0600,0.998048,0.146969,"-0.27,0.04,-0.96,0.12,-0.06,0.06"
1810,2026-07-27T13:21:09.726,72.552326,0.876800,-0.2700,0.0400,-0.9600,0.1200,-0.0600,0.0600,0.998048,0.146969,"-0.27,0.04,-0.96,0.12,-0.06,0.06"
1811,2026-07-27T13:21:09.727,72.553332,1.005500,-0.2700,0.0400,-0.9600,0.1800,-0.1200,0.0600,0.998048,0.224499,"-0.27,0.04,-0.96,0.18,-0.12,0.06"
1812,2026-07-27T13:21:09.728,72.553806,0.474200,-0.2700,0.0400,-0.9600,0.1200,-0.1200,0.1200,0.998048,0.207846,"-0.27,0.04,-0.96,0.12,-0.12,0.12"
1813,2026-07-27T13:21:09.785,72.611314,57.507600,-0.2700,0.0400,-0.9600,0.1800,-0.1200,0.1200,0.998048,0.247386,"-0.27,0.04,-0.96,0.18,-0.12,0.12"
1814,2026-07-27T13:21:09.786,72.612230,0.916900,-0.2700,0.0400,-0.9600,0.1800,-0.1200,0.1200,0.998048,0.247386,"-0.27,0.04,-0.96,0.18,-0.12,0.12"
1815,2026-07-27T13:21:09.845,72.671501,59.271000,-0.2700,0.0400,-0.9600,0.1200,-0.1200,0.1200,0.998048,0.207846,"-0.27,0.04,-0.96,0.12,-0.12,0.12"
1816,2026-07-27T13:21:09.905,72.731045,59.543700,-0.2700,0.0400,-0.9600,0.1200,-0.0600,0.0600,0.998048,0.146969,"-0.27,0.04,-0.96,0.12,-0.06,0.06"
1817,2026-07-27T13:21:09.905,72.731298,0.252400,-0.2700,0.0400,-0.9600,0.1200,-0.0600,0.0600,0.998048,0.146969,"-0.27,0.04,-0.96,0.12,-0.06,0.06"
1818,2026-07-27T13:21:09.965,72.791170,59.872000,-0.2700,0.0400,-0.9600,0.1200,-0.0600,0.1200,0.998048,0.180000,"-0.27,0.04,-0.96,0.12,-0.06,0.12"
1819,2026-07-27T13:21:10.025,72.851444,60.274900,-0.2700,0.0400,-0.9600,0.1200,-0.0600,0.1200,0.998048,0.180000,"-0.27,0.04,-0.96,0.12,-0.06,0.12"
1820,2026-07-27T13:21:10.026,72.852274,0.830000,-0.2700,0.0400,-0.9600,0.1200,-0.0600,0.1200,0.998048,0.180000,"-0.27,0.04,-0.96,0.12,-0.06,0.12"
1821,2026-07-27T13:21:10.085,72.911266,58.991200,-0.2700,0.0400,-0.9600,0.1200,-0.1200,0.1200,0.998048,0.207846,"-0.27,0.04,-0.96,0.12,-0.12,0.12"
1822,2026-07-27T13:21:10.145,72.971166,59.900300,-0.2700,0.0400,-0.9600,0.1200,-0.0600,0.1200,0.998048,0.180000,"-0.27,0.04,-0.96,0.12,-0.06,0.12"
1823,2026-07-27T13:21:10.145,72.971705,0.539000,-0.2700,0.0400,-0.9600,0.1200,-0.0600,0.1200,0.998048,0.180000,"-0.27,0.04,-0.96,0.12,-0.06,0.12"
1824,2026-07-27T13:21:10.205,73.031414,59.709500,-0.2700,0.0400,-0.9600,0.1200,-0.0600,0.1200,0.998048,0.180000,"-0.27,0.04,-0.96,0.12,-0.06,0.12"
1825,2026-07-27T13:21:10.325,73.151101,119.686100,-0.2700,0.0400,-0.9600,0.1200,-0.0600,0.1200,0.998048,0.180000,"-0.27,0.04,-0.96,0.12,-0.06,0.12"
1826,2026-07-27T13:21:10.385,73.210808,59.707500,-0.2700,0.0400,-0.9600,0.1200,-0.1200,0.1200,0.998048,0.207846,"-0.27,0.04,-0.96,0.12,-0.12,0.12"
1827,2026-07-27T13:21:10.396,73.222210,11.401700,-0.2700,0.0400,-0.9600,0.1200,-0.1200,0.1200,0.998048,0.207846,"-0.27,0.04,-0.96,0.12,-0.12,0.12"
1828,2026-07-27T13:21:10.397,73.222766,0.556400,-0.2700,0.0400,-0.9600,0.1200,-0.1200,0.1200,0.998048,0.207846,"-0.27,0.04,-0.96,0.12,-0.12,0.12"
1829,2026-07-27T13:21:10.397,73.223162,0.395900,-0.2700,0.0400,-0.9600,0.1200,-0.1200,0.0600,0.998048,0.180000,"-0.27,0.04,-0.96,0.12,-0.12,0.06"
1830,2026-07-27T13:21:10.505,73.331218,108.055600,-0.2700,0.0400,-0.9600,0.1200,-0.1200,0.0600,0.998048,0.180000,"-0.27,0.04,-0.96,0.12,-0.12,0.06"
1831,2026-07-27T13:21:10.505,73.331667,0.449800,-0.2700,0.0400,-0.9600,0.1200,-0.1200,0.1200,0.998048,0.207846,"-0.27,0.04,-0.96,0.12,-0.12,0.12"
1832,2026-07-27T13:21:10.506,73.331972,0.304500,-0.2700,0.0400,-0.9600,0.1200,-0.1200,0.1200,0.998048,0.207846,"-0.27,0.04,-0.96,0.12,-0.12,0.12"
1833,2026-07-27T13:21:10.625,73.451132,119.159600,-0.2700,0.0400,-0.9600,0.1200,-0.0600,0.1200,0.998048,0.180000,"-0.27,0.04,-0.96,0.12,-0.06,0.12"
1834,2026-07-27T13:21:10.625,73.451466,0.334200,-0.2700,0.0400,-0.9600,0.1200,-0.1200,0.1200,0.998048,0.207846,"-0.27,0.04,-0.96,0.12,-0.12,0.12"
1835,2026-07-27T13:21:10.626,73.452317,0.851100,-0.2700,0.0400,-0.9600,0.1200,-0.1200,0.1200,0.998048,0.207846,"-0.27,0.04,-0.96,0.12,-0.12,0.12"
1836,2026-07-27T13:21:10.745,73.571504,119.187300,-0.2700,0.0400,-0.9600,0.1200,-0.1200,0.1200,0.998048,0.207846,"-0.27,0.04,-0.96,0.12,-0.12,0.12"
1837,2026-07-27T13:21:10.746,73.572233,0.728400,-0.2700,0.0400,-0.9600,0.1200,-0.1200,0.1200,0.998048,0.207846,"-0.27,0.04,-0.96,0.12,-0.12,0.12"
1838,2026-07-27T13:21:10.747,73.572838,0.605700,-0.2700,0.0400,-0.9600,0.1800,-0.1200,0.1200,0.998048,0.247386,"-0.27,0.04,-0.96,0.18,-0.12,0.12"
1839,2026-07-27T13:21:10.865,73.691530,118.691600,-0.2700,0.0400,-0.9600,0.1200,-0.1200,0.1200,0.998048,0.207846,"-0.27,0.04,-0.96,0.12,-0.12,0.12"
1840,2026-07-27T13:21:10.866,73.692097,0.567100,-0.2700,0.0400,-0.9600,0.1200,-0.1200,0.1200,0.998048,0.207846,"-0.27,0.04,-0.96,0.12,-0.12,0.12"
1841,2026-07-27T13:21:10.866,73.692697,0.600200,-0.2700,0.0400,-0.9600,0.1200,-0.1200,0.1200,0.998048,0.207846,"-0.27,0.04,-0.96,0.12,-0.12,0.12"
1842,2026-07-27T13:21:11.285,74.111649,418.952200,-0.2700,0.0400,-0.9600,0.1200,-0.1200,0.1200,0.998048,0.207846,"-0.27,0.04,-0.96,0.12,-0.12,0.12"
1843,2026-07-27T13:21:11.286,74.112132,0.482400,-0.2700,0.0400,-0.9600,0.1200,-0.1200,0.1200,0.998048,0.207846,"-0.27,0.04,-0.96,0.12,-0.12,0.12"
1844,2026-07-27T13:21:11.345,74.170789,58.657000,-0.2700,0.0400,-0.9600,0.1200,-0.1200,0.0600,0.998048,0.180000,"-0.27,0.04,-0.96,0.12,-0.12,0.06"
1845,2026-07-27T13:21:11.345,74.171422,0.633000,-0.2700,0.0400,-0.9600,0.1200,-0.1200,0.0600,0.998048,0.180000,"-0.27,0.04,-0.96,0.12,-0.12,0.06"
1846,2026-07-27T13:21:11.346,74.172046,0.624500,-0.2700,0.0400,-0.9600,0.1200,-0.0600,0.0600,0.998048,0.146969,"-0.27,0.04,-0.96,0.12,-0.06,0.06"
1847,2026-07-27T13:21:11.346,74.172668,0.622200,-0.2700,0.0400,-0.9600,0.1200,-0.0600,0.1200,0.998048,0.180000,"-0.27,0.04,-0.96,0.12,-0.06,0.12"
1848,2026-07-27T13:21:11.347,74.173283,0.614300,-0.2700,0.0300,-0.9600,0.1200,-0.1200,0.1200,0.997697,0.207846,"-0.27,0.03,-0.96,0.12,-0.12,0.12"
1849,2026-07-27T13:21:11.348,74.173809,0.526000,-0.2700,0.0300,-0.9600,0.1200,-0.1200,0.1200,0.997697,0.207846,"-0.27,0.03,-0.96,0.12,-0.12,0.12"
1850,2026-07-27T13:21:11.348,74.174678,0.869600,-0.2700,0.0400,-0.9600,0.1200,-0.1200,0.1200,0.998048,0.207846,"-0.27,0.04,-0.96,0.12,-0.12,0.12"
1851,2026-07-27T13:21:11.349,74.175495,0.817000,-0.2700,0.0400,-0.9600,0.1200,-0.0600,0.1200,0.998048,0.180000,"-0.27,0.04,-0.96,0.12,-0.06,0.12"
1852,2026-07-27T13:21:11.350,74.176100,0.604900,-0.2700,0.0300,-0.9600,0.1200,-0.0600,0.1200,0.997697,0.180000,"-0.27,0.03,-0.96,0.12,-0.06,0.12"
1853,2026-07-27T13:21:11.351,74.177018,0.917900,-0.2700,0.0300,-0.9600,0.1200,-0.0600,0.0600,0.997697,0.146969,"-0.27,0.03,-0.96,0.12,-0.06,0.06"
1854,2026-07-27T13:21:11.585,74.411624,234.605600,-0.2700,0.0300,-0.9600,0.1200,-0.0600,0.0600,0.997697,0.146969,"-0.27,0.03,-0.96,0.12,-0.06,0.06"
1855,2026-07-27T13:21:11.586,74.412257,0.633400,-0.2700,0.0300,-0.9600,0.1200,-0.0600,0.1200,0.997697,0.180000,"-0.27,0.03,-0.96,0.12,-0.06,0.12"
1856,2026-07-27T13:21:11.587,74.412895,0.637800,-0.2700,0.0300,-0.9600,0.1200,-0.0600,0.1200,0.997697,0.180000,"-0.27,0.03,-0.96,0.12,-0.06,0.12"
1857,2026-07-27T13:21:11.587,74.413477,0.582300,-0.2700,0.0300,-0.9600,0.1200,-0.0600,0.1200,0.997697,0.180000,"-0.27,0.03,-0.96,0.12,-0.06,0.12"
1858,2026-07-27T13:21:11.588,74.414487,1.010200,-0.2700,0.0400,-0.9600,0.1200,-0.1200,0.1200,0.998048,0.207846,"-0.27,0.04,-0.96,0.12,-0.12,0.12"
1859,2026-07-27T13:21:11.644,74.470420,55.932800,-0.2700,0.0300,-0.9600,0.1200,-0.0600,0.1200,0.997697,0.180000,"-0.27,0.03,-0.96,0.12,-0.06,0.12"
1860,2026-07-27T13:21:11.645,74.471460,1.039800,-0.2700,0.0300,-0.9600,0.1200,-0.0600,0.1200,0.997697,0.180000,"-0.27,0.03,-0.96,0.12,-0.06,0.12"
1861,2026-07-27T13:21:11.765,74.591015,119.555300,-0.2700,0.0400,-0.9600,0.1200,-0.1200,0.1200,0.998048,0.207846,"-0.27,0.04,-0.96,0.12,-0.12,0.12"
1862,2026-07-27T13:21:11.766,74.591778,0.762900,-0.2700,0.0400,-0.9600,0.1200,-0.1200,0.1200,0.998048,0.207846,"-0.27,0.04,-0.96,0.12,-0.12,0.12"
1863,2026-07-27T13:21:11.766,74.592474,0.695800,-0.2700,0.0400,-0.9600,0.1200,-0.1200,0.1200,0.998048,0.207846,"-0.27,0.04,-0.96,0.12,-0.12,0.12"
1864,2026-07-27T13:21:11.825,74.651324,58.849700,-0.2700,0.0400,-0.9600,0.1200,-0.1200,0.1200,0.998048,0.207846,"-0.27,0.04,-0.96,0.12,-0.12,0.12"
1865,2026-07-27T13:21:11.825,74.651704,0.380200,-0.2700,0.0300,-0.9600,0.0600,-0.1200,0.1200,0.997697,0.180000,"-0.27,0.03,-0.96,0.06,-0.12,0.12"
1866,2026-07-27T13:21:11.885,74.711219,59.514900,-0.2700,0.0300,-0.9600,0.0600,-0.1200,0.1200,0.997697,0.180000,"-0.27,0.03,-0.96,0.06,-0.12,0.12"
1867,2026-07-27T13:21:11.945,74.771072,59.853300,-0.2700,0.0400,-0.9600,0.0600,-0.1200,0.1200,0.998048,0.180000,"-0.27,0.04,-0.96,0.06,-0.12,0.12"
1868,2026-07-27T13:21:11.946,74.772130,1.058300,-0.2700,0.0300,-0.9600,0.0600,-0.0600,0.1200,0.997697,0.146969,"-0.27,0.03,-0.96,0.06,-0.06,0.12"
1869,2026-07-27T13:21:12.005,74.831035,58.904500,-0.2700,0.0300,-0.9600,0.0600,-0.0600,0.1200,0.997697,0.146969,"-0.27,0.03,-0.96,0.06,-0.06,0.12"
1870,2026-07-27T13:21:12.065,74.890973,59.937900,-0.2700,0.0300,-0.9600,0.0600,-0.0600,0.0600,0.997697,0.103923,"-0.27,0.03,-0.96,0.06,-0.06,0.06"
1871,2026-07-27T13:21:12.125,74.951156,60.182800,-0.2700,0.0300,-0.9600,0.1200,-0.0600,0.0600,0.997697,0.146969,"-0.27,0.03,-0.96,0.12,-0.06,0.06"
1872,2026-07-27T13:21:12.126,74.952225,1.069600,-0.2700,0.0300,-0.9600,0.1200,-0.0600,0.1200,0.997697,0.180000,"-0.27,0.03,-0.96,0.12,-0.06,0.12"
1873,2026-07-27T13:21:12.245,75.070978,118.752800,-0.2700,0.0400,-0.9600,0.1200,-0.0600,0.1200,0.998048,0.180000,"-0.27,0.04,-0.96,0.12,-0.06,0.12"
1874,2026-07-27T13:21:12.246,75.071760,0.781500,-0.2700,0.0400,-0.9600,0.1200,-0.0600,0.1200,0.998048,0.180000,"-0.27,0.04,-0.96,0.12,-0.06,0.12"
1875,2026-07-27T13:21:12.246,75.072703,0.943600,-0.2700,0.0400,-0.9600,0.1200,-0.0600,0.1200,0.998048,0.180000,"-0.27,0.04,-0.96,0.12,-0.06,0.12"
1876,2026-07-27T13:21:12.305,75.131301,58.597600,-0.2700,0.0300,-0.9600,0.1200,-0.0600,0.1200,0.997697,0.180000,"-0.27,0.03,-0.96,0.12,-0.06,0.12"
1877,2026-07-27T13:21:12.306,75.131980,0.679200,-0.2700,0.0300,-0.9600,0.1200,-0.1200,0.1200,0.997697,0.207846,"-0.27,0.03,-0.96,0.12,-0.12,0.12"
1878,2026-07-27T13:21:12.427,75.252813,120.833100,-0.2700,0.0300,-0.9600,0.1200,-0.1200,0.1200,0.997697,0.207846,"-0.27,0.03,-0.96,0.12,-0.12,0.12"
1879,2026-07-27T13:21:12.427,75.253202,0.388800,-0.2700,0.0300,-0.9600,0.1200,-0.1200,0.1200,0.997697,0.207846,"-0.27,0.03,-0.96,0.12,-0.12,0.12"
1880,2026-07-27T13:21:12.427,75.253601,0.399600,-0.2700,0.0300,-0.9600,0.1200,-0.1200,0.1200,0.997697,0.207846,"-0.27,0.03,-0.96,0.12,-0.12,0.12"
1881,2026-07-27T13:21:12.665,75.491364,237.762000,-0.2700,0.0300,-0.9600,0.1200,-0.1200,0.1200,0.997697,0.207846,"-0.27,0.03,-0.96,0.12,-0.12,0.12"
1882,2026-07-27T13:21:12.845,75.670949,179.585400,-0.2700,0.0300,-0.9600,0.1200,-0.1200,0.1200,0.997697,0.207846,"-0.27,0.03,-0.96,0.12,-0.12,0.12"
1883,2026-07-27T13:21:12.846,75.671766,0.816900,-0.2700,0.0300,-0.9600,0.1200,-0.1200,0.1200,0.997697,0.207846,"-0.27,0.03,-0.96,0.12,-0.12,0.12"
1884,2026-07-27T13:21:12.846,75.672281,0.514800,-0.2700,0.0300,-0.9600,0.1200,-0.1200,0.1200,0.997697,0.207846,"-0.27,0.03,-0.96,0.12,-0.12,0.12"
1885,2026-07-27T13:21:12.904,75.730531,58.250900,-0.2700,0.0300,-0.9600,0.1200,-0.1200,0.1200,0.997697,0.207846,"-0.27,0.03,-0.96,0.12,-0.12,0.12"
1886,2026-07-27T13:21:12.905,75.731203,0.671100,-0.2700,0.0300,-0.9600,0.1200,-0.1200,0.1200,0.997697,0.207846,"-0.27,0.03,-0.96,0.12,-0.12,0.12"
1887,2026-07-27T13:21:12.905,75.731349,0.146600,-0.2700,0.0300,-0.9600,0.1200,-0.1200,0.1200,0.997697,0.207846,"-0.27,0.03,-0.96,0.12,-0.12,0.12"
1888,2026-07-27T13:21:12.964,75.790686,59.336500,-0.2700,0.0300,-0.9600,0.1200,-0.1200,0.1200,0.997697,0.207846,"-0.27,0.03,-0.96,0.12,-0.12,0.12"
1889,2026-07-27T13:21:13.024,75.850564,59.878800,-0.2700,0.0300,-0.9600,0.1200,-0.1200,0.1200,0.997697,0.207846,"-0.27,0.03,-0.96,0.12,-0.12,0.12"
1890,2026-07-27T13:21:13.026,75.851751,1.186100,-0.2700,0.0300,-0.9600,0.1200,-0.1200,0.1200,0.997697,0.207846,"-0.27,0.03,-0.96,0.12,-0.12,0.12"
1891,2026-07-27T13:21:13.026,75.852243,0.492900,-0.2700,0.0300,-0.9600,0.1200,-0.1200,0.0600,0.997697,0.180000,"-0.27,0.03,-0.96,0.12,-0.12,0.06"
1892,2026-07-27T13:21:13.027,75.852750,0.506700,-0.2700,0.0300,-0.9600,0.1200,-0.1200,0.0600,0.997697,0.180000,"-0.27,0.03,-0.96,0.12,-0.12,0.06"
1893,2026-07-27T13:21:13.027,75.853285,0.534700,-0.2700,0.0300,-0.9600,0.1200,-0.1200,0.1200,0.997697,0.207846,"-0.27,0.03,-0.96,0.12,-0.12,0.12"
1894,2026-07-27T13:21:13.028,75.853807,0.522300,-0.2700,0.0300,-0.9600,0.1200,-0.0600,0.1200,0.997697,0.180000,"-0.27,0.03,-0.96,0.12,-0.06,0.12"
1895,2026-07-27T13:21:13.029,75.854823,1.015700,-0.2700,0.0300,-0.9600,0.1200,-0.0600,0.1200,0.997697,0.180000,"-0.27,0.03,-0.96,0.12,-0.06,0.12"
1896,2026-07-27T13:21:13.145,75.970768,115.944800,-0.2700,0.0300,-0.9600,0.1800,-0.1200,0.1200,0.997697,0.247386,"-0.27,0.03,-0.96,0.18,-0.12,0.12"
1897,2026-07-27T13:21:13.145,75.971048,0.280400,-0.2700,0.0300,-0.9600,0.1200,-0.1200,0.1200,0.997697,0.207846,"-0.27,0.03,-0.96,0.12,-0.12,0.12"
1898,2026-07-27T13:21:13.145,75.971566,0.518300,-0.2700,0.0300,-0.9600,0.1200,-0.1200,0.1200,0.997697,0.207846,"-0.27,0.03,-0.96,0.12,-0.12,0.12"
1899,2026-07-27T13:21:13.205,76.031300,59.734100,-0.2700,0.0300,-0.9600,0.1200,-0.1200,0.1200,0.997697,0.207846,"-0.27,0.03,-0.96,0.12,-0.12,0.12"
1900,2026-07-27T13:21:13.385,76.210807,179.506900,-0.2700,0.0300,-0.9600,0.1200,-0.1200,0.1200,0.997697,0.207846,"-0.27,0.03,-0.96,0.12,-0.12,0.12"
1901,2026-07-27T13:21:13.385,76.211341,0.534100,-0.2700,0.0300,-0.9600,0.1200,-0.1200,0.1200,0.997697,0.207846,"-0.27,0.03,-0.96,0.12,-0.12,0.12"
1902,2026-07-27T13:21:13.385,76.211490,0.148000,-0.2700,0.0400,-0.9600,0.1200,-0.1200,0.1200,0.998048,0.207846,"-0.27,0.04,-0.96,0.12,-0.12,0.12"
1903,2026-07-27T13:21:13.386,76.212381,0.891700,-0.2700,0.0400,-0.9600,0.1200,-0.1200,0.1200,0.998048,0.207846,"-0.27,0.04,-0.96,0.12,-0.12,0.12"
1904,2026-07-27T13:21:13.387,76.213087,0.705800,-0.2700,0.0300,-0.9600,0.1200,-0.0600,0.1200,0.997697,0.180000,"-0.27,0.03,-0.96,0.12,-0.06,0.12"
1905,2026-07-27T13:21:13.685,76.511246,298.158700,-0.2700,0.0300,-0.9600,0.1200,-0.1200,0.1200,0.997697,0.207846,"-0.27,0.03,-0.96,0.12,-0.12,0.12"
1906,2026-07-27T13:21:13.685,76.511733,0.487700,-0.2700,0.0300,-0.9600,0.1200,-0.1200,0.1200,0.997697,0.207846,"-0.27,0.03,-0.96,0.12,-0.12,0.12"
1907,2026-07-27T13:21:13.746,76.572150,60.416300,-0.2700,0.0300,-0.9600,0.1200,-0.1200,0.1200,0.997697,0.207846,"-0.27,0.03,-0.96,0.12,-0.12,0.12"
1908,2026-07-27T13:21:13.747,76.572930,0.780500,-0.2700,0.0300,-0.9600,0.1200,-0.0600,0.1200,0.997697,0.180000,"-0.27,0.03,-0.96,0.12,-0.06,0.12"
1909,2026-07-27T13:21:13.747,76.573627,0.696600,-0.2700,0.0300,-0.9600,0.1200,-0.1200,0.1200,0.997697,0.207846,"-0.27,0.03,-0.96,0.12,-0.12,0.12"
1910,2026-07-27T13:21:13.748,76.574141,0.514700,-0.2700,0.0300,-0.9600,0.1200,-0.1200,0.1200,0.997697,0.207846,"-0.27,0.03,-0.96,0.12,-0.12,0.12"
1911,2026-07-27T13:21:13.748,76.574401,0.259400,-0.2700,0.0300,-0.9600,0.1200,-0.1200,0.1200,0.997697,0.207846,"-0.27,0.03,-0.96,0.12,-0.12,0.12"
1912,2026-07-27T13:21:13.749,76.575009,0.607600,-0.2700,0.0300,-0.9600,0.1200,-0.0600,0.1200,0.997697,0.180000,"-0.27,0.03,-0.96,0.12,-0.06,0.12"
1913,2026-07-27T13:21:13.749,76.575442,0.433400,-0.2700,0.0300,-0.9600,0.1200,-0.1200,0.1200,0.997697,0.207846,"-0.27,0.03,-0.96,0.12,-0.12,0.12"
1914,2026-07-27T13:21:13.865,76.691216,115.774100,-0.2700,0.0300,-0.9600,0.1200,-0.1200,0.1200,0.997697,0.207846,"-0.27,0.03,-0.96,0.12,-0.12,0.12"
1915,2026-07-27T13:21:13.865,76.691738,0.521900,-0.2700,0.0300,-0.9600,0.1200,-0.1200,0.1200,0.997697,0.207846,"-0.27,0.03,-0.96,0.12,-0.12,0.12"
1916,2026-07-27T13:21:13.866,76.691800,0.062300,-0.2700,0.0300,-0.9600,0.1200,-0.1200,0.1200,0.997697,0.207846,"-0.27,0.03,-0.96,0.12,-0.12,0.12"
1917,2026-07-27T13:21:13.985,76.811232,119.431400,-0.2700,0.0300,-0.9600,0.1200,-0.1200,0.1200,0.997697,0.207846,"-0.27,0.03,-0.96,0.12,-0.12,0.12"
1918,2026-07-27T13:21:13.986,76.811886,0.654400,-0.2700,0.0300,-0.9600,0.1200,-0.0600,0.1200,0.997697,0.180000,"-0.27,0.03,-0.96,0.12,-0.06,0.12"
1919,2026-07-27T13:21:13.986,76.812539,0.652700,-0.2700,0.0300,-0.9600,0.1200,-0.1200,0.1200,0.997697,0.207846,"-0.27,0.03,-0.96,0.12,-0.12,0.12"
1920,2026-07-27T13:21:14.105,76.931319,118.780700,-0.2700,0.0300,-0.9600,0.1200,-0.1200,0.1200,0.997697,0.207846,"-0.27,0.03,-0.96,0.12,-0.12,0.12"
1921,2026-07-27T13:21:14.105,76.931399,0.079900,-0.2700,0.0300,-0.9600,0.1200,-0.1200,0.1200,0.997697,0.207846,"-0.27,0.03,-0.96,0.12,-0.12,0.12"
1922,2026-07-27T13:21:14.106,76.932158,0.759200,-0.2700,0.0300,-0.9600,0.1200,-0.1200,0.1200,0.997697,0.207846,"-0.27,0.03,-0.96,0.12,-0.12,0.12"
1923,2026-07-27T13:21:14.165,76.991719,59.560700,-0.2700,0.0300,-0.9600,0.1200,-0.1200,0.1200,0.997697,0.207846,"-0.27,0.03,-0.96,0.12,-0.12,0.12"
1924,2026-07-27T13:21:14.585,77.410952,419.232800,-0.2700,0.0300,-0.9600,0.1200,-0.1200,0.1200,0.997697,0.207846,"-0.27,0.03,-0.96,0.12,-0.12,0.12"
1925,2026-07-27T13:21:14.586,77.411862,0.910300,-0.2700,0.0300,-0.9600,0.1200,-0.1200,0.1200,0.997697,0.207846,"-0.27,0.03,-0.96,0.12,-0.12,0.12"
1926,2026-07-27T13:21:14.586,77.412497,0.634800,-0.2700,0.0300,-0.9600,0.1200,-0.1200,0.1200,0.997697,0.207846,"-0.27,0.03,-0.96,0.12,-0.12,0.12"
1927,2026-07-27T13:21:14.587,77.413176,0.678800,-0.2700,0.0300,-0.9600,0.1200,-0.1200,0.1200,0.997697,0.207846,"-0.27,0.03,-0.96,0.12,-0.12,0.12"
1928,2026-07-27T13:21:14.587,77.413678,0.502600,-0.2700,0.0300,-0.9600,0.1200,-0.1200,0.1200,0.997697,0.207846,"-0.27,0.03,-0.96,0.12,-0.12,0.12"
1929,2026-07-27T13:21:14.588,77.414056,0.377100,-0.2700,0.0300,-0.9600,0.1200,-0.1200,0.1200,0.997697,0.207846,"-0.27,0.03,-0.96,0.12,-0.12,0.12"
1930,2026-07-27T13:21:14.705,77.530957,116.901600,-0.2700,0.0300,-0.9600,0.1200,-0.0600,0.1200,0.997697,0.180000,"-0.27,0.03,-0.96,0.12,-0.06,0.12"
1931,2026-07-27T13:21:14.705,77.531380,0.422700,-0.2700,0.0300,-0.9600,0.1200,-0.0600,0.1200,0.997697,0.180000,"-0.27,0.03,-0.96,0.12,-0.06,0.12"
1932,2026-07-27T13:21:14.824,77.650548,119.168400,-0.2700,0.0300,-0.9600,0.1200,-0.1200,0.1200,0.997697,0.207846,"-0.27,0.03,-0.96,0.12,-0.12,0.12"
1933,2026-07-27T13:21:14.825,77.651158,0.609900,-0.2700,0.0300,-0.9600,0.1200,-0.1200,0.1200,0.997697,0.207846,"-0.27,0.03,-0.96,0.12,-0.12,0.12"
1934,2026-07-27T13:21:14.826,77.651757,0.599100,-0.2700,0.0300,-0.9600,0.1200,-0.1200,0.1200,0.997697,0.207846,"-0.27,0.03,-0.96,0.12,-0.12,0.12"
1935,2026-07-27T13:21:14.826,77.652339,0.581600,-0.2700,0.0300,-0.9600,0.1200,-0.0600,0.1200,0.997697,0.180000,"-0.27,0.03,-0.96,0.12,-0.06,0.12"
1936,2026-07-27T13:21:14.827,77.652960,0.621200,-0.2700,0.0300,-0.9600,0.1200,-0.0600,0.1200,0.997697,0.180000,"-0.27,0.03,-0.96,0.12,-0.06,0.12"
1937,2026-07-27T13:21:14.828,77.654010,1.049500,-0.2700,0.0300,-0.9600,0.1200,-0.0600,0.1200,0.997697,0.180000,"-0.27,0.03,-0.96,0.12,-0.06,0.12"
1938,2026-07-27T13:21:14.828,77.654596,0.586700,-0.2700,0.0300,-0.9600,0.1200,-0.0600,0.1200,0.997697,0.180000,"-0.27,0.03,-0.96,0.12,-0.06,0.12"
1939,2026-07-27T13:21:14.829,77.655500,0.903800,-0.2700,0.0300,-0.9600,0.1200,-0.1200,0.1200,0.997697,0.207846,"-0.27,0.03,-0.96,0.12,-0.12,0.12"
1940,2026-07-27T13:21:14.945,77.771660,116.159900,-0.2700,0.0300,-0.9600,0.1200,-0.1200,0.1200,0.997697,0.207846,"-0.27,0.03,-0.96,0.12,-0.12,0.12"
1941,2026-07-27T13:21:14.946,77.772116,0.455700,-0.2700,0.0300,-0.9600,0.1200,-0.1200,0.1200,0.997697,0.207846,"-0.27,0.03,-0.96,0.12,-0.12,0.12"
1942,2026-07-27T13:21:14.946,77.772526,0.410700,-0.2700,0.0300,-0.9600,0.1200,-0.0600,0.1200,0.997697,0.180000,"-0.27,0.03,-0.96,0.12,-0.06,0.12"
1943,2026-07-27T13:21:14.947,77.773188,0.661900,-0.2700,0.0300,-0.9600,0.1200,-0.0600,0.1200,0.997697,0.180000,"-0.27,0.03,-0.96,0.12,-0.06,0.12"
1944,2026-07-27T13:21:15.124,77.950709,177.520400,-0.2700,0.0300,-0.9600,0.1200,-0.0600,0.1200,0.997697,0.180000,"-0.27,0.03,-0.96,0.12,-0.06,0.12"
1945,2026-07-27T13:21:15.125,77.951386,0.677200,-0.2700,0.0300,-0.9600,0.1200,-0.0600,0.1200,0.997697,0.180000,"-0.27,0.03,-0.96,0.12,-0.06,0.12"
1946,2026-07-27T13:21:15.126,77.952022,0.635700,-0.2200,-0.0000,-0.8200,5.9200,2.8700,2.9300,0.848999,7.201958,"-0.22,-0.00,-0.82,5.92,2.87,2.93"
1947,2026-07-27T13:21:15.127,77.952929,0.907900,-0.1000,-0.1300,-0.6500,72.8800,32.9600,30.5800,0.670373,85.632893,"-0.10,-0.13,-0.65,72.88,32.96,30.58"
1948,2026-07-27T13:21:15.245,78.071494,118.564300,-0.1000,-0.3500,-1.0300,72.8800,32.9600,30.5800,1.092428,85.632893,"-0.10,-0.35,-1.03,72.88,32.96,30.58"
1949,2026-07-27T13:21:15.246,78.072313,0.819200,-0.2100,-0.5400,-1.6300,93.8700,77.3300,-38.6400,1.729913,127.610953,"-0.21,-0.54,-1.63,93.87,77.33,-38.64"
1950,2026-07-27T13:21:15.247,78.072805,0.492400,0.0200,-1.3600,-2.0400,140.5600,10.6200,-62.8700,2.451856,154.345505,"0.02,-1.36,-2.04,140.56,10.62,-62.87"
1951,2026-07-27T13:21:15.365,78.191654,118.848900,0.2700,-2.7800,-2.2800,391.4200,-22.0900,80.5100,3.605510,400.224243,"0.27,-2.78,-2.28,391.42,-22.09,80.51"
1952,2026-07-27T13:21:15.366,78.192189,0.534800,-0.2500,-3.8200,-1.9600,618.3500,40.4700,104.9800,4.300756,628.502461,"-0.25,-3.82,-1.96,618.35,40.47,104.98"
1953,2026-07-27T13:21:15.367,78.193024,0.835300,-1.2200,-3.7200,-1.3200,715.3900,104.7400,-27.7100,4.131489,723.547624,"-1.22,-3.72,-1.32,715.39,104.74,-27.71"
1954,2026-07-27T13:21:15.545,78.371527,178.502400,-1.6400,-2.2300,-0.8400,721.9800,43.3300,-75.3200,2.892767,727.190286,"-1.64,-2.23,-0.84,721.98,43.33,-75.32"
1955,2026-07-27T13:21:15.546,78.372200,0.673500,-1.1500,-0.5500,-0.6300,594.0600,-116.5800,-63.9600,1.421935,608.760266,"-1.15,-0.55,-0.63,594.06,-116.58,-63.96"
1956,2026-07-27T13:21:15.547,78.372905,0.704300,-0.4000,0.3300,-0.5300,353.2700,-233.2800,-50.3500,0.741485,426.326605,"-0.40,0.33,-0.53,353.27,-233.28,-50.35"
1957,2026-07-27T13:21:15.846,78.671882,298.977200,-0.1000,0.5300,-0.3700,135.3800,-249.3300,-17.8800,0.654064,284.276077,"-0.10,0.53,-0.37,135.38,-249.33,-17.88"
1958,2026-07-27T13:21:15.846,78.672612,0.730600,-0.2200,0.4300,-0.1800,57.1900,-242.2500,1.8900,0.515461,248.916313,"-0.22,0.43,-0.18,57.19,-242.25,1.89"
1959,2026-07-27T13:21:15.847,78.673344,0.731300,-0.3400,0.4100,-0.1400,68.1800,-249.0800,70.8000,0.550727,267.772289,"-0.34,0.41,-0.14,68.18,-249.08,70.80"
1960,2026-07-27T13:21:15.848,78.673937,0.593200,-0.3200,0.5600,-0.2300,57.3700,-250.4300,201.6600,0.684763,326.608722,"-0.32,0.56,-0.23,57.37,-250.43,201.66"
1961,2026-07-27T13:21:15.904,78.730594,56.657400,-0.2500,0.6500,-0.2500,7.3200,-260.1900,313.0500,0.739932,407.127401,"-0.25,0.65,-0.25,7.32,-260.19,313.05"
1962,2026-07-27T13:21:15.905,78.731001,0.406700,-0.3700,0.5200,-0.1900,-31.1300,-250.9200,374.6900,0.665883,452.020486,"-0.37,0.52,-0.19,-31.13,-250.92,374.69"
1963,2026-07-27T13:21:15.965,78.790827,59.826300,-0.5700,0.3100,-0.0600,-16.7200,-196.7200,399.7200,0.651613,445.818792,"-0.57,0.31,-0.06,-16.72,-196.72,399.72"
1964,2026-07-27T13:21:16.025,78.851480,60.653200,-0.7600,0.0900,0.1100,28.0800,-105.4100,409.1800,0.773175,423.471400,"-0.76,0.09,0.11,28.08,-105.41,409.18"
1965,2026-07-27T13:21:16.145,78.970798,119.317400,-0.9200,-0.1600,0.2100,56.1500,-16.4200,399.0500,0.957131,403.315437,"-0.92,-0.16,0.21,56.15,-16.42,399.05"
1966,2026-07-27T13:21:16.205,79.030866,60.068600,-0.8100,-0.7200,0.3000,52.1900,29.6600,373.1700,1.124500,377.967407,"-0.81,-0.72,0.30,52.19,29.66,373.17"
1967,2026-07-27T13:21:16.265,79.091160,60.293600,-0.5000,-1.5200,0.5600,40.3400,40.0400,312.9300,1.695288,318.049842,"-0.50,-1.52,0.56,40.34,40.04,312.93"
1968,2026-07-27T13:21:16.266,79.091836,0.676000,-0.3100,-2.0700,1.0800,70.2500,34.1200,175.4800,2.355292,192.074119,"-0.31,-2.07,1.08,70.25,34.12,175.48"
1969,2026-07-27T13:21:16.266,79.092289,0.452800,-0.3300,-2.3300,1.3100,124.6900,82.8200,-38.2700,2.693307,154.503532,"-0.33,-2.33,1.31,124.69,82.82,-38.27"
1970,2026-07-27T13:21:16.267,79.092896,0.606600,-0.3600,-2.3500,0.9700,147.2800,199.4000,-255.0000,2.567684,355.635710,"-0.36,-2.35,0.97,147.28,199.40,-255.00"
1971,2026-07-27T13:21:16.267,79.093301,0.406000,-0.5000,-2.0500,0.6500,105.6500,219.4800,-334.3500,2.207940,413.670540,"-0.50,-2.05,0.65,105.65,219.48,-334.35"
1972,2026-07-27T13:21:16.268,79.093905,0.603700,-0.6700,-1.3600,0.6300,58.3500,63.4800,-223.1400,1.641767,239.219340,"-0.67,-1.36,0.63,58.35,63.48,-223.14"
1973,2026-07-27T13:21:16.269,79.094998,1.092500,-0.4400,-0.5300,0.6900,77.8200,-131.6500,-41.4400,0.974987,158.445412,"-0.44,-0.53,0.69,77.82,-131.65,-41.44"
1974,2026-07-27T13:21:16.270,79.095771,0.773600,-0.0200,-0.0900,0.5700,80.6900,-237.2400,82.2100,0.577408,263.727469,"-0.02,-0.09,0.57,80.69,-237.24,82.21"
1975,2026-07-27T13:21:16.270,79.096355,0.584000,0.1800,0.0500,0.4600,3.4800,-268.3700,132.3900,0.496488,299.268574,"0.18,0.05,0.46,3.48,-268.37,132.39"
1976,2026-07-27T13:21:16.271,79.097510,1.154800,0.1300,-0.0200,0.5300,-109.6800,-277.8300,175.6000,0.546077,346.488919,"0.13,-0.02,0.53,-109.68,-277.83,175.60"
1977,2026-07-27T13:21:16.325,79.151240,53.730300,-0.0800,-0.5700,0.8600,-217.1000,-259.4000,223.8800,1.034843,405.639032,"-0.08,-0.57,0.86,-217.10,-259.40,223.88"
1978,2026-07-27T13:21:16.625,79.450958,299.717900,-0.4300,-1.2100,1.1100,-263.0000,-217.8300,195.0100,1.697380,393.252856,"-0.43,-1.21,1.11,-263.00,-217.83,195.01"
1979,2026-07-27T13:21:16.625,79.451436,0.477800,-0.7600,-1.2000,0.8400,-170.4100,-155.4000,66.1000,1.650212,239.912355,"-0.76,-1.20,0.84,-170.41,-155.40,66.10"
1980,2026-07-27T13:21:16.626,79.452160,0.723500,-0.6300,-0.8500,0.4100,-42.3600,-20.3200,-60.7900,1.134681,76.829006,"-0.63,-0.85,0.41,-42.36,-20.32,-60.79"
1981,2026-07-27T13:21:16.627,79.452946,0.786200,-0.2200,-0.5200,0.0400,10.1300,188.6600,-109.9200,0.566039,218.580921,"-0.22,-0.52,0.04,10.13,188.66,-109.92"
1982,2026-07-27T13:21:16.627,79.453525,0.579700,0.0100,-0.3700,-0.2200,-13.8500,384.7000,-124.2700,0.430581,404.510748,"0.01,-0.37,-0.22,-13.85,384.70,-124.27"
1983,2026-07-27T13:21:16.628,79.454129,0.603400,0.0300,-0.6500,-0.2600,-179.3800,404.9100,-120.9100,0.700714,459.073546,"0.03,-0.65,-0.26,-179.38,404.91,-120.91"
1984,2026-07-27T13:21:16.629,79.455021,0.892100,-0.1300,-0.8500,-0.3200,-389.8300,238.2800,-32.5900,0.917497,458.046827,"-0.13,-0.85,-0.32,-389.83,238.28,-32.59"
1985,2026-07-27T13:21:16.629,79.455704,0.682800,-0.4500,-0.7000,-0.7300,-553.0400,74.8300,91.4900,1.106978,565.529124,"-0.45,-0.70,-0.73,-553.04,74.83,91.49"
1986,2026-07-27T13:21:16.685,79.511281,55.576800,-0.7000,-0.2400,-1.1300,-676.4500,8.4800,154.0500,1.350741,693.821242,"-0.70,-0.24,-1.13,-676.45,8.48,154.05"
1987,2026-07-27T13:21:16.746,79.571756,60.475700,-0.6800,0.2700,-1.0600,-563.6600,-7.3200,114.7500,1.287983,575.268407,"-0.68,0.27,-1.06,-563.66,-7.32,114.75"
1988,2026-07-27T13:21:16.746,79.572369,0.613100,-0.5400,0.4100,-0.8400,-271.9700,-23.1300,19.4700,1.079491,273.645316,"-0.54,0.41,-0.84,-271.97,-23.13,19.47"
1989,2026-07-27T13:21:16.805,79.631198,58.828800,-0.4200,0.2300,-0.7700,-100.5900,-71.3500,-26.1200,0.906752,126.061195,"-0.42,0.23,-0.77,-100.59,-71.35,-26.12"
1990,2026-07-27T13:21:16.865,79.691488,60.289800,-0.2600,0.1100,-0.5700,-97.6000,-210.6900,-24.5400,0.636082,233.491430,"-0.26,0.11,-0.57,-97.60,-210.69,-24.54"
1991,2026-07-27T13:21:16.985,79.810893,119.404700,-0.1000,0.1500,-0.2800,-150.4500,-442.3800,-95.7600,0.333017,476.975098,"-0.10,0.15,-0.28,-150.45,-442.38,-95.76"
1992,2026-07-27T13:21:16.985,79.811445,0.552400,-0.2500,0.0800,0.0500,-138.9800,-619.3200,-241.8800,0.267208,679.248583,"-0.25,0.08,0.05,-138.98,-619.32,-241.88"
1993,2026-07-27T13:21:16.986,79.811962,0.517400,-0.7600,-0.2000,0.4500,-127.4400,-595.2800,-233.9000,0.905594,652.156762,"-0.76,-0.20,0.45,-127.44,-595.28,-233.9"
1994,2026-07-27T13:21:16.986,79.812687,0.724600,-1.7200,-0.4000,0.5700,-288.4500,-371.4600,-23.8000,1.855613,470.905908,"-1.72,-0.40,0.57,-288.45,-371.46,-23.80"
1995,2026-07-27T13:21:17.045,79.871562,58.875200,-2.1600,-0.3000,0.2000,-438.2300,-33.3900,165.1000,2.189886,469.487417,"-2.16,-0.30,0.20,-438.23,-33.39,165.10"
1996,2026-07-27T13:21:17.107,79.932943,61.380400,-1.4500,-0.0500,-0.2700,-357.6000,209.2300,144.9600,1.475771,438.940035,"-1.45,-0.05,-0.27,-357.60,209.23,144.96"
1997,2026-07-27T13:21:17.107,79.933344,0.401000,-0.7100,0.1400,-0.5700,-204.1000,252.0800,-20.4500,0.921195,324.991290,"-0.71,0.14,-0.57,-204.10,252.08,-20.45"
1998,2026-07-27T13:21:17.285,80.111492,178.148800,-0.6100,0.2300,-0.7300,-135.7400,189.0300,-122.9900,0.978724,263.218975,"-0.61,0.23,-0.73,-135.74,189.03,-122.99"
1999,2026-07-27T13:21:17.286,80.112209,0.716200,-1.1300,0.2300,-0.6700,-130.3700,136.3500,-27.8300,1.333679,190.688669,"-1.13,0.23,-0.67,-130.37,136.35,-27.83"
2000,2026-07-27T13:21:17.286,80.112578,0.369000,-1.9500,0.2900,-0.1600,-60.1800,141.4800,243.7700,1.977928,288.204850,"-1.95,0.29,-0.16,-60.18,141.48,243.77"
2001,2026-07-27T13:21:17.287,80.113007,0.429500,-1.9200,0.2500,0.2500,69.7000,131.8400,384.4600,1.952281,412.370425,"-1.92,0.25,0.25,69.70,131.84,384.46"
2002,2026-07-27T13:21:17.345,80.171491,58.484100,-0.9900,0.0800,0.0800,70.4300,86.5500,243.8400,0.996444,268.158970,"-0.99,0.08,0.08,70.43,86.55,243.84"
2003,2026-07-27T13:21:17.346,80.172154,0.662300,-0.4400,-0.0700,-0.0500,-42.9700,46.2600,58.4100,0.448330,86.012421,"-0.44,-0.07,-0.05,-42.97,46.26,58.41"
2004,2026-07-27T13:21:17.525,80.351645,179.491100,-0.3700,-0.1300,-0.0600,-109.5000,18.1300,-26.3100,0.396737,114.066485,"-0.37,-0.13,-0.06,-109.50,18.13,-26.31"
2005,2026-07-27T13:21:17.526,80.352532,0.886900,-0.5300,0.0500,-0.3500,-74.9500,-10.0100,-57.6200,0.637103,95.067171,"-0.53,0.05,-0.35,-74.95,-10.01,-57.62"
2006,2026-07-27T13:21:17.585,80.410992,58.460900,-0.7200,0.2500,-0.6800,-5.6200,-22.4000,-82.7000,1.021421,85.864046,"-0.72,0.25,-0.68,-5.62,-22.40,-82.70"
2007,2026-07-27T13:21:17.645,80.470953,59.960000,-0.7900,0.3600,-0.7400,47.9100,-8.0600,-92.8300,1.140745,104.774714,"-0.79,0.36,-0.74,47.91,-8.06,-92.83"
2008,2026-07-27T13:21:17.884,80.710715,239.762600,-0.7000,0.4900,-0.4600,143.1900,-3.8500,-49.9300,0.970412,151.694441,"-0.70,0.49,-0.46,143.19,-3.85,-49.93"
2009,2026-07-27T13:21:17.885,80.711272,0.557400,-0.6100,0.4300,-0.3100,63.2900,-15.7500,8.0000,0.808146,65.709106,"-0.61,0.43,-0.31,63.29,-15.75,8.00"
2010,2026-07-27T13:21:17.886,80.711812,0.539700,-0.9200,0.3600,-0.4100,-99.9100,6.8400,0.7300,1.069626,100.146526,"-0.92,0.36,-0.41,-99.91,6.84,0.73"
2011,2026-07-27T13:21:17.945,80.771170,59.357400,-1.2300,0.3600,-0.2600,-44.1300,-29.7200,51.8200,1.307708,74.270100,"-1.23,0.36,-0.26,-44.13,-29.72,51.82"
2012,2026-07-27T13:21:17.946,80.772324,1.154300,-1.3800,0.2000,-0.1700,156.9200,-93.9900,84.4100,1.404742,201.452363,"-1.38,0.20,-0.17,156.92,-93.99,84.41"
2013,2026-07-27T13:21:17.947,80.772791,0.466900,-1.6200,-0.0300,-0.3600,231.3800,-118.0400,59.2000,1.659789,266.410934,"-1.62,-0.03,-0.36,231.38,-118.04,59.20"
2014,2026-07-27T13:21:17.947,80.773278,0.487400,-1.4900,-0.1600,-0.4300,138.6100,-93.6900,-2.9900,1.559038,167.330476,"-1.49,-0.16,-0.43,138.61,-93.69,-2.99"
2015,2026-07-27T13:21:17.948,80.773823,0.544500,-1.1700,-0.0900,-0.3600,30.5200,-66.0400,-50.1100,1.227436,88.338916,"-1.17,-0.09,-0.36,30.52,-66.04,-50.11"
2016,2026-07-27T13:21:17.948,80.774311,0.488100,-0.6600,0.1300,-0.3700,-29.3600,-56.5200,-78.3700,0.767724,100.987014,"-0.66,0.13,-0.37,-29.36,-56.52,-78.37"
2017,2026-07-27T13:21:17.949,80.775062,0.751100,-0.3600,0.2700,-0.5800,-136.1700,-39.4300,-136.6000,0.734098,196.866843,"-0.36,0.27,-0.58,-136.17,-39.43,-136.60"
2018,2026-07-27T13:21:17.950,80.775786,0.724100,-0.1500,0.5900,-0.6800,-412.3500,14.6500,-238.0400,0.912688,476.350907,"-0.15,0.59,-0.68,-412.35,14.65,-238.04"
2019,2026-07-27T13:21:18.185,81.011134,235.348400,-0.2500,0.8400,-0.2700,-641.8500,120.7900,-225.1000,0.917061,690.819554,"-0.25,0.84,-0.27,-641.85,120.79,-225.10"
2020,2026-07-27T13:21:18.185,81.011628,0.494100,-0.9200,0.8300,0.0800,-480.7100,208.9200,2.5600,1.241652,524.152863,"-0.92,0.83,0.08,-480.71,208.92,2.56"
2021,2026-07-27T13:21:18.186,81.012080,0.451000,-2.0100,0.6300,-0.1500,-84.0500,41.6900,242.0000,2.111753,259.550493,"-2.01,0.63,-0.15,-84.05,41.69,242.00"
2022,2026-07-27T13:21:18.187,81.012889,0.809600,-2.5700,0.4300,-0.3000,360.6000,-298.5800,361.8800,2.622937,591.725875,"-2.57,0.43,-0.30,360.60,-298.58,361.88"
2023,2026-07-27T13:21:18.187,81.013584,0.695100,-2.2000,0.1700,-0.0700,543.1500,-360.0500,335.0200,2.207668,732.725273,"-2.20,0.17,-0.07,543.15,-360.05,335.02"
2024,2026-07-27T13:21:18.188,81.014490,0.906000,-1.3000,-0.1500,-0.0900,179.9900,-145.2000,145.3900,1.311716,273.162392,"-1.30,-0.15,-0.09,179.99,-145.20,145.39"
2025,2026-07-27T13:21:18.426,81.252184,237.694100,-0.4400,-0.3500,-0.3100,-90.1500,5.4900,-6.7700,0.642028,90.570390,"-0.44,-0.35,-0.31,-90.15,5.49,-6.77"
2026,2026-07-27T13:21:18.427,81.253072,0.888100,0.0000,-0.3300,-0.2200,111.9400,20.7500,-2.0800,0.396611,113.865941,"0.00,-0.33,-0.22,111.94,20.75,-2.08"
2027,2026-07-27T13:21:18.427,81.253379,0.306600,-0.0200,-0.0600,-0.0900,331.2400,-12.8200,31.3700,0.110000,332.969018,"-0.02,-0.06,-0.09,331.24,-12.82,31.37"
2028,2026-07-27T13:21:18.428,81.253914,0.535100,-0.3000,0.2400,-0.2400,166.1400,-24.2900,12.5100,0.452990,168.371624,"-0.30,0.24,-0.24,166.14,-24.29,12.51"
2029,2026-07-27T13:21:18.428,81.254024,0.110200,-0.7600,0.5200,-0.4400,-247.4400,36.8000,-39.6700,1.020588,253.287391,"-0.76,0.52,-0.44,-247.44,36.80,-39.67"
2030,2026-07-27T13:21:18.428,81.254738,0.713700,-1.3400,0.7700,-0.5300,-373.4700,83.0100,-53.1000,1.633830,386.251357,"-1.34,0.77,-0.53,-373.47,83.01,-53.10"
2031,2026-07-27T13:21:18.485,81.310836,56.097900,-1.5200,0.7300,-0.4800,-75.4400,29.9100,27.5900,1.753197,85.714700,"-1.52,0.73,-0.48,-75.44,29.91,27.59"
2032,2026-07-27T13:21:18.546,81.371914,61.077800,-1.4500,0.5100,-0.3800,265.8700,-67.6300,121.7700,1.583351,300.147642,"-1.45,0.51,-0.38,265.87,-67.63,121.77"
2033,2026-07-27T13:21:18.546,81.372707,0.792900,-1.3500,0.3500,-0.3200,352.5400,-132.6300,135.0700,1.430874,400.148814,"-1.35,0.35,-0.32,352.54,-132.63,135.07"
2034,2026-07-27T13:21:18.605,81.431369,58.662400,-1.0900,0.2200,-0.2800,221.5000,-132.2000,65.8600,1.146691,266.226651,"-1.09,0.22,-0.28,221.50,-132.20,65.86"
2035,2026-07-27T13:21:18.668,81.494248,62.879100,-0.8100,0.1600,-0.2800,31.9200,-94.8500,-24.9000,0.871837,103.128167,"-0.81,0.16,-0.28,31.92,-94.85,-24.90"
2036,2026-07-27T13:21:18.680,81.506155,11.907000,-0.5900,0.1800,-0.3200,-101.5600,-51.3900,-84.9600,0.694910,142.033684,"-0.59,0.18,-0.32,-101.56,-51.39,-84.96"
2037,2026-07-27T13:21:18.848,81.673758,167.602900,-0.4300,0.2900,-0.3700,-146.1800,-10.3800,-125.3100,0.637103,192.818394,"-0.43,0.29,-0.37,-146.18,-10.38,-125.31"
2038,2026-07-27T13:21:18.848,81.674154,0.396300,-0.2400,0.5600,-0.5000,-168.2700,27.8900,-166.2600,0.788162,238.191168,"-0.24,0.56,-0.50,-168.27,27.89,-166.26"
2039,2026-07-27T13:21:18.849,81.674844,0.690100,0.0100,0.8200,-0.5400,-240.6600,114.6900,-179.9900,0.981886,321.663538,"0.01,0.82,-0.54,-240.66,114.69,-179.99"
2040,2026-07-27T13:21:18.849,81.675493,0.648900,-0.1800,0.8600,-0.3300,-278.0800,223.3900,-107.9100,0.938563,372.660900,"-0.18,0.86,-0.33,-278.08,223.39,-107.91"
2041,2026-07-27T13:21:18.968,81.794063,118.569600,-1.0700,0.9200,-0.3200,-145.3900,168.2700,95.2100,1.446962,241.904917,"-1.07,0.92,-0.32,-145.39,168.27,95.21"
2042,2026-07-27T13:21:18.969,81.795026,0.963400,-1.9100,1.1200,-0.5600,132.7500,-99.9800,381.9000,2.283878,416.492704,"-1.91,1.12,-0.56,132.75,-99.98,381.90"
2043,2026-07-27T13:21:18.972,81.798139,3.113200,-2.1100,1.0900,-0.3000,376.1000,-315.2500,550.7200,2.393784,737.649165,"-2.11,1.09,-0.30,376.10,-315.25,550.72"
2044,2026-07-27T13:21:19.025,81.851466,53.327000,-1.7000,0.7200,-0.0100,285.1600,-225.1600,408.3300,1.846212,546.577204,"-1.70,0.72,-0.01,285.16,-225.16,408.33"
2045,2026-07-27T13:21:19.026,81.852082,0.615400,-0.9300,0.2900,-0.2400,3.1100,14.3400,99.9800,1.003295,101.051017,"-0.93,0.29,-0.24,3.11,14.34,99.98"
2046,2026-07-27T13:21:19.145,81.971250,119.168600,-0.3900,0.0300,-0.2800,-60.5500,114.3200,-86.1800,0.481041,155.442457,"-0.39,0.03,-0.28,-60.55,114.32,-86.18"
2047,2026-07-27T13:21:19.146,81.971909,0.658300,-0.2500,0.0000,-0.1100,51.2700,11.1100,-121.0900,0.273130,131.965272,"-0.25,0.00,-0.11,51.27,11.11,-121.09"
2048,2026-07-27T13:21:19.146,81.972357,0.447800,-0.2400,0.1600,-0.1800,139.3400,-122.3100,-98.3300,0.340000,209.867007,"-0.24,0.16,-0.18,139.34,-122.31,-98.33"
2049,2026-07-27T13:21:19.325,82.151506,179.149800,-0.2100,0.4000,-0.4600,67.8100,-90.0300,-53.7700,0.644748,124.879181,"-0.21,0.40,-0.46,67.81,-90.03,-53.77"
2050,2026-07-27T13:21:19.326,82.151969,0.462900,-0.3100,0.7000,-0.6200,-97.5300,79.7100,25.3900,0.985140,128.492946,"-0.31,0.70,-0.62,-97.53,79.71,25.39"
2051,2026-07-27T13:21:19.326,82.152712,0.742700,-0.4600,0.9700,-0.6600,-82.7000,183.6500,194.9500,1.260198,280.307180,"-0.46,0.97,-0.66,-82.70,183.65,194.95"
2052,2026-07-27T13:21:19.327,82.153571,0.859000,-0.5700,1.1400,-0.7300,64.6400,100.4000,350.2200,1.468809,370.016943,"-0.57,1.14,-0.73,64.64,100.40,350.22"
2053,2026-07-27T13:21:19.445,82.270903,117.331600,-0.7400,1.1600,-0.8100,91.5500,-39.9800,307.6200,1.596653,323.434487,"-0.74,1.16,-0.81,91.55,-39.98,307.62"
2054,2026-07-27T13:21:19.445,82.271288,0.385800,-0.8700,1.0800,-0.8200,11.3500,-84.4700,137.1500,1.611118,161.474846,"-0.87,1.08,-0.82,11.35,-84.47,137.15"
2055,2026-07-27T13:21:19.446,82.271903,0.615100,-0.8300,0.9500,-0.7700,-50.4200,-67.6900,0.6100,1.477938,84.406662,"-0.83,0.95,-0.77,-50.42,-67.69,0.61"
2056,2026-07-27T13:21:19.565,82.390995,119.091100,-0.6000,0.7400,-0.6600,-55.8500,-71.2300,-57.5600,1.158965,107.266439,"-0.60,0.74,-0.66,-55.85,-71.23,-57.56"
2057,2026-07-27T13:21:19.565,82.391400,0.405000,-0.3100,0.5300,-0.6000,-42.3000,-85.2700,-70.8000,0.858487,118.629267,"-0.31,0.53,-0.60,-42.30,-85.27,-70.80"
2058,2026-07-27T13:21:19.566,82.391913,0.513000,-0.0300,0.4100,-0.5900,-34.6700,-79.3500,-78.2500,0.719097,116.711156,"-0.03,0.41,-0.59,-34.67,-79.35,-78.25"
2059,2026-07-27T13:21:19.625,82.451608,59.695200,0.2100,0.3900,-0.5400,-27.9500,-17.4600,-113.8900,0.698427,118.562162,"0.21,0.39,-0.54,-27.95,-17.46,-113.89"
2060,2026-07-27T13:21:19.626,82.452733,1.125700,0.5000,0.4600,-0.5400,-32.2300,124.8200,-187.5600,0.867871,227.590771,"0.50,0.46,-0.54,-32.23,124.82,-187.56"
2061,2026-07-27T13:21:19.746,82.571759,119.025200,0.5900,0.7100,-0.4900,-24.9000,262.8200,-217.5300,1.045132,342.072599,"0.59,0.71,-0.49,-24.90,262.82,-217.53"
2062,2026-07-27T13:21:19.746,82.572236,0.477000,0.1300,1.0700,-0.4600,26.1800,219.5400,-75.7400,1.171921,233.708690,"0.13,1.07,-0.46,26.18,219.54,-75.74"
2063,2026-07-27T13:21:19.747,82.572801,0.565700,-0.6600,1.4700,-0.6700,66.1600,-16.3000,204.7700,1.745107,215.809148,"-0.66,1.47,-0.67,66.16,-16.30,204.77"
2064,2026-07-27T13:21:19.865,82.690887,118.085900,-1.1000,1.7500,-0.9400,53.5300,-225.6500,418.9500,2.270705,478.855391,"-1.10,1.75,-0.94,53.53,-225.65,418.95"
2065,2026-07-27T13:21:19.865,82.691275,0.387400,-1.1800,1.6200,-0.7400,38.7600,-229.1300,415.1000,2.136446,475.721457,"-1.18,1.62,-0.74,38.76,-229.13,415.10"
2066,2026-07-27T13:21:19.866,82.691785,0.510200,-0.9900,1.1500,-0.3800,1.6500,-75.7400,227.5400,1.564289,239.820186,"-0.99,1.15,-0.38,1.65,-75.74,227.54"
2067,2026-07-27T13:21:19.925,82.750995,59.209600,-0.5900,0.5700,-0.3500,-41.1400,70.3100,24.7200,0.891908,85.129749,"-0.59,0.57,-0.35,-41.14,70.31,24.72"
2068,2026-07-27T13:21:19.985,82.811013,60.018600,-0.3500,0.1800,-0.2900,-11.9000,116.7000,-66.1000,0.488876,134.646612,"-0.35,0.18,-0.29,-11.90,116.70,-66.10"
2069,2026-07-27T13:21:19.985,82.811590,0.577200,-0.2600,0.1400,-0.1800,42.0500,41.0800,-51.1500,0.345832,77.923625,"-0.26,0.14,-0.18,42.05,41.08,-51.15"
2070,2026-07-27T13:21:20.045,82.871271,59.680300,-0.1100,0.3700,-0.3100,64.1500,-80.8100,-9.8900,0.495076,103.649847,"-0.11,0.37,-0.31,64.15,-80.81,-9.89"
2071,2026-07-27T13:21:20.105,82.931206,59.935600,0.0700,0.6100,-0.5500,31.3100,-89.1700,-19.3500,0.824318,96.467754,"0.07,0.61,-0.55,31.31,-89.17,-19.35"
2072,2026-07-27T13:21:20.105,82.931642,0.436000,0.1400,0.7800,-0.7400,-38.3300,32.5900,-78.1200,1.084251,92.919489,"0.14,0.78,-0.74,-38.33,32.59,-78.12"
2073,2026-07-27T13:21:20.345,83.171002,239.360300,0.1200,1.0700,-0.9700,-78.1900,124.8800,-106.2000,1.449207,181.623596,"0.12,1.07,-0.97,-78.19,124.88,-106.20"
2074,2026-07-27T13:21:20.345,83.171370,0.367800,-0.0600,1.2100,-0.8500,-19.0400,64.4500,-34.5500,1.479932,75.564718,"-0.06,1.21,-0.85,-19.04,64.45,-34.55"
2075,2026-07-27T13:21:20.346,83.171840,0.469700,-0.3800,0.9300,-0.4100,84.1700,-120.4200,108.5200,1.085081,182.653102,"-0.38,0.93,-0.41,84.17,-120.42,108.52"
2076,2026-07-27T13:21:20.346,83.172644,0.804500,-0.5900,0.8300,-0.3400,111.0200,-247.0100,216.7400,1.073592,346.865403,"-0.59,0.83,-0.34,111.02,-247.01,216.74"
2077,2026-07-27T13:21:20.347,83.173456,0.811500,-0.6400,0.9500,-0.5800,58.3500,-199.8900,206.5400,1.283939,293.290822,"-0.64,0.95,-0.58,58.35,-199.89,206.54"
2078,2026-07-27T13:21:20.348,83.174239,0.782600,-0.6000,0.9300,-0.6900,-16.9700,-81.6000,106.0200,1.304224,134.858375,"-0.60,0.93,-0.69,-16.97,-81.60,106.02"
2079,2026-07-27T13:21:20.405,83.231097,56.858400,-0.5400,0.7800,-0.6600,-54.9900,-33.3300,27.7100,1.155682,70.018805,"-0.54,0.78,-0.66,-54.99,-33.33,27.71"
2080,2026-07-27T13:21:20.465,83.291414,60.317400,-0.4600,0.6300,-0.6300,-48.8900,-67.8100,14.2800,1.002696,84.807704,"-0.46,0.63,-0.63,-48.89,-67.81,14.28"
2081,2026-07-27T13:21:20.466,83.292090,0.675400,-0.2800,0.5400,-0.6200,-13.9800,-98.8800,-5.2500,0.868562,100.001286,"-0.28,0.54,-0.62,-13.98,-98.88,-5.25"
2082,2026-07-27T13:21:20.764,83.590538,298.448600,-0.0500,0.5500,-0.5600,-2.8700,-33.3300,-46.5100,0.786511,57.291412,"-0.05,0.55,-0.56,-2.87,-33.33,-46.51"
2083,2026-07-27T13:21:20.765,83.591023,0.485100,0.1100,0.5700,-0.4600,1.9500,26.6700,-64.3900,0.740675,69.722045,"0.11,0.57,-0.46,1.95,26.67,-64.39"
2084,2026-07-27T13:21:20.765,83.591350,0.326900,0.1600,0.5100,-0.3700,-0.7900,43.0900,-43.4000,0.650077,61.163160,"0.16,0.51,-0.37,-0.79,43.09,-43.40"
2085,2026-07-27T13:21:20.766,83.592241,0.890500,0.1500,0.3900,-0.3600,-2.8100,26.6700,3.4800,0.551543,27.042474,"0.15,0.39,-0.36,-2.81,26.67,3.48"
2086,2026-07-27T13:21:20.767,83.592813,0.571900,0.1400,0.3900,-0.4600,0.6700,9.2200,59.0800,0.619112,59.798860,"0.14,0.39,-0.46,0.67,9.22,59.08"
2087,2026-07-27T13:21:20.824,83.650689,57.875800,-0.0400,0.8800,-0.7700,9.2800,-42.9700,138.6700,1.170000,145.471331,"-0.04,0.88,-0.77,9.28,-42.97,138.67"
2088,2026-07-27T13:21:20.825,83.651177,0.488400,-0.5300,1.7900,-0.8400,17.8800,-190.1200,208.0100,2.047096,282.371155,"-0.53,1.79,-0.84,17.88,-190.12,208.01"
2089,2026-07-27T13:21:20.886,83.711923,60.745700,-0.8500,2.2300,-0.1200,14.6500,-217.7700,164.5500,2.389519,273.340626,"-0.85,2.23,-0.12,14.65,-217.77,164.55"
2090,2026-07-27T13:21:20.888,83.713902,1.979300,-0.7200,1.7600,0.3700,16.6000,-36.0700,58.4700,1.937240,70.677760,"-0.72,1.76,0.37,16.60,-36.07,58.47"
2091,2026-07-27T13:21:20.888,83.714609,0.707100,-0.3500,0.5000,-0.2000,27.2200,64.2100,12.1500,0.642262,70.791772,"-0.35,0.50,-0.20,27.22,64.21,12.15"
2092,2026-07-27T13:21:21.064,83.890468,175.858900,-0.0300,0.5400,-0.3100,40.1000,-4.8200,22.3400,0.623378,46.155368,"-0.03,0.54,-0.31,40.10,-4.82,22.34"
2093,2026-07-27T13:21:21.065,83.890833,0.365000,0.1000,0.7700,-0.2800,42.7900,-92.9600,45.1000,0.825409,111.832713,"0.10,0.77,-0.28,42.79,-92.96,45.10"
2094,2026-07-27T13:21:21.065,83.891389,0.556300,-0.0900,0.8800,-0.2700,42.7900,-92.9600,45.1000,0.924878,111.832713,"-0.09,0.88,-0.27,42.79,-92.96,45.10"
2095,2026-07-27T13:21:21.066,83.892062,0.672700,-0.3400,0.9300,-0.3000,13.5500,-80.4400,58.7200,1.034650,100.509873,"-0.34,0.93,-0.30,13.55,-80.44,58.72"
2096,2026-07-27T13:21:21.067,83.892796,0.733700,-0.4400,1.0000,-0.3100,31.3700,-72.1400,56.8200,1.135650,97.040038,"-0.44,1.00,-0.31,31.37,-72.14,56.82"
2097,2026-07-27T13:21:21.125,83.950935,58.139000,-0.4100,0.9200,-0.3700,59.2700,-96.0700,62.1300,1.073033,128.850746,"-0.41,0.92,-0.37,59.27,-96.07,62.13"
2098,2026-07-27T13:21:21.365,84.190914,239.979600,-0.3400,0.7800,-0.5700,63.2900,-98.5100,61.6500,1.024158,132.327498,"-0.34,0.78,-0.57,63.29,-98.51,61.65"
2099,2026-07-27T13:21:21.365,84.191229,0.314700,-0.3000,0.8300,-0.7600,17.5800,-20.5700,24.2900,1.164689,36.361867,"-0.30,0.83,-0.76,17.58,-20.57,24.29"
2100,2026-07-27T13:21:21.366,84.191955,0.725700,-0.2700,0.7800,-0.7700,-28.0800,63.9000,-17.6400,1.128805,71.992125,"-0.27,0.78,-0.77,-28.08,63.90,-17.64"
2101,2026-07-27T13:21:21.366,84.192726,0.771000,-0.2900,0.6800,-0.8900,-52.7300,53.8900,-11.9600,1.156979,76.338893,"-0.29,0.68,-0.89,-52.73,53.89,-11.96"
2102,2026-07-27T13:21:21.367,84.193523,0.797200,-0.2700,0.7100,-1.0400,-56.2100,-3.0500,2.6900,1.287866,56.356922,"-0.27,0.71,-1.04,-56.21,-3.05,2.69"
2103,2026-07-27T13:21:21.369,84.194889,1.366000,-0.2200,0.8300,-0.9500,3.1700,-79.4100,13.9200,1.280547,80.683105,"-0.22,0.83,-0.95,3.17,-79.41,13.92"
2104,2026-07-27T13:21:21.545,84.370977,176.088100,-0.2500,0.9100,-0.7900,67.2000,-156.1300,36.7400,1.230731,173.902974,"-0.25,0.91,-0.79,67.20,-156.13,36.74"
2105,2026-07-27T13:21:21.545,84.371267,0.290100,-0.3300,0.8200,-0.6300,83.9200,-194.3400,51.8800,1.085449,217.949848,"-0.33,0.82,-0.63,83.92,-194.34,51.88"
2106,2026-07-27T13:21:21.546,84.372241,0.974000,-0.3500,0.7700,-0.5300,95.5800,-239.5600,65.1200,0.998148,266.017188,"-0.35,0.77,-0.53,95.58,-239.56,65.12"
2107,2026-07-27T13:21:21.547,84.372946,0.705400,-0.2400,0.7400,-0.4800,104.3700,-293.8800,71.1100,0.914112,319.867447,"-0.24,0.74,-0.48,104.37,-293.88,71.11"
2108,2026-07-27T13:21:21.604,84.430664,57.717500,0.0100,0.5600,-0.6800,70.6800,-267.8200,34.3600,0.880965,279.112566,"0.01,0.56,-0.68,70.68,-267.82,34.36"
2109,2026-07-27T13:21:21.665,84.490948,60.283700,0.3700,0.4000,-1.0100,33.5100,-151.3100,-32.9000,1.147606,158.429941,"0.37,0.40,-1.01,33.51,-151.31,-32.90"
2110,2026-07-27T13:21:21.665,84.491447,0.499500,0.6400,0.5000,-0.9400,54.7500,-2.5000,-89.6600,1.242256,105.084386,"0.64,0.50,-0.94,54.75,-2.50,-89.66"
2111,2026-07-27T13:21:21.666,84.492303,0.856200,0.6300,0.9100,-0.5800,129.1500,125.1200,-89.2300,1.249560,200.740454,"0.63,0.91,-0.58,129.15,125.12,-89.23"
2112,2026-07-27T13:21:21.845,84.671414,179.111100,0.1100,1.6600,-0.5600,178.8300,102.2900,53.6500,1.755363,212.889022,"0.11,1.66,-0.56,178.83,102.29,53.65"
2113,2026-07-27T13:21:21.846,84.671802,0.387100,-0.6100,2.2000,-0.8900,110.7200,-68.6000,290.2200,2.450347,318.107728,"-0.61,2.20,-0.89,110.72,-68.60,290.22"
2114,2026-07-27T13:21:21.846,84.672175,0.373600,-1.0300,2.0400,-0.7800,12.0800,-208.6200,411.9300,2.414726,461.903189,"-1.03,2.04,-0.78,12.08,-208.62,411.93"
2115,2026-07-27T13:21:21.847,84.673236,1.060700,-1.0100,1.4300,-0.3500,-37.3500,-173.7700,320.9800,1.785357,366.904887,"-1.01,1.43,-0.35,-37.35,-173.77,320.98"
2116,2026-07-27T13:21:22.086,84.912255,239.018900,-0.7000,0.6800,-0.2200,-81.6000,5.7400,145.0200,1.000400,166.500174,"-0.70,0.68,-0.22,-81.60,5.74,145.02"
2117,2026-07-27T13:21:22.087,84.912965,0.710700,-0.3700,0.0100,-0.2400,-104.0600,103.5200,29.4200,0.441135,149.701070,"-0.37,0.01,-0.24,-104.06,103.52,29.42"
2118,2026-07-27T13:21:22.087,84.913351,0.385900,-0.1200,-0.2400,-0.1100,-82.4600,40.0400,-15.3800,0.290000,92.948360,"-0.12,-0.24,-0.11,-82.46,40.04,-15.38"
2119,2026-07-27T13:21:22.087,84.913637,0.285100,0.0400,-0.1000,-0.0300,-65.9800,-73.7900,-22.2800,0.111803,101.462914,"0.04,-0.10,-0.03,-65.98,-73.79,-22.28"
2120,2026-07-27T13:21:22.088,84.913992,0.356000,0.0600,0.2500,-0.1400,-50.6000,-103.9400,-3.6600,0.292746,115.660188,"0.06,0.25,-0.14,-50.60,-103.94,-3.66"
2121,2026-07-27T13:21:22.145,84.970988,56.995900,-0.3400,1.2000,-0.4800,-22.0900,-9.4600,49.1300,1.336413,54.692016,"-0.34,1.20,-0.48,-22.09,-9.46,49.13"
2122,2026-07-27T13:21:22.146,84.971943,0.954200,-0.8800,2.0200,-0.8100,-4.8800,21.4800,126.4600,2.347531,128.364078,"-0.88,2.02,-0.81,-4.88,21.48,126.46"
2123,2026-07-27T13:21:22.146,84.972577,0.634800,-0.9700,1.8800,-0.8500,46.4500,-108.2800,153.2600,2.279868,193.315257,"-0.97,1.88,-0.85,46.45,-108.28,153.26"
2124,2026-07-27T13:21:22.205,85.031346,58.768200,-0.6700,1.4100,-0.7400,54.3200,-205.0200,77.8800,1.727599,225.940605,"-0.67,1.41,-0.74,54.32,-205.02,77.88"
2125,2026-07-27T13:21:22.325,85.151089,119.743800,-0.2800,0.9700,-0.5900,-26.7300,-143.4300,-47.7900,1.169359,153.527007,"-0.28,0.97,-0.59,-26.73,-143.43,-47.79"
2126,2026-07-27T13:21:22.325,85.151652,0.562600,0.0600,0.6600,-0.5000,-87.7700,-24.6600,-148.8000,0.830181,174.508248,"0.06,0.66,-0.50,-87.77,-24.66,-148.80"
2127,2026-07-27T13:21:22.326,85.152405,0.753400,0.3900,0.4100,-0.5200,-90.9400,80.0200,-201.1100,0.768505,234.773329,"0.39,0.41,-0.52,-90.94,80.02,-201.11"
2128,2026-07-27T13:21:22.504,85.330489,178.083700,0.8600,0.2200,-0.5200,-59.0800,198.7900,-217.5300,1.028786,300.544858,"0.86,0.22,-0.52,-59.08,198.79,-217.53"
2129,2026-07-27T13:21:22.505,85.331551,1.061700,0.9700,0.3300,-0.1900,-19.5900,286.0700,-171.8100,1.042065,334.273076,"0.97,0.33,-0.19,-19.59,286.07,-171.81"
2130,2026-07-27T13:21:22.506,85.332006,0.455100,0.2400,0.8900,0.1000,30.9400,194.2700,-37.3500,0.927200,200.232712,"0.24,0.89,0.10,30.94,194.27,-37.35"
2131,2026-07-27T13:21:22.624,85.450502,118.496000,-0.5700,1.8300,-0.3500,40.3400,-13.3700,106.6300,1.948410,114.786887,"-0.57,1.83,-0.35,40.34,-13.37,106.63"
2132,2026-07-27T13:21:22.686,85.512074,61.572000,-0.8600,2.2400,-0.9600,-51.8800,-116.9400,207.2800,2.584337,243.580575,"-0.86,2.24,-0.96,-51.88,-116.94,207.28"
2133,2026-07-27T13:21:22.687,85.513418,1.343700,-0.8200,1.6800,-1.0100,-91.1300,-127.3200,261.6600,2.124829,304.927885,"-0.82,1.68,-1.01,-91.13,-127.32,261.66"
2134,2026-07-27T13:21:22.688,85.513808,0.389900,-0.6900,1.0000,-0.6800,10.5000,-100.5900,229.6100,1.392300,250.897091,"-0.69,1.00,-0.68,10.50,-100.59,229.61"
2135,2026-07-27T13:21:22.688,85.514586,0.778900,-0.5400,0.5900,-0.1800,84.1100,-41.0200,128.6000,0.819817,159.044310,"-0.54,0.59,-0.18,84.11,-41.02,128.60"
2136,2026-07-27T13:21:22.688,85.514670,0.083900,-0.3300,0.2900,0.0700,36.4400,10.8600,16.7800,0.444860,41.561781,"-0.33,0.29,0.07,36.44,10.86,16.78"
2137,2026-07-27T13:21:22.753,85.579335,64.664600,-0.0200,0.1900,0.0200,-20.5100,28.3200,-58.4100,0.192094,68.076505,"-0.02,0.19,0.02,-20.51,28.32,-58.41"
2138,2026-07-27T13:21:22.754,85.580740,1.404600,0.2700,0.2800,-0.1200,-29.6600,4.5200,-66.1600,0.407063,72.644970,"0.27,0.28,-0.12,-29.66,4.52,-66.16"
2139,2026-07-27T13:21:22.805,85.631198,50.458900,0.1300,0.6100,-0.2100,-38.2100,30.9400,-47.6100,0.658103,68.439753,"0.13,0.61,-0.21,-38.21,30.94,-47.61"
2140,2026-07-27T13:21:23.046,85.871930,240.731300,-0.4300,1.4600,-0.4000,-33.0800,62.1900,-21.3000,1.573690,73.590573,"-0.43,1.46,-0.40,-33.08,62.19,-21.30"
2141,2026-07-27T13:21:23.047,85.872911,0.981100,-0.7500,1.7300,-0.5900,3.1700,-3.6000,21.0000,1.975728,21.540866,"-0.75,1.73,-0.59,3.17,-3.60,21.00"
2142,2026-07-27T13:21:23.047,85.873218,0.307200,-0.6100,1.2400,-0.6200,26.8600,-67.6900,22.8900,1.514629,76.337067,"-0.61,1.24,-0.62,26.86,-67.69,22.89"
2143,2026-07-27T13:21:23.105,85.931027,57.809200,-0.3700,1.0300,-0.6800,-37.5400,-23.8000,-38.1500,1.288487,58.575713,"-0.37,1.03,-0.68,-37.54,-23.80,-38.15"
2144,2026-07-27T13:21:23.106,85.932213,1.185600,-0.1500,0.9000,-0.6100,-109.0100,108.3400,-119.8700,1.097543,194.909088,"-0.15,0.90,-0.61,-109.01,108.34,-119.87"
2145,2026-07-27T13:21:23.106,85.932579,0.365700,0.0400,0.5900,-0.3700,-66.9600,188.5400,-165.0400,0.697567,259.363017,"0.04,0.59,-0.37,-66.96,188.54,-165.04"
2146,2026-07-27T13:21:23.107,85.932936,0.357900,0.1800,0.3400,-0.2200,28.6300,130.5500,-141.4800,0.443170,194.626745,"0.18,0.34,-0.22,28.63,130.55,-141.48"
2147,2026-07-27T13:21:23.284,86.110670,177.733700,0.1000,0.2500,-0.0200,69.9500,-30.4000,-59.3900,0.270000,96.666099,"0.10,0.25,-0.02,69.95,-30.40,-59.39"
2148,2026-07-27T13:21:23.285,86.111415,0.745400,-0.0200,0.1500,0.1500,-12.8200,-252.2600,34.2400,0.213073,254.895739,"-0.02,0.15,0.15,-12.82,-252.26,34.24"
2149,2026-07-27T13:21:23.286,86.112044,0.628400,0.0500,0.0300,0.1400,-115.4200,-375.6100,87.8300,0.151658,402.639736,"0.05,0.03,0.14,-115.42,-375.61,87.83"
2150,2026-07-27T13:21:23.405,86.231134,119.090200,0.0200,0.9200,0.2700,-50.9600,-307.1300,136.9600,0.959010,340.123213,"0.02,0.92,0.27,-50.96,-307.13,136.96"
2151,2026-07-27T13:21:23.406,86.231885,0.750500,-0.2300,2.0100,0.3900,65.9200,-140.6200,196.8400,2.060364,250.729768,"-0.23,2.01,0.39,65.92,-140.62,196.84"
2152,2026-07-27T13:21:23.406,86.232382,0.497600,-0.5900,1.9400,0.3700,60.7900,27.1000,151.9800,2.061213,165.914901,"-0.59,1.94,0.37,60.79,27.10,151.98"
2153,2026-07-27T13:21:23.407,86.232894,0.512200,-0.7400,1.5200,0.2600,7.6300,87.5200,40.7100,1.710439,96.825985,"-0.74,1.52,0.26,7.63,87.52,40.71"
2154,2026-07-27T13:21:23.407,86.233451,0.556800,-0.5300,1.4400,0.0900,-13.1200,41.8100,-5.2500,1.537075,44.133581,"-0.53,1.44,0.09,-13.12,41.81,-5.25"
2155,2026-07-27T13:21:23.525,86.351303,117.851700,-0.3000,1.5900,-0.0000,4.3300,24.2300,12.8200,1.618054,27.752373,"-0.30,1.59,-0.00,4.33,24.23,12.82"
2156,2026-07-27T13:21:23.525,86.351560,0.256700,-0.4100,1.6600,0.0400,11.6000,71.4100,10.9900,1.710351,73.176008,"-0.41,1.66,0.04,11.60,71.41,10.99"
2157,2026-07-27T13:21:23.526,86.351986,0.426900,-0.6200,1.4800,0.2300,9.7000,121.7000,-17.4600,1.621018,123.328146,"-0.62,1.48,0.23,9.70,121.70,-17.46"
2158,2026-07-27T13:21:23.586,86.412050,60.063100,-0.4700,0.9800,0.3300,5.5500,146.0000,-65.3700,1.135870,160.062611,"-0.47,0.98,0.33,5.55,146.00,-65.37"
2159,2026-07-27T13:21:23.587,86.413053,1.003100,-0.0500,0.3800,0.1900,1.5300,165.4100,-96.6200,0.427785,191.567830,"-0.05,0.38,0.19,1.53,165.41,-96.62"
2160,2026-07-27T13:21:23.705,86.530943,117.890000,0.2100,0.3100,-0.0700,-4.2100,204.9000,-81.7300,0.380920,220.638906,"0.21,0.31,-0.07,-4.21,204.90,-81.73"
2161,2026-07-27T13:21:23.705,86.531242,0.299500,0.1600,0.9100,-0.4100,-14.8900,187.3200,-31.3100,1.010841,190.501471,"0.16,0.91,-0.41,-14.89,187.32,-31.31"
2162,2026-07-27T13:21:23.706,86.531927,0.685300,0.0200,1.3200,-0.6200,-5.9800,68.5400,14.1000,1.458492,70.230350,"0.02,1.32,-0.62,-5.98,68.54,14.10"
2163,2026-07-27T13:21:23.825,86.651079,119.151600,-0.1200,1.2000,-0.4600,28.0200,-86.8500,36.3800,1.290736,98.242289,"-0.12,1.20,-0.46,28.02,-86.85,36.38"
2164,2026-07-27T13:21:23.825,86.651637,0.557600,-0.2200,1.1200,-0.1900,35.2800,-166.2000,46.0200,1.157108,176.025449,"-0.22,1.12,-0.19,35.28,-166.20,46.02"
2165,2026-07-27T13:21:23.826,86.652331,0.694200,-0.1500,0.8600,-0.2300,6.6500,-105.3500,43.3300,0.902774,114.106678,"-0.15,0.86,-0.23,6.65,-105.35,43.33"
2166,2026-07-27T13:21:23.885,86.711506,59.175400,0.1900,0.3400,-0.4000,-8.9700,17.2700,40.4100,0.558301,44.851777,"0.19,0.34,-0.40,-8.97,17.27,40.41"
2167,2026-07-27T13:21:23.945,86.771068,59.561400,0.4300,-0.0600,-0.0800,17.7000,-4.2700,60.5500,0.441475,63.228359,"0.43,-0.06,-0.08,17.70,-4.27,60.55"
2168,2026-07-27T13:21:23.945,86.771724,0.656800,0.2300,-0.1600,0.2400,55.1800,-114.9300,84.2300,0.368917,152.801931,"0.23,-0.16,0.24,55.18,-114.93,84.23"
2169,2026-07-27T13:21:24.185,87.011450,239.725200,-0.1800,0.7900,-0.2900,18.8000,-15.9300,63.7800,0.860581,68.374654,"-0.18,0.79,-0.29,18.80,-15.93,63.78"
2170,2026-07-27T13:21:24.185,87.011740,0.290400,-0.7200,2.1600,-0.7600,-63.8400,145.6300,43.6400,2.400333,164.888120,"-0.72,2.16,-0.76,-63.84,145.63,43.64"
2171,2026-07-27T13:21:24.186,87.012635,0.895000,-1.4100,2.4900,-0.3700,-33.6300,60.6700,67.5000,2.885325,96.788821,"-1.41,2.49,-0.37,-33.63,60.67,67.50"
2172,2026-07-27T13:21:24.187,87.013106,0.470500,-1.4500,1.7900,0.1500,7.6300,-105.6500,56.8200,2.308484,120.202545,"-1.45,1.79,0.15,7.63,-105.65,56.82"
2173,2026-07-27T13:21:24.187,87.013607,0.501500,-0.2200,0.7400,-0.1700,-26.9200,-141.5400,-13.3700,0.790506,144.696285,"-0.22,0.74,-0.17,-26.92,-141.54,-13.37"
2174,2026-07-27T13:21:24.188,87.014562,0.954600,1.1400,0.3800,-0.8000,-20.3900,-66.2200,-72.8100,1.443607,100.509386,"1.14,0.38,-0.80,-20.39,-66.22,-72.81"
2175,2026-07-27T13:21:24.245,87.071329,56.767300,1.4000,0.8300,-0.8400,26.4900,14.6500,-93.5100,1.831529,98.287653,"1.40,0.83,-0.84,26.49,14.65,-93.51"
2176,2026-07-27T13:21:24.545,87.370816,299.487300,0.8500,1.2300,-0.3200,69.2700,-22.8300,-90.5200,1.528987,116.247203,"0.85,1.23,-0.32,69.27,-22.83,-90.52"
2177,2026-07-27T13:21:24.725,87.551201,180.384800,0.3800,1.0100,0.3300,46.4500,-208.1300,-68.7300,1.128450,224.052477,"0.38,1.01,0.33,46.45,-208.13,-68.73"
2178,2026-07-27T13:21:24.726,87.551828,0.626500,0.0400,0.6800,0.4500,-29.7200,-255.9200,-53.1600,0.816395,263.067121,"0.04,0.68,0.45,-29.72,-255.92,-53.16"
2179,2026-07-27T13:21:24.726,87.552545,0.717200,-0.2500,0.6800,0.0600,-77.0300,-37.2900,-65.6100,0.726980,107.837086,"-0.25,0.68,0.06,-77.03,-37.29,-65.61"
2180,2026-07-27T13:21:24.727,87.553412,0.867000,-0.3400,0.7400,-0.1900,-65.5500,108.5800,-73.4300,0.836242,146.555054,"-0.34,0.74,-0.19,-65.55,108.58,-73.43"
2181,2026-07-27T13:21:24.728,87.554234,0.822300,-0.3600,0.8400,-0.1300,-24.7800,18.1300,-54.4400,0.923093,62.501671,"-0.36,0.84,-0.13,-24.78,18.13,-54.44"
2182,2026-07-27T13:21:24.729,87.555094,0.859600,-0.3100,0.9700,0.0500,7.2000,-189.9400,-31.8600,1.019559,192.728055,"-0.31,0.97,0.05,7.20,-189.94,-31.86"
2183,2026-07-27T13:21:24.730,87.555981,0.886900,-0.1300,0.9300,0.0800,-5.8000,-279.4800,-35.6400,0.942444,281.802981,"-0.13,0.93,0.08,-5.80,-279.48,-35.64"
2184,2026-07-27T13:21:24.731,87.556870,0.889000,-0.0600,0.6900,-0.1700,-52.6700,-134.7000,-67.0800,0.713162,159.430064,"-0.06,0.69,-0.17,-52.67,-134.70,-67.08"
2185,2026-07-27T13:21:24.732,87.558098,1.228300,-0.1300,0.5600,-0.2900,-52.2500,-0.1200,-87.8300,0.643894,102.196799,"-0.13,0.56,-0.29,-52.25,-0.12,-87.83"
2186,2026-07-27T13:21:24.733,87.558962,0.864300,-0.1600,0.8900,-0.2400,-2.5000,-2.6200,-75.4400,0.935575,75.526869,"-0.16,0.89,-0.24,-2.50,-2.62,-75.44"
2187,2026-07-27T13:21:24.733,87.559458,0.496200,-0.1900,1.4900,-0.2700,26.4300,30.0300,-40.2200,1.526139,56.727367,"-0.19,1.49,-0.27,26.43,30.03,-40.22"
2188,2026-07-27T13:21:24.845,87.671226,111.767300,-0.3100,1.7300,-0.4100,14.1000,122.9200,-10.9900,1.804744,124.213190,"-0.31,1.73,-0.41,14.10,122.92,-10.99"
2189,2026-07-27T13:21:24.846,87.671786,0.560300,-0.4900,1.5500,-0.5500,-1.5300,140.0100,3.8500,1.716129,140.071280,"-0.49,1.55,-0.55,-1.53,140.01,3.85"
2190,2026-07-27T13:21:24.846,87.672477,0.691300,-0.6500,1.2300,-0.4400,7.9300,66.5300,16.6000,1.459109,69.026704,"-0.65,1.23,-0.44,7.93,66.53,16.60"
2191,2026-07-27T13:21:24.905,87.731256,58.779100,-0.6100,0.8900,-0.1700,0.1200,64.6400,14.0400,1.092291,66.147302,"-0.61,0.89,-0.17,0.12,64.64,14.04"
2192,2026-07-27T13:21:24.906,87.731800,0.544100,-0.4500,0.6800,-0.0700,-24.2900,136.7800,0.0600,0.818413,138.920035,"-0.45,0.68,-0.07,-24.29,136.78,0.06"
2193,2026-07-27T13:21:25.025,87.851389,119.588800,-0.3300,0.5700,-0.1000,-27.7700,151.1800,2.1400,0.666183,153.724250,"-0.33,0.57,-0.10,-27.77,151.18,2.14"
2194,2026-07-27T13:21:25.026,87.851799,0.410000,-0.2900,0.4300,-0.2100,-24.4100,125.9200,23.3800,0.559553,130.377601,"-0.29,0.43,-0.21,-24.41,125.92,23.38"
2195,2026-07-27T13:21:25.026,87.852088,0.289200,-0.0300,0.2900,-0.3600,-21.3000,138.0000,34.3600,0.463249,143.799512,"-0.03,0.29,-0.36,-21.30,138.00,34.36"
2196,2026-07-27T13:21:25.085,87.911082,58.993300,0.6600,0.2700,-0.1700,-3.7200,85.0800,48.2800,0.733076,97.894858,"0.66,0.27,-0.17,-3.72,85.08,48.28"
2197,2026-07-27T13:21:25.265,88.091217,180.135700,0.7600,0.5200,0.0700,8.8500,-28.3200,92.5300,0.923526,97.170704,"0.76,0.52,0.07,8.85,-28.32,92.53"
2198,2026-07-27T13:21:25.266,88.092047,0.829400,-0.0300,1.3700,-0.1900,3.0500,-23.1900,131.5900,1.383438,133.652560,"-0.03,1.37,-0.19,3.05,-23.19,131.59"
2199,2026-07-27T13:21:25.266,88.092638,0.591000,-0.2900,2.3400,-0.2500,34.2400,13.9800,145.5100,2.371118,150.136532,"-0.29,2.34,-0.25,34.24,13.98,145.51"
2200,2026-07-27T13:21:25.267,88.092979,0.341400,0.3100,2.5100,-0.0400,62.5000,-4.1500,140.5000,2.529387,153.830174,"0.31,2.51,-0.04,62.50,-4.15,140.50"
2201,2026-07-27T13:21:25.267,88.093568,0.588500,0.6700,1.9500,-0.0600,8.8500,-9.9500,121.8900,2.062765,122.615240,"0.67,1.95,-0.06,8.85,-9.95,121.89"
2202,2026-07-27T13:21:25.445,88.271609,178.040900,0.4900,1.1100,-0.1300,-70.1300,-4.7600,95.7600,1.220287,118.789108,"0.49,1.11,-0.13,-70.13,-4.76,95.76"
2203,2026-07-27T13:21:25.446,88.272250,0.641700,0.3800,0.4400,-0.1500,-102.9100,2.0100,54.3200,0.600417,116.383721,"0.38,0.44,-0.15,-102.91,2.01,54.32"
2204,2026-07-27T13:21:25.447,88.272959,0.708800,0.3500,0.0200,-0.1300,-90.3900,26.0000,0.3100,0.373898,94.055559,"0.35,0.02,-0.13,-90.39,26.00,0.31"
2205,2026-07-27T13:21:25.447,88.273714,0.754700,0.1000,-0.2000,-0.0800,-58.7200,49.6800,-46.2000,0.237487,89.725029,"0.10,-0.20,-0.08,-58.72,49.68,-46.20"
2206,2026-07-27T13:21:25.685,88.511341,237.626900,-0.1500,-0.0400,-0.0400,-24.0500,44.1900,-70.5600,0.160312,86.659519,"-0.15,-0.04,-0.04,-24.05,44.19,-70.56"
2207,2026-07-27T13:21:25.745,88.571163,59.822700,-0.3300,0.4500,-0.1200,14.5900,-5.0700,-71.1700,0.570789,72.826794,"-0.33,0.45,-0.12,14.59,-5.07,-71.17"
2208,2026-07-27T13:21:26.224,89.050710,479.546300,-0.5800,1.5600,-0.5800,41.6300,-54.1400,-58.8400,1.762498,90.146226,"-0.58,1.56,-0.58,41.63,-54.14,-58.84"
2209,2026-07-27T13:21:26.225,89.051269,0.559600,-0.5000,2.1900,-0.7900,54.1400,-75.3800,-12.9400,2.381218,93.705537,"-0.50,2.19,-0.79,54.14,-75.38,-12.94"
2210,2026-07-27T13:21:26.285,89.110949,59.679700,-0.5300,1.5600,-0.5100,43.2700,-99.2400,34.8500,1.724703,113.733869,"-0.53,1.56,-0.51,43.27,-99.24,34.85"
2211,2026-07-27T13:21:26.286,89.111790,0.841400,-0.6000,1.1700,-0.4700,4.0900,-60.0600,9.8900,1.396352,61.006096,"-0.60,1.17,-0.47,4.09,-60.06,9.89"
2212,2026-07-27T13:21:26.286,89.112224,0.433600,-0.1400,1.3100,-0.3600,-3.5400,-5.5500,-39.5500,1.365760,40.094097,"-0.14,1.31,-0.36,-3.54,-5.55,-39.55"
2213,2026-07-27T13:21:26.287,89.113438,1.213600,0.1000,1.1000,-0.1300,2.8100,-39.0600,-57.1900,1.112160,69.312883,"0.10,1.10,-0.13,2.81,-39.06,-57.19"
2214,2026-07-27T13:21:26.288,89.114147,0.708800,-0.1100,0.7800,-0.1500,-14.1000,-47.9100,-72.4500,0.801873,87.995344,"-0.11,0.78,-0.15,-14.10,-47.91,-72.45"
2215,2026-07-27T13:21:26.288,89.114664,0.517100,-0.2400,0.8500,-0.3100,-28.7500,-11.0500,-92.7100,0.936056,97.692421,"-0.24,0.85,-0.31,-28.75,-11.05,-92.71"
2216,2026-07-27T13:21:26.289,89.115424,0.760500,0.0100,1.0700,-0.5700,-34.1800,4.2100,-112.3000,1.212394,117.461851,"0.01,1.07,-0.57,-34.18,4.21,-112.30"
2217,2026-07-27T13:21:26.290,89.116382,0.957800,0.4700,0.9100,-0.8000,-27.2200,12.3900,-125.9800,1.299615,129.481276,"0.47,0.91,-0.80,-27.22,12.39,-125.98"
2218,2026-07-27T13:21:26.290,89.116718,0.336300,0.7200,0.4800,-0.7100,-4.5200,10.6800,-101.6200,1.119330,102.279603,"0.72,0.48,-0.71,-4.52,10.68,-101.62"
2219,2026-07-27T13:21:26.291,89.117472,0.753600,0.7100,0.3500,-0.4500,17.9400,23.7400,-40.5900,0.910549,50.328712,"0.71,0.35,-0.45,17.94,23.74,-40.59"
2220,2026-07-27T13:21:26.292,89.118070,0.598100,0.3600,0.7600,-0.3700,13.3700,84.5300,21.5500,0.918749,88.252367,"0.36,0.76,-0.37,13.37,84.53,21.55"
2221,2026-07-27T13:21:26.405,89.230824,112.754000,-0.2800,1.5600,-0.5600,-19.9600,167.7200,66.5300,1.680952,181.534132,"-0.28,1.56,-0.56,-19.96,167.72,66.53"
2222,2026-07-27T13:21:26.405,89.231458,0.634000,-0.8600,2.0400,-0.7600,-52.4900,212.4600,104.1900,2.340684,242.384009,"-0.86,2.04,-0.76,-52.49,212.46,104.19"
2223,2026-07-27T13:21:26.406,89.231860,0.402600,-1.0200,1.8000,-0.6300,-56.1500,157.9000,128.5400,2.162707,211.205502,"-1.02,1.80,-0.63,-56.15,157.90,128.54"
2224,2026-07-27T13:21:26.406,89.232494,0.633500,-0.6100,1.2900,-0.3000,-20.9400,27.7700,117.4900,1.458150,122.529819,"-0.61,1.29,-0.30,-20.94,27.77,117.49"
2225,2026-07-27T13:21:26.407,89.233427,0.933200,-0.2000,0.7700,-0.1900,19.9000,-29.5400,73.6100,0.817924,81.774407,"-0.20,0.77,-0.19,19.90,-29.54,73.61"
2226,2026-07-27T13:21:26.408,89.234075,0.647900,-0.0800,0.3400,0.0500,28.3800,-4.2700,23.4400,0.352846,37.055241,"-0.08,0.34,0.05,28.38,-4.27,23.44"
2227,2026-07-27T13:21:26.408,89.234649,0.573800,-0.0400,0.0700,0.2500,-55.4800,53.8900,-16.7200,0.262679,79.131036,"-0.04,0.07,0.25,-55.48,53.89,-16.72"
2228,2026-07-27T13:21:26.410,89.235912,1.262700,-0.0700,-0.0800,0.0800,-51.3900,33.5100,-8.4800,0.133041,61.933534,"-0.07,-0.08,0.08,-51.39,33.51,-8.48"
2229,2026-07-27T13:21:26.410,89.236644,0.732400,-0.3400,0.4300,-0.0800,-42.1100,-28.6300,47.3600,0.553986,69.540626,"-0.34,0.43,-0.08,-42.11,-28.63,47.36"
2230,2026-07-27T13:21:26.525,89.351367,114.722700,-0.8400,1.5300,-0.2300,37.2300,-49.6800,50.4800,1.760511,80.015034,"-0.84,1.53,-0.23,37.23,-49.68,50.48"
2231,2026-07-27T13:21:26.526,89.352045,0.678100,-0.8700,1.5200,-0.3600,88.0700,32.1000,-121.1500,1.787988,153.179820,"-0.87,1.52,-0.36,88.07,32.10,-121.15"
2232,2026-07-27T13:21:26.526,89.352384,0.339200,-0.3400,0.4900,-0.1400,3.9700,71.0400,-279.4800,0.612617,288.394717,"-0.34,0.49,-0.14,3.97,71.04,-279.48"
2233,2026-07-27T13:21:27.184,90.010654,658.269700,0.0600,0.1400,0.0800,-18.7400,54.2600,-200.3200,0.172047,208.382911,"0.06,0.14,0.08,-18.74,54.26,-200.32"
2234,2026-07-27T13:21:27.185,90.011321,0.667300,0.2700,0.7900,-0.2300,28.4400,109.8000,-29.8500,0.865968,117.285532,"0.27,0.79,-0.23,28.44,109.80,-29.85"
2235,2026-07-27T13:21:27.185,90.011484,0.162800,0.4100,1.5800,-0.5100,95.6400,5.4300,117.8600,1.710146,151.879801,"0.41,1.58,-0.51,95.64,5.43,117.86"
2236,2026-07-27T13:21:27.186,90.012494,1.009800,0.2000,2.4300,0.0300,183.5300,-251.8900,236.4500,2.438401,391.203829,"0.20,2.43,0.03,183.53,-251.89,236.45"
2237,2026-07-27T13:21:27.187,90.013238,0.744900,0.4600,2.5000,0.8800,125.7300,-239.5000,215.5200,2.689981,345.857128,"0.46,2.50,0.88,125.73,-239.50,215.52"
2238,2026-07-27T13:21:27.188,90.014105,0.866900,-0.2300,1.3900,0.3300,-56.7000,-17.8800,115.4800,1.447031,129.885391,"-0.23,1.39,0.33,-56.70,-17.88,115.48"
2239,2026-07-27T13:21:27.188,90.014629,0.524100,-0.6700,0.3400,-0.5200,-175.8400,124.2100,46.7500,0.913729,220.302955,"-0.67,0.34,-0.52,-175.84,124.21,46.75"
2240,2026-07-27T13:21:27.189,90.015696,1.066800,-0.7300,-0.4800,-0.6500,-140.0100,82.0300,-21.6700,1.088944,163.711056,"-0.73,-0.48,-0.65,-140.01,82.03,-21.67"
2241,2026-07-27T13:21:27.190,90.016233,0.536400,-0.4700,-0.6900,-0.3500,-35.4600,-71.8400,-127.4400,0.905262,150.530232,"-0.47,-0.69,-0.35,-35.46,-71.84,-127.44"
2242,2026-07-27T13:21:27.191,90.017581,1.348500,-0.1900,-0.0500,-0.3200,13.0600,-134.9500,-159.5500,0.375500,209.375903,"-0.19,-0.05,-0.32,13.06,-134.95,-159.55"
2243,2026-07-27T13:21:27.192,90.017973,0.392200,-0.3500,1.4800,-0.4700,-24.5400,-105.3500,-19.3500,1.591791,109.887472,"-0.35,1.48,-0.47,-24.54,-105.35,-19.35"
2244,2026-07-27T13:21:27.193,90.018816,0.842300,-0.4400,2.5200,-0.5800,-37.6600,-47.2400,67.6900,2.623052,90.729429,"-0.44,2.52,-0.58,-37.66,-47.24,67.69"
2245,2026-07-27T13:21:27.194,90.020142,1.326100,-0.2600,2.3800,-0.4600,40.7700,-6.1000,-52.4300,2.437950,66.695636,"-0.26,2.38,-0.46,40.77,-6.10,-52.43"
2246,2026-07-27T13:21:27.366,90.192205,172.063400,-0.0300,1.8400,-0.3600,65.4900,-51.5100,-180.3600,1.875127,198.675489,"-0.03,1.84,-0.36,65.49,-51.51,-180.36"
2247,2026-07-27T13:21:27.367,90.192884,0.679100,0.3000,1.0800,-0.4600,12.9400,-128.9700,-186.8300,1.211610,227.389871,"0.30,1.08,-0.46,12.94,-128.97,-186.83"
2248,2026-07-27T13:21:27.367,90.193256,0.371800,0.5700,0.4700,-0.4700,-27.8300,-202.5800,-116.9400,0.875614,235.559183,"0.57,0.47,-0.47,-27.83,-202.58,-116.94"
2249,2026-07-27T13:21:27.368,90.193765,0.509000,0.6300,0.0000,-0.4100,-52.1900,-266.0500,-28.5000,0.751665,272.614469,"0.63,0.00,-0.41,-52.19,-266.05,-28.50"
2250,2026-07-27T13:21:27.368,90.194196,0.431100,0.5000,-0.3200,-0.4000,-33.0200,-239.0700,36.7400,0.715821,244.120079,"0.50,-0.32,-0.40,-33.02,-239.07,36.74"
2251,2026-07-27T13:21:27.369,90.194886,0.690200,0.3800,-0.2200,-0.2100,25.2700,-147.2800,71.8400,0.486724,165.803971,"0.38,-0.22,-0.21,25.27,-147.28,71.84"
2252,2026-07-27T13:21:27.370,90.195841,0.954300,0.2400,0.6400,-0.1500,68.1800,-6.1600,85.8200,0.699786,109.779463,"0.24,0.64,-0.15,68.18,-6.16,85.82"
2253,2026-07-27T13:21:27.370,90.196426,0.585100,-0.3700,2.3400,-0.7100,44.4300,251.3400,117.1900,2.473176,280.854618,"-0.37,2.34,-0.71,44.43,251.34,117.19"
2254,2026-07-27T13:21:27.485,90.311327,114.901700,-1.2500,3.2300,-1.6100,-31.1300,438.0500,199.8300,3.819359,482.482029,"-1.25,3.23,-1.61,-31.13,438.05,199.83"
2255,2026-07-27T13:21:27.665,90.491119,179.791900,-1.7200,2.5500,-1.9100,-29.6000,383.2400,242.7400,3.620635,454.611664,"-1.72,2.55,-1.91,-29.60,383.24,242.74"
2256,2026-07-27T13:21:27.666,90.491801,0.681500,-1.3800,1.6200,-0.6800,93.6900,229.3700,193.3600,2.234099,314.287293,"-1.38,1.62,-0.68,93.69,229.37,193.36"
2257,2026-07-27T13:21:27.666,90.492174,0.373000,-0.5400,0.8500,0.7300,231.1400,103.4500,95.3400,1.243785,270.586987,"-0.54,0.85,0.73,231.14,103.45,95.34"
2258,2026-07-27T13:21:27.667,90.493093,0.919200,-0.1700,0.2000,0.8600,188.1700,136.2300,-15.6900,0.899166,232.836290,"-0.17,0.20,0.86,188.17,136.23,-15.69"
2259,2026-07-27T13:21:27.667,90.493655,0.562000,-0.3300,-0.2000,0.4700,2.3800,246.3400,-95.8900,0.608112,264.355730,"-0.33,-0.20,0.47,2.38,246.34,-95.89"
2260,2026-07-27T13:21:27.668,90.493880,0.225400,-0.4000,-0.3800,0.2200,-114.0700,234.9900,-141.7200,0.593970,297.181465,"-0.40,-0.38,0.22,-114.07,234.99,-141.72"
2261,2026-07-27T13:21:27.668,90.494675,0.794300,-0.1000,-0.2400,-0.1400,-106.5100,139.8300,-176.8000,0.295296,249.309143,"-0.10,-0.24,-0.14,-106.51,139.83,-176.8"
2262,2026-07-27T13:21:27.845,90.671504,176.829000,0.3800,0.5100,-0.3900,-35.7700,123.7800,-147.7100,0.746056,196.008228,"0.38,0.51,-0.39,-35.77,123.78,-147.71"
2263,2026-07-27T13:21:27.848,90.673805,2.301000,0.1500,1.5400,-0.2500,16.3600,104.8000,-13.3700,1.567354,106.908589,"0.15,1.54,-0.25,16.36,104.80,-13.37"
2264,2026-07-27T13:21:27.848,90.673942,0.136700,-0.9900,2.6100,-0.3400,-39.9800,42.1100,127.6200,2.812081,140.208833,"-0.99,2.61,-0.34,-39.98,42.11,127.62"
2265,2026-07-27T13:21:27.848,90.674018,0.076800,-1.6800,2.7600,-0.6600,-99.6700,52.9200,160.6400,3.297817,196.315677,"-1.68,2.76,-0.66,-99.67,52.92,160.64"
2266,2026-07-27T13:21:27.905,90.731438,57.419700,-1.3500,1.9000,-0.7000,-47.2400,111.0800,52.7300,2.433619,131.722576,"-1.35,1.90,-0.70,-47.24,111.08,52.73"
2267,2026-07-27T13:21:27.965,90.791292,59.853600,-0.6800,1.2900,-0.4800,13.5500,133.6100,-102.0500,1.535220,168.669609,"-0.68,1.29,-0.48,13.55,133.61,-102.05"
2268,2026-07-27T13:21:27.966,90.791896,0.604700,-0.0700,1.0300,-0.0700,63.3500,38.5100,-184.5700,1.034746,198.902809,"-0.07,1.03,-0.07,63.35,38.51,-184.57"
2269,2026-07-27T13:21:28.085,90.911320,119.423900,0.3700,0.9800,0.2600,61.3400,-104.8000,-181.6400,1.079305,218.491934,"0.37,0.98,0.26,61.34,-104.80,-181.64"
2270,2026-07-27T13:21:28.085,90.911598,0.277800,0.5600,0.8200,0.1200,-23.3200,-118.8400,-153.8100,1.000200,195.765891,"0.56,0.82,0.12,-23.32,-118.84,-153.81"
2271,2026-07-27T13:21:28.087,90.912837,1.239500,0.6900,0.5300,-0.2600,-94.3000,71.2300,-138.4900,0.908075,182.059559,"0.69,0.53,-0.26,-94.30,71.23,-138.49"
2272,2026-07-27T13:21:28.161,90.986958,74.120200,0.9100,0.3700,-0.3700,-91.0600,296.4500,-114.0700,1.049714,330.433792,"0.91,0.37,-0.37,-91.06,296.45,-114.07"
2273,2026-07-27T13:21:28.325,91.151426,164.468200,0.9200,0.3200,-0.1800,-54.3800,351.9300,-66.7100,0.990555,362.301164,"0.92,0.32,-0.18,-54.38,351.93,-66.71"
2274,2026-07-27T13:21:28.326,91.152272,0.846000,0.5300,0.5500,-0.1000,-87.1600,254.9400,-16.2400,0.770325,269.916666,"0.53,0.55,-0.10,-87.16,254.94,-16.24"
2275,2026-07-27T13:21:28.326,91.152720,0.447600,-0.2600,1.7200,-0.5100,-233.2800,167.9700,50.1700,1.812760,291.805600,"-0.26,1.72,-0.51,-233.28,167.97,50.17"
2276,2026-07-27T13:21:28.327,91.153089,0.369800,-1.1200,2.7700,-1.2700,-335.9400,86.9800,143.4300,3.246567,375.490837,"-1.12,2.77,-1.27,-335.94,86.98,143.43"
2277,2026-07-27T13:21:28.327,91.153610,0.520600,-1.4400,2.2200,-1.5100,-213.3800,39.4900,173.8900,3.046654,278.079515,"-1.44,2.22,-1.51,-213.38,39.49,173.89"
2278,2026-07-27T13:21:28.446,91.271937,118.327200,-1.2000,1.1200,-0.9400,5.4300,133.3000,126.3400,1.891560,183.739409,"-1.20,1.12,-0.94,5.43,133.30,126.34"
2279,2026-07-27T13:21:28.446,91.272703,0.766300,-0.8600,0.6700,-0.0400,161.1300,242.3100,71.1700,1.090917,299.569995,"-0.86,0.67,-0.04,161.13,242.31,71.17"
2280,2026-07-27T13:21:28.447,91.273323,0.620100,-0.5600,0.5400,0.6400,201.6000,209.5300,13.7900,1.007373,291.093705,"-0.56,0.54,0.64,201.60,209.53,13.79"
2281,2026-07-27T13:21:28.505,91.330858,57.534100,-0.2900,0.4700,0.5700,105.5300,123.8400,-40.4100,0.793662,167.648127,"-0.29,0.47,0.57,105.53,123.84,-40.41"
2282,2026-07-27T13:21:28.686,91.511832,180.974100,0.0100,0.6400,0.0300,5.1300,98.6300,-66.9600,0.640781,119.322401,"0.01,0.64,0.03,5.13,98.63,-66.96"
2283,2026-07-27T13:21:28.686,91.512390,0.558700,0.2700,0.7600,-0.3500,-35.7700,100.1600,-54.5700,0.879204,119.538293,"0.27,0.76,-0.35,-35.77,100.16,-54.57"
2284,2026-07-27T13:21:28.686,91.512684,0.293200,0.1500,0.6900,-0.4100,-46.7500,106.7500,-10.1900,0.816517,116.982738,"0.15,0.69,-0.41,-46.75,106.75,-10.19"
2285,2026-07-27T13:21:28.687,91.513165,0.481000,-0.3500,0.9300,-0.3300,-54.0800,130.2500,35.1600,1.047043,145.347633,"-0.35,0.93,-0.33,-54.08,130.25,35.16"
2286,2026-07-27T13:21:28.687,91.513637,0.472700,-0.8800,1.4300,-0.3100,-65.5500,133.9700,54.5700,1.707454,158.816398,"-0.88,1.43,-0.31,-65.55,133.97,54.57"
2287,2026-07-27T13:21:28.746,91.572228,58.590500,-1.1700,1.5300,-0.3200,-54.2000,51.0900,53.6500,1.952486,91.794066,"-1.17,1.53,-0.32,-54.20,51.09,53.65"
2288,2026-07-27T13:21:28.865,91.691648,119.419900,-1.0700,1.2600,-0.3100,-8.9100,-86.9800,35.1000,1.681844,94.217400,"-1.07,1.26,-0.31,-8.91,-86.98,35.10"
2289,2026-07-27T13:21:29.105,91.931097,239.449300,-0.7100,1.0600,-0.2900,32.7100,-167.2400,-8.9700,1.308358,170.644726,"-0.71,1.06,-0.29,32.71,-167.24,-8.97"
2290,2026-07-27T13:21:29.106,91.932127,1.029600,-0.3200,0.9600,-0.2600,29.7900,-148.6200,-67.5000,1.044797,165.926485,"-0.32,0.96,-0.26,29.79,-148.62,-67.50"
2291,2026-07-27T13:21:29.107,91.932763,0.636500,-0.0400,0.8100,-0.2300,-6.6500,-74.5200,-116.0300,0.842971,138.059457,"-0.04,0.81,-0.23,-6.65,-74.52,-116.03"
2292,2026-07-27T13:21:29.107,91.933125,0.362300,0.1100,0.6600,-0.1900,-27.5300,13.3700,-139.7700,0.695557,143.081483,"0.11,0.66,-0.19,-27.53,13.37,-139.77"
2293,2026-07-27T13:21:29.107,91.933507,0.381800,0.1400,0.6200,-0.1500,-17.4000,77.8200,-136.2900,0.653070,157.904010,"0.14,0.62,-0.15,-17.40,77.82,-136.29"
2294,2026-07-27T13:21:29.108,91.934582,1.074700,0.1400,0.7300,-0.1900,-15.3200,75.5600,-111.6900,0.767203,135.715408,"0.14,0.73,-0.19,-15.32,75.56,-111.69"
2295,2026-07-27T13:21:29.109,91.935097,0.514900,0.2100,0.8800,-0.4100,-40.1600,43.5800,-85.2700,0.993277,103.841297,"0.21,0.88,-0.41,-40.16,43.58,-85.27"
2296,2026-07-27T13:21:29.110,91.935882,0.785500,0.4200,1.0100,-0.6600,-67.6900,92.7700,-68.4200,1.277537,133.676869,"0.42,1.01,-0.66,-67.69,92.77,-68.42"
2297,2026-07-27T13:21:29.110,91.936631,0.748800,0.3900,1.3300,-0.7000,-77.2700,240.3000,-36.6200,1.552740,255.060321,"0.39,1.33,-0.70,-77.27,240.30,-36.62"
2298,2026-07-27T13:21:29.285,92.111382,174.751000,-0.1300,1.8500,-0.6000,-95.5200,332.4600,46.3900,1.949205,349.006811,"-0.13,1.85,-0.60,-95.52,332.46,46.39"
2299,2026-07-27T13:21:29.285,92.111494,0.112300,-0.7200,2.0600,-0.6400,-144.0400,235.7800,175.1100,2.274115,327.113500,"-0.72,2.06,-0.64,-144.04,235.78,175.11"
2300,2026-07-27T13:21:29.286,92.112465,0.970500,-1.0900,1.6600,-0.7700,-133.0600,13.7900,276.4300,2.129930,307.097171,"-1.09,1.66,-0.77,-133.06,13.79,276.43"
2301,2026-07-27T13:21:29.287,92.113041,0.576500,-1.0900,0.9800,-0.4900,83.4400,-27.8900,153.6300,1.545510,177.037461,"-1.09,0.98,-0.49,83.44,-27.89,153.63"
2302,2026-07-27T13:21:29.345,92.171712,58.670300,-0.8500,0.5100,0.0300,78.1200,72.3900,41.9900,0.991716,114.482342,"-0.85,0.51,0.03,78.12,72.39,41.99"
2303,2026-07-27T13:21:29.465,92.291387,119.675600,-0.6100,0.3400,0.2200,49.6200,84.1700,-25.7000,0.732189,101.030804,"-0.61,0.34,0.22,49.62,84.17,-25.70"
2304,2026-07-27T13:21:29.466,92.291970,0.582700,-0.4200,0.4200,0.2100,37.1700,31.0100,-59.3900,0.630000,76.618543,"-0.42,0.42,0.21,37.17,31.01,-59.39"
2305,2026-07-27T13:21:29.466,92.292640,0.669900,-0.2000,0.6500,0.1400,31.9200,-26.0600,-76.9000,0.694334,87.244599,"-0.20,0.65,0.14,31.92,-26.06,-76.90"
2306,2026-07-27T13:21:29.467,92.293238,0.598300,-0.0200,0.9000,-0.1000,20.0200,-31.9200,-83.5600,0.905759,91.662208,"-0.02,0.90,-0.10,20.02,-31.92,-83.56"
2307,2026-07-27T13:21:29.707,92.532830,239.591900,0.0700,1.0800,-0.5100,-4.2700,62.0700,-83.8600,1.196411,104.419430,"0.07,1.08,-0.51,-4.27,62.07,-83.86"
2308,2026-07-27T13:21:29.707,92.533275,0.444500,0.2700,1.2200,-0.8100,1.1000,192.8700,-83.6800,1.489094,210.243643,"0.27,1.22,-0.81,1.10,192.87,-83.68"
2309,2026-07-27T13:21:29.708,92.534168,0.893300,0.3100,1.4900,-0.6900,53.7100,67.2600,-49.5000,1.671018,99.292103,"0.31,1.49,-0.69,53.71,67.26,-49.50"
2310,2026-07-27T13:21:29.708,92.534706,0.538100,-0.2400,1.2500,0.3200,62.9300,-231.0200,20.6300,1.312440,240.324826,"-0.24,1.25,0.32,62.93,-231.02,20.63"
2311,2026-07-27T13:21:29.709,92.535171,0.464800,-0.3800,0.7900,0.0400,8.9100,-238.2800,59.6300,0.877553,245.789510,"-0.38,0.79,0.04,8.91,-238.28,59.63"
2312,2026-07-27T13:21:29.710,92.536050,0.879400,-0.4800,0.7500,-0.2900,-52.8600,-33.5700,48.8900,0.936483,79.444047,"-0.48,0.75,-0.29,-52.86,-33.57,48.89"
2313,2026-07-27T13:21:29.765,92.591510,55.459900,-0.4900,0.8000,-0.4900,-91.4300,53.5300,12.8200,1.058395,106.720468,"-0.49,0.80,-0.49,-91.43,53.53,12.82"
2314,2026-07-27T13:21:29.825,92.651165,59.655300,-0.4000,0.6400,-0.5300,-88.0700,2.5000,-23.3200,0.922226,91.139439,"-0.40,0.64,-0.53,-88.07,2.50,-23.32"
2315,2026-07-27T13:21:29.946,92.771869,120.703900,-0.2900,0.6300,-0.3900,-39.3100,-71.6600,-34.6700,0.795676,88.783110,"-0.29,0.63,-0.39,-39.31,-71.66,-34.67"
2316,2026-07-27T13:21:29.946,92.772407,0.537700,-0.1600,0.8200,-0.1500,39.3100,-95.0900,-38.4500,0.848823,109.844375,"-0.16,0.82,-0.15,39.31,-95.09,-38.45"
2317,2026-07-27T13:21:29.947,92.772846,0.439000,-0.1500,1.0100,0.0100,76.6600,-29.1100,-67.7500,1.021127,106.368276,"-0.15,1.01,0.01,76.66,-29.11,-67.75"
2318,2026-07-27T13:21:30.305,93.131299,358.452800,-0.2100,1.0900,-0.0100,42.9100,62.6200,-99.8500,1.110090,125.429482,"-0.21,1.09,-0.01,42.91,62.62,-99.85"
2319,2026-07-27T13:21:30.305,93.131613,0.314500,-0.1100,1.0300,-0.1700,-4.0300,31.9200,-90.5200,1.049714,96.067673,"-0.11,1.03,-0.17,-4.03,31.92,-90.52"
2320,2026-07-27T13:21:30.306,93.131848,0.234600,0.0100,1.0500,-0.3500,-26.9800,-81.4200,-48.7100,1.106842,98.639753,"0.01,1.05,-0.35,-26.98,-81.42,-48.71"
2321,2026-07-27T13:21:30.307,93.132834,0.986600,-0.0000,1.2100,-0.4600,-31.4300,-154.8500,0.7300,1.294488,158.009178,"-0.00,1.21,-0.46,-31.43,-154.85,0.73"
2322,2026-07-27T13:21:30.308,93.133843,1.008400,-0.0600,1.2000,-0.4000,2.6200,-190.2500,57.8000,1.266333,198.853632,"-0.06,1.20,-0.40,2.62,-190.25,57.80"
2323,2026-07-27T13:21:30.308,93.134675,0.831700,-0.0600,0.8100,-0.2300,63.2900,-140.3200,84.2900,0.844156,175.499660,"-0.06,0.81,-0.23,63.29,-140.32,84.29"
2324,2026-07-27T13:21:30.309,93.135427,0.752800,-0.0900,0.7400,-0.2000,83.0700,-0.2400,71.2900,0.771816,109.466646,"-0.09,0.74,-0.20,83.07,-0.24,71.29"
2325,2026-07-27T13:21:30.310,93.136160,0.732700,-0.2900,1.3800,-0.3400,76.6600,64.3900,108.7000,1.450552,147.778610,"-0.29,1.38,-0.34,76.66,64.39,108.70"
2326,2026-07-27T13:21:30.311,93.136993,0.833000,-0.4200,1.7400,0.0500,69.7000,25.0200,183.4700,1.790670,197.851791,"-0.42,1.74,0.05,69.70,25.02,183.47"
2327,2026-07-27T13:21:30.312,93.137853,0.860000,-0.3900,1.2800,0.3800,34.4200,28.7500,179.9300,1.391007,185.434904,"-0.39,1.28,0.38,34.42,28.75,179.93"
2328,2026-07-27T13:21:30.425,93.251488,113.635000,-0.2800,0.7100,0.0400,6.7100,98.8200,97.2300,0.764264,138.795135,"-0.28,0.71,0.04,6.71,98.82,97.23"
2329,2026-07-27T13:21:30.426,93.251888,0.400200,-0.2600,0.5100,-0.2200,9.3400,104.3100,23.8000,0.613270,107.397634,"-0.26,0.51,-0.22,9.34,104.31,23.80"
2330,2026-07-27T13:21:30.547,93.372896,121.008100,-0.3900,0.5200,-0.2100,20.0800,2.2000,0.0600,0.683081,20.200248,"-0.39,0.52,-0.21,20.08,2.20,0.06"
2331,2026-07-27T13:21:30.548,93.373955,1.058200,-0.3800,0.6800,-0.1900,33.8700,-103.2100,-13.1200,0.801810,109.414877,"-0.38,0.68,-0.19,33.87,-103.21,-13.12"
2332,2026-07-27T13:21:30.548,93.374290,0.335400,-0.0900,0.9400,-0.3800,43.0300,-138.9200,-52.8600,1.017890,154.740192,"-0.09,0.94,-0.38,43.03,-138.92,-52.86"
2333,2026-07-27T13:21:30.845,93.671066,296.775600,0.3500,1.1900,-0.6200,31.2500,-68.0500,-112.6700,1.386723,135.284492,"0.35,1.19,-0.62,31.25,-68.05,-112.67"
2334,2026-07-27T13:21:30.845,93.671666,0.600000,0.6500,1.2500,-0.6400,43.0900,84.6600,-151.8600,1.547450,179.124324,"0.65,1.25,-0.64,43.09,84.66,-151.86"
2335,2026-07-27T13:21:30.846,93.672307,0.641200,0.4200,1.2000,-0.4700,88.0700,144.4100,-124.5700,1.355470,210.067270,"0.42,1.20,-0.47,88.07,144.41,-124.57"
2336,2026-07-27T13:21:30.847,93.673113,0.806500,-0.1700,1.3200,-0.0900,90.2700,-43.2100,-24.0500,1.333942,102.928031,"-0.17,1.32,-0.09,90.27,-43.21,-24.05"
2337,2026-07-27T13:21:30.847,93.673661,0.547300,-0.5200,1.1900,0.2000,14.1600,-277.9500,72.8800,1.313963,287.694634,"-0.52,1.19,0.20,14.16,-277.95,72.88"
2338,2026-07-27T13:21:30.848,93.674453,0.792400,-0.5800,0.7900,0.0200,-72.9400,-235.4100,88.8100,0.980255,261.964364,"-0.58,0.79,0.02,-72.94,-235.41,88.81"
2339,2026-07-27T13:21:30.850,93.676015,1.561700,-0.5800,0.7200,-0.3200,-106.8700,-81.7900,67.3200,0.978366,150.475192,"-0.58,0.72,-0.32,-106.87,-81.79,67.32"
2340,2026-07-27T13:21:30.851,93.676782,0.767800,-0.6100,0.8000,-0.4900,-100.5900,-31.5600,42.4200,1.119017,113.639069,"-0.61,0.80,-0.49,-100.59,-31.56,42.42"
2341,2026-07-27T13:21:30.965,93.791315,114.532700,-0.5600,0.7800,-0.4700,-84.5300,26.1200,-4.0900,1.069065,88.568072,"-0.56,0.78,-0.47,-84.53,26.12,-4.09"
2342,2026-07-27T13:21:31.145,93.971680,180.365300,-0.3800,0.7800,-0.4500,-65.2500,100.7100,-54.0200,0.977394,131.598735,"-0.38,0.78,-0.45,-65.25,100.71,-54.02"
2343,2026-07-27T13:21:31.146,93.972343,0.662500,-0.1700,0.8900,-0.4400,-12.7000,57.8000,-66.5300,1.007274,89.041400,"-0.17,0.89,-0.44,-12.70,57.80,-66.53"
2344,2026-07-27T13:21:31.147,93.973429,1.085900,-0.0700,0.9900,-0.3300,62.5600,-103.1500,-34.0600,1.045897,125.354536,"-0.07,0.99,-0.33,62.56,-103.15,-34.06"
2345,2026-07-27T13:21:31.147,93.973685,0.256400,-0.1400,1.0100,-0.1500,118.0400,-230.7100,3.4200,1.030631,259.176083,"-0.14,1.01,-0.15,118.04,-230.71,3.42"
2346,2026-07-27T13:21:31.149,93.975110,1.424900,-0.1900,0.9800,-0.0000,118.3500,-239.4400,3.1700,0.998248,267.110998,"-0.19,0.98,-0.00,118.35,-239.44,3.17"
2347,2026-07-27T13:21:31.149,93.975562,0.451900,-0.1300,0.9500,-0.1100,41.3200,-126.7100,-42.3000,0.965142,139.828668,"-0.13,0.95,-0.11,41.32,-126.71,-42.30"
2348,2026-07-27T13:21:31.150,93.976400,0.837700,-0.0800,0.9300,-0.5200,-54.8100,-11.9000,-76.7200,1.068504,95.035280,"-0.08,0.93,-0.52,-54.81,-11.90,-76.72"
2349,2026-07-27T13:21:31.265,94.091369,114.969000,-0.0700,0.9400,-0.8200,-81.1200,-13.3100,-54.6300,1.249360,98.701811,"-0.07,0.94,-0.82,-81.12,-13.31,-54.63"
2350,2026-07-27T13:21:31.266,94.091780,0.411500,-0.0700,1.0600,-0.7300,-24.9600,-45.4700,-5.6800,1.288953,52.180311,"-0.07,1.06,-0.73,-24.96,-45.47,-5.68"
2351,2026-07-27T13:21:31.385,94.211341,119.560700,-0.0400,1.3400,-0.3200,22.4600,35.0300,20.5100,1.378260,46.391945,"-0.04,1.34,-0.32,22.46,35.03,20.51"
2352,2026-07-27T13:21:31.386,94.212158,0.816600,0.0100,1.6000,-0.0800,-5.6200,160.5200,41.2000,1.602030,165.818258,"0.01,1.60,-0.08,-5.62,160.52,41.20"
2353,2026-07-27T13:21:31.386,94.212634,0.476300,-0.0900,1.5100,-0.2500,-30.9400,157.7100,103.2700,1.533199,191.035129,"-0.09,1.51,-0.25,-30.94,157.71,103.27"
2354,2026-07-27T13:21:31.506,94.331805,119.171300,-0.5500,1.2000,-0.2800,-40.9500,51.5700,189.8800,1.349407,200.974580,"-0.55,1.20,-0.28,-40.95,51.57,189.88"
2355,2026-07-27T13:21:31.506,94.332137,0.332300,-1.1100,0.9900,0.0900,-66.1600,34.8500,235.4700,1.490067,247.058270,"-1.11,0.99,0.09,-66.16,34.85,235.47"
2356,2026-07-27T13:21:31.507,94.332900,0.762800,-1.1000,0.8300,0.3500,-54.9900,126.5900,187.5000,1.421759,232.820055,"-1.10,0.83,0.35,-54.99,126.59,187.50"
2357,2026-07-27T13:21:31.745,94.571340,238.439800,-0.5400,0.7600,0.1700,-12.3300,141.1700,78.3100,0.947681,161.905694,"-0.54,0.76,0.17,-12.33,141.17,78.31"
2358,2026-07-27T13:21:31.746,94.571903,0.562900,-0.0700,0.7600,-0.0400,15.5600,75.6800,-1.6500,0.764264,77.280648,"-0.07,0.76,-0.04,15.56,75.68,-1.65"
2359,2026-07-27T13:21:31.746,94.572569,0.665900,-0.0400,0.6700,-0.0800,16.1100,32.2900,-24.4800,0.675944,43.605580,"-0.04,0.67,-0.08,16.11,32.29,-24.48"
2360,2026-07-27T13:21:31.864,94.690651,118.082000,-0.1700,0.5700,-0.0900,19.1000,16.2400,-41.1400,0.601581,48.177248,"-0.17,0.57,-0.09,19.10,16.24,-41.14"
2361,2026-07-27T13:21:31.865,94.690992,0.340700,-0.0800,0.6900,-0.0600,35.0300,23.4400,-70.4300,0.697209,82.078739,"-0.08,0.69,-0.06,35.03,23.44,-70.43"
2362,2026-07-27T13:21:31.868,94.694005,3.013000,0.2100,0.9600,-0.1300,44.6800,23.4400,-83.2500,0.991262,97.346281,"0.21,0.96,-0.13,44.68,23.44,-83.25"
2363,2026-07-27T13:21:31.868,94.694522,0.517400,0.4000,1.1100,-0.3400,60.4900,-36.4400,-65.1200,1.227884,96.060023,"0.40,1.11,-0.34,60.49,-36.44,-65.12"
2364,2026-07-27T13:21:31.869,94.694797,0.275000,0.2900,1.1400,-0.3100,86.7300,-114.6900,-15.6900,1.216470,144.644617,"0.29,1.14,-0.31,86.73,-114.69,-15.69"
2365,2026-07-27T13:21:31.869,94.695289,0.492100,-0.0100,1.2200,-0.1200,82.7600,-105.9600,29.4200,1.225928,137.630940,"-0.01,1.22,-0.12,82.76,-105.96,29.42"
2366,2026-07-27T13:21:32.105,94.930835,235.545800,-0.3000,1.2800,-0.0800,19.2900,-74.6500,39.5500,1.317118,86.654077,"-0.30,1.28,-0.08,19.29,-74.65,39.55"
2367,2026-07-27T13:21:32.106,94.932072,1.237400,-0.4900,1.0700,-0.2600,-43.4600,-144.2300,31.3100,1.205239,153.855064,"-0.49,1.07,-0.26,-43.46,-144.23,31.31"
2368,2026-07-27T13:21:32.106,94.932292,0.219900,-0.5300,0.8600,-0.4500,-14.2200,-259.2800,13.5500,1.105893,260.022940,"-0.53,0.86,-0.45,-14.22,-259.28,13.55"
2369,2026-07-27T13:21:32.107,94.933048,0.755600,-0.4500,0.8000,-0.3700,80.1400,-292.1100,-13.3100,0.989646,303.196022,"-0.45,0.80,-0.37,80.14,-292.11,-13.31"
2370,2026-07-27T13:21:32.107,94.933567,0.518900,-0.3400,0.7800,-0.1700,136.0500,-244.0800,-19.1700,0.867698,280.093088,"-0.34,0.78,-0.17,136.05,-244.08,-19.17"
2371,2026-07-27T13:21:32.108,94.934217,0.650300,-0.2800,0.8300,-0.1300,131.7700,-225.7100,16.6000,0.885551,261.885275,"-0.28,0.83,-0.13,131.77,-225.71,16.60"
2372,2026-07-27T13:21:32.109,94.935524,1.306700,-0.2600,0.8700,-0.2800,108.4000,-243.2900,60.6100,0.950211,273.155919,"-0.26,0.87,-0.28,108.40,-243.29,60.61"
2373,2026-07-27T13:21:32.526,95.352202,416.678800,-0.2700,0.8900,-0.4100,43.2700,-162.6600,56.7000,1.016415,177.610412,"-0.27,0.89,-0.41,43.27,-162.66,56.70"
2374,2026-07-27T13:21:32.527,95.352839,0.636500,-0.2300,0.8700,-0.4500,-7.2600,-74.5800,20.6900,1.006131,77.736479,"-0.23,0.87,-0.45,-7.26,-74.58,20.69"
2375,2026-07-27T13:21:32.527,95.353310,0.471200,-0.1400,0.8100,-0.4400,-48.8900,-15.3800,-1.6500,0.932363,51.278641,"-0.14,0.81,-0.44,-48.89,-15.38,-1.65"
2376,2026-07-27T13:21:32.527,95.353652,0.341600,-0.1300,0.8100,-0.4900,-61.8300,-21.4200,12.2700,0.955563,66.575658,"-0.13,0.81,-0.49,-61.83,-21.42,12.27"
2377,2026-07-27T13:21:32.528,95.354359,0.707700,-0.2000,0.8900,-0.5300,-38.7600,-56.8800,44.8000,1.054988,82.126196,"-0.20,0.89,-0.53,-38.76,-56.88,44.80"
2378,2026-07-27T13:21:32.529,95.355011,0.651400,-0.2000,0.9900,-0.5600,0.6100,-106.3800,71.5300,1.154859,128.193671,"-0.20,0.99,-0.56,0.61,-106.38,71.53"
2379,2026-07-27T13:21:32.529,95.355655,0.644100,-0.0200,1.0800,-0.7400,43.0900,-156.1300,86.1200,1.309351,183.439307,"-0.02,1.08,-0.74,43.09,-156.13,86.12"
2380,2026-07-27T13:21:32.530,95.356354,0.699100,0.1500,1.1500,-0.8100,101.3200,-128.1100,95.5200,1.414602,189.214124,"0.15,1.15,-0.81,101.32,-128.11,95.52"
2381,2026-07-27T13:21:32.531,95.357069,0.714600,0.0100,1.2500,-0.5500,155.1500,-23.5000,86.4300,1.365687,179.147753,"0.01,1.25,-0.55,155.15,-23.50,86.43"
2382,2026-07-27T13:21:32.532,95.357833,0.764100,-0.2600,1.2800,0.0100,170.8400,-2.2600,58.8400,1.306178,180.702957,"-0.26,1.28,0.01,170.84,-2.26,58.84"
2383,2026-07-27T13:21:32.585,95.411208,53.374900,-0.3100,1.0200,0.0900,135.3800,-153.5000,38.5700,1.069860,208.272992,"-0.31,1.02,0.09,135.38,-153.50,38.57"
2384,2026-07-27T13:21:32.646,95.472111,60.903500,-0.3300,0.7700,-0.0400,53.6500,-381.7100,24.7200,0.838689,386.253705,"-0.33,0.77,-0.04,53.65,-381.71,24.72"
2385,2026-07-27T13:21:32.765,95.591494,119.382400,-0.1900,0.6600,-0.2100,-12.0800,-480.2200,-10.0100,0.718192,480.476196,"-0.19,0.66,-0.21,-12.08,-480.22,-10.01"
2386,2026-07-27T13:21:32.766,95.592178,0.684000,0.0200,0.6500,-0.1300,-14.2800,-326.2900,-43.8800,0.663174,329.536852,"0.02,0.65,-0.13,-14.28,-326.29,-43.88"
2387,2026-07-27T13:21:32.767,95.592778,0.600500,0.0700,0.6400,0.0100,7.0800,-79.5900,-30.8200,0.643894,85.642086,"0.07,0.64,0.01,7.08,-79.59,-30.82"
2388,2026-07-27T13:21:32.767,95.593593,0.814700,-0.1600,0.6700,-0.0600,1.1000,62.0100,22.1600,0.691448,65.859819,"-0.16,0.67,-0.06,1.10,62.01,22.16"
2389,2026-07-27T13:21:33.065,95.890804,297.211600,-0.5900,0.7800,-0.2900,-33.9400,70.1300,71.4100,1.020098,105.685991,"-0.59,0.78,-0.29,-33.94,70.13,71.41"
2390,2026-07-27T13:21:33.066,95.892089,1.285000,-1.0300,0.9100,-0.5400,-62.9300,-23.5000,74.9500,1.476685,100.647590,"-1.03,0.91,-0.54,-62.93,-23.50,74.95"
2391,2026-07-27T13:21:33.067,95.892953,0.863800,-1.0200,0.9400,-0.5600,-60.6100,-129.3300,21.6700,1.495861,144.462486,"-1.02,0.94,-0.56,-60.61,-129.33,21.67"
2392,2026-07-27T13:21:33.125,95.951586,58.633200,-0.4900,0.9300,-0.3200,-35.4600,-145.8700,-28.8700,1.098818,152.869047,"-0.49,0.93,-0.32,-35.46,-145.87,-28.87"
2393,2026-07-27T13:21:33.126,95.952215,0.628200,-0.1900,1.0300,-0.2200,-3.3600,-40.3400,-12.7000,1.070234,42.425172,"-0.19,1.03,-0.22,-3.36,-40.34,-12.70"
2394,2026-07-27T13:21:33.127,95.952936,0.721100,-0.2100,1.1500,-0.3000,13.3100,85.5700,28.8100,1.206897,91.265531,"-0.21,1.15,-0.30,13.31,85.57,28.81"
2395,2026-07-27T13:21:33.127,95.953192,0.256500,-0.1700,1.1200,-0.1700,23.8000,117.6800,55.7900,1.145513,132.391641,"-0.17,1.12,-0.17,23.80,117.68,55.79"
2396,2026-07-27T13:21:33.128,95.953758,0.565600,-0.1500,1.0500,0.1000,29.4200,116.5200,67.7500,1.065364,137.958361,"-0.15,1.05,0.10,29.42,116.52,67.75"
2397,2026-07-27T13:21:33.128,95.954332,0.574700,-0.2800,0.9900,0.1700,10.5000,118.1600,52.6700,1.042785,129.792775,"-0.28,0.99,0.17,10.50,118.16,52.67"
2398,2026-07-27T13:21:33.185,96.011360,57.027700,-0.3000,0.9000,-0.0100,-11.5400,64.8800,28.6300,0.948736,71.848889,"-0.30,0.90,-0.01,-11.54,64.88,28.63"
2399,2026-07-27T13:21:33.245,96.071291,59.930700,-0.1100,0.8800,-0.1900,-25.0200,-31.9200,19.4700,0.906973,44.988529,"-0.11,0.88,-0.19,-25.02,-31.92,19.47"
2400,2026-07-27T13:21:33.246,96.071931,0.640200,0.0500,0.9200,-0.2100,-30.2100,-95.5800,21.0000,0.944987,102.416700,"0.05,0.92,-0.21,-30.21,-95.58,21.00"
2401,2026-07-27T13:21:33.366,96.191793,119.861700,-0.0700,0.9800,-0.1400,-20.4500,-87.1600,25.0200,0.992421,92.957348,"-0.07,0.98,-0.14,-20.45,-87.16,25.02"
2402,2026-07-27T13:21:33.367,96.192763,0.970200,-0.3200,1.0000,-0.1100,-7.8100,-39.7900,29.8500,1.055699,50.351392,"-0.32,1.00,-0.11,-7.81,-39.79,29.85"
2403,2026-07-27T13:21:33.367,96.192884,0.121300,-0.4000,0.9200,-0.1700,-11.9600,-12.2700,28.6300,1.017497,33.365722,"-0.40,0.92,-0.17,-11.96,-12.27,28.63"
2404,2026-07-27T13:21:33.426,96.251809,58.924500,-0.2700,0.8800,-0.2700,-24.7200,-20.8700,16.6000,0.959271,36.362004,"-0.27,0.88,-0.27,-24.72,-20.87,16.60"
2405,2026-07-27T13:21:33.728,96.553877,302.068500,-0.1600,0.9100,-0.3500,-27.7700,-39.8600,1.4600,0.988028,48.601688,"-0.16,0.91,-0.35,-27.77,-39.86,1.46"
2406,2026-07-27T13:21:33.728,96.554325,0.448200,-0.1500,0.9900,-0.3900,-17.0300,-57.0700,-2.5600,1.074570,59.611739,"-0.15,0.99,-0.39,-17.03,-57.07,-2.56"
2407,2026-07-27T13:21:34.085,96.911437,357.111500,-0.2000,1.0400,-0.5000,-1.8300,-75.9300,6.2300,1.171153,76.207130,"-0.20,1.04,-0.50,-1.83,-75.93,6.23"
2408,2026-07-27T13:21:34.086,96.912378,0.940900,-0.1700,1.1000,-0.6700,21.6100,-145.0800,30.0900,1.299154,149.735121,"-0.17,1.10,-0.67,21.61,-145.08,30.09"
2409,2026-07-27T13:21:34.087,96.913000,0.622500,0.0300,1.2400,-0.6300,67.2600,-238.7700,46.8700,1.391187,252.451614,"0.03,1.24,-0.63,67.26,-238.77,46.87"
2410,2026-07-27T13:21:34.087,96.913570,0.569200,0.2300,1.3700,-0.3200,127.0100,-225.2800,25.3900,1.425553,259.860098,"0.23,1.37,-0.32,127.01,-225.28,25.39"
2411,2026-07-27T13:21:34.088,96.913885,0.315200,0.2900,1.3600,0.1100,167.6600,-124.1500,-13.1200,1.394919,209.034046,"0.29,1.36,0.11,167.66,-124.15,-13.12"
2412,2026-07-27T13:21:34.088,96.914138,0.252900,0.1100,1.1600,0.3100,134.5800,-105.9600,-43.7600,1.205736,176.788675,"0.11,1.16,0.31,134.58,-105.96,-43.76"
2413,2026-07-27T13:21:34.088,96.914715,0.577200,-0.2100,0.9000,0.1600,46.2600,-187.1900,-71.9600,0.937923,205.811383,"-0.21,0.90,0.16,46.26,-187.19,-71.96"
2414,2026-07-27T13:21:34.089,96.915561,0.846400,-0.2700,0.7000,0.0200,7.0200,-203.8000,-85.0800,0.750533,220.957749,"-0.27,0.70,0.02,7.02,-203.80,-85.08"
2415,2026-07-27T13:21:34.090,96.916438,0.876600,-0.1900,0.6000,0.0100,25.4500,-123.7200,-63.6000,0.629444,141.418885,"-0.19,0.60,0.01,25.45,-123.72,-63.60"
2416,2026-07-27T13:21:34.091,96.917735,1.296800,-0.1800,0.6000,-0.0100,31.6800,-50.4200,-19.3500,0.626498,62.611671,"-0.18,0.60,-0.01,31.68,-50.42,-19.35"
2417,2026-07-27T13:21:34.385,97.211343,293.608700,-0.2500,0.6500,-0.0600,7.6300,-22.0900,26.1800,0.698999,35.093837,"-0.25,0.65,-0.06,7.63,-22.09,26.18"
2418,2026-07-27T13:21:34.386,97.211841,0.498000,-0.4200,0.7500,-0.1600,-29.9100,-29.9100,56.4000,0.874357,70.499477,"-0.42,0.75,-0.16,-29.91,-29.91,56.40"
2419,2026-07-27T13:21:34.386,97.212483,0.641200,-0.6000,0.8700,-0.3200,-56.7600,-56.8200,62.0700,1.104219,101.503177,"-0.60,0.87,-0.32,-56.76,-56.82,62.07"
2420,2026-07-27T13:21:34.387,97.213043,0.560900,-0.8000,0.9600,-0.4600,-56.8800,-73.4900,42.2400,1.331616,102.080028,"-0.80,0.96,-0.46,-56.88,-73.49,42.24"
2421,2026-07-27T13:21:34.387,97.213434,0.391000,-0.7400,0.9600,-0.3300,-39.1800,-65.3100,7.0200,1.256225,76.483651,"-0.74,0.96,-0.33,-39.18,-65.31,7.02"
2422,2026-07-27T13:21:34.388,97.214288,0.853500,-0.3200,1.0100,-0.1500,-27.1000,-29.5400,-6.2900,1.070047,40.578143,"-0.32,1.01,-0.15,-27.10,-29.54,-6.29"
2423,2026-07-27T13:21:34.389,97.214953,0.665300,-0.0400,1.1600,-0.2200,-38.8200,13.0000,20.2600,1.181355,45.677785,"-0.04,1.16,-0.22,-38.82,13.00,20.26"
2424,2026-07-27T13:21:34.390,97.215972,1.018600,-0.0400,1.1900,-0.2600,-33.4500,44.8600,52.6700,1.218729,76.846932,"-0.04,1.19,-0.26,-33.45,44.86,52.67"
2425,2026-07-27T13:21:34.391,97.216994,1.021800,-0.0700,1.0800,-0.0700,19.4700,85.7500,67.2600,1.084528,110.707050,"-0.07,1.08,-0.07,19.47,85.75,67.26"
2426,2026-07-27T13:21:34.391,97.217592,0.598000,-0.1600,0.9500,0.1800,49.2600,111.6900,59.8800,0.980051,135.966239,"-0.16,0.95,0.18,49.26,111.69,59.88"
2427,2026-07-27T13:21:34.392,97.218013,0.421200,-0.3300,0.9200,0.2800,31.8600,85.3900,38.5700,1.016710,98.965431,"-0.33,0.92,0.28,31.86,85.39,38.57"
2428,2026-07-27T13:21:34.392,97.218723,0.710500,-0.3200,0.9700,0.1900,9.8900,-2.7500,16.6000,1.038942,19.517546,"-0.32,0.97,0.19,9.89,-2.75,16.60"
2429,2026-07-27T13:21:34.393,97.219724,1.000400,-0.0900,0.9900,-0.0100,-3.1700,-115.6600,-13.3100,0.994133,116.466478,"-0.09,0.99,-0.01,-3.17,-115.66,-13.31"
2430,2026-07-27T13:21:34.446,97.271880,52.156100,0.0800,0.9600,-0.1500,-1.7700,-171.4500,-35.2200,0.974936,175.039092,"0.08,0.96,-0.15,-1.77,-171.45,-35.22"
2431,2026-07-27T13:21:34.625,97.451422,179.542000,-0.0600,0.9200,-0.1100,15.9900,-139.2800,-21.5500,0.928493,141.841464,"-0.06,0.92,-0.11,15.99,-139.28,-21.55"
2432,2026-07-27T13:21:34.625,97.451736,0.313900,-0.3800,0.9100,-0.0100,33.2600,-53.1600,8.4800,0.986205,63.278145,"-0.38,0.91,-0.01,33.26,-53.16,8.48"
2433,2026-07-27T13:21:34.626,97.452148,0.411900,-0.5100,0.8900,-0.0300,22.5200,7.3900,31.5600,1.026207,39.468926,"-0.51,0.89,-0.03,22.52,7.39,31.56"
2434,2026-07-27T13:21:34.627,97.452935,0.787400,-0.3800,0.8800,-0.1900,-11.9600,5.1300,42.8500,0.977190,44.782597,"-0.38,0.88,-0.19,-11.96,5.13,42.85"
2435,2026-07-27T13:21:34.685,97.511374,58.438900,-0.1900,0.8700,-0.3500,-32.4700,-20.8100,42.1800,0.956818,57.153385,"-0.19,0.87,-0.35,-32.47,-20.81,42.18"
2436,2026-07-27T13:21:34.746,97.571909,60.535200,-0.1400,0.9300,-0.4500,-23.6200,-23.2500,37.4800,1.042593,50.032163,"-0.14,0.93,-0.45,-23.62,-23.25,37.48"
2437,2026-07-27T13:21:34.746,97.572379,0.470000,-0.2200,1.0300,-0.4600,-6.5300,-0.5500,30.5200,1.149304,31.215602,"-0.22,1.03,-0.46,-6.53,-0.55,30.52"
2438,2026-07-27T13:21:35.345,98.170926,598.547000,-0.2500,1.0300,-0.4200,4.7000,-0.1800,21.3600,1.140088,21.871717,"-0.25,1.03,-0.42,4.70,-0.18,21.36"
2439,2026-07-27T13:21:35.345,98.171635,0.708800,-0.1600,1.0200,-0.4400,20.2600,-26.1200,16.7800,1.122319,37.071423,"-0.16,1.02,-0.44,20.26,-26.12,16.78"
2440,2026-07-27T13:21:35.346,98.171869,0.233800,-0.0100,1.0800,-0.5500,59.5700,-26.8600,17.4000,1.212023,67.622515,"-0.01,1.08,-0.55,59.57,-26.86,17.40"
2441,2026-07-27T13:21:35.347,98.172893,1.024700,-0.0400,1.2300,-0.5500,111.4500,12.5700,23.9900,1.347961,114.693624,"-0.04,1.23,-0.55,111.45,12.57,23.99"
2442,2026-07-27T13:21:35.347,98.173544,0.650700,-0.2000,1.3700,-0.3600,140.6900,34.6100,34.1200,1.430559,148.847918,"-0.20,1.37,-0.36,140.69,34.61,34.12"
2443,2026-07-27T13:21:35.348,98.174342,0.798000,-0.0600,1.3300,-0.0800,133.0000,-41.3800,41.0200,1.333754,145.203116,"-0.06,1.33,-0.08,133.00,-41.38,41.02"
2444,2026-07-27T13:21:35.349,98.175073,0.730800,0.2900,1.1000,0.0800,100.0400,-160.2200,31.0100,1.140395,191.415961,"0.29,1.10,0.08,100.04,-160.22,31.01"
2445,2026-07-27T13:21:35.350,98.175842,0.769100,0.2700,0.8600,-0.0700,59.3300,-188.1100,-5.3100,0.904102,197.316034,"0.27,0.86,-0.07,59.33,-188.11,-5.31"
2446,2026-07-27T13:21:35.350,98.176666,0.823600,-0.0200,0.7300,-0.2100,-51.7000,-154.3600,-54.7500,0.759868,171.748252,"-0.02,0.73,-0.21,-51.70,-154.36,-54.75"
2447,2026-07-27T13:21:35.351,98.177470,0.804200,-0.1000,0.6900,-0.1400,-44.4900,-127.0100,-39.5500,0.711126,140.267967,"-0.10,0.69,-0.14,-44.49,-127.01,-39.55"
2448,2026-07-27T13:21:35.352,98.178600,1.130100,-0.0300,0.6900,-0.0900,-10.3100,-51.7000,-3.9700,0.696491,52.867258,"-0.03,0.69,-0.09,-10.31,-51.70,-3.97"
2449,2026-07-27T13:21:35.353,98.179377,0.777100,-0.0700,0.7100,-0.1000,17.9400,31.6200,38.2700,0.720417,52.785044,"-0.07,0.71,-0.10,17.94,31.62,38.27"
2450,2026-07-27T13:21:35.354,98.180306,0.929300,-0.1600,0.7500,-0.2300,29.5400,68.7900,64.7600,0.800625,98.987541,"-0.16,0.75,-0.23,29.54,68.79,64.76"
2451,2026-07-27T13:21:35.354,98.180728,0.421100,-0.2500,0.8200,-0.4200,7.2000,41.6900,60.7300,0.954620,74.013708,"-0.25,0.82,-0.42,7.20,41.69,60.73"
2452,2026-07-27T13:21:35.356,98.181803,1.075500,-0.4600,0.9400,-0.5900,-44.3100,-46.4500,29.3600,1.201374,70.590284,"-0.46,0.94,-0.59,-44.31,-46.45,29.36"
2453,2026-07-27T13:21:35.357,98.183130,1.326700,-0.6100,1.0000,-0.6400,-68.4200,-93.2000,-7.2600,1.334803,115.845777,"-0.61,1.00,-0.64,-68.42,-93.20,-7.26"
2454,2026-07-27T13:21:35.406,98.232396,49.266200,-0.3800,0.9900,-0.4400,-39.3700,-6.7100,-22.5200,1.148085,45.849443,"-0.38,0.99,-0.44,-39.37,-6.71,-22.52"
2455,2026-07-27T13:21:35.585,98.411574,179.178100,-0.0300,1.0900,-0.2900,-7.5100,76.1700,-11.5400,1.128317,77.404397,"-0.03,1.09,-0.29,-7.51,76.17,-11.54"
2456,2026-07-27T13:21:35.705,98.531085,119.510700,0.0400,1.1300,-0.3000,11.6600,37.8400,11.2300,1.169829,41.157431,"0.04,1.13,-0.30,11.66,37.84,11.23"
2457,2026-07-27T13:21:35.705,98.531667,0.582100,0.0600,0.9900,0.0100,60.6700,-12.2700,21.9700,0.991867,65.681677,"0.06,0.99,0.01,60.67,-12.27,21.97"
2458,2026-07-27T13:21:35.707,98.532995,1.328300,-0.0100,0.9500,0.1200,100.8300,-0.3100,12.3900,0.957601,101.588863,"-0.01,0.95,0.12,100.83,-0.31,12.39"
2459,2026-07-27T13:21:35.707,98.533502,0.507400,-0.1200,1.0000,0.0100,58.1100,7.2000,7.3900,1.007224,59.018846,"-0.12,1.00,0.01,58.11,7.20,7.39"
2460,2026-07-27T13:21:35.708,98.534222,0.720000,-0.1300,1.0200,-0.2100,-15.2000,-29.3600,20.9400,1.049476,39.134808,"-0.13,1.02,-0.21,-15.20,-29.36,20.94"
2461,2026-07-27T13:21:35.708,98.534625,0.402400,-0.1200,0.9200,-0.4400,-39.4300,-67.0800,40.6500,1.026840,87.788802,"-0.12,0.92,-0.44,-39.43,-67.08,40.65"
2462,2026-07-27T13:21:35.825,98.651301,116.676100,-0.2100,0.8500,-0.4500,-24.0500,-67.3800,50.1100,0.984429,87.346889,"-0.21,0.85,-0.45,-24.05,-67.38,50.11"
2463,2026-07-27T13:21:35.826,98.651876,0.574700,-0.2700,0.8700,-0.2900,-9.3400,-49.9900,42.2400,0.955981,66.109404,"-0.27,0.87,-0.29,-9.34,-49.99,42.24"
2464,2026-07-27T13:21:35.826,98.652430,0.554700,-0.1600,0.8900,-0.1700,-13.7900,-43.7000,27.2800,0.920109,53.329659,"-0.16,0.89,-0.17,-13.79,-43.70,27.28"
2465,2026-07-27T13:21:35.885,98.711574,59.144100,-0.0300,0.8700,-0.1800,-31.3100,-40.9500,17.4600,0.888932,54.424904,"-0.03,0.87,-0.18,-31.31,-40.95,17.46"
2466,2026-07-27T13:21:35.945,98.771275,59.700300,-0.0500,0.8700,-0.3300,-37.6000,-25.3300,19.1000,0.931826,49.195314,"-0.05,0.87,-0.33,-37.60,-25.33,19.10"
2467,2026-07-27T13:21:35.946,98.771783,0.508700,-0.1700,0.9300,-0.4500,-26.1800,-15.6900,30.0300,1.047043,42.817863,"-0.17,0.93,-0.45,-26.18,-15.69,30.03"
2468,2026-07-27T13:21:36.185,99.011617,239.833900,-0.2600,1.0500,-0.4500,-14.6500,-30.2100,38.7000,1.171580,51.234330,"-0.26,1.05,-0.45,-14.65,-30.21,38.70"
2469,2026-07-27T13:21:36.186,99.011752,0.134500,-0.2800,1.1100,-0.4700,-4.1500,-49.9900,38.0900,1.237497,62.984686,"-0.28,1.11,-0.47,-4.15,-49.99,38.09"
2470,2026-07-27T13:21:36.186,99.012321,0.569500,-0.1000,1.0200,-0.6400,20.0800,-65.8600,33.0200,1.208305,76.361420,"-0.10,1.02,-0.64,20.08,-65.86,33.02"
2471,2026-07-27T13:21:36.187,99.012852,0.530400,0.3100,0.9800,-0.8400,60.7300,-74.2200,25.8200,1.327441,99.314720,"0.31,0.98,-0.84,60.73,-74.22,25.82"
2472,2026-07-27T13:21:36.187,99.013671,0.819200,0.3900,1.1300,-0.6000,86.1800,-63.2300,28.6900,1.337535,110.671321,"0.39,1.13,-0.60,86.18,-63.23,28.69"
2473,2026-07-27T13:21:36.190,99.015908,2.237300,0.1300,1.2100,-0.1600,101.6800,-54.4400,36.8700,1.227436,121.086469,"0.13,1.21,-0.16,101.68,-54.44,36.87"
2474,2026-07-27T13:21:36.365,99.191273,175.364900,0.0400,1.1100,0.0200,112.7900,-77.7000,20.7500,1.110901,138.525942,"0.04,1.11,0.02,112.79,-77.70,20.75"
2475,2026-07-27T13:21:36.366,99.191918,0.644600,0.0800,0.9500,-0.0500,89.7200,-127.5600,-5.4900,0.954673,156.049262,"0.08,0.95,-0.05,89.72,-127.56,-5.49"
2476,2026-07-27T13:21:36.367,99.192779,0.861700,0.0900,0.7800,-0.2300,55.1100,-163.5100,-10.3800,0.818169,172.859413,"0.09,0.78,-0.23,55.11,-163.51,-10.38"
2477,2026-07-27T13:21:36.368,99.193920,1.140900,0.0800,0.6600,-0.3000,31.6800,-140.7500,4.1500,0.729383,144.330896,"0.08,0.66,-0.30,31.68,-140.75,4.15"
2478,2026-07-27T13:21:36.368,99.194638,0.717600,0.0600,0.6500,-0.2600,14.3400,-74.2200,24.2300,0.702638,79.380961,"0.06,0.65,-0.26,14.34,-74.22,24.23"
2479,2026-07-27T13:21:36.426,99.251857,57.218800,0.0200,0.7100,-0.2300,-2.7500,-17.4000,40.3400,0.746592,44.018611,"0.02,0.71,-0.23,-2.75,-17.40,40.34"
2480,2026-07-27T13:21:36.485,99.311125,59.267700,-0.1000,0.7900,-0.3300,-25.8800,-9.5800,48.4600,0.861974,55.766678,"-0.10,0.79,-0.33,-25.88,-9.58,48.46"
2481,2026-07-27T13:21:36.485,99.311377,0.252800,-0.2900,0.8900,-0.5900,-50.7800,-65.7300,48.5800,1.106481,96.223998,"-0.29,0.89,-0.59,-50.78,-65.73,48.58"
2482,2026-07-27T13:21:36.545,99.371368,59.990700,-0.4300,1.0000,-0.6400,-72.2700,-138.0000,40.4700,1.262735,160.949600,"-0.43,1.00,-0.64,-72.27,-138.00,40.47"
2483,2026-07-27T13:21:36.725,99.551142,179.774000,-0.2500,1.0500,-0.5400,-92.3500,-145.0800,18.5500,1.206897,172.976390,"-0.25,1.05,-0.54,-92.35,-145.08,18.55"
2484,2026-07-27T13:21:36.725,99.551690,0.548200,0.0800,1.1000,-0.5300,-88.7500,-109.1900,-0.4900,1.223642,140.709839,"0.08,1.10,-0.53,-88.75,-109.19,-0.49"
2485,2026-07-27T13:21:36.726,99.552000,0.310300,0.1300,1.1100,-0.3700,-61.8300,-80.2600,-3.6600,1.177243,101.380531,"0.13,1.11,-0.37,-61.83,-80.26,-3.66"
2486,2026-07-27T13:21:36.727,99.553046,1.045400,0.0200,0.9300,0.0900,-70.8600,-73.2400,-18.3700,0.934559,103.550442,"0.02,0.93,0.09,-70.86,-73.24,-18.37"
2487,2026-07-27T13:21:36.728,99.553861,0.815400,-0.1300,0.7600,0.6300,-117.4900,-98.2100,-45.3500,0.995691,159.705124,"-0.13,0.76,0.63,-117.49,-98.21,-45.35"
2488,2026-07-27T13:21:36.845,99.671652,117.790500,-0.2100,0.8400,0.6900,-94.3600,-109.3700,-40.8900,1.107159,150.125276,"-0.21,0.84,0.69,-94.36,-109.37,-40.89"
2489,2026-07-27T13:21:36.846,99.672345,0.693400,-0.2700,1.0900,0.2900,14.8300,-92.1600,13.6700,1.159784,94.341207,"-0.27,1.09,0.29,14.83,-92.16,13.67"
2490,2026-07-27T13:21:36.847,99.672924,0.578800,-0.3800,1.1500,-0.0400,91.4900,-92.6500,60.6700,1.211817,143.649892,"-0.38,1.15,-0.04,91.49,-92.65,60.67"
2491,2026-07-27T13:21:37.265,100.090955,418.031000,-0.4800,1.0300,-0.0900,84.9600,-113.9500,65.8600,1.139912,156.653579,"-0.48,1.03,-0.09,84.96,-113.95,65.86"
2492,2026-07-27T13:21:37.265,100.091185,0.230400,-0.4000,0.9000,-0.0200,33.7500,-134.4600,38.4500,0.985089,143.864369,"-0.40,0.90,-0.02,33.75,-134.46,38.45"
2493,2026-07-27T13:21:37.265,100.091387,0.201900,-0.2000,0.9000,0.0300,-0.1800,-149.8400,-1.5900,0.922442,149.848544,"-0.20,0.90,0.03,-0.18,-149.84,-1.59"
2494,2026-07-27T13:21:37.266,100.092343,0.955800,-0.1400,0.9700,0.0800,4.1500,-152.6500,-10.0100,0.983311,153.034131,"-0.14,0.97,0.08,4.15,-152.65,-10.01"
2495,2026-07-27T13:21:37.267,100.093341,0.998400,-0.2700,0.9700,0.1300,15.5600,-139.7100,13.9200,1.015234,141.261333,"-0.27,0.97,0.13,15.56,-139.71,13.92"
2496,2026-07-27T13:21:37.268,100.094296,0.954300,-0.4300,0.9400,0.2200,17.5800,-119.8100,34.0000,1.056835,125.775564,"-0.43,0.94,0.22,17.58,-119.81,34.00"
2497,2026-07-27T13:21:37.269,100.094766,0.469800,-0.4300,0.9200,0.3100,21.9700,-122.1300,21.3600,1.061791,125.915318,"-0.43,0.92,0.31,21.97,-122.13,21.36"
2498,2026-07-27T13:21:37.269,100.095706,0.940900,-0.3700,0.9000,0.2800,33.0800,-147.4000,-1.1600,1.012571,151.070818,"-0.37,0.90,0.28,33.08,-147.40,-1.16"
2499,2026-07-27T13:21:37.270,100.096499,0.792900,-0.3700,0.9400,0.1200,39.6700,-154.8500,-0.4300,1.017300,159.851232,"-0.37,0.94,0.12,39.67,-154.85,-0.43"
2500,2026-07-27T13:21:37.271,100.097430,0.930400,-0.3300,1.0700,-0.0600,43.8800,-127.9900,8.3000,1.121338,135.557311,"-0.33,1.07,-0.06,43.88,-127.99,8.30"
2501,2026-07-27T13:21:37.272,100.098021,0.591400,-0.2000,1.1900,-0.1500,61.7700,-85.7500,11.9600,1.215977,106.356180,"-0.20,1.19,-0.15,61.77,-85.75,11.96"
2502,2026-07-27T13:21:37.386,100.212231,114.209400,-0.0600,1.1200,-0.1900,102.4200,-35.7100,20.5100,1.137585,110.388951,"-0.06,1.12,-0.19,102.42,-35.71,20.51"
2503,2026-07-27T13:21:37.387,100.212929,0.698700,0.0400,0.9400,-0.2400,161.1900,19.7800,30.0300,0.970979,165.152249,"0.04,0.94,-0.24,161.19,19.78,30.03"
2504,2026-07-27T13:21:37.445,100.271648,58.718800,0.1400,0.8700,-0.2100,185.7300,41.7500,29.4800,0.905870,192.633761,"0.14,0.87,-0.21,185.73,41.75,29.48"
2505,2026-07-27T13:21:37.446,100.272171,0.523400,0.1500,0.9000,-0.1100,105.9000,-23.8600,25.0200,0.919021,111.400673,"0.15,0.90,-0.11,105.90,-23.86,25.02"
2506,2026-07-27T13:21:37.505,100.331664,59.492200,-0.0300,0.9400,-0.1400,-7.6900,-193.0500,42.7200,0.950842,197.869748,"-0.03,0.94,-0.14,-7.69,-193.05,42.72"
2507,2026-07-27T13:21:37.565,100.391361,59.697700,-0.3000,0.8300,-0.1900,-69.1500,-367.5500,48.0300,0.902774,377.069763,"-0.30,0.83,-0.19,-69.15,-367.55,48.03"
2508,2026-07-27T13:21:37.566,100.391940,0.578400,-0.3900,0.6500,-0.1800,-77.7600,-380.3700,11.4100,0.779102,388.404612,"-0.39,0.65,-0.18,-77.76,-380.37,11.41"
2509,2026-07-27T13:21:37.745,100.571709,179.769700,-0.3300,0.7100,-0.2300,-20.9400,-187.6800,24.2900,0.816027,190.400289,"-0.33,0.71,-0.23,-20.94,-187.68,24.29"
2510,2026-07-27T13:21:37.747,100.572815,1.105400,-0.2800,0.8700,-0.3400,62.6200,117.1300,81.3000,0.975141,155.725371,"-0.28,0.87,-0.34,62.62,117.13,81.30"
2511,2026-07-27T13:21:37.748,100.573865,1.049700,-0.1800,0.9000,-0.5000,95.1500,356.4500,81.0500,1.045179,377.729040,"-0.18,0.90,-0.50,95.15,356.45,81.05"
2512,2026-07-27T13:21:37.749,100.575126,1.261100,0.0500,0.9800,-0.6700,51.3900,360.8400,18.2500,1.188192,364.937666,"0.05,0.98,-0.67,51.39,360.84,18.25"
2513,2026-07-27T13:21:37.925,100.751642,176.516500,0.2700,1.0600,-0.7200,-29.5400,169.1900,-46.8700,1.309542,178.029954,"0.27,1.06,-0.72,-29.54,169.19,-46.87"
2514,2026-07-27T13:21:37.926,100.751809,0.166900,0.2700,0.9500,-0.5900,-70.5000,13.6100,-68.3600,1.150435,99.139153,"0.27,0.95,-0.59,-70.50,13.61,-68.36"
2515,2026-07-27T13:21:37.927,100.753091,1.282400,0.0900,0.7900,-0.4100,-44.0700,9.8900,-58.9000,0.894595,74.223898,"0.09,0.79,-0.41,-44.07,9.89,-58.90"
2516,2026-07-27T13:21:37.927,100.753422,0.330600,-0.0800,0.7100,-0.2600,-5.1300,63.2300,-44.6200,0.760329,77.558328,"-0.08,0.71,-0.26,-5.13,63.23,-44.62"
2517,2026-07-27T13:21:37.928,100.753778,0.356000,-0.2600,0.7800,-0.1700,17.2700,65.9800,-23.2500,0.839583,72.056754,"-0.26,0.78,-0.17,17.27,65.98,-23.25"
2518,2026-07-27T13:21:37.985,100.811446,57.667900,-0.2900,0.9800,-0.0600,38.3300,-92.9600,10.8000,1.023768,101.130562,"-0.29,0.98,-0.06,38.33,-92.96,10.80"
2519,2026-07-27T13:21:38.165,100.991335,179.889500,-0.1800,1.1300,-0.0300,19.7100,-92.9600,-18.1900,1.144640,96.751857,"-0.18,1.13,-0.03,19.71,-92.96,-18.19"
2520,2026-07-27T13:21:38.166,100.992164,0.828600,-0.0800,1.1900,-0.3100,-1.5900,-110.7800,-10.1900,1.232315,111.259034,"-0.08,1.19,-0.31,-1.59,-110.78,-10.19"
2521,2026-07-27T13:21:38.166,100.992254,0.090100,-0.0400,1.1300,-0.6700,-13.7900,-110.9000,-5.5500,1.314306,111.891808,"-0.04,1.13,-0.67,-13.79,-110.90,-5.55"
2522,2026-07-27T13:21:38.167,100.992959,0.704400,-0.0900,0.8600,-0.7500,-24.7800,15.0800,-72.8100,1.144640,78.375704,"-0.09,0.86,-0.75,-24.78,15.08,-72.81"
2523,2026-07-27T13:21:38.168,100.993984,1.025400,-0.1200,0.7200,-0.6500,-43.9500,162.8400,-144.9000,0.977394,222.361143,"-0.12,0.72,-0.65,-43.95,162.84,-144.90"
2524,2026-07-27T13:21:38.345,101.171508,177.524100,-0.1000,0.8400,-0.6300,-43.4600,187.0700,-138.7300,1.054751,236.917643,"-0.10,0.84,-0.63,-43.46,187.07,-138.73"
2525,2026-07-27T13:21:38.346,101.172390,0.881600,-0.0800,0.8600,-0.6000,-15.0100,99.1200,-67.5000,1.051665,120.856628,"-0.08,0.86,-0.60,-15.01,99.12,-67.50"
2526,2026-07-27T13:21:38.347,101.173135,0.745500,-0.0900,0.8100,-0.5700,14.5900,-11.8400,13.0000,0.994535,22.848494,"-0.09,0.81,-0.57,14.59,-11.84,13.00"
2527,2026-07-27T13:21:38.347,101.173721,0.585900,-0.1500,0.8300,-0.5500,34.9100,-100.7700,71.2300,1.006926,128.245912,"-0.15,0.83,-0.55,34.91,-100.77,71.23"
2528,2026-07-27T13:21:38.406,101.231809,58.088100,-0.1900,0.9200,-0.3400,45.6500,-151.1800,87.4600,0.999050,180.523036,"-0.19,0.92,-0.34,45.65,-151.18,87.46"
2529,2026-07-27T13:21:38.406,101.232486,0.676600,-0.1400,0.9900,-0.2300,34.0600,-94.6000,41.5600,1.025963,108.795575,"-0.14,0.99,-0.23,34.06,-94.60,41.56"
2530,2026-07-27T13:21:38.465,101.290940,58.454000,-0.1700,0.9600,-0.2800,2.7500,24.6600,-21.1200,1.014347,32.584237,"-0.17,0.96,-0.28,2.75,24.66,-21.12"
2531,2026-07-27T13:21:38.525,101.351083,60.143400,-0.1900,0.8900,-0.4200,-20.5700,47.5500,-29.4200,1.002297,59.579055,"-0.19,0.89,-0.42,-20.57,47.55,-29.42"
2532,2026-07-27T13:21:38.525,101.351457,0.373600,-0.1600,0.8500,-0.5400,-28.9300,16.3600,-14.2200,1.019657,36.149729,"-0.16,0.85,-0.54,-28.93,16.36,-14.22"
2533,2026-07-27T13:21:38.585,101.411406,59.949000,-0.1600,0.8200,-0.6200,-31.5600,39.9800,-26.1800,1.040385,57.269769,"-0.16,0.82,-0.62,-31.56,39.98,-26.18"
2534,2026-07-27T13:21:38.645,101.471496,60.090300,-0.1500,0.8000,-0.6600,-27.2200,62.6800,-38.5700,1.047903,78.468820,"-0.15,0.80,-0.66,-27.22,62.68,-38.57"
2535,2026-07-27T13:21:38.646,101.472094,0.598400,-0.1200,0.8200,-0.6400,-15.0800,52.1200,-35.1600,1.047091,64.653897,"-0.12,0.82,-0.64,-15.08,52.12,-35.16"
2536,2026-07-27T13:21:38.767,101.593030,120.935500,-0.1200,0.9200,-0.5700,-1.9500,49.9300,-29.4200,1.088899,57.985721,"-0.12,0.92,-0.57,-1.95,49.93,-29.42"
2537,2026-07-27T13:21:38.768,101.594557,1.527100,-0.1500,1.0300,-0.5000,7.0200,47.4200,-12.3300,1.154729,49.497128,"-0.15,1.03,-0.50,7.02,47.42,-12.33"
2538,2026-07-27T13:21:38.769,101.594836,0.279300,-0.1000,1.0000,-0.4200,17.0900,12.0200,27.5300,1.089220,34.560807,"-0.10,1.00,-0.42,17.09,12.02,27.53"
2539,2026-07-27T13:21:38.886,101.711882,117.045800,-0.0500,0.8500,-0.3700,30.5200,-45.4700,78.4900,0.928386,95.706172,"-0.05,0.85,-0.37,30.52,-45.47,78.49"
2540,2026-07-27T13:21:38.886,101.712193,0.311000,-0.1700,0.7900,-0.4700,37.2900,-67.5700,106.8700,0.934826,131.823541,"-0.17,0.79,-0.47,37.29,-67.57,106.87"
2541,2026-07-27T13:21:38.887,101.712798,0.604800,-0.3300,0.9100,-0.6400,41.2600,-6.3500,81.9100,1.160431,91.934532,"-0.33,0.91,-0.64,41.26,-6.35,81.91"
2542,2026-07-27T13:21:38.945,101.771697,58.899100,-0.2600,1.0900,-0.5300,57.1300,96.8000,21.3600,1.239597,114.412965,"-0.26,1.09,-0.53,57.13,96.80,21.36"
2543,2026-07-27T13:21:39.005,101.831280,59.582900,-0.1000,1.1400,-0.2700,51.9400,166.0800,-24.4100,1.175798,175.716186,"-0.10,1.14,-0.27,51.94,166.08,-24.41"
2544,2026-07-27T13:21:39.005,101.831675,0.395200,-0.1100,0.9700,-0.2300,9.4000,178.6500,-23.4400,1.002946,180.426207,"-0.11,0.97,-0.23,9.40,178.65,-23.44"
2545,2026-07-27T13:21:39.065,101.891637,59.961400,-0.2100,0.7900,-0.2900,-17.1500,137.5100,4.1500,0.867352,138.637459,"-0.21,0.79,-0.29,-17.15,137.51,4.15"
2546,2026-07-27T13:21:39.125,101.951401,59.764800,-0.2700,0.7500,-0.2700,-8.9700,60.3600,21.5500,0.841606,64.716250,"-0.27,0.75,-0.27,-8.97,60.36,21.55"
2547,2026-07-27T13:21:39.126,101.951900,0.498500,-0.2200,0.7400,-0.2800,12.1500,-11.1100,14.4700,0.821219,21.918839,"-0.22,0.74,-0.28,12.15,-11.11,14.47"
2548,2026-07-27T13:21:39.245,102.070925,119.024700,-0.0700,0.7300,-0.4000,35.4000,-47.9100,-12.2700,0.835344,60.820071,"-0.07,0.73,-0.40,35.40,-47.91,-12.27"
2549,2026-07-27T13:21:39.485,102.310782,239.857000,0.1000,0.7600,-0.5700,48.3400,-59.7500,-35.7700,0.955249,84.772112,"0.10,0.76,-0.57,48.34,-59.75,-35.77"
2550,2026-07-27T13:21:39.725,102.551368,240.586900,0.2600,0.8300,-0.7400,34.2400,-43.8200,-48.8300,1.141972,74.006344,"0.26,0.83,-0.74,34.24,-43.82,-48.83"
2551,2026-07-27T13:21:39.726,102.552253,0.884400,0.3400,0.8200,-0.8100,3.1100,33.8700,-68.3000,1.201707,76.300321,"0.34,0.82,-0.81,3.11,33.87,-68.30"
2552,2026-07-27T13:21:39.727,102.553043,0.790600,0.1700,0.7600,-0.7000,-17.0300,116.6400,-83.3700,1.047139,144.379595,"0.17,0.76,-0.70,-17.03,116.64,-83.37"
2553,2026-07-27T13:21:39.727,102.553711,0.667700,-0.1300,0.9100,-0.5500,-21.7300,66.0400,-57.5000,1.071214,90.220422,"-0.13,0.91,-0.55,-21.73,66.04,-57.50"
2554,2026-07-27T13:21:39.785,102.611099,57.388100,-0.2400,1.2400,-0.4100,-15.8700,-66.6500,-12.5100,1.327893,69.646102,"-0.24,1.24,-0.41,-15.87,-66.65,-12.51"
2555,2026-07-27T13:21:39.785,102.611650,0.550800,-0.2300,1.2300,-0.3300,-19.7100,-65.9200,-4.8800,1.294102,68.976408,"-0.23,1.23,-0.33,-19.71,-65.92,-4.88"
2556,2026-07-27T13:21:39.965,102.790770,179.119600,-0.2700,0.8400,-0.3400,-26.7900,6.4700,-8.0600,0.945569,28.714606,"-0.27,0.84,-0.34,-26.79,6.47,-8.06"
2557,2026-07-27T13:21:39.966,102.791836,1.066500,-0.3200,0.6600,-0.4200,-31.6800,-4.2700,9.9500,0.845222,33.479214,"-0.32,0.66,-0.42,-31.68,-4.27,9.95"
2558,2026-07-27T13:21:39.966,102.792621,0.784600,-0.4100,0.7300,-0.5200,-47.6100,-27.5300,16.5400,0.985596,57.429823,"-0.41,0.73,-0.52,-47.61,-27.53,16.54"
2559,2026-07-27T13:21:39.967,102.793022,0.401600,-0.4700,0.7500,-0.5100,-48.2800,-23.0700,5.3700,1.021518,53.777506,"-0.47,0.75,-0.51,-48.28,-23.07,5.37"
2560,2026-07-27T13:21:39.967,102.793621,0.598400,-0.3800,0.7500,-0.4700,-23.2500,-37.4800,-3.7800,0.963224,44.267384,"-0.38,0.75,-0.47,-23.25,-37.48,-3.78"
2561,2026-07-27T13:21:39.968,102.794259,0.638600,-0.2400,0.8300,-0.4800,-1.3400,-57.8600,-10.2500,0.988383,58.776166,"-0.24,0.83,-0.48,-1.34,-57.86,-10.25"
2562,2026-07-27T13:21:39.969,102.794758,0.498900,-0.1200,0.8900,-0.5100,-0.7300,-38.3900,-27.7700,1.032763,47.386685,"-0.12,0.89,-0.51,-0.73,-38.39,-27.77"
2563,2026-07-27T13:21:39.970,102.795820,1.061600,-0.0800,0.8700,-0.5100,-6.3500,7.5100,-54.3200,1.011632,55.203125,"-0.08,0.87,-0.51,-6.35,7.51,-54.32"
2564,2026-07-27T13:21:39.971,102.797405,1.584800,-0.0800,0.8400,-0.4400,-3.1700,39.9800,-73.8500,0.951630,84.037324,"-0.08,0.84,-0.44,-3.17,39.98,-73.85"
2565,2026-07-27T13:21:39.972,102.797886,0.481300,-0.0500,0.8500,-0.4000,-2.6900,50.9600,-82.2800,0.940744,96.820226,"-0.05,0.85,-0.40,-2.69,50.96,-82.28"
2566,2026-07-27T13:21:39.972,102.798168,0.281600,0.0100,0.8800,-0.4900,-18.2500,47.3000,-80.6300,1.007274,95.244682,"0.01,0.88,-0.49,-18.25,47.30,-80.63"
2567,2026-07-27T13:21:39.973,102.798944,0.776200,0.0400,0.9100,-0.6300,-38.8200,44.4300,-64.2100,1.107520,87.200581,"0.04,0.91,-0.63,-38.82,44.43,-64.21"
2568,2026-07-27T13:21:39.974,102.799788,0.844700,0.0300,0.9400,-0.6300,-44.7400,66.5900,-38.0900,1.131989,88.807341,"0.03,0.94,-0.63,-44.74,66.59,-38.09"
2569,2026-07-27T13:21:40.026,102.852239,52.450200,0.0100,0.9300,-0.5200,-32.9600,91.4900,-2.7500,1.065552,97.284861,"0.01,0.93,-0.52,-32.96,91.49,-2.75"
2570,2026-07-27T13:21:40.205,103.031508,179.268900,-0.0500,1.0100,-0.5700,-24.1100,69.7000,58.5300,1.160819,94.154888,"-0.05,1.01,-0.57,-24.11,69.70,58.53"
2571,2026-07-27T13:21:40.206,103.032392,0.884100,-0.3100,1.2000,-0.9000,-37.4800,38.2100,126.5300,1.531698,137.384844,"-0.31,1.20,-0.90,-37.48,38.21,126.53"
2572,2026-07-27T13:21:40.207,103.032966,0.574400,-0.6100,1.0900,-1.0200,-37.4800,48.4000,145.2000,1.612638,157.576491,"-0.61,1.09,-1.02,-37.48,48.40,145.20"
2573,2026-07-27T13:21:40.208,103.033792,0.826400,-0.4500,0.9700,-0.2900,26.8600,35.0300,106.0800,1.107926,114.897898,"-0.45,0.97,-0.29,26.86,35.03,106.08"
2574,2026-07-27T13:21:40.208,103.033900,0.107200,-0.1700,0.9300,0.1800,57.9800,16.2400,55.1100,0.962393,81.624323,"-0.17,0.93,0.18,57.98,16.24,55.11"
2575,2026-07-27T13:21:40.265,103.090886,56.985900,-0.3600,0.7400,-0.2000,12.0200,64.7600,22.8900,0.846877,69.730123,"-0.36,0.74,-0.20,12.02,64.76,22.89"
2576,2026-07-27T13:21:40.325,103.151473,60.587800,-0.5600,0.7000,-0.2900,-5.0700,73.3000,4.3900,0.942178,73.606161,"-0.56,0.70,-0.29,-5.07,73.30,4.39"
2577,2026-07-27T13:21:40.325,103.151731,0.257700,-0.3600,0.8400,-0.1100,19.5900,19.0400,-22.8900,0.920489,35.640452,"-0.36,0.84,-0.11,19.59,19.04,-22.89"
2578,2026-07-27T13:21:40.385,103.211484,59.752500,-0.0400,0.8900,-0.1700,42.1100,-3.9700,-56.7600,0.906973,70.786373,"-0.04,0.89,-0.17,42.11,-3.97,-56.76"
2579,2026-07-27T13:21:40.445,103.271197,59.713600,0.0500,0.8800,-0.3800,41.3800,-4.8200,-71.5900,0.959844,82.829131,"0.05,0.88,-0.38,41.38,-4.82,-71.59"
2580,2026-07-27T13:21:40.445,103.271601,0.403800,0.0200,0.8900,-0.5400,13.3100,-5.3100,-64.1500,1.041201,65.731079,"0.02,0.89,-0.54,13.31,-5.31,-64.15"
2581,2026-07-27T13:21:40.505,103.331170,59.568800,0.0600,0.9100,-0.6900,-28.0200,22.4600,-58.4700,1.143591,68.617147,"0.06,0.91,-0.69,-28.02,22.46,-58.47"
2582,2026-07-27T13:21:40.565,103.390931,59.761100,0.0600,1.0400,-0.7500,-57.8600,107.6700,-83.2500,1.283628,147.889050,"0.06,1.04,-0.75,-57.86,107.67,-83.25"
2583,2026-07-27T13:21:40.625,103.451225,60.294000,-0.0600,1.2200,-0.6700,-48.2800,139.4000,-96.8000,1.393162,176.447041,"-0.06,1.22,-0.67,-48.28,139.40,-96.80"
2584,2026-07-27T13:21:40.626,103.452274,1.049400,-0.1500,1.0500,-0.4500,4.4600,23.1300,-41.7500,1.152172,47.936948,"-0.15,1.05,-0.45,4.46,23.13,-41.75"
2585,2026-07-27T13:21:40.805,103.631330,179.055300,-0.2300,0.7500,-0.1700,49.9300,-101.9900,28.3800,0.802683,117.048663,"-0.23,0.75,-0.17,49.93,-101.99,28.38"
2586,2026-07-27T13:21:40.806,103.632497,1.167100,-0.3200,0.7800,-0.1700,20.6900,-68.0500,34.0600,0.860058,78.860397,"-0.32,0.78,-0.17,20.69,-68.05,34.06"
2587,2026-07-27T13:21:40.865,103.691145,58.648200,-0.3700,0.8600,-0.3900,-58.1100,48.5800,1.8900,1.014199,75.765167,"-0.37,0.86,-0.39,-58.11,48.58,1.89"
2588,2026-07-27T13:21:40.866,103.691936,0.791000,-0.3500,0.8300,-0.5600,-109.5600,118.4100,-25.3300,1.060660,163.297062,"-0.35,0.83,-0.56,-109.56,118.41,-25.33"
2589,2026-07-27T13:21:40.866,103.692649,0.713500,-0.3100,0.7500,-0.6200,-108.6400,143.3100,-49.0100,1.021274,186.393095,"-0.31,0.75,-0.62,-108.64,143.31,-49.01"
2590,2026-07-27T13:21:40.867,103.693230,0.580400,-0.3000,0.7000,-0.5700,-59.2000,98.3900,-41.7500,0.951262,122.181400,"-0.30,0.70,-0.57,-59.20,98.39,-41.75"
2591,2026-07-27T13:21:40.925,103.751513,58.283700,-0.3000,0.7800,-0.4500,13.7300,-18.3700,-1.0400,0.949158,22.957600,"-0.30,0.78,-0.45,13.73,-18.37,-1.04"
2592,2026-07-27T13:21:40.926,103.751931,0.417900,-0.3100,0.9100,-0.1700,28.5600,-9.7700,-35.7100,0.976268,46.758214,"-0.31,0.91,-0.17,28.56,-9.77,-35.71"
2593,2026-07-27T13:21:40.985,103.811501,59.569400,-0.3600,0.9800,-0.0300,-19.4100,11.6600,-64.2100,1.044462,68.085445,"-0.36,0.98,-0.03,-19.41,11.66,-64.21"
2594,2026-07-27T13:21:41.165,103.991510,180.009400,-0.2800,0.9500,-0.2800,-44.7400,-51.7600,-57.0100,1.029223,89.055630,"-0.28,0.95,-0.28,-44.74,-51.76,-57.01"
2595,2026-07-27T13:21:41.166,103.991919,0.409000,-0.0700,0.9300,-0.5800,-44.1300,-73.2400,-43.6400,1.098271,96.000021,"-0.07,0.93,-0.58,-44.13,-73.24,-43.64"
2596,2026-07-27T13:21:41.166,103.992473,0.553600,-0.0200,0.9400,-0.6000,-16.7800,-47.4900,-26.6700,1.115347,56.992608,"-0.02,0.94,-0.60,-16.78,-47.49,-26.67"
2597,2026-07-27T13:21:41.167,103.993361,0.888400,-0.1200,0.9500,-0.4300,-0.2400,-21.4200,-10.3800,1.049667,23.803748,"-0.12,0.95,-0.43,-0.24,-21.42,-10.38"
2598,2026-07-27T13:21:41.168,103.994249,0.887400,-0.0900,0.9300,-0.4400,-5.7400,20.0200,-7.4500,1.032763,22.119008,"-0.09,0.93,-0.44,-5.74,20.02,-7.45"
2599,2026-07-27T13:21:41.585,104.411296,417.047300,0.0900,0.9400,-0.4900,-15.3200,59.2000,0.7900,1.063861,61.155266,"0.09,0.94,-0.49,-15.32,59.20,0.79"
2600,2026-07-27T13:21:41.586,104.412407,1.110700,0.1300,0.9600,-0.4400,-20.5700,56.2700,34.6100,1.064002,69.190244,"0.13,0.96,-0.44,-20.57,56.27,34.61"
2601,2026-07-27T13:21:41.587,104.412917,0.510200,-0.0000,1.0300,-0.4600,-17.1500,45.5900,76.8400,1.128051,90.977779,"-0.00,1.03,-0.46,-17.15,45.59,76.84"
2602,2026-07-27T13:21:41.587,104.413420,0.503300,-0.4000,1.1800,-0.4100,-11.1100,54.6900,109.6800,1.311678,123.061491,"-0.40,1.18,-0.41,-11.11,54.69,109.68"
2603,2026-07-27T13:21:41.705,104.530792,117.371500,-0.4800,1.1600,-0.2300,-9.2200,74.2200,113.4000,1.276284,135.842471,"-0.48,1.16,-0.23,-9.22,74.22,113.40"
2604,2026-07-27T13:21:41.705,104.531171,0.379900,-0.4000,1.0600,-0.1000,-7.3900,105.4700,80.4400,1.137365,132.850015,"-0.40,1.06,-0.10,-7.39,105.47,80.44"
2605,2026-07-27T13:21:41.706,104.531947,0.775600,-0.3400,0.8800,-0.1400,-5.0700,156.4900,36.1300,0.953730,160.686658,"-0.34,0.88,-0.14,-5.07,156.49,36.13"
2606,2026-07-27T13:21:41.706,104.532352,0.404900,-0.3300,0.7800,-0.1300,0.6100,166.9900,16.0500,0.856855,167.760647,"-0.33,0.78,-0.13,0.61,166.99,16.05"
2607,2026-07-27T13:21:41.707,104.533539,1.186900,-0.3800,0.7700,-0.0600,9.5800,100.5200,21.0600,0.860755,103.148293,"-0.38,0.77,-0.06,9.58,100.52,21.06"
2608,2026-07-27T13:21:41.708,104.534000,0.461100,-0.4300,0.7500,-0.0200,23.0700,20.3200,16.7800,0.864754,35.024216,"-0.43,0.75,-0.02,23.07,20.32,16.78"
2609,2026-07-27T13:21:41.708,104.534666,0.665900,-0.2700,0.8000,0.0000,36.1900,-22.0300,-13.4300,0.844334,44.445494,"-0.27,0.80,0.00,36.19,-22.03,-13.43"
2610,2026-07-27T13:21:41.710,104.535920,1.254200,0.0700,0.8700,-0.1700,39.4900,-42.7200,-42.1800,0.889213,71.858270,"0.07,0.87,-0.17,39.49,-42.72,-42.18"
2611,2026-07-27T13:21:41.710,104.536386,0.466400,0.2500,0.9000,-0.5000,38.5100,-31.5600,-48.7700,1.059481,69.696245,"0.25,0.90,-0.50,38.51,-31.56,-48.77"
2612,2026-07-27T13:21:41.765,104.591419,55.032200,0.1400,0.9200,-0.6600,36.9900,35.2200,-44.2500,1.140877,67.577888,"0.14,0.92,-0.66,36.99,35.22,-44.25"
2613,2026-07-27T13:21:41.765,104.591740,0.321200,-0.0000,1.0000,-0.5900,44.6800,85.9400,-39.0000,1.161077,104.417364,"-0.00,1.00,-0.59,44.68,85.94,-39.00"
2614,2026-07-27T13:21:41.886,104.711911,120.171600,-0.0400,1.3300,-0.3500,78.2500,22.5800,-33.6300,1.375863,88.112972,"-0.04,1.33,-0.35,78.25,22.58,-33.63"
2615,2026-07-27T13:21:41.945,104.771303,59.391500,-0.0500,1.5500,0.0700,80.9900,-150.0900,-3.3600,1.552385,170.580414,"-0.05,1.55,0.07,80.99,-150.09,-3.36"
2616,2026-07-27T13:21:41.946,104.771864,0.561000,-0.2100,1.1100,0.0900,1.3400,-191.3500,32.3500,1.133270,194.069937,"-0.21,1.11,0.09,1.34,-191.35,32.35"
2617,2026-07-27T13:21:41.946,104.772332,0.468000,-0.4700,0.6600,-0.3500,-75.2000,-75.7400,42.0500,0.882610,114.716128,"-0.47,0.66,-0.35,-75.20,-75.74,42.05"
2618,2026-07-27T13:21:42.066,104.891867,119.534900,-0.5600,0.7400,-0.6600,-82.0300,-21.9100,41.6300,1.138771,94.562286,"-0.56,0.74,-0.66,-82.03,-21.91,41.63"
2619,2026-07-27T13:21:42.066,104.892228,0.361100,-0.5300,0.9200,-0.6500,-48.8300,-16.7800,31.1300,1.244910,60.291079,"-0.53,0.92,-0.65,-48.83,-16.78,31.13"
2620,2026-07-27T13:21:42.067,104.893075,0.847200,-0.3200,0.9400,-0.4800,1.5900,-47.7300,19.3500,1.102905,51.527696,"-0.32,0.94,-0.48,1.59,-47.73,19.35"
2621,2026-07-27T13:21:42.125,104.951436,58.361200,-0.1600,0.9300,-0.2600,46.3300,-110.7200,21.5500,0.978826,121.941748,"-0.16,0.93,-0.26,46.33,-110.72,21.55"
2622,2026-07-27T13:21:42.126,104.952040,0.603700,-0.2200,0.9100,-0.1300,42.4200,-131.8400,31.4300,0.945198,142.017910,"-0.22,0.91,-0.13,42.42,-131.84,31.43"
2623,2026-07-27T13:21:42.185,105.011367,59.326700,-0.2600,0.8800,-0.2500,3.1100,-145.0800,43.8800,0.951052,151.602549,"-0.26,0.88,-0.25,3.11,-145.08,43.88"
2624,2026-07-27T13:21:42.304,105.130699,119.331900,-0.1800,0.8800,-0.4300,-26.2500,-170.7200,52.0000,0.995841,180.383982,"-0.18,0.88,-0.43,-26.25,-170.72,52.00"
2625,2026-07-27T13:21:42.485,105.311367,180.668200,-0.1300,0.8900,-0.5000,-30.2700,-177.4300,51.8200,1.029077,187.304539,"-0.13,0.89,-0.50,-30.27,-177.43,51.82"
2626,2026-07-27T13:21:42.486,105.311947,0.580500,-0.1300,0.9000,-0.4800,-19.2900,-169.6800,50.0500,1.028251,177.956200,"-0.13,0.90,-0.48,-19.29,-169.68,50.05"
2627,2026-07-27T13:21:42.487,105.312841,0.893600,-0.1800,0.8800,-0.4600,-14.2200,-153.5600,50.9600,1.009158,162.418606,"-0.18,0.88,-0.46,-14.22,-153.56,50.96"
2628,2026-07-27T13:21:42.487,105.312898,0.056900,-0.2900,0.9000,-0.4800,-19.5900,-144.3500,59.8800,1.060424,157.500175,"-0.29,0.90,-0.48,-19.59,-144.35,59.88"
2629,2026-07-27T13:21:42.487,105.313285,0.387400,-0.3700,0.9500,-0.4900,-23.5600,-160.1600,72.3900,1.131150,177.331924,"-0.37,0.95,-0.49,-23.56,-160.16,72.39"
2630,2026-07-27T13:21:42.488,105.314086,0.800700,-0.2700,0.9900,-0.3000,-12.5700,-195.3100,69.2700,1.069112,207.611016,"-0.27,0.99,-0.30,-12.57,-195.31,69.27"
2631,2026-07-27T13:21:42.489,105.314823,0.737300,-0.0800,1.0000,-0.0600,-1.2200,-212.0400,47.7300,1.004988,217.349035,"-0.08,1.00,-0.06,-1.22,-212.04,47.73"
2632,2026-07-27T13:21:42.545,105.371512,56.689100,-0.1100,0.9800,0.0500,-2.2600,-191.4100,24.6600,0.987421,193.005211,"-0.11,0.98,0.05,-2.26,-191.41,24.66"
2633,2026-07-27T13:21:42.605,105.431411,59.899000,-0.3000,0.9400,0.0100,-4.3900,-153.2000,3.1700,0.986762,153.295665,"-0.30,0.94,0.01,-4.39,-153.20,3.17"
2634,2026-07-27T13:21:42.606,105.431888,0.476600,-0.3900,0.8900,-0.2200,5.8600,-146.6100,-15.9300,0.996293,147.589283,"-0.39,0.89,-0.22,5.86,-146.61,-15.93"
2635,2026-07-27T13:21:42.726,105.552140,120.251800,-0.2600,0.8900,-0.4500,31.2500,-196.6600,-21.7900,1.030631,200.316056,"-0.26,0.89,-0.45,31.25,-196.66,-21.79"
2636,2026-07-27T13:21:42.726,105.552715,0.575400,0.0400,0.9600,-0.5600,46.6900,-224.7300,-23.5000,1.112115,230.728800,"0.04,0.96,-0.56,46.69,-224.73,-23.50"
2637,2026-07-27T13:21:42.727,105.553137,0.421800,0.3300,0.9900,-0.5400,45.7200,-156.3700,-37.2900,1.174989,167.130007,"0.33,0.99,-0.54,45.72,-156.37,-37.29"
2638,2026-07-27T13:21:42.905,105.731389,178.252100,0.3500,1.0200,-0.3600,52.9800,-107.7300,-29.4800,1.136882,123.619188,"0.35,1.02,-0.36,52.98,-107.73,-29.48"
2639,2026-07-27T13:21:42.906,105.732513,1.123600,0.1300,1.0800,-0.1800,56.4600,-159.3600,15.5600,1.102588,169.780608,"0.13,1.08,-0.18,56.46,-159.36,15.56"
2640,2026-07-27T13:21:42.907,105.732907,0.394000,-0.1300,1.0500,-0.1300,35.3400,-183.0400,41.7500,1.065974,191.038268,"-0.13,1.05,-0.13,35.34,-183.04,41.75"
2641,2026-07-27T13:21:42.907,105.733281,0.374700,-0.2400,0.9500,-0.1600,11.8400,-140.8700,30.0300,0.992824,144.521083,"-0.24,0.95,-0.16,11.84,-140.87,30.03"
2642,2026-07-27T13:21:43.085,105.911479,178.197200,-0.2000,0.9100,-0.1700,3.0500,-106.7500,11.7200,0.947101,107.434740,"-0.20,0.91,-0.17,3.05,-106.75,11.72"
2643,2026-07-27T13:21:43.086,105.912601,1.122000,-0.1400,0.9000,-0.1800,-1.4600,-93.6300,1.8300,0.928440,93.659262,"-0.14,0.90,-0.18,-1.46,-93.63,1.83"
2644,2026-07-27T13:21:43.087,105.913315,0.714400,-0.1100,0.8800,-0.2400,-4.3300,-83.3700,0.7300,0.918749,83.485560,"-0.11,0.88,-0.24,-4.33,-83.37,0.73"
2645,2026-07-27T13:21:43.088,105.913845,0.530000,-0.1300,0.9000,-0.3100,2.5000,-73.3000,3.9100,0.960729,73.446771,"-0.13,0.90,-0.31,2.50,-73.30,3.91"
2646,2026-07-27T13:21:43.088,105.914068,0.223000,-0.1800,0.9500,-0.2900,21.5500,-72.2700,4.2700,1.009455,75.535345,"-0.18,0.95,-0.29,21.55,-72.27,4.27"
2647,2026-07-27T13:21:43.265,106.091243,177.175000,-0.1500,0.9800,-0.2600,44.1300,-83.1300,-0.3100,1.024939,94.117745,"-0.15,0.98,-0.26,44.13,-83.13,-0.31"
2648,2026-07-27T13:21:43.505,106.331232,239.989000,-0.0300,0.9800,-0.3300,63.6600,-88.8100,-7.2600,1.034505,109.510362,"-0.03,0.98,-0.33,63.66,-88.81,-7.26"
2649,2026-07-27T13:21:43.506,106.331916,0.684200,0.1700,1.0500,-0.3000,79.7100,-88.4400,-8.5400,1.105170,119.366031,"0.17,1.05,-0.30,79.71,-88.44,-8.54"
2650,2026-07-27T13:21:43.507,106.332845,0.928600,0.2200,1.0900,-0.1800,74.0400,-103.5800,11.9000,1.126455,127.876300,"0.22,1.09,-0.18,74.04,-103.58,11.90"
2651,2026-07-27T13:21:43.507,106.333430,0.585500,-0.0500,0.9300,-0.1900,39.6100,-49.6200,27.6500,0.950526,69.250408,"-0.05,0.93,-0.19,39.61,-49.62,27.65"
2652,2026-07-27T13:21:43.508,106.334145,0.715100,-0.4100,0.8500,-0.3100,10.3100,36.0100,28.6900,0.993328,47.181906,"-0.41,0.85,-0.31,10.31,36.01,28.69"
2653,2026-07-27T13:21:43.509,106.334956,0.810300,-0.6000,0.8900,-0.4300,3.4800,22.0900,37.9000,1.156287,44.005551,"-0.60,0.89,-0.43,3.48,22.09,37.90"
2654,2026-07-27T13:21:43.509,106.335731,0.775700,-0.5900,0.8600,-0.4600,8.2400,-33.6900,37.1100,1.139868,50.794348,"-0.59,0.86,-0.46,8.24,-33.69,37.11"
2655,2026-07-27T13:21:43.510,106.336353,0.621200,-0.4200,0.8400,-0.4500,16.4200,-57.8000,15.9300,1.041393,62.162861,"-0.42,0.84,-0.45,16.42,-57.80,15.93"
2656,2026-07-27T13:21:43.510,106.336452,0.099000,-0.2400,0.8500,-0.4300,18.3700,-40.1000,-11.2300,0.982344,45.514611,"-0.24,0.85,-0.43,18.37,-40.10,-11.23"
2657,2026-07-27T13:21:43.805,106.631354,294.902600,-0.1600,0.8700,-0.4300,10.2500,-1.9500,-29.7200,0.983565,31.498308,"-0.16,0.87,-0.43,10.25,-1.95,-29.72"
2658,2026-07-27T13:21:43.806,106.631826,0.472200,-0.1600,0.9000,-0.4200,4.7000,10.5600,-28.8700,1.005982,31.097918,"-0.16,0.90,-0.42,4.70,10.56,-28.87"
2659,2026-07-27T13:21:43.806,106.631999,0.172900,-0.1700,0.9200,-0.4100,11.1100,-14.7700,-14.0400,1.021470,23.210054,"-0.17,0.92,-0.41,11.11,-14.77,-14.04"
2660,2026-07-27T13:21:43.807,106.632811,0.811700,-0.1700,0.9200,-0.3800,23.6800,-47.3000,-3.1100,1.009802,52.987777,"-0.17,0.92,-0.38,23.68,-47.30,-3.11"
2661,2026-07-27T13:21:43.808,106.633757,0.945600,-0.1600,0.9200,-0.3500,34.6100,-67.9300,-1.8900,0.997246,76.262108,"-0.16,0.92,-0.35,34.61,-67.93,-1.89"
2662,2026-07-27T13:21:43.808,106.634730,0.973800,-0.1400,0.9100,-0.3300,35.9500,-73.7900,-6.4100,0.978059,82.331371,"-0.14,0.91,-0.33,35.95,-73.79,-6.41"
2663,2026-07-27T13:21:43.809,106.635219,0.488800,-0.1100,0.9200,-0.3500,22.0900,-57.6200,-15.5600,0.990454,63.640758,"-0.11,0.92,-0.35,22.09,-57.62,-15.56"
2664,2026-07-27T13:21:43.810,106.636015,0.795400,-0.1000,0.9400,-0.3900,-2.3800,-17.8200,-27.4000,1.022595,32.771585,"-0.10,0.94,-0.39,-2.38,-17.82,-27.40"
2665,2026-07-27T13:21:43.925,106.751463,115.448800,-0.1000,0.9100,-0.4200,-21.4800,23.9300,-32.5300,1.007224,45.740969,"-0.10,0.91,-0.42,-21.48,23.93,-32.53"
2666,2026-07-27T13:21:43.926,106.752025,0.562000,-0.1300,0.8800,-0.4700,-2.1400,-35.1000,17.3300,1.006082,39.203552,"-0.13,0.88,-0.47,-2.14,-35.10,17.33"
2667,2026-07-27T13:21:43.927,106.752843,0.817400,-0.1700,0.8900,-0.5200,-2.1400,-35.1000,17.3300,1.044701,39.203552,"-0.17,0.89,-0.52,-2.14,-35.10,17.33"
2668,2026-07-27T13:21:44.045,106.871666,118.823600,-0.1900,0.9600,-0.5100,8.5400,-21.1200,29.1700,1.103540,37.011821,"-0.19,0.96,-0.51,8.54,-21.12,29.17"
2669,2026-07-27T13:21:44.046,106.872531,0.864700,-0.1600,1.0500,-0.4800,-3.7800,42.4800,17.6400,1.165547,46.152014,"-0.16,1.05,-0.48,-3.78,42.48,17.64"
2670,2026-07-27T13:21:44.047,106.873064,0.533100,-0.1200,1.0000,-0.4200,2.2000,44.6800,42.1100,1.091238,61.436101,"-0.12,1.00,-0.42,2.20,44.68,42.11"
2671,2026-07-27T13:21:44.285,107.111350,238.285800,-0.1400,0.9200,-0.3900,31.3100,-16.2400,93.0200,1.009009,99.482532,"-0.14,0.92,-0.39,31.31,-16.24,93.02"
2672,2026-07-27T13:21:44.286,107.112155,0.804800,-0.2400,1.0000,-0.4100,59.0800,-74.4600,125.9800,1.107113,157.815393,"-0.24,1.00,-0.41,59.08,-74.46,125.98"
2673,2026-07-27T13:21:44.286,107.112408,0.253200,-0.3100,1.1600,-0.2600,47.7300,-71.5300,120.4800,1.228536,148.020688,"-0.31,1.16,-0.26,47.73,-71.53,120.48"
2674,2026-07-27T13:21:44.287,107.113155,0.746800,-0.2800,1.0300,-0.0300,4.4600,-1.2800,85.8200,1.067801,85.945345,"-0.28,1.03,-0.03,4.46,-1.28,85.82"
2675,2026-07-27T13:21:44.288,107.113861,0.706400,-0.3000,0.9000,-0.0900,-26.6700,57.0700,51.7000,0.952943,81.493336,"-0.30,0.90,-0.09,-26.67,57.07,51.70"
2676,2026-07-27T13:21:44.288,107.114349,0.487800,-0.3200,0.8200,-0.1800,-27.8300,50.2300,34.9100,0.898443,67.203199,"-0.32,0.82,-0.18,-27.83,50.23,34.91"
2677,2026-07-27T13:21:44.405,107.231033,116.684200,-0.2500,0.7900,-0.2300,-6.1600,7.5100,19.5900,0.859942,21.865813,"-0.25,0.79,-0.23,-6.16,7.51,19.59"
2678,2026-07-27T13:21:44.406,107.232025,0.991500,-0.1300,0.7400,-0.2100,13.0600,-27.5300,-2.8100,0.780128,30.600010,"-0.13,0.74,-0.21,13.06,-27.53,-2.81"
2679,2026-07-27T13:21:44.406,107.232426,0.401700,-0.0200,0.7500,-0.2400,11.6000,-24.1700,-29.9700,0.787718,40.211314,"-0.02,0.75,-0.24,11.60,-24.17,-29.97"
2680,2026-07-27T13:21:44.525,107.351340,118.913600,0.1900,0.9200,-0.3900,3.7800,-11.4700,-50.5400,1.017153,51.962880,"0.19,0.92,-0.39,3.78,-11.47,-50.54"
2681,2026-07-27T13:21:44.526,107.351941,0.601200,0.3100,1.0200,-0.5600,-8.4800,10.1900,-55.4800,1.204201,57.041887,"0.31,1.02,-0.56,-8.48,10.19,-55.48"
2682,2026-07-27T13:21:44.526,107.352056,0.115200,0.1600,0.9100,-0.5900,-24.5400,60.4900,-46.6900,1.096266,80.257136,"0.16,0.91,-0.59,-24.54,60.49,-46.69"
2683,2026-07-27T13:21:44.765,107.591462,239.405800,-0.1300,0.8400,-0.4800,-10.8000,71.6600,-27.3400,0.976166,77.454962,"-0.13,0.84,-0.48,-10.80,71.66,-27.34"
2684,2026-07-27T13:21:44.767,107.593737,2.274800,-0.2400,1.1900,-0.2500,36.8000,3.3000,-12.2100,1.239435,38.912904,"-0.24,1.19,-0.25,36.80,3.30,-12.21"
2685,2026-07-27T13:21:44.768,107.594025,0.287900,-0.1500,1.5400,-0.1500,47.4900,-68.1200,-4.4600,1.554542,83.159642,"-0.15,1.54,-0.15,47.49,-68.12,-4.46"
2686,2026-07-27T13:21:44.768,107.594548,0.522600,-0.1800,1.1700,-0.2400,2.0800,-49.5600,2.9900,1.207849,49.693663,"-0.18,1.17,-0.24,2.08,-49.56,2.99"
2687,2026-07-27T13:21:44.887,107.712655,118.107200,-0.3200,0.5900,-0.3000,-12.6300,-25.4500,13.0600,0.735187,31.269522,"-0.32,0.59,-0.30,-12.63,-25.45,13.06"
2688,2026-07-27T13:21:44.887,107.713225,0.570200,-0.3900,0.5800,-0.3400,4.2100,-49.5000,11.8400,0.777239,51.070145,"-0.39,0.58,-0.34,4.21,-49.50,11.84"
2689,2026-07-27T13:21:44.888,107.714170,0.944800,-0.4000,0.8100,-0.3900,-3.7800,-36.9300,-7.6300,0.983972,37.898947,"-0.40,0.81,-0.39,-3.78,-36.93,-7.63"
2690,2026-07-27T13:21:44.889,107.714980,0.810600,-0.3400,0.9000,-0.4100,-21.6700,-0.2400,-25.6300,1.045801,33.564019,"-0.34,0.90,-0.41,-21.67,-0.24,-25.63"
2691,2026-07-27T13:21:44.889,107.715157,0.177100,-0.2700,0.9200,-0.4500,-29.4800,19.5300,-34.9700,1.059151,49.733210,"-0.27,0.92,-0.45,-29.48,19.53,-34.97"
2692,2026-07-27T13:21:44.945,107.771271,56.113800,-0.2100,0.8700,-0.4700,-30.6400,35.1600,-42.9700,1.010891,63.414952,"-0.21,0.87,-0.47,-30.64,35.16,-42.97"
2693,2026-07-27T13:21:45.065,107.891309,120.038100,-0.1900,0.8200,-0.4500,-27.5900,59.6900,-53.4700,0.954463,84.753437,"-0.19,0.82,-0.45,-27.59,59.69,-53.47"
2694,2026-07-27T13:21:45.066,107.891849,0.539900,-0.2000,0.8400,-0.4300,-17.7600,63.2900,-52.9200,0.964624,84.389384,"-0.20,0.84,-0.43,-17.76,63.29,-52.92"
2695,2026-07-27T13:21:45.066,107.892395,0.546200,-0.2300,0.8900,-0.4000,-0.4300,20.1400,-31.9800,1.002497,37.795832,"-0.23,0.89,-0.40,-0.43,20.14,-31.98"
2696,2026-07-27T13:21:45.125,107.951405,59.010100,-0.2400,0.9000,-0.3700,15.9300,-35.2800,-8.3600,1.002247,39.602183,"-0.24,0.90,-0.37,15.93,-35.28,-8.36"
2697,2026-07-27T13:21:45.126,107.951818,0.412100,-0.2400,0.9000,-0.3500,19.7100,-55.7900,-2.9900,0.995038,59.244817,"-0.24,0.90,-0.35,19.71,-55.79,-2.99"
2698,2026-07-27T13:21:45.245,108.071196,119.378200,-0.1900,0.9000,-0.3500,10.5600,-36.4400,-17.0900,0.984175,41.610759,"-0.19,0.90,-0.35,10.56,-36.44,-17.09"
2699,2026-07-27T13:21:45.305,108.131337,60.140900,-0.1200,0.9000,-0.3800,-5.8600,-5.1300,-35.8900,0.984276,36.725313,"-0.12,0.90,-0.38,-5.86,-5.13,-35.89"
2700,2026-07-27T13:21:45.306,108.131916,0.579300,-0.0400,0.8900,-0.4500,-24.2300,21.3600,-46.3900,0.998098,56.527645,"-0.04,0.89,-0.45,-24.23,21.36,-46.39"
2701,2026-07-27T13:21:45.306,108.132543,0.627000,-0.0400,0.8500,-0.5000,-32.0400,50.6600,-44.7400,0.986965,74.797492,"-0.04,0.85,-0.50,-32.04,50.66,-44.74"
2702,2026-07-27T13:21:45.425,108.251741,119.198300,-0.1300,0.9300,-0.5400,-18.9200,57.7400,-17.2700,1.083236,63.167451,"-0.13,0.93,-0.54,-18.92,57.74,-17.27"
2703,2026-07-27T13:21:45.426,108.252424,0.682600,-0.2300,1.0900,-0.5400,5.0000,19.5300,38.7000,1.237982,43.636119,"-0.23,1.09,-0.54,5.00,19.53,38.70"
2704,2026-07-27T13:21:45.427,108.253017,0.593200,-0.2700,1.0500,-0.4400,25.5100,-36.0700,97.2900,1.170043,106.851060,"-0.27,1.05,-0.44,25.51,-36.07,97.29"
2705,2026-07-27T13:21:45.546,108.371777,118.760100,-0.2100,0.9100,-0.1600,44.3700,-95.2800,143.8000,0.947523,178.116297,"-0.21,0.91,-0.16,44.37,-95.28,143.80"
2706,2026-07-27T13:21:45.547,108.372928,1.151100,-0.1800,0.9900,0.0000,42.0500,-122.9200,155.4000,1.006231,202.550460,"-0.18,0.99,0.00,42.05,-122.92,155.40"
2707,2026-07-27T13:21:45.547,108.373475,0.546500,-0.2200,1.1400,-0.2100,17.0900,-52.9800,104.3700,1.179873,118.287977,"-0.22,1.14,-0.21,17.09,-52.98,104.37"
2708,2026-07-27T13:21:45.605,108.431192,57.717400,-0.2200,1.1400,-0.3700,0.2400,35.8900,45.0400,1.218565,57.591243,"-0.22,1.14,-0.37,0.24,35.89,45.04"
2709,2026-07-27T13:21:45.845,108.671103,239.910800,-0.2000,0.9700,-0.3000,-12.2700,54.7500,31.8600,1.034843,64.522670,"-0.20,0.97,-0.30,-12.27,54.75,31.86"
2710,2026-07-27T13:21:45.845,108.671631,0.527900,-0.1600,0.8300,-0.1700,-22.1600,51.1500,31.6800,0.862206,64.117162,"-0.16,0.83,-0.17,-22.16,51.15,31.68"
2711,2026-07-27T13:21:45.846,108.672165,0.533700,-0.2200,0.8000,-0.1900,-14.2200,57.7400,15.5000,0.851176,61.452144,"-0.22,0.80,-0.19,-14.22,57.74,15.50"
2712,2026-07-27T13:21:45.847,108.672862,0.697000,-0.3200,0.7900,-0.2500,15.2000,51.7600,-9.4600,0.888257,54.768871,"-0.32,0.79,-0.25,15.20,51.76,-9.46"
2713,2026-07-27T13:21:45.847,108.673344,0.482700,-0.1300,0.8800,-0.2300,48.1000,7.8100,-35.1600,0.918804,60.090196,"-0.13,0.88,-0.23,48.10,7.81,-35.16"
2714,2026-07-27T13:21:45.848,108.674427,1.083100,0.2600,1.0400,-0.3300,48.1000,-23.0700,-58.2300,1.121651,78.971943,"0.26,1.04,-0.33,48.10,-23.07,-58.23"
2715,2026-07-27T13:21:45.849,108.675012,0.584500,0.3500,1.0400,-0.5000,12.8800,20.9400,-68.8500,1.205861,73.107459,"0.35,1.04,-0.50,12.88,20.94,-68.85"
2716,2026-07-27T13:21:45.905,108.730953,55.941500,0.0100,0.9500,-0.4300,-17.8800,85.5100,-53.8900,1.042833,102.643980,"0.01,0.95,-0.43,-17.88,85.51,-53.89"
2717,2026-07-27T13:21:45.965,108.791546,60.592400,-0.3800,0.9100,-0.2200,-25.2100,88.0700,-30.2700,1.010396,96.478712,"-0.38,0.91,-0.22,-25.21,88.07,-30.27"
2718,2026-07-27T13:21:45.966,108.792301,0.754800,-0.4500,0.9900,-0.1700,-14.1600,34.3000,-26.7300,1.100682,45.732795,"-0.45,0.99,-0.17,-14.16,34.30,-26.73"
2719,2026-07-27T13:21:46.025,108.851619,59.318400,-0.2900,1.0000,-0.2600,-3.6000,-11.8400,-33.4500,1.073173,35.665783,"-0.29,1.00,-0.26,-3.60,-11.84,-33.45"
2720,2026-07-27T13:21:46.085,108.911402,59.783200,-0.2000,0.8900,-0.3400,-4.7000,-19.9000,-30.5800,0.973499,36.786362,"-0.20,0.89,-0.34,-4.70,-19.90,-30.58"
2721,2026-07-27T13:21:46.092,108.918115,6.712700,-0.1800,0.8200,-0.3600,-3.9700,-16.4800,-24.2300,0.913455,29.571003,"-0.18,0.82,-0.36,-3.97,-16.48,-24.23"
2722,2026-07-27T13:21:46.146,108.971746,53.631300,-0.2000,0.8600,-0.3800,-2.1400,-9.9500,-26.2500,0.961249,28.153945,"-0.20,0.86,-0.38,-2.14,-9.95,-26.25"
2723,2026-07-27T13:21:46.385,109.210894,239.147300,-0.2200,0.9300,-0.4000,-9.8300,6.9600,-31.2500,1.036002,33.490790,"-0.22,0.93,-0.40,-9.83,6.96,-31.25"
2724,2026-07-27T13:21:46.924,109.750611,539.717700,-0.2200,0.9300,-0.4300,-25.0900,21.4800,-29.7900,1.047950,44.478563,"-0.22,0.93,-0.43,-25.09,21.48,-29.79"
2725,2026-07-27T13:21:46.929,109.755216,4.605100,-0.1900,0.8500,-0.4600,-34.1800,26.7900,-26.7900,0.984987,51.026274,"-0.19,0.85,-0.46,-34.18,26.79,-26.79"
2726,2026-07-27T13:21:46.930,109.755767,0.550300,-0.1700,0.7900,-0.5300,-28.2000,13.9200,-21.8500,0.966385,38.293980,"-0.17,0.79,-0.53,-28.20,13.92,-21.85"
2727,2026-07-27T13:21:46.930,109.755837,0.070300,-0.2100,0.8100,-0.5600,-11.5400,-23.9900,-5.1900,1.006876,27.122459,"-0.21,0.81,-0.56,-11.54,-23.99,-5.19"
2728,2026-07-27T13:21:46.930,109.756707,0.869700,-0.2900,0.8400,-0.4600,7.2600,-54.8700,11.1100,1.000650,56.452251,"-0.29,0.84,-0.46,7.26,-54.87,11.11"
2729,2026-07-27T13:21:46.931,109.757729,1.022100,-0.3200,0.8800,-0.3400,16.3600,-51.9400,6.4700,0.996193,54.838619,"-0.32,0.88,-0.34,16.36,-51.94,6.47"
2730,2026-07-27T13:21:46.932,109.758340,0.611100,-0.2500,0.8900,-0.3000,11.0500,-30.6400,-16.1700,0.971905,36.364557,"-0.25,0.89,-0.30,11.05,-30.64,-16.17"
2731,2026-07-27T13:21:46.933,109.758770,0.430000,-0.1200,0.9100,-0.3700,-7.6900,-2.0800,-41.6300,0.989646,42.385368,"-0.12,0.91,-0.37,-7.69,-2.08,-41.63"
2732,2026-07-27T13:21:46.933,109.759368,0.598200,-0.0700,0.9000,-0.5900,-37.6000,30.7600,-57.1900,1.078425,75.037549,"-0.07,0.90,-0.59,-37.60,30.76,-57.19"
2733,2026-07-27T13:21:46.934,109.760398,1.029900,-0.1100,0.8100,-0.7600,-44.2500,19.6500,-40.8300,1.116154,63.334618,"-0.11,0.81,-0.76,-44.25,19.65,-40.83"
2734,2026-07-27T13:21:46.935,109.760780,0.381700,-0.1500,0.8500,-0.5900,-0.5500,-24.9600,-0.8500,1.045514,24.980524,"-0.15,0.85,-0.59,-0.55,-24.96,-0.85"
2735,2026-07-27T13:21:46.935,109.761283,0.503800,-0.2000,1.1300,-0.1900,32.7100,8.3600,13.3100,1.163185,36.290354,"-0.20,1.13,-0.19,32.71,8.36,13.31"
2736,2026-07-27T13:21:46.936,109.761995,0.711500,-0.2900,1.1900,-0.0500,-0.6700,78.6700,20.2000,1.225847,81.224736,"-0.29,1.19,-0.05,-0.67,78.67,20.20"
2737,2026-07-27T13:21:46.936,109.762718,0.723200,-0.3100,0.9400,-0.1200,-34.1800,-0.7300,77.2700,0.997046,84.495315,"-0.31,0.94,-0.12,-34.18,-0.73,77.27"
2738,2026-07-27T13:21:46.937,109.763547,0.828700,-0.3100,0.7500,-0.1800,49.5000,-211.0600,138.1800,0.831264,257.080310,"-0.31,0.75,-0.18,49.50,-211.06,138.18"
2739,2026-07-27T13:21:46.938,109.764065,0.518000,-0.2800,0.8800,-0.2700,87.7700,-87.4600,65.7300,0.962133,140.261390,"-0.28,0.88,-0.27,87.77,-87.46,65.73"
2740,2026-07-27T13:21:46.938,109.764658,0.593000,-0.0400,1.2600,-0.2200,68.4200,13.9200,24.4800,1.279687,73.988737,"-0.04,1.26,-0.22,68.42,13.92,24.48"
2741,2026-07-27T13:21:46.939,109.765297,0.638900,0.1200,1.4200,-0.0600,-5.4300,65.3100,31.3700,1.426324,72.656437,"0.12,1.42,-0.06,-5.43,65.31,31.37"
2742,2026-07-27T13:21:46.939,109.765609,0.312300,-0.0200,1.1900,0.0600,-66.8900,90.2100,43.8800,1.191679,120.571848,"-0.02,1.19,0.06,-66.89,90.21,43.88"
2743,2026-07-27T13:21:47.105,109.931327,165.717900,-0.2600,0.8900,0.0600,-59.5100,59.8100,43.5800,0.929139,94.962585,"-0.26,0.89,0.06,-59.51,59.81,43.58"
2744,2026-07-27T13:21:47.225,110.051097,119.769600,-0.3900,0.7200,-0.0800,-2.7500,-24.6600,34.1200,0.822739,42.188298,"-0.39,0.72,-0.08,-2.75,-24.66,34.12"
2745,2026-07-27T13:21:47.225,110.051449,0.352000,-0.2900,0.7700,-0.2200,46.1400,-105.1600,20.2600,0.851704,116.610432,"-0.29,0.77,-0.22,46.14,-105.16,20.26"
2746,2026-07-27T13:21:47.226,110.052739,1.291000,-0.0700,0.9200,-0.2400,50.4200,-113.1600,0.7900,0.953362,123.886989,"-0.07,0.92,-0.24,50.42,-113.16,0.79"
2747,2026-07-27T13:21:47.227,110.053165,0.425400,0.1400,0.9600,-0.2400,23.3200,-58.7800,-21.1800,0.999400,66.689603,"0.14,0.96,-0.24,23.32,-58.78,-21.18"
2748,2026-07-27T13:21:47.285,110.110802,57.637400,0.1500,0.9800,-0.3800,0.3700,-9.5200,-34.3000,1.061744,35.598558,"0.15,0.98,-0.38,0.37,-9.52,-34.30"
2749,2026-07-27T13:21:47.345,110.171183,60.380300,0.1100,0.9500,-0.4700,-9.6400,17.3300,-34.6700,1.065598,39.940799,"0.11,0.95,-0.47,-9.64,17.33,-34.67"
2750,2026-07-27T13:21:47.585,110.411384,240.201100,0.0400,0.8700,-0.4900,-13.5500,41.6300,-28.3200,0.999300,52.140980,"0.04,0.87,-0.49,-13.55,41.63,-28.32"
2751,2026-07-27T13:21:47.586,110.411908,0.524000,0.0400,0.8400,-0.4500,-3.9700,47.4900,-20.8700,0.953782,52.025166,"0.04,0.84,-0.45,-3.97,47.49,-20.87"
2752,2026-07-27T13:21:47.705,110.531124,119.216300,0.0800,0.8900,-0.4100,24.0500,14.5900,-15.9300,0.983158,32.327009,"0.08,0.89,-0.41,24.05,14.59,-15.93"
2753,2026-07-27T13:21:47.706,110.532345,1.221500,0.0300,1.0300,-0.4200,50.7200,-42.3600,-13.4900,1.112744,67.445297,"0.03,1.03,-0.42,50.72,-42.36,-13.49"
2754,2026-07-27T13:21:47.707,110.533230,0.884600,-0.0500,1.1900,-0.4500,57.9200,-91.3700,-6.7100,1.273224,108.389240,"-0.05,1.19,-0.45,57.92,-91.37,-6.71"
2755,2026-07-27T13:21:47.708,110.533909,0.678500,-0.1000,1.1300,-0.2800,36.6200,-99.2400,2.9300,1.168461,105.821486,"-0.10,1.13,-0.28,36.62,-99.24,2.93"
2756,2026-07-27T13:21:47.708,110.534570,0.661600,-0.2000,0.8500,-0.1200,-2.4400,-51.8200,1.7100,0.881419,51.905588,"-0.20,0.85,-0.12,-2.44,-51.82,1.71"
2757,2026-07-27T13:21:47.709,110.535224,0.653500,-0.3000,0.7100,-0.2200,-10.3100,-15.8700,-6.5900,0.801561,20.039489,"-0.30,0.71,-0.22,-10.31,-15.87,-6.59"
2758,2026-07-27T13:21:47.710,110.535833,0.608900,-0.3500,0.8100,-0.3400,5.5500,-37.6600,-6.1000,0.945621,38.552407,"-0.35,0.81,-0.34,5.55,-37.66,-6.10"
2759,2026-07-27T13:21:47.710,110.536367,0.534100,-0.3300,0.8800,-0.3900,3.7200,-61.8900,-0.2400,1.017546,62.002162,"-0.33,0.88,-0.39,3.72,-61.89,-0.24"
2760,2026-07-27T13:21:47.710,110.536475,0.108300,-0.3000,0.8800,-0.3900,-8.3000,-49.6200,1.0400,1.008216,50.320135,"-0.30,0.88,-0.39,-8.30,-49.62,1.04"
2761,2026-07-27T13:21:47.711,110.537161,0.686500,-0.3400,0.8700,-0.3900,-13.0000,-29.4800,3.2300,1.012225,32.380601,"-0.34,0.87,-0.39,-13.00,-29.48,3.23"
2762,2026-07-27T13:21:48.066,110.891783,354.621100,-0.3500,0.8700,-0.4300,-11.1100,-25.8200,7.5100,1.031649,29.094752,"-0.35,0.87,-0.43,-11.11,-25.82,7.51"
2763,2026-07-27T13:21:48.244,111.070409,178.626600,-0.3100,0.8700,-0.4800,-11.4700,-18.5500,2.6900,1.040865,21.974974,"-0.31,0.87,-0.48,-11.47,-18.55,2.69"
2764,2026-07-27T13:21:48.248,111.074362,3.952500,-0.2600,0.8700,-0.4800,-4.6400,-27.4700,-1.9500,1.027083,27.927281,"-0.26,0.87,-0.48,-4.64,-27.47,-1.95"
2765,2026-07-27T13:21:48.249,111.075105,0.743400,-0.2200,0.8700,-0.4300,15.0800,-75.8700,8.3600,0.995088,77.804581,"-0.22,0.87,-0.43,15.08,-75.87,8.36"
2766,2026-07-27T13:21:48.250,111.076460,1.354800,-0.2100,0.8800,-0.3900,29.4200,-114.5600,21.3600,0.985190,120.190597,"-0.21,0.88,-0.39,29.42,-114.56,21.36"
2767,2026-07-27T13:21:48.252,111.077789,1.329200,-0.2000,0.9000,-0.3800,26.2500,-110.6000,22.4600,0.997196,115.870074,"-0.20,0.90,-0.38,26.25,-110.60,22.46"
2768,2026-07-27T13:21:48.252,111.078289,0.500400,-0.1600,0.9100,-0.3900,13.7300,-83.6800,12.5100,1.002896,85.716716,"-0.16,0.91,-0.39,13.73,-83.68,12.51"
2769,2026-07-27T13:21:48.252,111.078426,0.136100,-0.1400,0.9200,-0.4100,-0.0600,-53.2200,0.3700,1.016907,53.221320,"-0.14,0.92,-0.41,-0.06,-53.22,0.37"
2770,2026-07-27T13:21:48.253,111.078749,0.323600,-0.1600,0.9100,-0.4100,-9.7000,-34.6700,-5.1300,1.010841,36.365035,"-0.16,0.91,-0.41,-9.70,-34.67,-5.13"
2771,2026-07-27T13:21:48.253,111.079005,0.255400,-0.1800,0.8900,-0.3900,-11.2900,-39.1200,-2.8100,0.988231,40.813412,"-0.18,0.89,-0.39,-11.29,-39.12,-2.81"
2772,2026-07-27T13:21:48.253,111.079353,0.348400,-0.1800,0.8700,-0.3700,-10.8000,-49.6800,-0.1200,0.962393,50.840504,"-0.18,0.87,-0.37,-10.80,-49.68,-0.12"
2773,2026-07-27T13:21:48.253,111.079619,0.266000,-0.2000,0.8700,-0.3800,-18.6800,-46.8100,0.4900,0.970206,50.401970,"-0.20,0.87,-0.38,-18.68,-46.81,0.49"
2774,2026-07-27T13:21:48.254,111.080024,0.404500,-0.2000,0.8800,-0.4100,-30.4600,-41.6300,1.9500,0.991211,51.620451,"-0.20,0.88,-0.41,-30.46,-41.63,1.95"
2775,2026-07-27T13:21:48.254,111.080306,0.282800,-0.1000,0.8500,-0.4400,-32.5900,-33.3900,0.3700,0.962341,46.659802,"-0.10,0.85,-0.44,-32.59,-33.39,0.37"
2776,2026-07-27T13:21:48.365,111.191682,111.376100,-0.0200,0.8400,-0.4800,-23.5600,-4.6400,-6.5300,0.967678,24.884616,"-0.02,0.84,-0.48,-23.56,-4.64,-6.53"
2777,2026-07-27T13:21:48.366,111.192356,0.673900,-0.0600,0.9700,-0.5200,-10.6200,29.7200,-5.3700,1.102225,32.014055,"-0.06,0.97,-0.52,-10.62,29.72,-5.37"
2778,2026-07-27T13:21:48.367,111.192941,0.584700,-0.1900,1.0900,-0.5200,9.7000,41.7500,16.5400,1.222538,45.942617,"-0.19,1.09,-0.52,9.70,41.75,16.54"
2779,2026-07-27T13:21:48.425,111.251639,58.697700,-0.2900,1.0000,-0.4200,45.9000,20.5100,59.3300,1.122720,77.765796,"-0.29,1.00,-0.42,45.90,20.51,59.33"
2780,2026-07-27T13:21:48.485,111.311176,59.537700,-0.2500,1.0300,-0.1900,99.6700,-40.7100,105.9000,1.076801,151.017294,"-0.25,1.03,-0.19,99.67,-40.71,105.90"
2781,2026-07-27T13:21:48.785,111.611269,300.093100,0.0100,1.3400,0.1600,144.5900,-154.2400,128.7200,1.349555,247.517846,"0.01,1.34,0.16,144.59,-154.24,128.72"
2782,2026-07-27T13:21:48.786,111.611896,0.626700,0.1000,1.4400,0.1800,114.0700,-146.3000,102.0500,1.454648,211.730625,"0.10,1.44,0.18,114.07,-146.30,102.05"
2783,2026-07-27T13:21:48.786,111.612625,0.728800,-0.1500,1.1400,-0.1100,6.3500,40.3400,49.6800,1.155076,64.309723,"-0.15,1.14,-0.11,6.35,40.34,49.68"
2784,2026-07-27T13:21:48.787,111.613344,0.718800,-0.3200,0.8200,-0.2200,-78.1200,160.4600,17.3300,0.907304,179.305535,"-0.32,0.82,-0.22,-78.12,160.46,17.33"
2785,2026-07-27T13:21:48.788,111.614135,0.791700,-0.3400,0.7100,-0.2100,-73.2400,137.5100,3.2300,0.814739,155.831738,"-0.34,0.71,-0.21,-73.24,137.51,3.23"
2786,2026-07-27T13:21:48.788,111.614600,0.464900,-0.2600,0.7700,-0.2000,-14.9500,50.2300,-5.0000,0.836959,52.645564,"-0.26,0.77,-0.20,-14.95,50.23,-5.00"
2787,2026-07-27T13:21:48.789,111.615155,0.554700,-0.1200,0.9200,-0.1800,33.3300,-34.2400,-9.0900,0.945093,48.640463,"-0.12,0.92,-0.18,33.33,-34.24,-9.09"
2788,2026-07-27T13:21:48.789,111.615644,0.488500,0.0800,1.0300,-0.1800,43.9500,-67.5000,-11.2900,1.048666,81.334597,"0.08,1.03,-0.18,43.95,-67.50,-11.29"
2789,2026-07-27T13:21:48.905,111.731522,115.878700,0.2100,1.0100,-0.3000,22.2200,-47.8500,-12.1500,1.074337,54.138465,"0.21,1.01,-0.30,22.22,-47.85,-12.15"
2790,2026-07-27T13:21:48.965,111.791023,59.501200,0.1900,0.9300,-0.4700,-1.8900,-18.8000,-7.3900,1.059198,20.288524,"0.19,0.93,-0.47,-1.89,-18.80,-7.39"
2791,2026-07-27T13:21:48.966,111.792053,1.029900,0.1100,0.8900,-0.5100,-6.9600,-10.1900,2.4400,1.031649,12.579002,"0.11,0.89,-0.51,-6.96,-10.19,2.44"
2792,2026-07-27T13:21:48.967,111.792922,0.868200,0.0800,0.8700,-0.4400,-0.9800,-6.2300,10.5600,0.978213,12.299874,"0.08,0.87,-0.44,-0.98,-6.23,10.56"
2793,2026-07-27T13:21:48.970,111.796129,3.207400,0.0600,0.8500,-0.3200,5.3700,-5.0700,11.6000,0.910220,13.751429,"0.06,0.85,-0.32,5.37,-5.07,11.60"
2794,2026-07-27T13:21:49.025,111.851637,55.507900,-0.0300,0.8400,-0.2700,10.3100,-19.9600,1.5900,0.882836,22.521674,"-0.03,0.84,-0.27,10.31,-19.96,1.59"
2795,2026-07-27T13:21:49.205,112.031485,179.847800,-0.2300,0.9400,-0.2600,13.9800,-46.9400,-14.7100,1.002048,51.138910,"-0.23,0.94,-0.26,13.98,-46.94,-14.71"
2796,2026-07-27T13:21:49.206,112.031983,0.498400,-0.3100,1.2200,-0.3300,13.0000,-72.5700,-28.8100,1.301307,79.154412,"-0.31,1.22,-0.33,13.00,-72.57,-28.81"
2797,2026-07-27T13:21:49.206,112.032626,0.643100,-0.1600,1.2800,-0.4600,4.1500,-47.1800,-37.5400,1.369525,60.435308,"-0.16,1.28,-0.46,4.15,-47.18,-37.54"
2798,2026-07-27T13:21:49.275,112.101124,68.497800,-0.1100,0.8700,-0.4200,-2.9300,13.4300,-31.6800,0.972317,34.533639,"-0.11,0.87,-0.42,-2.93,13.43,-31.68"
2799,2026-07-27T13:21:49.275,112.101561,0.436700,-0.2300,0.6000,-0.3000,12.6300,-3.8500,-6.2300,0.709154,14.599736,"-0.23,0.60,-0.30,12.63,-3.85,-6.23"
2800,2026-07-27T13:21:49.276,112.102144,0.583300,-0.3400,0.7600,-0.2900,29.1100,-70.3100,13.6700,0.881646,77.315956,"-0.34,0.76,-0.29,29.11,-70.31,13.67"
2801,2026-07-27T13:21:49.387,112.213393,111.249500,-0.3900,0.9100,-0.3500,16.3000,-90.4500,15.5600,1.050095,93.214838,"-0.39,0.91,-0.35,16.30,-90.45,15.56"
2802,2026-07-27T13:21:49.388,112.214129,0.735900,-0.3800,0.9000,-0.4000,-8.0000,-71.2300,12.1500,1.055651,72.700312,"-0.38,0.90,-0.40,-8.00,-71.23,12.15"
2803,2026-07-27T13:21:49.389,112.214788,0.658700,-0.3200,0.8800,-0.4500,-21.9100,-38.7600,0.7300,1.038894,44.529974,"-0.32,0.88,-0.45,-21.91,-38.76,0.73"
2804,2026-07-27T13:21:49.446,112.271912,57.123600,-0.2600,0.8700,-0.4700,-19.6500,-18.6800,-12.0800,1.022448,29.681498,"-0.26,0.87,-0.47,-19.65,-18.68,-12.08"
2805,2026-07-27T13:21:49.446,112.272701,0.789800,-0.2200,0.8500,-0.4400,-5.6200,-34.1800,-8.7900,0.982090,35.736828,"-0.22,0.85,-0.44,-5.62,-34.18,-8.79"
2806,2026-07-27T13:21:49.506,112.331771,59.069200,-0.2100,0.8600,-0.4000,13.4300,-77.9400,7.3200,0.971442,79.426638,"-0.21,0.86,-0.40,13.43,-77.94,7.32"
2807,2026-07-27T13:21:49.565,112.391320,59.549700,-0.2200,0.8900,-0.3800,27.8900,-112.3000,19.5900,0.992421,117.358043,"-0.22,0.89,-0.38,27.89,-112.30,19.59"
2808,2026-07-27T13:21:49.565,112.391407,0.086200,-0.2500,0.9000,-0.3600,28.9900,-109.9200,20.5700,1.001049,115.524679,"-0.25,0.90,-0.36,28.99,-109.92,20.57"
2809,2026-07-27T13:21:49.625,112.451492,60.085800,-0.2500,0.8900,-0.3400,20.5100,-76.3500,9.4000,0.984987,79.613709,"-0.25,0.89,-0.34,20.51,-76.35,9.40"
2810,2026-07-27T13:21:49.746,112.571828,120.335900,-0.2100,0.9000,-0.3400,12.5100,-32.9600,-9.2200,0.984733,36.439952,"-0.21,0.90,-0.34,12.51,-32.96,-9.22"
2811,2026-07-27T13:21:49.746,112.572463,0.634700,-0.1600,0.9200,-0.3600,5.9200,-2.5000,-20.4500,1.000800,21.435925,"-0.16,0.92,-0.36,5.92,-2.50,-20.45"
2812,2026-07-27T13:21:49.747,112.572804,0.341500,-0.1800,0.8900,-0.4300,1.7100,-34.4800,18.5500,1.004689,39.190522,"-0.18,0.89,-0.43,1.71,-34.48,18.55"
2813,2026-07-27T13:21:50.046,112.872319,299.514900,-0.2600,0.8400,-0.4900,26.3100,-98.6300,48.7700,1.006628,113.130924,"-0.26,0.84,-0.49,26.31,-98.63,48.77"
2814,2026-07-27T13:21:50.047,112.872929,0.609400,-0.3000,0.8500,-0.4600,48.6500,-110.3500,43.6400,1.011978,128.251295,"-0.30,0.85,-0.46,48.65,-110.35,43.64"
2815,2026-07-27T13:21:50.047,112.873570,0.641600,-0.2500,0.9200,-0.3700,42.8500,-60.7300,12.3300,1.022644,75.341120,"-0.25,0.92,-0.37,42.85,-60.73,12.33"
2816,2026-07-27T13:21:50.048,112.874185,0.614900,-0.1300,0.9700,-0.3200,23.3200,-7.1400,-6.4700,1.029660,25.232180,"-0.13,0.97,-0.32,23.32,-7.14,-6.47"
2817,2026-07-27T13:21:50.049,112.875159,0.974200,-0.0600,0.9800,-0.3400,10.5000,16.9700,11.7800,1.039038,23.173245,"-0.06,0.98,-0.34,10.50,16.97,11.78"
2818,2026-07-27T13:21:50.050,112.876179,1.019300,-0.0800,1.0000,-0.3600,10.7400,-11.3500,75.8100,1.065833,77.403658,"-0.08,1.00,-0.36,10.74,-11.35,75.81"
2819,2026-07-27T13:21:50.050,112.876664,0.485600,-0.3400,1.1700,-0.0600,24.0500,-115.6000,172.3000,1.219877,208.875687,"-0.34,1.17,-0.06,24.05,-115.60,172.30"
2820,2026-07-27T13:21:50.051,112.876758,0.093700,-0.2800,1.3100,-0.1400,23.3200,-181.2100,219.1800,1.346885,285.343230,"-0.28,1.31,-0.14,23.32,-181.21,219.18"
2821,2026-07-27T13:21:50.165,112.991594,114.836200,-0.0600,1.2700,-0.1000,-19.7100,-123.9600,171.7500,1.275343,212.726651,"-0.06,1.27,-0.10,-19.71,-123.96,171.75"
2822,2026-07-27T13:21:50.166,112.991938,0.343900,-0.0900,0.9700,-0.1200,-75.0700,-20.2600,95.0300,0.981529,122.787106,"-0.09,0.97,-0.12,-75.07,-20.26,95.03"
2823,2026-07-27T13:21:50.166,112.992471,0.532900,-0.3000,0.6500,-0.2100,-89.8400,41.8100,43.5800,0.746056,108.252104,"-0.30,0.65,-0.21,-89.84,41.81,43.58"
2824,2026-07-27T13:21:50.285,113.111159,118.688400,-0.3700,0.5700,-0.2400,-48.4000,12.5100,19.8400,0.720694,53.783694,"-0.37,0.57,-0.24,-48.40,12.51,19.84"
2825,2026-07-27T13:21:50.285,113.111737,0.577400,-0.2300,0.7000,-0.2400,13.7300,-66.2200,6.2300,0.774919,67.914757,"-0.23,0.70,-0.24,13.73,-66.22,6.23"
2826,2026-07-27T13:21:50.406,113.232335,120.597800,-0.0600,0.8200,-0.2700,55.7300,-120.0600,-12.0800,0.865390,132.914119,"-0.06,0.82,-0.27,55.73,-120.06,-12.08"
2827,2026-07-27T13:21:50.407,113.232774,0.439000,0.1000,0.8900,-0.3500,72.1400,-120.1200,-36.9300,0.961561,144.902791,"0.10,0.89,-0.35,72.14,-120.12,-36.93"
2828,2026-07-27T13:21:50.407,113.233317,0.543800,0.2900,0.9800,-0.4800,69.0900,-93.0200,-58.5300,1.129115,129.814904,"0.29,0.98,-0.48,69.09,-93.02,-58.53"
2829,2026-07-27T13:21:50.409,113.234814,1.496600,0.4700,1.0900,-0.5800,49.3800,-54.6300,-68.2400,1.321136,100.396807,"0.47,1.09,-0.58,49.38,-54.63,-68.24"
2830,2026-07-27T13:21:50.586,113.411854,177.040000,0.4500,1.0800,-0.5700,30.1500,-13.5500,-52.7300,1.301461,62.234057,"0.45,1.08,-0.57,30.15,-13.55,-52.73"
2831,2026-07-27T13:21:50.586,113.412621,0.767300,0.0800,1.0300,-0.3900,22.9500,-8.4200,-11.7200,1.104264,27.110096,"0.08,1.03,-0.39,22.95,-8.42,-11.72"
2832,2026-07-27T13:21:50.587,113.412785,0.163300,-0.2100,1.1300,-0.1800,14.7700,-35.2800,13.7300,1.163357,40.636735,"-0.21,1.13,-0.18,14.77,-35.28,13.73"
2833,2026-07-27T13:21:50.588,113.414457,1.672300,-0.2300,1.2000,-0.1600,-10.1900,-29.7900,3.3000,1.232274,31.657072,"-0.23,1.20,-0.16,-10.19,-29.79,3.30"
2834,2026-07-27T13:21:50.765,113.591096,176.639300,-0.2900,0.9400,-0.2400,-47.7300,38.6400,-16.1100,1.012571,63.488067,"-0.29,0.94,-0.24,-47.73,38.64,-16.11"
2835,2026-07-27T13:21:50.766,113.591885,0.788300,-0.3900,0.6700,-0.2900,-49.7400,64.3900,-16.9100,0.827708,83.102875,"-0.39,0.67,-0.29,-49.74,64.39,-16.91"
2836,2026-07-27T13:21:50.766,113.592620,0.735300,-0.4500,0.7100,-0.3500,-12.8200,-20.3200,5.6800,0.910549,24.688402,"-0.45,0.71,-0.35,-12.82,-20.32,5.68"
2837,2026-07-27T13:21:50.767,113.593230,0.609900,-0.4500,0.8800,-0.4300,1.5300,-80.0800,19.3500,1.077868,82.398846,"-0.45,0.88,-0.43,1.53,-80.08,19.35"
2838,2026-07-27T13:21:50.767,113.593510,0.280100,-0.4000,0.9000,-0.4400,-10.1900,-46.3900,3.5400,1.078703,47.627721,"-0.40,0.90,-0.44,-10.19,-46.39,3.54"
2839,2026-07-27T13:21:50.886,113.711978,118.467800,-0.3300,0.8600,-0.4200,-11.5400,-14.8900,-15.9900,1.012373,24.709589,"-0.33,0.86,-0.42,-11.54,-14.89,-15.99"
2840,2026-07-27T13:21:50.886,113.712461,0.483500,-0.2800,0.8600,-0.4000,3.6000,-35.6400,-16.9100,0.988939,39.612090,"-0.28,0.86,-0.40,3.60,-35.64,-16.91"
2841,2026-07-27T13:21:50.887,113.712858,0.397300,-0.2400,0.8800,-0.3800,20.1400,-69.7000,-11.1700,0.988130,73.406257,"-0.24,0.88,-0.38,20.14,-69.70,-11.17"
2842,2026-07-27T13:21:50.946,113.772151,59.292900,-0.1900,0.9300,-0.3700,27.5300,-84.0500,-11.7800,1.018774,89.224838,"-0.19,0.93,-0.37,27.53,-84.05,-11.78"
2843,2026-07-27T13:21:51.246,114.072332,300.180100,-0.1700,0.9400,-0.3600,22.0900,-78.6100,-12.9400,1.020833,82.673719,"-0.17,0.94,-0.36,22.09,-78.61,-12.94"
2844,2026-07-27T13:21:51.247,114.072857,0.525200,-0.1700,0.9000,-0.3500,10.1900,-67.2600,-10.2500,0.980510,68.795394,"-0.17,0.90,-0.35,10.19,-67.26,-10.25"
2845,2026-07-27T13:21:51.247,114.073454,0.597100,-0.1800,0.8800,-0.3500,0.0000,-59.2000,-7.0800,0.964002,59.621862,"-0.18,0.88,-0.35,0.00,-59.20,-7.08"
2846,2026-07-27T13:21:51.248,114.073778,0.323900,-0.1700,0.8700,-0.3700,-6.7100,-54.7500,-5.9200,0.960573,55.476418,"-0.17,0.87,-0.37,-6.71,-54.75,-5.92"
2847,2026-07-27T13:21:51.248,114.074319,0.541100,-0.1500,0.9000,-0.4500,-15.4400,-42.7200,-8.5400,1.017349,46.220381,"-0.15,0.90,-0.45,-15.44,-42.72,-8.54"
2848,2026-07-27T13:21:51.249,114.074947,0.627700,-0.2200,0.8800,-0.6200,-23.0700,-41.9900,-3.8500,1.098727,48.064618,"-0.22,0.88,-0.62,-23.07,-41.99,-3.85"
2849,2026-07-27T13:21:51.250,114.076020,1.073300,-0.2500,0.8100,-0.6600,0.0000,-90.6400,19.1700,1.074337,92.645013,"-0.25,0.81,-0.66,0.00,-90.64,19.17"
2850,2026-07-27T13:21:51.250,114.076530,0.510200,-0.1700,0.8500,-0.4800,41.8700,-117.6800,29.6000,0.990858,128.366036,"-0.17,0.85,-0.48,41.87,-117.68,29.60"
2851,2026-07-27T13:21:51.485,114.311634,235.104300,-0.0300,0.9700,-0.3300,41.1400,-29.4200,-4.2700,1.025037,50.756959,"-0.03,0.97,-0.33,41.14,-29.42,-4.27"
2852,2026-07-27T13:21:51.486,114.312339,0.705200,0.0500,1.0900,-0.3500,-1.2200,110.5300,-46.2600,1.145906,119.826361,"0.05,1.09,-0.35,-1.22,110.53,-46.26"
2853,2026-07-27T13:21:51.487,114.313206,0.867000,-0.0100,1.1200,-0.3500,-28.1400,156.7400,-25.8800,1.173456,161.335246,"-0.01,1.12,-0.35,-28.14,156.74,-25.88"
2854,2026-07-27T13:21:51.488,114.314090,0.883400,-0.2200,1.0500,-0.2500,-13.7300,61.2200,75.6800,1.101544,98.304953,"-0.22,1.05,-0.25,-13.73,61.22,75.68"
2855,2026-07-27T13:21:51.488,114.314193,0.103000,-0.4400,1.0800,-0.1300,30.5200,-79.3500,178.2800,1.173414,197.513674,"-0.44,1.08,-0.13,30.52,-79.35,178.28"
2856,2026-07-27T13:21:51.488,114.314658,0.464700,-0.4500,1.2300,-0.0900,68.9100,-138.7300,182.8600,1.312821,239.650538,"-0.45,1.23,-0.09,68.91,-138.73,182.86"
2857,2026-07-27T13:21:51.545,114.371599,56.941400,-0.1700,1.2300,-0.1200,53.4700,-38.5100,96.8600,1.247477,117.149138,"-0.17,1.23,-0.12,53.47,-38.51,96.86"
2858,2026-07-27T13:21:51.605,114.431606,60.007000,-0.0100,1.0500,-0.2000,-8.3600,133.0000,19.7100,1.068925,134.712188,"-0.01,1.05,-0.20,-8.36,133.00,19.71"
2859,2026-07-27T13:21:51.606,114.432104,0.498400,-0.2000,0.8100,-0.2400,-49.8000,198.8500,2.6900,0.868159,205.008777,"-0.20,0.81,-0.24,-49.80,198.85,2.69"
2860,2026-07-27T13:21:51.666,114.491810,59.705800,-0.3600,0.6600,-0.2100,-33.6900,134.7700,11.5400,0.780577,139.395626,"-0.36,0.66,-0.21,-33.69,134.77,11.54"
2861,2026-07-27T13:21:51.725,114.551477,59.666900,-0.2600,0.6900,-0.1700,13.9200,30.5200,11.6000,0.756703,35.493616,"-0.26,0.69,-0.17,13.92,30.52,11.60"
2862,2026-07-27T13:21:51.726,114.552312,0.835400,0.0200,0.8600,-0.0700,46.5700,-43.8800,-1.4600,0.863076,64.002741,"0.02,0.86,-0.07,46.57,-43.88,-1.46"
2863,2026-07-27T13:21:51.845,114.671523,119.210900,0.3300,1.0400,-0.0500,39.4300,-62.7400,-14.6500,1.092245,75.535786,"0.33,1.04,-0.05,39.43,-62.74,-14.65"
2864,2026-07-27T13:21:51.846,114.672015,0.492000,0.3400,1.0600,-0.2400,1.3400,-27.8300,-16.7800,1.138771,32.524958,"0.34,1.06,-0.24,1.34,-27.83,-16.78"
2865,2026-07-27T13:21:51.847,114.672966,0.951000,0.0600,0.8800,-0.4500,-23.4400,5.1900,-11.2900,0.990202,26.529866,"0.06,0.88,-0.45,-23.44,5.19,-11.29"
2866,2026-07-27T13:21:51.906,114.731950,58.983900,-0.1400,0.7700,-0.4800,-4.7600,-0.1800,-14.2800,0.918096,15.053518,"-0.14,0.77,-0.48,-4.76,-0.18,-14.28"
2867,2026-07-27T13:21:52.145,114.971256,239.305900,-0.0200,0.8800,-0.4800,28.4400,-9.1600,-34.0600,1.002597,45.308088,"-0.02,0.88,-0.48,28.44,-9.16,-34.06"
2868,2026-07-27T13:21:52.145,114.971346,0.089500,0.1400,1.0800,-0.4800,41.9900,-8.0600,-53.7700,1.190126,68.697428,"0.14,1.08,-0.48,41.99,-8.06,-53.77"
2869,2026-07-27T13:21:52.146,114.972548,1.202500,0.0900,1.3200,-0.3200,44.3700,-51.8200,-45.2900,1.361213,81.885245,"0.09,1.32,-0.32,44.37,-51.82,-45.29"
2870,2026-07-27T13:21:52.147,114.973130,0.582000,-0.1000,1.3000,-0.1500,27.8900,-106.0800,-15.5000,1.312440,110.774855,"-0.10,1.30,-0.15,27.89,-106.08,-15.50"
2871,2026-07-27T13:21:52.147,114.973667,0.536900,-0.2400,0.9400,-0.1800,-15.2600,-62.0700,-3.1100,0.986712,63.993942,"-0.24,0.94,-0.18,-15.26,-62.07,-3.11"
2872,2026-07-27T13:21:52.148,114.974503,0.836300,-0.2900,0.7000,-0.3100,-35.9500,-6.0400,-3.2300,0.818657,36.596680,"-0.29,0.70,-0.31,-35.95,-6.04,-3.23"
2873,2026-07-27T13:21:52.385,115.211167,236.663400,-0.3000,0.7600,-0.4100,-27.5300,-18.5500,2.5000,0.914166,33.290440,"-0.30,0.76,-0.41,-27.53,-18.55,2.50"
2874,2026-07-27T13:21:52.385,115.211583,0.416300,-0.3300,0.8300,-0.4400,-22.9500,-18.0700,0.7300,0.995691,29.219177,"-0.33,0.83,-0.44,-22.95,-18.07,0.73"
2875,2026-07-27T13:21:52.386,115.212120,0.537300,-0.3600,0.8500,-0.4200,-20.6300,3.3600,-10.0700,1.014150,23.201108,"-0.36,0.85,-0.42,-20.63,3.36,-10.07"
2876,2026-07-27T13:21:52.387,115.213006,0.885900,-0.3300,0.8500,-0.4200,-9.7700,0.0000,-18.9200,1.003892,21.293645,"-0.33,0.85,-0.42,-9.77,0.00,-18.92"
2877,2026-07-27T13:21:52.387,115.213672,0.666100,-0.2500,0.8600,-0.4000,9.0900,-27.8900,-21.9100,0.980867,36.613226,"-0.25,0.86,-0.40,9.09,-27.89,-21.91"
2878,2026-07-27T13:21:52.388,115.214533,0.860500,-0.1800,0.9000,-0.3900,26.4900,-60.9700,-18.3700,0.997246,68.967513,"-0.18,0.90,-0.39,26.49,-60.97,-18.37"
2879,2026-07-27T13:21:52.505,115.331605,117.071900,-0.1500,0.9100,-0.3800,35.2200,-91.3700,-7.0800,0.997497,98.178672,"-0.15,0.91,-0.38,35.22,-91.37,-7.08"
2880,2026-07-27T13:21:52.506,115.332077,0.472000,-0.1500,0.9000,-0.3800,36.1300,-108.0300,4.0900,0.988383,113.985025,"-0.15,0.90,-0.38,36.13,-108.03,4.09"
2881,2026-07-27T13:21:52.506,115.332634,0.557600,-0.1600,0.8900,-0.3600,31.6800,-86.1800,-1.3400,0.973293,91.828157,"-0.16,0.89,-0.36,31.68,-86.18,-1.34"
2882,2026-07-27T13:21:52.746,115.571829,239.195000,-0.1700,0.8800,-0.3400,21.3600,-33.6300,-19.8400,0.958593,44.506765,"-0.17,0.88,-0.34,21.36,-33.63,-19.84"
2883,2026-07-27T13:21:52.746,115.572162,0.332600,-0.2100,0.8800,-0.3800,9.0900,-5.0700,-25.8800,0.981275,27.894577,"-0.21,0.88,-0.38,9.09,-5.07,-25.88"
2884,2026-07-27T13:21:52.746,115.572673,0.511500,-0.2400,0.8800,-0.4700,9.5800,-64.9400,14.9500,1.026109,67.323714,"-0.24,0.88,-0.47,9.58,-64.94,14.95"
2885,2026-07-27T13:21:52.747,115.572937,0.264000,-0.2000,0.8900,-0.5100,22.4600,-70.3700,28.0800,1.045084,79.024521,"-0.20,0.89,-0.51,22.46,-70.37,28.08"
2886,2026-07-27T13:21:53.045,115.870785,297.847500,-0.1300,0.9300,-0.4400,28.0800,-53.5900,31.7400,1.037015,68.321315,"-0.13,0.93,-0.44,28.08,-53.59,31.74"
2887,2026-07-27T13:21:53.046,115.872076,1.291300,-0.0800,0.9700,-0.3800,29.1100,-48.1000,40.3400,1.044844,69.197671,"-0.08,0.97,-0.38,29.11,-48.10,40.34"
2888,2026-07-27T13:21:53.047,115.873065,0.988800,-0.0500,0.9700,-0.3500,33.3900,-54.3200,67.8100,1.032424,93.079271,"-0.05,0.97,-0.35,33.39,-54.32,67.81"
2889,2026-07-27T13:21:53.048,115.874034,0.969100,-0.0800,1.0300,-0.3500,39.6700,-77.5100,122.6800,1.090780,150.438996,"-0.08,1.03,-0.35,39.67,-77.51,122.68"
2890,2026-07-27T13:21:53.049,115.875079,1.045300,-0.2100,1.2100,-0.4300,43.4000,-92.5300,163.0200,1.301192,192.408111,"-0.21,1.21,-0.43,43.40,-92.53,163.02"
2891,2026-07-27T13:21:53.049,115.875539,0.459600,-0.2800,1.3100,-0.3000,25.0200,-70.6200,143.2500,1.372771,161.659356,"-0.28,1.31,-0.30,25.02,-70.62,143.25"
2892,2026-07-27T13:21:53.050,115.876125,0.586000,-0.1500,1.1900,0.0000,-13.3700,13.2400,89.6600,1.199417,91.613155,"-0.15,1.19,0.00,-13.37,13.24,89.66"
2893,2026-07-27T13:21:53.051,115.876861,0.736300,-0.3900,0.6400,-0.2300,-33.7500,93.2000,47.0600,0.783964,109.726688,"-0.39,0.64,-0.23,-33.75,93.20,47.06"
2894,2026-07-27T13:21:53.051,115.877524,0.662500,-0.4500,0.6200,-0.2400,-19.3500,48.8300,25.2100,0.802808,58.260926,"-0.45,0.62,-0.24,-19.35,48.83,25.21"
2895,2026-07-27T13:21:53.285,116.110883,233.358800,-0.3200,0.7300,-0.2400,20.5100,-61.5200,5.6200,0.832406,65.091896,"-0.32,0.73,-0.24,20.51,-61.52,5.62"
2896,2026-07-27T13:21:53.285,116.111491,0.608000,-0.1400,0.8000,-0.3200,56.8200,-126.7700,-21.8500,0.872926,140.629185,"-0.14,0.80,-0.32,56.82,-126.77,-21.85"
2897,2026-07-27T13:21:53.286,116.111977,0.485900,0.0100,0.8700,-0.4000,51.9400,-122.2500,-46.3300,0.957601,140.674429,"0.01,0.87,-0.40,51.94,-122.25,-46.33"
2898,2026-07-27T13:21:53.287,116.113142,1.165600,0.1400,0.9900,-0.5100,5.3700,-67.1400,-61.8900,1.122408,91.471245,"0.14,0.99,-0.51,5.37,-67.14,-61.89"
2899,2026-07-27T13:21:53.405,116.231338,118.195700,0.3200,1.0600,-0.6600,-37.3500,22.5200,-75.2000,1.289031,86.932232,"0.32,1.06,-0.66,-37.35,22.52,-75.20"
2900,2026-07-27T13:21:53.406,116.231951,0.613100,0.3200,1.0300,-0.6600,-32.4700,111.5100,-79.8300,1.264476,140.931224,"0.32,1.03,-0.66,-32.47,111.51,-79.83"
2901,2026-07-27T13:21:53.645,116.470903,238.952400,0.0000,1.0800,-0.5400,5.1900,86.7900,-46.0800,1.207477,98.401253,"0.00,1.08,-0.54,5.19,86.79,-46.08"
2902,2026-07-27T13:21:53.646,116.471775,0.871400,-0.3500,1.2600,-0.1900,30.3300,-70.8600,22.3400,1.321439,80.250384,"-0.35,1.26,-0.19,30.33,-70.86,22.34"
2903,2026-07-27T13:21:53.646,116.472347,0.572200,-0.4800,1.0300,0.1000,-2.2600,-115.4800,52.6100,1.140745,126.919463,"-0.48,1.03,0.10,-2.26,-115.48,52.61"
2904,2026-07-27T13:21:53.647,116.472880,0.532700,-0.4300,0.6500,-0.0300,-31.9800,-30.8200,43.8800,0.779936,62.434343,"-0.43,0.65,-0.03,-31.98,-30.82,43.88"
2905,2026-07-27T13:21:53.647,116.473468,0.588300,-0.4400,0.7400,-0.3100,-10.1300,-55.3600,62.5600,0.915041,84.149273,"-0.44,0.74,-0.31,-10.13,-55.36,62.56"
2906,2026-07-27T13:21:53.648,116.474284,0.815600,-0.5800,0.9300,-0.4700,8.9100,-156.9200,94.9700,1.192560,183.637075,"-0.58,0.93,-0.47,8.91,-156.92,94.97"
2907,2026-07-27T13:21:53.649,116.474863,0.579100,-0.6400,0.8800,-0.4400,14.7700,-193.6600,89.6000,1.173712,213.893685,"-0.64,0.88,-0.44,14.77,-193.66,89.60"
2908,2026-07-27T13:21:53.650,116.476021,1.158000,-0.5100,0.8400,-0.3900,9.8300,-154.8500,45.6500,1.057261,161.737670,"-0.51,0.84,-0.39,9.83,-154.85,45.65"
2909,2026-07-27T13:21:53.765,116.591438,115.416900,-0.3100,0.9000,-0.4000,-1.9500,-96.6200,-2.5000,1.032521,96.672007,"-0.31,0.90,-0.40,-1.95,-96.62,-2.50"
2910,2026-07-27T13:21:53.766,116.592325,0.887800,-0.1200,0.9500,-0.4400,-11.1700,-49.0700,-36.8000,1.053803,62.344798,"-0.12,0.95,-0.44,-11.17,-49.07,-36.80"
2911,2026-07-27T13:21:53.767,116.592899,0.573600,0.0100,0.9500,-0.4700,-11.9000,-17.0900,-51.2700,1.059953,55.337971,"0.01,0.95,-0.47,-11.90,-17.09,-51.27"
2912,2026-07-27T13:21:53.767,116.593399,0.499500,0.0400,0.9400,-0.4200,-3.8500,-4.0300,-50.4800,1.030340,50.786748,"0.04,0.94,-0.42,-3.85,-4.03,-50.48"
2913,2026-07-27T13:21:53.768,116.594115,0.716500,0.0100,0.9400,-0.3500,7.2000,-3.4200,-46.2000,1.003095,46.882581,"0.01,0.94,-0.35,7.20,-3.42,-46.20"
2914,2026-07-27T13:21:53.825,116.651622,57.506700,-0.0600,0.9200,-0.3200,11.1700,-10.9900,-36.1900,0.975910,39.436850,"-0.06,0.92,-0.32,11.17,-10.99,-36.19"
2915,2026-07-27T13:21:53.886,116.711966,60.344300,-0.1100,0.8900,-0.3500,8.9700,-38.4500,-12.5700,0.962653,41.435110,"-0.11,0.89,-0.35,8.97,-38.45,-12.57"
2916,2026-07-27T13:21:53.886,116.712316,0.350200,-0.1300,0.9000,-0.4200,5.6800,-67.3200,10.7400,1.001649,68.407546,"-0.13,0.90,-0.42,5.68,-67.32,10.74"
2917,2026-07-27T13:21:54.186,117.012223,299.907100,-0.1000,0.9400,-0.4700,1.7100,-55.1800,14.9500,1.055699,57.194921,"-0.10,0.94,-0.47,1.71,-55.18,14.95"
2918,2026-07-27T13:21:54.187,117.012799,0.575600,-0.0800,0.9600,-0.4300,3.2300,-7.0200,8.1800,1.054941,11.252809,"-0.08,0.96,-0.43,3.23,-7.02,8.18"
2919,2026-07-27T13:21:54.187,117.013133,0.334100,-0.0900,0.9200,-0.3300,10.2500,33.8700,11.2900,0.981529,37.144360,"-0.09,0.92,-0.33,10.25,33.87,11.29"
2920,2026-07-27T13:21:54.187,117.013520,0.386900,-0.1100,0.9300,-0.2600,18.0700,22.7100,43.2100,0.971905,52.051639,"-0.11,0.93,-0.26,18.07,22.71,43.21"
2921,2026-07-27T13:21:54.187,117.013610,0.090400,-0.1900,1.0900,-0.2700,36.0700,-66.1000,114.2000,1.138903,136.791428,"-0.19,1.09,-0.27,36.07,-66.10,114.20"
2922,2026-07-27T13:21:54.189,117.014889,1.279100,-0.3300,1.3400,-0.3100,61.1600,-183.8400,189.0300,1.414426,270.684377,"-0.33,1.34,-0.31,61.16,-183.84,189.03"
2923,2026-07-27T13:21:54.189,117.015355,0.465200,-0.2600,1.3900,-0.1500,60.3600,-193.6600,188.8400,1.422041,277.142690,"-0.26,1.39,-0.15,60.36,-193.66,188.84"
2924,2026-07-27T13:21:54.305,117.131363,116.008400,-0.0600,1.1300,0.0300,14.7700,-57.8600,114.4400,1.131989,129.083098,"-0.06,1.13,0.03,14.77,-57.86,114.44"
2925,2026-07-27T13:21:54.306,117.132262,0.899100,-0.1600,0.7500,-0.0800,-36.5000,96.5000,47.9700,0.771038,113.778824,"-0.16,0.75,-0.08,-36.50,96.50,47.97"
2926,2026-07-27T13:21:54.307,117.132897,0.634600,-0.3800,0.5500,-0.2000,-47.6700,129.1500,23.6800,0.697782,139.688560,"-0.38,0.55,-0.20,-47.67,129.15,23.68"
2927,2026-07-27T13:21:54.365,117.191178,58.281400,-0.4100,0.6400,-0.1900,-15.5000,32.2300,16.6600,0.783454,39.453498,"-0.41,0.64,-0.19,-15.50,32.23,16.66"
2928,2026-07-27T13:21:54.366,117.191745,0.566600,-0.2600,0.8300,-0.1900,31.6200,-73.2400,-2.4400,0.890281,79.811500,"-0.26,0.83,-0.19,31.62,-73.24,-2.44"
2929,2026-07-27T13:21:54.785,117.611242,419.497300,-0.0900,0.9200,-0.2700,55.7900,-102.7800,-35.7700,0.963016,122.293685,"-0.09,0.92,-0.27,55.79,-102.78,-35.77"
2930,2026-07-27T13:21:54.845,117.671519,60.277500,0.0800,0.9700,-0.3900,41.3800,-66.1600,-69.4600,1.048523,104.470769,"0.08,0.97,-0.39,41.38,-66.16,-69.46"
2931,2026-07-27T13:21:54.846,117.671796,0.276600,0.3100,1.0700,-0.5700,6.7700,-9.7000,-91.0000,1.251359,91.765587,"0.31,1.07,-0.57,6.77,-9.70,-91.00"
2932,2026-07-27T13:21:54.846,117.672600,0.803600,0.5200,1.1100,-0.6800,-3.6000,45.7200,-86.4300,1.401749,97.843872,"0.52,1.11,-0.68,-3.60,45.72,-86.43"
2933,2026-07-27T13:21:54.847,117.673116,0.516200,0.3600,0.9900,-0.5500,27.1600,61.2800,-46.3300,1.188360,81.482347,"0.36,0.99,-0.55,27.16,61.28,-46.33"
2934,2026-07-27T13:21:54.847,117.673613,0.497200,-0.1900,1.0200,-0.1400,37.6600,-11.7200,8.2400,1.046948,40.293071,"-0.19,1.02,-0.14,37.66,-11.72,8.24"
2935,2026-07-27T13:21:54.848,117.674354,0.741300,-0.5100,1.2200,0.0800,-0.7300,-87.2800,27.4000,1.324726,91.482738,"-0.51,1.22,0.08,-0.73,-87.28,27.40"
2936,2026-07-27T13:21:54.849,117.674808,0.454100,-0.4400,1.1400,-0.1400,-42.3600,-59.5100,6.4700,1.229959,73.332603,"-0.44,1.14,-0.14,-42.36,-59.51,6.47"
2937,2026-07-27T13:21:54.850,117.675765,0.956800,-0.3400,0.7900,-0.3200,-59.7500,21.1800,-13.3100,0.917660,64.775080,"-0.34,0.79,-0.32,-59.75,21.18,-13.31"
2938,2026-07-27T13:21:54.851,117.677257,1.491600,-0.3000,0.6200,-0.3600,-37.6000,13.7900,-8.4200,0.777174,40.924571,"-0.30,0.62,-0.36,-37.60,13.79,-8.42"
2939,2026-07-27T13:21:54.852,117.677745,0.488200,-0.3100,0.7800,-0.3900,-6.8400,-63.2900,9.6400,0.925527,64.384309,"-0.31,0.78,-0.39,-6.84,-63.29,9.64"
2940,2026-07-27T13:21:54.852,117.678512,0.767300,-0.3600,0.9300,-0.4300,-11.2300,-62.2600,12.3300,1.086002,64.455018,"-0.36,0.93,-0.43,-11.23,-62.26,12.33"
2941,2026-07-27T13:21:54.906,117.731932,53.420100,-0.3900,0.9100,-0.4300,-24.3500,-4.7000,-2.5600,1.079398,24.931227,"-0.39,0.91,-0.43,-24.35,-4.70,-2.56"
2942,2026-07-27T13:21:54.966,117.792263,60.330800,-0.3700,0.8600,-0.4100,-16.9700,10.1300,-14.1600,1.022057,24.312618,"-0.37,0.86,-0.41,-16.97,10.13,-14.16"
2943,2026-07-27T13:21:54.966,117.792643,0.380100,-0.2800,0.8500,-0.3900,0.6100,-15.3800,-18.5500,0.976217,24.104336,"-0.28,0.85,-0.39,0.61,-15.38,-18.55"
2944,2026-07-27T13:21:55.086,117.911809,119.165300,-0.1500,0.9000,-0.3700,13.8500,-31.1300,-25.5100,0.984581,42.563594,"-0.15,0.90,-0.37,13.85,-31.13,-25.51"
2945,2026-07-27T13:21:55.086,117.912572,0.762900,-0.0900,0.9400,-0.3500,20.3200,-25.2700,-30.4600,1.007075,44.489177,"-0.09,0.94,-0.35,20.32,-25.27,-30.46"
2946,2026-07-27T13:21:55.087,117.912999,0.427500,-0.1200,0.9200,-0.3300,25.0200,-22.8300,-25.5100,0.984733,42.402469,"-0.12,0.92,-0.33,25.02,-22.83,-25.51"
2947,2026-07-27T13:21:55.145,117.971618,58.618700,-0.1800,0.8900,-0.3100,30.0300,-32.6500,-17.7600,0.959479,47.783271,"-0.18,0.89,-0.31,30.03,-32.65,-17.76"
2948,2026-07-27T13:21:55.685,118.510897,539.279000,-0.2100,0.9000,-0.2600,31.2500,-29.2400,-20.4500,0.960052,47.431452,"-0.21,0.90,-0.26,31.25,-29.24,-20.45"
2949,2026-07-27T13:21:55.744,118.570593,59.696700,-0.2000,0.8900,-0.2400,18.1300,-1.4600,-28.2600,0.943239,33.607382,"-0.20,0.89,-0.24,18.13,-1.46,-28.26"
2950,2026-07-27T13:21:55.745,118.571210,0.616800,-0.1900,0.9000,-0.3800,-5.2500,2.3800,-21.5500,0.995239,22.307609,"-0.19,0.90,-0.38,-5.25,2.38,-21.55"
2951,2026-07-27T13:21:55.745,118.571722,0.512000,-0.1800,0.9300,-0.5600,-14.3400,-35.9500,-1.0400,1.100409,38.718467,"-0.18,0.93,-0.56,-14.34,-35.95,-1.04"
2952,2026-07-27T13:21:55.865,118.691003,119.280800,-0.1500,0.9800,-0.5700,-0.7300,-50.6600,13.6700,1.143591,52.477018,"-0.15,0.98,-0.57,-0.73,-50.66,13.67"
2953,2026-07-27T13:21:55.865,118.691692,0.688900,-0.0800,1.0200,-0.3600,15.5600,-14.4000,19.1700,1.084620,28.582556,"-0.08,1.02,-0.36,15.56,-14.40,19.17"
2954,2026-07-27T13:21:55.866,118.692347,0.655000,0.0100,1.0200,-0.1400,18.4900,-18.9800,46.5700,1.029612,53.580644,"0.01,1.02,-0.14,18.49,-18.98,46.57"
2955,2026-07-27T13:21:55.867,118.692847,0.500000,-0.0400,1.0700,-0.1500,20.0200,-88.0100,110.3500,1.081203,142.561155,"-0.04,1.07,-0.15,20.02,-88.01,110.35"
2956,2026-07-27T13:21:55.867,118.693561,0.713700,-0.3300,1.2300,-0.3000,28.5600,-95.4600,164.0000,1.308358,191.896548,"-0.33,1.23,-0.30,28.56,-95.46,164.00"
2957,2026-07-27T13:21:55.868,118.694488,0.926800,-0.4900,1.3100,-0.2300,6.7700,-55.3000,141.6600,1.417427,152.221807,"-0.49,1.31,-0.23,6.77,-55.30,141.66"
2958,2026-07-27T13:21:55.869,118.694877,0.389500,-0.1900,1.1900,0.0100,-27.5300,-5.6200,89.2900,1.205114,93.606567,"-0.19,1.19,0.01,-27.53,-5.62,89.29"
2959,2026-07-27T13:21:55.869,118.695694,0.817300,0.0400,0.9700,0.0400,-55.7300,68.9100,52.4900,0.971648,103.003015,"0.04,0.97,0.04,-55.73,68.91,52.49"
2960,2026-07-27T13:21:55.870,118.696579,0.884600,-0.1800,0.7400,-0.1200,-46.3900,59.2700,32.4100,0.770973,81.947380,"-0.18,0.74,-0.12,-46.39,59.27,32.41"
2961,2026-07-27T13:21:55.871,118.697530,0.950700,-0.4300,0.6200,-0.2100,-1.2200,-17.6400,10.8000,0.783199,20.719508,"-0.43,0.62,-0.21,-1.22,-17.64,10.80"
2962,2026-07-27T13:21:55.872,118.698519,0.989900,-0.4200,0.6400,-0.2000,41.5000,-76.1700,-22.6400,0.791202,89.647579,"-0.42,0.64,-0.20,41.50,-76.17,-22.64"
2963,2026-07-27T13:21:55.873,118.699248,0.729000,-0.1800,0.7700,-0.1800,57.8000,-81.1800,-64.2100,0.810987,118.549384,"-0.18,0.77,-0.18,57.80,-81.18,-64.21"
2964,2026-07-27T13:21:55.874,118.699792,0.543400,0.2400,1.0200,-0.2500,35.1600,-42.4200,-96.0100,1.077265,110.695990,"0.24,1.02,-0.25,35.16,-42.42,-96.01"
2965,2026-07-27T13:21:55.874,118.700412,0.620100,0.6800,1.2400,-0.4800,-10.8000,58.0400,-99.9800,1.493452,116.108923,"0.68,1.24,-0.48,-10.80,58.04,-99.98"
2966,2026-07-27T13:21:55.926,118.752628,52.215600,0.0000,1.0100,-0.3400,-32.3500,119.2600,-64.2700,1.065692,139.284253,"0.00,1.01,-0.34,-32.35,119.26,-64.27"
2967,2026-07-27T13:21:55.927,118.753488,0.860200,-0.4200,1.0500,0.0100,-16.9100,53.8300,-17.7600,1.130929,59.152638,"-0.42,1.05,0.01,-16.91,53.83,-17.76"
2968,2026-07-27T13:21:55.985,118.811648,58.159900,-0.3800,1.1900,0.0500,-0.1200,-26.8600,-1.8900,1.250200,26.926680,"-0.38,1.19,0.05,-0.12,-26.86,-1.89"
2969,2026-07-27T13:21:56.047,118.872774,61.126000,-0.2900,1.0300,-0.1800,-13.9200,-7.7500,-13.9800,1.085081,21.195974,"-0.29,1.03,-0.18,-13.92,-7.75,-13.98"
2970,2026-07-27T13:21:56.047,118.873154,0.380800,-0.3300,0.7600,-0.3600,-35.5800,57.6800,-25.4500,0.903383,72.392136,"-0.33,0.76,-0.36,-35.58,57.68,-25.45"
2971,2026-07-27T13:21:56.105,118.931688,58.533300,-0.3500,0.6900,-0.4400,-39.6100,54.8100,-25.4500,0.890056,72.255039,"-0.35,0.69,-0.44,-39.61,54.81,-25.45"
2972,2026-07-27T13:21:56.166,118.992260,60.571800,-0.3500,0.7600,-0.4200,-23.4400,24.4800,-15.3800,0.936216,37.218925,"-0.35,0.76,-0.42,-23.44,24.48,-15.38"
2973,2026-07-27T13:21:56.167,118.993017,0.757700,-0.4600,0.8700,-0.3700,1.6500,35.7100,-2.6200,1.051380,35.843981,"-0.46,0.87,-0.37,1.65,35.71,-2.62"
2974,2026-07-27T13:21:56.225,119.051556,58.538900,-0.4700,0.9500,-0.3800,18.3700,6.4100,2.5000,1.125966,19.616192,"-0.47,0.95,-0.38,18.37,6.41,2.50"
2975,2026-07-27T13:21:56.586,119.411858,360.301700,-0.2900,0.9400,-0.4000,29.4800,-74.6500,-4.8800,1.061932,80.408378,"-0.29,0.94,-0.40,29.48,-74.65,-4.88"
2976,2026-07-27T13:21:56.586,119.412482,0.624400,-0.1200,0.9000,-0.3600,33.6900,-91.7400,-27.2200,0.976729,101.450343,"-0.12,0.90,-0.36,33.69,-91.74,-27.22"
2977,2026-07-27T13:21:56.587,119.413180,0.697300,-0.0500,0.9400,-0.3300,31.7400,-48.8900,-47.9100,0.997497,75.452156,"-0.05,0.94,-0.33,31.74,-48.89,-47.91"
2978,2026-07-27T13:21:56.706,119.532248,119.068600,-0.0600,0.9800,-0.3200,26.5500,-15.5600,-53.3400,1.032666,61.580611,"-0.06,0.98,-0.32,26.55,-15.56,-53.34"
2979,2026-07-27T13:21:56.707,119.533024,0.775600,-0.0900,0.9600,-0.3200,15.6200,-0.2400,-48.5800,1.015923,51.029976,"-0.09,0.96,-0.32,15.62,-0.24,-48.58"
2980,2026-07-27T13:21:56.707,119.533727,0.703000,-0.1200,0.9100,-0.3100,1.5300,13.6700,-41.7500,0.968814,43.957619,"-0.12,0.91,-0.31,1.53,13.67,-41.75"
2981,2026-07-27T13:21:56.708,119.534509,0.781900,-0.1400,0.8900,-0.3200,-10.2500,22.2200,-31.3100,0.956086,39.737979,"-0.14,0.89,-0.32,-10.25,22.22,-31.31"
2982,2026-07-27T13:21:56.765,119.591065,56.555900,-0.1500,0.8900,-0.3500,-22.2200,22.4600,-16.6000,0.968039,35.689494,"-0.15,0.89,-0.35,-22.22,22.46,-16.60"
2983,2026-07-27T13:21:56.766,119.592096,1.031300,-0.1700,0.8800,-0.4100,-28.9300,17.8200,-2.8100,0.985596,34.093891,"-0.17,0.88,-0.41,-28.93,17.82,-2.81"
2984,2026-07-27T13:21:56.766,119.592738,0.642000,-0.2100,0.8300,-0.4600,-19.4700,-10.4400,14.4000,0.971905,26.371092,"-0.21,0.83,-0.46,-19.47,-10.44,14.40"
2985,2026-07-27T13:21:56.767,119.593204,0.466400,-0.2600,0.8400,-0.4700,3.4200,-68.9100,39.4300,0.997046,79.467033,"-0.26,0.84,-0.47,3.42,-68.91,39.43"
2986,2026-07-27T13:21:56.767,119.593480,0.275300,-0.2600,0.9900,-0.4600,22.2800,-96.8600,51.2100,1.122185,111.806628,"-0.26,0.99,-0.46,22.28,-96.86,51.21"
2987,2026-07-27T13:21:56.768,119.594267,0.787800,-0.2200,1.1500,-0.4200,25.0200,-54.9900,33.6900,1.243905,69.173092,"-0.22,1.15,-0.42,25.02,-54.99,33.69"
2988,2026-07-27T13:21:56.769,119.595166,0.898900,-0.1200,1.1200,-0.3000,22.6400,4.7600,9.9500,1.165676,25.183917,"-0.12,1.12,-0.30,22.64,4.76,9.95"
2989,2026-07-27T13:21:56.886,119.711856,116.689800,-0.0400,0.9800,-0.0300,22.3400,-18.6800,31.0700,0.981275,42.583599,"-0.04,0.98,-0.03,22.34,-18.68,31.07"
2990,2026-07-27T13:21:56.886,119.712495,0.639200,-0.1000,0.9500,0.0200,24.4100,-134.1600,103.7000,0.955458,171.313875,"-0.10,0.95,0.02,24.41,-134.16,103.70"
2991,2026-07-27T13:21:56.887,119.713234,0.738700,-0.3100,1.0600,-0.2500,24.6000,-134.8300,137.3900,1.132343,194.062621,"-0.31,1.06,-0.25,24.60,-134.83,137.39"
2992,2026-07-27T13:21:56.946,119.772566,59.331800,-0.3600,1.1200,-0.4000,19.1000,-10.6800,99.0600,1.242578,101.448292,"-0.36,1.12,-0.40,19.10,-10.68,99.06"
2993,2026-07-27T13:21:57.006,119.831884,59.318400,-0.1300,1.0500,-0.2800,8.4200,47.6100,53.2200,1.094440,71.902551,"-0.13,1.05,-0.28,8.42,47.61,53.22"
2994,2026-07-27T13:21:57.006,119.832383,0.498800,-0.0800,0.8900,-0.1400,-18.0700,57.0700,27.2200,0.904489,65.760461,"-0.08,0.89,-0.14,-18.07,57.07,27.22"
2995,2026-07-27T13:21:57.125,119.951647,119.264000,-0.2900,0.7200,-0.0900,-44.0700,88.3200,4.9400,0.781409,98.828088,"-0.29,0.72,-0.09,-44.07,88.32,4.94"
2996,2026-07-27T13:21:57.126,119.952555,0.908400,-0.4000,0.6900,-0.0300,-36.8000,101.5000,-19.9600,0.798123,109.794770,"-0.40,0.69,-0.03,-36.80,101.50,-19.96"
2997,2026-07-27T13:21:57.127,119.952844,0.288800,-0.2800,0.8600,0.0200,-7.5700,70.6200,-44.9800,0.904655,84.069553,"-0.28,0.86,0.02,-7.57,70.62,-44.98"
2998,2026-07-27T13:21:57.245,120.070889,118.044600,0.0500,1.1400,-0.0900,3.4200,40.8300,-73.7300,1.144640,84.349856,"0.05,1.14,-0.09,3.42,40.83,-73.73"
2999,2026-07-27T13:21:57.245,120.071434,0.545500,0.4000,1.3000,-0.2900,-21.0600,34.4200,-89.2300,1.390719,97.929837,"0.40,1.30,-0.29,-21.06,34.42,-89.23"
3000,2026-07-27T13:21:57.246,120.072335,0.901200,0.3400,1.1500,-0.4200,-63.8400,81.4200,-76.1100,1.270630,128.442571,"0.34,1.15,-0.42,-63.84,81.42,-76.11"
