packet_number,timestamp,elapsed_seconds,interval_ms,Xg,Yg,Zg,Xdeg,Ydeg,Zdeg,acceleration_magnitude_g,gyroscope_magnitude_dps,raw_payload
1,2026-07-27T12:57:25.107,0.457807,,-0.3700,-0.3800,0.2800,53.4100,-58.2900,-62.9900,0.599750,101.084580,"-0.37,-0.38,0.28,53.41,-58.29,-62.99"
2,2026-07-27T12:57:25.108,0.458399,0.592200,-0.7300,-0.0600,0.7600,-96.6200,-189.8200,-50.0500,1.055509,218.796845,"-0.73,-0.06,0.76,-96.62,-189.82,-50.05"
3,2026-07-27T12:57:25.125,0.475907,17.507400,-0.8400,0.2200,1.1100,-134.2200,-198.3000,51.7600,1.409291,244.983665,"-0.84,0.22,1.11,-134.22,-198.30,51.76"
4,2026-07-27T12:57:25.201,0.551802,75.895700,-0.7800,0.2600,1.1200,-107.9700,-129.6400,100.0400,1.389388,196.142938,"-0.78,0.26,1.12,-107.97,-129.64,100.04"
5,2026-07-27T12:57:25.202,0.552344,0.541700,-0.6100,0.1100,0.9700,-73.1200,-43.5800,94.9100,1.151130,127.489838,"-0.61,0.11,0.97,-73.12,-43.58,94.91"
6,2026-07-27T12:57:25.245,0.595949,43.604700,-0.5100,-0.0800,0.8800,-52.0000,-10.1900,71.2900,1.020245,88.826236,"-0.51,-0.08,0.88,-52.00,-10.19,71.29"
7,2026-07-27T12:57:25.291,0.642208,46.259600,-0.4900,-0.1100,0.8300,-33.0800,-16.8500,38.3900,0.970103,53.404129,"-0.49,-0.11,0.83,-33.08,-16.85,38.39"
8,2026-07-27T12:57:25.366,0.716581,74.372500,-0.5100,-0.0300,0.8600,-18.9800,-32.2900,24.6600,1.000300,44.844176,"-0.51,-0.03,0.86,-18.98,-32.29,24.66"
9,2026-07-27T12:57:25.368,0.718437,1.855700,-0.5000,0.0500,0.8800,-7.2000,-54.4400,18.3700,1.013361,57.905185,"-0.50,0.05,0.88,-7.20,-54.44,18.37"
10,2026-07-27T12:57:25.411,0.761891,43.454700,-0.4100,0.1200,0.9100,14.8300,-95.9500,-10.9900,1.005286,97.709321,"-0.41,0.12,0.91,14.83,-95.95,-10.99"
11,2026-07-27T12:57:25.441,0.791996,30.105000,-0.2900,0.1600,0.9500,28.2600,-135.3800,-58.4100,1.006082,150.126947,"-0.29,0.16,0.95,28.26,-135.38,-58.41"
12,2026-07-27T12:57:25.530,0.881223,89.227000,-0.2000,0.1400,0.9800,21.0600,-129.2700,-87.5900,1.009950,157.563526,"-0.20,0.14,0.98,21.06,-129.27,-87.59"
13,2026-07-27T12:57:25.531,0.881976,0.753100,-0.1800,0.0600,0.9900,6.2900,-90.6400,-85.0800,1.008018,124.474014,"-0.18,0.06,0.99,6.29,-90.64,-85.08"
14,2026-07-27T12:57:25.590,0.941036,59.059100,-0.1500,0.0100,1.0000,-2.0800,-59.6900,-64.3300,1.011237,87.781384,"-0.15,0.01,1.00,-2.08,-59.69,-64.33"
15,2026-07-27T12:57:25.605,0.955529,14.493800,-0.1000,0.0300,1.0000,-4.3900,-46.5100,-39.3700,1.005435,61.093773,"-0.10,0.03,1.00,-4.39,-46.51,-39.37"
16,2026-07-27T12:57:25.682,1.033096,77.567100,-0.0700,0.0400,1.0000,-6.1000,-46.5700,-25.3300,1.003245,53.362757,"-0.07,0.04,1.00,-6.10,-46.57,-25.33"
17,2026-07-27T12:57:25.684,1.034745,1.648200,-0.0400,0.0100,0.9800,-5.0000,-49.1900,-24.6600,0.980867,55.251893,"-0.04,0.01,0.98,-5.00,-49.19,-24.66"
18,2026-07-27T12:57:25.725,1.075572,40.827100,-0.0200,-0.0200,0.9700,2.8700,-45.3500,-25.9400,0.970412,52.323446,"-0.02,-0.02,0.97,2.87,-45.35,-25.94"
19,2026-07-27T12:57:25.770,1.121108,45.536100,0.0100,-0.0100,0.9800,12.2100,-44.0700,-20.7500,0.980102,50.217641,"0.01,-0.01,0.98,12.21,-44.07,-20.75"
20,2026-07-27T12:57:25.890,1.240691,119.582900,0.0300,0.0200,1.0000,17.2700,-43.8200,-10.8600,1.000650,48.336166,"0.03,0.02,1.00,17.27,-43.82,-10.86"
21,2026-07-27T12:57:25.890,1.241156,0.464900,0.0500,0.0500,1.0200,17.1500,-32.4700,-3.3000,1.022448,36.868868,"0.05,0.05,1.02,17.15,-32.47,-3.30"
22,2026-07-27T12:57:25.891,1.241383,0.227300,0.0500,0.0500,1.0100,13.5500,-18.6200,-0.6100,1.012472,23.036471,"0.05,0.05,1.01,13.55,-18.62,-0.61"
23,2026-07-27T12:57:25.950,1.300701,59.317700,0.0600,0.0500,0.9800,9.4000,-14.2200,-1.2800,0.983107,17.094057,"0.06,0.05,0.98,9.40,-14.22,-1.28"
24,2026-07-27T12:57:26.010,1.360718,60.017700,0.0800,0.0600,0.9700,3.9700,-18.0100,-3.1100,0.975141,18.702756,"0.08,0.06,0.97,3.97,-18.01,-3.11"
25,2026-07-27T12:57:26.010,1.361079,0.360500,0.1000,0.0700,1.0000,-7.2600,-25.3300,-4.8800,1.007422,26.797964,"0.10,0.07,1.00,-7.26,-25.33,-4.88"
26,2026-07-27T12:57:26.131,1.481504,120.424700,0.1300,0.0600,1.0000,-11.7200,-32.8400,-5.6200,1.010198,35.318669,"0.13,0.06,1.00,-11.72,-32.84,-5.62"
27,2026-07-27T12:57:26.131,1.482095,0.591100,0.1500,0.0500,0.9900,-1.7100,-35.2800,-4.0300,1.002547,35.550575,"0.15,0.05,0.99,-1.71,-35.28,-4.03"
28,2026-07-27T12:57:26.132,1.483161,1.066600,0.1800,0.0400,0.9800,2.0100,-37.4800,-2.2600,0.997196,37.601836,"0.18,0.04,0.98,2.01,-37.48,-2.26"
29,2026-07-27T12:57:26.190,1.540726,57.564400,0.2100,0.0400,0.9900,-2.8100,-35.6400,-0.4300,1.012818,35.753190,"0.21,0.04,0.99,-2.81,-35.64,-0.43"
30,2026-07-27T12:57:26.252,1.602337,61.611600,0.2200,0.0300,1.0000,-5.5500,-22.4600,2.9900,1.024353,23.327970,"0.22,0.03,1.00,-5.55,-22.46,2.99"
31,2026-07-27T12:57:26.252,1.602562,0.224700,0.2200,0.0300,0.9700,-2.9300,-7.5700,6.6500,0.995088,10.493441,"0.22,0.03,0.97,-2.93,-7.57,6.65"
32,2026-07-27T12:57:26.370,1.720390,117.828400,0.2000,0.0300,0.9400,3.3600,1.4600,8.7900,0.961509,9.522883,"0.20,0.03,0.94,3.36,1.46,8.79"
33,2026-07-27T12:57:26.370,1.720785,0.394100,0.2000,0.0400,0.9300,6.4100,0.7900,8.4200,0.952103,10.611720,"0.20,0.04,0.93,6.41,0.79,8.42"
34,2026-07-27T12:57:26.371,1.721562,0.777500,0.2100,0.0500,0.9500,5.8600,-4.5800,6.5900,0.974218,9.937007,"0.21,0.05,0.95,5.86,-4.58,6.59"
35,2026-07-27T12:57:26.490,1.840454,118.892300,0.2100,0.0700,0.9800,5.6800,-6.0400,4.1500,1.004689,9.271812,"0.21,0.07,0.98,5.68,-6.04,4.15"
36,2026-07-27T12:57:26.490,1.840910,0.456100,0.2100,0.0800,0.9800,5.9200,-3.0500,0.6700,1.005435,6.693116,"0.21,0.08,0.98,5.92,-3.05,0.67"
37,2026-07-27T12:57:26.490,1.841252,0.342100,0.2100,0.0700,0.9600,0.0000,0.2400,-6.5900,0.985190,6.594369,"0.21,0.07,0.96,0.00,0.24,-6.59"
38,2026-07-27T12:57:26.731,2.081713,240.461000,0.2200,0.0600,0.9400,-5.6800,-4.4600,-4.7600,0.967264,8.649370,"0.22,0.06,0.94,-5.68,-4.46,-4.76"
39,2026-07-27T12:57:26.732,2.082920,1.206800,0.2200,0.0500,0.9400,-11.1100,-10.9300,-2.6200,0.966695,15.803841,"0.22,0.05,0.94,-11.11,-10.93,-2.62"
40,2026-07-27T12:57:26.733,2.083720,0.799400,0.2300,0.0400,0.9600,-13.0600,-14.2200,-2.6900,0.987978,19.493796,"0.23,0.04,0.96,-13.06,-14.22,-2.69"
41,2026-07-27T12:57:26.733,2.084062,0.342100,0.2400,0.0400,0.9800,-13.4900,-14.8300,-3.1700,1.009752,20.296746,"0.24,0.04,0.98,-13.49,-14.83,-3.17"
42,2026-07-27T12:57:26.734,2.084323,0.260800,0.2500,0.0300,0.9800,-14.2200,-15.2600,-3.2300,1.011830,21.107082,"0.25,0.03,0.98,-14.22,-15.26,-3.23"
43,2026-07-27T12:57:26.734,2.084712,0.389300,0.2600,0.0100,0.9600,-16.6000,-15.5600,-3.6600,0.994636,23.044939,"0.26,0.01,0.96,-16.60,-15.56,-3.66"
44,2026-07-27T12:57:26.851,2.201758,117.046000,0.2700,-0.0100,0.9300,-22.2800,-15.2000,-4.5200,0.968452,27.347190,"0.27,-0.01,0.93,-22.28,-15.20,-4.52"
45,2026-07-27T12:57:26.852,2.202365,0.606800,0.2700,-0.0300,0.9100,-28.7500,-11.5400,-4.7000,0.949684,31.334073,"0.27,-0.03,0.91,-28.75,-11.54,-4.70"
46,2026-07-27T12:57:26.852,2.202583,0.218100,0.2900,-0.0400,0.9500,-32.2300,-5.0000,-1.8300,0.994082,32.666830,"0.29,-0.04,0.95,-32.23,-5.00,-1.83"
47,2026-07-27T12:57:26.910,2.260432,57.849000,0.3300,-0.0700,1.0700,-30.6400,-1.5300,3.1700,1.121918,30.841521,"0.33,-0.07,1.07,-30.64,-1.53,3.17"
48,2026-07-27T12:57:26.970,2.320495,60.063200,0.3400,-0.1000,1.0700,-24.7200,2.6900,7.3900,1.127165,25.940829,"0.34,-0.10,1.07,-24.72,2.69,7.39"
49,2026-07-27T12:57:26.970,2.320763,0.268200,0.3400,-0.1500,1.0200,-15.4400,15.0100,12.0200,1.085587,24.661186,"0.34,-0.15,1.02,-15.44,15.01,12.02"
50,2026-07-27T12:57:27.150,2.500347,179.583600,0.3100,-0.1700,0.9700,-15.4400,15.0100,12.0200,1.032424,24.661186,"0.31,-0.17,0.97,-15.44,15.01,12.02"
51,2026-07-27T12:57:27.150,2.500698,0.351200,0.2600,-0.1500,0.9400,0.8500,39.9200,26.3700,0.986762,47.850870,"0.26,-0.15,0.94,0.85,39.92,26.37"
52,2026-07-27T12:57:27.151,2.501424,0.726200,0.2000,-0.1100,0.9300,3.7800,42.7900,32.1000,0.957601,53.625390,"0.20,-0.11,0.93,3.78,42.79,32.10"
53,2026-07-27T12:57:27.152,2.503009,1.584500,0.1500,-0.0800,0.9400,5.1900,39.6100,33.8100,0.955249,52.335498,"0.15,-0.08,0.94,5.19,39.61,33.81"
54,2026-07-27T12:57:27.210,2.560569,57.560500,0.1100,-0.0600,0.9500,5.8600,34.0000,31.4900,0.958228,46.711451,"0.11,-0.06,0.95,5.86,34.00,31.49"
55,2026-07-27T12:57:27.210,2.561042,0.472600,0.0800,-0.0400,0.9600,5.6800,28.1400,26.3100,0.964158,38.940186,"0.08,-0.04,0.96,5.68,28.14,26.31"
56,2026-07-27T12:57:27.270,2.620396,59.354700,0.0600,-0.0400,0.9400,5.1300,23.0100,18.6200,0.942762,30.041328,"0.06,-0.04,0.94,5.13,23.01,18.62"
57,2026-07-27T12:57:27.390,2.740885,120.488500,0.0300,-0.0700,0.8900,7.4500,18.2500,7.6300,0.893252,21.137216,"0.03,-0.07,0.89,7.45,18.25,7.63"
58,2026-07-27T12:57:27.392,2.742435,1.549700,0.0400,-0.1000,0.8800,12.9400,11.2300,-3.5400,0.886566,17.495374,"0.04,-0.10,0.88,12.94,11.23,-3.54"
59,2026-07-27T12:57:27.392,2.742731,0.296800,0.0800,-0.1100,0.9100,16.0500,5.6800,-6.6500,0.920109,18.278058,"0.08,-0.11,0.91,16.05,5.68,-6.65"
60,2026-07-27T12:57:27.450,2.800943,58.211100,0.0900,-0.1100,0.9400,17.2700,6.9600,0.7900,0.950684,18.636486,"0.09,-0.11,0.94,17.27,6.96,0.79"
61,2026-07-27T12:57:27.450,2.801018,0.075800,0.0800,-0.0900,0.9300,22.3400,14.4000,12.5700,0.937763,29.401369,"0.08,-0.09,0.93,22.34,14.40,12.57"
62,2026-07-27T12:57:27.570,2.920630,119.611900,0.0400,-0.0600,0.8600,36.9300,33.6900,21.3600,0.863018,54.360745,"0.04,-0.06,0.86,36.93,33.69,21.36"
63,2026-07-27T12:57:27.570,2.921262,0.631800,0.0000,-0.0300,0.8200,56.0900,45.5900,22.8900,0.820549,75.818786,"0.00,-0.03,0.82,56.09,45.59,22.89"
64,2026-07-27T12:57:27.571,2.921628,0.365500,0.0200,-0.0100,0.8500,54.4400,23.1900,17.4000,0.850294,61.678600,"0.02,-0.01,0.85,54.44,23.19,17.40"
65,2026-07-27T12:57:27.631,2.981453,59.825400,0.0500,-0.0300,0.8800,41.2000,-6.4700,8.5400,0.881930,42.570324,"0.05,-0.03,0.88,41.20,-6.47,8.54"
66,2026-07-27T12:57:27.691,3.041344,59.890700,0.0200,0.0900,0.9300,45.9000,-8.2400,-5.0000,0.934559,46.901041,"0.02,0.09,0.93,45.90,-8.24,-5.00"
67,2026-07-27T12:57:27.691,3.042253,0.909100,-0.0600,0.3000,1.0400,40.2800,9.5800,-28.9900,1.084066,50.543792,"-0.06,0.30,1.04,40.28,9.58,-28.99"
68,2026-07-27T12:57:27.869,3.220039,177.786600,-0.1400,0.4100,1.1300,54.6900,47.0000,-43.8800,1.210207,84.412384,"-0.14,0.41,1.13,54.69,47.00,-43.88"
69,2026-07-27T12:57:27.870,3.220400,0.360700,-0.2500,0.4900,1.1500,127.1400,102.2300,-37.4100,1.274794,167.377001,"-0.25,0.49,1.15,127.14,102.23,-37.41"
70,2026-07-27T12:57:27.870,3.221067,0.667400,-0.3200,0.4900,1.1100,130.1300,99.7900,-32.7800,1.254831,167.231544,"-0.32,0.49,1.11,130.13,99.79,-32.78"
71,2026-07-27T12:57:27.871,3.221783,0.715300,-0.3800,0.4000,1.0500,26.9200,39.4300,-41.8100,1.186128,63.462488,"-0.38,0.40,1.05,26.92,39.43,-41.81"
72,2026-07-27T12:57:28.111,3.461486,239.703700,-0.4800,0.3500,1.1300,-68.3600,1.6500,-53.8900,1.276636,87.062875,"-0.48,0.35,1.13,-68.36,1.65,-53.89"
73,2026-07-27T12:57:28.111,3.462245,0.758200,-0.5400,0.2900,1.1800,-95.5800,14.5300,-57.7400,1.329699,112.608014,"-0.54,0.29,1.18,-95.58,14.53,-57.74"
74,2026-07-27T12:57:28.112,3.462710,0.465700,-0.5100,0.2800,0.9600,-80.5100,46.4500,-50.4200,1.122542,105.743269,"-0.51,0.28,0.96,-80.51,46.45,-50.42"
75,2026-07-27T12:57:28.112,3.462785,0.074500,-0.3800,0.2000,0.7600,-88.3800,39.1800,-40.8900,0.872926,104.967085,"-0.38,0.20,0.76,-88.38,39.18,-40.89"
76,2026-07-27T12:57:28.113,3.463646,0.861000,-0.1300,-0.0100,0.6800,-107.9700,-0.8500,-32.9600,0.692387,112.892006,"-0.13,-0.01,0.68,-107.97,-0.85,-32.96"
77,2026-07-27T12:57:28.113,3.464074,0.427900,0.1900,-0.2300,0.4400,-87.3400,-51.7000,-12.8200,0.531601,102.301114,"0.19,-0.23,0.44,-87.34,-51.70,-12.82"
78,2026-07-27T12:57:28.171,3.521339,57.264800,0.3900,-0.3900,0.3500,-27.0400,-114.5600,24.0500,0.653223,120.139742,"0.39,-0.39,0.35,-27.04,-114.56,24.05"
79,2026-07-27T12:57:28.171,3.521854,0.515000,0.3600,-0.2300,0.6900,25.9400,-156.8000,49.8700,0.811542,166.571728,"0.36,-0.23,0.69,25.94,-156.80,49.87"
80,2026-07-27T12:57:28.289,3.640028,118.174800,0.1800,0.2200,1.1400,55.2400,-156.3700,22.3400,1.174904,167.338310,"0.18,0.22,1.14,55.24,-156.37,22.34"
81,2026-07-27T12:57:28.290,3.640410,0.381300,-0.0300,0.5100,1.3900,79.1000,-104.8000,-32.0400,1.480912,135.153289,"-0.03,0.51,1.39,79.10,-104.80,-32.04"
82,2026-07-27T12:57:28.290,3.640913,0.503600,-0.2700,0.4300,1.2900,86.3600,-14.9500,-30.5200,1.386326,92.806371,"-0.27,0.43,1.29,86.36,-14.95,-30.52"
83,2026-07-27T12:57:28.530,3.880468,239.554800,-0.4800,0.1900,1.2900,51.2100,67.3800,30.7600,1.389460,90.048354,"-0.48,0.19,1.29,51.21,67.38,30.76"
84,2026-07-27T12:57:28.530,3.880754,0.285800,-0.5300,0.2000,1.4200,-9.2800,126.1000,41.3200,1.528823,133.021317,"-0.53,0.20,1.42,-9.28,126.10,41.32"
85,2026-07-27T12:57:28.531,3.881672,0.917900,-0.5400,0.3300,1.2200,-43.4000,150.4500,-20.5700,1.374373,157.930008,"-0.54,0.33,1.22,-43.40,150.45,-20.57"
86,2026-07-27T12:57:28.531,3.882307,0.634800,-0.5600,0.2200,1.1600,-58.7800,160.2200,-50.1700,1.306752,177.883573,"-0.56,0.22,1.16,-58.78,160.22,-50.17"
87,2026-07-27T12:57:28.532,3.883100,0.793000,-0.4900,0.0400,1.2600,-19.0400,113.4000,-28.3200,1.352516,118.423410,"-0.49,0.04,1.26,-19.04,113.40,-28.32"
88,2026-07-27T12:57:28.533,3.883750,0.650000,-0.3900,0.1400,0.9800,118.7100,-29.3600,-26.0000,1.064002,125.020293,"-0.39,0.14,0.98,118.71,-29.36,-26.00"
89,2026-07-27T12:57:28.590,3.940414,56.664900,-0.2800,0.3600,0.5000,232.3600,-122.9900,-40.5300,0.676757,266.008253,"-0.28,0.36,0.50,232.36,-122.99,-40.53"
90,2026-07-27T12:57:28.650,4.000402,59.987500,-0.0300,0.5900,0.2400,235.9600,-72.0200,-30.2700,0.637652,248.556382,"-0.03,0.59,0.24,235.96,-72.02,-30.27"
91,2026-07-27T12:57:28.650,4.000725,0.322600,0.4600,0.8600,0.5600,190.3700,27.0400,9.5200,1.124633,192.516308,"0.46,0.86,0.56,190.37,27.04,9.52"
92,2026-07-27T12:57:28.830,4.180669,179.944700,0.7500,0.7900,1.3200,142.6400,36.5000,95.4000,1.711432,175.441100,"0.75,0.79,1.32,142.64,36.50,95.40"
93,2026-07-27T12:57:28.830,4.181204,0.534400,0.5600,0.5400,1.7100,129.0900,-84.2300,165.4700,1.878643,226.139872,"0.56,0.54,1.71,129.09,-84.23,165.47"
94,2026-07-27T12:57:28.831,4.181879,0.675600,0.2200,0.4100,1.5400,116.2100,-221.5600,167.9100,1.608757,301.309419,"0.22,0.41,1.54,116.21,-221.56,167.91"
95,2026-07-27T12:57:28.831,4.182220,0.341100,0.0200,0.3600,1.2100,53.5300,-244.6300,138.3100,1.262577,286.075084,"0.02,0.36,1.21,53.53,-244.63,138.31"
96,2026-07-27T12:57:28.890,4.240463,58.242400,0.1700,0.4400,0.8500,57.3700,-147.7700,92.5900,0.972111,183.576137,"0.17,0.44,0.85,57.37,-147.77,92.59"
97,2026-07-27T12:57:28.890,4.240790,0.327300,0.4200,0.5700,0.4800,128.3600,-2.4400,67.0200,0.855395,144.823767,"0.42,0.57,0.48,128.36,-2.44,67.02"
98,2026-07-27T12:57:28.950,4.300749,59.958600,0.5200,0.6000,0.2700,118.7100,110.9000,69.4600,0.838630,176.679274,"0.52,0.60,0.27,118.71,110.90,69.46"
99,2026-07-27T12:57:29.070,4.420393,119.644100,0.5300,0.5500,0.0300,49.9300,157.5300,72.9400,0.764395,180.634851,"0.53,0.55,0.03,49.93,157.53,72.94"
100,2026-07-27T12:57:29.070,4.421157,0.764400,0.3800,0.6000,-0.0700,62.2600,204.2200,60.4200,0.713653,221.884412,"0.38,0.60,-0.07,62.26,204.22,60.42"
101,2026-07-27T12:57:29.071,4.421520,0.363200,0.3100,0.7600,0.0400,102.2900,260.1300,12.8200,0.821766,279.812819,"0.31,0.76,0.04,102.29,260.13,12.82"
102,2026-07-27T12:57:29.250,4.600712,179.191300,0.2900,0.8700,-0.0600,75.7400,257.3200,-17.1500,0.919021,268.782910,"0.29,0.87,-0.06,75.74,257.32,-17.15"
103,2026-07-27T12:57:29.250,4.601127,0.415200,0.1400,1.0200,-0.0900,80.7500,247.0100,-11.2300,1.033489,260.116542,"0.14,1.02,-0.09,80.75,247.01,-11.23"
104,2026-07-27T12:57:29.251,4.601405,0.278600,-0.0000,1.2200,0.1000,89.6000,237.3700,-61.2200,1.224091,260.999167,"-0.00,1.22,0.10,89.60,237.37,-61.22"
105,2026-07-27T12:57:29.251,4.602198,0.792500,-0.1100,1.1100,0.2600,45.3500,202.3900,-126.5900,1.145338,242.988400,"-0.11,1.11,0.26,45.35,202.39,-126.59"
106,2026-07-27T12:57:29.252,4.602982,0.784200,-0.2400,0.7100,0.3800,3.9700,175.1700,-106.9300,0.840298,205.266448,"-0.24,0.71,0.38,3.97,175.17,-106.93"
107,2026-07-27T12:57:29.370,4.721160,118.177500,-0.3500,0.5000,0.4100,-4.3300,138.6100,-67.2000,0.735255,154.101658,"-0.35,0.50,0.41,-4.33,138.61,-67.20"
108,2026-07-27T12:57:29.371,4.722122,0.962000,-0.5100,0.7700,0.4700,9.6400,45.1700,-102.9700,1.036291,112.854240,"-0.51,0.77,0.47,9.64,45.17,-102.97"
109,2026-07-27T12:57:29.372,4.722817,0.695600,-0.6700,1.0300,0.3700,19.2300,-94.3600,-157.3500,1.283238,184.479335,"-0.67,1.03,0.37,19.23,-94.36,-157.35"
110,2026-07-27T12:57:29.490,4.840845,118.028100,-0.5900,0.9700,0.1800,-25.3900,-310.7300,-183.6500,1.149522,361.835747,"-0.59,0.97,0.18,-25.39,-310.73,-183.65"
111,2026-07-27T12:57:29.491,4.841427,0.581100,-0.4600,0.7700,0.2800,-83.2500,-370.7900,-204.2200,0.939628,431.418121,"-0.46,0.77,0.28,-83.25,-370.79,-204.22"
112,2026-07-27T12:57:29.491,4.842010,0.583200,-0.3500,0.4900,0.5600,-179.6300,-339.3600,-257.5700,0.822314,462.357493,"-0.35,0.49,0.56,-179.63,-339.36,-257.57"
113,2026-07-27T12:57:29.550,4.901228,59.218400,-0.1400,0.3000,0.7700,-359.7400,-157.5300,-305.9100,0.838153,497.804677,"-0.14,0.30,0.77,-359.74,-157.53,-305.91"
114,2026-07-27T12:57:29.610,4.960969,59.740500,0.0100,0.0100,1.0200,-454.1600,41.6300,-261.1100,1.020098,525.521450,"0.01,0.01,1.02,-454.16,41.63,-261.11"
115,2026-07-27T12:57:29.611,4.961919,0.950900,-0.0800,-0.3900,1.2200,-346.6800,108.9500,-89.1700,1.283316,374.176982,"-0.08,-0.39,1.22,-346.68,108.95,-89.17"
116,2026-07-27T12:57:29.851,5.201445,239.525700,-0.3400,-0.6800,1.2100,-194.0900,71.8400,119.0200,1.429021,238.741857,"-0.34,-0.68,1.21,-194.09,71.84,119.02"
117,2026-07-27T12:57:29.852,5.202424,0.978500,-0.5100,-0.4800,1.0200,-119.4500,24.8400,241.0900,1.237295,270.203102,"-0.51,-0.48,1.02,-119.45,24.84,241.09"
118,2026-07-27T12:57:29.853,5.203515,1.091100,-0.5700,-0.0400,0.6200,-161.1900,36.0100,245.3600,0.843149,295.770968,"-0.57,-0.04,0.62,-161.19,36.01,245.36"
119,2026-07-27T12:57:29.854,5.204460,0.945700,-0.6900,-0.6000,0.3300,-140.9900,99.0600,150.6300,0.972111,228.867780,"-0.69,-0.60,0.33,-140.99,99.06,150.63"
120,2026-07-27T12:57:29.854,5.205024,0.563500,-0.7400,-0.6500,0.6600,-23.8000,193.6600,30.5800,1.185622,197.498790,"-0.74,-0.65,0.66,-23.80,193.66,30.58"
121,2026-07-27T12:57:29.855,5.205466,0.442300,-0.7700,-0.8800,0.8400,18.5500,231.4500,-58.7200,1.439757,239.502074,"-0.77,-0.88,0.84,18.55,231.45,-58.72"
122,2026-07-27T12:57:29.911,5.262282,56.815700,-0.7400,-1.1500,0.7400,18.5500,231.4500,-58.7200,1.554895,239.502074,"-0.74,-1.15,0.74,18.55,231.45,-58.72"
123,2026-07-27T12:57:29.971,5.321415,59.132500,-0.7800,-1.0800,0.4000,-57.1300,94.8500,-36.6200,1.390971,116.624971,"-0.78,-1.08,0.40,-57.13,94.85,-36.62"
124,2026-07-27T12:57:29.971,5.322234,0.820000,-0.7000,-0.5600,0.0900,-115.9700,52.4300,135.8000,0.900944,186.117129,"-0.70,-0.56,0.09,-115.97,52.43,135.80"
125,2026-07-27T12:57:30.092,5.442967,120.732300,-0.4500,0.0700,-0.1200,-111.0200,31.8000,276.5500,0.470956,299.694149,"-0.45,0.07,-0.12,-111.02,31.80,276.55"
126,2026-07-27T12:57:30.149,5.500271,57.304700,-0.3400,0.4800,-0.2500,-109.4400,106.7500,274.6600,0.639140,314.341839,"-0.34,0.48,-0.25,-109.44,106.75,274.66"
127,2026-07-27T12:57:30.150,5.500652,0.380300,-0.6200,1.0700,-0.3000,-223.0200,183.7800,209.7800,1.272517,357.100346,"-0.62,1.07,-0.30,-223.02,183.78,209.78"
128,2026-07-27T12:57:30.151,5.501623,0.971400,-0.9300,1.4100,-0.3600,-197.5700,138.9200,103.0900,1.727021,262.602779,"-0.93,1.41,-0.36,-197.57,138.92,103.09"
129,2026-07-27T12:57:30.271,5.621634,120.010800,-0.8600,0.8600,-0.3200,-67.5000,46.3900,17.1500,1.257617,83.680372,"-0.86,0.86,-0.32,-67.50,46.39,17.15"
130,2026-07-27T12:57:30.272,5.622718,1.083600,-0.7700,0.1600,-0.1800,-130.3100,0.0600,-3.6600,0.806784,130.361403,"-0.77,0.16,-0.18,-130.31,0.06,-3.66"
131,2026-07-27T12:57:30.273,5.623436,0.718300,-0.9400,-0.0800,-0.1900,-248.3500,4.8200,-67.5000,0.962341,257.404749,"-0.94,-0.08,-0.19,-248.35,4.82,-67.50"
132,2026-07-27T12:57:30.451,5.801440,178.004600,-1.1800,0.1100,-0.3700,-177.4900,6.4100,-135.5000,1.241531,223.392118,"-1.18,0.11,-0.37,-177.49,6.41,-135.50"
133,2026-07-27T12:57:30.451,5.802107,0.666400,-1.1300,0.3100,-0.4600,65.1900,-21.0600,-121.0300,1.258809,139.073796,"-1.13,0.31,-0.46,65.19,-21.06,-121.03"
134,2026-07-27T12:57:30.452,5.802611,0.504600,-0.8700,0.3400,-0.3200,211.4900,-44.3100,-43.0900,0.987370,220.336434,"-0.87,0.34,-0.32,211.49,-44.31,-43.09"
135,2026-07-27T12:57:30.452,5.803066,0.454700,-0.7200,0.2700,-0.1800,175.4800,-58.7800,21.6100,0.789747,186.320452,"-0.72,0.27,-0.18,175.48,-58.78,21.61"
136,2026-07-27T12:57:30.453,5.803459,0.392600,-0.8500,0.1900,-0.1600,93.9900,-30.6400,18.4900,0.885551,100.572411,"-0.85,0.19,-0.16,93.99,-30.64,18.49"
137,2026-07-27T12:57:30.511,5.861679,58.220300,-1.1000,0.2100,-0.2200,36.7400,37.4100,-18.9200,1.141271,55.743180,"-1.10,0.21,-0.22,36.74,37.41,-18.92"
138,2026-07-27T12:57:30.631,5.981381,119.701800,-1.1400,0.1800,-0.1800,45.0400,48.8300,-26.0000,1.168075,71.337021,"-1.14,0.18,-0.18,45.04,48.83,-26.00"
139,2026-07-27T12:57:30.631,5.982138,0.756900,-0.9900,-0.0200,0.0100,85.2700,1.4000,-23.3800,0.990252,88.428261,"-0.99,-0.02,0.01,85.27,1.40,-23.38"
140,2026-07-27T12:57:30.632,5.982579,0.440800,-0.9100,-0.2700,0.0800,95.3400,-24.0500,-42.8500,0.952575,107.257823,"-0.91,-0.27,0.08,95.34,-24.05,-42.85"
141,2026-07-27T12:57:30.690,6.041233,58.654400,-0.9800,-0.4400,-0.0100,75.2000,-0.3700,-80.5700,1.074290,110.212076,"-0.98,-0.44,-0.01,75.20,-0.37,-80.57"
142,2026-07-27T12:57:30.691,6.041951,0.717700,-1.0200,-0.3700,-0.0900,42.1100,24.1100,-88.7500,1.088761,101.148933,"-1.02,-0.37,-0.09,42.11,24.11,-88.75"
143,2026-07-27T12:57:30.750,6.100517,58.566600,-0.9800,-0.2400,-0.1500,30.4000,20.7500,-48.8300,1.020049,61.148110,"-0.98,-0.24,-0.15,30.40,20.75,-48.83"
144,2026-07-27T12:57:30.870,6.220968,120.450800,-0.9700,-0.2800,-0.1700,45.2300,10.0700,-10.3100,1.023816,47.470558,"-0.97,-0.28,-0.17,45.23,10.07,-10.31"
145,2026-07-27T12:57:30.871,6.221344,0.376400,-0.9300,-0.3400,-0.1400,54.8700,4.5200,-1.1000,1.000050,55.066844,"-0.93,-0.34,-0.14,54.87,4.52,-1.10"
146,2026-07-27T12:57:30.871,6.221776,0.431400,-0.8800,-0.3600,-0.1100,48.5800,4.2700,-8.1800,0.957131,49.448576,"-0.88,-0.36,-0.11,48.58,4.27,-8.18"
147,2026-07-27T12:57:30.930,6.281188,59.411800,-0.8800,-0.4100,-0.1000,37.7800,1.5900,-18.9200,0.975961,42.282655,"-0.88,-0.41,-0.10,37.78,1.59,-18.92"
148,2026-07-27T12:57:30.931,6.281535,0.347200,-0.9200,-0.4400,-0.0900,28.9300,-5.2500,-26.7300,1.023768,39.736637,"-0.92,-0.44,-0.09,28.93,-5.25,-26.73"
149,2026-07-27T12:57:30.991,6.342064,60.529400,-0.9400,-0.3700,-0.1400,21.9700,-12.0200,-32.1700,1.019853,40.768495,"-0.94,-0.37,-0.14,21.97,-12.02,-32.17"
150,2026-07-27T12:57:31.050,6.401250,59.186200,-0.9600,-0.3000,-0.1700,11.3500,-14.8300,-35.2800,1.020049,39.917788,"-0.96,-0.30,-0.17,11.35,-14.83,-35.28"
151,2026-07-27T12:57:31.051,6.402049,0.799000,-0.9500,-0.2900,-0.1700,1.2800,-14.2200,-31.0100,1.007720,34.138935,"-0.95,-0.29,-0.17,1.28,-14.22,-31.01"
152,2026-07-27T12:57:31.171,6.521617,119.567800,-0.9100,-0.2500,-0.2000,0.4300,-12.5100,-22.0900,0.964676,25.390020,"-0.91,-0.25,-0.20,0.43,-12.51,-22.09"
153,2026-07-27T12:57:31.171,6.522102,0.485200,-0.8900,-0.1800,-0.1900,-0.5500,-9.5200,-10.4400,0.927685,14.139537,"-0.89,-0.18,-0.19,-0.55,-9.52,-10.44"
154,2026-07-27T12:57:31.172,6.522976,0.873600,-0.8800,-0.1900,-0.1400,-7.0800,-7.2600,4.8200,0.911098,11.227929,"-0.88,-0.19,-0.14,-7.08,-7.26,4.82"
155,2026-07-27T12:57:31.590,6.940531,417.554700,-0.8700,-0.3300,-0.1100,-5.1300,-10.5000,18.1300,0.936963,21.569975,"-0.87,-0.33,-0.11,-5.13,-10.50,18.13"
156,2026-07-27T12:57:31.590,6.941121,0.590300,-0.9600,-0.4800,-0.1800,-10.1900,-13.6700,25.2700,1.088301,30.484060,"-0.96,-0.48,-0.18,-10.19,-13.67,25.27"
157,2026-07-27T12:57:31.591,6.941459,0.337600,-1.0600,-0.3800,-0.2600,-44.8600,-5.7400,25.2100,1.155682,51.777517,"-1.06,-0.38,-0.26,-44.86,-5.74,25.21"
158,2026-07-27T12:57:31.592,6.942478,1.019000,-1.0200,-0.0500,-0.2100,-67.3200,3.9700,25.3300,1.042593,72.037158,"-1.02,-0.05,-0.21,-67.32,3.97,25.33"
159,2026-07-27T12:57:31.593,6.943883,1.405200,-0.9600,-0.0200,-0.1000,-32.0400,2.3800,26.2500,0.965401,41.488414,"-0.96,-0.02,-0.10,-32.04,2.38,26.25"
160,2026-07-27T12:57:31.594,6.944489,0.606300,-0.8600,-0.1900,-0.0200,33.6900,-4.1500,13.6100,0.880965,36.571447,"-0.86,-0.19,-0.02,33.69,-4.15,13.61"
161,2026-07-27T12:57:31.594,6.944758,0.269300,-0.7100,-0.2600,0.0800,84.9000,-17.0900,3.1700,0.760329,86.660989,"-0.71,-0.26,0.08,84.90,-17.09,3.17"
162,2026-07-27T12:57:31.596,6.947101,2.342600,-0.6200,-0.3500,0.2000,87.0400,-24.6600,2.2000,0.739527,90.492636,"-0.62,-0.35,0.20,87.04,-24.66,2.20"
163,2026-07-27T12:57:31.597,6.947691,0.590200,-0.6000,-0.6000,0.1500,34.2400,-27.2800,-57.0100,0.861684,71.879873,"-0.60,-0.60,0.15,34.24,-27.28,-57.01"
164,2026-07-27T12:57:31.597,6.948047,0.356100,-0.7700,-0.7300,-0.1000,67.1400,-27.7700,-99.7300,1.065739,123.389730,"-0.77,-0.73,-0.10,67.14,-27.77,-99.73"
165,2026-07-27T12:57:31.711,7.061313,113.265400,-1.0600,-0.5200,-0.2400,142.9400,12.4500,-9.8900,1.204824,143.821619,"-1.06,-0.52,-0.24,142.94,12.45,-9.89"
166,2026-07-27T12:57:31.712,7.063010,1.697700,-1.0900,-0.2300,-0.1600,81.9100,47.0600,83.3700,1.125433,125.993844,"-1.09,-0.23,-0.16,81.91,47.06,83.37"
167,2026-07-27T12:57:31.723,7.074273,11.262800,-0.8800,-0.1000,-0.0200,-34.8500,23.4400,87.6500,0.885889,97.192997,"-0.88,-0.10,-0.02,-34.85,23.44,87.65"
168,2026-07-27T12:57:31.770,7.121282,47.008300,-0.6500,-0.1100,0.0900,-97.7800,-11.4100,62.3200,0.665357,116.511368,"-0.65,-0.11,0.09,-97.78,-11.41,62.32"
169,2026-07-27T12:57:31.771,7.121922,0.640100,-0.9800,-0.3000,0.1100,-101.7500,0.0600,51.9400,1.030776,114.240228,"-0.98,-0.30,0.11,-101.75,0.06,51.94"
170,2026-07-27T12:57:31.831,7.181839,59.917400,-1.4200,-0.4400,0.0200,-60.3000,33.2000,35.5800,1.486741,77.487202,"-1.42,-0.44,0.02,-60.30,33.20,35.58"
171,2026-07-27T12:57:32.012,7.362722,180.882900,-1.2400,-0.3300,-0.0800,-0.0600,25.0900,9.0300,1.285652,26.665570,"-1.24,-0.33,-0.08,-0.06,25.09,9.03"
172,2026-07-27T12:57:32.013,7.363757,1.034800,-1.0200,-0.2000,-0.1500,31.1900,-1.1000,1.0400,1.050190,31.226715,"-1.02,-0.20,-0.15,31.19,-1.10,1.04"
173,2026-07-27T12:57:32.014,7.364473,0.716300,-0.9800,-0.1300,-0.1400,16.4200,-8.9700,2.6200,0.998449,18.892901,"-0.98,-0.13,-0.14,16.42,-8.97,2.62"
174,2026-07-27T12:57:32.014,7.365075,0.601700,-0.9500,-0.0800,-0.0600,-5.7400,-4.0900,-0.8500,0.955249,7.099169,"-0.95,-0.08,-0.06,-5.74,-4.09,-0.85"
175,2026-07-27T12:57:32.015,7.365792,0.717700,-0.9400,-0.0700,0.0300,19.8400,7.8700,-10.5000,0.943080,23.786814,"-0.94,-0.07,0.03,19.84,7.87,-10.50"
176,2026-07-27T12:57:32.070,7.420920,55.127400,-0.9800,-0.1000,0.0600,75.5600,21.9700,-15.1400,0.986914,80.132478,"-0.98,-0.10,0.06,75.56,21.97,-15.14"
177,2026-07-27T12:57:32.131,7.481373,60.453200,-0.9900,-0.1500,0.0300,82.7600,22.5200,-7.7500,1.001748,86.118700,"-0.99,-0.15,0.03,82.76,22.52,-7.75"
178,2026-07-27T12:57:32.131,7.481993,0.619800,-0.9700,-0.1900,-0.0300,24.3500,6.7100,3.7200,0.988888,25.530080,"-0.97,-0.19,-0.03,24.35,6.71,3.72"
179,2026-07-27T12:57:32.190,7.541219,59.226100,-0.9600,-0.1900,-0.0600,-26.7900,-5.8600,7.5100,0.980459,28.433146,"-0.96,-0.19,-0.06,-26.79,-5.86,7.51"
180,2026-07-27T12:57:32.311,7.661465,120.245500,-0.9700,-0.1500,-0.0600,-22.0900,-4.0900,3.7200,0.983362,22.771355,"-0.97,-0.15,-0.06,-22.09,-4.09,3.72"
181,2026-07-27T12:57:32.311,7.662236,0.771200,-0.9800,-0.1500,-0.0700,2.5000,1.5900,0.4900,0.993881,3.003032,"-0.98,-0.15,-0.07,2.50,1.59,0.49"
182,2026-07-27T12:57:32.313,7.663579,1.343200,-0.9700,-0.1600,-0.0700,10.7400,3.9100,1.1600,0.985596,11.488311,"-0.97,-0.16,-0.07,10.74,3.91,1.16"
183,2026-07-27T12:57:32.371,7.721338,57.758800,-0.9600,-0.1800,-0.0600,-2.9300,0.8500,1.2800,0.978570,3.308444,"-0.96,-0.18,-0.06,-2.93,0.85,1.28"
184,2026-07-27T12:57:32.371,7.721730,0.391900,-0.9600,-0.1700,-0.0400,-3.9100,-1.2200,-1.1000,0.975756,4.241049,"-0.96,-0.17,-0.04,-3.91,-1.22,-1.10"
185,2026-07-27T12:57:32.432,7.782424,60.694800,-0.9600,-0.1400,-0.0400,7.3200,0.4900,-1.7700,0.970979,7.546880,"-0.96,-0.14,-0.04,7.32,0.49,-1.77"
186,2026-07-27T12:57:32.491,7.841327,58.902500,-0.9600,-0.1300,-0.0600,17.0900,3.6600,-0.3100,0.970618,17.480269,"-0.96,-0.13,-0.06,17.09,3.66,-0.31"
187,2026-07-27T12:57:32.491,7.841739,0.412200,-0.9600,-0.1800,-0.0700,15.2600,4.3900,0.8500,0.979234,15.901641,"-0.96,-0.18,-0.07,15.26,4.39,0.85"
188,2026-07-27T12:57:32.550,7.901117,59.378400,-0.9600,-0.2100,-0.0600,7.2000,2.7500,0.3100,0.984530,7.713534,"-0.96,-0.21,-0.06,7.20,2.75,0.31"
189,2026-07-27T12:57:32.730,8.080948,179.830400,-0.9600,-0.2100,-0.0500,2.6200,1.4000,-1.1600,0.983972,3.189044,"-0.96,-0.21,-0.05,2.62,1.40,-1.16"
190,2026-07-27T12:57:32.731,8.081711,0.763500,-0.9600,-0.1800,-0.0600,2.3800,1.3400,-1.7100,0.978570,3.222437,"-0.96,-0.18,-0.06,2.38,1.34,-1.71"
191,2026-07-27T12:57:32.732,8.082532,0.820200,-0.9600,-0.1600,-0.0600,4.0900,2.0800,-1.2800,0.975090,4.763707,"-0.96,-0.16,-0.06,4.09,2.08,-1.28"
192,2026-07-27T12:57:32.732,8.082927,0.395700,-0.9600,-0.1800,-0.0600,4.5800,2.3200,-1.1000,0.978570,5.250600,"-0.96,-0.18,-0.06,4.58,2.32,-1.10"
193,2026-07-27T12:57:32.733,8.083713,0.786100,-0.9600,-0.1800,-0.0600,0.4900,1.3400,-1.7100,0.978570,2.227061,"-0.96,-0.18,-0.06,0.49,1.34,-1.71"
194,2026-07-27T12:57:32.790,8.141182,57.468200,-0.9700,-0.1600,-0.0500,-2.0800,0.4900,-2.3800,0.984378,3.198578,"-0.97,-0.16,-0.05,-2.08,0.49,-2.38"
195,2026-07-27T12:57:32.970,8.320862,179.680200,-0.9700,-0.1600,-0.0600,1.8900,1.1600,-1.4000,0.984937,2.622537,"-0.97,-0.16,-0.06,1.89,1.16,-1.40"
196,2026-07-27T12:57:32.970,8.321115,0.253700,-0.9600,-0.1800,-0.0700,6.4100,2.1400,0.1800,0.979234,6.760185,"-0.96,-0.18,-0.07,6.41,2.14,0.18"
197,2026-07-27T12:57:32.971,8.321498,0.383000,-0.9600,-0.1900,-0.0700,5.9800,1.9500,0.4900,0.981122,6.308962,"-0.96,-0.19,-0.07,5.98,1.95,0.49"
198,2026-07-27T12:57:32.972,8.322631,1.132200,-0.9500,-0.2100,-0.0600,4.7600,1.5300,-0.0600,0.974782,5.000210,"-0.95,-0.21,-0.06,4.76,1.53,-0.06"
199,2026-07-27T12:57:32.972,8.323066,0.435200,-0.9500,-0.2100,-0.0500,8.1200,1.8900,-1.2800,0.974218,8.434744,"-0.95,-0.21,-0.05,8.12,1.89,-1.28"
200,2026-07-27T12:57:33.210,8.560767,237.701500,-0.9600,-0.1900,-0.0700,11.8400,2.1400,-2.2000,0.981122,12.231320,"-0.96,-0.19,-0.07,11.84,2.14,-2.20"
201,2026-07-27T12:57:33.211,8.561672,0.904300,-0.9700,-0.1900,-0.0800,9.0300,1.6500,-1.4600,0.991665,9.294891,"-0.97,-0.19,-0.08,9.03,1.65,-1.46"
202,2026-07-27T12:57:33.212,8.562327,0.655500,-0.9600,-0.2000,-0.0700,0.9200,0.7900,-0.1200,0.983107,1.218565,"-0.96,-0.20,-0.07,0.92,0.79,-0.12"
203,2026-07-27T12:57:33.212,8.562868,0.541000,-0.9500,-0.1900,-0.0600,-5.0700,0.0000,-0.1200,0.970670,5.071420,"-0.95,-0.19,-0.06,-5.07,0.00,-0.12"
204,2026-07-27T12:57:33.213,8.563456,0.588000,-0.9600,-0.1800,-0.0600,-4.4600,-0.3700,-0.9200,0.978570,4.568906,"-0.96,-0.18,-0.06,-4.46,-0.37,-0.92"
205,2026-07-27T12:57:33.213,8.564163,0.706600,-0.9600,-0.1800,-0.0600,0.2400,0.2400,-0.9200,0.978570,0.980612,"-0.96,-0.18,-0.06,0.24,0.24,-0.92"
206,2026-07-27T12:57:33.511,8.861425,297.262500,-0.9600,-0.2000,-0.0700,3.7200,0.8500,-0.1800,0.983107,3.820118,"-0.96,-0.20,-0.07,3.72,0.85,-0.18"
207,2026-07-27T12:57:33.511,8.862309,0.883500,-0.9600,-0.2000,-0.0700,3.6600,0.6700,-0.2400,0.983107,3.728552,"-0.96,-0.20,-0.07,3.66,0.67,-0.24"
208,2026-07-27T12:57:33.512,8.862445,0.136600,-0.9600,-0.1800,-0.0700,1.8900,0.1800,-1.4000,0.979234,2.358919,"-0.96,-0.18,-0.07,1.89,0.18,-1.40"
209,2026-07-27T12:57:33.512,8.863008,0.562900,-0.9600,-0.1700,-0.0600,2.6200,0.3700,-2.0100,0.976780,3.322860,"-0.96,-0.17,-0.06,2.62,0.37,-2.01"
210,2026-07-27T12:57:33.513,8.863567,0.558600,-0.9600,-0.1800,-0.0600,7.1400,1.3400,-1.3400,0.978570,7.387205,"-0.96,-0.18,-0.06,7.14,1.34,-1.34"
211,2026-07-27T12:57:33.514,8.864316,0.749400,-0.9600,-0.2000,-0.0600,11.7200,2.3200,-0.3100,0.982446,11.951439,"-0.96,-0.20,-0.06,11.72,2.32,-0.31"
212,2026-07-27T12:57:33.514,8.865040,0.723700,-0.9600,-0.2100,-0.0600,13.4300,2.6200,0.3100,0.984530,13.686687,"-0.96,-0.21,-0.06,13.43,2.62,0.31"
213,2026-07-27T12:57:33.570,8.921281,56.240500,-0.9500,-0.2100,-0.0700,11.8400,2.2000,0.5500,0.975449,12.055210,"-0.95,-0.21,-0.07,11.84,2.20,0.55"
214,2026-07-27T12:57:33.571,8.922218,0.937200,-0.9500,-0.2100,-0.0700,8.9700,1.7100,0.3700,0.975449,9.139032,"-0.95,-0.21,-0.07,8.97,1.71,0.37"
215,2026-07-27T12:57:33.870,9.221155,298.937600,-0.9600,-0.2100,-0.0700,7.8100,1.4000,0.1200,0.985190,7.935395,"-0.96,-0.21,-0.07,7.81,1.40,0.12"
216,2026-07-27T12:57:33.871,9.221762,0.606700,-0.9600,-0.2200,-0.0700,7.6300,1.1000,0.2400,0.987370,7.712620,"-0.96,-0.22,-0.07,7.63,1.10,0.24"
217,2026-07-27T12:57:33.872,9.222349,0.587200,-0.9600,-0.2100,-0.0700,5.6200,0.6700,0.7300,0.985190,5.706680,"-0.96,-0.21,-0.07,5.62,0.67,0.73"
218,2026-07-27T12:57:33.872,9.222743,0.393300,-0.9500,-0.2000,-0.0600,1.5300,0.0600,0.5500,0.972677,1.626960,"-0.95,-0.20,-0.06,1.53,0.06,0.55"
219,2026-07-27T12:57:33.872,9.223309,0.566300,-0.9500,-0.1900,-0.0500,-3.3000,-0.6100,0.0000,0.970103,3.355905,"-0.95,-0.19,-0.05,-3.30,-0.61,0.00"
220,2026-07-27T12:57:33.874,9.224462,1.153600,-0.9600,-0.1900,-0.0500,-5.5500,-0.8500,-0.1800,0.979898,5.617597,"-0.96,-0.19,-0.05,-5.55,-0.85,-0.18"
221,2026-07-27T12:57:33.875,9.225342,0.879500,-0.9600,-0.2000,-0.0600,-2.5600,-0.6700,-0.1200,0.982446,2.648943,"-0.96,-0.20,-0.06,-2.56,-0.67,-0.12"
222,2026-07-27T12:57:33.930,9.281306,55.963800,-0.9600,-0.2000,-0.0800,2.0800,-0.4300,-0.4300,0.983870,2.167072,"-0.96,-0.20,-0.08,2.08,-0.43,-0.43"
223,2026-07-27T12:57:33.931,9.281699,0.393800,-0.9600,-0.1900,-0.0800,3.5400,-0.4300,-0.8500,0.981886,3.665924,"-0.96,-0.19,-0.08,3.54,-0.43,-0.85"
224,2026-07-27T12:57:33.990,9.341014,59.314200,-0.9600,-0.2000,-0.0800,2.1400,-0.3700,-0.2400,0.983870,2.184971,"-0.96,-0.20,-0.08,2.14,-0.37,-0.24"
225,2026-07-27T12:57:34.052,9.402540,61.526800,-0.9600,-0.2100,-0.0600,0.7900,-0.2400,0.9200,0.984530,1.236163,"-0.96,-0.21,-0.06,0.79,-0.24,0.92"
226,2026-07-27T12:57:34.053,9.403335,0.794400,-0.9600,-0.2100,-0.0600,-1.1000,-0.4900,1.5900,0.984530,1.994543,"-0.96,-0.21,-0.06,-1.10,-0.49,1.59"
227,2026-07-27T12:57:34.171,9.521412,118.076900,-0.9500,-0.2000,-0.0600,-2.3800,-0.7300,1.5900,0.972677,2.953879,"-0.95,-0.20,-0.06,-2.38,-0.73,1.59"
228,2026-07-27T12:57:34.171,9.521901,0.489500,-0.9600,-0.1900,-0.0600,-0.6100,-0.7300,1.3400,0.980459,1.643350,"-0.96,-0.19,-0.06,-0.61,-0.73,1.34"
229,2026-07-27T12:57:34.172,9.522695,0.793800,-0.9600,-0.1800,-0.0700,2.3800,-0.4300,1.1000,0.979234,2.656934,"-0.96,-0.18,-0.07,2.38,-0.43,1.10"
230,2026-07-27T12:57:34.230,9.581002,58.306600,-0.9600,-0.1900,-0.0700,2.2000,-0.2400,1.1600,0.981122,2.498640,"-0.96,-0.19,-0.07,2.20,-0.24,1.16"
231,2026-07-27T12:57:34.610,9.960949,379.947600,-0.9600,-0.2000,-0.0700,-3.4200,-0.9200,1.0400,0.983107,3.691124,"-0.96,-0.20,-0.07,-3.42,-0.92,1.04"
232,2026-07-27T12:57:34.615,9.966304,5.354300,-0.9600,-0.2000,-0.0600,-10.8600,-2.3800,0.1200,0.982446,11.118381,"-0.96,-0.20,-0.06,-10.86,-2.38,0.12"
233,2026-07-27T12:57:34.620,9.970704,4.400100,-0.9700,-0.1800,-0.0600,-14.3400,-3.1700,-0.5500,0.988383,14.696496,"-0.97,-0.18,-0.06,-14.34,-3.17,-0.55"
234,2026-07-27T12:57:34.620,9.971080,0.376300,-0.9700,-0.1800,-0.0500,-8.9700,-2.2600,0.4900,0.987826,9.263293,"-0.97,-0.18,-0.05,-8.97,-2.26,0.49"
235,2026-07-27T12:57:34.621,9.971367,0.286800,-0.9600,-0.1900,-0.0500,0.3700,-0.4300,2.3800,0.979898,2.446671,"-0.96,-0.19,-0.05,0.37,-0.43,2.38"
236,2026-07-27T12:57:34.621,9.971578,0.211300,-0.9500,-0.2000,-0.0600,4.5800,0.5500,2.9900,0.972677,5.497181,"-0.95,-0.20,-0.06,4.58,0.55,2.99"
237,2026-07-27T12:57:34.621,9.971821,0.242700,-0.9600,-0.2000,-0.0700,1.8300,0.0600,2.0100,0.983107,2.718934,"-0.96,-0.20,-0.07,1.83,0.06,2.01"
238,2026-07-27T12:57:34.621,9.972043,0.222100,-0.9600,-0.2000,-0.0600,-3.7200,-0.8500,0.7900,0.982446,3.896794,"-0.96,-0.20,-0.06,-3.72,-0.85,0.79"
239,2026-07-27T12:57:34.621,9.972298,0.255200,-0.9600,-0.1800,-0.0600,-6.8400,-1.4000,0.0600,0.978570,6.982063,"-0.96,-0.18,-0.06,-6.84,-1.40,0.06"
240,2026-07-27T12:57:34.710,10.060714,88.415600,-0.9700,-0.1600,-0.0600,-6.1000,-1.5900,0.0000,0.984937,6.303816,"-0.97,-0.16,-0.06,-6.10,-1.59,0.00"
241,2026-07-27T12:57:34.711,10.061316,0.602400,-0.9700,-0.1700,-0.0700,-2.0800,-1.1600,0.3700,0.987269,2.410166,"-0.97,-0.17,-0.07,-2.08,-1.16,0.37"
242,2026-07-27T12:57:34.711,10.062145,0.828500,-0.9600,-0.1800,-0.0600,2.3200,-0.4900,0.3700,0.978570,2.399875,"-0.96,-0.18,-0.06,2.32,-0.49,0.37"
243,2026-07-27T12:57:34.831,10.181679,119.534800,-0.9600,-0.1800,-0.0600,3.5400,-0.4300,-0.1200,0.978570,3.568039,"-0.96,-0.18,-0.06,3.54,-0.43,-0.12"
244,2026-07-27T12:57:34.832,10.182359,0.680000,-0.9700,-0.1800,-0.0700,3.0500,-0.4300,-0.3100,0.989040,3.095723,"-0.97,-0.18,-0.07,3.05,-0.43,-0.31"
245,2026-07-27T12:57:34.832,10.182679,0.319500,-0.9600,-0.1900,-0.0600,3.4200,0.0000,0.3700,0.980459,3.439956,"-0.96,-0.19,-0.06,3.42,0.00,0.37"
246,2026-07-27T12:57:35.048,10.399261,216.582300,-0.9600,-0.2000,-0.0600,3.8500,0.3100,0.7900,0.982446,3.942423,"-0.96,-0.20,-0.06,3.85,0.31,0.79"
247,2026-07-27T12:57:35.066,10.416650,17.389000,-0.9600,-0.1800,-0.0600,3.1100,0.1800,0.3700,0.978570,3.137101,"-0.96,-0.18,-0.06,3.11,0.18,0.37"
248,2026-07-27T12:57:35.067,10.417818,1.167500,-0.9700,-0.1700,-0.0700,2.5600,0.1800,0.0600,0.987269,2.567022,"-0.97,-0.17,-0.07,2.56,0.18,0.06"
249,2026-07-27T12:57:35.068,10.418694,0.875900,-0.9700,-0.1800,-0.0700,5.4300,0.8500,0.0600,0.989040,5.496453,"-0.97,-0.18,-0.07,5.43,0.85,0.06"
250,2026-07-27T12:57:35.068,10.419211,0.517200,-0.9600,-0.2000,-0.0600,8.0600,1.7100,0.0000,0.982446,8.239399,"-0.96,-0.20,-0.06,8.06,1.71,0.00"
251,2026-07-27T12:57:35.070,10.421120,1.909400,-0.9500,-0.2200,-0.0400,4.2100,1.2800,0.1800,0.975961,4.403964,"-0.95,-0.22,-0.04,4.21,1.28,0.18"
252,2026-07-27T12:57:35.192,10.542359,121.239100,-0.9500,-0.2200,-0.0400,-3.0500,-0.3100,0.4300,0.975961,3.095723,"-0.95,-0.22,-0.04,-3.05,-0.31,0.43"
253,2026-07-27T12:57:35.192,10.543038,0.678800,-0.9600,-0.2000,-0.0600,-8.1800,-1.8300,0.1200,0.982446,8.383060,"-0.96,-0.20,-0.06,-8.18,-1.83,0.12"
254,2026-07-27T12:57:35.192,10.543279,0.240800,-0.9700,-0.1700,-0.0700,-11.0500,-2.4400,0.0600,0.987269,11.316347,"-0.97,-0.17,-0.07,-11.05,-2.44,0.06"
255,2026-07-27T12:57:35.490,10.840612,297.332900,-0.9700,-0.1700,-0.0700,-5.3100,-0.7300,0.6700,0.987269,5.401657,"-0.97,-0.17,-0.07,-5.31,-0.73,0.67"
256,2026-07-27T12:57:35.490,10.841013,0.400900,-0.9600,-0.1800,-0.0700,-2.9300,-0.3700,-0.1200,0.979234,2.955706,"-0.96,-0.18,-0.07,-2.93,-0.37,-0.12"
257,2026-07-27T12:57:35.491,10.841656,0.643400,-0.9600,-0.1800,-0.0600,-2.8100,-0.6100,-0.6700,0.978570,2.952474,"-0.96,-0.18,-0.06,-2.81,-0.61,-0.67"
258,2026-07-27T12:57:35.492,10.842593,0.937300,-0.9600,-0.1800,-0.0600,-1.2200,-0.5500,-0.5500,0.978570,1.446859,"-0.96,-0.18,-0.06,-1.22,-0.55,-0.55"
259,2026-07-27T12:57:35.493,10.843376,0.782800,-0.9600,-0.1900,-0.0600,0.2400,-0.3700,-0.2400,0.980459,0.502096,"-0.96,-0.19,-0.06,0.24,-0.37,-0.24"
260,2026-07-27T12:57:35.493,10.843923,0.547000,-0.9600,-0.1800,-0.0700,0.0600,-0.2400,-0.1200,0.979234,0.274955,"-0.96,-0.18,-0.07,0.06,-0.24,-0.12"
261,2026-07-27T12:57:35.494,10.844847,0.924200,-0.9600,-0.1800,-0.0700,-1.4000,-0.4900,-0.2400,0.979234,1.502564,"-0.96,-0.18,-0.07,-1.40,-0.49,-0.24"
262,2026-07-27T12:57:35.495,10.845624,0.777000,-0.9600,-0.1800,-0.0600,-1.8300,-0.6700,-0.3700,0.978570,1.983608,"-0.96,-0.18,-0.06,-1.83,-0.67,-0.37"
263,2026-07-27T12:57:35.550,10.900906,55.281500,-0.9600,-0.1700,-0.0600,1.6500,0.0000,0.0600,0.976780,1.651091,"-0.96,-0.17,-0.06,1.65,0.00,0.06"
264,2026-07-27T12:57:35.670,11.021085,120.178600,-0.9600,-0.1900,-0.0600,4.7000,0.4900,0.6100,0.980459,4.764683,"-0.96,-0.19,-0.06,4.70,0.49,0.61"
265,2026-07-27T12:57:35.671,11.021632,0.547700,-0.9600,-0.2000,-0.0500,2.6900,0.1200,0.4300,0.981886,2.726793,"-0.96,-0.20,-0.05,2.69,0.12,0.43"
266,2026-07-27T12:57:35.672,11.022438,0.805900,-0.9600,-0.1900,-0.0500,-1.1000,-0.4900,-0.1200,0.979898,1.210165,"-0.96,-0.19,-0.05,-1.10,-0.49,-0.12"
267,2026-07-27T12:57:35.794,11.144651,122.213200,-0.9600,-0.2000,-0.0600,-1.7100,-0.4300,-0.4300,0.982446,1.814910,"-0.96,-0.20,-0.06,-1.71,-0.43,-0.43"
268,2026-07-27T12:57:35.794,11.145306,0.654400,-0.9600,-0.1900,-0.0600,-0.8500,-0.1800,-0.7900,0.980459,1.174308,"-0.96,-0.19,-0.06,-0.85,-0.18,-0.79"
269,2026-07-27T12:57:35.795,11.145754,0.448400,-0.9600,-0.1800,-0.0700,-3.3000,-0.8500,-1.2800,0.979234,3.640179,"-0.96,-0.18,-0.07,-3.30,-0.85,-1.28"
270,2026-07-27T12:57:35.971,11.321408,175.654200,-0.9700,-0.1700,-0.0700,-6.9000,-1.7100,-1.5300,0.987269,7.271520,"-0.97,-0.17,-0.07,-6.90,-1.71,-1.53"
271,2026-07-27T12:57:35.972,11.322760,1.351500,-0.9700,-0.1600,-0.0600,-5.0700,-1.5300,-1.7700,0.984937,5.583789,"-0.97,-0.16,-0.06,-5.07,-1.53,-1.77"
272,2026-07-27T12:57:35.974,11.324981,2.221400,-0.9700,-0.1700,-0.0600,1.2800,-0.4900,-1.7100,0.986610,2.191484,"-0.97,-0.17,-0.06,1.28,-0.49,-1.71"
273,2026-07-27T12:57:35.975,11.325371,0.389500,-0.9600,-0.1900,-0.0600,6.1000,0.5500,-0.1800,0.980459,6.127389,"-0.96,-0.19,-0.06,6.10,0.55,-0.18"
274,2026-07-27T12:57:35.975,11.325737,0.366200,-0.9500,-0.2100,-0.0500,7.5700,1.1600,1.5300,0.974218,7.809699,"-0.95,-0.21,-0.05,7.57,1.16,1.53"
275,2026-07-27T12:57:36.090,11.440794,115.057300,-0.9500,-0.2100,-0.0500,6.5900,0.7900,1.1000,0.974218,6.727719,"-0.95,-0.21,-0.05,6.59,0.79,1.10"
276,2026-07-27T12:57:36.091,11.441400,0.606100,-0.9600,-0.2000,-0.0600,3.6600,-0.1200,-0.8500,0.982446,3.759322,"-0.96,-0.20,-0.06,3.66,-0.12,-0.85"
277,2026-07-27T12:57:36.091,11.441704,0.303600,-0.9700,-0.1900,-0.0600,-0.6100,-0.7900,-1.7100,0.990252,1.979975,"-0.97,-0.19,-0.06,-0.61,-0.79,-1.71"
278,2026-07-27T12:57:36.330,11.681071,239.366900,-0.9600,-0.1900,-0.0600,-2.0800,-0.6100,-0.5500,0.980459,2.236292,"-0.96,-0.19,-0.06,-2.08,-0.61,-0.55"
279,2026-07-27T12:57:36.331,11.681831,0.759900,-0.9500,-0.2100,-0.0500,-0.0600,-0.1200,0.7900,0.974218,0.801311,"-0.95,-0.21,-0.05,-0.06,-0.12,0.79"
280,2026-07-27T12:57:36.332,11.682942,1.111300,-0.9600,-0.2100,-0.0600,-0.7900,-0.7300,0.7900,0.984530,1.334579,"-0.96,-0.21,-0.06,-0.79,-0.73,0.79"
281,2026-07-27T12:57:36.333,11.683478,0.536400,-0.9600,-0.2000,-0.0600,-4.5800,-1.5900,0.1200,0.982446,4.849629,"-0.96,-0.20,-0.06,-4.58,-1.59,0.12"
282,2026-07-27T12:57:36.333,11.684218,0.739800,-0.9600,-0.1900,-0.0500,-7.4500,-1.9500,-0.3100,0.979898,7.707211,"-0.96,-0.19,-0.05,-7.45,-1.95,-0.31"
283,2026-07-27T12:57:36.334,11.684817,0.599100,-0.9600,-0.1900,-0.0500,-7.7500,-2.0100,-0.6700,0.979898,8.034395,"-0.96,-0.19,-0.05,-7.75,-2.01,-0.67"
284,2026-07-27T12:57:36.390,11.741203,56.386200,-0.9600,-0.1900,-0.0600,-6.5300,-1.9500,-1.3400,0.980459,6.945430,"-0.96,-0.19,-0.06,-6.53,-1.95,-1.34"
285,2026-07-27T12:57:36.511,11.862278,121.074700,-0.9600,-0.1800,-0.0500,-5.8000,-1.8900,-1.7700,0.978008,6.351771,"-0.96,-0.18,-0.05,-5.80,-1.89,-1.77"
286,2026-07-27T12:57:36.512,11.862656,0.378100,-0.9600,-0.1700,-0.0500,-5.2500,-1.7700,-1.7100,0.976217,5.798232,"-0.96,-0.17,-0.05,-5.25,-1.77,-1.71"
287,2026-07-27T12:57:36.512,11.862925,0.269000,-0.9600,-0.1800,-0.0500,-2.8100,-1.2200,-0.7300,0.978008,3.149190,"-0.96,-0.18,-0.05,-2.81,-1.22,-0.73"
288,2026-07-27T12:57:36.570,11.921066,58.140700,-0.9500,-0.2100,-0.0500,1.7100,-0.4900,0.1200,0.974218,1.782863,"-0.95,-0.21,-0.05,1.71,-0.49,0.12"
289,2026-07-27T12:57:36.570,11.921187,0.120800,-0.9600,-0.2200,-0.0500,3.9700,-0.3700,-0.3700,0.986154,4.004335,"-0.96,-0.22,-0.05,3.97,-0.37,-0.37"
290,2026-07-27T12:57:36.630,11.981010,59.823300,-0.9700,-0.1900,-0.0500,0.8500,-0.9200,-1.6500,0.989697,2.071569,"-0.97,-0.19,-0.05,0.85,-0.92,-1.65"
291,2026-07-27T12:57:36.691,12.041378,60.368300,-0.9700,-0.1700,-0.0500,-3.7800,-1.1600,-1.6500,0.986053,4.284449,"-0.97,-0.17,-0.05,-3.78,-1.16,-1.65"
292,2026-07-27T12:57:36.691,12.041722,0.343600,-0.9600,-0.2000,-0.0500,-3.6600,-0.2400,-0.4900,0.981886,3.700446,"-0.96,-0.20,-0.05,-3.66,-0.24,-0.49"
293,2026-07-27T12:57:36.750,12.101174,59.451900,-0.9500,-0.2100,-0.0500,0.4300,0.6100,-0.1800,0.974218,0.767724,"-0.95,-0.21,-0.05,0.43,0.61,-0.18"
294,2026-07-27T12:57:37.051,12.401477,300.303100,-0.9500,-0.2100,-0.0600,2.6200,0.1800,-0.9800,0.974782,2.803070,"-0.95,-0.21,-0.06,2.62,0.18,-0.98"
295,2026-07-27T12:57:37.052,12.402341,0.863900,-0.9600,-0.2000,-0.0700,1.7700,-0.4900,-1.4000,0.983107,2.309329,"-0.96,-0.20,-0.07,1.77,-0.49,-1.40"
296,2026-07-27T12:57:37.052,12.403085,0.744300,-0.9600,-0.2100,-0.0600,-0.7900,-0.9200,-1.1600,0.984530,1.678124,"-0.96,-0.21,-0.06,-0.79,-0.92,-1.16"
297,2026-07-27T12:57:37.053,12.403706,0.620800,-0.9600,-0.2000,-0.0500,-3.6000,-1.1600,-1.2200,0.981886,3.974167,"-0.96,-0.20,-0.05,-3.60,-1.16,-1.22"
298,2026-07-27T12:57:37.053,12.404111,0.404900,-0.9600,-0.1900,-0.0400,-3.2300,-0.7300,-1.5900,0.979439,3.673404,"-0.96,-0.19,-0.04,-3.23,-0.73,-1.59"
299,2026-07-27T12:57:37.054,12.405006,0.895500,-0.9600,-0.1900,-0.0500,0.1800,-0.0600,-1.5300,0.979898,1.541720,"-0.96,-0.19,-0.05,0.18,-0.06,-1.53"
300,2026-07-27T12:57:37.055,12.405310,0.303500,-0.9600,-0.2000,-0.0600,2.3800,0.2400,-0.6700,0.982446,2.484130,"-0.96,-0.20,-0.06,2.38,0.24,-0.67"
301,2026-07-27T12:57:37.055,12.406076,0.766600,-0.9500,-0.2200,-0.0500,2.3800,0.3700,-0.3700,0.976422,2.436842,"-0.95,-0.22,-0.05,2.38,0.37,-0.37"
302,2026-07-27T12:57:37.110,12.461199,55.122700,-0.9600,-0.2100,-0.0500,1.9500,0.3100,-1.5900,0.983972,2.535094,"-0.96,-0.21,-0.05,1.95,0.31,-1.59"
303,2026-07-27T12:57:37.230,12.581103,119.903900,-0.9700,-0.2000,-0.0500,0.8500,-0.2400,-2.3800,0.991665,2.538602,"-0.97,-0.20,-0.05,0.85,-0.24,-2.38"
304,2026-07-27T12:57:37.231,12.581791,0.687900,-0.9700,-0.1900,-0.0600,0.4900,-0.3700,-1.5300,0.990252,1.648605,"-0.97,-0.19,-0.06,0.49,-0.37,-1.53"
305,2026-07-27T12:57:37.232,12.582392,0.601300,-0.9600,-0.2100,-0.0500,2.0800,0.1800,-0.2400,0.983972,2.101523,"-0.96,-0.21,-0.05,2.08,0.18,-0.24"
306,2026-07-27T12:57:37.470,12.820804,238.411500,-0.9500,-0.2100,-0.0500,3.6000,0.4300,-0.0600,0.974218,3.626086,"-0.95,-0.21,-0.05,3.60,0.43,-0.06"
307,2026-07-27T12:57:37.471,12.821462,0.658500,-0.9600,-0.2100,-0.0500,3.8500,0.1800,-0.5500,0.983972,3.893251,"-0.96,-0.21,-0.05,3.85,0.18,-0.55"
308,2026-07-27T12:57:37.473,12.823770,2.307800,-0.9600,-0.2100,-0.0600,3.2300,0.1200,-0.8500,0.984530,3.342125,"-0.96,-0.21,-0.06,3.23,0.12,-0.85"
309,2026-07-27T12:57:37.473,12.823995,0.224900,-0.9600,-0.2100,-0.0600,1.7100,0.1200,-0.7900,0.984530,1.887485,"-0.96,-0.21,-0.06,1.71,0.12,-0.79"
310,2026-07-27T12:57:37.475,12.825372,1.377200,-0.9600,-0.2100,-0.0500,0.5500,0.0600,-0.6100,0.983972,0.823529,"-0.96,-0.21,-0.05,0.55,0.06,-0.61"
311,2026-07-27T12:57:37.475,12.825865,0.493200,-0.9600,-0.2100,-0.0400,1.7100,0.2400,-0.6700,0.983514,1.852188,"-0.96,-0.21,-0.04,1.71,0.24,-0.67"
312,2026-07-27T12:57:37.530,12.881164,55.298500,-0.9500,-0.2200,-0.0500,5.0000,0.7300,-0.6700,0.976422,5.097235,"-0.95,-0.22,-0.05,5.00,0.73,-0.67"
313,2026-07-27T12:57:37.531,12.881760,0.596000,-0.9500,-0.2300,-0.0500,7.5100,1.0400,-0.1800,0.978724,7.583805,"-0.95,-0.23,-0.05,7.51,1.04,-0.18"
314,2026-07-27T12:57:37.591,12.942118,60.358500,-0.9500,-0.2400,-0.0600,6.8400,0.9200,0.0000,0.981682,6.901594,"-0.95,-0.24,-0.06,6.84,0.92,0.00"
315,2026-07-27T12:57:37.830,13.180819,238.700300,-0.9400,-0.2400,-0.0500,6.1600,1.1600,-0.7900,0.971442,6.317856,"-0.94,-0.24,-0.05,6.16,1.16,-0.79"
316,2026-07-27T12:57:37.831,13.181527,0.708800,-0.9400,-0.2400,-0.0500,5.1900,1.2800,-1.9500,0.971442,5.690079,"-0.94,-0.24,-0.05,5.19,1.28,-1.95"
317,2026-07-27T12:57:37.831,13.182101,0.573900,-0.9500,-0.2400,-0.0400,1.2200,0.4900,-2.3200,0.980663,2.666627,"-0.95,-0.24,-0.04,1.22,0.49,-2.32"
318,2026-07-27T12:57:37.832,13.182637,0.535800,-0.9600,-0.2400,-0.0400,-1.0400,-0.2400,-1.7700,0.990353,2.066906,"-0.96,-0.24,-0.04,-1.04,-0.24,-1.77"
319,2026-07-27T12:57:37.833,13.183342,0.704600,-0.9600,-0.2200,-0.0500,-0.4900,-0.1200,-1.1000,0.986154,1.210165,"-0.96,-0.22,-0.05,-0.49,-0.12,-1.10"
320,2026-07-27T12:57:37.833,13.184227,0.885100,-0.9600,-0.2000,-0.0500,-2.3200,0.3700,-0.7300,0.981886,2.460122,"-0.96,-0.20,-0.05,-2.32,0.37,-0.73"
321,2026-07-27T12:57:37.950,13.300686,116.459200,-0.9700,-0.2000,-0.0400,-5.9800,1.1600,0.4300,0.991211,6.106628,"-0.97,-0.20,-0.04,-5.98,1.16,0.43"
322,2026-07-27T12:57:37.950,13.301226,0.540100,-0.9600,-0.2100,-0.0300,-5.1900,2.4400,2.9300,0.983158,6.440078,"-0.96,-0.21,-0.03,-5.19,2.44,2.93"
323,2026-07-27T12:57:37.951,13.301479,0.252900,-0.9600,-0.2200,-0.0400,2.1400,3.9700,4.5200,0.985698,6.385209,"-0.96,-0.22,-0.04,2.14,3.97,4.52"
324,2026-07-27T12:57:38.010,13.361306,59.827000,-0.9600,-0.2200,-0.0500,10.1900,5.3700,4.5800,0.986154,12.395540,"-0.96,-0.22,-0.05,10.19,5.37,4.58"
325,2026-07-27T12:57:38.011,13.361699,0.393200,-0.9600,-0.2500,-0.0400,10.8000,6.4100,5.9800,0.992824,13.910014,"-0.96,-0.25,-0.04,10.80,6.41,5.98"
326,2026-07-27T12:57:38.250,13.600722,239.022400,-0.9600,-0.3000,-0.0400,-2.3800,5.8000,9.8300,1.006578,11.659044,"-0.96,-0.30,-0.04,-2.38,5.80,9.83"
327,2026-07-27T12:57:38.250,13.601217,0.495000,-0.9500,-0.3400,-0.0400,-26.8600,2.6900,13.6100,1.009802,30.231239,"-0.95,-0.34,-0.04,-26.86,2.69,13.61"
328,2026-07-27T12:57:38.251,13.601832,0.615300,-0.9200,-0.3400,-0.0100,-55.0500,-3.5400,12.7600,0.980867,56.620241,"-0.92,-0.34,-0.01,-55.05,-3.54,12.76"
329,2026-07-27T12:57:38.252,13.602416,0.583700,-0.8300,-0.3200,0.0600,-110.7200,-31.3700,-16.6000,0.891572,116.269322,"-0.83,-0.32,0.06,-110.72,-31.37,-16.60"
330,2026-07-27T12:57:38.253,13.603409,0.993100,-0.8100,-0.4200,0.0900,-128.5400,-42.1800,-30.5800,0.916842,138.696865,"-0.81,-0.42,0.09,-128.54,-42.18,-30.58"
331,2026-07-27T12:57:38.253,13.604113,0.704000,-0.9900,-0.5400,-0.0600,-65.9200,-22.5200,-31.5600,1.129292,76.476339,"-0.99,-0.54,-0.06,-65.92,-22.52,-31.56"
332,2026-07-27T12:57:38.430,13.780760,176.647400,-1.1600,-0.3600,-0.3500,5.6200,11.2900,-29.7900,1.264002,32.349538,"-1.16,-0.36,-0.35,5.62,11.29,-29.79"
333,2026-07-27T12:57:38.431,13.781376,0.615400,-1.0700,-0.1300,-0.4100,-17.5800,26.2500,-28.6300,1.153213,42.635617,"-1.07,-0.13,-0.41,-17.58,26.25,-28.63"
334,2026-07-27T12:57:38.431,13.781908,0.532700,-0.9000,-0.1400,-0.1800,-53.1000,15.3200,-24.2300,0.928440,60.344058,"-0.90,-0.14,-0.18,-53.10,15.32,-24.23"
335,2026-07-27T12:57:38.432,13.782493,0.584300,-0.8400,-0.1800,-0.0200,-43.0300,-6.8400,-14.2800,0.859302,45.850680,"-0.84,-0.18,-0.02,-43.03,-6.84,-14.28"
336,2026-07-27T12:57:38.550,13.900881,118.388700,-0.8900,-0.2300,-0.0100,-10.1900,-23.8600,-0.7300,0.919293,25.955127,"-0.89,-0.23,-0.01,-10.19,-23.86,-0.73"
337,2026-07-27T12:57:38.551,13.901408,0.527000,-0.9100,-0.3600,-0.1200,15.6900,-26.9200,8.0600,0.985951,32.184252,"-0.91,-0.36,-0.12,15.69,-26.92,8.06"
338,2026-07-27T12:57:38.551,13.901903,0.494400,-0.8900,-0.4000,-0.2000,-7.2000,-18.7400,8.1200,0.996042,21.655530,"-0.89,-0.40,-0.20,-7.20,-18.74,8.12"
339,2026-07-27T12:57:38.610,13.961102,59.199600,-0.8600,-0.4000,-0.0400,-62.9900,-16.3000,5.8000,0.949316,65.322815,"-0.86,-0.40,-0.04,-62.99,-16.30,5.80"
340,2026-07-27T12:57:38.611,13.961541,0.439000,-0.8800,-0.3800,-0.0100,-78.4900,-18.7400,7.5100,0.958593,81.044851,"-0.88,-0.38,-0.01,-78.49,-18.74,7.51"
341,2026-07-27T12:57:38.671,14.022060,60.518400,-0.9300,-0.2500,-0.0500,-44.8000,-17.0900,13.5500,0.964313,49.826806,"-0.93,-0.25,-0.05,-44.80,-17.09,13.55"
342,2026-07-27T12:57:38.790,14.140943,118.883800,-1.0000,-0.1600,-0.0700,-6.1000,-12.1500,18.8600,1.015135,23.249346,"-1.00,-0.16,-0.07,-6.10,-12.15,18.86"
343,2026-07-27T12:57:38.791,14.141451,0.507200,-1.1000,-0.1400,-0.0500,45.5900,6.4100,20.5700,1.110000,50.424806,"-1.10,-0.14,-0.05,45.59,6.41,20.57"
344,2026-07-27T12:57:38.791,14.142138,0.687500,-1.0800,-0.1200,-0.0200,119.2000,33.8700,19.2900,1.086830,125.411008,"-1.08,-0.12,-0.02,119.20,33.87,19.29"
345,2026-07-27T12:57:38.850,14.200891,58.753000,-0.9500,-0.0900,0.0100,152.2200,42.4800,17.0900,0.954306,158.957689,"-0.95,-0.09,0.01,152.22,42.48,17.09"
346,2026-07-27T12:57:38.850,14.201295,0.403900,-0.9400,-0.1100,0.0100,103.4500,31.1900,21.8500,0.946467,110.236750,"-0.94,-0.11,0.01,103.45,31.19,21.85"
347,2026-07-27T12:57:38.910,14.260869,59.573800,-0.9500,-0.1300,0.0000,24.8400,17.0900,29.0500,0.958853,41.868797,"-0.95,-0.13,0.00,24.84,17.09,29.05"
348,2026-07-27T12:57:39.036,14.386772,125.903500,-0.9300,-0.1400,-0.0200,-22.3400,7.2000,28.4400,0.940691,36.874777,"-0.93,-0.14,-0.02,-22.34,7.20,28.44"
349,2026-07-27T12:57:39.037,14.388292,1.519500,-0.9300,-0.1600,-0.0400,-38.6400,0.9200,23.1300,0.944510,45.043234,"-0.93,-0.16,-0.04,-38.64,0.92,23.13"
350,2026-07-27T12:57:39.039,14.390008,1.716200,-0.9200,-0.2100,-0.0100,-41.3800,-6.8400,15.5600,0.943716,44.734814,"-0.92,-0.21,-0.01,-41.38,-6.84,15.56"
351,2026-07-27T12:57:39.150,14.500614,110.605400,-0.9000,-0.2300,0.0600,-20.6900,-18.0700,6.2900,0.930860,28.180935,"-0.90,-0.23,0.06,-20.69,-18.07,6.29"
352,2026-07-27T12:57:39.150,14.500897,0.283900,-0.9600,-0.1800,-0.0000,26.4900,-12.9400,7.8100,0.976729,30.498521,"-0.96,-0.18,-0.00,26.49,-12.94,7.81"
353,2026-07-27T12:57:39.151,14.501620,0.723100,-0.9900,-0.0500,-0.2200,86.8500,20.6300,30.5800,1.015382,94.359185,"-0.99,-0.05,-0.22,86.85,20.63,30.58"
354,2026-07-27T12:57:39.331,14.681342,179.721800,-1.0000,-0.0300,-0.2600,117.9800,39.9200,47.0000,1.033683,133.123577,"-1.00,-0.03,-0.26,117.98,39.92,47.00"
355,2026-07-27T12:57:39.331,14.681719,0.377200,-1.0200,-0.2300,-0.1000,80.2000,32.0400,40.1000,1.050381,95.218757,"-1.02,-0.23,-0.10,80.20,32.04,40.10"
356,2026-07-27T12:57:39.332,14.682594,0.874600,-0.9900,-0.4400,0.0000,4.2100,19.5300,32.4100,1.083374,38.072997,"-0.99,-0.44,0.00,4.21,19.53,32.41"
357,2026-07-27T12:57:39.332,14.683274,0.680400,-0.9700,-0.5400,0.0200,-75.5600,2.5000,24.8400,1.110360,79.577567,"-0.97,-0.54,0.02,-75.56,2.50,24.84"
358,2026-07-27T12:57:39.333,14.683897,0.622500,-0.9400,-0.5400,-0.0200,-153.5600,-19.5300,0.1800,1.084251,154.797051,"-0.94,-0.54,-0.02,-153.56,-19.53,0.18"
359,2026-07-27T12:57:39.390,14.741201,57.304300,-0.9500,-0.5100,-0.0400,-197.6300,-40.5900,-44.9800,1.078981,206.708407,"-0.95,-0.51,-0.04,-197.63,-40.59,-44.98"
360,2026-07-27T12:57:39.451,14.801361,60.159500,-1.1600,-0.4400,-0.0700,-139.8900,-34.8500,-89.7200,1.242618,169.804043,"-1.16,-0.44,-0.07,-139.89,-34.85,-89.72"
361,2026-07-27T12:57:39.451,14.801880,0.519600,-1.3100,-0.1700,-0.2700,43.8200,13.4900,-104.0600,1.348295,113.713043,"-1.31,-0.17,-0.27,43.82,13.49,-104.06"
362,2026-07-27T12:57:39.571,14.922193,120.312600,-1.1800,0.0500,-0.3800,170.4100,40.6500,-95.0900,1.240685,199.334138,"-1.18,0.05,-0.38,170.41,40.65,-95.09"
363,2026-07-27T12:57:39.573,14.923466,1.272900,-0.9800,0.0500,-0.1400,83.3100,15.8100,-92.8300,0.991211,125.729555,"-0.98,0.05,-0.14,83.31,15.81,-92.83"
364,2026-07-27T12:57:39.573,14.924153,0.687100,-0.8800,-0.0400,0.0800,-51.1500,-9.4600,-92.8300,0.884534,106.410634,"-0.88,-0.04,0.08,-51.15,-9.46,-92.83"
365,2026-07-27T12:57:39.630,14.981158,57.004700,-0.9100,-0.0300,0.0500,-60.7900,-21.6100,-79.1600,0.911866,102.121113,"-0.91,-0.03,0.05,-60.79,-21.61,-79.16"
366,2026-07-27T12:57:39.870,15.221158,240.000100,-0.8900,0.0900,-0.1000,-11.0500,-31.0100,-50.2300,0.900111,60.056436,"-0.89,0.09,-0.10,-11.05,-31.01,-50.23"
367,2026-07-27T12:57:39.871,15.221881,0.723400,-0.7900,0.0900,-0.1800,-2.9900,-37.0500,-8.4800,0.815230,38.125490,"-0.79,0.09,-0.18,-2.99,-37.05,-8.48"
368,2026-07-27T12:57:39.872,15.222594,0.713200,-0.7400,-0.0100,-0.1600,-31.1300,-38.8200,31.4900,0.757166,58.887090,"-0.74,-0.01,-0.16,-31.13,-38.82,31.49"
369,2026-07-27T12:57:39.873,15.223528,0.933500,-0.8500,-0.3000,-0.0600,-65.9800,-39.4300,52.9200,0.903383,93.319943,"-0.85,-0.30,-0.06,-65.98,-39.43,52.92"
370,2026-07-27T12:57:39.873,15.223843,0.315000,-1.0000,-0.7000,0.0000,-96.0100,-42.0500,54.3200,1.220656,118.054161,"-1.00,-0.70,0.00,-96.01,-42.05,54.32"
371,2026-07-27T12:57:39.874,15.224319,0.475800,-0.9900,-0.9100,-0.0100,-145.7500,-64.7600,41.1400,1.344730,164.710108,"-0.99,-0.91,-0.01,-145.75,-64.76,41.14"
372,2026-07-27T12:57:40.171,15.521344,297.025100,-0.9300,-0.6700,-0.0600,-178.4700,-88.1300,19.2300,1.147780,199.970575,"-0.93,-0.67,-0.06,-178.47,-88.13,19.23"
373,2026-07-27T12:57:40.171,15.521530,0.186100,-1.1800,-0.1400,-0.1900,-65.8600,-31.5600,16.8500,1.203370,74.949955,"-1.18,-0.14,-0.19,-65.86,-31.56,16.85"
374,2026-07-27T12:57:40.171,15.522268,0.738200,-1.3300,0.2000,-0.2300,103.1500,72.8800,35.1600,1.364478,131.101649,"-1.33,0.20,-0.23,103.15,72.88,35.16"
375,2026-07-27T12:57:40.172,15.522947,0.679400,-1.0700,0.1800,-0.0600,157.1000,113.0400,35.8900,1.086692,196.841418,"-1.07,0.18,-0.06,157.10,113.04,35.89"
376,2026-07-27T12:57:40.173,15.523567,0.619700,-0.9200,-0.0200,0.0900,154.3000,89.2900,30.1500,0.924608,180.804360,"-0.92,-0.02,0.09,154.30,89.29,30.15"
377,2026-07-27T12:57:40.173,15.523970,0.403100,-0.9200,-0.1300,0.1200,123.7800,57.8600,42.0500,0.936856,142.959681,"-0.92,-0.13,0.12,123.78,57.86,42.05"
378,2026-07-27T12:57:40.174,15.525133,1.162300,-0.8600,-0.1100,0.1200,47.9100,37.6600,51.2700,0.875271,79.638286,"-0.86,-0.11,0.12,47.91,37.66,51.27"
379,2026-07-27T12:57:40.175,15.525942,0.809400,-0.8600,-0.1000,0.1100,2.4400,24.4100,43.9500,0.872754,50.332934,"-0.86,-0.10,0.11,2.44,24.41,43.95"
380,2026-07-27T12:57:40.231,15.581455,55.513500,-0.9500,-0.1300,0.0800,2.0800,7.3900,31.9800,0.962185,32.888583,"-0.95,-0.13,0.08,2.08,7.39,31.98"
381,2026-07-27T12:57:40.410,15.760918,179.462400,-0.9500,-0.1700,0.0300,-17.0300,-23.0700,27.8900,0.965557,40.001224,"-0.95,-0.17,0.03,-17.03,-23.07,27.89"
382,2026-07-27T12:57:40.411,15.761692,0.774000,-0.8800,-0.1700,-0.0700,-73.6100,-56.2700,31.7400,0.898999,97.939638,"-0.88,-0.17,-0.07,-73.61,-56.27,31.74"
383,2026-07-27T12:57:40.411,15.762067,0.374800,-0.8800,-0.2000,-0.2400,-86.4900,-52.2500,44.2500,0.933809,110.311582,"-0.88,-0.20,-0.24,-86.49,-52.25,44.25"
384,2026-07-27T12:57:40.412,15.762668,0.601800,-0.9500,-0.2600,-0.3300,3.1700,-6.1600,58.4100,1.038749,58.819407,"-0.95,-0.26,-0.33,3.17,-6.16,58.41"
385,2026-07-27T12:57:40.413,15.763482,0.813600,-1.0100,-0.3500,-0.2200,65.9800,35.3400,54.0200,1.091329,92.306210,"-1.01,-0.35,-0.22,65.98,35.34,54.02"
386,2026-07-27T12:57:41.011,16.361424,597.942200,-1.0600,-0.4700,-0.1400,-37.2300,33.7500,29.5400,1.167947,58.290196,"-1.06,-0.47,-0.14,-37.23,33.75,29.54"
387,2026-07-27T12:57:41.011,16.362206,0.781300,-1.0600,-0.5600,-0.1700,-229.2500,-5.1900,-11.1700,1.210826,229.580634,"-1.06,-0.56,-0.17,-229.25,-5.19,-11.17"
388,2026-07-27T12:57:41.012,16.363020,0.814200,-1.1900,-0.5700,-0.1900,-307.8600,-17.8800,-65.9200,1.333079,315.345716,"-1.19,-0.57,-0.19,-307.86,-17.88,-65.92"
389,2026-07-27T12:57:41.013,16.363588,0.568700,-1.4100,-0.4900,0.0700,-206.7900,28.5000,-131.5300,1.494356,246.727572,"-1.41,-0.49,0.07,-206.79,28.50,-131.53"
390,2026-07-27T12:57:41.013,16.363953,0.364200,-1.3600,-0.0200,0.2100,12.2700,64.0900,-175.6600,1.376263,187.388678,"-1.36,-0.02,0.21,12.27,64.09,-175.66"
391,2026-07-27T12:57:41.014,16.364735,0.782400,-1.0500,0.3500,-0.0300,218.6900,55.9700,-152.2200,1.107204,272.266203,"-1.05,0.35,-0.03,218.69,55.97,-152.22"
392,2026-07-27T12:57:41.014,16.365024,0.288600,-0.8500,0.1600,0.0100,189.6400,25.3300,-100.2200,0.864986,215.983765,"-0.85,0.16,0.01,189.64,25.33,-100.22"
393,2026-07-27T12:57:41.015,16.366070,1.046500,-0.8400,0.0900,0.1500,26.7300,-14.4700,-66.8900,0.858021,73.472076,"-0.84,0.09,0.15,26.73,-14.47,-66.89"
394,2026-07-27T12:57:41.016,16.367020,0.950100,-0.8200,0.1600,-0.0700,-42.4800,-52.0600,-35.6400,0.838391,76.059211,"-0.82,0.16,-0.07,-42.48,-52.06,-35.64"
395,2026-07-27T12:57:41.017,16.367510,0.489700,-0.7400,-0.0200,-0.2700,-58.1100,-74.5800,2.9900,0.787972,94.593280,"-0.74,-0.02,-0.27,-58.11,-74.58,2.99"
396,2026-07-27T12:57:41.018,16.368451,0.940900,-0.7800,-0.2500,-0.1600,-79.9600,-68.6000,37.1100,0.834566,111.699211,"-0.78,-0.25,-0.16,-79.96,-68.60,37.11"
397,2026-07-27T12:57:41.018,16.369027,0.576000,-0.9700,-0.4200,0.0600,-127.0100,-59.0800,55.6000,1.058726,150.709477,"-0.97,-0.42,0.06,-127.01,-59.08,55.60"
398,2026-07-27T12:57:41.019,16.369827,0.800500,-1.0300,-0.6900,0.1400,-265.2000,-91.0000,36.8700,1.247638,282.792215,"-1.03,-0.69,0.14,-265.20,-91.00,36.87"
399,2026-07-27T12:57:41.020,16.370702,0.874200,-0.9300,-0.8100,-0.0300,-471.8000,-189.9400,-1.7100,1.233653,508.601384,"-0.93,-0.81,-0.03,-471.80,-189.94,-1.71"
400,2026-07-27T12:57:41.021,16.371777,1.075600,-1.0200,-0.6200,-0.2700,-468.2600,-253.8500,-17.8000,1.223806,532.939105,"-1.02,-0.62,-0.27,-468.26,-253.85,-17.8"
401,2026-07-27T12:57:41.311,16.661330,289.552900,-1.2900,-0.2100,-0.2400,-119.0800,-130.2500,-7.2000,1.328834,176.626580,"-1.29,-0.21,-0.24,-119.08,-130.25,-7.20"
402,2026-07-27T12:57:41.311,16.662065,0.734500,-1.2000,0.1300,0.1100,401.0600,165.2800,-12.0200,1.212023,433.948249,"-1.20,0.13,0.11,401.06,165.28,-12.02"
403,2026-07-27T12:57:41.312,16.662779,0.714400,-0.9600,0.1300,0.4200,396.9700,159.0000,-24.4100,1.055888,428.324677,"-0.96,0.13,0.42,396.97,159.00,-24.41"
404,2026-07-27T12:57:41.313,16.663558,0.779200,-0.9500,-0.0300,0.4500,263.1800,106.9300,-1.8900,1.051618,284.079759,"-0.95,-0.03,0.45,263.18,106.93,-1.89"
405,2026-07-27T12:57:41.313,16.664082,0.524200,-0.8300,-0.0900,0.3100,97.9600,41.7500,24.2300,0.890562,109.207678,"-0.83,-0.09,0.31,97.96,41.75,24.23"
406,2026-07-27T12:57:41.314,16.664960,0.877500,-0.7200,-0.0900,0.2000,28.8700,8.9100,29.7200,0.752662,42.380932,"-0.72,-0.09,0.20,28.87,8.91,29.72"
407,2026-07-27T12:57:41.315,16.665383,0.422700,-0.8600,-0.1300,0.1800,26.8600,-8.3600,26.9200,0.888200,38.936302,"-0.86,-0.13,0.18,26.86,-8.36,26.92"
408,2026-07-27T12:57:41.430,16.781192,115.809600,-0.9900,-0.1800,0.1900,-6.6500,-36.9300,39.2500,1.024012,54.301104,"-0.99,-0.18,0.19,-6.65,-36.93,39.25"
409,2026-07-27T12:57:41.431,16.781747,0.554500,-0.9600,-0.2000,0.1300,-63.6000,-51.7600,60.5500,0.989192,101.933116,"-0.96,-0.20,0.13,-63.60,-51.76,60.55"
410,2026-07-27T12:57:41.432,16.782411,0.663900,-0.9300,-0.2600,0.0100,-36.9900,-19.2900,67.5000,0.965712,79.351208,"-0.93,-0.26,0.01,-36.99,-19.29,67.50"
411,2026-07-27T12:57:41.490,16.841260,58.849100,-0.9300,-0.4100,0.0000,23.3200,24.0500,53.8900,1.016366,63.453581,"-0.93,-0.41,0.00,23.32,24.05,53.89"
412,2026-07-27T12:57:41.491,16.841828,0.568500,-0.9600,-0.5100,0.0800,-1.7100,32.0400,39.2500,1.090000,50.695643,"-0.96,-0.51,0.08,-1.71,32.04,39.25"
413,2026-07-27T12:57:41.550,16.901012,59.183900,-0.9500,-0.6000,0.0000,-55.4200,27.3400,33.0800,1.123610,70.093783,"-0.95,-0.60,0.00,-55.42,27.34,33.08"
414,2026-07-27T12:57:41.610,16.961170,60.158200,-0.8700,-0.5900,-0.1000,-55.4200,27.3400,33.0800,1.055936,70.093783,"-0.87,-0.59,-0.10,-55.42,27.34,33.08"
415,2026-07-27T12:57:41.611,16.961859,0.688500,-1.1000,-0.5500,-0.0900,6.8400,54.3800,-47.2400,1.233126,72.357360,"-1.10,-0.55,-0.09,6.84,54.38,-47.24"
416,2026-07-27T12:57:41.670,17.020748,58.889000,-1.6400,-0.4300,0.1100,-26.0600,32.5300,-128.6600,1.699000,135.243189,"-1.64,-0.43,0.11,-26.06,32.53,-128.66"
417,2026-07-27T12:57:41.970,17.321242,300.493900,-1.6800,-0.0200,0.1000,-18.4300,15.8100,-167.3600,1.683092,169.112361,"-1.68,-0.02,0.10,-18.43,15.81,-167.36"
418,2026-07-27T12:57:41.971,17.322125,0.883000,-1.0900,0.3300,-0.2400,137.0800,34.5500,-126.7100,1.163873,189.842179,"-1.09,0.33,-0.24,137.08,34.55,-126.71"
419,2026-07-27T12:57:41.972,17.322799,0.674300,-0.6000,0.2300,-0.2300,185.2400,26.3700,-68.7900,0.682495,199.352197,"-0.60,0.23,-0.23,185.24,26.37,-68.79"
420,2026-07-27T12:57:41.973,17.323333,0.534200,-0.5400,0.1800,-0.0000,60.6100,-12.0200,-44.1900,0.569210,75.965838,"-0.54,0.18,-0.00,60.61,-12.02,-44.19"
421,2026-07-27T12:57:41.973,17.323852,0.518800,-0.6800,0.2400,-0.0300,-13.6700,-37.3500,-23.9900,0.721734,46.447944,"-0.68,0.24,-0.03,-13.67,-37.35,-23.99"
422,2026-07-27T12:57:41.974,17.324331,0.479500,-0.8100,-0.0900,-0.1500,-26.9200,-52.1200,11.8400,0.828674,59.844519,"-0.81,-0.09,-0.15,-26.92,-52.12,11.84"
423,2026-07-27T12:57:41.974,17.324791,0.459600,-0.9000,-0.5300,-0.0800,-67.9900,-46.6300,45.0400,1.047521,93.944657,"-0.90,-0.53,-0.08,-67.99,-46.63,45.04"
424,2026-07-27T12:57:41.975,17.325870,1.078700,-0.9800,-0.7600,0.1300,-155.8800,-35.5800,53.5300,1.246956,168.611897,"-0.98,-0.76,0.13,-155.88,-35.58,53.53"
425,2026-07-27T12:57:42.030,17.381166,55.296100,-0.9600,-0.9000,0.2000,-259.6400,-71.6600,22.6400,1.331015,270.297345,"-0.96,-0.90,0.20,-259.64,-71.66,22.64"
426,2026-07-27T12:57:42.091,17.442039,60.872700,-0.8500,-0.6700,-0.0100,-266.0500,-122.1900,-3.7800,1.082359,292.792225,"-0.85,-0.67,-0.01,-266.05,-122.19,-3.78"
427,2026-07-27T12:57:42.092,17.442430,0.391500,-1.0400,-0.2500,-0.2700,-76.9700,-79.8300,25.3300,1.103177,113.748928,"-1.04,-0.25,-0.27,-76.97,-79.83,25.33"
428,2026-07-27T12:57:42.151,17.501421,58.991100,-1.3200,-0.1100,-0.2300,118.9000,15.8100,57.2500,1.344396,132.908723,"-1.32,-0.11,-0.23,118.90,15.81,57.25"
429,2026-07-27T12:57:42.270,17.620838,119.416800,-1.1900,-0.0800,0.0800,127.3200,54.0800,32.3500,1.195366,142.061787,"-1.19,-0.08,0.08,127.32,54.08,32.35"
430,2026-07-27T12:57:42.270,17.621281,0.443000,-1.0000,0.0300,0.3000,131.5300,50.4800,-12.2700,1.044462,141.417553,"-1.00,0.03,0.30,131.53,50.48,-12.27"
431,2026-07-27T12:57:42.271,17.622091,0.810300,-0.9400,0.1300,0.2900,236.7600,55.2400,-15.2000,0.992270,243.593504,"-0.94,0.13,0.29,236.76,55.24,-15.20"
432,2026-07-27T12:57:42.331,17.681354,59.262400,-0.8500,0.1600,0.1900,266.5400,57.4300,12.5700,0.885551,272.946481,"-0.85,0.16,0.19,266.54,57.43,12.57"
433,2026-07-27T12:57:42.331,17.681997,0.643100,-0.8300,0.0900,0.1000,159.4200,44.4900,37.3500,0.840833,169.673566,"-0.83,0.09,0.10,159.42,44.49,37.35"
434,2026-07-27T12:57:42.411,17.762238,80.241700,-0.9500,-0.1000,0.1100,-7.9300,19.6500,51.3300,0.961561,55.531759,"-0.95,-0.10,0.11,-7.93,19.65,51.33"
435,2026-07-27T12:57:42.452,17.802989,40.750200,-1.0300,-0.2700,0.1800,-133.6700,-24.1700,53.2800,1.079907,145.913043,"-1.03,-0.27,0.18,-133.67,-24.17,53.28"
436,2026-07-27T12:57:42.453,17.803376,0.386900,-0.9700,-0.3300,0.1500,-136.2900,-58.4700,53.7700,1.035519,157.749542,"-0.97,-0.33,0.15,-136.29,-58.47,53.77"
437,2026-07-27T12:57:42.510,17.860772,57.396100,-0.9100,-0.3400,0.0000,-53.5300,-43.8200,59.8800,0.971442,91.494632,"-0.91,-0.34,0.00,-53.53,-43.82,59.88"
438,2026-07-27T12:57:42.570,17.920906,60.134300,-0.8900,-0.3400,-0.0900,40.9500,1.7700,60.0600,0.956974,72.713403,"-0.89,-0.34,-0.09,40.95,1.77,60.06"
439,2026-07-27T12:57:42.571,17.921544,0.637600,-0.8800,-0.3500,-0.0300,58.1100,26.0600,49.6800,0.947523,80.771270,"-0.88,-0.35,-0.03,58.11,26.06,49.68"
440,2026-07-27T12:57:42.630,17.981209,59.665500,-0.9000,-0.4200,0.0500,-71.5900,4.6400,35.5800,0.994435,80.078674,"-0.90,-0.42,0.05,-71.59,4.64,35.58"
441,2026-07-27T12:57:42.751,18.101811,120.601500,-0.9700,-0.5000,-0.0100,-241.6400,-33.9400,12.1500,1.091329,244.314215,"-0.97,-0.50,-0.01,-241.64,-33.94,12.15"
442,2026-07-27T12:57:42.751,18.102179,0.368500,-1.1700,-0.4900,-0.1100,-255.0700,-37.1700,-33.2600,1.273224,259.901022,"-1.17,-0.49,-0.11,-255.07,-37.17,-33.26"
443,2026-07-27T12:57:42.752,18.102846,0.666700,-1.4300,-0.2700,-0.1100,-70.2500,26.5500,-85.1400,1.459418,113.528783,"-1.43,-0.27,-0.11,-70.25,26.55,-85.14"
444,2026-07-27T12:57:42.811,18.161374,58.528300,-1.4800,0.2600,-0.1800,134.2800,113.7100,-105.9000,1.513407,205.367701,"-1.48,0.26,-0.18,134.28,113.71,-105.90"
445,2026-07-27T12:57:42.811,18.161822,0.447900,-1.2300,0.5200,-0.1800,192.8100,144.1000,-99.4300,1.347479,260.435848,"-1.23,0.52,-0.18,192.81,144.10,-99.43"
446,2026-07-27T12:57:42.870,18.220996,59.174100,-0.9400,0.2400,-0.0100,115.6000,101.0100,-91.3700,0.970206,178.647298,"-0.94,0.24,-0.01,115.60,101.01,-91.37"
447,2026-07-27T12:57:42.931,18.281791,60.794700,-0.7800,0.0300,0.0900,33.6300,49.9300,-78.9800,0.785748,99.306708,"-0.78,0.03,0.09,33.63,49.93,-78.98"
448,2026-07-27T12:57:42.931,18.282115,0.324000,-0.7100,0.0000,0.0300,36.8000,21.8500,-56.8200,0.710634,71.134906,"-0.71,0.00,0.03,36.80,21.85,-56.82"
449,2026-07-27T12:57:43.052,18.402502,120.387400,-0.6800,-0.0300,-0.0900,71.1700,-7.0800,-24.9600,0.686586,75.751547,"-0.68,-0.03,-0.09,71.17,-7.08,-24.96"
450,2026-07-27T12:57:43.053,18.403416,0.914300,-0.7000,-0.0800,-0.1000,47.3600,-38.3900,11.7800,0.711618,62.092915,"-0.70,-0.08,-0.10,47.36,-38.39,11.78"
451,2026-07-27T12:57:43.053,18.403519,0.102800,-0.8300,-0.2700,-0.0200,-63.8400,-73.2400,44.5600,0.873041,106.888899,"-0.83,-0.27,-0.02,-63.84,-73.24,44.56"
452,2026-07-27T12:57:43.351,18.701833,298.314000,-1.1100,-0.6000,-0.0900,-230.9600,-117.1900,68.9700,1.264990,268.016564,"-1.11,-0.60,-0.09,-230.96,-117.19,68.97"
453,2026-07-27T12:57:43.352,18.702740,0.906800,-1.2400,-0.7300,-0.3300,-388.5500,-175.3500,61.4000,1.476279,430.683973,"-1.24,-0.73,-0.33,-388.55,-175.35,61.40"
454,2026-07-27T12:57:43.353,18.703912,1.172300,-1.1000,-0.5100,-0.3500,-370.8500,-188.6000,-9.6400,1.261983,416.164165,"-1.10,-0.51,-0.35,-370.85,-188.60,-9.64"
455,2026-07-27T12:57:43.354,18.704524,0.611600,-1.1800,-0.1100,-0.0700,-86.0000,-61.9500,-62.6800,1.187182,123.136448,"-1.18,-0.11,-0.07,-86.00,-61.95,-62.68"
456,2026-07-27T12:57:43.354,18.704974,0.450200,-1.1800,0.1000,0.3500,212.0400,103.0900,-38.5100,1.234868,238.896483,"-1.18,0.10,0.35,212.04,103.09,-38.51"
457,2026-07-27T12:57:43.355,18.705530,0.556200,-0.9100,-0.0300,0.6900,313.6000,145.0200,8.7900,1.142410,345.619769,"-0.91,-0.03,0.69,313.60,145.02,8.79"
458,2026-07-27T12:57:43.355,18.706120,0.589400,-0.8600,-0.1600,0.6600,265.2000,84.9600,40.2800,1.095810,281.374697,"-0.86,-0.16,0.66,265.20,84.96,40.28"
459,2026-07-27T12:57:43.590,18.941149,235.028900,-0.8600,-0.1300,0.4100,107.9100,-3.1700,44.8000,0.961561,116.883091,"-0.86,-0.13,0.41,107.91,-3.17,44.80"
460,2026-07-27T12:57:43.591,18.941543,0.394300,-0.7900,-0.1000,0.2400,-27.1000,-59.2700,31.9200,0.831685,72.568790,"-0.79,-0.10,0.24,-27.10,-59.27,31.92"
461,2026-07-27T12:57:43.591,18.941853,0.310300,-0.8300,-0.1600,0.1700,-0.8500,-49.0100,15.9900,0.862206,51.559506,"-0.83,-0.16,0.17,-0.85,-49.01,15.99"
462,2026-07-27T12:57:43.592,18.942465,0.611900,-0.9500,-0.2600,0.1700,113.8300,-0.7900,12.0800,0.999500,114.471915,"-0.95,-0.26,0.17,113.83,-0.79,12.08"
463,2026-07-27T12:57:43.592,18.943231,0.766100,-0.9600,-0.3200,0.1900,161.3800,24.2300,15.3200,1.029612,163.906375,"-0.96,-0.32,0.19,161.38,24.23,15.32"
464,2026-07-27T12:57:43.594,18.944366,1.134400,-0.9100,-0.2900,0.1700,89.2900,2.1400,18.4900,0.970103,91.209450,"-0.91,-0.29,0.17,89.29,2.14,18.49"
465,2026-07-27T12:57:43.651,19.001674,57.308500,-0.9000,-0.2400,0.1000,-4.8200,-29.6000,22.7100,0.936803,37.618300,"-0.90,-0.24,0.10,-4.82,-29.60,22.71"
466,2026-07-27T12:57:43.652,19.002782,1.107400,-0.9100,-0.2600,0.0400,-16.7200,-40.1600,18.4900,0.947259,47.268003,"-0.91,-0.26,0.04,-16.72,-40.16,18.49"
467,2026-07-27T12:57:43.890,19.241142,238.360700,-0.9000,-0.3300,0.0200,27.2200,-28.1400,10.5000,0.958801,40.534405,"-0.90,-0.33,0.02,27.22,-28.14,10.50"
468,2026-07-27T12:57:43.891,19.241871,0.728700,-0.8800,-0.3800,-0.0100,-2.6200,-19.8400,12.3300,0.958593,23.505721,"-0.88,-0.38,-0.01,-2.62,-19.84,12.33"
469,2026-07-27T12:57:43.891,19.242279,0.407800,-0.9500,-0.3800,-0.0700,-135.6200,-31.4300,13.3100,1.025573,139.849152,"-0.95,-0.38,-0.07,-135.62,-31.43,13.31"
470,2026-07-27T12:57:43.892,19.242936,0.657300,-1.2000,-0.3900,-0.0800,-253.4200,-28.8100,1.9500,1.264318,255.059826,"-1.20,-0.39,-0.08,-253.42,-28.81,1.95"
471,2026-07-27T12:57:43.893,19.243680,0.744000,-1.5200,-0.4000,0.0500,-239.1400,32.2300,-9.8300,1.572546,241.502260,"-1.52,-0.40,0.05,-239.14,32.23,-9.83"
472,2026-07-27T12:57:43.893,19.244228,0.548200,-1.5400,-0.0800,0.3600,-66.1600,135.7400,-47.3600,1.583540,158.257584,"-1.54,-0.08,0.36,-66.16,135.74,-47.36"
473,2026-07-27T12:57:43.950,19.301108,56.880200,-1.2600,0.3800,0.5500,95.0900,178.9600,-142.3300,1.426359,247.642118,"-1.26,0.38,0.55,95.09,178.96,-142.33"
474,2026-07-27T12:57:44.011,19.361418,60.309500,-0.8500,0.1200,0.4300,39.6700,112.3700,-138.7900,0.960104,182.930014,"-0.85,0.12,0.43,39.67,112.37,-138.79"
475,2026-07-27T12:57:44.011,19.362179,0.761000,-0.5600,-0.3700,0.3000,-51.8800,19.8400,10.0700,0.735187,56.449667,"-0.56,-0.37,0.30,-51.88,19.84,10.07"
476,2026-07-27T12:57:44.070,19.421149,58.970300,-0.6300,-0.3500,0.2300,48.8300,16.8500,-16.4200,0.756505,54.202470,"-0.63,-0.35,0.23,48.83,16.85,-16.42"
477,2026-07-27T12:57:44.130,19.481220,60.070800,-0.7400,-0.2100,0.1300,83.4400,-8.5400,-16.6000,0.780128,85.502779,"-0.74,-0.21,0.13,83.44,-8.54,-16.60"
478,2026-07-27T12:57:44.131,19.482103,0.882900,-0.7500,-0.2300,0.1000,71.2900,-44.0100,16.7800,0.790822,85.444208,"-0.75,-0.23,0.10,71.29,-44.01,16.78"
479,2026-07-27T12:57:44.192,19.542553,60.450400,-0.8400,-0.3300,0.0500,-9.0900,-89.7800,74.6500,0.903881,117.114043,"-0.84,-0.33,0.05,-9.09,-89.78,74.65"
480,2026-07-27T12:57:44.610,19.960909,418.355100,-1.0700,-0.5400,-0.2300,-249.4500,-119.3800,116.8000,1.220410,300.198479,"-1.07,-0.54,-0.23,-249.45,-119.38,116.8"
481,2026-07-27T12:57:44.611,19.961620,0.711900,-1.2200,-0.6000,-0.5400,-408.0800,-57.9800,77.3900,1.462874,419.380709,"-1.22,-0.60,-0.54,-408.08,-57.98,77.39"
482,2026-07-27T12:57:44.611,19.962278,0.657600,-1.1900,-0.4300,-0.4500,-88.7500,48.4000,-20.8100,1.342945,103.209392,"-1.19,-0.43,-0.45,-88.75,48.40,-20.81"
483,2026-07-27T12:57:44.612,19.962980,0.701700,-1.2200,-0.2200,-0.0400,367.8600,68.2400,-79.8300,1.240323,382.557847,"-1.22,-0.22,-0.04,367.86,68.24,-79.83"
484,2026-07-27T12:57:44.613,19.963604,0.624700,-1.1700,0.0000,0.4000,383.6700,-44.1900,-70.3700,1.236487,392.565105,"-1.17,0.00,0.40,383.67,-44.19,-70.37"
485,2026-07-27T12:57:44.613,19.964192,0.588000,-0.6300,-0.3000,0.6800,140.1400,-149.5400,-10.3100,0.974320,205.201675,"-0.63,-0.30,0.68,140.14,-149.54,-10.31"
486,2026-07-27T12:57:44.614,19.964688,0.496100,-0.6100,-0.5600,0.6400,16.2400,-115.8400,57.8000,1.046566,130.474071,"-0.61,-0.56,0.64,16.24,-115.84,57.80"
487,2026-07-27T12:57:44.617,19.967571,2.882100,-0.5600,-0.6700,0.5400,11.6600,-37.1700,74.0400,1.026694,83.662931,"-0.56,-0.67,0.54,11.66,-37.17,74.04"
488,2026-07-27T12:57:44.617,19.967647,0.076900,-0.6200,-0.6800,0.4200,58.2300,7.3900,23.1300,1.011533,63.089951,"-0.62,-0.68,0.42,58.23,7.39,23.13"
489,2026-07-27T12:57:44.617,19.967686,0.038900,-0.7800,-0.5600,0.3200,110.1100,21.0600,-50.0500,1.012126,122.771080,"-0.78,-0.56,0.32,110.11,21.06,-50.05"
490,2026-07-27T12:57:44.617,19.968155,0.468400,-0.9100,-0.3600,0.2800,91.0600,0.0600,-83.7400,1.017890,123.710609,"-0.91,-0.36,0.28,91.06,0.06,-83.74"
491,2026-07-27T12:57:44.670,20.021106,52.951100,-0.9400,-0.2300,0.2700,-3.1100,-43.1500,-62.9900,1.004689,76.415540,"-0.94,-0.23,0.27,-3.11,-43.15,-62.99"
492,2026-07-27T12:57:44.910,20.261112,240.005900,-0.8900,-0.1900,0.2400,-83.0100,-68.6600,-34.0600,0.941169,112.982031,"-0.89,-0.19,0.24,-83.01,-68.66,-34.06"
493,2026-07-27T12:57:44.911,20.261690,0.577900,-0.8900,-0.2300,0.2000,-67.7500,-60.8500,-24.4800,0.940744,94.297696,"-0.89,-0.23,0.20,-67.75,-60.85,-24.48"
494,2026-07-27T12:57:44.911,20.262181,0.491500,-0.9100,-0.3500,0.1500,8.5400,-38.3300,-14.8300,0.986458,41.976772,"-0.91,-0.35,0.15,8.54,-38.33,-14.83"
495,2026-07-27T12:57:44.912,20.262680,0.498400,-0.9000,-0.4500,0.1400,50.1700,-15.1400,9.5800,1.015923,53.273116,"-0.90,-0.45,0.14,50.17,-15.14,9.58"
496,2026-07-27T12:57:44.913,20.263602,0.922900,-0.8700,-0.4300,0.2000,18.5500,9.8300,32.9600,0.990858,39.078037,"-0.87,-0.43,0.20,18.55,9.83,32.96"
497,2026-07-27T12:57:44.913,20.264264,0.661100,-0.9200,-0.4000,0.3400,-39.8600,38.0200,44.5600,1.059245,70.851490,"-0.92,-0.40,0.34,-39.86,38.02,44.56"
498,2026-07-27T12:57:44.971,20.321534,57.270700,-1.1200,-0.5300,0.5500,-39.1200,75.0700,43.9500,1.355655,95.380720,"-1.12,-0.53,0.55,-39.12,75.07,43.95"
499,2026-07-27T12:57:44.971,20.322037,0.502800,-1.1900,-0.6300,0.7800,26.3700,121.8900,19.5300,1.556085,126.229830,"-1.19,-0.63,0.78,26.37,121.89,19.53"
500,2026-07-27T12:57:45.091,20.441353,119.315700,-0.9600,-0.2300,0.9300,118.7700,151.0000,-50.9600,1.356245,198.756722,"-0.96,-0.23,0.93,118.77,151.00,-50.96"
501,2026-07-27T12:57:45.091,20.441849,0.495800,-0.6700,0.0900,0.8100,153.2600,115.6600,-81.1200,1.055036,208.437803,"-0.67,0.09,0.81,153.26,115.66,-81.12"
502,2026-07-27T12:57:45.092,20.442787,0.938300,-0.5400,-0.1100,0.5400,78.6700,54.5700,-25.3900,0.771557,99.053046,"-0.54,-0.11,0.54,78.67,54.57,-25.39"
503,2026-07-27T12:57:45.212,20.563045,120.258100,-0.5500,-0.2400,0.4800,16.1100,32.7800,6.5900,0.768440,37.114534,"-0.55,-0.24,0.48,16.11,32.78,6.59"
504,2026-07-27T12:57:45.213,20.563394,0.349300,-0.5500,-0.2300,0.5000,21.0600,24.4100,-12.0200,0.778075,34.407152,"-0.55,-0.23,0.50,21.06,24.41,-12.02"
505,2026-07-27T12:57:45.213,20.563688,0.293800,-0.6200,-0.2200,0.4200,23.3800,-4.2700,-29.9700,0.780513,38.249944,"-0.62,-0.22,0.42,23.38,-4.27,-29.97"
506,2026-07-27T12:57:45.330,20.681104,117.415900,-0.8200,-0.3200,0.2400,-4.0900,-52.5500,-14.5900,0.912360,54.690938,"-0.82,-0.32,0.24,-4.09,-52.55,-14.59"
507,2026-07-27T12:57:45.331,20.682232,1.127600,-1.1300,-0.4500,0.0800,-55.9100,-106.4500,37.6600,1.218934,125.999231,"-1.13,-0.45,0.08,-55.91,-106.45,37.66"
508,2026-07-27T12:57:45.332,20.682823,0.590900,-1.3100,-0.5500,-0.0200,-136.3500,-123.1700,98.7500,1.420915,208.599458,"-1.31,-0.55,-0.02,-136.35,-123.17,98.75"
509,2026-07-27T12:57:45.390,20.741306,58.483900,-1.1100,-0.5000,0.1100,-136.3500,-61.2200,83.5000,1.222375,171.205902,"-1.11,-0.50,0.11,-136.35,-61.22,83.50"
510,2026-07-27T12:57:45.450,20.800935,59.629100,-0.8100,-0.2700,0.5300,18.6800,30.4600,-49.6200,1.004938,61.146532,"-0.81,-0.27,0.53,18.68,30.46,-49.62"
511,2026-07-27T12:57:45.451,20.801546,0.610400,-0.7600,-0.1900,0.8500,159.9100,76.8400,-168.7600,1.155941,244.858186,"-0.76,-0.19,0.85,159.91,76.84,-168.76"
512,2026-07-27T12:57:45.570,20.921005,119.459300,-0.7500,-0.3700,0.7800,148.0700,50.4800,-115.0500,1.143591,194.189232,"-0.75,-0.37,0.78,148.07,50.48,-115.05"
513,2026-07-27T12:57:45.571,20.921379,0.373700,-0.7000,-0.5800,0.6000,53.6500,-10.1300,24.7800,1.089220,59.958217,"-0.70,-0.58,0.60,53.65,-10.13,24.78"
514,2026-07-27T12:57:45.571,20.921907,0.527900,-0.7300,-0.6200,0.4600,-17.7600,-54.5000,88.3200,1.062497,105.290503,"-0.73,-0.62,0.46,-17.76,-54.50,88.32"
515,2026-07-27T12:57:45.690,21.041077,119.170100,-0.6800,-0.5200,0.3600,-44.4300,-69.0300,73.0600,0.928655,109.895084,"-0.68,-0.52,0.36,-44.43,-69.03,73.06"
516,2026-07-27T12:57:45.691,21.041385,0.308300,-0.6200,-0.4300,0.3800,-30.0900,-48.8300,26.5500,0.844808,63.203477,"-0.62,-0.43,0.38,-30.09,-48.83,26.55"
517,2026-07-27T12:57:45.691,21.041832,0.447300,-0.7300,-0.4200,0.4800,7.5700,-18.8000,-18.6200,0.969381,27.521797,"-0.73,-0.42,0.48,7.57,-18.80,-18.62"
518,2026-07-27T12:57:45.751,21.102151,60.318200,-0.8300,-0.4100,0.5200,37.2900,-1.6500,-52.8600,1.061791,64.710480,"-0.83,-0.41,0.52,37.29,-1.65,-52.86"
519,2026-07-27T12:57:45.811,21.161958,59.806900,-0.8200,-0.3800,0.4900,49.3200,4.4600,-71.3500,1.028056,86.851462,"-0.82,-0.38,0.49,49.32,4.46,-71.35"
520,2026-07-27T12:57:45.811,21.162305,0.347200,-0.8200,-0.3600,0.4500,42.8500,-6.1600,-62.5600,1.002247,76.077735,"-0.82,-0.36,0.45,42.85,-6.16,-62.56"
521,2026-07-27T12:57:45.871,21.221461,59.156300,-0.8400,-0.3500,0.4000,15.0800,-34.0000,-25.5100,0.994032,45.101735,"-0.84,-0.35,0.40,15.08,-34.00,-25.51"
522,2026-07-27T12:57:46.171,21.522017,300.556200,-0.8300,-0.3500,0.4000,-9.8300,-54.7500,13.5500,0.985596,57.252021,"-0.83,-0.35,0.40,-9.83,-54.75,13.55"
523,2026-07-27T12:57:46.172,21.522653,0.636200,-0.7600,-0.3500,0.4300,-11.1100,-53.0400,33.3300,0.940744,63.620457,"-0.76,-0.35,0.43,-11.11,-53.04,33.33"
524,2026-07-27T12:57:46.173,21.523404,0.750200,-0.7100,-0.3700,0.4600,5.6800,-37.6600,36.9300,0.923363,53.050569,"-0.71,-0.37,0.46,5.68,-37.66,36.93"
525,2026-07-27T12:57:46.173,21.524194,0.790600,-0.7100,-0.4200,0.4500,25.2700,-23.3800,36.1300,0.939681,49.905653,"-0.71,-0.42,0.45,25.27,-23.38,36.13"
526,2026-07-27T12:57:46.174,21.524933,0.738900,-0.7600,-0.4900,0.4200,27.4000,-18.6800,40.8300,0.997046,52.600298,"-0.76,-0.49,0.42,27.40,-18.68,40.83"
527,2026-07-27T12:57:46.175,21.525568,0.634700,-0.8300,-0.5500,0.3900,-2.0100,-26.6700,60.4900,1.069346,66.139013,"-0.83,-0.55,0.39,-2.01,-26.67,60.49"
528,2026-07-27T12:57:46.175,21.526081,0.512800,-0.8600,-0.5500,0.3200,-78.0600,-49.3200,107.1200,1.069813,141.423196,"-0.86,-0.55,0.32,-78.06,-49.32,107.12"
529,2026-07-27T12:57:46.176,21.526680,0.598800,-0.8800,-0.5200,0.2600,-160.0300,-56.4000,146.9700,1.054704,224.478823,"-0.88,-0.52,0.26,-160.03,-56.40,146.97"
530,2026-07-27T12:57:46.410,21.760420,233.740200,-0.9700,-0.5100,0.3700,-132.7500,4.9400,108.4000,1.156676,171.457068,"-0.97,-0.51,0.37,-132.75,4.94,108.40"
531,2026-07-27T12:57:46.411,21.761418,0.998700,-0.9700,-0.5100,0.6600,-11.9600,107.2400,11.9600,1.279297,108.565652,"-0.97,-0.51,0.66,-11.96,107.24,11.96"
532,2026-07-27T12:57:46.411,21.762301,0.883100,-0.7100,-0.3700,0.9300,65.1200,160.5200,-64.5100,1.227151,184.848113,"-0.71,-0.37,0.93,65.12,160.52,-64.51"
533,2026-07-27T12:57:46.412,21.762966,0.664200,-0.5100,-0.2200,0.8700,52.8000,123.1100,-69.8200,1.032182,151.058745,"-0.51,-0.22,0.87,52.80,123.11,-69.82"
534,2026-07-27T12:57:46.413,21.764050,1.084400,-0.5700,-0.2300,0.5700,-11.3500,41.5000,-10.6200,0.838272,44.315425,"-0.57,-0.23,0.57,-11.35,41.50,-10.62"
535,2026-07-27T12:57:46.414,21.764494,0.443600,-0.6300,-0.3300,0.4800,-51.7600,-6.2900,33.2000,0.858021,61.813443,"-0.63,-0.33,0.48,-51.76,-6.29,33.20"
536,2026-07-27T12:57:46.531,21.881663,117.169400,-0.5900,-0.4000,0.5500,-49.7400,-14.7700,27.8300,0.900333,58.878939,"-0.59,-0.40,0.55,-49.74,-14.77,27.83"
537,2026-07-27T12:57:46.532,21.882399,0.735700,-0.6200,-0.3400,0.5400,-41.9900,-17.4600,-8.2400,0.889719,46.215899,"-0.62,-0.34,0.54,-41.99,-17.46,-8.24"
538,2026-07-27T12:57:46.532,21.882716,0.317000,-0.7900,-0.2700,0.4400,-31.8600,-27.7100,-41.0200,0.943716,58.868872,"-0.79,-0.27,0.44,-31.86,-27.71,-41.02"
539,2026-07-27T12:57:46.591,21.941441,58.725100,-0.9300,-0.3200,0.3000,-32.1000,-50.1100,-26.4900,1.028251,65.139406,"-0.93,-0.32,0.30,-32.10,-50.11,-26.49"
540,2026-07-27T12:57:46.650,22.001185,59.744600,-0.9700,-0.3900,0.1700,-45.8400,-71.0400,19.8400,1.059198,86.842460,"-0.97,-0.39,0.17,-45.84,-71.04,19.84"
541,2026-07-27T12:57:46.651,22.001503,0.317300,-0.9800,-0.4400,0.1200,-73.0600,-83.1900,70.2500,1.080926,131.123614,"-0.98,-0.44,0.12,-73.06,-83.19,70.25"
542,2026-07-27T12:57:46.831,22.181634,180.131300,-0.8700,-0.4600,0.2400,-108.8300,-92.3500,112.2400,1.012966,181.577281,"-0.87,-0.46,0.24,-108.83,-92.35,112.24"
543,2026-07-27T12:57:46.832,22.182473,0.839400,-0.9000,-0.5500,0.6000,-81.0500,-75.9300,88.7500,1.213466,142.165502,"-0.90,-0.55,0.60,-81.05,-75.93,88.75"
544,2026-07-27T12:57:46.832,22.183233,0.759800,-0.9200,-0.5900,0.8700,1.5900,-32.5900,2.4400,1.396925,32.719869,"-0.92,-0.59,0.87,1.59,-32.59,2.44"
545,2026-07-27T12:57:46.833,22.183716,0.482500,-0.5600,-0.4700,0.7700,21.0000,-8.0600,-62.8100,1.061791,66.716263,"-0.56,-0.47,0.77,21.00,-8.06,-62.81"
546,2026-07-27T12:57:46.891,22.241816,58.100200,-0.2900,-0.4200,0.6700,-9.1600,-45.9000,-81.4200,0.842259,93.914493,"-0.29,-0.42,0.67,-9.16,-45.90,-81.42"
547,2026-07-27T12:57:46.891,22.242129,0.313300,-0.2800,-0.5300,0.7500,-13.1200,-127.7500,-66.6500,0.960104,144.687316,"-0.28,-0.53,0.75,-13.12,-127.75,-66.65"
548,2026-07-27T12:57:47.069,22.420261,178.132100,-0.2400,-0.6000,0.7600,-20.6900,-171.2600,-14.1000,0.997597,173.080541,"-0.24,-0.60,0.76,-20.69,-171.26,-14.10"
549,2026-07-27T12:57:47.070,22.420773,0.512000,-0.1900,-0.6000,0.6900,-31.6200,-74.7700,15.5600,0.933916,82.658883,"-0.19,-0.60,0.69,-31.62,-74.77,15.56"
550,2026-07-27T12:57:47.071,22.421587,0.813200,-0.2700,-0.6300,0.6700,-6.1000,-25.7600,-23.9300,0.958488,35.685186,"-0.27,-0.63,0.67,-6.10,-25.76,-23.93"
551,2026-07-27T12:57:47.072,22.422429,0.842700,-0.4100,-0.6300,0.6600,-0.1800,-25.1500,-36.9300,1.000300,44.680866,"-0.41,-0.63,0.66,-0.18,-25.15,-36.93"
552,2026-07-27T12:57:47.430,22.780943,358.514100,-0.4800,-0.5700,0.6700,-8.7300,-51.8200,-13.7300,1.002098,54.314254,"-0.48,-0.57,0.67,-8.73,-51.82,-13.73"
553,2026-07-27T12:57:47.431,22.781501,0.557700,-0.4800,-0.5400,0.6900,-7.8700,-64.1500,2.9300,0.999050,64.697328,"-0.48,-0.54,0.69,-7.87,-64.15,2.93"
554,2026-07-27T12:57:47.431,22.782044,0.543200,-0.4700,-0.5300,0.6800,5.9200,-51.2700,-2.8700,0.981937,51.690388,"-0.47,-0.53,0.68,5.92,-51.27,-2.87"
555,2026-07-27T12:57:47.432,22.782760,0.716100,-0.5000,-0.5300,0.6200,15.8100,-35.3400,-7.1400,0.956713,39.368151,"-0.50,-0.53,0.62,15.81,-35.34,-7.14"
556,2026-07-27T12:57:47.432,22.783196,0.435200,-0.5900,-0.5700,0.5900,18.1300,-36.5600,12.4500,1.010495,42.665361,"-0.59,-0.57,0.59,18.13,-36.56,12.45"
557,2026-07-27T12:57:47.434,22.784457,1.261200,-0.8000,-0.6700,0.7000,9.6400,-49.4400,56.7000,1.256543,75.842819,"-0.80,-0.67,0.70,9.64,-49.44,56.70"
558,2026-07-27T12:57:47.434,22.785147,0.689800,-0.6700,-0.6000,0.7100,-8.9100,-41.2600,90.0900,1.145862,99.488611,"-0.67,-0.60,0.71,-8.91,-41.26,90.09"
559,2026-07-27T12:57:47.435,22.785908,0.761400,-0.5300,-0.6300,0.7600,-12.1500,4.0900,88.3800,1.120446,89.304955,"-0.53,-0.63,0.76,-12.15,4.09,88.38"
560,2026-07-27T12:57:47.436,22.786818,0.909900,-0.4200,-0.8200,0.8100,-1.3400,53.5300,80.3200,1.226744,96.532683,"-0.42,-0.82,0.81,-1.34,53.53,80.32"
561,2026-07-27T12:57:47.490,22.841259,54.441200,-0.2700,-0.7300,0.8600,-4.7000,74.2200,74.1000,1.159914,104.983372,"-0.27,-0.73,0.86,-4.70,74.22,74.10"
562,2026-07-27T12:57:47.491,22.841829,0.570200,-0.2100,-0.3700,0.9000,-7.5700,76.3500,34.9700,0.995490,84.318019,"-0.21,-0.37,0.90,-7.57,76.35,34.97"
563,2026-07-27T12:57:47.730,23.080993,239.163700,-0.2300,-0.3100,0.8200,-8.8500,59.6300,21.6700,0.906311,64.059724,"-0.23,-0.31,0.82,-8.85,59.63,21.67"
564,2026-07-27T12:57:47.731,23.081858,0.864800,-0.1700,-0.4200,0.7700,-20.6300,36.0100,50.1700,0.893420,65.110260,"-0.17,-0.42,0.77,-20.63,36.01,50.17"
565,2026-07-27T12:57:47.732,23.082393,0.535700,-0.1300,-0.3900,0.8300,-23.5600,27.2800,41.2000,0.926229,54.742232,"-0.13,-0.39,0.83,-23.56,27.28,41.20"
566,2026-07-27T12:57:47.732,23.083093,0.700000,-0.2300,-0.2700,0.8200,-21.7300,13.8500,8.4800,0.893420,27.127952,"-0.23,-0.27,0.82,-21.73,13.85,8.48"
567,2026-07-27T12:57:47.733,23.083723,0.629300,-0.3900,-0.2500,0.7400,-21.9100,-13.1200,-5.1300,0.873041,26.048021,"-0.39,-0.25,0.74,-21.91,-13.12,-5.13"
568,2026-07-27T12:57:47.734,23.084733,1.010000,-0.5400,-0.3700,0.6600,-23.3800,-39.6700,0.4300,0.929570,46.049085,"-0.54,-0.37,0.66,-23.38,-39.67,0.43"
569,2026-07-27T12:57:47.971,23.321461,236.728300,-0.7300,-0.5400,0.5700,-26.1200,-52.0600,1.2800,1.072101,58.259217,"-0.73,-0.54,0.57,-26.12,-52.06,1.28"
570,2026-07-27T12:57:47.971,23.322036,0.574500,-0.9200,-0.6500,0.4500,-41.2600,-56.9500,15.3200,1.213013,71.974944,"-0.92,-0.65,0.45,-41.26,-56.95,15.32"
571,2026-07-27T12:57:47.972,23.322418,0.382100,-0.8200,-0.5900,0.4800,-66.4700,-58.9000,50.6600,1.118436,102.244347,"-0.82,-0.59,0.48,-66.47,-58.90,50.66"
572,2026-07-27T12:57:47.972,23.322475,0.057200,-0.5100,-0.5100,0.8300,-62.4400,-42.8500,28.8100,1.099591,81.024022,"-0.51,-0.51,0.83,-62.44,-42.85,28.81"
573,2026-07-27T12:57:47.973,23.323562,1.086800,-0.4000,-0.5800,1.2600,-11.6000,-27.4700,-69.4000,1.443607,75.534899,"-0.40,-0.58,1.26,-11.60,-27.47,-69.40"
574,2026-07-27T12:57:48.030,23.381220,57.658400,-0.2900,-0.5300,1.1800,31.1300,-50.9000,-88.9300,1.325670,107.090764,"-0.29,-0.53,1.18,31.13,-50.90,-88.93"
575,2026-07-27T12:57:48.031,23.381869,0.649400,-0.0600,-0.4200,0.7300,12.2100,-83.8000,3.9100,0.844334,84.775068,"-0.06,-0.42,0.73,12.21,-83.80,3.91"
576,2026-07-27T12:57:48.210,23.560802,178.932200,-0.0100,-0.5500,0.5800,-6.9000,-93.8700,67.0800,0.799375,115.580765,"-0.01,-0.55,0.58,-6.90,-93.87,67.08"
577,2026-07-27T12:57:48.210,23.561137,0.335500,-0.0400,-0.7600,0.6700,17.4000,-84.8400,55.7300,1.013953,102.987468,"-0.04,-0.76,0.67,17.40,-84.84,55.73"
578,2026-07-27T12:57:48.211,23.561516,0.378500,-0.0500,-0.7700,0.6600,35.1600,-44.0100,0.4900,1.015382,56.332458,"-0.05,-0.77,0.66,35.16,-44.01,0.49"
579,2026-07-27T12:57:48.212,23.562632,1.115900,-0.1700,-0.6500,0.6600,22.2200,3.3000,-54.6900,0.941807,59.123722,"-0.17,-0.65,0.66,22.22,3.30,-54.69"
580,2026-07-27T12:57:48.213,23.563374,0.742100,-0.3100,-0.5800,0.7300,-2.3800,18.7400,-74.7100,0.982548,77.061249,"-0.31,-0.58,0.73,-2.38,18.74,-74.71"
581,2026-07-27T12:57:48.270,23.620838,57.464400,-0.3500,-0.5600,0.7700,-14.5300,11.2300,-68.8500,1.014396,71.256974,"-0.35,-0.56,0.77,-14.53,11.23,-68.85"
582,2026-07-27T12:57:48.330,23.681200,60.362100,-0.2600,-0.5300,0.7900,-16.5400,-3.7200,-55.8500,0.986205,58.366364,"-0.26,-0.53,0.79,-16.54,-3.72,-55.85"
583,2026-07-27T12:57:48.331,23.682106,0.906000,-0.1300,-0.5000,0.8000,-17.5200,-35.8300,-30.5200,0.952313,50.221606,"-0.13,-0.50,0.80,-17.52,-35.83,-30.52"
584,2026-07-27T12:57:48.450,23.801224,119.117700,-0.1000,-0.5800,0.7600,-13.9800,-75.3200,-5.4300,0.961249,76.798618,"-0.10,-0.58,0.76,-13.98,-75.32,-5.43"
585,2026-07-27T12:57:48.451,23.802200,0.976600,-0.2100,-0.6800,0.6600,2.1400,-67.3200,-13.1800,0.970618,68.631439,"-0.21,-0.68,0.66,2.14,-67.32,-13.18"
586,2026-07-27T12:57:48.452,23.802824,0.623500,-0.3600,-0.7400,0.6200,16.9700,-23.9300,-26.5500,1.030340,39.566758,"-0.36,-0.74,0.62,16.97,-23.93,-26.55"
587,2026-07-27T12:57:48.693,24.044290,241.465700,-0.4900,-0.8300,0.7100,18.6800,-12.3900,-3.5400,1.197122,22.693305,"-0.49,-0.83,0.71,18.68,-12.39,-3.54"
588,2026-07-27T12:57:48.694,24.044591,0.301800,-0.5400,-0.8700,0.8400,13.0000,-40.7700,50.4200,1.324424,66.131455,"-0.54,-0.87,0.84,13.00,-40.77,50.42"
589,2026-07-27T12:57:48.694,24.044864,0.273000,-0.4800,-0.7600,0.8800,2.0800,-63.7200,99.6700,1.257935,118.315991,"-0.48,-0.76,0.88,2.08,-63.72,99.67"
590,2026-07-27T12:57:48.694,24.045306,0.441100,-0.3600,-0.6300,0.8700,-3.6600,-27.4000,89.6000,1.132872,93.767348,"-0.36,-0.63,0.87,-3.66,-27.40,89.60"
591,2026-07-27T12:57:48.695,24.045815,0.509600,-0.2200,-0.6100,0.8800,-6.5900,50.5400,41.9900,1.093115,66.036958,"-0.22,-0.61,0.88,-6.59,50.54,41.99"
592,2026-07-27T12:57:48.695,24.046184,0.368600,-0.0700,-0.6200,0.8700,-16.1700,88.9300,41.0800,1.070607,99.285347,"-0.07,-0.62,0.87,-16.17,88.93,41.08"
593,2026-07-27T12:57:48.751,24.101434,55.250200,0.0600,-0.5900,0.8000,-18.3700,59.6900,91.2500,0.995841,110.575384,"0.06,-0.59,0.80,-18.37,59.69,91.25"
594,2026-07-27T12:57:48.930,24.280806,179.371600,0.1200,-0.6300,0.7100,-22.9500,3.7800,136.0500,0.956765,138.023887,"0.12,-0.63,0.71,-22.95,3.78,136.05"
595,2026-07-27T12:57:48.931,24.281736,0.930300,0.0700,-0.6700,0.6700,-43.5800,-36.0100,144.9600,0.950105,155.593503,"0.07,-0.67,0.67,-43.58,-36.01,144.96"
596,2026-07-27T12:57:49.114,24.464945,183.209300,0.0400,-0.5500,0.7600,-55.1800,-30.1500,97.5300,0.938989,116.042905,"0.04,-0.55,0.76,-55.18,-30.15,97.53"
597,2026-07-27T12:57:49.230,24.580344,115.398800,-0.0300,-0.3600,0.8900,-50.8400,-6.1600,25.7000,0.960521,57.298702,"-0.03,-0.36,0.89,-50.84,-6.16,25.70"
598,2026-07-27T12:57:49.231,24.582017,1.673200,-0.2300,-0.3100,0.8600,-38.3300,-14.5900,1.2200,0.942656,41.031030,"-0.23,-0.31,0.86,-38.33,-14.59,1.22"
599,2026-07-27T12:57:49.232,24.582511,0.493800,-0.2800,-0.4200,0.7500,-20.7500,-35.0300,14.1000,0.904046,43.086812,"-0.28,-0.42,0.75,-20.75,-35.03,14.10"
600,2026-07-27T12:57:49.232,24.583165,0.654400,-0.2300,-0.5500,0.6800,-14.6500,-42.1100,20.1400,0.904323,48.923350,"-0.23,-0.55,0.68,-14.65,-42.11,20.14"
601,2026-07-27T12:57:49.233,24.584000,0.835000,-0.3900,-0.6900,0.6200,-26.0600,-55.4800,24.4800,1.006280,66.003215,"-0.39,-0.69,0.62,-26.06,-55.48,24.48"
602,2026-07-27T12:57:49.234,24.584659,0.658700,-0.6700,-0.7700,0.6100,-42.5400,-83.1300,45.1700,1.189075,103.733203,"-0.67,-0.77,0.61,-42.54,-83.13,45.17"
603,2026-07-27T12:57:49.234,24.585260,0.601400,-0.6200,-0.6800,0.7900,-55.3000,-92.5300,61.4000,1.212807,124.055838,"-0.62,-0.68,0.79,-55.30,-92.53,61.40"
604,2026-07-27T12:57:49.235,24.586010,0.749700,-0.3000,-0.6500,1.1200,-37.2900,-53.2800,18.5500,1.329248,67.626955,"-0.30,-0.65,1.12,-37.29,-53.28,18.55"
605,2026-07-27T12:57:49.236,24.586749,0.738500,-0.0300,-0.6300,1.1700,5.3700,-4.0300,-49.6800,1.329173,50.131629,"-0.03,-0.63,1.17,5.37,-4.03,-49.68"
606,2026-07-27T12:57:49.475,24.826026,239.277400,0.1400,-0.4900,0.8200,19.2900,12.0200,-64.4500,0.965453,68.340230,"0.14,-0.49,0.82,19.29,12.02,-64.45"
607,2026-07-27T12:57:49.477,24.827389,1.363100,0.1100,-0.4900,0.6200,14.1600,1.0400,-40.9500,0.797872,43.341547,"0.11,-0.49,0.62,14.16,1.04,-40.95"
608,2026-07-27T12:57:49.477,24.828275,0.885500,0.0200,-0.6400,0.7100,23.3800,-29.3600,-10.4400,0.956086,38.956740,"0.02,-0.64,0.71,23.38,-29.36,-10.44"
609,2026-07-27T12:57:49.478,24.829013,0.738600,0.0200,-0.7100,0.7300,31.0700,-54.4400,13.4900,1.018528,64.117381,"0.02,-0.71,0.73,31.07,-54.44,13.49"
610,2026-07-27T12:57:49.479,24.829660,0.646300,0.0300,-0.6800,0.6700,24.1700,-52.3700,12.8200,0.955092,59.086024,"0.03,-0.68,0.67,24.17,-52.37,12.82"
611,2026-07-27T12:57:49.479,24.830260,0.600300,-0.0500,-0.6700,0.6800,13.1200,-42.4200,3.9700,0.955929,44.579723,"-0.05,-0.67,0.68,13.12,-42.42,3.97"
612,2026-07-27T12:57:49.591,24.941345,111.085600,-0.1400,-0.6900,0.7000,2.6900,-38.0900,4.2700,0.992824,38.422872,"-0.14,-0.69,0.70,2.69,-38.09,4.27"
613,2026-07-27T12:57:49.591,24.941957,0.611400,-0.1300,-0.7100,0.6900,-6.1000,-21.4200,-11.8400,0.998549,25.223243,"-0.13,-0.71,0.69,-6.10,-21.42,-11.84"
614,2026-07-27T12:57:49.592,24.942555,0.597900,-0.0500,-0.6600,0.7100,-16.3000,8.0600,-48.9500,0.970670,52.218350,"-0.05,-0.66,0.71,-16.30,8.06,-48.95"
615,2026-07-27T12:57:49.710,25.060923,118.368300,-0.0000,-0.5400,0.8000,-27.7100,6.1000,-57.2500,0.965194,63.895357,"-0.00,-0.54,0.80,-27.71,6.10,-57.25"
616,2026-07-27T12:57:49.711,25.062074,1.151100,-0.0600,-0.5300,0.8500,-23.6800,-37.6600,-19.1000,1.003494,48.413097,"-0.06,-0.53,0.85,-23.68,-37.66,-19.10"
617,2026-07-27T12:57:49.712,25.063010,0.936300,-0.1900,-0.6300,0.7600,-2.0800,-58.4100,6.2900,1.005286,58.784510,"-0.19,-0.63,0.76,-2.08,-58.41,6.29"
618,2026-07-27T12:57:49.830,25.181066,118.055200,-0.3200,-0.7200,0.6800,14.9500,-44.3100,8.9700,1.040769,47.616588,"-0.32,-0.72,0.68,14.95,-44.31,8.97"
619,2026-07-27T12:57:49.831,25.181652,0.586700,-0.4100,-0.8000,0.7600,21.1800,-41.9300,35.1600,1.177158,58.676596,"-0.41,-0.80,0.76,21.18,-41.93,35.16"
620,2026-07-27T12:57:49.832,25.182323,0.671000,-0.4100,-0.7500,0.8700,23.7400,-42.7900,73.1200,1.219631,87.983556,"-0.41,-0.75,0.87,23.74,-42.79,73.12"
621,2026-07-27T12:57:49.890,25.241117,58.793500,-0.3100,-0.7200,0.9200,25.5700,94.4200,28.6900,1.208677,101.941539,"-0.31,-0.72,0.92,25.57,94.42,28.69"
622,2026-07-27T12:57:49.891,25.241554,0.437500,-0.1300,-0.8900,0.9600,2.8700,121.6400,38.3300,1.315523,127.568473,"-0.13,-0.89,0.96,2.87,121.64,38.33"
623,2026-07-27T12:57:50.251,25.601356,359.801600,0.0300,-0.8300,0.9100,-11.9600,101.3800,34.1800,1.232031,107.653232,"0.03,-0.83,0.91,-11.96,101.38,34.18"
624,2026-07-27T12:57:50.251,25.602139,0.782900,0.0200,-0.4500,0.8400,-4.8200,62.7400,29.3600,0.953153,69.437379,"0.02,-0.45,0.84,-4.82,62.74,29.36"
625,2026-07-27T12:57:50.252,25.602695,0.556300,0.0100,-0.3500,0.7700,-10.1300,14.4700,68.9100,0.845872,71.137795,"0.01,-0.35,0.77,-10.13,14.47,68.91"
626,2026-07-27T12:57:50.253,25.603350,0.654600,0.0800,-0.5200,0.6800,-29.6000,-5.4300,74.0400,0.859767,79.922253,"0.08,-0.52,0.68,-29.60,-5.43,74.04"
627,2026-07-27T12:57:50.253,25.603994,0.644200,0.1000,-0.5300,0.7200,-36.6800,-6.9000,33.0200,0.899611,49.833250,"0.10,-0.53,0.72,-36.68,-6.90,33.02"
628,2026-07-27T12:57:50.254,25.604754,0.759900,0.0200,-0.4100,0.8200,-32.2900,-30.8800,14.0400,0.917006,46.833109,"0.02,-0.41,0.82,-32.29,-30.88,14.04"
629,2026-07-27T12:57:50.254,25.605209,0.455000,-0.1600,-0.3600,0.8200,-22.7700,-61.9500,21.5500,0.909725,69.431102,"-0.16,-0.36,0.82,-22.77,-61.95,21.55"
630,2026-07-27T12:57:50.255,25.605893,0.684200,-0.3300,-0.4400,0.7600,-15.4400,-70.5000,26.2500,0.938136,76.796524,"-0.33,-0.44,0.76,-15.44,-70.50,26.25"
631,2026-07-27T12:57:50.256,25.606463,0.569500,-0.5100,-0.7800,0.6100,-18.8000,-68.3000,36.6800,1.113822,79.773131,"-0.51,-0.78,0.61,-18.80,-68.30,36.68"
632,2026-07-27T12:57:50.310,25.660970,54.507500,-0.5300,-0.8000,0.5900,-34.6700,-82.5800,77.6400,1.126499,118.530312,"-0.53,-0.80,0.59,-34.67,-82.58,77.64"
633,2026-07-27T12:57:50.370,25.720973,60.002800,-0.2500,-0.5700,0.7200,-45.5900,-85.8200,92.1000,0.951735,133.887753,"-0.25,-0.57,0.72,-45.59,-85.82,92.10"
634,2026-07-27T12:57:50.371,25.721314,0.341400,-0.0000,-0.5500,1.0100,-45.5900,-85.8200,92.1000,1.150043,133.887753,"-0.00,-0.55,1.01,-45.59,-85.82,92.10"
635,2026-07-27T12:57:50.431,25.781461,60.146400,0.0500,-0.7300,1.2400,6.7700,-21.6100,-23.5600,1.439792,32.678718,"0.05,-0.73,1.24,6.77,-21.61,-23.56"
636,2026-07-27T12:57:50.551,25.901687,120.226200,0.1400,-0.6800,1.0200,16.4800,3.2300,-44.4300,1.233856,47.497876,"0.14,-0.68,1.02,16.48,3.23,-44.43"
637,2026-07-27T12:57:50.552,25.902711,1.024300,0.1200,-0.5600,0.6300,15.1400,6.8400,-36.1300,0.851411,39.766595,"0.12,-0.56,0.63,15.14,6.84,-36.13"
638,2026-07-27T12:57:50.552,25.902990,0.278900,-0.0100,-0.6500,0.5800,25.8200,-38.7000,9.2800,0.871206,47.439233,"-0.01,-0.65,0.58,25.82,-38.70,9.28"
639,2026-07-27T12:57:50.730,26.080742,177.751800,-0.0200,-0.7700,0.6700,37.1100,-93.4400,68.5400,1.020882,121.679568,"-0.02,-0.77,0.67,37.11,-93.44,68.54"
640,2026-07-27T12:57:50.730,26.081240,0.498200,0.0000,-0.7300,0.6500,25.0200,-89.4800,70.3100,0.977446,116.516810,"0.00,-0.73,0.65,25.02,-89.48,70.31"
641,2026-07-27T12:57:50.731,26.081654,0.414000,-0.0800,-0.6600,0.6600,0.0000,-40.2800,14.4000,0.936803,42.776610,"-0.08,-0.66,0.66,0.00,-40.28,14.40"
642,2026-07-27T12:57:50.732,26.082699,1.044500,-0.1100,-0.6500,0.7200,-19.5900,-2.7500,-28.9300,0.976217,35.046762,"-0.11,-0.65,0.72,-19.59,-2.75,-28.93"
643,2026-07-27T12:57:50.733,26.083617,0.918300,0.0000,-0.6100,0.7900,-29.0500,4.3300,-37.0500,0.998098,47.279529,"0.00,-0.61,0.79,-29.05,4.33,-37.05"
644,2026-07-27T12:57:50.790,26.140880,57.262800,0.1000,-0.5400,0.8500,-27.7100,-27.5300,-7.7500,1.011978,39.822199,"0.10,-0.54,0.85,-27.71,-27.53,-7.75"
645,2026-07-27T12:57:50.970,26.321048,180.168200,0.0300,-0.5500,0.8400,-14.1000,-69.8900,28.8700,1.004490,76.921382,"0.03,-0.55,0.84,-14.10,-69.89,28.87"
646,2026-07-27T12:57:50.972,26.322635,1.587100,-0.1800,-0.6200,0.7800,3.3000,-72.0800,27.2800,1.012522,77.140228,"-0.18,-0.62,0.78,3.30,-72.08,27.28"
647,2026-07-27T12:57:50.972,26.323284,0.649300,-0.3200,-0.6800,0.7300,13.3100,-53.5300,13.9800,1.047712,56.903931,"-0.32,-0.68,0.73,13.31,-53.53,13.98"
648,2026-07-27T12:57:50.974,26.324831,1.547200,-0.3900,-0.7400,0.7300,14.3400,-55.0500,29.9100,1.110225,64.270881,"-0.39,-0.74,0.73,14.34,-55.05,29.91"
649,2026-07-27T12:57:50.975,26.325393,0.561700,-0.4400,-0.7200,0.7800,16.3000,-76.3500,73.5500,1.149087,107.259568,"-0.44,-0.72,0.78,16.30,-76.35,73.55"
650,2026-07-27T12:57:51.030,26.381031,55.637900,-0.4300,-0.6500,0.7800,28.5600,-71.5300,97.7800,1.102633,124.471454,"-0.43,-0.65,0.78,28.56,-71.53,97.78"
651,2026-07-27T12:57:51.090,26.440811,59.780100,-0.3600,-0.7600,0.8400,40.7700,-41.7500,112.0000,1.188613,126.290361,"-0.36,-0.76,0.84,40.77,-41.75,112.00"
652,2026-07-27T12:57:51.090,26.441124,0.313100,-0.2100,-1.0700,0.9900,48.1600,-34.0600,176.8800,1.472786,186.456439,"-0.21,-1.07,0.99,48.16,-34.06,176.88"
653,2026-07-27T12:57:51.270,26.620980,179.856100,0.0300,-1.2500,0.8700,57.4300,-16.4200,227.1700,1.523253,234.891529,"0.03,-1.25,0.87,57.43,-16.42,227.17"
654,2026-07-27T12:57:51.270,26.621240,0.259500,0.3000,-0.9200,0.6800,28.4400,46.8100,165.5900,1.182709,174.413468,"0.30,-0.92,0.68,28.44,46.81,165.59"
655,2026-07-27T12:57:51.271,26.621573,0.333000,0.3800,-0.4600,0.7100,-39.4300,102.9100,50.8400,0.927416,121.366794,"0.38,-0.46,0.71,-39.43,102.91,50.84"
656,2026-07-27T12:57:51.272,26.622423,0.850000,0.2400,-0.4300,0.7800,-69.4000,77.3300,17.0900,0.922442,105.301268,"0.24,-0.43,0.78,-69.40,77.33,17.09"
657,2026-07-27T12:57:51.510,26.860915,238.492300,0.1700,-0.4900,0.8000,-47.9700,5.9200,49.8700,0.953415,69.449148,"0.17,-0.49,0.80,-47.97,5.92,49.87"
658,2026-07-27T12:57:51.512,26.862567,1.651700,0.0100,-0.4300,0.8300,-24.2900,-33.0800,54.0800,0.934826,67.889152,"0.01,-0.43,0.83,-24.29,-33.08,54.08"
659,2026-07-27T12:57:51.512,26.863056,0.489600,-0.2500,-0.4100,0.8100,-16.6600,-41.8700,36.7400,0.941647,58.141896,"-0.25,-0.41,0.81,-16.66,-41.87,36.74"
660,2026-07-27T12:57:51.570,26.920705,57.648600,-0.2900,-0.4700,0.7400,-13.4300,-39.3100,31.9200,0.923363,52.388237,"-0.29,-0.47,0.74,-13.43,-39.31,31.92"
661,2026-07-27T12:57:51.571,26.921411,0.705500,-0.1700,-0.5300,0.6700,-13.7900,-30.9400,28.4400,0.871034,44.229869,"-0.17,-0.53,0.67,-13.79,-30.94,28.44"
662,2026-07-27T12:57:51.571,26.922182,0.770900,-0.2100,-0.6500,0.6300,-25.4500,-30.8800,20.1400,0.929247,44.798398,"-0.21,-0.65,0.63,-25.45,-30.88,20.14"
663,2026-07-27T12:57:51.572,26.922956,0.775000,-0.5200,-0.7700,0.6400,-44.3700,-51.2700,27.2800,1.128229,73.085622,"-0.52,-0.77,0.64,-44.37,-51.27,27.28"
664,2026-07-27T12:57:51.573,26.923411,0.454800,-0.6300,-0.7500,0.7200,-54.8100,-70.2500,46.1400,1.215648,100.339913,"-0.63,-0.75,0.72,-54.81,-70.25,46.14"
665,2026-07-27T12:57:51.630,26.981063,57.651900,-0.2600,-0.6100,0.9200,-47.1200,-51.8200,35.2200,1.134063,78.396781,"-0.26,-0.61,0.92,-47.12,-51.82,35.22"
666,2026-07-27T12:57:51.750,27.101183,120.120100,0.0500,-0.5800,1.1500,-26.8600,-10.2500,-14.8900,1.288953,32.376445,"0.05,-0.58,1.15,-26.86,-10.25,-14.89"
667,2026-07-27T12:57:51.751,27.101897,0.714100,0.0800,-0.6300,1.0800,-6.2300,7.5100,-44.8600,1.252877,45.908960,"0.08,-0.63,1.08,-6.23,7.51,-44.86"
668,2026-07-27T12:57:51.752,27.102521,0.624000,0.1000,-0.5900,0.7400,4.2100,-2.2000,-28.4400,0.951683,28.833968,"0.10,-0.59,0.74,4.21,-2.20,-28.44"
669,2026-07-27T12:57:51.870,27.220925,118.403700,0.0900,-0.6200,0.6200,10.5600,-16.4200,-9.8900,0.881419,21.884746,"0.09,-0.62,0.62,10.56,-16.42,-9.89"
670,2026-07-27T12:57:51.871,27.221560,0.634900,0.0600,-0.7000,0.6900,21.6100,-30.5200,-6.9600,0.984733,38.038193,"0.06,-0.70,0.69,21.61,-30.52,-6.96"
671,2026-07-27T12:57:51.876,27.226638,5.078000,0.0500,-0.6800,0.6700,26.0600,-42.1800,-7.0800,0.955929,50.083954,"0.05,-0.68,0.67,26.06,-42.18,-7.08"
672,2026-07-27T12:57:51.930,27.281306,54.668300,-0.0000,-0.6400,0.6400,19.1000,-48.9500,-6.6500,0.905097,52.963525,"-0.00,-0.64,0.64,19.10,-48.95,-6.65"
673,2026-07-27T12:57:51.931,27.281859,0.552600,-0.1000,-0.6800,0.7200,9.5800,-59.6300,2.8700,0.995389,60.462800,"-0.10,-0.68,0.72,9.58,-59.63,2.87"
674,2026-07-27T12:57:51.990,27.340880,59.021600,-0.1400,-0.7000,0.7600,0.1200,-69.6400,20.2600,1.042689,72.527316,"-0.14,-0.70,0.76,0.12,-69.64,20.26"
675,2026-07-27T12:57:52.051,27.401334,60.453900,-0.1000,-0.6800,0.7400,-8.1200,-56.0300,17.5200,1.009950,59.264203,"-0.10,-0.68,0.74,-8.12,-56.03,17.52"
676,2026-07-27T12:57:52.051,27.401841,0.507000,-0.0400,-0.6600,0.7300,-13.6700,-23.3200,-11.2900,0.984937,29.294290,"-0.04,-0.66,0.73,-13.67,-23.32,-11.29"
677,2026-07-27T12:57:52.111,27.461321,59.480000,-0.0100,-0.6000,0.7600,-16.3600,-11.9600,-25.2700,0.968349,32.392346,"-0.01,-0.60,0.76,-16.36,-11.96,-25.27"
678,2026-07-27T12:57:52.290,27.640906,179.584900,-0.0200,-0.5700,0.7800,-10.5000,-39.1800,2.4400,0.966282,40.635895,"-0.02,-0.57,0.78,-10.50,-39.18,2.44"
679,2026-07-27T12:57:52.291,27.641633,0.726600,-0.1100,-0.6500,0.7300,3.3600,-58.0400,26.7300,0.983616,63.987687,"-0.11,-0.65,0.73,3.36,-58.04,26.73"
680,2026-07-27T12:57:52.292,27.642549,0.916600,-0.2200,-0.7400,0.7000,12.9400,-41.5600,19.2900,1.042113,47.610727,"-0.22,-0.74,0.70,12.94,-41.56,19.29"
681,2026-07-27T12:57:52.292,27.643018,0.468700,-0.3100,-0.8100,0.7500,13.7900,-18.5500,13.7300,1.146604,26.884559,"-0.31,-0.81,0.75,13.79,-18.55,13.73"
682,2026-07-27T12:57:52.293,27.643413,0.394500,-0.3400,-0.7600,0.8500,11.4700,-12.7600,34.9700,1.189832,38.952271,"-0.34,-0.76,0.85,11.47,-12.76,34.97"
683,2026-07-27T12:57:52.410,27.760888,117.475200,-0.2900,-0.6600,0.8800,14.4000,-4.8200,62.4400,1.137585,64.259988,"-0.29,-0.66,0.88,14.40,-4.82,62.44"
684,2026-07-27T12:57:52.411,27.761556,0.668100,-0.1400,-0.7200,0.9100,20.9400,32.0400,81.3000,1.168803,89.859530,"-0.14,-0.72,0.91,20.94,32.04,81.30"
685,2026-07-27T12:57:52.411,27.761800,0.244400,0.0900,-0.9600,0.8800,19.8400,70.9200,112.0600,1.305412,134.092191,"0.09,-0.96,0.88,19.84,70.92,112.06"
686,2026-07-27T12:57:52.470,27.821217,59.416100,0.2300,-0.8900,0.8500,-2.8100,79.2800,123.4700,1.251998,146.758493,"0.23,-0.89,0.85,-2.81,79.28,123.47"
687,2026-07-27T12:57:52.531,27.882031,60.814600,0.0700,-0.4600,0.9200,-30.3300,78.4300,60.6700,1.030970,103.691961,"0.07,-0.46,0.92,-30.33,78.43,60.67"
688,2026-07-27T12:57:52.531,27.882301,0.270400,-0.1100,-0.2800,0.8800,-28.9300,66.3500,12.1500,0.930000,73.395435,"-0.11,-0.28,0.88,-28.93,66.35,12.15"
689,2026-07-27T12:57:52.593,27.943645,61.344000,-0.0100,-0.3800,0.7800,-10.9300,31.5600,40.0400,0.867698,52.141156,"-0.01,-0.38,0.78,-10.93,31.56,40.04"
690,2026-07-27T12:57:52.650,28.001226,57.580900,0.1600,-0.4200,0.7400,-1.0400,7.8100,50.2900,0.865794,50.903456,"0.16,-0.42,0.74,-1.04,7.81,50.29"
691,2026-07-27T12:57:52.651,28.002043,0.816600,0.0900,-0.4300,0.7500,-7.4500,-6.7100,17.4600,0.869195,20.134006,"0.09,-0.43,0.75,-7.45,-6.71,17.46"
692,2026-07-27T12:57:52.770,28.121260,119.217200,-0.2300,-0.5000,0.7800,-20.2600,-27.2200,-10.7400,0.954620,35.591342,"-0.23,-0.50,0.78,-20.26,-27.22,-10.74"
693,2026-07-27T12:57:52.771,28.121958,0.697900,-0.4400,-0.5700,0.7700,-18.9800,-44.5600,-17.0900,1.054230,51.360511,"-0.44,-0.57,0.77,-18.98,-44.56,-17.09"
694,2026-07-27T12:57:52.772,28.122550,0.591900,-0.4900,-0.6700,0.7000,-4.9400,-59.6300,-2.0800,1.085818,59.870418,"-0.49,-0.67,0.70,-4.94,-59.63,-2.08"
695,2026-07-27T12:57:52.890,28.240942,118.391600,-0.5200,-0.7800,0.6400,-22.4000,-88.3800,86.2400,1.135077,125.499490,"-0.52,-0.78,0.64,-22.40,-88.38,86.24"
696,2026-07-27T12:57:52.891,28.242124,1.182700,-0.4600,-0.6900,0.6300,-36.3200,-51.0900,60.8500,1.041441,87.361622,"-0.46,-0.69,0.63,-36.32,-51.09,60.85"
697,2026-07-27T12:57:52.892,28.242594,0.469900,-0.1800,-0.5000,0.6900,-26.9800,-0.8500,-19.4700,0.870919,33.282485,"-0.18,-0.50,0.69,-26.98,-0.85,-19.47"
698,2026-07-27T12:57:53.071,28.421330,178.735600,0.0400,-0.5400,0.8600,-13.3100,23.7400,-83.1300,1.016268,87.471942,"0.04,-0.54,0.86,-13.31,23.74,-83.13"
699,2026-07-27T12:57:53.071,28.422062,0.731900,0.0400,-0.7000,1.0600,-0.9800,29.1100,-91.8600,1.270905,96.367070,"0.04,-0.70,1.06,-0.98,29.11,-91.86"
700,2026-07-27T12:57:53.072,28.422750,0.688300,0.0300,-0.6900,1.0000,10.4400,17.4600,-59.3900,1.215319,62.777522,"0.03,-0.69,1.00,10.44,17.46,-59.39"
701,2026-07-27T12:57:53.072,28.423204,0.454100,0.0300,-0.6200,0.7300,23.1900,-17.0900,-18.2500,0.958228,34.101418,"0.03,-0.62,0.73,23.19,-17.09,-18.25"
702,2026-07-27T12:57:53.310,28.660706,237.502300,-0.0700,-0.7000,0.6700,31.4300,-64.3300,26.1800,0.971494,76.233760,"-0.07,-0.70,0.67,31.43,-64.33,26.18"
703,2026-07-27T12:57:53.310,28.661301,0.594900,-0.0200,-0.6700,0.6800,23.0100,-93.9900,61.4600,0.954830,114.633816,"-0.02,-0.67,0.68,23.01,-93.99,61.46"
704,2026-07-27T12:57:53.371,28.721666,60.364600,-0.0100,-0.6500,0.6900,6.1600,-87.1000,59.2700,0.947998,105.533353,"-0.01,-0.65,0.69,6.16,-87.10,59.27"
705,2026-07-27T12:57:53.371,28.722072,0.406400,-0.0400,-0.6700,0.6900,-2.9900,-51.0300,22.4000,0.962601,55.810044,"-0.04,-0.67,0.69,-2.99,-51.03,22.40"
706,2026-07-27T12:57:53.372,28.722798,0.725600,-0.0600,-0.7100,0.7000,-2.9900,-51.0300,22.4000,0.998849,55.810044,"-0.06,-0.71,0.70,-2.99,-51.03,22.40"
707,2026-07-27T12:57:53.373,28.723688,0.889700,-0.0500,-0.6900,0.7300,-8.1800,15.6900,-50.4800,1.005734,53.491297,"-0.05,-0.69,0.73,-8.18,15.69,-50.48"
708,2026-07-27T12:57:53.374,28.724418,0.730800,-0.0500,-0.6000,0.7900,-17.2700,0.4900,-35.7100,0.993277,39.669851,"-0.05,-0.60,0.79,-17.27,0.49,-35.71"
709,2026-07-27T12:57:53.375,28.725381,0.962800,-0.0800,-0.5400,0.8000,-14.1600,-33.2600,2.9900,0.968504,36.272211,"-0.08,-0.54,0.80,-14.16,-33.26,2.99"
710,2026-07-27T12:57:53.491,28.841373,115.991600,-0.1200,-0.6200,0.7500,4.2100,-53.1600,29.2400,0.980459,60.816834,"-0.12,-0.62,0.75,4.21,-53.16,29.24"
711,2026-07-27T12:57:53.491,28.841690,0.316900,-0.1800,-0.7400,0.7100,20.4500,-47.6100,29.7900,1.041201,59.769212,"-0.18,-0.74,0.71,20.45,-47.61,29.79"
712,2026-07-27T12:57:53.491,28.842248,0.558200,-0.2700,-0.8300,0.7600,25.0900,-42.5400,35.6400,1.157325,60.904592,"-0.27,-0.83,0.76,25.09,-42.54,35.64"
713,2026-07-27T12:57:53.730,29.081284,239.036600,-0.3300,-0.8300,0.8200,20.0800,-57.5000,68.9700,1.212518,92.012593,"-0.33,-0.83,0.82,20.08,-57.50,68.97"
714,2026-07-27T12:57:53.732,29.083149,1.864600,-0.2900,-0.7400,0.8200,10.7400,-65.4900,99.1800,1.141972,119.335494,"-0.29,-0.74,0.82,10.74,-65.49,99.18"
715,2026-07-27T12:57:53.733,29.083657,0.507600,-0.2000,-0.7000,0.8400,8.4800,-32.2300,99.0600,1.111575,104.515869,"-0.20,-0.70,0.84,8.48,-32.23,99.06"
716,2026-07-27T12:57:53.733,29.084178,0.521600,-0.0800,-0.8200,0.8400,17.4000,14.4000,106.0800,1.176605,108.457763,"-0.08,-0.82,0.84,17.40,14.40,106.08"
717,2026-07-27T12:57:53.734,29.084519,0.340700,0.0600,-0.9600,0.7300,24.4800,27.8300,141.4800,1.207518,146.254469,"0.06,-0.96,0.73,24.48,27.83,141.48"
718,2026-07-27T12:57:53.734,29.084748,0.228700,0.2000,-0.7400,0.6800,5.6200,34.6700,130.9800,1.024695,135.607351,"0.20,-0.74,0.68,5.62,34.67,130.98"
719,2026-07-27T12:57:53.790,29.140762,56.014800,0.1800,-0.4200,0.8000,-27.2200,70.7400,43.9500,0.921303,87.616657,"0.18,-0.42,0.80,-27.22,70.74,43.95"
720,2026-07-27T12:57:53.850,29.201213,60.450500,0.0700,-0.4100,0.8700,-40.1000,81.9100,-7.7500,0.964313,91.527704,"0.07,-0.41,0.87,-40.10,81.91,-7.75"
721,2026-07-27T12:57:53.851,29.201462,0.249000,0.0700,-0.4500,0.8400,-32.2300,42.1800,9.8900,0.955510,53.997568,"0.07,-0.45,0.84,-32.23,42.18,9.89"
722,2026-07-27T12:57:54.091,29.441741,240.279500,0.0500,-0.3900,0.7600,-19.4700,-5.7400,24.2900,0.855687,31.654899,"0.05,-0.39,0.76,-19.47,-5.74,24.29"
723,2026-07-27T12:57:54.091,29.442302,0.560700,-0.1300,-0.4300,0.7200,-15.0100,-40.5900,21.5500,0.848646,48.345121,"-0.13,-0.43,0.72,-15.01,-40.59,21.55"
724,2026-07-27T12:57:54.092,29.442929,0.626800,-0.3200,-0.5800,0.7500,-18.3700,-53.4100,13.4300,1.000650,58.055576,"-0.32,-0.58,0.75,-18.37,-53.41,13.43"
725,2026-07-27T12:57:54.093,29.443541,0.611800,-0.4200,-0.7100,0.7600,-15.8100,-51.0900,5.3100,1.121651,53.743281,"-0.42,-0.71,0.76,-15.81,-51.09,5.31"
726,2026-07-27T12:57:54.094,29.444507,0.965900,-0.5100,-0.7900,0.6900,-7.5100,-56.5800,19.5900,1.166319,60.344549,"-0.51,-0.79,0.69,-7.51,-56.58,19.59"
727,2026-07-27T12:57:54.094,29.445064,0.557400,-0.4200,-0.7000,0.6400,-10.9300,-71.7800,54.0800,1.037304,90.534412,"-0.42,-0.70,0.64,-10.93,-71.78,54.08"
728,2026-07-27T12:57:54.210,29.561193,116.128600,-0.1200,-0.5500,0.7500,-19.8400,-61.2200,55.5400,0.937763,85.007091,"-0.12,-0.55,0.75,-19.84,-61.22,55.54"
729,2026-07-27T12:57:54.211,29.561648,0.455200,0.1200,-0.6100,1.0100,-14.8300,-16.0500,6.5300,1.186002,22.807286,"0.12,-0.61,1.01,-14.83,-16.05,6.53"
730,2026-07-27T12:57:54.211,29.562199,0.551500,0.1600,-0.7000,1.0700,-3.3600,29.4800,-52.2500,1.288604,60.086791,"0.16,-0.70,1.07,-3.36,29.48,-52.25"
731,2026-07-27T12:57:54.332,29.682455,120.255700,0.1000,-0.6100,0.8300,-0.1800,45.4700,-80.4400,1.034891,92.402094,"0.10,-0.61,0.83,-0.18,45.47,-80.44"
732,2026-07-27T12:57:54.338,29.688848,6.392700,-0.0200,-0.5800,0.6700,4.9400,18.3100,-63.4200,0.886397,66.194834,"-0.02,-0.58,0.67,4.94,18.31,-63.42"
733,2026-07-27T12:57:54.338,29.689171,0.322800,-0.0700,-0.6700,0.6900,22.1600,-33.9400,-11.8400,0.964313,42.227654,"-0.07,-0.67,0.69,22.16,-33.94,-11.84"
734,2026-07-27T12:57:54.451,29.801339,112.168800,-0.0200,-0.6900,0.6900,34.4800,-74.8900,40.4700,0.976012,91.843363,"-0.02,-0.69,0.69,34.48,-74.89,40.47"
735,2026-07-27T12:57:54.451,29.801607,0.267300,0.0300,-0.6800,0.6600,29.8500,-85.0800,57.4300,0.948103,106.901047,"0.03,-0.68,0.66,29.85,-85.08,57.43"
736,2026-07-27T12:57:54.630,29.980331,178.724600,0.0000,-0.7100,0.6600,16.6600,-67.2000,36.9300,0.969381,78.467958,"0.00,-0.71,0.66,16.66,-67.20,36.93"
737,2026-07-27T12:57:54.630,29.980909,0.577500,-0.0600,-0.7400,0.6700,6.4700,-34.0600,-1.1600,1.000050,34.688472,"-0.06,-0.74,0.67,6.47,-34.06,-1.16"
738,2026-07-27T12:57:54.633,29.983470,2.561700,-0.0900,-0.7100,0.6900,-1.4600,-5.0000,-36.6800,0.994133,37.047996,"-0.09,-0.71,0.69,-1.46,-5.00,-36.68"
739,2026-07-27T12:57:54.633,29.984301,0.831000,-0.1000,-0.6500,0.7300,-10.5000,-0.0600,-47.0000,0.982548,48.158630,"-0.10,-0.65,0.73,-10.50,-0.06,-47.00"
740,2026-07-27T12:57:54.634,29.984679,0.377300,-0.1200,-0.6000,0.7600,-14.8900,-17.1500,-28.8700,0.975705,36.732976,"-0.12,-0.60,0.76,-14.89,-17.15,-28.87"
741,2026-07-27T12:57:54.751,30.101724,117.045100,-0.1500,-0.5900,0.7700,-9.7700,-38.2700,-2.0100,0.981580,39.548526,"-0.15,-0.59,0.77,-9.77,-38.27,-2.01"
742,2026-07-27T12:57:54.752,30.102377,0.653600,-0.2000,-0.6400,0.7200,3.1100,-50.7200,18.6200,0.983870,54.119266,"-0.20,-0.64,0.72,3.11,-50.72,18.62"
743,2026-07-27T12:57:54.753,30.103363,0.985700,-0.2600,-0.7300,0.7000,13.9200,-47.6100,29.7900,1.044270,57.861236,"-0.26,-0.73,0.70,13.92,-47.61,29.79"
744,2026-07-27T12:57:54.811,30.161751,58.388300,-0.3200,-0.8300,0.7600,19.2900,-39.7900,47.4200,1.170000,64.838296,"-0.32,-0.83,0.76,19.29,-39.79,47.42"
745,2026-07-27T12:57:54.812,30.162549,0.797100,-0.3000,-0.8000,0.7700,19.2300,-41.5600,82.0900,1.150174,93.998907,"-0.30,-0.80,0.77,19.23,-41.56,82.09"
746,2026-07-27T12:57:54.870,30.220959,58.410200,-0.2000,-0.7400,0.7500,13.2400,-33.2000,111.5100,1.072427,117.098325,"-0.20,-0.74,0.75,13.24,-33.20,111.51"
747,2026-07-27T12:57:55.050,30.400694,179.735700,-0.0900,-0.8700,0.8600,8.1200,-1.8900,133.4800,1.226621,133.740110,"-0.09,-0.87,0.86,8.12,-1.89,133.48"
748,2026-07-27T12:57:55.052,30.402855,2.160800,0.0100,-1.0200,0.9600,6.7700,39.9800,141.4200,1.400750,147.118489,"0.01,-1.02,0.96,6.77,39.98,141.42"
749,2026-07-27T12:57:55.053,30.403377,0.521200,0.0400,-0.7400,0.9900,2.6200,92.4100,73.6100,1.236649,118.173197,"0.04,-0.74,0.99,2.62,92.41,73.61"
750,2026-07-27T12:57:55.053,30.403474,0.097600,0.0300,-0.3800,0.9400,4.4600,108.0900,-1.9500,1.014347,108.199548,"0.03,-0.38,0.94,4.46,108.09,-1.95"
751,2026-07-27T12:57:55.053,30.403938,0.463800,0.0700,-0.3700,0.7500,11.3500,47.3600,36.6800,0.839226,60.968963,"0.07,-0.37,0.75,11.35,47.36,36.68"
752,2026-07-27T12:57:55.110,30.460993,57.054700,0.1500,-0.4400,0.6900,8.5400,-12.7000,93.3200,0.831986,94.566611,"0.15,-0.44,0.69,8.54,-12.70,93.32"
753,2026-07-27T12:57:55.231,30.581710,120.717500,0.2000,-0.4000,0.7400,-2.7500,-25.0900,74.3400,0.864639,78.508001,"0.20,-0.40,0.74,-2.75,-25.09,74.34"
754,2026-07-27T12:57:55.231,30.582291,0.581000,0.1000,-0.3300,0.7700,-23.5000,-28.5000,25.6300,0.843682,44.959948,"0.10,-0.33,0.77,-23.50,-28.50,25.63"
755,2026-07-27T12:57:55.232,30.582593,0.302300,-0.1400,-0.3200,0.7900,-39.3100,-42.4200,-8.9100,0.863771,58.515986,"-0.14,-0.32,0.79,-39.31,-42.42,-8.91"
756,2026-07-27T12:57:55.351,30.701384,118.790400,-0.3100,-0.4500,0.8100,-34.8500,-57.9800,-16.3000,0.977088,69.583711,"-0.31,-0.45,0.81,-34.85,-57.98,-16.30"
757,2026-07-27T12:57:55.351,30.702227,0.843700,-0.3900,-0.6600,0.7400,-30.5800,-64.7000,-2.7500,1.065505,71.615563,"-0.39,-0.66,0.74,-30.58,-64.70,-2.75"
758,2026-07-27T12:57:55.352,30.702929,0.701500,-0.4800,-0.8200,0.6500,-40.8300,-79.1600,32.4100,1.151217,94.782924,"-0.48,-0.82,0.65,-40.83,-79.16,32.41"
759,2026-07-27T12:57:55.410,30.760880,57.951500,-0.5200,-0.8000,0.6300,-54.9300,-112.0600,85.5100,1.143372,151.283537,"-0.52,-0.80,0.63,-54.93,-112.06,85.51"
760,2026-07-27T12:57:55.710,31.061169,300.288700,-0.3500,-0.7300,0.8800,-65.9800,-97.6600,85.9400,1.195742,145.864730,"-0.35,-0.73,0.88,-65.98,-97.66,85.94"
761,2026-07-27T12:57:55.711,31.061584,0.414300,-0.0700,-0.7200,1.1700,-48.5200,6.2300,-15.5600,1.375573,51.333390,"-0.07,-0.72,1.17,-48.52,6.23,-15.56"
762,2026-07-27T12:57:55.711,31.061899,0.315400,0.1400,-0.6200,0.9700,-8.1200,100.1000,-107.3000,1.159698,146.966780,"0.14,-0.62,0.97,-8.12,100.10,-107.30"
763,2026-07-27T12:57:55.712,31.062766,0.867100,0.1900,-0.5800,0.6800,13.7300,114.3800,-113.8900,0.913729,161.994535,"0.19,-0.58,0.68,13.73,114.38,-113.89"
764,2026-07-27T12:57:55.713,31.063587,0.820500,0.1500,-0.6800,0.6900,23.3800,70.3100,-68.2400,0.980306,100.731416,"0.15,-0.68,0.69,23.38,70.31,-68.24"
765,2026-07-27T12:57:55.714,31.064329,0.742900,0.1900,-0.6900,0.7200,30.5800,3.1700,-8.2400,1.015185,31.828963,"0.19,-0.69,0.72,30.58,3.17,-8.24"
766,2026-07-27T12:57:55.715,31.065639,1.309300,0.2100,-0.6200,0.6700,26.6100,-29.9700,8.0000,0.936696,40.869218,"0.21,-0.62,0.67,26.61,-29.97,8.00"
767,2026-07-27T12:57:55.715,31.065956,0.317600,0.1200,-0.6500,0.7000,18.4900,-29.6600,-38.0900,0.962756,51.695685,"0.12,-0.65,0.70,18.49,-29.66,-38.09"
768,2026-07-27T12:57:55.770,31.121076,55.119400,-0.0400,-0.6800,0.7300,16.4200,-43.4600,-26.4900,0.998449,53.479978,"-0.04,-0.68,0.73,16.42,-43.46,-26.49"
769,2026-07-27T12:57:55.830,31.180835,59.759500,-0.1400,-0.6700,0.7100,14.3400,-40.8900,-15.0100,0.986205,45.857691,"-0.14,-0.67,0.71,14.34,-40.89,-15.01"
770,2026-07-27T12:57:55.831,31.181774,0.938500,-0.1800,-0.6900,0.7100,10.8600,-24.6000,-17.7000,1.006280,32.193005,"-0.18,-0.69,0.71,10.86,-24.60,-17.70"
771,2026-07-27T12:57:55.890,31.240951,59.176900,-0.1600,-0.7100,0.7300,5.4300,-17.4000,-19.9000,1.030825,26.986198,"-0.16,-0.71,0.73,5.43,-17.40,-19.90"
772,2026-07-27T12:57:56.010,31.361062,120.111500,-0.1500,-0.6700,0.6900,5.1900,-23.0700,-9.1600,0.973396,25.358758,"-0.15,-0.67,0.69,5.19,-23.07,-9.16"
773,2026-07-27T12:57:56.011,31.361396,0.334200,-0.1600,-0.6400,0.6400,11.4100,-30.6400,16.1700,0.919130,36.475562,"-0.16,-0.64,0.64,11.41,-30.64,16.17"
774,2026-07-27T12:57:56.011,31.362046,0.649500,-0.1900,-0.7100,0.6600,14.8300,-24.1700,41.5600,0.987826,50.312537,"-0.19,-0.71,0.66,14.83,-24.17,41.56"
775,2026-07-27T12:57:56.012,31.362454,0.408700,-0.2200,-0.8200,0.7800,5.9200,3.8500,48.2800,1.152909,48.793722,"-0.22,-0.82,0.78,5.92,3.85,48.28"
776,2026-07-27T12:57:56.070,31.420673,58.218200,-0.1900,-0.8300,0.8700,-16.7800,54.1400,31.9200,1.217333,65.050706,"-0.19,-0.83,0.87,-16.78,54.14,31.92"
777,2026-07-27T12:57:56.310,31.660844,240.171000,-0.0600,-0.5800,1.0200,-36.1300,115.6000,4.2700,1.174904,121.189809,"-0.06,-0.58,1.02,-36.13,115.60,4.27"
778,2026-07-27T12:57:56.311,31.661556,0.711800,-0.0300,-0.5800,1.1000,-32.5300,131.8400,9.4000,1.243905,136.118869,"-0.03,-0.58,1.10,-32.53,131.84,9.40"
779,2026-07-27T12:57:56.312,31.662328,0.772300,0.0200,-0.5800,1.0000,-13.6700,63.6000,80.3200,1.156201,103.359234,"0.02,-0.58,1.00,-13.67,63.60,80.32"
780,2026-07-27T12:57:56.313,31.663483,1.155400,0.0500,-0.5500,0.7600,-2.6900,-21.2400,145.3900,0.939468,146.957905,"0.05,-0.55,0.76,-2.69,-21.24,145.39"
781,2026-07-27T12:57:56.313,31.664298,0.815000,0.0500,-0.4700,0.6500,-2.9300,-37.1700,121.4000,0.803679,126.996668,"0.05,-0.47,0.65,-2.93,-37.17,121.40"
782,2026-07-27T12:57:56.314,31.664855,0.556800,0.1200,-0.4200,0.6900,-3.8500,0.4300,45.1000,0.816639,45.266073,"0.12,-0.42,0.69,-3.85,0.43,45.10"
783,2026-07-27T12:57:56.431,31.781325,116.470000,0.1500,-0.4000,0.7200,-10.8600,26.7300,-18.6200,0.837198,34.338563,"0.15,-0.40,0.72,-10.86,26.73,-18.62"
784,2026-07-27T12:57:56.431,31.781835,0.509700,-0.0500,-0.4000,0.7500,-20.9400,22.7700,-57.2500,0.851469,65.073182,"-0.05,-0.40,0.75,-20.94,22.77,-57.25"
785,2026-07-27T12:57:56.431,31.782305,0.470300,-0.2700,-0.5300,0.7700,-20.0800,11.4700,-75.9300,0.972985,79.373372,"-0.27,-0.53,0.77,-20.08,11.47,-75.93"
786,2026-07-27T12:57:56.490,31.840988,58.683200,-0.3600,-0.7400,0.7200,-11.7800,-5.9200,-66.3500,1.093435,67.647153,"-0.36,-0.74,0.72,-11.78,-5.92,-66.35"
787,2026-07-27T12:57:56.550,31.901277,60.289300,-0.4600,-0.8700,0.6400,-9.8300,-55.4200,-13.0600,1.173925,57.780350,"-0.46,-0.87,0.64,-9.83,-55.42,-13.06"
788,2026-07-27T12:57:56.551,31.901729,0.451900,-0.5300,-0.8000,0.6300,-31.2500,-122.3800,70.7400,1.147955,144.767312,"-0.53,-0.80,0.63,-31.25,-122.38,70.74"
789,2026-07-27T12:57:56.670,32.020724,118.995100,-0.3400,-0.6300,0.7900,-50.9600,-113.5900,87.1000,1.066114,151.940843,"-0.34,-0.63,0.79,-50.96,-113.59,87.10"
790,2026-07-27T12:57:56.670,32.021140,0.415900,-0.1100,-0.6400,0.9700,-22.5200,-7.5100,-9.8300,1.167305,25.693956,"-0.11,-0.64,0.97,-22.52,-7.51,-9.83"
791,2026-07-27T12:57:56.671,32.021750,0.610000,-0.0300,-0.7300,0.9300,22.7700,77.0300,-94.3600,1.182666,123.918939,"-0.03,-0.73,0.93,22.77,77.03,-94.36"
792,2026-07-27T12:57:56.730,32.081283,59.532600,0.0400,-0.6600,0.7400,29.8500,91.4900,-96.4400,0.992371,136.242857,"0.04,-0.66,0.74,29.85,91.49,-96.44"
793,2026-07-27T12:57:56.971,32.321430,240.146900,0.1200,-0.6300,0.7000,19.5900,91.0600,-79.7100,0.949368,122.594355,"0.12,-0.63,0.70,19.59,91.06,-79.71"
794,2026-07-27T12:57:56.972,32.322634,1.204500,0.1700,-0.7000,0.7500,23.8600,92.7700,-82.8900,1.039904,126.674088,"0.17,-0.70,0.75,23.86,92.77,-82.89"
795,2026-07-27T12:57:56.974,32.324380,1.746000,0.1400,-0.7100,0.7300,32.9000,71.6600,-87.1000,1.027911,117.490321,"0.14,-0.71,0.73,32.90,71.66,-87.10"
796,2026-07-27T12:57:56.974,32.324672,0.291200,0.0200,-0.6800,0.7000,35.1600,22.0900,-71.0400,0.976115,82.285329,"0.02,-0.68,0.70,35.16,22.09,-71.04"
797,2026-07-27T12:57:56.974,32.325186,0.514600,-0.1100,-0.6600,0.7100,33.1400,-34.6100,-36.0100,0.975602,59.940235,"-0.11,-0.66,0.71,33.14,-34.61,-36.01"
798,2026-07-27T12:57:56.974,32.325292,0.105900,-0.1900,-0.6700,0.7200,29.7200,-76.4800,2.6200,1.001699,82.093442,"-0.19,-0.67,0.72,29.72,-76.48,2.62"
799,2026-07-27T12:57:56.976,32.326631,1.339100,-0.2300,-0.6800,0.7300,23.6200,-98.3900,34.7900,1.023816,106.999255,"-0.23,-0.68,0.73,23.62,-98.39,34.79"
800,2026-07-27T12:57:57.092,32.442356,115.724600,-0.2400,-0.6800,0.7200,18.8600,-104.4900,56.2100,1.019019,120.139185,"-0.24,-0.68,0.72,18.86,-104.49,56.21"
801,2026-07-27T12:57:57.092,32.442789,0.433100,-0.2300,-0.6800,0.7200,17.6400,-94.1200,60.1200,1.016710,113.067053,"-0.23,-0.68,0.72,17.64,-94.12,60.12"
802,2026-07-27T12:57:57.151,32.501707,58.918000,-0.1900,-0.7000,0.6900,16.4200,-69.8900,49.9900,1.001099,87.482733,"-0.19,-0.70,0.69,16.42,-69.89,49.99"
803,2026-07-27T12:57:57.152,32.502432,0.725400,-0.1100,-0.7200,0.6600,15.6900,-32.8400,29.9700,0.982904,47.147032,"-0.11,-0.72,0.66,15.69,-32.84,29.97"
804,2026-07-27T12:57:57.210,32.561080,58.647600,-0.0200,-0.7600,0.6300,17.2700,12.2100,0.9200,0.987370,21.170342,"-0.02,-0.76,0.63,17.27,12.21,0.92"
805,2026-07-27T12:57:57.330,32.681053,119.973500,0.0200,-0.7800,0.6600,19.2900,40.1600,-19.5900,1.021959,48.669270,"0.02,-0.78,0.66,19.29,40.16,-19.59"
806,2026-07-27T12:57:57.390,32.740551,59.497800,-0.0300,-0.7900,0.7200,21.2400,24.7200,-2.9300,1.069299,32.723094,"-0.03,-0.79,0.72,21.24,24.72,-2.93"
807,2026-07-27T12:57:57.390,32.741282,0.730600,-0.1200,-0.7700,0.7300,19.8400,-23.5000,47.3600,1.067801,56.469861,"-0.12,-0.77,0.73,19.84,-23.50,47.36"
808,2026-07-27T12:57:57.391,32.741730,0.448100,-0.1900,-0.7100,0.6900,8.3600,-62.6200,92.5300,1.008117,112.039970,"-0.19,-0.71,0.69,8.36,-62.62,92.53"
809,2026-07-27T12:57:57.391,32.742310,0.580300,-0.1900,-0.6400,0.7200,-9.8300,-59.8100,112.3000,0.981886,127.613303,"-0.19,-0.64,0.72,-9.83,-59.81,112.30"
810,2026-07-27T12:57:57.631,32.981439,239.128600,-0.0700,-0.6900,0.8600,-21.1800,-0.3100,104.8600,1.104808,106.978073,"-0.07,-0.69,0.86,-21.18,-0.31,104.86"
811,2026-07-27T12:57:57.631,32.982085,0.646000,0.0500,-0.8300,0.9900,-27.3400,76.1100,77.3300,1.292865,111.893416,"0.05,-0.83,0.99,-27.34,76.11,77.33"
812,2026-07-27T12:57:57.631,32.982170,0.084900,-0.0200,-0.7300,1.0700,-31.9800,90.3300,58.1700,1.295454,112.098074,"-0.02,-0.73,1.07,-31.98,90.33,58.17"
813,2026-07-27T12:57:57.632,32.982688,0.518700,-0.0700,-0.5100,1.0200,-24.6600,34.8500,86.9800,1.142541,96.892510,"-0.07,-0.51,1.02,-24.66,34.85,86.98"
814,2026-07-27T12:57:57.633,32.983607,0.919100,0.0100,-0.4500,0.8200,-16.8500,-34.2400,154.9700,0.935414,159.599502,"0.01,-0.45,0.82,-16.85,-34.24,154.97"
815,2026-07-27T12:57:57.634,32.984440,0.832400,0.1400,-0.4400,0.6900,-15.2000,-59.6900,174.5600,0.830241,185.108427,"0.14,-0.44,0.69,-15.20,-59.69,174.56"
816,2026-07-27T12:57:57.811,33.161917,177.477500,0.2600,-0.4000,0.6900,-13.2400,-36.8700,110.4100,0.838868,117.154012,"0.26,-0.40,0.69,-13.24,-36.87,110.41"
817,2026-07-27T12:57:57.812,33.162521,0.603200,0.1600,-0.3600,0.7800,-22.8900,-17.4000,24.9000,0.873842,38.035800,"0.16,-0.36,0.78,-22.89,-17.40,24.90"
818,2026-07-27T12:57:57.812,33.163089,0.568500,-0.1900,-0.3700,0.8600,-38.8200,-27.4000,-26.0000,0.955301,54.164125,"-0.19,-0.37,0.86,-38.82,-27.40,-26.00"
819,2026-07-27T12:57:57.813,33.163378,0.288800,-0.5400,-0.4900,0.8900,-38.0200,-43.5800,-38.8200,1.150565,69.654355,"-0.54,-0.49,0.89,-38.02,-43.58,-38.82"
820,2026-07-27T12:57:57.814,33.164375,0.997300,-0.6000,-0.6800,0.7600,-17.6400,-52.2500,-17.0900,1.183216,57.734740,"-0.60,-0.68,0.76,-17.64,-52.25,-17.09"
821,2026-07-27T12:57:57.870,33.221137,56.761900,-0.4100,-0.8200,0.5400,-5.1900,-74.4600,45.4100,1.064002,87.368735,"-0.41,-0.82,0.54,-5.19,-74.46,45.41"
822,2026-07-27T12:57:57.931,33.281429,60.291500,-0.1900,-0.7600,0.5900,-20.3900,-94.4200,95.4600,0.980714,135.806849,"-0.19,-0.76,0.59,-20.39,-94.42,95.46"
823,2026-07-27T12:57:58.110,33.461107,179.678700,-0.0400,-0.6900,0.9400,-40.9500,-64.8200,55.9700,1.166748,94.927213,"-0.04,-0.69,0.94,-40.95,-64.82,55.97"
824,2026-07-27T12:57:58.111,33.462016,0.908500,0.0200,-0.6600,1.1700,-31.0700,-0.9800,-43.8200,1.343466,53.726136,"0.02,-0.66,1.17,-31.07,-0.98,-43.82"
825,2026-07-27T12:57:58.114,33.464634,2.618600,0.0600,-0.5700,0.9600,2.6200,24.9600,-81.1200,1.118079,84.913606,"0.06,-0.57,0.96,2.62,24.96,-81.12"
826,2026-07-27T12:57:58.114,33.464881,0.246200,0.0700,-0.5400,0.6500,24.9600,-0.0600,-39.1800,0.847939,46.455114,"0.07,-0.54,0.65,24.96,-0.06,-39.18"
827,2026-07-27T12:57:58.115,33.465354,0.473700,0.0300,-0.6500,0.5900,30.3300,-31.4300,1.1600,0.878351,43.693242,"0.03,-0.65,0.59,30.33,-31.43,1.16"
828,2026-07-27T12:57:58.171,33.521427,56.072700,-0.0100,-0.7400,0.6400,26.9800,-59.0200,24.4100,0.978417,69.333462,"-0.01,-0.74,0.64,26.98,-59.02,24.41"
829,2026-07-27T12:57:58.231,33.581585,60.158500,-0.0400,-0.7000,0.6700,11.1100,-89.8400,49.0700,0.969794,102.968552,"-0.04,-0.70,0.67,11.11,-89.84,49.07"
830,2026-07-27T12:57:58.232,33.582597,1.011500,-0.0100,-0.6300,0.7200,-9.3400,-100.5200,63.5400,0.956765,119.284691,"-0.01,-0.63,0.72,-9.34,-100.52,63.54"
831,2026-07-27T12:57:58.290,33.640907,58.310400,0.0500,-0.6100,0.7600,-18.1300,-60.9100,36.9900,0.975807,73.532205,"0.05,-0.61,0.76,-18.13,-60.91,36.99"
832,2026-07-27T12:57:58.350,33.701241,60.333400,0.0500,-0.6400,0.7600,-12.2100,13.4900,-30.1500,0.994837,35.214865,"0.05,-0.64,0.76,-12.21,13.49,-30.15"
833,2026-07-27T12:57:58.351,33.701498,0.257100,-0.0100,-0.6800,0.7400,-0.3700,66.1000,-84.1100,1.005037,106.975880,"-0.01,-0.68,0.74,-0.37,66.10,-84.11"
834,2026-07-27T12:57:58.410,33.761032,59.534200,-0.0600,-0.6800,0.7200,6.1000,62.3200,-81.6000,0.992169,102.856951,"-0.06,-0.68,0.72,6.10,62.32,-81.60"
835,2026-07-27T12:57:58.471,33.821715,60.683100,-0.0800,-0.6500,0.6900,10.4400,25.2700,-41.0800,0.951315,49.347066,"-0.08,-0.65,0.69,10.44,25.27,-41.08"
836,2026-07-27T12:57:58.471,33.822197,0.481900,-0.0700,-0.6500,0.6400,22.9500,-2.6900,-3.7800,0.914877,23.414248,"-0.07,-0.65,0.64,22.95,-2.69,-3.78"
837,2026-07-27T12:57:58.650,34.001209,179.011400,-0.0600,-0.7400,0.6300,36.7400,-5.9200,14.5900,0.973704,39.971766,"-0.06,-0.74,0.63,36.74,-5.92,14.59"
838,2026-07-27T12:57:58.651,34.001987,0.778100,-0.0400,-0.8300,0.7200,29.3600,16.3000,11.9000,1.099500,35.627372,"-0.04,-0.83,0.72,29.36,16.30,11.90"
839,2026-07-27T12:57:58.651,34.002111,0.123900,-0.1200,-0.6400,1.1000,-8.9100,71.7200,-30.5800,1.278280,78.474728,"-0.12,-0.64,1.10,-8.91,71.72,-30.58"
840,2026-07-27T12:57:58.652,34.002452,0.341800,-0.2900,-0.3300,1.4400,-35.5200,156.2500,-127.9300,1.505523,205.041015,"-0.29,-0.33,1.44,-35.52,156.25,-127.93"
841,2026-07-27T12:57:58.653,34.003627,1.174900,-0.3100,-0.2900,1.3400,-4.1500,86.6700,-33.3300,1.405632,92.950526,"-0.31,-0.29,1.34,-4.15,86.67,-33.33"
842,2026-07-27T12:57:58.711,34.061754,58.126900,-0.0700,-0.4000,1.0600,5.9200,19.4700,42.8500,1.135121,47.436798,"-0.07,-0.40,1.06,5.92,19.47,42.85"
843,2026-07-27T12:57:58.771,34.121558,59.804400,0.1500,-0.4500,0.8500,1.4600,-9.1600,35.9500,0.973396,37.127344,"0.15,-0.45,0.85,1.46,-9.16,35.95"
844,2026-07-27T12:57:58.890,34.240981,119.422800,0.2000,-0.5700,0.7800,-15.6200,-26.6700,3.8500,0.986560,31.146361,"0.20,-0.57,0.78,-15.62,-26.67,3.85"
845,2026-07-27T12:57:58.892,34.242545,1.564200,0.2000,-0.5700,0.7800,-15.6200,-26.6700,3.8500,0.986560,31.146361,"0.20,-0.57,0.78,-15.62,-26.67,3.85"
846,2026-07-27T12:57:58.893,34.243324,0.778200,0.0900,-0.7500,1.3100,3.7800,-60.1800,-57.8600,1.512184,83.568537,"0.09,-0.75,1.31,3.78,-60.18,-57.86"
847,2026-07-27T12:57:58.893,34.243824,0.500500,0.0300,-0.5800,1.1900,32.1700,-45.9000,-72.2000,1.324160,91.403276,"0.03,-0.58,1.19,32.17,-45.90,-72.20"
848,2026-07-27T12:57:58.951,34.301321,57.497000,0.0400,-0.4700,0.6600,16.6000,-0.1800,-96.2500,0.811234,97.671157,"0.04,-0.47,0.66,16.60,-0.18,-96.25"
849,2026-07-27T12:57:59.010,34.361108,59.787100,0.0700,-0.3200,0.0900,-22.2200,20.3900,-105.4700,0.339706,109.696861,"0.07,-0.32,0.09,-22.22,20.39,-105.47"
850,2026-07-27T12:57:59.071,34.421582,60.473500,-0.0000,-0.2600,-0.1200,-21.3000,-40.2200,-35.4000,0.286356,57.658463,"-0.00,-0.26,-0.12,-21.30,-40.22,-35.40"
851,2026-07-27T12:57:59.072,34.422799,1.217000,-0.2200,-0.8200,0.9200,9.3400,-104.7400,54.2000,1.251879,118.301915,"-0.22,-0.82,0.92,9.34,-104.74,54.20"
852,2026-07-27T12:57:59.311,34.661509,238.710100,-0.1200,-0.8300,1.2800,14.6500,-55.6600,31.8600,1.530261,65.785391,"-0.12,-0.83,1.28,14.65,-55.66,31.86"
853,2026-07-27T12:57:59.311,34.661874,0.365000,0.0200,-0.6000,1.1300,6.9600,46.2600,-62.8100,1.279570,78.316826,"0.02,-0.60,1.13,6.96,46.26,-62.81"
854,2026-07-27T12:57:59.312,34.662487,0.613100,0.0600,-0.4800,0.7900,5.8600,72.5700,-85.8200,0.926337,112.542512,"0.06,-0.48,0.79,5.86,72.57,-85.82"
855,2026-07-27T12:57:59.312,34.663175,0.687800,0.0800,-0.4600,0.6100,4.7600,35.2200,-30.2700,0.768180,46.683818,"0.08,-0.46,0.61,4.76,35.22,-30.27"
856,2026-07-27T12:57:59.313,34.663773,0.598600,0.1800,-0.4300,0.5900,5.3100,3.9700,21.7900,0.751931,22.776328,"0.18,-0.43,0.59,5.31,3.97,21.79"
857,2026-07-27T12:57:59.314,34.664345,0.571800,0.2300,-0.3800,0.5800,4.5800,-9.1600,35.1000,0.730548,36.563534,"0.23,-0.38,0.58,4.58,-9.16,35.10"
858,2026-07-27T12:57:59.371,34.721914,57.568600,0.1400,-0.3900,0.5500,-0.5500,-22.5800,30.8200,0.688622,38.210356,"0.14,-0.39,0.55,-0.55,-22.58,30.82"
859,2026-07-27T12:57:59.490,34.841258,119.344100,0.0300,-0.4200,0.5000,-6.8400,-35.7100,33.1400,0.653682,49.196029,"0.03,-0.42,0.50,-6.84,-35.71,33.14"
860,2026-07-27T12:57:59.550,34.901056,59.798600,-0.0300,-0.4800,0.3000,-8.1200,-52.6700,57.2500,0.566833,78.215253,"-0.03,-0.48,0.30,-8.12,-52.67,57.25"
861,2026-07-27T12:57:59.550,34.901307,0.250900,-0.1300,-0.7100,0.4800,-8.4800,-120.7300,165.4700,0.866833,205.007230,"-0.13,-0.71,0.48,-8.48,-120.73,165.47"
862,2026-07-27T12:57:59.551,34.901866,0.558500,-0.2300,-1.0700,1.4100,-6.5900,-117.8000,241.3900,1.784909,268.680852,"-0.23,-1.07,1.41,-6.59,-117.80,241.39"
863,2026-07-27T12:57:59.552,34.902531,0.664700,0.0100,-1.2500,2.1200,18.2500,71.8400,121.2800,2.461097,142.136858,"0.01,-1.25,2.12,18.25,71.84,121.28"
864,2026-07-27T12:57:59.611,34.961430,58.899500,0.3500,-0.9100,1.9100,42.9100,216.4300,-25.2100,2.144458,222.078268,"0.35,-0.91,1.91,42.91,216.43,-25.21"
865,2026-07-27T12:57:59.672,35.022416,60.986100,0.3100,-0.4000,1.2500,34.3000,172.4900,-43.3300,1.348555,181.126417,"0.31,-0.40,1.25,34.30,172.49,-43.33"
866,2026-07-27T12:57:59.672,35.022933,0.517000,0.2600,-0.2400,0.6000,21.7300,47.8500,19.1700,0.696563,55.940185,"0.26,-0.24,0.60,21.73,47.85,19.17"
867,2026-07-27T12:57:59.850,35.200827,177.893400,0.1800,-0.2600,0.1700,13.9200,-47.6100,46.0200,0.359026,67.663276,"0.18,-0.26,0.17,13.92,-47.61,46.02"
868,2026-07-27T12:57:59.851,35.201506,0.679000,-0.3300,-0.3400,0.1300,11.3500,-66.2800,-23.0700,0.491325,71.092094,"-0.33,-0.34,0.13,11.35,-66.28,-23.07"
869,2026-07-27T12:57:59.851,35.201998,0.492900,-0.7700,-0.6000,0.4300,21.2400,-71.5900,-52.3700,1.066677,91.207909,"-0.77,-0.60,0.43,21.24,-71.59,-52.37"
870,2026-07-27T12:57:59.852,35.202407,0.408600,-0.5100,-0.8900,0.9900,37.3500,-84.4100,8.0600,1.425588,92.655460,"-0.51,-0.89,0.99,37.35,-84.41,8.06"
871,2026-07-27T12:57:59.935,35.285569,83.161600,-0.0400,-0.7300,1.1000,49.2600,-47.0600,43.1500,1.320795,80.641886,"-0.04,-0.73,1.10,49.26,-47.06,43.15"
872,2026-07-27T12:57:59.936,35.286995,1.426800,0.1100,-0.3300,0.7200,59.5700,4.4600,40.5900,0.799625,72.222051,"0.11,-0.33,0.72,59.57,4.46,40.59"
873,2026-07-27T12:58:00.031,35.381621,94.625700,-0.1100,-0.3300,0.7500,49.1300,15.3800,43.8200,0.826741,67.605427,"-0.11,-0.33,0.75,49.13,15.38,43.82"
874,2026-07-27T12:58:00.032,35.382522,0.901000,-0.3600,-0.5000,0.8700,10.9900,6.0400,50.7800,1.066068,52.305546,"-0.36,-0.50,0.87,10.99,6.04,50.78"
875,2026-07-27T12:58:00.032,35.382905,0.382500,-0.2300,-0.5100,0.5000,-9.8300,9.5800,44.8000,0.750333,46.855579,"-0.23,-0.51,0.50,-9.83,9.58,44.80"
876,2026-07-27T12:58:00.090,35.441168,58.263500,-0.1100,-0.4900,0.4300,-13.7300,32.5300,33.0800,0.661135,48.383884,"-0.11,-0.49,0.43,-13.73,32.53,33.08"
877,2026-07-27T12:58:00.330,35.680949,239.780400,-0.2600,-0.4400,0.7700,-19.2900,54.9900,35.9500,0.924175,68.471941,"-0.26,-0.44,0.77,-19.29,54.99,35.95"
878,2026-07-27T12:58:00.331,35.681813,0.864500,-0.3400,-0.3900,0.7800,-28.3200,68.3600,46.4500,0.936002,87.365408,"-0.34,-0.39,0.78,-28.32,68.36,46.45"
879,2026-07-27T12:58:00.332,35.682314,0.500700,-0.2700,-0.4200,0.7000,-30.1500,80.9900,48.2800,0.859826,98.991722,"-0.27,-0.42,0.70,-30.15,80.99,48.28"
880,2026-07-27T12:58:00.332,35.682953,0.639100,-0.2600,-0.4200,0.6900,-29.3600,88.2000,37.7800,0.848587,100.342304,"-0.26,-0.42,0.69,-29.36,88.20,37.78"
881,2026-07-27T12:58:00.333,35.683400,0.447600,-0.3100,-0.4700,0.6400,-29.3600,84.3500,25.0900,0.852408,92.770902,"-0.31,-0.47,0.64,-29.36,84.35,25.09"
882,2026-07-27T12:58:00.570,35.920737,237.336600,-0.5000,-0.5200,0.6800,-29.1100,75.0100,13.9200,0.991363,81.655732,"-0.50,-0.52,0.68,-29.11,75.01,13.92"
883,2026-07-27T12:58:00.571,35.921551,0.813500,-0.6500,-0.5400,0.7000,-31.3100,72.0800,12.1500,1.097315,79.520218,"-0.65,-0.54,0.70,-31.31,72.08,12.15"
884,2026-07-27T12:58:00.571,35.922144,0.593900,-0.6600,-0.5800,0.7600,-29.3600,73.9700,20.0800,1.161723,82.077871,"-0.66,-0.58,0.76,-29.36,73.97,20.08"
885,2026-07-27T12:58:00.572,35.923120,0.976000,-0.7000,-0.5900,0.8300,-26.9800,68.6000,22.8900,1.235718,77.186997,"-0.70,-0.59,0.83,-26.98,68.60,22.89"
886,2026-07-27T12:58:00.573,35.923739,0.618600,-0.7100,-0.6000,0.8200,-25.0900,57.5000,24.7800,1.239556,67.452253,"-0.71,-0.60,0.82,-25.09,57.50,24.78"
887,2026-07-27T12:58:00.574,35.925046,1.306600,-0.7500,-0.6300,0.8300,-20.2000,44.6200,27.7700,1.283861,56.304150,"-0.75,-0.63,0.83,-20.20,44.62,27.77"
888,2026-07-27T12:58:00.575,35.925630,0.584100,-0.8000,-0.6600,0.8400,-16.8500,28.2000,26.3100,1.334616,42.087749,"-0.80,-0.66,0.84,-16.85,28.20,26.31"
889,2026-07-27T12:58:00.578,35.929012,3.382200,-0.8400,-0.6700,0.8700,-15.2600,8.6100,20.6300,1.382534,27.066522,"-0.84,-0.67,0.87,-15.26,8.61,20.63"
890,2026-07-27T12:58:00.690,36.041017,112.005100,-0.8700,-0.6600,0.8800,-16.6600,-10.8600,13.9200,1.402462,24.274711,"-0.87,-0.66,0.88,-16.66,-10.86,13.92"
891,2026-07-27T12:58:00.691,36.041453,0.435800,-0.8500,-0.6500,0.8300,-19.6500,-28.8700,12.0800,1.354216,36.953022,"-0.85,-0.65,0.83,-19.65,-28.87,12.08"
892,2026-07-27T12:58:00.750,36.100967,59.513600,-0.8100,-0.6300,0.7500,-21.6100,-45.2300,8.6700,1.271023,50.871543,"-0.81,-0.63,0.75,-21.61,-45.23,8.67"
893,2026-07-27T12:58:00.750,36.101303,0.336300,-0.7600,-0.5900,0.7000,-26.3700,-58.5300,-3.7200,1.189832,64.303781,"-0.76,-0.59,0.70,-26.37,-58.53,-3.72"
894,2026-07-27T12:58:00.931,36.281649,180.346100,-0.6900,-0.5900,0.6800,-29.6000,-69.1500,-16.3000,1.134284,76.964748,"-0.69,-0.59,0.68,-29.60,-69.15,-16.30"
895,2026-07-27T12:58:00.931,36.282272,0.622800,-0.5900,-0.6000,0.6900,-27.7100,-76.6000,-27.4700,1.088210,85.965138,"-0.59,-0.60,0.69,-27.71,-76.60,-27.47"
896,2026-07-27T12:58:00.932,36.282853,0.581800,-0.4800,-0.6000,0.7400,-21.0600,-80.2600,-43.7600,1.066771,93.809002,"-0.48,-0.60,0.74,-21.06,-80.26,-43.76"
897,2026-07-27T12:58:00.933,36.283615,0.761700,-0.3800,-0.6000,0.7700,-8.5400,-83.8000,-57.3700,1.047521,101.915104,"-0.38,-0.60,0.77,-8.54,-83.80,-57.37"
898,2026-07-27T12:58:01.171,36.521756,238.140700,-0.3100,-0.6100,0.8100,10.8000,-91.3700,-57.8600,1.060330,108.687150,"-0.31,-0.61,0.81,10.80,-91.37,-57.86"
899,2026-07-27T12:58:01.172,36.522789,1.032700,-0.2600,-0.5700,0.8100,29.6000,-108.5800,-46.7500,1.024012,121.866070,"-0.26,-0.57,0.81,29.60,-108.58,-46.75"
900,2026-07-27T12:58:01.173,36.523421,0.632500,-0.2000,-0.4900,0.7200,37.9600,-129.8800,-28.5000,0.893588,138.282414,"-0.20,-0.49,0.72,37.96,-129.88,-28.50"
901,2026-07-27T12:58:01.173,36.523886,0.464700,-0.1400,-0.4100,0.6000,38.2100,-137.9400,-18.3700,0.740068,144.308366,"-0.14,-0.41,0.60,38.21,-137.94,-18.37"
902,2026-07-27T12:58:01.173,36.524193,0.306900,-0.0800,-0.3700,0.5300,38.3900,-126.2800,-27.7700,0.651306,134.876252,"-0.08,-0.37,0.53,38.39,-126.28,-27.77"
903,2026-07-27T12:58:01.173,36.524281,0.088100,-0.0500,-0.4100,0.5700,47.9700,-106.1400,-41.1400,0.703918,123.528621,"-0.05,-0.41,0.57,47.97,-106.14,-41.14"
904,2026-07-27T12:58:01.175,36.525337,1.055800,-0.0400,-0.4600,0.6200,60.1200,-95.2100,-36.9300,0.773046,118.503938,"-0.04,-0.46,0.62,60.12,-95.21,-36.93"
905,2026-07-27T12:58:01.291,36.641714,116.377800,-0.0600,-0.4600,0.6100,60.5500,-97.9600,-9.6400,0.766355,115.565539,"-0.06,-0.46,0.61,60.55,-97.96,-9.64"
906,2026-07-27T12:58:01.291,36.642012,0.297900,-0.1000,-0.4700,0.6600,48.0300,-103.4500,24.1100,0.816395,116.576479,"-0.10,-0.47,0.66,48.03,-103.45,24.11"
907,2026-07-27T12:58:01.650,37.000904,358.892200,-0.1400,-0.5300,0.8100,27.9500,-96.5600,42.6600,0.978059,109.201244,"-0.14,-0.53,0.81,27.95,-96.56,42.66"
908,2026-07-27T12:58:01.651,37.002021,1.116600,-0.1000,-0.5200,0.9000,3.6600,-62.6200,36.7400,1.044222,72.694481,"-0.10,-0.52,0.90,3.66,-62.62,36.74"
909,2026-07-27T12:58:01.651,37.002089,0.068100,0.0400,-0.4500,0.8500,-12.6300,-7.3200,8.4800,0.962601,16.882230,"0.04,-0.45,0.85,-12.63,-7.32,8.48"
910,2026-07-27T12:58:01.652,37.002812,0.723300,0.2100,-0.3500,0.8600,-14.5300,42.3600,-28.3800,0.951945,53.018062,"0.21,-0.35,0.86,-14.53,42.36,-28.38"
911,2026-07-27T12:58:01.653,37.003374,0.561300,0.2900,-0.2800,0.9400,-7.5700,71.9000,-62.6200,1.022790,95.646115,"0.29,-0.28,0.94,-7.57,71.90,-62.62"
912,2026-07-27T12:58:01.653,37.004149,0.774900,0.2900,-0.3300,0.9600,3.3000,76.9700,-70.7400,1.055746,104.591675,"0.29,-0.33,0.96,3.30,76.97,-70.74"
913,2026-07-27T12:58:01.654,37.005229,1.080700,0.2800,-0.3800,0.9200,1.8300,44.0700,-29.8500,1.034021,53.259143,"0.28,-0.38,0.92,1.83,44.07,-29.85"
914,2026-07-27T12:58:01.655,37.005870,0.640700,0.2900,-0.3800,0.9100,-3.1700,26.6700,-20.3900,1.027911,33.720764,"0.29,-0.38,0.91,-3.17,26.67,-20.39"
915,2026-07-27T12:58:01.656,37.006700,0.829800,0.2200,-0.3900,0.9100,-6.2300,14.9500,-21.9100,1.014199,27.246348,"0.22,-0.39,0.91,-6.23,14.95,-21.91"
916,2026-07-27T12:58:01.656,37.007206,0.505700,0.1200,-0.4300,0.8800,-11.3500,11.3500,-27.1000,0.986762,31.496905,"0.12,-0.43,0.88,-11.35,11.35,-27.10"
917,2026-07-27T12:58:01.890,37.240744,233.538000,0.1200,-0.4300,0.8800,-11.3500,11.3500,-27.1000,0.986762,31.496905,"0.12,-0.43,0.88,-11.35,11.35,-27.10"
918,2026-07-27T12:58:01.891,37.241670,0.926300,0.0900,-0.4500,0.8000,-17.4600,8.3600,-16.7800,0.922280,25.618540,"0.09,-0.45,0.80,-17.46,8.36,-16.78"
919,2026-07-27T12:58:01.891,37.242183,0.512700,0.0700,-0.5000,0.8400,-21.3600,-3.9100,-3.7200,0.980051,22.031253,"0.07,-0.50,0.84,-21.36,-3.91,-3.72"
920,2026-07-27T12:58:01.891,37.242234,0.050900,-0.0200,-0.5500,0.9400,-31.3100,-3.9100,-5.1900,1.089266,31.977184,"-0.02,-0.55,0.94,-31.31,-3.91,-5.19"
921,2026-07-27T12:58:01.892,37.243151,0.917300,-0.0900,-0.4700,1.2600,-11.4700,17.9400,-32.7100,1.347813,39.030099,"-0.09,-0.47,1.26,-11.47,17.94,-32.71"
922,2026-07-27T12:58:02.070,37.421008,177.856800,0.0600,-0.4100,1.7300,48.7100,3.9700,-4.1500,1.778932,49.047401,"0.06,-0.41,1.73,48.71,3.97,-4.15"
923,2026-07-27T12:58:02.071,37.421559,0.551100,0.3400,-0.6300,1.3200,79.5300,-49.9300,77.7000,1.501632,121.882385,"0.34,-0.63,1.32,79.53,-49.93,77.70"
924,2026-07-27T12:58:02.071,37.422164,0.605600,0.3900,-0.5300,0.6300,50.7800,-60.4900,80.9900,0.910988,113.123952,"0.39,-0.53,0.63,50.78,-60.49,80.99"
925,2026-07-27T12:58:02.072,37.422948,0.783400,0.3800,-0.3200,0.1000,-17.0300,-6.0400,-29.2400,0.506754,34.372665,"0.38,-0.32,0.10,-17.03,-6.04,-29.24"
926,2026-07-27T12:58:02.073,37.423664,0.716400,0.1600,-0.1200,-0.2100,-139.1000,16.0500,-138.4300,0.290000,196.899155,"0.16,-0.12,-0.21,-139.10,16.05,-138.43"
927,2026-07-27T12:58:02.190,37.541273,117.609400,-0.0400,-0.0100,-0.2200,-280.4000,-67.0800,-128.5000,0.223830,315.651923,"-0.04,-0.01,-0.22,-280.40,-67.08,-128.5"
928,2026-07-27T12:58:02.191,37.541893,0.619600,-0.0700,-0.0500,-0.0200,-370.9700,-156.0700,-60.9000,0.088318,407.044710,"-0.07,-0.05,-0.02,-370.97,-156.07,-60.9"
929,2026-07-27T12:58:02.191,37.542298,0.404800,0.1800,-1.1800,0.1900,-434.2000,-126.4600,0.4900,1.208677,452.241099,"0.18,-1.18,0.19,-434.20,-126.46,0.49"
930,2026-07-27T12:58:02.310,37.660821,118.523300,0.5000,-2.4300,0.2100,-384.0900,-11.6000,108.0900,2.489779,399.178076,"0.50,-2.43,0.21,-384.09,-11.60,108.09"
931,2026-07-27T12:58:02.310,37.661115,0.293500,0.5200,-1.9000,0.0600,-218.9300,116.3300,136.9600,1.970787,283.233217,"0.52,-1.90,0.06,-218.93,116.33,136.96"
932,2026-07-27T12:58:02.312,37.662928,1.813100,0.3500,-0.6900,-0.0700,-96.2500,156.1300,42.1100,0.776853,188.185790,"0.35,-0.69,-0.07,-96.25,156.13,42.11"
933,2026-07-27T12:58:02.370,37.721178,58.250200,0.2600,-0.2400,-0.0300,-18.4900,64.5100,-18.2500,0.355106,69.544825,"0.26,-0.24,-0.03,-18.49,64.51,-18.25"
934,2026-07-27T12:58:02.430,37.780788,59.610400,0.2900,-0.5300,0.0300,38.9400,-58.4700,-25.3900,0.604897,74.697501,"0.29,-0.53,0.03,38.94,-58.47,-25.39"
935,2026-07-27T12:58:02.430,37.781224,0.435300,0.3600,-0.9100,-0.0500,61.0400,-115.3600,-15.0800,0.979898,131.381953,"0.36,-0.91,-0.05,61.04,-115.36,-15.08"
936,2026-07-27T12:58:02.490,37.840807,59.583300,0.4300,-1.0900,-0.1100,39.9800,-63.9600,-2.6200,1.176903,75.472819,"0.43,-1.09,-0.11,39.98,-63.96,-2.62"
937,2026-07-27T12:58:02.670,38.020801,179.994100,0.4300,-1.1400,-0.1100,8.6700,8.0000,-2.2000,1.223356,12.000371,"0.43,-1.14,-0.11,8.67,8.00,-2.20"
938,2026-07-27T12:58:02.671,38.021933,1.132100,0.3700,-1.1000,-0.1000,-2.8100,15.7500,-10.3800,1.164861,19.070999,"0.37,-1.10,-0.10,-2.81,15.75,-10.38"
939,2026-07-27T12:58:02.672,38.022629,0.695700,0.2900,-0.9900,-0.0800,-7.1400,9.6400,-9.5800,1.034698,15.352055,"0.29,-0.99,-0.08,-7.14,9.64,-9.58"
940,2026-07-27T12:58:02.673,38.023372,0.742700,0.2200,-0.8700,-0.0600,-14.0400,20.9400,-0.4900,0.899389,25.215973,"0.22,-0.87,-0.06,-14.04,20.94,-0.49"
941,2026-07-27T12:58:02.673,38.024145,0.773100,0.2100,-0.7800,-0.0500,-13.5500,19.1700,3.3600,0.809321,23.714574,"0.21,-0.78,-0.05,-13.55,19.17,3.36"
942,2026-07-27T12:58:02.790,38.140783,116.638700,0.2100,-0.7000,-0.0600,-8.3000,12.0200,-1.6500,0.733280,14.700099,"0.21,-0.70,-0.06,-8.30,12.02,-1.65"
943,2026-07-27T12:58:02.791,38.141316,0.532900,0.1400,-0.5300,0.0200,-5.8600,14.4700,-11.7800,0.548544,19.557323,"0.14,-0.53,0.02,-5.86,14.47,-11.78"
944,2026-07-27T12:58:02.791,38.142027,0.711200,0.0500,-0.2900,0.1400,13.1200,16.0500,-19.1700,0.325883,28.235187,"0.05,-0.29,0.14,13.12,16.05,-19.17"
945,2026-07-27T12:58:02.851,38.201590,59.562700,0.0600,-0.3000,0.0800,38.8800,-7.5700,-19.4100,0.316228,44.110173,"0.06,-0.30,0.08,38.88,-7.57,-19.41"
946,2026-07-27T12:58:02.911,38.261528,59.937700,0.1900,-0.8600,-0.1300,44.2500,-51.5700,-7.2600,0.890281,68.339118,"0.19,-0.86,-0.13,44.25,-51.57,-7.26"
947,2026-07-27T12:58:02.911,38.261982,0.454200,0.2900,-1.9000,-0.5500,52.8600,-91.8000,19.5900,1.999150,107.727377,"0.29,-1.90,-0.55,52.86,-91.80,19.59"
948,2026-07-27T12:58:02.971,38.321760,59.778000,0.2600,-2.2600,-0.8200,53.7100,-272.3400,23.9900,2.418181,278.620458,"0.26,-2.26,-0.82,53.71,-272.34,23.99"
949,2026-07-27T12:58:03.091,38.441438,119.678100,0.8100,-1.7900,-0.4300,-38.4500,-517.9400,-14.9500,2.011243,519.580358,"0.81,-1.79,-0.43,-38.45,-517.94,-14.95"
950,2026-07-27T12:58:03.092,38.442746,1.307800,1.0900,-1.4700,-0.0100,-112.0000,-441.4100,-74.9500,1.830055,461.523879,"1.09,-1.47,-0.01,-112.00,-441.41,-74.95"
951,2026-07-27T12:58:03.093,38.443377,0.630600,0.3200,-1.1200,-0.0400,-44.9800,-65.2500,-106.5100,1.165504,132.759719,"0.32,-1.12,-0.04,-44.98,-65.25,-106.51"
952,2026-07-27T12:58:03.210,38.561225,117.848600,-0.2400,-0.5500,-0.1900,56.8200,228.9400,-71.2300,0.629444,246.405659,"-0.24,-0.55,-0.19,56.82,228.94,-71.23"
953,2026-07-27T12:58:03.211,38.561514,0.289100,-0.2400,-0.1800,-0.3000,105.9600,216.2500,-21.3600,0.424264,241.759868,"-0.24,-0.18,-0.30,105.96,216.25,-21.36"
954,2026-07-27T12:58:03.211,38.561927,0.412700,0.0100,-0.3900,-0.4300,93.8700,20.0200,3.0500,0.580603,96.029578,"0.01,-0.39,-0.43,93.87,20.02,3.05"
955,2026-07-27T12:58:03.270,38.620962,59.034800,0.2000,-0.9200,-0.5200,50.1100,-94.1200,24.8400,1.075546,109.483387,"0.20,-0.92,-0.52,50.11,-94.12,24.84"
956,2026-07-27T12:58:03.271,38.621480,0.518200,0.1900,-1.2500,-0.5300,1.2800,-69.0300,52.3100,1.370949,86.620525,"0.19,-1.25,-0.53,1.28,-69.03,52.31"
957,2026-07-27T12:58:03.451,38.801340,179.860000,0.1100,-1.3000,-0.4300,-43.9500,-19.7100,79.0400,1.373681,92.560295,"0.11,-1.30,-0.43,-43.95,-19.71,79.04"
958,2026-07-27T12:58:03.451,38.802090,0.749800,0.3400,-1.2600,-0.0600,-117.4300,31.8000,112.0600,1.306446,165.404016,"0.34,-1.26,-0.06,-117.43,31.80,112.06"
959,2026-07-27T12:58:03.452,38.802779,0.689500,0.5900,-1.2000,0.3700,-164.8600,152.7700,135.0700,1.387444,262.223945,"0.59,-1.20,0.37,-164.86,152.77,135.07"
960,2026-07-27T12:58:03.452,38.803176,0.396400,0.4700,-1.0500,0.3000,-91.1900,137.3900,96.8600,1.188865,191.241961,"0.47,-1.05,0.30,-91.19,137.39,96.86"
961,2026-07-27T12:58:03.691,39.041482,238.305900,0.2800,-0.8700,-0.1200,23.3200,-90.7000,18.5500,0.921792,95.469445,"0.28,-0.87,-0.12,23.32,-90.70,18.55"
962,2026-07-27T12:58:03.691,39.042152,0.669900,0.2200,-0.7700,-0.3700,58.9600,-202.5800,-26.0000,0.882156,212.581603,"0.22,-0.77,-0.37,58.96,-202.58,-26.00"
963,2026-07-27T12:58:03.691,39.042235,0.083600,0.2400,-0.8300,-0.2900,25.3300,-110.1700,-27.2200,0.911373,116.275389,"0.24,-0.83,-0.29,25.33,-110.17,-27.22"
964,2026-07-27T12:58:03.692,39.042657,0.422000,0.1600,-0.9700,-0.1500,-6.7700,3.6000,-22.1600,0.994485,23.449062,"0.16,-0.97,-0.15,-6.77,3.60,-22.16"
965,2026-07-27T12:58:03.693,39.043815,1.157500,-0.0000,-1.0600,-0.1400,-4.3900,27.7100,-26.7900,1.069205,38.792013,"-0.00,-1.06,-0.14,-4.39,27.71,-26.79"
966,2026-07-27T12:58:03.694,39.044529,0.714600,-0.1200,-1.0400,-0.1700,17.7000,-0.4900,-26.8600,1.060613,32.171256,"-0.12,-1.04,-0.17,17.70,-0.49,-26.86"
967,2026-07-27T12:58:03.750,39.101252,56.722600,-0.0800,-0.8800,-0.2000,38.3900,-23.6800,-17.7000,0.905980,48.454355,"-0.08,-0.88,-0.20,38.39,-23.68,-17.70"
968,2026-07-27T12:58:03.752,39.102582,1.329900,0.1100,-0.7700,-0.2300,49.9300,-45.5900,-14.4700,0.811110,69.143575,"0.11,-0.77,-0.23,49.93,-45.59,-14.47"
969,2026-07-27T12:58:03.991,39.341313,238.731000,0.3000,-0.9600,-0.2500,47.1800,-52.6700,-18.9800,1.036388,73.214218,"0.30,-0.96,-0.25,47.18,-52.67,-18.98"
970,2026-07-27T12:58:03.992,39.342396,1.082900,0.3700,-1.2000,-0.2800,28.3200,-18.3700,-17.6400,1.286585,38.087385,"0.37,-1.20,-0.28,28.32,-18.37,-17.64"
971,2026-07-27T12:58:03.992,39.343030,0.634200,0.3100,-1.0800,-0.2400,-1.5900,21.5500,-12.5100,1.148956,24.968594,"0.31,-1.08,-0.24,-1.59,21.55,-12.51"
972,2026-07-27T12:58:03.993,39.343459,0.429700,0.2300,-0.8300,-0.1800,-20.6900,18.9200,-16.4200,0.879886,32.490905,"0.23,-0.83,-0.18,-20.69,18.92,-16.42"
973,2026-07-27T12:58:03.993,39.344030,0.570400,0.2300,-0.7900,-0.1600,-8.5400,-22.2200,-25.1500,0.838212,34.629215,"0.23,-0.79,-0.16,-8.54,-22.22,-25.15"
974,2026-07-27T12:58:03.994,39.344709,0.679500,0.3000,-0.9100,-0.2000,26.4300,-62.6200,-21.8500,0.978826,71.394900,"0.30,-0.91,-0.20,26.43,-62.62,-21.85"
975,2026-07-27T12:58:04.053,39.403381,58.671600,0.3700,-0.9600,-0.2400,56.6400,-71.7200,-9.0900,1.056456,91.839404,"0.37,-0.96,-0.24,56.64,-71.72,-9.09"
976,2026-07-27T12:58:04.110,39.461278,57.897500,0.3500,-0.9200,-0.2900,60.9100,-62.3800,-9.3400,1.026158,87.684252,"0.35,-0.92,-0.29,60.91,-62.38,-9.34"
977,2026-07-27T12:58:04.111,39.461691,0.412800,0.3000,-0.8800,-0.3600,42.3000,-54.8100,-20.9400,0.996995,72.331941,"0.30,-0.88,-0.36,42.30,-54.81,-20.94"
978,2026-07-27T12:58:04.290,39.641310,179.618400,0.3000,-0.8700,-0.3900,14.4000,-25.1500,-21.9700,0.999500,36.367065,"0.30,-0.87,-0.39,14.40,-25.15,-21.97"
979,2026-07-27T12:58:04.291,39.642036,0.725900,0.2900,-0.9000,-0.3100,-10.5600,15.2600,-14.8300,0.995088,23.755212,"0.29,-0.90,-0.31,-10.56,15.26,-14.83"
980,2026-07-27T12:58:04.292,39.642783,0.747000,0.2800,-0.9400,-0.2100,-26.0600,31.9200,-11.4700,1.003045,42.773484,"0.28,-0.94,-0.21,-26.06,31.92,-11.47"
981,2026-07-27T12:58:04.293,39.643344,0.561700,0.2600,-0.9500,-0.1700,-31.6200,39.0000,-11.1100,0.999500,51.422335,"0.26,-0.95,-0.17,-31.62,39.00,-11.11"
982,2026-07-27T12:58:04.411,39.761578,118.233500,0.2200,-0.9500,-0.1800,-30.0900,37.6000,-15.9900,0.991615,50.742962,"0.22,-0.95,-0.18,-30.09,37.60,-15.99"
983,2026-07-27T12:58:04.411,39.762175,0.597300,0.1900,-0.9300,-0.2100,-18.3700,12.1500,-24.7200,0.972163,33.108274,"0.19,-0.93,-0.21,-18.37,12.15,-24.72"
984,2026-07-27T12:58:04.412,39.762900,0.724500,0.2200,-0.8900,-0.2700,1.5900,-12.6300,-23.5000,0.955720,26.726298,"0.22,-0.89,-0.27,1.59,-12.63,-23.50"
985,2026-07-27T12:58:04.470,39.820908,58.008400,0.3000,-0.8500,-0.3200,9.4600,9.1600,-7.3200,0.956504,15.065842,"0.30,-0.85,-0.32,9.46,9.16,-7.32"
986,2026-07-27T12:58:04.471,39.821465,0.557200,0.3200,-0.8700,-0.3300,2.7500,44.7400,4.1500,0.983972,45.016137,"0.32,-0.87,-0.33,2.75,44.74,4.15"
987,2026-07-27T12:58:04.650,40.000601,179.136100,0.2800,-0.9400,-0.3100,25.9400,-36.4400,-19.9000,1.028640,48.956789,"0.28,-0.94,-0.31,25.94,-36.44,-19.90"
988,2026-07-27T12:58:04.650,40.001306,0.704400,0.2500,-1.0300,-0.3000,35.4600,-87.0400,-25.0200,1.101544,97.259311,"0.25,-1.03,-0.30,35.46,-87.04,-25.02"
989,2026-07-27T12:58:04.651,40.001532,0.225900,0.2600,-1.1200,-0.2900,34.2400,-115.7200,-22.2800,1.185791,122.718761,"0.26,-1.12,-0.29,34.24,-115.72,-22.28"
990,2026-07-27T12:58:04.710,40.061229,59.697100,0.2300,-1.1000,-0.2700,21.8500,-120.0600,-8.7900,1.155768,122.348233,"0.23,-1.10,-0.27,21.85,-120.06,-8.79"
991,2026-07-27T12:58:04.711,40.062016,0.787100,0.1400,-0.9300,-0.1800,-0.3700,-72.0800,31.6800,0.957549,78.735543,"0.14,-0.93,-0.18,-0.37,-72.08,31.68"
992,2026-07-27T12:58:04.711,40.062312,0.296100,0.0800,-0.7900,-0.0900,-14.9500,-7.9300,91.1900,0.799125,92.746986,"0.08,-0.79,-0.09,-14.95,-7.93,91.19"
993,2026-07-27T12:58:04.770,40.120692,58.380400,0.1700,-0.9300,-0.1300,-8.3000,-26.7300,126.2800,0.954306,129.344584,"0.17,-0.93,-0.13,-8.30,-26.73,126.28"
994,2026-07-27T12:58:04.830,40.181005,60.312500,0.4200,-1.2000,-0.2800,3.9100,-125.0000,109.6200,1.301845,166.303435,"0.42,-1.20,-0.28,3.91,-125.00,109.62"
995,2026-07-27T12:58:04.831,40.182143,1.138300,0.6600,-1.2200,-0.3700,-1.2800,-204.8300,54.6300,1.435584,211.993878,"0.66,-1.22,-0.37,-1.28,-204.83,54.63"
996,2026-07-27T12:58:04.951,40.301970,119.827300,0.3700,-0.7900,-0.0300,-23.7400,-182.1300,2.8100,0.872869,183.692190,"0.37,-0.79,-0.03,-23.74,-182.13,2.81"
997,2026-07-27T12:58:04.952,40.302914,0.943700,0.2000,-0.8100,0.1000,-32.9600,-76.7200,-12.8800,0.840298,84.487954,"0.20,-0.81,0.10,-32.96,-76.72,-12.88"
998,2026-07-27T12:58:04.952,40.303023,0.109300,0.2800,-0.7900,-0.0000,-8.3000,-40.4700,-16.3000,0.838153,44.411720,"0.28,-0.79,-0.00,-8.30,-40.47,-16.30"
999,2026-07-27T12:58:05.011,40.361312,58.289100,0.1700,-0.8300,-0.0900,12.3300,-77.7600,-29.7900,0.851998,84.178920,"0.17,-0.83,-0.09,12.33,-77.76,-29.79"
1000,2026-07-27T12:58:05.132,40.482774,121.461600,-0.1500,-0.8800,-0.1500,6.4700,-85.0200,-34.3000,0.905207,91.906209,"-0.15,-0.88,-0.15,6.47,-85.02,-34.30"
1001,2026-07-27T12:58:05.132,40.482930,0.156000,-0.1300,-0.7000,-0.2200,3.1100,-90.4500,-15.3200,0.745185,91.790942,"-0.13,-0.70,-0.22,3.11,-90.45,-15.32"
1002,2026-07-27T12:58:05.133,40.483374,0.443600,0.1100,-0.4400,-0.3100,6.0400,-113.1000,12.4500,0.549363,113.943381,"0.11,-0.44,-0.31,6.04,-113.10,12.45"
1003,2026-07-27T12:58:05.191,40.541347,57.973800,-0.0000,-0.5300,-0.3600,-7.6900,-101.3800,33.0200,0.640703,106.898835,"-0.00,-0.53,-0.36,-7.69,-101.38,33.02"
1004,2026-07-27T12:58:05.191,40.542206,0.858300,-0.2100,-0.7900,-0.3400,-38.1500,-34.0000,63.2900,0.885325,81.345231,"-0.21,-0.79,-0.34,-38.15,-34.00,63.29"
1005,2026-07-27T12:58:05.370,40.721046,178.839900,-0.1600,-0.8400,-0.2600,-51.6400,23.3200,94.2400,0.893756,109.962219,"-0.16,-0.84,-0.26,-51.64,23.32,94.24"
1006,2026-07-27T12:58:05.371,40.721779,0.733400,-0.1400,-0.9200,-0.2700,-48.2800,23.8600,96.5000,0.968969,110.510217,"-0.14,-0.92,-0.27,-48.28,23.86,96.50"
1007,2026-07-27T12:58:05.372,40.722508,0.728900,-0.2200,-1.0500,-0.3700,-46.4500,0.0000,82.6400,1.134813,94.799642,"-0.22,-1.05,-0.37,-46.45,0.00,82.64"
1008,2026-07-27T12:58:05.372,40.722607,0.098900,-0.3000,-1.0200,-0.4600,-35.4600,-22.4600,70.2500,1.158447,81.834746,"-0.30,-1.02,-0.46,-35.46,-22.46,70.25"
1009,2026-07-27T12:58:05.430,40.780928,58.321100,-0.2500,-0.8100,-0.5700,-24.3500,-37.6600,60.2400,1.021518,75.100304,"-0.25,-0.81,-0.57,-24.35,-37.66,60.24"
1010,2026-07-27T12:58:05.431,40.781340,0.412000,-0.3600,-0.8100,-0.6100,-33.2600,-27.4700,54.5000,1.076011,69.505960,"-0.36,-0.81,-0.61,-33.26,-27.47,54.50"
1011,2026-07-27T12:58:05.490,40.841286,59.945600,-0.5700,-0.9800,-0.5500,-51.4500,2.2600,52.0000,1.260079,73.186133,"-0.57,-0.98,-0.55,-51.45,2.26,52.00"
1012,2026-07-27T12:58:05.551,40.901583,60.297900,-0.5200,-0.9500,-0.5300,-47.9700,-1.2200,49.0100,1.205736,68.590009,"-0.52,-0.95,-0.53,-47.97,-1.22,49.01"
1013,2026-07-27T12:58:05.552,40.902849,1.265300,-0.3800,-0.8700,-0.4800,-32.4700,-21.0000,46.5700,1.063814,60.531527,"-0.38,-0.87,-0.48,-32.47,-21.00,46.57"
1014,2026-07-27T12:58:05.611,40.961487,58.637900,-0.3700,-0.8100,-0.4600,-26.3700,-18.1900,41.5600,1.002297,52.473675,"-0.37,-0.81,-0.46,-26.37,-18.19,41.56"
1015,2026-07-27T12:58:05.671,41.021504,60.017400,-0.5200,-0.7500,-0.5100,-22.6400,-12.9400,31.8600,1.045466,41.171262,"-0.52,-0.75,-0.51,-22.64,-12.94,31.86"
1016,2026-07-27T12:58:05.671,41.022138,0.634300,-0.6200,-0.7100,-0.5900,-12.9400,-12.0800,25.1500,1.112025,30.755365,"-0.62,-0.71,-0.59,-12.94,-12.08,25.15"
1017,2026-07-27T12:58:05.730,41.080981,58.842200,-0.6200,-0.7000,-0.6300,-5.3700,-12.2700,21.3000,1.127519,25.161077,"-0.62,-0.70,-0.63,-5.37,-12.27,21.30"
1018,2026-07-27T12:58:05.851,41.201955,120.974700,-0.6000,-0.7200,-0.6000,-6.2300,-13.0000,15.9900,1.112834,21.528888,"-0.60,-0.72,-0.60,-6.23,-13.00,15.99"
1019,2026-07-27T12:58:05.852,41.203060,1.104900,-0.5700,-0.7200,-0.5700,-8.0000,-14.6500,10.7400,1.080833,19.848680,"-0.57,-0.72,-0.57,-8.00,-14.65,10.74"
1020,2026-07-27T12:58:05.853,41.203574,0.514300,-0.5700,-0.7300,-0.5500,-8.6700,-16.1700,6.0400,1.077172,19.316299,"-0.57,-0.73,-0.55,-8.67,-16.17,6.04"
1021,2026-07-27T12:58:05.910,41.260999,57.424900,-0.5600,-0.7700,-0.5700,-7.4500,-14.7700,1.1000,1.109685,16.579065,"-0.56,-0.77,-0.57,-7.45,-14.77,1.10"
1022,2026-07-27T12:58:05.911,41.261538,0.538300,-0.5500,-0.8000,-0.6100,-7.6300,-9.4000,-5.7400,1.146560,13.398675,"-0.55,-0.80,-0.61,-7.63,-9.40,-5.74"
1023,2026-07-27T12:58:06.031,41.381815,120.277700,-0.5600,-0.8600,-0.6500,-13.3100,-1.7100,-16.3000,1.214784,21.113271,"-0.56,-0.86,-0.65,-13.31,-1.71,-16.30"
1024,2026-07-27T12:58:06.032,41.382503,0.687400,-0.5900,-0.9700,-0.6400,-23.1300,10.2500,-28.7500,1.303303,38.296500,"-0.59,-0.97,-0.64,-23.13,10.25,-28.75"
1025,2026-07-27T12:58:06.032,41.382783,0.280600,-0.6100,-1.0300,-0.6000,-26.2500,17.7600,-39.9800,1.339029,51.018433,"-0.61,-1.03,-0.60,-26.25,17.76,-39.98"
1026,2026-07-27T12:58:06.150,41.500961,118.177200,-0.5700,-1.0000,-0.5800,-11.1700,5.8600,-50.6000,1.288914,52.148523,"-0.57,-1.00,-0.58,-11.17,5.86,-50.60"
1027,2026-07-27T12:58:06.151,41.501330,0.369400,-0.4800,-0.9500,-0.5900,6.9600,-6.4100,-59.8800,1.216963,60.622967,"-0.48,-0.95,-0.59,6.96,-6.41,-59.88"
1028,2026-07-27T12:58:06.152,41.502548,1.218300,-0.4200,-0.9100,-0.5600,9.0900,3.9100,-65.5500,1.148085,66.292675,"-0.42,-0.91,-0.56,9.09,3.91,-65.55"
1029,2026-07-27T12:58:06.211,41.561317,58.768800,-0.4000,-0.8900,-0.5200,4.4600,21.3000,-68.1800,1.105667,71.568806,"-0.40,-0.89,-0.52,4.46,21.30,-68.18"
1030,2026-07-27T12:58:06.391,41.741452,180.135200,-0.3600,-0.8500,-0.4800,9.0900,25.5100,-69.4600,1.040433,74.552530,"-0.36,-0.85,-0.48,9.09,25.51,-69.46"
1031,2026-07-27T12:58:06.391,41.742185,0.732700,-0.2800,-0.7900,-0.4500,21.5500,18.6800,-69.6400,0.951315,75.253402,"-0.28,-0.79,-0.45,21.55,18.68,-69.64"
1032,2026-07-27T12:58:06.392,41.742829,0.643900,-0.2000,-0.7300,-0.4300,31.1900,17.3300,-68.1200,0.870517,76.899151,"-0.20,-0.73,-0.43,31.19,17.33,-68.12"
1033,2026-07-27T12:58:06.393,41.743403,0.574500,-0.1300,-0.7200,-0.4200,35.3400,28.6300,-68.1200,0.843623,81.908039,"-0.13,-0.72,-0.42,35.34,28.63,-68.12"
1034,2026-07-27T12:58:06.393,41.743949,0.545500,-0.1400,-0.7600,-0.4400,41.2600,30.6400,-73.7900,0.889269,89.923085,"-0.14,-0.76,-0.44,41.26,30.64,-73.79"
1035,2026-07-27T12:58:06.810,42.161179,417.230400,-0.1500,-0.7700,-0.4300,45.1700,15.6200,-83.2500,0.894595,95.994145,"-0.15,-0.77,-0.43,45.17,15.62,-83.25"
1036,2026-07-27T12:58:06.811,42.161584,0.404900,-0.1000,-0.7500,-0.3800,39.2500,10.3800,-92.1000,0.846699,100.651462,"-0.10,-0.75,-0.38,39.25,10.38,-92.10"
1037,2026-07-27T12:58:06.811,42.161975,0.390400,-0.0200,-0.7900,-0.3500,33.2600,17.5200,-98.6900,0.864292,105.607263,"-0.02,-0.79,-0.35,33.26,17.52,-98.69"
1038,2026-07-27T12:58:06.812,42.162927,0.952500,0.0500,-0.8200,-0.3300,34.3600,26.7300,-103.3300,0.885325,112.125784,"0.05,-0.82,-0.33,34.36,26.73,-103.33"
1039,2026-07-27T12:58:06.813,42.163784,0.856700,0.0800,-0.7500,-0.3000,38.5100,31.4300,-108.0900,0.811727,118.971900,"0.08,-0.75,-0.30,38.51,31.43,-108.09"
1040,2026-07-27T12:58:06.814,42.165182,1.398400,0.1000,-0.7200,-0.2800,41.1400,20.7500,-113.0400,0.778974,122.070077,"0.10,-0.72,-0.28,41.14,20.75,-113.04"
1041,2026-07-27T12:58:06.814,42.165298,0.115700,0.1300,-0.7900,-0.2900,37.2900,12.2100,-112.3700,0.851528,119.023717,"0.13,-0.79,-0.29,37.29,12.21,-112.37"
1042,2026-07-27T12:58:06.815,42.165894,0.596200,0.1200,-0.8200,-0.2900,23.6200,22.5200,-100.1600,0.878009,105.342681,"0.12,-0.82,-0.29,23.62,22.52,-100.16"
1043,2026-07-27T12:58:06.816,42.166459,0.565300,0.0900,-0.8300,-0.2800,5.3100,36.3800,-76.8400,0.880568,85.182663,"0.09,-0.83,-0.28,5.31,36.38,-76.84"
1044,2026-07-27T12:58:06.817,42.167338,0.879000,0.0800,-0.8800,-0.2900,-2.2600,36.1900,-43.5800,0.930000,56.692505,"0.08,-0.88,-0.29,-2.26,36.19,-43.58"
1045,2026-07-27T12:58:06.818,42.168976,1.637700,0.1000,-0.9400,-0.3300,5.8000,34.2400,-2.5000,1.001249,34.817633,"0.10,-0.94,-0.33,5.80,34.24,-2.50"
1046,2026-07-27T12:58:06.931,42.281485,112.509000,0.1700,-0.9600,-0.3600,9.4000,46.2600,31.3700,1.039279,56.678254,"0.17,-0.96,-0.36,9.40,46.26,31.37"
1047,2026-07-27T12:58:06.931,42.281797,0.311600,0.2600,-0.9000,-0.3400,-6.8400,65.6100,47.6700,0.996594,81.387263,"0.26,-0.90,-0.34,-6.84,65.61,47.67"
1048,2026-07-27T12:58:07.110,42.460818,179.020900,0.3400,-0.8400,-0.3000,-32.7800,89.6600,57.3700,0.954568,111.376662,"0.34,-0.84,-0.30,-32.78,89.66,57.37"
1049,2026-07-27T12:58:07.111,42.462054,1.236500,0.4300,-0.8700,-0.2600,-64.4500,122.5000,68.7300,1.004689,154.544057,"0.43,-0.87,-0.26,-64.45,122.50,68.73"
1050,2026-07-27T12:58:07.112,42.463124,1.069600,0.4900,-0.9100,-0.1700,-79.5900,116.0900,62.8700,1.047425,154.156067,"0.49,-0.91,-0.17,-79.59,116.09,62.87"
1051,2026-07-27T12:58:07.113,42.463669,0.545300,0.5200,-0.9200,-0.1400,-33.5100,5.8600,19.0400,1.066021,38.984373,"0.52,-0.92,-0.14,-33.51,5.86,19.04"
1052,2026-07-27T12:58:07.113,42.464101,0.432000,0.4800,-0.9200,-0.2200,24.1100,-82.3400,-24.6000,1.060754,89.254287,"0.48,-0.92,-0.22,24.11,-82.34,-24.60"
1053,2026-07-27T12:58:07.230,42.581016,116.914600,0.3800,-0.9000,-0.2700,36.7400,-51.8200,-33.1400,1.013558,71.647747,"0.38,-0.90,-0.27,36.74,-51.82,-33.14"
1054,2026-07-27T12:58:07.232,42.582767,1.751000,0.2900,-0.8900,-0.3000,25.6300,4.4600,-20.6300,0.982955,33.202190,"0.29,-0.89,-0.30,25.63,4.46,-20.63"
1055,2026-07-27T12:58:07.232,42.583214,0.447300,0.2100,-0.9400,-0.3300,11.4700,33.0800,-4.4600,1.018136,35.295027,"0.21,-0.94,-0.33,11.47,33.08,-4.46"
1056,2026-07-27T12:58:07.351,42.701636,118.422600,0.1300,-1.0600,-0.3700,6.4700,23.1300,1.5900,1.130221,24.070436,"0.13,-1.06,-0.37,6.47,23.13,1.59"
1057,2026-07-27T12:58:07.351,42.702198,0.561400,0.0700,-1.1200,-0.3800,15.5600,-26.5500,-4.2100,1.184778,31.060267,"0.07,-1.12,-0.38,15.56,-26.55,-4.21"
1058,2026-07-27T12:58:07.352,42.702695,0.497100,0.0500,-1.0000,-0.3400,33.3900,-91.6100,-5.3700,1.057402,97.653065,"0.05,-1.00,-0.34,33.39,-91.61,-5.37"
1059,2026-07-27T12:58:07.410,42.761050,58.355200,0.0900,-0.8700,-0.2900,30.5800,-111.6300,72.6900,0.921466,136.675636,"0.09,-0.87,-0.29,30.58,-111.63,72.69"
1060,2026-07-27T12:58:07.471,42.821342,60.291600,0.2100,-0.9500,-0.2900,11.0500,-50.3500,127.4400,1.015234,137.470646,"0.21,-0.95,-0.29,11.05,-50.35,127.44"
1061,2026-07-27T12:58:07.471,42.821794,0.452500,0.3900,-1.1400,-0.3600,-14.3400,-2.7500,144.1000,1.257498,144.837868,"0.39,-1.14,-0.36,-14.34,-2.75,144.10"
1062,2026-07-27T12:58:07.591,42.941422,119.627900,0.4800,-1.1400,-0.4100,-40.2200,-16.3600,105.6500,1.303112,114.224430,"0.48,-1.14,-0.41,-40.22,-16.36,105.65"
1063,2026-07-27T12:58:07.591,42.942119,0.696700,0.4300,-0.9500,-0.3500,-50.5400,-56.6400,46.6900,1.099955,89.119792,"0.43,-0.95,-0.35,-50.54,-56.64,46.69"
1064,2026-07-27T12:58:07.592,42.942685,0.565800,0.3100,-0.8200,-0.1900,-36.0100,-68.6600,8.3600,0.896995,77.979518,"0.31,-0.82,-0.19,-36.01,-68.66,8.36"
1065,2026-07-27T12:58:07.711,43.061528,118.843100,0.2200,-0.8100,-0.1100,-14.4700,-73.0600,-12.0800,0.846522,75.452441,"0.22,-0.81,-0.11,-14.47,-73.06,-12.08"
1066,2026-07-27T12:58:07.711,43.062216,0.688000,0.1800,-0.8200,-0.1700,-7.8700,-63.0500,-23.9900,0.856563,67.917299,"0.18,-0.82,-0.17,-7.87,-63.05,-23.99"
1067,2026-07-27T12:58:07.712,43.062814,0.598400,0.0800,-0.8900,-0.2100,-7.4500,-27.1600,-22.0300,0.917932,35.755965,"0.08,-0.89,-0.21,-7.45,-27.16,-22.03"
1068,2026-07-27T12:58:07.830,43.180946,118.131600,-0.0100,-0.9100,-0.2500,-0.7300,-16.4800,-16.1100,0.943769,23.057654,"-0.01,-0.91,-0.25,-0.73,-16.48,-16.11"
1069,2026-07-27T12:58:07.831,43.181575,0.628900,0.0300,-0.8700,-0.3500,4.0900,-26.1200,-15.6200,0.938243,30.707766,"0.03,-0.87,-0.35,4.09,-26.12,-15.62"
1070,2026-07-27T12:58:07.831,43.182085,0.510200,0.0100,-0.8600,-0.4300,-3.2300,-29.6000,-18.0100,0.961561,34.798750,"0.01,-0.86,-0.43,-3.23,-29.60,-18.01"
1071,2026-07-27T12:58:07.950,43.300853,118.768200,-0.0500,-0.8600,-0.4200,-12.3900,-44.6200,-26.4300,0.958384,53.319803,"-0.05,-0.86,-0.42,-12.39,-44.62,-26.43"
1072,2026-07-27T12:58:07.951,43.301786,0.932600,-0.1000,-0.9000,-0.3900,-12.2100,-70.3100,-44.0100,0.985951,83.841877,"-0.10,-0.90,-0.39,-12.21,-70.31,-44.01"
1073,2026-07-27T12:58:07.951,43.302120,0.333800,-0.0900,-0.9400,-0.3400,-9.7000,-72.3300,-59.4500,1.003643,94.127687,"-0.09,-0.94,-0.34,-9.70,-72.33,-59.45"
1074,2026-07-27T12:58:08.070,43.421271,119.151800,0.0400,-0.9800,-0.3200,-5.9800,-44.4300,-64.0300,1.031698,78.164098,"0.04,-0.98,-0.32,-5.98,-44.43,-64.03"
1075,2026-07-27T12:58:08.071,43.421875,0.604100,0.1800,-1.0900,-0.3500,2.5600,-12.6300,-63.1700,1.158879,64.471074,"0.18,-1.09,-0.35,2.56,-12.63,-63.17"
1076,2026-07-27T12:58:08.072,43.422591,0.715600,0.1600,-1.2200,-0.3300,4.1500,-4.6400,-64.8200,1.273931,65.118235,"0.16,-1.22,-0.33,4.15,-4.64,-64.82"
1077,2026-07-27T12:58:08.311,43.661478,238.886600,0.1000,-1.1500,-0.2000,-1.9500,-8.6700,-59.5700,1.171537,60.229198,"0.10,-1.15,-0.20,-1.95,-8.67,-59.57"
1078,2026-07-27T12:58:08.311,43.661868,0.390300,0.1600,-0.8600,-0.1100,-3.9700,19.5900,-30.2700,0.881646,36.273984,"0.16,-0.86,-0.11,-3.97,19.59,-30.27"
1079,2026-07-27T12:58:08.312,43.663249,1.381000,0.2700,-0.7500,-0.1700,5.0700,63.4200,7.1400,0.815046,64.021722,"0.27,-0.75,-0.17,5.07,63.42,7.14"
1080,2026-07-27T12:58:08.313,43.663640,0.390700,0.3500,-0.8300,-0.2700,28.2600,64.5100,19.7100,0.940372,73.134478,"0.35,-0.83,-0.27,28.26,64.51,19.71"
1081,2026-07-27T12:58:08.313,43.664205,0.565500,0.3900,-0.8800,-0.3200,51.3300,16.3600,5.5500,1.014347,54.159219,"0.39,-0.88,-0.32,51.33,16.36,5.55"
1082,2026-07-27T12:58:08.314,43.664802,0.597100,0.4200,-0.8500,-0.3300,56.4000,-28.0200,-11.6000,1.003892,64.036243,"0.42,-0.85,-0.33,56.40,-28.02,-11.60"
1083,2026-07-27T12:58:08.430,43.781255,116.452600,0.4200,-0.8300,-0.3500,41.9900,-26.9200,-15.3200,0.993881,52.178050,"0.42,-0.83,-0.35,41.99,-26.92,-15.32"
1084,2026-07-27T12:58:08.431,43.781818,0.562700,0.3900,-0.8400,-0.3800,19.9600,5.8600,-12.8800,1.001049,24.467031,"0.39,-0.84,-0.38,19.96,5.86,-12.88"
1085,2026-07-27T12:58:08.432,43.782507,0.689700,0.3400,-0.8700,-0.3800,-1.0400,37.9600,-16.4800,1.008415,41.396058,"0.34,-0.87,-0.38,-1.04,37.96,-16.48"
1086,2026-07-27T12:58:08.491,43.842083,59.576200,0.2800,-0.8800,-0.3400,-23.9900,66.4100,-21.8500,0.984073,73.913671,"0.28,-0.88,-0.34,-23.99,66.41,-21.85"
1087,2026-07-27T12:58:08.551,43.901735,59.651900,0.2300,-0.9000,-0.2800,-46.3300,79.3500,-28.0800,0.970206,96.080059,"0.23,-0.90,-0.28,-46.33,79.35,-28.08"
1088,2026-07-27T12:58:08.552,43.903232,1.497000,0.1700,-0.9500,-0.1800,-54.0200,49.6200,-39.3100,0.981733,83.220075,"0.17,-0.95,-0.18,-54.02,49.62,-39.31"
1089,2026-07-27T12:58:08.670,44.021017,117.784500,0.1300,-0.9900,-0.1300,-30.7600,-10.4400,-46.8100,1.006926,56.976726,"0.13,-0.99,-0.13,-30.76,-10.44,-46.81"
1090,2026-07-27T12:58:08.671,44.021598,0.580800,0.1200,-1.0000,-0.2300,6.5300,-27.8300,-34.9100,1.033102,45.120482,"0.12,-1.00,-0.23,6.53,-27.83,-34.91"
1091,2026-07-27T12:58:08.673,44.024274,2.676400,0.1000,-1.0100,-0.4000,27.9500,14.5900,-9.4000,1.090917,32.900313,"0.10,-1.01,-0.40,27.95,14.59,-9.40"
1092,2026-07-27T12:58:08.791,44.141315,117.041200,0.0600,-1.0200,-0.4700,31.9200,36.5000,10.5600,1.124678,49.625094,"0.06,-1.02,-0.47,31.92,36.50,10.56"
1093,2026-07-27T12:58:08.791,44.141934,0.618700,0.0400,-1.0000,-0.4100,23.9300,6.6500,24.2900,1.081527,34.740056,"0.04,-1.00,-0.41,23.93,6.65,24.29"
1094,2026-07-27T12:58:08.792,44.142366,0.432200,0.0800,-1.0000,-0.3200,8.7300,-35.2200,43.3300,1.052996,56.516813,"0.08,-1.00,-0.32,8.73,-35.22,43.33"
1095,2026-07-27T12:58:08.910,44.261300,118.933700,0.1800,-1.1400,-0.3100,-10.6200,-49.6200,76.4800,1.195031,91.783001,"0.18,-1.14,-0.31,-10.62,-49.62,76.48"
1096,2026-07-27T12:58:08.911,44.261934,0.634200,0.3200,-1.2400,-0.3200,-37.6000,-14.6500,120.4200,1.320000,127.001413,"0.32,-1.24,-0.32,-37.60,-14.65,120.42"
1097,2026-07-27T12:58:08.913,44.263725,1.791400,0.3400,-1.1900,0.0200,-69.5200,66.4700,149.2300,1.237780,177.541218,"0.34,-1.19,0.02,-69.52,66.47,149.23"
1098,2026-07-27T12:58:08.972,44.323293,59.567400,0.2700,-1.0400,0.2600,-62.2600,89.1700,130.9200,1.105486,170.198833,"0.27,-1.04,0.26,-62.26,89.17,130.92"
1099,2026-07-27T12:58:09.031,44.381511,58.218600,0.2800,-0.8600,-0.0200,-6.5900,-39.4300,77.3300,0.904655,87.052179,"0.28,-0.86,-0.02,-6.59,-39.43,77.33"
1100,2026-07-27T12:58:09.032,44.382517,1.005500,0.3700,-0.7400,-0.2800,32.9000,-139.2800,39.3100,0.873441,148.413626,"0.37,-0.74,-0.28,32.90,-139.28,39.31"
1101,2026-07-27T12:58:09.091,44.441348,58.831200,0.3900,-0.7600,-0.2600,20.4500,-49.8700,28.9900,0.892917,61.201630,"0.39,-0.76,-0.26,20.45,-49.87,28.99"
1102,2026-07-27T12:58:09.211,44.562033,120.684800,0.2700,-0.8500,-0.1500,-10.7400,68.8500,7.2000,0.904378,70.053623,"0.27,-0.85,-0.15,-10.74,68.85,7.20"
1103,2026-07-27T12:58:09.212,44.562659,0.625800,0.0200,-0.9200,-0.2000,-18.8600,75.3200,-36.3800,0.941701,85.745591,"0.02,-0.92,-0.20,-18.86,75.32,-36.38"
1104,2026-07-27T12:58:09.212,44.563194,0.535500,-0.2500,-0.9800,-0.3200,-9.1600,24.3500,-68.1200,1.060802,72.918876,"-0.25,-0.98,-0.32,-9.16,24.35,-68.12"
1105,2026-07-27T12:58:09.271,44.621440,58.245500,-0.3300,-1.0100,-0.4000,4.8200,-14.5300,-69.2700,1.135341,70.941428,"-0.33,-1.01,-0.40,4.82,-14.53,-69.27"
1106,2026-07-27T12:58:09.271,44.621961,0.520900,-0.1900,-1.0200,-0.4200,14.7700,-45.6500,-54.2600,1.119330,72.430815,"-0.19,-1.02,-0.42,14.77,-45.65,-54.26"
1107,2026-07-27T12:58:09.390,44.741241,119.280200,0.0500,-1.0100,-0.3500,6.7100,-62.6200,-40.1000,1.070093,74.661225,"0.05,-1.01,-0.35,6.71,-62.62,-40.10"
1108,2026-07-27T12:58:09.391,44.741869,0.628300,0.2100,-1.1000,-0.1200,-21.3600,-3.7200,-23.2500,1.126277,31.790730,"0.21,-1.10,-0.12,-21.36,-3.72,-23.25"
1109,2026-07-27T12:58:09.392,44.742471,0.601800,0.1800,-1.2900,0.0200,-31.3100,118.0400,1.2800,1.302651,122.128605,"0.18,-1.29,0.02,-31.31,118.04,1.28"
1110,2026-07-27T12:58:09.450,44.801290,58.819500,0.1700,-1.1500,-0.0800,8.2400,115.3000,6.1600,1.165247,115.758080,"0.17,-1.15,-0.08,8.24,115.30,6.16"
1111,2026-07-27T12:58:09.571,44.921645,120.354500,0.2700,-0.7600,-0.2000,49.9900,-10.6200,-5.5500,0.830963,51.406099,"0.27,-0.76,-0.20,49.99,-10.62,-5.55"
1112,2026-07-27T12:58:09.572,44.922718,1.073600,0.3900,-0.7000,-0.3000,67.7500,-52.3100,-2.8100,0.855628,85.640497,"0.39,-0.70,-0.30,67.75,-52.31,-2.81"
1113,2026-07-27T12:58:09.573,44.923816,1.097100,0.4700,-0.8500,-0.4000,73.7900,-9.5200,3.7200,1.050428,74.494516,"0.47,-0.85,-0.40,73.79,-9.52,3.72"
1114,2026-07-27T12:58:09.691,45.041523,117.707600,0.4500,-0.8500,-0.4700,62.3800,4.4600,-8.2400,1.070467,63.079740,"0.45,-0.85,-0.47,62.38,4.46,-8.24"
1115,2026-07-27T12:58:09.691,45.042050,0.526900,0.3200,-0.8700,-0.4700,31.8600,-10.7400,-32.7800,1.039327,46.956742,"0.32,-0.87,-0.47,31.86,-10.74,-32.78"
1116,2026-07-27T12:58:09.692,45.042507,0.457000,0.1800,-0.9300,-0.3900,-6.6500,-7.0800,-49.7400,1.024402,50.679547,"0.18,-0.93,-0.39,-6.65,-7.08,-49.74"
1117,2026-07-27T12:58:10.051,45.401338,358.831400,0.1000,-0.9600,-0.2900,-33.6900,-1.1000,-55.3000,1.007819,64.763540,"0.10,-0.96,-0.29,-33.69,-1.10,-55.30"
1118,2026-07-27T12:58:10.051,45.401815,0.476400,0.0900,-0.9500,-0.2200,-47.9100,-1.3400,-51.5700,0.979285,70.403328,"0.09,-0.95,-0.22,-47.91,-1.34,-51.57"
1119,2026-07-27T12:58:10.051,45.402173,0.358500,0.0800,-0.9200,-0.1900,-59.6300,15.1400,-38.1500,0.942815,72.390462,"0.08,-0.92,-0.19,-59.63,15.14,-38.15"
1120,2026-07-27T12:58:10.053,45.403315,1.141300,0.0600,-0.8900,-0.2000,-64.9400,45.0400,-20.3200,0.914166,81.600904,"0.06,-0.89,-0.20,-64.94,45.04,-20.32"
1121,2026-07-27T12:58:10.053,45.403937,0.622700,0.0200,-0.8300,-0.2100,-54.1400,56.5800,-9.0900,0.856388,78.835678,"0.02,-0.83,-0.21,-54.14,56.58,-9.09"
1122,2026-07-27T12:58:10.054,45.404494,0.556600,0.0200,-0.8200,-0.2200,-24.9600,12.3900,-10.6800,0.849235,29.842522,"0.02,-0.82,-0.22,-24.96,12.39,-10.68"
1123,2026-07-27T12:58:10.054,45.405236,0.741800,0.0600,-0.8700,-0.2300,9.0900,-70.1300,-14.4000,0.901887,72.167895,"0.06,-0.87,-0.23,9.09,-70.13,-14.40"
1124,2026-07-27T12:58:10.055,45.406145,0.908800,0.1000,-0.9200,-0.2500,33.5100,-119.2000,-2.7500,0.958593,123.851212,"0.10,-0.92,-0.25,33.51,-119.20,-2.75"
1125,2026-07-27T12:58:10.056,45.406992,0.847500,0.0600,-0.9700,-0.3000,51.8800,-128.4800,26.9200,1.017104,141.150031,"0.06,-0.97,-0.30,51.88,-128.48,26.92"
1126,2026-07-27T12:58:10.111,45.461372,54.379700,0.0400,-1.1300,-0.4000,68.1800,-160.5800,60.6700,1.199375,184.703269,"0.04,-1.13,-0.40,68.18,-160.58,60.67"
1127,2026-07-27T12:58:10.111,45.462194,0.822400,0.1400,-1.2200,-0.5600,92.4700,-208.0100,86.1200,1.349667,243.383474,"0.14,-1.22,-0.56,92.47,-208.01,86.12"
1128,2026-07-27T12:58:10.231,45.581395,119.201200,0.2900,-1.0700,-0.7400,99.0600,-181.5800,95.3400,1.332892,227.758415,"0.29,-1.07,-0.74,99.06,-181.58,95.34"
1129,2026-07-27T12:58:10.231,45.582024,0.628200,0.4900,-0.8200,-0.7400,51.2700,-95.2100,90.2700,1.208346,140.862450,"0.49,-0.82,-0.74,51.27,-95.21,90.27"
1130,2026-07-27T12:58:10.231,45.582118,0.094000,0.4700,-0.8100,-0.2700,-53.7100,-4.0900,80.4400,0.974628,96.809534,"0.47,-0.81,-0.27,-53.71,-4.09,80.44"
1131,2026-07-27T12:58:10.351,45.701573,119.455200,0.2100,-0.8300,0.0800,-129.5200,36.8000,62.1300,0.859884,148.289606,"0.21,-0.83,0.08,-129.52,36.80,62.13"
1132,2026-07-27T12:58:10.351,45.702118,0.545400,-0.0300,-0.6400,-0.0100,-38.3900,-74.9500,17.3300,0.640781,85.974551,"-0.03,-0.64,-0.01,-38.39,-74.95,17.33"
1133,2026-07-27T12:58:10.352,45.702880,0.761500,-0.2100,-0.5100,-0.1300,-19.5300,-68.4800,22.7700,0.566657,74.762318,"-0.21,-0.51,-0.13,-19.53,-68.48,22.77"
1134,2026-07-27T12:58:10.411,45.761577,58.697600,-0.1100,-0.5700,-0.3000,-27.2800,-30.6400,34.9700,0.653452,53.906483,"-0.11,-0.57,-0.30,-27.28,-30.64,34.97"
1135,2026-07-27T12:58:10.470,45.821020,59.443000,-0.1700,-0.7900,-0.5500,-47.1200,-23.5600,41.0800,0.977497,66.805197,"-0.17,-0.79,-0.55,-47.12,-23.56,41.08"
1136,2026-07-27T12:58:10.471,45.821491,0.470700,-0.5100,-0.9700,-0.6200,-49.0700,-33.5700,50.2300,1.259127,77.832273,"-0.51,-0.97,-0.62,-49.07,-33.57,50.23"
1137,2026-07-27T12:58:10.530,45.881306,59.814600,-0.4500,-0.8500,-0.5200,-44.5600,-24.4100,56.0300,1.093343,75.635987,"-0.45,-0.85,-0.52,-44.56,-24.41,56.03"
1138,2026-07-27T12:58:10.771,46.121569,240.263000,-0.2100,-0.6700,-0.4200,-51.2100,-15.3200,50.1700,0.818169,73.308904,"-0.21,-0.67,-0.42,-51.21,-15.32,50.17"
1139,2026-07-27T12:58:10.771,46.122244,0.675000,-0.3600,-0.7100,-0.4200,-42.1100,-27.1600,42.9100,0.900056,65.971098,"-0.36,-0.71,-0.42,-42.11,-27.16,42.91"
1140,2026-07-27T12:58:10.772,46.122817,0.573100,-0.5800,-0.7900,-0.5400,-24.7800,-38.5100,42.7200,1.118973,62.626407,"-0.58,-0.79,-0.54,-24.78,-38.51,42.72"
1141,2026-07-27T12:58:10.773,46.124029,1.212400,-0.6200,-0.7800,-0.6400,-25.7000,-37.6600,45.2300,1.184230,64.222414,"-0.62,-0.78,-0.64,-25.70,-37.66,45.23"
1142,2026-07-27T12:58:10.774,46.124336,0.306700,-0.6100,-0.8500,-0.5700,-38.0200,-31.8600,41.6900,1.191428,64.796883,"-0.61,-0.85,-0.57,-38.02,-31.86,41.69"
1143,2026-07-27T12:58:10.775,46.125413,1.077200,-0.5700,-0.9100,-0.6500,-55.4800,-19.6500,-8.7900,1.255189,59.509806,"-0.57,-0.91,-0.65,-55.48,-19.65,-8.79"
1144,2026-07-27T12:58:10.831,46.182190,56.777100,-0.4400,-0.7600,-0.7700,-91.0000,-11.9000,-112.3700,1.167947,145.084895,"-0.44,-0.76,-0.77,-91.00,-11.90,-112.37"
1145,2026-07-27T12:58:10.832,46.182734,0.544000,-0.2800,-0.6900,-0.8300,-118.3500,-23.0100,-193.4000,1.115078,227.902924,"-0.28,-0.69,-0.83,-118.35,-23.01,-193.4"
1146,2026-07-27T12:58:10.891,46.241357,58.622500,-0.1800,-0.7400,-0.8000,-86.2400,-43.3300,-213.0700,1.104536,233.909494,"-0.18,-0.74,-0.80,-86.24,-43.33,-213.07"
1147,2026-07-27T12:58:11.130,46.480766,239.409800,-0.1000,-0.8300,-0.6500,0.3100,-59.4500,-188.1700,1.058962,197.338155,"-0.10,-0.83,-0.65,0.31,-59.45,-188.17"
1148,2026-07-27T12:58:11.130,46.481143,0.376700,-0.0100,-0.8800,-0.5000,89.0500,-63.0500,-143.9200,1.012176,180.605015,"-0.01,-0.88,-0.50,89.05,-63.05,-143.92"
1149,2026-07-27T12:58:11.131,46.481838,0.695300,0.0600,-0.9400,-0.4600,123.3500,-54.0800,-104.4900,1.048237,170.464158,"0.06,-0.94,-0.46,123.35,-54.08,-104.49"
1150,2026-07-27T12:58:11.132,46.482700,0.861900,0.0700,-0.9800,-0.5000,89.6600,-38.3900,-75.0700,1.102406,123.078075,"0.07,-0.98,-0.50,89.66,-38.39,-75.07"
1151,2026-07-27T12:58:11.133,46.483530,0.830000,0.0200,-1.0000,-0.5300,27.7100,-23.1900,-50.2900,1.131945,61.924989,"0.02,-1.00,-0.53,27.71,-23.19,-50.29"
1152,2026-07-27T12:58:11.133,46.484217,0.686700,-0.0200,-1.0000,-0.5200,-16.7800,-15.1400,-31.3100,1.127298,38.614817,"-0.02,-1.00,-0.52,-16.78,-15.14,-31.31"
1153,2026-07-27T12:58:11.251,46.601337,117.119700,-0.0100,-0.9800,-0.4600,-25.2700,-15.6200,-18.4900,1.082636,34.991962,"-0.01,-0.98,-0.46,-25.27,-15.62,-18.49"
1154,2026-07-27T12:58:11.251,46.601931,0.593800,0.0200,-0.9400,-0.4200,-13.0600,-17.8200,-10.1900,1.029757,24.330066,"0.02,-0.94,-0.42,-13.06,-17.82,-10.19"
1155,2026-07-27T12:58:11.252,46.602573,0.642400,-0.0000,-0.9100,-0.4400,-2.7500,-16.4800,-5.0700,1.010792,17.460178,"-0.00,-0.91,-0.44,-2.75,-16.48,-5.07"
1156,2026-07-27T12:58:11.311,46.661680,59.107400,-0.0600,-0.8800,-0.4600,4.3900,-14.4700,-1.6500,0.994786,15.211032,"-0.06,-0.88,-0.46,4.39,-14.47,-1.65"
1157,2026-07-27T12:58:11.311,46.662021,0.341000,-0.0900,-0.8600,-0.4500,12.4500,-13.0600,0.7300,0.974782,18.058211,"-0.09,-0.86,-0.45,12.45,-13.06,0.73"
1158,2026-07-27T12:58:11.490,46.840809,178.787800,-0.1000,-0.8700,-0.4100,17.4600,-9.2200,1.7700,0.966954,19.824049,"-0.10,-0.87,-0.41,17.46,-9.22,1.77"
1159,2026-07-27T12:58:11.490,46.841082,0.273200,-0.1000,-0.8900,-0.3900,19.9600,-3.6600,1.8300,0.976832,20.375134,"-0.10,-0.89,-0.39,19.96,-3.66,1.83"
1160,2026-07-27T12:58:11.491,46.842061,0.978900,-0.1000,-0.9000,-0.3800,23.3200,-0.5500,1.2800,0.982039,23.361577,"-0.10,-0.90,-0.38,23.32,-0.55,1.28"
1161,2026-07-27T12:58:11.492,46.843262,1.200800,-0.1000,-0.9100,-0.3500,26.4300,-0.4900,0.8500,0.980102,26.448204,"-0.10,-0.91,-0.35,26.43,-0.49,0.85"
1162,2026-07-27T12:58:11.611,46.961657,118.394800,-0.0900,-0.9200,-0.3200,27.8900,-0.8500,1.0400,0.978213,27.922324,"-0.09,-0.92,-0.32,27.89,-0.85,1.04"
1163,2026-07-27T12:58:11.612,46.962320,0.663400,-0.0900,-0.9300,-0.2900,27.4700,0.6700,1.1000,0.978315,27.500178,"-0.09,-0.93,-0.29,27.47,0.67,1.10"
1164,2026-07-27T12:58:11.612,46.962952,0.632300,-0.0900,-0.9500,-0.2800,24.9000,3.0500,0.0000,0.994485,25.086102,"-0.09,-0.95,-0.28,24.90,3.05,0.00"
1165,2026-07-27T12:58:12.031,47.381755,418.802400,-0.0900,-0.9800,-0.2700,20.3200,3.2300,-1.7100,1.020490,20.646050,"-0.09,-0.98,-0.27,20.32,3.23,-1.71"
1166,2026-07-27T12:58:12.032,47.382861,1.106500,-0.0600,-1.0000,-0.2500,15.8700,0.7300,-1.4600,1.032521,15.953727,"-0.06,-1.00,-0.25,15.87,0.73,-1.46"
1167,2026-07-27T12:58:12.033,47.383973,1.111900,-0.0300,-0.9900,-0.2200,13.1200,-0.0600,2.4400,1.014594,13.345096,"-0.03,-0.99,-0.22,13.12,-0.06,2.44"
1168,2026-07-27T12:58:12.034,47.384631,0.657600,-0.0500,-0.9500,-0.2100,12.8800,3.1100,8.4800,0.974218,15.731399,"-0.05,-0.95,-0.21,12.88,3.11,8.48"
1169,2026-07-27T12:58:12.034,47.385211,0.580300,-0.1200,-0.9200,-0.2300,11.7200,8.6100,12.3300,0.955877,19.066185,"-0.12,-0.92,-0.23,11.72,8.61,12.33"
1170,2026-07-27T12:58:12.035,47.386040,0.829000,-0.1600,-0.9200,-0.2800,6.8400,12.6300,12.0800,0.974885,18.767762,"-0.16,-0.92,-0.28,6.84,12.63,12.08"
1171,2026-07-27T12:58:12.036,47.386597,0.556400,-0.1400,-0.9000,-0.3000,2.1400,12.0200,10.0100,0.958958,15.787973,"-0.14,-0.90,-0.30,2.14,12.02,10.01"
1172,2026-07-27T12:58:12.037,47.387336,0.739300,-0.1300,-0.8700,-0.3000,-1.2200,7.8100,5.4300,0.929408,9.590068,"-0.13,-0.87,-0.30,-1.22,7.81,5.43"
1173,2026-07-27T12:58:12.037,47.387531,0.195400,-0.1400,-0.8800,-0.3300,-5.1900,0.7300,-3.9100,0.950211,6.538891,"-0.14,-0.88,-0.33,-5.19,0.73,-3.91"
1174,2026-07-27T12:58:12.038,47.388582,1.051200,-0.1200,-0.9100,-0.3600,-9.7700,-9.4000,-14.4700,0.985951,19.829115,"-0.12,-0.91,-0.36,-9.77,-9.40,-14.47"
1175,2026-07-27T12:58:12.039,47.389451,0.868100,-0.0700,-0.9500,-0.3000,-14.1600,-17.8800,-19.8400,0.998699,30.229548,"-0.07,-0.95,-0.30,-14.16,-17.88,-19.84"
1176,2026-07-27T12:58:12.211,47.562287,172.836400,-0.0300,-0.9700,-0.2200,-13.9200,-18.7400,-18.1300,0.995088,29.557586,"-0.03,-0.97,-0.22,-13.92,-18.74,-18.13"
1177,2026-07-27T12:58:12.212,47.563276,0.989000,-0.0200,-0.9800,-0.2100,-7.1400,-11.6000,-13.4900,1.002447,19.170803,"-0.02,-0.98,-0.21,-7.14,-11.60,-13.49"
1178,2026-07-27T12:58:12.213,47.563811,0.535500,-0.0300,-1.0000,-0.2400,-0.6100,-2.0100,-9.0900,1.028834,9.329539,"-0.03,-1.00,-0.24,-0.61,-2.01,-9.09"
1179,2026-07-27T12:58:12.213,47.564172,0.360600,-0.0500,-1.0000,-0.2600,3.5400,3.8500,-4.0300,1.034456,6.602651,"-0.05,-1.00,-0.26,3.54,3.85,-4.03"
1180,2026-07-27T12:58:12.450,47.800990,236.817800,-0.0500,-0.9600,-0.2700,5.6200,5.9200,1.7700,0.998499,8.352467,"-0.05,-0.96,-0.27,5.62,5.92,1.77"
1181,2026-07-27T12:58:12.451,47.801354,0.364400,-0.0700,-0.9200,-0.2900,4.7600,6.5300,5.0700,0.967161,9.539570,"-0.07,-0.92,-0.29,4.76,6.53,5.07"
1182,2026-07-27T12:58:12.451,47.801928,0.573400,-0.0500,-0.8900,-0.2800,2.4400,5.4900,3.9100,0.934345,7.168110,"-0.05,-0.89,-0.28,2.44,5.49,3.91"
1183,2026-07-27T12:58:12.452,47.802645,0.717000,-0.0200,-0.9100,-0.2300,-1.1000,5.2500,-2.9900,0.938829,6.141059,"-0.02,-0.91,-0.23,-1.10,5.25,-2.99"
1184,2026-07-27T12:58:12.453,47.803905,1.260100,-0.0600,-1.0100,-0.2800,-7.3200,9.0900,-13.5500,1.049810,17.883316,"-0.06,-1.01,-0.28,-7.32,9.09,-13.55"
1185,2026-07-27T12:58:12.454,47.804560,0.654800,-0.1200,-1.0400,-0.3800,-5.3100,8.7900,-12.4500,1.113732,16.138857,"-0.12,-1.04,-0.38,-5.31,8.79,-12.45"
1186,2026-07-27T12:58:12.511,47.861759,57.199900,-0.0700,-0.9400,-0.3700,3.4800,0.6100,0.6700,1.012620,3.596026,"-0.07,-0.94,-0.37,3.48,0.61,0.67"
1187,2026-07-27T12:58:12.512,47.862685,0.925200,0.0200,-0.8700,-0.2800,5.8000,-5.8000,6.5300,0.914166,10.484317,"0.02,-0.87,-0.28,5.80,-5.80,6.53"
1188,2026-07-27T12:58:12.630,47.981208,118.523400,0.0300,-0.9000,-0.2800,3.0500,-5.8600,1.4600,0.943027,6.765626,"0.03,-0.90,-0.28,3.05,-5.86,1.46"
1189,2026-07-27T12:58:12.631,47.981744,0.536400,-0.0200,-0.9900,-0.3100,-0.9200,-3.2300,-3.7800,1.037593,5.056451,"-0.02,-0.99,-0.31,-0.92,-3.23,-3.78"
1190,2026-07-27T12:58:12.632,47.982319,0.574300,-0.0400,-1.0100,-0.3100,-1.9500,-3.9100,-0.6700,1.057261,4.420351,"-0.04,-1.01,-0.31,-1.95,-3.91,-0.67"
1191,2026-07-27T12:58:12.811,48.161512,179.192800,-0.0400,-0.9500,-0.2800,-0.3100,-7.4500,6.7700,0.991211,10.071321,"-0.04,-0.95,-0.28,-0.31,-7.45,6.77"
1192,2026-07-27T12:58:12.811,48.162007,0.495100,-0.0500,-0.9300,-0.2500,0.4900,-8.9700,9.5800,0.964313,13.133065,"-0.05,-0.93,-0.25,0.49,-8.97,9.58"
1193,2026-07-27T12:58:12.812,48.162585,0.578400,-0.0900,-0.9400,-0.2500,1.8900,-7.2000,7.2000,0.976832,10.356259,"-0.09,-0.94,-0.25,1.89,-7.20,7.20"
1194,2026-07-27T12:58:12.812,48.162981,0.396000,-0.1200,-0.9500,-0.2700,3.9100,-3.1100,5.0000,0.994887,7.068253,"-0.12,-0.95,-0.27,3.91,-3.11,5.00"
1195,2026-07-27T12:58:13.350,48.701307,538.325900,-0.1200,-0.9400,-0.2800,4.3300,1.3400,4.9400,0.988130,6.704334,"-0.12,-0.94,-0.28,4.33,1.34,4.94"
1196,2026-07-27T12:58:13.351,48.701998,0.691100,-0.0800,-0.9300,-0.2800,4.4600,3.6600,4.7600,0.974526,7.479626,"-0.08,-0.93,-0.28,4.46,3.66,4.76"
1197,2026-07-27T12:58:13.352,48.702524,0.525900,-0.0500,-0.9300,-0.2800,5.4900,3.3600,2.9900,0.972522,7.097168,"-0.05,-0.93,-0.28,5.49,3.36,2.99"
1198,2026-07-27T12:58:13.352,48.703273,0.748700,-0.0400,-0.9300,-0.2700,7.2600,2.2000,0.9800,0.969226,7.649052,"-0.04,-0.93,-0.27,7.26,2.20,0.98"
1199,2026-07-27T12:58:13.353,48.703836,0.563400,-0.0700,-0.9500,-0.2700,7.0800,2.0800,-0.1800,0.990101,7.381409,"-0.07,-0.95,-0.27,7.08,2.08,-0.18"
1200,2026-07-27T12:58:13.354,48.704431,0.594800,-0.0900,-0.9800,-0.2700,2.2000,2.3800,0.0000,1.020490,3.241049,"-0.09,-0.98,-0.27,2.20,2.38,0.00"
1201,2026-07-27T12:58:13.354,48.705211,0.780500,-0.0700,-0.9900,-0.2500,-2.3800,0.6100,1.8900,1.023474,3.099774,"-0.07,-0.99,-0.25,-2.38,0.61,1.89"
1202,2026-07-27T12:58:13.355,48.706044,0.832500,-0.0300,-0.9800,-0.2300,-2.0800,-1.3400,4.2100,1.007075,4.883247,"-0.03,-0.98,-0.23,-2.08,-1.34,4.21"
1203,2026-07-27T12:58:13.356,48.706774,0.730600,-0.0300,-0.9700,-0.2300,-0.8500,1.5900,6.3500,0.997346,6.600992,"-0.03,-0.97,-0.23,-0.85,1.59,6.35"
1204,2026-07-27T12:58:13.357,48.707348,0.573900,-0.0500,-0.9800,-0.2500,1.5900,13.3100,11.3500,1.012620,17.564359,"-0.05,-0.98,-0.25,1.59,13.31,11.35"
1205,2026-07-27T12:58:13.357,48.707794,0.445300,-0.0400,-1.0100,-0.3100,10.5600,10.9300,12.7000,1.057261,19.805769,"-0.04,-1.01,-0.31,10.56,10.93,12.70"
1206,2026-07-27T12:58:13.358,48.708869,1.075400,0.0200,-1.0700,-0.3600,22.2200,5.8600,14.4000,1.129115,27.118776,"0.02,-1.07,-0.36,22.22,5.86,14.40"
1207,2026-07-27T12:58:13.358,48.709263,0.394200,0.0800,-1.1800,-0.4000,31.8600,5.6800,19.4100,1.248519,37.736853,"0.08,-1.18,-0.40,31.86,5.68,19.41"
1208,2026-07-27T12:58:13.359,48.709857,0.593600,0.0900,-1.3000,-0.4200,32.4100,22.2200,31.8000,1.369124,50.550732,"0.09,-1.30,-0.42,32.41,22.22,31.80"
1209,2026-07-27T12:58:13.470,48.820912,111.055000,0.0900,-1.1800,-0.3600,10.3800,53.6500,75.2600,1.236972,93.006099,"0.09,-1.18,-0.36,10.38,53.65,75.26"
1210,2026-07-27T12:58:13.474,48.824378,3.465700,0.0100,-0.9100,-0.3200,-61.6500,82.2800,151.6100,0.964676,183.183823,"0.01,-0.91,-0.32,-61.65,82.28,151.61"
1211,2026-07-27T12:58:13.474,48.825062,0.684400,-0.2500,-0.9600,-0.3500,-140.5000,97.9600,166.4400,1.051951,238.827731,"-0.25,-0.96,-0.35,-140.50,97.96,166.44"
1212,2026-07-27T12:58:13.530,48.881258,56.195900,-0.6200,-1.2600,-0.3600,-123.2900,92.7100,65.6700,1.449690,167.654756,"-0.62,-1.26,-0.36,-123.29,92.71,65.67"
1213,2026-07-27T12:58:13.591,48.941945,60.686900,-0.3800,-0.9700,-0.4700,-26.5500,57.0100,-46.2600,1.142891,78.070674,"-0.38,-0.97,-0.47,-26.55,57.01,-46.26"
1214,2026-07-27T12:58:13.592,48.942530,0.585100,-0.1600,-0.9300,-0.5400,43.2100,26.9200,-87.3400,1.087244,101.094343,"-0.16,-0.93,-0.54,43.21,26.92,-87.34"
1215,2026-07-27T12:58:13.711,49.061530,118.999800,-0.0800,-1.0200,-0.5000,45.6500,43.0300,-84.1100,1.138771,104.928526,"-0.08,-1.02,-0.50,45.65,43.03,-84.11"
1216,2026-07-27T12:58:13.711,49.061971,0.441100,-0.0300,-1.0200,-0.4300,28.6900,73.5500,-75.6200,1.107339,109.321100,"-0.03,-1.02,-0.43,28.69,73.55,-75.62"
1217,2026-07-27T12:58:13.712,49.062459,0.488600,-0.0300,-0.9500,-0.4100,31.2500,74.3400,-78.3700,1.035133,112.449344,"-0.03,-0.95,-0.41,31.25,74.34,-78.37"
1218,2026-07-27T12:58:14.010,49.361120,298.661000,-0.1000,-0.8600,-0.4000,37.0500,53.9600,-90.6400,0.953730,111.803371,"-0.10,-0.86,-0.40,37.05,53.96,-90.64"
1219,2026-07-27T12:58:14.011,49.361745,0.624500,-0.1600,-0.7700,-0.3600,33.5100,37.4800,-99.3700,0.864928,111.364570,"-0.16,-0.77,-0.36,33.51,37.48,-99.37"
1220,2026-07-27T12:58:14.012,49.362580,0.835000,-0.1100,-0.6400,-0.2700,26.4900,36.3800,-96.0700,0.703278,106.088027,"-0.11,-0.64,-0.27,26.49,36.38,-96.07"
1221,2026-07-27T12:58:14.012,49.363150,0.570400,0.0300,-0.4200,-0.1700,17.5800,51.9400,-82.9500,0.454093,99.436022,"0.03,-0.42,-0.17,17.58,51.94,-82.95"
1222,2026-07-27T12:58:14.013,49.363685,0.534500,0.1600,-0.2400,-0.1300,7.8100,74.0400,-68.8500,0.316386,101.406312,"0.16,-0.24,-0.13,7.81,74.04,-68.85"
1223,2026-07-27T12:58:14.013,49.364290,0.605700,0.2200,-0.3200,-0.1900,11.6600,100.4000,-63.9600,0.432319,119.611861,"0.22,-0.32,-0.19,11.66,100.40,-63.96"
1224,2026-07-27T12:58:14.015,49.365424,1.133600,0.2400,-0.7000,-0.3200,32.8400,119.6900,-66.9600,0.806226,141.024123,"0.24,-0.70,-0.32,32.84,119.69,-66.96"
1225,2026-07-27T12:58:14.131,49.481626,116.201900,0.2300,-1.0700,-0.4300,46.6300,108.0300,-61.5800,1.175883,132.804120,"0.23,-1.07,-0.43,46.63,108.03,-61.58"
1226,2026-07-27T12:58:14.131,49.482208,0.582200,0.1700,-1.0400,-0.4000,34.1800,51.0900,-54.3800,1.127165,82.070975,"0.17,-1.04,-0.40,34.18,51.09,-54.38"
1227,2026-07-27T12:58:14.132,49.482874,0.666200,0.1700,-0.8900,-0.3000,11.1100,-31.0700,-51.4500,0.954463,61.121841,"0.17,-0.89,-0.30,11.11,-31.07,-51.45"
1228,2026-07-27T12:58:14.430,49.780832,297.957400,0.2600,-0.8500,-0.2400,-7.3900,-65.1200,-27.4700,0.920706,71.062138,"0.26,-0.85,-0.24,-7.39,-65.12,-27.47"
1229,2026-07-27T12:58:14.431,49.781363,0.531500,0.3800,-0.8300,-0.2200,-20.0800,-26.1800,14.0400,0.938989,35.856944,"0.38,-0.83,-0.22,-20.08,-26.18,14.04"
1230,2026-07-27T12:58:14.432,49.782489,1.125200,0.4500,-0.8300,-0.2300,-23.8000,28.9900,42.1800,0.971751,56.444774,"0.45,-0.83,-0.23,-23.80,28.99,42.18"
1231,2026-07-27T12:58:14.433,49.783425,0.936200,0.4300,-0.8300,-0.2400,-23.8000,58.7200,44.8600,0.965091,77.633099,"0.43,-0.83,-0.24,-23.80,58.72,44.86"
1232,2026-07-27T12:58:14.433,49.783884,0.459400,0.3900,-0.8100,-0.2400,-22.5800,53.8900,31.8000,0.930484,66.522391,"0.39,-0.81,-0.24,-22.58,53.89,31.80"
1233,2026-07-27T12:58:14.610,49.961150,177.266400,0.4000,-0.8500,-0.2400,-16.2400,15.0800,17.6400,0.969588,28.325141,"0.40,-0.85,-0.24,-16.24,15.08,17.64"
1234,2026-07-27T12:58:14.611,49.961949,0.798000,0.4600,-0.8800,-0.2400,-3.3600,-39.4900,9.0300,1.021567,40.648378,"0.46,-0.88,-0.24,-3.36,-39.49,9.03"
1235,2026-07-27T12:58:14.612,49.962885,0.936200,0.5200,-0.8700,-0.2800,8.5400,-79.2800,11.5400,1.051523,80.569359,"0.52,-0.87,-0.28,8.54,-79.28,11.54"
1236,2026-07-27T12:58:14.612,49.963102,0.217700,0.6100,-0.8200,-0.3600,5.2500,-83.0100,26.5500,1.083559,87.310510,"0.61,-0.82,-0.36,5.25,-83.01,26.55"
1237,2026-07-27T12:58:14.613,49.963737,0.634700,0.6400,-0.8000,-0.3600,-19.9000,-38.5700,45.7800,1.085910,63.082987,"0.64,-0.80,-0.36,-19.90,-38.57,45.78"
1238,2026-07-27T12:58:14.614,49.964536,0.798800,0.5300,-0.8500,-0.2800,-34.1800,10.4400,37.0500,1.040096,51.477845,"0.53,-0.85,-0.28,-34.18,10.44,37.05"
1239,2026-07-27T12:58:14.614,49.965267,0.730600,0.3400,-0.8600,-0.2700,-12.0800,6.4700,-8.3000,0.963379,16.021152,"0.34,-0.86,-0.27,-12.08,6.47,-8.30"
1240,2026-07-27T12:58:14.671,50.021707,56.440800,0.2600,-0.8800,-0.3200,12.8200,-15.0800,-41.6300,0.971802,46.095723,"0.26,-0.88,-0.32,12.82,-15.08,-41.63"
1241,2026-07-27T12:58:14.671,50.022156,0.448800,0.3600,-0.9000,-0.3100,22.4000,-27.5900,-44.8600,1.017693,57.231003,"0.36,-0.90,-0.31,22.40,-27.59,-44.86"
1242,2026-07-27T12:58:14.791,50.141489,119.333000,0.4400,-0.9000,-0.2900,25.4500,-31.7400,-37.2300,1.042929,55.147103,"0.44,-0.90,-0.29,25.45,-31.74,-37.23"
1243,2026-07-27T12:58:14.792,50.142366,0.877100,0.3800,-0.8900,-0.3700,17.7000,7.7500,-18.1300,1.036050,26.496215,"0.38,-0.89,-0.37,17.70,7.75,-18.13"
1244,2026-07-27T12:58:14.792,50.142862,0.496300,0.2600,-0.8900,-0.4600,4.3900,64.9400,6.1600,1.035036,65.379059,"0.26,-0.89,-0.46,4.39,64.94,6.16"
1245,2026-07-27T12:58:14.850,50.201140,58.277000,0.1900,-0.9100,-0.5100,-0.8500,82.7600,16.9100,1.060330,84.474187,"0.19,-0.91,-0.51,-0.85,82.76,16.91"
1246,2026-07-27T12:58:14.910,50.261279,60.139400,0.1200,-0.9400,-0.5100,2.2000,63.0500,12.2100,1.076151,64.259059,"0.12,-0.94,-0.51,2.20,63.05,12.21"
1247,2026-07-27T12:58:14.911,50.261868,0.588900,0.0700,-1.0300,-0.4900,12.2700,12.9400,-2.3200,1.142760,17.982739,"0.07,-1.03,-0.49,12.27,12.94,-2.32"
1248,2026-07-27T12:58:15.031,50.381385,119.517100,0.0700,-1.0900,-0.4700,29.0500,-55.6600,-15.3200,1.189075,64.626933,"0.07,-1.09,-0.47,29.05,-55.66,-15.32"
1249,2026-07-27T12:58:15.031,50.382107,0.722100,0.1400,-0.9600,-0.4000,32.5900,-94.1200,-2.2000,1.049381,99.626917,"0.14,-0.96,-0.40,32.59,-94.12,-2.20"
1250,2026-07-27T12:58:15.032,50.382699,0.591700,0.2500,-0.8000,-0.3100,11.9000,-75.5000,44.1900,0.893644,88.287123,"0.25,-0.80,-0.31,11.90,-75.50,44.19"
1251,2026-07-27T12:58:15.151,50.501456,118.757600,0.3900,-0.8700,-0.3500,-14.6500,-19.9000,97.9000,1.015628,100.970503,"0.39,-0.87,-0.35,-14.65,-19.90,97.90"
1252,2026-07-27T12:58:15.151,50.501808,0.352200,0.4600,-1.0800,-0.3400,-49.8700,29.1700,122.3800,1.222129,135.332074,"0.46,-1.08,-0.34,-49.87,29.17,122.38"
1253,2026-07-27T12:58:15.152,50.502350,0.541800,0.3200,-1.1900,-0.1200,-72.0200,36.8700,105.1600,1.238103,132.683469,"0.32,-1.19,-0.12,-72.02,36.87,105.16"
1254,2026-07-27T12:58:15.212,50.562356,60.006200,0.2300,-1.1100,-0.0300,-37.6600,-24.7800,67.8700,1.133975,81.477978,"0.23,-1.11,-0.03,-37.66,-24.78,67.87"
1255,2026-07-27T12:58:15.331,50.681437,119.080200,0.2900,-0.9100,-0.2000,17.0300,-139.7100,31.2500,0.975807,144.171660,"0.29,-0.91,-0.20,17.03,-139.71,31.25"
1256,2026-07-27T12:58:15.331,50.682132,0.695700,0.3600,-0.7800,-0.2700,35.1600,-171.3900,21.6700,0.900500,176.296190,"0.36,-0.78,-0.27,35.16,-171.39,21.67"
1257,2026-07-27T12:58:15.332,50.682740,0.607700,0.3800,-0.7500,-0.2000,15.3800,-71.1700,38.5100,0.864234,82.369493,"0.38,-0.75,-0.20,15.38,-71.17,38.51"
1258,2026-07-27T12:58:15.511,50.861370,178.629700,0.2100,-0.7900,-0.1300,-19.0400,34.9700,40.5900,0.827708,56.859217,"0.21,-0.79,-0.13,-19.04,34.97,40.59"
1259,2026-07-27T12:58:15.511,50.862041,0.671000,-0.0400,-0.8600,-0.1600,-40.1600,67.8100,19.2900,0.875671,81.136464,"-0.04,-0.86,-0.16,-40.16,67.81,19.29"
1260,2026-07-27T12:58:15.512,50.862802,0.761100,-0.1200,-0.8700,-0.2500,-29.7900,41.2000,-4.5800,0.913126,51.047630,"-0.12,-0.87,-0.25,-29.79,41.20,-4.58"
1261,2026-07-27T12:58:15.513,50.863652,0.849900,-0.0900,-0.8600,-0.3400,-0.9800,-14.2200,-25.5700,0.929139,29.274455,"-0.09,-0.86,-0.34,-0.98,-14.22,-25.57"
1262,2026-07-27T12:58:15.513,50.863758,0.106400,-0.1700,-0.9000,-0.4500,25.7600,-67.3200,-44.0700,1.020490,84.485057,"-0.17,-0.90,-0.45,25.76,-67.32,-44.07"
1263,2026-07-27T12:58:15.691,51.041907,178.149100,-0.2800,-0.9500,-0.4800,37.0500,-111.1500,-51.5100,1.100591,127.985566,"-0.28,-0.95,-0.48,37.05,-111.15,-51.51"
1264,2026-07-27T12:58:15.692,51.042554,0.646500,-0.1100,-0.8600,-0.3000,23.9900,-100.9500,-36.8000,0.917442,110.093881,"-0.11,-0.86,-0.30,23.99,-100.95,-36.80"
1265,2026-07-27T12:58:15.692,51.043077,0.523100,0.2000,-0.9300,-0.2100,4.2100,-28.9900,-23.4400,0.974166,37.517700,"0.20,-0.93,-0.21,4.21,-28.99,-23.44"
1266,2026-07-27T12:58:15.693,51.043463,0.386000,0.2700,-1.4400,-0.3000,-2.8700,15.8700,-29.7900,1.495493,33.875329,"0.27,-1.44,-0.30,-2.87,15.87,-29.79"
1267,2026-07-27T12:58:15.751,51.101557,58.093800,0.2700,-1.5600,-0.2500,6.9600,19.8400,-28.7500,1.602810,35.617828,"0.27,-1.56,-0.25,6.96,19.84,-28.75"
1268,2026-07-27T12:58:15.751,51.102086,0.529300,0.3400,-0.9400,-0.1500,1.7700,16.5400,-16.2400,1.010792,23.247411,"0.34,-0.94,-0.15,1.77,16.54,-16.24"
1269,2026-07-27T12:58:15.931,51.281522,179.436200,0.3300,-0.5300,-0.2000,-13.1800,18.5500,-13.5500,0.655591,26.484286,"0.33,-0.53,-0.20,-13.18,18.55,-13.55"
1270,2026-07-27T12:58:15.931,51.282125,0.603200,0.3000,-0.6800,-0.3400,19.1700,-3.4200,-31.2500,0.817313,36.820481,"0.30,-0.68,-0.34,19.17,-3.42,-31.25"
1271,2026-07-27T12:58:15.932,51.282844,0.718600,0.2600,-0.8800,-0.4100,61.4600,-59.2700,-55.1800,1.005037,101.661679,"0.26,-0.88,-0.41,61.46,-59.27,-55.18"
1272,2026-07-27T12:58:15.933,51.283751,0.907400,0.2300,-0.8900,-0.4000,64.5800,-103.0900,-66.7700,1.002497,138.767278,"0.23,-0.89,-0.40,64.58,-103.09,-66.77"
1273,2026-07-27T12:58:15.990,51.341107,57.355500,0.2400,-0.8300,-0.3700,46.4500,-116.2100,-64.7000,0.939894,140.884551,"0.24,-0.83,-0.37,46.45,-116.21,-64.70"
1274,2026-07-27T12:58:15.991,51.341828,0.720700,0.2400,-0.8300,-0.3500,26.6700,-107.2400,-57.7400,0.932202,124.682052,"0.24,-0.83,-0.35,26.67,-107.24,-57.74"
1275,2026-07-27T12:58:16.050,51.401051,59.223400,0.2300,-0.8800,-0.3200,10.9300,-80.8700,-47.8500,0.964210,94.599388,"0.23,-0.88,-0.32,10.93,-80.87,-47.85"
1276,2026-07-27T12:58:16.111,51.461456,60.405400,0.2500,-0.8900,-0.2900,-1.8900,-37.5400,-28.6300,0.968865,47.249345,"0.25,-0.89,-0.29,-1.89,-37.54,-28.63"
1277,2026-07-27T12:58:16.111,51.461972,0.516100,0.2500,-0.8300,-0.2600,-14.3400,14.2200,-2.6900,0.904986,20.373515,"0.25,-0.83,-0.26,-14.34,14.22,-2.69"
1278,2026-07-27T12:58:16.230,51.581069,119.096100,0.2100,-0.7800,-0.2600,-24.9600,26.0600,1.5300,0.848587,36.117393,"0.21,-0.78,-0.26,-24.96,26.06,1.53"
1279,2026-07-27T12:58:16.231,51.581412,0.343600,0.1500,-0.8000,-0.2800,-22.6400,-30.1500,-16.9700,0.860755,41.346983,"0.15,-0.80,-0.28,-22.64,-30.15,-16.97"
1280,2026-07-27T12:58:16.231,51.582244,0.832300,0.1200,-0.7900,-0.2600,-17.6400,-69.4600,-18.8600,0.840298,74.105066,"0.12,-0.79,-0.26,-17.64,-69.46,-18.86"
1281,2026-07-27T12:58:16.290,51.641138,58.893300,0.1800,-0.8300,-0.2400,-8.8500,-58.1100,-5.8600,0.882553,59.071433,"0.18,-0.83,-0.24,-8.85,-58.11,-5.86"
1282,2026-07-27T12:58:16.350,51.701244,60.106300,0.2700,-0.9500,-0.2800,9.4600,-31.5600,-3.2300,1.026548,33.105258,"0.27,-0.95,-0.28,9.46,-31.56,-3.23"
1283,2026-07-27T12:58:16.351,51.702190,0.946000,0.2800,-1.0300,-0.3400,36.0700,-51.6400,-23.9900,1.120223,67.403669,"0.28,-1.03,-0.34,36.07,-51.64,-23.99"
1284,2026-07-27T12:58:16.410,51.761037,58.847000,0.2700,-1.1200,-0.4000,52.0000,-100.8900,-48.9500,1.219549,123.607826,"0.27,-1.12,-0.40,52.00,-100.89,-48.95"
1285,2026-07-27T12:58:16.531,51.881597,120.560300,0.2800,-1.2300,-0.4300,53.9600,-112.4300,-46.3900,1.332742,133.057200,"0.28,-1.23,-0.43,53.96,-112.43,-46.39"
1286,2026-07-27T12:58:16.532,51.882433,0.836100,0.2500,-1.1700,-0.4500,60.3600,-126.2200,-27.2200,1.278241,142.533317,"0.25,-1.17,-0.45,60.36,-126.22,-27.22"
1287,2026-07-27T12:58:16.532,51.882764,0.331000,0.1800,-1.0000,-0.5000,68.8500,-190.6700,-16.1100,1.132431,203.359051,"0.18,-1.00,-0.50,68.85,-190.67,-16.11"
1288,2026-07-27T12:58:16.711,52.061537,178.772600,0.0400,-0.9200,-0.5000,57.5600,-189.6400,16.6600,1.047855,198.881972,"0.04,-0.92,-0.50,57.56,-189.64,16.66"
1289,2026-07-27T12:58:16.712,52.062349,0.812300,0.1800,-1.0300,-0.5200,19.9000,-56.3400,84.4700,1.167776,103.466838,"0.18,-1.03,-0.52,19.90,-56.34,84.47"
1290,2026-07-27T12:58:16.712,52.062812,0.462300,0.4100,-1.0200,-0.2500,-40.9500,117.8600,139.5300,1.127386,187.180402,"0.41,-1.02,-0.25,-40.95,117.86,139.53"
1291,2026-07-27T12:58:16.712,52.063278,0.465900,0.4600,-0.9200,0.0900,-81.7900,196.1700,137.7000,1.032521,253.246052,"0.46,-0.92,0.09,-81.79,196.17,137.70"
1292,2026-07-27T12:58:16.713,52.063330,0.052400,0.3100,-0.8100,-0.0000,-58.1100,111.2700,89.1100,0.867295,153.942772,"0.31,-0.81,-0.00,-58.11,111.27,89.11"
1293,2026-07-27T12:58:16.950,52.301306,237.976100,0.0500,-0.8000,-0.1700,-23.0700,9.2200,44.8600,0.819390,51.280141,"0.05,-0.80,-0.17,-23.07,9.22,44.86"
1294,2026-07-27T12:58:16.951,52.301810,0.503600,-0.1400,-0.7400,-0.2600,-11.4700,-15.3200,30.8200,0.796743,36.278585,"-0.14,-0.74,-0.26,-11.47,-15.32,30.82"
1295,2026-07-27T12:58:16.955,52.306018,4.208000,-0.2200,-0.6300,-0.2900,-1.0400,-23.9300,35.9500,0.727599,43.198715,"-0.22,-0.63,-0.29,-1.04,-23.93,35.95"
1296,2026-07-27T12:58:17.070,52.421068,115.049900,-0.1700,-0.5200,-0.2200,7.0200,-24.0500,48.7100,0.589661,54.775423,"-0.17,-0.52,-0.22,7.02,-24.05,48.71"
1297,2026-07-27T12:58:17.071,52.421641,0.573200,-0.0600,-0.5700,-0.3300,0.3100,-12.7600,59.9400,0.661362,61.283907,"-0.06,-0.57,-0.33,0.31,-12.76,59.94"
1298,2026-07-27T12:58:17.071,52.422270,0.628900,-0.1600,-0.8400,-0.4300,-22.8900,-4.2100,66.3500,0.957131,70.313574,"-0.16,-0.84,-0.43,-22.89,-4.21,66.35"
1299,2026-07-27T12:58:17.072,52.422740,0.470700,-0.2700,-0.8100,-0.4400,-31.8000,-3.9100,70.5600,0.960521,77.493495,"-0.27,-0.81,-0.44,-31.80,-3.91,70.56"
1300,2026-07-27T12:58:17.073,52.423468,0.727800,-0.2500,-0.7400,-0.5200,-22.0900,-17.9400,65.6700,0.938350,71.570669,"-0.25,-0.74,-0.52,-22.09,-17.94,65.67"
1301,2026-07-27T12:58:17.073,52.423945,0.476400,-0.2200,-0.9100,-0.5200,-21.6700,-18.8600,57.5600,1.070934,64.330724,"-0.22,-0.91,-0.52,-21.67,-18.86,57.56"
1302,2026-07-27T12:58:17.131,52.481471,57.526500,-0.2200,-0.9500,-0.5300,-25.2100,-13.0000,52.8000,1.109865,59.936501,"-0.22,-0.95,-0.53,-25.21,-13.00,52.80"
1303,2026-07-27T12:58:17.190,52.541056,59.585200,-0.3600,-0.8200,-0.5200,-26.4900,-14.5900,48.4000,1.035567,57.071431,"-0.36,-0.82,-0.52,-26.49,-14.59,48.40"
1304,2026-07-27T12:58:17.191,52.541731,0.674900,-0.5000,-0.7000,-0.5000,-30.8800,-2.6900,48.9500,0.994987,57.938873,"-0.50,-0.70,-0.50,-30.88,-2.69,48.95"
1305,2026-07-27T12:58:17.250,52.601284,59.553300,-0.4900,-0.6500,-0.5200,-28.1400,2.5000,52.9800,0.965919,60.041569,"-0.49,-0.65,-0.52,-28.14,2.50,52.98"
1306,2026-07-27T12:58:17.490,52.841282,239.997800,-0.4500,-0.6700,-0.5200,-23.0700,-2.4400,55.8500,0.960104,60.476450,"-0.45,-0.67,-0.52,-23.07,-2.44,55.85"
1307,2026-07-27T12:58:17.491,52.841872,0.590000,-0.4500,-0.7400,-0.5000,-21.3000,-5.3700,58.2300,1.000050,62.235519,"-0.45,-0.74,-0.50,-21.30,-5.37,58.23"
1308,2026-07-27T12:58:17.492,52.842344,0.471700,-0.5100,-0.8800,-0.4600,-20.7500,-1.2800,62.1900,1.116288,65.572837,"-0.51,-0.88,-0.46,-20.75,-1.28,62.19"
1309,2026-07-27T12:58:17.492,52.843002,0.657500,-0.5900,-0.8900,-0.4600,-13.3100,-3.4800,68.1800,1.162669,69.554144,"-0.59,-0.89,-0.46,-13.31,-3.48,68.18"
1310,2026-07-27T12:58:17.493,52.843876,0.874100,-0.6200,-0.7000,-0.5600,10.4400,-22.1600,73.0600,1.089954,77.057270,"-0.62,-0.70,-0.56,10.44,-22.16,73.06"
1311,2026-07-27T12:58:17.494,52.844503,0.627600,-0.6400,-0.5500,-0.6600,24.9000,-26.7900,74.8300,1.071308,83.290113,"-0.64,-0.55,-0.66,24.90,-26.79,74.83"
1312,2026-07-27T12:58:17.551,52.901598,57.095300,-0.6900,-0.5600,-0.6200,11.0500,-9.7700,71.7800,1.083559,73.279764,"-0.69,-0.56,-0.62,11.05,-9.77,71.78"
1313,2026-07-27T12:58:17.551,52.902254,0.655300,-0.7800,-0.6600,-0.5100,-7.6300,2.0800,62.9300,1.141972,63.424981,"-0.78,-0.66,-0.51,-7.63,2.08,62.93"
1314,2026-07-27T12:58:17.610,52.961011,58.757700,-0.8400,-0.7000,-0.4700,-9.4600,-3.9100,52.0000,1.190168,52.997922,"-0.84,-0.70,-0.47,-9.46,-3.91,52.00"
1315,2026-07-27T12:58:17.670,53.021100,60.088300,-0.8500,-0.6100,-0.4800,-2.6200,-15.5600,41.9300,1.151086,44.800702,"-0.85,-0.61,-0.48,-2.62,-15.56,41.93"
1316,2026-07-27T12:58:17.671,53.021529,0.429500,-0.8100,-0.4900,-0.4700,-1.8900,-17.1500,32.1000,1.056930,36.443169,"-0.81,-0.49,-0.47,-1.89,-17.15,32.10"
1317,2026-07-27T12:58:17.730,53.081172,59.642700,-0.8200,-0.4800,-0.4400,-6.2300,-9.6400,19.3500,1.047091,22.498111,"-0.82,-0.48,-0.44,-6.23,-9.64,19.35"
1318,2026-07-27T12:58:17.791,53.141989,60.817000,-0.8500,-0.4600,-0.4200,-6.7700,-4.2700,4.8200,1.053803,9.343351,"-0.85,-0.46,-0.42,-6.77,-4.27,4.82"
1319,2026-07-27T12:58:18.030,53.380994,239.004800,-0.8000,-0.3900,-0.4300,0.4300,-5.4300,-3.9100,0.988433,6.705065,"-0.80,-0.39,-0.43,0.43,-5.43,-3.91"
1320,2026-07-27T12:58:18.031,53.381819,0.825200,-0.7300,-0.3600,-0.4800,6.4100,-5.5500,-7.6300,0.944934,11.406467,"-0.73,-0.36,-0.48,6.41,-5.55,-7.63"
1321,2026-07-27T12:58:18.032,53.382537,0.718100,-0.7200,-0.3800,-0.5100,6.8400,-2.2000,-15.6200,0.960677,17.193313,"-0.72,-0.38,-0.51,6.84,-2.20,-15.62"
1322,2026-07-27T12:58:18.032,53.383057,0.519600,-0.7100,-0.4200,-0.5000,3.0500,-1.2800,-26.5500,0.964624,26.755250,"-0.71,-0.42,-0.50,3.05,-1.28,-26.55"
1323,2026-07-27T12:58:18.033,53.383788,0.731800,-0.7000,-0.4600,-0.4700,-7.1400,-1.8900,-32.2900,0.960469,33.123946,"-0.70,-0.46,-0.47,-7.14,-1.89,-32.29"
1324,2026-07-27T12:58:18.034,53.384631,0.842800,-0.6800,-0.4900,-0.4500,-17.4000,-1.8900,-31.8600,0.951315,36.350952,"-0.68,-0.49,-0.45,-17.40,-1.89,-31.86"
1325,2026-07-27T12:58:18.034,53.384937,0.306200,-0.6900,-0.5200,-0.4500,-20.7500,-2.7500,-31.1300,0.974166,37.512690,"-0.69,-0.52,-0.45,-20.75,-2.75,-31.13"
1326,2026-07-27T12:58:18.092,53.443229,58.291800,-0.7300,-0.5400,-0.4500,-20.2000,-5.8600,-34.0600,1.013410,40.030778,"-0.73,-0.54,-0.45,-20.20,-5.86,-34.06"
1327,2026-07-27T12:58:18.272,53.622354,179.125000,-0.7300,-0.5300,-0.4400,-19.9600,-10.9900,-36.9300,1.003693,43.393624,"-0.73,-0.53,-0.44,-19.96,-10.99,-36.93"
1328,2026-07-27T12:58:18.272,53.622485,0.130300,-0.6900,-0.5200,-0.4600,-23.1900,-13.1800,-35.8300,0.978826,44.668528,"-0.69,-0.52,-0.46,-23.19,-13.18,-35.83"
1329,2026-07-27T12:58:18.272,53.622995,0.510400,-0.7000,-0.5500,-0.4700,-29.7900,-10.1300,-33.6300,1.006678,46.054727,"-0.70,-0.55,-0.47,-29.79,-10.13,-33.63"
1330,2026-07-27T12:58:18.273,53.623861,0.866000,-0.7100,-0.5700,-0.4500,-30.6400,-8.2400,-32.5300,1.015628,45.441260,"-0.71,-0.57,-0.45,-30.64,-8.24,-32.53"
1331,2026-07-27T12:58:18.274,53.624354,0.492800,-0.6800,-0.5700,-0.4400,-25.5100,-8.0000,-31.8600,0.990404,41.591101,"-0.68,-0.57,-0.44,-25.51,-8.00,-31.86"
1332,2026-07-27T12:58:18.331,53.681540,57.186600,-0.6800,-0.5900,-0.4500,-21.4200,-4.1500,-31.0700,1.006479,37.965561,"-0.68,-0.59,-0.45,-21.42,-4.15,-31.07"
1333,2026-07-27T12:58:18.451,53.801545,120.004500,-0.6500,-0.5900,-0.4600,-13.5500,-0.6100,-27.7100,0.991060,30.851559,"-0.65,-0.59,-0.46,-13.55,-0.61,-27.71"
1334,2026-07-27T12:58:18.451,53.802212,0.667000,-0.6100,-0.5700,-0.4900,-5.6800,1.4000,-22.5800,0.968039,23.325497,"-0.61,-0.57,-0.49,-5.68,1.40,-22.58"
1335,2026-07-27T12:58:18.452,53.802808,0.595800,-0.6200,-0.5900,-0.5200,-6.4700,4.8800,-18.6200,1.001449,20.307134,"-0.62,-0.59,-0.52,-6.47,4.88,-18.62"
1336,2026-07-27T12:58:18.511,53.861516,58.708200,-0.6200,-0.6100,-0.5300,-6.3500,6.3500,-15.4400,1.018528,17.861652,"-0.62,-0.61,-0.53,-6.35,6.35,-15.44"
1337,2026-07-27T12:58:18.511,53.861960,0.444500,-0.5900,-0.6200,-0.5100,3.1100,3.5400,-11.7200,0.996293,12.631789,"-0.59,-0.62,-0.51,3.11,3.54,-11.72"
1338,2026-07-27T12:58:18.570,53.921222,59.261800,-0.5700,-0.6300,-0.4800,16.2400,0.3100,-7.9300,0.975807,18.075359,"-0.57,-0.63,-0.48,16.24,0.31,-7.93"
1339,2026-07-27T12:58:18.811,54.161542,240.320100,-0.5700,-0.6300,-0.4900,23.7400,-0.5500,-4.5800,0.980765,24.184013,"-0.57,-0.63,-0.49,23.74,-0.55,-4.58"
1340,2026-07-27T12:58:18.812,54.162431,0.888500,-0.5800,-0.6400,-0.4900,24.7800,-0.6100,-1.4000,0.993026,24.827011,"-0.58,-0.64,-0.49,24.78,-0.61,-1.40"
1341,2026-07-27T12:58:18.812,54.162766,0.335200,-0.5900,-0.6300,-0.5000,26.4900,-3.0500,0.6700,0.997497,26.673423,"-0.59,-0.63,-0.50,26.49,-3.05,0.67"
1342,2026-07-27T12:58:18.813,54.163361,0.594500,-0.5700,-0.6000,-0.4900,27.6500,-7.0800,0.6700,0.961769,28.549918,"-0.57,-0.60,-0.49,27.65,-7.08,0.67"
1343,2026-07-27T12:58:18.813,54.164239,0.878900,-0.5800,-0.5900,-0.4800,17.9400,-7.1400,-1.0400,0.956504,19.336618,"-0.58,-0.59,-0.48,17.94,-7.14,-1.04"
1344,2026-07-27T12:58:18.814,54.164844,0.604800,-0.6200,-0.6400,-0.4600,-2.2000,-2.2600,-3.7800,1.002796,4.923007,"-0.62,-0.64,-0.46,-2.20,-2.26,-3.78"
1345,2026-07-27T12:58:18.991,54.341759,176.914500,-0.6100,-0.6700,-0.4200,-12.4500,0.0600,-5.0000,0.998699,13.416635,"-0.61,-0.67,-0.42,-12.45,0.06,-5.00"
1346,2026-07-27T12:58:18.992,54.342455,0.696100,-0.5700,-0.6300,-0.4000,-6.7700,-0.4900,-4.2100,0.939042,7.987309,"-0.57,-0.63,-0.40,-6.77,-0.49,-4.21"
1347,2026-07-27T12:58:18.992,54.343067,0.612600,-0.5600,-0.6100,-0.4400,-6.6500,4.2700,-5.3700,0.937710,9.554700,"-0.56,-0.61,-0.44,-6.65,4.27,-5.37"
1348,2026-07-27T12:58:18.993,54.343552,0.484300,-0.5900,-0.6200,-0.4900,-13.1200,9.8300,-8.0000,0.986205,18.241801,"-0.59,-0.62,-0.49,-13.12,9.83,-8.00"
1349,2026-07-27T12:58:18.993,54.344208,0.656500,-0.5700,-0.6000,-0.5000,-15.1400,9.0300,-9.5200,0.966902,20.034742,"-0.57,-0.60,-0.50,-15.14,9.03,-9.52"
1350,2026-07-27T12:58:19.051,54.401373,57.164800,-0.5400,-0.5800,-0.5000,-22.8300,8.3600,-12.5700,0.937017,27.369753,"-0.54,-0.58,-0.50,-22.83,8.36,-12.57"
1351,2026-07-27T12:58:19.110,54.461224,59.851300,-0.5500,-0.6000,-0.5400,-41.3200,12.8800,-20.5700,0.976780,47.920368,"-0.55,-0.60,-0.54,-41.32,12.88,-20.57"
1352,2026-07-27T12:58:19.111,54.461892,0.667300,-0.5700,-0.6100,-0.5800,-38.7000,9.0900,-20.9400,1.016563,44.931077,"-0.57,-0.61,-0.58,-38.70,9.09,-20.94"
1353,2026-07-27T12:58:19.231,54.582239,120.347700,-0.5600,-0.5900,-0.6200,-38.7000,9.0900,-20.9400,1.022790,44.931077,"-0.56,-0.59,-0.62,-38.70,9.09,-20.94"
1354,2026-07-27T12:58:19.232,54.582759,0.520000,-0.5400,-0.5600,-0.6600,-38.8200,-5.0000,-27.1000,1.020196,47.606747,"-0.54,-0.56,-0.66,-38.82,-5.00,-27.10"
1355,2026-07-27T12:58:19.233,54.583592,0.833200,-0.5300,-0.5500,-0.6500,-29.6600,-13.4900,-31.4300,1.002946,45.271852,"-0.53,-0.55,-0.65,-29.66,-13.49,-31.43"
1356,2026-07-27T12:58:19.291,54.641432,57.839400,-0.5100,-0.5600,-0.6300,-23.7400,-18.6200,-35.6400,0.985190,46.695841,"-0.51,-0.56,-0.63,-23.74,-18.62,-35.64"
1357,2026-07-27T12:58:19.411,54.761392,119.960400,-0.5000,-0.6000,-0.6200,-23.8000,-18.8000,-37.2300,0.997196,48.020338,"-0.50,-0.60,-0.62,-23.80,-18.80,-37.23"
1358,2026-07-27T12:58:19.411,54.762115,0.722400,-0.5000,-0.6400,-0.5800,-20.8100,-15.4400,-34.2400,0.997998,42.939810,"-0.50,-0.64,-0.58,-20.81,-15.44,-34.24"
1359,2026-07-27T12:58:19.412,54.763141,1.026200,-0.4700,-0.6700,-0.5600,-17.2700,-9.2200,-27.2200,0.991665,33.528938,"-0.47,-0.67,-0.56,-17.27,-9.22,-27.22"
1360,2026-07-27T12:58:19.591,54.941570,178.429500,-0.4500,-0.6900,-0.5900,-16.5400,-2.5600,-17.7000,1.013262,24.360115,"-0.45,-0.69,-0.59,-16.54,-2.56,-17.70"
1361,2026-07-27T12:58:19.591,54.942216,0.645700,-0.4600,-0.6800,-0.5900,-11.6000,0.4900,-8.6100,1.010990,14.454487,"-0.46,-0.68,-0.59,-11.60,0.49,-8.61"
1362,2026-07-27T12:58:19.592,54.942661,0.444800,-0.4600,-0.6300,-0.5900,-0.4900,0.4300,-2.9900,0.978059,3.060245,"-0.46,-0.63,-0.59,-0.49,0.43,-2.99"
1363,2026-07-27T12:58:19.592,54.942987,0.326100,-0.4800,-0.6000,-0.6200,6.6500,1.0400,-1.1000,0.987320,6.820125,"-0.48,-0.60,-0.62,6.65,1.04,-1.10"
1364,2026-07-27T12:58:19.593,54.943405,0.417900,-0.4900,-0.5900,-0.6500,5.7400,1.4000,-1.7100,1.005336,6.150748,"-0.49,-0.59,-0.65,5.74,1.40,-1.71"
1365,2026-07-27T12:58:19.951,55.301439,358.034300,-0.4700,-0.6000,-0.6400,2.6200,-0.5500,-3.1100,0.995239,4.103535,"-0.47,-0.60,-0.64,2.62,-0.55,-3.11"
1366,2026-07-27T12:58:19.951,55.302212,0.772400,-0.4500,-0.6200,-0.6200,1.2200,-2.2600,-4.8200,0.985546,5.461538,"-0.45,-0.62,-0.62,1.22,-2.26,-4.82"
1367,2026-07-27T12:58:19.952,55.302734,0.522800,-0.4600,-0.6600,-0.6100,4.4600,-2.5600,-5.7400,1.009604,7.706672,"-0.46,-0.66,-0.61,4.46,-2.56,-5.74"
1368,2026-07-27T12:58:19.953,55.303850,1.115800,-0.4400,-0.6600,-0.5800,10.9300,-2.6200,-3.4200,0.982649,11.748434,"-0.44,-0.66,-0.58,10.93,-2.62,-3.42"
1369,2026-07-27T12:58:19.954,55.304329,0.479200,-0.4400,-0.6600,-0.5600,12.5700,-0.8500,0.7300,0.970979,12.619838,"-0.44,-0.66,-0.56,12.57,-0.85,0.73"
1370,2026-07-27T12:58:19.954,55.305297,0.968100,-0.4700,-0.6800,-0.5800,10.3100,2.5600,3.5400,1.009802,11.197379,"-0.47,-0.68,-0.58,10.31,2.56,3.54"
1371,2026-07-27T12:58:19.955,55.306264,0.966700,-0.4900,-0.6800,-0.6000,10.5000,3.5400,6.2300,1.030776,12.711983,"-0.49,-0.68,-0.60,10.50,3.54,6.23"
1372,2026-07-27T12:58:19.956,55.306590,0.326100,-0.4800,-0.6700,-0.6000,12.5700,1.2200,9.2200,1.019461,15.636550,"-0.48,-0.67,-0.60,12.57,1.22,9.22"
1373,2026-07-27T12:58:19.957,55.307595,1.005200,-0.4600,-0.6500,-0.5800,15.4400,-2.9300,10.3800,0.985140,18.834089,"-0.46,-0.65,-0.58,15.44,-2.93,10.38"
1374,2026-07-27T12:58:20.071,55.421427,113.831500,-0.4500,-0.6200,-0.5800,16.5400,-5.7400,9.8300,0.960885,20.078548,"-0.45,-0.62,-0.58,16.54,-5.74,9.83"
1375,2026-07-27T12:58:20.071,55.422244,0.817200,-0.4800,-0.6200,-0.5900,10.7400,-4.9400,8.3600,0.981275,14.478978,"-0.48,-0.62,-0.59,10.74,-4.94,8.36"
1376,2026-07-27T12:58:20.072,55.422786,0.541600,-0.5100,-0.6400,-0.5900,4.9400,-5.1900,5.9200,1.008861,9.294412,"-0.51,-0.64,-0.59,4.94,-5.19,5.92"
1377,2026-07-27T12:58:20.130,55.481115,58.328900,-0.5000,-0.6300,-0.5400,6.2900,-9.0900,3.1100,0.968762,11.483218,"-0.50,-0.63,-0.54,6.29,-9.09,3.11"
1378,2026-07-27T12:58:20.250,55.600916,119.801600,-0.4900,-0.6500,-0.5000,5.4900,-10.6200,0.3100,0.955301,11.959122,"-0.49,-0.65,-0.50,5.49,-10.62,0.31"
1379,2026-07-27T12:58:20.251,55.601483,0.567100,-0.5000,-0.6700,-0.4900,1.4600,-8.4800,-1.3400,0.969020,8.708479,"-0.50,-0.67,-0.49,1.46,-8.48,-1.34"
1380,2026-07-27T12:58:20.251,55.602240,0.756600,-0.5100,-0.6500,-0.4700,3.4200,-6.9000,-2.0100,0.950526,7.959051,"-0.51,-0.65,-0.47,3.42,-6.90,-2.01"
1381,2026-07-27T12:58:20.491,55.841324,239.084200,-0.4900,-0.6100,-0.4800,4.1500,-3.3000,-3.1100,0.917932,6.146918,"-0.49,-0.61,-0.48,4.15,-3.30,-3.11"
1382,2026-07-27T12:58:20.491,55.841652,0.328200,-0.4800,-0.6200,-0.5400,-5.9200,5.1900,-4.8200,0.952050,9.231192,"-0.48,-0.62,-0.54,-5.92,5.19,-4.82"
1383,2026-07-27T12:58:20.491,55.842299,0.646400,-0.5000,-0.6700,-0.5900,-14.7100,11.6600,-6.9000,1.023230,19.998742,"-0.50,-0.67,-0.59,-14.71,11.66,-6.90"
1384,2026-07-27T12:58:20.492,55.842971,0.671900,-0.4900,-0.6900,-0.5900,-8.4200,9.8300,-6.8400,1.031649,14.639361,"-0.49,-0.69,-0.59,-8.42,9.83,-6.84"
1385,2026-07-27T12:58:20.493,55.844297,1.326500,-0.4900,-0.6900,-0.5900,2.4400,4.8800,-4.8200,1.031649,7.280137,"-0.49,-0.69,-0.59,2.44,4.88,-4.82"
1386,2026-07-27T12:58:20.494,55.844765,0.467500,-0.5200,-0.6800,-0.5900,13.6700,-0.7300,-3.7800,1.039663,14.201767,"-0.52,-0.68,-0.59,13.67,-0.73,-3.78"
1387,2026-07-27T12:58:20.550,55.901088,56.323700,-0.5000,-0.6800,-0.5600,26.1200,-7.5100,-3.9700,1.012917,27.466623,"-0.50,-0.68,-0.56,26.12,-7.51,-3.97"
1388,2026-07-27T12:58:20.550,55.901170,0.081200,-0.4400,-0.6800,-0.5500,24.9600,-8.6100,-3.9700,0.979030,26.700086,"-0.44,-0.68,-0.55,24.96,-8.61,-3.97"
1389,2026-07-27T12:58:20.670,56.021271,120.101300,-0.3600,-0.7000,-0.5500,13.9200,-4.0300,-2.9900,0.960260,14.796871,"-0.36,-0.70,-0.55,13.92,-4.03,-2.99"
1390,2026-07-27T12:58:20.671,56.022246,0.974800,-0.3300,-0.7600,-0.6000,14.6500,-2.4400,-4.0900,1.022986,15.404681,"-0.33,-0.76,-0.60,14.65,-2.44,-4.09"
1391,2026-07-27T12:58:20.672,56.022730,0.484800,-0.3700,-0.8900,-0.7000,40.8300,-6.7700,-9.8300,1.191218,42.538814,"-0.37,-0.89,-0.70,40.83,-6.77,-9.83"
1392,2026-07-27T12:58:20.730,56.081244,58.513700,-0.4300,-0.9800,-0.7600,77.7600,-6.4100,-9.1600,1.312593,78.559603,"-0.43,-0.98,-0.76,77.76,-6.41,-9.16"
1393,2026-07-27T12:58:20.791,56.141396,60.151700,-0.5100,-1.0300,-0.7000,73.7300,18.7400,23.8600,1.345734,79.728289,"-0.51,-1.03,-0.70,73.73,18.74,23.86"
1394,2026-07-27T12:58:20.791,56.141951,0.555400,-0.6200,-1.1200,-0.5200,16.4800,71.5900,59.3900,1.381738,94.466346,"-0.62,-1.12,-0.52,16.48,71.59,59.39"
1395,2026-07-27T12:58:20.851,56.201796,59.845100,-0.6300,-1.0800,-0.4000,-28.9300,96.1900,25.8200,1.312745,103.711780,"-0.63,-1.08,-0.40,-28.93,96.19,25.82"
1396,2026-07-27T12:58:20.911,56.261508,59.711700,-0.4800,-0.9000,-0.4400,-19.2300,64.7000,-50.6000,1.110856,84.357827,"-0.48,-0.90,-0.44,-19.23,64.70,-50.60"
1397,2026-07-27T12:58:20.911,56.262080,0.571500,-0.3300,-0.8000,-0.5100,1.8300,36.8700,-93.6300,1.004490,100.644536,"-0.33,-0.80,-0.51,1.83,36.87,-93.63"
1398,2026-07-27T12:58:20.971,56.321387,59.307400,-0.2900,-0.8400,-0.5300,-5.8000,46.1400,-93.1400,1.034698,104.103791,"-0.29,-0.84,-0.53,-5.80,46.14,-93.14"
1399,2026-07-27T12:58:21.032,56.382359,60.971700,-0.2600,-0.8800,-0.5000,-16.6600,61.7100,-77.5100,1.044988,100.466312,"-0.26,-0.88,-0.50,-16.66,61.71,-77.51"
1400,2026-07-27T12:58:21.032,56.382997,0.638200,-0.1700,-0.8300,-0.4900,-2.3800,53.7100,-65.5500,0.978724,84.777538,"-0.17,-0.83,-0.49,-2.38,53.71,-65.55"
1401,2026-07-27T12:58:21.211,56.561620,178.622800,-0.1000,-0.8100,-0.5000,22.7700,29.5400,-60.1800,0.957131,70.800543,"-0.10,-0.81,-0.50,22.77,29.54,-60.18"
1402,2026-07-27T12:58:21.212,56.562351,0.731700,-0.1700,-0.8800,-0.4900,39.6700,-0.1200,-60.1800,1.021470,72.078816,"-0.17,-0.88,-0.49,39.67,-0.12,-60.18"
1403,2026-07-27T12:58:21.212,56.563051,0.699700,-0.2200,-0.8700,-0.4600,46.1400,-20.6900,-69.1500,1.008415,85.666202,"-0.22,-0.87,-0.46,46.14,-20.69,-69.15"
1404,2026-07-27T12:58:21.213,56.563615,0.563500,-0.1500,-0.7800,-0.4300,48.6500,-14.4700,-85.6900,0.903216,99.594074,"-0.15,-0.78,-0.43,48.65,-14.47,-85.69"
1405,2026-07-27T12:58:21.511,56.862000,298.385800,-0.0500,-0.7100,-0.4100,52.4900,-1.8300,-101.0700,0.821401,113.902124,"-0.05,-0.71,-0.41,52.49,-1.83,-101.07"
1406,2026-07-27T12:58:21.512,56.862748,0.747300,-0.0100,-0.6700,-0.4000,50.4800,-4.3300,-108.6400,0.780385,119.873387,"-0.01,-0.67,-0.40,50.48,-4.33,-108.64"
1407,2026-07-27T12:58:21.512,56.863311,0.563800,-0.0300,-0.6200,-0.3700,37.6600,-14.2200,-108.0900,0.722634,115.342673,"-0.03,-0.62,-0.37,37.66,-14.22,-108.09"
1408,2026-07-27T12:58:21.513,56.863962,0.650300,-0.0400,-0.6100,-0.3200,24.4100,-22.4600,-102.4200,0.690000,107.657587,"-0.04,-0.61,-0.32,24.41,-22.46,-102.42"
1409,2026-07-27T12:58:21.514,56.864613,0.650800,0.0000,-0.6600,-0.3000,23.5600,-28.7500,-92.9600,0.724983,100.115921,"0.00,-0.66,-0.30,23.56,-28.75,-92.96"
1410,2026-07-27T12:58:21.515,56.865363,0.750400,0.0800,-0.7700,-0.3200,35.2800,-39.1200,-82.7000,0.837675,98.052755,"0.08,-0.77,-0.32,35.28,-39.12,-82.70"
1411,2026-07-27T12:58:21.515,56.866171,0.807900,0.1600,-0.8700,-0.3500,48.5800,-54.0200,-75.5000,0.951315,104.777988,"0.16,-0.87,-0.35,48.58,-54.02,-75.50"
1412,2026-07-27T12:58:21.516,56.866850,0.679000,0.2600,-0.9200,-0.3600,51.8800,-63.9600,-69.3400,1.021567,107.658960,"0.26,-0.92,-0.36,51.88,-63.96,-69.34"
1413,2026-07-27T12:58:21.690,57.041065,174.214900,0.3500,-0.9100,-0.3400,48.4600,-68.0500,-58.8400,1.032570,102.182776,"0.35,-0.91,-0.34,48.46,-68.05,-58.84"
1414,2026-07-27T12:58:21.691,57.041698,0.633400,0.4000,-0.8700,-0.3200,48.2200,-72.0200,-44.0700,1.009604,97.232781,"0.40,-0.87,-0.32,48.22,-72.02,-44.07"
1415,2026-07-27T12:58:21.691,57.042038,0.339400,0.4300,-0.8300,-0.3300,59.7500,-76.5400,-34.1200,0.991312,102.920399,"0.43,-0.83,-0.33,59.75,-76.54,-34.12"
1416,2026-07-27T12:58:21.692,57.043094,1.056400,0.4200,-0.8200,-0.3600,79.5300,-80.3800,-34.7300,0.989141,118.288369,"0.42,-0.82,-0.36,79.53,-80.38,-34.73"
1417,2026-07-27T12:58:21.750,57.101267,58.173300,0.4100,-0.8000,-0.3900,87.4600,-67.9300,-33.7500,0.979898,115.770458,"0.41,-0.80,-0.39,87.46,-67.93,-33.75"
1418,2026-07-27T12:58:21.751,57.101985,0.717600,0.4200,-0.7500,-0.4400,68.6600,-12.5100,-14.8900,0.965660,71.361108,"0.42,-0.75,-0.44,68.66,-12.51,-14.89"
1419,2026-07-27T12:58:21.871,57.222187,120.202400,0.4600,-0.7000,-0.5000,30.0300,60.2400,12.3900,0.975500,68.441001,"0.46,-0.70,-0.50,30.03,60.24,12.39"
1420,2026-07-27T12:58:21.872,57.222908,0.720300,0.4500,-0.7200,-0.5000,-1.3400,77.1500,21.3000,0.985343,80.047537,"0.45,-0.72,-0.50,-1.34,77.15,21.30"
1421,2026-07-27T12:58:21.873,57.223524,0.616400,0.3800,-0.8200,-0.4500,-2.8700,25.5100,7.6300,1.009604,26.780850,"0.38,-0.82,-0.45,-2.87,25.51,7.63"
1422,2026-07-27T12:58:21.931,57.281367,57.842600,0.2900,-0.9400,-0.3800,12.9400,-32.7100,-5.3700,1.054562,35.584050,"0.29,-0.94,-0.38,12.94,-32.71,-5.37"
1423,2026-07-27T12:58:22.231,57.581901,300.534400,0.2100,-1.1100,-0.1500,9.4600,-2.2000,22.7700,1.139605,24.754888,"0.21,-1.11,-0.15,9.46,-2.20,22.77"
1424,2026-07-27T12:58:22.232,57.582432,0.531100,0.0900,-1.1700,0.0200,2.2000,155.1500,116.5800,1.173627,194.080547,"0.09,-1.17,0.02,2.20,155.15,116.58"
1425,2026-07-27T12:58:22.232,57.582797,0.364900,0.0300,-1.0800,0.0000,5.6800,36.3800,75.4400,1.080417,83.946176,"0.03,-1.08,0.00,5.68,36.38,75.44"
1426,2026-07-27T12:58:22.233,57.583505,0.707800,0.1900,-0.9600,-0.0800,-2.6900,-97.5300,31.1300,0.981886,102.412958,"0.19,-0.96,-0.08,-2.69,-97.53,31.13"
1427,2026-07-27T12:58:22.234,57.584316,0.811100,0.4500,-0.8500,-0.2300,-13.6700,-180.7900,-0.3100,0.988888,181.306340,"0.45,-0.85,-0.23,-13.67,-180.79,-0.31"
1428,2026-07-27T12:58:22.234,57.585167,0.851400,0.5400,-0.8500,-0.3100,-15.9300,-203.4900,-23.2500,1.053660,205.432489,"0.54,-0.85,-0.31,-15.93,-203.49,-23.25"
1429,2026-07-27T12:58:22.235,57.585556,0.389100,0.4600,-0.9000,-0.2800,-7.8700,-202.7600,-36.7400,1.048809,206.211983,"0.46,-0.90,-0.28,-7.87,-202.76,-36.74"
1430,2026-07-27T12:58:22.235,57.585963,0.406900,0.3500,-0.9300,-0.2200,4.7600,-196.9600,-36.3200,1.017743,200.337320,"0.35,-0.93,-0.22,4.76,-196.96,-36.32"
1431,2026-07-27T12:58:22.291,57.641930,55.966800,0.3100,-0.9500,-0.1500,7.5700,-176.3900,-25.1500,1.010495,178.334684,"0.31,-0.95,-0.15,7.57,-176.39,-25.15"
1432,2026-07-27T12:58:22.351,57.701906,59.976000,0.3600,-0.9500,-0.0800,-2.1400,-149.2300,-14.0400,1.019068,149.904283,"0.36,-0.95,-0.08,-2.14,-149.23,-14.04"
1433,2026-07-27T12:58:22.352,57.702496,0.589500,0.4000,-0.9400,-0.0500,-9.7700,-122.4400,-10.0100,1.022790,123.236385,"0.40,-0.94,-0.05,-9.77,-122.44,-10.01"
1434,2026-07-27T12:58:22.411,57.761318,58.822300,0.3500,-0.8300,-0.1000,-12.8200,-83.4400,-10.2500,0.906311,85.039100,"0.35,-0.83,-0.10,-12.82,-83.44,-10.25"
1435,2026-07-27T12:58:22.591,57.941731,180.412900,0.2600,-0.8500,-0.1600,-19.7800,-38.4500,-11.4700,0.903161,44.734906,"0.26,-0.85,-0.16,-19.78,-38.45,-11.47"
1436,2026-07-27T12:58:22.591,57.942267,0.535800,0.1100,-0.9200,-0.2900,-25.8800,-15.9300,-13.4300,0.970876,33.225054,"0.11,-0.92,-0.29,-25.88,-15.93,-13.43"
1437,2026-07-27T12:58:22.592,57.943034,0.767600,0.0400,-0.9300,-0.4500,-19.9600,-36.1900,-17.2700,1.033925,44.792528,"0.04,-0.93,-0.45,-19.96,-36.19,-17.27"
1438,2026-07-27T12:58:22.593,57.943600,0.566100,0.0200,-0.9000,-0.5300,-8.3600,-73.1200,-20.0200,1.044653,76.270731,"0.02,-0.90,-0.53,-8.36,-73.12,-20.02"
1439,2026-07-27T12:58:22.593,57.944101,0.500400,-0.0100,-0.9400,-0.4900,-14.8300,-68.9100,-11.2900,1.060094,71.386141,"-0.01,-0.94,-0.49,-14.83,-68.91,-11.29"
1440,2026-07-27T12:58:22.711,58.061572,117.471300,0.0600,-1.0100,-0.3000,-34.6100,-9.2800,3.1700,1.055320,35.972481,"0.06,-1.01,-0.30,-34.61,-9.28,3.17"
1441,2026-07-27T12:58:22.712,58.062506,0.933600,0.2200,-0.9900,-0.1400,-27.4000,41.4400,-1.7100,1.023768,49.708729,"0.22,-0.99,-0.14,-27.40,41.44,-1.71"
1442,2026-07-27T12:58:22.712,58.062935,0.429700,0.3800,-0.9600,-0.1700,4.7600,28.1400,-24.6000,1.046375,37.678604,"0.38,-0.96,-0.17,4.76,28.14,-24.60"
1443,2026-07-27T12:58:22.770,58.121179,58.243800,0.4400,-0.9600,-0.2600,25.8800,9.2200,-35.5200,1.087566,44.904935,"0.44,-0.96,-0.26,25.88,9.22,-35.52"
1444,2026-07-27T12:58:22.831,58.181516,60.336800,0.3600,-0.9800,-0.3600,36.9300,27.5900,-29.2400,1.104355,54.589473,"0.36,-0.98,-0.36,36.93,27.59,-29.24"
1445,2026-07-27T12:58:22.831,58.181977,0.461100,0.2500,-0.8900,-0.3600,39.1200,34.8500,-22.8900,0.992069,57.173849,"0.25,-0.89,-0.36,39.12,34.85,-22.89"
1446,2026-07-27T12:58:22.890,58.240961,58.984300,0.2500,-0.8100,-0.3000,23.6800,24.9600,-17.8800,0.899222,38.774198,"0.25,-0.81,-0.30,23.68,24.96,-17.88"
1447,2026-07-27T12:58:22.951,58.302180,61.219100,0.3200,-0.9000,-0.2900,15.9300,14.5300,-13.7300,0.998248,25.561665,"0.32,-0.90,-0.29,15.93,14.53,-13.73"
1448,2026-07-27T12:58:22.952,58.302709,0.529000,0.3900,-0.8600,-0.3300,34.2400,-13.7300,-18.7400,1.000300,41.377265,"0.39,-0.86,-0.33,34.24,-13.73,-18.74"
1449,2026-07-27T12:58:23.071,58.421476,118.766900,0.4100,-0.7400,-0.3700,51.2700,-43.8800,-27.3400,0.923363,72.811695,"0.41,-0.74,-0.37,51.27,-43.88,-27.34"
1450,2026-07-27T12:58:23.071,58.422247,0.770700,0.4200,-0.7400,-0.4100,38.3900,-35.5800,-25.4500,0.944510,58.201641,"0.42,-0.74,-0.41,38.39,-35.58,-25.45"
1451,2026-07-27T12:58:23.072,58.423112,0.865300,0.4000,-0.8200,-0.4000,2.5000,10.9300,-14.1600,0.996193,18.061575,"0.40,-0.82,-0.40,2.50,10.93,-14.16"
1452,2026-07-27T12:58:23.131,58.481395,58.282400,0.3600,-0.8800,-0.3400,-31.3700,62.6200,-6.2300,1.009752,70.314680,"0.36,-0.88,-0.34,-31.37,62.62,-6.23"
1453,2026-07-27T12:58:23.191,58.541511,60.116200,0.3300,-0.9000,-0.2800,-45.7200,84.9000,-10.9300,0.998649,97.045316,"0.33,-0.90,-0.28,-45.72,84.90,-10.93"
1454,2026-07-27T12:58:23.191,58.542036,0.524800,0.3200,-0.9100,-0.2200,-40.2800,66.1600,-27.2800,0.989394,82.120779,"0.32,-0.91,-0.22,-40.28,66.16,-27.28"
1455,2026-07-27T12:58:23.250,58.601255,59.219100,0.2600,-0.8900,-0.2100,-18.3700,21.5500,-46.9400,0.950684,54.819914,"0.26,-0.89,-0.21,-18.37,21.55,-46.94"
1456,2026-07-27T12:58:23.310,58.661223,59.968000,0.2100,-0.8400,-0.3100,12.5700,-7.6300,-51.7000,0.919674,53.750459,"0.21,-0.84,-0.31,12.57,-7.63,-51.70"
1457,2026-07-27T12:58:23.311,58.661741,0.518300,0.2300,-0.8600,-0.5300,27.9500,21.7300,-26.4900,1.036050,44.216688,"0.23,-0.86,-0.53,27.95,21.73,-26.49"
1458,2026-07-27T12:58:23.613,58.963457,301.715500,0.2900,-0.9700,-0.6300,11.0500,77.9400,15.2000,1.192434,80.173475,"0.29,-0.97,-0.63,11.05,77.94,15.20"
1459,2026-07-27T12:58:23.613,58.964054,0.597200,0.2700,-1.1000,-0.5300,-10.4400,63.9000,40.5300,1.250520,76.386416,"0.27,-1.10,-0.53,-10.44,63.90,40.53"
1460,2026-07-27T12:58:23.615,58.966241,2.187300,0.2300,-1.1200,-0.3800,-14.6500,-22.5800,45.0400,1.204865,52.469806,"0.23,-1.12,-0.38,-14.65,-22.58,45.04"
1461,2026-07-27T12:58:23.617,58.967847,1.606100,0.2500,-0.9900,-0.2500,-30.1500,-72.3900,64.6400,1.051237,101.625116,"0.25,-0.99,-0.25,-30.15,-72.39,64.64"
1462,2026-07-27T12:58:23.617,58.968313,0.465900,0.3600,-1.0400,-0.0600,-71.6600,-31.0700,116.4600,1.102180,140.226360,"0.36,-1.04,-0.06,-71.66,-31.07,116.46"
1463,2026-07-27T12:58:23.618,58.968683,0.369700,0.4700,-1.2200,0.0100,-107.1200,52.7300,156.8600,1.307440,197.129924,"0.47,-1.22,0.01,-107.12,52.73,156.86"
1464,2026-07-27T12:58:23.618,58.968915,0.232600,0.4400,-1.1500,-0.0800,-88.6800,49.5600,128.8500,1.233896,164.081256,"0.44,-1.15,-0.08,-88.68,49.56,128.85"
1465,2026-07-27T12:58:23.670,59.021037,52.121600,0.3400,-0.9100,-0.1400,-18.1900,-60.4900,56.7600,0.981478,84.921221,"0.34,-0.91,-0.14,-18.19,-60.49,56.76"
1466,2026-07-27T12:58:23.671,59.021600,0.563400,0.3000,-0.6800,-0.2300,37.7800,-143.8600,9.8900,0.778010,149.066563,"0.30,-0.68,-0.23,37.78,-143.86,9.89"
1467,2026-07-27T12:58:24.151,59.502152,480.551200,0.3600,-0.5800,-0.2600,35.5800,-117.0000,-0.5500,0.730479,122.291614,"0.36,-0.58,-0.26,35.58,-117.00,-0.55"
1468,2026-07-27T12:58:24.152,59.503135,0.983100,0.4200,-0.6400,-0.2000,-4.7000,-20.0200,-5.3700,0.791202,21.253877,"0.42,-0.64,-0.20,-4.70,-20.02,-5.37"
1469,2026-07-27T12:58:24.153,59.503828,0.692900,0.3900,-0.7400,-0.1900,-39.5500,52.3100,-27.4000,0.857788,71.072488,"0.39,-0.74,-0.19,-39.55,52.31,-27.40"
1470,2026-07-27T12:58:24.153,59.504098,0.270100,0.2500,-0.8700,-0.2800,-36.4400,66.9600,-61.8900,0.947523,98.193112,"0.25,-0.87,-0.28,-36.44,66.96,-61.89"
1471,2026-07-27T12:58:24.154,59.504443,0.345400,0.0100,-1.0800,-0.4800,6.5300,31.3100,-93.8700,1.181905,99.169219,"0.01,-1.08,-0.48,6.53,31.31,-93.87"
1472,2026-07-27T12:58:24.154,59.504941,0.497500,-0.3100,-1.2100,-0.6200,48.9500,-89.2900,-118.3500,1.394489,156.126644,"-0.31,-1.21,-0.62,48.95,-89.29,-118.35"
1473,2026-07-27T12:58:24.155,59.505518,0.577800,-0.3500,-1.1300,-0.5300,33.8100,-200.2000,-107.6000,1.296264,229.784499,"-0.35,-1.13,-0.53,33.81,-200.20,-107.60"
1474,2026-07-27T12:58:24.155,59.505902,0.383100,0.0700,-1.0600,-0.4000,-10.8600,-110.4100,-44.9800,1.135121,119.714277,"0.07,-1.06,-0.40,-10.86,-110.41,-44.98"
1475,2026-07-27T12:58:24.156,59.506680,0.778500,0.5300,-1.1600,-0.1800,-42.6600,117.4900,38.4500,1.287983,130.775297,"0.53,-1.16,-0.18,-42.66,117.49,38.45"
1476,2026-07-27T12:58:24.157,59.507449,0.769300,0.6400,-1.0500,0.0400,-27.2200,224.1800,79.1600,1.230325,239.298781,"0.64,-1.05,0.04,-27.22,224.18,79.16"
1477,2026-07-27T12:58:24.157,59.508222,0.772300,0.4900,-0.7500,-0.0300,16.7200,122.0100,58.4100,0.896382,136.300134,"0.49,-0.75,-0.03,16.72,122.01,58.41"
1478,2026-07-27T12:58:24.158,59.508918,0.696800,0.4200,-0.7400,-0.2700,40.7700,13.3700,34.8500,0.892693,55.276327,"0.42,-0.74,-0.27,40.77,13.37,34.85"
1479,2026-07-27T12:58:24.224,59.574832,65.913300,0.4800,-0.8300,-0.4900,53.1000,30.5800,32.7100,1.076754,69.459992,"0.48,-0.83,-0.49,53.10,30.58,32.71"
1480,2026-07-27T12:58:24.270,59.620911,46.079200,0.4800,-0.7800,-0.5400,44.8000,72.0200,21.1200,1.063203,87.406949,"0.48,-0.78,-0.54,44.80,72.02,21.12"
1481,2026-07-27T12:58:24.271,59.621318,0.406800,0.3700,-0.7500,-0.4600,20.6300,69.5200,-7.2600,0.954463,72.878906,"0.37,-0.75,-0.46,20.63,69.52,-7.26"
1482,2026-07-27T12:58:24.330,59.680851,59.532800,0.2700,-0.8400,-0.3900,-0.5500,54.3200,-27.2800,0.964676,60.787855,"0.27,-0.84,-0.39,-0.55,54.32,-27.28"
1483,2026-07-27T12:58:24.391,59.741666,60.815700,0.2000,-0.9100,-0.3700,-7.0200,37.6000,-37.9000,1.002497,53.846545,"0.20,-0.91,-0.37,-7.02,37.60,-37.90"
1484,2026-07-27T12:58:24.392,59.742660,0.993500,0.1800,-0.9000,-0.3300,-8.9700,14.1000,-46.5100,0.975346,49.421159,"0.18,-0.90,-0.33,-8.97,14.10,-46.51"
1485,2026-07-27T12:58:24.451,59.802130,59.470400,0.2300,-0.8800,-0.2800,-11.7200,-4.7000,-46.6900,0.951683,48.367391,"0.23,-0.88,-0.28,-11.72,-4.70,-46.69"
1486,2026-07-27T12:58:24.570,59.921191,119.060500,0.2900,-0.8600,-0.2700,-7.5700,-12.2700,-39.9800,0.946890,42.500096,"0.29,-0.86,-0.27,-7.57,-12.27,-39.98"
1487,2026-07-27T12:58:24.571,59.921568,0.377700,0.2500,-0.8600,-0.3300,9.9500,-12.2700,-33.8100,0.954463,37.318514,"0.25,-0.86,-0.33,9.95,-12.27,-33.81"
1488,2026-07-27T12:58:24.572,59.923203,1.634500,0.1700,-0.9000,-0.4500,32.3500,-13.6100,-27.6500,1.020490,44.679717,"0.17,-0.90,-0.45,32.35,-13.61,-27.65"
1489,2026-07-27T12:58:24.634,59.984309,61.106100,0.1100,-1.0000,-0.5200,44.6200,-25.4500,-15.0800,1.132475,53.535533,"0.11,-1.00,-0.52,44.62,-25.45,-15.08"
1490,2026-07-27T12:58:24.634,59.984929,0.620300,0.1000,-1.0200,-0.4600,46.1400,-64.7600,2.5000,1.123388,79.555058,"0.10,-1.02,-0.46,46.14,-64.76,2.50"
1491,2026-07-27T12:58:24.690,60.041038,56.108900,0.1300,-0.9700,-0.3700,38.1500,-105.2900,24.1700,1.046279,114.566991,"0.13,-0.97,-0.37,38.15,-105.29,24.17"
1492,2026-07-27T12:58:24.751,60.102238,61.199700,0.2300,-1.0600,-0.3900,19.2300,-106.1400,57.1900,1.152649,122.090903,"0.23,-1.06,-0.39,19.23,-106.14,57.19"
1493,2026-07-27T12:58:24.752,60.102645,0.407300,0.4400,-1.2500,-0.5000,-3.1100,-79.2800,106.8100,1.416369,133.053999,"0.44,-1.25,-0.50,-3.11,-79.28,106.81"
1494,2026-07-27T12:58:24.811,60.161382,58.736600,0.6200,-1.2300,-0.5100,-36.9900,-46.4500,143.2500,1.468809,155.069098,"0.62,-1.23,-0.51,-36.99,-46.45,143.25"
1495,2026-07-27T12:58:24.871,60.221795,60.413800,0.5400,-1.0500,-0.0300,-76.7800,-6.1600,127.9900,1.181101,149.380568,"0.54,-1.05,-0.03,-76.78,-6.16,127.99"
1496,2026-07-27T12:58:24.872,60.222729,0.933800,0.3800,-0.8400,0.2600,-61.2200,4.7000,79.5300,0.957914,100.473874,"0.38,-0.84,0.26,-61.22,4.70,79.53"
1497,2026-07-27T12:58:24.931,60.281439,58.709300,0.3900,-0.6600,-0.0700,-1.7100,-60.9700,32.4700,0.769805,69.098234,"0.39,-0.66,-0.07,-1.71,-60.97,32.47"
1498,2026-07-27T12:58:25.054,60.404411,122.972400,0.4200,-0.6400,-0.2100,-7.7500,23.0700,-6.4700,0.793788,25.182301,"0.42,-0.64,-0.21,-7.75,23.07,-6.47"
1499,2026-07-27T12:58:25.054,60.404661,0.249700,0.3600,-0.7100,-0.1300,-24.7800,73.3600,-30.6400,0.806598,83.273931,"0.36,-0.71,-0.13,-24.78,73.36,-30.64"
1500,2026-07-27T12:58:25.054,60.404829,0.168100,0.2500,-0.8000,-0.2000,-11.1700,56.8200,-62.3200,0.861684,85.070933,"0.25,-0.80,-0.20,-11.17,56.82,-62.32"
1501,2026-07-27T12:58:25.111,60.462261,57.432300,0.0900,-0.9800,-0.3800,29.4800,-7.6900,-91.7400,1.054941,96.666613,"0.09,-0.98,-0.38,29.48,-7.69,-91.74"
1502,2026-07-27T12:58:25.112,60.462612,0.351300,-0.2800,-1.1900,-0.6400,48.4000,-133.4200,-93.8700,1.379891,170.161786,"-0.28,-1.19,-0.64,48.40,-133.42,-93.87"
1503,2026-07-27T12:58:25.171,60.521482,58.869600,-0.5700,-1.2000,-0.7300,8.2400,-181.8800,-57.4300,1.515850,190.909499,"-0.57,-1.20,-0.73,8.24,-181.88,-57.43"
1504,2026-07-27T12:58:25.230,60.581123,59.640500,-0.2900,-1.0400,-0.5200,-33.6900,-31.0100,-5.6200,1.198374,46.132641,"-0.29,-1.04,-0.52,-33.69,-31.01,-5.62"
1505,2026-07-27T12:58:25.231,60.581400,0.277800,0.3700,-1.1100,-0.1500,-20.1400,171.6300,34.1800,1.179619,176.155468,"0.37,-1.11,-0.15,-20.14,171.63,34.18"
1506,2026-07-27T12:58:25.411,60.761590,180.189800,0.5500,-0.9400,0.0200,12.7000,164.9200,26.0000,1.089266,167.439232,"0.55,-0.94,0.02,12.70,164.92,26.00"
1507,2026-07-27T12:58:25.411,60.762240,0.649800,0.3300,-0.6400,-0.1800,29.4800,9.2200,-10.6200,0.742226,32.662872,"0.33,-0.64,-0.18,29.48,9.22,-10.62"
1508,2026-07-27T12:58:25.412,60.762955,0.715200,0.2900,-0.7400,-0.4000,48.9500,-32.6500,-19.3500,0.889775,61.939870,"0.29,-0.74,-0.40,48.95,-32.65,-19.35"
1509,2026-07-27T12:58:25.413,60.763468,0.512800,0.4100,-0.8900,-0.5100,69.0900,18.6200,-3.7800,1.104672,71.654874,"0.41,-0.89,-0.51,69.09,18.62,-3.78"
1510,2026-07-27T12:58:25.471,60.821638,58.169700,0.4700,-0.8000,-0.4900,58.7200,41.8700,0.1800,1.049285,72.119122,"0.47,-0.80,-0.49,58.72,41.87,0.18"
1511,2026-07-27T12:58:25.471,60.822138,0.500900,0.3800,-0.7500,-0.4400,18.2500,48.7700,-10.3800,0.948947,53.097267,"0.38,-0.75,-0.44,18.25,48.77,-10.38"
1512,2026-07-27T12:58:25.530,60.881266,59.127700,0.2500,-0.8600,-0.4000,-21.9100,73.0000,-17.2700,0.980867,78.149223,"0.25,-0.86,-0.40,-21.91,73.00,-17.27"
1513,2026-07-27T12:58:25.592,60.942347,61.081100,0.1700,-0.9500,-0.3600,-35.9500,81.9100,-22.4600,1.030049,92.228532,"0.17,-0.95,-0.36,-35.95,81.91,-22.46"
1514,2026-07-27T12:58:25.592,60.942824,0.476300,0.1300,-0.9400,-0.3000,-28.9300,55.4800,-33.3900,0.995239,70.921558,"0.13,-0.94,-0.30,-28.93,55.48,-33.39"
1515,2026-07-27T12:58:25.651,61.002143,59.319400,0.1400,-0.9000,-0.2600,-17.2700,14.4000,-42.9100,0.947206,48.444618,"0.14,-0.90,-0.26,-17.27,14.40,-42.91"
1516,2026-07-27T12:58:25.711,61.061447,59.304400,0.1800,-0.8900,-0.2500,-5.3700,-16.9100,-42.9100,0.941807,46.433319,"0.18,-0.89,-0.25,-5.37,-16.91,-42.91"
1517,2026-07-27T12:58:25.711,61.061973,0.526100,0.1500,-0.8500,-0.2700,10.1300,-36.6200,-39.4300,0.904378,54.757339,"0.15,-0.85,-0.27,10.13,-36.62,-39.43"
1518,2026-07-27T12:58:25.770,61.120975,59.001100,0.1200,-0.8700,-0.3700,32.9000,-57.1900,-35.0300,0.952995,74.700783,"0.12,-0.87,-0.37,32.90,-57.19,-35.03"
1519,2026-07-27T12:58:25.891,61.241408,120.433500,0.1600,-0.9700,-0.5000,54.4400,-74.7100,-15.0100,1.102951,93.651470,"0.16,-0.97,-0.50,54.44,-74.71,-15.01"
1520,2026-07-27T12:58:25.951,61.301503,60.095400,0.2400,-1.0200,-0.4900,50.1700,-72.0800,26.2500,1.156763,91.660339,"0.24,-1.02,-0.49,50.17,-72.08,26.25"
1521,2026-07-27T12:58:25.951,61.301968,0.464500,0.2700,-0.9900,-0.3700,20.3900,-51.0900,64.9400,1.090825,85.106661,"0.27,-0.99,-0.37,20.39,-51.09,64.94"
1522,2026-07-27T12:58:25.952,61.302447,0.479100,0.2800,-0.9900,-0.3100,-13.6100,-21.3600,89.3600,1.074523,92.879983,"0.28,-0.99,-0.31,-13.61,-21.36,89.36"
1523,2026-07-27T12:58:25.952,61.302736,0.288900,0.3600,-1.1500,-0.3600,-51.3900,7.3900,114.3800,1.257657,125.611817,"0.36,-1.15,-0.36,-51.39,7.39,114.38"
1524,2026-07-27T12:58:26.071,61.421320,118.584100,0.4700,-1.2900,-0.3700,-90.7600,11.3500,130.5500,1.421935,159.403584,"0.47,-1.29,-0.37,-90.76,11.35,130.55"
1525,2026-07-27T12:58:26.071,61.421853,0.533000,0.4400,-1.2100,-0.0700,-94.3600,-7.1400,110.2300,1.289418,145.277122,"0.44,-1.21,-0.07,-94.36,-7.14,110.23"
1526,2026-07-27T12:58:26.075,61.425329,3.475700,0.3400,-0.9300,0.1300,-35.6400,-36.7400,63.3500,0.998699,81.444826,"0.34,-0.93,0.13,-35.64,-36.74,63.35"
1527,2026-07-27T12:58:26.251,61.601947,176.618300,0.3500,-0.6700,-0.0900,23.2500,-89.5400,18.6200,0.761249,94.364604,"0.35,-0.67,-0.09,23.25,-89.54,18.62"
1528,2026-07-27T12:58:26.252,61.602743,0.795900,0.4200,-0.5900,-0.2300,23.8000,-87.0400,-6.2900,0.759868,90.454219,"0.42,-0.59,-0.23,23.80,-87.04,-6.29"
1529,2026-07-27T12:58:26.252,61.602946,0.203200,0.4000,-0.7100,-0.2300,-8.4200,-3.9100,-17.9400,0.846759,20.199705,"0.40,-0.71,-0.23,-8.42,-3.91,-17.94"
1530,2026-07-27T12:58:26.253,61.603511,0.564600,0.2600,-0.8600,-0.2700,-29.4800,53.0400,-36.2500,0.938136,70.685037,"0.26,-0.86,-0.27,-29.48,53.04,-36.25"
1531,2026-07-27T12:58:26.311,61.661401,57.890400,0.0800,-0.9600,-0.3800,-21.6100,53.5300,-58.4100,1.035567,82.122963,"0.08,-0.96,-0.38,-21.61,53.53,-58.41"
1532,2026-07-27T12:58:26.311,61.661995,0.593900,-0.0300,-1.0300,-0.4900,6.9600,27.7700,-74.5800,1.141008,79.886112,"-0.03,-1.03,-0.49,6.96,27.77,-74.58"
1533,2026-07-27T12:58:26.371,61.721879,59.883500,-0.1300,-1.0800,-0.5500,33.2000,-15.6200,-83.0700,1.218934,90.812165,"-0.13,-1.08,-0.55,33.20,-15.62,-83.07"
1534,2026-07-27T12:58:26.550,61.901125,179.246100,-0.2100,-1.0800,-0.5300,30.7000,-65.3100,-78.4300,1.221229,106.579318,"-0.21,-1.08,-0.53,30.70,-65.31,-78.43"
1535,2026-07-27T12:58:26.551,61.901663,0.538200,-0.1000,-1.1000,-0.4600,1.7100,-77.2100,-52.5500,1.196495,93.412048,"-0.10,-1.10,-0.46,1.71,-77.21,-52.55"
1536,2026-07-27T12:58:26.551,61.902050,0.387400,0.2000,-1.1100,-0.3700,-31.3100,1.8300,0.1200,1.187013,31.363664,"0.20,-1.11,-0.37,-31.31,1.83,0.12"
1537,2026-07-27T12:58:26.552,61.903092,1.042000,0.4700,-0.9700,-0.1800,-68.9100,151.9200,72.8800,1.092795,182.043316,"0.47,-0.97,-0.18,-68.91,151.92,72.88"
1538,2026-07-27T12:58:26.553,61.903513,0.420700,0.5800,-0.7700,0.0500,-52.1900,226.6800,113.1000,0.965298,258.648852,"0.58,-0.77,0.05,-52.19,226.68,113.10"
1539,2026-07-27T12:58:26.731,62.081884,178.371500,0.5300,-0.7800,0.0500,17.4000,167.0500,88.2000,0.944352,189.704250,"0.53,-0.78,0.05,17.40,167.05,88.20"
1540,2026-07-27T12:58:26.732,62.082340,0.455700,0.4100,-0.9200,-0.1500,39.3100,110.7200,46.3300,1.018332,126.295936,"0.41,-0.92,-0.15,39.31,110.72,46.33"
1541,2026-07-27T12:58:26.732,62.083090,0.749900,0.3700,-0.9900,-0.3200,27.9500,113.2200,30.5200,1.104264,120.546428,"0.37,-0.99,-0.32,27.95,113.22,30.52"
1542,2026-07-27T12:58:26.733,62.084282,1.191700,0.4200,-0.9700,-0.4000,27.1000,121.9500,34.0000,1.130177,129.468963,"0.42,-0.97,-0.40,27.10,121.95,34.00"
1543,2026-07-27T12:58:26.790,62.141228,56.946200,0.4500,-0.8900,-0.4000,27.2800,120.7300,34.9700,1.074523,128.618942,"0.45,-0.89,-0.40,27.28,120.73,34.97"
1544,2026-07-27T12:58:26.791,62.141317,0.089500,0.4300,-0.8100,-0.3700,21.3000,104.8600,26.7900,0.988888,110.304187,"0.43,-0.81,-0.37,21.30,104.86,26.79"
1545,2026-07-27T12:58:26.911,62.261446,120.128700,0.3800,-0.8200,-0.3400,12.8800,85.3900,16.8500,0.965609,87.984482,"0.38,-0.82,-0.34,12.88,85.39,16.85"
1546,2026-07-27T12:58:27.092,62.442851,181.404700,0.3100,-0.9100,-0.3400,5.1300,83.3700,9.9500,1.019706,84.118228,"0.31,-0.91,-0.34,5.13,83.37,9.95"
1547,2026-07-27T12:58:27.094,62.444539,1.688100,0.2300,-0.9700,-0.3200,-4.3900,98.1400,5.6800,1.046996,98.402206,"0.23,-0.97,-0.32,-4.39,98.14,5.68"
1548,2026-07-27T12:58:27.095,62.445507,0.967900,0.1900,-0.9600,-0.2900,-12.7600,109.0700,8.2400,1.020686,110.122569,"0.19,-0.96,-0.29,-12.76,109.07,8.24"
1549,2026-07-27T12:58:27.095,62.445955,0.448100,0.2500,-0.8900,-0.2700,-12.5700,108.7600,22.6400,0.963068,111.800322,"0.25,-0.89,-0.27,-12.57,108.76,22.64"
1550,2026-07-27T12:58:27.096,62.446356,0.400600,0.3900,-0.8100,-0.2900,-7.2000,116.8800,45.4700,0.944616,125.619645,"0.39,-0.81,-0.29,-7.20,116.88,45.47"
1551,2026-07-27T12:58:27.099,62.449656,3.300300,0.4800,-0.8000,-0.3700,-8.4200,153.0200,64.0900,1.003643,166.113049,"0.48,-0.80,-0.37,-8.42,153.02,64.09"
1552,2026-07-27T12:58:27.211,62.561333,111.677400,0.4000,-0.8200,-0.4400,-18.2500,185.8500,61.9500,1.012917,196.751334,"0.40,-0.82,-0.44,-18.25,185.85,61.95"
1553,2026-07-27T12:58:27.211,62.561609,0.275800,0.2100,-0.8200,-0.4800,-23.8600,147.1600,33.5700,0.973088,152.814627,"0.21,-0.82,-0.48,-23.86,147.16,33.57"
1554,2026-07-27T12:58:27.211,62.561875,0.265500,0.0400,-0.8900,-0.4400,-33.0800,59.3900,-0.4300,0.993630,67.982670,"0.04,-0.89,-0.44,-33.08,59.39,-0.43"
1555,2026-07-27T12:58:27.390,62.741134,179.258900,0.0300,-0.9400,-0.2900,-65.2500,29.7200,-10.8600,0.984175,72.517450,"0.03,-0.94,-0.29,-65.25,29.72,-10.86"
1556,2026-07-27T12:58:27.391,62.741506,0.372200,0.1000,-0.9500,-0.1900,-112.4300,129.5800,14.5300,0.973961,172.170271,"0.10,-0.95,-0.19,-112.43,129.58,14.53"
1557,2026-07-27T12:58:27.391,62.742025,0.519300,0.0400,-1.1900,-0.2300,-139.1600,279.1100,56.1500,1.212683,316.892285,"0.04,-1.19,-0.23,-139.16,279.11,56.15"
1558,2026-07-27T12:58:27.392,62.743126,1.101000,-0.1800,-1.4200,-0.2400,-113.6500,329.2200,82.0900,1.451344,357.828030,"-0.18,-1.42,-0.24,-113.65,329.22,82.09"
1559,2026-07-27T12:58:27.393,62.743608,0.482100,-0.3100,-1.3000,-0.2200,-47.8500,245.6700,77.5100,1.354437,262.013686,"-0.31,-1.30,-0.22,-47.85,245.67,77.51"
1560,2026-07-27T12:58:27.571,62.921354,177.745500,-0.2000,-1.0400,-0.2400,6.9000,101.0700,55.6600,1.085910,115.588886,"-0.20,-1.04,-0.24,6.90,101.07,55.66"
1561,2026-07-27T12:58:27.571,62.921852,0.498600,0.0600,-0.8900,-0.2200,28.9900,27.4000,48.2800,0.918749,62.626979,"0.06,-0.89,-0.22,28.99,27.40,48.28"
1562,2026-07-27T12:58:27.571,62.922305,0.453200,0.2500,-0.8100,-0.1500,43.5200,43.6400,49.6800,0.860872,79.161496,"0.25,-0.81,-0.15,43.52,43.64,49.68"
1563,2026-07-27T12:58:27.572,62.922695,0.389400,0.3300,-0.7500,-0.2300,65.4900,53.1600,35.1000,0.851058,91.361566,"0.33,-0.75,-0.23,65.49,53.16,35.10"
1564,2026-07-27T12:58:27.631,62.982208,59.513300,0.4000,-0.7700,-0.2900,67.6900,74.5800,13.9200,0.914877,101.675360,"0.40,-0.77,-0.29,67.69,74.58,13.92"
1565,2026-07-27T12:58:27.633,62.983319,1.111100,0.3600,-0.8500,-0.2200,32.2900,136.9000,0.4300,0.948947,140.657168,"0.36,-0.85,-0.22,32.29,136.90,0.43"
1566,2026-07-27T12:58:27.752,63.102460,119.140600,0.2200,-1.0000,-0.1800,-7.4500,166.8100,-8.9100,1.039615,167.213835,"0.22,-1.00,-0.18,-7.45,166.81,-8.91"
1567,2026-07-27T12:58:27.752,63.103118,0.658300,0.0600,-1.1200,-0.1400,-20.5100,146.3600,-20.2000,1.130310,149.164170,"0.06,-1.12,-0.14,-20.51,146.36,-20.20"
1568,2026-07-27T12:58:27.753,63.103775,0.657300,-0.0600,-1.0600,-0.1000,-4.0300,110.9600,-35.6400,1.066396,116.612916,"-0.06,-1.06,-0.10,-4.03,110.96,-35.64"
1569,2026-07-27T12:58:27.810,63.160854,57.079100,-0.0400,-0.9300,-0.1100,24.1100,55.4800,-52.8000,0.937337,80.294225,"-0.04,-0.93,-0.11,24.11,55.48,-52.80"
1570,2026-07-27T12:58:28.051,63.401371,240.516400,0.0900,-0.8900,-0.1800,39.1800,-97.0500,-69.2700,0.912469,125.507401,"0.09,-0.89,-0.18,39.18,-97.05,-69.27"
1571,2026-07-27T12:58:28.051,63.401695,0.324100,0.2000,-0.9400,-0.2300,20.4500,-120.9100,-62.9900,0.988180,137.859242,"0.20,-0.94,-0.23,20.45,-120.91,-62.99"
1572,2026-07-27T12:58:28.350,63.700980,299.284900,0.2300,-1.0700,-0.2600,-16.4800,-78.0000,-38.7600,1.124900,88.644955,"0.23,-1.07,-0.26,-16.48,-78.00,-38.76"
1573,2026-07-27T12:58:28.350,63.701139,0.158700,0.1600,-1.1200,-0.2400,-51.8200,3.4200,0.9200,1.156547,51.940882,"0.16,-1.12,-0.24,-51.82,3.42,0.92"
1574,2026-07-27T12:58:28.351,63.701509,0.370100,0.1600,-0.9500,-0.1500,-59.5700,55.7300,34.7900,0.974987,88.683493,"0.16,-0.95,-0.15,-59.57,55.73,34.79"
1575,2026-07-27T12:58:28.352,63.702533,1.024300,0.2900,-0.8100,-0.1100,-36.9900,38.7000,45.1700,0.867352,70.044836,"0.29,-0.81,-0.11,-36.99,38.70,45.17"
1576,2026-07-27T12:58:28.352,63.703261,0.728400,0.4000,-0.8100,-0.1600,-5.0000,1.2200,40.0400,0.917442,40.369419,"0.40,-0.81,-0.16,-5.00,1.22,40.04"
1577,2026-07-27T12:58:28.353,63.704081,0.819600,0.4700,-0.8400,-0.2300,9.8300,-9.5800,34.7900,0.989646,37.399858,"0.47,-0.84,-0.23,9.83,-9.58,34.79"
1578,2026-07-27T12:58:28.354,63.704868,0.786800,0.5800,-0.8900,-0.3000,1.6500,-1.0400,24.4100,1.103857,24.487797,"0.58,-0.89,-0.30,1.65,-1.04,24.41"
1579,2026-07-27T12:58:28.355,63.705346,0.478100,0.4800,-0.8900,-0.3800,-13.6700,21.1800,4.3300,1.080231,25.577533,"0.48,-0.89,-0.38,-13.67,21.18,4.33"
1580,2026-07-27T12:58:28.355,63.706102,0.756400,0.2800,-0.9000,-0.3700,-23.1300,46.3900,-13.3100,1.012571,53.518082,"0.28,-0.90,-0.37,-23.13,46.39,-13.31"
1581,2026-07-27T12:58:28.357,63.707669,1.567200,0.1800,-0.9000,-0.3200,-26.3100,50.9600,-18.6200,0.972008,60.297944,"0.18,-0.90,-0.32,-26.31,50.96,-18.62"
1582,2026-07-27T12:58:28.357,63.708016,0.346400,0.2300,-0.9100,-0.2400,-25.7000,36.9300,-13.4900,0.968814,46.971215,"0.23,-0.91,-0.24,-25.70,36.93,-13.49"
1583,2026-07-27T12:58:28.358,63.708646,0.630100,0.3400,-0.9300,-0.2000,-22.7700,28.2000,-5.9800,1.010198,36.735178,"0.34,-0.93,-0.20,-22.77,28.20,-5.98"
1584,2026-07-27T12:58:28.531,63.882195,173.548600,0.3700,-0.9400,-0.1900,-17.2100,31.0700,-4.9400,1.027911,35.859902,"0.37,-0.94,-0.19,-17.21,31.07,-4.94"
1585,2026-07-27T12:58:28.533,63.883578,1.383000,0.3000,-0.9600,-0.2100,-8.6100,33.2000,-11.7200,1.027473,36.245420,"0.30,-0.96,-0.21,-8.61,33.20,-11.72"
1586,2026-07-27T12:58:28.533,63.884131,0.553300,0.2300,-0.9700,-0.2400,2.5600,23.8600,-19.0400,1.025378,30.632904,"0.23,-0.97,-0.24,2.56,23.86,-19.04"
1587,2026-07-27T12:58:28.533,63.884232,0.101200,0.2400,-0.9300,-0.2800,12.2100,8.8500,-18.9200,1.000450,24.194483,"0.24,-0.93,-0.28,12.21,8.85,-18.92"
1588,2026-07-27T12:58:28.711,64.061559,177.326800,0.2900,-0.8900,-0.3300,12.5700,12.2700,-9.5800,0.992522,20.008353,"0.29,-0.89,-0.33,12.57,12.27,-9.58"
1589,2026-07-27T12:58:28.712,64.062314,0.755500,0.2700,-0.9100,-0.3500,0.9200,38.7600,1.0400,1.011682,38.784863,"0.27,-0.91,-0.35,0.92,38.76,1.04"
1590,2026-07-27T12:58:28.712,64.062989,0.674300,0.1600,-0.9900,-0.3400,-8.3000,52.6100,4.7600,1.058915,53.472981,"0.16,-0.99,-0.34,-8.30,52.61,4.76"
1591,2026-07-27T12:58:28.712,64.063272,0.283200,0.0800,-1.0500,-0.3200,-0.9800,31.1900,3.3600,1.100591,31.385763,"0.08,-1.05,-0.32,-0.98,31.19,3.36"
1592,2026-07-27T12:58:28.713,64.063812,0.540300,0.0600,-1.0600,-0.3100,17.0300,-10.7400,2.0800,1.106029,20.240921,"0.06,-1.06,-0.31,17.03,-10.74,2.08"
1593,2026-07-27T12:58:28.770,64.121119,57.307300,0.0900,-0.9900,-0.3000,30.2100,-51.5700,6.9600,1.038364,60.171011,"0.09,-0.99,-0.30,30.21,-51.57,6.96"
1594,2026-07-27T12:58:28.835,64.185780,64.660600,0.1700,-0.8600,-0.2600,27.9500,-69.5200,30.8200,0.914385,81.019166,"0.17,-0.86,-0.26,27.95,-69.52,30.82"
1595,2026-07-27T12:58:28.835,64.186187,0.407000,0.2900,-0.8200,-0.2400,9.0900,-35.1600,79.4100,0.902275,87.320111,"0.29,-0.82,-0.24,9.09,-35.16,79.41"
1596,2026-07-27T12:58:29.011,64.361619,175.432300,0.4300,-0.9700,-0.3000,-23.3200,35.4600,122.4400,1.102633,129.586989,"0.43,-0.97,-0.30,-23.32,35.46,122.44"
1597,2026-07-27T12:58:29.012,64.362465,0.845700,0.5100,-1.1500,-0.3700,-54.7500,40.5900,114.8100,1.311297,133.515717,"0.51,-1.15,-0.37,-54.75,40.59,114.81"
1598,2026-07-27T12:58:29.012,64.363036,0.570600,0.3900,-1.1700,-0.1700,-64.5800,-36.3800,66.1600,1.244950,99.354046,"0.39,-1.17,-0.17,-64.58,-36.38,66.16"
1599,2026-07-27T12:58:29.012,64.363284,0.248400,0.2100,-1.0600,0.0400,-42.6600,-83.0700,28.9900,1.081342,97.779960,"0.21,-1.06,0.04,-42.66,-83.07,28.99"
1600,2026-07-27T12:58:29.131,64.481940,118.656100,0.2400,-0.8700,-0.1100,0.6700,-133.4800,8.4200,0.909175,133.746984,"0.24,-0.87,-0.11,0.67,-133.48,8.42"
1601,2026-07-27T12:58:29.132,64.482622,0.682100,0.3800,-0.7200,-0.3000,18.8600,-178.7700,-4.9400,0.867640,179.829964,"0.38,-0.72,-0.30,18.86,-178.77,-4.94"
1602,2026-07-27T12:58:29.132,64.482848,0.226000,0.4000,-0.7500,-0.2700,-12.7600,-105.1000,-4.0300,0.891852,105.948424,"0.40,-0.75,-0.27,-12.76,-105.10,-4.03"
1603,2026-07-27T12:58:29.251,64.602026,119.177500,0.1300,-0.9500,-0.1800,-48.3400,-9.7700,-8.6700,0.975602,50.073720,"0.13,-0.95,-0.18,-48.34,-9.77,-8.67"
1604,2026-07-27T12:58:29.252,64.602707,0.681000,-0.1600,-1.0700,-0.1900,-43.5200,0.9800,-22.2800,1.098453,48.901423,"-0.16,-1.07,-0.19,-43.52,0.98,-22.28"
1605,2026-07-27T12:58:29.253,64.603483,0.776700,-0.1000,-1.0100,-0.3100,-12.0200,-41.2600,-26.7300,1.061226,50.609889,"-0.10,-1.01,-0.31,-12.02,-41.26,-26.73"
1606,2026-07-27T12:58:29.311,64.661355,57.871100,0.1100,-0.9000,-0.4200,12.1500,-84.1100,-25.6300,0.999250,88.763796,"0.11,-0.90,-0.42,12.15,-84.11,-25.63"
1607,2026-07-27T12:58:29.311,64.661482,0.127000,0.2100,-0.8400,-0.3600,10.4400,-81.9700,-28.4400,0.937710,87.389405,"0.21,-0.84,-0.36,10.44,-81.97,-28.44"
1608,2026-07-27T12:58:29.430,64.781008,119.526700,0.1900,-0.8500,-0.1900,-5.8600,-34.6100,-35.8300,0.891459,50.159551,"0.19,-0.85,-0.19,-5.86,-34.61,-35.83"
1609,2026-07-27T12:58:29.431,64.781406,0.397800,0.1700,-0.9100,-0.1500,-8.0000,-0.9200,-47.1200,0.937817,47.803146,"0.17,-0.91,-0.15,-8.00,-0.92,-47.12"
1610,2026-07-27T12:58:29.431,64.781954,0.547800,0.2000,-1.0800,-0.2300,8.9100,-1.8900,-54.3800,1.122185,55.137506,"0.20,-1.08,-0.23,8.91,-1.89,-54.38"
1611,2026-07-27T12:58:29.550,64.901249,119.294800,0.1900,-1.1600,-0.3100,26.0000,-8.0600,-50.6000,1.215648,57.457146,"0.19,-1.16,-0.31,26.00,-8.06,-50.60"
1612,2026-07-27T12:58:29.551,64.902000,0.751600,0.1600,-0.9800,-0.2900,28.0800,-7.7500,-44.2500,1.034456,52.977461,"0.16,-0.98,-0.29,28.08,-7.75,-44.25"
1613,2026-07-27T12:58:29.551,64.902180,0.179500,0.1800,-0.8200,-0.2200,16.5400,7.2000,-36.0100,0.867871,40.275696,"0.18,-0.82,-0.22,16.54,7.20,-36.01"
1614,2026-07-27T12:58:29.790,65.141310,239.130400,0.2100,-0.8400,-0.2100,8.8500,35.7700,-21.7300,0.890955,42.778596,"0.21,-0.84,-0.21,8.85,35.77,-21.73"
1615,2026-07-27T12:58:29.791,65.141624,0.313700,0.2300,-0.9200,-0.2500,19.9600,31.4900,-12.1500,0.980714,39.212807,"0.23,-0.92,-0.25,19.96,31.49,-12.15"
1616,2026-07-27T12:58:29.791,65.141918,0.294400,0.2600,-0.9900,-0.3000,46.6300,-26.6100,-13.7900,1.066630,55.431156,"0.26,-0.99,-0.30,46.63,-26.61,-13.79"
1617,2026-07-27T12:58:29.792,65.143263,1.344700,0.3100,-0.9800,-0.3700,67.2600,-85.8800,-20.6900,1.092428,111.028636,"0.31,-0.98,-0.37,67.26,-85.88,-20.69"
1618,2026-07-27T12:58:29.793,65.144129,0.866000,0.3500,-0.8700,-0.4100,55.5400,-76.0500,-18.8600,1.023474,96.041625,"0.35,-0.87,-0.41,55.54,-76.05,-18.86"
1619,2026-07-27T12:58:29.794,65.144738,0.609000,0.3900,-0.8000,-0.3900,13.6100,10.7400,-1.4000,0.971700,17.393668,"0.39,-0.80,-0.39,13.61,10.74,-1.40"
1620,2026-07-27T12:58:29.850,65.201310,56.571600,0.4100,-0.8100,-0.3000,-27.7100,103.2700,18.0100,0.956138,108.429226,"0.41,-0.81,-0.30,-27.71,103.27,18.01"
1621,2026-07-27T12:58:29.913,65.263514,62.204800,0.4100,-0.8600,-0.2100,-51.4500,137.2100,21.1800,0.975602,148.061741,"0.41,-0.86,-0.21,-51.45,137.21,21.18"
1622,2026-07-27T12:58:29.913,65.263723,0.208400,0.3600,-0.9300,-0.1500,-59.4500,119.2000,5.0700,1.008464,133.299090,"0.36,-0.93,-0.15,-59.45,119.20,5.07"
1623,2026-07-27T12:58:30.031,65.381885,118.161800,0.2600,-1.0000,-0.1000,-43.0300,70.3100,-22.3400,1.038075,85.405811,"0.26,-1.00,-0.10,-43.03,70.31,-22.34"
1624,2026-07-27T12:58:30.032,65.382398,0.513400,0.1700,-1.0100,-0.1300,0.6700,0.6700,-46.1400,1.032424,46.149728,"0.17,-1.01,-0.13,0.67,0.67,-46.14"
1625,2026-07-27T12:58:30.033,65.383452,1.054200,0.1500,-0.9500,-0.2500,39.7300,-32.9600,-44.6200,0.993730,68.233268,"0.15,-0.95,-0.25,39.73,-32.96,-44.62"
1626,2026-07-27T12:58:30.090,65.441040,57.587600,0.1600,-0.9000,-0.3600,47.3000,-11.6000,-20.9400,0.982446,53.012580,"0.16,-0.90,-0.36,47.30,-11.60,-20.94"
1627,2026-07-27T12:58:30.152,65.502330,61.289900,0.1800,-0.9300,-0.4300,31.5600,23.2500,1.7700,1.040288,39.239381,"0.18,-0.93,-0.43,31.56,23.25,1.77"
1628,2026-07-27T12:58:30.152,65.502984,0.653800,0.1900,-1.0000,-0.4300,8.7300,47.4200,11.6600,1.104989,49.606702,"0.19,-1.00,-0.43,8.73,47.42,11.66"
1629,2026-07-27T12:58:30.271,65.622100,119.116400,0.1800,-1.0100,-0.3300,-2.4400,30.3300,3.7200,1.077683,30.654541,"0.18,-1.01,-0.33,-2.44,30.33,3.72"
1630,2026-07-27T12:58:30.272,65.622731,0.631400,0.1500,-0.9700,-0.2600,6.8400,-19.7100,-12.2700,1.015382,24.203772,"0.15,-0.97,-0.26,6.84,-19.71,-12.27"
1631,2026-07-27T12:58:30.273,65.623779,1.048000,0.1100,-0.9500,-0.2600,26.2500,-67.4400,-21.8500,0.991060,75.595229,"0.11,-0.95,-0.26,26.25,-67.44,-21.85"
1632,2026-07-27T12:58:30.331,65.681839,58.059900,0.0900,-0.8700,-0.2700,43.5200,-113.5300,-18.6800,0.915369,123.012169,"0.09,-0.87,-0.27,43.52,-113.53,-18.68"
1633,2026-07-27T12:58:30.390,65.741291,59.452200,0.1500,-0.8000,-0.2400,47.1200,-140.2600,6.5900,0.848587,148.110061,"0.15,-0.80,-0.24,47.12,-140.26,6.59"
1634,2026-07-27T12:58:30.391,65.741554,0.262400,0.3100,-0.9300,-0.2600,31.1300,-117.0700,54.5000,1.014199,132.833399,"0.31,-0.93,-0.26,31.13,-117.07,54.50"
1635,2026-07-27T12:58:30.571,65.921603,180.049700,0.5200,-1.1800,-0.3400,-6.8400,-56.9500,103.5800,1.333567,118.401455,"0.52,-1.18,-0.34,-6.84,-56.95,103.58"
1636,2026-07-27T12:58:30.571,65.922264,0.660400,0.6600,-1.2200,-0.3600,-55.5400,-30.9400,118.0400,1.433039,134.072431,"0.66,-1.22,-0.36,-55.54,-30.94,118.04"
1637,2026-07-27T12:58:30.572,65.922988,0.724100,0.6400,-1.1100,0.0000,-81.5400,-93.5700,83.8600,1.281288,149.788571,"0.64,-1.11,0.00,-81.54,-93.57,83.86"
1638,2026-07-27T12:58:30.573,65.923978,0.990200,0.5600,-0.9700,0.3400,-51.1500,-181.9500,32.9000,1.170513,191.845081,"0.56,-0.97,0.34,-51.15,-181.95,32.90"
1639,2026-07-27T12:58:30.631,65.981507,57.529300,0.4400,-0.8200,0.1500,-1.1600,-173.8300,1.8300,0.942603,173.843503,"0.44,-0.82,0.15,-1.16,-173.83,1.83"
1640,2026-07-27T12:58:30.631,65.982084,0.576200,0.2400,-0.8500,-0.1900,9.5800,-72.6900,-8.0600,0.903438,73.760261,"0.24,-0.85,-0.19,9.58,-72.69,-8.06"
1641,2026-07-27T12:58:30.690,66.041196,59.112300,0.0600,-1.0200,-0.4100,-4.3300,7.3200,-9.7700,1.100954,12.953154,"0.06,-1.02,-0.41,-4.33,7.32,-9.77"
1642,2026-07-27T12:58:30.930,66.280623,239.427400,-0.1100,-1.0800,-0.4400,-9.7700,24.4100,-6.9600,1.171367,27.198209,"-0.11,-1.08,-0.44,-9.77,24.41,-6.96"
1643,2026-07-27T12:58:30.930,66.281258,0.634300,-0.1700,-0.9800,-0.3300,-2.2600,24.4100,3.1100,1.047950,24.710884,"-0.17,-0.98,-0.33,-2.26,24.41,3.11"
1644,2026-07-27T12:58:30.931,66.281915,0.657000,-0.1100,-0.8500,-0.2900,20.0800,-24.1700,2.3800,0.904820,31.512850,"-0.11,-0.85,-0.29,20.08,-24.17,2.38"
1645,2026-07-27T12:58:30.932,66.282346,0.431300,-0.0600,-0.7900,-0.3400,12.2700,-33.2000,-7.2600,0.862148,36.131710,"-0.06,-0.79,-0.34,12.27,-33.20,-7.26"
1646,2026-07-27T12:58:30.932,66.282933,0.587400,-0.0500,-0.8400,-0.3600,0.0000,-40.7100,-13.9200,0.915260,43.024069,"-0.05,-0.84,-0.36,0.00,-40.71,-13.92"
1647,2026-07-27T12:58:30.934,66.284402,1.468400,-0.0400,-0.9000,-0.4000,-4.1500,-46.3900,-13.6100,0.985698,48.523053,"-0.04,-0.90,-0.40,-4.15,-46.39,-13.61"
1648,2026-07-27T12:58:31.051,66.401603,117.200700,-0.0100,-0.8400,-0.3600,-8.6700,-15.9900,-12.7600,0.913947,22.218609,"-0.01,-0.84,-0.36,-8.67,-15.99,-12.76"
1649,2026-07-27T12:58:31.052,66.402980,1.377500,-0.0000,-0.7700,-0.2500,-13.5500,-0.1200,-25.8800,0.809568,29.212862,"-0.00,-0.77,-0.25,-13.55,-0.12,-25.88"
1650,2026-07-27T12:58:31.053,66.403342,0.362100,-0.0600,-0.8100,-0.2400,-11.6000,-15.3200,-42.6600,0.846936,46.788225,"-0.06,-0.81,-0.24,-11.60,-15.32,-42.66"
1651,2026-07-27T12:58:31.111,66.461639,58.297200,-0.0300,-0.9800,-0.3200,-11.8400,-3.3000,-47.4900,1.031358,49.054823,"-0.03,-0.98,-0.32,-11.84,-3.30,-47.49"
1652,2026-07-27T12:58:31.111,66.462272,0.632400,-0.0900,-1.3300,-0.2400,-20.8700,37.3500,-37.2900,1.354474,56.754943,"-0.09,-1.33,-0.24,-20.87,37.35,-37.29"
1653,2026-07-27T12:58:31.171,66.521769,59.497000,-0.0300,-1.1000,-0.0300,-8.3600,49.1900,-18.4900,1.100818,53.211144,"-0.03,-1.10,-0.03,-8.36,49.19,-18.49"
1654,2026-07-27T12:58:31.311,66.661906,140.137600,0.2100,-0.8600,-0.0400,10.5000,10.5600,-13.9800,0.886172,20.425572,"0.21,-0.86,-0.04,10.50,10.56,-13.98"
1655,2026-07-27T12:58:31.312,66.662643,0.736800,0.3200,-0.8300,-0.1800,12.3300,-17.8800,-27.4700,0.907579,35.018912,"0.32,-0.83,-0.18,12.33,-17.88,-27.47"
1656,2026-07-27T12:58:31.312,66.663243,0.599500,0.3000,-0.8900,-0.2600,22.4600,-18.8000,-41.0800,0.974526,50.452532,"0.30,-0.89,-0.26,22.46,-18.80,-41.08"
1657,2026-07-27T12:58:31.411,66.762060,98.817700,0.2900,-0.9300,-0.2800,41.2600,-33.3300,-43.4600,1.013607,68.571482,"0.29,-0.93,-0.28,41.26,-33.33,-43.46"
1658,2026-07-27T12:58:31.412,66.762766,0.706000,0.3200,-0.9200,-0.2900,54.3800,-49.8700,-38.8800,1.016317,83.401773,"0.32,-0.92,-0.29,54.38,-49.87,-38.88"
1659,2026-07-27T12:58:31.413,66.763536,0.769400,0.2700,-0.8800,-0.3400,51.0300,-45.4700,-41.3200,0.981275,79.868168,"0.27,-0.88,-0.34,51.03,-45.47,-41.32"
1660,2026-07-27T12:58:31.470,66.821097,57.561500,0.1800,-0.8500,-0.4300,24.1700,-22.2800,-46.4500,0.969433,56.905095,"0.18,-0.85,-0.43,24.17,-22.28,-46.45"
1661,2026-07-27T12:58:31.471,66.821637,0.539900,0.1300,-0.8400,-0.4700,-21.3000,44.4900,-33.0200,0.971288,59.357986,"0.13,-0.84,-0.47,-21.30,44.49,-33.02"
1662,2026-07-27T12:58:31.532,66.882870,61.233000,0.1400,-0.8800,-0.3600,-53.4700,126.5900,-4.9400,0.961041,137.508082,"0.14,-0.88,-0.36,-53.47,126.59,-4.94"
1663,2026-07-27T12:58:31.590,66.940908,58.037500,0.1700,-0.9300,-0.2300,-55.1800,136.9000,8.3600,0.972985,147.838872,"0.17,-0.93,-0.23,-55.18,136.90,8.36"
1664,2026-07-27T12:58:31.591,66.941753,0.845800,0.1900,-0.9300,-0.1600,-45.0400,87.1000,-0.3100,0.962601,98.056656,"0.19,-0.93,-0.16,-45.04,87.10,-0.31"
1665,2026-07-27T12:58:31.654,67.004621,62.867800,0.2000,-0.9200,-0.1700,-31.1300,46.2600,-11.4700,0.956713,56.926491,"0.20,-0.92,-0.17,-31.13,46.26,-11.47"
1666,2026-07-27T12:58:31.770,67.121268,116.646800,0.2100,-0.8900,-0.2200,-14.4700,35.7700,-10.6200,0.940532,40.020722,"0.21,-0.89,-0.22,-14.47,35.77,-10.62"
1667,2026-07-27T12:58:31.771,67.121714,0.445900,0.2400,-0.9000,-0.2700,-7.8100,45.7800,2.8100,0.969794,46.526343,"0.24,-0.90,-0.27,-7.81,45.78,2.81"
1668,2026-07-27T12:58:31.771,67.122110,0.395900,0.2500,-1.0300,-0.3100,-5.6200,52.6100,16.8500,1.104310,55.527642,"0.25,-1.03,-0.31,-5.62,52.61,16.85"
1669,2026-07-27T12:58:32.011,67.362210,240.100000,0.2100,-1.1400,-0.3200,8.3000,20.8700,16.1100,1.202539,27.640170,"0.21,-1.14,-0.32,8.30,20.87,16.11"
1670,2026-07-27T12:58:32.013,67.363898,1.688700,0.1700,-1.1600,-0.3100,26.6100,-43.7000,7.8700,1.212683,51.766002,"0.17,-1.16,-0.31,26.61,-43.70,7.87"
1671,2026-07-27T12:58:32.013,67.364083,0.184300,0.2100,-1.1800,-0.3100,31.8000,-93.7500,22.2800,1.237982,101.472661,"0.21,-1.18,-0.31,31.80,-93.75,22.28"
1672,2026-07-27T12:58:32.014,67.364945,0.861900,0.3600,-1.1600,-0.3200,20.5700,-98.6900,73.3600,1.256025,124.677707,"0.36,-1.16,-0.32,20.57,-98.69,73.36"
1673,2026-07-27T12:58:32.015,67.365638,0.693800,0.5200,-1.0000,-0.3000,-2.0800,-67.0800,123.1100,1.166362,140.214567,"0.52,-1.00,-0.30,-2.08,-67.08,123.11"
1674,2026-07-27T12:58:32.015,67.366199,0.560500,0.5100,-0.8600,-0.1100,-39.6100,5.4900,125.6100,1.005883,131.821714,"0.51,-0.86,-0.11,-39.61,5.49,125.61"
1675,2026-07-27T12:58:32.070,67.421069,54.870500,0.3200,-0.8300,0.0500,-65.4900,78.4300,91.3100,0.890955,137.031825,"0.32,-0.83,0.05,-65.49,78.43,91.31"
1676,2026-07-27T12:58:32.071,67.421631,0.561100,0.1900,-0.8200,-0.0400,-45.5900,54.2600,51.7000,0.842674,87.723917,"0.19,-0.82,-0.04,-45.59,54.26,51.70"
1677,2026-07-27T12:58:32.131,67.481775,60.144400,0.2000,-0.8600,-0.1700,-10.9900,-14.8300,22.6400,0.899166,29.210933,"0.20,-0.86,-0.17,-10.99,-14.83,22.64"
1678,2026-07-27T12:58:32.250,67.601165,119.389800,0.2000,-0.8900,-0.2300,5.9800,-43.4600,4.2100,0.940744,44.071035,"0.20,-0.89,-0.23,5.98,-43.46,4.21"
1679,2026-07-27T12:58:32.251,67.601835,0.670000,0.0900,-0.8500,-0.2400,9.2200,-48.3400,-9.1600,0.887806,50.056664,"0.09,-0.85,-0.24,9.22,-48.34,-9.16"
1680,2026-07-27T12:58:32.252,67.602427,0.592200,-0.0000,-0.7600,-0.2400,8.5400,-48.8300,-15.0800,0.796994,51.814157,"-0.00,-0.76,-0.24,8.54,-48.83,-15.08"
1681,2026-07-27T12:58:32.491,67.841881,239.454200,-0.0400,-0.6900,-0.2600,8.5400,-59.3900,-14.3400,0.738444,61.690674,"-0.04,-0.69,-0.26,8.54,-59.39,-14.34"
1682,2026-07-27T12:58:32.492,67.842934,1.053000,-0.0400,-0.7100,-0.2100,9.5800,-84.3500,-10.9900,0.741485,85.600695,"-0.04,-0.71,-0.21,9.58,-84.35,-10.99"
1683,2026-07-27T12:58:32.493,67.843799,0.865000,0.1600,-0.6700,-0.1900,15.9900,-107.1200,-5.0700,0.714563,108.425455,"0.16,-0.67,-0.19,15.99,-107.12,-5.07"
1684,2026-07-27T12:58:32.493,67.844052,0.252700,0.1700,-0.8400,-0.3700,4.7600,-112.0600,3.5400,0.933488,112.216901,"0.17,-0.84,-0.37,4.76,-112.06,3.54"
1685,2026-07-27T12:58:32.494,67.844386,0.333700,-0.0300,-1.0400,-0.3700,-30.0300,-83.7400,23.8600,1.104264,92.105853,"-0.03,-1.04,-0.37,-30.03,-83.74,23.86"
1686,2026-07-27T12:58:32.494,67.845267,0.881800,-0.1200,-0.9400,-0.2500,-54.0800,-21.4200,48.5200,0.980051,75.747298,"-0.12,-0.94,-0.25,-54.08,-21.42,48.52"
1687,2026-07-27T12:58:32.610,67.960552,115.284500,-0.0900,-0.9700,-0.3800,-50.3500,1.1000,54.1400,1.045658,73.942357,"-0.09,-0.97,-0.38,-50.35,1.10,54.14"
1688,2026-07-27T12:58:32.611,67.962206,1.653800,-0.0200,-0.9800,-0.3900,-43.1500,-6.5900,50.6600,1.054941,66.871415,"-0.02,-0.98,-0.39,-43.15,-6.59,50.66"
1689,2026-07-27T12:58:32.612,67.962934,0.728700,-0.1000,-0.7900,-0.3400,-41.4400,1.8300,50.4200,0.865852,65.290113,"-0.10,-0.79,-0.34,-41.44,1.83,50.42"
1690,2026-07-27T12:58:32.670,68.021091,58.157000,-0.3300,-0.7600,-0.3900,-32.9000,4.7600,49.7400,0.915751,59.825874,"-0.33,-0.76,-0.39,-32.90,4.76,49.74"
1691,2026-07-27T12:58:32.672,68.022366,1.274400,-0.5100,-0.8600,-0.4200,-25.5700,9.5800,52.3100,1.084481,59.007944,"-0.51,-0.86,-0.42,-25.57,9.58,52.31"
1692,2026-07-27T12:58:32.730,68.081221,58.855300,-0.4400,-0.7500,-0.4500,-17.0900,6.1000,56.5200,0.979081,59.361507,"-0.44,-0.75,-0.45,-17.09,6.10,56.52"
1693,2026-07-27T12:58:32.851,68.201580,120.359300,-0.3700,-0.6200,-0.5100,-14.1000,-2.6200,55.4800,0.883968,57.303619,"-0.37,-0.62,-0.51,-14.10,-2.62,55.48"
1694,2026-07-27T12:58:32.851,68.202216,0.635900,-0.5000,-0.5900,-0.5300,-25.3300,-0.6700,50.3500,0.937550,56.366482,"-0.50,-0.59,-0.53,-25.33,-0.67,50.35"
1695,2026-07-27T12:58:32.852,68.202644,0.428100,-0.5700,-0.6200,-0.5400,-30.9400,-5.7400,46.6300,1.000450,56.254672,"-0.57,-0.62,-0.54,-30.94,-5.74,46.63"
1696,2026-07-27T12:58:32.910,68.261251,58.606400,-0.5800,-0.7300,-0.5100,-27.2800,-19.0400,45.1700,1.062732,56.098564,"-0.58,-0.73,-0.51,-27.28,-19.04,45.17"
1697,2026-07-27T12:58:32.911,68.261849,0.598200,-0.5200,-0.7400,-0.4800,-18.9200,-36.8000,47.7300,1.023914,63.169291,"-0.52,-0.74,-0.48,-18.92,-36.80,47.73"
1698,2026-07-27T12:58:33.090,68.440846,178.997300,-0.4500,-0.6600,-0.4400,-12.3300,-46.9400,56.8200,0.911976,74.725530,"-0.45,-0.66,-0.44,-12.33,-46.94,56.82"
1699,2026-07-27T12:58:33.150,68.500610,59.763900,-0.5300,-0.6400,-0.4300,-9.5200,-39.3100,67.1400,0.935628,78.381669,"-0.53,-0.64,-0.43,-9.52,-39.31,67.14"
1700,2026-07-27T12:58:33.330,68.680951,180.340800,-0.7100,-0.8400,-0.4400,0.4900,-24.9000,75.3200,1.184610,79.330653,"-0.71,-0.84,-0.44,0.49,-24.90,75.32"
1701,2026-07-27T12:58:33.331,68.681754,0.802800,-0.7600,-1.0200,-0.4100,9.5800,-6.9000,54.2000,1.336451,55.470951,"-0.76,-1.02,-0.41,9.58,-6.90,54.20"
1702,2026-07-27T12:58:33.331,68.681984,0.230400,-0.6300,-0.9600,-0.5200,-0.5500,-0.7900,-30.4600,1.260516,30.475206,"-0.63,-0.96,-0.52,-0.55,-0.79,-30.46"
1703,2026-07-27T12:58:33.332,68.682501,0.517200,-0.5000,-0.8400,-0.7000,-36.3800,-3.3600,-116.8800,1.202331,122.457047,"-0.50,-0.84,-0.70,-36.38,-3.36,-116.88"
1704,2026-07-27T12:58:33.332,68.683302,0.800300,-0.4100,-0.7400,-0.7900,-62.2600,-2.8100,-126.8900,1.157497,141.369289,"-0.41,-0.74,-0.79,-62.26,-2.81,-126.89"
1705,2026-07-27T12:58:33.333,68.684169,0.867800,-0.4000,-0.7400,-0.8200,-54.0800,-1.3400,-85.9400,1.174734,101.548637,"-0.40,-0.74,-0.82,-54.08,-1.34,-85.94"
1706,2026-07-27T12:58:33.334,68.684840,0.670100,-0.4200,-0.8200,-0.7800,-34.1200,0.4300,-43.7000,1.207145,55.444110,"-0.42,-0.82,-0.78,-34.12,0.43,-43.70"
1707,2026-07-27T12:58:33.335,68.685519,0.679600,-0.4000,-0.8400,-0.6600,-12.8800,-2.6900,-14.3400,1.140702,19.461914,"-0.40,-0.84,-0.66,-12.88,-2.69,-14.34"
1708,2026-07-27T12:58:33.451,68.801616,116.096700,-0.3800,-0.7900,-0.5500,6.5300,-9.0900,0.1200,1.034891,11.193007,"-0.38,-0.79,-0.55,6.53,-9.09,0.12"
1709,2026-07-27T12:58:33.451,68.802219,0.602700,-0.3800,-0.7100,-0.4900,22.5200,-14.6500,2.3800,0.942656,26.971046,"-0.38,-0.71,-0.49,22.52,-14.65,2.38"
1710,2026-07-27T12:58:33.455,68.806287,4.068600,-0.3700,-0.6300,-0.4900,37.1100,-18.9200,0.4900,0.879716,41.657636,"-0.37,-0.63,-0.49,37.11,-18.92,0.49"
1711,2026-07-27T12:58:33.511,68.861436,55.149100,-0.3900,-0.6200,-0.5200,33.2600,-16.4800,-2.2600,0.898276,37.187708,"-0.39,-0.62,-0.52,33.26,-16.48,-2.26"
1712,2026-07-27T12:58:33.511,68.861753,0.317000,-0.4400,-0.6600,-0.5300,6.8400,-8.2400,-7.1400,0.953992,12.871006,"-0.44,-0.66,-0.53,6.84,-8.24,-7.14"
1713,2026-07-27T12:58:33.631,68.981676,119.923100,-0.4700,-0.7400,-0.5200,-14.7700,-4.2700,-13.8500,1.019264,20.693195,"-0.47,-0.74,-0.52,-14.77,-4.27,-13.85"
1714,2026-07-27T12:58:33.632,68.982441,0.764200,-0.4400,-0.8000,-0.5000,-15.0100,-7.2000,-18.0100,1.040961,24.525501,"-0.44,-0.80,-0.50,-15.01,-7.20,-18.01"
1715,2026-07-27T12:58:33.632,68.983013,0.572600,-0.3900,-0.8000,-0.4800,9.7000,-12.3300,-6.3500,1.011187,16.924580,"-0.39,-0.80,-0.48,9.70,-12.33,-6.35"
1716,2026-07-27T12:58:33.755,69.106112,123.098700,-0.3800,-0.8000,-0.4900,9.9500,-8.9100,0.9800,1.012176,13.392199,"-0.38,-0.80,-0.49,9.95,-8.91,0.98"
1717,2026-07-27T12:58:33.756,69.106748,0.636000,-0.4200,-0.8000,-0.5000,13.4300,-8.7300,7.6900,1.032666,17.768340,"-0.42,-0.80,-0.50,13.43,-8.73,7.69"
1718,2026-07-27T12:58:33.756,69.107066,0.317800,-0.4200,-0.7700,-0.4700,15.9300,-8.2400,11.9600,0.995088,21.556997,"-0.42,-0.77,-0.47,15.93,-8.24,11.96"
1719,2026-07-27T12:58:33.810,69.161235,54.169000,-0.4500,-0.7700,-0.4600,16.7800,-9.0900,12.3300,1.003494,22.720594,"-0.45,-0.77,-0.46,16.78,-9.09,12.33"
1720,2026-07-27T12:58:33.931,69.281366,120.131000,-0.4900,-0.7500,-0.5000,21.0600,-15.5600,11.9000,1.025963,28.761905,"-0.49,-0.75,-0.50,21.06,-15.56,11.90"
1721,2026-07-27T12:58:33.931,69.281911,0.545600,-0.4900,-0.6700,-0.4700,13.6100,-18.3100,9.8300,0.953887,24.841842,"-0.49,-0.67,-0.47,13.61,-18.31,9.83"
1722,2026-07-27T12:58:33.931,69.282187,0.275900,-0.4800,-0.6300,-0.4100,-3.1100,-14.2200,3.2300,0.891852,14.910178,"-0.48,-0.63,-0.41,-3.11,-14.22,3.23"
1723,2026-07-27T12:58:34.110,69.461215,179.027700,-0.5100,-0.6800,-0.3700,-9.5200,-10.5000,-3.9700,0.927038,14.718740,"-0.51,-0.68,-0.37,-9.52,-10.50,-3.97"
1724,2026-07-27T12:58:34.111,69.461751,0.536000,-0.5400,-0.7400,-0.3600,-7.6300,-8.2400,-7.0800,0.984276,13.275575,"-0.54,-0.74,-0.36,-7.63,-8.24,-7.08"
1725,2026-07-27T12:58:34.111,69.462193,0.442200,-0.5100,-0.7400,-0.4100,-5.0700,-6.7700,-6.3500,0.987826,10.576403,"-0.51,-0.74,-0.41,-5.07,-6.77,-6.35"
1726,2026-07-27T12:58:34.112,69.462844,0.651100,-0.4700,-0.7400,-0.4000,-2.5000,-5.3100,-5.1300,0.963587,7.795063,"-0.47,-0.74,-0.40,-2.50,-5.31,-5.13"
1727,2026-07-27T12:58:34.113,69.464049,1.204400,-0.4600,-0.7700,-0.4000,-1.9500,-2.5600,-5.3100,0.982090,6.209042,"-0.46,-0.77,-0.40,-1.95,-2.56,-5.31"
1728,2026-07-27T12:58:34.471,69.821592,357.543400,-0.4700,-0.7900,-0.4100,-1.3400,-0.5500,-5.4300,1.006529,5.619875,"-0.47,-0.79,-0.41,-1.34,-0.55,-5.43"
1729,2026-07-27T12:58:34.471,69.822158,0.565900,-0.4700,-0.7700,-0.4100,1.7100,-0.6700,-4.3300,0.990909,4.703392,"-0.47,-0.77,-0.41,1.71,-0.67,-4.33"
1730,2026-07-27T12:58:34.472,69.822951,0.793500,-0.4700,-0.7600,-0.4100,3.9700,-1.3400,-3.0500,0.983158,5.182567,"-0.47,-0.76,-0.41,3.97,-1.34,-3.05"
1731,2026-07-27T12:58:34.473,69.823336,0.384700,-0.4700,-0.7600,-0.4000,4.4600,-1.5900,-1.9500,0.979030,5.120762,"-0.47,-0.76,-0.40,4.46,-1.59,-1.95"
1732,2026-07-27T12:58:34.474,69.824314,0.978300,-0.4800,-0.7600,-0.3900,4.8200,-1.5300,-0.7300,0.979847,5.109423,"-0.48,-0.76,-0.39,4.82,-1.53,-0.73"
1733,2026-07-27T12:58:34.475,69.826027,1.712400,-0.5000,-0.7500,-0.3800,3.1100,-0.6700,0.3700,0.978213,3.202796,"-0.50,-0.75,-0.38,3.11,-0.67,0.37"
1734,2026-07-27T12:58:34.476,69.826927,0.900700,-0.5100,-0.7500,-0.3800,-1.2200,0.5500,0.1800,0.983362,1.350296,"-0.51,-0.75,-0.38,-1.22,0.55,0.18"
1735,2026-07-27T12:58:34.477,69.827685,0.757400,-0.4800,-0.7600,-0.3800,-3.7200,0.2400,-0.6700,0.975910,3.787466,"-0.48,-0.76,-0.38,-3.72,0.24,-0.67"
1736,2026-07-27T12:58:34.478,69.828346,0.661200,-0.4600,-0.7700,-0.3900,-4.5800,-0.9200,-1.4000,0.978059,4.876761,"-0.46,-0.77,-0.39,-4.58,-0.92,-1.40"
1737,2026-07-27T12:58:34.590,69.941043,112.696900,-0.4700,-0.7800,-0.4000,-6.4700,-1.0400,-2.2000,0.994636,6.912489,"-0.47,-0.78,-0.40,-6.47,-1.04,-2.20"
1738,2026-07-27T12:58:34.592,69.942520,1.476700,-0.4800,-0.7800,-0.4100,-6.2300,-0.9800,-1.7700,1.003444,6.550282,"-0.48,-0.78,-0.41,-6.23,-0.98,-1.77"
1739,2026-07-27T12:58:34.592,69.942946,0.426800,-0.4700,-0.7500,-0.4100,-4.0900,-0.9800,-0.4900,0.975449,4.234218,"-0.47,-0.75,-0.41,-4.09,-0.98,-0.49"
1740,2026-07-27T12:58:34.650,70.001122,58.175800,-0.4600,-0.7400,-0.4100,-4.0300,0.1800,-0.6100,0.962964,4.079877,"-0.46,-0.74,-0.41,-4.03,0.18,-0.61"
1741,2026-07-27T12:58:34.712,70.062835,61.712400,-0.4700,-0.7400,-0.4200,-5.5500,1.7700,-1.9500,0.972060,6.143118,"-0.47,-0.74,-0.42,-5.55,1.77,-1.95"
1742,2026-07-27T12:58:34.741,70.091557,28.722800,-0.4800,-0.7500,-0.4300,-6.1000,2.5000,-2.2000,0.988838,6.949820,"-0.48,-0.75,-0.43,-6.10,2.50,-2.20"
1743,2026-07-27T12:58:35.131,70.481643,390.085600,-0.4700,-0.7400,-0.4500,-4.8800,1.8900,-2.0100,0.985393,5.605943,"-0.47,-0.74,-0.45,-4.88,1.89,-2.01"
1744,2026-07-27T12:58:35.132,70.482401,0.757600,-0.4700,-0.7500,-0.4600,-2.9900,0.6700,-2.7500,0.997497,4.117220,"-0.47,-0.75,-0.46,-2.99,0.67,-2.75"
1745,2026-07-27T12:58:35.132,70.483082,0.681800,-0.4600,-0.7600,-0.4500,-0.9200,-0.2400,-3.9100,0.995841,4.023941,"-0.46,-0.76,-0.45,-0.92,-0.24,-3.91"
1746,2026-07-27T12:58:35.133,70.483729,0.646100,-0.4600,-0.7600,-0.4300,2.9900,-1.1600,-4.5200,0.986965,5.542211,"-0.46,-0.76,-0.43,2.99,-1.16,-4.52"
1747,2026-07-27T12:58:35.134,70.484424,0.695100,-0.4600,-0.7600,-0.4200,6.7700,-1.2800,-4.4600,0.982649,8.207490,"-0.46,-0.76,-0.42,6.77,-1.28,-4.46"
1748,2026-07-27T12:58:35.134,70.485019,0.595200,-0.4600,-0.7700,-0.4200,8.3000,-0.5500,-4.2100,0.990404,9.322907,"-0.46,-0.77,-0.42,8.30,-0.55,-4.21"
1749,2026-07-27T12:58:35.135,70.486053,1.034600,-0.4600,-0.7800,-0.4100,9.3400,-0.7300,-3.3000,0.994032,9.932699,"-0.46,-0.78,-0.41,9.34,-0.73,-3.30"
1750,2026-07-27T12:58:35.136,70.486901,0.847200,-0.4600,-0.7700,-0.4000,9.0900,-0.8500,-1.7700,0.982090,9.299651,"-0.46,-0.77,-0.40,9.09,-0.85,-1.77"
1751,2026-07-27T12:58:35.137,70.487715,0.814500,-0.4600,-0.7700,-0.4000,7.7500,0.3100,-1.7700,0.982090,7.955596,"-0.46,-0.77,-0.40,7.75,0.31,-1.77"
1752,2026-07-27T12:58:35.138,70.488627,0.912200,-0.4600,-0.7700,-0.4000,8.6100,0.9200,-2.6900,0.982090,9.067227,"-0.46,-0.77,-0.40,8.61,0.92,-2.69"
1753,2026-07-27T12:58:35.250,70.600915,112.287600,-0.4500,-0.7600,-0.4000,10.1300,0.9800,-3.3600,0.969588,10.717598,"-0.45,-0.76,-0.40,10.13,0.98,-3.36"
1754,2026-07-27T12:58:35.251,70.602082,1.166800,-0.4600,-0.7700,-0.4100,8.8500,1.6500,-4.6400,0.986205,10.127912,"-0.46,-0.77,-0.41,8.85,1.65,-4.64"
1755,2026-07-27T12:58:35.252,70.602783,0.701400,-0.4600,-0.7800,-0.4100,5.9200,1.2800,-6.2900,0.994032,8.732062,"-0.46,-0.78,-0.41,5.92,1.28,-6.29"
1756,2026-07-27T12:58:35.551,70.901653,298.870100,-0.4600,-0.7800,-0.4000,2.6200,-0.7300,-7.9300,0.989949,8.383448,"-0.46,-0.78,-0.40,2.62,-0.73,-7.93"
1757,2026-07-27T12:58:35.552,70.902409,0.755400,-0.4400,-0.7800,-0.3900,-0.8500,-3.0500,-10.3100,0.976780,10.785226,"-0.44,-0.78,-0.39,-0.85,-3.05,-10.31"
1758,2026-07-27T12:58:35.552,70.902692,0.283400,-0.4300,-0.7800,-0.3700,-1.8900,-5.2500,-13.4300,0.964469,14.543022,"-0.43,-0.78,-0.37,-1.89,-5.25,-13.43"
1759,2026-07-27T12:58:35.552,70.903058,0.365900,-0.4100,-0.7900,-0.3800,-1.1000,-6.7100,-16.1100,0.967781,17.486172,"-0.41,-0.79,-0.38,-1.10,-6.71,-16.11"
1760,2026-07-27T12:58:35.553,70.903408,0.350100,-0.4000,-0.8200,-0.3900,-2.3800,-6.3500,-17.7600,0.992220,19.010642,"-0.40,-0.82,-0.39,-2.38,-6.35,-17.76"
1761,2026-07-27T12:58:35.554,70.904635,1.227000,-0.3800,-0.8600,-0.3900,-4.5200,-4.8200,-16.7800,1.017890,18.034168,"-0.38,-0.86,-0.39,-4.52,-4.82,-16.78"
1762,2026-07-27T12:58:35.671,71.021488,116.853100,-0.3500,-0.8800,-0.3700,-3.1700,-3.7800,-12.2100,1.016760,13.168956,"-0.35,-0.88,-0.37,-3.17,-3.78,-12.21"
1763,2026-07-27T12:58:35.671,71.021998,0.509500,-0.3500,-0.8800,-0.3700,-0.6100,-1.9500,-5.7400,1.016760,6.092799,"-0.35,-0.88,-0.37,-0.61,-1.95,-5.74"
1764,2026-07-27T12:58:35.672,71.022363,0.365300,-0.3600,-0.8600,-0.3800,1.9500,0.7300,1.1600,1.006777,2.383485,"-0.36,-0.86,-0.38,1.95,0.73,1.16"
1765,2026-07-27T12:58:35.672,71.023073,0.709800,-0.3900,-0.8300,-0.3900,4.9400,2.5000,7.0200,0.996544,8.940582,"-0.39,-0.83,-0.39,4.94,2.50,7.02"
1766,2026-07-27T12:58:35.673,71.023629,0.556300,-0.4200,-0.7900,-0.4100,5.3700,2.8100,9.2800,0.984175,11.083835,"-0.42,-0.79,-0.41,5.37,2.81,9.28"
1767,2026-07-27T12:58:35.790,71.141222,117.593100,-0.4400,-0.7700,-0.4200,2.8700,1.7100,7.6900,0.981275,8.384337,"-0.44,-0.77,-0.42,2.87,1.71,7.69"
1768,2026-07-27T12:58:35.791,71.141952,0.729800,-0.4400,-0.7600,-0.4200,-1.5300,-1.1600,3.5400,0.973447,4.027170,"-0.44,-0.76,-0.42,-1.53,-1.16,3.54"
1769,2026-07-27T12:58:35.792,71.142342,0.390300,-0.4200,-0.7600,-0.4000,-5.3100,-4.7000,-1.4600,0.956033,7.240007,"-0.42,-0.76,-0.40,-5.31,-4.70,-1.46"
1770,2026-07-27T12:58:35.851,71.201524,59.181500,-0.4000,-0.7800,-0.3900,-6.1000,-7.0800,-6.4100,0.959427,11.332453,"-0.40,-0.78,-0.39,-6.10,-7.08,-6.41"
1771,2026-07-27T12:58:35.972,71.322503,120.979000,-0.3900,-0.8200,-0.3800,-4.8800,-7.7500,-10.5000,0.984327,13.932943,"-0.39,-0.82,-0.38,-4.88,-7.75,-10.50"
1772,2026-07-27T12:58:35.972,71.323198,0.695000,-0.3700,-0.8500,-0.3900,0.1200,-8.9700,-11.2300,1.005734,14.373176,"-0.37,-0.85,-0.39,0.12,-8.97,-11.23"
1773,2026-07-27T12:58:35.973,71.323759,0.561700,-0.3800,-0.8400,-0.3900,4.3900,-9.9500,-7.8700,1.001049,13.424288,"-0.38,-0.84,-0.39,4.39,-9.95,-7.87"
1774,2026-07-27T12:58:36.151,71.501369,177.609100,-0.4100,-0.8200,-0.3800,1.3400,-7.8700,-3.3600,0.992421,8.661530,"-0.41,-0.82,-0.38,1.34,-7.87,-3.36"
1775,2026-07-27T12:58:36.151,71.501934,0.565300,-0.4300,-0.8000,-0.3700,-2.7500,-4.8800,-1.0400,0.980714,5.697236,"-0.43,-0.80,-0.37,-2.75,-4.88,-1.04"
1776,2026-07-27T12:58:36.151,71.502003,0.069500,-0.4400,-0.7800,-0.3700,-2.8100,-3.7200,-2.5600,0.968969,5.318656,"-0.44,-0.78,-0.37,-2.81,-3.72,-2.56"
1777,2026-07-27T12:58:36.152,71.502949,0.945900,-0.4300,-0.7800,-0.3600,-2.2000,-3.9700,-7.6300,0.960677,8.877939,"-0.43,-0.78,-0.36,-2.20,-3.97,-7.63"
1778,2026-07-27T12:58:36.153,71.503569,0.619600,-0.3900,-0.8100,-0.3600,-1.2800,-5.0000,-13.2400,0.968401,14.210419,"-0.39,-0.81,-0.36,-1.28,-5.00,-13.24"
1779,2026-07-27T12:58:36.331,71.681487,177.917900,-0.3500,-0.8400,-0.3700,2.3200,-6.4100,-15.5000,0.982344,16.932823,"-0.35,-0.84,-0.37,2.32,-6.41,-15.50"
1780,2026-07-27T12:58:36.331,71.681942,0.454800,-0.3300,-0.8600,-0.3600,4.9400,-5.2500,-13.1800,0.988989,15.022600,"-0.33,-0.86,-0.36,4.94,-5.25,-13.18"
1781,2026-07-27T12:58:36.332,71.682379,0.437600,-0.3400,-0.8700,-0.3700,5.6800,-0.9200,-8.7300,1.004689,10.455702,"-0.34,-0.87,-0.37,5.68,-0.92,-8.73"
1782,2026-07-27T12:58:36.332,71.683107,0.728000,-0.3600,-0.8700,-0.3800,7.6300,2.7500,-4.9400,1.015332,9.496473,"-0.36,-0.87,-0.38,7.63,2.75,-4.94"
1783,2026-07-27T12:58:36.391,71.741515,58.407600,-0.3700,-0.8600,-0.3800,8.9700,3.6600,-2.8100,1.010396,10.087249,"-0.37,-0.86,-0.38,8.97,3.66,-2.81"
1784,2026-07-27T12:58:36.451,71.802254,60.739400,-0.3600,-0.8600,-0.3700,8.0600,2.3200,-2.0100,1.003045,8.624738,"-0.36,-0.86,-0.37,8.06,2.32,-2.01"
1785,2026-07-27T12:58:36.452,71.802612,0.358000,-0.3400,-0.8600,-0.3500,4.6400,0.3700,-1.9500,0.988787,5.046682,"-0.34,-0.86,-0.35,4.64,0.37,-1.95"
1786,2026-07-27T12:58:36.571,71.921475,118.862700,-0.3500,-0.8600,-0.3500,0.3100,-0.6100,-2.0100,0.992270,2.123276,"-0.35,-0.86,-0.35,0.31,-0.61,-2.01"
1787,2026-07-27T12:58:36.571,71.921703,0.228400,-0.3600,-0.8400,-0.3500,-2.3800,-0.6700,-1.8300,0.978621,3.076069,"-0.36,-0.84,-0.35,-2.38,-0.67,-1.83"
1788,2026-07-27T12:58:36.572,71.922333,0.630100,-0.3800,-0.8300,-0.3700,-5.5500,-0.6700,-1.7700,0.984987,5.863813,"-0.38,-0.83,-0.37,-5.55,-0.67,-1.77"
1789,2026-07-27T12:58:36.750,72.101301,178.968000,-0.3800,-0.8300,-0.3800,-9.8300,-4.8200,-2.0800,0.988787,11.143954,"-0.38,-0.83,-0.38,-9.83,-4.82,-2.08"
1790,2026-07-27T12:58:36.751,72.101818,0.516900,-0.3700,-0.8400,-0.3800,-8.9100,-7.5100,-2.0100,0.993428,11.824902,"-0.37,-0.84,-0.38,-8.91,-7.51,-2.01"
1791,2026-07-27T12:58:36.810,72.160973,59.154500,-0.3500,-0.8400,-0.3700,-7.9300,-8.4800,-1.4000,0.982344,11.694242,"-0.35,-0.84,-0.37,-7.93,-8.48,-1.40"
1792,2026-07-27T12:58:36.811,72.161433,0.459900,-0.3500,-0.8500,-0.3700,-5.4300,-8.1200,-0.7300,0.990909,9.795519,"-0.35,-0.85,-0.37,-5.43,-8.12,-0.73"
1793,2026-07-27T12:58:36.812,72.162614,1.181500,-0.3400,-0.8500,-0.3700,-1.5300,-7.2600,-0.1200,0.987421,7.420438,"-0.34,-0.85,-0.37,-1.53,-7.26,-0.12"
1794,2026-07-27T12:58:36.812,72.163281,0.667100,-0.3400,-0.8500,-0.3600,1.4600,-5.4300,1.5900,0.983717,5.843338,"-0.34,-0.85,-0.36,1.46,-5.43,1.59"
1795,2026-07-27T12:58:36.871,72.221541,58.259500,-0.3300,-0.8500,-0.3500,3.4200,-2.2000,3.9700,0.976678,5.683071,"-0.33,-0.85,-0.35,3.42,-2.20,3.97"
1796,2026-07-27T12:58:36.991,72.341794,120.253200,-0.3400,-0.8600,-0.3500,6.9000,0.4300,5.8600,0.988787,9.062809,"-0.34,-0.86,-0.35,6.90,0.43,5.86"
1797,2026-07-27T12:58:36.992,72.342371,0.576800,-0.3400,-0.8700,-0.3500,11.1700,1.4000,7.8100,0.997497,13.701277,"-0.34,-0.87,-0.35,11.17,1.40,7.81"
1798,2026-07-27T12:58:36.992,72.342926,0.555500,-0.3500,-0.8600,-0.3400,13.3100,2.1400,9.8900,0.988787,16.719683,"-0.35,-0.86,-0.34,13.31,2.14,9.89"
1799,2026-07-27T12:58:36.993,72.343452,0.526100,-0.4100,-0.8400,-0.3500,13.0000,2.1400,11.3500,0.998098,17.389712,"-0.41,-0.84,-0.35,13.00,2.14,11.35"
1800,2026-07-27T12:58:37.231,72.581670,238.217300,-0.4100,-0.8100,-0.3500,9.0900,0.6700,12.3900,0.972985,15.381453,"-0.41,-0.81,-0.35,9.09,0.67,12.39"
1801,2026-07-27T12:58:37.232,72.582625,0.955600,-0.4100,-0.7800,-0.3500,2.1400,-0.9800,11.6000,0.948156,11.836385,"-0.41,-0.78,-0.35,2.14,-0.98,11.60"
1802,2026-07-27T12:58:37.232,72.582982,0.356400,-0.4300,-0.7700,-0.3700,-4.7000,-3.1100,8.0600,0.956399,9.834922,"-0.43,-0.77,-0.37,-4.70,-3.11,8.06"
1803,2026-07-27T12:58:37.232,72.583226,0.244600,-0.4500,-0.7600,-0.3700,-11.3500,-6.2300,3.5400,0.957601,13.422630,"-0.45,-0.76,-0.37,-11.35,-6.23,3.54"
1804,2026-07-27T12:58:37.233,72.583683,0.456700,-0.4600,-0.7800,-0.3600,-19.4100,-8.3600,-1.5300,0.974474,21.189115,"-0.46,-0.78,-0.36,-19.41,-8.36,-1.53"
1805,2026-07-27T12:58:37.233,72.584230,0.546700,-0.4400,-0.8200,-0.3500,-23.3800,-9.5200,-6.8400,0.994233,26.154166,"-0.44,-0.82,-0.35,-23.38,-9.52,-6.84"
1806,2026-07-27T12:58:37.351,72.701404,117.174400,-0.4100,-0.8400,-0.3300,-18.8000,-10.0100,-9.8900,0.991262,23.483019,"-0.41,-0.84,-0.33,-18.80,-10.01,-9.89"
1807,2026-07-27T12:58:37.352,72.702459,1.054700,-0.3800,-0.8500,-0.3400,-11.1700,-7.8700,-10.2500,0.991211,17.081227,"-0.38,-0.85,-0.34,-11.17,-7.87,-10.25"
1808,2026-07-27T12:58:37.352,72.703170,0.711400,-0.3700,-0.8600,-0.3500,-3.1700,-3.7800,-8.1800,0.999500,9.552471,"-0.37,-0.86,-0.35,-3.17,-3.78,-8.18"
1809,2026-07-27T12:58:37.531,72.882253,179.082800,-0.3700,-0.8500,-0.3800,5.4900,-0.5500,-4.2100,1.001898,6.940223,"-0.37,-0.85,-0.38,5.49,-0.55,-4.21"
1810,2026-07-27T12:58:37.532,72.882616,0.363000,-0.3700,-0.8600,-0.3900,10.6200,0.7300,-0.5500,1.014199,10.659259,"-0.37,-0.86,-0.39,10.62,0.73,-0.55"
1811,2026-07-27T12:58:37.533,72.883487,0.870600,-0.3600,-0.8700,-0.3700,11.2900,0.9200,3.1100,1.011632,11.746600,"-0.36,-0.87,-0.37,11.29,0.92,3.11"
1812,2026-07-27T12:58:37.533,72.883790,0.303100,-0.3600,-0.8700,-0.3400,10.6200,1.5300,7.4500,1.001049,13.062458,"-0.36,-0.87,-0.34,10.62,1.53,7.45"
1813,2026-07-27T12:58:37.711,73.061856,178.066000,-0.3800,-0.8500,-0.3300,10.0100,2.9300,11.6000,0.987826,15.599519,"-0.38,-0.85,-0.33,10.01,2.93,11.60"
1814,2026-07-27T12:58:37.712,73.062597,0.741700,-0.4000,-0.8300,-0.3500,9.7700,3.6600,14.2200,0.985596,17.636805,"-0.40,-0.83,-0.35,9.77,3.66,14.22"
1815,2026-07-27T12:58:37.712,73.063282,0.685000,-0.3900,-0.8200,-0.3600,8.8500,3.1700,14.2200,0.976780,17.046401,"-0.39,-0.82,-0.36,8.85,3.17,14.22"
1816,2026-07-27T12:58:37.713,73.063762,0.479800,-0.3700,-0.8200,-0.3800,5.5500,3.2300,12.5100,0.976576,14.061846,"-0.37,-0.82,-0.38,5.55,3.23,12.51"
1817,2026-07-27T12:58:37.714,73.064412,0.650000,-0.3500,-0.8500,-0.4400,3.4800,4.2100,8.4800,1.019117,10.086868,"-0.35,-0.85,-0.44,3.48,4.21,8.48"
1818,2026-07-27T12:58:37.830,73.180944,116.532000,-0.3400,-0.9000,-0.4900,11.9600,2.5600,0.3100,1.079676,12.234840,"-0.34,-0.90,-0.49,11.96,2.56,0.31"
1819,2026-07-27T12:58:37.831,73.181565,0.620400,-0.3300,-1.0000,-0.5400,29.5400,-2.0800,-11.2300,1.183427,31.670979,"-0.33,-1.00,-0.54,29.54,-2.08,-11.23"
1820,2026-07-27T12:58:38.010,73.360488,178.923100,-0.2900,-1.0500,-0.5500,46.5100,-1.3400,-16.6000,1.220287,49.401778,"-0.29,-1.05,-0.55,46.51,-1.34,-16.60"
1821,2026-07-27T12:58:38.010,73.360952,0.464200,-0.2700,-0.9500,-0.4800,40.9500,15.9300,11.9000,1.098089,45.522274,"-0.27,-0.95,-0.48,40.95,15.93,11.90"
1822,2026-07-27T12:58:38.011,73.361527,0.575000,-0.4400,-0.9600,-0.3800,-35.6400,46.0200,79.4100,1.122319,98.458103,"-0.44,-0.96,-0.38,-35.64,46.02,79.41"
1823,2026-07-27T12:58:38.012,73.362425,0.898400,-0.7100,-1.0400,-0.2900,-130.1300,65.6700,100.3400,1.292207,176.958982,"-0.71,-1.04,-0.29,-130.13,65.67,100.34"
1824,2026-07-27T12:58:38.012,73.363093,0.667700,-0.7100,-0.8400,-0.2800,-120.7900,59.2000,30.4600,1.134945,137.922716,"-0.71,-0.84,-0.28,-120.79,59.20,30.46"
1825,2026-07-27T12:58:38.131,73.481504,118.411000,-0.5300,-0.6000,-0.3700,-44.2500,42.3600,-43.7000,0.881930,75.247074,"-0.53,-0.60,-0.37,-44.25,42.36,-43.70"
1826,2026-07-27T12:58:38.131,73.482126,0.622200,-0.4600,-0.6000,-0.4200,-0.8500,34.0600,-63.4800,0.864870,72.045239,"-0.46,-0.60,-0.42,-0.85,34.06,-63.48"
1827,2026-07-27T12:58:38.132,73.482697,0.571200,-0.4300,-0.6100,-0.4400,2.5000,32.7800,-50.0500,0.866372,59.881390,"-0.43,-0.61,-0.44,2.50,32.78,-50.05"
1828,2026-07-27T12:58:38.191,73.541397,58.699300,-0.3600,-0.6400,-0.4700,-3.1700,34.9700,-34.7900,0.871837,49.429686,"-0.36,-0.64,-0.47,-3.17,34.97,-34.79"
1829,2026-07-27T12:58:38.373,73.723326,181.929200,-0.3800,-0.7400,-0.5200,-7.8100,34.6100,-27.2800,0.981020,44.755409,"-0.38,-0.74,-0.52,-7.81,34.61,-27.28"
1830,2026-07-27T12:58:38.373,73.723509,0.183300,-0.3700,-0.8000,-0.5600,-7.3200,26.9800,-22.7100,1.044270,36.017314,"-0.37,-0.80,-0.56,-7.32,26.98,-22.71"
1831,2026-07-27T12:58:38.373,73.723739,0.230000,-0.2700,-0.8300,-0.6000,1.0400,20.5700,-19.6500,1.059151,28.466278,"-0.27,-0.83,-0.60,1.04,20.57,-19.65"
1832,2026-07-27T12:58:38.373,73.724278,0.538700,-0.2500,-0.9000,-0.5900,2.1400,21.6100,-18.6200,1.104808,28.605526,"-0.25,-0.90,-0.59,2.14,21.61,-18.62"
1833,2026-07-27T12:58:38.374,73.724979,0.701500,-0.2000,-0.9400,-0.5800,2.5000,22.8900,-17.7600,1.122497,29.079541,"-0.20,-0.94,-0.58,2.50,22.89,-17.76"
1834,2026-07-27T12:58:38.431,73.781391,56.411600,-0.1400,-0.9100,-0.6100,10.6800,21.8500,-17.9400,1.104446,30.221325,"-0.14,-0.91,-0.61,10.68,21.85,-17.94"
1835,2026-07-27T12:58:38.493,73.843668,62.277300,-0.1200,-0.8900,-0.6000,14.4700,24.4800,-19.8400,1.080046,34.673865,"-0.12,-0.89,-0.60,14.47,24.48,-19.84"
1836,2026-07-27T12:58:38.494,73.844490,0.821800,-0.1100,-0.8400,-0.5800,17.0900,27.1000,-23.0700,1.026694,39.480413,"-0.11,-0.84,-0.58,17.09,27.10,-23.07"
1837,2026-07-27T12:58:38.671,74.021821,177.330500,-0.0900,-0.7800,-0.5500,21.6700,28.3800,-26.4300,0.958645,44.424748,"-0.09,-0.78,-0.55,21.67,28.38,-26.43"
1838,2026-07-27T12:58:38.672,74.022313,0.492200,-0.1000,-0.7300,-0.5200,23.7400,30.9400,-27.4700,0.901831,47.701909,"-0.10,-0.73,-0.52,23.74,30.94,-27.47"
1839,2026-07-27T12:58:38.672,74.022748,0.435400,-0.1400,-0.6800,-0.5100,21.9700,32.5300,-26.7900,0.861452,47.524582,"-0.14,-0.68,-0.51,21.97,32.53,-26.79"
1840,2026-07-27T12:58:38.672,74.023185,0.436400,-0.1900,-0.6800,-0.5100,17.5800,29.7900,-27.4000,0.870976,44.127775,"-0.19,-0.68,-0.51,17.58,29.79,-27.40"
1841,2026-07-27T12:58:38.673,74.023816,0.631700,-0.1900,-0.7000,-0.5000,12.6300,23.5600,-30.1500,0.880965,40.294081,"-0.19,-0.70,-0.50,12.63,23.56,-30.15"
1842,2026-07-27T12:58:38.791,74.141462,117.645800,-0.1500,-0.7700,-0.4800,9.5800,18.3100,-32.3500,0.919674,38.386912,"-0.15,-0.77,-0.48,9.58,18.31,-32.35"
1843,2026-07-27T12:58:38.791,74.141790,0.327800,-0.0700,-0.8500,-0.4600,8.6700,18.0700,-30.5200,0.969020,36.512521,"-0.07,-0.85,-0.46,8.67,18.07,-30.52"
1844,2026-07-27T12:58:38.972,74.323047,181.257300,-0.0000,-0.8700,-0.4700,6.7100,19.1700,-26.8600,0.988838,33.674510,"-0.00,-0.87,-0.47,6.71,19.17,-26.86"
1845,2026-07-27T12:58:38.974,74.324928,1.881200,0.0100,-0.8500,-0.4800,3.9100,16.3600,-25.8200,0.976217,30.815744,"0.01,-0.85,-0.48,3.91,16.36,-25.82"
1846,2026-07-27T12:58:38.975,74.325457,0.528200,0.0300,-0.8200,-0.4900,-0.3100,12.3900,-26.4900,0.955720,29.245996,"0.03,-0.82,-0.49,-0.31,12.39,-26.49"
1847,2026-07-27T12:58:38.975,74.325778,0.321900,0.0600,-0.8200,-0.4900,-4.5800,10.8600,-25.7600,0.957131,28.328318,"0.06,-0.82,-0.49,-4.58,10.86,-25.76"
1848,2026-07-27T12:58:38.975,74.326309,0.531000,0.1000,-0.8200,-0.4600,-5.3100,13.5500,-23.8000,0.945516,27.896928,"0.10,-0.82,-0.46,-5.31,13.55,-23.80"
1849,2026-07-27T12:58:39.271,74.622091,295.781500,0.1200,-0.7900,-0.4400,2.2600,14.2800,-21.8500,0.912195,26.200162,"0.12,-0.79,-0.44,2.26,14.28,-21.85"
1850,2026-07-27T12:58:39.272,74.622722,0.630900,0.1100,-0.7700,-0.4500,18.8000,2.8700,-20.8700,0.898610,28.235329,"0.11,-0.77,-0.45,18.80,2.87,-20.87"
1851,2026-07-27T12:58:39.272,74.623115,0.393200,0.1000,-0.7800,-0.4600,38.8200,-16.1700,-22.5800,0.911043,47.731726,"0.10,-0.78,-0.46,38.82,-16.17,-22.58"
1852,2026-07-27T12:58:39.273,74.623699,0.583800,0.1600,-0.8000,-0.4700,53.8300,-26.9800,-22.7100,0.941541,64.353193,"0.16,-0.80,-0.47,53.83,-26.98,-22.71"
1853,2026-07-27T12:58:39.273,74.624044,0.345100,0.2400,-0.8300,-0.4700,59.0800,-24.2300,-15.4400,0.983565,65.695760,"0.24,-0.83,-0.47,59.08,-24.23,-15.44"
1854,2026-07-27T12:58:39.274,74.624471,0.427000,0.3000,-0.8400,-0.4600,53.5900,-13.0600,-4.5800,1.003594,55.348244,"0.30,-0.84,-0.46,53.59,-13.06,-4.58"
1855,2026-07-27T12:58:39.274,74.625111,0.639800,0.2900,-0.8500,-0.4400,41.9300,-2.0800,0.3100,1.000100,41.982704,"0.29,-0.85,-0.44,41.93,-2.08,0.31"
1856,2026-07-27T12:58:39.275,74.625875,0.764300,0.2100,-0.8500,-0.4300,32.9000,-4.2700,-5.3100,0.975449,33.598199,"0.21,-0.85,-0.43,32.90,-4.27,-5.31"
1857,2026-07-27T12:58:39.391,74.741814,115.938900,0.1300,-0.8400,-0.4100,26.6100,-21.1200,-15.5000,0.943716,37.341619,"0.13,-0.84,-0.41,26.61,-21.12,-15.50"
1858,2026-07-27T12:58:39.392,74.742368,0.553800,0.1000,-0.8300,-0.3800,17.5200,-31.1300,-18.1300,0.918314,40.059009,"0.10,-0.83,-0.38,17.52,-31.13,-18.13"
1859,2026-07-27T12:58:39.511,74.861342,118.974600,0.1000,-0.8500,-0.3700,6.9000,-18.9800,-9.1600,0.932416,22.175572,"0.10,-0.85,-0.37,6.90,-18.98,-9.16"
1860,2026-07-27T12:58:39.511,74.861922,0.579800,0.1100,-0.9000,-0.3800,-0.1200,-2.0100,3.3000,0.983107,3.865812,"0.11,-0.90,-0.38,-0.12,-2.01,3.30"
1861,2026-07-27T12:58:39.511,74.862302,0.379500,0.1500,-0.9300,-0.3700,2.2600,4.7600,17.4600,1.012077,18.237785,"0.15,-0.93,-0.37,2.26,4.76,17.46"
1862,2026-07-27T12:58:39.571,74.921744,59.442600,0.2100,-0.9400,-0.3600,1.9500,12.0800,19.5900,1.028251,23.097554,"0.21,-0.94,-0.36,1.95,12.08,19.59"
1863,2026-07-27T12:58:39.571,74.922252,0.507800,0.2900,-0.9700,-0.3600,-14.4700,29.1100,19.4100,1.074523,37.861869,"0.29,-0.97,-0.36,-14.47,29.11,19.41"
1864,2026-07-27T12:58:39.871,75.222131,299.878400,0.3800,-0.9900,-0.3500,-49.3200,66.4700,12.7000,1.116692,83.737765,"0.38,-0.99,-0.35,-49.32,66.47,12.70"
1865,2026-07-27T12:58:39.872,75.222806,0.675900,0.3800,-0.9900,-0.3500,-49.3200,66.4700,12.7000,1.116692,83.737765,"0.38,-0.99,-0.35,-49.32,66.47,12.70"
1866,2026-07-27T12:58:39.873,75.223352,0.545200,0.2300,-0.8900,-0.2900,-68.3600,151.9800,-8.9100,0.963898,166.884385,"0.23,-0.89,-0.29,-68.36,151.98,-8.91"
1867,2026-07-27T12:58:39.873,75.223926,0.574300,0.1000,-1.0800,-0.3800,-21.5500,91.7400,-16.3600,1.149261,95.646640,"0.10,-1.08,-0.38,-21.55,91.74,-16.36"
1868,2026-07-27T12:58:39.874,75.224785,0.859000,0.0100,-1.2100,-0.4400,14.3400,-0.3100,-14.7100,1.287556,20.545457,"0.01,-1.21,-0.44,14.34,-0.31,-14.71"
1869,2026-07-27T12:58:39.874,75.225261,0.476600,-0.0500,-1.0600,-0.4000,30.3300,-35.8300,-1.4000,1.134063,46.964431,"-0.05,-1.06,-0.40,30.33,-35.83,-1.40"
1870,2026-07-27T12:58:39.875,75.226090,0.828800,-0.0000,-0.8800,-0.3600,37.2300,-32.0400,6.8400,0.950789,49.592541,"-0.00,-0.88,-0.36,37.23,-32.04,6.84"
1871,2026-07-27T12:58:39.876,75.226782,0.692100,0.4000,-0.7300,-0.2900,22.5200,-5.8000,5.8600,0.881476,23.981868,"0.40,-0.73,-0.29,22.52,-5.80,5.86"
1872,2026-07-27T12:58:39.931,75.281345,54.562700,0.5300,-0.7600,-0.1500,-2.5600,42.9700,-2.4400,0.938616,43.115288,"0.53,-0.76,-0.15,-2.56,42.97,-2.44"
1873,2026-07-27T12:58:40.051,75.401350,120.005200,0.5400,-0.8300,-0.0600,-3.9100,75.3200,-23.1300,0.992018,78.888449,"0.54,-0.83,-0.06,-3.91,75.32,-23.13"
1874,2026-07-27T12:58:40.051,75.401990,0.639700,0.4500,-0.8900,-0.1300,-3.9100,75.3200,-23.1300,1.005734,78.888449,"0.45,-0.89,-0.13,-3.91,75.32,-23.13"
1875,2026-07-27T12:58:40.052,75.402490,0.499500,0.3900,-0.8900,-0.2300,24.6000,27.5900,-47.8500,0.998549,60.464788,"0.39,-0.89,-0.23,24.60,27.59,-47.85"
1876,2026-07-27T12:58:40.110,75.461193,58.703400,0.3800,-0.8400,-0.2600,19.4700,27.5900,-34.3000,0.957914,48.132931,"0.38,-0.84,-0.26,19.47,27.59,-34.30"
1877,2026-07-27T12:58:40.231,75.581333,120.140200,0.3900,-0.8400,-0.2900,4.7000,54.5000,-16.6600,0.970464,57.183001,"0.39,-0.84,-0.29,4.70,54.50,-16.66"
1878,2026-07-27T12:58:40.231,75.582150,0.817100,0.3700,-0.8600,-0.3100,-14.6500,79.7700,-5.2500,0.986205,81.273845,"0.37,-0.86,-0.31,-14.65,79.77,-5.25"
1879,2026-07-27T12:58:40.231,75.582313,0.162700,0.2200,-0.7500,-0.2600,-43.4000,87.8300,-1.5900,0.823711,97.980595,"0.22,-0.75,-0.26,-43.40,87.83,-1.59"
1880,2026-07-27T12:58:40.291,75.641465,59.151800,-0.1500,-0.6600,-0.1500,-70.8000,89.0500,2.9300,0.693253,113.803020,"-0.15,-0.66,-0.15,-70.80,89.05,2.93"
1881,2026-07-27T12:58:40.350,75.701092,59.627700,-0.5700,-0.8400,-0.1300,-50.7800,72.7500,35.7700,1.023426,95.659102,"-0.57,-0.84,-0.13,-50.78,72.75,35.77"
1882,2026-07-27T12:58:40.351,75.701719,0.626600,-0.4600,-1.0000,-0.3800,23.6200,8.6100,102.8400,1.164474,105.868324,"-0.46,-1.00,-0.38,23.62,8.61,102.84"
1883,2026-07-27T12:58:40.411,75.761930,60.211200,0.1700,-0.6900,-0.4900,69.8900,-13.1800,163.0200,0.863192,177.859059,"0.17,-0.69,-0.49,69.89,-13.18,163.02"
1884,2026-07-27T12:58:40.412,75.762535,0.605100,0.4300,-0.4000,-0.2400,-17.5200,42.8500,182.8000,0.634429,188.570711,"0.43,-0.40,-0.24,-17.52,42.85,182.80"
1885,2026-07-27T12:58:40.470,75.821194,58.658600,0.3200,-0.6100,-0.1600,-123.1700,48.5200,156.1900,0.707177,204.744610,"0.32,-0.61,-0.16,-123.17,48.52,156.19"
1886,2026-07-27T12:58:40.650,76.001149,179.954600,0.1900,-0.7100,-0.5300,-88.0700,-14.5300,96.5000,0.906146,131.452257,"0.19,-0.71,-0.53,-88.07,-14.53,96.50"
1887,2026-07-27T12:58:40.651,76.001716,0.567600,-0.1200,-0.7400,-0.8800,-29.3000,-62.3200,56.4600,1.156028,89.050570,"-0.12,-0.74,-0.88,-29.30,-62.32,56.46"
1888,2026-07-27T12:58:40.652,76.002442,0.725800,-0.4000,-0.9200,-0.7000,-59.3300,-47.6100,75.1300,1.223274,106.917154,"-0.40,-0.92,-0.70,-59.33,-47.61,75.13"
1889,2026-07-27T12:58:40.652,76.003144,0.702100,-0.4200,-0.9700,-0.4000,-95.6400,-24.4800,99.4900,1.130177,140.158982,"-0.42,-0.97,-0.40,-95.64,-24.48,99.49"
1890,2026-07-27T12:58:40.653,76.003693,0.549200,-0.4500,-1.0200,-0.4300,-66.1600,-42.7900,88.9900,1.194906,118.858529,"-0.45,-1.02,-0.43,-66.16,-42.79,88.99"
1891,2026-07-27T12:58:40.711,76.061436,57.743300,-0.4800,-0.9800,-0.6700,-20.8700,-64.5800,78.2500,1.280508,103.581831,"-0.48,-0.98,-0.67,-20.87,-64.58,78.25"
1892,2026-07-27T12:58:40.891,76.241622,180.185700,-0.4600,-1.0000,-0.7800,-8.0000,-67.5000,79.5300,1.349074,104.619649,"-0.46,-1.00,-0.78,-8.00,-67.50,79.53"
1893,2026-07-27T12:58:40.891,76.241946,0.323500,-0.4800,-1.1600,-0.6500,12.0800,-72.3900,73.3000,1.413683,103.726219,"-0.48,-1.16,-0.65,12.08,-72.39,73.30"
1894,2026-07-27T12:58:40.892,76.242650,0.704100,-0.5500,-1.2400,-0.4900,15.5600,-82.8900,52.2500,1.442290,99.211533,"-0.55,-1.24,-0.49,15.56,-82.89,52.25"
1895,2026-07-27T12:58:40.894,76.244381,1.731300,-0.4800,-1.2400,-0.5000,-66.1600,-69.5200,22.3400,1.420563,98.535535,"-0.48,-1.24,-0.50,-66.16,-69.52,22.34"
1896,2026-07-27T12:58:41.010,76.360654,116.273200,-0.4000,-1.2400,-0.7100,-109.7400,-39.4300,-4.9400,1.483813,116.713307,"-0.40,-1.24,-0.71,-109.74,-39.43,-4.94"
1897,2026-07-27T12:58:41.011,76.361478,0.823900,-0.5100,-1.3100,-0.8600,-14.9500,-16.1700,-20.8100,1.647968,30.298969,"-0.51,-1.31,-0.86,-14.95,-16.17,-20.81"
1898,2026-07-27T12:58:41.011,76.361966,0.487500,-0.6900,-1.3600,-0.7900,75.5600,7.5100,-34.1200,1.717498,83.245949,"-0.69,-1.36,-0.79,75.56,7.51,-34.12"
1899,2026-07-27T12:58:41.012,76.362424,0.458200,-0.7100,-1.1900,-0.6200,43.7600,31.2500,-58.1700,1.518091,79.216469,"-0.71,-1.19,-0.62,43.76,31.25,-58.17"
1900,2026-07-27T12:58:41.191,76.541516,179.092400,-0.5300,-0.9500,-0.5100,-24.4100,44.1900,-87.4600,1.201457,100.984433,"-0.53,-0.95,-0.51,-24.41,44.19,-87.46"
1901,2026-07-27T12:58:41.191,76.542293,0.776900,-0.3500,-0.9400,-0.4200,-60.3600,55.5400,-102.3600,1.087428,131.170083,"-0.35,-0.94,-0.42,-60.36,55.54,-102.36"
1902,2026-07-27T12:58:41.192,76.542348,0.055000,-0.2400,-1.0100,-0.4100,-59.4500,73.1200,-97.7800,1.116154,135.800461,"-0.24,-1.01,-0.41,-59.45,73.12,-97.78"
1903,2026-07-27T12:58:41.192,76.543254,0.905600,-0.1400,-1.0100,-0.5300,-9.8300,78.5500,-91.1900,1.149174,120.757391,"-0.14,-1.01,-0.53,-9.83,78.55,-91.19"
1904,2026-07-27T12:58:41.251,76.601438,58.184400,-0.0900,-1.0000,-0.6900,48.7100,57.5600,-95.0300,1.218277,121.311659,"-0.09,-1.00,-0.69,48.71,57.56,-95.03"
1905,2026-07-27T12:58:41.252,76.602390,0.951900,-0.0400,-0.8600,-0.7000,74.4000,26.3100,-103.8200,1.109595,130.407701,"-0.04,-0.86,-0.70,74.40,26.31,-103.82"
1906,2026-07-27T12:58:41.432,76.782551,180.160400,0.0200,-0.5500,-0.5000,72.2700,10.5000,-112.9200,0.743572,134.477245,"0.02,-0.55,-0.50,72.27,10.50,-112.92"
1907,2026-07-27T12:58:41.432,76.783281,0.730400,0.0100,-0.3100,-0.2100,62.1300,24.4100,-124.1500,0.374566,140.958176,"0.01,-0.31,-0.21,62.13,24.41,-124.15"
1908,2026-07-27T12:58:41.433,76.783934,0.652800,-0.0100,-0.3000,0.0200,52.2500,53.1600,-133.1200,0.300832,152.567960,"-0.01,-0.30,0.02,52.25,53.16,-133.12"
1909,2026-07-27T12:58:41.434,76.784629,0.695500,0.0600,-0.4000,0.0200,39.5500,62.8100,-130.9200,0.404969,150.496993,"0.06,-0.40,0.02,39.55,62.81,-130.92"
1910,2026-07-27T12:58:41.491,76.841669,57.039800,0.1500,-0.4400,-0.1600,29.4200,44.3700,-116.2700,0.491630,127.878639,"0.15,-0.44,-0.16,29.42,44.37,-116.27"
1911,2026-07-27T12:58:41.492,76.842400,0.731300,0.2100,-0.4600,-0.3300,23.6800,32.3500,-92.7100,0.603821,101.006975,"0.21,-0.46,-0.33,23.68,32.35,-92.71"
1912,2026-07-27T12:58:41.550,76.901305,58.905100,0.2500,-0.6100,-0.4300,5.4900,51.3900,-62.6200,0.787083,81.193205,"0.25,-0.61,-0.43,5.49,51.39,-62.62"
1913,2026-07-27T12:58:41.671,77.021330,120.024100,0.3100,-0.9500,-0.5200,-23.8600,67.3200,-28.1400,1.126499,76.766800,"0.31,-0.95,-0.52,-23.86,67.32,-28.14"
1914,2026-07-27T12:58:41.671,77.022010,0.680900,0.3300,-1.1200,-0.5300,-49.9300,47.4200,-0.3100,1.282264,68.860420,"0.33,-1.12,-0.53,-49.93,47.42,-0.31"
1915,2026-07-27T12:58:41.672,77.022481,0.470700,0.3500,-0.9600,-0.3300,-64.8200,12.3900,15.9900,1.073778,67.903053,"0.35,-0.96,-0.33,-64.82,12.39,15.99"
1916,2026-07-27T12:58:41.798,77.148656,126.175300,0.4300,-0.7500,-0.1500,-59.5700,4.0900,37.4800,0.877439,70.498677,"0.43,-0.75,-0.15,-59.57,4.09,37.48"
1917,2026-07-27T12:58:41.804,77.154969,6.312900,0.4200,-0.7000,-0.2100,-40.7100,16.7800,59.9400,0.842912,74.375238,"0.42,-0.70,-0.21,-40.71,16.78,59.94"
1918,2026-07-27T12:58:41.805,77.155600,0.630300,0.2300,-0.7400,-0.3100,-19.2300,-9.0900,50.4200,0.834626,54.722915,"0.23,-0.74,-0.31,-19.23,-9.09,50.42"
1919,2026-07-27T12:58:41.851,77.201407,45.807700,-0.0200,-0.6700,-0.2100,-3.5400,-61.9500,30.0900,0.702424,68.961889,"-0.02,-0.67,-0.21,-3.54,-61.95,30.09"
1920,2026-07-27T12:58:41.910,77.261009,59.602000,-0.1300,-0.5400,-0.0600,6.7100,-51.5100,58.7200,0.558659,78.398614,"-0.13,-0.54,-0.06,6.71,-51.51,58.72"
1921,2026-07-27T12:58:41.911,77.261538,0.528300,-0.0300,-0.5400,-0.2700,31.1900,-23.1900,115.6600,0.604483,122.015687,"-0.03,-0.54,-0.27,31.19,-23.19,115.66"
1922,2026-07-27T12:58:41.971,77.321493,59.955400,0.1300,-0.4600,-0.7800,73.2400,-59.2000,139.8300,0.914822,168.585784,"0.13,-0.46,-0.78,73.24,-59.20,139.83"
1923,2026-07-27T12:58:41.971,77.322196,0.702800,0.2000,-0.4900,-0.8100,43.1500,-73.5500,130.4900,0.967574,155.881895,"0.20,-0.49,-0.81,43.15,-73.55,130.49"
1924,2026-07-27T12:58:42.030,77.381178,58.982000,0.1600,-0.8400,-0.4300,-82.8900,-36.8000,112.9200,0.957131,144.830655,"0.16,-0.84,-0.43,-82.89,-36.80,112.92"
1925,2026-07-27T12:58:42.091,77.441522,60.344600,-0.0900,-1.0900,-0.3000,-130.6800,-32.8400,95.1500,1.134108,164.952267,"-0.09,-1.09,-0.30,-130.68,-32.84,95.15"
1926,2026-07-27T12:58:42.092,77.442427,0.904600,-0.2800,-1.0000,-0.4400,-69.7000,-68.7300,87.0400,1.127830,130.988032,"-0.28,-1.00,-0.44,-69.70,-68.73,87.04"
1927,2026-07-27T12:58:42.151,77.501349,58.921800,-0.2400,-0.7800,-0.5600,-24.7800,-81.6000,92.4100,0.989747,125.746636,"-0.24,-0.78,-0.56,-24.78,-81.60,92.41"
1928,2026-07-27T12:58:42.331,77.681652,180.302900,-0.4500,-0.8800,-0.5100,-28.8100,-65.3700,100.9500,1.112205,123.669542,"-0.45,-0.88,-0.51,-28.81,-65.37,100.95"
1929,2026-07-27T12:58:42.332,77.682327,0.675400,-0.6700,-1.0000,-0.5400,-22.9500,-62.6200,109.5000,1.319280,128.211610,"-0.67,-1.00,-0.54,-22.95,-62.62,109.50"
1930,2026-07-27T12:58:42.332,77.683082,0.754800,-0.6300,-0.9900,-0.6300,7.6300,-61.2800,115.4200,1.331878,130.901611,"-0.63,-0.99,-0.63,7.63,-61.28,115.42"
1931,2026-07-27T12:58:42.333,77.683712,0.630000,-0.6200,-1.0800,-0.7600,-1.4600,-40.5900,104.9200,1.458904,112.507271,"-0.62,-1.08,-0.76,-1.46,-40.59,104.92"
1932,2026-07-27T12:58:42.333,77.683962,0.250300,-0.5600,-1.1500,-0.9400,-83.8000,-20.0200,32.5900,1.587356,92.115951,"-0.56,-1.15,-0.94,-83.80,-20.02,32.59"
1933,2026-07-27T12:58:42.452,77.802348,118.385400,-0.4400,-1.2100,-1.0600,-141.5400,-13.8500,-67.7500,1.667723,157.529225,"-0.44,-1.21,-1.06,-141.54,-13.85,-67.75"
1934,2026-07-27T12:58:42.452,77.802516,0.168600,-0.3800,-1.3300,-1.1400,-51.8200,-12.2700,-90.5200,1.792456,105.022549,"-0.38,-1.33,-1.14,-51.82,-12.27,-90.52"
1935,2026-07-27T12:58:42.452,77.803090,0.573900,-0.4600,-1.3200,-0.9700,116.5200,21.1800,-13.0000,1.701441,119.140685,"-0.46,-1.32,-0.97,116.52,21.18,-13.00"
1936,2026-07-27T12:58:42.511,77.861376,58.285500,-0.6600,-1.2600,-0.7100,8.9700,34.3000,-35.8300,1.589748,50.405752,"-0.66,-1.26,-0.71,8.97,34.30,-35.83"
1937,2026-07-27T12:58:42.752,78.102929,241.553700,-0.7200,-1.1800,-0.5700,-56.2700,54.6300,-82.6400,1.495226,113.930327,"-0.72,-1.18,-0.57,-56.27,54.63,-82.64"
1938,2026-07-27T12:58:42.753,78.103507,0.577300,-0.4400,-0.9900,-0.4900,-55.9700,91.1300,-102.9700,1.189033,148.459216,"-0.44,-0.99,-0.49,-55.97,91.13,-102.97"
1939,2026-07-27T12:58:42.753,78.103986,0.479100,-0.4400,-0.9900,-0.4900,-55.9700,91.1300,-102.9700,1.189033,148.459216,"-0.44,-0.99,-0.49,-55.97,91.13,-102.97"
1940,2026-07-27T12:58:42.754,78.104725,0.739300,0.0700,-1.0300,-0.4700,37.4800,79.5300,-102.4200,1.134328,134.980101,"0.07,-1.03,-0.47,37.48,79.53,-102.42"
1941,2026-07-27T12:58:42.755,78.106127,1.401600,0.1100,-0.9300,-0.5800,60.1800,59.2700,-114.0100,1.101544,141.890258,"0.11,-0.93,-0.58,60.18,59.27,-114.01"
1942,2026-07-27T12:58:42.756,78.106728,0.601900,0.1000,-0.7900,-0.6000,58.6500,77.5100,-118.2300,0.997046,153.055400,"0.10,-0.79,-0.60,58.65,77.51,-118.23"
1943,2026-07-27T12:58:42.756,78.107287,0.558600,0.0800,-0.7400,-0.5100,64.4500,91.0000,-117.9200,0.902275,162.295807,"0.08,-0.74,-0.51,64.45,91.00,-117.92"
1944,2026-07-27T12:58:42.870,78.221278,113.990700,0.0400,-0.5700,-0.4000,74.7700,66.5300,-127.0800,0.697496,161.759452,"0.04,-0.57,-0.40,74.77,66.53,-127.08"
1945,2026-07-27T12:58:42.871,78.221601,0.322800,-0.0200,-0.1400,-0.2300,73.1800,36.9300,-139.9500,0.270000,162.188593,"-0.02,-0.14,-0.23,73.18,36.93,-139.95"
1946,2026-07-27T12:58:42.931,78.281990,60.389500,-0.0300,-0.1800,-0.2200,58.7800,25.0200,-136.9600,0.285832,151.126207,"-0.03,-0.18,-0.22,58.78,25.02,-136.96"
1947,2026-07-27T12:58:42.932,78.282604,0.613800,-0.0400,-0.3000,-0.2700,40.2200,13.6100,-113.5900,0.405586,121.266519,"-0.04,-0.30,-0.27,40.22,13.61,-113.59"
1948,2026-07-27T12:58:43.051,78.401348,118.744500,-0.0100,-0.4900,-0.3500,14.1000,-9.7700,-77.8200,0.602246,79.688238,"-0.01,-0.49,-0.35,14.10,-9.77,-77.82"
1949,2026-07-27T12:58:43.051,78.401721,0.372200,0.1200,-0.9000,-0.5100,-28.0800,-35.2800,-21.7900,1.041393,50.079626,"0.12,-0.90,-0.51,-28.08,-35.28,-21.79"
1950,2026-07-27T12:58:43.051,78.402240,0.519500,0.3500,-1.2300,-0.6000,-63.1700,-40.8900,71.1100,1.412586,103.532957,"0.35,-1.23,-0.60,-63.17,-40.89,71.11"
1951,2026-07-27T12:58:43.171,78.521990,119.749500,0.4900,-0.9400,-0.1800,-48.7100,32.7800,157.4700,1.075221,168.059494,"0.49,-0.94,-0.18,-48.71,32.78,157.47"
1952,2026-07-27T12:58:43.172,78.522509,0.519400,0.2500,-0.3800,0.1900,32.3500,108.3400,157.2900,0.492950,193.711699,"0.25,-0.38,0.19,32.35,108.34,157.29"
1953,2026-07-27T12:58:43.172,78.522995,0.486300,-0.0100,-0.3900,-0.1800,85.5100,-10.0100,98.3900,0.429651,130.739253,"-0.01,-0.39,-0.18,85.51,-10.01,98.39"
1954,2026-07-27T12:58:43.351,78.701879,178.884200,-0.0100,-0.6700,-0.6300,64.9400,-116.7000,74.2800,0.919728,152.818886,"-0.01,-0.67,-0.63,64.94,-116.70,74.28"
1955,2026-07-27T12:58:43.352,78.702464,0.584700,-0.0100,-0.6900,-0.4600,-18.6800,-53.8900,86.4900,0.829337,103.603063,"-0.01,-0.69,-0.46,-18.68,-53.89,86.49"
1956,2026-07-27T12:58:43.352,78.702581,0.116400,-0.0800,-0.7200,-0.1700,-92.4700,0.1800,106.4500,0.744110,141.004737,"-0.08,-0.72,-0.17,-92.47,0.18,106.45"
1957,2026-07-27T12:58:43.353,78.704141,1.560300,-0.0700,-0.7800,-0.3500,-84.2900,-6.2900,131.1600,0.857788,156.036258,"-0.07,-0.78,-0.35,-84.29,-6.29,131.16"
1958,2026-07-27T12:58:43.471,78.821436,117.295300,-0.0600,-0.7900,-0.5300,-64.3300,-26.8600,141.4200,0.953205,157.668719,"-0.06,-0.79,-0.53,-64.33,-26.86,141.42"
1959,2026-07-27T12:58:43.471,78.822067,0.631200,-0.2200,-1.0000,-0.5700,-54.8100,-28.8100,132.4500,1.171879,146.209284,"-0.22,-1.00,-0.57,-54.81,-28.81,132.45"
1960,2026-07-27T12:58:43.472,78.822672,0.605000,-0.4200,-1.1600,-0.6600,-38.2700,-36.0100,119.3200,1.399143,130.378585,"-0.42,-1.16,-0.66,-38.27,-36.01,119.32"
1961,2026-07-27T12:58:43.591,78.941367,118.695000,-0.4100,-1.0500,-0.7100,-13.0600,-50.2300,112.0600,1.332179,123.495182,"-0.41,-1.05,-0.71,-13.06,-50.23,112.06"
1962,2026-07-27T12:58:43.591,78.941891,0.524000,-0.3400,-1.0600,-0.5600,-4.8200,-42.1800,108.3400,1.246114,116.361250,"-0.34,-1.06,-0.56,-4.82,-42.18,108.34"
1963,2026-07-27T12:58:43.650,79.001071,59.179100,-0.5700,-1.2500,-0.5100,-20.2000,-13.0600,111.1500,1.465435,113.723024,"-0.57,-1.25,-0.51,-20.20,-13.06,111.15"
1964,2026-07-27T12:58:43.651,79.001458,0.387900,-0.6200,-1.1700,-0.7200,-62.2600,7.7500,96.6800,1.507216,115.253601,"-0.62,-1.17,-0.72,-62.26,7.75,96.68"
1965,2026-07-27T12:58:43.651,79.001919,0.460800,-0.4100,-0.8800,-0.9300,-124.7600,5.6200,26.1800,1.344396,127.601075,"-0.41,-0.88,-0.93,-124.76,5.62,26.18"
1966,2026-07-27T12:58:43.711,79.061651,59.732200,-0.3000,-0.7800,-1.0400,-115.3600,-8.6100,-48.5800,1.334166,125.467438,"-0.30,-0.78,-1.04,-115.36,-8.61,-48.58"
1967,2026-07-27T12:58:43.951,79.301409,239.757700,-0.3100,-0.9300,-1.0100,-12.9400,-14.3400,-62.9900,1.407516,65.884894,"-0.31,-0.93,-1.01,-12.94,-14.34,-62.99"
1968,2026-07-27T12:58:43.951,79.302102,0.693200,-0.4300,-1.2000,-0.9400,114.2600,-5.1900,-37.2900,1.583824,120.303066,"-0.43,-1.20,-0.94,114.26,-5.19,-37.29"
1969,2026-07-27T12:58:43.952,79.302768,0.665500,-0.5300,-1.3600,-0.8100,168.4600,2.6900,-21.5500,1.669311,169.854085,"-0.53,-1.36,-0.81,168.46,2.69,-21.55"
1970,2026-07-27T12:58:43.953,79.303364,0.596600,-0.4500,-1.2100,-0.6200,83.3700,9.5800,-52.0000,1.432131,98.723519,"-0.45,-1.21,-0.62,83.37,9.58,-52.00"
1971,2026-07-27T12:58:43.953,79.304067,0.702500,-0.2800,-0.9700,-0.5000,-18.7400,29.9700,-100.1000,1.126632,106.157423,"-0.28,-0.97,-0.50,-18.74,29.97,-100.10"
1972,2026-07-27T12:58:43.954,79.304598,0.531200,-0.2000,-0.9600,-0.4800,-43.6400,49.6800,-118.3500,1.091788,135.570183,"-0.20,-0.96,-0.48,-43.64,49.68,-118.35"
1973,2026-07-27T12:58:44.011,79.361537,56.939300,-0.1500,-1.0000,-0.4900,-22.8300,56.2700,-111.9400,1.123655,127.350247,"-0.15,-1.00,-0.49,-22.83,56.27,-111.94"
1974,2026-07-27T12:58:44.011,79.362120,0.582200,-0.0000,-0.9200,-0.5300,17.7000,54.0800,-104.1900,1.061744,118.716016,"-0.00,-0.92,-0.53,17.70,54.08,-104.19"
1975,2026-07-27T12:58:44.251,79.602252,240.132500,0.1300,-0.8600,-0.5500,45.5300,46.5700,-107.0600,1.029077,125.313963,"0.13,-0.86,-0.55,45.53,46.57,-107.06"
1976,2026-07-27T12:58:44.252,79.603225,0.972900,0.1700,-0.8300,-0.5200,47.6100,41.6300,-116.5200,0.994082,132.577070,"0.17,-0.83,-0.52,47.61,41.63,-116.52"
1977,2026-07-27T12:58:44.253,79.603837,0.611900,0.0900,-0.7400,-0.4400,38.1500,43.9500,-125.1800,0.865621,138.047301,"0.09,-0.74,-0.44,38.15,43.95,-125.18"
1978,2026-07-27T12:58:44.254,79.604775,0.938000,-0.0200,-0.5800,-0.3100,31.3700,53.2200,-128.7800,0.657951,142.831137,"-0.02,-0.58,-0.31,31.37,53.22,-128.78"
1979,2026-07-27T12:58:44.255,79.605317,0.541900,-0.0300,-0.4700,-0.2100,33.0800,62.3200,-122.7400,0.515655,141.573926,"-0.03,-0.47,-0.21,33.08,62.32,-122.74"
1980,2026-07-27T12:58:44.255,79.605417,0.099900,0.0600,-0.4200,-0.1800,36.5600,56.2700,-109.9200,0.460869,128.784133,"0.06,-0.42,-0.18,36.56,56.27,-109.92"
1981,2026-07-27T12:58:44.310,79.661218,55.800900,0.1500,-0.4400,-0.2200,32.9000,40.4100,-96.1300,0.514296,109.345119,"0.15,-0.44,-0.22,32.90,40.41,-96.13"
1982,2026-07-27T12:58:44.379,79.730281,69.063700,0.2300,-0.5300,-0.2600,19.7100,36.1900,-78.0000,0.633561,88.216780,"0.23,-0.53,-0.26,19.71,36.19,-78.00"
1983,2026-07-27T12:58:44.380,79.731281,0.999400,0.3300,-0.6700,-0.2700,5.3100,47.2400,-51.8800,0.794166,70.365816,"0.33,-0.67,-0.27,5.31,47.24,-51.88"
1984,2026-07-27T12:58:44.550,79.901155,169.874500,0.4700,-0.8700,-0.2700,5.9200,60.9100,-21.0600,1.025037,64.719380,"0.47,-0.87,-0.27,5.92,60.91,-21.06"
1985,2026-07-27T12:58:44.551,79.901519,0.364200,0.5400,-0.9700,-0.2700,19.5300,53.5900,0.1200,1.142541,57.037912,"0.54,-0.97,-0.27,19.53,53.59,0.12"
1986,2026-07-27T12:58:44.551,79.902135,0.616100,0.4900,-0.8800,-0.2700,31.4300,12.9400,2.6900,1.042785,34.095815,"0.49,-0.88,-0.27,31.43,12.94,2.69"
1987,2026-07-27T12:58:44.552,79.902681,0.545500,0.4200,-0.7300,-0.2700,35.4000,-30.7600,4.2700,0.884421,47.091087,"0.42,-0.73,-0.27,35.40,-30.76,4.27"
1988,2026-07-27T12:58:44.911,80.261496,358.815300,0.4400,-0.6700,-0.2600,25.5700,-45.8400,22.5200,0.842674,57.116380,"0.44,-0.67,-0.26,25.57,-45.84,22.52"
1989,2026-07-27T12:58:44.912,80.262478,0.981300,0.5300,-0.7300,-0.2600,-0.4900,-35.3400,51.7600,0.938829,62.675779,"0.53,-0.73,-0.26,-0.49,-35.34,51.76"
1990,2026-07-27T12:58:44.912,80.262619,0.141000,0.6500,-0.8300,-0.2100,-29.6000,-15.7500,78.0600,1.074942,84.956378,"0.65,-0.83,-0.21,-29.60,-15.75,78.06"
1991,2026-07-27T12:58:44.912,80.263027,0.408100,0.6700,-0.8100,-0.1100,-36.5600,15.3200,89.1100,1.056930,97.529114,"0.67,-0.81,-0.11,-36.56,15.32,89.11"
1992,2026-07-27T12:58:44.916,80.267127,4.100500,0.5400,-0.7400,-0.1300,-34.4800,43.1500,76.5400,0.925257,94.388371,"0.54,-0.74,-0.13,-34.48,43.15,76.54"
1993,2026-07-27T12:58:44.917,80.267544,0.416400,0.3800,-0.7200,-0.2300,-35.0300,29.3600,45.8400,0.845991,64.733423,"0.38,-0.72,-0.23,-35.03,29.36,45.84"
1994,2026-07-27T12:58:44.917,80.268233,0.689200,0.2000,-0.6500,-0.3100,-29.9100,-14.5300,20.1400,0.747395,38.876067,"0.20,-0.65,-0.31,-29.91,-14.53,20.14"
1995,2026-07-27T12:58:44.918,80.268654,0.421300,-0.0100,-0.6500,-0.3000,-17.0900,-79.1000,5.6200,0.715961,81.120050,"-0.01,-0.65,-0.30,-17.09,-79.10,5.62"
1996,2026-07-27T12:58:44.918,80.269246,0.591700,-0.1200,-0.7600,-0.2600,-0.3100,-117.1300,17.5800,0.812158,118.442346,"-0.12,-0.76,-0.26,-0.31,-117.13,17.58"
1997,2026-07-27T12:58:44.919,80.269522,0.275800,0.0200,-0.7400,-0.3500,19.1000,-96.8000,64.0900,0.818841,117.654486,"0.02,-0.74,-0.35,19.10,-96.80,64.09"
1998,2026-07-27T12:58:44.971,80.321371,51.849200,0.2200,-0.6700,-0.4400,23.1300,-56.0300,104.5500,0.831204,120.851398,"0.22,-0.67,-0.44,23.13,-56.03,104.55"
1999,2026-07-27T12:58:45.150,80.501101,179.730000,0.2900,-0.7100,-0.3500,-13.7300,3.3000,124.5100,0.843030,125.308192,"0.29,-0.71,-0.35,-13.73,3.30,124.51"
2000,2026-07-27T12:58:45.151,80.501585,0.484300,0.1400,-0.8100,-0.3200,-43.0300,41.0800,125.0600,0.882100,138.488811,"0.14,-0.81,-0.32,-43.03,41.08,125.06"
2001,2026-07-27T12:58:45.152,80.502337,0.752200,-0.1100,-0.9300,-0.3600,-45.4700,33.8100,115.6600,1.003295,128.793915,"-0.11,-0.93,-0.36,-45.47,33.81,115.66"
2002,2026-07-27T12:58:45.153,80.503744,1.406500,-0.2300,-1.0200,-0.3900,-42.8500,20.0800,117.4900,1.115975,126.661869,"-0.23,-1.02,-0.39,-42.85,20.08,117.49"
2003,2026-07-27T12:58:45.211,80.562267,58.523000,-0.3000,-0.9300,-0.5100,-17.1500,-0.3700,117.6100,1.102270,118.854413,"-0.30,-0.93,-0.51,-17.15,-0.37,117.61"
2004,2026-07-27T12:58:45.227,80.577538,15.271600,-0.3400,-0.8500,-0.6100,8.0600,-25.0200,104.0000,1.100091,107.270518,"-0.34,-0.85,-0.61,8.06,-25.02,104.00"
2005,2026-07-27T12:58:45.271,80.621414,43.875400,-0.2700,-0.9000,-0.5900,-1.4000,-26.4900,90.4500,1.109504,94.259655,"-0.27,-0.90,-0.59,-1.40,-26.49,90.45"
2006,2026-07-27T12:58:45.331,80.681665,60.251300,-0.3300,-0.9600,-0.5600,-29.2400,-25.8800,89.7200,1.159353,97.849018,"-0.33,-0.96,-0.56,-29.24,-25.88,89.72"
2007,2026-07-27T12:58:45.332,80.682494,0.829400,-0.4800,-1.0100,-0.4900,-19.4100,-26.3100,90.5200,1.220901,96.243621,"-0.48,-1.01,-0.49,-19.41,-26.31,90.52"
2008,2026-07-27T12:58:45.391,80.741652,59.157300,-0.5000,-1.0300,-0.4000,6.4100,-24.5400,87.4600,1.212807,91.063447,"-0.50,-1.03,-0.40,6.41,-24.54,87.46"
2009,2026-07-27T12:58:45.451,80.801873,60.221500,-0.5700,-0.9600,-0.4800,28.2000,-26.4900,83.0700,1.215278,91.638338,"-0.57,-0.96,-0.48,28.20,-26.49,83.07"
2010,2026-07-27T12:58:45.452,80.802716,0.842200,-0.6300,-0.8800,-0.5900,26.9800,-19.8400,74.1600,1.232639,81.371073,"-0.63,-0.88,-0.59,26.98,-19.84,74.16"
2011,2026-07-27T12:58:45.633,80.984140,181.424500,-0.6300,-0.8200,-0.5800,0.1800,-9.9500,49.3200,1.185622,50.313987,"-0.63,-0.82,-0.58,0.18,-9.95,49.32"
2012,2026-07-27T12:58:45.634,80.985058,0.917700,-0.6300,-0.8400,-0.5400,-12.9400,-7.8700,14.4000,1.180720,20.898337,"-0.63,-0.84,-0.54,-12.94,-7.87,14.40"
2013,2026-07-27T12:58:45.635,80.985555,0.497800,-0.6800,-0.9400,-0.5000,8.3600,-12.9400,-17.0300,1.263329,22.964192,"-0.68,-0.94,-0.50,8.36,-12.94,-17.03"
2014,2026-07-27T12:58:45.635,80.985940,0.385000,-0.7400,-1.0000,-0.5000,16.9700,-13.1800,-44.9800,1.340746,49.848708,"-0.74,-1.00,-0.50,16.97,-13.18,-44.98"
2015,2026-07-27T12:58:45.750,81.101212,115.271300,-0.7500,-1.0000,-0.5100,-8.1800,-1.1600,-70.0700,1.350037,70.555389,"-0.75,-1.00,-0.51,-8.18,-1.16,-70.07"
2016,2026-07-27T12:58:45.751,81.101977,0.764900,-0.6700,-0.9800,-0.4700,-31.1900,13.9200,-88.4400,1.276793,94.806203,"-0.67,-0.98,-0.47,-31.19,13.92,-88.44"
2017,2026-07-27T12:58:45.752,81.102728,0.751200,-0.5100,-0.9200,-0.3900,-25.0200,25.0900,-95.3400,1.121873,101.711475,"-0.51,-0.92,-0.39,-25.02,25.09,-95.34"
2018,2026-07-27T12:58:45.811,81.161902,59.174100,-0.4000,-0.9200,-0.4200,-3.9700,34.4200,-92.9000,1.087566,99.150932,"-0.40,-0.92,-0.42,-3.97,34.42,-92.90"
2019,2026-07-27T12:58:45.811,81.162245,0.343200,-0.2500,-0.9000,-0.4700,8.8500,42.1800,-89.9700,1.045658,99.760091,"-0.25,-0.90,-0.47,8.85,42.18,-89.97"
2020,2026-07-27T12:58:45.871,81.221498,59.252900,-0.2000,-0.9600,-0.5000,14.4000,44.8600,-89.7200,1.100727,101.338334,"-0.20,-0.96,-0.50,14.40,44.86,-89.72"
2021,2026-07-27T12:58:45.931,81.281398,59.899500,-0.1900,-1.0200,-0.4600,14.5900,42.8500,-89.8400,1.134945,100.599285,"-0.19,-1.02,-0.46,14.59,42.85,-89.84"
2022,2026-07-27T12:58:45.931,81.281908,0.509900,-0.1300,-0.9400,-0.4400,20.9400,30.6400,-91.3700,1.045992,98.619319,"-0.13,-0.94,-0.44,20.94,30.64,-91.37"
2023,2026-07-27T12:58:45.991,81.341564,59.656900,-0.0400,-0.8400,-0.4100,25.5700,20.5700,-92.9000,0.935575,98.525935,"-0.04,-0.84,-0.41,25.57,20.57,-92.90"
2024,2026-07-27T12:58:46.230,81.581205,239.640600,0.0500,-0.8000,-0.3500,10.2500,29.7900,-93.2000,0.874643,98.380621,"0.05,-0.80,-0.35,10.25,29.79,-93.20"
2025,2026-07-27T12:58:46.231,81.581775,0.570400,0.0800,-0.7800,-0.3300,-11.4100,40.7100,-95.9500,0.850706,104.851775,"0.08,-0.78,-0.33,-11.41,40.71,-95.95"
2026,2026-07-27T12:58:46.232,81.582355,0.579600,-0.0100,-0.7600,-0.3500,-24.8400,46.2000,-96.4400,0.836780,109.782235,"-0.01,-0.76,-0.35,-24.84,46.20,-96.44"
2027,2026-07-27T12:58:46.233,81.584108,1.753400,-0.0600,-0.7000,-0.3400,-15.7500,51.9400,-92.1000,0.780513,106.902928,"-0.06,-0.70,-0.34,-15.75,51.94,-92.10"
2028,2026-07-27T12:58:46.234,81.585066,0.957700,0.0400,-0.6000,-0.3400,8.4800,51.9400,-90.4500,0.690797,104.646436,"0.04,-0.60,-0.34,8.48,51.94,-90.45"
2029,2026-07-27T12:58:46.235,81.585971,0.905300,0.1500,-0.5700,-0.3600,21.9100,47.3000,-93.1400,0.690652,106.735176,"0.15,-0.57,-0.36,21.91,47.30,-93.14"
2030,2026-07-27T12:58:46.471,81.821623,235.652000,0.1700,-0.6200,-0.3700,24.1100,51.2700,-92.4700,0.741755,108.446327,"0.17,-0.62,-0.37,24.11,51.27,-92.47"
2031,2026-07-27T12:58:46.472,81.822783,1.159400,0.1700,-0.7000,-0.3700,26.8600,58.1700,-84.9600,0.809815,106.411513,"0.17,-0.70,-0.37,26.86,58.17,-84.96"
2032,2026-07-27T12:58:46.473,81.823745,0.962100,0.2200,-0.8000,-0.3800,30.1500,50.0500,-72.8100,0.912579,93.355884,"0.22,-0.80,-0.38,30.15,50.05,-72.81"
2033,2026-07-27T12:58:46.473,81.824056,0.311300,0.2700,-0.8800,-0.4000,32.5300,17.2700,-57.6200,1.003643,68.385073,"0.27,-0.88,-0.40,32.53,17.27,-57.62"
2034,2026-07-27T12:58:46.474,81.824687,0.630700,0.3000,-0.9000,-0.4300,40.0400,-31.3100,-40.7100,1.041585,65.121592,"0.30,-0.90,-0.43,40.04,-31.31,-40.71"
2035,2026-07-27T12:58:46.530,81.880715,56.027700,0.3400,-0.8500,-0.4400,42.4200,-56.0300,-19.7100,1.015726,72.988365,"0.34,-0.85,-0.44,42.42,-56.03,-19.71"
2036,2026-07-27T12:58:46.531,81.881388,0.673700,0.4100,-0.8000,-0.4000,23.3800,-39.5500,6.0400,0.983921,46.339060,"0.41,-0.80,-0.40,23.38,-39.55,6.04"
2037,2026-07-27T12:58:46.531,81.881975,0.586900,0.5100,-0.7900,-0.3500,-7.6300,-13.9800,30.4600,1.003344,34.372502,"0.51,-0.79,-0.35,-7.63,-13.98,30.46"
2038,2026-07-27T12:58:46.590,81.941260,59.284600,0.6000,-0.7900,-0.2700,-26.8600,2.2000,48.5200,1.028105,55.502162,"0.60,-0.79,-0.27,-26.86,2.20,48.52"
2039,2026-07-27T12:58:46.711,82.061750,120.490600,0.6500,-0.7700,-0.2300,-24.1700,21.2400,57.2500,1.033586,65.672589,"0.65,-0.77,-0.23,-24.17,21.24,57.25"
2040,2026-07-27T12:58:46.712,82.062413,0.663100,0.5900,-0.7900,-0.2800,-15.3800,38.3900,50.7800,1.024988,65.490037,"0.59,-0.79,-0.28,-15.38,38.39,50.78"
2041,2026-07-27T12:58:46.712,82.063025,0.611600,0.4900,-0.8300,-0.3300,-9.4600,31.3700,25.0200,1.018774,41.225828,"0.49,-0.83,-0.33,-9.46,31.37,25.02"
2042,2026-07-27T12:58:47.250,82.600806,537.780700,0.4200,-0.8800,-0.3100,-2.3800,1.6500,-6.8400,1.023181,7.427819,"0.42,-0.88,-0.31,-2.38,1.65,-6.84"
2043,2026-07-27T12:58:47.251,82.601348,0.542200,0.4100,-0.8800,-0.2500,2.9300,-21.8500,-19.4100,1.002497,29.372700,"0.41,-0.88,-0.25,2.93,-21.85,-19.41"
2044,2026-07-27T12:58:47.251,82.602079,0.731200,0.4600,-0.8000,-0.2100,-0.5500,-23.8600,-6.1000,0.946414,24.633556,"0.46,-0.80,-0.21,-0.55,-23.86,-6.10"
2045,2026-07-27T12:58:47.252,82.603163,1.084200,0.5200,-0.7200,-0.1500,-18.6800,-2.9900,19.7100,0.900722,27.319711,"0.52,-0.72,-0.15,-18.68,-2.99,19.71"
2046,2026-07-27T12:58:47.253,82.603817,0.653600,0.5300,-0.7600,-0.1000,-43.6400,40.2800,39.4900,0.931933,71.318918,"0.53,-0.76,-0.10,-43.64,40.28,39.49"
2047,2026-07-27T12:58:47.254,82.604343,0.526000,0.4400,-0.8900,-0.1300,-61.8300,89.2900,45.5900,1.001299,117.788374,"0.44,-0.89,-0.13,-61.83,89.29,45.59"
2048,2026-07-27T12:58:47.254,82.605013,0.669900,0.3500,-1.0000,-0.1600,-63.6600,107.9700,41.2000,1.071494,131.937699,"0.35,-1.00,-0.16,-63.66,107.97,41.20"
2049,2026-07-27T12:58:47.255,82.605537,0.523800,0.3700,-1.0200,-0.1600,-46.9400,78.7400,26.7900,1.096768,95.504216,"0.37,-1.02,-0.16,-46.94,78.74,26.79"
2050,2026-07-27T12:58:47.256,82.606681,1.144800,0.4800,-0.8400,-0.2200,-20.6900,31.9200,13.0000,0.992169,40.199036,"0.48,-0.84,-0.22,-20.69,31.92,13.00"
2051,2026-07-27T12:58:47.257,82.607529,0.847800,0.5900,-0.6400,-0.3600,-3.1700,2.1400,9.5200,0.941966,10.259576,"0.59,-0.64,-0.36,-3.17,2.14,9.52"
2052,2026-07-27T12:58:47.257,82.607918,0.388800,0.6200,-0.6500,-0.4900,4.2100,0.1800,12.8200,1.023230,13.494773,"0.62,-0.65,-0.49,4.21,0.18,12.82"
2053,2026-07-27T12:58:47.258,82.609081,1.162900,0.5700,-0.7400,-0.5900,8.3600,10.3800,9.8300,1.104808,16.560885,"0.57,-0.74,-0.59,8.36,10.38,9.83"
2054,2026-07-27T12:58:47.310,82.660759,51.678300,0.5100,-0.7900,-0.6200,4.8200,14.2200,-2.0100,1.126321,15.148627,"0.51,-0.79,-0.62,4.82,14.22,-2.01"
2055,2026-07-27T12:58:47.311,82.661981,1.221500,0.4700,-0.7900,-0.6000,-11.3500,25.7600,-7.9300,1.097725,29.245256,"0.47,-0.79,-0.60,-11.35,25.76,-7.93"
2056,2026-07-27T12:58:47.312,82.662713,0.731900,0.4600,-0.7500,-0.5200,-37.7800,59.3900,-1.2800,1.022008,70.399850,"0.46,-0.75,-0.52,-37.78,59.39,-1.28"
2057,2026-07-27T12:58:47.430,82.781153,118.440000,0.4300,-0.7400,-0.4300,-62.3800,98.1400,12.6300,0.957810,116.971111,"0.43,-0.74,-0.43,-62.38,98.14,12.63"
2058,2026-07-27T12:58:47.431,82.782071,0.918800,0.3900,-0.7900,-0.4000,-76.3500,124.4500,29.3000,0.967574,148.914791,"0.39,-0.79,-0.40,-76.35,124.45,29.30"
2059,2026-07-27T12:58:47.432,82.782863,0.791400,0.3500,-0.8400,-0.3900,-78.7400,130.6800,41.6300,0.990051,158.146473,"0.35,-0.84,-0.39,-78.74,130.68,41.63"
2060,2026-07-27T12:58:47.491,82.841529,58.666600,0.3500,-0.8600,-0.3900,-71.5300,116.8800,43.7000,1.007075,143.830335,"0.35,-0.86,-0.39,-71.53,116.88,43.70"
2061,2026-07-27T12:58:47.491,82.841913,0.383100,0.4000,-0.8700,-0.4000,-62.8100,100.0400,42.3000,1.037738,125.468672,"0.40,-0.87,-0.40,-62.81,100.04,42.30"
2062,2026-07-27T12:58:47.910,83.260874,418.961800,0.3900,-0.8700,-0.4100,-58.0400,96.1900,41.0800,1.037834,119.619079,"0.39,-0.87,-0.41,-58.04,96.19,41.08"
2063,2026-07-27T12:58:47.910,83.261129,0.254900,0.2800,-0.8900,-0.4500,-50.3500,95.0900,29.9700,1.035857,111.693471,"0.28,-0.89,-0.45,-50.35,95.09,29.97"
2064,2026-07-27T12:58:47.911,83.261857,0.727800,0.1300,-0.8900,-0.4800,-34.4800,59.8100,1.2800,1.019510,69.048859,"0.13,-0.89,-0.48,-34.48,59.81,1.28"
2065,2026-07-27T12:58:47.970,83.320718,58.860900,0.0300,-0.8200,-0.4200,-16.2400,-24.9000,-33.9400,0.921792,45.118413,"0.03,-0.82,-0.42,-16.24,-24.90,-33.94"
2066,2026-07-27T12:58:47.970,83.321274,0.556500,0.0400,-0.7500,-0.3000,-8.8500,-99.7900,-39.4900,0.808764,107.683920,"0.04,-0.75,-0.30,-8.85,-99.79,-39.49"
2067,2026-07-27T12:58:47.971,83.321520,0.245100,0.2400,-0.8500,-0.2300,-32.9600,-49.5000,44.9200,0.912688,74.527968,"0.24,-0.85,-0.23,-32.96,-49.50,44.92"
2068,2026-07-27T12:58:47.972,83.322706,1.186100,0.5900,-1.2400,-0.3400,-60.0000,122.9200,211.7900,1.414673,252.119675,"0.59,-1.24,-0.34,-60.00,122.92,211.79"
2069,2026-07-27T12:58:47.973,83.323440,0.733900,0.8500,-1.4900,-0.3700,-60.0000,239.8100,324.6500,1.754850,408.052029,"0.85,-1.49,-0.37,-60.00,239.81,324.65"
2070,2026-07-27T12:58:48.150,83.501027,177.587300,0.7600,-1.1700,-0.1000,-42.9100,208.6200,268.4900,1.398749,342.710450,"0.76,-1.17,-0.10,-42.91,208.62,268.49"
2071,2026-07-27T12:58:48.152,83.502518,1.491300,0.4500,-0.6100,0.0700,-6.2900,83.1300,114.2000,0.761249,141.392365,"0.45,-0.61,0.07,-6.29,83.13,114.20"
2072,2026-07-27T12:58:48.152,83.502995,0.477000,0.2400,-0.3500,-0.0600,24.3500,-53.7700,9.4000,0.428602,59.770356,"0.24,-0.35,-0.06,24.35,-53.77,9.40"
2073,2026-07-27T12:58:48.510,83.861236,358.240700,0.1400,-0.3600,-0.2100,30.4000,-95.7000,-5.6200,0.439659,100.569550,"0.14,-0.36,-0.21,30.40,-95.70,-5.62"
2074,2026-07-27T12:58:48.511,83.862279,1.042800,0.0700,-0.4600,-0.2900,17.0900,-46.2600,21.2400,0.548270,53.695375,"0.07,-0.46,-0.29,17.09,-46.26,21.24"
2075,2026-07-27T12:58:48.513,83.863410,1.131700,-0.0500,-0.6700,-0.3300,-2.6900,-10.2500,47.5500,0.748532,48.716538,"-0.05,-0.67,-0.33,-2.69,-10.25,47.55"
2076,2026-07-27T12:58:48.513,83.864141,0.731100,-0.0800,-0.7800,-0.2900,-4.7000,-0.4900,68.7300,0.836002,68.892256,"-0.08,-0.78,-0.29,-4.70,-0.49,68.73"
2077,2026-07-27T12:58:48.514,83.864974,0.832500,0.0400,-0.7600,-0.2900,15.2000,4.0300,79.3500,0.814432,80.893160,"0.04,-0.76,-0.29,15.20,4.03,79.35"
2078,2026-07-27T12:58:48.515,83.866067,1.093500,0.0000,-0.7900,-0.4400,16.1700,4.9400,78.2500,0.904268,80.055824,"0.00,-0.79,-0.44,16.17,4.94,78.25"
2079,2026-07-27T12:58:48.516,83.866912,0.844800,-0.2200,-0.9500,-0.5100,-29.8500,16.5400,87.1000,1.100454,93.546802,"-0.22,-0.95,-0.51,-29.85,16.54,87.10"
2080,2026-07-27T12:58:48.516,83.867140,0.228100,-0.3500,-0.9600,-0.5200,-64.1500,25.1500,104.6100,1.146516,125.263710,"-0.35,-0.96,-0.52,-64.15,25.15,104.61"
2081,2026-07-27T12:58:48.517,83.867443,0.302300,-0.3700,-0.9000,-0.6200,-39.1200,-27.1000,93.6300,1.153820,105.030288,"-0.37,-0.90,-0.62,-39.12,-27.10,93.63"
2082,2026-07-27T12:58:48.520,83.870379,2.936300,-0.3200,-0.9900,-0.4900,-35.8300,-26.8600,91.0000,1.150043,101.421144,"-0.32,-0.99,-0.49,-35.83,-26.86,91.00"
2083,2026-07-27T12:58:48.520,83.870758,0.379300,-0.3000,-0.8900,-0.4000,-15.5000,-33.0800,91.1300,1.020833,98.179495,"-0.30,-0.89,-0.40,-15.50,-33.08,91.13"
2084,2026-07-27T12:58:48.520,83.870953,0.194300,-0.4400,-0.8300,-0.5300,-9.2800,-25.2100,95.7600,1.078610,99.456725,"-0.44,-0.83,-0.53,-9.28,-25.21,95.76"
2085,2026-07-27T12:58:48.520,83.871247,0.294000,-0.5600,-0.8700,-0.5100,-0.6100,-12.1500,100.4000,1.153516,101.134339,"-0.56,-0.87,-0.51,-0.61,-12.15,100.40"
2086,2026-07-27T12:58:48.571,83.921583,50.336800,-0.6000,-0.7100,-0.4500,27.7100,-9.7700,99.0000,1.032763,103.268083,"-0.60,-0.71,-0.45,27.71,-9.77,99.00"
2087,2026-07-27T12:58:48.571,83.921901,0.317700,-0.8200,-0.7600,-0.5700,33.2000,-15.8700,78.9800,1.254950,87.131724,"-0.82,-0.76,-0.57,33.20,-15.87,78.98"
2088,2026-07-27T12:58:48.572,83.922494,0.592500,-0.9300,-0.8600,-0.6700,-4.9400,-22.9500,15.9900,1.432969,28.403982,"-0.93,-0.86,-0.67,-4.94,-22.95,15.99"
2089,2026-07-27T12:58:48.811,84.161519,239.025100,-0.6900,-0.7400,-0.6700,-49.5600,-9.9500,-53.5900,1.213507,73.668746,"-0.69,-0.74,-0.67,-49.56,-9.95,-53.59"
2090,2026-07-27T12:58:48.811,84.162185,0.666800,-0.4800,-0.8500,-0.8700,-42.7200,7.2000,-70.1900,1.307593,82.483177,"-0.48,-0.85,-0.87,-42.72,7.20,-70.19"
2091,2026-07-27T12:58:48.812,84.162619,0.433500,-0.4700,-0.9800,-0.9600,15.6900,11.2900,-46.2000,1.450138,50.080737,"-0.47,-0.98,-0.96,15.69,11.29,-46.20"
2092,2026-07-27T12:58:48.813,84.163504,0.885300,-0.4800,-1.0900,-0.8900,52.8600,12.5100,-18.0100,1.486809,57.227963,"-0.48,-1.09,-0.89,52.86,12.51,-18.01"
2093,2026-07-27T12:58:48.813,84.164271,0.766800,-0.5800,-1.2400,-0.6100,7.5700,26.5500,0.7300,1.498699,27.617753,"-0.58,-1.24,-0.61,7.57,26.55,0.73"
2094,2026-07-27T12:58:48.814,84.164768,0.497200,-0.6300,-1.2100,-0.3800,-60.3600,46.6900,-25.2100,1.416121,80.366845,"-0.63,-1.21,-0.38,-60.36,46.69,-25.21"
2095,2026-07-27T12:58:48.871,84.221574,56.805400,-0.5500,-0.9500,-0.4200,-58.7800,32.7100,-90.5200,1.175330,112.778114,"-0.55,-0.95,-0.42,-58.78,32.71,-90.52"
2096,2026-07-27T12:58:49.171,84.521762,300.188200,-0.4100,-0.8600,-0.5500,-24.4100,4.4600,-129.0300,1.100091,131.394371,"-0.41,-0.86,-0.55,-24.41,4.46,-129.03"
2097,2026-07-27T12:58:49.172,84.522451,0.688700,-0.2200,-0.8600,-0.5400,-8.0600,23.8000,-125.4300,1.039038,127.922197,"-0.22,-0.86,-0.54,-8.06,23.80,-125.43"
2098,2026-07-27T12:58:49.172,84.523169,0.718000,-0.1200,-0.8800,-0.5200,6.1000,53.6500,-112.4300,1.029174,124.723845,"-0.12,-0.88,-0.52,6.10,53.65,-112.43"
2099,2026-07-27T12:58:49.173,84.523619,0.450800,-0.1200,-0.9100,-0.5400,22.0900,50.4200,-109.5600,1.064941,122.611329,"-0.12,-0.91,-0.54,22.09,50.42,-109.56"
2100,2026-07-27T12:58:49.173,84.523911,0.291600,-0.0800,-0.8700,-0.5400,36.4400,40.7100,-115.8400,1.027083,128.078426,"-0.08,-0.87,-0.54,36.44,40.71,-115.84"
2101,2026-07-27T12:58:49.174,84.524478,0.566700,-0.0100,-0.7700,-0.5200,49.3800,35.2200,-125.8500,0.929193,139.703455,"-0.01,-0.77,-0.52,49.38,35.22,-125.85"
2102,2026-07-27T12:58:49.175,84.525320,0.842300,0.0500,-0.6200,-0.4500,53.1000,33.1400,-132.8700,0.767724,146.875139,"0.05,-0.62,-0.45,53.10,33.14,-132.87"
2103,2026-07-27T12:58:49.176,84.526514,1.194400,0.0900,-0.5000,-0.3600,46.0200,43.5800,-133.0000,0.622656,147.329755,"0.09,-0.50,-0.36,46.02,43.58,-133.00"
2104,2026-07-27T12:58:49.230,84.581169,54.654200,0.1200,-0.4600,-0.3100,37.0500,61.7100,-126.8300,0.567539,145.830983,"0.12,-0.46,-0.31,37.05,61.71,-126.83"
2105,2026-07-27T12:58:49.291,84.642145,60.976900,0.1100,-0.4900,-0.3000,30.5800,77.0900,-115.4200,0.584979,142.125933,"0.11,-0.49,-0.30,30.58,77.09,-115.42"
2106,2026-07-27T12:58:49.292,84.642706,0.560600,0.0600,-0.5000,-0.3200,23.9900,81.7300,-97.9600,0.596657,129.813230,"0.06,-0.50,-0.32,23.99,81.73,-97.96"
2107,2026-07-27T12:58:49.532,84.882460,239.754100,0.0700,-0.5700,-0.3500,15.5600,67.8100,-74.4600,0.672533,101.904864,"0.07,-0.57,-0.35,15.56,67.81,-74.46"
2108,2026-07-27T12:58:49.532,84.882939,0.478600,0.1900,-0.8100,-0.4100,-0.8500,41.9900,-44.4900,0.927524,61.182046,"0.19,-0.81,-0.41,-0.85,41.99,-44.49"
2109,2026-07-27T12:58:49.532,84.883225,0.285900,0.3000,-0.9900,-0.4500,-22.7700,19.0400,-6.8400,1.128096,30.459483,"0.30,-0.99,-0.45,-22.77,19.04,-6.84"
2110,2026-07-27T12:58:49.535,84.885970,2.745200,0.3600,-0.9000,-0.4000,-30.1500,1.5900,29.9100,1.048618,42.498926,"0.36,-0.90,-0.40,-30.15,1.59,29.91"
2111,2026-07-27T12:58:49.536,84.886340,0.370000,0.4100,-0.7300,-0.3300,-22.6400,-9.5800,54.8100,0.899944,60.070643,"0.41,-0.73,-0.33,-22.64,-9.58,54.81"
2112,2026-07-27T12:58:49.536,84.886796,0.456100,0.4600,-0.7100,-0.3400,-15.9300,-8.4200,63.9600,0.911757,66.449552,"0.46,-0.71,-0.34,-15.93,-8.42,63.96"
2113,2026-07-27T12:58:49.710,85.061289,174.492900,0.4000,-0.7700,-0.4000,-9.4000,-9.2800,53.7100,0.955458,55.310419,"0.40,-0.77,-0.40,-9.40,-9.28,53.71"
2114,2026-07-27T12:58:49.712,85.063005,1.716400,0.1800,-0.7200,-0.4300,-0.6700,-47.0000,24.1700,0.857730,52.854875,"0.18,-0.72,-0.43,-0.67,-47.00,24.17"
2115,2026-07-27T12:58:49.713,85.063683,0.677900,-0.0300,-0.6300,-0.2700,-15.3200,-89.4800,11.9600,0.686076,91.566448,"-0.03,-0.63,-0.27,-15.32,-89.48,11.96"
2116,2026-07-27T12:58:49.713,85.064269,0.585700,0.0600,-0.5400,-0.1200,-29.1100,-51.1500,59.7500,0.556417,83.867617,"0.06,-0.54,-0.12,-29.11,-51.15,59.75"
2117,2026-07-27T12:58:49.770,85.121285,57.016000,0.1700,-0.5700,-0.3600,-7.0800,-26.8600,113.1000,0.695270,116.461135,"0.17,-0.57,-0.36,-7.08,-26.86,113.10"
2118,2026-07-27T12:58:49.771,85.121611,0.325800,0.0900,-0.6400,-0.7300,32.1000,-92.9000,107.1800,0.974987,145.424800,"0.09,-0.64,-0.73,32.10,-92.90,107.18"
2119,2026-07-27T12:58:50.011,85.362255,240.644000,0.0300,-0.5600,-0.5500,22.7100,-94.4200,86.8500,0.785493,130.283548,"0.03,-0.56,-0.55,22.71,-94.42,86.85"
2120,2026-07-27T12:58:50.012,85.363046,0.791400,-0.0600,-0.6300,-0.2300,-38.3300,-29.3000,89.6000,0.673350,101.763642,"-0.06,-0.63,-0.23,-38.33,-29.30,89.60"
2121,2026-07-27T12:58:50.013,85.363676,0.629800,-0.1400,-0.9200,-0.2700,-69.0900,-6.1000,105.2900,0.968969,126.081808,"-0.14,-0.92,-0.27,-69.09,-6.10,105.29"
2122,2026-07-27T12:58:50.014,85.365135,1.458900,-0.1700,-1.1200,-0.4400,-57.7400,-14.0400,117.8600,1.215278,131.992457,"-0.17,-1.12,-0.44,-57.74,-14.04,117.86"
2123,2026-07-27T12:58:50.015,85.365770,0.634900,-0.1900,-1.1000,-0.7500,-23.2500,-32.2300,113.5900,1.344842,120.341279,"-0.19,-1.10,-0.75,-23.25,-32.23,113.59"
2124,2026-07-27T12:58:50.015,85.366199,0.429200,-0.2100,-0.9000,-0.9700,6.1600,-56.8200,95.7600,1.339776,111.518768,"-0.21,-0.90,-0.97,6.16,-56.82,95.76"
2125,2026-07-27T12:58:50.071,85.421864,55.665200,-0.2700,-0.8100,-0.9000,-1.2200,-67.5000,70.8000,1.240564,97.828311,"-0.27,-0.81,-0.90,-1.22,-67.50,70.80"
2126,2026-07-27T12:58:50.191,85.541635,119.770800,-0.3600,-0.9500,-0.6100,-35.5800,-49.6200,53.5300,1.184989,81.200626,"-0.36,-0.95,-0.61,-35.58,-49.62,53.53"
2127,2026-07-27T12:58:50.192,85.542333,0.697700,-0.4500,-1.0500,-0.4300,-43.2100,-34.7900,52.7300,1.220615,76.536926,"-0.45,-1.05,-0.43,-43.21,-34.79,52.73"
2128,2026-07-27T12:58:50.192,85.542996,0.663100,-0.5100,-0.9500,-0.4800,-16.0500,-35.8300,61.5800,1.180254,73.030732,"-0.51,-0.95,-0.48,-16.05,-35.83,61.58"
2129,2026-07-27T12:58:50.850,86.201278,658.281900,-0.5600,-0.7700,-0.6000,4.8800,-34.7300,70.9800,1.125389,79.171634,"-0.56,-0.77,-0.60,4.88,-34.73,70.98"
2130,2026-07-27T12:58:50.852,86.202321,1.043200,-0.5800,-0.6300,-0.7400,12.0800,-29.7900,71.7800,1.131769,78.649469,"-0.58,-0.63,-0.74,12.08,-29.79,71.78"
2131,2026-07-27T12:58:50.854,86.205077,2.755800,-0.6200,-0.7000,-0.7900,11.7200,-20.4500,58.2300,1.224132,62.819534,"-0.62,-0.70,-0.79,11.72,-20.45,58.23"
2132,2026-07-27T12:58:50.855,86.205649,0.572200,-0.6800,-0.9200,-0.7300,8.9700,-10.7400,33.9400,1.357092,36.711471,"-0.68,-0.92,-0.73,8.97,-10.74,33.94"
2133,2026-07-27T12:58:50.855,86.205762,0.113600,-0.7100,-1.0800,-0.6400,6.9000,-3.3600,4.6400,1.442255,8.968233,"-0.71,-1.08,-0.64,6.90,-3.36,4.64"
2134,2026-07-27T12:58:50.855,86.206156,0.393500,-0.7000,-1.1000,-0.5800,3.1100,5.8000,-24.5400,1.427025,25.407158,"-0.70,-1.10,-0.58,3.11,5.80,-24.54"
2135,2026-07-27T12:58:50.856,86.206529,0.373600,-0.6400,-1.0100,-0.6100,-3.1100,17.2100,-48.6500,1.342311,51.697956,"-0.64,-1.01,-0.61,-3.11,17.21,-48.65"
2136,2026-07-27T12:58:50.856,86.207282,0.752700,-0.5900,-0.9300,-0.6200,-11.1100,28.1400,-65.7300,1.263883,72.358307,"-0.59,-0.93,-0.62,-11.11,28.14,-65.73"
2137,2026-07-27T12:58:50.857,86.208072,0.790200,-0.5400,-0.8800,-0.5800,-16.7200,36.4400,-76.5400,1.184230,86.404882,"-0.54,-0.88,-0.58,-16.72,36.44,-76.54"
2138,2026-07-27T12:58:50.858,86.208385,0.312700,-0.4700,-0.8500,-0.5700,-16.5400,43.2700,-81.6700,1.126188,93.892776,"-0.47,-0.85,-0.57,-16.54,43.27,-81.67"
2139,2026-07-27T12:58:50.859,86.209579,1.193500,-0.3800,-0.8600,-0.5800,-8.0600,47.7300,-83.9800,1.104717,96.931713,"-0.38,-0.86,-0.58,-8.06,47.73,-83.98"
2140,2026-07-27T12:58:50.859,86.210150,0.571500,-0.2500,-0.8600,-0.6200,8.4200,48.2200,-89.4200,1.089266,101.941165,"-0.25,-0.86,-0.62,8.42,48.22,-89.42"
2141,2026-07-27T12:58:50.860,86.210534,0.384400,-0.1600,-0.8500,-0.6500,25.9400,45.9600,-99.2400,1.081943,112.400101,"-0.16,-0.85,-0.65,25.94,45.96,-99.24"
2142,2026-07-27T12:58:50.861,86.211649,1.114100,-0.1300,-0.8300,-0.6400,36.6200,43.8200,-109.2500,1.056125,123.275218,"-0.13,-0.83,-0.64,36.62,43.82,-109.25"
2143,2026-07-27T12:58:50.911,86.261613,49.964800,-0.0900,-0.7500,-0.5300,35.3400,50.0500,-116.1500,0.922768,131.319232,"-0.09,-0.75,-0.53,35.34,50.05,-116.15"
2144,2026-07-27T12:58:50.911,86.262064,0.450600,-0.0100,-0.6200,-0.4100,32.5300,62.6200,-117.5500,0.743371,137.103858,"-0.01,-0.62,-0.41,32.53,62.62,-117.55"
2145,2026-07-27T12:58:50.912,86.262977,0.912800,0.0400,-0.5300,-0.3500,34.9700,65.4900,-113.7700,0.636396,135.850852,"0.04,-0.53,-0.35,34.97,65.49,-113.77"
2146,2026-07-27T12:58:50.913,86.263537,0.560100,0.0700,-0.5100,-0.3500,34.7900,59.8100,-105.7100,0.622495,126.341538,"0.07,-0.51,-0.35,34.79,59.81,-105.71"
2147,2026-07-27T12:58:51.091,86.441562,178.025100,0.1200,-0.5500,-0.3600,34.1200,59.4500,-95.5800,0.668207,117.618082,"0.12,-0.55,-0.36,34.12,59.45,-95.58"
2148,2026-07-27T12:58:51.091,86.441767,0.204700,0.1500,-0.6500,-0.3800,38.3300,58.0400,-91.6100,0.767724,115.022705,"0.15,-0.65,-0.38,38.33,58.04,-91.61"
2149,2026-07-27T12:58:51.092,86.442404,0.637100,0.0800,-0.7100,-0.4000,41.3800,37.3500,-97.4700,0.818841,112.284139,"0.08,-0.71,-0.40,41.38,37.35,-97.47"
2150,2026-07-27T12:58:51.092,86.443188,0.784100,-0.0400,-0.6900,-0.3800,33.5100,-1.1600,-101.3200,0.788733,106.723981,"-0.04,-0.69,-0.38,33.51,-1.16,-101.32"
2151,2026-07-27T12:58:51.093,86.443645,0.457000,0.0100,-0.7300,-0.3800,14.9500,-26.4300,-74.1600,0.823043,80.135841,"0.01,-0.73,-0.38,14.95,-26.43,-74.16"
2152,2026-07-27T12:58:51.150,86.501126,57.481300,0.2600,-0.8500,-0.4200,-25.2700,23.0100,57.5000,0.983107,66.890081,"0.26,-0.85,-0.42,-25.27,23.01,57.50"
2153,2026-07-27T12:58:51.212,86.562701,61.574500,0.5000,-0.9100,-0.4400,-53.0400,57.9200,94.2400,1.127697,122.674959,"0.50,-0.91,-0.44,-53.04,57.92,94.24"
2154,2026-07-27T12:58:51.213,86.564238,1.537300,0.6400,-0.8700,-0.3800,-71.1700,79.9000,87.3400,1.144945,138.121159,"0.64,-0.87,-0.38,-71.17,79.90,87.34"
2155,2026-07-27T12:58:51.331,86.681429,117.190800,0.6600,-0.8200,-0.2300,-53.6500,75.0100,48.4000,1.077451,104.150769,"0.66,-0.82,-0.23,-53.65,75.01,48.40"
2156,2026-07-27T12:58:51.331,86.681728,0.299200,0.5400,-0.8300,-0.2000,-10.5000,25.4500,2.9300,1.010198,27.686412,"0.54,-0.83,-0.20,-10.50,25.45,2.93"
2157,2026-07-27T12:58:51.332,86.682321,0.592900,0.3600,-0.8200,-0.3200,18.6200,-25.6300,-19.4700,0.950999,37.184435,"0.36,-0.82,-0.32,18.62,-25.63,-19.47"
2158,2026-07-27T12:58:51.511,86.861989,179.668100,0.3000,-0.7800,-0.4100,13.0600,-34.4800,-11.4100,0.930860,38.595623,"0.30,-0.78,-0.41,13.06,-34.48,-11.41"
2159,2026-07-27T12:58:51.512,86.862717,0.727900,0.3300,-0.7500,-0.4100,-2.7500,-32.7800,0.1800,0.916242,32.895643,"0.33,-0.75,-0.41,-2.75,-32.78,0.18"
2160,2026-07-27T12:58:51.513,86.863956,1.239300,0.2900,-0.7100,-0.3900,12.0800,-88.9300,-18.0100,0.860407,91.535957,"0.29,-0.71,-0.39,12.08,-88.93,-18.01"
2161,2026-07-27T12:58:51.514,86.864588,0.631800,-0.0100,-0.6800,-0.4200,36.0100,-181.6400,-37.6600,0.799312,188.965831,"-0.01,-0.68,-0.42,36.01,-181.64,-37.66"
2162,2026-07-27T12:58:51.571,86.921775,57.186900,-0.0100,-0.2800,-0.4200,29.4200,-140.0100,28.1400,0.504876,145.808766,"-0.01,-0.28,-0.42,29.42,-140.01,28.14"
2163,2026-07-27T12:58:51.571,86.922213,0.437800,0.2200,-0.2700,-0.5600,23.3200,-17.8800,123.4100,0.659469,126.860336,"0.22,-0.27,-0.56,23.32,-17.88,123.41"
2164,2026-07-27T12:58:51.691,87.041587,119.374000,0.1600,-0.7700,-0.4100,1.6500,26.8600,149.8400,0.886905,152.237340,"0.16,-0.77,-0.41,1.65,26.86,149.84"
2165,2026-07-27T12:58:51.691,87.042252,0.664900,0.1600,-1.1000,-0.2600,-25.7000,15.5000,133.7300,1.141578,137.056386,"0.16,-1.10,-0.26,-25.70,15.50,133.73"
2166,2026-07-27T12:58:51.691,87.042309,0.057800,0.1600,-0.9100,-0.4100,-18.5500,-19.2300,112.4900,1.010841,115.619616,"0.16,-0.91,-0.41,-18.55,-19.23,112.49"
2167,2026-07-27T12:58:51.991,87.342302,299.992300,-0.1300,-0.7900,-0.5300,-18.2500,-39.1800,103.3900,0.960156,112.060818,"-0.13,-0.79,-0.53,-18.25,-39.18,103.39"
2168,2026-07-27T12:58:51.993,87.343365,1.063000,-0.3700,-0.8200,-0.6400,-24.7800,-39.4900,104.6800,1.104038,114.592368,"-0.37,-0.82,-0.64,-24.78,-39.49,104.68"
2169,2026-07-27T12:58:51.993,87.343892,0.527000,-0.3300,-0.8500,-0.6900,-23.1900,-33.1400,104.2500,1.143460,111.821725,"-0.33,-0.85,-0.69,-23.19,-33.14,104.25"
2170,2026-07-27T12:58:51.994,87.344894,1.002100,-0.3100,-0.9600,-0.6700,-26.0600,-25.7000,98.6900,1.211033,105.258395,"-0.31,-0.96,-0.67,-26.06,-25.70,98.69"
2171,2026-07-27T12:58:51.995,87.345368,0.474200,-0.4300,-1.0800,-0.5900,-27.4000,-26.7900,92.2900,1.303610,99.929516,"-0.43,-1.08,-0.59,-27.40,-26.79,92.29"
2172,2026-07-27T12:58:51.995,87.345700,0.332100,-0.4900,-1.0700,-0.5300,-11.7200,-31.3700,87.8900,1.290697,94.053641,"-0.49,-1.07,-0.53,-11.72,-31.37,87.89"
2173,2026-07-27T12:58:51.995,87.345785,0.085000,-0.5300,-1.0500,-0.6100,12.8200,-28.4400,84.1100,1.324953,89.708852,"-0.53,-1.05,-0.61,12.82,-28.44,84.11"
2174,2026-07-27T12:58:52.051,87.401803,56.018100,-0.5500,-1.0400,-0.7400,28.3800,-20.0800,72.9400,1.389856,80.801450,"-0.55,-1.04,-0.74,28.38,-20.08,72.94"
2175,2026-07-27T12:58:52.052,87.402735,0.931600,-0.5100,-1.0700,-0.7800,32.5900,-11.9000,46.4500,1.418943,57.976897,"-0.51,-1.07,-0.78,32.59,-11.90,46.45"
2176,2026-07-27T12:58:52.171,87.521698,118.963400,-0.5400,-1.1700,-0.7300,23.6200,-4.4600,9.4000,1.481013,25.809998,"-0.54,-1.17,-0.73,23.62,-4.46,9.40"
2177,2026-07-27T12:58:52.172,87.522378,0.679700,-0.5500,-1.1600,-0.7000,0.4900,6.2900,-24.3500,1.462224,25.154059,"-0.55,-1.16,-0.70,0.49,6.29,-24.35"
2178,2026-07-27T12:58:52.172,87.523025,0.647300,-0.4700,-1.0500,-0.6900,-23.3800,22.8900,-48.1000,1.341454,58.173761,"-0.47,-1.05,-0.69,-23.38,22.89,-48.10"
2179,2026-07-27T12:58:52.471,87.821742,298.717200,-0.4000,-0.9900,-0.6500,-37.1100,41.2600,-65.9800,1.250040,86.214269,"-0.40,-0.99,-0.65,-37.11,41.26,-65.98"
2180,2026-07-27T12:58:52.472,87.822511,0.768500,-0.3900,-0.9900,-0.6100,-32.1700,50.4800,-79.7100,1.226499,99.683617,"-0.39,-0.99,-0.61,-32.17,50.48,-79.71"
2181,2026-07-27T12:58:52.472,87.823308,0.797200,-0.3300,-0.9700,-0.6400,-5.7400,45.9000,-85.5100,1.208056,97.219945,"-0.33,-0.97,-0.64,-5.74,45.90,-85.51"
2182,2026-07-27T12:58:52.473,87.823796,0.487600,-0.2000,-0.9300,-0.6600,18.1900,44.7400,-86.1800,1.157800,98.790364,"-0.20,-0.93,-0.66,18.19,44.74,-86.18"
2183,2026-07-27T12:58:52.473,87.823970,0.173900,-0.1100,-0.9600,-0.6300,23.1300,54.7500,-89.4800,1.153516,107.420807,"-0.11,-0.96,-0.63,23.13,54.75,-89.48"
2184,2026-07-27T12:58:52.474,87.824631,0.661600,-0.0800,-0.9700,-0.5800,23.9300,62.6800,-95.6400,1.133005,116.826525,"-0.08,-0.97,-0.58,23.93,62.68,-95.64"
2185,2026-07-27T12:58:52.475,87.825696,1.064800,-0.0300,-0.8700,-0.5200,35.5200,60.0000,-107.0600,1.014002,127.763508,"-0.03,-0.87,-0.52,35.52,60.00,-107.06"
2186,2026-07-27T12:58:52.531,87.881739,56.043500,0.0300,-0.7000,-0.4600,46.3900,46.9400,-126.1000,0.838153,142.325703,"0.03,-0.70,-0.46,46.39,46.94,-126.10"
2187,2026-07-27T12:58:52.770,88.121037,239.297600,0.0400,-0.5400,-0.3800,43.8800,34.0000,-141.6600,0.661513,152.147987,"0.04,-0.54,-0.38,43.88,34.00,-141.66"
2188,2026-07-27T12:58:52.771,88.121602,0.565200,0.0100,-0.4300,-0.3000,30.7600,31.6200,-142.9400,0.524404,149.592265,"0.01,-0.43,-0.30,30.76,31.62,-142.94"
2189,2026-07-27T12:58:52.771,88.121702,0.100000,0.0100,-0.3900,-0.2400,17.6400,40.5900,-129.7600,0.458039,137.099873,"0.01,-0.39,-0.24,17.64,40.59,-129.76"
2190,2026-07-27T12:58:52.772,88.122589,0.886400,0.0700,-0.4500,-0.2400,14.4700,53.8900,-109.5000,0.514782,122.897368,"0.07,-0.45,-0.24,14.47,53.89,-109.50"
2191,2026-07-27T12:58:52.773,88.123538,0.949200,0.1100,-0.5700,-0.3100,19.1000,59.2000,-89.8400,0.658103,109.273398,"0.11,-0.57,-0.31,19.10,59.20,-89.84"
2192,2026-07-27T12:58:52.773,88.124311,0.773400,0.1600,-0.7300,-0.4100,19.7100,43.8800,-68.6000,0.852408,83.784835,"0.16,-0.73,-0.41,19.71,43.88,-68.60"
2193,2026-07-27T12:58:52.774,88.124822,0.511100,0.2500,-0.8900,-0.4800,10.5000,16.4200,-38.9400,1.041633,43.545264,"0.25,-0.89,-0.48,10.50,16.42,-38.94"
2194,2026-07-27T12:58:53.071,88.421776,296.953600,0.3600,-0.9200,-0.4700,-2.3200,3.9100,-1.5300,1.094029,4.797020,"0.36,-0.92,-0.47,-2.32,3.91,-1.53"
2195,2026-07-27T12:58:53.071,88.422312,0.535700,0.4400,-0.8500,-0.4000,-12.0800,9.8900,30.2100,1.037352,34.005626,"0.44,-0.85,-0.40,-12.08,9.89,30.21"
2196,2026-07-27T12:58:53.072,88.422963,0.651800,0.5300,-0.7900,-0.2800,-12.4500,16.2400,41.2000,0.991665,46.001958,"0.53,-0.79,-0.28,-12.45,16.24,41.20"
2197,2026-07-27T12:58:53.073,88.423394,0.430200,0.5700,-0.7700,-0.2000,3.0500,9.2800,31.5600,0.978673,33.037168,"0.57,-0.77,-0.20,3.05,9.28,31.56"
2198,2026-07-27T12:58:53.073,88.424157,0.763700,0.5300,-0.7600,-0.2300,23.4400,-18.8600,13.5500,0.954673,32.995995,"0.53,-0.76,-0.23,23.44,-18.86,13.55"
2199,2026-07-27T12:58:53.074,88.424964,0.806200,0.4600,-0.7400,-0.3200,31.0700,-51.7600,3.6000,0.928224,60.476462,"0.46,-0.74,-0.32,31.07,-51.76,3.60"
2200,2026-07-27T12:58:53.075,88.425582,0.618000,0.4100,-0.7200,-0.3800,23.0100,-60.4200,10.4400,0.911537,65.490687,"0.41,-0.72,-0.38,23.01,-60.42,10.44"
2201,2026-07-27T12:58:53.251,88.601670,176.088500,0.3300,-0.6700,-0.4200,3.1100,-46.8700,25.7600,0.856855,53.572816,"0.33,-0.67,-0.42,3.11,-46.87,25.76"
2202,2026-07-27T12:58:53.251,88.602044,0.374200,0.1100,-0.6800,-0.3200,-21.2400,-41.6900,36.1300,0.759539,59.114893,"0.11,-0.68,-0.32,-21.24,-41.69,36.13"
2203,2026-07-27T12:58:53.252,88.602621,0.576300,-0.0400,-0.7000,-0.0900,-25.2100,-27.5900,59.2000,0.706895,70.009944,"-0.04,-0.70,-0.09,-25.21,-27.59,59.20"
2204,2026-07-27T12:58:53.253,88.603503,0.882400,0.1200,-0.5600,-0.0200,11.9000,-23.3200,91.6700,0.573062,95.335310,"0.12,-0.56,-0.02,11.90,-23.32,91.67"
2205,2026-07-27T12:58:53.253,88.604281,0.777700,0.2400,-0.3900,-0.3200,52.8000,-71.2300,101.0100,0.558659,134.404513,"0.24,-0.39,-0.32,52.80,-71.23,101.01"
2206,2026-07-27T12:58:53.312,88.662960,58.679200,0.1200,-0.4600,-0.6600,51.2100,-92.2200,100.7100,0.813388,145.840655,"0.12,-0.46,-0.66,51.21,-92.22,100.71"
2207,2026-07-27T12:58:53.370,88.721303,58.342800,-0.0900,-0.7000,-0.5600,-14.8900,-20.3200,116.5200,0.900944,119.212100,"-0.09,-0.70,-0.56,-14.89,-20.32,116.52"
2208,2026-07-27T12:58:53.371,88.722287,0.984700,-0.1500,-0.9000,-0.3800,-72.5100,34.6100,130.6800,0.988383,153.404089,"-0.15,-0.90,-0.38,-72.51,34.61,130.68"
2209,2026-07-27T12:58:53.550,88.901056,178.768500,-0.0800,-1.0300,-0.4600,-69.0900,13.7300,130.1300,1.130885,147.972152,"-0.08,-1.03,-0.46,-69.09,13.73,130.13"
2210,2026-07-27T12:58:53.671,89.021642,120.586400,-0.1700,-1.0800,-0.6000,-51.3900,-11.4700,125.6100,1.247117,136.199725,"-0.17,-1.08,-0.60,-51.39,-11.47,125.61"
2211,2026-07-27T12:58:53.671,89.022064,0.422100,-0.3300,-1.0400,-0.7600,-32.9600,-30.5200,114.2600,1.329699,122.772878,"-0.33,-1.04,-0.76,-32.96,-30.52,114.26"
2212,2026-07-27T12:58:53.672,89.022462,0.397200,-0.4100,-1.0000,-0.8700,-20.8100,-42.5400,97.9600,1.387444,108.806568,"-0.41,-1.00,-0.87,-20.81,-42.54,97.96"
2213,2026-07-27T12:58:53.672,89.023018,0.556900,-0.4000,-1.0500,-0.8200,-22.2800,-47.3600,79.4700,1.391007,95.156970,"-0.40,-1.05,-0.82,-22.28,-47.36,79.47"
2214,2026-07-27T12:58:53.673,89.023483,0.464200,-0.3900,-1.1400,-0.5800,-33.3900,-44.7400,63.1100,1.337199,84.258126,"-0.39,-1.14,-0.58,-33.39,-44.74,63.11"
2215,2026-07-27T12:58:53.673,89.024244,0.760900,-0.4100,-1.1100,-0.4700,-18.0700,-38.3900,51.9400,1.273224,67.067731,"-0.41,-1.11,-0.47,-18.07,-38.39,51.94"
2216,2026-07-27T12:58:53.851,89.201481,177.237800,-0.4400,-1.0900,-0.5700,16.5400,-32.4700,36.5600,1.306369,51.618854,"-0.44,-1.09,-0.57,16.54,-32.47,36.56"
2217,2026-07-27T12:58:53.851,89.201995,0.513400,-0.5400,-1.1800,-0.6700,23.9300,-20.0200,11.9600,1.460445,33.413873,"-0.54,-1.18,-0.67,23.93,-20.02,11.96"
2218,2026-07-27T12:58:53.852,89.202512,0.517100,-0.6100,-1.1700,-0.7000,8.1200,-7.8100,-14.6500,1.493653,18.481153,"-0.61,-1.17,-0.70,8.12,-7.81,-14.65"
2219,2026-07-27T12:58:53.852,89.202950,0.438500,-0.6200,-1.0800,-0.6800,-6.9000,5.0000,-36.0100,1.418873,37.004461,"-0.62,-1.08,-0.68,-6.90,5.00,-36.01"
2220,2026-07-27T12:58:53.853,89.203938,0.987200,-0.5500,-1.0100,-0.6400,-4.4600,17.2700,-51.5100,1.316131,54.510775,"-0.55,-1.01,-0.64,-4.46,17.27,-51.51"
2221,2026-07-27T12:58:53.911,89.261508,57.570900,-0.4300,-0.9200,-0.6000,3.4200,23.8000,-65.1200,1.179534,69.417223,"-0.43,-0.92,-0.60,3.42,23.80,-65.12"
2222,2026-07-27T12:58:54.031,89.381659,120.150100,-0.3200,-0.9200,-0.6200,3.1700,24.9000,-76.5400,1.154643,80.550795,"-0.32,-0.92,-0.62,3.17,24.90,-76.54"
2223,2026-07-27T12:58:54.032,89.382561,0.902600,-0.2000,-1.0200,-0.6300,-5.8600,30.0300,-82.8200,1.215442,88.290956,"-0.20,-1.02,-0.63,-5.86,30.03,-82.82"
2224,2026-07-27T12:58:54.032,89.383312,0.750600,-0.0600,-1.0400,-0.5800,-18.1300,44.6800,-88.5000,1.192309,100.783180,"-0.06,-1.04,-0.58,-18.13,44.68,-88.50"
2225,2026-07-27T12:58:54.271,89.621653,238.340700,0.0300,-0.9900,-0.5000,-16.4800,55.6600,-97.6600,1.109504,113.609426,"0.03,-0.99,-0.50,-16.48,55.66,-97.66"
2226,2026-07-27T12:58:54.272,89.622628,0.975400,0.0300,-0.9700,-0.4900,26.1800,39.3100,-115.0500,1.087152,124.367082,"0.03,-0.97,-0.49,26.18,39.31,-115.05"
2227,2026-07-27T12:58:54.272,89.623170,0.542000,0.0000,-0.8300,-0.4900,38.1500,22.6400,-121.8900,0.963846,129.711851,"0.00,-0.83,-0.49,38.15,22.64,-121.89"
2228,2026-07-27T12:58:54.273,89.623723,0.552900,-0.0300,-0.5500,-0.4200,31.0100,18.9800,-124.6900,0.692676,129.882472,"-0.03,-0.55,-0.42,31.01,18.98,-124.69"
2229,2026-07-27T12:58:54.390,89.741292,117.569400,-0.1000,-0.3600,-0.3200,13.0600,29.8500,-115.8400,0.491935,120.334915,"-0.10,-0.36,-0.32,13.06,29.85,-115.84"
2230,2026-07-27T12:58:54.391,89.741985,0.692600,-0.0800,-0.3200,-0.2400,0.0600,42.9700,-95.9500,0.407922,105.132426,"-0.08,-0.32,-0.24,0.06,42.97,-95.95"
2231,2026-07-27T12:58:54.392,89.742725,0.740200,0.0500,-0.4200,-0.2500,0.9200,53.1000,-70.8000,0.491325,88.504782,"0.05,-0.42,-0.25,0.92,53.10,-70.80"
2232,2026-07-27T12:58:54.392,89.743203,0.478400,0.1800,-0.5800,-0.3400,8.5400,65.3700,-47.0000,0.695989,80.963995,"0.18,-0.58,-0.34,8.54,65.37,-47.00"
2233,2026-07-27T12:58:54.392,89.743308,0.104700,0.2600,-0.7100,-0.4400,15.3800,64.8200,-36.0700,0.874814,75.757651,"0.26,-0.71,-0.44,15.38,64.82,-36.07"
2234,2026-07-27T12:58:54.571,89.921882,178.574300,0.2700,-0.7700,-0.4900,22.1600,37.6000,-36.2500,0.951788,56.735246,"0.27,-0.77,-0.49,22.16,37.60,-36.25"
2235,2026-07-27T12:58:54.571,89.922113,0.230200,0.2400,-0.7200,-0.4400,26.1800,2.8100,-30.5200,0.877268,40.308298,"0.24,-0.72,-0.44,26.18,2.81,-30.52"
2236,2026-07-27T12:58:54.572,89.922866,0.753100,0.3700,-0.6800,-0.3600,23.5000,-11.9600,-7.8700,0.853756,27.517785,"0.37,-0.68,-0.36,23.50,-11.96,-7.87"
2237,2026-07-27T12:58:54.573,89.923505,0.639500,0.5500,-0.9500,-0.4900,16.8500,-6.6500,24.7200,1.202123,30.646752,"0.55,-0.95,-0.49,16.85,-6.65,24.72"
2238,2026-07-27T12:58:54.573,89.924290,0.784600,0.6500,-1.0900,-0.5600,0.7300,4.3300,50.4200,1.387155,50.610851,"0.65,-1.09,-0.56,0.73,4.33,50.42"
2239,2026-07-27T12:58:54.631,89.981378,57.087800,0.5500,-0.8400,-0.4400,0.7300,4.3300,50.4200,1.096221,50.610851,"0.55,-0.84,-0.44,0.73,4.33,50.42"
2240,2026-07-27T12:58:54.690,90.041294,59.916600,0.4000,-0.7000,-0.3800,-60.9100,49.1900,34.1800,0.891291,85.428079,"0.40,-0.70,-0.38,-60.91,49.19,34.18"
2241,2026-07-27T12:58:54.691,90.042150,0.856300,0.2800,-0.8100,-0.4400,-48.8300,63.6000,15.2600,0.963379,81.622279,"0.28,-0.81,-0.44,-48.83,63.60,15.26"
2242,2026-07-27T12:58:54.751,90.101547,59.396700,0.1900,-0.8900,-0.4200,-31.4900,58.1700,4.2700,1.002297,66.284251,"0.19,-0.89,-0.42,-31.49,58.17,4.27"
2243,2026-07-27T12:58:54.871,90.221434,119.886400,0.2200,-0.8900,-0.3300,-17.2100,32.3500,3.3600,0.974372,36.796687,"0.22,-0.89,-0.33,-17.21,32.35,3.36"
2244,2026-07-27T12:58:54.871,90.221810,0.376800,0.3500,-0.8400,-0.3500,5.4900,-11.1700,3.5400,0.974987,12.939884,"0.35,-0.84,-0.35,5.49,-11.17,3.54"
2245,2026-07-27T12:58:54.872,90.222867,1.056700,0.4100,-0.7600,-0.3700,23.8000,-60.3000,-2.8100,0.939468,64.887796,"0.41,-0.76,-0.37,23.80,-60.30,-2.81"
2246,2026-07-27T12:58:54.991,90.342094,119.227200,0.3200,-0.6700,-0.3000,14.3400,-69.9500,-1.5300,0.800812,71.421138,"0.32,-0.67,-0.30,14.34,-69.95,-1.53"
2247,2026-07-27T12:58:54.992,90.342906,0.811800,0.1200,-0.6700,-0.2500,-9.0900,-41.0800,12.2100,0.725121,43.809572,"0.12,-0.67,-0.25,-9.09,-41.08,12.21"
2248,2026-07-27T12:58:54.992,90.343013,0.106700,0.0200,-0.6700,-0.2400,1.7100,-54.3800,18.2500,0.711969,57.386157,"0.02,-0.67,-0.24,1.71,-54.38,18.25"
2249,2026-07-27T12:58:55.170,90.520738,177.725500,0.1600,-0.5100,-0.2600,47.0600,-108.5800,21.3600,0.594390,120.251859,"0.16,-0.51,-0.26,47.06,-108.58,21.36"
2250,2026-07-27T12:58:55.171,90.521327,0.588400,0.3600,-0.3600,-0.4300,74.7100,-119.0800,42.4200,0.666408,146.836940,"0.36,-0.36,-0.43,74.71,-119.08,42.42"
2251,2026-07-27T12:58:55.171,90.521970,0.642900,0.3600,-0.4700,-0.7400,61.8300,-73.6700,71.5900,0.947681,119.897231,"0.36,-0.47,-0.74,61.83,-73.67,71.59"
2252,2026-07-27T12:58:55.172,90.522667,0.697700,0.1600,-0.8300,-0.6600,-1.7100,-12.6300,91.8000,1.072427,92.680532,"0.16,-0.83,-0.66,-1.71,-12.63,91.80"
2253,2026-07-27T12:58:55.173,90.523478,0.810600,0.0200,-1.1200,-0.3600,-54.2000,33.5100,100.7100,1.176605,119.176609,"0.02,-1.12,-0.36,-54.20,33.51,100.71"
2254,2026-07-27T12:58:55.231,90.581684,58.205800,0.1200,-1.0100,-0.3400,-35.1600,13.3700,90.5800,1.072427,98.080166,"0.12,-1.01,-0.34,-35.16,13.37,90.58"
2255,2026-07-27T12:58:55.350,90.701215,119.531000,0.1400,-0.8800,-0.3700,-30.8200,-26.0000,77.2700,0.964832,87.158048,"0.14,-0.88,-0.37,-30.82,-26.00,77.27"
2256,2026-07-27T12:58:55.351,90.701609,0.394600,-0.0500,-1.0100,-0.4000,-63.1700,-19.3500,81.1800,1.087474,104.666441,"-0.05,-1.01,-0.40,-63.17,-19.35,81.18"
2257,2026-07-27T12:58:55.352,90.702348,0.738300,-0.2800,-1.1000,-0.5200,-52.3700,-15.1400,84.2900,1.248519,100.382472,"-0.28,-1.10,-0.52,-52.37,-15.14,84.29"
2258,2026-07-27T12:58:55.651,91.001529,299.181400,-0.3800,-1.0100,-0.6500,-10.5600,-31.6800,80.9300,1.259762,87.548849,"-0.38,-1.01,-0.65,-10.56,-31.68,80.93"
2259,2026-07-27T12:58:55.651,91.002171,0.641900,-0.2800,-0.8300,-0.7500,12.5700,-48.4600,78.7400,1.153170,93.307899,"-0.28,-0.83,-0.75,12.57,-48.46,78.74"
2260,2026-07-27T12:58:55.652,91.002623,0.452300,-0.2000,-0.8200,-0.6900,1.0400,-40.5900,74.0400,1.090183,84.442592,"-0.20,-0.82,-0.69,1.04,-40.59,74.04"
2261,2026-07-27T12:58:55.652,91.003101,0.477500,-0.3100,-1.0000,-0.5600,-27.7700,-19.1000,61.6500,1.187308,70.261692,"-0.31,-1.00,-0.56,-27.77,-19.10,61.65"
2262,2026-07-27T12:58:55.653,91.003911,0.810000,-0.4600,-1.1400,-0.6100,-27.1600,-15.1400,49.4400,1.372334,58.405469,"-0.46,-1.14,-0.61,-27.16,-15.14,49.44"
2263,2026-07-27T12:58:55.654,91.004805,0.894700,-0.4700,-1.1600,-0.7500,-0.4900,-22.1600,40.8900,1.459109,46.511265,"-0.47,-1.16,-0.75,-0.49,-22.16,40.89"
2264,2026-07-27T12:58:55.655,91.005386,0.580400,-0.4300,-1.1100,-0.8000,13.6700,-19.6500,26.6700,1.434225,35.836857,"-0.43,-1.11,-0.80,13.67,-19.65,26.67"
2265,2026-07-27T12:58:55.656,91.006343,0.956800,-0.4000,-1.1200,-0.7400,10.9900,-7.7500,2.8100,1.400714,13.738220,"-0.40,-1.12,-0.74,10.99,-7.75,2.81"
2266,2026-07-27T12:58:55.771,91.121414,115.071200,-0.3500,-1.1100,-0.6500,4.8800,6.1000,-23.8000,1.333079,25.049240,"-0.35,-1.11,-0.65,4.88,6.10,-23.80"
2267,2026-07-27T12:58:55.771,91.121854,0.440300,-0.2500,-1.0500,-0.6200,2.4400,17.0300,-47.6700,1.244749,50.679418,"-0.25,-1.05,-0.62,2.44,17.03,-47.67"
2268,2026-07-27T12:58:55.771,91.122015,0.160700,-0.2000,-1.0500,-0.6100,-1.1600,30.2100,-66.2800,1.230691,72.849352,"-0.20,-1.05,-0.61,-1.16,30.21,-66.28"
2269,2026-07-27T12:58:55.831,91.182268,60.253100,-0.2000,-1.0800,-0.6000,-4.8200,44.6800,-79.6500,1.251559,91.453033,"-0.20,-1.08,-0.60,-4.82,44.68,-79.65"
2270,2026-07-27T12:58:55.891,91.241382,59.113700,-0.1500,-1.0200,-0.5800,5.2500,49.1900,-89.4800,1.182920,102.244261,"-0.15,-1.02,-0.58,5.25,49.19,-89.48"
2271,2026-07-27T12:58:55.891,91.242088,0.706700,-0.0400,-0.9100,-0.5500,23.8600,46.7500,-97.3500,1.064049,110.597851,"-0.04,-0.91,-0.55,23.86,46.75,-97.35"
2272,2026-07-27T12:58:56.071,91.422219,180.130600,0.0600,-0.8700,-0.5000,32.1700,45.1700,-103.5800,1.005236,117.490656,"0.06,-0.87,-0.50,32.17,45.17,-103.58"
2273,2026-07-27T12:58:56.072,91.422672,0.452800,0.0800,-0.8500,-0.4800,32.9000,44.1300,-108.5800,0.979439,121.735300,"0.08,-0.85,-0.48,32.90,44.13,-108.58"
2274,2026-07-27T12:58:56.072,91.423039,0.367400,0.0300,-0.7700,-0.4900,37.6000,27.7100,-116.2700,0.913181,125.300906,"0.03,-0.77,-0.49,37.60,27.71,-116.27"
2275,2026-07-27T12:58:56.073,91.423847,0.807500,0.0200,-0.6100,-0.4500,40.2800,3.7200,-123.5400,0.758288,129.994032,"0.02,-0.61,-0.45,40.28,3.72,-123.54"
2276,2026-07-27T12:58:56.131,91.481790,57.943000,0.0600,-0.5000,-0.4000,40.5300,2.2600,-127.9300,0.643117,134.215772,"0.06,-0.50,-0.40,40.53,2.26,-127.93"
2277,2026-07-27T12:58:56.132,91.482644,0.854100,0.0800,-0.5000,-0.3800,44.2500,2.7500,-137.9400,0.633088,144.889850,"0.08,-0.50,-0.38,44.25,2.75,-137.94"
2278,2026-07-27T12:58:56.250,91.601029,118.384800,0.0700,-0.5100,-0.3500,46.8100,-12.7000,-147.4000,0.622495,155.174824,"0.07,-0.51,-0.35,46.81,-12.70,-147.40"
2279,2026-07-27T12:58:56.251,91.601628,0.599500,0.1100,-0.5300,-0.3400,39.9200,-22.7700,-135.9300,0.639218,143.488830,"0.11,-0.53,-0.34,39.92,-22.77,-135.93"
2280,2026-07-27T12:58:56.251,91.602157,0.528800,0.2300,-0.6200,-0.3700,23.6800,-15.1400,-97.4700,0.757760,101.441426,"0.23,-0.62,-0.37,23.68,-15.14,-97.47"
2281,2026-07-27T12:58:56.311,91.661742,59.585100,0.3700,-0.7600,-0.4400,4.8800,13.9800,-43.2100,0.952943,45.676678,"0.37,-0.76,-0.44,4.88,13.98,-43.21"
2282,2026-07-27T12:58:56.431,91.781792,120.049900,0.4400,-0.8400,-0.4700,-5.7400,53.2200,7.5700,1.058348,54.061270,"0.44,-0.84,-0.47,-5.74,53.22,7.57"
2283,2026-07-27T12:58:56.432,91.782328,0.536500,0.4200,-0.8200,-0.4700,-0.5500,65.4300,29.7200,1.034263,71.865609,"0.42,-0.82,-0.47,-0.55,65.43,29.72"
2284,2026-07-27T12:58:56.432,91.782563,0.235000,0.3700,-0.8200,-0.4700,13.1800,35.0300,18.2500,1.014988,41.639834,"0.37,-0.82,-0.47,13.18,35.03,18.25"
2285,2026-07-27T12:58:56.611,91.961791,179.227500,0.2800,-0.8400,-0.4200,18.9200,-8.7300,0.1200,0.980000,20.837315,"0.28,-0.84,-0.42,18.92,-8.73,0.12"
2286,2026-07-27T12:58:56.612,91.962401,0.610200,0.2500,-0.8800,-0.3100,9.7700,-17.8800,12.8800,0.965919,24.104807,"0.25,-0.88,-0.31,9.77,-17.88,12.88"
2287,2026-07-27T12:58:56.613,91.963357,0.956300,0.3000,-0.9300,-0.3000,-6.1000,-0.2400,53.4700,1.022204,53.817362,"0.30,-0.93,-0.30,-6.10,-0.24,53.47"
2288,2026-07-27T12:58:56.613,91.963909,0.552100,0.3900,-0.9600,-0.3700,-15.3200,-14.1600,76.4800,1.100273,79.274198,"0.39,-0.96,-0.37,-15.32,-14.16,76.48"
2289,2026-07-27T12:58:56.614,91.964416,0.506500,0.4900,-1.0000,-0.3900,-11.9000,-45.6500,76.4200,1.179915,89.808401,"0.49,-1.00,-0.39,-11.90,-45.65,76.42"
2290,2026-07-27T12:58:56.671,92.021623,57.207400,0.5700,-0.9800,-0.2800,11.4100,-49.4400,68.3000,1.167776,85.084615,"0.57,-0.98,-0.28,11.41,-49.44,68.30"
2291,2026-07-27T12:58:56.795,92.145349,123.725600,0.5900,-0.8900,-0.1600,43.9500,-43.7000,45.3500,1.079722,76.797884,"0.59,-0.89,-0.16,43.95,-43.70,45.35"
2292,2026-07-27T12:58:56.797,92.147437,2.088100,0.5300,-0.8200,-0.1400,51.7000,-62.3800,15.9300,0.986357,82.570693,"0.53,-0.82,-0.14,51.70,-62.38,15.93"
2293,2026-07-27T12:58:56.797,92.147898,0.460700,0.4400,-0.8000,-0.1400,30.9400,-82.0900,-0.3100,0.923688,87.727691,"0.44,-0.80,-0.14,30.94,-82.09,-0.31"
2294,2026-07-27T12:58:57.031,92.381707,233.809800,0.3900,-0.8400,-0.1200,2.2600,-63.4200,0.6100,0.933863,63.463187,"0.39,-0.84,-0.12,2.26,-63.42,0.61"
2295,2026-07-27T12:58:57.032,92.382461,0.753700,0.4100,-0.8600,-0.1400,-22.3400,-24.5400,4.7000,0.962964,33.516820,"0.41,-0.86,-0.14,-22.34,-24.54,4.70"
2296,2026-07-27T12:58:57.032,92.382984,0.523200,0.3800,-0.8200,-0.2100,-42.6000,3.1700,0.1800,0.927847,42.718161,"0.38,-0.82,-0.21,-42.60,3.17,0.18"
2297,2026-07-27T12:58:57.033,92.383694,0.709500,0.2800,-0.7700,-0.3100,-58.2900,16.7200,-9.4600,0.876014,61.374051,"0.28,-0.77,-0.31,-58.29,16.72,-9.46"
2298,2026-07-27T12:58:57.033,92.384274,0.580000,0.1900,-0.7600,-0.3900,-59.4500,11.7800,-24.3500,0.875100,65.314573,"0.19,-0.76,-0.39,-59.45,11.78,-24.35"
2299,2026-07-27T12:58:57.034,92.384694,0.419600,0.1100,-0.8100,-0.4500,-41.0800,-9.0900,-44.6200,0.933113,61.328125,"0.11,-0.81,-0.45,-41.08,-9.09,-44.62"
2300,2026-07-27T12:58:57.091,92.441481,56.788000,0.0100,-0.8800,-0.4900,5.1300,-55.9700,-71.2900,1.007274,90.781176,"0.01,-0.88,-0.49,5.13,-55.97,-71.29"
2301,2026-07-27T12:58:57.091,92.442057,0.575800,0.0100,-0.9500,-0.5300,-7.3200,-25.0200,-32.4700,1.087888,41.639929,"0.01,-0.95,-0.53,-7.32,-25.02,-32.47"
2302,2026-07-27T12:58:57.271,92.621798,179.740500,0.2700,-1.1100,-0.6000,-51.7000,53.7100,40.7700,1.290349,84.969683,"0.27,-1.11,-0.60,-51.70,53.71,40.77"
2303,2026-07-27T12:58:57.272,92.622581,0.783600,0.5400,-1.1200,-0.5800,-98.8200,107.0600,87.9500,1.372006,170.183544,"0.54,-1.12,-0.58,-98.82,107.06,87.95"
2304,2026-07-27T12:58:57.272,92.623136,0.554400,0.6100,-0.8300,-0.3400,-99.1800,105.9600,82.1500,1.084712,166.771750,"0.61,-0.83,-0.34,-99.18,105.96,82.15"
2305,2026-07-27T12:58:57.273,92.623518,0.382100,0.6000,-0.6500,-0.1800,-48.4000,84.1100,53.2800,0.902718,110.705964,"0.60,-0.65,-0.18,-48.40,84.11,53.28"
2306,2026-07-27T12:58:57.331,92.681331,57.812700,0.5700,-0.7300,-0.2700,7.7500,68.7900,31.2500,0.964728,75.951887,"0.57,-0.73,-0.27,7.75,68.79,31.25"
2307,2026-07-27T12:58:57.331,92.681850,0.519200,0.5500,-0.7300,-0.3900,42.6000,43.6400,13.3100,0.993730,62.420876,"0.55,-0.73,-0.39,42.60,43.64,13.31"
2308,2026-07-27T12:58:57.511,92.861966,180.116200,0.6000,-0.6800,-0.5100,52.2500,7.2600,-14.5300,1.040433,54.716460,"0.60,-0.68,-0.51,52.25,7.26,-14.53"
2309,2026-07-27T12:58:57.512,92.862798,0.832400,0.5300,-0.6900,-0.6200,36.7400,3.1100,-32.5900,1.068363,49.209834,"0.53,-0.69,-0.62,36.74,3.11,-32.59"
2310,2026-07-27T12:58:57.513,92.863375,0.576800,0.4200,-0.7000,-0.7000,-2.8100,60.3000,-8.0000,1.075360,60.893235,"0.42,-0.70,-0.70,-2.81,60.30,-8.00"
2311,2026-07-27T12:58:57.513,92.864017,0.641900,0.3400,-0.7100,-0.6400,-2.8100,60.3000,-8.0000,1.014544,60.893235,"0.34,-0.71,-0.64,-2.81,60.30,-8.00"
2312,2026-07-27T12:58:57.751,93.101591,237.574000,0.3000,-0.7800,-0.5100,-71.3500,158.2000,56.7000,0.979030,182.573143,"0.30,-0.78,-0.51,-71.35,158.20,56.70"
2313,2026-07-27T12:58:57.751,93.102084,0.492800,0.2600,-0.8100,-0.4000,-69.5800,123.1700,41.0200,0.940053,147.291771,"0.26,-0.81,-0.40,-69.58,123.17,41.02"
2314,2026-07-27T12:58:57.752,93.102589,0.504900,0.2400,-0.7900,-0.3600,-53.8300,74.8300,16.1100,0.900722,93.577401,"0.24,-0.79,-0.36,-53.83,74.83,16.11"
2315,2026-07-27T12:58:57.752,93.103259,0.669900,0.2500,-0.7800,-0.4200,-33.0200,45.4700,6.7100,0.920489,56.593864,"0.25,-0.78,-0.42,-33.02,45.47,6.71"
2316,2026-07-27T12:58:57.753,93.104081,0.822200,0.2600,-0.7300,-0.4900,-16.5400,42.6600,19.8400,0.916842,49.870560,"0.26,-0.73,-0.49,-16.54,42.66,19.84"
2317,2026-07-27T12:58:57.810,93.161237,57.156600,0.2800,-0.7600,-0.5600,-14.2800,43.6400,44.5600,0.984683,63.984073,"0.28,-0.76,-0.56,-14.28,43.64,44.56"
2318,2026-07-27T12:58:57.811,93.161965,0.727400,0.3900,-1.0200,-0.6500,-28.8700,19.4700,69.8900,1.270827,78.084377,"0.39,-1.02,-0.65,-28.87,19.47,69.89"
2319,2026-07-27T12:58:57.812,93.163041,1.075900,0.5100,-1.2900,-0.5100,-68.9700,-2.8100,98.1400,1.477938,119.984235,"0.51,-1.29,-0.51,-68.97,-2.81,98.14"
2320,2026-07-27T12:58:57.870,93.221288,58.247500,0.5100,-1.4200,0.0100,-97.1700,7.3200,127.8700,1.508841,160.767933,"0.51,-1.42,0.01,-97.17,7.32,127.87"
2321,2026-07-27T12:58:58.051,93.401754,180.465700,0.4800,-1.2100,0.1800,-67.5700,19.9600,134.4000,1.314116,151.748036,"0.48,-1.21,0.18,-67.57,19.96,134.40"
2322,2026-07-27T12:58:58.350,93.701282,299.527700,0.4700,-0.8100,-0.1700,-20.6900,13.9200,106.8100,0.951788,109.682353,"0.47,-0.81,-0.17,-20.69,13.92,106.81"
2323,2026-07-27T12:58:58.351,93.701867,0.585800,0.4600,-0.5800,-0.4500,8.4800,4.3300,73.6700,0.866314,74.282758,"0.46,-0.58,-0.45,8.48,4.33,73.67"
2324,2026-07-27T12:58:58.352,93.702643,0.775900,0.4500,-0.5400,-0.5400,17.4000,5.4300,50.9600,0.886397,54.121775,"0.45,-0.54,-0.54,17.40,5.43,50.96"
2325,2026-07-27T12:58:58.353,93.703733,1.089400,0.3300,-0.6300,-0.5000,-1.2200,19.9600,26.1800,0.869368,32.943625,"0.33,-0.63,-0.50,-1.22,19.96,26.18"
2326,2026-07-27T12:58:58.354,93.704394,0.661000,0.1400,-0.7700,-0.4400,-33.4500,59.7500,12.7000,0.897831,69.643772,"0.14,-0.77,-0.44,-33.45,59.75,12.70"
2327,2026-07-27T12:58:58.355,93.705582,1.188300,0.0600,-0.8100,-0.4300,-46.3300,104.1300,17.3300,0.919021,115.281632,"0.06,-0.81,-0.43,-46.33,104.13,17.33"
2328,2026-07-27T12:58:58.355,93.706255,0.673100,0.0800,-0.7700,-0.4700,-23.3200,104.6800,9.2800,0.905649,107.646845,"0.08,-0.77,-0.47,-23.32,104.68,9.28"
2329,2026-07-27T12:58:58.356,93.706658,0.402500,0.0600,-0.7700,-0.5700,18.9800,58.9600,-25.5100,0.959896,66.987179,"0.06,-0.77,-0.57,18.98,58.96,-25.51"
2330,2026-07-27T12:58:58.356,93.707160,0.502200,-0.1500,-0.8700,-0.7300,51.5100,-19.5900,-73.7900,1.145557,92.097841,"-0.15,-0.87,-0.73,51.51,-19.59,-73.79"
2331,2026-07-27T12:58:58.357,93.707960,0.800600,-0.3500,-1.0100,-0.7700,38.9400,-94.7300,-93.9300,1.317384,138.971009,"-0.35,-1.01,-0.77,38.94,-94.73,-93.93"
2332,2026-07-27T12:58:58.530,93.881175,173.214900,-0.1500,-1.0400,-0.6100,-34.6700,-63.1700,-33.3900,1.214990,79.418826,"-0.15,-1.04,-0.61,-34.67,-63.17,-33.39"
2333,2026-07-27T12:58:58.531,93.882042,0.866200,0.4300,-1.1300,-0.2600,-109.5000,87.3400,74.4600,1.236689,158.627921,"0.43,-1.13,-0.26,-109.50,87.34,74.46"
2334,2026-07-27T12:58:58.532,93.883104,1.062500,0.6900,-1.3200,0.0200,-111.5100,227.3600,132.3900,1.489597,285.751924,"0.69,-1.32,0.02,-111.51,227.36,132.39"
2335,2026-07-27T12:58:58.533,93.884011,0.906700,0.4500,-1.1200,-0.1100,-27.8300,189.5100,89.6600,1.212023,211.488687,"0.45,-1.12,-0.11,-27.83,189.51,89.66"
2336,2026-07-27T12:58:58.590,93.940885,56.874700,0.3400,-0.6000,-0.3200,67.4400,6.9600,3.0500,0.760263,67.866764,"0.34,-0.60,-0.32,67.44,6.96,3.05"
2337,2026-07-27T12:58:58.591,93.941384,0.498200,0.4800,-0.4700,-0.4400,78.6700,-72.8100,-18.6200,0.803057,108.797837,"0.48,-0.47,-0.44,78.67,-72.81,-18.62"
2338,2026-07-27T12:58:58.592,93.942389,1.004900,0.6700,-0.6500,-0.5700,27.7100,12.5700,30.8200,1.093755,43.309599,"0.67,-0.65,-0.57,27.71,12.57,30.82"
2339,2026-07-27T12:58:58.651,94.001372,58.983700,0.7400,-0.7200,-0.6000,-13.1200,105.4100,65.5500,1.194152,124.820691,"0.74,-0.72,-0.60,-13.12,105.41,65.55"
2340,2026-07-27T12:58:58.651,94.001645,0.272700,0.6500,-0.7100,-0.5500,-26.1200,106.4500,38.4500,1.108648,116.156185,"0.65,-0.71,-0.55,-26.12,106.45,38.45"
2341,2026-07-27T12:58:59.131,94.482015,480.370400,0.4700,-0.7500,-0.5000,-21.3600,60.9100,-14.2800,1.016563,66.107459,"0.47,-0.75,-0.50,-21.36,60.91,-14.28"
2342,2026-07-27T12:58:59.132,94.482755,0.739100,0.3300,-0.7700,-0.4900,-15.3800,40.7700,-35.8300,0.970515,56.413883,"0.33,-0.77,-0.49,-15.38,40.77,-35.83"
2343,2026-07-27T12:58:59.132,94.483248,0.494000,0.2800,-0.7700,-0.5400,-20.2000,72.1400,-11.9600,0.981275,75.863438,"0.28,-0.77,-0.54,-20.20,72.14,-11.96"
2344,2026-07-27T12:58:59.133,94.483823,0.574800,0.2900,-0.7700,-0.6100,-38.2700,133.1200,31.6800,1.024256,142.088528,"0.29,-0.77,-0.61,-38.27,133.12,31.68"
2345,2026-07-27T12:58:59.134,94.484388,0.565100,0.3200,-0.7800,-0.6200,-62.0700,183.4100,64.7000,1.046518,204.151912,"0.32,-0.78,-0.62,-62.07,183.41,64.70"
2346,2026-07-27T12:58:59.134,94.484968,0.579200,0.3100,-0.7900,-0.5300,-77.4500,187.7400,67.1400,1.000550,213.898550,"0.31,-0.79,-0.53,-77.45,187.74,67.14"
2347,2026-07-27T12:58:59.135,94.485332,0.364900,0.2600,-0.8100,-0.4500,-73.1200,135.2500,36.5600,0.962393,158.037117,"0.26,-0.81,-0.45,-73.12,135.25,36.56"
2348,2026-07-27T12:58:59.135,94.486171,0.838100,0.2200,-0.8400,-0.4500,-46.8700,61.4000,-1.7100,0.978008,77.263711,"0.22,-0.84,-0.45,-46.87,61.40,-1.71"
2349,2026-07-27T12:58:59.136,94.487298,1.127100,0.2500,-0.8300,-0.5500,-14.4700,19.9000,-13.4300,1.026596,28.031336,"0.25,-0.83,-0.55,-14.47,19.90,-13.43"
2350,2026-07-27T12:58:59.137,94.488081,0.783500,0.2900,-0.8200,-0.6300,-0.7300,23.8600,7.4500,1.073965,25.006699,"0.29,-0.82,-0.63,-0.73,23.86,7.45"
2351,2026-07-27T12:58:59.139,94.489338,1.257000,0.2500,-0.8700,-0.6200,-9.1600,33.8700,28.4400,1.097178,45.165430,"0.25,-0.87,-0.62,-9.16,33.87,28.44"
2352,2026-07-27T12:58:59.139,94.490002,0.663700,0.1700,-0.9100,-0.5600,-17.5800,13.1800,28.0800,1.081943,35.654666,"0.17,-0.91,-0.56,-17.58,13.18,28.08"
2353,2026-07-27T12:58:59.311,94.661783,171.781100,0.1700,-0.8800,-0.5100,-16.8500,-30.4000,25.3300,1.031213,43.008039,"0.17,-0.88,-0.51,-16.85,-30.40,25.33"
2354,2026-07-27T12:58:59.312,94.662358,0.574700,0.2900,-0.9500,-0.5400,-20.5700,-64.2700,48.8900,1.130575,83.330606,"0.29,-0.95,-0.54,-20.57,-64.27,48.89"
2355,2026-07-27T12:58:59.312,94.663036,0.678700,0.5200,-1.0700,-0.6100,-39.0600,-62.9300,102.1100,1.336937,126.144047,"0.52,-1.07,-0.61,-39.06,-62.93,102.11"
2356,2026-07-27T12:58:59.313,94.663631,0.594200,0.5900,-1.0900,-0.4700,-80.0800,-24.1700,137.8800,1.325556,161.269618,"0.59,-1.09,-0.47,-80.08,-24.17,137.88"
2357,2026-07-27T12:58:59.491,94.841608,177.977400,0.4000,-1.0500,-0.1100,-103.7600,20.5700,118.9000,1.128982,159.142931,"0.40,-1.05,-0.11,-103.76,20.57,118.90"
2358,2026-07-27T12:58:59.491,94.842185,0.576600,0.3000,-0.8400,-0.1000,-44.1300,-30.1500,53.1600,0.897552,75.382127,"0.30,-0.84,-0.10,-44.13,-30.15,53.16"
2359,2026-07-27T12:58:59.492,94.842691,0.506300,0.3600,-0.5500,-0.4300,50.2300,-160.0300,-24.2900,0.785493,169.477603,"0.36,-0.55,-0.43,50.23,-160.03,-24.29"
2360,2026-07-27T12:58:59.492,94.843259,0.568300,0.4000,-0.5100,-0.5200,64.8200,-157.0400,-45.1000,0.830963,175.776005,"0.40,-0.51,-0.52,64.82,-157.04,-45.10"
2361,2026-07-27T12:58:59.493,94.844013,0.753900,0.3600,-0.6600,-0.3900,2.5000,-7.0200,-15.8100,0.846936,17.478172,"0.36,-0.66,-0.39,2.50,-7.02,-15.81"
2362,2026-07-27T12:58:59.791,95.141528,297.514400,0.2400,-0.7800,-0.3700,-42.9100,95.0900,-9.5800,0.896047,104.762363,"0.24,-0.78,-0.37,-42.91,95.09,-9.58"
2363,2026-07-27T12:58:59.791,95.142089,0.561900,0.1400,-0.8800,-0.5100,-27.4000,90.7000,-36.0100,1.026694,101.360594,"0.14,-0.88,-0.51,-27.40,90.70,-36.01"
2364,2026-07-27T12:58:59.792,95.142522,0.432600,-0.0500,-1.0000,-0.7000,25.7000,33.7500,-72.5100,1.221679,84.007456,"-0.05,-1.00,-0.70,25.70,33.75,-72.51"
2365,2026-07-27T12:58:59.792,95.143024,0.501600,-0.3500,-0.9900,-0.7800,66.7700,-65.4900,-107.5400,1.308052,142.520260,"-0.35,-0.99,-0.78,66.77,-65.49,-107.54"
2366,2026-07-27T12:58:59.793,95.143773,0.749800,-0.3200,-0.8400,-0.6700,55.2400,-131.7100,-99.7900,1.121116,174.232677,"-0.32,-0.84,-0.67,55.24,-131.71,-99.79"
2367,2026-07-27T12:58:59.794,95.145151,1.378000,0.1400,-0.8600,-0.5800,22.5800,-74.3400,-33.3900,1.046709,84.564674,"0.14,-0.86,-0.58,22.58,-74.34,-33.39"
2368,2026-07-27T12:58:59.795,95.145645,0.493500,0.5400,-1.0600,-0.5600,-10.3800,45.4700,46.9400,1.314838,66.171209,"0.54,-1.06,-0.56,-10.38,45.47,46.94"
2369,2026-07-27T12:58:59.911,95.261724,116.079200,0.6500,-1.0300,-0.3300,-35.1000,116.7600,89.6000,1.261864,151.304552,"0.65,-1.03,-0.33,-35.10,116.76,89.60"
2370,2026-07-27T12:58:59.912,95.262366,0.641500,0.5700,-0.8000,-0.1700,-3.8500,88.1300,67.9900,0.996895,111.374860,"0.57,-0.80,-0.17,-3.85,88.13,67.99"
2371,2026-07-27T12:58:59.912,95.263029,0.663400,0.4500,-0.7100,-0.3400,36.0100,48.8900,29.1700,0.906752,67.363500,"0.45,-0.71,-0.34,36.01,48.89,29.17"
2372,2026-07-27T12:58:59.971,95.322152,59.123500,0.4200,-0.7500,-0.5200,57.2500,11.4100,-22.4000,1.004639,62.526079,"0.42,-0.75,-0.52,57.25,11.41,-22.40"
2373,2026-07-27T12:58:59.972,95.322746,0.593900,0.4300,-0.6800,-0.5600,43.5200,-13.5500,-38.8800,0.980255,59.910327,"0.43,-0.68,-0.56,43.52,-13.55,-38.88"
2374,2026-07-27T12:59:00.211,95.561774,239.028100,0.4200,-0.6100,-0.5500,4.6400,31.4300,-18.4900,0.922497,36.759415,"0.42,-0.61,-0.55,4.64,31.43,-18.49"
2375,2026-07-27T12:59:00.212,95.562484,0.709700,0.3900,-0.7000,-0.5800,-32.1000,89.9000,5.4900,0.989192,95.616735,"0.39,-0.70,-0.58,-32.10,89.90,5.49"
2376,2026-07-27T12:59:00.212,95.563142,0.657400,0.3900,-0.7000,-0.5800,-32.1000,89.9000,5.4900,0.989192,95.616735,"0.39,-0.70,-0.58,-32.10,89.90,5.49"
2377,2026-07-27T12:59:00.213,95.563960,0.818500,0.2600,-0.8500,-0.4600,-30.3300,25.8800,-42.2400,1.000850,58.085290,"0.26,-0.85,-0.46,-30.33,25.88,-42.24"
2378,2026-07-27T12:59:00.214,95.564490,0.529500,0.2600,-0.8300,-0.3900,-10.5000,-17.1500,-63.0500,0.953205,66.179113,"0.26,-0.83,-0.39,-10.50,-17.15,-63.05"
2379,2026-07-27T12:59:00.214,95.565071,0.581600,0.2500,-0.8000,-0.3800,6.4700,-17.2100,-55.3000,0.920272,58.276367,"0.25,-0.80,-0.38,6.47,-17.21,-55.30"
2380,2026-07-27T12:59:00.271,95.622037,56.965800,0.1800,-0.7900,-0.4300,23.5600,1.7100,-28.5000,0.917279,37.016857,"0.18,-0.79,-0.43,23.56,1.71,-28.50"
2381,2026-07-27T12:59:00.331,95.681668,59.631000,0.1500,-0.8600,-0.6000,33.3300,6.3500,2.3200,1.059292,34.008731,"0.15,-0.86,-0.60,33.33,6.35,2.32"
2382,2026-07-27T12:59:00.331,95.681982,0.313600,0.2200,-0.9800,-0.6800,24.6600,-17.9400,27.1600,1.212930,40.836562,"0.22,-0.98,-0.68,24.66,-17.94,27.16"
2383,2026-07-27T12:59:00.391,95.741421,59.439300,0.2400,-0.9200,-0.5200,-2.1400,-54.3800,45.7200,1.083697,71.078002,"0.24,-0.92,-0.52,-2.14,-54.38,45.72"
2384,2026-07-27T12:59:00.451,95.801372,59.950600,0.3100,-0.9900,-0.4800,-38.5700,-59.6900,82.4000,1.143066,108.813147,"0.31,-0.99,-0.48,-38.57,-59.69,82.40"
2385,2026-07-27T12:59:00.451,95.801624,0.252100,0.4900,-1.1400,-0.5700,-74.9500,-28.8100,147.5800,1.365504,168.010044,"0.49,-1.14,-0.57,-74.95,-28.81,147.58"
2386,2026-07-27T12:59:00.690,96.041305,239.681000,0.5100,-1.2300,-0.3000,-99.4300,14.8300,183.7800,1.364918,209.478739,"0.51,-1.23,-0.30,-99.43,14.83,183.78"
2387,2026-07-27T12:59:00.691,96.041624,0.319000,0.3100,-1.1300,0.0200,-65.9800,32.7800,141.1700,1.171921,159.238368,"0.31,-1.13,0.02,-65.98,32.78,141.17"
2388,2026-07-27T12:59:00.692,96.042483,0.859000,0.2100,-0.7800,-0.1500,11.4100,-49.8000,44.9800,0.821584,68.069292,"0.21,-0.78,-0.15,11.41,-49.80,44.98"
2389,2026-07-27T12:59:00.692,96.043208,0.725800,0.3000,-0.4800,-0.3900,51.4500,-132.2600,-19.9000,0.687386,143.303245,"0.30,-0.48,-0.39,51.45,-132.26,-19.90"
2390,2026-07-27T12:59:00.693,96.043983,0.775000,0.4000,-0.4700,-0.4100,26.7300,-64.2700,-12.3900,0.740945,70.701046,"0.40,-0.47,-0.41,26.73,-64.27,-12.39"
2391,2026-07-27T12:59:00.694,96.044694,0.710200,0.3700,-0.6200,-0.3500,-25.3300,57.9800,3.9700,0.802371,63.395979,"0.37,-0.62,-0.35,-25.33,57.98,3.97"
2392,2026-07-27T12:59:00.871,96.221626,176.932000,0.2500,-0.7700,-0.3800,-46.0800,112.0600,-15.6900,0.894315,122.176046,"0.25,-0.77,-0.38,-46.08,112.06,-15.69"
2393,2026-07-27T12:59:00.871,96.222300,0.674400,0.1000,-0.9000,-0.5100,-13.0600,91.3700,-60.4900,1.039279,110.354341,"0.10,-0.90,-0.51,-13.06,91.37,-60.49"
2394,2026-07-27T12:59:00.872,96.222853,0.552800,-0.2100,-1.0500,-0.7300,43.5200,6.4100,-116.3900,1.295955,124.425522,"-0.21,-1.05,-0.73,43.52,6.41,-116.39"
2395,2026-07-27T12:59:00.872,96.223109,0.256500,-0.4800,-1.0800,-0.7800,52.1200,-114.8700,-148.0700,1.416051,194.515645,"-0.48,-1.08,-0.78,52.12,-114.87,-148.07"
2396,2026-07-27T12:59:00.931,96.282073,58.964100,-0.2200,-1.1400,-0.6700,-4.0900,-134.1600,-98.2100,1.340485,166.315477,"-0.22,-1.14,-0.67,-4.09,-134.16,-98.21"
2397,2026-07-27T12:59:00.932,96.282338,0.264200,0.3200,-1.2900,-0.5100,-62.0700,27.7700,36.0100,1.423587,76.945292,"0.32,-1.29,-0.51,-62.07,27.77,36.01"
2398,2026-07-27T12:59:00.990,96.341257,58.919400,0.5700,-1.0700,-0.1800,-55.9700,220.2100,152.2200,1.225643,273.488598,"0.57,-1.07,-0.18,-55.97,220.21,152.22"
2399,2026-07-27T12:59:01.051,96.401573,60.315900,0.4900,-0.6300,-0.0100,-12.2700,232.1800,156.0700,0.798185,280.028481,"0.49,-0.63,-0.01,-12.27,232.18,156.07"
2400,2026-07-27T12:59:01.052,96.402372,0.799300,0.4400,-0.6800,-0.2700,5.1900,99.3000,99.1800,0.853756,140.442510,"0.44,-0.68,-0.27,5.19,99.30,99.18"
2401,2026-07-27T12:59:01.171,96.521623,119.251000,0.5500,-0.8400,-0.5700,11.9000,26.6700,64.8200,1.154556,71.095227,"0.55,-0.84,-0.57,11.90,26.67,64.82"
2402,2026-07-27T12:59:01.172,96.522405,0.781500,0.6200,-0.6900,-0.6000,11.7800,49.7400,48.3400,1.104762,70.353334,"0.62,-0.69,-0.60,11.78,49.74,48.34"
2403,2026-07-27T12:59:01.172,96.522988,0.582900,0.5500,-0.6600,-0.5700,2.0800,87.4000,28.7500,1.031019,92.030695,"0.55,-0.66,-0.57,2.08,87.40,28.75"
2404,2026-07-27T12:59:01.231,96.581654,58.666600,0.3800,-0.7700,-0.5700,-2.6200,109.0100,12.3300,1.030631,109.736381,"0.38,-0.77,-0.57,-2.62,109.01,12.33"
2405,2026-07-27T12:59:01.411,96.761776,180.121600,0.2300,-0.8300,-0.5400,-8.4800,108.2800,0.1200,1.016563,108.611616,"0.23,-0.83,-0.54,-8.48,108.28,0.12"
2406,2026-07-27T12:59:01.412,96.762489,0.713200,0.1500,-0.8400,-0.4900,-14.9500,91.0000,-9.0900,0.983972,92.666772,"0.15,-0.84,-0.49,-14.95,91.00,-9.09"
2407,2026-07-27T12:59:01.412,96.763261,0.772300,0.1100,-0.8200,-0.4400,-17.7600,73.1200,-14.8300,0.937070,76.693421,"0.11,-0.82,-0.44,-17.76,73.12,-14.83"
2408,2026-07-27T12:59:01.413,96.763742,0.480600,0.0900,-0.8100,-0.4400,-13.7300,57.2500,-17.5200,0.926175,61.424961,"0.09,-0.81,-0.44,-13.73,57.25,-17.52"
2409,2026-07-27T12:59:01.413,96.764151,0.409100,0.1100,-0.8700,-0.5700,-0.2400,41.8700,-16.7200,1.045897,45.085617,"0.11,-0.87,-0.57,-0.24,41.87,-16.72"
2410,2026-07-27T12:59:01.470,96.821282,57.131500,0.1200,-0.8700,-0.6700,9.5800,22.8300,-14.8300,1.104627,28.860253,"0.12,-0.87,-0.67,9.58,22.83,-14.83"
2411,2026-07-27T12:59:01.591,96.941784,120.501100,0.1100,-0.8100,-0.6000,-2.5000,3.3600,-4.7000,1.014002,6.295205,"0.11,-0.81,-0.60,-2.50,3.36,-4.70"
2412,2026-07-27T12:59:01.592,96.942915,1.131900,0.1000,-0.8800,-0.4900,-26.8600,-14.7700,20.6900,1.012176,36.982274,"0.10,-0.88,-0.49,-26.86,-14.77,20.69"
2413,2026-07-27T12:59:01.592,96.943019,0.103800,0.1500,-1.0600,-0.4800,-53.2800,-16.0500,66.2200,1.173243,86.495372,"0.15,-1.06,-0.48,-53.28,-16.05,66.22"
2414,2026-07-27T12:59:01.711,97.061339,118.319500,0.3200,-1.3000,-0.5100,-84.1100,29.1700,142.5200,1.432655,168.039672,"0.32,-1.30,-0.51,-84.11,29.17,142.52"
2415,2026-07-27T12:59:01.711,97.061591,0.252700,0.4200,-1.4100,-0.2200,-103.5800,127.8700,222.6000,1.487582,276.821808,"0.42,-1.41,-0.22,-103.58,127.87,222.60"
2416,2026-07-27T12:59:01.712,97.062467,0.875100,0.2700,-1.2700,0.0900,-82.9500,207.2800,237.0000,1.301499,325.598988,"0.27,-1.27,0.09,-82.95,207.28,237.00"
2417,2026-07-27T12:59:01.771,97.122236,59.769000,0.1800,-0.9300,-0.0800,-21.5500,94.7900,152.7700,0.950631,181.075176,"0.18,-0.93,-0.08,-21.55,94.79,152.77"
2418,2026-07-27T12:59:01.772,97.122592,0.356100,0.3300,-0.5700,-0.4200,49.8700,-108.0300,47.3000,0.781153,128.042133,"0.33,-0.57,-0.42,49.87,-108.03,47.30"
2419,2026-07-27T12:59:01.831,97.181710,59.118000,0.4400,-0.4200,-0.5800,68.7900,-123.9600,5.6800,0.840476,141.881669,"0.44,-0.42,-0.58,68.79,-123.96,5.68"
2420,2026-07-27T12:59:01.951,97.301810,120.100000,0.3600,-0.5300,-0.5200,9.6400,19.7800,8.3600,0.825167,23.538641,"0.36,-0.53,-0.52,9.64,19.78,8.36"
2421,2026-07-27T12:59:01.952,97.302549,0.739100,0.2000,-0.7100,-0.4300,-49.8700,141.2400,2.0100,0.853815,149.799181,"0.20,-0.71,-0.43,-49.87,141.24,2.01"
2422,2026-07-27T12:59:01.952,97.303254,0.705200,0.0700,-0.8500,-0.4500,-41.4400,148.1300,-30.7000,0.964313,156.851077,"0.07,-0.85,-0.45,-41.44,148.13,-30.70"
2423,2026-07-27T12:59:02.071,97.421644,118.390400,-0.0800,-1.0100,-0.6000,14.5900,52.0600,-84.9000,1.177497,100.653473,"-0.08,-1.01,-0.60,14.59,52.06,-84.90"
2424,2026-07-27T12:59:02.071,97.421877,0.233000,-0.4000,-1.0900,-0.7100,55.7300,-89.0500,-139.4000,1.360956,174.551125,"-0.40,-1.09,-0.71,55.73,-89.05,-139.40"
2425,2026-07-27T12:59:02.072,97.422621,0.744100,-0.4600,-1.0200,-0.6400,32.4100,-158.3900,-127.9900,1.289031,206.201941,"-0.46,-1.02,-0.64,32.41,-158.39,-127.99"
2426,2026-07-27T12:59:02.311,97.661697,239.075600,-0.0100,-1.0400,-0.5400,-22.6400,-65.6100,-32.2300,1.171879,76.524601,"-0.01,-1.04,-0.54,-22.64,-65.61,-32.23"
2427,2026-07-27T12:59:02.312,97.662326,0.629100,0.4400,-1.1600,-0.3800,-60.8500,117.8000,86.9100,1.297536,158.533626,"0.44,-1.16,-0.38,-60.85,117.80,86.91"
2428,2026-07-27T12:59:02.312,97.662775,0.448400,0.5700,-0.9700,-0.1000,-37.9600,226.4400,145.5100,1.129513,271.825671,"0.57,-0.97,-0.10,-37.96,226.44,145.51"
2429,2026-07-27T12:59:02.313,97.663397,0.622900,0.4700,-0.7100,-0.0600,17.4600,163.2100,116.5800,0.853581,201.328717,"0.47,-0.71,-0.06,17.46,163.21,116.58"
2430,2026-07-27T12:59:02.313,97.663803,0.405300,0.4400,-0.8200,-0.3200,38.5100,32.9000,66.8300,0.984073,83.855107,"0.44,-0.82,-0.32,38.51,32.90,66.83"
2431,2026-07-27T12:59:02.314,97.664846,1.043000,0.5400,-0.9000,-0.5400,48.3400,-15.9300,39.0000,1.180339,64.121139,"0.54,-0.90,-0.54,48.34,-15.93,39.00"
2432,2026-07-27T12:59:02.372,97.722858,58.012700,0.6100,-0.7600,-0.6000,45.9000,13.7900,21.9700,1.144421,52.722434,"0.61,-0.76,-0.60,45.90,13.79,21.97"
2433,2026-07-27T12:59:02.373,97.723659,0.800900,0.5300,-0.6900,-0.6100,20.6300,74.8300,13.3100,1.062591,78.754567,"0.53,-0.69,-0.61,20.63,74.83,13.31"
2434,2026-07-27T12:59:02.551,97.901717,178.057200,0.3700,-0.7600,-0.5800,-11.4700,140.3200,18.0700,1.025134,141.942905,"0.37,-0.76,-0.58,-11.47,140.32,18.07"
2435,2026-07-27T12:59:02.551,97.902284,0.567000,0.2300,-0.8300,-0.5000,-32.6500,170.4100,21.8500,0.995892,174.879996,"0.23,-0.83,-0.50,-32.65,170.41,21.85"
2436,2026-07-27T12:59:02.552,97.902777,0.493000,0.1700,-0.8700,-0.4300,-39.4900,154.9700,18.7400,0.985241,161.016610,"0.17,-0.87,-0.43,-39.49,154.97,18.74"
2437,2026-07-27T12:59:02.552,97.903193,0.416100,0.1600,-0.8900,-0.3900,-36.3800,122.6800,11.1700,0.984784,128.447093,"0.16,-0.89,-0.39,-36.38,122.68,11.17"
2438,2026-07-27T12:59:02.611,97.961777,58.584800,0.1300,-0.8900,-0.3900,-28.9900,94.5400,-0.7900,0.980357,98.888097,"0.13,-0.89,-0.39,-28.99,94.54,-0.79"
2439,2026-07-27T12:59:02.611,97.962304,0.526300,0.1000,-0.9000,-0.4100,-22.2800,79.0400,-6.5900,0.994032,82.384150,"0.10,-0.90,-0.41,-22.28,79.04,-6.59"
2440,2026-07-27T12:59:02.732,98.082489,120.185700,0.1200,-0.9000,-0.4600,-14.8900,72.1400,-1.1000,1.017841,73.668865,"0.12,-0.90,-0.46,-14.89,72.14,-1.10"
2441,2026-07-27T12:59:02.732,98.083265,0.775100,0.1300,-0.8500,-0.4900,-9.7700,68.1800,8.7300,0.989697,69.427503,"0.13,-0.85,-0.49,-9.77,68.18,8.73"
2442,2026-07-27T12:59:02.733,98.083486,0.221800,0.1000,-0.8300,-0.4800,-13.5500,60.3600,17.5200,0.964002,64.295276,"0.10,-0.83,-0.48,-13.55,60.36,17.52"
2443,2026-07-27T12:59:02.851,98.202023,118.536800,0.0800,-0.8500,-0.4200,-20.3200,34.6700,22.7100,0.951473,46.159023,"0.08,-0.85,-0.42,-20.32,34.67,22.71"
2444,2026-07-27T12:59:02.852,98.202797,0.774200,0.1000,-0.8700,-0.3800,-19.2300,-10.3800,25.5100,0.954620,33.590138,"0.10,-0.87,-0.38,-19.23,-10.38,25.51"
2445,2026-07-27T12:59:02.852,98.203188,0.390800,0.1800,-1.0100,-0.4400,-17.2100,-43.5200,41.4400,1.116288,62.509584,"0.18,-1.01,-0.44,-17.21,-43.52,41.44"
2446,2026-07-27T12:59:02.971,98.321692,118.503400,0.3300,-1.2300,-0.5400,-59.0800,24.7800,141.4800,1.383257,155.309643,"0.33,-1.23,-0.54,-59.08,24.78,141.48"
2447,2026-07-27T12:59:02.971,98.322010,0.318800,0.4500,-1.3100,-0.5100,-86.9800,125.5500,171.2600,1.476042,229.473987,"0.45,-1.31,-0.51,-86.98,125.55,171.26"
2448,2026-07-27T12:59:02.972,98.322445,0.434800,0.2500,-1.2400,-0.0300,-44.3100,156.3100,149.9000,1.265306,221.057011,"0.25,-1.24,-0.03,-44.31,156.31,149.90"
2449,2026-07-27T12:59:03.092,98.442667,120.222100,0.0100,-1.0400,0.2200,45.1000,-10.2500,80.1400,1.063062,92.528331,"0.01,-1.04,0.22,45.10,-10.25,80.14"
2450,2026-07-27T12:59:03.092,98.443084,0.416300,0.1500,-0.7500,-0.2300,72.2000,-126.4600,26.0600,0.798686,147.932739,"0.15,-0.75,-0.23,72.20,-126.46,26.06"
2451,2026-07-27T12:59:03.093,98.443635,0.551200,0.3700,-0.5800,-0.6000,14.8300,-4.2700,21.8500,0.912853,26.750407,"0.37,-0.58,-0.60,14.83,-4.27,21.85"
2452,2026-07-27T12:59:03.151,98.501882,58.247200,0.0600,-0.8400,-0.2000,-37.2900,125.5500,10.0700,0.865563,131.357343,"0.06,-0.84,-0.20,-37.29,125.55,10.07"
2453,2026-07-27T12:59:03.271,98.621690,119.808000,-0.0900,-0.8900,-0.2100,-26.0000,106.9300,-33.8100,0.918858,115.122287,"-0.09,-0.89,-0.21,-26.00,106.93,-33.81"
2454,2026-07-27T12:59:03.272,98.622413,0.722900,-0.2000,-1.0200,-0.4100,19.7100,22.5800,-80.3200,1.117363,85.730058,"-0.20,-1.02,-0.41,19.71,22.58,-80.32"
2455,2026-07-27T12:59:03.272,98.623294,0.880700,-0.3200,-1.0800,-0.5400,61.1600,-72.3900,-109.1300,1.249160,144.534475,"-0.32,-1.08,-0.54,61.16,-72.39,-109.13"
2456,2026-07-27T12:59:03.331,98.681784,58.490400,-0.2100,-0.9900,-0.5200,66.1600,-156.9800,-103.5800,1.137805,199.370716,"-0.21,-0.99,-0.52,66.16,-156.98,-103.58"
2457,2026-07-27T12:59:03.331,98.682274,0.490200,0.1200,-1.0900,-0.5100,43.2700,-134.7000,-51.0900,1.209380,150.421312,"0.12,-1.09,-0.51,43.27,-134.70,-51.09"
2458,2026-07-27T12:59:03.451,98.801854,119.579500,0.3300,-1.1400,-0.4800,7.8700,-6.1000,22.5800,1.280195,24.677992,"0.33,-1.14,-0.48,7.87,-6.10,22.58"
2459,2026-07-27T12:59:03.452,98.802424,0.570000,0.3700,-0.8500,-0.3200,-45.6500,109.0100,71.1700,0.980714,137.957499,"0.37,-0.85,-0.32,-45.65,109.01,71.17"
2460,2026-07-27T12:59:03.452,98.802815,0.391000,0.4000,-0.7100,-0.1600,-80.8700,150.9400,82.9500,0.830482,190.272286,"0.40,-0.71,-0.16,-80.87,150.94,82.95"
2461,2026-07-27T12:59:03.571,98.921632,118.817000,0.4700,-0.8000,-0.1300,-48.8300,102.9100,60.3600,0.936910,128.911468,"0.47,-0.80,-0.13,-48.83,102.91,60.36"
2462,2026-07-27T12:59:03.572,98.922506,0.874600,0.5300,-0.8400,-0.2600,17.6400,20.6300,20.7500,1.026694,34.166197,"0.53,-0.84,-0.26,17.64,20.63,20.75"
2463,2026-07-27T12:59:03.572,98.922643,0.136300,0.4900,-0.8500,-0.4100,55.1100,12.8800,-5.0700,1.063344,56.821751,"0.49,-0.85,-0.41,55.11,12.88,-5.07"
2464,2026-07-27T12:59:03.632,98.982523,59.880600,0.3700,-0.8800,-0.5200,60.9100,39.7300,-27.9500,1.087060,77.908302,"0.37,-0.88,-0.52,60.91,39.73,-27.95"
2465,2026-07-27T12:59:03.811,99.161373,178.849900,0.2300,-0.8800,-0.5300,53.1600,3.3600,-63.9600,1.052711,83.235550,"0.23,-0.88,-0.53,53.16,3.36,-63.96"
2466,2026-07-27T12:59:03.811,99.161904,0.530700,0.1400,-0.8700,-0.4800,35.0300,-65.9200,-91.0600,1.003444,117.747488,"0.14,-0.87,-0.48,35.03,-65.92,-91.06"
2467,2026-07-27T12:59:03.812,99.162551,0.646900,0.1100,-0.9000,-0.4500,12.8800,-83.6800,-86.4300,1.012225,120.989180,"0.11,-0.90,-0.45,12.88,-83.68,-86.43"
2468,2026-07-27T12:59:03.812,99.162955,0.404400,0.1200,-0.8900,-0.4300,-8.3000,-27.7700,-56.2100,0.995691,63.242604,"0.12,-0.89,-0.43,-8.30,-27.77,-56.21"
2469,2026-07-27T12:59:03.813,99.163688,0.732700,0.1400,-0.8600,-0.3900,-26.1800,51.3900,-19.9600,0.954620,61.030534,"0.14,-0.86,-0.39,-26.18,51.39,-19.96"
2470,2026-07-27T12:59:03.871,99.221854,58.165900,0.1800,-0.8400,-0.3500,-38.0200,97.7200,7.3900,0.927631,105.115798,"0.18,-0.84,-0.35,-38.02,97.72,7.39"
2471,2026-07-27T12:59:04.051,99.401968,180.114000,0.1800,-0.8700,-0.3400,-42.3600,100.0400,19.1000,0.951262,110.304946,"0.18,-0.87,-0.34,-42.36,100.04,19.10"
2472,2026-07-27T12:59:04.052,99.402456,0.488600,0.1600,-0.9300,-0.3900,-32.1000,71.2300,13.7900,1.021078,79.336543,"0.16,-0.93,-0.39,-32.10,71.23,13.79"
2473,2026-07-27T12:59:04.052,99.402600,0.143700,0.1700,-0.9400,-0.4500,-11.9000,33.1400,4.7600,1.055936,35.532059,"0.17,-0.94,-0.45,-11.90,33.14,4.76"
2474,2026-07-27T12:59:04.052,99.403150,0.550300,0.1900,-0.9300,-0.4500,-2.8700,16.1700,10.9900,1.050476,19.760716,"0.19,-0.93,-0.45,-2.87,16.17,10.99"
2475,2026-07-27T12:59:04.053,99.404085,0.934800,0.1600,-0.9300,-0.4000,-7.2000,16.5400,25.5700,1.024939,31.292755,"0.16,-0.93,-0.40,-7.20,16.54,25.57"
2476,2026-07-27T12:59:04.171,99.521666,117.580500,0.1000,-0.9100,-0.3700,-12.0800,12.0800,38.5700,0.987421,42.184093,"0.10,-0.91,-0.37,-12.08,12.08,38.57"
2477,2026-07-27T12:59:04.171,99.522302,0.636300,0.1400,-0.9900,-0.4200,-14.8300,7.7500,68.0500,1.084481,70.077057,"0.14,-0.99,-0.42,-14.83,7.75,68.05"
2478,2026-07-27T12:59:04.172,99.522758,0.456600,0.3500,-1.1300,-0.5500,-26.4900,27.4000,125.3700,1.304569,131.034793,"0.35,-1.13,-0.55,-26.49,27.40,125.37"
2479,2026-07-27T12:59:04.291,99.641845,119.086400,0.4800,-1.2300,-0.4400,-56.8800,60.4200,162.4100,1.391726,182.381246,"0.48,-1.23,-0.44,-56.88,60.42,162.41"
2480,2026-07-27T12:59:04.292,99.642462,0.617300,0.2700,-1.2000,-0.0200,-65.6700,83.4400,141.3600,1.230163,176.797715,"0.27,-1.20,-0.02,-65.67,83.44,141.36"
2481,2026-07-27T12:59:04.292,99.643039,0.576400,0.1400,-0.9900,0.0400,-19.7800,21.2400,83.9800,1.000650,88.853961,"0.14,-0.99,0.04,-19.78,21.24,83.98"
2482,2026-07-27T12:59:04.891,100.241555,598.516300,0.3100,-0.7100,-0.2700,29.2400,-108.3400,25.4500,0.820427,115.066223,"0.31,-0.71,-0.27,29.24,-108.34,25.45"
2483,2026-07-27T12:59:04.891,100.242064,0.509600,0.3900,-0.6200,-0.3500,27.1600,-115.8400,-0.7300,0.811788,118.983630,"0.39,-0.62,-0.35,27.16,-115.84,-0.73"
2484,2026-07-27T12:59:04.892,100.242943,0.878100,0.2900,-0.7300,-0.2500,-11.9600,-7.6300,-6.5300,0.824318,15.617279,"0.29,-0.73,-0.25,-11.96,-7.63,-6.53"
2485,2026-07-27T12:59:04.893,100.243519,0.576000,0.1200,-0.8500,-0.2500,-41.5000,63.0500,-21.3000,0.894092,78.429857,"0.12,-0.85,-0.25,-41.50,63.05,-21.30"
2486,2026-07-27T12:59:04.893,100.244155,0.636700,0.0100,-0.9400,-0.3400,-37.4800,67.9900,-37.9600,0.999650,86.419628,"0.01,-0.94,-0.34,-37.48,67.99,-37.96"
2487,2026-07-27T12:59:04.894,100.244608,0.452800,-0.0600,-0.9500,-0.4500,-4.7000,38.3300,-49.1900,1.052901,62.537469,"-0.06,-0.95,-0.45,-4.70,38.33,-49.19"
2488,2026-07-27T12:59:04.895,100.245591,0.982800,-0.1600,-0.9300,-0.5600,39.1200,-36.8700,-67.9300,1.097315,86.627110,"-0.16,-0.93,-0.56,39.12,-36.87,-67.93"
2489,2026-07-27T12:59:04.896,100.246530,0.939200,-0.2800,-0.9000,-0.5900,60.4200,-156.4300,-93.2600,1.111980,191.881080,"-0.28,-0.90,-0.59,60.42,-156.43,-93.26"
2490,2026-07-27T12:59:04.897,100.247508,0.977600,-0.1600,-0.8900,-0.4800,37.3500,-198.7900,-89.6600,1.023768,221.249638,"-0.16,-0.89,-0.48,37.35,-198.79,-89.66"
2491,2026-07-27T12:59:04.898,100.248344,0.836100,0.1800,-1.0700,-0.4100,-0.1200,-72.0800,-42.1800,1.159914,83.514629,"0.18,-1.07,-0.41,-0.12,-72.08,-42.18"
2492,2026-07-27T12:59:04.898,100.248965,0.620800,0.3900,-1.2400,-0.4100,-32.5300,107.8500,16.6000,1.363011,113.865637,"0.39,-1.24,-0.41,-32.53,107.85,16.60"
2493,2026-07-27T12:59:04.900,100.250333,1.368600,0.4000,-1.0600,-0.2000,-41.0800,174.0100,40.4100,1.150478,183.303068,"0.40,-1.06,-0.20,-41.08,174.01,40.41"
2494,2026-07-27T12:59:04.900,100.250831,0.498000,0.3500,-0.7300,-0.0500,-10.6800,105.8300,21.5500,0.811110,108.528585,"0.35,-0.73,-0.05,-10.68,105.83,21.55"
2495,2026-07-27T12:59:04.901,100.251696,0.865100,0.3200,-0.7200,-0.2100,20.2600,36.9900,6.5900,0.815414,42.686717,"0.32,-0.72,-0.21,20.26,36.99,6.59"
2496,2026-07-27T12:59:05.011,100.361421,109.725200,0.3700,-0.8800,-0.4100,41.7500,12.8800,6.8400,1.038942,44.223778,"0.37,-0.88,-0.41,41.75,12.88,6.84"
2497,2026-07-27T12:59:05.011,100.362076,0.654500,0.4900,-0.8600,-0.4900,59.2000,-26.6700,-3.9100,1.104446,65.047805,"0.49,-0.86,-0.49,59.20,-26.67,-3.91"
2498,2026-07-27T12:59:05.012,100.362664,0.587500,0.5400,-0.7500,-0.5300,50.4800,-36.2500,-15.9900,1.065364,64.171434,"0.54,-0.75,-0.53,50.48,-36.25,-15.99"
2499,2026-07-27T12:59:05.012,100.363257,0.593100,0.4300,-0.7700,-0.5200,11.9000,28.8700,-11.9000,1.023816,33.417015,"0.43,-0.77,-0.52,11.90,28.87,-11.90"
2500,2026-07-27T12:59:05.071,100.421478,58.221200,0.2500,-0.8800,-0.4200,-27.5900,99.6700,-5.0000,1.006628,103.538964,"0.25,-0.88,-0.42,-27.59,99.67,-5.00"
2501,2026-07-27T12:59:05.432,100.782550,361.072000,0.1500,-0.9300,-0.3200,-42.3000,113.1000,-7.1400,0.994887,120.962307,"0.15,-0.93,-0.32,-42.30,113.10,-7.14"
2502,2026-07-27T12:59:05.432,100.783197,0.647600,0.1400,-0.9200,-0.2700,-36.4400,85.8800,-12.5700,0.968969,94.134228,"0.14,-0.92,-0.27,-36.44,85.88,-12.57"
2503,2026-07-27T12:59:05.433,100.783484,0.286300,0.1600,-0.9000,-0.2800,-24.6600,57.8600,-15.0800,0.956033,64.678448,"0.16,-0.90,-0.28,-24.66,57.86,-15.08"
2504,2026-07-27T12:59:05.433,100.783857,0.373600,0.1600,-0.8600,-0.3000,-15.6900,48.2800,-11.7200,0.924770,52.100796,"0.16,-0.86,-0.30,-15.69,48.28,-11.72"
2505,2026-07-27T12:59:05.434,100.784314,0.456400,0.1400,-0.8900,-0.3800,-7.0800,52.6700,-3.7800,0.977804,53.277985,"0.14,-0.89,-0.38,-7.08,52.67,-3.78"
2506,2026-07-27T12:59:05.434,100.785030,0.715900,0.1200,-0.9300,-0.4900,4.6400,50.6600,1.2200,1.058017,50.886674,"0.12,-0.93,-0.49,4.64,50.66,1.22"
2507,2026-07-27T12:59:05.435,100.785983,0.953100,0.1100,-0.9600,-0.5100,7.9300,24.8400,1.5300,1.092612,26.119943,"0.11,-0.96,-0.51,7.93,24.84,1.53"
2508,2026-07-27T12:59:05.436,100.786861,0.878300,0.1400,-0.9900,-0.4300,-2.3800,-20.9400,6.4100,1.088393,22.028075,"0.14,-0.99,-0.43,-2.38,-20.94,6.41"
2509,2026-07-27T12:59:05.437,100.787635,0.773700,0.2000,-0.9900,-0.3500,-15.3200,-64.6400,26.2500,1.068925,71.428947,"0.20,-0.99,-0.35,-15.32,-64.64,26.25"
2510,2026-07-27T12:59:05.491,100.841853,54.218800,0.3000,-1.0000,-0.2700,-33.9400,-63.4800,71.5300,1.078378,101.479924,"0.30,-1.00,-0.27,-33.94,-63.48,71.53"
2511,2026-07-27T12:59:05.491,100.842148,0.294300,0.4200,-1.1700,-0.0800,-65.5500,50.4200,146.4800,1.245673,168.212275,"0.42,-1.17,-0.08,-65.55,50.42,146.48"
2512,2026-07-27T12:59:05.611,100.962261,120.113200,0.3600,-1.2900,0.0400,-91.3100,225.2800,200.3800,1.339888,315.024981,"0.36,-1.29,0.04,-91.31,225.28,200.38"
2513,2026-07-27T12:59:05.612,100.962919,0.658100,0.1200,-1.1700,-0.0200,-68.3000,219.8500,164.4300,1.176308,282.906588,"0.12,-1.17,-0.02,-68.30,219.85,164.43"
2514,2026-07-27T12:59:05.613,100.963707,0.788300,0.0900,-0.9400,-0.2000,-1.8300,40.2800,87.9500,0.965246,96.752415,"0.09,-0.94,-0.20,-1.83,40.28,87.95"
2515,2026-07-27T12:59:05.731,101.081390,117.682900,0.2600,-0.6800,-0.4100,45.0400,-85.3900,40.7100,0.835524,104.772887,"0.26,-0.68,-0.41,45.04,-85.39,40.71"
2516,2026-07-27T12:59:05.731,101.081651,0.260300,0.2600,-0.5900,-0.4500,35.5800,-76.6600,18.6200,0.786257,86.541299,"0.26,-0.59,-0.45,35.58,-76.66,18.62"
2517,2026-07-27T12:59:05.732,101.082571,0.920100,0.1000,-0.7400,-0.3000,-6.1000,26.7300,10.9900,0.804736,29.537823,"0.10,-0.74,-0.30,-6.10,26.73,10.99"
2518,2026-07-27T12:59:05.971,101.321800,239.229800,-0.0600,-0.9300,-0.1900,20.0200,38.2100,-59.3900,0.951105,73.402838,"-0.06,-0.93,-0.19,20.02,38.21,-59.39"
2519,2026-07-27T12:59:05.972,101.322424,0.623400,-0.2700,-1.1000,-0.1700,89.4200,-68.3600,-99.3700,1.145338,150.144673,"-0.27,-1.10,-0.17,89.42,-68.36,-99.37"
2520,2026-07-27T12:59:05.972,101.322946,0.522200,-0.4800,-1.1600,-0.3000,123.4700,-174.5000,-98.5700,1.290736,235.395700,"-0.48,-1.16,-0.30,123.47,-174.50,-98.57"
2521,2026-07-27T12:59:05.973,101.323628,0.681700,-0.2700,-0.9500,-0.4800,80.8100,-168.5200,-54.3200,1.098089,194.627616,"-0.27,-0.95,-0.48,80.81,-168.52,-54.32"
2522,2026-07-27T12:59:05.974,101.324491,0.863300,0.2900,-0.7900,-0.4800,-1.0400,-47.0000,-1.4600,0.968814,47.034171,"0.29,-0.79,-0.48,-1.04,-47.00,-1.46"
2523,2026-07-27T12:59:05.974,101.325174,0.682600,0.6200,-0.9900,-0.3800,-46.6300,56.7000,17.8800,1.228373,75.557536,"0.62,-0.99,-0.38,-46.63,56.70,17.88"
2524,2026-07-27T12:59:06.031,101.381932,56.758400,0.5000,-1.2100,-0.1300,-19.4700,42.8500,-4.2100,1.315675,47.253862,"0.50,-1.21,-0.13,-19.47,42.85,-4.21"
2525,2026-07-27T12:59:06.151,101.502164,120.231600,0.2600,-1.0300,-0.0400,27.8900,-56.8200,-45.6500,1.063062,78.040291,"0.26,-1.03,-0.04,27.89,-56.82,-45.65"
2526,2026-07-27T12:59:06.152,101.503167,1.003400,0.2100,-0.7800,-0.2500,50.4200,-125.9800,-71.4100,0.845577,153.337943,"0.21,-0.78,-0.25,50.42,-125.98,-71.41"
2527,2026-07-27T12:59:06.153,101.503959,0.792200,0.2800,-0.8900,-0.5100,54.1400,-127.4400,-69.0300,1.063297,154.716625,"0.28,-0.89,-0.51,54.14,-127.44,-69.03"
2528,2026-07-27T12:59:06.211,101.561652,57.692800,0.2600,-0.8800,-0.4700,39.6100,-110.1700,-61.3400,1.030970,132.170256,"0.26,-0.88,-0.47,39.61,-110.17,-61.34"
2529,2026-07-27T12:59:06.212,101.562632,0.979800,0.2100,-0.9000,-0.4100,19.2300,-97.4100,-60.4900,1.011039,116.264961,"0.21,-0.90,-0.41,19.23,-97.41,-60.49"
2530,2026-07-27T12:59:06.391,101.742210,179.578200,0.2000,-0.8900,-0.3500,9.4000,-80.4400,-55.9700,0.977036,98.445896,"0.20,-0.89,-0.35,9.40,-80.44,-55.97"
2531,2026-07-27T12:59:06.392,101.742851,0.641100,0.2500,-0.8600,-0.3100,5.1900,-44.0100,-36.3800,0.947734,57.335160,"0.25,-0.86,-0.31,5.19,-44.01,-36.38"
2532,2026-07-27T12:59:06.393,101.743592,0.740900,0.3000,-0.8700,-0.3200,-4.5200,15.9300,-4.2100,0.974320,17.085649,"0.30,-0.87,-0.32,-4.52,15.93,-4.21"
2533,2026-07-27T12:59:06.394,101.744335,0.743400,0.3300,-0.9100,-0.3400,-16.7800,65.1200,20.8700,1.025963,70.411219,"0.33,-0.91,-0.34,-16.78,65.12,20.87"
2534,2026-07-27T12:59:06.511,101.861805,117.469300,0.3100,-0.9100,-0.3300,-23.3200,75.1300,23.2500,1.016415,82.029884,"0.31,-0.91,-0.33,-23.32,75.13,23.25"
2535,2026-07-27T12:59:06.512,101.862447,0.642300,0.2700,-0.9100,-0.3100,-22.9500,52.8000,6.7100,0.998549,57.961768,"0.27,-0.91,-0.31,-22.95,52.80,6.71"
2536,2026-07-27T12:59:06.512,101.863120,0.672700,0.2400,-0.9200,-0.3000,-16.8500,12.5100,-17.3300,0.996995,27.216750,"0.24,-0.92,-0.30,-16.85,12.51,-17.33"
2537,2026-07-27T12:59:06.571,101.921758,58.638300,0.2200,-0.9300,-0.2800,-2.9900,-31.3100,-38.2700,0.995841,49.536341,"0.22,-0.93,-0.28,-2.99,-31.31,-38.27"
2538,2026-07-27T12:59:06.571,101.922162,0.403500,0.1900,-0.9200,-0.3100,17.6400,-59.5100,-46.2600,0.989242,77.411868,"0.19,-0.92,-0.31,17.64,-59.51,-46.26"
2539,2026-07-27T12:59:06.691,102.041842,119.680300,0.1400,-0.9000,-0.3700,34.1200,-59.3300,-38.2100,0.983107,78.385122,"0.14,-0.90,-0.37,34.12,-59.33,-38.21"
2540,2026-07-27T12:59:06.692,102.042535,0.693500,0.0700,-0.9400,-0.4400,41.6300,-49.7400,-21.6700,1.040240,68.386500,"0.07,-0.94,-0.44,41.63,-49.74,-21.67"
2541,2026-07-27T12:59:06.692,102.043128,0.593000,0.0400,-0.9700,-0.4500,50.7800,-70.8600,-5.8600,1.070047,87.373266,"0.04,-0.97,-0.45,50.78,-70.86,-5.86"
2542,2026-07-27T12:59:06.751,102.101904,58.775800,0.0800,-0.9200,-0.4100,62.0100,-118.1000,9.8300,1.010396,133.751557,"0.08,-0.92,-0.41,62.01,-118.10,9.83"
2543,2026-07-27T12:59:06.811,102.161912,60.007400,0.0800,-0.8500,-0.4300,63.0500,-142.5200,31.3100,0.955929,158.957759,"0.08,-0.85,-0.43,63.05,-142.52,31.31"
2544,2026-07-27T12:59:06.812,102.162429,0.517200,0.0800,-0.9500,-0.6600,61.8300,-158.8100,46.8100,1.159526,176.733531,"0.08,-0.95,-0.66,61.83,-158.81,46.81"
2545,2026-07-27T12:59:06.871,102.221705,59.276500,0.2000,-1.1900,-0.8700,53.4700,-172.4200,54.2000,1.487616,188.481663,"0.20,-1.19,-0.87,53.47,-172.42,54.20"
2546,2026-07-27T12:59:06.931,102.281492,59.787200,0.4300,-1.1700,-0.7400,2.9900,-120.1800,76.0500,1.449621,142.252504,"0.43,-1.17,-0.74,2.99,-120.18,76.05"
2547,2026-07-27T12:59:06.931,102.282185,0.692200,0.5500,-0.9900,-0.1500,-74.1600,-16.7800,93.1400,1.142410,120.234494,"0.55,-0.99,-0.15,-74.16,-16.78,93.14"
2548,2026-07-27T12:59:06.991,102.341920,59.735700,0.4200,-0.8800,0.1500,-83.0100,3.4800,59.3300,0.986560,102.092210,"0.42,-0.88,0.15,-83.01,3.48,59.33"
2549,2026-07-27T12:59:07.111,102.462235,120.314400,0.3000,-0.7900,-0.1600,-17.8800,-110.1100,-6.9600,0.860058,111.769173,"0.30,-0.79,-0.16,-17.88,-110.11,-6.96"
2550,2026-07-27T12:59:07.112,102.462773,0.537700,0.2500,-0.8000,-0.3400,18.9800,-176.7600,-45.0400,0.904489,183.392856,"0.25,-0.80,-0.34,18.98,-176.76,-45.04"
2551,2026-07-27T12:59:07.113,102.463423,0.650100,0.1800,-0.9000,-0.2400,7.6900,-117.4900,-45.9600,0.948683,126.393662,"0.18,-0.90,-0.24,7.69,-117.49,-45.96"
2552,2026-07-27T12:59:07.411,102.761626,298.203600,0.0900,-0.9300,-0.1800,-8.7300,-54.0800,-38.5100,0.951525,66.961776,"0.09,-0.93,-0.18,-8.73,-54.08,-38.51"
2553,2026-07-27T12:59:07.411,102.762219,0.593300,0.0600,-0.9000,-0.2200,-18.9200,-31.0700,-35.0300,0.928440,50.501606,"0.06,-0.90,-0.22,-18.92,-31.07,-35.03"
2554,2026-07-27T12:59:07.412,102.762494,0.275000,0.0600,-0.8900,-0.2900,-28.9300,-16.5400,-33.7500,0.937977,47.429727,"0.06,-0.89,-0.29,-28.93,-16.54,-33.75"
2555,2026-07-27T12:59:07.412,102.763298,0.803600,0.0100,-0.8900,-0.3700,-27.9500,-17.9400,-36.4400,0.963898,49.304358,"0.01,-0.89,-0.37,-27.95,-17.94,-36.44"
2556,2026-07-27T12:59:07.413,102.764112,0.814200,-0.1100,-0.9000,-0.4600,-3.2300,-64.8200,-52.8600,1.016710,83.703315,"-0.11,-0.90,-0.46,-3.23,-64.82,-52.86"
2557,2026-07-27T12:59:07.414,102.764957,0.845200,-0.2800,-0.9600,-0.5200,26.8600,-144.9600,-81.4800,1.127120,168.445396,"-0.28,-0.96,-0.52,26.86,-144.96,-81.48"
2558,2026-07-27T12:59:07.415,102.766028,1.070700,-0.2300,-0.9900,-0.5000,40.6500,-188.7200,-92.4100,1.132696,214.026328,"-0.23,-0.99,-0.50,40.65,-188.72,-92.41"
2559,2026-07-27T12:59:07.416,102.766423,0.394700,0.0900,-0.9700,-0.4100,39.7300,-136.5400,-64.0300,1.056930,155.953472,"0.09,-0.97,-0.41,39.73,-136.54,-64.03"
2560,2026-07-27T12:59:07.471,102.821555,55.132100,0.4400,-1.0500,-0.3600,20.6300,-14.4000,-10.0700,1.194027,27.099111,"0.44,-1.05,-0.36,20.63,-14.40,-10.07"
2561,2026-07-27T12:59:07.532,102.882520,60.965000,0.5400,-1.0500,-0.3300,-8.3000,101.8100,35.4600,1.225969,108.127599,"0.54,-1.05,-0.33,-8.30,101.81,35.46"
2562,2026-07-27T12:59:07.533,102.883651,1.131400,0.4000,-0.8100,-0.2400,-32.2900,145.8700,38.0900,0.934719,154.180249,"0.40,-0.81,-0.24,-32.29,145.87,38.09"
2563,2026-07-27T12:59:07.591,102.941855,58.203500,0.2300,-0.7300,-0.2200,-28.3200,94.7300,-3.4800,0.796367,98.933845,"0.23,-0.73,-0.22,-28.32,94.73,-3.48"
2564,2026-07-27T12:59:07.651,103.001711,59.856200,0.1800,-0.9100,-0.3000,14.1000,-5.6800,-51.9400,0.974936,54.118721,"0.18,-0.91,-0.30,14.10,-5.68,-51.94"
2565,2026-07-27T12:59:07.652,103.002338,0.626500,0.2000,-0.9500,-0.3400,55.7900,-81.1800,-71.7800,1.028640,121.881438,"0.20,-0.95,-0.34,55.79,-81.18,-71.78"
2566,2026-07-27T12:59:07.771,103.121421,119.083000,0.2400,-0.8800,-0.3300,69.7600,-106.8100,-67.8100,0.970000,144.475014,"0.24,-0.88,-0.33,69.76,-106.81,-67.81"
2567,2026-07-27T12:59:07.771,103.122203,0.782100,0.2400,-0.8500,-0.3300,59.6300,-96.4400,-58.9000,0.942868,127.771752,"0.24,-0.85,-0.33,59.63,-96.44,-58.90"
2568,2026-07-27T12:59:07.772,103.122693,0.489900,0.2300,-0.8500,-0.3800,37.7800,-61.9500,-45.3500,0.959062,85.567245,"0.23,-0.85,-0.38,37.78,-61.95,-45.35"
2569,2026-07-27T12:59:07.891,103.241602,118.909400,0.2600,-0.8400,-0.4500,6.0400,8.6700,-20.2000,0.987775,22.796721,"0.26,-0.84,-0.45,6.04,8.67,-20.20"
2570,2026-07-27T12:59:07.891,103.241905,0.302700,0.3400,-0.8600,-0.4100,-36.9300,94.4800,7.5700,1.011583,101.723155,"0.34,-0.86,-0.41,-36.93,94.48,7.57"
2571,2026-07-27T12:59:07.891,103.242146,0.241300,0.3300,-0.9200,-0.2900,-51.2100,91.0600,-1.2200,1.019510,104.479070,"0.33,-0.92,-0.29,-51.21,91.06,-1.22"
2572,2026-07-27T12:59:07.952,103.302371,60.224600,0.2000,-0.9300,-0.3200,-16.6000,5.7400,-39.9200,1.003643,43.613232,"0.20,-0.93,-0.32,-16.60,5.74,-39.92"
2573,2026-07-27T12:59:08.131,103.481569,179.198600,0.1100,-0.9500,-0.5100,13.9200,-32.2900,-50.6000,1.083836,61.617940,"0.11,-0.95,-0.51,13.92,-32.29,-50.60"
2574,2026-07-27T12:59:08.132,103.482325,0.755900,0.0900,-1.0200,-0.5800,13.3100,-26.0600,-29.2400,1.176818,41.367346,"0.09,-1.02,-0.58,13.31,-26.06,-29.24"
2575,2026-07-27T12:59:08.132,103.482853,0.527600,0.1300,-1.1300,-0.5000,10.5600,-50.8400,-5.3100,1.242497,52.195932,"0.13,-1.13,-0.50,10.56,-50.84,-5.31"
2576,2026-07-27T12:59:08.132,103.483244,0.391600,0.1900,-1.1400,-0.3500,16.0500,-100.5200,15.3200,1.207560,102.939668,"0.19,-1.14,-0.35,16.05,-100.52,15.32"
2577,2026-07-27T12:59:08.134,103.484349,1.104300,0.2500,-1.0900,-0.1800,20.2000,-128.5400,42.6000,1.132696,136.913592,"0.25,-1.09,-0.18,20.20,-128.54,42.60"
2578,2026-07-27T12:59:08.191,103.541910,57.561200,0.3700,-1.1400,-0.1700,18.8000,-125.3700,83.2500,1.210537,151.662914,"0.37,-1.14,-0.17,18.80,-125.37,83.25"
2579,2026-07-27T12:59:08.371,103.721526,179.616200,0.5800,-1.2300,-0.3600,6.9000,-113.7100,125.7300,1.406734,169.663216,"0.58,-1.23,-0.36,6.90,-113.71,125.73"
2580,2026-07-27T12:59:08.372,103.722441,0.914700,0.8000,-1.1200,-0.3900,-16.4800,-96.9200,140.8100,1.430559,171.733901,"0.80,-1.12,-0.39,-16.48,-96.92,140.81"
2581,2026-07-27T12:59:08.372,103.722588,0.147400,0.7500,-0.7800,-0.1300,-11.7200,-85.6900,96.1300,1.089862,129.310136,"0.75,-0.78,-0.13,-11.72,-85.69,96.13"
2582,2026-07-27T12:59:08.372,103.723013,0.424600,0.4100,-0.5200,0.0500,19.5900,-83.1300,6.1000,0.664078,85.624617,"0.41,-0.52,0.05,19.59,-83.13,6.10"
2583,2026-07-27T12:59:08.374,103.724830,1.817100,0.1000,-0.5000,-0.0600,19.8400,-75.0100,-75.9900,0.513420,108.602973,"0.10,-0.50,-0.06,19.84,-75.01,-75.99"
2584,2026-07-27T12:59:08.491,103.841923,117.093300,-0.1100,-0.7000,-0.2300,4.5800,-89.1700,-121.4600,0.744983,150.747461,"-0.11,-0.70,-0.23,4.58,-89.17,-121.46"
2585,2026-07-27T12:59:08.492,103.842514,0.591300,-0.1200,-0.9800,-0.2700,20.2600,-113.0400,-112.1800,1.023572,160.539284,"-0.12,-0.98,-0.27,20.26,-113.04,-112.18"
2586,2026-07-27T12:59:08.492,103.843216,0.702000,0.1100,-1.1100,-0.2600,29.3600,-66.7700,-46.0800,1.145338,86.276352,"0.11,-1.11,-0.26,29.36,-66.77,-46.08"
2587,2026-07-27T12:59:08.551,103.901744,58.527500,0.3600,-1.0400,-0.3300,14.4000,8.2400,19.9600,1.148956,25.954946,"0.36,-1.04,-0.33,14.40,8.24,19.96"
2588,2026-07-27T12:59:08.731,104.081610,179.866300,0.4400,-0.8800,-0.4300,16.1100,13.5500,33.3900,1.073732,39.471847,"0.44,-0.88,-0.43,16.11,13.55,33.39"
2589,2026-07-27T12:59:08.732,104.082448,0.837500,0.3900,-0.7600,-0.4300,20.5100,-34.7300,8.0000,0.956347,41.119740,"0.39,-0.76,-0.43,20.51,-34.73,8.00"
2590,2026-07-27T12:59:08.732,104.083093,0.645600,0.2700,-0.7500,-0.3700,7.7500,-61.9500,-13.3700,0.878806,63.848429,"0.27,-0.75,-0.37,7.75,-61.95,-13.37"
2591,2026-07-27T12:59:08.733,104.083615,0.521700,0.0800,-0.8500,-0.2800,-39.3100,84.7800,33.2600,0.898499,99.192500,"0.08,-0.85,-0.28,-39.31,84.78,33.26"
2592,2026-07-27T12:59:08.733,104.083974,0.358700,-0.0900,-1.0000,-0.2400,-39.1800,135.1900,67.3800,1.032327,156.049585,"-0.09,-1.00,-0.24,-39.18,135.19,67.38"
2593,2026-07-27T12:59:08.851,104.201773,117.799600,-0.1900,-1.2700,-0.3100,-21.9100,108.6400,69.0300,1.321022,130.567372,"-0.19,-1.27,-0.31,-21.91,108.64,69.03"
2594,2026-07-27T12:59:08.851,104.202210,0.436800,-0.2800,-1.3900,-0.2600,3.7200,55.6000,41.1400,1.441562,69.265417,"-0.28,-1.39,-0.26,3.72,55.60,41.14"
2595,2026-07-27T12:59:08.852,104.202529,0.318500,-0.2800,-1.1000,-0.1400,19.1700,4.5200,2.6200,1.143678,19.869165,"-0.28,-1.10,-0.14,19.17,4.52,2.62"
2596,2026-07-27T12:59:08.971,104.321616,119.087400,-0.2100,-0.8200,-0.1400,13.2400,-26.2500,-24.6600,0.857963,38.372851,"-0.21,-0.82,-0.14,13.24,-26.25,-24.66"
2597,2026-07-27T12:59:08.971,104.322133,0.517100,-0.1500,-0.8900,-0.2400,7.1400,-49.4400,-38.5700,0.933916,63.110523,"-0.15,-0.89,-0.24,7.14,-49.44,-38.57"
2598,2026-07-27T12:59:08.972,104.323046,0.913400,-0.0200,-1.0200,-0.2900,11.6600,-65.7300,-49.7400,1.060613,83.249361,"-0.02,-1.02,-0.29,11.66,-65.73,-49.74"
2599,2026-07-27T12:59:09.030,104.381262,58.215700,0.1200,-1.0300,-0.2800,15.5000,-54.7500,-59.4500,1.074104,82.292861,"0.12,-1.03,-0.28,15.50,-54.75,-59.45"
2600,2026-07-27T12:59:09.151,104.501902,120.639900,0.1900,-1.1100,-0.3100,16.5400,-26.1200,-62.6800,1.168033,69.889974,"0.19,-1.11,-0.31,16.54,-26.12,-62.68"
2601,2026-07-27T12:59:09.151,104.502278,0.375900,0.0500,-0.8500,-0.2900,23.0100,-25.2700,-67.5700,0.899500,75.721449,"0.05,-0.85,-0.29,23.01,-25.27,-67.57"
2602,2026-07-27T12:59:09.152,104.502627,0.349100,-0.0300,-0.6900,-0.2600,32.4100,-71.4100,-77.7600,0.737970,110.437375,"-0.03,-0.69,-0.26,32.41,-71.41,-77.76"
2603,2026-07-27T12:59:09.211,104.561912,59.284600,0.0200,-0.7300,-0.2500,37.6600,-123.4700,-73.5500,0.771881,148.568903,"0.02,-0.73,-0.25,37.66,-123.47,-73.55"
2604,2026-07-27T12:59:09.212,104.562325,0.413200,0.1400,-0.8700,-0.2600,36.9300,-133.8500,-47.9100,0.918749,146.884361,"0.14,-0.87,-0.26,36.93,-133.85,-47.91"
2605,2026-07-27T12:59:09.271,104.622074,59.749200,0.2400,-0.9400,-0.2700,27.2200,-102.7200,-15.3200,1.007025,107.364003,"0.24,-0.94,-0.27,27.22,-102.72,-15.32"
2606,2026-07-27T12:59:09.451,104.801637,179.562500,0.3500,-0.9600,-0.2900,12.7000,-54.9300,16.6600,1.062168,58.789034,"0.35,-0.96,-0.29,12.70,-54.93,16.66"
2607,2026-07-27T12:59:09.451,104.801880,0.243300,0.5500,-0.9500,-0.2600,-5.8600,7.1400,51.9400,1.128096,52.754932,"0.55,-0.95,-0.26,-5.86,7.14,51.94"
2608,2026-07-27T12:59:09.452,104.802422,0.542100,0.7400,-0.8100,-0.1000,4.0900,60.4900,77.3300,1.101681,98.263407,"0.74,-0.81,-0.10,4.09,60.49,77.33"
2609,2026-07-27T12:59:09.452,104.803247,0.824600,0.6300,-0.6700,-0.0200,53.8300,67.9900,60.4900,0.919891,105.732441,"0.63,-0.67,-0.02,53.83,67.99,60.49"
2610,2026-07-27T12:59:09.453,104.804015,0.768300,0.2500,-0.8700,-0.1400,52.1900,68.4800,16.9100,0.915969,87.745396,"0.25,-0.87,-0.14,52.19,68.48,16.91"
2611,2026-07-27T12:59:09.511,104.861660,57.645500,-0.0800,-1.1800,-0.2000,6.2300,73.4300,-8.9700,1.199500,74.237718,"-0.08,-1.18,-0.20,6.23,73.43,-8.97"
2612,2026-07-27T12:59:09.631,104.981495,119.834500,-0.2000,-1.2300,-0.0900,-12.9400,90.3900,-9.2800,1.249400,91.781883,"-0.20,-1.23,-0.09,-12.94,90.39,-9.28"
2613,2026-07-27T12:59:09.631,104.982212,0.716800,-0.1400,-1.0500,-0.0100,-22.6400,139.5300,1.7700,1.059339,141.365920,"-0.14,-1.05,-0.01,-22.64,139.53,1.77"
2614,2026-07-27T12:59:09.633,104.983415,1.202900,-0.0400,-0.8300,-0.0500,-27.4700,127.1400,1.8900,0.832466,130.087481,"-0.04,-0.83,-0.05,-27.47,127.14,1.89"
2615,2026-07-27T12:59:09.751,105.101848,118.433100,0.0500,-0.8000,-0.1400,-10.9900,20.3200,-13.0600,0.813695,26.537636,"0.05,-0.80,-0.14,-10.99,20.32,-13.06"
2616,2026-07-27T12:59:09.752,105.102417,0.568900,0.1900,-0.8700,-0.1300,18.0100,-78.6700,-20.8100,0.899944,83.344976,"0.19,-0.87,-0.13,18.01,-78.67,-20.81"
2617,2026-07-27T12:59:09.752,105.103135,0.718600,0.3400,-1.0700,-0.1100,41.0800,-92.5900,-14.0400,1.128096,102.262388,"0.34,-1.07,-0.11,41.08,-92.59,-14.04"
2618,2026-07-27T12:59:09.871,105.221909,118.773900,0.3500,-1.2100,-0.2000,50.3500,-46.9400,-6.1000,1.275382,69.106411,"0.35,-1.21,-0.20,50.35,-46.94,-6.10"
2619,2026-07-27T12:59:09.872,105.222446,0.536700,0.2100,-0.9300,-0.2600,43.3300,-16.2400,-6.3500,0.988231,46.707055,"0.21,-0.93,-0.26,43.33,-16.24,-6.35"
2620,2026-07-27T12:59:09.872,105.223111,0.665100,0.0800,-0.6000,-0.2200,20.8700,-40.5900,-24.3500,0.644050,51.730334,"0.08,-0.60,-0.22,20.87,-40.59,-24.35"
2621,2026-07-27T12:59:09.931,105.281912,58.800800,0.0200,-0.5300,-0.1300,-20.5100,-71.9000,-53.5900,0.546077,91.989990,"0.02,-0.53,-0.13,-20.51,-71.90,-53.59"
2622,2026-07-27T12:59:09.932,105.282375,0.463400,0.0500,-0.7400,-0.0600,-63.9600,-33.5100,-59.2700,0.744110,93.416993,"0.05,-0.74,-0.06,-63.96,-33.51,-59.27"
2623,2026-07-27T12:59:10.111,105.461942,179.566800,0.1400,-1.1300,-0.1100,-64.5800,66.5300,-26.9800,1.143941,96.564681,"0.14,-1.13,-0.11,-64.58,66.53,-26.98"
2624,2026-07-27T12:59:10.111,105.462285,0.343100,0.2100,-1.4700,-0.2500,-24.3500,123.7200,9.5200,1.505822,126.452328,"0.21,-1.47,-0.25,-24.35,123.72,9.52"
2625,2026-07-27T12:59:10.112,105.462628,0.343500,0.2300,-1.5100,-0.2400,11.9000,46.9400,8.5400,1.546157,49.172199,"0.23,-1.51,-0.24,11.90,46.94,8.54"
2626,2026-07-27T12:59:10.113,105.463406,0.777700,0.2400,-1.2100,-0.0200,45.6500,-104.8000,-24.7800,1.233734,116.965854,"0.24,-1.21,-0.02,45.65,-104.80,-24.78"
2627,2026-07-27T12:59:10.291,105.642237,178.830800,0.2200,-0.9200,0.0500,71.7200,-204.4100,-51.2100,0.947259,222.597553,"0.22,-0.92,0.05,71.72,-204.41,-51.21"
2628,2026-07-27T12:59:10.292,105.643162,0.924800,0.1300,-0.8600,-0.1600,80.0200,-211.2400,-55.9700,0.884364,232.719099,"0.13,-0.86,-0.16,80.02,-211.24,-55.97"
2629,2026-07-27T12:59:10.293,105.644059,0.896900,-0.0100,-0.8900,-0.4700,77.4500,-124.9400,-44.8600,1.006529,153.691007,"-0.01,-0.89,-0.47,77.45,-124.94,-44.86"
2630,2026-07-27T12:59:10.294,105.645190,1.131000,-0.0800,-0.8900,-0.6600,59.6900,-10.9900,-24.0500,1.110901,65.284598,"-0.08,-0.89,-0.66,59.69,-10.99,-24.05"
2631,2026-07-27T12:59:10.295,105.646108,0.918100,0.0500,-0.8900,-0.6600,38.2700,16.0500,-6.1600,1.109144,41.954034,"0.05,-0.89,-0.66,38.27,16.05,-6.16"
2632,2026-07-27T12:59:10.351,105.701584,55.476600,0.3300,-0.8800,-0.5200,20.0200,-12.0800,4.6400,1.074104,23.838129,"0.33,-0.88,-0.52,20.02,-12.08,4.64"
2633,2026-07-27T12:59:10.411,105.761680,60.095300,0.5800,-0.9100,-0.3200,20.1400,-63.7800,-5.6800,1.125567,67.125036,"0.58,-0.91,-0.32,20.14,-63.78,-5.68"
2634,2026-07-27T12:59:10.412,105.762362,0.682600,0.4300,-1.0400,-0.2800,45.2300,-135.1300,-24.4100,1.159698,144.574264,"0.43,-1.04,-0.28,45.23,-135.13,-24.41"
2635,2026-07-27T12:59:10.711,106.062304,299.941900,0.0700,-1.2000,-0.3700,64.9400,-177.5500,-1.6500,1.257696,189.060648,"0.07,-1.20,-0.37,64.94,-177.55,-1.65"
2636,2026-07-27T12:59:10.712,106.063298,0.994200,0.0300,-1.2200,-0.2400,48.6500,-167.1800,56.2700,1.243744,182.981660,"0.03,-1.22,-0.24,48.65,-167.18,56.27"
2637,2026-07-27T12:59:10.713,106.063819,0.520500,0.3300,-1.1900,-0.0100,8.4200,-85.8800,109.1900,1.234949,139.171574,"0.33,-1.19,-0.01,8.42,-85.88,109.19"
2638,2026-07-27T12:59:10.713,106.064254,0.435500,0.6300,-1.1500,-0.0200,-31.4300,-24.7800,119.9300,1.311411,126.432188,"0.63,-1.15,-0.02,-31.43,-24.78,119.93"
2639,2026-07-27T12:59:10.714,106.064889,0.634900,0.6700,-1.0500,-0.0800,-51.6400,-87.4600,80.8700,1.248119,129.830267,"0.67,-1.05,-0.08,-51.64,-87.46,80.87"
2640,2026-07-27T12:59:10.714,106.065015,0.126100,0.4500,-0.9500,-0.0200,-41.1400,-191.6500,37.4100,1.051380,199.553828,"0.45,-0.95,-0.02,-41.14,-191.65,37.41"
2641,2026-07-27T12:59:10.715,106.065585,0.569200,0.2700,-0.9000,0.0200,-25.0900,-214.3600,20.6300,0.939840,216.807091,"0.27,-0.90,0.02,-25.09,-214.36,20.63"
2642,2026-07-27T12:59:10.951,106.301562,235.977600,0.3200,-0.8700,-0.0100,-16.1700,-173.2200,23.9300,0.927038,175.611168,"0.32,-0.87,-0.01,-16.17,-173.22,23.93"
2643,2026-07-27T12:59:10.951,106.302161,0.599100,0.4000,-0.8200,-0.0600,-14.1000,-121.6400,24.4800,0.914330,124.877420,"0.40,-0.82,-0.06,-14.10,-121.64,24.48"
2644,2026-07-27T12:59:10.952,106.302655,0.493300,0.2700,-0.8400,0.0400,-23.6800,-68.1200,7.7500,0.883233,72.533711,"0.27,-0.84,0.04,-23.68,-68.12,7.75"
2645,2026-07-27T12:59:10.952,106.303250,0.595700,0.0500,-0.9000,0.1300,-21.2400,-41.8700,-17.6400,0.910714,50.153804,"0.05,-0.90,0.13,-21.24,-41.87,-17.64"
2646,2026-07-27T12:59:10.953,106.304015,0.764700,-0.0700,-0.9300,0.0300,9.3400,-63.0500,-39.8600,0.933113,75.175513,"-0.07,-0.93,0.03,9.34,-63.05,-39.86"
2647,2026-07-27T12:59:10.954,106.304947,0.931600,-0.1500,-1.0000,-0.1400,46.3900,-92.5900,-51.5700,1.020833,115.690990,"-0.15,-1.00,-0.14,46.39,-92.59,-51.57"
2648,2026-07-27T12:59:11.191,106.541600,236.653100,-0.1100,-0.9900,-0.3000,62.9900,-119.2000,-52.5500,1.040288,144.699283,"-0.11,-0.99,-0.30,62.99,-119.20,-52.55"
2649,2026-07-27T12:59:11.191,106.541950,0.350600,0.0900,-0.7600,-0.2900,39.9200,-129.1500,-47.3600,0.818413,143.235116,"0.09,-0.76,-0.29,39.92,-129.15,-47.36"
2650,2026-07-27T12:59:11.192,106.542641,0.691000,0.2500,-0.6900,-0.2000,-1.5300,-80.6900,-43.4600,0.760658,91.662362,"0.25,-0.69,-0.20,-1.53,-80.69,-43.46"
2651,2026-07-27T12:59:11.192,106.543112,0.471100,0.2700,-1.3800,-0.0100,-19.2900,-2.6900,-43.0900,1.406201,47.287295,"0.27,-1.38,-0.01,-19.29,-2.69,-43.09"
2652,2026-07-27T12:59:11.193,106.544125,1.012200,0.2100,-1.8000,0.1200,3.3600,23.6800,-31.4300,1.816177,39.495277,"0.21,-1.80,0.12,3.36,23.68,-31.43"
2653,2026-07-27T12:59:11.194,106.544851,0.726900,0.1600,-1.0100,-0.0100,17.0300,-58.5300,-35.3400,1.022644,70.460609,"0.16,-1.01,-0.01,17.03,-58.53,-35.34"
2654,2026-07-27T12:59:11.371,106.721362,176.510600,0.1600,-0.4600,-0.2400,38.2100,-167.5400,-62.4400,0.542955,182.834377,"0.16,-0.46,-0.24,38.21,-167.54,-62.44"
2655,2026-07-27T12:59:11.371,106.721872,0.509600,0.2700,-0.7200,-0.4800,85.5700,-204.3500,-63.7200,0.906477,230.524154,"0.27,-0.72,-0.48,85.57,-204.35,-63.72"
2656,2026-07-27T12:59:11.372,106.722450,0.578200,0.2500,-0.9400,-0.6300,80.7500,-184.6900,-48.3400,1.158879,207.286551,"0.25,-0.94,-0.63,80.75,-184.69,-48.34"
2657,2026-07-27T12:59:11.373,106.723315,0.865600,0.1400,-0.9400,-0.5500,24.9000,-109.3700,-30.8200,1.098044,116.325747,"0.14,-0.94,-0.55,24.90,-109.37,-30.82"
2658,2026-07-27T12:59:11.373,106.724138,0.822300,0.1500,-0.9400,-0.3700,-16.4200,-25.0900,-9.2800,1.021274,31.388579,"0.15,-0.94,-0.37,-16.42,-25.09,-9.28"
2659,2026-07-27T12:59:11.431,106.782306,58.168300,0.3200,-0.9100,-0.2700,-21.4800,13.6700,6.2300,1.001699,26.212062,"0.32,-0.91,-0.27,-21.48,13.67,6.23"
2660,2026-07-27T12:59:11.491,106.841878,59.572100,0.5200,-0.9000,-0.2200,-26.4900,38.2100,17.6400,1.062450,49.728199,"0.52,-0.90,-0.22,-26.49,38.21,17.64"
2661,2026-07-27T12:59:11.492,106.842359,0.480600,0.5100,-0.9400,-0.0600,-33.1400,38.9400,14.5300,1.071121,53.157352,"0.51,-0.94,-0.06,-33.14,38.94,14.53"
2662,2026-07-27T12:59:11.612,106.962320,119.961400,0.3200,-0.9800,0.0100,-4.8800,-48.5800,-16.0500,1.030970,51.394876,"0.32,-0.98,0.01,-4.88,-48.58,-16.05"
2663,2026-07-27T12:59:11.612,106.962516,0.196000,0.1400,-1.0200,-0.1500,38.3300,-103.2100,-33.4500,1.040433,115.066917,"0.14,-1.02,-0.15,38.33,-103.21,-33.45"
2664,2026-07-27T12:59:11.612,106.963274,0.758300,0.0100,-1.0400,-0.3000,35.4000,-49.9900,-3.1100,1.082451,61.333777,"0.01,-1.04,-0.30,35.40,-49.99,-3.11"
2665,2026-07-27T12:59:11.731,107.081718,118.443200,-0.0700,-0.9500,-0.4000,42.7900,-85.0800,18.6200,1.033151,97.037595,"-0.07,-0.95,-0.40,42.79,-85.08,18.62"
2666,2026-07-27T12:59:11.732,107.082661,0.943200,-0.1500,-0.8500,-0.4500,45.4100,-189.5100,29.1700,0.973396,197.045673,"-0.15,-0.85,-0.45,45.41,-189.51,29.17"
2667,2026-07-27T12:59:11.732,107.082889,0.227700,-0.0800,-1.0000,-0.4400,38.6400,-223.7500,47.2400,1.095445,231.923974,"-0.08,-1.00,-0.44,38.64,-223.75,47.24"
2668,2026-07-27T12:59:11.791,107.141608,58.719400,0.2100,-1.2600,-0.4600,33.3900,-182.9200,60.3600,1.357682,195.494113,"0.21,-1.26,-0.46,33.39,-182.92,60.36"
2669,2026-07-27T12:59:11.970,107.321224,179.615600,0.5000,-1.2100,-0.5000,13.7300,-137.6300,51.6400,1.401464,147.638814,"0.50,-1.21,-0.50,13.73,-137.63,51.64"
2670,2026-07-27T12:59:11.971,107.321627,0.403300,0.5900,-0.9300,-0.3100,-20.1400,-77.6400,35.9500,1.144159,87.897621,"0.59,-0.93,-0.31,-20.14,-77.64,35.95"
2671,2026-07-27T12:59:11.971,107.322237,0.610200,0.4700,-0.8300,-0.0100,-30.8200,-58.6500,20.9400,0.953887,69.485096,"0.47,-0.83,-0.01,-30.82,-58.65,20.94"
2672,2026-07-27T12:59:11.972,107.322847,0.609800,0.3400,-0.8800,0.0800,-19.4700,-76.4200,9.0300,0.946784,79.376560,"0.34,-0.88,0.08,-19.47,-76.42,9.03"
2673,2026-07-27T12:59:11.973,107.323634,0.787300,0.3100,-0.8300,-0.0300,-17.7000,-54.5000,2.2000,0.886510,57.344398,"0.31,-0.83,-0.03,-17.70,-54.50,2.20"
2674,2026-07-27T12:59:12.092,107.443249,119.615200,0.2100,-0.8500,-0.0400,-28.1400,-0.4900,-3.1100,0.876470,28.315575,"0.21,-0.85,-0.04,-28.14,-0.49,-3.11"
2675,2026-07-27T12:59:12.150,107.501167,57.917300,0.1000,-0.8900,-0.0900,-31.5600,34.9700,-12.0200,0.900111,48.614966,"0.10,-0.89,-0.09,-31.56,34.97,-12.02"
2676,2026-07-27T12:59:12.151,107.501593,0.426200,0.0400,-0.9100,-0.2100,-23.1900,25.7600,-25.9400,0.934773,43.292462,"0.04,-0.91,-0.21,-23.19,25.76,-25.94"
2677,2026-07-27T12:59:12.156,107.506949,5.355800,-0.0200,-0.9000,-0.3600,-16.2400,-16.8500,-41.1400,0.969536,47.330325,"-0.02,-0.90,-0.36,-16.24,-16.85,-41.14"
2678,2026-07-27T12:59:12.218,107.568548,61.599600,-0.2300,-0.9100,-0.4800,-10.6800,-92.2900,-52.9200,1.054230,106.920685,"-0.23,-0.91,-0.48,-10.68,-92.29,-52.92"
2679,2026-07-27T12:59:12.221,107.571659,3.110500,-0.3600,-0.9800,-0.4500,-17.2700,-171.3900,-51.7000,1.136882,179.849034,"-0.36,-0.98,-0.45,-17.27,-171.39,-51.70"
2680,2026-07-27T12:59:12.331,107.682162,110.503600,-0.0900,-1.2400,-0.2500,-44.4900,-108.3400,-25.7000,1.268148,119.905820,"-0.09,-1.24,-0.25,-44.49,-108.34,-25.70"
2681,2026-07-27T12:59:12.332,107.682982,0.819200,0.2700,-1.5000,0.0200,-48.9500,119.4500,21.4200,1.524238,130.855727,"0.27,-1.50,0.02,-48.95,119.45,21.42"
2682,2026-07-27T12:59:12.333,107.683856,0.874100,0.4300,-1.1400,0.1200,-9.8300,209.5900,43.3300,1.224296,214.247721,"0.43,-1.14,0.12,-9.83,209.59,43.33"
2683,2026-07-27T12:59:12.511,107.861465,177.609500,0.4400,-0.6500,-0.0500,19.9000,93.9300,23.6800,0.786511,98.891846,"0.44,-0.65,-0.05,19.90,93.93,23.68"
2684,2026-07-27T12:59:12.511,107.861820,0.354600,0.4300,-0.7500,-0.2600,27.7700,36.1300,7.5700,0.902774,46.193665,"0.43,-0.75,-0.26,27.77,36.13,7.57"
2685,2026-07-27T12:59:12.511,107.862296,0.475700,0.4800,-0.9200,-0.3700,31.3700,77.7600,8.4200,1.101681,84.270937,"0.48,-0.92,-0.37,31.37,77.76,8.42"
2686,2026-07-27T12:59:12.512,107.863052,0.756100,0.4800,-0.8500,-0.3400,23.0100,97.2900,2.6200,1.033683,100.008343,"0.48,-0.85,-0.34,23.01,97.29,2.62"
2687,2026-07-27T12:59:12.631,107.981784,118.732400,0.4000,-0.8700,-0.3000,10.6200,73.5500,-16.4200,1.003444,76.105212,"0.40,-0.87,-0.30,10.62,73.55,-16.42"
2688,2026-07-27T12:59:12.632,107.982502,0.718100,0.2900,-0.9700,-0.3000,10.5600,35.4000,-37.3500,1.055936,52.532810,"0.29,-0.97,-0.30,10.56,35.40,-37.35"
2689,2026-07-27T12:59:12.632,107.983131,0.629200,0.1700,-0.9600,-0.3200,14.3400,3.2300,-50.9000,1.026109,52.979982,"0.17,-0.96,-0.32,14.34,3.23,-50.90"
2690,2026-07-27T12:59:12.811,108.161787,178.655700,0.1000,-0.9000,-0.3100,-1.9500,21.4800,-43.3300,0.957131,48.401258,"0.10,-0.90,-0.31,-1.95,21.48,-43.33"
2691,2026-07-27T12:59:12.812,108.162462,0.675500,0.1100,-0.9000,-0.2500,-30.7000,79.5900,-18.9800,0.940532,87.391639,"0.11,-0.90,-0.25,-30.70,79.59,-18.98"
2692,2026-07-27T12:59:12.812,108.162867,0.404100,0.1300,-0.9000,-0.2000,-48.4600,105.1000,-2.4400,0.931075,115.759817,"0.13,-0.90,-0.20,-48.46,105.10,-2.44"
2693,2026-07-27T12:59:12.813,108.163347,0.480300,0.1300,-0.9300,-0.2000,-45.3500,82.8200,0.1200,0.960104,94.423457,"0.13,-0.93,-0.20,-45.35,82.82,0.12"
2694,2026-07-27T12:59:12.813,108.164276,0.929600,0.1300,-1.0000,-0.2500,-23.2500,44.3700,-1.1600,1.038942,50.105938,"0.13,-1.00,-0.25,-23.25,44.37,-1.16"
2695,2026-07-27T12:59:12.870,108.221302,57.026000,0.1100,-1.0100,-0.3100,0.4300,11.9000,0.2400,1.062215,11.910185,"0.11,-1.01,-0.31,0.43,11.90,0.24"
2696,2026-07-27T12:59:12.991,108.341771,120.468700,0.1100,-0.9900,-0.3100,7.0800,-5.3100,8.4800,1.043216,12.256953,"0.11,-0.99,-0.31,7.08,-5.31,8.48"
2697,2026-07-27T12:59:12.992,108.342367,0.595900,0.1400,-1.0300,-0.2700,-3.1700,-15.4400,26.1800,1.073965,30.558712,"0.14,-1.03,-0.27,-3.17,-15.44,26.18"
2698,2026-07-27T12:59:12.993,108.343388,1.020900,0.2000,-1.1100,-0.1800,-24.6000,-10.8600,57.0100,1.142147,63.033639,"0.20,-1.11,-0.18,-24.60,-10.86,57.01"
2699,2026-07-27T12:59:13.111,108.461337,117.948900,0.2800,-1.2300,0.0400,-43.2700,40.8900,104.7400,1.262101,120.477187,"0.28,-1.23,0.04,-43.27,40.89,104.74"
2700,2026-07-27T12:59:13.111,108.461904,0.566900,0.3400,-1.2400,0.0900,-49.6800,115.0500,144.1000,1.288914,190.969670,"0.34,-1.24,0.09,-49.68,115.05,144.10"
2701,2026-07-27T12:59:13.230,108.581247,119.343100,0.3100,-1.0400,-0.0600,-44.6800,105.7700,130.1300,1.086876,173.543690,"0.31,-1.04,-0.06,-44.68,105.77,130.13"
2702,2026-07-27T12:59:13.231,108.581467,0.219900,0.2300,-0.8100,-0.1300,-20.5700,-4.1500,72.9400,0.851998,75.898557,"0.23,-0.81,-0.13,-20.57,-4.15,72.94"
2703,2026-07-27T12:59:13.231,108.582089,0.621900,0.1700,-0.7000,-0.1900,6.2900,-91.6700,26.3100,0.744983,95.578079,"0.17,-0.70,-0.19,6.29,-91.67,26.31"
2704,2026-07-27T12:59:13.232,108.582983,0.894100,0.0500,-0.7900,-0.2200,9.2800,-86.4300,6.2300,0.821584,87.149734,"0.05,-0.79,-0.22,9.28,-86.43,6.23"
2705,2026-07-27T12:59:13.292,108.642911,59.928100,-0.1300,-0.9500,-0.2200,-2.8700,-28.3800,-1.1000,0.983768,28.545951,"-0.13,-0.95,-0.22,-2.87,-28.38,-1.10"
2706,2026-07-27T12:59:13.293,108.643640,0.729600,-0.2300,-1.0600,-0.1800,-1.1000,-12.5700,-8.7300,1.099500,15.343657,"-0.23,-1.06,-0.18,-1.10,-12.57,-8.73"
2707,2026-07-27T12:59:13.412,108.762685,119.044700,-0.2300,-1.0800,-0.0900,26.7300,-69.2100,-20.6300,1.107881,77.007233,"-0.23,-1.08,-0.09,26.73,-69.21,-20.63"
2708,2026-07-27T12:59:13.413,108.763524,0.839300,-0.1300,-1.0400,-0.0900,61.5800,-146.4800,-31.8600,1.051951,162.060317,"-0.13,-1.04,-0.09,61.58,-146.48,-31.86"
2709,2026-07-27T12:59:13.413,108.764182,0.658000,0.1000,-0.9700,-0.1100,74.2200,-188.9600,-32.9000,0.981326,205.662102,"0.10,-0.97,-0.11,74.22,-188.96,-32.90"
2710,2026-07-27T12:59:13.531,108.882075,117.892400,0.2600,-0.8700,-0.0100,58.5300,-156.5600,-17.5200,0.908075,168.058754,"0.26,-0.87,-0.01,58.53,-156.56,-17.52"
2711,2026-07-27T12:59:13.532,108.882560,0.485200,0.1200,-0.7700,0.0900,32.2900,-89.4200,-0.4900,0.784474,95.072712,"0.12,-0.77,0.09,32.29,-89.42,-0.49"
2712,2026-07-27T12:59:13.532,108.882969,0.409000,-0.0300,-0.7200,0.1000,18.3100,-62.9300,6.4700,0.727530,65.858195,"-0.03,-0.72,0.10,18.31,-62.93,6.47"
2713,2026-07-27T12:59:13.711,109.062013,179.044300,0.0300,-0.7700,0.0900,22.2800,-76.2900,6.9600,0.775822,79.780976,"0.03,-0.77,0.09,22.28,-76.29,6.96"
2714,2026-07-27T12:59:13.712,109.062542,0.529100,0.0800,-0.9800,0.0900,21.0000,-89.6000,1.8300,0.987370,92.046232,"0.08,-0.98,0.09,21.00,-89.60,1.83"
2715,2026-07-27T12:59:13.712,109.062992,0.449700,0.0700,-1.1900,-0.0100,6.1600,-120.1200,-15.0100,1.192099,121.210809,"0.07,-1.19,-0.01,6.16,-120.12,-15.01"
2716,2026-07-27T12:59:13.713,109.063508,0.516000,-0.0900,-1.1800,-0.2300,-15.5600,-186.2800,-39.4900,1.205570,191.054474,"-0.09,-1.18,-0.23,-15.56,-186.28,-39.49"
2717,2026-07-27T12:59:13.890,109.241242,177.734000,-0.2200,-0.8800,-0.2900,-44.0100,-222.9600,-45.7800,0.952313,231.827199,"-0.22,-0.88,-0.29,-44.01,-222.96,-45.78"
2718,2026-07-27T12:59:13.893,109.244213,2.971300,-0.0200,-0.5000,-0.3000,-77.2700,-195.9200,-21.7300,0.583438,211.725039,"-0.02,-0.50,-0.30,-77.27,-195.92,-21.73"
2719,2026-07-27T12:59:13.894,109.244588,0.374400,0.1200,-0.7800,-0.5000,-100.7700,-166.8100,12.9400,0.934238,195.314138,"0.12,-0.78,-0.50,-100.77,-166.81,12.94"
2720,2026-07-27T12:59:13.894,109.245026,0.437700,-0.0400,-1.7900,-0.6800,-76.2900,-175.9600,29.5400,1.915228,194.048183,"-0.04,-1.79,-0.68,-76.29,-175.96,29.54"
2721,2026-07-27T12:59:13.895,109.245547,0.521800,0.0800,-2.2800,-0.8200,-36.9300,-171.5100,18.4300,2.424294,176.406264,"0.08,-2.28,-0.82,-36.93,-171.51,18.43"
2722,2026-07-27T12:59:14.011,109.361812,116.265100,0.4000,-1.6700,-0.6800,-23.0700,-134.8300,2.7500,1.846970,136.817091,"0.40,-1.67,-0.68,-23.07,-134.83,2.75"
2723,2026-07-27T12:59:14.012,109.362446,0.633800,0.0100,-0.4900,-0.1600,-39.4300,-79.5300,-8.9700,0.515558,89.219990,"0.01,-0.49,-0.16,-39.43,-79.53,-8.97"
2724,2026-07-27T12:59:14.012,109.362991,0.544800,-0.4400,0.5700,0.1500,-69.5800,-95.2800,-39.0600,0.735527,124.279276,"-0.44,0.57,0.15,-69.58,-95.28,-39.06"
2725,2026-07-27T12:59:14.071,109.421507,58.516200,0.0100,0.6700,0.2100,-82.1500,-181.4600,-67.3200,0.702211,210.257786,"0.01,0.67,0.21,-82.15,-181.46,-67.32"
2726,2026-07-27T12:59:14.131,109.482012,60.504800,0.6300,0.0600,0.1900,-75.9900,-194.4000,-72.8800,0.660757,221.082189,"0.63,0.06,0.19,-75.99,-194.40,-72.88"
2727,2026-07-27T12:59:14.132,109.482548,0.535800,0.5000,-0.2600,-0.2400,-55.0500,-166.2000,-101.1400,0.612536,202.193576,"0.50,-0.26,-0.24,-55.05,-166.20,-101.14"
2728,2026-07-27T12:59:14.311,109.661321,178.772900,-0.5100,-1.2400,-1.1100,13.2400,-202.7000,-145.7500,1.740632,250.011300,"-0.51,-1.24,-1.11,13.24,-202.70,-145.75"
2729,2026-07-27T12:59:14.313,109.663554,2.232800,-1.3300,-2.4000,-1.1000,24.9000,-234.3100,-71.8400,2.956163,246.337516,"-1.33,-2.40,-1.10,24.90,-234.31,-71.84"
2730,2026-07-27T12:59:14.313,109.664006,0.452000,-0.9800,-2.3800,-0.0700,-122.3800,-25.4500,57.8000,2.574820,137.714948,"-0.98,-2.38,-0.07,-122.38,-25.45,57.80"
2731,2026-07-27T12:59:14.314,109.664525,0.519000,-0.3500,-2.4400,-0.0700,-130.1300,158.9400,57.9800,2.465968,213.441844,"-0.35,-2.44,-0.07,-130.13,158.94,57.98"
2732,2026-07-27T12:59:14.431,109.781733,117.208500,-0.2100,-2.8500,-0.8800,68.4800,11.3500,-34.0000,2.990150,77.293809,"-0.21,-2.85,-0.88,68.48,11.35,-34.00"
2733,2026-07-27T12:59:14.431,109.781977,0.244300,-0.0200,-2.9900,-1.1500,183.5900,-159.5500,-105.8000,3.203592,265.245416,"-0.02,-2.99,-1.15,183.59,-159.55,-105.8"
2734,2026-07-27T12:59:14.432,109.782532,0.554300,0.3100,-2.4000,-0.8800,141.6600,-81.8500,-103.3300,2.574976,193.504695,"0.31,-2.40,-0.88,141.66,-81.85,-103.33"
2735,2026-07-27T12:59:14.491,109.841623,59.091800,0.3600,-1.0200,-0.3900,7.5700,159.6100,-44.4300,1.149826,165.851385,"0.36,-1.02,-0.39,7.57,159.61,-44.43"
2736,2026-07-27T12:59:14.670,110.021254,179.630000,0.2800,0.3000,-0.0500,-129.9400,319.1500,-34.0000,0.413401,346.261644,"0.28,0.30,-0.05,-129.94,319.15,-34.00"
2737,2026-07-27T12:59:14.671,110.021567,0.314000,0.1300,0.8700,0.0400,-734.6200,408.8100,-526.7300,0.880568,992.087019,"0.13,0.87,0.04,-734.62,408.81,-526.73"
2738,2026-07-27T12:59:14.672,110.022352,0.784500,-0.1500,0.6300,0.0300,-1201.4800,391.1100,-456.9700,0.648305,1343.630456,"-0.15,0.63,0.03,-1201.48,391.11,-456.97"
2739,2026-07-27T12:59:14.672,110.022864,0.512200,-0.3300,0.0300,-0.1100,-1245.7300,134.1600,4.8200,0.349142,1252.942685,"-0.33,0.03,-0.11,-1245.73,134.16,4.82"
2740,2026-07-27T12:59:14.673,110.023604,0.740200,-0.2800,-0.2500,-0.2200,-691.4700,-47.7900,334.2900,0.435086,769.522221,"-0.28,-0.25,-0.22,-691.47,-47.79,334.29"
2741,2026-07-27T12:59:14.731,110.081964,58.359700,-0.0900,-0.0300,-0.1900,-89.6600,-23.1900,343.7500,0.212368,356.006677,"-0.09,-0.03,-0.19,-89.66,-23.19,343.75"
2742,2026-07-27T12:59:14.732,110.082517,0.552500,0.1400,0.3200,-0.0900,141.4200,-13.6700,161.8000,0.360694,215.327019,"0.14,0.32,-0.09,141.42,-13.67,161.80"
2743,2026-07-27T12:59:14.791,110.141996,59.479500,0.2400,0.2800,0.0400,113.8900,-30.5200,-115.2300,0.370945,164.864658,"0.24,0.28,0.04,113.89,-30.52,-115.23"
2744,2026-07-27T12:59:14.911,110.261392,119.395600,0.2700,-0.0200,0.1400,-4.8800,-10.5000,-280.7600,0.304795,280.998651,"0.27,-0.02,0.14,-4.88,-10.50,-280.76"
2745,2026-07-27T12:59:14.912,110.262476,1.084000,0.2700,-0.1100,0.1300,-51.3900,-2.7500,-243.2300,0.319218,248.614818,"0.27,-0.11,0.13,-51.39,-2.75,-243.23"
2746,2026-07-27T12:59:14.912,110.263218,0.742000,0.0800,-0.1000,0.2300,1.6500,-29.0500,-142.4600,0.263249,145.401089,"0.08,-0.10,0.23,1.65,-29.05,-142.46"
2747,2026-07-27T12:59:14.971,110.321827,58.609100,0.8100,0.3700,0.8400,-10.9900,33.9400,-135.7400,1.224173,140.349746,"0.81,0.37,0.84,-10.99,33.94,-135.74"
2748,2026-07-27T12:59:15.092,110.442312,120.485300,2.1400,1.2700,0.8400,-193.7900,169.8600,-266.0500,2.626423,370.391126,"2.14,1.27,0.84,-193.79,169.86,-266.05"
2749,2026-07-27T12:59:15.092,110.443212,0.899700,2.4800,2.1000,0.4000,-289.5500,192.6900,-404.7900,3.274202,533.688657,"2.48,2.10,0.40,-289.55,192.69,-404.79"
2750,2026-07-27T12:59:15.093,110.443712,0.500200,1.1900,1.6800,0.4600,-102.5400,40.8900,-341.4900,2.109526,358.889766,"1.19,1.68,0.46,-102.54,40.89,-341.49"
2751,2026-07-27T12:59:15.093,110.444237,0.524800,0.6700,0.7800,0.7800,81.2400,-167.7900,-114.0100,1.290620,218.521628,"0.67,0.78,0.78,81.24,-167.79,-114.01"
2752,2026-07-27T12:59:15.155,110.505651,61.414700,1.4100,0.4300,0.3700,-7.6900,-221.9200,90.1500,1.519836,239.655263,"1.41,0.43,0.37,-7.69,-221.92,90.15"
2753,2026-07-27T12:59:15.211,110.561692,56.040800,1.6600,0.5900,-0.3000,-258.7300,-91.9800,164.3700,1.787093,320.029733,"1.66,0.59,-0.30,-258.73,-91.98,164.37"
2754,2026-07-27T12:59:15.451,110.801469,239.776800,1.2100,0.7600,-0.2400,-267.6400,-43.8800,88.2000,1.448896,285.194432,"1.21,0.76,-0.24,-267.64,-43.88,88.20"
2755,2026-07-27T12:59:15.451,110.802069,0.599800,0.8900,0.5200,0.2900,-35.2200,-144.7800,5.4900,1.070794,149.103444,"0.89,0.52,0.29,-35.22,-144.78,5.49"
2756,2026-07-27T12:59:15.452,110.802580,0.511100,0.6200,0.0300,0.5200,32.1700,-223.8800,18.2500,0.809753,226.914578,"0.62,0.03,0.52,32.17,-223.88,18.25"
2757,2026-07-27T12:59:15.452,110.803122,0.541700,0.2300,-0.2700,0.4300,-58.5300,-222.7200,69.9500,0.557405,240.671897,"0.23,-0.27,0.43,-58.53,-222.72,69.95"
2758,2026-07-27T12:59:15.453,110.804241,1.119400,-0.0800,-0.1300,0.2900,-59.5100,-171.6900,78.3100,0.327719,197.867007,"-0.08,-0.13,0.29,-59.51,-171.69,78.31"
2759,2026-07-27T12:59:15.454,110.804976,0.734500,-0.1000,0.5100,0.6200,99.0600,-65.9800,31.5600,0.809012,123.135200,"-0.10,0.51,0.62,99.06,-65.98,31.56"
2760,2026-07-27T12:59:15.455,110.805496,0.520900,0.5500,1.0700,1.1300,170.6500,28.7500,12.7000,1.650545,173.520244,"0.55,1.07,1.13,170.65,28.75,12.70"
2761,2026-07-27T12:59:15.630,110.981218,175.721600,1.9700,1.3100,1.2900,30.5200,23.1300,-0.9800,2.694643,38.307019,"1.97,1.31,1.29,30.52,23.13,-0.98"
2762,2026-07-27T12:59:15.631,110.981520,0.301800,2.6300,1.0300,0.5400,-162.9000,-13.9800,-39.6100,2.875656,168.228424,"2.63,1.03,0.54,-162.90,-13.98,-39.61"
2763,2026-07-27T12:59:15.631,110.982209,0.688700,1.8100,0.2900,-0.2800,-262.2100,-5.3700,-11.9000,1.854346,262.534819,"1.81,0.29,-0.28,-262.21,-5.37,-11.90"
2764,2026-07-27T12:59:15.632,110.982946,0.737400,0.6700,-0.0200,-0.0400,-154.3000,-11.7200,54.6900,0.671491,164.124479,"0.67,-0.02,-0.04,-154.30,-11.72,54.69"
2765,2026-07-27T12:59:15.750,111.101277,118.331400,-0.0300,0.0000,0.6000,40.8900,-40.2200,62.9900,0.600750,85.190261,"-0.03,0.00,0.60,40.89,-40.22,62.99"
2766,2026-07-27T12:59:15.751,111.101569,0.291800,-0.2100,-0.0200,0.9100,149.1700,-13.7900,16.7800,0.934131,150.742898,"-0.21,-0.02,0.91,149.17,-13.79,16.78"
2767,2026-07-27T12:59:15.754,111.104573,3.003400,0.2700,0.0100,0.5300,179.1400,37.1100,-42.8500,0.594895,187.894689,"0.27,0.01,0.53,179.14,37.11,-42.85"
2768,2026-07-27T12:59:15.991,111.342085,237.512300,1.6000,0.5600,-0.1600,89.9000,131.2900,-71.2900,1.702704,174.359795,"1.60,0.56,-0.16,89.90,131.29,-71.29"
2769,2026-07-27T12:59:15.992,111.342413,0.328200,2.3200,1.5400,-0.8100,-26.0000,228.2100,-91.8600,2.900017,247.374339,"2.32,1.54,-0.81,-26.00,228.21,-91.86"
2770,2026-07-27T12:59:15.992,111.343163,0.749700,1.8000,1.9800,-0.9500,-29.6600,188.4800,-161.1300,2.839525,249.734465,"1.80,1.98,-0.95,-29.66,188.48,-161.13"
2771,2026-07-27T12:59:15.993,111.343990,0.827000,1.0800,1.6300,-0.3700,18.3700,66.9600,-208.1900,1.990025,219.463379,"1.08,1.63,-0.37,18.37,66.96,-208.19"
2772,2026-07-27T12:59:15.994,111.344677,0.687600,0.5700,1.2700,-0.1100,1.2200,-10.7400,-183.9600,1.396388,184.277285,"0.57,1.27,-0.11,1.22,-10.74,-183.96"
2773,2026-07-27T12:59:15.994,111.345056,0.378300,0.4400,0.9800,-0.3400,-84.1100,-30.7600,-137.1500,1.126765,163.801075,"0.44,0.98,-0.34,-84.11,-30.76,-137.15"
2774,2026-07-27T12:59:16.171,111.521703,176.647000,0.3600,0.4700,-0.2000,-88.8700,-38.4500,-99.8500,0.624900,139.090984,"0.36,0.47,-0.20,-88.87,-38.45,-99.85"
2775,2026-07-27T12:59:16.172,111.522347,0.644200,0.4500,0.1200,0.0900,-30.5200,-51.0300,-59.9400,0.474342,84.429467,"0.45,0.12,0.09,-30.52,-51.03,-59.94"
2776,2026-07-27T12:59:16.172,111.522908,0.561500,0.5400,-0.2000,0.1200,-15.9300,-61.3400,-5.4300,0.588218,63.606960,"0.54,-0.20,0.12,-15.93,-61.34,-5.43"
2777,2026-07-27T12:59:16.173,111.523764,0.856100,0.6800,0.1000,0.2100,-26.3100,-73.3000,43.6400,0.718679,89.272368,"0.68,0.10,0.21,-26.31,-73.30,43.64"
2778,2026-07-27T12:59:16.173,111.524289,0.524500,1.1100,1.2600,0.4900,-27.5300,-95.4600,27.1000,1.749228,102.980204,"1.11,1.26,0.49,-27.53,-95.46,27.10"
2779,2026-07-27T12:59:16.231,111.581737,57.448300,0.9800,1.2200,0.5500,-109.8000,-105.5900,-41.3200,1.658704,157.837355,"0.98,1.22,0.55,-109.80,-105.59,-41.32"
2780,2026-07-27T12:59:16.411,111.761855,180.117500,0.5300,0.1100,0.6200,-192.5700,-93.5700,-58.5300,0.823043,221.955650,"0.53,0.11,0.62,-192.57,-93.57,-58.53"
2781,2026-07-27T12:59:16.412,111.762375,0.520600,0.8100,-0.0600,0.8600,-102.4200,-87.5900,-9.5200,1.182920,135.101795,"0.81,-0.06,0.86,-102.42,-87.59,-9.52"
2782,2026-07-27T12:59:16.591,111.942122,179.746200,1.1200,0.5700,0.6900,-2.5600,-60.6100,47.9700,1.433667,77.338520,"1.12,0.57,0.69,-2.56,-60.61,47.97"
2783,2026-07-27T12:59:16.593,111.943474,1.352800,0.8800,0.8700,0.3300,-7.7500,-25.7600,72.5700,1.280703,77.395381,"0.88,0.87,0.33,-7.75,-25.76,72.57"
2784,2026-07-27T12:59:16.593,111.943921,0.446400,0.6200,0.5400,0.1300,-59.9400,-30.8800,62.3800,0.832406,91.856640,"0.62,0.54,0.13,-59.94,-30.88,62.38"
2785,2026-07-27T12:59:16.593,111.944092,0.171500,0.4200,0.2700,0.0100,-122.3100,-53.4100,36.0700,0.499400,138.251254,"0.42,0.27,0.01,-122.31,-53.41,36.07"
2786,2026-07-27T12:59:16.594,111.944893,0.800800,0.2400,0.3500,0.1200,-160.4600,-73.0600,-13.0000,0.441022,176.788504,"0.24,0.35,0.12,-160.46,-73.06,-13.00"
2787,2026-07-27T12:59:16.595,111.945352,0.459000,0.0800,0.3000,0.3700,-162.7200,-89.7200,-81.9700,0.483011,203.092486,"0.08,0.30,0.37,-162.72,-89.72,-81.97"
2788,2026-07-27T12:59:16.595,111.945600,0.248300,0.3700,0.0200,0.5100,-156.7400,-136.1100,-147.7700,0.630397,254.812348,"0.37,0.02,0.51,-156.74,-136.11,-147.77"
2789,2026-07-27T12:59:16.669,112.019971,74.370900,1.6400,0.2100,0.3500,-198.9100,-205.9900,-161.6200,1.690030,328.813158,"1.64,0.21,0.35,-198.91,-205.99,-161.62"
2790,2026-07-27T12:59:16.831,112.181618,161.646800,2.0000,1.4800,-0.3400,-238.5300,-95.9500,-139.9500,2.511175,292.726777,"2.00,1.48,-0.34,-238.53,-95.95,-139.95"
2791,2026-07-27T12:59:16.831,112.181891,0.273300,1.0200,2.1300,-0.5000,-122.5600,111.0800,-147.8300,2.413980,221.840999,"1.02,2.13,-0.50,-122.56,111.08,-147.83"
2792,2026-07-27T12:59:16.832,112.182775,0.883900,0.7000,1.2100,-0.2100,29.5400,110.0500,-111.0800,1.413577,159.130074,"0.70,1.21,-0.21,29.54,110.05,-111.08"
2793,2026-07-27T12:59:16.833,112.183506,0.730300,0.6900,0.6900,-0.2500,11.6000,-12.3900,-30.6400,1.007323,35.026871,"0.69,0.69,-0.25,11.60,-12.39,-30.64"
2794,2026-07-27T12:59:16.833,112.184002,0.496900,0.8400,1.1600,-0.0200,-66.8900,-121.1500,-29.4200,1.432341,141.481911,"0.84,1.16,-0.02,-66.89,-121.15,-29.42"
2795,2026-07-27T12:59:17.011,112.361515,177.512400,1.4300,1.3500,0.1200,-104.4900,-208.4400,-93.2600,1.970228,251.123120,"1.43,1.35,0.12,-104.49,-208.44,-93.26"
2796,2026-07-27T12:59:17.011,112.362235,0.719900,1.5600,1.1600,0.1100,-131.4100,-232.6700,-141.8500,1.947126,302.531551,"1.56,1.16,0.11,-131.41,-232.67,-141.85"
2797,2026-07-27T12:59:17.012,112.362805,0.569800,1.1200,0.8800,0.1100,-133.8500,-186.9500,-154.0500,1.428601,276.762583,"1.12,0.88,0.11,-133.85,-186.95,-154.05"
2798,2026-07-27T12:59:17.012,112.363047,0.242700,0.9700,0.1200,0.1900,-95.7000,-146.4800,-151.1200,0.995691,231.197177,"0.97,0.12,0.19,-95.70,-146.48,-151.12"
2799,2026-07-27T12:59:17.070,112.421204,58.156300,0.9000,-0.8300,0.1800,-95.5800,-148.8600,-170.8400,1.237457,245.929139,"0.90,-0.83,0.18,-95.58,-148.86,-170.84"
2800,2026-07-27T12:59:17.071,112.422214,1.010000,0.4500,-1.2000,0.1400,-180.6600,-169.4900,-218.4400,1.289225,330.274022,"0.45,-1.20,0.14,-180.66,-169.49,-218.44"
2801,2026-07-27T12:59:17.131,112.481853,59.639600,-0.1400,-0.9600,0.3800,-341.8600,-216.0600,-198.4000,1.041921,450.458370,"-0.14,-0.96,0.38,-341.86,-216.06,-198.4"
2802,2026-07-27T12:59:17.191,112.541485,59.632100,0.0100,-0.8000,1.2900,-478.4500,-269.9000,-114.1400,1.517959,561.060025,"0.01,-0.80,1.29,-478.45,-269.90,-114.14"
2803,2026-07-27T12:59:17.191,112.541950,0.464600,1.0600,0.2200,1.9800,-205.7500,-240.9100,-59.3300,2.256635,322.320864,"1.06,0.22,1.98,-205.75,-240.91,-59.33"
2804,2026-07-27T12:59:17.250,112.601287,59.337200,1.2600,1.1100,1.0800,58.5300,-117.8600,-77.7000,1.996522,152.820256,"1.26,1.11,1.08,58.53,-117.86,-77.70"
2805,2026-07-27T12:59:17.491,112.841833,240.545500,0.6700,0.8400,0.1000,-4.3300,-99.1200,-137.2700,1.079120,169.371120,"0.67,0.84,0.10,-4.33,-99.12,-137.27"
2806,2026-07-27T12:59:17.492,112.842579,0.746400,0.7800,0.8700,0.1200,101.6800,-182.1300,-103.3300,1.174606,232.781546,"0.78,0.87,0.12,101.68,-182.13,-103.33"
2807,2026-07-27T12:59:17.492,112.843098,0.518700,0.8000,0.8900,0.4100,172.7300,-160.1000,-5.0700,1.264990,235.570303,"0.80,0.89,0.41,172.73,-160.10,-5.07"
2808,2026-07-27T12:59:17.493,112.843709,0.611500,0.2600,0.4300,0.5600,-8.5400,-85.8800,21.1800,0.752396,88.864495,"0.26,0.43,0.56,-8.54,-85.88,21.18"
2809,2026-07-27T12:59:17.493,112.844303,0.594100,-0.1900,0.0600,0.5500,-300.2900,-145.3900,-114.7500,0.584979,352.817090,"-0.19,0.06,0.55,-300.29,-145.39,-114.75"
2810,2026-07-27T12:59:17.495,112.845388,1.084900,-0.3500,0.1600,0.4800,-291.3800,-128.5400,-171.0800,0.615224,361.515148,"-0.35,0.16,0.48,-291.38,-128.54,-171.08"
2811,2026-07-27T12:59:17.495,112.846092,0.703900,-0.2600,0.3500,0.2900,-288.2100,-130.4900,-233.4600,0.523641,393.187253,"-0.26,0.35,0.29,-288.21,-130.49,-233.46"
2812,2026-07-27T12:59:17.551,112.901920,55.828300,0.1100,0.5700,0.1200,-241.0300,-144.3500,-271.3600,0.592790,390.600349,"0.11,0.57,0.12,-241.03,-144.35,-271.36"
2813,2026-07-27T12:59:17.671,113.022094,120.173600,0.8300,1.8200,0.1300,-99.3000,-85.3300,-203.6100,2.004545,242.071748,"0.83,1.82,0.13,-99.30,-85.33,-203.61"
2814,2026-07-27T12:59:17.672,113.022598,0.503900,0.9200,3.2700,0.2800,56.9500,-7.6300,-66.5900,3.408475,87.953098,"0.92,3.27,0.28,56.95,-7.63,-66.59"
2815,2026-07-27T12:59:17.672,113.022809,0.211100,0.5400,2.9300,0.1200,94.6000,-53.4700,19.9600,2.981761,110.483494,"0.54,2.93,0.12,94.60,-53.47,19.96"
2816,2026-07-27T12:59:17.851,113.201776,178.967300,0.7500,1.3600,-0.0700,59.6300,-164.3100,58.4100,1.554670,184.296612,"0.75,1.36,-0.07,59.63,-164.31,58.41"
2817,2026-07-27T12:59:17.851,113.201911,0.135200,1.1600,0.1800,0.1900,52.7300,-208.9800,110.7800,1.189159,242.333039,"1.16,0.18,0.19,52.73,-208.98,110.78"
2818,2026-07-27T12:59:17.852,113.202524,0.612300,1.2500,-0.2400,0.5400,76.7200,-163.1500,137.3900,1.382642,226.671333,"1.25,-0.24,0.54,76.72,-163.15,137.39"
2819,2026-07-27T12:59:17.852,113.203109,0.585700,0.5800,0.1000,0.5300,109.3100,-75.6800,106.1400,0.792023,170.123009,"0.58,0.10,0.53,109.31,-75.68,106.14"
2820,2026-07-27T12:59:17.853,113.203917,0.807100,0.5900,0.2900,0.2600,70.4300,-20.2600,79.6500,0.706965,108.235738,"0.59,0.29,0.26,70.43,-20.26,79.65"
2821,2026-07-27T12:59:17.971,113.322204,118.287000,0.8100,0.3400,0.1800,-43.1500,-25.2100,74.2200,0.896716,89.476673,"0.81,0.34,0.18,-43.15,-25.21,74.22"
2822,2026-07-27T12:59:17.972,113.322796,0.592300,0.9000,0.3500,0.2300,-126.2200,-60.4200,70.2500,0.992673,156.579460,"0.90,0.35,0.23,-126.22,-60.42,70.25"
2823,2026-07-27T12:59:18.031,113.381370,58.574400,0.7600,0.3500,0.2300,-128.3000,-63.1700,70.7400,0.867756,159.547756,"0.76,0.35,0.23,-128.30,-63.17,70.74"
2824,2026-07-27T12:59:18.031,113.382004,0.633700,0.6100,0.4000,0.2200,-73.1800,-25.8800,67.3200,0.761906,102.747599,"0.61,0.40,0.22,-73.18,-25.88,67.32"
2825,2026-07-27T12:59:18.093,113.443657,61.652900,0.6600,0.5300,0.2300,-16.8500,10.5000,45.7200,0.877154,49.844668,"0.66,0.53,0.23,-16.85,10.50,45.72"
2826,2026-07-27T12:59:18.150,113.501271,57.613700,0.8500,0.6600,0.2200,-17.2100,20.0800,13.8500,1.098408,29.853191,"0.85,0.66,0.22,-17.21,20.08,13.85"
2827,2026-07-27T12:59:18.151,113.501536,0.265100,1.0100,0.6900,0.1700,-89.2900,-12.1500,-14.0400,1.234949,91.200045,"1.01,0.69,0.17,-89.29,-12.15,-14.04"
2828,2026-07-27T12:59:18.211,113.561785,60.248900,1.0000,0.5800,0.0900,-191.9600,-65.1900,-27.8300,1.159526,204.628655,"1.00,0.58,0.09,-191.96,-65.19,-27.83"
2829,2026-07-27T12:59:18.271,113.622142,60.357500,0.9200,0.3600,-0.1500,-237.6700,-73.8500,-15.2600,0.999250,249.346584,"0.92,0.36,-0.15,-237.67,-73.85,-15.26"
2830,2026-07-27T12:59:18.272,113.622710,0.568000,0.9300,0.2700,-0.2800,-90.9400,-12.7600,27.5900,1.008067,95.885918,"0.93,0.27,-0.28,-90.94,-12.76,27.59"
2831,2026-07-27T12:59:18.512,113.862607,239.896900,0.8900,0.2900,-0.1000,106.9300,39.6700,50.4200,0.941382,124.699279,"0.89,0.29,-0.10,106.93,39.67,50.42"
2832,2026-07-27T12:59:18.512,113.863280,0.673400,0.8400,0.2700,0.0700,120.5400,13.7300,19.9000,0.885099,122.940695,"0.84,0.27,0.07,120.54,13.73,19.90"
2833,2026-07-27T12:59:18.513,113.863549,0.268600,0.9300,0.2600,0.1200,45.8400,-42.2400,-15.0100,0.973088,64.115702,"0.93,0.26,0.12,45.84,-42.24,-15.01"
2834,2026-07-27T12:59:18.513,113.863794,0.244500,1.0100,0.2500,0.0900,25.5100,-55.9700,-20.5700,1.044366,64.857736,"1.01,0.25,0.09,25.51,-55.97,-20.57"
2835,2026-07-27T12:59:18.571,113.922167,58.373200,1.0200,0.1800,0.0600,51.7600,-34.2400,8.5400,1.037497,62.645086,"1.02,0.18,0.06,51.76,-34.24,8.54"
2836,2026-07-27T12:59:18.572,113.922994,0.826900,1.0500,0.1100,0.0400,69.8900,-24.7200,77.9400,1.056504,107.565487,"1.05,0.11,0.04,69.89,-24.72,77.94"
2837,2026-07-27T12:59:18.573,113.923404,0.410600,1.0300,0.0100,0.0000,66.2200,-36.2500,147.2200,1.030049,165.447512,"1.03,0.01,0.00,66.22,-36.25,147.22"
2838,2026-07-27T12:59:18.573,113.923501,0.096800,0.9200,-0.1300,-0.0500,55.0500,-53.0400,189.9400,0.930484,204.746057,"0.92,-0.13,-0.05,55.05,-53.04,189.94"
2839,2026-07-27T12:59:18.631,113.981902,58.401000,0.8700,-0.2900,-0.1400,32.9600,-85.9400,227.6600,0.927685,245.562865,"0.87,-0.29,-0.14,32.96,-85.94,227.66"
2840,2026-07-27T12:59:18.751,114.101789,119.886800,0.8900,-0.4500,-0.2700,0.4900,-107.6700,231.3800,1.033199,255.205355,"0.89,-0.45,-0.27,0.49,-107.67,231.38"
2841,2026-07-27T12:59:18.752,114.102508,0.719000,0.9100,-0.5100,-0.3600,-16.5400,-56.0300,155.1500,1.103540,165.784363,"0.91,-0.51,-0.36,-16.54,-56.03,155.15"
2842,2026-07-27T12:59:18.752,114.103082,0.574500,0.8800,-0.4300,-0.3800,-7.8700,28.1400,56.3400,1.050571,63.466464,"0.88,-0.43,-0.38,-7.87,28.14,56.34"
2843,2026-07-27T12:59:18.811,114.161699,58.617200,0.8700,-0.3700,-0.3400,3.9100,55.2400,4.3300,1.004689,55.547229,"0.87,-0.37,-0.34,3.91,55.24,4.33"
2844,2026-07-27T12:59:19.291,114.642154,480.454100,0.8800,-0.4100,-0.2600,13.3700,17.9400,-12.3900,1.005037,25.575625,"0.88,-0.41,-0.26,13.37,17.94,-12.39"
2845,2026-07-27T12:59:19.292,114.642907,0.753700,0.8600,-0.4500,-0.2100,26.3700,-27.1600,-16.0500,0.993076,41.117454,"0.86,-0.45,-0.21,26.37,-27.16,-16.05"
2846,2026-07-27T12:59:19.293,114.643403,0.495300,0.8400,-0.4700,-0.2000,23.9900,-36.8000,-11.1700,0.983107,45.326913,"0.84,-0.47,-0.20,23.99,-36.80,-11.17"
2847,2026-07-27T12:59:19.293,114.644131,0.728500,0.8400,-0.4700,-0.2000,7.6300,-19.4700,-2.4400,0.983107,21.053537,"0.84,-0.47,-0.20,7.63,-19.47,-2.44"
2848,2026-07-27T12:59:19.294,114.645162,1.030800,0.8600,-0.4700,-0.2200,-6.0400,0.7300,2.7500,1.004440,6.676601,"0.86,-0.47,-0.22,-6.04,0.73,2.75"
2849,2026-07-27T12:59:19.295,114.645643,0.481200,0.8800,-0.4500,-0.2300,-11.9600,12.7000,5.0700,1.014791,18.166907,"0.88,-0.45,-0.23,-11.96,12.70,5.07"
2850,2026-07-27T12:59:19.296,114.646363,0.720100,0.8800,-0.4300,-0.2400,-10.9300,15.7500,6.2300,1.008415,20.157884,"0.88,-0.43,-0.24,-10.93,15.75,6.23"
2851,2026-07-27T12:59:19.296,114.646813,0.450200,0.8700,-0.4200,-0.2500,-8.4200,13.6700,5.6200,0.997898,17.010282,"0.87,-0.42,-0.25,-8.42,13.67,5.62"
2852,2026-07-27T12:59:19.297,114.647361,0.547700,0.8600,-0.4200,-0.2500,-7.3200,9.7000,3.4800,0.989192,12.640522,"0.86,-0.42,-0.25,-7.32,9.70,3.48"
2853,2026-07-27T12:59:19.297,114.647978,0.616700,0.8600,-0.4300,-0.2500,-4.8800,3.7200,0.9800,0.993479,6.213952,"0.86,-0.43,-0.25,-4.88,3.72,0.98"
2854,2026-07-27T12:59:19.298,114.648654,0.676200,0.8700,-0.4300,-0.2400,-2.6200,-2.9300,-0.7900,0.999700,4.009165,"0.87,-0.43,-0.24,-2.62,-2.93,-0.79"
2855,2026-07-27T12:59:19.298,114.649181,0.527000,0.8700,-0.4300,-0.2200,-1.1000,-7.1400,-2.0800,0.995088,7.517712,"0.87,-0.43,-0.22,-1.10,-7.14,-2.08"
2856,2026-07-27T12:59:19.300,114.650333,1.152200,0.8700,-0.4300,-0.2200,0.8500,-7.3900,-2.6900,0.995088,7.910164,"0.87,-0.43,-0.22,0.85,-7.39,-2.69"
2857,2026-07-27T12:59:19.651,115.001732,351.398500,0.8700,-0.4400,-0.2200,0.6700,-3.6000,-1.8300,0.999450,4.093629,"0.87,-0.44,-0.22,0.67,-3.60,-1.83"
2858,2026-07-27T12:59:19.652,115.002459,0.727200,0.8600,-0.4400,-0.2200,-2.2000,1.9500,0.3100,0.990757,2.956112,"0.86,-0.44,-0.22,-2.20,1.95,0.31"
2859,2026-07-27T12:59:19.652,115.002762,0.303000,0.8600,-0.4300,-0.2400,-5.1900,6.9600,3.0500,0.991010,9.202185,"0.86,-0.43,-0.24,-5.19,6.96,3.05"
2860,2026-07-27T12:59:19.652,115.003307,0.545500,0.8700,-0.4200,-0.2500,-7.6300,9.6400,4.6400,0.997898,13.140628,"0.87,-0.42,-0.25,-7.63,9.64,4.64"
2861,2026-07-27T12:59:19.653,115.003737,0.429300,0.8700,-0.4200,-0.2600,-8.6100,8.1200,3.6000,1.000450,12.370388,"0.87,-0.42,-0.26,-8.61,8.12,3.60"
2862,2026-07-27T12:59:19.654,115.005004,1.267300,0.8600,-0.4300,-0.2500,-5.1900,2.0100,0.3700,0.993479,5.577912,"0.86,-0.43,-0.25,-5.19,2.01,0.37"
2863,2026-07-27T12:59:19.655,115.005638,0.634500,0.8600,-0.4400,-0.2400,-1.1000,-3.1700,-2.5600,0.995389,4.220486,"0.86,-0.44,-0.24,-1.10,-3.17,-2.56"
2864,2026-07-27T12:59:19.656,115.006475,0.836300,0.8600,-0.4500,-0.2300,-1.5900,-2.9300,-2.6900,0.997497,4.283585,"0.86,-0.45,-0.23,-1.59,-2.93,-2.69"
2865,2026-07-27T12:59:19.656,115.006812,0.337200,0.8700,-0.4300,-0.2300,-3.9700,0.3100,-0.6700,0.997346,4.038056,"0.87,-0.43,-0.23,-3.97,0.31,-0.67"
2866,2026-07-27T12:59:19.711,115.061645,54.832600,0.8700,-0.4200,-0.2300,-5.8600,3.6000,1.5300,0.993076,7.045601,"0.87,-0.42,-0.23,-5.86,3.60,1.53"
2867,2026-07-27T12:59:20.011,115.361690,300.045000,0.8700,-0.4200,-0.2400,-5.1300,4.3300,1.7700,0.995440,6.942528,"0.87,-0.42,-0.24,-5.13,4.33,1.77"
2868,2026-07-27T12:59:20.011,115.362221,0.531900,0.8700,-0.4300,-0.2500,-1.4000,1.7700,-0.3100,1.002148,2.277938,"0.87,-0.43,-0.25,-1.40,1.77,-0.31"
2869,2026-07-27T12:59:20.012,115.362791,0.569200,0.8700,-0.4300,-0.2400,0.6100,-1.3400,-1.9500,0.999700,2.443399,"0.87,-0.43,-0.24,0.61,-1.34,-1.95"
2870,2026-07-27T12:59:20.013,115.363507,0.715900,0.8700,-0.4200,-0.2300,-0.9800,-2.1400,-1.5900,0.993076,2.840440,"0.87,-0.42,-0.23,-0.98,-2.14,-1.59"
2871,2026-07-27T12:59:20.013,115.364250,0.743400,0.8700,-0.4100,-0.2300,-3.3600,-0.4900,-0.4300,0.988888,3.422660,"0.87,-0.41,-0.23,-3.36,-0.49,-0.43"
2872,2026-07-27T12:59:20.014,115.365053,0.803000,0.8700,-0.4200,-0.2400,-0.8500,0.2400,-1.2800,0.995440,1.555153,"0.87,-0.42,-0.24,-0.85,0.24,-1.28"
2873,2026-07-27T12:59:20.015,115.365895,0.842000,0.8600,-0.4400,-0.2500,3.3000,-0.8500,-3.1700,0.997848,4.654181,"0.86,-0.44,-0.25,3.30,-0.85,-3.17"
2874,2026-07-27T12:59:20.016,115.366318,0.423300,0.8600,-0.4400,-0.2400,2.3200,-1.2800,-2.6900,0.995389,3.775831,"0.86,-0.44,-0.24,2.32,-1.28,-2.69"
2875,2026-07-27T12:59:20.131,115.482114,115.796000,0.8700,-0.4300,-0.2400,-1.1600,0.0600,-0.5500,0.999700,1.285185,"0.87,-0.43,-0.24,-1.16,0.06,-0.55"
2876,2026-07-27T12:59:20.132,115.482438,0.323700,0.8700,-0.4100,-0.2400,-4.0300,1.9500,0.9200,0.991262,4.570536,"0.87,-0.41,-0.24,-4.03,1.95,0.92"
2877,2026-07-27T12:59:20.191,115.541625,59.187500,0.8800,-0.4100,-0.2400,-4.6400,2.1400,0.6100,1.000050,5.145998,"0.88,-0.41,-0.24,-4.64,2.14,0.61"
2878,2026-07-27T12:59:20.192,115.542329,0.703800,0.8800,-0.4100,-0.2400,-1.4000,0.1800,-1.4000,1.000050,1.988064,"0.88,-0.41,-0.24,-1.40,0.18,-1.40"
2879,2026-07-27T12:59:20.371,115.721518,179.188900,0.8800,-0.4200,-0.2400,2.0800,-1.4600,-3.1700,1.004191,4.062868,"0.88,-0.42,-0.24,2.08,-1.46,-3.17"
2880,2026-07-27T12:59:20.371,115.722160,0.642200,0.8700,-0.4300,-0.2500,2.7500,-1.4600,-2.9300,1.002148,4.275395,"0.87,-0.43,-0.25,2.75,-1.46,-2.93"
2881,2026-07-27T12:59:20.372,115.722745,0.584900,0.8700,-0.4200,-0.2500,1.3400,-1.0400,-1.5900,0.997898,2.324930,"0.87,-0.42,-0.25,1.34,-1.04,-1.59"
2882,2026-07-27T12:59:20.372,115.722874,0.129100,0.8700,-0.4100,-0.2400,-1.6500,-0.5500,-0.4300,0.991262,1.791619,"0.87,-0.41,-0.24,-1.65,-0.55,-0.43"
2883,2026-07-27T12:59:20.611,115.962033,239.158800,0.8800,-0.4000,-0.2400,0.6700,-0.2400,-1.7100,0.995992,1.852188,"0.88,-0.40,-0.24,0.67,-0.24,-1.71"
2884,2026-07-27T12:59:20.612,115.962787,0.753600,0.8800,-0.4100,-0.2500,2.3200,-1.8900,-2.6900,1.002497,4.023754,"0.88,-0.41,-0.25,2.32,-1.89,-2.69"
2885,2026-07-27T12:59:20.613,115.963381,0.594500,0.8700,-0.4200,-0.2500,0.0000,-2.0100,-1.5900,0.997898,2.562850,"0.87,-0.42,-0.25,0.00,-2.01,-1.59"
2886,2026-07-27T12:59:20.613,115.963511,0.129800,0.8700,-0.4100,-0.2300,-2.9300,0.4300,0.1200,0.988888,2.963815,"0.87,-0.41,-0.23,-2.93,0.43,0.12"
2887,2026-07-27T12:59:20.613,115.964223,0.712000,0.8700,-0.4100,-0.2300,-2.9300,0.4300,0.1200,0.988888,2.963815,"0.87,-0.41,-0.23,-2.93,0.43,0.12"
2888,2026-07-27T12:59:20.614,115.964997,0.773900,0.8900,-0.4000,-0.2400,1.5300,0.6700,-2.3800,1.004838,2.907611,"0.89,-0.40,-0.24,1.53,0.67,-2.38"
2889,2026-07-27T12:59:20.615,115.965629,0.631800,0.8800,-0.4100,-0.2600,3.5400,-2.8700,-3.8500,1.005037,5.965819,"0.88,-0.41,-0.26,3.54,-2.87,-3.85"
2890,2026-07-27T12:59:20.731,116.081935,116.305900,0.8700,-0.4200,-0.2500,0.5500,-2.8100,-2.9300,0.997898,4.096767,"0.87,-0.42,-0.25,0.55,-2.81,-2.93"
2891,2026-07-27T12:59:20.732,116.082320,0.385800,0.8700,-0.4200,-0.2300,-2.2000,0.4300,-1.2200,0.993076,2.552117,"0.87,-0.42,-0.23,-2.20,0.43,-1.22"
2892,2026-07-27T12:59:20.851,116.201434,119.114000,0.8800,-0.4100,-0.2300,-3.1100,3.4800,0.2400,0.997697,4.673339,"0.88,-0.41,-0.23,-3.11,3.48,0.24"
2893,2026-07-27T12:59:20.851,116.201915,0.481000,0.8800,-0.4000,-0.2500,-2.2600,2.6900,0.0000,0.998449,3.513360,"0.88,-0.40,-0.25,-2.26,2.69,0.00"
2894,2026-07-27T12:59:20.851,116.202235,0.319600,0.8800,-0.4000,-0.2400,-0.3700,-1.4600,-1.7100,0.995992,2.278728,"0.88,-0.40,-0.24,-0.37,-1.46,-1.71"
2895,2026-07-27T12:59:20.971,116.321470,119.235100,0.8800,-0.4000,-0.2300,0.1200,-2.5000,-1.8300,0.993630,3.100532,"0.88,-0.40,-0.23,0.12,-2.50,-1.83"
2896,2026-07-27T12:59:20.971,116.322269,0.799000,0.8900,-0.3900,-0.2400,-0.0600,-0.1200,-0.9200,1.000900,0.929731,"0.89,-0.39,-0.24,-0.06,-0.12,-0.92"
2897,2026-07-27T12:59:20.972,116.323177,0.907500,0.8800,-0.3900,-0.2500,0.7300,0.1800,-0.9800,0.994485,1.235192,"0.88,-0.39,-0.25,0.73,0.18,-0.98"
2898,2026-07-27T12:59:21.091,116.441901,118.724000,0.8800,-0.4000,-0.2300,2.6900,-2.0800,-1.6500,0.993630,3.779550,"0.88,-0.40,-0.23,2.69,-2.08,-1.65"
2899,2026-07-27T12:59:21.092,116.442489,0.588600,0.9000,-0.3900,-0.2300,4.3900,-4.0300,-0.6700,1.007472,5.996824,"0.90,-0.39,-0.23,4.39,-4.03,-0.67"
2900,2026-07-27T12:59:21.092,116.442995,0.505600,0.9000,-0.3800,-0.2200,7.0200,-5.4900,1.8900,1.001399,9.110027,"0.90,-0.38,-0.22,7.02,-5.49,1.89"
2901,2026-07-27T12:59:21.272,116.622529,179.534600,0.8800,-0.3800,-0.2300,12.7000,-7.6300,0.5500,0.985748,14.825970,"0.88,-0.38,-0.23,12.70,-7.63,0.55"
2902,2026-07-27T12:59:21.272,116.623302,0.772400,0.8600,-0.4100,-0.2400,16.0500,-8.1200,-4.4600,0.982497,18.531824,"0.86,-0.41,-0.24,16.05,-8.12,-4.46"
2903,2026-07-27T12:59:21.273,116.623795,0.492800,0.8600,-0.4400,-0.2600,11.4700,-3.8500,-6.5300,1.000400,13.748611,"0.86,-0.44,-0.26,11.47,-3.85,-6.53"
2904,2026-07-27T12:59:21.274,116.624451,0.656000,0.8600,-0.4500,-0.2800,1.6500,1.5900,-3.3000,1.010198,4.017537,"0.86,-0.45,-0.28,1.65,1.59,-3.30"
2905,2026-07-27T12:59:21.274,116.624825,0.374200,0.8700,-0.4200,-0.2700,-2.9300,-2.2600,2.0100,1.003095,4.211009,"0.87,-0.42,-0.27,-2.93,-2.26,2.01"
2906,2026-07-27T12:59:21.331,116.681716,56.890700,0.8900,-0.3800,-0.2500,6.3500,-13.6700,2.0800,0.999500,15.215709,"0.89,-0.38,-0.25,6.35,-13.67,2.08"
2907,2026-07-27T12:59:21.630,116.980991,299.275000,0.9000,-0.3800,-0.2600,16.5400,-17.5200,-3.3000,1.010940,24.318964,"0.90,-0.38,-0.26,16.54,-17.52,-3.30"
2908,2026-07-27T12:59:21.631,116.982015,1.024300,0.8800,-0.3900,-0.2800,18.9800,-15.2000,-8.0000,1.002447,25.598445,"0.88,-0.39,-0.28,18.98,-15.20,-8.00"
2909,2026-07-27T12:59:21.632,116.982407,0.392100,0.8500,-0.4000,-0.2700,17.2700,-13.1800,-8.6100,0.977446,23.368727,"0.85,-0.40,-0.27,17.27,-13.18,-8.61"
2910,2026-07-27T12:59:21.632,116.983101,0.694200,0.8400,-0.4100,-0.2400,8.9700,-5.8000,-3.6600,0.965039,11.291435,"0.84,-0.41,-0.24,8.97,-5.80,-3.66"
2911,2026-07-27T12:59:21.633,116.983646,0.545100,0.8800,-0.4200,-0.2400,-0.9200,4.5200,6.2300,1.004191,7.751755,"0.88,-0.42,-0.24,-0.92,4.52,6.23"
2912,2026-07-27T12:59:21.633,116.984153,0.506900,0.9000,-0.4100,-0.2700,-1.7100,7.6900,12.1500,1.025183,14.480425,"0.90,-0.41,-0.27,-1.71,7.69,12.15"
2913,2026-07-27T12:59:21.635,116.985364,1.210600,0.8900,-0.3900,-0.2700,5.3100,1.7700,5.6200,1.008514,7.931797,"0.89,-0.39,-0.27,5.31,1.77,5.62"
2914,2026-07-27T12:59:21.635,116.985770,0.406300,0.8900,-0.3700,-0.2500,21.3000,-12.9400,-5.4900,0.995741,25.520065,"0.89,-0.37,-0.25,21.30,-12.94,-5.49"
2915,2026-07-27T12:59:21.752,117.102918,117.147900,0.8700,-0.3700,-0.2500,43.4000,-28.3800,-14.0400,0.977906,53.722491,"0.87,-0.37,-0.25,43.40,-28.38,-14.04"
2916,2026-07-27T12:59:21.752,117.103222,0.303600,0.8300,-0.4400,-0.2600,37.7800,-23.3200,-13.5500,0.974731,46.419320,"0.83,-0.44,-0.26,37.78,-23.32,-13.55"
2917,2026-07-27T12:59:21.753,117.103536,0.313900,0.7900,-0.5200,-0.2800,-12.5700,8.0600,11.9000,0.986357,19.093939,"0.79,-0.52,-0.28,-12.57,8.06,11.90"
2918,2026-07-27T12:59:21.871,117.221853,118.317800,0.7900,-0.5700,-0.3000,-84.4100,48.5200,64.3300,1.019313,116.694419,"0.79,-0.57,-0.30,-84.41,48.52,64.33"
2919,2026-07-27T12:59:21.872,117.222892,1.038600,0.8000,-0.6200,-0.2900,-132.0800,72.8100,116.2100,1.052853,190.397444,"0.80,-0.62,-0.29,-132.08,72.81,116.21"
2920,2026-07-27T12:59:21.873,117.223427,0.535200,0.8000,-0.5900,-0.2400,-101.8700,51.3300,117.3700,1.022595,163.670348,"0.80,-0.59,-0.24,-101.87,51.33,117.37"
2921,2026-07-27T12:59:21.931,117.281721,58.293600,0.8800,-0.4600,-0.2100,-0.1200,-19.5300,67.7500,1.014938,70.508849,"0.88,-0.46,-0.21,-0.12,-19.53,67.75"
2922,2026-07-27T12:59:21.991,117.341398,59.677200,0.9900,-0.3400,-0.2500,100.7700,-81.2400,13.7900,1.076197,130.171789,"0.99,-0.34,-0.25,100.77,-81.24,13.79"
2923,2026-07-27T12:59:21.991,117.341725,0.326800,1.0000,-0.2600,-0.2600,148.5000,-91.3700,-24.7200,1.065458,176.101690,"1.00,-0.26,-0.26,148.50,-91.37,-24.72"
2924,2026-07-27T12:59:22.113,117.463369,121.644700,0.9200,-0.2600,-0.1900,110.6000,-60.6700,-44.4900,0.974731,133.763108,"0.92,-0.26,-0.19,110.60,-60.67,-44.49"
2925,2026-07-27T12:59:22.113,117.463952,0.582900,0.8200,-0.4800,-0.1400,-8.6700,-2.4400,-47.5500,0.960417,48.395506,"0.82,-0.48,-0.14,-8.67,-2.44,-47.55"
2926,2026-07-27T12:59:22.113,117.464284,0.331700,0.7200,-0.8200,-0.2100,-110.4700,59.5100,-22.9500,1.111261,127.560823,"0.72,-0.82,-0.21,-110.47,59.51,-22.95"
2927,2026-07-27T12:59:22.231,117.581894,117.609700,0.5600,-0.9700,-0.3300,-113.3400,97.7800,21.1800,1.167647,151.180278,"0.56,-0.97,-0.33,-113.34,97.78,21.18"
2928,2026-07-27T12:59:22.232,117.582607,0.713600,0.5500,-0.8000,-0.4400,-31.4900,72.5100,37.5400,1.065880,87.513266,"0.55,-0.80,-0.44,-31.49,72.51,37.54"
2929,2026-07-27T12:59:22.232,117.583130,0.522600,0.7000,-0.5700,-0.4200,43.7600,-2.3800,17.1500,0.995640,47.060860,"0.70,-0.57,-0.42,43.76,-2.38,17.15"
2930,2026-07-27T12:59:22.411,117.761799,178.669400,0.8100,-0.5100,-0.2600,40.1000,-37.3500,-0.3700,0.991867,54.801181,"0.81,-0.51,-0.26,40.10,-37.35,-0.37"
2931,2026-07-27T12:59:22.412,117.762621,0.821700,0.8300,-0.5400,-0.1500,4.3900,-23.3200,-0.6700,1.001499,23.739069,"0.83,-0.54,-0.15,4.39,-23.32,-0.67"
2932,2026-07-27T12:59:22.412,117.763110,0.488700,0.8000,-0.5700,-0.1800,-5.4300,-8.4200,0.3700,0.998649,10.025877,"0.80,-0.57,-0.18,-5.43,-8.42,0.37"
2933,2026-07-27T12:59:22.413,117.763531,0.421600,0.7800,-0.5800,-0.2400,1.3400,-5.4900,-1.2200,1.001199,5.781358,"0.78,-0.58,-0.24,1.34,-5.49,-1.22"
2934,2026-07-27T12:59:22.471,117.822295,58.763400,0.7900,-0.5700,-0.2300,7.8700,-9.8900,-1.9500,1.000950,12.788726,"0.79,-0.57,-0.23,7.87,-9.89,-1.95"
2935,2026-07-27T12:59:22.472,117.822581,0.286400,0.7800,-0.5600,-0.2300,12.2700,-10.8600,0.3100,0.987370,16.388673,"0.78,-0.56,-0.23,12.27,-10.86,0.31"
2936,2026-07-27T12:59:22.651,118.002300,179.719400,0.7800,-0.5700,-0.2400,10.9300,-6.9000,5.1300,0.995440,13.906538,"0.78,-0.57,-0.24,10.93,-6.90,5.13"
2937,2026-07-27T12:59:22.771,118.121935,119.634500,0.8300,-0.5600,-0.2200,4.8800,-3.9700,10.7400,1.025134,12.446803,"0.83,-0.56,-0.22,4.88,-3.97,10.74"
2938,2026-07-27T12:59:22.772,118.122574,0.638600,0.8800,-0.5400,-0.2000,-1.3400,2.2000,13.7300,1.051665,13.969556,"0.88,-0.54,-0.20,-1.34,2.20,13.73"
2939,2026-07-27T12:59:22.772,118.123252,0.678500,0.8600,-0.5200,-0.1900,-11.2300,17.0900,13.3700,1.022790,24.432313,"0.86,-0.52,-0.19,-11.23,17.09,13.37"
2940,2026-07-27T12:59:22.773,118.123726,0.474100,0.8200,-0.5000,-0.2100,-31.8000,33.2000,13.0000,0.983107,47.775307,"0.82,-0.50,-0.21,-31.80,33.20,13.00"
2941,2026-07-27T12:59:22.773,118.124119,0.392800,0.7100,-0.5400,-0.2600,-67.2600,46.7500,10.3100,0.929139,82.557654,"0.71,-0.54,-0.26,-67.26,46.75,10.31"
2942,2026-07-27T12:59:22.774,118.124735,0.615900,0.5800,-0.6700,-0.3200,-91.6700,55.3000,-2.5000,0.942178,107.087482,"0.58,-0.67,-0.32,-91.67,55.30,-2.50"
2943,2026-07-27T12:59:22.774,118.125156,0.421300,0.5800,-0.7300,-0.3500,-66.7700,35.9500,-18.9200,0.995892,78.157545,"0.58,-0.73,-0.35,-66.77,35.95,-18.92"
2944,2026-07-27T12:59:22.891,118.241711,116.555000,0.7400,-0.6500,-0.3100,-9.4000,-3.6000,-22.9500,1.032570,25.060377,"0.74,-0.65,-0.31,-9.40,-3.60,-22.95"
2945,2026-07-27T12:59:22.892,118.242690,0.979100,0.8900,-0.5500,-0.2500,32.8400,-15.2000,-12.9400,1.075686,38.431097,"0.89,-0.55,-0.25,32.84,-15.20,-12.94"
2946,2026-07-27T12:59:23.012,118.362475,119.784800,0.9200,-0.5000,-0.1800,39.9800,10.3100,0.1200,1.062450,41.288145,"0.92,-0.50,-0.18,39.98,10.31,0.12"
2947,2026-07-27T12:59:23.012,118.363044,0.569300,0.9000,-0.5400,-0.1000,30.8200,39.8600,13.4900,1.054324,52.160062,"0.90,-0.54,-0.10,30.82,39.86,13.49"
2948,2026-07-27T12:59:23.013,118.363688,0.644000,0.8700,-0.6000,-0.0200,27.2200,78.9200,35.4600,1.057024,90.701193,"0.87,-0.60,-0.02,27.22,78.92,35.46"
2949,2026-07-27T12:59:23.071,118.421999,58.311000,0.7700,-0.5700,0.0100,23.4400,143.8000,52.9200,0.958071,155.010967,"0.77,-0.57,0.01,23.44,143.80,52.92"
2950,2026-07-27T12:59:23.072,118.422331,0.331200,0.7100,-0.5600,-0.0300,-8.0600,172.7300,33.6900,0.904765,176.169329,"0.71,-0.56,-0.03,-8.06,172.73,33.69"
2951,2026-07-27T12:59:23.131,118.481994,59.663200,0.7200,-0.6100,-0.0300,-58.2300,131.9000,-6.3500,0.944140,144.321396,"0.72,-0.61,-0.03,-58.23,131.90,-6.35"
2952,2026-07-27T12:59:23.251,118.602027,120.033400,0.7500,-0.6400,0.0100,-55.2400,9.5200,-16.3000,0.986002,58.376177,"0.75,-0.64,0.01,-55.24,9.52,-16.30"
2953,2026-07-27T12:59:23.252,118.602386,0.358800,0.8000,-0.6100,0.0500,-55.2400,9.5200,-16.3000,1.007274,58.376177,"0.80,-0.61,0.05,-55.24,9.52,-16.30"
2954,2026-07-27T12:59:23.252,118.602893,0.507300,0.8500,-0.5700,0.0800,-33.8700,-28.2000,-11.6000,1.026548,45.573862,"0.85,-0.57,0.08,-33.87,-28.20,-11.60"
2955,2026-07-27T12:59:23.312,118.662393,59.499900,0.9300,-0.5800,0.0900,-94.2400,-29.4800,-31.3700,1.099727,103.606587,"0.93,-0.58,0.09,-94.24,-29.48,-31.37"
2956,2026-07-27T12:59:23.312,118.663019,0.626000,0.8700,-0.5900,0.0600,-101.2000,11.0500,-20.2000,1.052901,103.786235,"0.87,-0.59,0.06,-101.20,11.05,-20.20"
2957,2026-07-27T12:59:23.431,118.781542,118.523200,0.6800,-0.5900,-0.0500,-89.6000,55.5400,-8.7900,0.901665,105.783343,"0.68,-0.59,-0.05,-89.60,55.54,-8.79"
2958,2026-07-27T12:59:23.431,118.781670,0.127200,0.6400,-0.6100,-0.2000,-71.5900,68.0500,9.0900,0.906477,99.189509,"0.64,-0.61,-0.20,-71.59,68.05,9.09"
2959,2026-07-27T12:59:23.432,118.782633,0.963000,0.7800,-0.6000,-0.2800,-29.6600,48.4000,42.0500,1.023132,70.643316,"0.78,-0.60,-0.28,-29.66,48.40,42.05"
2960,2026-07-27T12:59:23.551,118.902000,119.367000,0.9400,-0.5800,-0.2400,6.9000,48.5800,71.7800,1.130310,86.948231,"0.94,-0.58,-0.24,6.90,48.58,71.78"
2961,2026-07-27T12:59:23.552,118.902530,0.530900,0.9900,-0.5600,-0.0900,11.8400,101.2000,87.7100,1.140965,134.442068,"0.99,-0.56,-0.09,11.84,101.20,87.71"
2962,2026-07-27T12:59:23.552,118.902999,0.468100,0.8100,-0.5300,-0.0200,-4.2700,133.3000,64.5100,0.968194,148.150812,"0.81,-0.53,-0.02,-4.27,133.30,64.51"
2963,2026-07-27T12:59:23.670,119.021212,118.213800,0.6300,-0.6100,-0.0200,0.1800,93.6300,20.3900,0.877154,95.824639,"0.63,-0.61,-0.02,0.18,93.63,20.39"
2964,2026-07-27T12:59:23.671,119.021666,0.453400,0.6300,-0.7300,0.1000,31.8000,29.0500,-0.1800,0.969433,43.071741,"0.63,-0.73,0.10,31.80,29.05,-0.18"
2965,2026-07-27T12:59:23.671,119.022297,0.631200,0.6600,-0.7100,0.3100,40.8900,-16.0500,-6.1000,1.017743,44.348671,"0.66,-0.71,0.31,40.89,-16.05,-6.10"
2966,2026-07-27T12:59:23.911,119.261725,239.427600,0.7000,-0.6700,0.2200,12.8200,-37.1700,-9.3400,0.993630,40.412831,"0.70,-0.67,0.22,12.82,-37.17,-9.34"
2967,2026-07-27T12:59:23.911,119.262197,0.472300,0.7600,-0.6500,0.0800,-31.1300,-47.8500,-13.4900,1.003245,58.657306,"0.76,-0.65,0.08,-31.13,-47.85,-13.49"
2968,2026-07-27T12:59:23.912,119.262921,0.724600,0.7700,-0.6800,-0.0200,-54.6300,-44.3100,-12.3300,1.027473,71.413177,"0.77,-0.68,-0.02,-54.63,-44.31,-12.33"
2969,2026-07-27T12:59:23.913,119.263429,0.507400,0.7300,-0.6800,-0.0100,-37.4800,-28.7500,-1.4000,0.997697,47.257517,"0.73,-0.68,-0.01,-37.48,-28.75,-1.40"
2970,2026-07-27T12:59:23.913,119.264064,0.635100,0.7000,-0.6400,0.0500,-8.3600,-21.2400,7.2000,0.949789,23.934644,"0.70,-0.64,0.05,-8.36,-21.24,7.20"
2971,2026-07-27T12:59:23.914,119.264633,0.569100,0.6800,-0.6400,0.0700,-0.9800,-14.9500,2.0100,0.936429,15.116316,"0.68,-0.64,0.07,-0.98,-14.95,2.01"
2972,2026-07-27T12:59:24.031,119.381728,117.095300,0.7400,-0.7000,0.0200,-21.9100,6.1600,-5.1900,1.018823,23.343731,"0.74,-0.70,0.02,-21.91,6.16,-5.19"
2973,2026-07-27T12:59:24.032,119.382530,0.801300,0.7000,-0.7200,-0.0700,-30.8200,26.3100,14.1000,1.006628,42.905693,"0.70,-0.72,-0.07,-30.82,26.31,14.10"
2974,2026-07-27T12:59:24.032,119.383096,0.566600,0.5000,-0.7400,-0.0700,-33.2600,33.0800,72.4500,0.895824,86.310582,"0.50,-0.74,-0.07,-33.26,33.08,72.45"
2975,2026-07-27T12:59:24.151,119.502213,119.116500,0.4500,-0.8600,0.0400,-49.9300,6.9000,126.2800,0.971442,135.967839,"0.45,-0.86,0.04,-49.93,6.90,126.28"
2976,2026-07-27T12:59:24.152,119.503056,0.842800,0.5900,-0.9100,0.0400,-35.7700,-46.9400,113.5300,1.085265,127.952794,"0.59,-0.91,0.04,-35.77,-46.94,113.53"
2977,2026-07-27T12:59:24.153,119.503626,0.569900,0.7000,-0.8400,-0.1800,5.8600,-66.1000,46.3300,1.108152,80.932185,"0.70,-0.84,-0.18,5.86,-66.10,46.33"
2978,2026-07-27T12:59:24.392,119.742471,238.845500,0.6600,-0.7600,-0.2900,54.4400,-32.5300,-35.1000,1.047521,72.483960,"0.66,-0.76,-0.29,54.44,-32.53,-35.10"
2979,2026-07-27T12:59:24.392,119.742943,0.472500,0.6400,-0.7100,-0.1200,98.6300,-8.0000,-76.7800,0.963379,125.247935,"0.64,-0.71,-0.12,98.63,-8.00,-76.78"
2980,2026-07-27T12:59:24.392,119.743297,0.354000,0.6600,-0.7100,0.0400,91.8600,-23.6200,-35.0300,0.970206,101.110162,"0.66,-0.71,0.04,91.86,-23.62,-35.03"
2981,2026-07-27T12:59:24.393,119.743676,0.378800,0.5700,-0.8000,0.0500,41.5000,-35.1000,29.7200,0.983565,61.947868,"0.57,-0.80,0.05,41.50,-35.10,29.72"
2982,2026-07-27T12:59:24.394,119.744424,0.747400,0.4300,-1.0200,-0.0300,-36.3800,-2.1400,56.5800,1.107339,67.300672,"0.43,-1.02,-0.03,-36.38,-2.14,56.58"
2983,2026-07-27T12:59:24.394,119.744808,0.384800,0.5100,-1.0500,-0.0500,-158.5700,71.6600,50.4800,1.168375,181.184522,"0.51,-1.05,-0.05,-158.57,71.66,50.48"
2984,2026-07-27T12:59:24.451,119.801672,56.863100,0.6700,-0.7500,-0.0900,-233.2200,118.4100,36.1300,1.009703,264.041424,"0.67,-0.75,-0.09,-233.22,118.41,36.13"
2985,2026-07-27T12:59:24.511,119.861680,60.008400,0.6500,-0.6000,-0.2100,-177.5500,106.7500,5.8600,0.909175,207.253238,"0.65,-0.60,-0.21,-177.55,106.75,5.86"
2986,2026-07-27T12:59:24.511,119.861940,0.260100,0.5900,-0.7100,-0.2700,-61.0400,72.1400,-38.5100,0.961821,102.044506,"0.59,-0.71,-0.27,-61.04,72.14,-38.51"
2987,2026-07-27T12:59:24.690,120.041228,179.287700,0.6000,-0.7900,-0.2300,-2.4400,48.2800,-50.4200,1.018332,69.850472,"0.60,-0.79,-0.23,-2.44,48.28,-50.42"
2988,2026-07-27T12:59:24.691,120.041649,0.421000,0.6600,-0.7000,-0.1900,-38.0200,59.5100,-23.0700,0.980663,74.291220,"0.66,-0.70,-0.19,-38.02,59.51,-23.07"
2989,2026-07-27T12:59:24.692,120.042317,0.667800,0.6200,-0.6700,-0.2100,-84.7200,75.5000,5.8600,0.936696,113.631281,"0.62,-0.67,-0.21,-84.72,75.50,5.86"
2990,2026-07-27T12:59:24.693,120.043444,1.127700,0.5400,-0.7800,-0.2100,-70.1900,47.0600,3.9100,0.971648,84.596500,"0.54,-0.78,-0.21,-70.19,47.06,3.91"
2991,2026-07-27T12:59:24.754,120.105105,61.660900,0.5400,-0.8300,-0.1700,-41.0800,-2.5600,8.1200,1.004689,41.953002,"0.54,-0.83,-0.17,-41.08,-2.56,8.12"
2992,2026-07-27T12:59:24.755,120.106212,1.106400,0.5300,-0.8100,-0.1900,-30.4600,-27.7100,42.8500,0.986458,59.428766,"0.53,-0.81,-0.19,-30.46,-27.71,42.85"
2993,2026-07-27T12:59:24.811,120.162115,55.903600,0.5000,-0.8000,-0.2100,10.8000,-24.6000,54.5000,0.966488,60.762242,"0.50,-0.80,-0.21,10.80,-24.60,54.50"
