packet_number,timestamp,elapsed_seconds,interval_ms,Xg,Yg,Zg,Xdeg,Ydeg,Zdeg,acceleration_magnitude_g,gyroscope_magnitude_dps,raw_payload,worker,work_state,source_file
1,2026-07-27T13:19:57.261,0.086881,,0.06,-0.06,0.99,0.49,0.24,-0.67,0.9936297097007516,0.8640601830891179,"0.06,-0.06,0.99,0.49,0.24,-0.67",hong_jean,near_miss,(near miss) HJ motion_data.csv
2,2026-07-27T13:19:57.306,0.132174,45.2938,0.06,-0.06,1.0,0.73,-0.85,-0.49,1.0035935432235503,1.222906374175881,"0.06,-0.06,1.00,0.73,-0.85,-0.49",hong_jean,near_miss,(near miss) HJ motion_data.csv
3,2026-07-27T13:19:57.308,0.134598,2.4241,0.06,-0.06,1.01,0.06,-2.2,0.0,1.0135580891098448,2.20081802973349,"0.06,-0.06,1.01,0.06,-2.20,0.00",hong_jean,near_miss,(near miss) HJ motion_data.csv
4,2026-07-27T13:19:57.349,0.175622,41.023,0.06,-0.06,1.01,-0.98,-2.44,0.85,1.0135580891098448,2.7634217919094435,"0.06,-0.06,1.01,-0.98,-2.44,0.85",hong_jean,near_miss,(near miss) HJ motion_data.csv
5,2026-07-27T13:19:57.394,0.22048,44.8581,0.06,-0.05,1.01,-1.83,-2.01,1.77,1.013015300970326,3.243747832369218,"0.06,-0.05,1.01,-1.83,-2.01,1.77",hong_jean,near_miss,(near miss) HJ motion_data.csv
6,2026-07-27T13:19:57.424,0.250552,30.0726,0.06,-0.06,1.0,-2.26,-1.53,1.4,1.0035935432235503,3.0673278272789815,"0.06,-0.06,1.00,-2.26,-1.53,1.40",hong_jean,near_miss,(near miss) HJ motion_data.csv
7,2026-07-27T13:19:57.514,0.340538,89.9857,0.07,-0.06,1.0,-2.5,-3.11,-0.49,1.0042410069301093,4.020223874363217,"0.07,-0.06,1.00,-2.50,-3.11,-0.49",hong_jean,near_miss,(near miss) HJ motion_data.csv
8,2026-07-27T13:19:57.515,0.340961,0.4228,0.08,-0.07,1.01,-3.54,-7.51,-2.93,1.0155786527886455,8.80435119699345,"0.08,-0.07,1.01,-3.54,-7.51,-2.93",hong_jean,near_miss,(near miss) HJ motion_data.csv
9,2026-07-27T13:19:57.545,0.371175,30.214,0.08,-0.04,1.03,-3.91,-8.0,-5.0,1.0338762014864256,10.212154522920224,"0.08,-0.04,1.03,-3.91,-8.00,-5.00",hong_jean,near_miss,(near miss) HJ motion_data.csv
10,2026-07-27T13:19:57.604,0.430229,59.0546,0.06,0.08,1.27,3.42,9.28,-11.41,1.2739309243440164,15.099764898832033,"0.06,0.08,1.27,3.42,9.28,-11.41",hong_jean,near_miss,(near miss) HJ motion_data.csv
11,2026-07-27T13:19:57.634,0.460159,29.93,0.0,0.19,1.77,39.73,78.25,-40.95,1.780168531347524,96.84233526717539,"0.00,0.19,1.77,39.73,78.25,-40.95",hong_jean,near_miss,(near miss) HJ motion_data.csv
12,2026-07-27T13:19:57.710,0.535869,75.71,-0.05,0.09,1.86,91.98,199.58,-83.19,1.8628472830589202,234.97462182116607,"-0.05,0.09,1.86,91.98,199.58,-83.19",hong_jean,near_miss,(near miss) HJ motion_data.csv
13,2026-07-27T13:19:57.710,0.536201,0.3319,-0.1,-0.1,1.3,105.53,290.95,-91.25,1.307669683062202,322.66863172611,"-0.10,-0.10,1.30,105.53,290.95,-91.25",hong_jean,near_miss,(near miss) HJ motion_data.csv
14,2026-07-27T13:19:57.769,0.595427,59.2263,-0.18,-0.2,0.64,70.8,276.79,-61.1,0.6942621983083913,292.16186284318496,"-0.18,-0.20,0.64,70.80,276.79,-61.10",hong_jean,near_miss,(near miss) HJ motion_data.csv
15,2026-07-27T13:19:57.784,0.610308,14.8804,-0.29,-0.14,0.27,37.54,190.98,-20.02,0.42023802778901387,195.66147397993302,"-0.29,-0.14,0.27,37.54,190.98,-20.02",hong_jean,near_miss,(near miss) HJ motion_data.csv
16,2026-07-27T13:19:57.874,0.700383,90.0752,-0.44,-0.06,0.14,27.53,110.96,24.66,0.46561786907291264,116.95357241230384,"-0.44,-0.06,0.14,27.53,110.96,24.66",hong_jean,near_miss,(near miss) HJ motion_data.csv
17,2026-07-27T13:19:57.874,0.700742,0.359,-0.6,0.01,-0.19,10.62,52.92,75.62,0.6294441992742487,92.90691685768074,"-0.60,0.01,-0.19,10.62,52.92,75.62",hong_jean,near_miss,(near miss) HJ motion_data.csv
18,2026-07-27T13:19:57.905,0.730899,30.1572,-0.45,0.32,-1.07,-15.81,-2.14,92.65,1.204076409535541,94.01360646204357,"-0.45,0.32,-1.07,-15.81,-2.14,92.65",hong_jean,near_miss,(near miss) HJ motion_data.csv
19,2026-07-27T13:19:57.979,0.805206,74.3072,0.25,0.65,-1.23,-1.46,-128.66,39.61,1.4134709052541548,134.62718633322172,"0.25,0.65,-1.23,-1.46,-128.66,39.61",hong_jean,near_miss,(near miss) HJ motion_data.csv
20,2026-07-27T13:19:58.024,0.850299,45.0923,1.18,0.36,0.66,-7.93,-371.03,-42.3,1.3991425945914162,373.5176512562693,"1.18,0.36,0.66,-7.93,-371.03,-42.30",hong_jean,near_miss,(near miss) HJ motion_data.csv
21,2026-07-27T13:19:58.024,0.85064,0.341,1.65,-0.47,3.19,-105.59,-520.63,-110.35,3.6220850348935762,542.5697812263414,"1.65,-0.47,3.19,-105.59,-520.63,-110.35",hong_jean,near_miss,(near miss) HJ motion_data.csv
22,2026-07-27T13:19:58.069,0.895472,44.8324,1.41,-0.75,4.0,-121.52,-285.52,-84.11,4.307040747427402,321.5015908203255,"1.41,-0.75,4.00,-121.52,-285.52,-84.11",hong_jean,near_miss,(near miss) HJ motion_data.csv
23,2026-07-27T13:19:58.129,0.955141,59.6686,0.88,0.17,2.48,-31.68,211.98,46.39,2.636986916918626,219.29700157548893,"0.88,0.17,2.48,-31.68,211.98,46.39",hong_jean,near_miss,(near miss) HJ motion_data.csv
24,2026-07-27T13:19:58.144,0.970354,15.2132,0.35,1.11,-0.49,41.14,584.23,92.35,1.2628143173087643,592.9129067578139,"0.35,1.11,-0.49,41.14,584.23,92.35",hong_jean,near_miss,(near miss) HJ motion_data.csv
25,2026-07-27T13:19:58.189,1.015545,45.1908,0.09,0.55,-2.82,134.64,586.85,-37.6,2.874543442009531,603.2699330316406,"0.09,0.55,-2.82,134.64,586.85,-37.60",hong_jean,near_miss,(near miss) HJ motion_data.csv
26,2026-07-27T13:19:58.234,1.060118,44.5732,0.37,-0.57,-2.66,247.86,212.4,-147.52,2.745432570652574,358.20453654302037,"0.37,-0.57,-2.66,247.86,212.40,-147.52",hong_jean,near_miss,(near miss) HJ motion_data.csv
27,2026-07-27T13:19:58.324,1.150276,90.1583,1.18,-0.96,-0.7,262.7,-260.25,-80.14,1.6745148551147582,378.3698879403592,"1.18,-0.96,-0.70,262.70,-260.25,-80.14",hong_jean,near_miss,(near miss) HJ motion_data.csv
28,2026-07-27T13:19:58.325,1.151101,0.8251,2.15,-0.72,1.79,78.19,-580.32,97.29,2.8887713651308577,593.5910398582513,"2.15,-0.72,1.79,78.19,-580.32,97.29",hong_jean,near_miss,(near miss) HJ motion_data.csv
29,2026-07-27T13:19:58.504,1.329967,178.8655,2.32,0.01,3.78,-175.42,-627.93,239.62,4.435188834762281,694.6121260818875,"2.32,0.01,3.78,-175.42,-627.93,239.62",hong_jean,near_miss,(near miss) HJ motion_data.csv
30,2026-07-27T13:19:58.505,1.330747,0.7803,1.65,0.86,3.73,-177.98,-210.51,232.97,4.168333000133266,360.92431533494664,"1.65,0.86,3.73,-177.98,-210.51,232.97",hong_jean,near_miss,(near miss) HJ motion_data.csv
31,2026-07-27T13:19:58.505,1.330806,0.059,1.13,1.44,1.2,64.51,469.24,62.32,2.1887210877587853,477.73580575460323,"1.13,1.44,1.20,64.51,469.24,62.32",hong_jean,near_miss,(near miss) HJ motion_data.csv
32,2026-07-27T13:19:58.505,1.331634,0.8274,1.23,0.47,-1.29,329.96,823.61,-252.56,1.8433393610510247,922.4931367224365,"1.23,0.47,-1.29,329.96,823.61,-252.56",hong_jean,near_miss,(near miss) HJ motion_data.csv
33,2026-07-27T13:19:58.506,1.332411,0.7777,1.59,-1.84,-1.34,526.79,642.94,-491.46,2.776562623100729,965.6150782273442,"1.59,-1.84,-1.34,526.79,642.94,-491.46",hong_jean,near_miss,(near miss) HJ motion_data.csv
34,2026-07-27T13:19:58.624,1.450448,118.0366,1.72,-2.7,-0.32,464.72,201.23,-303.16,3.2172659200010183,590.2238362689193,"1.72,-2.70,-0.32,464.72,201.23,-303.16",hong_jean,near_miss,(near miss) HJ motion_data.csv
35,2026-07-27T13:19:58.624,1.450641,0.1932,2.11,-1.39,0.11,110.17,-193.79,250.43,2.52909074570289,335.27179705427056,"2.11,-1.39,0.11,110.17,-193.79,250.43",hong_jean,near_miss,(near miss) HJ motion_data.csv
36,2026-07-27T13:19:58.625,1.451571,0.9295,2.82,0.63,1.23,-349.61,-590.76,715.15,3.1404139854484154,991.2941300138925,"2.82,0.63,1.23,-349.61,-590.76,715.15",hong_jean,near_miss,(near miss) HJ motion_data.csv
37,2026-07-27T13:19:58.744,1.569951,118.3802,2.88,1.72,3.17,-538.76,-768.98,662.23,4.615376474351794,1148.97395571005,"2.88,1.72,3.17,-538.76,-768.98,662.23",hong_jean,near_miss,(near miss) HJ motion_data.csv
38,2026-07-27T13:19:58.744,1.570196,0.2456,2.28,1.43,3.26,229.49,553.59,-271.42,4.227398727349953,657.8726051447956,"2.28,1.43,3.26,229.49,553.59,-271.42",hong_jean,near_miss,(near miss) HJ motion_data.csv
39,2026-07-27T13:19:58.745,1.571286,1.0894,1.7,0.76,1.13,342.16,812.74,-510.8,2.178187319768435,1019.0860676115634,"1.70,0.76,1.13,342.16,812.74,-510.80",hong_jean,near_miss,(near miss) HJ motion_data.csv
40,2026-07-27T13:19:58.804,1.630635,59.3492,1.43,0.0,-0.81,351.2,574.77,-573.49,1.643471934655411,884.6427374935037,"1.43,0.00,-0.81,351.20,574.77,-573.49",hong_jean,near_miss,(near miss) HJ motion_data.csv
41,2026-07-27T13:19:58.924,1.750299,119.664,1.4,-1.3,-0.82,313.42,199.89,-381.59,2.0790382391865716,532.7279198615369,"1.40,-1.30,-0.82,313.42,199.89,-381.59",hong_jean,near_miss,(near miss) HJ motion_data.csv
42,2026-07-27T13:19:58.924,1.750617,0.3178,1.26,-2.37,0.24,84.35,-62.32,101.93,2.694828380435385,146.24783690708043,"1.26,-2.37,0.24,84.35,-62.32,101.93",hong_jean,near_miss,(near miss) HJ motion_data.csv
43,2026-07-27T13:19:58.925,1.751341,0.7246,1.22,-1.85,0.6,-259.52,-245.67,648.19,2.295844071360248,740.172044459935,"1.22,-1.85,0.60,-259.52,-245.67,648.19",hong_jean,near_miss,(near miss) HJ motion_data.csv
44,2026-07-27T13:19:58.984,1.81074,59.3991,1.74,-0.08,0.77,-593.99,-462.77,886.05,1.904442175546425,1162.783210878107,"1.74,-0.08,0.77,-593.99,-462.77,886.05",hong_jean,near_miss,(near miss) HJ motion_data.csv
45,2026-07-27T13:19:58.986,1.811753,1.0126,1.68,1.63,2.17,-578.86,-448.55,623.66,3.1918959882803195,961.8876221783914,"1.68,1.63,2.17,-578.86,-448.55,623.66",hong_jean,near_miss,(near miss) HJ motion_data.csv
46,2026-07-27T13:19:59.106,1.932185,120.4316,0.72,1.82,3.26,-118.1,-80.08,155.27,3.8024202818731125,210.87719008939777,"0.72,1.82,3.26,-118.10,-80.08,155.27",hong_jean,near_miss,(near miss) HJ motion_data.csv
47,2026-07-27T13:19:59.107,1.933118,0.9336,-0.13,0.0,1.18,184.88,220.15,-94.73,1.1871394189394942,302.6886350691086,"-0.13,0.00,1.18,184.88,220.15,-94.73",hong_jean,near_miss,(near miss) HJ motion_data.csv
48,2026-07-27T13:19:59.107,1.93345,0.3313,-0.17,0.18,0.94,95.89,236.69,-98.39,0.97205966895042,273.674332556051,"-0.17,0.18,0.94,95.89,236.69,-98.39",hong_jean,near_miss,(near miss) HJ motion_data.csv
49,2026-07-27T13:19:59.164,1.990293,56.8433,-0.17,0.43,1.07,-42.36,166.81,-63.96,1.1656328753085168,183.60508516922945,"-0.17,0.43,1.07,-42.36,166.81,-63.96",hong_jean,near_miss,(near miss) HJ motion_data.csv
50,2026-07-27T13:19:59.224,2.050502,60.2087,-0.12,0.31,0.79,-46.14,151.55,-97.17,0.8570880934886449,185.84485734074,"-0.12,0.31,0.79,-46.14,151.55,-97.17",hong_jean,near_miss,(near miss) HJ motion_data.csv
51,2026-07-27T13:19:59.225,2.05116,0.6588,-0.05,-0.07,0.29,14.53,155.4,-156.98,0.30248966924508347,221.36621535365327,"-0.05,-0.07,0.29,14.53,155.40,-156.98",hong_jean,near_miss,(near miss) HJ motion_data.csv
52,2026-07-27T13:19:59.285,2.11167,60.5091,-0.03,-0.44,-0.0,62.38,121.58,-163.33,0.4410215414239989,212.95457191617186,"-0.03,-0.44,-0.00,62.38,121.58,-163.33",hong_jean,near_miss,(near miss) HJ motion_data.csv
53,2026-07-27T13:19:59.344,2.170618,58.9485,-0.08,-0.57,0.07,69.76,40.47,-89.72,0.5798275605729689,120.63978158136727,"-0.08,-0.57,0.07,69.76,40.47,-89.72",hong_jean,near_miss,(near miss) HJ motion_data.csv
54,2026-07-27T13:19:59.345,2.170989,0.3708,-0.16,-0.36,0.39,15.69,-66.65,18.74,0.5543464620614079,70.99004296378472,"-0.16,-0.36,0.39,15.69,-66.65,18.74",hong_jean,near_miss,(near miss) HJ motion_data.csv
55,2026-07-27T13:19:59.585,2.411508,240.5196,-0.26,0.04,0.92,-81.3,-164.92,103.64,0.956869897112455,211.06763371014515,"-0.26,0.04,0.92,-81.30,-164.92,103.64",hong_jean,near_miss,(near miss) HJ motion_data.csv
56,2026-07-27T13:19:59.588,2.413963,2.455,-0.37,0.36,1.48,-138.06,-199.77,125.12,1.5674501586972391,273.1732616856928,"-0.37,0.36,1.48,-138.06,-199.77,125.12",hong_jean,near_miss,(near miss) HJ motion_data.csv
57,2026-07-27T13:19:59.588,2.41406,0.0969,-0.4,0.37,1.64,-90.33,-133.0,85.94,1.728149299105838,182.30247529860915,"-0.40,0.37,1.64,-90.33,-133.00,85.94",hong_jean,near_miss,(near miss) HJ motion_data.csv
58,2026-07-27T13:19:59.588,2.414104,0.0438,-0.32,0.16,1.42,10.38,-18.86,25.57,1.4643770006388384,33.42557254558252,"-0.32,0.16,1.42,10.38,-18.86,25.57",hong_jean,near_miss,(near miss) HJ motion_data.csv
59,2026-07-27T13:19:59.588,2.414661,0.5574,-0.24,-0.04,1.23,65.37,56.7,-20.2,1.2538341198101126,88.86037868476592,"-0.24,-0.04,1.23,65.37,56.70,-20.20",hong_jean,near_miss,(near miss) HJ motion_data.csv
60,2026-07-27T13:19:59.589,2.415329,0.6672,-0.23,-0.11,1.14,62.81,89.42,-39.31,1.1681609478149833,116.13056703555702,"-0.23,-0.11,1.14,62.81,89.42,-39.31",hong_jean,near_miss,(near miss) HJ motion_data.csv
61,2026-07-27T13:19:59.886,2.712464,297.1356,-0.26,-0.14,0.88,57.31,118.04,-39.49,0.9282241108697834,137.030426548267,"-0.26,-0.14,0.88,57.31,118.04,-39.49",hong_jean,near_miss,(near miss) HJ motion_data.csv
62,2026-07-27T13:19:59.887,2.713431,0.9667,-0.32,-0.2,0.37,66.83,138.24,-32.71,0.5284884104689525,156.99200807684448,"-0.32,-0.20,0.37,66.83,138.24,-32.71",hong_jean,near_miss,(near miss) HJ motion_data.csv
63,2026-07-27T13:19:59.887,2.713519,0.0878,-0.35,-0.26,-0.17,69.34,108.7,-19.17,0.4679743582719036,130.3503528955714,"-0.35,-0.26,-0.17,69.34,108.70,-19.17",hong_jean,near_miss,(near miss) HJ motion_data.csv
64,2026-07-27T13:19:59.888,2.714142,0.6228,-0.28,-0.18,-0.29,51.51,3.36,13.79,0.44147480109288234,53.429708964208295,"-0.28,-0.18,-0.29,51.51,3.36,13.79",hong_jean,near_miss,(near miss) HJ motion_data.csv
65,2026-07-27T13:19:59.888,2.714204,0.0624,-0.12,0.13,0.46,-8.12,-159.0,65.8,0.4928488612140643,172.26890143029297,"-0.12,0.13,0.46,-8.12,-159.00,65.80",hong_jean,near_miss,(near miss) HJ motion_data.csv
66,2026-07-27T13:19:59.889,2.714836,0.6319,-0.09,0.47,2.13,-99.3,-274.9,85.27,2.1830941344797754,304.4691657623149,"-0.09,0.47,2.13,-99.30,-274.90,85.27",hong_jean,near_miss,(near miss) HJ motion_data.csv
67,2026-07-27T13:19:59.890,2.715853,1.0172,-0.19,0.48,3.38,-93.2,-186.83,41.63,3.419195811883256,212.89609155642103,"-0.19,0.48,3.38,-93.20,-186.83,41.63",hong_jean,near_miss,(near miss) HJ motion_data.csv
68,2026-07-27T13:19:59.945,2.770759,54.9057,-0.25,0.33,2.84,47.36,77.94,-5.62,2.8700174215499112,91.37394376954515,"-0.25,0.33,2.84,47.36,77.94,-5.62",hong_jean,near_miss,(near miss) HJ motion_data.csv
69,2026-07-27T13:19:59.945,2.771394,0.6355,-0.31,0.35,1.23,145.39,290.28,-29.05,1.3158647346897019,325.95188755397623,"-0.31,0.35,1.23,145.39,290.28,-29.05",hong_jean,near_miss,(near miss) HJ motion_data.csv
70,2026-07-27T13:20:00.064,2.890543,119.1492,-0.35,0.45,-0.11,121.7,331.54,-48.1,0.5806031346797914,356.43129997237895,"-0.35,0.45,-0.11,121.70,331.54,-48.10",hong_jean,near_miss,(near miss) HJ motion_data.csv
71,2026-07-27T13:20:00.066,2.892398,1.8549,-0.24,0.32,-0.77,86.79,258.3,-46.02,0.8676981041814025,276.3498407815717,"-0.24,0.32,-0.77,86.79,258.30,-46.02",hong_jean,near_miss,(near miss) HJ motion_data.csv
72,2026-07-27T13:20:00.067,2.893067,0.6683,-0.02,0.02,-0.87,115.97,152.65,-9.7,0.8704596486914256,191.95091403793833,"-0.02,0.02,-0.87,115.97,152.65,-9.70",hong_jean,near_miss,(near miss) HJ motion_data.csv
73,2026-07-27T13:20:00.185,3.011729,118.6627,0.27,-0.16,-0.66,175.6,55.05,62.13,0.7308214556237386,194.23181871155919,"0.27,-0.16,-0.66,175.60,55.05,62.13",hong_jean,near_miss,(near miss) HJ motion_data.csv
74,2026-07-27T13:20:00.186,3.012415,0.6859,0.52,0.3,-0.19,188.48,-49.87,192.75,0.6296824596572467,274.16106543417135,"0.52,0.30,-0.19,188.48,-49.87,192.75",hong_jean,near_miss,(near miss) HJ motion_data.csv
75,2026-07-27T13:20:00.187,3.013371,0.9558,0.17,1.77,1.26,100.34,-180.85,349.18,2.1793118179829154,405.83433873934325,"0.17,1.77,1.26,100.34,-180.85,349.18",hong_jean,near_miss,(near miss) HJ motion_data.csv
76,2026-07-27T13:20:00.365,3.191294,177.9228,-0.67,3.21,2.78,5.62,-223.14,381.53,4.298999883693881,442.0273576375109,"-0.67,3.21,2.78,5.62,-223.14,381.53",hong_jean,near_miss,(near miss) HJ motion_data.csv
77,2026-07-27T13:20:00.366,3.19196,0.6666,-1.1,3.28,2.76,12.63,-90.45,201.29,4.425607302958544,221.03932568662978,"-1.10,3.28,2.76,12.63,-90.45,201.29",hong_jean,near_miss,(near miss) HJ motion_data.csv
78,2026-07-27T13:20:00.366,3.192464,0.504,-0.73,2.2,1.52,70.13,98.94,-90.09,2.771876620630868,151.07464578810038,"-0.73,2.20,1.52,70.13,98.94,-90.09",hong_jean,near_miss,(near miss) HJ motion_data.csv
79,2026-07-27T13:20:00.367,3.193412,0.9472,0.08,0.94,0.16,108.64,204.35,-320.8,0.9568698971124548,395.56821421848343,"0.08,0.94,0.16,108.64,204.35,-320.80",hong_jean,near_miss,(near miss) HJ motion_data.csv
80,2026-07-27T13:20:00.424,3.250382,56.9703,0.74,0.07,-0.47,104.31,188.35,-408.39,0.879431634636826,461.66946043679343,"0.74,0.07,-0.47,104.31,188.35,-408.39",hong_jean,near_miss,(near miss) HJ motion_data.csv
81,2026-07-27T13:20:00.427,3.253079,2.6966,0.99,-0.4,-0.38,77.15,108.22,-374.27,1.1333578428722324,397.1671232617322,"0.99,-0.40,-0.38,77.15,108.22,-374.27",hong_jean,near_miss,(near miss) HJ motion_data.csv
82,2026-07-27T13:20:00.486,3.312094,59.015,0.87,-0.67,-0.05,58.35,36.74,-260.25,1.0992270011239715,269.2296651559779,"0.87,-0.67,-0.05,58.35,36.74,-260.25",hong_jean,near_miss,(near miss) HJ motion_data.csv
83,2026-07-27T13:20:00.604,3.430732,118.6386,0.61,-0.82,0.1,31.07,-4.88,-83.37,1.026888504171704,89.10508515230767,"0.61,-0.82,0.10,31.07,-4.88,-83.37",hong_jean,near_miss,(near miss) HJ motion_data.csv
84,2026-07-27T13:20:00.605,3.431115,0.3828,0.43,-0.53,0.03,-36.62,-49.5,164.49,0.6831544481301428,175.63665477342707,"0.43,-0.53,0.03,-36.62,-49.50,164.49",hong_jean,near_miss,(near miss) HJ motion_data.csv
85,2026-07-27T13:20:00.605,3.431498,0.3833,0.11,0.82,0.38,-154.79,-153.02,437.93,0.910439454329611,489.0375746300073,"0.11,0.82,0.38,-154.79,-153.02,437.93",hong_jean,near_miss,(near miss) HJ motion_data.csv
86,2026-07-27T13:20:00.785,3.61113,179.6313,-0.58,2.32,1.44,-269.04,-280.09,536.74,2.7914870588988943,662.5124582224851,"-0.58,2.32,1.44,-269.04,-280.09,536.74",hong_jean,near_miss,(near miss) HJ motion_data.csv
87,2026-07-27T13:20:00.786,3.612642,1.5121,-0.94,2.39,1.96,-227.23,-265.14,345.09,3.2306810427524413,490.93767486311333,"-0.94,2.39,1.96,-227.23,-265.14,345.09",hong_jean,near_miss,(near miss) HJ motion_data.csv
88,2026-07-27T13:20:00.787,3.612955,0.3136,-0.62,1.33,1.33,-55.42,-95.34,60.49,1.9804544932918808,125.77810660047321,"-0.62,1.33,1.33,-55.42,-95.34,60.49",hong_jean,near_miss,(near miss) HJ motion_data.csv
89,2026-07-27T13:20:00.787,3.613292,0.3366,-0.09,0.41,0.47,11.05,16.72,-88.99,0.6301587101675259,91.21886318081364,"-0.09,0.41,0.47,11.05,16.72,-88.99",hong_jean,near_miss,(near miss) HJ motion_data.csv
90,2026-07-27T13:20:00.787,3.613711,0.4191,0.3,0.1,0.17,-45.72,-19.41,-73.73,0.35902646142032485,88.89982789634635,"0.30,0.10,0.17,-45.72,-19.41,-73.73",hong_jean,near_miss,(near miss) HJ motion_data.csv
91,2026-07-27T13:20:00.845,3.670822,57.1113,0.52,0.35,0.42,-88.07,-85.02,22.83,0.7545197147855052,124.52282601997112,"0.52,0.35,0.42,-88.07,-85.02,22.83",hong_jean,near_miss,(near miss) HJ motion_data.csv
92,2026-07-27T13:20:00.964,3.790646,119.8237,0.57,0.61,0.7,-66.04,-72.33,145.39,1.0894952959971878,175.30305930017306,"0.57,0.61,0.70,-66.04,-72.33,145.39",hong_jean,near_miss,(near miss) HJ motion_data.csv
93,2026-07-27T13:20:00.965,3.791226,0.5802,0.22,0.63,0.86,29.11,75.5,227.84,1.0885311203635841,241.78235605601992,"0.22,0.63,0.86,29.11,75.50,227.84",hong_jean,near_miss,(near miss) HJ motion_data.csv
94,2026-07-27T13:20:00.966,3.791789,0.5632,-0.09,0.63,0.68,101.5,188.72,176.39,0.9313431161500042,277.5444477917006,"-0.09,0.63,0.68,101.50,188.72,176.39",hong_jean,near_miss,(near miss) HJ motion_data.csv
95,2026-07-27T13:20:01.025,3.85124,59.4511,-0.11,0.65,0.37,86.43,137.7,81.85,0.7559761901012492,182.01883803606702,"-0.11,0.65,0.37,86.43,137.70,81.85",hong_jean,near_miss,(near miss) HJ motion_data.csv
96,2026-07-27T13:20:01.026,3.851796,0.5556,-0.21,0.68,0.27,56.03,86.98,22.28,0.7611832893594026,105.83609828409209,"-0.21,0.68,0.27,56.03,86.98,22.28",hong_jean,near_miss,(near miss) HJ motion_data.csv
97,2026-07-27T13:20:01.085,3.911607,59.8113,-0.33,0.76,0.12,37.35,129.33,-77.33,0.8371977066380437,155.24561282045943,"-0.33,0.76,0.12,37.35,129.33,-77.33",hong_jean,near_miss,(near miss) HJ motion_data.csv
98,2026-07-27T13:20:01.145,3.970813,59.2059,-0.39,1.0,0.12,7.75,253.48,-206.42,1.0800462953040484,326.9883626369599,"-0.39,1.00,0.12,7.75,253.48,-206.42",hong_jean,near_miss,(near miss) HJ motion_data.csv
99,2026-07-27T13:20:01.145,3.971158,0.3451,-0.48,1.19,0.49,-47.97,374.45,-272.52,1.3735355838128112,465.5975448818432,"-0.48,1.19,0.49,-47.97,374.45,-272.52",hong_jean,near_miss,(near miss) HJ motion_data.csv
100,2026-07-27T13:20:01.204,4.030712,59.554,-0.59,1.06,0.96,-101.81,371.7,-215.64,1.547029411485121,441.61835978591284,"-0.59,1.06,0.96,-101.81,371.70,-215.64",hong_jean,near_miss,(near miss) HJ motion_data.csv
101,2026-07-27T13:20:01.265,4.09087,60.1573,-0.76,0.54,0.92,-54.57,222.17,-77.64,1.3098091464026353,241.58924520764575,"-0.76,0.54,0.92,-54.57,222.17,-77.64",hong_jean,near_miss,(near miss) HJ motion_data.csv
102,2026-07-27T13:20:01.265,4.091389,0.5194,-0.97,-0.02,0.48,97.23,58.04,15.69,1.082450922675019,114.31749909790715,"-0.97,-0.02,0.48,97.23,58.04,15.69",hong_jean,near_miss,(near miss) HJ motion_data.csv
103,2026-07-27T13:20:01.324,4.150733,59.3437,-0.82,0.03,0.08,243.35,-11.35,9.58,0.8244392033376384,243.80283304342467,"-0.82,0.03,0.08,243.35,-11.35,9.58",hong_jean,near_miss,(near miss) HJ motion_data.csv
104,2026-07-27T13:20:01.505,4.33093,180.1976,-0.56,0.54,0.08,294.49,-18.55,-10.56,0.7820485918406861,295.2625546865027,"-0.56,0.54,0.08,294.49,-18.55,-10.56",hong_jean,near_miss,(near miss) HJ motion_data.csv
105,2026-07-27T13:20:01.505,4.331466,0.5354,-0.52,1.07,0.45,294.74,-48.83,31.49,1.2719276708995682,300.4124774372729,"-0.52,1.07,0.45,294.74,-48.83,31.49",hong_jean,near_miss,(near miss) HJ motion_data.csv
106,2026-07-27T13:20:01.506,4.332093,0.6277,-0.68,1.41,0.75,322.94,-125.37,134.95,1.7357995275952807,371.7786747515247,"-0.68,1.41,0.75,322.94,-125.37,134.95",hong_jean,near_miss,(near miss) HJ motion_data.csv
107,2026-07-27T13:20:01.507,4.332752,0.6587,-1.03,1.25,0.64,315.37,-176.33,238.53,1.7415510328439991,432.95157546774215,"-1.03,1.25,0.64,315.37,-176.33,238.53",hong_jean,near_miss,(near miss) HJ motion_data.csv
108,2026-07-27T13:20:01.507,4.333053,0.301,-1.15,0.98,0.24,233.03,-128.3,249.88,1.529869275461142,364.97107460728995,"-1.15,0.98,0.24,233.03,-128.30,249.88",hong_jean,near_miss,(near miss) HJ motion_data.csv
109,2026-07-27T13:20:01.805,4.63105,297.9964,-0.9,0.96,-0.03,170.65,-23.01,217.9,1.3162446581088183,277.72521059493323,"-0.90,0.96,-0.03,170.65,-23.01,217.90",hong_jean,near_miss,(near miss) HJ motion_data.csv
110,2026-07-27T13:20:01.805,4.631641,0.591,-0.27,0.95,-0.34,184.81,-14.04,271.91,1.0445094542415592,329.0697582580326,"-0.27,0.95,-0.34,184.81,-14.04,271.91",hong_jean,near_miss,(near miss) HJ motion_data.csv
111,2026-07-27T13:20:01.806,4.63244,0.7992,0.45,0.88,-0.68,199.1,-58.65,334.72,1.1997082978791136,393.85036612906686,"0.45,0.88,-0.68,199.10,-58.65,334.72",hong_jean,near_miss,(near miss) HJ motion_data.csv
112,2026-07-27T13:20:01.807,4.633177,0.7375,0.6,0.83,-0.74,98.02,78.25,213.87,1.2635268101627286,247.93418441191204,"0.60,0.83,-0.74,98.02,78.25,213.87",hong_jean,near_miss,(near miss) HJ motion_data.csv
113,2026-07-27T13:20:01.807,4.633492,0.315,0.32,0.83,-0.7,20.75,107.18,132.75,1.13194522835692,171.87401606991094,"0.32,0.83,-0.70,20.75,107.18,132.75",hong_jean,near_miss,(near miss) HJ motion_data.csv
114,2026-07-27T13:20:01.808,4.633873,0.3811,0.17,0.86,-0.68,-56.09,98.33,74.28,1.109459327780879,135.3971764845929,"0.17,0.86,-0.68,-56.09,98.33,74.28",hong_jean,near_miss,(near miss) HJ motion_data.csv
115,2026-07-27T13:20:01.809,4.635125,1.2512,0.24,0.74,-0.51,-93.69,101.44,-6.77,0.9302150289046076,138.25238732115986,"0.24,0.74,-0.51,-93.69,101.44,-6.77",hong_jean,near_miss,(near miss) HJ motion_data.csv
116,2026-07-27T13:20:01.865,4.690781,55.6569,0.37,0.66,-0.13,-87.04,141.24,-139.83,0.7677239087067694,216.9726436673527,"0.37,0.66,-0.13,-87.04,141.24,-139.83",hong_jean,near_miss,(near miss) HJ motion_data.csv
117,2026-07-27T13:20:01.865,4.691043,0.2614,0.49,0.79,0.26,-97.53,179.5,-254.09,0.9652978814852957,326.0277273484573,"0.49,0.79,0.26,-97.53,179.50,-254.09",hong_jean,near_miss,(near miss) HJ motion_data.csv
118,2026-07-27T13:20:01.925,4.750887,59.844,0.38,0.86,0.28,-144.84,184.88,-315.12,0.9810198774744576,393.01380942659,"0.38,0.86,0.28,-144.84,184.88,-315.12",hong_jean,near_miss,(near miss) HJ motion_data.csv
119,2026-07-27T13:20:02.105,4.931497,180.6105,-0.02,1.08,0.14,-199.89,131.35,-330.08,1.0892199043352082,407.6292935989758,"-0.02,1.08,0.14,-199.89,131.35,-330.08",hong_jean,near_miss,(near miss) HJ motion_data.csv
120,2026-07-27T13:20:02.106,4.932087,0.5895,-0.13,1.07,0.03,-190.73,52.49,-247.01,1.0782856764327344,316.4602235668805,"-0.13,1.07,0.03,-190.73,52.49,-247.01",hong_jean,near_miss,(near miss) HJ motion_data.csv
121,2026-07-27T13:20:02.107,4.932927,0.8402,-0.21,1.0,0.1,-134.58,15.75,-114.99,1.0266937225872184,177.71476866034516,"-0.21,1.00,0.10,-134.58,15.75,-114.99",hong_jean,near_miss,(near miss) HJ motion_data.csv
122,2026-07-27T13:20:02.107,4.933404,0.4767,-0.26,0.97,0.19,-109.5,-1.59,-38.88,1.0220567498920987,116.2085732637657,"-0.26,0.97,0.19,-109.50,-1.59,-38.88",hong_jean,near_miss,(near miss) HJ motion_data.csv
123,2026-07-27T13:20:02.108,4.933902,0.4982,-0.45,0.88,0.35,-105.04,-22.22,-11.47,1.0485227703774487,107.97541803577332,"-0.45,0.88,0.35,-105.04,-22.22,-11.47",hong_jean,near_miss,(near miss) HJ motion_data.csv
124,2026-07-27T13:20:02.165,4.990986,57.0843,-0.41,0.79,0.4,-100.95,-138.43,9.52,0.9758073580374356,171.5936997677945,"-0.41,0.79,0.40,-100.95,-138.43,9.52",hong_jean,near_miss,(near miss) HJ motion_data.csv
125,2026-07-27T13:20:02.285,5.111147,120.1604,-0.12,0.6,0.34,-93.69,-317.38,-1.22,0.7000000000000001,330.9219982110588,"-0.12,0.60,0.34,-93.69,-317.38,-1.22",hong_jean,near_miss,(near miss) HJ motion_data.csv
126,2026-07-27T13:20:02.286,5.11198,0.8332,-0.08,0.52,0.36,-54.26,-362.92,-107.54,0.6374950980203691,382.3871409971837,"-0.08,0.52,0.36,-54.26,-362.92,-107.54",hong_jean,near_miss,(near miss) HJ motion_data.csv
127,2026-07-27T13:20:02.286,5.112736,0.7561,-0.19,0.63,0.42,35.77,-265.01,-234.99,0.7806407624509497,355.99170369546533,"-0.19,0.63,0.42,35.77,-265.01,-234.99",hong_jean,near_miss,(near miss) HJ motion_data.csv
128,2026-07-27T13:20:02.345,5.17094,58.2043,-0.21,0.66,0.4,79.04,-143.07,-276.73,0.7998124780221925,321.3967009787126,"-0.21,0.66,0.40,79.04,-143.07,-276.73",hong_jean,near_miss,(near miss) HJ motion_data.csv
129,2026-07-27T13:20:02.345,5.171497,0.5569,-0.3,0.71,0.28,1.83,-30.88,-244.26,0.8200609733428362,246.211029200562,"-0.30,0.71,0.28,1.83,-30.88,-244.26",hong_jean,near_miss,(near miss) HJ motion_data.csv
130,2026-07-27T13:20:02.525,5.351553,180.0557,-0.43,0.5,0.36,-216.55,65.37,-187.01,0.7513321502504734,293.49596164172345,"-0.43,0.50,0.36,-216.55,65.37,-187.01",hong_jean,near_miss,(near miss) HJ motion_data.csv
131,2026-07-27T13:20:02.526,5.352729,1.1763,-0.47,-0.08,0.8,-476.56,47.67,-170.29,0.931289428695505,508.31146613075725,"-0.47,-0.08,0.80,-476.56,47.67,-170.29",hong_jean,near_miss,(near miss) HJ motion_data.csv
132,2026-07-27T13:20:02.527,5.353169,0.44,-0.44,-0.47,1.31,-549.01,-18.37,-119.02,1.4596574940718114,562.0633393132841,"-0.44,-0.47,1.31,-549.01,-18.37,-119.02",hong_jean,near_miss,(near miss) HJ motion_data.csv
133,2026-07-27T13:20:02.527,5.35367,0.5008,-0.51,-0.39,1.5,-349.55,12.45,21.67,1.6316249569064576,350.4422832650193,"-0.51,-0.39,1.50,-349.55,12.45,21.67",hong_jean,near_miss,(near miss) HJ motion_data.csv
134,2026-07-27T13:20:02.645,5.471205,117.5352,-0.73,-0.15,1.18,-55.05,90.76,105.04,1.3956360557108003,149.33613661803363,"-0.73,-0.15,1.18,-55.05,90.76,105.04",hong_jean,near_miss,(near miss) HJ motion_data.csv
135,2026-07-27T13:20:02.645,5.471626,0.4209,-0.85,0.02,0.58,102.05,147.16,89.11,1.0292230079045066,200.027148657376,"-0.85,0.02,0.58,102.05,147.16,89.11",hong_jean,near_miss,(near miss) HJ motion_data.csv
136,2026-07-27T13:20:02.646,5.472537,0.9112,-0.89,0.21,0.32,179.38,212.59,34.48,0.9688137075826292,280.28657281432515,"-0.89,0.21,0.32,179.38,212.59,34.48",hong_jean,near_miss,(near miss) HJ motion_data.csv
137,2026-07-27T13:20:02.765,5.591077,118.5401,-0.82,0.24,0.36,198.24,231.75,-17.88,0.9271461589199407,305.49444266631104,"-0.82,0.24,0.36,198.24,231.75,-17.88",hong_jean,near_miss,(near miss) HJ motion_data.csv
138,2026-07-27T13:20:02.768,5.594105,3.0273,-0.64,0.2,0.3,65.67,127.62,-50.66,0.7345747068882783,152.2033143528747,"-0.64,0.20,0.30,65.67,127.62,-50.66",hong_jean,near_miss,(near miss) HJ motion_data.csv
139,2026-07-27T13:20:02.769,5.594793,0.6883,-0.56,0.11,0.26,-157.84,20.26,-91.55,0.6271363488110062,183.59012963664466,"-0.56,0.11,0.26,-157.84,20.26,-91.55",hong_jean,near_miss,(near miss) HJ motion_data.csv
140,2026-07-27T13:20:02.825,5.651057,56.2645,-0.62,-0.44,0.05,-413.39,68.79,-177.92,0.7619055059520177,455.27890638596466,"-0.62,-0.44,0.05,-413.39,68.79,-177.92",hong_jean,near_miss,(near miss) HJ motion_data.csv
141,2026-07-27T13:20:02.825,5.651386,0.3289,-0.71,-0.78,-0.37,-496.09,165.65,-213.9,1.1177656283854858,565.064970246785,"-0.71,-0.78,-0.37,-496.09,165.65,-213.9",hong_jean,near_miss,(near miss) HJ motion_data.csv
142,2026-07-27T13:20:02.884,5.710598,59.212,-0.73,-0.48,-0.52,-316.89,104.92,-89.78,1.0167103815738285,345.6702574709024,"-0.73,-0.48,-0.52,-316.89,104.92,-89.78",hong_jean,near_miss,(near miss) HJ motion_data.csv
143,2026-07-27T13:20:03.005,5.830884,120.286,-0.9,-0.27,-0.35,-182.37,-37.05,47.36,1.00269636480841,192.02731316143544,"-0.90,-0.27,-0.35,-182.37,-37.05,47.36",hong_jean,near_miss,(near miss) HJ motion_data.csv
144,2026-07-27T13:20:03.005,5.831434,0.5494,-1.13,-0.45,-0.0,-170.84,-100.77,45.84,1.216305882580529,203.5735839936017,"-1.13,-0.45,-0.00,-170.84,-100.77,45.84",hong_jean,near_miss,(near miss) HJ motion_data.csv
145,2026-07-27T13:20:03.006,5.831953,0.5188,-0.91,-0.73,-0.07,-77.94,-70.8,-59.33,1.1687172455303292,120.86079802814476,"-0.91,-0.73,-0.07,-77.94,-70.80,-59.33",hong_jean,near_miss,(near miss) HJ motion_data.csv
146,2026-07-27T13:20:03.186,6.012133,180.1809,-0.49,-0.88,-0.48,92.29,-11.78,-133.79,1.1157508682497181,162.96004602355757,"-0.49,-0.88,-0.48,92.29,-11.78,-133.79",hong_jean,near_miss,(near miss) HJ motion_data.csv
147,2026-07-27T13:20:03.187,6.012828,0.6946,-0.59,-0.9,-0.4,139.22,-28.5,-97.66,1.148085362679971,172.42950443587083,"-0.59,-0.90,-0.40,139.22,-28.50,-97.66",hong_jean,near_miss,(near miss) HJ motion_data.csv
148,2026-07-27T13:20:03.187,6.013411,0.5832,-0.81,-0.54,0.32,195.13,-182.07,-13.49,1.0247438704378768,267.2212227724437,"-0.81,-0.54,0.32,195.13,-182.07,-13.49",hong_jean,near_miss,(near miss) HJ motion_data.csv
149,2026-07-27T13:20:03.188,6.014055,0.6442,-0.31,0.08,1.04,484.07,-401.31,-2.87,1.08816359064251,628.7938596233267,"-0.31,0.08,1.04,484.07,-401.31,-2.87",hong_jean,near_miss,(near miss) HJ motion_data.csv
150,2026-07-27T13:20:03.189,6.014899,0.8437,0.58,0.28,1.35,601.99,-359.62,-92.59,1.4957606760441324,707.3128109966623,"0.58,0.28,1.35,601.99,-359.62,-92.59",hong_jean,near_miss,(near miss) HJ motion_data.csv
151,2026-07-27T13:20:03.305,6.130787,115.8883,0.34,0.0,1.63,422.67,110.78,-113.95,1.6650825805346712,451.5603390467325,"0.34,0.00,1.63,422.67,110.78,-113.95",hong_jean,near_miss,(near miss) HJ motion_data.csv
152,2026-07-27T13:20:03.305,6.131339,0.5516,-0.56,-0.05,1.72,132.45,398.86,15.5,1.8095579570712843,420.562185770428,"-0.56,-0.05,1.72,132.45,398.86,15.50",hong_jean,near_miss,(near miss) HJ motion_data.csv
153,2026-07-27T13:20:03.306,6.131775,0.4355,-1.55,0.33,0.82,-145.45,117.25,36.32,1.7843205989955955,190.32185213474568,"-1.55,0.33,0.82,-145.45,117.25,36.32",hong_jean,near_miss,(near miss) HJ motion_data.csv
154,2026-07-27T13:20:03.545,6.370875,239.1008,-2.11,0.21,-0.25,-83.98,-209.41,-100.77,2.1351112383199147,247.10277497430093,"-2.11,0.21,-0.25,-83.98,-209.41,-100.77",hong_jean,near_miss,(near miss) HJ motion_data.csv
155,2026-07-27T13:20:03.545,6.371382,0.5067,-1.63,-0.23,-0.26,240.6,-124.39,20.75,1.6665533294797379,271.6464514769151,"-1.63,-0.23,-0.26,240.60,-124.39,20.75",hong_jean,near_miss,(near miss) HJ motion_data.csv
156,2026-07-27T13:20:03.546,6.371804,0.4219,-0.93,-0.14,0.18,417.3,155.15,284.67,0.9575489543621256,528.4390422745087,"-0.93,-0.14,0.18,417.30,155.15,284.67",hong_jean,near_miss,(near miss) HJ motion_data.csv
157,2026-07-27T13:20:03.546,6.372526,0.7216,-0.57,0.25,0.26,301.64,212.77,251.83,0.674536878161602,446.8513303102051,"-0.57,0.25,0.26,301.64,212.77,251.83",hong_jean,near_miss,(near miss) HJ motion_data.csv
158,2026-07-27T13:20:03.547,6.373437,0.9118,-0.53,0.68,0.16,93.69,102.29,47.97,0.8768694315575153,146.77254886387985,"-0.53,0.68,0.16,93.69,102.29,47.97",hong_jean,near_miss,(near miss) HJ motion_data.csv
159,2026-07-27T13:20:03.549,6.375125,1.6879,-0.39,1.0,0.51,18.8,42.11,-72.27,1.1883602147497196,85.73007057036638,"-0.39,1.00,0.51,18.80,42.11,-72.27",hong_jean,near_miss,(near miss) HJ motion_data.csv
160,2026-07-27T13:20:03.605,6.43093,55.8045,-0.23,1.29,0.87,166.26,-22.89,-95.28,1.5728636304524306,192.98864759358256,"-0.23,1.29,0.87,166.26,-22.89,-95.28",hong_jean,near_miss,(near miss) HJ motion_data.csv
161,2026-07-27T13:20:03.665,6.491325,60.3951,-0.36,1.43,0.65,284.97,-86.98,-46.94,1.6115210206509871,301.62358147200626,"-0.36,1.43,0.65,284.97,-86.98,-46.94",hong_jean,near_miss,(near miss) HJ motion_data.csv
162,2026-07-27T13:20:03.666,6.491908,0.5833,-0.62,1.13,0.19,167.18,-65.31,58.47,1.3028430450365078,188.76781876156753,"-0.62,1.13,0.19,167.18,-65.31,58.47",hong_jean,near_miss,(near miss) HJ motion_data.csv
163,2026-07-27T13:20:03.904,6.730296,238.3883,-0.81,0.79,-0.06,37.54,19.47,147.09,1.1330489839367053,153.04836033097513,"-0.81,0.79,-0.06,37.54,19.47,147.09",hong_jean,near_miss,(near miss) HJ motion_data.csv
164,2026-07-27T13:20:03.905,6.731085,0.789,-0.99,0.8,-0.15,52.19,75.93,174.74,1.2816395749195637,197.5429791210004,"-0.99,0.80,-0.15,52.19,75.93,174.74",hong_jean,near_miss,(near miss) HJ motion_data.csv
165,2026-07-27T13:20:03.905,6.7317,0.614,-1.02,0.7,-0.3,56.46,31.43,124.27,1.272949331277565,140.06644637456895,"-1.02,0.70,-0.30,56.46,31.43,124.27",hong_jean,near_miss,(near miss) HJ motion_data.csv
166,2026-07-27T13:20:03.906,6.732512,0.8129,-0.83,0.5,-0.39,-4.64,-75.13,15.44,1.0445094542415592,76.8403546321853,"-0.83,0.50,-0.39,-4.64,-75.13,15.44",hong_jean,near_miss,(near miss) HJ motion_data.csv
167,2026-07-27T13:20:03.907,6.733613,1.1001,-0.57,0.58,-0.28,65.8,-146.55,-58.65,0.8600581375697808,171.01568641501868,"-0.57,0.58,-0.28,65.80,-146.55,-58.65",hong_jean,near_miss,(near miss) HJ motion_data.csv
168,2026-07-27T13:20:03.908,6.734484,0.8719,-0.34,0.79,-0.15,224.85,-102.48,-60.06,0.8730406634286859,254.29682754607853,"-0.34,0.79,-0.15,224.85,-102.48,-60.06",hong_jean,near_miss,(near miss) HJ motion_data.csv
169,2026-07-27T13:20:04.145,6.971078,236.594,-0.13,0.91,-0.24,219.48,47.97,-46.14,0.9500526301210896,229.3501491170215,"-0.13,0.91,-0.24,219.48,47.97,-46.14",hong_jean,near_miss,(near miss) HJ motion_data.csv
170,2026-07-27T13:20:04.145,6.971727,0.6482,-0.0,0.88,-0.5,102.78,179.99,-37.35,1.0121264743103997,210.60662620155142,"-0.00,0.88,-0.50,102.78,179.99,-37.35",hong_jean,near_miss,(near miss) HJ motion_data.csv
171,2026-07-27T13:20:04.146,6.97246,0.7337,-0.06,0.8,-0.65,54.2,148.62,-29.11,1.0325211862233143,160.85066521466428,"-0.06,0.80,-0.65,54.20,148.62,-29.11",hong_jean,near_miss,(near miss) HJ motion_data.csv
172,2026-07-27T13:20:04.147,6.973,0.5394,-0.31,0.75,-0.6,84.35,18.74,-31.56,1.0092571525632108,91.98991085983288,"-0.31,0.75,-0.60,84.35,18.74,-31.56",hong_jean,near_miss,(near miss) HJ motion_data.csv
173,2026-07-27T13:20:04.147,6.973736,0.7358,-0.45,0.68,-0.47,133.97,-13.98,-34.55,0.9411694852681954,139.05791527273806,"-0.45,0.68,-0.47,133.97,-13.98,-34.55",hong_jean,near_miss,(near miss) HJ motion_data.csv
174,2026-07-27T13:20:04.148,6.974225,0.489,-0.34,0.67,-0.36,142.82,28.2,-17.7,0.8331266410336428,146.64952233130526,"-0.34,0.67,-0.36,142.82,28.20,-17.70",hong_jean,near_miss,(near miss) HJ motion_data.csv
175,2026-07-27T13:20:04.386,7.212077,237.8525,-0.11,0.69,-0.37,134.46,21.91,2.93,0.7906326580656784,136.26490597362184,"-0.11,0.69,-0.37,134.46,21.91,2.93",hong_jean,near_miss,(near miss) HJ motion_data.csv
176,2026-07-27T13:20:04.386,7.212158,0.0815,0.06,0.67,-0.48,66.77,-0.31,-39.86,0.8263776376451628,77.763414276895,"0.06,0.67,-0.48,66.77,-0.31,-39.86",hong_jean,near_miss,(near miss) HJ motion_data.csv
177,2026-07-27T13:20:04.386,7.21242,0.2619,0.07,0.84,-0.6,-111.69,58.29,-172.0,1.0346496991735898,213.20501917168835,"0.07,0.84,-0.60,-111.69,58.29,-172.00",hong_jean,near_miss,(near miss) HJ motion_data.csv
178,2026-07-27T13:20:04.387,7.212777,0.3563,-0.18,1.16,-0.63,-272.52,260.74,-321.9,1.3322537295875736,495.8549263645567,"-0.18,1.16,-0.63,-272.52,260.74,-321.90",hong_jean,near_miss,(near miss) HJ motion_data.csv
179,2026-07-27T13:20:04.387,7.213441,0.6645,-0.46,1.29,-0.7,-280.4,503.72,-323.85,1.538083222715858,661.2388531385615,"-0.46,1.29,-0.70,-280.40,503.72,-323.85",hong_jean,near_miss,(near miss) HJ motion_data.csv
180,2026-07-27T13:20:04.388,7.213972,0.531,-0.37,1.05,-1.05,-181.7,569.58,-121.34,1.5303267624922463,610.0489013185747,"-0.37,1.05,-1.05,-181.70,569.58,-121.34",hong_jean,near_miss,(near miss) HJ motion_data.csv
181,2026-07-27T13:20:04.444,7.270645,56.6727,-0.11,0.59,-1.49,-127.5,365.6,49.74,1.6063312236273066,390.3763281757745,"-0.11,0.59,-1.49,-127.50,365.60,49.74",hong_jean,near_miss,(near miss) HJ motion_data.csv
182,2026-07-27T13:20:04.505,7.331225,60.5798,0.1,0.38,-1.38,-98.08,95.15,-12.15,1.4348519087348353,137.18903527614737,"0.10,0.38,-1.38,-98.08,95.15,-12.15",hong_jean,near_miss,(near miss) HJ motion_data.csv
183,2026-07-27T13:20:04.505,7.331658,0.4337,0.29,0.52,-0.84,-16.05,-33.45,-154.54,1.0296115772464876,158.93116937844508,"0.29,0.52,-0.84,-16.05,-33.45,-154.54",hong_jean,near_miss,(near miss) HJ motion_data.csv
184,2026-07-27T13:20:04.685,7.511242,179.5832,0.42,0.61,-0.46,34.67,-26.67,-119.69,0.8718371407550839,127.43231105178937,"0.42,0.61,-0.46,34.67,-26.67,-119.69",hong_jean,near_miss,(near miss) HJ motion_data.csv
185,2026-07-27T13:20:04.686,7.511969,0.7277,0.48,0.48,-0.47,-17.27,21.97,-29.6,0.8256512580987205,40.7074170145933,"0.48,0.48,-0.47,-17.27,21.97,-29.60",hong_jean,near_miss,(near miss) HJ motion_data.csv
186,2026-07-27T13:20:04.686,7.512027,0.0577,0.39,0.29,-0.69,-50.9,84.11,32.35,0.8439786727163192,103.4979449071333,"0.39,0.29,-0.69,-50.90,84.11,32.35",hong_jean,near_miss,(near miss) HJ motion_data.csv
187,2026-07-27T13:20:04.686,7.512627,0.5999,0.17,0.41,-0.82,-45.72,124.82,85.57,0.9324162160752031,158.09040356707297,"0.17,0.41,-0.82,-45.72,124.82,85.57",hong_jean,near_miss,(near miss) HJ motion_data.csv
188,2026-07-27T13:20:04.865,7.690915,178.2879,-0.07,0.85,-0.75,-18.98,210.45,36.32,1.1357376457615551,214.40285749028624,"-0.07,0.85,-0.75,-18.98,210.45,36.32",hong_jean,near_miss,(near miss) HJ motion_data.csv
189,2026-07-27T13:20:04.865,7.691364,0.4491,-0.34,1.31,-0.61,-46.87,360.66,-138.79,1.4845201244846769,389.2750911630489,"-0.34,1.31,-0.61,-46.87,360.66,-138.79",hong_jean,near_miss,(near miss) HJ motion_data.csv
190,2026-07-27T13:20:04.866,7.691993,0.6292,-0.48,1.28,-0.53,-115.23,346.68,-188.66,1.4661855271417734,411.16611107920846,"-0.48,1.28,-0.53,-115.23,346.68,-188.66",hong_jean,near_miss,(near miss) HJ motion_data.csv
191,2026-07-27T13:20:04.867,7.692923,0.9297,-0.21,0.91,-0.78,-79.1,25.15,8.54,1.2167990795525776,83.44018276585928,"-0.21,0.91,-0.78,-79.10,25.15,8.54",hong_jean,near_miss,(near miss) HJ motion_data.csv
192,2026-07-27T13:20:04.867,7.693405,0.4821,0.28,0.63,-1.17,60.24,-267.15,158.57,1.3580132547217645,316.45287958873115,"0.28,0.63,-1.17,60.24,-267.15,158.57",hong_jean,near_miss,(near miss) HJ motion_data.csv
193,2026-07-27T13:20:04.925,7.750776,57.3714,0.58,0.56,-0.65,159.0,-263.31,86.61,1.035615758860399,319.5535138282789,"0.58,0.56,-0.65,159.00,-263.31,86.61",hong_jean,near_miss,(near miss) HJ motion_data.csv
194,2026-07-27T13:20:05.465,8.29087,540.0936,0.72,0.84,-0.56,176.39,-171.02,14.34,1.24,246.10344999613477,"0.72,0.84,-0.56,176.39,-171.02,14.34",hong_jean,near_miss,(near miss) HJ motion_data.csv
195,2026-07-27T13:20:05.465,8.291408,0.5381,0.72,0.83,-0.53,120.79,-126.89,47.3,1.2199180300331658,181.46235477365545,"0.72,0.83,-0.53,120.79,-126.89,47.30",hong_jean,near_miss,(near miss) HJ motion_data.csv
196,2026-07-27T13:20:05.465,8.291723,0.3146,0.53,0.62,-0.5,22.95,-84.66,95.34,0.9567131231461184,129.55205015745602,"0.53,0.62,-0.50,22.95,-84.66,95.34",hong_jean,near_miss,(near miss) HJ motion_data.csv
197,2026-07-27T13:20:05.466,8.292205,0.4821,0.36,0.61,-0.61,-33.51,-29.17,100.89,0.9347726996441434,110.23883662303408,"0.36,0.61,-0.61,-33.51,-29.17,100.89",hong_jean,near_miss,(near miss) HJ motion_data.csv
198,2026-07-27T13:20:05.467,8.293387,1.1826,0.12,0.57,-0.86,-34.48,43.27,55.79,1.0387011119662866,78.57281590982979,"0.12,0.57,-0.86,-34.48,43.27,55.79",hong_jean,near_miss,(near miss) HJ motion_data.csv
199,2026-07-27T13:20:05.468,8.29447,1.0826,-0.12,0.55,-0.98,-5.37,118.53,-17.21,1.1301769772916097,119.89321039992215,"-0.12,0.55,-0.98,-5.37,118.53,-17.21",hong_jean,near_miss,(near miss) HJ motion_data.csv
200,2026-07-27T13:20:05.469,8.295044,0.5738,-0.11,0.72,-0.79,30.58,127.01,-47.73,1.074523150053083,139.08569085279765,"-0.11,0.72,-0.79,30.58,127.01,-47.73",hong_jean,near_miss,(near miss) HJ motion_data.csv
201,2026-07-27T13:20:05.469,8.295678,0.6346,-0.04,0.87,-0.59,41.75,90.94,-32.65,1.0519505691808908,105.25762965220146,"-0.04,0.87,-0.59,41.75,90.94,-32.65",hong_jean,near_miss,(near miss) HJ motion_data.csv
202,2026-07-27T13:20:05.470,8.2967,1.0222,-0.14,0.95,-0.57,29.72,104.55,-49.56,1.1166915420114902,119.45783565760766,"-0.14,0.95,-0.57,29.72,104.55,-49.56",hong_jean,near_miss,(near miss) HJ motion_data.csv
203,2026-07-27T13:20:05.471,8.297284,0.5834,-0.37,0.89,-0.72,15.62,149.78,-91.61,1.2030793822520607,176.2680484375997,"-0.37,0.89,-0.72,15.62,149.78,-91.61",hong_jean,near_miss,(near miss) HJ motion_data.csv
204,2026-07-27T13:20:05.472,8.297866,0.5822,-0.51,0.68,-0.84,13.43,127.56,-94.54,1.195031380341119,159.34155170576193,"-0.51,0.68,-0.84,13.43,127.56,-94.54",hong_jean,near_miss,(near miss) HJ motion_data.csv
205,2026-07-27T13:20:05.472,8.298622,0.7561,-0.34,0.62,-0.84,34.61,-1.89,-52.8,1.0979981785048645,63.160622226194064,"-0.34,0.62,-0.84,34.61,-1.89,-52.80",hong_jean,near_miss,(near miss) HJ motion_data.csv
206,2026-07-27T13:20:05.473,8.299689,1.0671,0.09,0.98,-0.95,73.12,-146.0,-34.85,1.367845020461017,166.96423838654792,"0.09,0.98,-0.95,73.12,-146.00,-34.85",hong_jean,near_miss,(near miss) HJ motion_data.csv
207,2026-07-27T13:20:05.474,8.30041,0.7207,0.63,1.42,-1.17,97.41,-217.53,-40.89,1.9447879061738325,241.82638627742838,"0.63,1.42,-1.17,97.41,-217.53,-40.89",hong_jean,near_miss,(near miss) HJ motion_data.csv
208,2026-07-27T13:20:05.644,8.470292,169.8817,0.85,0.97,-1.17,71.29,-216.8,-20.02,1.7413500509662034,229.09671429333073,"0.85,0.97,-1.17,71.29,-216.80,-20.02",hong_jean,near_miss,(near miss) HJ motion_data.csv
209,2026-07-27T13:20:05.645,8.471703,1.4108,0.46,0.05,-1.11,11.9,-131.04,-36.32,1.2025805586321443,136.49994139192881,"0.46,0.05,-1.11,11.90,-131.04,-36.32",hong_jean,near_miss,(near miss) HJ motion_data.csv
210,2026-07-27T13:20:05.646,8.472271,0.5682,0.03,-0.04,-0.96,-38.88,7.02,-145.14,0.9613012014972206,150.42125647660305,"0.03,-0.04,-0.96,-38.88,7.02,-145.14",hong_jean,near_miss,(near miss) HJ motion_data.csv
211,2026-07-27T13:20:05.646,8.472489,0.2183,0.08,0.39,-0.88,-68.54,72.08,-216.0,0.9658674857349738,237.80087888819924,"0.08,0.39,-0.88,-68.54,72.08,-216.00",hong_jean,near_miss,(near miss) HJ motion_data.csv
212,2026-07-27T13:20:05.825,8.651179,178.6904,0.33,0.49,-1.12,-66.53,36.32,-154.17,1.2662543188475213,171.79572811918226,"0.33,0.49,-1.12,-66.53,36.32,-154.17",hong_jean,near_miss,(near miss) HJ motion_data.csv
213,2026-07-27T13:20:05.826,8.651985,0.8054,0.34,0.37,-1.09,-25.7,1.95,-35.71,1.2002499739637573,44.03971616620616,"0.34,0.37,-1.09,-25.70,1.95,-35.71",hong_jean,near_miss,(near miss) HJ motion_data.csv
214,2026-07-27T13:20:05.827,8.65298,0.9955,0.06,0.44,-0.75,16.3,39.06,30.7,0.8716077099245968,52.286361510435974,"0.06,0.44,-0.75,16.30,39.06,30.70",hong_jean,near_miss,(near miss) HJ motion_data.csv
215,2026-07-27T13:20:05.828,8.654327,1.3464,-0.34,0.67,-0.58,10.31,105.41,21.18,0.9491575211733825,108.00998379779527,"-0.34,0.67,-0.58,10.31,105.41,21.18",hong_jean,near_miss,(near miss) HJ motion_data.csv
216,2026-07-27T13:20:05.829,8.6549,0.5734,-0.62,0.82,-0.48,-33.26,115.17,3.11,1.1345483682946267,119.91675696081845,"-0.62,0.82,-0.48,-33.26,115.17,3.11",hong_jean,near_miss,(near miss) HJ motion_data.csv
217,2026-07-27T13:20:06.005,8.831515,176.6151,-0.66,0.74,-0.48,-60.36,58.9,28.26,1.1016351483136329,88.94474239661386,"-0.66,0.74,-0.48,-60.36,58.90,28.26",hong_jean,near_miss,(near miss) HJ motion_data.csv
218,2026-07-27T13:20:06.006,8.832286,0.7703,-0.43,0.47,-0.84,-24.66,9.64,43.03,1.0542295765154759,50.52352026531802,"-0.43,0.47,-0.84,-24.66,9.64,43.03",hong_jean,near_miss,(near miss) HJ motion_data.csv
219,2026-07-27T13:20:06.007,8.833071,0.7856,-0.05,0.44,-1.16,36.01,25.09,-18.13,1.2416521251944925,47.486051636243666,"-0.05,0.44,-1.16,36.01,25.09,-18.13",hong_jean,near_miss,(near miss) HJ motion_data.csv
220,2026-07-27T13:20:06.008,8.833805,0.7344,0.33,0.55,-0.99,40.41,70.25,-98.57,1.1796185824239969,127.60907295329748,"0.33,0.55,-0.99,40.41,70.25,-98.57",hong_jean,near_miss,(near miss) HJ motion_data.csv
221,2026-07-27T13:20:06.067,8.893701,59.8957,0.64,0.61,-0.59,1.4,65.73,-86.43,1.0629205050237764,108.59345192045421,"0.64,0.61,-0.59,1.40,65.73,-86.43",hong_jean,near_miss,(near miss) HJ motion_data.csv
222,2026-07-27T13:20:06.184,9.010589,116.8881,0.58,0.66,-0.57,-18.62,28.14,-0.06,1.047329938462565,33.74266735158915,"0.58,0.66,-0.57,-18.62,28.14,-0.06",hong_jean,near_miss,(near miss) HJ motion_data.csv
223,2026-07-27T13:20:06.185,9.011617,1.028,0.34,0.62,-0.8,-7.02,29.91,40.71,1.0677078252031311,51.0018882003402,"0.34,0.62,-0.80,-7.02,29.91,40.71",hong_jean,near_miss,(near miss) HJ motion_data.csv
224,2026-07-27T13:20:06.186,9.011925,0.3077,0.27,0.6,-0.83,11.41,50.78,27.34,1.0591506030777682,58.79006803874274,"0.27,0.60,-0.83,11.41,50.78,27.34",hong_jean,near_miss,(near miss) HJ motion_data.csv
225,2026-07-27T13:20:06.187,9.012953,1.0278,0.22,0.55,-0.74,10.07,35.1,39.43,0.9478923989567593,53.741416058753046,"0.22,0.55,-0.74,10.07,35.10,39.43",hong_jean,near_miss,(near miss) HJ motion_data.csv
226,2026-07-27T13:20:06.244,9.070542,57.5896,0.05,0.52,-0.66,-9.03,3.42,80.02,0.8417244204607587,80.60048200848429,"0.05,0.52,-0.66,-9.03,3.42,80.02",hong_jean,near_miss,(near miss) HJ motion_data.csv
227,2026-07-27T13:20:06.304,9.130594,60.0513,-0.08,0.53,-0.67,-26.12,2.81,90.03,0.8580209787645056,93.78460108141421,"-0.08,0.53,-0.67,-26.12,2.81,90.03",hong_jean,near_miss,(near miss) HJ motion_data.csv
228,2026-07-27T13:20:06.365,9.191228,60.6345,-0.02,0.48,-0.64,-38.57,28.32,59.63,0.8002499609497024,76.4552431164796,"-0.02,0.48,-0.64,-38.57,28.32,59.63",hong_jean,near_miss,(near miss) HJ motion_data.csv
229,2026-07-27T13:20:06.366,9.192554,1.3255,0.13,0.43,-0.48,-40.89,50.78,26.06,0.657419196555744,70.21199398963115,"0.13,0.43,-0.48,-40.89,50.78,26.06",hong_jean,near_miss,(near miss) HJ motion_data.csv
230,2026-07-27T13:20:06.724,9.55074,358.1862,0.15,0.45,-0.39,-14.1,52.25,15.44,0.6140846847137617,56.27846924002109,"0.15,0.45,-0.39,-14.10,52.25,15.44",hong_jean,near_miss,(near miss) HJ motion_data.csv
231,2026-07-27T13:20:06.725,9.551484,0.744,0.1,0.54,-0.46,13.12,29.91,29.85,0.7163797875428927,44.246638290383146,"0.10,0.54,-0.46,13.12,29.91,29.85",hong_jean,near_miss,(near miss) HJ motion_data.csv
232,2026-07-27T13:20:06.726,9.552144,0.6599,0.06,0.77,-0.76,11.54,-1.53,51.27,1.0835589508651573,52.574950309058785,"0.06,0.77,-0.76,11.54,-1.53,51.27",hong_jean,near_miss,(near miss) HJ motion_data.csv
233,2026-07-27T13:20:06.784,9.610417,58.2733,-0.02,1.1,-1.2,18.07,-19.78,15.69,1.628004913997498,31.04753452369447,"-0.02,1.10,-1.20,18.07,-19.78,15.69",hong_jean,near_miss,(near miss) HJ motion_data.csv
234,2026-07-27T13:20:06.785,9.611243,0.826,-0.17,1.08,-1.21,18.01,-0.79,-107.97,1.6307666908543355,109.4646294471415,"-0.17,1.08,-1.21,18.01,-0.79,-107.97",hong_jean,near_miss,(near miss) HJ motion_data.csv
235,2026-07-27T13:20:06.786,9.611962,0.7192,-0.18,0.86,-1.09,10.13,28.14,-199.65,1.4000357138301867,201.87768326390116,"-0.18,0.86,-1.09,10.13,28.14,-199.65",hong_jean,near_miss,(near miss) HJ motion_data.csv
236,2026-07-27T13:20:06.786,9.612739,0.7769,0.07,0.92,-1.37,46.51,-30.88,-180.3,1.6517263695903144,188.7454489517562,"0.07,0.92,-1.37,46.51,-30.88,-180.30",hong_jean,near_miss,(near miss) HJ motion_data.csv
237,2026-07-27T13:20:06.787,9.613036,0.2967,0.49,0.59,-1.46,32.1,-184.2,-64.15,1.6491816152261702,197.67466327276242,"0.49,0.59,-1.46,32.10,-184.20,-64.15",hong_jean,near_miss,(near miss) HJ motion_data.csv
238,2026-07-27T13:20:06.788,9.614207,1.171,0.68,0.08,-1.13,-40.22,-268.98,72.75,1.3212494087037465,281.53232727344124,"0.68,0.08,-1.13,-40.22,-268.98,72.75",hong_jean,near_miss,(near miss) HJ motion_data.csv
239,2026-07-27T13:20:06.789,9.614815,0.6078,0.51,0.24,-0.63,-37.6,-155.94,33.2,0.8453401682163223,163.8086798677042,"0.51,0.24,-0.63,-37.60,-155.94,33.20",hong_jean,near_miss,(near miss) HJ motion_data.csv
240,2026-07-27T13:20:06.789,9.615389,0.5739,0.32,0.59,-0.31,6.16,7.45,-82.58,0.7393240155709809,83.14387830742561,"0.32,0.59,-0.31,6.16,7.45,-82.58",hong_jean,near_miss,(near miss) HJ motion_data.csv
241,2026-07-27T13:20:06.904,9.730541,115.1529,0.26,0.59,-0.36,0.49,50.84,-59.02,0.7384443106964803,77.89933311652932,"0.26,0.59,-0.36,0.49,50.84,-59.02",hong_jean,near_miss,(near miss) HJ motion_data.csv
242,2026-07-27T13:20:06.905,9.731349,0.807,0.24,0.46,-0.65,-35.46,22.71,46.57,0.8316850365372699,62.78471629305973,"0.24,0.46,-0.65,-35.46,22.71,46.57",hong_jean,near_miss,(near miss) HJ motion_data.csv
243,2026-07-27T13:20:06.906,9.731971,0.6222,0.06,0.6,-0.89,-29.36,26.25,105.1,1.0750348831549608,112.23672349102141,"0.06,0.60,-0.89,-29.36,26.25,105.10",hong_jean,near_miss,(near miss) HJ motion_data.csv
244,2026-07-27T13:20:07.444,10.270249,538.278,-0.35,0.94,-0.94,11.41,90.15,48.52,1.3746635952115702,103.01165468042925,"-0.35,0.94,-0.94,11.41,90.15,48.52",hong_jean,near_miss,(near miss) HJ motion_data.csv
245,2026-07-27T13:20:07.447,10.273079,2.8306,-0.64,1.02,-0.87,8.24,134.89,-51.27,1.485563866011825,144.54003805174537,"-0.64,1.02,-0.87,8.24,134.89,-51.27",hong_jean,near_miss,(near miss) HJ motion_data.csv
246,2026-07-27T13:20:07.448,10.274048,0.969,-0.43,0.75,-0.87,-45.04,94.42,-68.36,1.2264990827554663,124.967306124442,"-0.43,0.75,-0.87,-45.04,94.42,-68.36",hong_jean,near_miss,(near miss) HJ motion_data.csv
247,2026-07-27T13:20:07.449,10.274876,0.8278,0.14,0.48,-1.09,-74.89,-16.54,40.53,1.199208072020865,86.74540103083275,"0.14,0.48,-1.09,-74.89,-16.54,40.53",hong_jean,near_miss,(near miss) HJ motion_data.csv
248,2026-07-27T13:20:07.504,10.330389,55.5131,0.45,0.45,-1.13,-43.76,-99.49,141.85,1.2968808734806754,178.7026026671128,"0.45,0.45,-1.13,-43.76,-99.49,141.85",hong_jean,near_miss,(near miss) HJ motion_data.csv
249,2026-07-27T13:20:07.505,10.331035,0.6459,0.39,0.54,-0.81,12.88,-60.97,82.4,1.0487134975769121,103.31018972008522,"0.39,0.54,-0.81,12.88,-60.97,82.40",hong_jean,near_miss,(near miss) HJ motion_data.csv
250,2026-07-27T13:20:07.505,10.331547,0.5118,0.3,0.61,-0.59,41.38,-9.09,2.5,0.9001111042532471,42.440340479312844,"0.30,0.61,-0.59,41.38,-9.09,2.50",hong_jean,near_miss,(near miss) HJ motion_data.csv
251,2026-07-27T13:20:07.506,10.332228,0.6812,0.25,0.72,-0.61,46.08,-17.76,14.22,0.9762171889492625,51.3905866866686,"0.25,0.72,-0.61,46.08,-17.76,14.22",hong_jean,near_miss,(near miss) HJ motion_data.csv
252,2026-07-27T13:20:07.507,10.333011,0.7826,0.25,0.75,-0.63,47.55,-13.24,22.77,1.0108906963663282,54.357823723913,"0.25,0.75,-0.63,47.55,-13.24,22.77",hong_jean,near_miss,(near miss) HJ motion_data.csv
253,2026-07-27T13:20:07.507,10.333704,0.6937,0.25,0.72,-0.62,33.33,-6.84,28.44,0.982496819333274,44.34532782605176,"0.25,0.72,-0.62,33.33,-6.84,28.44",hong_jean,near_miss,(near miss) HJ motion_data.csv
254,2026-07-27T13:20:07.508,10.334408,0.7039,0.23,0.72,-0.66,6.59,-26.86,62.62,1.0034440691936946,68.45547531059879,"0.23,0.72,-0.66,6.59,-26.86,62.62",hong_jean,near_miss,(near miss) HJ motion_data.csv
255,2026-07-27T13:20:07.509,10.335152,0.744,0.17,0.7,-0.73,-16.85,-41.44,93.51,1.0255730105653131,103.65961701646403,"0.17,0.70,-0.73,-16.85,-41.44,93.51",hong_jean,near_miss,(near miss) HJ motion_data.csv
256,2026-07-27T13:20:07.510,10.335943,0.7908,0.1,0.64,-0.77,-24.6,-20.02,84.72,1.0062305898749053,90.46236123383028,"0.10,0.64,-0.77,-24.60,-20.02,84.72",hong_jean,near_miss,(near miss) HJ motion_data.csv
257,2026-07-27T13:20:07.510,10.336373,0.4301,0.08,0.56,-0.75,-14.4,40.65,25.02,0.9394147114027969,49.85762629728776,"0.08,0.56,-0.75,-14.40,40.65,25.02",hong_jean,near_miss,(near miss) HJ motion_data.csv
258,2026-07-27T13:20:07.511,10.337735,1.3616,0.07,0.52,-0.71,-8.18,37.23,23.93,0.8828363381737298,45.0070016775168,"0.07,0.52,-0.71,-8.18,37.23,23.93",hong_jean,near_miss,(near miss) HJ motion_data.csv
259,2026-07-27T13:20:07.564,10.390451,52.7162,0.04,0.58,-0.73,10.38,22.83,26.43,0.9332202312423364,36.434848702855895,"0.04,0.58,-0.73,10.38,22.83,26.43",hong_jean,near_miss,(near miss) HJ motion_data.csv
260,2026-07-27T13:20:07.685,10.511347,120.8961,0.01,0.77,-0.81,24.9,9.95,16.17,1.1176314240392493,31.312639620447204,"0.01,0.77,-0.81,24.90,9.95,16.17",hong_jean,near_miss,(near miss) HJ motion_data.csv
261,2026-07-27T13:20:07.686,10.512521,1.1735,-0.01,0.89,-0.86,17.76,8.06,-23.25,1.237659080684176,30.347054222774243,"-0.01,0.89,-0.86,17.76,8.06,-23.25",hong_jean,near_miss,(near miss) HJ motion_data.csv
262,2026-07-27T13:20:07.687,10.513645,1.1249,0.02,0.77,-0.82,-8.36,-6.35,-67.26,1.1250333328395208,68.07436889167612,"0.02,0.77,-0.82,-8.36,-6.35,-67.26",hong_jean,near_miss,(near miss) HJ motion_data.csv
263,2026-07-27T13:20:07.745,10.57076,57.1142,0.07,0.56,-0.76,-38.57,-89.78,-49.32,0.9466255859631093,109.45572483885894,"0.07,0.56,-0.76,-38.57,-89.78,-49.32",hong_jean,near_miss,(near miss) HJ motion_data.csv
264,2026-07-27T13:20:07.804,10.630459,59.6991,0.12,0.56,-0.92,-31.68,-215.15,13.55,1.0836973747315253,217.8915955240128,"0.12,0.56,-0.92,-31.68,-215.15,13.55",hong_jean,near_miss,(near miss) HJ motion_data.csv
265,2026-07-27T13:20:07.805,10.630792,0.3336,0.21,0.81,-1.23,-12.76,-271.0,64.76,1.4876491521860926,278.92234618258897,"0.21,0.81,-1.23,-12.76,-271.00,64.76",hong_jean,near_miss,(near miss) HJ motion_data.csv
266,2026-07-27T13:20:07.865,10.690758,59.9657,0.18,0.26,-1.05,-4.64,-204.28,71.66,1.0965856099730655,216.53407029841748,"0.18,0.26,-1.05,-4.64,-204.28,71.66",hong_jean,near_miss,(near miss) HJ motion_data.csv
267,2026-07-27T13:20:07.985,10.810763,120.0054,0.14,0.31,-0.62,23.86,-62.99,-13.24,0.7071774883294858,68.64646604159606,"0.14,0.31,-0.62,23.86,-62.99,-13.24",hong_jean,near_miss,(near miss) HJ motion_data.csv
268,2026-07-27T13:20:07.985,10.81123,0.4661,0.27,0.51,-0.3,49.38,36.56,-91.43,0.650384501660364,110.15653816274366,"0.27,0.51,-0.30,49.38,36.56,-91.43",hong_jean,near_miss,(near miss) HJ motion_data.csv
269,2026-07-27T13:20:07.986,10.811921,0.6918,0.36,0.66,-0.3,40.65,35.34,-40.34,0.8094442537939225,67.29527249369008,"0.36,0.66,-0.30,40.65,35.34,-40.34",hong_jean,near_miss,(near miss) HJ motion_data.csv
270,2026-07-27T13:20:08.044,10.870511,58.5899,0.29,0.73,-0.56,-2.62,-2.5,70.13,0.9646761114488115,70.22343839488352,"0.29,0.73,-0.56,-2.62,-2.50,70.13",hong_jean,near_miss,(near miss) HJ motion_data.csv
271,2026-07-27T13:20:08.045,10.870975,0.464,0.05,0.77,-0.85,-45.35,-12.88,150.15,1.1479982578383994,157.37706122558015,"0.05,0.77,-0.85,-45.35,-12.88,150.15",hong_jean,near_miss,(near miss) HJ motion_data.csv
272,2026-07-27T13:20:08.106,10.932184,61.2085,-0.26,0.79,-0.96,-50.96,16.91,160.77,1.2701574705523722,169.49885722328634,"-0.26,0.79,-0.96,-50.96,16.91,160.77",hong_jean,near_miss,(near miss) HJ motion_data.csv
273,2026-07-27T13:20:08.165,10.990963,58.779,-0.48,0.76,-0.87,-32.41,72.45,89.66,1.2509596316428442,119.74275009369043,"-0.48,0.76,-0.87,-32.41,72.45,89.66",hong_jean,near_miss,(near miss) HJ motion_data.csv
274,2026-07-27T13:20:08.165,10.991549,0.5867,-0.42,0.78,-0.89,-19.41,97.41,5.13,1.2557467897629682,99.45739339033574,"-0.42,0.78,-0.89,-19.41,97.41,5.13",hong_jean,near_miss,(near miss) HJ motion_data.csv
275,2026-07-27T13:20:08.225,11.05086,59.311,-0.06,0.73,-1.19,-16.6,43.52,-10.56,1.3973546436034052,47.76048575967377,"-0.06,0.73,-1.19,-16.60,43.52,-10.56",hong_jean,near_miss,(near miss) HJ motion_data.csv
276,2026-07-27T13:20:08.285,11.111125,60.2643,0.31,0.51,-1.16,-4.94,-42.72,25.15,1.304530566909032,49.81891708979632,"0.31,0.51,-1.16,-4.94,-42.72,25.15",hong_jean,near_miss,(near miss) HJ motion_data.csv
277,2026-07-27T13:20:08.285,11.111639,0.5143,0.41,0.36,-0.67,16.3,-56.7,16.17,0.8640601830891179,61.17228866079804,"0.41,0.36,-0.67,16.30,-56.70,16.17",hong_jean,near_miss,(near miss) HJ motion_data.csv
278,2026-07-27T13:20:08.465,11.29093,179.2907,0.37,0.45,-0.47,37.96,-21.91,-23.01,0.7485318964479737,49.50222015223156,"0.37,0.45,-0.47,37.96,-21.91,-23.01",hong_jean,near_miss,(near miss) HJ motion_data.csv
279,2026-07-27T13:20:08.465,11.291644,0.7143,0.4,0.72,-0.66,63.17,-19.84,-22.22,1.055461984156701,69.8412693183622,"0.40,0.72,-0.66,63.17,-19.84,-22.22",hong_jean,near_miss,(near miss) HJ motion_data.csv
280,2026-07-27T13:20:08.466,11.292261,0.6172,0.45,0.85,-0.74,64.82,-29.72,1.89,1.2135073135337915,71.33360288111066,"0.45,0.85,-0.74,64.82,-29.72,1.89",hong_jean,near_miss,(near miss) HJ motion_data.csv
281,2026-07-27T13:20:08.467,11.293032,0.7711,0.39,0.8,-0.66,34.06,-24.17,30.64,1.108016245368271,51.798475846302665,"0.39,0.80,-0.66,34.06,-24.17,30.64",hong_jean,near_miss,(near miss) HJ motion_data.csv
282,2026-07-27T13:20:08.467,11.293423,0.3909,0.26,0.72,-0.64,0.85,-13.55,54.38,0.9977975746613138,56.049169485372396,"0.26,0.72,-0.64,0.85,-13.55,54.38",hong_jean,near_miss,(near miss) HJ motion_data.csv
283,2026-07-27T13:20:08.525,11.350763,57.3395,0.17,0.67,-0.69,-16.6,-9.58,68.36,0.9766780431646859,70.99595763140321,"0.17,0.67,-0.69,-16.60,-9.58,68.36",hong_jean,near_miss,(near miss) HJ motion_data.csv
284,2026-07-27T13:20:08.584,11.410663,59.9006,0.13,0.64,-0.76,-20.81,-8.61,73.73,1.0020479030465559,77.09280835460595,"0.13,0.64,-0.76,-20.81,-8.61,73.73",hong_jean,near_miss,(near miss) HJ motion_data.csv
285,2026-07-27T13:20:08.705,11.530843,120.1793,0.11,0.62,-0.78,-20.51,-7.08,77.03,1.0024470060806208,80.02754150915796,"0.11,0.62,-0.78,-20.51,-7.08,77.03",hong_jean,near_miss,(near miss) HJ motion_data.csv
286,2026-07-27T13:20:08.705,11.531256,0.4135,0.08,0.61,-0.75,-22.09,-6.29,84.9,0.970051545022222,87.95193118971295,"0.08,0.61,-0.75,-22.09,-6.29,84.90",hong_jean,near_miss,(near miss) HJ motion_data.csv
287,2026-07-27T13:20:08.706,11.532069,0.813,0.05,0.61,-0.71,-21.36,-0.31,86.43,0.9373899935459094,89.03084072387502,"0.05,0.61,-0.71,-21.36,-0.31,86.43",hong_jean,near_miss,(near miss) HJ motion_data.csv
288,2026-07-27T13:20:08.825,11.650784,118.7148,-0.01,0.68,-0.71,-3.91,24.78,52.25,0.9831581764904365,57.96032263540292,"-0.01,0.68,-0.71,-3.91,24.78,52.25",hong_jean,near_miss,(near miss) HJ motion_data.csv
289,2026-07-27T13:20:08.825,11.651314,0.5296,-0.08,0.76,-0.73,19.71,60.42,-20.51,1.0568348972285122,66.78113955302051,"-0.08,0.76,-0.73,19.71,60.42,-20.51",hong_jean,near_miss,(near miss) HJ motion_data.csv
290,2026-07-27T13:20:08.826,11.65196,0.646,-0.09,0.81,-0.79,21.67,62.26,-84.9,1.135033039166702,107.48909944733931,"-0.09,0.81,-0.79,21.67,62.26,-84.90",hong_jean,near_miss,(near miss) HJ motion_data.csv
291,2026-07-27T13:20:08.945,11.770869,118.9098,0.03,0.82,-0.89,-0.92,4.7,-106.87,1.2105370708904373,106.97725599397286,"0.03,0.82,-0.89,-0.92,4.70,-106.87",hong_jean,near_miss,(near miss) HJ motion_data.csv
292,2026-07-27T13:20:08.945,11.771539,0.6696,0.29,0.63,-1.08,-38.82,-99.43,-65.98,1.2835108102388544,125.48576692199002,"0.29,0.63,-1.08,-38.82,-99.43,-65.98",hong_jean,near_miss,(near miss) HJ motion_data.csv
293,2026-07-27T13:20:08.946,11.771901,0.3624,0.55,0.3,-1.26,-63.96,-206.91,48.28,1.4071602609511116,221.8864306351337,"0.55,0.30,-1.26,-63.96,-206.91,48.28",hong_jean,near_miss,(near miss) HJ motion_data.csv
294,2026-07-27T13:20:09.005,11.830902,59.0006,0.55,0.23,-1.15,-37.11,-200.26,93.26,1.2953377937819925,224.00590907384563,"0.55,0.23,-1.15,-37.11,-200.26,93.26",hong_jean,near_miss,(near miss) HJ motion_data.csv
295,2026-07-27T13:20:09.005,11.831486,0.5836,0.36,0.47,-0.8,18.13,-78.55,5.19,0.9952386648437651,80.78202460943895,"0.36,0.47,-0.80,18.13,-78.55,5.19",hong_jean,near_miss,(near miss) HJ motion_data.csv
296,2026-07-27T13:20:09.065,11.891505,60.0193,0.25,0.65,-0.55,40.89,-9.7,-40.95,0.8874119674649424,58.67695118187379,"0.25,0.65,-0.55,40.89,-9.70,-40.95",hong_jean,near_miss,(near miss) HJ motion_data.csv
297,2026-07-27T13:20:09.185,12.011446,119.9408,0.26,0.6,-0.6,18.98,-39.67,25.02,0.8874683092933516,50.59594548973267,"0.26,0.60,-0.60,18.98,-39.67,25.02",hong_jean,near_miss,(near miss) HJ motion_data.csv
298,2026-07-27T13:20:09.186,12.011951,0.5051,0.24,0.55,-0.72,-6.04,-71.78,97.9,0.9372833082905083,121.54530019708702,"0.24,0.55,-0.72,-6.04,-71.78,97.90",hong_jean,near_miss,(near miss) HJ motion_data.csv
299,2026-07-27T13:20:09.186,12.012498,0.547,0.14,0.59,-0.72,-3.48,-48.65,102.72,0.9413288479590965,113.71161462225396,"0.14,0.59,-0.72,-3.48,-48.65,102.72",hong_jean,near_miss,(near miss) HJ motion_data.csv
300,2026-07-27T13:20:09.364,12.190368,177.8707,-0.0,0.63,-0.73,12.57,2.38,65.92,0.9642613753542137,67.14994936706952,"-0.00,0.63,-0.73,12.57,2.38,65.92",hong_jean,near_miss,(near miss) HJ motion_data.csv
301,2026-07-27T13:20:09.365,12.19102,0.6512,-0.21,0.7,-0.78,21.0,38.88,33.94,1.0688779163215976,55.71874011497388,"-0.21,0.70,-0.78,21.00,38.88,33.94",hong_jean,near_miss,(near miss) HJ motion_data.csv
302,2026-07-27T13:20:09.365,12.191572,0.5524,-0.33,0.75,-0.76,20.75,58.72,2.26,1.117586685675881,62.31940708960572,"-0.33,0.75,-0.76,20.75,58.72,2.26",hong_jean,near_miss,(near miss) HJ motion_data.csv
303,2026-07-27T13:20:09.366,12.192237,0.6646,-0.19,0.73,-0.73,17.82,64.58,-27.89,1.0497142468310126,72.56707862384981,"-0.19,0.73,-0.73,17.82,64.58,-27.89",hong_jean,near_miss,(near miss) HJ motion_data.csv
304,2026-07-27T13:20:09.367,12.192822,0.5852,-0.04,0.76,-0.81,10.74,43.09,-24.48,1.1114405067298925,50.7086393033771,"-0.04,0.76,-0.81,10.74,43.09,-24.48",hong_jean,near_miss,(near miss) HJ motion_data.csv
305,2026-07-27T13:20:09.665,12.49085,298.0283,0.04,0.78,-0.93,-14.89,-2.5,10.44,1.2144546101028233,18.35635312364632,"0.04,0.78,-0.93,-14.89,-2.50,10.44",hong_jean,near_miss,(near miss) HJ motion_data.csv
306,2026-07-27T13:20:09.665,12.491461,0.6104,0.28,0.52,-0.97,-44.13,-47.18,45.96,1.135649593844862,79.28260149616686,"0.28,0.52,-0.97,-44.13,-47.18,45.96",hong_jean,near_miss,(near miss) HJ motion_data.csv
307,2026-07-27T13:20:09.666,12.49192,0.4598,0.44,0.3,-0.88,-35.46,-50.42,54.26,1.028591269649903,82.12025085202797,"0.44,0.30,-0.88,-35.46,-50.42,54.26",hong_jean,near_miss,(near miss) HJ motion_data.csv
308,2026-07-27T13:20:09.666,12.492613,0.6922,0.33,0.5,-0.77,7.08,0.55,18.86,0.975602378020882,20.152630101304396,"0.33,0.50,-0.77,7.08,0.55,18.86",hong_jean,near_miss,(near miss) HJ motion_data.csv
309,2026-07-27T13:20:09.667,12.493156,0.5432,0.2,0.74,-0.72,44.25,59.14,-37.11,1.0516653460107925,82.66047544020056,"0.20,0.74,-0.72,44.25,59.14,-37.11",hong_jean,near_miss,(near miss) HJ motion_data.csv
310,2026-07-27T13:20:09.668,12.493899,0.7429,0.22,0.74,-0.64,47.36,74.46,-65.61,1.002796090937734,109.96332706861865,"0.22,0.74,-0.64,47.36,74.46,-65.61",hong_jean,near_miss,(near miss) HJ motion_data.csv
311,2026-07-27T13:20:09.669,12.494905,1.0061,0.32,0.65,-0.61,24.41,44.01,-46.2,0.9471008394041259,68.31667585589919,"0.32,0.65,-0.61,24.41,44.01,-46.20",hong_jean,near_miss,(near miss) HJ motion_data.csv
312,2026-07-27T13:20:09.669,12.495375,0.4698,0.36,0.64,-0.69,0.73,5.25,-1.4,1.0076209604806758,5.482280547363478,"0.36,0.64,-0.69,0.73,5.25,-1.40",hong_jean,near_miss,(near miss) HJ motion_data.csv
313,2026-07-27T13:20:09.724,12.55061,55.2359,0.31,0.65,-0.79,-17.46,-10.5,31.74,1.068971468281544,37.7164314324672,"0.31,0.65,-0.79,-17.46,-10.50,31.74",hong_jean,near_miss,(near miss) HJ motion_data.csv
314,2026-07-27T13:20:09.785,12.61118,60.5692,0.24,0.6,-0.8,-27.1,-13.73,47.67,1.0283968105745953,56.527442892810924,"0.24,0.60,-0.80,-27.10,-13.73,47.67",hong_jean,near_miss,(near miss) HJ motion_data.csv
315,2026-07-27T13:20:09.905,12.731151,119.9709,0.23,0.54,-0.75,-21.61,-12.45,44.8,0.9523654760647301,51.27411237651999,"0.23,0.54,-0.75,-21.61,-12.45,44.80",hong_jean,near_miss,(near miss) HJ motion_data.csv
316,2026-07-27T13:20:09.906,12.731765,0.6149,0.26,0.56,-0.74,-2.01,-0.37,18.8,0.9637427042525407,18.910764130515723,"0.26,0.56,-0.74,-2.01,-0.37,18.80",hong_jean,near_miss,(near miss) HJ motion_data.csv
317,2026-07-27T13:20:09.906,12.732722,0.9567,0.27,0.64,-0.74,18.55,19.96,-12.51,1.0149384217774002,29.983398739969424,"0.27,0.64,-0.74,18.55,19.96,-12.51",hong_jean,near_miss,(near miss) HJ motion_data.csv
318,2026-07-27T13:20:10.146,12.972451,239.7283,0.25,0.67,-0.71,24.35,34.67,-29.6,1.00772019926168,51.68260248865183,"0.25,0.67,-0.71,24.35,34.67,-29.60",hong_jean,near_miss,(near miss) HJ motion_data.csv
319,2026-07-27T13:20:10.148,12.973964,1.5132,0.23,0.7,-0.72,15.5,27.04,-17.7,1.030194156457898,35.84273427069983,"0.23,0.70,-0.72,15.50,27.04,-17.70",hong_jean,near_miss,(near miss) HJ motion_data.csv
320,2026-07-27T13:20:10.149,12.974757,0.7931,0.17,0.68,-0.73,-0.12,10.07,9.22,1.01202766760598,13.653852936076323,"0.17,0.68,-0.73,-0.12,10.07,9.22",hong_jean,near_miss,(near miss) HJ motion_data.csv
321,2026-07-27T13:20:10.149,12.975435,0.6781,0.16,0.63,-0.73,-10.56,-0.49,23.8,0.9774456506629922,26.04215236880393,"0.16,0.63,-0.73,-10.56,-0.49,23.80",hong_jean,near_miss,(near miss) HJ motion_data.csv
322,2026-07-27T13:20:10.150,12.975878,0.4432,0.17,0.61,-0.74,-11.29,-2.56,23.01,0.9739609848448756,25.75806281535939,"0.17,0.61,-0.74,-11.29,-2.56,23.01",hong_jean,near_miss,(near miss) HJ motion_data.csv
323,2026-07-27T13:20:10.150,12.976549,0.6712,0.18,0.62,-0.76,-6.96,4.64,10.5,0.9971960689854328,13.42464897120219,"0.18,0.62,-0.76,-6.96,4.64,10.50",hong_jean,near_miss,(near miss) HJ motion_data.csv
324,2026-07-27T13:20:10.150,12.976735,0.1854,0.18,0.63,-0.77,-0.79,11.54,-0.61,1.0110390694725897,11.58308249128875,"0.18,0.63,-0.77,-0.79,11.54,-0.61",hong_jean,near_miss,(near miss) HJ motion_data.csv
325,2026-07-27T13:20:10.205,13.030828,54.093,0.17,0.62,-0.77,3.91,14.22,-3.42,1.0030952098380292,15.139118204175567,"0.17,0.62,-0.77,3.91,14.22,-3.42",hong_jean,near_miss,(near miss) HJ motion_data.csv
326,2026-07-27T13:20:10.444,13.270599,239.7718,0.19,0.62,-0.8,9.58,16.11,-8.97,1.0298058069364342,20.779061576500514,"0.19,0.62,-0.80,9.58,16.11,-8.97",hong_jean,near_miss,(near miss) HJ motion_data.csv
327,2026-07-27T13:20:10.564,13.390024,119.4242,0.23,0.63,-0.82,15.69,13.0,-14.53,1.0593394168065304,25.025926556273596,"0.23,0.63,-0.82,15.69,13.00,-14.53",hong_jean,near_miss,(near miss) HJ motion_data.csv
328,2026-07-27T13:20:10.564,13.390633,0.6091,0.25,0.62,-0.81,17.58,1.77,-7.87,1.05023806824929,19.34234215393782,"0.25,0.62,-0.81,17.58,1.77,-7.87",hong_jean,near_miss,(near miss) HJ motion_data.csv
329,2026-07-27T13:20:10.566,13.39175,1.1172,0.23,0.59,-0.79,15.81,-14.53,10.07,1.0124722218411724,23.716700866688857,"0.23,0.59,-0.79,15.81,-14.53,10.07",hong_jean,near_miss,(near miss) HJ motion_data.csv
330,2026-07-27T13:20:10.566,13.392512,0.7618,0.22,0.58,-0.76,15.5,-40.1,43.27,0.9810198774744576,60.9963351358096,"0.22,0.58,-0.76,15.50,-40.10,43.27",hong_jean,near_miss,(near miss) HJ motion_data.csv
331,2026-07-27T13:20:10.566,13.392563,0.0508,0.2,0.56,-0.71,21.12,-35.77,40.34,0.9261209424259879,57.90391092145677,"0.20,0.56,-0.71,21.12,-35.77,40.34",hong_jean,near_miss,(near miss) HJ motion_data.csv
332,2026-07-27T13:20:10.568,13.394114,1.551,0.19,0.58,-0.67,26.92,-41.44,52.43,0.906311204829776,72.04765714442074,"0.19,0.58,-0.67,26.92,-41.44,52.43",hong_jean,near_miss,(near miss) HJ motion_data.csv
333,2026-07-27T13:20:10.568,13.394474,0.3603,0.19,0.72,-0.7,26.12,-50.9,68.66,1.0220078277586724,89.37147195833802,"0.19,0.72,-0.70,26.12,-50.90,68.66",hong_jean,near_miss,(near miss) HJ motion_data.csv
334,2026-07-27T13:20:10.569,13.394872,0.3982,0.17,0.89,-0.85,11.78,-17.52,30.03,1.2423767544509192,36.70857801658899,"0.17,0.89,-0.85,11.78,-17.52,30.03",hong_jean,near_miss,(near miss) HJ motion_data.csv
335,2026-07-27T13:20:10.625,13.451087,56.2147,0.13,0.88,-0.91,-23.25,56.09,-61.58,1.2725564820470643,86.47974907456658,"0.13,0.88,-0.91,-23.25,56.09,-61.58",hong_jean,near_miss,(near miss) HJ motion_data.csv
336,2026-07-27T13:20:10.685,13.510952,59.8657,0.02,0.62,-0.83,-65.92,60.85,-90.7,1.0361949623502327,127.57217133842317,"0.02,0.62,-0.83,-65.92,60.85,-90.70",hong_jean,near_miss,(near miss) HJ motion_data.csv
337,2026-07-27T13:20:10.685,13.511625,0.673,-0.04,0.35,-0.87,-80.2,-45.47,-18.62,0.9386160024205852,94.05458681000093,"-0.04,0.35,-0.87,-80.20,-45.47,-18.62",hong_jean,near_miss,(near miss) HJ motion_data.csv
338,2026-07-27T13:20:10.804,13.630566,118.9409,0.11,0.31,-1.02,-46.63,-92.71,-25.45,1.0717275773255068,106.85131491937757,"0.11,0.31,-1.02,-46.63,-92.71,-25.45",hong_jean,near_miss,(near miss) HJ motion_data.csv
339,2026-07-27T13:20:10.805,13.631295,0.7288,0.37,0.61,-0.91,4.52,-26.0,-137.57,1.1563304026099115,140.07831845078667,"0.37,0.61,-0.91,4.52,-26.00,-137.57",hong_jean,near_miss,(near miss) HJ motion_data.csv
340,2026-07-27T13:20:10.806,13.631843,0.548,0.34,0.74,-0.72,25.21,12.88,-171.45,1.0870142593360954,173.77151953067568,"0.34,0.74,-0.72,25.21,12.88,-171.45",hong_jean,near_miss,(near miss) HJ motion_data.csv
341,2026-07-27T13:20:10.864,13.690414,58.5704,0.24,0.68,-0.72,0.98,-22.22,-84.9,1.0190191362285599,87.76502036688649,"0.24,0.68,-0.72,0.98,-22.22,-84.90",hong_jean,near_miss,(near miss) HJ motion_data.csv
342,2026-07-27T13:20:10.986,13.812132,121.7187,0.1,0.53,-0.82,-33.45,-73.24,25.94,0.9814784765851974,84.59245651947933,"0.10,0.53,-0.82,-33.45,-73.24,25.94",hong_jean,near_miss,(near miss) HJ motion_data.csv
343,2026-07-27T13:20:10.987,13.812913,0.781,0.08,0.49,-0.84,-33.75,-76.84,56.82,0.975756117070244,101.35068080679083,"0.08,0.49,-0.84,-33.75,-76.84,56.82",hong_jean,near_miss,(near miss) HJ motion_data.csv
344,2026-07-27T13:20:10.987,13.81335,0.437,0.18,0.48,-0.77,-8.85,-35.34,20.14,0.9250405396521819,41.62760742584181,"0.18,0.48,-0.77,-8.85,-35.34,20.14",hong_jean,near_miss,(near miss) HJ motion_data.csv
345,2026-07-27T13:20:11.225,14.050862,237.512,0.27,0.42,-0.69,3.91,9.4,-5.37,0.8517041739947033,11.51021285641582,"0.27,0.42,-0.69,3.91,9.40,-5.37",hong_jean,near_miss,(near miss) HJ motion_data.csv
346,2026-07-27T13:20:11.225,14.051496,0.634,0.28,0.4,-0.64,-2.56,44.13,1.53,0.8049844718999244,44.230661310905134,"0.28,0.40,-0.64,-2.56,44.13,1.53",hong_jean,near_miss,(near miss) HJ motion_data.csv
347,2026-07-27T13:20:11.226,14.052123,0.6269,0.06,0.53,-0.72,-8.85,73.3,17.76,0.8960468737739115,75.93833090080398,"0.06,0.53,-0.72,-8.85,73.30,17.76",hong_jean,near_miss,(near miss) HJ motion_data.csv
348,2026-07-27T13:20:11.227,14.052774,0.6511,-0.32,0.77,-0.83,-5.0,83.5,32.84,1.1765202930676546,89.86498539475762,"-0.32,0.77,-0.83,-5.00,83.50,32.84",hong_jean,near_miss,(near miss) HJ motion_data.csv
349,2026-07-27T13:20:11.227,14.053451,0.6765,-0.51,0.87,-0.78,3.3,80.93,21.73,1.2749117616525467,83.86147983430773,"-0.51,0.87,-0.78,3.30,80.93,21.73",hong_jean,near_miss,(near miss) HJ motion_data.csv
350,2026-07-27T13:20:11.228,14.05419,0.7388,-0.01,1.04,-0.74,43.15,90.7,-50.29,1.2764403628842205,112.32763061687004,"-0.01,1.04,-0.74,43.15,90.70,-50.29",hong_jean,near_miss,(near miss) HJ motion_data.csv
351,2026-07-27T13:20:11.229,14.055205,1.0159,0.53,0.86,-1.0,146.67,114.38,-119.57,1.421442928857856,221.11503386246713,"0.53,0.86,-1.00,146.67,114.38,-119.57",hong_jean,near_miss,(near miss) HJ motion_data.csv
352,2026-07-27T13:20:11.284,14.11051,55.3043,0.4,0.15,-1.14,160.46,80.26,35.52,1.2174152947946728,182.8954608512743,"0.40,0.15,-1.14,160.46,80.26,35.52",hong_jean,near_miss,(near miss) HJ motion_data.csv
353,2026-07-27T13:20:11.405,14.231193,120.6829,0.13,-0.03,-0.95,36.01,17.09,177.19,0.9593226777263216,181.6179624927006,"0.13,-0.03,-0.95,36.01,17.09,177.19",hong_jean,near_miss,(near miss) HJ motion_data.csv
354,2026-07-27T13:20:11.406,14.231771,0.5784,0.06,0.32,-0.76,-52.43,26.92,24.05,0.8268010643437755,63.655273151562234,"0.06,0.32,-0.76,-52.43,26.92,24.05",hong_jean,near_miss,(near miss) HJ motion_data.csv
355,2026-07-27T13:20:11.406,14.232429,0.6575,0.21,0.62,-0.69,-32.9,48.65,-120.67,0.9511046209539725,134.20313483670938,"0.21,0.62,-0.69,-32.90,48.65,-120.67",hong_jean,near_miss,(near miss) HJ motion_data.csv
356,2026-07-27T13:20:11.465,14.291413,58.9842,0.41,0.72,-0.66,20.2,-5.68,-50.72,1.059292216529509,54.8891683303728,"0.41,0.72,-0.66,20.20,-5.68,-50.72",hong_jean,near_miss,(near miss) HJ motion_data.csv
357,2026-07-27T13:20:11.525,14.350801,59.388,0.54,0.7,-0.66,10.13,-110.41,144.59,1.1032678731840242,182.20662199821388,"0.54,0.70,-0.66,10.13,-110.41,144.59",hong_jean,near_miss,(near miss) HJ motion_data.csv
358,2026-07-27T13:20:11.525,14.351323,0.522,0.55,0.62,-0.71,-40.34,-164.86,267.46,1.0913294644606641,316.7664546633687,"0.55,0.62,-0.71,-40.34,-164.86,267.46",hong_jean,near_miss,(near miss) HJ motion_data.csv
359,2026-07-27T13:20:11.645,14.470863,119.5404,0.46,0.54,-0.79,-63.6,-115.66,224.79,1.0617438485811916,260.6774629690875,"0.46,0.54,-0.79,-63.60,-115.66,224.79",hong_jean,near_miss,(near miss) HJ motion_data.csv
360,2026-07-27T13:20:11.645,14.47144,0.5771,0.32,0.47,-0.85,-45.1,-2.08,82.34,1.0226436329435586,93.90533531168504,"0.32,0.47,-0.85,-45.10,-2.08,82.34",hong_jean,near_miss,(near miss) HJ motion_data.csv
361,2026-07-27T13:20:11.646,14.471844,0.4034,0.15,0.38,-0.89,-13.98,96.92,-42.97,0.9792854537876073,106.9361851760198,"0.15,0.38,-0.89,-13.98,96.92,-42.97",hong_jean,near_miss,(near miss) HJ motion_data.csv
362,2026-07-27T13:20:11.704,14.530628,58.7845,0.05,0.37,-0.89,16.3,126.83,-83.74,0.9651424765287248,152.85263000681408,"0.05,0.37,-0.89,16.30,126.83,-83.74",hong_jean,near_miss,(near miss) HJ motion_data.csv
363,2026-07-27T13:20:11.765,14.590913,60.2852,0.03,0.53,-0.81,41.02,83.92,-39.67,0.9684523736353793,101.48357354764366,"0.03,0.53,-0.81,41.02,83.92,-39.67",hong_jean,near_miss,(near miss) HJ motion_data.csv
364,2026-07-27T13:20:11.825,14.650912,59.9991,-0.01,0.74,-0.8,50.35,24.72,10.86,1.0898164983151981,57.132657036059506,"-0.01,0.74,-0.80,50.35,24.72,10.86",hong_jean,near_miss,(near miss) HJ motion_data.csv
365,2026-07-27T13:20:11.825,14.651684,0.7712,-0.04,0.83,-0.85,46.2,4.64,-8.24,1.1886967653695368,47.157896475563874,"-0.04,0.83,-0.85,46.20,4.64,-8.24",hong_jean,near_miss,(near miss) HJ motion_data.csv
366,2026-07-27T13:20:12.005,14.831321,179.6372,-0.02,0.75,-0.87,30.76,23.38,-92.71,1.1488254871824528,100.43876791359001,"-0.02,0.75,-0.87,30.76,23.38,-92.71",hong_jean,near_miss,(near miss) HJ motion_data.csv
367,2026-07-27T13:20:12.006,14.832197,0.8764,0.07,0.67,-0.98,9.34,18.01,-161.68,1.1892014127135908,162.94789995578344,"0.07,0.67,-0.98,9.34,18.01,-161.68",hong_jean,near_miss,(near miss) HJ motion_data.csv
368,2026-07-27T13:20:12.007,14.833264,1.0662,0.24,0.72,-1.15,-0.49,-66.1,-140.38,1.3778606605894517,155.16441119019527,"0.24,0.72,-1.15,-0.49,-66.10,-140.38",hong_jean,near_miss,(near miss) HJ motion_data.csv
369,2026-07-27T13:20:12.008,14.834214,0.951,0.49,0.48,-1.22,-10.19,-168.33,-53.41,1.3996070877214075,176.8939035128119,"0.49,0.48,-1.22,-10.19,-168.33,-53.41",hong_jean,near_miss,(near miss) HJ motion_data.csv
370,2026-07-27T13:20:12.009,14.835174,0.9593,0.61,0.15,-1.07,-5.68,-190.98,27.95,1.2407658925034972,193.09796814052703,"0.61,0.15,-1.07,-5.68,-190.98,27.95",hong_jean,near_miss,(near miss) HJ motion_data.csv
371,2026-07-27T13:20:12.125,14.95158,116.4058,0.55,0.24,-0.77,34.91,-113.71,6.47,0.9762171889492625,119.12402402538288,"0.55,0.24,-0.77,34.91,-113.71,6.47",hong_jean,near_miss,(near miss) HJ motion_data.csv
372,2026-07-27T13:20:12.126,14.95257,0.99,0.45,0.37,-0.62,44.56,-20.26,-57.37,0.8507643622061282,75.41470745153096,"0.45,0.37,-0.62,44.56,-20.26,-57.37",hong_jean,near_miss,(near miss) HJ motion_data.csv
373,2026-07-27T13:20:12.127,14.953074,0.5045,0.26,0.39,-0.71,-3.05,20.94,-39.43,0.8507643622061282,44.749424577306016,"0.26,0.39,-0.71,-3.05,20.94,-39.43",hong_jean,near_miss,(near miss) HJ motion_data.csv
374,2026-07-27T13:20:12.185,15.010779,57.7052,-0.03,0.46,-0.8,-49.44,37.29,7.57,0.9233092656309695,62.387199007488704,"-0.03,0.46,-0.80,-49.44,37.29,7.57",hong_jean,near_miss,(near miss) HJ motion_data.csv
375,2026-07-27T13:20:12.365,15.19131,180.5308,-0.28,0.52,-0.85,-56.09,54.75,21.55,1.0350362312499017,81.28993234097321,"-0.28,0.52,-0.85,-56.09,54.75,21.55",hong_jean,near_miss,(near miss) HJ motion_data.csv
376,2026-07-27T13:20:12.365,15.19169,0.38,-0.35,0.59,-0.88,-29.6,64.94,-3.97,1.1157956802210698,71.47814001497241,"-0.35,0.59,-0.88,-29.60,64.94,-3.97",hong_jean,near_miss,(near miss) HJ motion_data.csv
377,2026-07-27T13:20:12.484,15.310656,118.9661,-0.17,0.65,-0.79,4.39,62.01,-53.53,1.0370631610466163,82.03641325655333,"-0.17,0.65,-0.79,4.39,62.01,-53.53",hong_jean,near_miss,(near miss) HJ motion_data.csv
378,2026-07-27T13:20:12.485,15.311624,0.9678,0.16,0.5,-0.68,22.95,48.52,-81.05,0.8590692637965812,97.21108681626802,"0.16,0.50,-0.68,22.95,48.52,-81.05",hong_jean,near_miss,(near miss) HJ motion_data.csv
379,2026-07-27T13:20:12.486,15.312242,0.6184,0.38,0.36,-0.78,20.08,32.41,-57.62,0.9393614852653903,69.09181500004179,"0.38,0.36,-0.78,20.08,32.41,-57.62",hong_jean,near_miss,(near miss) HJ motion_data.csv
380,2026-07-27T13:20:12.486,15.312477,0.2349,0.36,0.43,-0.98,8.85,20.87,-10.01,1.1291146974510604,24.780627514249918,"0.36,0.43,-0.98,8.85,20.87,-10.01",hong_jean,near_miss,(near miss) HJ motion_data.csv
381,2026-07-27T13:20:12.487,15.313119,0.6418,0.29,0.5,-0.93,10.86,15.32,2.75,1.094988584415381,18.979054244087084,"0.29,0.50,-0.93,10.86,15.32,2.75",hong_jean,near_miss,(near miss) HJ motion_data.csv
382,2026-07-27T13:20:12.488,15.313782,0.6631,0.3,0.58,-0.78,40.83,22.71,-44.13,1.0172511980823618,64.26733151454167,"0.30,0.58,-0.78,40.83,22.71,-44.13",hong_jean,near_miss,(near miss) HJ motion_data.csv
383,2026-07-27T13:20:12.545,15.370923,57.1409,0.3,0.74,-0.89,67.08,31.86,-72.45,1.1957006314291216,103.74867950966893,"0.30,0.74,-0.89,67.08,31.86,-72.45",hong_jean,near_miss,(near miss) HJ motion_data.csv
384,2026-07-27T13:20:12.784,15.61074,239.8168,0.23,0.83,-1.05,46.2,18.98,-10.93,1.3580500727145521,51.128713068099024,"0.23,0.83,-1.05,46.20,18.98,-10.93",hong_jean,near_miss,(near miss) HJ motion_data.csv
385,2026-07-27T13:20:12.785,15.611335,0.5946,0.14,0.74,-1.02,-2.26,-4.09,81.18,1.267911668847637,81.3143781873784,"0.14,0.74,-1.02,-2.26,-4.09,81.18",hong_jean,near_miss,(near miss) HJ motion_data.csv
386,2026-07-27T13:20:12.785,15.611433,0.0982,0.07,0.54,-0.85,-33.75,-3.36,110.53,1.0094552986635912,115.61675051652334,"0.07,0.54,-0.85,-33.75,-3.36,110.53",hong_jean,near_miss,(near miss) HJ motion_data.csv
387,2026-07-27T13:20:12.964,15.790421,178.9887,0.11,0.24,-0.75,-39.79,16.66,78.06,0.7951100552753688,89.1861160719537,"0.11,0.24,-0.75,-39.79,16.66,78.06",hong_jean,near_miss,(near miss) HJ motion_data.csv
388,2026-07-27T13:20:12.965,15.791015,0.5934,0.15,0.09,-0.67,-22.46,27.16,43.52,0.6924593850905626,56.000960706045035,"0.15,0.09,-0.67,-22.46,27.16,43.52",hong_jean,near_miss,(near miss) HJ motion_data.csv
389,2026-07-27T13:20:12.965,15.791611,0.5965,0.09,0.28,-0.59,12.57,24.17,29.54,0.6592419889539803,40.18464134467297,"0.09,0.28,-0.59,12.57,24.17,29.54",hong_jean,near_miss,(near miss) HJ motion_data.csv
390,2026-07-27T13:20:12.965,15.791666,0.055,-0.01,0.46,-0.44,34.12,26.31,18.31,0.6366317616958802,46.81502536579469,"-0.01,0.46,-0.44,34.12,26.31,18.31",hong_jean,near_miss,(near miss) HJ motion_data.csv
391,2026-07-27T13:20:12.967,15.793251,1.5846,-0.07,0.62,-0.41,29.6,34.06,-7.51,0.7465922581972037,45.7454227218418,"-0.07,0.62,-0.41,29.60,34.06,-7.51",hong_jean,near_miss,(near miss) HJ motion_data.csv
392,2026-07-27T13:20:12.967,15.793678,0.4274,0.05,0.83,-0.92,12.94,-0.85,-8.79,1.2400806425390245,15.666212050141539,"0.05,0.83,-0.92,12.94,-0.85,-8.79",hong_jean,near_miss,(near miss) HJ motion_data.csv
393,2026-07-27T13:20:12.968,15.794338,0.6595,0.39,0.56,-1.63,-14.22,-75.56,26.12,1.7670880000724356,81.20207140215082,"0.39,0.56,-1.63,-14.22,-75.56,26.12",hong_jean,near_miss,(near miss) HJ motion_data.csv
394,2026-07-27T13:20:12.969,15.795281,0.9432,0.53,0.14,-1.77,-27.47,-102.91,31.74,1.8529436041067198,111.14178602128004,"0.53,0.14,-1.77,-27.47,-102.91,31.74",hong_jean,near_miss,(near miss) HJ motion_data.csv
395,2026-07-27T13:20:13.025,15.85106,55.7794,0.33,0.07,-1.37,-26.43,-65.25,3.05,1.4109216845735983,70.46566468855595,"0.33,0.07,-1.37,-26.43,-65.25,3.05",hong_jean,near_miss,(near miss) HJ motion_data.csv
396,2026-07-27T13:20:13.085,15.910939,59.8786,0.18,0.17,-0.96,-19.71,-19.65,-21.48,0.9914131328563285,35.1567489964587,"0.18,0.17,-0.96,-19.71,-19.65,-21.48",hong_jean,near_miss,(near miss) HJ motion_data.csv
397,2026-07-27T13:20:13.085,15.911295,0.3559,0.21,0.32,-0.73,-5.0,-0.61,-28.63,0.824257241399795,29.06972652090143,"0.21,0.32,-0.73,-5.00,-0.61,-28.63",hong_jean,near_miss,(near miss) HJ motion_data.csv
398,2026-07-27T13:20:13.506,16.331766,420.471,0.16,0.36,-0.74,-5.8,-5.92,-11.11,0.8383316766053874,13.860681801412223,"0.16,0.36,-0.74,-5.80,-5.92,-11.11",hong_jean,near_miss,(near miss) HJ motion_data.csv
399,2026-07-27T13:20:13.506,16.332512,0.7466,0.01,0.37,-0.88,-12.51,-19.17,13.12,0.9546727187890099,26.384150545355823,"0.01,0.37,-0.88,-12.51,-19.17,13.12",hong_jean,near_miss,(near miss) HJ motion_data.csv
400,2026-07-27T13:20:13.507,16.333713,1.2005,0.01,0.38,-1.02,-10.5,-33.57,22.22,1.0885311203635843,41.6043663573909,"0.01,0.38,-1.02,-10.50,-33.57,22.22",hong_jean,near_miss,(near miss) HJ motion_data.csv
401,2026-07-27T13:20:13.508,16.334333,0.6197,0.03,0.35,-1.13,-8.18,-44.19,25.15,1.1833427229674418,51.499427181280375,"0.03,0.35,-1.13,-8.18,-44.19,25.15",hong_jean,near_miss,(near miss) HJ motion_data.csv
402,2026-07-27T13:20:13.509,16.335421,1.0879,-0.01,0.35,-1.11,-5.25,-45.9,26.55,1.1639158045150861,53.284847752433336,"-0.01,0.35,-1.11,-5.25,-45.90,26.55",hong_jean,near_miss,(near miss) HJ motion_data.csv
403,2026-07-27T13:20:13.510,16.336126,0.705,-0.0,0.36,-1.02,-0.79,-45.04,24.35,1.0816653826391966,51.20691554858582,"-0.00,0.36,-1.02,-0.79,-45.04,24.35",hong_jean,near_miss,(near miss) HJ motion_data.csv
404,2026-07-27T13:20:13.510,16.336578,0.4522,-0.01,0.33,-0.97,-0.12,-57.01,33.69,1.0246462804304712,66.22062065550277,"-0.01,0.33,-0.97,-0.12,-57.01,33.69",hong_jean,near_miss,(near miss) HJ motion_data.csv
405,2026-07-27T13:20:13.510,16.33669,0.1122,0.03,0.31,-0.87,7.08,-59.14,34.36,0.9240670971309388,68.7624577803906,"0.03,0.31,-0.87,7.08,-59.14,34.36",hong_jean,near_miss,(near miss) HJ motion_data.csv
406,2026-07-27T13:20:13.511,16.336991,0.3009,0.14,0.29,-0.67,-1.34,-53.34,39.92,0.743370701601832,66.63750895704311,"0.14,0.29,-0.67,-1.34,-53.34,39.92",hong_jean,near_miss,(near miss) HJ motion_data.csv
407,2026-07-27T13:20:13.511,16.33729,0.2988,0.16,0.26,-0.5,-27.4,-45.47,56.4,0.5858327406350724,77.4547667997264,"0.16,0.26,-0.50,-27.40,-45.47,56.40",hong_jean,near_miss,(near miss) HJ motion_data.csv
408,2026-07-27T13:20:13.812,16.638009,300.7194,-0.03,0.34,-0.5,-45.23,-36.19,64.94,0.6053924347066125,87.02110433682165,"-0.03,0.34,-0.50,-45.23,-36.19,64.94",hong_jean,near_miss,(near miss) HJ motion_data.csv
409,2026-07-27T13:20:13.925,16.751616,113.6065,-0.21,0.44,-0.76,-28.2,-14.28,37.78,0.9029396436085858,49.25938286255726,"-0.21,0.44,-0.76,-28.20,-14.28,37.78",hong_jean,near_miss,(near miss) HJ motion_data.csv
410,2026-07-27T13:20:13.936,16.762271,10.655,-0.12,0.61,-1.09,-1.4,17.82,-19.84,1.254830665866913,26.70464379092146,"-0.12,0.61,-1.09,-1.40,17.82,-19.84",hong_jean,near_miss,(near miss) HJ motion_data.csv
411,2026-07-27T13:20:13.937,16.762756,0.4855,0.03,0.77,-1.11,0.0,23.44,-23.99,1.351258672497609,33.54032945574626,"0.03,0.77,-1.11,0.00,23.44,-23.99",hong_jean,near_miss,(near miss) HJ motion_data.csv
412,2026-07-27T13:20:14.164,16.990248,227.4921,0.06,0.72,-0.81,-12.08,16.66,10.68,1.0854031509075326,23.185003773991497,"0.06,0.72,-0.81,-12.08,16.66,10.68",hong_jean,near_miss,(near miss) HJ motion_data.csv
413,2026-07-27T13:20:14.165,16.99094,0.6919,-0.06,0.61,-0.83,-18.68,17.58,22.16,1.0317945531936095,33.89785243935078,"-0.06,0.61,-0.83,-18.68,17.58,22.16",hong_jean,near_miss,(near miss) HJ motion_data.csv
414,2026-07-27T13:20:14.165,16.991402,0.4624,0.04,0.58,-0.8,-13.18,23.5,12.27,0.9889388252060893,29.60600108086197,"0.04,0.58,-0.80,-13.18,23.50,12.27",hong_jean,near_miss,(near miss) HJ motion_data.csv
415,2026-07-27T13:20:14.165,16.991716,0.3133,0.04,0.58,-0.81,-8.79,32.71,-4.15,0.9970456358662827,34.123755654968576,"0.04,0.58,-0.81,-8.79,32.71,-4.15",hong_jean,near_miss,(near miss) HJ motion_data.csv
416,2026-07-27T13:20:14.166,16.992679,0.9635,0.06,0.58,-0.83,-7.81,29.17,-3.85,1.014347080638575,30.441870836070507,"0.06,0.58,-0.83,-7.81,29.17,-3.85",hong_jean,near_miss,(near miss) HJ motion_data.csv
417,2026-07-27T13:20:14.167,16.99366,0.9803,0.07,0.6,-0.83,-3.05,19.23,1.95,1.026547612144707,19.56777708376708,"0.07,0.60,-0.83,-3.05,19.23,1.95",hong_jean,near_miss,(near miss) HJ motion_data.csv
418,2026-07-27T13:20:14.168,16.994089,0.4292,0.05,0.61,-0.81,0.06,8.54,8.12,1.0152339631828715,11.784294633112326,"0.05,0.61,-0.81,0.06,8.54,8.12",hong_jean,near_miss,(near miss) HJ motion_data.csv
419,2026-07-27T13:20:14.169,16.99486,0.7712,0.05,0.57,-0.79,1.89,-0.98,15.08,0.9754486147409304,15.229540373891787,"0.05,0.57,-0.79,1.89,-0.98,15.08",hong_jean,near_miss,(near miss) HJ motion_data.csv
420,2026-07-27T13:20:14.170,16.995846,0.9862,0.12,0.57,-0.81,8.67,0.12,10.44,0.9976973488989535,13.57117902026202,"0.12,0.57,-0.81,8.67,0.12,10.44",hong_jean,near_miss,(near miss) HJ motion_data.csv
421,2026-07-27T13:20:14.170,16.996657,0.8109,0.2,0.63,-0.85,18.55,11.6,-6.53,1.0767543823918249,22.83206955140072,"0.20,0.63,-0.85,18.55,11.60,-6.53",hong_jean,near_miss,(near miss) HJ motion_data.csv
422,2026-07-27T13:20:14.171,16.99743,0.7732,0.22,0.66,-0.86,21.0,17.15,-11.66,1.1061645447219866,29.51403225586094,"0.22,0.66,-0.86,21.00,17.15,-11.66",hong_jean,near_miss,(near miss) HJ motion_data.csv
423,2026-07-27T13:20:14.172,16.998147,0.7164,0.23,0.63,-0.83,13.37,10.07,8.91,1.0670988707706517,18.961801074792447,"0.23,0.63,-0.83,13.37,10.07,8.91",hong_jean,near_miss,(near miss) HJ motion_data.csv
424,2026-07-27T13:20:14.173,16.99916,1.0133,0.21,0.63,-0.87,10.62,7.2,30.7,1.0944861808172819,33.27332865825119,"0.21,0.63,-0.87,10.62,7.20,30.70",hong_jean,near_miss,(near miss) HJ motion_data.csv
425,2026-07-27T13:20:14.225,17.05077,51.6102,0.1,0.69,-0.95,17.09,20.39,26.06,1.1783887304281215,37.24169437606189,"0.10,0.69,-0.95,17.09,20.39,26.06",hong_jean,near_miss,(near miss) HJ motion_data.csv
426,2026-07-27T13:20:14.285,17.111405,60.6351,0.03,0.69,-0.97,21.79,32.71,15.44,1.1907560623402258,42.22726370486252,"0.03,0.69,-0.97,21.79,32.71,15.44",hong_jean,near_miss,(near miss) HJ motion_data.csv
427,2026-07-27T13:20:14.286,17.112034,0.6291,0.1,0.63,-1.01,25.45,31.13,32.29,1.1945710527214362,51.56959860227729,"0.10,0.63,-1.01,25.45,31.13,32.29",hong_jean,near_miss,(near miss) HJ motion_data.csv
428,2026-07-27T13:20:14.585,17.411448,299.4132,0.2,0.61,-1.1,38.45,32.29,62.5,1.2736168968728392,80.17042222665414,"0.20,0.61,-1.10,38.45,32.29,62.50",hong_jean,near_miss,(near miss) HJ motion_data.csv
429,2026-07-27T13:20:14.586,17.412059,0.6116,0.14,0.67,-1.07,64.58,52.8,59.94,1.2701968351401292,102.71913161626708,"0.14,0.67,-1.07,64.58,52.80,59.94",hong_jean,near_miss,(near miss) HJ motion_data.csv
430,2026-07-27T13:20:14.587,17.412867,0.8083,-0.05,0.81,-0.79,82.28,72.51,29.42,1.1325634640054394,113.54838131827333,"-0.05,0.81,-0.79,82.28,72.51,29.42",hong_jean,near_miss,(near miss) HJ motion_data.csv
431,2026-07-27T13:20:14.588,17.414034,1.1661,-0.15,0.74,-0.47,60.12,51.94,32.41,0.8893818077743664,85.8055132261325,"-0.15,0.74,-0.47,60.12,51.94,32.41",hong_jean,near_miss,(near miss) HJ motion_data.csv
432,2026-07-27T13:20:14.588,17.414727,0.693,-0.1,0.37,-0.37,13.85,3.05,63.23,0.5327288240746881,64.80090971583655,"-0.10,0.37,-0.37,13.85,3.05,63.23",hong_jean,near_miss,(near miss) HJ motion_data.csv
433,2026-07-27T13:20:14.591,17.416849,2.1222,-0.1,0.23,-0.41,1.95,-12.57,34.3,0.4806245936279166,36.582747299786,"-0.10,0.23,-0.41,1.95,-12.57,34.30",hong_jean,near_miss,(near miss) HJ motion_data.csv
434,2026-07-27T13:20:14.591,17.417076,0.2267,-0.12,0.38,-0.53,26.06,24.35,-79.16,0.6630987860040162,86.82368167729355,"-0.12,0.38,-0.53,26.06,24.35,-79.16",hong_jean,near_miss,(near miss) HJ motion_data.csv
435,2026-07-27T13:20:14.645,17.471092,54.0163,-0.04,0.6,-0.85,54.63,56.64,-194.76,1.0412012293500232,210.05709723787004,"-0.04,0.60,-0.85,54.63,56.64,-194.76",hong_jean,near_miss,(near miss) HJ motion_data.csv
436,2026-07-27T13:20:14.645,17.471735,0.6436,0.18,0.89,-1.23,78.12,34.85,-246.52,1.5288557812952797,260.93939392127055,"0.18,0.89,-1.23,78.12,34.85,-246.52",hong_jean,near_miss,(near miss) HJ motion_data.csv
437,2026-07-27T13:20:14.764,17.590669,118.9337,0.48,1.08,-1.36,71.04,-16.78,-236.45,1.8017769007288333,247.46081002857804,"0.48,1.08,-1.36,71.04,-16.78,-236.45",hong_jean,near_miss,(near miss) HJ motion_data.csv
438,2026-07-27T13:20:14.765,17.591094,0.4253,0.63,0.96,-1.28,20.69,-48.95,-173.89,1.7195638982020993,181.8293449913957,"0.63,0.96,-1.28,20.69,-48.95,-173.89",hong_jean,near_miss,(near miss) HJ motion_data.csv
439,2026-07-27T13:20:14.765,17.591725,0.6309,0.53,0.6,-1.19,-36.8,-55.79,-85.94,1.4342245291445828,108.86894736333221,"0.53,0.60,-1.19,-36.80,-55.79,-85.94",hong_jean,near_miss,(near miss) HJ motion_data.csv
440,2026-07-27T13:20:15.124,17.950562,358.8363,0.37,0.41,-1.04,-48.83,-44.37,-48.16,1.1775398082442903,81.68507452405242,"0.37,0.41,-1.04,-48.83,-44.37,-48.16",hong_jean,near_miss,(near miss) HJ motion_data.csv
441,2026-07-27T13:20:15.125,17.951497,0.9358,0.17,0.39,-0.82,-32.29,-15.81,-71.04,0.9237965143904798,79.61960688172229,"0.17,0.39,-0.82,-32.29,-15.81,-71.04",hong_jean,near_miss,(near miss) HJ motion_data.csv
442,2026-07-27T13:20:15.126,17.951996,0.4988,0.04,0.34,-0.62,-25.88,6.41,-83.19,0.708237248385031,87.35810551975128,"0.04,0.34,-0.62,-25.88,6.41,-83.19",hong_jean,near_miss,(near miss) HJ motion_data.csv
443,2026-07-27T13:20:15.127,17.952874,0.8776,0.07,0.23,-0.4,-30.46,11.35,-62.87,0.46669047558312143,70.77620362805567,"0.07,0.23,-0.40,-30.46,11.35,-62.87",hong_jean,near_miss,(near miss) HJ motion_data.csv
444,2026-07-27T13:20:15.127,17.953469,0.5955,0.16,0.18,-0.24,-36.93,13.61,-44.92,0.33999999999999997,59.72322328876766,"0.16,0.18,-0.24,-36.93,13.61,-44.92",hong_jean,near_miss,(near miss) HJ motion_data.csv
445,2026-07-27T13:20:15.128,17.954307,0.838,0.28,0.15,-0.26,-40.28,20.45,-43.82,0.41048751503547587,62.93546933168927,"0.28,0.15,-0.26,-40.28,20.45,-43.82",hong_jean,near_miss,(near miss) HJ motion_data.csv
446,2026-07-27T13:20:15.129,17.955396,1.0887,0.45,0.21,-1.06,-35.22,16.72,-28.44,1.170555423719868,48.2580604666205,"0.45,0.21,-1.06,-35.22,16.72,-28.44",hong_jean,near_miss,(near miss) HJ motion_data.csv
447,2026-07-27T13:20:15.130,17.956124,0.7279,0.6,0.36,-1.77,-5.55,-19.1,24.48,1.9032866310674281,31.54176437677512,"0.60,0.36,-1.77,-5.55,-19.10,24.48",hong_jean,near_miss,(near miss) HJ motion_data.csv
448,2026-07-27T13:20:15.130,17.956688,0.564,0.66,0.46,-1.46,27.47,-60.97,93.99,1.6669733051251898,115.35190462233382,"0.66,0.46,-1.46,27.47,-60.97,93.99",hong_jean,near_miss,(near miss) HJ motion_data.csv
449,2026-07-27T13:20:15.185,18.010843,54.1555,0.59,0.69,-1.24,50.05,-73.43,149.54,1.5368148880070103,173.95165707747657,"0.59,0.69,-1.24,50.05,-73.43,149.54",hong_jean,near_miss,(near miss) HJ motion_data.csv
450,2026-07-27T13:20:15.245,18.070808,59.965,0.33,0.85,-1.21,71.78,-45.72,165.71,1.515090756357519,186.2860459078994,"0.33,0.85,-1.21,71.78,-45.72,165.71",hong_jean,near_miss,(near miss) HJ motion_data.csv
451,2026-07-27T13:20:15.245,18.071496,0.6878,0.02,0.75,-0.87,80.75,29.3,95.21,1.1488254871824528,128.23414755828495,"0.02,0.75,-0.87,80.75,29.30,95.21",hong_jean,near_miss,(near miss) HJ motion_data.csv
452,2026-07-27T13:20:15.366,18.19236,120.8643,-0.16,0.59,-0.49,65.92,97.47,-6.77,0.7834538914320357,117.86297213289677,"-0.16,0.59,-0.49,65.92,97.47,-6.77",hong_jean,near_miss,(near miss) HJ motion_data.csv
453,2026-07-27T13:20:15.367,18.192991,0.6308,-0.2,0.48,-0.26,27.83,84.59,1.65,0.5813776741499453,89.06570327572786,"-0.20,0.48,-0.26,27.83,84.59,1.65",hong_jean,near_miss,(near miss) HJ motion_data.csv
454,2026-07-27T13:20:15.367,18.193488,0.4964,-0.15,0.34,-0.21,-15.56,22.71,82.15,0.4268489194082609,86.63994575252227,"-0.15,0.34,-0.21,-15.56,22.71,82.15",hong_jean,near_miss,(near miss) HJ motion_data.csv
455,2026-07-27T13:20:15.426,18.252331,58.8436,-0.11,0.25,-0.14,-49.32,-8.12,90.82,0.3069201850644561,103.66614297831283,"-0.11,0.25,-0.14,-49.32,-8.12,90.82",hong_jean,near_miss,(near miss) HJ motion_data.csv
456,2026-07-27T13:20:15.665,18.490939,238.6079,-0.1,0.45,-0.38,-56.95,-21.0,39.31,0.5974110812497538,72.31582537729899,"-0.10,0.45,-0.38,-56.95,-21.00,39.31",hong_jean,near_miss,(near miss) HJ motion_data.csv
457,2026-07-27T13:20:15.665,18.491344,0.4046,0.05,0.89,-1.45,-26.12,-80.26,18.62,1.702086954300514,86.43278544626455,"0.05,0.89,-1.45,-26.12,-80.26,18.62",hong_jean,near_miss,(near miss) HJ motion_data.csv
458,2026-07-27T13:20:15.666,18.491966,0.6222,0.46,0.59,-2.57,-17.33,-163.15,64.51,2.6766770443966523,176.2946156296329,"0.46,0.59,-2.57,-17.33,-163.15,64.51",hong_jean,near_miss,(near miss) HJ motion_data.csv
459,2026-07-27T13:20:15.666,18.492628,0.6621,0.72,0.21,-2.61,-38.64,-176.39,112.67,2.7156214758320054,212.84034063118767,"0.72,0.21,-2.61,-38.64,-176.39,112.67",hong_jean,near_miss,(near miss) HJ motion_data.csv
460,2026-07-27T13:20:15.667,18.493205,0.5772,0.62,0.53,-1.8,-41.69,-97.6,63.96,1.9761831898890347,123.91407385765346,"0.62,0.53,-1.80,-41.69,-97.60,63.96",hong_jean,near_miss,(near miss) HJ motion_data.csv
461,2026-07-27T13:20:15.668,18.493888,0.6829,0.44,0.63,-0.87,-51.94,5.13,-32.41,1.1607756027760059,61.43686678208777,"0.44,0.63,-0.87,-51.94,5.13,-32.41",hong_jean,near_miss,(near miss) HJ motion_data.csv
462,2026-07-27T13:20:15.725,18.551178,57.2898,0.27,0.4,-0.2,-78.8,88.99,-99.3,0.5223983154643591,154.8843119880125,"0.27,0.40,-0.20,-78.80,88.99,-99.30",hong_jean,near_miss,(near miss) HJ motion_data.csv
463,2026-07-27T13:20:15.725,18.551739,0.5607,0.06,-0.22,0.01,-72.14,159.18,-124.76,0.22825424421026655,214.72659267077287,"0.06,-0.22,0.01,-72.14,159.18,-124.76",hong_jean,near_miss,(near miss) HJ motion_data.csv
464,2026-07-27T13:20:16.325,19.151041,599.3021,-0.09,-0.6,0.02,153.38,200.99,-81.85,0.6070420084310475,265.74767543668185,"-0.09,-0.60,0.02,153.38,200.99,-81.85",hong_jean,near_miss,(near miss) HJ motion_data.csv
465,2026-07-27T13:20:16.325,19.151629,0.588,-0.06,-0.32,0.03,428.1,216.74,-87.46,0.3269556544854363,487.74490176730706,"-0.06,-0.32,0.03,428.10,216.74,-87.46",hong_jean,near_miss,(near miss) HJ motion_data.csv
466,2026-07-27T13:20:16.326,19.152222,0.5933,0.26,-0.07,-0.73,367.13,171.87,-159.48,0.7780745465570763,435.61175856489456,"0.26,-0.07,-0.73,367.13,171.87,-159.48",hong_jean,near_miss,(near miss) HJ motion_data.csv
467,2026-07-27T13:20:16.327,19.152924,0.7015,0.61,-0.06,-2.09,162.23,-61.95,-78.8,2.1780266297729236,190.69823124507474,"0.61,-0.06,-2.09,162.23,-61.95,-78.80",hong_jean,near_miss,(near miss) HJ motion_data.csv
468,2026-07-27T13:20:16.327,19.153578,0.6541,0.53,0.02,-2.02,-14.22,-222.78,78.49,2.0884683382804727,236.63012678017142,"0.53,0.02,-2.02,-14.22,-222.78,78.49",hong_jean,near_miss,(near miss) HJ motion_data.csv
469,2026-07-27T13:20:16.328,19.154295,0.7176,0.2,0.18,-0.77,-143.37,-111.27,67.75,0.8156592425762121,193.716370758901,"0.20,0.18,-0.77,-143.37,-111.27,67.75",hong_jean,near_miss,(near miss) HJ motion_data.csv
470,2026-07-27T13:20:16.329,19.154927,0.6319,-0.06,0.28,0.05,-120.54,7.14,-36.07,0.2906888370749727,126.02347440060524,"-0.06,0.28,0.05,-120.54,7.14,-36.07",hong_jean,near_miss,(near miss) HJ motion_data.csv
471,2026-07-27T13:20:16.330,19.155803,0.8761,-0.26,0.38,0.17,-41.99,17.88,-65.73,0.4908156476723211,80.02054361224998,"-0.26,0.38,0.17,-41.99,17.88,-65.73",hong_jean,near_miss,(near miss) HJ motion_data.csv
472,2026-07-27T13:20:16.330,19.15665,0.8465,-0.2,0.14,-0.27,-13.24,-49.38,61.22,0.3640054944640259,79.75945335820701,"-0.20,0.14,-0.27,-13.24,-49.38,61.22",hong_jean,near_miss,(near miss) HJ motion_data.csv
473,2026-07-27T13:20:16.331,19.157387,0.7375,-0.04,-0.25,-1.25,-40.22,-127.75,216.13,1.2753822956274719,254.2634220645982,"-0.04,-0.25,-1.25,-40.22,-127.75,216.13",hong_jean,near_miss,(near miss) HJ motion_data.csv
474,2026-07-27T13:20:16.332,19.158092,0.7051,-0.26,-0.57,-2.4,-84.47,-164.0,211.55,2.4804233509624924,280.68591592739386,"-0.26,-0.57,-2.40,-84.47,-164.00,211.55",hong_jean,near_miss,(near miss) HJ motion_data.csv
475,2026-07-27T13:20:16.333,19.158974,0.8812,-0.52,-0.77,-2.56,-79.53,-133.61,122.31,2.7233986120287277,197.8291917286223,"-0.52,-0.77,-2.56,-79.53,-133.61,122.31",hong_jean,near_miss,(near miss) HJ motion_data.csv
476,2026-07-27T13:20:16.334,19.160099,1.125,-0.33,-0.59,-1.97,31.19,16.36,11.29,2.0827625884867436,36.98553501032532,"-0.33,-0.59,-1.97,31.19,16.36,11.29",hong_jean,near_miss,(near miss) HJ motion_data.csv
477,2026-07-27T13:20:16.335,19.160945,0.8467,-0.02,-0.26,-1.51,30.82,36.93,75.68,1.5323511346946561,89.67251362597126,"-0.02,-0.26,-1.51,30.82,36.93,75.68",hong_jean,near_miss,(near miss) HJ motion_data.csv
478,2026-07-27T13:20:16.335,19.161736,0.7911,0.05,-0.07,-1.17,-0.06,40.28,138.98,1.1731581308587518,144.69942086960816,"0.05,-0.07,-1.17,-0.06,40.28,138.98",hong_jean,near_miss,(near miss) HJ motion_data.csv
479,2026-07-27T13:20:16.506,19.332438,170.7016,-0.08,-0.16,-0.91,-8.18,51.21,111.69,0.9274157643689265,123.14232659812791,"-0.08,-0.16,-0.91,-8.18,51.21,111.69",hong_jean,near_miss,(near miss) HJ motion_data.csv
480,2026-07-27T13:20:16.507,19.333091,0.6529,-0.15,-0.16,-0.66,21.48,58.78,-20.08,0.6954854419756031,65.72431209225395,"-0.15,-0.16,-0.66,21.48,58.78,-20.08",hong_jean,near_miss,(near miss) HJ motion_data.csv
481,2026-07-27T13:20:16.507,19.333581,0.49,0.02,0.14,-0.34,83.07,50.84,-114.07,0.3682390527904394,149.99098439572958,"0.02,0.14,-0.34,83.07,50.84,-114.07",hong_jean,near_miss,(near miss) HJ motion_data.csv
482,2026-07-27T13:20:16.509,19.334759,1.178,0.26,0.61,-0.46,139.77,30.09,-89.72,0.8070315978944071,168.7920004028627,"0.26,0.61,-0.46,139.77,30.09,-89.72",hong_jean,near_miss,(near miss) HJ motion_data.csv
483,2026-07-27T13:20:16.625,19.451008,116.2496,0.33,0.87,-1.19,90.64,23.32,-46.39,1.5105959089048269,104.45795374216365,"0.33,0.87,-1.19,90.64,23.32,-46.39",hong_jean,near_miss,(near miss) HJ motion_data.csv
484,2026-07-27T13:20:16.625,19.451442,0.4338,0.09,0.7,-1.59,-30.09,34.42,-12.15,1.739597654631668,47.30504201456754,"0.09,0.70,-1.59,-30.09,34.42,-12.15",hong_jean,near_miss,(near miss) HJ motion_data.csv
485,2026-07-27T13:20:16.626,19.452202,0.7597,-0.06,0.15,-1.29,-99.06,36.62,98.75,1.300076920801227,144.58724182997614,"-0.06,0.15,-1.29,-99.06,36.62,98.75",hong_jean,near_miss,(near miss) HJ motion_data.csv
486,2026-07-27T13:20:16.806,19.632413,180.2107,0.15,0.04,-1.0,-104.55,34.97,245.12,1.0119782606360672,268.77019514819716,"0.15,0.04,-1.00,-104.55,34.97,245.12",hong_jean,near_miss,(near miss) HJ motion_data.csv
487,2026-07-27T13:20:16.809,19.635557,3.1441,0.22,0.03,-0.81,-71.17,44.49,277.77,0.8398809439438426,290.1735720219882,"0.22,0.03,-0.81,-71.17,44.49,277.77",hong_jean,near_miss,(near miss) HJ motion_data.csv
488,2026-07-27T13:20:16.810,19.635876,0.3196,0.17,0.06,-0.78,-27.47,62.93,198.12,0.8005623023850174,209.6814731920777,"0.17,0.06,-0.78,-27.47,62.93,198.12",hong_jean,near_miss,(near miss) HJ motion_data.csv
489,2026-07-27T13:20:16.810,19.636334,0.4578,0.08,0.14,-0.81,-0.92,77.51,124.02,0.8258934555982389,146.25186118473843,"0.08,0.14,-0.81,-0.92,77.51,124.02",hong_jean,near_miss,(near miss) HJ motion_data.csv
490,2026-07-27T13:20:16.811,19.636792,0.4582,-0.02,0.25,-0.8,1.16,77.39,134.16,0.8383913167489273,154.88532306193508,"-0.02,0.25,-0.80,1.16,77.39,134.16",hong_jean,near_miss,(near miss) HJ motion_data.csv
491,2026-07-27T13:20:16.864,19.690668,53.8753,-0.22,0.33,-0.73,-16.85,73.55,151.67,0.8307827634225448,169.40281550198625,"-0.22,0.33,-0.73,-16.85,73.55,151.67",hong_jean,near_miss,(near miss) HJ motion_data.csv
492,2026-07-27T13:20:16.925,19.751195,60.5271,-0.58,0.28,-0.67,-67.99,78.86,76.23,0.9293546147730694,129.04476975065668,"-0.58,0.28,-0.67,-67.99,78.86,76.23",hong_jean,near_miss,(near miss) HJ motion_data.csv
493,2026-07-27T13:20:16.925,19.751455,0.2597,-0.8,0.08,-0.86,-117.49,58.78,-14.53,1.177285012220915,132.1745414215612,"-0.80,0.08,-0.86,-117.49,58.78,-14.53",hong_jean,near_miss,(near miss) HJ motion_data.csv
494,2026-07-27T13:20:16.985,19.811057,59.6022,-0.38,-0.02,-1.57,-33.87,-41.63,-31.31,1.615456591803073,62.13332358726676,"-0.38,-0.02,-1.57,-33.87,-41.63,-31.31",hong_jean,near_miss,(near miss) HJ motion_data.csv
495,2026-07-27T13:20:17.045,19.870848,59.7911,0.46,0.06,-2.36,145.51,-195.37,15.14,2.405161117264288,244.07338363697093,"0.46,0.06,-2.36,145.51,-195.37,15.14",hong_jean,near_miss,(near miss) HJ motion_data.csv
496,2026-07-27T13:20:17.045,19.871114,0.2661,1.06,0.22,-2.36,178.53,-280.82,75.81,2.596459127350169,341.2916485939848,"1.06,0.22,-2.36,178.53,-280.82,75.81",hong_jean,near_miss,(near miss) HJ motion_data.csv
497,2026-07-27T13:20:17.345,20.17085,299.7365,1.2,0.17,-1.66,24.35,-246.58,106.99,2.0553588494469768,269.8916060198983,"1.20,0.17,-1.66,24.35,-246.58,106.99",hong_jean,near_miss,(near miss) HJ motion_data.csv
498,2026-07-27T13:20:17.346,20.171953,1.1028,0.91,0.01,-0.97,-129.15,-154.42,74.77,1.3300751858447701,214.7459238262743,"0.91,0.01,-0.97,-129.15,-154.42,74.77",hong_jean,near_miss,(near miss) HJ motion_data.csv
499,2026-07-27T13:20:17.347,20.173154,1.2009,0.35,-0.04,-0.52,-162.17,-56.7,-10.31,0.6280923498976883,172.1054763800385,"0.35,-0.04,-0.52,-162.17,-56.70,-10.31",hong_jean,near_miss,(near miss) HJ motion_data.csv
500,2026-07-27T13:20:17.348,20.173746,0.5921,-0.06,-0.13,-0.32,-113.22,5.49,-38.76,0.3505709628591621,119.79668651511193,"-0.06,-0.13,-0.32,-113.22,5.49,-38.76",hong_jean,near_miss,(near miss) HJ motion_data.csv
501,2026-07-27T13:20:17.348,20.174156,0.4094,-0.11,-0.09,-0.27,-54.26,20.57,-5.43,0.30512292604784713,58.281707250217025,"-0.11,-0.09,-0.27,-54.26,20.57,-5.43",hong_jean,near_miss,(near miss) HJ motion_data.csv
502,2026-07-27T13:20:17.349,20.174845,0.6899,-0.05,0.06,-0.29,-13.37,25.33,1.77,0.3003331483536241,28.69666705385836,"-0.05,0.06,-0.29,-13.37,25.33,1.77",hong_jean,near_miss,(near miss) HJ motion_data.csv
503,2026-07-27T13:20:17.349,20.175497,0.652,-0.04,0.13,-0.39,2.87,34.48,-21.12,0.4130375285612677,40.53593097487709,"-0.04,0.13,-0.39,2.87,34.48,-21.12",hong_jean,near_miss,(near miss) HJ motion_data.csv
504,2026-07-27T13:20:17.465,20.29131,115.8127,-0.11,0.21,-0.83,13.24,34.91,-60.61,0.8631917515824626,71.18692155164459,"-0.11,0.21,-0.83,13.24,34.91,-60.61",hong_jean,near_miss,(near miss) HJ motion_data.csv
505,2026-07-27T13:20:17.466,20.291847,0.5366,-0.03,0.27,-1.55,51.76,5.86,-118.35,1.5736263851372092,129.30645652866679,"-0.03,0.27,-1.55,51.76,5.86,-118.35",hong_jean,near_miss,(near miss) HJ motion_data.csv
506,2026-07-27T13:20:17.466,20.292312,0.4654,0.41,0.19,-1.78,41.56,-47.91,-52.8,1.8364639936573763,82.52540033226134,"0.41,0.19,-1.78,41.56,-47.91,-52.80",hong_jean,near_miss,(near miss) HJ motion_data.csv
507,2026-07-27T13:20:17.584,20.410663,118.351,0.93,0.11,-1.62,-6.04,-80.57,120.91,1.871202821716556,145.42088777063628,"0.93,0.11,-1.62,-6.04,-80.57,120.91",hong_jean,near_miss,(near miss) HJ motion_data.csv
508,2026-07-27T13:20:17.585,20.411339,0.6757,0.99,0.07,-1.46,1.59,-41.26,175.17,1.765389475441609,179.97067705601376,"0.99,0.07,-1.46,1.59,-41.26,175.17",hong_jean,near_miss,(near miss) HJ motion_data.csv
509,2026-07-27T13:20:17.586,20.411934,0.5949,0.61,0.06,-1.2,27.1,50.78,116.27,1.3474791278531923,129.7371623706947,"0.61,0.06,-1.20,27.10,50.78,116.27",hong_jean,near_miss,(near miss) HJ motion_data.csv
510,2026-07-27T13:20:17.654,20.480569,68.6351,0.24,0.09,-0.99,48.4,113.83,51.76,1.0226436329435586,134.0855193523894,"0.24,0.09,-0.99,48.40,113.83,51.76",hong_jean,near_miss,(near miss) HJ motion_data.csv
511,2026-07-27T13:20:17.655,20.480766,0.1973,0.05,0.18,-0.74,59.69,121.64,-13.79,0.7632168761236874,136.19599773855325,"0.05,0.18,-0.74,59.69,121.64,-13.79",hong_jean,near_miss,(near miss) HJ motion_data.csv
512,2026-07-27T13:20:17.765,20.591681,110.9147,-0.07,0.3,-0.57,46.81,105.65,-66.65,0.6479197481170025,133.3991045697084,"-0.07,0.30,-0.57,46.81,105.65,-66.65",hong_jean,near_miss,(near miss) HJ motion_data.csv
513,2026-07-27T13:20:17.766,20.592287,0.6062,-0.19,0.41,-0.54,12.02,80.99,-48.95,0.7041306696913578,95.39372620880265,"-0.19,0.41,-0.54,12.02,80.99,-48.95",hong_jean,near_miss,(near miss) HJ motion_data.csv
514,2026-07-27T13:20:17.766,20.592387,0.1003,-0.33,0.46,-0.49,-20.08,51.88,-18.25,0.7487322618933954,58.54744486311935,"-0.33,0.46,-0.49,-20.08,51.88,-18.25",hong_jean,near_miss,(near miss) HJ motion_data.csv
515,2026-07-27T13:20:17.824,20.650636,58.2487,-0.47,0.4,-0.46,-37.9,24.78,-40.77,0.7697402159170327,60.931529604959046,"-0.47,0.40,-0.46,-37.90,24.78,-40.77",hong_jean,near_miss,(near miss) HJ motion_data.csv
516,2026-07-27T13:20:17.885,20.711203,60.5666,-0.41,0.22,-0.71,-60.3,-15.26,-9.95,0.8488816171881683,62.99174628473162,"-0.41,0.22,-0.71,-60.30,-15.26,-9.95",hong_jean,near_miss,(near miss) HJ motion_data.csv
517,2026-07-27T13:20:17.885,20.711673,0.47,-0.03,-0.02,-1.8,-62.32,-83.74,170.96,1.800361074895811,200.30849108312907,"-0.03,-0.02,-1.80,-62.32,-83.74,170.96",hong_jean,near_miss,(near miss) HJ motion_data.csv
518,2026-07-27T13:20:18.006,20.832265,120.5926,0.22,-0.77,-2.77,-85.94,-127.5,455.81,2.883435450985508,481.04541334472776,"0.22,-0.77,-2.77,-85.94,-127.50,455.81",hong_jean,near_miss,(near miss) HJ motion_data.csv
519,2026-07-27T13:20:18.006,20.832634,0.3685,-0.05,-1.38,-2.53,-187.5,-84.53,595.52,2.8823254500489703,630.0362222126597,"-0.05,-1.38,-2.53,-187.50,-84.53,595.52",hong_jean,near_miss,(near miss) HJ motion_data.csv
520,2026-07-27T13:20:18.007,20.833053,0.4196,-0.13,-0.76,-1.64,-151.06,-33.69,287.29,1.8122085972646746,326.32757131446925,"-0.13,-0.76,-1.64,-151.06,-33.69,287.29",hong_jean,near_miss,(near miss) HJ motion_data.csv
521,2026-07-27T13:20:18.064,20.890643,57.59,0.27,0.22,-0.74,28.08,-33.57,-135.25,0.8178630692236935,142.15482334412715,"0.27,0.22,-0.74,28.08,-33.57,-135.25",hong_jean,near_miss,(near miss) HJ motion_data.csv
522,2026-07-27T13:20:18.125,20.951075,60.4314,0.44,0.66,-0.28,107.48,-32.78,-220.21,0.8411896337925236,247.22241585260832,"0.44,0.66,-0.28,107.48,-32.78,-220.21",hong_jean,near_miss,(near miss) HJ motion_data.csv
523,2026-07-27T13:20:18.125,20.951555,0.4798,0.16,0.57,-0.26,43.4,-19.84,-88.2,0.6466065264130884,100.2817311378299,"0.16,0.57,-0.26,43.40,-19.84,-88.20",hong_jean,near_miss,(near miss) HJ motion_data.csv
524,2026-07-27T13:20:18.244,21.070333,118.7786,-0.23,0.25,-0.39,-75.99,-14.34,55.54,0.51720402163943,95.20928158535804,"-0.23,0.25,-0.39,-75.99,-14.34,55.54",hong_jean,near_miss,(near miss) HJ motion_data.csv
525,2026-07-27T13:20:18.248,21.073807,3.4736,-0.3,-0.01,-0.44,-138.61,-21.97,157.41,0.532634959423431,210.8869865591521,"-0.30,-0.01,-0.44,-138.61,-21.97,157.41",hong_jean,near_miss,(near miss) HJ motion_data.csv
526,2026-07-27T13:20:18.248,21.074117,0.3107,-0.04,-0.06,-0.55,-106.81,-38.21,204.9,0.5547071299343466,234.2058714037716,"-0.04,-0.06,-0.55,-106.81,-38.21,204.90",hong_jean,near_miss,(near miss) HJ motion_data.csv
527,2026-07-27T13:20:18.425,21.251007,176.8894,0.32,0.07,-1.17,-6.29,-59.02,170.35,1.2149897118905986,180.39414347478134,"0.32,0.07,-1.17,-6.29,-59.02,170.35",hong_jean,near_miss,(near miss) HJ motion_data.csv
528,2026-07-27T13:20:18.425,21.251139,0.1321,0.63,0.18,-1.7,82.21,-78.98,102.66,1.8218946182477185,153.41251611260407,"0.63,0.18,-1.70,82.21,-78.98,102.66",hong_jean,near_miss,(near miss) HJ motion_data.csv
529,2026-07-27T13:20:18.425,21.251723,0.5836,0.77,0.2,-1.62,76.84,-74.16,78.12,1.8047991578012221,132.31336138123012,"0.77,0.20,-1.62,76.84,-74.16,78.12",hong_jean,near_miss,(near miss) HJ motion_data.csv
530,2026-07-27T13:20:18.426,21.252561,0.8384,0.75,0.22,-1.46,39.49,-36.01,115.78,1.6560495161679194,127.51936558813333,"0.75,0.22,-1.46,39.49,-36.01,115.78",hong_jean,near_miss,(near miss) HJ motion_data.csv
531,2026-07-27T13:20:18.551,21.377386,124.8251,0.53,0.25,-1.31,44.07,18.98,124.45,1.4350958156165046,133.37993777176536,"0.53,0.25,-1.31,44.07,18.98,124.45",hong_jean,near_miss,(near miss) HJ motion_data.csv
532,2026-07-27T13:20:18.552,21.377785,0.3986,0.21,0.26,-1.06,59.39,76.42,23.5,1.1114405067298925,99.59637794618838,"0.21,0.26,-1.06,59.39,76.42,23.50",hong_jean,near_miss,(near miss) HJ motion_data.csv
533,2026-07-27T13:20:18.552,21.378181,0.3967,-0.08,0.3,-0.85,51.94,109.68,-79.53,0.9049309365912959,145.0947514557298,"-0.08,0.30,-0.85,51.94,109.68,-79.53",hong_jean,near_miss,(near miss) HJ motion_data.csv
534,2026-07-27T13:20:18.665,21.491027,112.8454,-0.31,0.41,-0.65,3.3,101.2,-48.89,0.828673639015988,112.43914843149604,"-0.31,0.41,-0.65,3.30,101.20,-48.89",hong_jean,near_miss,(near miss) HJ motion_data.csv
535,2026-07-27T13:20:18.665,21.491296,0.2695,-0.4,0.39,-0.45,-59.33,62.19,74.89,0.7173562573784382,114.00068903300541,"-0.40,0.39,-0.45,-59.33,62.19,74.89",hong_jean,near_miss,(near miss) HJ motion_data.csv
536,2026-07-27T13:20:18.666,21.491888,0.5916,-0.38,0.26,-0.46,-86.43,26.31,133.06,0.6508456038109193,160.83321982724837,"-0.38,0.26,-0.46,-86.43,26.31,133.06",hong_jean,near_miss,(near miss) HJ motion_data.csv
537,2026-07-27T13:20:18.725,21.551205,59.3168,-0.37,0.12,-0.6,-76.78,8.0,80.26,0.7150524456289902,111.35904094414607,"-0.37,0.12,-0.60,-76.78,8.00,80.26",hong_jean,near_miss,(near miss) HJ motion_data.csv
538,2026-07-27T13:20:18.725,21.551552,0.3472,-0.28,-0.0,-0.9,-55.91,-21.42,42.36,0.9425497334358544,73.34244405526721,"-0.28,-0.00,-0.90,-55.91,-21.42,42.36",hong_jean,near_miss,(near miss) HJ motion_data.csv
539,2026-07-27T13:20:19.145,21.970753,419.2014,0.08,-0.07,-1.89,-3.97,-94.97,124.82,1.892987057536316,156.8919825867466,"0.08,-0.07,-1.89,-3.97,-94.97,124.82",hong_jean,near_miss,(near miss) HJ motion_data.csv
540,2026-07-27T13:20:19.145,21.971287,0.5342,0.42,-0.68,-2.58,-7.39,-154.24,364.56,2.7009627913023904,395.91486875337233,"0.42,-0.68,-2.58,-7.39,-154.24,364.56",hong_jean,near_miss,(near miss) HJ motion_data.csv
541,2026-07-27T13:20:19.146,21.971898,0.611,0.22,-1.25,-2.12,-129.64,-112.43,536.87,2.4708905277247717,563.6279192871837,"0.22,-1.25,-2.12,-129.64,-112.43,536.87",hong_jean,near_miss,(near miss) HJ motion_data.csv
542,2026-07-27T13:20:19.264,22.090314,118.4151,-0.07,-0.76,-1.31,-148.07,-35.22,263.12,1.5161134522191935,303.9692545307831,"-0.07,-0.76,-1.31,-148.07,-35.22,263.12",hong_jean,near_miss,(near miss) HJ motion_data.csv
543,2026-07-27T13:20:19.384,22.210049,119.7357,0.1,0.1,-0.68,-6.84,-13.79,-163.27,0.6945502141674136,163.99403220849229,"0.10,0.10,-0.68,-6.84,-13.79,-163.27",hong_jean,near_miss,(near miss) HJ motion_data.csv
544,2026-07-27T13:20:19.385,22.210867,0.8177,0.36,0.58,-0.34,81.18,-26.43,-236.88,0.7626270385975048,251.79529721581378,"0.36,0.58,-0.34,81.18,-26.43,-236.88",hong_jean,near_miss,(near miss) HJ motion_data.csv
545,2026-07-27T13:20:19.386,22.212161,1.2942,0.24,0.5,-0.36,25.63,-36.44,-42.85,0.6612110101926616,61.81337233964832,"0.24,0.50,-0.36,25.63,-36.44,-42.85",hong_jean,near_miss,(near miss) HJ motion_data.csv
546,2026-07-27T13:20:19.387,22.212873,0.7119,-0.23,0.17,-0.65,-82.52,-39.98,136.17,0.7101408311032398,164.16522073813317,"-0.23,0.17,-0.65,-82.52,-39.98,136.17",hong_jean,near_miss,(near miss) HJ motion_data.csv
547,2026-07-27T13:20:19.387,22.213374,0.5012,-0.5,-0.0,-0.89,-114.99,-45.84,174.44,1.0208329931972222,213.90025549306853,"-0.50,-0.00,-0.89,-114.99,-45.84,174.44",hong_jean,near_miss,(near miss) HJ motion_data.csv
548,2026-07-27T13:20:19.387,22.213574,0.1996,-0.3,0.06,-0.88,-58.23,-46.45,95.15,0.9316651759081692,120.83814753628094,"-0.30,0.06,-0.88,-58.23,-46.45,95.15",hong_jean,near_miss,(near miss) HJ motion_data.csv
549,2026-07-27T13:20:19.388,22.214344,0.7702,-0.0,0.18,-0.82,12.82,-3.54,-50.54,0.8395236744726142,52.26065058913829,"-0.00,0.18,-0.82,12.82,-3.54,-50.54",hong_jean,near_miss,(near miss) HJ motion_data.csv
550,2026-07-27T13:20:19.389,22.215573,1.2292,0.15,0.13,-0.91,-8.73,16.42,-27.83,0.931396800509858,33.47145350892309,"0.15,0.13,-0.91,-8.73,16.42,-27.83",hong_jean,near_miss,(near miss) HJ motion_data.csv
551,2026-07-27T13:20:19.390,22.216547,0.9741,0.26,-0.0,-1.2,-8.91,23.86,-0.31,1.2278436382536662,25.471234756092997,"0.26,-0.00,-1.20,-8.91,23.86,-0.31",hong_jean,near_miss,(near miss) HJ motion_data.csv
552,2026-07-27T13:20:19.391,22.217149,0.6012,0.38,0.02,-1.45,18.37,9.95,13.55,1.4990997298378783,24.901042146866065,"0.38,0.02,-1.45,18.37,9.95,13.55",hong_jean,near_miss,(near miss) HJ motion_data.csv
553,2026-07-27T13:20:19.391,22.217706,0.557,0.52,0.17,-1.32,54.69,-7.39,44.01,1.4288806808127823,70.58674308961987,"0.52,0.17,-1.32,54.69,-7.39,44.01",hong_jean,near_miss,(near miss) HJ motion_data.csv
554,2026-07-27T13:20:19.392,22.218423,0.7175,0.63,0.35,-1.18,80.14,5.92,34.61,1.3826785598974187,87.49467469509216,"0.63,0.35,-1.18,80.14,5.92,34.61",hong_jean,near_miss,(near miss) HJ motion_data.csv
555,2026-07-27T13:20:19.393,22.219202,0.7794,0.52,0.46,-1.22,67.5,45.72,-13.49,1.403709371629327,82.63503191746221,"0.52,0.46,-1.22,67.50,45.72,-13.49",hong_jean,near_miss,(near miss) HJ motion_data.csv
556,2026-07-27T13:20:19.565,22.390812,171.6094,0.31,0.42,-1.15,28.99,77.15,-10.62,1.2629330940315087,83.09829721480459,"0.31,0.42,-1.15,28.99,77.15,-10.62",hong_jean,near_miss,(near miss) HJ motion_data.csv
557,2026-07-27T13:20:19.684,22.51028,119.4684,0.2,0.27,-1.02,0.85,83.5,71.59,1.0739180601889513,109.99136602479307,"0.20,0.27,-1.02,0.85,83.50,71.59",hong_jean,near_miss,(near miss) HJ motion_data.csv
558,2026-07-27T13:20:19.685,22.511095,0.8147,0.19,0.17,-0.94,-10.01,76.6,150.57,0.9739609848448756,169.23086302444952,"0.19,0.17,-0.94,-10.01,76.60,150.57",hong_jean,near_miss,(near miss) HJ motion_data.csv
559,2026-07-27T13:20:19.685,22.511581,0.4865,-0.06,0.37,-0.63,-26.49,65.92,177.31,0.7330757123244501,191.0130953625955,"-0.06,0.37,-0.63,-26.49,65.92,177.31",hong_jean,near_miss,(near miss) HJ motion_data.csv
560,2026-07-27T13:20:19.686,22.512077,0.4951,-0.19,0.45,-0.59,-48.1,54.93,168.4,0.765963445602987,183.54692833169398,"-0.19,0.45,-0.59,-48.10,54.93,168.40",hong_jean,near_miss,(near miss) HJ motion_data.csv
561,2026-07-27T13:20:19.686,22.512595,0.5183,-0.26,0.43,-0.64,-54.69,46.2,122.44,0.8136952746575342,141.83437418341154,"-0.26,0.43,-0.64,-54.69,46.20,122.44",hong_jean,near_miss,(near miss) HJ motion_data.csv
562,2026-07-27T13:20:19.687,22.513254,0.6592,-0.29,0.32,-0.73,-54.32,29.66,44.68,0.848174510345601,76.3326954849624,"-0.29,0.32,-0.73,-54.32,29.66,44.68",hong_jean,near_miss,(near miss) HJ motion_data.csv
563,2026-07-27T13:20:19.744,22.57061,57.3558,-0.19,0.14,-1.02,-58.96,-15.32,6.04,1.0469479452198185,61.21654678271227,"-0.19,0.14,-1.02,-58.96,-15.32,6.04",hong_jean,near_miss,(near miss) HJ motion_data.csv
564,2026-07-27T13:20:19.805,22.631396,60.7863,0.17,-0.08,-1.65,-61.22,-95.76,74.04,1.6606625183943906,135.64581674345877,"0.17,-0.08,-1.65,-61.22,-95.76,74.04",hong_jean,near_miss,(near miss) HJ motion_data.csv
565,2026-07-27T13:20:19.864,22.690343,58.9469,0.5,-0.49,-2.07,-90.27,-167.48,274.96,2.1851773383412154,334.366901621557,"0.50,-0.49,-2.07,-90.27,-167.48,274.96",hong_jean,near_miss,(near miss) HJ motion_data.csv
566,2026-07-27T13:20:19.864,22.69047,0.1269,0.34,-0.76,-1.87,-132.75,-157.9,411.87,2.0469733754985677,460.6428870611159,"0.34,-0.76,-1.87,-132.75,-157.90,411.87",hong_jean,near_miss,(near miss) HJ motion_data.csv
567,2026-07-27T13:20:20.524,23.350467,659.997,0.12,-0.38,-1.41,-74.89,-89.54,158.81,1.4652303573158725,197.09525565066247,"0.12,-0.38,-1.41,-74.89,-89.54,158.81",hong_jean,near_miss,(near miss) HJ motion_data.csv
568,2026-07-27T13:20:20.525,23.350986,0.5192,0.27,0.24,-0.91,44.01,-41.69,-216.92,0.9790812019439451,225.2314866975752,"0.27,0.24,-0.91,44.01,-41.69,-216.92",hong_jean,near_miss,(near miss) HJ motion_data.csv
569,2026-07-27T13:20:20.525,23.351081,0.0949,0.36,0.52,-0.52,79.35,-22.34,-283.69,0.8187795796183489,295.42429520944955,"0.36,0.52,-0.52,79.35,-22.34,-283.69",hong_jean,near_miss,(near miss) HJ motion_data.csv
570,2026-07-27T13:20:20.526,23.352252,1.1713,0.23,0.47,-0.44,22.89,-13.73,-137.21,0.6836665854054884,139.78214871720925,"0.23,0.47,-0.44,22.89,-13.73,-137.21",hong_jean,near_miss,(near miss) HJ motion_data.csv
571,2026-07-27T13:20:20.526,23.352709,0.457,0.04,0.26,-0.59,-57.07,-8.73,13.12,0.6459876159803685,59.20584599513801,"0.04,0.26,-0.59,-57.07,-8.73,13.12",hong_jean,near_miss,(near miss) HJ motion_data.csv
572,2026-07-27T13:20:20.527,23.353728,1.0191,-0.15,-0.0,-0.77,-110.78,-0.67,104.06,0.7844743462982074,151.99059477480836,"-0.15,-0.00,-0.77,-110.78,-0.67,104.06",hong_jean,near_miss,(near miss) HJ motion_data.csv
573,2026-07-27T13:20:20.585,23.410838,57.109,-0.26,-0.1,-0.85,-101.75,9.77,118.65,0.8944830909525344,156.60886916136008,"-0.26,-0.10,-0.85,-101.75,9.77,118.65",hong_jean,near_miss,(near miss) HJ motion_data.csv
574,2026-07-27T13:20:20.585,23.411428,0.5904,-0.12,0.04,-0.81,-29.72,16.17,31.68,0.8198170527623831,46.35050916656688,"-0.12,0.04,-0.81,-29.72,16.17,31.68",hong_jean,near_miss,(near miss) HJ motion_data.csv
575,2026-07-27T13:20:20.586,23.412211,0.7832,0.09,0.23,-1.0,47.24,15.69,-82.09,1.030048542545447,96.00292599707574,"0.09,0.23,-1.00,47.24,15.69,-82.09",hong_jean,near_miss,(near miss) HJ motion_data.csv
576,2026-07-27T13:20:20.587,23.413182,0.9709,0.19,0.29,-1.39,79.16,13.43,-124.69,1.4325850760077043,148.30464119507522,"0.19,0.29,-1.39,79.16,13.43,-124.69",hong_jean,near_miss,(near miss) HJ motion_data.csv
577,2026-07-27T13:20:20.587,23.41366,0.4782,0.33,0.2,-1.38,53.83,0.67,-64.58,1.4329340529138108,84.07552676016964,"0.33,0.20,-1.38,53.83,0.67,-64.58",hong_jean,near_miss,(near miss) HJ motion_data.csv
578,2026-07-27T13:20:20.588,23.413754,0.0937,0.56,0.14,-1.14,21.61,-28.32,64.64,1.277810627597063,73.80612508457547,"0.56,0.14,-1.14,21.61,-28.32,64.64",hong_jean,near_miss,(near miss) HJ motion_data.csv
579,2026-07-27T13:20:20.588,23.414067,0.3135,0.71,0.17,-1.09,25.7,-36.56,152.65,1.31190700889964,159.0570529715674,"0.71,0.17,-1.09,25.70,-36.56,152.65",hong_jean,near_miss,(near miss) HJ motion_data.csv
580,2026-07-27T13:20:20.824,23.650495,236.4279,0.62,0.24,-1.1,54.93,7.87,111.39,1.2853015210447702,124.44667090766228,"0.62,0.24,-1.10,54.93,7.87,111.39",hong_jean,near_miss,(near miss) HJ motion_data.csv
581,2026-07-27T13:20:20.824,23.650739,0.2438,0.38,0.24,-1.02,80.93,72.94,-26.98,1.1146299834474218,112.24005033854894,"0.38,0.24,-1.02,80.93,72.94,-26.98",hong_jean,near_miss,(near miss) HJ motion_data.csv
582,2026-07-27T13:20:20.825,23.651303,0.5635,0.21,0.25,-0.86,73.97,103.09,-110.41,0.9198912979260103,168.19475943084552,"0.21,0.25,-0.86,73.97,103.09,-110.41",hong_jean,near_miss,(near miss) HJ motion_data.csv
583,2026-07-27T13:20:20.826,23.651941,0.638,0.13,0.26,-0.76,31.43,89.17,-26.86,0.8136952746575342,98.28831771884184,"0.13,0.26,-0.76,31.43,89.17,-26.86",hong_jean,near_miss,(near miss) HJ motion_data.csv
584,2026-07-27T13:20:20.827,23.652798,0.8577,0.06,0.22,-0.76,-17.21,66.59,127.56,0.7934733769950949,144.92054995755433,"0.06,0.22,-0.76,-17.21,66.59,127.56",hong_jean,near_miss,(near miss) HJ motion_data.csv
585,2026-07-27T13:20:20.827,23.653742,0.9435,-0.05,0.17,-0.81,-40.22,61.71,174.5,0.8291561975888501,189.40966844382575,"-0.05,0.17,-0.81,-40.22,61.71,174.50",hong_jean,near_miss,(near miss) HJ motion_data.csv
586,2026-07-27T13:20:20.828,23.654436,0.6939,-0.2,0.2,-0.82,-39.49,64.33,80.99,0.8674099376880576,110.71219038570233,"-0.20,0.20,-0.82,-39.49,64.33,80.99",hong_jean,near_miss,(near miss) HJ motion_data.csv
587,2026-07-27T13:20:20.829,23.655382,0.9462,-0.46,0.27,-0.88,-38.51,48.95,-83.19,1.0290286682109493,103.9215988137211,"-0.46,0.27,-0.88,-38.51,48.95,-83.19",hong_jean,near_miss,(near miss) HJ motion_data.csv
588,2026-07-27T13:20:20.830,23.656317,0.9355,-0.52,0.19,-1.19,-54.75,-2.01,-189.21,1.3124785712536415,196.98230047392585,"-0.52,0.19,-1.19,-54.75,-2.01,-189.21",hong_jean,near_miss,(near miss) HJ motion_data.csv
589,2026-07-27T13:20:20.885,23.711324,55.0065,-0.01,-0.03,-1.74,-51.09,-97.6,-59.51,1.7402873325976949,125.20937744434319,"-0.01,-0.03,-1.74,-51.09,-97.60,-59.51",hong_jean,near_miss,(near miss) HJ motion_data.csv
590,2026-07-27T13:20:20.886,23.711982,0.6582,0.58,-0.28,-1.97,-44.8,-193.3,240.11,2.072607053929905,311.4879485630223,"0.58,-0.28,-1.97,-44.80,-193.30,240.11",hong_jean,near_miss,(near miss) HJ motion_data.csv
591,2026-07-27T13:20:20.887,23.712803,0.8205,0.69,-0.47,-1.63,-79.77,-197.69,358.64,1.8313656106850973,417.2136606104838,"0.69,-0.47,-1.63,-79.77,-197.69,358.64",hong_jean,near_miss,(near miss) HJ motion_data.csv
592,2026-07-27T13:20:20.887,23.713244,0.4413,0.47,-0.24,-1.13,-48.1,-106.63,85.75,1.247156766409099,145.04009583559989,"0.47,-0.24,-1.13,-48.10,-106.63,85.75",hong_jean,near_miss,(near miss) HJ motion_data.csv
593,2026-07-27T13:20:20.945,23.770758,57.5145,0.29,0.25,-0.66,46.02,-13.92,-267.94,0.7630203142774117,272.2194893831079,"0.29,0.25,-0.66,46.02,-13.92,-267.94",hong_jean,near_miss,(near miss) HJ motion_data.csv
594,2026-07-27T13:20:21.126,23.952196,181.4374,0.25,0.45,-0.37,72.51,21.91,-312.01,0.6339558344238185,321.0731821563427,"0.25,0.45,-0.37,72.51,21.91,-312.01",hong_jean,near_miss,(near miss) HJ motion_data.csv
595,2026-07-27T13:20:21.127,23.953212,1.0158,0.26,0.38,-0.4,25.21,19.84,-120.0,0.6099180272790763,124.21420892957455,"0.26,0.38,-0.40,25.21,19.84,-120.00",hong_jean,near_miss,(near miss) HJ motion_data.csv
596,2026-07-27T13:20:21.128,23.954268,1.0563,0.02,0.23,-0.73,-37.84,21.3,44.37,0.7656369897020389,62.082626394185354,"0.02,0.23,-0.73,-37.84,21.30,44.37",hong_jean,near_miss,(near miss) HJ motion_data.csv
597,2026-07-27T13:20:21.129,23.955004,0.7362,-0.29,-0.12,-1.03,-62.99,25.94,74.28,1.0767543823918249,100.78760886140716,"-0.29,-0.12,-1.03,-62.99,25.94,74.28",hong_jean,near_miss,(near miss) HJ motion_data.csv
598,2026-07-27T13:20:21.129,23.95564,0.6355,-0.06,-0.35,-1.19,-22.09,1.34,45.72,1.2418534535121284,50.794508561457704,"-0.06,-0.35,-1.19,-22.09,1.34,45.72",hong_jean,near_miss,(near miss) HJ motion_data.csv
599,2026-07-27T13:20:21.245,24.070879,115.2394,0.51,-0.1,-1.33,68.18,-33.63,1.1,1.427935572776307,76.03091016159152,"0.51,-0.10,-1.33,68.18,-33.63,1.10",hong_jean,near_miss,(near miss) HJ motion_data.csv
600,2026-07-27T13:20:21.245,24.071217,0.3385,0.81,0.19,-1.3,123.17,-41.75,-31.86,1.543437721451695,133.89910753996833,"0.81,0.19,-1.30,123.17,-41.75,-31.86",hong_jean,near_miss,(near miss) HJ motion_data.csv
601,2026-07-27T13:20:21.245,24.071479,0.2616,0.76,0.32,-1.2,109.92,-18.98,-4.94,1.4560219778561037,111.65594655010543,"0.76,0.32,-1.20,109.92,-18.98,-4.94",hong_jean,near_miss,(near miss) HJ motion_data.csv
602,2026-07-27T13:20:21.305,24.130887,59.4076,0.48,0.28,-1.16,75.38,33.45,16.42,1.286234815265082,84.08723624902889,"0.48,0.28,-1.16,75.38,33.45,16.42",hong_jean,near_miss,(near miss) HJ motion_data.csv
603,2026-07-27T13:20:21.425,24.250917,120.0299,0.17,0.15,-1.06,50.48,90.03,-25.94,1.0839741694339402,106.4261006520487,"0.17,0.15,-1.06,50.48,90.03,-25.94",hong_jean,near_miss,(near miss) HJ motion_data.csv
604,2026-07-27T13:20:21.426,24.251904,0.9874,-0.03,0.14,-0.91,32.41,114.26,-67.93,0.9211948762341223,136.82193025973578,"-0.03,0.14,-0.91,32.41,114.26,-67.93",hong_jean,near_miss,(near miss) HJ motion_data.csv
605,2026-07-27T13:20:21.426,24.252646,0.7418,-0.11,0.26,-0.74,0.61,103.09,-26.18,0.7920227269466451,106.36405689893556,"-0.11,0.26,-0.74,0.61,103.09,-26.18",hong_jean,near_miss,(near miss) HJ motion_data.csv
606,2026-07-27T13:20:21.485,24.310884,58.2381,-0.1,0.37,-0.68,-26.18,78.8,67.02,0.7805767098754612,106.70760422762756,"-0.10,0.37,-0.68,-26.18,78.80,67.02",hong_jean,near_miss,(near miss) HJ motion_data.csv
607,2026-07-27T13:20:21.485,24.311688,0.8044,-0.08,0.35,-0.69,-28.14,60.61,84.59,0.7778174593052022,107.80027736513483,"-0.08,0.35,-0.69,-28.14,60.61,84.59",hong_jean,near_miss,(near miss) HJ motion_data.csv
608,2026-07-27T13:20:21.605,24.431308,119.6201,-0.16,0.24,-0.81,-19.04,53.04,-25.63,0.8598255637046389,61.90848164831698,"-0.16,0.24,-0.81,-19.04,53.04,-25.63",hong_jean,near_miss,(near miss) HJ motion_data.csv
609,2026-07-27T13:20:21.606,24.431869,0.5605,-0.29,0.07,-1.08,-17.4,36.99,-156.98,1.120446339634344,162.21510564679235,"-0.29,0.07,-1.08,-17.40,36.99,-156.98",hong_jean,near_miss,(near miss) HJ motion_data.csv
610,2026-07-27T13:20:21.785,24.611231,179.3623,-0.1,-0.01,-1.48,-7.08,-30.52,-165.65,1.4834082378091338,168.58683014992602,"-0.10,-0.01,-1.48,-7.08,-30.52,-165.65",hong_jean,near_miss,(near miss) HJ motion_data.csv
611,2026-07-27T13:20:21.786,24.611763,0.5318,0.35,0.11,-1.83,30.09,-135.5,-78.12,1.866413673331826,159.27458209017533,"0.35,0.11,-1.83,30.09,-135.50,-78.12",hong_jean,near_miss,(near miss) HJ motion_data.csv
612,2026-07-27T13:20:21.787,24.612991,1.2276,0.66,0.07,-1.79,21.73,-194.09,8.79,1.9090835497693652,195.50034552399134,"0.66,0.07,-1.79,21.73,-194.09,8.79",hong_jean,near_miss,(near miss) HJ motion_data.csv
613,2026-07-27T13:20:21.787,24.613119,0.128,0.72,-0.13,-1.43,-43.76,-166.87,24.17,1.6063000964950478,174.1973690960917,"0.72,-0.13,-1.43,-43.76,-166.87,24.17",hong_jean,near_miss,(near miss) HJ motion_data.csv
614,2026-07-27T13:20:21.787,24.613483,0.3646,0.53,-0.06,-0.97,-56.34,-88.5,-106.45,1.1069778678907722,149.45918539855623,"0.53,-0.06,-0.97,-56.34,-88.50,-106.45",hong_jean,near_miss,(near miss) HJ motion_data.csv
615,2026-07-27T13:20:21.906,24.731841,118.3579,0.26,0.14,-0.6,-21.3,-22.22,-240.6,0.6687301398920195,242.56087565805,"0.26,0.14,-0.60,-21.30,-22.22,-240.60",hong_jean,near_miss,(near miss) HJ motion_data.csv
616,2026-07-27T13:20:21.906,24.73266,0.8192,0.19,0.13,-0.49,-12.15,-2.44,-190.86,0.5413871073455665,191.2619034204146,"0.19,0.13,-0.49,-12.15,-2.44,-190.86",hong_jean,near_miss,(near miss) HJ motion_data.csv
617,2026-07-27T13:20:21.907,24.733047,0.3862,0.19,-0.01,-0.54,-26.25,-0.67,-57.68,0.5725382083319855,63.375813998717206,"0.19,-0.01,-0.54,-26.25,-0.67,-57.68",hong_jean,near_miss,(near miss) HJ motion_data.csv
618,2026-07-27T13:20:21.965,24.790992,57.9455,-0.0,-0.07,-0.68,-35.28,14.16,5.13,0.6835934464285041,38.36014728855978,"-0.00,-0.07,-0.68,-35.28,14.16,5.13",hong_jean,near_miss,(near miss) HJ motion_data.csv
619,2026-07-27T13:20:21.965,24.79125,0.2575,-0.4,0.02,-0.81,-25.39,34.55,-12.39,0.9036038955205983,44.63033385490187,"-0.40,0.02,-0.81,-25.39,34.55,-12.39",hong_jean,near_miss,(near miss) HJ motion_data.csv
620,2026-07-27T13:20:22.024,24.85062,59.3709,-0.66,0.26,-0.82,13.24,38.51,-123.47,1.084250893474384,130.01214789395644,"-0.66,0.26,-0.82,13.24,38.51,-123.47",hong_jean,near_miss,(near miss) HJ motion_data.csv
621,2026-07-27T13:20:22.145,24.971163,120.5424,-0.22,0.38,-0.95,92.65,-40.34,-162.66,1.0465658125507444,191.4931165864716,"-0.22,0.38,-0.95,92.65,-40.34,-162.66",hong_jean,near_miss,(near miss) HJ motion_data.csv
622,2026-07-27T13:20:22.146,24.971757,0.5945,0.67,0.39,-1.41,75.5,-56.82,-26.73,1.6090680532531867,98.20007790220942,"0.67,0.39,-1.41,75.50,-56.82,-26.73",hong_jean,near_miss,(near miss) HJ motion_data.csv
623,2026-07-27T13:20:22.146,24.972377,0.6199,1.08,0.48,-1.6,28.38,-12.63,-89.17,1.989170681465017,94.42579202739049,"1.08,0.48,-1.60,28.38,-12.63,-89.17",hong_jean,near_miss,(near miss) HJ motion_data.csv
624,2026-07-27T13:20:22.324,25.150539,178.1623,0.81,0.38,-1.43,-30.7,51.27,-145.32,1.6868313490091413,157.1273537612086,"0.81,0.38,-1.43,-30.70,51.27,-145.32",hong_jean,near_miss,(near miss) HJ motion_data.csv
625,2026-07-27T13:20:22.325,25.150832,0.2927,0.38,0.16,-1.33,-77.88,88.38,-15.5,1.3924438947404667,118.81316762042832,"0.38,0.16,-1.33,-77.88,88.38,-15.50",hong_jean,near_miss,(near miss) HJ motion_data.csv
626,2026-07-27T13:20:22.325,25.151201,0.3693,0.11,-0.04,-1.21,-75.13,106.2,91.61,1.2156479753612885,159.10797905824836,"0.11,-0.04,-1.21,-75.13,106.20,91.61",hong_jean,near_miss,(near miss) HJ motion_data.csv
627,2026-07-27T13:20:22.326,25.151967,0.7651,-0.05,-0.19,-0.96,-9.95,117.43,39.31,0.9798979538707079,124.23398689569615,"-0.05,-0.19,-0.96,-9.95,117.43,39.31",hong_jean,near_miss,(near miss) HJ motion_data.csv
628,2026-07-27T13:20:22.327,25.153143,1.176,-0.08,-0.11,-0.8,71.59,112.43,-84.53,0.811480129146734,157.83204332454167,"-0.08,-0.11,-0.80,71.59,112.43,-84.53",hong_jean,near_miss,(near miss) HJ motion_data.csv
629,2026-07-27T13:20:22.445,25.271048,117.9057,-0.0,0.1,-0.86,102.91,91.86,-157.71,0.8657944328765345,209.5260647270406,"-0.00,0.10,-0.86,102.91,91.86,-157.71",hong_jean,near_miss,(near miss) HJ motion_data.csv
630,2026-07-27T13:20:22.446,25.271867,0.8189,0.02,0.21,-0.91,97.29,67.02,-170.65,0.9341306118525396,207.553479855193,"0.02,0.21,-0.91,97.29,67.02,-170.65",hong_jean,near_miss,(near miss) HJ motion_data.csv
631,2026-07-27T13:20:22.446,25.272555,0.6878,-0.04,0.28,-1.02,93.02,43.7,-166.99,1.0584894897919392,196.0817954324164,"-0.04,0.28,-1.02,93.02,43.70,-166.99",hong_jean,near_miss,(near miss) HJ motion_data.csv
632,2026-07-27T13:20:22.505,25.330985,58.4301,-0.07,0.29,-0.99,92.29,24.11,-175.6,1.0339729203417274,199.83517257980387,"-0.07,0.29,-0.99,92.29,24.11,-175.60",hong_jean,near_miss,(near miss) HJ motion_data.csv
633,2026-07-27T13:20:22.624,25.450736,119.7511,-0.13,0.28,-0.97,90.39,3.11,-212.28,1.0179390944452424,230.74406297887708,"-0.13,0.28,-0.97,90.39,3.11,-212.28",hong_jean,near_miss,(near miss) HJ motion_data.csv
634,2026-07-27T13:20:22.744,25.570028,119.2918,-0.17,0.28,-1.04,89.29,-28.08,-247.19,1.0903669107231748,264.3181541249106,"-0.17,0.28,-1.04,89.29,-28.08,-247.19",hong_jean,near_miss,(near miss) HJ motion_data.csv
635,2026-07-27T13:20:22.804,25.630637,60.6086,-0.05,0.32,-1.15,82.76,-74.65,-181.46,1.1947384651043926,212.95438877844242,"-0.05,0.32,-1.15,82.76,-74.65,-181.46",hong_jean,near_miss,(near miss) HJ motion_data.csv
636,2026-07-27T13:20:22.805,25.63123,0.593,0.28,0.44,-1.28,67.32,-126.77,-16.91,1.3821722034536796,144.5287632272552,"0.28,0.44,-1.28,67.32,-126.77,-16.91",hong_jean,near_miss,(near miss) HJ motion_data.csv
637,2026-07-27T13:20:22.805,25.631738,0.508,0.65,0.57,-1.35,35.4,-150.39,70.07,1.6030907647416601,169.6470365199463,"0.65,0.57,-1.35,35.40,-150.39,70.07",hong_jean,near_miss,(near miss) HJ motion_data.csv
638,2026-07-27T13:20:22.806,25.632208,0.4706,0.8,0.3,-1.22,-35.64,-123.54,-1.28,1.4894294209528693,128.5845231744474,"0.80,0.30,-1.22,-35.64,-123.54,-1.28",hong_jean,near_miss,(near miss) HJ motion_data.csv
639,2026-07-27T13:20:22.807,25.632979,0.7707,0.56,-0.31,-1.1,-132.39,-61.16,-98.63,1.2726743495490118,176.05548727602897,"0.56,-0.31,-1.10,-132.39,-61.16,-98.63",hong_jean,near_miss,(near miss) HJ motion_data.csv
640,2026-07-27T13:20:22.808,25.634072,1.0927,0.25,-0.37,-1.01,-131.84,3.72,-165.95,1.1043097391583576,211.9788350284056,"0.25,-0.37,-1.01,-131.84,3.72,-165.95",hong_jean,near_miss,(near miss) HJ motion_data.csv
641,2026-07-27T13:20:22.865,25.691191,57.119,0.2,0.02,-0.87,-34.91,37.96,-210.57,0.8929165694509202,216.79343763130836,"0.20,0.02,-0.87,-34.91,37.96,-210.57",hong_jean,near_miss,(near miss) HJ motion_data.csv
642,2026-07-27T13:20:22.984,25.81016,118.969,0.16,0.07,-0.86,6.77,44.01,-153.26,0.8775534171775528,159.5974329367487,"0.16,0.07,-0.86,6.77,44.01,-153.26",hong_jean,near_miss,(near miss) HJ motion_data.csv
643,2026-07-27T13:20:22.984,25.810381,0.2217,-0.01,0.02,-0.92,-1.34,46.2,-59.57,0.9202716990106781,75.39774864012851,"-0.01,0.02,-0.92,-1.34,46.20,-59.57",hong_jean,near_miss,(near miss) HJ motion_data.csv
644,2026-07-27T13:20:22.985,25.811147,0.7653,-0.06,0.11,-0.86,12.63,43.09,-42.05,0.8690799733051038,61.5180258135776,"-0.06,0.11,-0.86,12.63,43.09,-42.05",hong_jean,near_miss,(near miss) HJ motion_data.csv
645,2026-07-27T13:20:23.048,25.874229,63.0822,0.08,0.13,-0.75,36.19,26.37,-67.32,0.7653757247260982,80.85218240715584,"0.08,0.13,-0.75,36.19,26.37,-67.32",hong_jean,near_miss,(near miss) HJ motion_data.csv
646,2026-07-27T13:20:23.344,26.170139,295.9106,0.28,0.04,-0.76,39.31,7.45,-70.31,0.8109253973085316,80.8966915269098,"0.28,0.04,-0.76,39.31,7.45,-70.31",hong_jean,near_miss,(near miss) HJ motion_data.csv
647,2026-07-27T13:20:23.404,26.230521,60.3817,0.46,0.01,-1.01,33.14,0.12,-14.4,1.1098648566379603,36.133557809880834,"0.46,0.01,-1.01,33.14,0.12,-14.40",hong_jean,near_miss,(near miss) HJ motion_data.csv
648,2026-07-27T13:20:23.468,26.293784,63.2628,0.53,0.06,-1.32,40.89,4.21,58.72,1.4236923825040297,71.67813195110486,"0.53,0.06,-1.32,40.89,4.21,58.72",hong_jean,near_miss,(near miss) HJ motion_data.csv
649,2026-07-27T13:20:23.468,26.294417,0.6327,0.46,0.13,-1.38,58.96,23.13,77.64,1.4604451376207186,100.1960483252708,"0.46,0.13,-1.38,58.96,23.13,77.64",hong_jean,near_miss,(near miss) HJ motion_data.csv
650,2026-07-27T13:20:23.468,26.294685,0.2687,0.29,0.22,-1.37,81.36,57.13,20.63,1.417533068397348,101.53267158900134,"0.29,0.22,-1.37,81.36,57.13,20.63",hong_jean,near_miss,(near miss) HJ motion_data.csv
651,2026-07-27T13:20:23.469,26.295085,0.3997,0.06,0.34,-1.31,83.8,86.85,-58.59,1.3547324459095236,134.15718616607907,"0.06,0.34,-1.31,83.80,86.85,-58.59",hong_jean,near_miss,(near miss) HJ motion_data.csv
652,2026-07-27T13:20:23.469,26.295291,0.2064,-0.13,0.35,-1.08,44.98,91.49,-72.14,1.1427160627207442,124.8911530093305,"-0.13,0.35,-1.08,44.98,91.49,-72.14",hong_jean,near_miss,(near miss) HJ motion_data.csv
653,2026-07-27T13:20:23.469,26.295483,0.1918,-0.18,0.19,-0.89,6.53,78.61,-83.07,0.9276852914647294,114.55478121841969,"-0.18,0.19,-0.89,6.53,78.61,-83.07",hong_jean,near_miss,(near miss) HJ motion_data.csv
654,2026-07-27T13:20:23.470,26.295882,0.3992,-0.23,-0.05,-0.78,-15.2,67.69,-152.22,0.8147392220827472,167.28390388797123,"-0.23,-0.05,-0.78,-15.20,67.69,-152.22",hong_jean,near_miss,(near miss) HJ motion_data.csv
655,2026-07-27T13:20:23.470,26.296079,0.1971,-0.3,-0.19,-0.58,-23.25,39.06,-137.45,0.6800735254367721,144.77136664409852,"-0.30,-0.19,-0.58,-23.25,39.06,-137.45",hong_jean,near_miss,(near miss) HJ motion_data.csv
656,2026-07-27T13:20:23.470,26.296342,0.262,-0.32,-0.03,-0.36,18.37,-24.72,-59.39,0.48259714048054614,66.90072794820696,"-0.32,-0.03,-0.36,18.37,-24.72,-59.39",hong_jean,near_miss,(near miss) HJ motion_data.csv
657,2026-07-27T13:20:23.525,26.351104,54.7628,-0.18,0.42,-0.96,149.05,-94.24,-105.29,1.063202708800161,205.38516061293234,"-0.18,0.42,-0.96,149.05,-94.24,-105.29",hong_jean,near_miss,(near miss) HJ motion_data.csv
658,2026-07-27T13:20:23.525,26.351234,0.1299,0.16,0.99,-2.16,311.4,-145.87,-228.45,2.3814491386548653,412.84067071934663,"0.16,0.99,-2.16,311.40,-145.87,-228.45",hong_jean,near_miss,(near miss) HJ motion_data.csv
659,2026-07-27T13:20:23.705,26.531373,180.1383,0.58,1.2,-2.4,285.77,-168.58,-259.95,2.7452504439486027,421.49461657297593,"0.58,1.20,-2.40,285.77,-168.58,-259.95",hong_jean,near_miss,(near miss) HJ motion_data.csv
660,2026-07-27T13:20:23.706,26.532091,0.7188,0.67,0.58,-2.01,60.42,-160.89,-174.74,2.196679312052626,245.09230118467613,"0.67,0.58,-2.01,60.42,-160.89,-174.74",hong_jean,near_miss,(near miss) HJ motion_data.csv
661,2026-07-27T13:20:23.707,26.532794,0.7029,0.42,-0.14,-1.83,-161.01,-133.54,-62.62,1.8827904822364065,218.35387814279827,"0.42,-0.14,-1.83,-161.01,-133.54,-62.62",hong_jean,near_miss,(near miss) HJ motion_data.csv
662,2026-07-27T13:20:23.707,26.53337,0.576,0.5,0.07,-1.4,-152.4,-106.81,-99.49,1.4882540105774953,211.02700348533597,"0.50,0.07,-1.40,-152.40,-106.81,-99.49",hong_jean,near_miss,(near miss) HJ motion_data.csv
663,2026-07-27T13:20:23.825,26.651207,117.8367,0.72,0.21,-0.62,-32.17,-84.66,-213.99,0.9730878685915265,232.36597126085394,"0.72,0.21,-0.62,-32.17,-84.66,-213.99",hong_jean,near_miss,(near miss) HJ motion_data.csv
664,2026-07-27T13:20:23.826,26.651907,0.7003,0.55,0.05,-0.0,-54.26,-51.45,-178.16,0.552268050859363,193.21551619888086,"0.55,0.05,-0.00,-54.26,-51.45,-178.16",hong_jean,near_miss,(near miss) HJ motion_data.csv
665,2026-07-27T13:20:23.826,26.652651,0.7437,0.36,-0.12,0.28,-136.47,-21.42,-35.1,0.47159304490206383,142.5303030937632,"0.36,-0.12,0.28,-136.47,-21.42,-35.10",hong_jean,near_miss,(near miss) HJ motion_data.csv
666,2026-07-27T13:20:24.005,26.831185,178.5346,0.3,-0.27,0.04,-180.3,-8.54,74.34,0.40558599581346494,195.21131422128175,"0.30,-0.27,0.04,-180.30,-8.54,74.34",hong_jean,near_miss,(near miss) HJ motion_data.csv
667,2026-07-27T13:20:24.006,26.831839,0.6531,0.23,-0.12,-0.97,-111.94,-3.66,41.93,1.0040916292848974,119.59132117340287,"0.23,-0.12,-0.97,-111.94,-3.66,41.93",hong_jean,near_miss,(near miss) HJ motion_data.csv
668,2026-07-27T13:20:24.006,26.832568,0.7297,0.1,-0.36,-1.99,-20.26,-32.35,-4.7,2.0247715920567435,38.45881043402149,"0.10,-0.36,-1.99,-20.26,-32.35,-4.70",hong_jean,near_miss,(near miss) HJ motion_data.csv
669,2026-07-27T13:20:24.007,26.833369,0.8011,0.45,-0.26,-1.75,28.5,-93.87,68.97,1.8255410156991818,119.91950550264957,"0.45,-0.26,-1.75,28.50,-93.87,68.97",hong_jean,near_miss,(near miss) HJ motion_data.csv
670,2026-07-27T13:20:24.007,26.833477,0.108,0.76,0.6,-1.27,107.54,-104.74,109.31,1.5970284906663375,185.698668008147,"0.76,0.60,-1.27,107.54,-104.74,109.31",hong_jean,near_miss,(near miss) HJ motion_data.csv
671,2026-07-27T13:20:24.184,27.010611,177.1336,0.11,0.64,-1.31,67.14,-46.75,95.21,1.4621217459568818,125.53201265016027,"0.11,0.64,-1.31,67.14,-46.75,95.21",hong_jean,near_miss,(near miss) HJ motion_data.csv
672,2026-07-27T13:20:24.185,27.011686,1.0753,-0.29,0.07,-1.22,-70.13,8.91,130.19,1.2559458587057006,148.14533775991737,"-0.29,0.07,-1.22,-70.13,8.91,130.19",hong_jean,near_miss,(near miss) HJ motion_data.csv
673,2026-07-27T13:20:24.186,27.012493,0.8067,0.2,-0.12,-1.22,-61.22,27.77,106.02,1.242095004417939,125.53605736998433,"0.20,-0.12,-1.22,-61.22,27.77,106.02",hong_jean,near_miss,(near miss) HJ motion_data.csv
674,2026-07-27T13:20:24.187,27.012986,0.4934,0.68,-0.06,-1.32,26.79,32.71,64.09,1.486068639060794,76.78005144567176,"0.68,-0.06,-1.32,26.79,32.71,64.09",hong_jean,near_miss,(near miss) HJ motion_data.csv
675,2026-07-27T13:20:24.365,27.191302,178.3161,0.63,0.14,-1.31,60.12,53.65,126.59,1.4603424255975035,150.0592049825668,"0.63,0.14,-1.31,60.12,53.65,126.59",hong_jean,near_miss,(near miss) HJ motion_data.csv
676,2026-07-27T13:20:24.366,27.191948,0.646,0.22,0.31,-0.98,53.16,88.81,186.77,1.051142235855833,213.5327483080757,"0.22,0.31,-0.98,53.16,88.81,186.77",hong_jean,near_miss,(near miss) HJ motion_data.csv
677,2026-07-27T13:20:24.366,27.192452,0.5039,-0.17,0.39,-0.51,39.18,129.39,156.56,0.6641535966928133,206.85230987349405,"-0.17,0.39,-0.51,39.18,129.39,156.56",hong_jean,near_miss,(near miss) HJ motion_data.csv
678,2026-07-27T13:20:24.367,27.193414,0.9617,-0.33,0.46,-0.33,12.15,166.63,74.22,0.655286197016235,182.81626787570082,"-0.33,0.46,-0.33,12.15,166.63,74.22",hong_jean,near_miss,(near miss) HJ motion_data.csv
679,2026-07-27T13:20:24.368,27.193992,0.5775,-0.37,0.48,-0.51,-29.97,153.5,57.07,0.7920858539325141,166.4855423152413,"-0.37,0.48,-0.51,-29.97,153.50,57.07",hong_jean,near_miss,(near miss) HJ motion_data.csv
680,2026-07-27T13:20:24.484,27.31063,116.6386,-0.44,0.44,-0.61,-55.79,79.16,96.31,0.8713782186857782,136.58127909783244,"-0.44,0.44,-0.61,-55.79,79.16,96.31",hong_jean,near_miss,(near miss) HJ motion_data.csv
681,2026-07-27T13:20:24.485,27.311554,0.9239,-0.6,0.37,-0.34,-63.72,23.19,38.82,0.7826237921249264,78.13454357708886,"-0.60,0.37,-0.34,-63.72,23.19,38.82",hong_jean,near_miss,(near miss) HJ motion_data.csv
682,2026-07-27T13:20:24.486,27.312356,0.8022,-0.67,0.18,-0.29,-72.39,11.29,-125.12,0.7519308478842984,144.99238117915024,"-0.67,0.18,-0.29,-72.39,11.29,-125.12",hong_jean,near_miss,(near miss) HJ motion_data.csv
683,2026-07-27T13:20:24.605,27.430756,118.3997,-0.2,0.11,-1.57,-2.14,-51.94,-219.36,1.5865055940651454,225.43547369480254,"-0.20,0.11,-1.57,-2.14,-51.94,-219.36",hong_jean,near_miss,(near miss) HJ motion_data.csv
684,2026-07-27T13:20:24.605,27.431448,0.6925,0.63,-0.13,-2.85,77.51,-206.6,-50.48,2.9216947136893,226.36163654647842,"0.63,-0.13,-2.85,77.51,-206.60,-50.48",hong_jean,near_miss,(near miss) HJ motion_data.csv
685,2026-07-27T13:20:24.606,27.432109,0.6608,1.09,-0.52,-2.6,-51.51,-285.4,232.54,2.8667926328913294,371.72744275880416,"1.09,-0.52,-2.60,-51.51,-285.40,232.54",hong_jean,near_miss,(near miss) HJ motion_data.csv
686,2026-07-27T13:20:24.784,27.610636,178.527,0.76,-0.25,-1.8,-154.79,-180.24,172.97,1.9697969438497969,293.8792653454816,"0.76,-0.25,-1.80,-154.79,-180.24,172.97",hong_jean,near_miss,(near miss) HJ motion_data.csv
687,2026-07-27T13:20:24.785,27.611436,0.7993,0.31,0.27,-1.03,-83.68,-39.67,-88.56,1.1090085662428402,128.13635276532574,"0.31,0.27,-1.03,-83.68,-39.67,-88.56",hong_jean,near_miss,(near miss) HJ motion_data.csv
688,2026-07-27T13:20:24.786,27.612215,0.7799,0.22,0.19,-0.39,-26.92,30.7,-123.17,0.4864154602806124,129.76141683875065,"0.22,0.19,-0.39,-26.92,30.70,-123.17",hong_jean,near_miss,(near miss) HJ motion_data.csv
689,2026-07-27T13:20:24.786,27.612409,0.1931,0.17,-0.1,-0.02,18.55,70.01,-22.22,0.1982422760159901,75.75771247866452,"0.17,-0.10,-0.02,18.55,70.01,-22.22",hong_jean,near_miss,(near miss) HJ motion_data.csv
690,2026-07-27T13:20:24.905,27.731002,118.5936,0.0,-0.08,0.07,35.16,108.4,17.03,0.1063014581273465,115.22502549359666,"0.00,-0.08,0.07,35.16,108.40,17.03",hong_jean,near_miss,(near miss) HJ motion_data.csv
691,2026-07-27T13:20:24.905,27.731581,0.5787,-0.2,0.1,-0.15,28.44,124.76,-8.97,0.26925824035672524,128.27451851400573,"-0.20,0.10,-0.15,28.44,124.76,-8.97",hong_jean,near_miss,(near miss) HJ motion_data.csv
692,2026-07-27T13:20:24.906,27.732141,0.5598,-0.28,0.24,-0.59,55.91,100.4,-89.17,0.6957729514719583,145.45575615973402,"-0.28,0.24,-0.59,55.91,100.40,-89.17",hong_jean,near_miss,(near miss) HJ motion_data.csv
693,2026-07-27T13:20:25.025,27.850891,118.7507,-0.05,0.32,-1.42,108.64,36.68,-176.88,1.4564683312726028,210.79517641540093,"-0.05,0.32,-1.42,108.64,36.68,-176.88",hong_jean,near_miss,(near miss) HJ motion_data.csv
694,2026-07-27T13:20:25.025,27.851453,0.5617,0.41,0.36,-1.94,144.96,-54.2,-130.68,2.0152667317256046,202.55444700129397,"0.41,0.36,-1.94,144.96,-54.20,-130.68",hong_jean,near_miss,(near miss) HJ motion_data.csv
695,2026-07-27T13:20:25.026,27.852605,1.1516,0.8,0.3,-1.84,-24.23,-115.91,236.88,2.0286941612771505,264.8289172277076,"0.80,0.30,-1.84,-24.23,-115.91,236.88",hong_jean,near_miss,(near miss) HJ motion_data.csv
696,2026-07-27T13:20:25.145,27.971014,118.4088,0.95,0.18,-1.51,-102.72,-64.94,303.04,1.7930421077041108,326.49937764106073,"0.95,0.18,-1.51,-102.72,-64.94,303.04",hong_jean,near_miss,(near miss) HJ motion_data.csv
697,2026-07-27T13:20:25.145,27.971605,0.5919,0.86,0.02,-0.91,-73.61,10.5,240.91,1.2522379965485793,252.12360103726903,"0.86,0.02,-0.91,-73.61,10.50,240.91",hong_jean,near_miss,(near miss) HJ motion_data.csv
698,2026-07-27T13:20:25.146,27.972269,0.6633,0.59,-0.07,-0.57,49.56,96.62,47.06,0.8233468284993876,118.34805279344482,"0.59,-0.07,-0.57,49.56,96.62,47.06",hong_jean,near_miss,(near miss) HJ motion_data.csv
699,2026-07-27T13:20:25.265,28.091556,119.2873,0.27,0.01,-0.58,133.18,159.55,-149.23,0.6398437309218556,255.85681112684884,"0.27,0.01,-0.58,133.18,159.55,-149.23",hong_jean,near_miss,(near miss) HJ motion_data.csv
700,2026-07-27T13:20:25.266,28.09231,0.7543,0.03,0.16,-0.7,127.5,169.86,-227.91,0.718679344353238,311.53111834935527,"0.03,0.16,-0.70,127.50,169.86,-227.91",hong_jean,near_miss,(near miss) HJ motion_data.csv
701,2026-07-27T13:20:25.266,28.092603,0.2928,-0.16,0.29,-0.92,87.22,141.72,-218.2,0.9778036612735709,274.41415196742315,"-0.16,0.29,-0.92,87.22,141.72,-218.20",hong_jean,near_miss,(near miss) HJ motion_data.csv
702,2026-07-27T13:20:25.325,28.151414,58.8113,-0.37,0.39,-1.21,27.28,104.61,-204.41,1.3240468269664785,231.23775340545063,"-0.37,0.39,-1.21,27.28,104.61,-204.41",hong_jean,near_miss,(near miss) HJ motion_data.csv
703,2026-07-27T13:20:25.326,28.152221,0.8064,-0.62,0.25,-1.29,-54.63,43.33,-145.69,1.4529280780547948,161.51625893389186,"-0.62,0.25,-1.29,-54.63,43.33,-145.69",hong_jean,near_miss,(near miss) HJ motion_data.csv
704,2026-07-27T13:20:25.385,28.210769,58.5481,-0.66,-0.12,-0.94,-69.76,-70.13,64.88,1.1548160026601642,118.29661406819724,"-0.66,-0.12,-0.94,-69.76,-70.13,64.88",hong_jean,near_miss,(near miss) HJ motion_data.csv
705,2026-07-27T13:20:25.446,28.271809,61.0405,0.09,0.06,-1.27,56.27,-202.27,199.89,1.274597975833949,289.88873365482834,"0.09,0.06,-1.27,56.27,-202.27,199.89",hong_jean,near_miss,(near miss) HJ motion_data.csv
706,2026-07-27T13:20:25.446,28.271932,0.1222,0.61,0.58,-2.19,217.71,-268.92,68.42,2.346188398232333,352.6994569034662,"0.61,0.58,-2.19,217.71,-268.92,68.42",hong_jean,near_miss,(near miss) HJ motion_data.csv
707,2026-07-27T13:20:25.566,28.392081,120.1493,0.97,0.93,-2.05,222.41,-216.55,-117.31,2.4511833876721667,331.84596833470795,"0.97,0.93,-2.05,222.41,-216.55,-117.31",hong_jean,near_miss,(near miss) HJ motion_data.csv
708,2026-07-27T13:20:25.566,28.392733,0.652,0.93,0.74,-1.32,55.24,-105.47,-190.12,1.7762038171336083,224.32341139524425,"0.93,0.74,-1.32,55.24,-105.47,-190.12",hong_jean,near_miss,(near miss) HJ motion_data.csv
709,2026-07-27T13:20:25.567,28.393387,0.6544,0.59,-0.04,-0.99,-149.11,-11.66,-143.01,1.15316954521007,206.93382468799052,"0.59,-0.04,-0.99,-149.11,-11.66,-143.01",hong_jean,near_miss,(near miss) HJ motion_data.csv
710,2026-07-27T13:20:25.624,28.45048,57.0926,0.24,-0.57,-0.86,-221.5,55.24,-60.91,1.059292216529509,236.27047149400622,"0.24,-0.57,-0.86,-221.50,55.24,-60.91",hong_jean,near_miss,(near miss) HJ motion_data.csv
711,2026-07-27T13:20:25.865,28.691242,240.7623,0.11,-0.34,-0.74,-105.65,95.7,-104.25,0.8217663901620703,176.60259058122563,"0.11,-0.34,-0.74,-105.65,95.70,-104.25",hong_jean,near_miss,(near miss) HJ motion_data.csv
712,2026-07-27T13:20:25.866,28.692393,1.1511,0.02,0.07,-0.63,14.47,108.76,-199.34,0.6341923998283171,227.54022523501203,"0.02,0.07,-0.63,14.47,108.76,-199.34",hong_jean,near_miss,(near miss) HJ motion_data.csv
713,2026-07-27T13:20:25.867,28.69329,0.8969,-0.08,0.25,-0.59,30.88,87.46,-156.13,0.6457553716385176,181.602320745083,"-0.08,0.25,-0.59,30.88,87.46,-156.13",hong_jean,near_miss,(near miss) HJ motion_data.csv
714,2026-07-27T13:20:25.868,28.693767,0.4773,-0.04,0.25,-0.54,19.71,34.97,-61.58,0.5964059020499378,73.5083763934424,"-0.04,0.25,-0.54,19.71,34.97,-61.58",hong_jean,near_miss,(near miss) HJ motion_data.csv
715,2026-07-27T13:20:25.868,28.693877,0.1099,0.08,0.23,-0.61,39.31,-11.05,-63.48,0.656810474946921,75.479063322222,"0.08,0.23,-0.61,39.31,-11.05,-63.48",hong_jean,near_miss,(near miss) HJ motion_data.csv
716,2026-07-27T13:20:25.868,28.694622,0.7448,0.23,0.28,-1.17,89.42,-25.76,-160.28,1.2248265183282079,185.33535118805585,"0.23,0.28,-1.17,89.42,-25.76,-160.28",hong_jean,near_miss,(near miss) HJ motion_data.csv
717,2026-07-27T13:20:25.925,28.750769,56.1473,0.42,0.29,-1.61,108.7,-27.71,-203.49,1.6889641796083186,232.3611718854938,"0.42,0.29,-1.61,108.70,-27.71,-203.49",hong_jean,near_miss,(near miss) HJ motion_data.csv
718,2026-07-27T13:20:25.925,28.751235,0.466,0.6,0.24,-1.45,59.81,-37.9,-76.35,1.5874822833657074,104.1295760098926,"0.60,0.24,-1.45,59.81,-37.90,-76.35",hong_jean,near_miss,(near miss) HJ motion_data.csv
719,2026-07-27T13:20:25.985,28.811016,59.7805,0.69,0.2,-1.26,4.58,-40.89,97.6,1.4504137340772805,105.91849932849313,"0.69,0.20,-1.26,4.58,-40.89,97.60",hong_jean,near_miss,(near miss) HJ motion_data.csv
720,2026-07-27T13:20:26.045,28.871192,60.1765,0.58,0.14,-1.12,-30.33,-11.66,170.9,1.2690153663372246,173.9617041190388,"0.58,0.14,-1.12,-30.33,-11.66,170.90",hong_jean,near_miss,(near miss) HJ motion_data.csv
721,2026-07-27T13:20:26.045,28.871714,0.5217,0.37,0.08,-0.93,-44.25,40.77,131.84,1.0040916292848974,144.92080940982905,"0.37,0.08,-0.93,-44.25,40.77,131.84",hong_jean,near_miss,(near miss) HJ motion_data.csv
722,2026-07-27T13:20:26.105,28.931128,59.414,0.14,0.05,-0.83,-18.07,96.31,22.89,0.8432081593533117,100.62849049846669,"0.14,0.05,-0.83,-18.07,96.31,22.89",hong_jean,near_miss,(near miss) HJ motion_data.csv
723,2026-07-27T13:20:26.166,28.992156,61.0277,-0.12,0.02,-0.82,28.02,142.27,-104.37,0.8289752710425082,178.65880946653598,"-0.12,0.02,-0.82,28.02,142.27,-104.37",hong_jean,near_miss,(near miss) HJ motion_data.csv
724,2026-07-27T13:20:26.167,28.993203,1.0471,-0.37,0.1,-0.83,69.52,156.13,-204.47,0.9142209798511517,266.4912535150075,"-0.37,0.10,-0.83,69.52,156.13,-204.47",hong_jean,near_miss,(near miss) HJ motion_data.csv
725,2026-07-27T13:20:26.285,29.111267,118.0638,-0.5,0.24,-0.81,84.05,129.94,-251.16,0.9816822296446035,295.0087315656945,"-0.50,0.24,-0.81,84.05,129.94,-251.16",hong_jean,near_miss,(near miss) HJ motion_data.csv
726,2026-07-27T13:20:26.286,29.111828,0.5611,-0.43,0.19,-0.75,64.21,66.47,-225.28,0.8851553535961921,243.50002751539884,"-0.43,0.19,-0.75,64.21,66.47,-225.28",hong_jean,near_miss,(near miss) HJ motion_data.csv
727,2026-07-27T13:20:26.286,29.112741,0.913,-0.12,0.12,-0.98,62.56,-39.67,-132.32,0.9945853407325085,151.64446874185685,"-0.12,0.12,-0.98,62.56,-39.67,-132.32",hong_jean,near_miss,(near miss) HJ motion_data.csv
728,2026-07-27T13:20:26.345,29.171005,58.2636,0.37,0.28,-1.73,132.51,-156.43,-64.03,1.7911448852619378,214.7768281263135,"0.37,0.28,-1.73,132.51,-156.43,-64.03",hong_jean,near_miss,(near miss) HJ motion_data.csv
729,2026-07-27T13:20:26.465,29.291271,120.2669,0.79,0.66,-2.14,182.31,-211.67,-52.12,2.374721036248258,284.1788510779787,"0.79,0.66,-2.14,182.31,-211.67,-52.12",hong_jean,near_miss,(near miss) HJ motion_data.csv
730,2026-07-27T13:20:26.465,29.291709,0.4371,0.96,0.84,-1.63,103.88,-171.02,-96.19,2.069806754264755,222.01669058879335,"0.96,0.84,-1.63,103.88,-171.02,-96.19",hong_jean,near_miss,(near miss) HJ motion_data.csv
731,2026-07-27T13:20:26.466,29.292161,0.4528,0.83,0.52,-1.01,-27.1,-91.19,-172.18,1.4069115110766561,196.71293424683594,"0.83,0.52,-1.01,-27.10,-91.19,-172.18",hong_jean,near_miss,(near miss) HJ motion_data.csv
732,2026-07-27T13:20:26.525,29.350804,58.6426,0.54,-0.15,-0.76,-143.19,-34.3,-145.08,0.9442986815621423,206.7076982117502,"0.54,-0.15,-0.76,-143.19,-34.30,-145.08",hong_jean,near_miss,(near miss) HJ motion_data.csv
733,2026-07-27T13:20:26.525,29.351423,0.6187,0.34,-0.45,-0.68,-165.77,6.71,-87.4,0.8834591105421915,187.51927100967515,"0.34,-0.45,-0.68,-165.77,6.71,-87.40",hong_jean,near_miss,(near miss) HJ motion_data.csv
734,2026-07-27T13:20:26.585,29.411234,59.8113,0.23,-0.25,-0.69,-73.06,41.81,-118.35,0.76909037180295,145.2327862433273,"0.23,-0.25,-0.69,-73.06,41.81,-118.35",hong_jean,near_miss,(near miss) HJ motion_data.csv
735,2026-07-27T13:20:26.705,29.531022,119.7877,0.02,-0.04,-0.79,1.65,60.79,-130.8,0.7912648102879339,144.24557740187393,"0.02,-0.04,-0.79,1.65,60.79,-130.80",hong_jean,near_miss,(near miss) HJ motion_data.csv
736,2026-07-27T13:20:26.824,29.650292,119.2704,-0.13,0.18,-0.87,23.99,55.85,-97.78,0.897886407069402,115.13327494690665,"-0.13,0.18,-0.87,23.99,55.85,-97.78",hong_jean,near_miss,(near miss) HJ motion_data.csv
737,2026-07-27T13:20:26.825,29.651029,0.7373,-0.02,0.27,-0.76,30.94,25.57,-79.04,0.8067837380611982,88.6477867744029,"-0.02,0.27,-0.76,30.94,25.57,-79.04",hong_jean,near_miss,(near miss) HJ motion_data.csv
738,2026-07-27T13:20:26.826,29.651854,0.825,0.19,0.21,-0.57,33.57,-9.77,-74.52,0.6364746656387825,82.3142041205526,"0.19,0.21,-0.57,33.57,-9.77,-74.52",hong_jean,near_miss,(near miss) HJ motion_data.csv
739,2026-07-27T13:20:26.884,29.710713,58.8586,0.35,0.16,-0.94,49.44,-21.0,-79.77,1.0157263410978372,96.16946760796796,"0.35,0.16,-0.94,49.44,-21.00,-79.77",hong_jean,near_miss,(near miss) HJ motion_data.csv
740,2026-07-27T13:20:26.885,29.711429,0.7158,0.47,0.18,-1.59,82.09,-8.0,-94.42,1.667752979310785,125.37106723642421,"0.47,0.18,-1.59,82.09,-8.00,-94.42",hong_jean,near_miss,(near miss) HJ motion_data.csv
741,2026-07-27T13:20:26.886,29.712001,0.5724,0.51,0.19,-1.51,60.73,13.79,-85.63,1.6050856674956635,105.88103654573844,"0.51,0.19,-1.51,60.73,13.79,-85.63",hong_jean,near_miss,(near miss) HJ motion_data.csv
742,2026-07-27T13:20:26.886,29.712249,0.2484,0.51,0.21,-1.12,15.87,29.42,-45.72,1.2484390253432485,56.6366639201145,"0.51,0.21,-1.12,15.87,29.42,-45.72",hong_jean,near_miss,(near miss) HJ motion_data.csv
743,2026-07-27T13:20:26.948,29.774332,62.083,0.5,0.29,-0.98,16.66,35.77,-13.0,1.1377609590770814,41.54573985380451,"0.50,0.29,-0.98,16.66,35.77,-13.00",hong_jean,near_miss,(near miss) HJ motion_data.csv
744,2026-07-27T13:20:27.065,29.891054,116.7213,0.44,0.27,-0.86,4.27,43.33,10.07,1.0030453628824572,44.689223533196454,"0.44,0.27,-0.86,4.27,43.33,10.07",hong_jean,near_miss,(near miss) HJ motion_data.csv
745,2026-07-27T13:20:27.066,29.891831,0.7773,0.34,0.15,-0.79,-32.84,57.62,20.14,0.8730406634286859,69.31197299168448,"0.34,0.15,-0.79,-32.84,57.62,20.14",hong_jean,near_miss,(near miss) HJ motion_data.csv
746,2026-07-27T13:20:27.066,29.892432,0.6007,0.16,-0.04,-0.84,-60.67,76.17,24.17,0.8560373823613078,100.33397580082233,"0.16,-0.04,-0.84,-60.67,76.17,24.17",hong_jean,near_miss,(near miss) HJ motion_data.csv
747,2026-07-27T13:20:27.185,30.011228,118.7965,-0.05,-0.13,-0.94,-55.54,86.3,55.91,0.9502631214563679,116.86877127787389,"-0.05,-0.13,-0.94,-55.54,86.30,55.91",hong_jean,near_miss,(near miss) HJ motion_data.csv
748,2026-07-27T13:20:27.244,30.070535,59.3064,-0.23,0.05,-1.02,2.87,87.95,39.37,1.0468046618161384,96.40247040403062,"-0.23,0.05,-1.02,2.87,87.95,39.37",hong_jean,near_miss,(near miss) HJ motion_data.csv
749,2026-07-27T13:20:27.245,30.071141,0.6064,-0.37,0.22,-1.05,59.2,85.88,-93.93,1.1348127598859648,140.36687394111192,"-0.37,0.22,-1.05,59.20,85.88,-93.93",hong_jean,near_miss,(near miss) HJ motion_data.csv
750,2026-07-27T13:20:27.364,30.190329,119.1879,-0.4,0.13,-0.99,57.13,57.98,-184.69,1.0756393447619885,201.83139844929974,"-0.40,0.13,-0.99,57.13,57.98,-184.69",hong_jean,near_miss,(near miss) HJ motion_data.csv
751,2026-07-27T13:20:27.365,30.191017,0.6875,-0.18,0.03,-1.05,46.57,-15.2,-121.09,1.0657391800998968,130.62386076058235,"-0.18,0.03,-1.05,46.57,-15.20,-121.09",hong_jean,near_miss,(near miss) HJ motion_data.csv
752,2026-07-27T13:20:27.365,30.19144,0.4234,0.2,0.14,-1.33,80.87,-105.04,-57.92,1.3522203962372408,144.6654239961989,"0.20,0.14,-1.33,80.87,-105.04,-57.92",hong_jean,near_miss,(near miss) HJ motion_data.csv
753,2026-07-27T13:20:27.366,30.192314,0.8742,0.53,0.58,-1.67,137.76,-158.94,-88.56,1.845589336770236,228.21615806072978,"0.53,0.58,-1.67,137.76,-158.94,-88.56",hong_jean,near_miss,(near miss) HJ motion_data.csv
754,2026-07-27T13:20:27.604,30.430445,238.1312,0.72,0.96,-1.72,144.04,-148.56,-126.65,2.0972362766269326,242.6063018554959,"0.72,0.96,-1.72,144.04,-148.56,-126.65",hong_jean,near_miss,(near miss) HJ motion_data.csv
755,2026-07-27T13:20:27.605,30.431013,0.568,0.73,0.59,-1.3,42.42,-104.92,-125.79,1.6034338152851835,169.20634414820267,"0.73,0.59,-1.30,42.42,-104.92,-125.79",hong_jean,near_miss,(near miss) HJ motion_data.csv
756,2026-07-27T13:20:27.605,30.43153,0.5166,0.59,-0.16,-0.87,-112.67,-74.34,-60.49,1.063296760081587,147.9189122458653,"0.59,-0.16,-0.87,-112.67,-74.34,-60.49",hong_jean,near_miss,(near miss) HJ motion_data.csv
757,2026-07-27T13:20:27.606,30.432213,0.6835,0.4,-0.32,-0.63,-156.62,-45.96,-19.96,0.8119729059519166,164.44010338113998,"0.40,-0.32,-0.63,-156.62,-45.96,-19.96",hong_jean,near_miss,(near miss) HJ motion_data.csv
758,2026-07-27T13:20:27.607,30.433179,0.9656,0.33,-0.17,-0.54,-86.36,-8.12,-52.55,0.655286197016235,101.41738756248851,"0.33,-0.17,-0.54,-86.36,-8.12,-52.55",hong_jean,near_miss,(near miss) HJ motion_data.csv
759,2026-07-27T13:20:27.608,30.433825,0.6456,0.11,-0.13,-0.63,-33.45,26.37,-47.06,0.6526101439603893,63.47379774363592,"0.11,-0.13,-0.63,-33.45,26.37,-47.06",hong_jean,near_miss,(near miss) HJ motion_data.csv
760,2026-07-27T13:20:27.664,30.490728,56.9038,-0.21,0.07,-0.81,-3.48,42.97,-33.81,0.8397023282092293,54.78729232221647,"-0.21,0.07,-0.81,-3.48,42.97,-33.81",hong_jean,near_miss,(near miss) HJ motion_data.csv
761,2026-07-27T13:20:27.670,30.496525,5.7971,-0.18,0.27,-0.82,32.29,24.17,-59.81,0.8818730067305609,72.13923412401881,"-0.18,0.27,-0.82,32.29,24.17,-59.81",hong_jean,near_miss,(near miss) HJ motion_data.csv
762,2026-07-27T13:20:27.725,30.550873,54.3474,0.0,0.42,-0.73,63.35,-5.07,-113.22,0.8421995013059553,129.8371895875754,"0.00,0.42,-0.73,63.35,-5.07,-113.22",hong_jean,near_miss,(near miss) HJ motion_data.csv
763,2026-07-27T13:20:27.725,30.551318,0.4448,0.09,0.47,-1.22,75.07,-9.4,-200.26,1.3104960892730662,214.0745956436681,"0.09,0.47,-1.22,75.07,-9.40,-200.26",hong_jean,near_miss,(near miss) HJ motion_data.csv
764,2026-07-27T13:20:27.965,30.790964,239.6462,0.34,0.21,-1.9,40.95,-28.14,-161.44,1.941571528427423,168.91310103126992,"0.34,0.21,-1.90,40.95,-28.14,-161.44",hong_jean,near_miss,(near miss) HJ motion_data.csv
765,2026-07-27T13:20:27.965,30.791562,0.5984,0.66,-0.1,-1.45,-49.13,-87.16,69.58,1.5962769183321546,121.86877737960613,"0.66,-0.10,-1.45,-49.13,-87.16,69.58",hong_jean,near_miss,(near miss) HJ motion_data.csv
766,2026-07-27T13:20:27.966,30.792473,0.9108,0.81,-0.06,-0.88,55.66,-61.4,136.54,1.1975391434103522,159.72215625892358,"0.81,-0.06,-0.88,55.66,-61.40,136.54",hong_jean,near_miss,(near miss) HJ motion_data.csv
767,2026-07-27T13:20:27.966,30.792734,0.2605,0.72,0.11,-1.0,86.85,53.65,22.64,1.2371337841963577,104.56488225020865,"0.72,0.11,-1.00,86.85,53.65,22.64",hong_jean,near_miss,(near miss) HJ motion_data.csv
768,2026-07-27T13:20:27.967,30.793358,0.6247,0.42,0.15,-0.86,40.22,134.7,-100.65,0.9687620966986683,172.89349582907968,"0.42,0.15,-0.86,40.22,134.70,-100.65",hong_jean,near_miss,(near miss) HJ motion_data.csv
769,2026-07-27T13:20:27.968,30.794193,0.8343,0.09,0.06,-0.72,-4.46,148.93,-172.42,0.7280796659706958,227.87868022261318,"0.09,0.06,-0.72,-4.46,148.93,-172.42",hong_jean,near_miss,(near miss) HJ motion_data.csv
770,2026-07-27T13:20:28.085,30.911306,117.1131,-0.08,-0.03,-0.86,-34.0,115.66,-106.51,0.8642337646724987,160.86520972540956,"-0.08,-0.03,-0.86,-34.00,115.66,-106.51",hong_jean,near_miss,(near miss) HJ motion_data.csv
771,2026-07-27T13:20:28.086,30.912362,1.0565,-0.1,0.06,-1.02,-30.88,75.07,8.73,1.0266450214168479,81.64124080389763,"-0.10,0.06,-1.02,-30.88,75.07,8.73",hong_jean,near_miss,(near miss) HJ motion_data.csv
772,2026-07-27T13:20:28.087,30.913009,0.6464,-0.17,0.21,-1.09,-9.22,47.24,44.37,1.1229870880824944,65.46237774477795,"-0.17,0.21,-1.09,-9.22,47.24,44.37",hong_jean,near_miss,(near miss) HJ motion_data.csv
773,2026-07-27T13:20:28.144,30.970649,57.6405,-0.2,0.34,-1.09,12.76,23.56,8.97,1.1591807451816996,28.25512519880243,"-0.20,0.34,-1.09,12.76,23.56,8.97",hong_jean,near_miss,(near miss) HJ motion_data.csv
774,2026-07-27T13:20:28.226,31.052092,81.4428,-0.09,0.4,-1.07,28.08,3.17,-49.07,1.1458621208504975,56.62508454739825,"-0.09,0.40,-1.07,28.08,3.17,-49.07",hong_jean,near_miss,(near miss) HJ motion_data.csv
775,2026-07-27T13:20:28.227,31.05294,0.8484,-0.05,0.32,-1.1,41.63,-10.5,-105.22,1.1466908912169835,113.64222498701793,"-0.05,0.32,-1.10,41.63,-10.50,-105.22",hong_jean,near_miss,(near miss) HJ motion_data.csv
776,2026-07-27T13:20:28.446,31.272265,219.3243,-0.13,0.18,-1.19,57.92,-22.89,-144.53,1.2105370708904373,157.3772518504501,"-0.13,0.18,-1.19,57.92,-22.89,-144.53",hong_jean,near_miss,(near miss) HJ motion_data.csv
777,2026-07-27T13:20:28.446,31.272519,0.2541,0.0,0.18,-1.18,72.88,-47.0,-166.93,1.193649864910142,188.11198606149478,"0.00,0.18,-1.18,72.88,-47.00,-166.93",hong_jean,near_miss,(near miss) HJ motion_data.csv
778,2026-07-27T13:20:28.447,31.273195,0.6763,0.29,0.39,-1.27,82.76,-86.79,-173.16,1.3598161640457138,210.63263588532524,"0.29,0.39,-1.27,82.76,-86.79,-173.16",hong_jean,near_miss,(near miss) HJ motion_data.csv
779,2026-07-27T13:20:28.505,31.330864,57.6695,0.47,0.5,-1.24,62.56,-119.63,-122.38,1.4172155799312962,182.21403595771648,"0.47,0.50,-1.24,62.56,-119.63,-122.38",hong_jean,near_miss,(near miss) HJ motion_data.csv
780,2026-07-27T13:20:28.505,31.331394,0.5294,0.41,0.06,-1.06,62.56,-119.63,-122.38,1.138112472473613,182.21403595771648,"0.41,0.06,-1.06,62.56,-119.63,-122.38",hong_jean,near_miss,(near miss) HJ motion_data.csv
781,2026-07-27T13:20:28.506,31.332102,0.7078,0.25,-0.28,-0.91,-88.38,-106.99,119.02,0.9843779761859771,182.82134694832547,"0.25,-0.28,-0.91,-88.38,-106.99,119.02",hong_jean,near_miss,(near miss) HJ motion_data.csv
782,2026-07-27T13:20:28.506,31.332674,0.5725,0.29,-0.08,-0.84,-65.92,-81.24,45.41,0.8922443611477743,114.05021744828021,"0.29,-0.08,-0.84,-65.92,-81.24,45.41",hong_jean,near_miss,(near miss) HJ motion_data.csv
783,2026-07-27T13:20:28.625,31.450894,118.22,0.48,0.03,-0.75,-23.32,-55.18,-29.91,0.8909545442950499,66.95717213264012,"0.48,0.03,-0.75,-23.32,-55.18,-29.91",hong_jean,near_miss,(near miss) HJ motion_data.csv
784,2026-07-27T13:20:28.625,31.451655,0.7606,0.43,-0.09,-0.69,-14.04,-18.37,-30.58,0.8179853299418027,38.33686085218768,"0.43,-0.09,-0.69,-14.04,-18.37,-30.58",hong_jean,near_miss,(near miss) HJ motion_data.csv
785,2026-07-27T13:20:28.626,31.451775,0.1198,0.12,-0.09,-0.78,-14.22,21.85,-21.24,0.7942921376924236,33.62690143322754,"0.12,-0.09,-0.78,-14.22,21.85,-21.24",hong_jean,near_miss,(near miss) HJ motion_data.csv
786,2026-07-27T13:20:28.685,31.510817,59.0424,-0.1,0.13,-0.96,-7.45,45.78,-18.19,0.973909646733207,49.82155156154814,"-0.10,0.13,-0.96,-7.45,45.78,-18.19",hong_jean,near_miss,(near miss) HJ motion_data.csv
787,2026-07-27T13:20:28.685,31.511446,0.6288,-0.19,0.3,-1.09,-10.5,53.47,-5.37,1.1463856244737196,54.75516231370335,"-0.19,0.30,-1.09,-10.50,53.47,-5.37",hong_jean,near_miss,(near miss) HJ motion_data.csv
788,2026-07-27T13:20:29.045,31.871185,359.7393,-0.36,0.39,-1.19,-21.24,52.55,-23.07,1.3029965464267355,61.19530210726964,"-0.36,0.39,-1.19,-21.24,52.55,-23.07",hong_jean,near_miss,(near miss) HJ motion_data.csv
789,2026-07-27T13:20:29.046,31.872079,0.8936,-0.29,0.26,-1.22,-35.89,44.31,-77.82,1.2806638903318857,96.47497395698015,"-0.29,0.26,-1.22,-35.89,44.31,-77.82",hong_jean,near_miss,(near miss) HJ motion_data.csv
790,2026-07-27T13:20:29.046,31.87248,0.4012,0.03,0.06,-1.41,-41.93,29.6,-22.64,1.411594842722231,56.09683146132231,"0.03,0.06,-1.41,-41.93,29.60,-22.64",hong_jean,near_miss,(near miss) HJ motion_data.csv
791,2026-07-27T13:20:29.047,31.873117,0.6369,0.27,-0.03,-1.34,-21.55,10.44,103.27,1.3672600337902079,106.00985331562345,"0.27,-0.03,-1.34,-21.55,10.44,103.27",hong_jean,near_miss,(near miss) HJ motion_data.csv
792,2026-07-27T13:20:29.047,31.873628,0.511,0.36,-0.05,-0.8,-0.92,0.12,105.53,0.8786922100485471,105.53407838229319,"0.36,-0.05,-0.80,-0.92,0.12,105.53",hong_jean,near_miss,(near miss) HJ motion_data.csv
793,2026-07-27T13:20:29.048,31.874363,0.7356,0.38,0.07,-0.65,23.74,0.67,48.4,0.7561745830163826,53.912860246883575,"0.38,0.07,-0.65,23.74,0.67,48.40",hong_jean,near_miss,(near miss) HJ motion_data.csv
794,2026-07-27T13:20:29.049,31.874857,0.494,0.38,0.18,-0.9,52.61,8.73,38.88,0.9933780750550115,65.9975711674301,"0.38,0.18,-0.90,52.61,8.73,38.88",hong_jean,near_miss,(near miss) HJ motion_data.csv
795,2026-07-27T13:20:29.049,31.875553,0.6952,0.34,0.22,-0.95,56.15,26.61,24.6,1.0327148686835104,66.82869593221163,"0.34,0.22,-0.95,56.15,26.61,24.60",hong_jean,near_miss,(near miss) HJ motion_data.csv
796,2026-07-27T13:20:29.050,31.875879,0.3269,0.29,0.24,-0.92,42.6,42.48,-14.59,0.9940321926376429,61.90459191368601,"0.29,0.24,-0.92,42.60,42.48,-14.59",hong_jean,near_miss,(near miss) HJ motion_data.csv
797,2026-07-27T13:20:29.105,31.930842,54.9623,0.21,0.27,-0.99,28.32,49.8,-37.48,1.0474254150057654,68.46030090497703,"0.21,0.27,-0.99,28.32,49.80,-37.48",hong_jean,near_miss,(near miss) HJ motion_data.csv
798,2026-07-27T13:20:29.225,32.051197,120.3557,0.1,0.26,-1.01,8.24,51.15,-23.5,1.0477117924314874,56.889982422215596,"0.10,0.26,-1.01,8.24,51.15,-23.50",hong_jean,near_miss,(near miss) HJ motion_data.csv
799,2026-07-27T13:20:29.226,32.051761,0.564,0.06,0.17,-0.95,-21.18,46.87,22.09,0.9669539802906858,55.97640038444773,"0.06,0.17,-0.95,-21.18,46.87,22.09",hong_jean,near_miss,(near miss) HJ motion_data.csv
800,2026-07-27T13:20:29.226,32.052348,0.5861,0.07,0.07,-0.9,-41.63,41.08,50.66,0.9054280755532159,77.37608739138986,"0.07,0.07,-0.90,-41.63,41.08,50.66",hong_jean,near_miss,(near miss) HJ motion_data.csv
801,2026-07-27T13:20:29.285,32.11124,58.8922,0.04,0.05,-0.93,-36.32,42.24,31.25,0.9322016949137134,63.87427103302237,"0.04,0.05,-0.93,-36.32,42.24,31.25",hong_jean,near_miss,(near miss) HJ motion_data.csv
802,2026-07-27T13:20:29.285,32.11165,0.4099,-0.06,0.12,-1.08,-11.17,47.36,-13.85,1.0883014288330233,50.59210412702757,"-0.06,0.12,-1.08,-11.17,47.36,-13.85",hong_jean,near_miss,(near miss) HJ motion_data.csv
803,2026-07-27T13:20:29.525,32.350892,239.2426,-0.16,0.19,-1.15,8.61,43.33,-53.16,1.1765202930676546,69.12023292784826,"-0.16,0.19,-1.15,8.61,43.33,-53.16",hong_jean,near_miss,(near miss) HJ motion_data.csv
804,2026-07-27T13:20:29.525,32.351192,0.3001,-0.22,0.11,-1.07,9.95,21.85,-68.05,1.0979070998950686,72.16112180391876,"-0.22,0.11,-1.07,9.95,21.85,-68.05",hong_jean,near_miss,(near miss) HJ motion_data.csv
805,2026-07-27T13:20:29.525,32.351534,0.3415,-0.18,0.01,-1.02,7.14,-25.94,-25.82,1.0358088626768938,37.289886028251686,"-0.18,0.01,-1.02,7.14,-25.94,-25.82",hong_jean,near_miss,(near miss) HJ motion_data.csv
806,2026-07-27T13:20:29.526,32.352321,0.7872,0.01,0.05,-1.19,26.25,-96.19,29.54,1.191091935998225,103.9912986744564,"0.01,0.05,-1.19,26.25,-96.19,29.54",hong_jean,near_miss,(near miss) HJ motion_data.csv
807,2026-07-27T13:20:29.527,32.353408,1.087,0.33,0.27,-1.54,64.64,-159.12,36.44,1.597936168937921,175.57157400900635,"0.33,0.27,-1.54,64.64,-159.12,36.44",hong_jean,near_miss,(near miss) HJ motion_data.csv
808,2026-07-27T13:20:29.528,32.354048,0.6403,0.52,0.15,-1.49,41.5,-170.96,66.59,1.5852444606432157,188.10582048410944,"0.52,0.15,-1.49,41.50,-170.96,66.59",hong_jean,near_miss,(near miss) HJ motion_data.csv
809,2026-07-27T13:20:29.585,32.411177,57.1289,0.36,-0.33,-1.06,-60.3,-122.62,131.47,1.1670903992407786,189.62097800612676,"0.36,-0.33,-1.06,-60.30,-122.62,131.47",hong_jean,near_miss,(near miss) HJ motion_data.csv
810,2026-07-27T13:20:29.765,32.591257,180.0793,0.22,-0.26,-0.73,-88.56,-62.19,71.11,0.8055432949258531,129.48784421713106,"0.22,-0.26,-0.73,-88.56,-62.19,71.11",hong_jean,near_miss,(near miss) HJ motion_data.csv
811,2026-07-27T13:20:29.766,32.591956,0.6997,0.33,0.09,-0.6,-29.24,-27.59,-48.16,0.6906518659932803,62.734131858183865,"0.33,0.09,-0.60,-29.24,-27.59,-48.16",hong_jean,near_miss,(near miss) HJ motion_data.csv
812,2026-07-27T13:20:29.766,32.592571,0.615,0.42,0.07,-0.71,-9.77,-9.22,-29.3,0.8278888814327682,32.232767489001,"0.42,0.07,-0.71,-9.77,-9.22,-29.30",hong_jean,near_miss,(near miss) HJ motion_data.csv
813,2026-07-27T13:20:29.767,32.593055,0.4834,0.18,0.0,-0.97,-25.57,15.69,47.42,0.9865596788841514,56.112898695398016,"0.18,0.00,-0.97,-25.57,15.69,47.42",hong_jean,near_miss,(near miss) HJ motion_data.csv
814,2026-07-27T13:20:29.767,32.593152,0.0977,-0.22,0.11,-1.19,-6.29,44.56,69.15,1.2151543111885008,82.50381930553277,"-0.22,0.11,-1.19,-6.29,44.56,69.15",hong_jean,near_miss,(near miss) HJ motion_data.csv
815,2026-07-27T13:20:30.005,32.831384,238.2312,-0.4,0.24,-1.19,56.52,57.62,41.75,1.2781627439414747,90.87154285033351,"-0.40,0.24,-1.19,56.52,57.62,41.75",hong_jean,near_miss,(near miss) HJ motion_data.csv
816,2026-07-27T13:20:30.006,32.832218,0.8347,-0.3,0.31,-1.0,109.19,51.21,-21.97,1.0890821823902914,122.58711637035924,"-0.30,0.31,-1.00,109.19,51.21,-21.97",hong_jean,near_miss,(near miss) HJ motion_data.csv
817,2026-07-27T13:20:30.007,32.832899,0.6807,0.03,0.2,-0.84,94.67,31.01,-73.85,0.8640023148117139,124.00746550107377,"0.03,0.20,-0.84,94.67,31.01,-73.85",hong_jean,near_miss,(near miss) HJ motion_data.csv
818,2026-07-27T13:20:30.007,32.833503,0.6045,0.27,0.04,-1.02,36.19,7.75,-72.14,1.0558882516630252,81.07994943264333,"0.27,0.04,-1.02,36.19,7.75,-72.14",hong_jean,near_miss,(near miss) HJ motion_data.csv
819,2026-07-27T13:20:30.008,32.834362,0.8587,0.22,-0.21,-1.29,-11.96,10.8,-36.87,1.3253678734600443,40.23777454084656,"0.22,-0.21,-1.29,-11.96,10.80,-36.87",hong_jean,near_miss,(near miss) HJ motion_data.csv
820,2026-07-27T13:20:30.009,32.834908,0.5455,0.12,-0.21,-1.22,-3.66,37.6,-41.26,1.2437443467208202,55.942320295103954,"0.12,-0.21,-1.22,-3.66,37.60,-41.26",hong_jean,near_miss,(near miss) HJ motion_data.csv
821,2026-07-27T13:20:30.126,32.952332,117.4242,0.17,0.14,-0.99,58.53,51.15,-109.13,1.0141991914806479,133.98298511378226,"0.17,0.14,-0.99,58.53,51.15,-109.13",hong_jean,near_miss,(near miss) HJ motion_data.csv
822,2026-07-27T13:20:30.127,32.953387,1.0555,0.38,0.25,-0.85,80.81,38.33,-142.76,0.9640539403996022,168.46323812630456,"0.38,0.25,-0.85,80.81,38.33,-142.76",hong_jean,near_miss,(near miss) HJ motion_data.csv
823,2026-07-27T13:20:30.128,32.954003,0.6157,0.49,0.13,-0.83,52.43,26.25,-118.53,0.9725739046468397,132.2396623558908,"0.49,0.13,-0.83,52.43,26.25,-118.53",hong_jean,near_miss,(near miss) HJ motion_data.csv
824,2026-07-27T13:20:30.305,33.130872,176.8686,0.35,-0.02,-0.88,23.07,37.54,-79.9,0.9472592042308167,91.24410391910264,"0.35,-0.02,-0.88,23.07,37.54,-79.90",hong_jean,near_miss,(near miss) HJ motion_data.csv
825,2026-07-27T13:20:30.485,33.31077,179.898,0.19,-0.06,-0.9,3.66,52.73,-46.14,0.9217917335276987,70.1622982804868,"0.19,-0.06,-0.90,3.66,52.73,-46.14",hong_jean,near_miss,(near miss) HJ motion_data.csv
826,2026-07-27T13:20:30.485,33.311514,0.7444,0.16,-0.02,-0.9,-6.29,49.26,-36.68,0.9143303560529968,61.73762305110231,"0.16,-0.02,-0.90,-6.29,49.26,-36.68",hong_jean,near_miss,(near miss) HJ motion_data.csv
827,2026-07-27T13:20:30.486,33.312043,0.5291,0.23,0.01,-0.89,-13.67,28.69,-44.43,0.9192932067626738,54.6260917511037,"0.23,0.01,-0.89,-13.67,28.69,-44.43",hong_jean,near_miss,(near miss) HJ motion_data.csv
828,2026-07-27T13:20:30.544,33.370316,58.2732,0.29,0.04,-0.93,-19.35,7.2,-44.01,0.9749871794028884,48.61216514412828,"0.29,0.04,-0.93,-19.35,7.20,-44.01",hong_jean,near_miss,(near miss) HJ motion_data.csv
829,2026-07-27T13:20:30.545,33.370921,0.6043,0.31,0.05,-1.01,-18.43,0.18,-42.85,1.0576861538282516,46.64568361595744,"0.31,0.05,-1.01,-18.43,0.18,-42.85",hong_jean,near_miss,(near miss) HJ motion_data.csv
830,2026-07-27T13:20:30.545,33.371165,0.2445,0.28,0.06,-1.05,-9.52,9.83,-57.74,1.0883473710171767,59.33942112963355,"0.28,0.06,-1.05,-9.52,9.83,-57.74",hong_jean,near_miss,(near miss) HJ motion_data.csv
831,2026-07-27T13:20:30.546,33.372127,0.9622,0.21,0.08,-1.02,11.17,23.86,-69.46,1.0444615837837214,74.28835776889943,"0.21,0.08,-1.02,11.17,23.86,-69.46",hong_jean,near_miss,(near miss) HJ motion_data.csv
832,2026-07-27T13:20:30.547,33.372752,0.6247,0.16,0.09,-0.99,32.65,25.27,-61.28,1.0068763578513502,73.89068818193535,"0.16,0.09,-0.99,32.65,25.27,-61.28",hong_jean,near_miss,(near miss) HJ motion_data.csv
833,2026-07-27T13:20:30.548,33.373821,1.0694,0.16,0.1,-0.99,42.11,11.41,-35.28,1.0078194282707593,56.108097454823756,"0.16,0.10,-0.99,42.11,11.41,-35.28",hong_jean,near_miss,(near miss) HJ motion_data.csv
834,2026-07-27T13:20:30.605,33.431012,57.191,0.12,0.09,-1.08,46.63,-5.62,-3.48,1.0903669107231748,47.096196237063566,"0.12,0.09,-1.08,46.63,-5.62,-3.48",hong_jean,near_miss,(near miss) HJ motion_data.csv
835,2026-07-27T13:20:30.605,33.431579,0.5667,0.03,-0.01,-1.18,48.77,-21.48,-0.55,1.1804236527620071,53.29358122701082,"0.03,-0.01,-1.18,48.77,-21.48,-0.55",hong_jean,near_miss,(near miss) HJ motion_data.csv
836,2026-07-27T13:20:30.725,33.551251,119.6719,-0.05,-0.18,-1.16,51.27,-36.5,-45.65,1.1749468073066116,77.74821798600918,"-0.05,-0.18,-1.16,51.27,-36.50,-45.65",hong_jean,near_miss,(near miss) HJ motion_data.csv
837,2026-07-27T13:20:30.726,33.551984,0.7334,-0.08,-0.28,-1.03,73.06,-47.85,-90.7,1.0703737664946764,125.91217613876745,"-0.08,-0.28,-1.03,73.06,-47.85,-90.70",hong_jean,near_miss,(near miss) HJ motion_data.csv
838,2026-07-27T13:20:30.727,33.552775,0.7907,0.09,-0.15,-1.05,95.7,-84.59,-86.3,1.0644716999526103,154.1481368684033,"0.09,-0.15,-1.05,95.70,-84.59,-86.30",hong_jean,near_miss,(near miss) HJ motion_data.csv
839,2026-07-27T13:20:30.845,33.671142,118.3666,0.7,-0.04,-1.24,53.89,-164.67,-26.73,1.4244999122499096,175.31353028217757,"0.70,-0.04,-1.24,53.89,-164.67,-26.73",hong_jean,near_miss,(near miss) HJ motion_data.csv
840,2026-07-27T13:20:30.846,33.671874,0.7321,1.23,-0.08,-1.2,-53.89,-193.48,15.38,1.7202616080119906,201.43283471172222,"1.23,-0.08,-1.20,-53.89,-193.48,15.38",hong_jean,near_miss,(near miss) HJ motion_data.csv
841,2026-07-27T13:20:30.846,33.672476,0.6021,0.95,-0.13,-0.95,-90.7,-26.31,-77.03,1.3497777594848717,121.87012349218327,"0.95,-0.13,-0.95,-90.70,-26.31,-77.03",hong_jean,near_miss,(near miss) HJ motion_data.csv
842,2026-07-27T13:20:30.905,33.731108,58.6316,0.19,-0.13,-0.7,-74.34,-6.23,-65.67,0.7368853370776215,99.38710882201977,"0.19,-0.13,-0.70,-74.34,-6.23,-65.67",hong_jean,near_miss,(near miss) HJ motion_data.csv
843,2026-07-27T13:20:31.025,33.851149,120.041,-0.33,-0.07,-0.46,-70.37,-36.56,-25.7,0.5704384278780664,83.36102506567443,"-0.33,-0.07,-0.46,-70.37,-36.56,-25.70",hong_jean,near_miss,(near miss) HJ motion_data.csv
844,2026-07-27T13:20:31.084,33.91059,59.4413,-0.55,0.14,-0.29,-66.77,-80.2,-4.46,0.6373382147651278,104.45173287217403,"-0.55,0.14,-0.29,-66.77,-80.20,-4.46",hong_jean,near_miss,(near miss) HJ motion_data.csv
845,2026-07-27T13:20:31.085,33.911206,0.6159,-0.56,0.27,-0.25,-66.1,-110.96,-7.93,0.6700746227100383,129.39944551658635,"-0.56,0.27,-0.25,-66.10,-110.96,-7.93",hong_jean,near_miss,(near miss) HJ motion_data.csv
846,2026-07-27T13:20:31.086,33.912257,1.0516,-0.48,0.07,-0.39,-44.25,-109.74,-31.37,0.6224146527838174,122.4132631702954,"-0.48,0.07,-0.39,-44.25,-109.74,-31.37",hong_jean,near_miss,(near miss) HJ motion_data.csv
847,2026-07-27T13:20:31.087,33.913258,1.0005,-0.38,0.1,-0.7,-28.87,-84.72,-25.82,0.8027452896155791,93.15378521563146,"-0.38,0.10,-0.70,-28.87,-84.72,-25.82",hong_jean,near_miss,(near miss) HJ motion_data.csv
848,2026-07-27T13:20:31.145,33.970834,57.5764,-0.31,0.37,-1.23,-40.47,-52.19,15.62,1.3213250924734607,67.86458133665896,"-0.31,0.37,-1.23,-40.47,-52.19,15.62",hong_jean,near_miss,(near miss) HJ motion_data.csv
849,2026-07-27T13:20:31.205,34.031676,60.8418,-0.2,0.36,-1.97,11.29,-1.59,-12.51,2.0125854019146616,16.926083421748814,"-0.20,0.36,-1.97,11.29,-1.59,-12.51",hong_jean,near_miss,(near miss) HJ motion_data.csv
850,2026-07-27T13:20:31.206,34.03225,0.5741,-0.18,0.18,-2.74,122.74,59.63,-90.88,2.7517994112943627,163.9512698944415,"-0.18,0.18,-2.74,122.74,59.63,-90.88",hong_jean,near_miss,(near miss) HJ motion_data.csv
851,2026-07-27T13:20:31.325,34.150982,118.7315,-0.74,-0.69,-3.37,176.15,100.77,-116.39,3.5186076791822076,233.9445393677741,"-0.74,-0.69,-3.37,176.15,100.77,-116.39",hong_jean,near_miss,(near miss) HJ motion_data.csv
852,2026-07-27T13:20:31.325,34.151253,0.2712,-0.55,-0.41,-2.31,91.86,124.82,-73.97,2.4097095260632555,171.726098482438,"-0.55,-0.41,-2.31,91.86,124.82,-73.97",hong_jean,near_miss,(near miss) HJ motion_data.csv
853,2026-07-27T13:20:31.326,34.152278,1.0251,0.09,0.08,-1.22,-60.06,114.93,22.4,1.2259282197584,131.59737269413856,"0.09,0.08,-1.22,-60.06,114.93,22.40",hong_jean,near_miss,(near miss) HJ motion_data.csv
854,2026-07-27T13:20:31.448,34.273754,121.4759,0.15,0.2,-0.38,-94.97,118.9,87.22,0.45486261662176636,175.39623513633353,"0.15,0.20,-0.38,-94.97,118.90,87.22",hong_jean,near_miss,(near miss) HJ motion_data.csv
855,2026-07-27T13:20:31.448,34.274315,0.5616,-0.45,0.23,0.29,-31.49,174.62,123.47,0.5826662852782887,216.16800272010656,"-0.45,0.23,0.29,-31.49,174.62,123.47",hong_jean,near_miss,(near miss) HJ motion_data.csv
856,2026-07-27T13:20:31.449,34.274884,0.569,-0.44,0.38,0.34,29.36,159.12,143.62,0.6734983296193094,216.35130783057448,"-0.44,0.38,0.34,29.36,159.12,143.62",hong_jean,near_miss,(near miss) HJ motion_data.csv
857,2026-07-27T13:20:31.689,34.515681,240.7964,0.13,0.21,-0.09,20.08,18.55,44.25,0.2628687885618983,52.0131848669162,"0.13,0.21,-0.09,20.08,18.55,44.25",hong_jean,near_miss,(near miss) HJ motion_data.csv
858,2026-07-27T13:20:31.690,34.516248,0.5672,0.58,-0.14,-0.23,-24.66,-106.87,-164.0,0.6394528911499266,197.2949885324004,"0.58,-0.14,-0.23,-24.66,-106.87,-164.00",hong_jean,near_miss,(near miss) HJ motion_data.csv
859,2026-07-27T13:20:31.691,34.516949,0.7009,0.36,-0.11,-0.04,15.32,-80.57,-200.5,0.378549864614954,216.625200057611,"0.36,-0.11,-0.04,15.32,-80.57,-200.50",hong_jean,near_miss,(near miss) HJ motion_data.csv
860,2026-07-27T13:20:31.692,34.517762,0.8129,-0.2,0.12,0.07,47.49,23.8,2.75,0.24351591323771843,53.191189120003706,"-0.20,0.12,0.07,47.49,23.80,2.75",hong_jean,near_miss,(near miss) HJ motion_data.csv
861,2026-07-27T13:20:31.693,34.5188,1.0382,-0.34,0.12,0.03,10.38,57.01,101.38,0.3618010503025109,116.77238072421063,"-0.34,0.12,0.03,10.38,57.01,101.38",hong_jean,near_miss,(near miss) HJ motion_data.csv
862,2026-07-27T13:20:31.693,34.519424,0.624,-0.1,0.04,-0.04,-12.33,10.99,31.56,0.11489125293076059,35.620816947397486,"-0.10,0.04,-0.04,-12.33,10.99,31.56",hong_jean,near_miss,(near miss) HJ motion_data.csv
863,2026-07-27T13:20:31.924,34.750349,230.9252,0.05,0.02,-0.07,7.57,-29.66,-30.4,0.08831760866327848,43.14140122898189,"0.05,0.02,-0.07,7.57,-29.66,-30.40",hong_jean,near_miss,(near miss) HJ motion_data.csv
864,2026-07-27T13:20:31.925,34.750939,0.5894,-0.05,-0.03,-0.02,41.2,-24.9,-40.16,0.061644140029689765,62.6919101639119,"-0.05,-0.03,-0.02,41.20,-24.90,-40.16",hong_jean,near_miss,(near miss) HJ motion_data.csv
865,2026-07-27T13:20:31.925,34.751636,0.6977,-0.14,-0.07,0.04,61.83,-6.77,-31.86,0.16155494421403513,69.88448611816501,"-0.14,-0.07,0.04,61.83,-6.77,-31.86",hong_jean,near_miss,(near miss) HJ motion_data.csv
866,2026-07-27T13:20:31.926,34.751934,0.2973,-0.09,0.1,0.01,57.43,-12.57,-40.65,0.13490737563232041,71.47469692135812,"-0.09,0.10,0.01,57.43,-12.57,-40.65",hong_jean,near_miss,(near miss) HJ motion_data.csv
867,2026-07-27T13:20:31.926,34.752561,0.627,-0.1,-0.03,-0.55,13.49,-44.98,-43.58,0.5598214000911362,64.06556719486686,"-0.10,-0.03,-0.55,13.49,-44.98,-43.58",hong_jean,near_miss,(near miss) HJ motion_data.csv
868,2026-07-27T13:20:31.928,34.753792,1.2312,0.08,-0.13,-1.71,-65.8,-107.24,46.94,1.7167993476233614,134.28857434644243,"0.08,-0.13,-1.71,-65.80,-107.24,46.94",hong_jean,near_miss,(near miss) HJ motion_data.csv
869,2026-07-27T13:20:32.104,34.930523,176.7316,0.06,0.02,-2.84,-69.82,-132.63,131.96,2.8407041380615476,199.6972481032225,"0.06,0.02,-2.84,-69.82,-132.63,131.96",hong_jean,near_miss,(near miss) HJ motion_data.csv
870,2026-07-27T13:20:32.105,34.93103,0.5065,-0.64,-0.09,-3.23,-52.92,-50.9,146.73,3.294024893652141,164.07629109655056,"-0.64,-0.09,-3.23,-52.92,-50.90,146.73",hong_jean,near_miss,(near miss) HJ motion_data.csv
871,2026-07-27T13:20:32.105,34.931726,0.6959,-0.68,-0.08,-2.65,-65.98,12.76,106.45,2.7370239312070326,125.88796805096189,"-0.68,-0.08,-2.65,-65.98,12.76,106.45",hong_jean,near_miss,(near miss) HJ motion_data.csv
872,2026-07-27T13:20:32.404,35.23039,298.6641,-0.15,0.07,-1.84,-31.19,0.67,5.31,1.8474306482247176,31.645870188699188,"-0.15,0.07,-1.84,-31.19,0.67,5.31",hong_jean,near_miss,(near miss) HJ motion_data.csv
873,2026-07-27T13:20:32.405,35.231005,0.6148,-0.03,0.21,-1.29,5.92,12.57,-65.73,1.3073255141700555,67.18246943957925,"-0.03,0.21,-1.29,5.92,12.57,-65.73",hong_jean,near_miss,(near miss) HJ motion_data.csv
874,2026-07-27T13:20:32.405,35.231536,0.5313,0.02,0.25,-0.99,17.7,45.65,-107.18,1.0212737145349429,117.8336322957075,"0.02,0.25,-0.99,17.70,45.65,-107.18",hong_jean,near_miss,(near miss) HJ motion_data.csv
875,2026-07-27T13:20:32.406,35.23218,0.6439,0.17,0.16,-0.87,-3.91,50.54,-127.26,0.9007774419910837,136.98425931471104,"0.17,0.16,-0.87,-3.91,50.54,-127.26",hong_jean,near_miss,(near miss) HJ motion_data.csv
876,2026-07-27T13:20:32.407,35.232833,0.6533,0.1,0.02,-0.8,-33.26,59.51,-109.92,0.8064738061462381,129.34478768006076,"0.10,0.02,-0.80,-33.26,59.51,-109.92",hong_jean,near_miss,(near miss) HJ motion_data.csv
877,2026-07-27T13:20:32.408,35.234035,1.2022,-0.08,-0.02,-0.72,-34.0,87.16,-92.96,0.7247068372797375,131.88793424722368,"-0.08,-0.02,-0.72,-34.00,87.16,-92.96",hong_jean,near_miss,(near miss) HJ motion_data.csv
878,2026-07-27T13:20:32.409,35.23487,0.8343,-0.05,-0.0,-0.62,-21.48,85.57,-97.9,0.6220128616033594,131.7878040639573,"-0.05,-0.00,-0.62,-21.48,85.57,-97.90",hong_jean,near_miss,(near miss) HJ motion_data.csv
879,2026-07-27T13:20:32.409,35.235531,0.6616,0.09,0.0,-0.56,-13.31,57.13,-105.47,0.5671860364994893,120.68518508914008,"0.09,0.00,-0.56,-13.31,57.13,-105.47",hong_jean,near_miss,(near miss) HJ motion_data.csv
880,2026-07-27T13:20:32.410,35.236274,0.7422,0.08,0.02,-0.63,-0.18,41.5,-85.63,0.635373905665003,95.15660407980099,"0.08,0.02,-0.63,-0.18,41.50,-85.63",hong_jean,near_miss,(near miss) HJ motion_data.csv
881,2026-07-27T13:20:32.705,35.530978,294.7039,-0.07,0.05,-0.83,10.13,37.35,-38.88,0.8344459239519358,54.85703054303979,"-0.07,0.05,-0.83,10.13,37.35,-38.88",hong_jean,near_miss,(near miss) HJ motion_data.csv
882,2026-07-27T13:20:32.765,35.590835,59.8573,-0.14,0.11,-1.09,13.31,19.47,2.44,1.104445562261898,23.71055882934858,"-0.14,0.11,-1.09,13.31,19.47,2.44",hong_jean,near_miss,(near miss) HJ motion_data.csv
883,2026-07-27T13:20:32.766,35.591773,0.9384,-0.05,0.16,-1.26,9.46,-11.47,27.04,1.2711018841933954,30.85796655646642,"-0.05,0.16,-1.26,9.46,-11.47,27.04",hong_jean,near_miss,(near miss) HJ motion_data.csv
884,2026-07-27T13:20:32.766,35.592404,0.6304,0.03,0.17,-1.2,1.65,-29.66,27.59,1.212353083882744,40.54190671391763,"0.03,0.17,-1.20,1.65,-29.66,27.59",hong_jean,near_miss,(near miss) HJ motion_data.csv
885,2026-07-27T13:20:32.767,35.593302,0.8981,0.06,0.15,-1.05,1.59,-29.85,1.71,1.0623558725775464,29.941187351205695,"0.06,0.15,-1.05,1.59,-29.85,1.71",hong_jean,near_miss,(near miss) HJ motion_data.csv
886,2026-07-27T13:20:32.768,35.594182,0.88,0.09,0.09,-0.96,4.7,-34.3,-28.5,0.9684007434941384,44.842279157063366,"0.09,0.09,-0.96,4.70,-34.30,-28.50",hong_jean,near_miss,(near miss) HJ motion_data.csv
887,2026-07-27T13:20:32.769,35.594954,0.7722,0.15,0.06,-0.91,2.44,-45.23,-56.52,0.9242294087508793,72.43077315616615,"0.15,0.06,-0.91,2.44,-45.23,-56.52",hong_jean,near_miss,(near miss) HJ motion_data.csv
888,2026-07-27T13:20:32.770,35.595857,0.9027,0.16,0.04,-0.95,-5.31,-45.53,-83.31,0.9642095207992918,95.08802816338134,"0.16,0.04,-0.95,-5.31,-45.53,-83.31",hong_jean,near_miss,(near miss) HJ motion_data.csv
889,2026-07-27T13:20:32.770,35.596502,0.6451,0.16,-0.01,-1.09,-13.43,-36.5,-78.86,1.1017259187293362,87.9290310420853,"0.16,-0.01,-1.09,-13.43,-36.50,-78.86",hong_jean,near_miss,(near miss) HJ motion_data.csv
890,2026-07-27T13:20:32.945,35.77109,174.588,0.17,-0.09,-1.16,-7.26,-21.48,-57.74,1.1758401251870936,62.03229481487849,"0.17,-0.09,-1.16,-7.26,-21.48,-57.74",hong_jean,near_miss,(near miss) HJ motion_data.csv
891,2026-07-27T13:20:32.946,35.771766,0.6764,0.1,-0.09,-1.09,18.43,1.34,-51.64,1.0982713690158732,54.84660518208944,"0.10,-0.09,-1.09,18.43,1.34,-51.64",hong_jean,near_miss,(near miss) HJ motion_data.csv
892,2026-07-27T13:20:32.946,35.772572,0.8058,-0.03,0.03,-0.95,38.64,20.32,-46.26,0.950946896519464,63.60770079164943,"-0.03,0.03,-0.95,38.64,20.32,-46.26",hong_jean,near_miss,(near miss) HJ motion_data.csv
893,2026-07-27T13:20:32.947,35.773404,0.8317,-0.08,0.11,-0.86,26.55,22.28,-23.13,0.8706893820416095,41.66890687311104,"-0.08,0.11,-0.86,26.55,22.28,-23.13",hong_jean,near_miss,(near miss) HJ motion_data.csv
894,2026-07-27T13:20:33.005,35.831015,57.6118,-0.0,0.1,-0.84,-6.77,7.08,10.56,0.845931439302264,14.403919605440736,"-0.00,0.10,-0.84,-6.77,7.08,10.56",hong_jean,near_miss,(near miss) HJ motion_data.csv
895,2026-07-27T13:20:33.005,35.831561,0.5454,0.1,0.02,-0.86,-32.71,-9.7,26.18,0.8660254037844386,43.00495901637392,"0.10,0.02,-0.86,-32.71,-9.70,26.18",hong_jean,near_miss,(near miss) HJ motion_data.csv
896,2026-07-27T13:20:33.126,35.952053,120.4922,0.13,-0.05,-0.95,-40.1,-12.33,20.02,0.9601562372864116,46.48482870786984,"0.13,-0.05,-0.95,-40.10,-12.33,20.02",hong_jean,near_miss,(near miss) HJ motion_data.csv
897,2026-07-27T13:20:33.127,35.953077,1.0241,0.17,-0.02,-1.0,-27.77,0.98,-6.65,1.0145442326483356,28.571940781123008,"0.17,-0.02,-1.00,-27.77,0.98,-6.65",hong_jean,near_miss,(near miss) HJ motion_data.csv
898,2026-07-27T13:20:33.128,35.954045,0.9677,0.25,0.02,-0.99,-8.73,21.48,-46.87,1.0212737145349429,52.2914926159122,"0.25,0.02,-0.99,-8.73,21.48,-46.87",hong_jean,near_miss,(near miss) HJ motion_data.csv
899,2026-07-27T13:20:33.305,36.131432,177.3875,0.29,0.02,-0.96,-1.16,37.9,-66.77,1.0030453628824572,76.78534039776082,"0.29,0.02,-0.96,-1.16,37.90,-66.77",hong_jean,near_miss,(near miss) HJ motion_data.csv
900,2026-07-27T13:20:33.306,36.131819,0.3867,0.29,0.03,-0.94,-4.76,44.19,-55.66,0.9841747812253675,71.22814963200994,"0.29,0.03,-0.94,-4.76,44.19,-55.66",hong_jean,near_miss,(near miss) HJ motion_data.csv
901,2026-07-27T13:20:33.306,36.132445,0.6256,0.25,0.1,-0.92,-10.86,40.04,-36.56,0.9585927185202274,55.29715001697647,"0.25,0.10,-0.92,-10.86,40.04,-36.56",hong_jean,near_miss,(near miss) HJ motion_data.csv
902,2026-07-27T13:20:33.307,36.133217,0.7721,0.24,0.16,-0.88,-19.71,26.49,-22.83,0.926066952223218,40.142410241538805,"0.24,0.16,-0.88,-19.71,26.49,-22.83",hong_jean,near_miss,(near miss) HJ motion_data.csv
903,2026-07-27T13:20:33.365,36.191704,58.487,0.33,0.15,-0.93,-32.1,1.53,11.23,0.9981482855768476,34.042088655075204,"0.33,0.15,-0.93,-32.10,1.53,11.23",hong_jean,near_miss,(near miss) HJ motion_data.csv
904,2026-07-27T13:20:33.366,36.19219,0.4867,0.38,0.09,-1.12,-43.09,-18.01,53.96,1.1861281549647156,71.36378493325589,"0.38,0.09,-1.12,-43.09,-18.01,53.96",hong_jean,near_miss,(near miss) HJ motion_data.csv
905,2026-07-27T13:20:33.545,36.371118,178.928,0.25,0.07,-1.21,-35.28,-2.5,38.57,1.2375378782081783,52.33137968752592,"0.25,0.07,-1.21,-35.28,-2.50,38.57",hong_jean,near_miss,(near miss) HJ motion_data.csv
906,2026-07-27T13:20:33.546,36.371939,0.8209,0.05,0.14,-1.14,-16.97,39.18,-8.48,1.149652121295829,43.531180778839435,"0.05,0.14,-1.14,-16.97,39.18,-8.48",hong_jean,near_miss,(near miss) HJ motion_data.csv
907,2026-07-27T13:20:33.546,36.372029,0.0901,-0.08,0.25,-1.19,-3.17,72.75,-17.46,1.218605760695394,74.88299539948973,"-0.08,0.25,-1.19,-3.17,72.75,-17.46",hong_jean,near_miss,(near miss) HJ motion_data.csv
908,2026-07-27T13:20:33.546,36.372555,0.5256,-0.24,0.32,-1.22,8.06,92.29,-36.62,1.2839003076563227,99.61642485052352,"-0.24,0.32,-1.22,8.06,92.29,-36.62",hong_jean,near_miss,(near miss) HJ motion_data.csv
909,2026-07-27T13:20:33.605,36.431328,58.7731,-0.49,0.38,-1.11,6.41,105.47,-120.61,1.2714558584551805,160.34893545016132,"-0.49,0.38,-1.11,6.41,105.47,-120.61",hong_jean,near_miss,(near miss) HJ motion_data.csv
910,2026-07-27T13:20:33.606,36.431953,0.6247,-0.51,0.31,-1.03,-12.45,84.05,-171.39,1.1904200939164291,191.2954183978278,"-0.51,0.31,-1.03,-12.45,84.05,-171.39",hong_jean,near_miss,(near miss) HJ motion_data.csv
911,2026-07-27T13:20:33.726,36.552202,120.2488,-0.13,0.15,-0.98,-21.61,12.63,-74.52,0.9998999949994999,78.61131852347981,"-0.13,0.15,-0.98,-21.61,12.63,-74.52",hong_jean,near_miss,(near miss) HJ motion_data.csv
912,2026-07-27T13:20:33.727,36.55361,1.4089,0.25,0.13,-0.94,-6.29,-60.24,101.56,0.9813256340277675,118.24912388681787,"0.25,0.13,-0.94,-6.29,-60.24,101.56",hong_jean,near_miss,(near miss) HJ motion_data.csv
913,2026-07-27T13:20:33.728,36.554554,0.9435,0.37,0.19,-0.92,10.8,-82.28,190.67,1.0096534058774824,207.94635678462848,"0.37,0.19,-0.92,10.80,-82.28,190.67",hong_jean,near_miss,(near miss) HJ motion_data.csv
914,2026-07-27T13:20:33.965,36.790818,236.2638,0.33,0.26,-0.93,22.64,-52.61,120.48,1.0204900783447137,133.40094489920227,"0.33,0.26,-0.93,22.64,-52.61,120.48",hong_jean,near_miss,(near miss) HJ motion_data.csv
915,2026-07-27T13:20:33.965,36.791483,0.665,0.28,0.3,-0.94,35.71,14.65,-83.25,1.0256705123966467,91.76267814313181,"0.28,0.30,-0.94,35.71,14.65,-83.25",hong_jean,near_miss,(near miss) HJ motion_data.csv
916,2026-07-27T13:20:34.025,36.851654,60.1716,0.26,0.32,-0.94,29.05,22.34,-93.02,1.026450193628507,99.97849018663965,"0.26,0.32,-0.94,29.05,22.34,-93.02",hong_jean,near_miss,(near miss) HJ motion_data.csv
917,2026-07-27T13:20:34.026,36.852506,0.8516,0.23,0.32,-0.95,14.95,16.91,-85.45,1.0284940447080868,88.38072810290714,"0.23,0.32,-0.95,14.95,16.91,-85.45",hong_jean,near_miss,(near miss) HJ motion_data.csv
918,2026-07-27T13:20:34.027,36.853218,0.7124,0.21,0.3,-0.96,-2.69,-5.68,-54.44,1.0274726273726225,54.80157023297781,"0.21,0.30,-0.96,-2.69,-5.68,-54.44",hong_jean,near_miss,(near miss) HJ motion_data.csv
919,2026-07-27T13:20:34.028,36.853788,0.5696,0.23,0.28,-0.95,-27.89,-37.72,5.86,1.0167595585978033,47.275681909413,"0.23,0.28,-0.95,-27.89,-37.72,5.86",hong_jean,near_miss,(near miss) HJ motion_data.csv
920,2026-07-27T13:20:34.028,36.854463,0.6751,0.26,0.26,-0.92,-59.69,-62.68,89.97,0.9907572861200669,124.84502152669124,"0.26,0.26,-0.92,-59.69,-62.68,89.97",hong_jean,near_miss,(near miss) HJ motion_data.csv
921,2026-07-27T13:20:34.085,36.911354,56.8914,0.21,0.07,-0.94,-65.25,-71.59,173.52,0.9657121724406295,198.7256425326133,"0.21,0.07,-0.94,-65.25,-71.59,173.52",hong_jean,near_miss,(near miss) HJ motion_data.csv
922,2026-07-27T13:20:34.086,36.911978,0.6236,0.13,-0.11,-1.02,-26.61,-51.94,142.64,1.034117981663601,154.11692087502917,"0.13,-0.11,-1.02,-26.61,-51.94,142.64",hong_jean,near_miss,(near miss) HJ motion_data.csv
923,2026-07-27T13:20:34.146,36.97184,59.8616,0.13,0.25,-1.03,16.97,-12.63,17.46,1.0678483038334612,27.428988315284254,"0.13,0.25,-1.03,16.97,-12.63,17.46",hong_jean,near_miss,(near miss) HJ motion_data.csv
924,2026-07-27T13:20:34.204,37.030449,58.6091,0.06,0.27,-0.98,27.89,11.84,-43.76,1.0182828683622247,53.22570149843025,"0.06,0.27,-0.98,27.89,11.84,-43.76",hong_jean,near_miss,(near miss) HJ motion_data.csv
925,2026-07-27T13:20:34.444,37.270603,240.1541,0.06,0.12,-0.94,17.4,8.79,-17.7,0.9495261976375375,26.33085832250821,"0.06,0.12,-0.94,17.40,8.79,-17.70",hong_jean,near_miss,(near miss) HJ motion_data.csv
926,2026-07-27T13:20:34.445,37.271295,0.6925,0.15,0.05,-0.94,17.4,-1.71,13.0,0.9532051195833979,21.78724626932004,"0.15,0.05,-0.94,17.40,-1.71,13.00",hong_jean,near_miss,(near miss) HJ motion_data.csv
927,2026-07-27T13:20:34.446,37.271977,0.6814,0.24,0.08,-0.97,30.4,-1.65,12.76,1.0024470060806208,33.010605871446835,"0.24,0.08,-0.97,30.40,-1.65,12.76",hong_jean,near_miss,(near miss) HJ motion_data.csv
928,2026-07-27T13:20:34.446,37.272648,0.6714,0.26,0.1,-1.0,35.16,2.87,23.99,1.0380751417888783,42.6612540837702,"0.26,0.10,-1.00,35.16,2.87,23.99",hong_jean,near_miss,(near miss) HJ motion_data.csv
929,2026-07-27T13:20:34.447,37.273597,0.9488,0.21,0.09,-1.0,28.81,5.43,51.27,1.0257680049601858,59.060256518237374,"0.21,0.09,-1.00,28.81,5.43,51.27",hong_jean,near_miss,(near miss) HJ motion_data.csv
930,2026-07-27T13:20:34.448,37.274502,0.9046,0.15,0.09,-1.0,23.25,6.47,67.32,1.0151847122568385,71.51507393549977,"0.15,0.09,-1.00,23.25,6.47,67.32",hong_jean,near_miss,(near miss) HJ motion_data.csv
931,2026-07-27T13:20:34.449,37.275186,0.6844,0.12,0.08,-1.0,20.94,5.68,68.79,1.0103464752252072,72.13050741537869,"0.12,0.08,-1.00,20.94,5.68,68.79",hong_jean,near_miss,(near miss) HJ motion_data.csv
932,2026-07-27T13:20:34.685,37.51121,236.024,0.12,0.06,-0.99,18.55,3.6,66.71,0.9990495483208027,69.33459886665531,"0.12,0.06,-0.99,18.55,3.60,66.71",hong_jean,near_miss,(near miss) HJ motion_data.csv
933,2026-07-27T13:20:34.686,37.511947,0.7371,0.12,0.02,-0.96,17.33,3.11,59.14,0.9676776322722356,61.70527206001121,"0.12,0.02,-0.96,17.33,3.11,59.14",hong_jean,near_miss,(near miss) HJ motion_data.csv
934,2026-07-27T13:20:34.686,37.512675,0.7274,0.14,-0.01,-0.92,20.08,6.53,41.38,0.9306449376641986,46.45591135689838,"0.14,-0.01,-0.92,20.08,6.53,41.38",hong_jean,near_miss,(near miss) HJ motion_data.csv
935,2026-07-27T13:20:34.687,37.513169,0.4945,0.18,-0.04,-0.91,24.78,14.71,11.54,0.9284934033152847,31.041973197591677,"0.18,-0.04,-0.91,24.78,14.71,11.54",hong_jean,near_miss,(near miss) HJ motion_data.csv
936,2026-07-27T13:20:34.687,37.513413,0.2443,0.2,-0.03,-0.93,26.0,24.66,-22.89,0.9517352573063583,42.52137932852132,"0.20,-0.03,-0.93,26.00,24.66,-22.89",hong_jean,near_miss,(near miss) HJ motion_data.csv
937,2026-07-27T13:20:34.744,37.570208,56.7942,0.22,0.0,-0.95,17.03,27.16,-39.67,0.9751410154434075,51.00387632327567,"0.22,0.00,-0.95,17.03,27.16,-39.67",hong_jean,near_miss,(near miss) HJ motion_data.csv
938,2026-07-27T13:20:34.745,37.571113,0.906,0.27,0.01,-0.99,-3.42,18.43,-24.54,1.0262066068779716,30.87997571242568,"0.27,0.01,-0.99,-3.42,18.43,-24.54",hong_jean,near_miss,(near miss) HJ motion_data.csv
939,2026-07-27T13:20:34.865,37.691107,119.9939,0.32,-0.02,-1.04,-23.38,7.08,7.26,1.0883014288330233,25.484473704591192,"0.32,-0.02,-1.04,-23.38,7.08,7.26",hong_jean,near_miss,(near miss) HJ motion_data.csv
940,2026-07-27T13:20:34.866,37.691819,0.7121,0.28,0.01,-1.06,-32.9,2.99,26.55,1.0964032105024137,42.38222032881241,"0.28,0.01,-1.06,-32.90,2.99,26.55",hong_jean,near_miss,(near miss) HJ motion_data.csv
941,2026-07-27T13:20:34.866,37.692408,0.5885,0.24,0.02,-1.0,-38.02,3.11,27.04,1.0285912696499033,46.75846554368525,"0.24,0.02,-1.00,-38.02,3.11,27.04",hong_jean,near_miss,(near miss) HJ motion_data.csv
942,2026-07-27T13:20:34.926,37.752732,60.3242,0.28,-0.01,-0.92,-36.13,3.11,11.05,0.9617172141539321,37.90978105977401,"0.28,-0.01,-0.92,-36.13,3.11,11.05",hong_jean,near_miss,(near miss) HJ motion_data.csv
943,2026-07-27T13:20:34.927,37.753316,0.5836,0.31,0.06,-0.89,-22.77,4.76,-12.94,0.944351629426243,26.619055204871565,"0.31,0.06,-0.89,-22.77,4.76,-12.94",hong_jean,near_miss,(near miss) HJ motion_data.csv
944,2026-07-27T13:20:35.165,37.991211,237.8951,0.3,0.19,-0.93,-7.26,3.6,-13.06,0.9954898291795854,15.369814572726634,"0.30,0.19,-0.93,-7.26,3.60,-13.06",hong_jean,near_miss,(near miss) HJ motion_data.csv
945,2026-07-27T13:20:35.225,38.051675,60.4644,0.26,0.28,-0.99,7.02,1.71,4.58,1.0611785900591852,8.554583566720241,"0.26,0.28,-0.99,7.02,1.71,4.58",hong_jean,near_miss,(near miss) HJ motion_data.csv
946,2026-07-27T13:20:35.227,38.052886,1.2109,0.21,0.32,-0.99,17.46,6.84,-11.6,1.0614141510268271,22.049879818266586,"0.21,0.32,-0.99,17.46,6.84,-11.60",hong_jean,near_miss,(near miss) HJ motion_data.csv
947,2026-07-27T13:20:35.227,38.053155,0.2692,0.18,0.32,-0.95,17.4,15.69,-59.45,1.018479258502597,63.900223786775584,"0.18,0.32,-0.95,17.40,15.69,-59.45",hong_jean,near_miss,(near miss) HJ motion_data.csv
948,2026-07-27T13:20:35.228,38.053782,0.6262,0.16,0.29,-0.94,4.39,18.13,-78.43,0.9966443698732261,80.61782619247434,"0.16,0.29,-0.94,4.39,18.13,-78.43",hong_jean,near_miss,(near miss) HJ motion_data.csv
949,2026-07-27T13:20:35.228,38.053937,0.1559,0.16,0.24,-0.97,-12.45,9.83,-50.72,1.0119782606360672,53.142730452997995,"0.16,0.24,-0.97,-12.45,9.83,-50.72",hong_jean,near_miss,(near miss) HJ motion_data.csv
950,2026-07-27T13:20:35.228,38.054475,0.5378,0.2,0.21,-0.99,-21.67,-6.9,1.53,1.0316006979447039,22.793415715947447,"0.20,0.21,-0.99,-21.67,-6.90,1.53",hong_jean,near_miss,(near miss) HJ motion_data.csv
951,2026-07-27T13:20:35.285,38.110945,56.4693,0.26,0.2,-0.97,-24.72,-25.88,60.79,1.0239628899525608,70.5427310217006,"0.26,0.20,-0.97,-24.72,-25.88,60.79",hong_jean,near_miss,(near miss) HJ motion_data.csv
952,2026-07-27T13:20:35.286,38.111801,0.8563,0.29,0.19,-0.96,-27.83,-36.01,100.83,1.0206860437960343,110.62512327676747,"0.29,0.19,-0.96,-27.83,-36.01,100.83",hong_jean,near_miss,(near miss) HJ motion_data.csv
953,2026-07-27T13:20:35.465,38.291235,179.4336,0.28,0.18,-0.98,-30.82,-29.11,102.23,1.0349879226348488,110.67175520429772,"0.28,0.18,-0.98,-30.82,-29.11,102.23",hong_jean,near_miss,(near miss) HJ motion_data.csv
954,2026-07-27T13:20:35.466,38.292006,0.7715,0.22,0.17,-0.98,-29.11,-7.39,63.42,1.0186756107809787,70.17193598583411,"0.22,0.17,-0.98,-29.11,-7.39,63.42",hong_jean,near_miss,(near miss) HJ motion_data.csv
955,2026-07-27T13:20:35.466,38.292468,0.462,0.18,0.16,-0.97,-16.3,16.97,7.93,0.9994498486667552,24.830541677538974,"0.18,0.16,-0.97,-16.30,16.97,7.93",hong_jean,near_miss,(near miss) HJ motion_data.csv
956,2026-07-27T13:20:35.467,38.293122,0.6536,0.17,0.18,-0.99,6.71,32.41,-32.23,1.0204900783447137,46.19745772226,"0.17,0.18,-0.99,6.71,32.41,-32.23",hong_jean,near_miss,(near miss) HJ motion_data.csv
957,2026-07-27T13:20:35.585,38.411124,118.0021,0.19,0.2,-0.97,29.3,38.15,-53.65,1.0084641788382966,72.0571648068393,"0.19,0.20,-0.97,29.30,38.15,-53.65",hong_jean,near_miss,(near miss) HJ motion_data.csv
958,2026-07-27T13:20:35.585,38.411738,0.6148,0.2,0.22,-0.91,42.36,39.61,-67.99,0.9573400649716902,89.3642087191511,"0.20,0.22,-0.91,42.36,39.61,-67.99",hong_jean,near_miss,(near miss) HJ motion_data.csv
959,2026-07-27T13:20:35.586,38.412428,0.6897,0.19,0.23,-0.92,41.08,40.04,-75.44,0.9671607932500159,94.77321140491125,"0.19,0.23,-0.92,41.08,40.04,-75.44",hong_jean,near_miss,(near miss) HJ motion_data.csv
960,2026-07-27T13:20:35.825,38.651223,238.795,0.16,0.24,-0.99,29.17,38.09,-71.17,1.0311643903859364,85.83068157716097,"0.16,0.24,-0.99,29.17,38.09,-71.17",hong_jean,near_miss,(near miss) HJ motion_data.csv
961,2026-07-27T13:20:35.826,38.651895,0.6714,0.14,0.25,-1.02,21.67,33.63,-64.03,1.0594810050208545,75.50103774121254,"0.14,0.25,-1.02,21.67,33.63,-64.03",hong_jean,near_miss,(near miss) HJ motion_data.csv
962,2026-07-27T13:20:35.826,38.652142,0.2472,0.13,0.25,-0.99,23.86,27.95,-63.35,1.0293201639917484,73.23745353301138,"0.13,0.25,-0.99,23.86,27.95,-63.35",hong_jean,near_miss,(near miss) HJ motion_data.csv
963,2026-07-27T13:20:35.826,38.652418,0.2761,0.14,0.23,-0.98,25.39,19.71,-63.78,1.016316879718132,71.42145756003583,"0.14,0.23,-0.98,25.39,19.71,-63.78",hong_jean,near_miss,(near miss) HJ motion_data.csv
964,2026-07-27T13:20:35.827,38.653377,0.9594,0.17,0.22,-1.03,27.65,8.91,-66.71,1.0668645649753299,72.76080469593502,"0.17,0.22,-1.03,27.65,8.91,-66.71",hong_jean,near_miss,(near miss) HJ motion_data.csv
965,2026-07-27T13:20:35.828,38.654136,0.7585,0.18,0.22,-1.09,40.71,-7.32,-76.05,1.1264546151532249,86.57071675803545,"0.18,0.22,-1.09,40.71,-7.32,-76.05",hong_jean,near_miss,(near miss) HJ motion_data.csv
966,2026-07-27T13:20:35.885,38.711083,56.9477,0.18,0.22,-1.03,55.97,-34.79,-72.69,1.0685036265731622,98.11636509777561,"0.18,0.22,-1.03,55.97,-34.79,-72.69",hong_jean,near_miss,(near miss) HJ motion_data.csv
967,2026-07-27T13:20:35.885,38.711474,0.3906,0.14,0.27,-0.89,54.26,-67.38,-52.61,0.9405317644821998,101.25227948051342,"0.14,0.27,-0.89,54.26,-67.38,-52.61",hong_jean,near_miss,(near miss) HJ motion_data.csv
968,2026-07-27T13:20:35.945,38.77126,59.7863,0.06,0.38,-0.96,41.02,-82.58,-87.28,1.0342146779078316,126.96414927057165,"0.06,0.38,-0.96,41.02,-82.58,-87.28",hong_jean,near_miss,(near miss) HJ motion_data.csv
969,2026-07-27T13:20:36.005,38.830832,59.5711,0.06,0.5,-1.24,29.85,-81.48,-168.58,1.3383572019457288,189.60281986299677,"0.06,0.50,-1.24,29.85,-81.48,-168.58",hong_jean,near_miss,(near miss) HJ motion_data.csv
970,2026-07-27T13:20:36.005,38.831508,0.677,0.31,0.4,-1.27,6.1,-92.41,-139.59,1.3671137480107498,167.5177190627905,"0.31,0.40,-1.27,6.10,-92.41,-139.59",hong_jean,near_miss,(near miss) HJ motion_data.csv
971,2026-07-27T13:20:36.065,38.890998,59.4896,0.55,0.06,-1.03,-29.36,-102.29,-2.62,1.1691877522451217,106.45242176672168,"0.55,0.06,-1.03,-29.36,-102.29,-2.62",hong_jean,near_miss,(near miss) HJ motion_data.csv
972,2026-07-27T13:20:36.124,38.950726,59.7276,0.43,-0.08,-0.87,-39.12,-78.19,33.75,0.973755616158387,93.71826396172733,"0.43,-0.08,-0.87,-39.12,-78.19,33.75",hong_jean,near_miss,(near miss) HJ motion_data.csv
973,2026-07-27T13:20:36.125,38.95158,0.8545,0.23,-0.01,-0.86,-22.28,-40.71,-35.4,0.8902808545621994,58.36833473725287,"0.23,-0.01,-0.86,-22.28,-40.71,-35.40",hong_jean,near_miss,(near miss) HJ motion_data.csv
974,2026-07-27T13:20:36.185,39.010923,59.3431,0.22,0.03,-0.87,-8.48,-16.6,-64.09,0.897886407069402,66.74577514719564,"0.22,0.03,-0.87,-8.48,-16.60,-64.09",hong_jean,near_miss,(near miss) HJ motion_data.csv
975,2026-07-27T13:20:36.245,39.071718,60.7946,0.18,0.03,-0.86,-7.81,1.1,-44.31,0.8791473141629905,45.00646842399435,"0.18,0.03,-0.86,-7.81,1.10,-44.31",hong_jean,near_miss,(near miss) HJ motion_data.csv
976,2026-07-27T13:20:36.305,39.130824,59.1058,0.03,0.08,-0.89,-12.15,19.65,-25.33,0.8940917178902844,34.283434775413035,"0.03,0.08,-0.89,-12.15,19.65,-25.33",hong_jean,near_miss,(near miss) HJ motion_data.csv
977,2026-07-27T13:20:36.305,39.131504,0.6801,-0.14,0.19,-0.98,-11.54,34.97,-18.49,1.0080178569846865,41.20622040420596,"-0.14,0.19,-0.98,-11.54,34.97,-18.49",hong_jean,near_miss,(near miss) HJ motion_data.csv
978,2026-07-27T13:20:36.365,39.191309,59.8052,-0.27,0.29,-1.03,-7.45,38.39,-21.79,1.1035850669522491,44.76716095532528,"-0.27,0.29,-1.03,-7.45,38.39,-21.79",hong_jean,near_miss,(near miss) HJ motion_data.csv
979,2026-07-27T13:20:36.366,39.191995,0.6859,-0.25,0.37,-0.98,3.23,35.1,-60.06,1.0769401097554125,69.63940335758198,"-0.25,0.37,-0.98,3.23,35.10,-60.06",hong_jean,near_miss,(near miss) HJ motion_data.csv
980,2026-07-27T13:20:36.545,39.371094,179.0992,-0.12,0.39,-0.94,14.59,35.77,-115.6,1.0247438704378768,121.8840473564937,"-0.12,0.39,-0.94,14.59,35.77,-115.60",hong_jean,near_miss,(near miss) HJ motion_data.csv
981,2026-07-27T13:20:36.545,39.3714,0.306,0.05,0.33,-0.99,9.64,38.02,-125.61,1.0447487736293353,131.5914970657299,"0.05,0.33,-0.99,9.64,38.02,-125.61",hong_jean,near_miss,(near miss) HJ motion_data.csv
982,2026-07-27T13:20:36.546,39.371774,0.3738,0.22,0.18,-1.18,-10.74,33.08,-59.02,1.2137545056559007,68.50543336115757,"0.22,0.18,-1.18,-10.74,33.08,-59.02",hong_jean,near_miss,(near miss) HJ motion_data.csv
983,2026-07-27T13:20:36.546,39.372382,0.6078,0.33,-0.04,-1.2,-17.52,22.4,35.77,1.2451907484397722,45.69686313085396,"0.33,-0.04,-1.20,-17.52,22.40,35.77",hong_jean,near_miss,(near miss) HJ motion_data.csv
984,2026-07-27T13:20:36.605,39.431572,59.1902,0.29,-0.08,-0.9,3.6,26.73,50.66,0.9489467845985886,57.39240803451272,"0.29,-0.08,-0.90,3.60,26.73,50.66",hong_jean,near_miss,(near miss) HJ motion_data.csv
985,2026-07-27T13:20:36.606,39.432055,0.4834,0.2,0.12,-0.76,32.04,42.66,0.43,0.7949842765740717,53.353744948222705,"0.20,0.12,-0.76,32.04,42.66,0.43",hong_jean,near_miss,(near miss) HJ motion_data.csv
986,2026-07-27T13:20:36.725,39.551129,119.0734,0.17,0.31,-0.96,59.33,49.68,-40.83,1.0230347012687302,87.49422952400917,"0.17,0.31,-0.96,59.33,49.68,-40.83",hong_jean,near_miss,(near miss) HJ motion_data.csv
987,2026-07-27T13:20:36.726,39.551789,0.6604,0.19,0.36,-1.05,48.03,60.36,-117.61,1.1261438629233833,140.6496448626871,"0.19,0.36,-1.05,48.03,60.36,-117.61",hong_jean,near_miss,(near miss) HJ motion_data.csv
988,2026-07-27T13:20:36.726,39.552351,0.5614,0.18,0.28,-0.94,15.2,56.64,-105.71,0.9971960689854328,120.88727683259309,"0.18,0.28,-0.94,15.20,56.64,-105.71",hong_jean,near_miss,(near miss) HJ motion_data.csv
989,2026-07-27T13:20:36.905,39.731461,179.1109,0.14,0.22,-0.87,-6.84,30.94,-33.08,0.9082400563727632,45.807811560911745,"0.14,0.22,-0.87,-6.84,30.94,-33.08",hong_jean,near_miss,(near miss) HJ motion_data.csv
990,2026-07-27T13:20:36.906,39.732033,0.5721,0.14,0.23,-0.92,-14.22,-0.37,54.32,0.9585927185202274,56.15164912983411,"0.14,0.23,-0.92,-14.22,-0.37,54.32",hong_jean,near_miss,(near miss) HJ motion_data.csv
991,2026-07-27T13:20:36.906,39.732657,0.6232,0.14,0.23,-0.92,-14.22,-0.37,54.32,0.9585927185202274,56.15164912983411,"0.14,0.23,-0.92,-14.22,-0.37,54.32",hong_jean,near_miss,(near miss) HJ motion_data.csv
992,2026-07-27T13:20:36.907,39.733475,0.8178,0.29,0.24,-0.97,-27.77,0.49,41.02,1.0404806581575652,49.538403284724474,"0.29,0.24,-0.97,-27.77,0.49,41.02",hong_jean,near_miss,(near miss) HJ motion_data.csv
993,2026-07-27T13:20:37.025,39.85098,117.5059,0.37,0.15,-0.92,-13.55,26.86,-32.29,1.0028958071504737,44.13282451871849,"0.37,0.15,-0.92,-13.55,26.86,-32.29",hong_jean,near_miss,(near miss) HJ motion_data.csv
994,2026-07-27T13:20:37.205,40.031474,180.4935,0.32,0.11,-0.89,24.54,49.62,-87.71,0.9521554494934112,103.71788707836271,"0.32,0.11,-0.89,24.54,49.62,-87.71",hong_jean,near_miss,(near miss) HJ motion_data.csv
995,2026-07-27T13:20:37.206,40.032185,0.7109,0.17,0.22,-0.95,53.22,52.61,-105.65,0.9898484732523458,129.46854058032787,"0.17,0.22,-0.95,53.22,52.61,-105.65",hong_jean,near_miss,(near miss) HJ motion_data.csv
996,2026-07-27T13:20:37.207,40.032758,0.5731,0.04,0.34,-1.07,58.04,34.06,-106.63,1.1234322409473567,126.0899762074686,"0.04,0.34,-1.07,58.04,34.06,-106.63",hong_jean,near_miss,(near miss) HJ motion_data.csv
997,2026-07-27T13:20:37.207,40.032991,0.2327,0.06,0.29,-1.17,48.03,-2.2,-96.01,1.206896847290604,107.37616588424082,"0.06,0.29,-1.17,48.03,-2.20,-96.01",hong_jean,near_miss,(near miss) HJ motion_data.csv
998,2026-07-27T13:20:37.207,40.033699,0.7089,0.14,0.21,-0.98,24.23,-53.28,-63.05,1.0119782606360672,86.02995873531499,"0.14,0.21,-0.98,24.23,-53.28,-63.05",hong_jean,near_miss,(near miss) HJ motion_data.csv
999,2026-07-27T13:20:37.208,40.033937,0.2377,0.24,0.23,-0.9,-2.75,-106.26,-17.82,0.9594269122762817,107.77895202682201,"0.24,0.23,-0.90,-2.75,-106.26,-17.82",hong_jean,near_miss,(near miss) HJ motion_data.csv
1000,2026-07-27T13:20:37.208,40.034197,0.2597,0.3,0.16,-1.1,-22.22,-130.0,-0.67,1.1513470371699404,131.88698684858943,"0.30,0.16,-1.10,-22.22,-130.00,-0.67",hong_jean,near_miss,(near miss) HJ motion_data.csv
1001,2026-07-27T13:20:37.265,40.091183,56.9863,0.3,-0.03,-1.29,-33.87,-115.54,-11.47,1.324764129949177,120.94721741321709,"0.30,-0.03,-1.29,-33.87,-115.54,-11.47",hong_jean,near_miss,(near miss) HJ motion_data.csv
1002,2026-07-27T13:20:37.325,40.151499,60.3158,0.33,-0.03,-1.17,-22.64,-86.55,-55.3,1.2160180919706745,105.17396113107084,"0.33,-0.03,-1.17,-22.64,-86.55,-55.30",hong_jean,near_miss,(near miss) HJ motion_data.csv
1003,2026-07-27T13:20:37.326,40.152317,0.818,0.33,0.07,-0.92,-4.82,-61.34,-104.37,0.9798979538707079,121.15661310881879,"0.33,0.07,-0.92,-4.82,-61.34,-104.37",hong_jean,near_miss,(near miss) HJ motion_data.csv
1004,2026-07-27T13:20:37.565,40.391399,239.0816,0.27,0.08,-0.82,-7.45,-45.41,-92.04,0.8670063436907482,102.90253738368166,"0.27,0.08,-0.82,-7.45,-45.41,-92.04",hong_jean,near_miss,(near miss) HJ motion_data.csv
1005,2026-07-27T13:20:37.566,40.392134,0.7355,0.23,0.07,-0.78,-22.46,-32.59,-36.38,0.8162107570964745,53.759316401903774,"0.23,0.07,-0.78,-22.46,-32.59,-36.38",hong_jean,near_miss,(near miss) HJ motion_data.csv
1006,2026-07-27T13:20:37.566,40.392497,0.3634,0.17,0.09,-0.79,-37.72,-12.39,14.65,0.8130805618141416,42.319416347582106,"0.17,0.09,-0.79,-37.72,-12.39,14.65",hong_jean,near_miss,(near miss) HJ motion_data.csv
1007,2026-07-27T13:20:37.567,40.393239,0.7411,0.01,0.16,-0.84,-43.33,13.67,29.72,0.8551608035919326,54.29213755231967,"0.01,0.16,-0.84,-43.33,13.67,29.72",hong_jean,near_miss,(near miss) HJ motion_data.csv
1008,2026-07-27T13:20:37.568,40.393899,0.66,-0.14,0.24,-0.94,-38.57,35.77,22.34,0.9802040603874277,57.15079527005727,"-0.14,0.24,-0.94,-38.57,35.77,22.34",hong_jean,near_miss,(near miss) HJ motion_data.csv
1009,2026-07-27T13:20:37.568,40.394583,0.6844,-0.22,0.3,-1.01,-26.49,51.39,9.16,1.0763363786474933,58.53680722417307,"-0.22,0.30,-1.01,-26.49,51.39,9.16",hong_jean,near_miss,(near miss) HJ motion_data.csv
1010,2026-07-27T13:20:37.865,40.690979,296.3964,-0.26,0.37,-1.03,-5.98,64.39,-52.49,1.1248999955551604,83.28885039427547,"-0.26,0.37,-1.03,-5.98,64.39,-52.49",hong_jean,near_miss,(near miss) HJ motion_data.csv
1011,2026-07-27T13:20:37.865,40.691312,0.3331,-0.21,0.37,-1.03,10.19,70.43,-137.88,1.1144056711987784,155.16157836268616,"-0.21,0.37,-1.03,10.19,70.43,-137.88",hong_jean,near_miss,(near miss) HJ motion_data.csv
1012,2026-07-27T13:20:37.866,40.691975,0.6622,-0.01,0.27,-1.05,6.84,60.24,-136.11,1.0842047777057617,149.0019305244063,"-0.01,0.27,-1.05,6.84,60.24,-136.11",hong_jean,near_miss,(near miss) HJ motion_data.csv
1013,2026-07-27T13:20:37.866,40.692686,0.7117,0.18,0.16,-1.2,-14.4,32.41,-11.23,1.2239281024635393,37.2005510711871,"0.18,0.16,-1.20,-14.40,32.41,-11.23",hong_jean,near_miss,(near miss) HJ motion_data.csv
1014,2026-07-27T13:20:37.867,40.693479,0.7927,0.29,0.06,-1.21,-21.24,2.69,110.05,1.2457126474432216,112.11322937102472,"0.29,0.06,-1.21,-21.24,2.69,110.05",hong_jean,near_miss,(near miss) HJ motion_data.csv
1015,2026-07-27T13:20:37.868,40.693983,0.504,0.3,0.02,-0.93,-4.27,-3.6,89.84,0.9773944955850734,90.01343510832147,"0.30,0.02,-0.93,-4.27,-3.60,89.84",hong_jean,near_miss,(near miss) HJ motion_data.csv
1016,2026-07-27T13:20:38.164,40.990623,296.6397,0.26,0.15,-0.81,23.19,10.68,13.18,0.8638286867197686,28.732401570352593,"0.26,0.15,-0.81,23.19,10.68,13.18",hong_jean,near_miss,(near miss) HJ motion_data.csv
1017,2026-07-27T13:20:38.165,40.991259,0.6364,0.26,0.3,-0.92,58.84,25.33,-19.23,1.0019980039900278,66.88458267792362,"0.26,0.30,-0.92,58.84,25.33,-19.23",hong_jean,near_miss,(near miss) HJ motion_data.csv
1018,2026-07-27T13:20:38.165,40.991691,0.4323,0.3,0.35,-0.9,71.59,34.91,-37.17,1.0111874208078342,87.89451120519415,"0.30,0.35,-0.90,71.59,34.91,-37.17",hong_jean,near_miss,(near miss) HJ motion_data.csv
1019,2026-07-27T13:20:38.166,40.992397,0.7054,0.3,0.35,-0.85,47.55,33.94,-24.05,0.9669539802906857,63.176962573393794,"0.30,0.35,-0.85,47.55,33.94,-24.05",hong_jean,near_miss,(near miss) HJ motion_data.csv
1020,2026-07-27T13:20:38.167,40.992851,0.4539,0.26,0.31,-0.89,10.38,24.9,25.21,0.9776502442080194,36.922872315138214,"0.26,0.31,-0.89,10.38,24.90,25.21",hong_jean,near_miss,(near miss) HJ motion_data.csv
1021,2026-07-27T13:20:38.168,40.993745,0.8944,0.2,0.25,-0.97,-20.51,21.36,65.73,1.0214695296483394,72.09259740084276,"0.20,0.25,-0.97,-20.51,21.36,65.73",hong_jean,near_miss,(near miss) HJ motion_data.csv
1022,2026-07-27T13:20:38.168,40.99437,0.6248,0.13,0.2,-0.99,-36.8,26.18,75.2,1.0183319694480772,87.71928180280548,"0.13,0.20,-0.99,-36.80,26.18,75.20",hong_jean,near_miss,(near miss) HJ motion_data.csv
1023,2026-07-27T13:20:38.169,40.995648,1.2779,0.1,0.17,-0.96,-36.38,31.56,60.61,0.9800510190801294,77.41518003595935,"0.10,0.17,-0.96,-36.38,31.56,60.61",hong_jean,near_miss,(near miss) HJ motion_data.csv
1024,2026-07-27T13:20:38.170,40.996597,0.9489,0.1,0.16,-0.93,-24.17,34.24,34.06,0.9489467845985886,54.00601910898451,"0.10,0.16,-0.93,-24.17,34.24,34.06",hong_jean,near_miss,(near miss) HJ motion_data.csv
1025,2026-07-27T13:20:38.225,41.05131,54.7135,0.11,0.19,-0.92,-3.23,34.42,4.21,0.9458329662260668,34.82661912962555,"0.11,0.19,-0.92,-3.23,34.42,4.21",hong_jean,near_miss,(near miss) HJ motion_data.csv
1026,2026-07-27T13:20:38.345,41.170814,119.5037,0.1,0.29,-0.96,23.07,31.43,-18.37,1.0078194282707593,43.09903363185769,"0.10,0.29,-0.96,23.07,31.43,-18.37",hong_jean,near_miss,(near miss) HJ motion_data.csv
1027,2026-07-27T13:20:38.345,41.171198,0.3842,0.11,0.43,-1.03,40.04,23.32,-21.3,1.1215614116043757,50.99719600134894,"0.11,0.43,-1.03,40.04,23.32,-21.30",hong_jean,near_miss,(near miss) HJ motion_data.csv
1028,2026-07-27T13:20:38.346,41.171928,0.7298,0.1,0.47,-1.11,31.49,10.86,-10.38,1.2095453691366853,34.88988535378126,"0.10,0.47,-1.11,31.49,10.86,-10.38",hong_jean,near_miss,(near miss) HJ motion_data.csv
1029,2026-07-27T13:20:38.525,41.350992,179.0639,0.05,0.34,-1.13,8.85,6.9,-38.33,1.1811011811017715,39.93897094317779,"0.05,0.34,-1.13,8.85,6.90,-38.33",hong_jean,near_miss,(near miss) HJ motion_data.csv
1030,2026-07-27T13:20:38.525,41.35129,0.2985,0.02,0.21,-1.07,-0.18,1.77,-103.15,1.090596167240652,103.16534204857754,"0.02,0.21,-1.07,-0.18,1.77,-103.15",hong_jean,near_miss,(near miss) HJ motion_data.csv
1031,2026-07-27T13:20:38.526,41.351873,0.5824,0.08,0.16,-1.04,6.23,-37.29,-124.88,1.0552724766618335,130.47747468433008,"0.08,0.16,-1.04,6.23,-37.29,-124.88",hong_jean,near_miss,(near miss) HJ motion_data.csv
1032,2026-07-27T13:20:38.526,41.352701,0.8279,0.25,0.11,-1.17,1.4,-109.25,-58.59,1.20145744826856,123.97705674841615,"0.25,0.11,-1.17,1.40,-109.25,-58.59",hong_jean,near_miss,(near miss) HJ motion_data.csv
1033,2026-07-27T13:20:38.527,41.353445,0.7447,0.37,-0.05,-1.3,-23.99,-161.32,54.38,1.3525531412850291,171.92104844957174,"0.37,-0.05,-1.30,-23.99,-161.32,54.38",hong_jean,near_miss,(near miss) HJ motion_data.csv
1034,2026-07-27T13:20:38.706,41.531918,178.4722,0.31,-0.09,-1.23,-30.46,-145.2,57.74,1.271652468247516,159.20037437141912,"0.31,-0.09,-1.23,-30.46,-145.20,57.74",hong_jean,near_miss,(near miss) HJ motion_data.csv
1035,2026-07-27T13:20:38.706,41.532555,0.6378,0.27,0.12,-0.96,-2.38,-86.85,-76.11,1.0044401425669924,115.50462761292293,"0.27,0.12,-0.96,-2.38,-86.85,-76.11",hong_jean,near_miss,(near miss) HJ motion_data.csv
1036,2026-07-27T13:20:38.707,41.532851,0.2956,0.37,0.23,-0.71,21.48,-41.44,-148.32,0.8330066026148892,155.49111357244826,"0.37,0.23,-0.71,21.48,-41.44,-148.32",hong_jean,near_miss,(near miss) HJ motion_data.csv
1037,2026-07-27T13:20:38.707,41.533321,0.4703,0.48,0.17,-0.65,15.62,-18.55,-87.89,0.8257118141337206,91.17422333093931,"0.48,0.17,-0.65,15.62,-18.55,-87.89",hong_jean,near_miss,(near miss) HJ motion_data.csv
1038,2026-07-27T13:20:38.765,41.591076,57.7551,0.47,0.07,-0.7,-11.78,1.65,1.65,0.8460496439334987,12.008888374866343,"0.47,0.07,-0.70,-11.78,1.65,1.65",hong_jean,near_miss,(near miss) HJ motion_data.csv
1039,2026-07-27T13:20:38.765,41.591703,0.6261,0.26,0.06,-0.82,-31.31,30.09,42.42,0.8623224454924039,60.70568836608312,"0.26,0.06,-0.82,-31.31,30.09,42.42",hong_jean,near_miss,(near miss) HJ motion_data.csv
1040,2026-07-27T13:20:38.847,41.673364,81.6615,-0.04,0.21,-0.96,-31.01,53.34,39.61,0.9835141076771599,73.31935487986784,"-0.04,0.21,-0.96,-31.01,53.34,39.61",hong_jean,near_miss,(near miss) HJ motion_data.csv
1041,2026-07-27T13:20:38.885,41.711021,37.6571,-0.18,0.34,-1.08,-24.41,52.55,41.69,1.146472851837321,71.38211750851889,"-0.18,0.34,-1.08,-24.41,52.55,41.69",hong_jean,near_miss,(near miss) HJ motion_data.csv
1042,2026-07-27T13:20:38.885,41.711114,0.0934,-0.23,0.41,-1.13,-19.29,37.29,43.88,1.2238872497088935,60.72975053464324,"-0.23,0.41,-1.13,-19.29,37.29,43.88",hong_jean,near_miss,(near miss) HJ motion_data.csv
1043,2026-07-27T13:20:39.005,41.830895,119.7807,-0.35,0.44,-1.12,-21.61,30.64,11.6,1.2531959144523255,39.247441954858665,"-0.35,0.44,-1.12,-21.61,30.64,11.60",hong_jean,near_miss,(near miss) HJ motion_data.csv
1044,2026-07-27T13:20:39.005,41.831488,0.5929,-0.4,0.41,-1.07,-37.48,33.45,-40.1,1.213672113875902,64.27801257039611,"-0.40,0.41,-1.07,-37.48,33.45,-40.10",hong_jean,near_miss,(near miss) HJ motion_data.csv
1045,2026-07-27T13:20:39.006,41.831858,0.3698,-0.09,0.11,-1.05,-58.53,25.76,-22.22,1.0595753866525968,67.69835226946074,"-0.09,0.11,-1.05,-58.53,25.76,-22.22",hong_jean,near_miss,(near miss) HJ motion_data.csv
1046,2026-07-27T13:20:39.185,42.010903,179.0446,0.3,-0.16,-1.1,-52.92,6.53,73.36,1.1513470371699404,90.6909967968155,"0.30,-0.16,-1.10,-52.92,6.53,73.36",hong_jean,near_miss,(near miss) HJ motion_data.csv
1047,2026-07-27T13:20:39.185,42.011724,0.822,0.45,-0.03,-1.08,-15.01,-8.97,87.52,1.1703845521878695,89.24971372503107,"0.45,-0.03,-1.08,-15.01,-8.97,87.52",hong_jean,near_miss,(near miss) HJ motion_data.csv
1048,2026-07-27T13:20:39.186,42.012545,0.8208,0.49,0.22,-0.98,21.61,-34.36,50.9,1.1175419455215092,65.1030851803507,"0.49,0.22,-0.98,21.61,-34.36,50.90",hong_jean,near_miss,(near miss) HJ motion_data.csv
1049,2026-07-27T13:20:39.187,42.013184,0.639,0.53,0.38,-0.9,33.14,-59.08,92.65,1.1114405067298925,114.77250759654945,"0.53,0.38,-0.90,33.14,-59.08,92.65",hong_jean,near_miss,(near miss) HJ motion_data.csv
1050,2026-07-27T13:20:39.245,42.071234,58.0494,0.52,0.41,-0.82,22.83,-48.95,140.5,1.0539924098398432,150.5242884055593,"0.52,0.41,-0.82,22.83,-48.95,140.50",hong_jean,near_miss,(near miss) HJ motion_data.csv
1051,2026-07-27T13:20:39.246,42.071858,0.6239,0.5,0.39,-0.79,10.56,-21.0,140.81,1.013015300970326,142.75843127465362,"0.50,0.39,-0.79,10.56,-21.00,140.81",hong_jean,near_miss,(near miss) HJ motion_data.csv
1052,2026-07-27T13:20:39.305,42.131573,59.7155,0.39,0.35,-0.87,2.08,1.83,124.02,1.0156278846112883,124.05093994001012,"0.39,0.35,-0.87,2.08,1.83,124.02",hong_jean,near_miss,(near miss) HJ motion_data.csv
1053,2026-07-27T13:20:39.546,42.371945,240.3715,0.21,0.32,-1.0,-1.95,23.8,97.17,1.0707474025184465,100.06123824938406,"0.21,0.32,-1.00,-1.95,23.80,97.17",hong_jean,near_miss,(near miss) HJ motion_data.csv
1054,2026-07-27T13:20:39.546,42.372466,0.521,0.05,0.31,-1.07,0.73,45.23,53.41,1.1151233115669317,69.9922417129213,"0.05,0.31,-1.07,0.73,45.23,53.41",hong_jean,near_miss,(near miss) HJ motion_data.csv
1055,2026-07-27T13:20:39.546,42.372678,0.2122,-0.05,0.3,-1.03,1.04,58.47,-1.22,1.0739646176667088,58.491972953560044,"-0.05,0.30,-1.03,1.04,58.47,-1.22",hong_jean,near_miss,(near miss) HJ motion_data.csv
1056,2026-07-27T13:20:39.548,42.374296,1.6183,-0.05,0.26,-0.97,-5.43,54.2,-36.07,1.0054849576199536,65.33123142877379,"-0.05,0.26,-0.97,-5.43,54.20,-36.07",hong_jean,near_miss,(near miss) HJ motion_data.csv
1057,2026-07-27T13:20:39.549,42.37483,0.5342,0.03,0.22,-0.94,-13.79,28.69,-10.13,0.9658674857349738,33.4050460260123,"0.03,0.22,-0.94,-13.79,28.69,-10.13",hong_jean,near_miss,(near miss) HJ motion_data.csv
1058,2026-07-27T13:20:39.549,42.375364,0.5337,0.13,0.22,-0.93,-22.4,-8.97,66.59,0.9644687656943589,70.82689460932197,"0.13,0.22,-0.93,-22.40,-8.97,66.59",hong_jean,near_miss,(near miss) HJ motion_data.csv
1059,2026-07-27T13:20:39.605,42.431416,56.0521,0.21,0.27,-0.93,-25.94,-43.15,146.3,0.9909086738948247,154.72070352735605,"0.21,0.27,-0.93,-25.94,-43.15,146.30",hong_jean,near_miss,(near miss) HJ motion_data.csv
1060,2026-07-27T13:20:39.904,42.730695,299.2785,0.26,0.3,-0.91,-26.43,-58.29,183.78,0.9928242543370907,194.60564585848994,"0.26,0.30,-0.91,-26.43,-58.29,183.78",hong_jean,near_miss,(near miss) HJ motion_data.csv
1061,2026-07-27T13:20:39.905,42.73111,0.4153,0.23,0.26,-0.91,-34.3,-24.11,104.86,0.9739609848448757,112.93095988257605,"0.23,0.26,-0.91,-34.30,-24.11,104.86",hong_jean,near_miss,(near miss) HJ motion_data.csv
1062,2026-07-27T13:20:39.905,42.731696,0.5861,0.13,0.21,-0.94,-25.94,-3.78,42.54,0.9719053451854249,49.96822590406828,"0.13,0.21,-0.94,-25.94,-3.78,42.54",hong_jean,near_miss,(near miss) HJ motion_data.csv
1063,2026-07-27T13:20:39.906,42.732366,0.6699,0.02,0.21,-0.98,-14.65,-10.68,-14.53,1.0024470060806208,23.233721182798075,"0.02,0.21,-0.98,-14.65,-10.68,-14.53",hong_jean,near_miss,(near miss) HJ motion_data.csv
1064,2026-07-27T13:20:39.907,42.733011,0.6451,0.01,0.24,-1.08,-17.76,-61.28,-14.04,1.1063905277974861,65.32822973263549,"0.01,0.24,-1.08,-17.76,-61.28,-14.04",hong_jean,near_miss,(near miss) HJ motion_data.csv
1065,2026-07-27T13:20:39.908,42.733951,0.9402,0.09,0.29,-1.3,-42.3,-130.0,78.37,1.334990636671284,157.5790179560718,"0.09,0.29,-1.30,-42.30,-130.00,78.37",hong_jean,near_miss,(near miss) HJ motion_data.csv
1066,2026-07-27T13:20:39.909,42.73489,0.9389,0.23,0.12,-1.41,-70.13,-162.78,233.46,1.433666627915988,293.1196289913045,"0.23,0.12,-1.41,-70.13,-162.78,233.46",hong_jean,near_miss,(near miss) HJ motion_data.csv
1067,2026-07-27T13:20:39.909,42.735732,0.8421,0.21,-0.27,-1.28,-49.13,-140.75,262.57,1.324915091619082,301.93927253671393,"0.21,-0.27,-1.28,-49.13,-140.75,262.57",hong_jean,near_miss,(near miss) HJ motion_data.csv
1068,2026-07-27T13:20:40.085,42.911465,175.7327,0.33,0.23,-0.8,19.96,-94.24,72.45,0.8954328562209453,120.53456641146555,"0.33,0.23,-0.80,19.96,-94.24,72.45",hong_jean,near_miss,(near miss) HJ motion_data.csv
1069,2026-07-27T13:20:40.086,42.912023,0.5586,0.47,0.45,-0.69,44.31,-55.66,-51.88,0.9484197383015602,88.05081544199349,"0.47,0.45,-0.69,44.31,-55.66,-51.88",hong_jean,near_miss,(near miss) HJ motion_data.csv
1070,2026-07-27T13:20:40.087,42.912828,0.8041,0.38,0.35,-0.72,-2.38,-26.43,16.42,0.8861715409558129,31.206180477591296,"0.38,0.35,-0.72,-2.38,-26.43,16.42",hong_jean,near_miss,(near miss) HJ motion_data.csv
1071,2026-07-27T13:20:40.087,42.912946,0.1187,0.19,0.24,-0.74,-50.42,2.99,98.88,0.800812087820857,111.03319728801833,"0.19,0.24,-0.74,-50.42,2.99,98.88",hong_jean,near_miss,(near miss) HJ motion_data.csv
1072,2026-07-27T13:20:40.087,42.913357,0.4105,0.03,0.22,-0.84,-51.88,31.25,113.4,0.8688498144098322,128.5599350497658,"0.03,0.22,-0.84,-51.88,31.25,113.40",hong_jean,near_miss,(near miss) HJ motion_data.csv
1073,2026-07-27T13:20:40.204,43.030719,117.3625,-0.16,0.31,-1.01,-14.4,57.31,66.35,1.0685504199615476,88.8488525530859,"-0.16,0.31,-1.01,-14.40,57.31,66.35",hong_jean,near_miss,(near miss) HJ motion_data.csv
1074,2026-07-27T13:20:40.205,43.031574,0.8546,-0.38,0.42,-1.07,24.48,77.39,-44.01,1.2106609764917675,92.33289013130695,"-0.38,0.42,-1.07,24.48,77.39,-44.01",hong_jean,near_miss,(near miss) HJ motion_data.csv
1075,2026-07-27T13:20:40.205,43.031728,0.1541,-0.39,0.47,-1.07,32.04,67.81,-124.82,1.2320308437697491,145.61864612747914,"-0.39,0.47,-1.07,32.04,67.81,-124.82",hong_jean,near_miss,(near miss) HJ motion_data.csv
1076,2026-07-27T13:20:40.265,43.091151,59.4232,-0.1,0.4,-1.11,2.69,17.46,-50.6,1.1841030360572513,53.595220869028985,"-0.10,0.40,-1.11,2.69,17.46,-50.60",hong_jean,near_miss,(near miss) HJ motion_data.csv
1077,2026-07-27T13:20:40.444,43.270567,179.4155,0.23,0.27,-1.14,-43.27,-41.2,112.12,1.193901168438996,127.04576852457544,"0.23,0.27,-1.14,-43.27,-41.20,112.12",hong_jean,near_miss,(near miss) HJ motion_data.csv
1078,2026-07-27T13:20:40.445,43.270917,0.3498,0.44,0.06,-0.97,-74.58,-72.57,205.57,1.0668176976409793,230.40747861126383,"0.44,0.06,-0.97,-74.58,-72.57,205.57",hong_jean,near_miss,(near miss) HJ motion_data.csv
1079,2026-07-27T13:20:40.445,43.271684,0.7671,0.5,-0.01,-0.87,-56.4,-71.35,183.72,1.0034938963441682,204.9995631702663,"0.50,-0.01,-0.87,-56.40,-71.35,183.72",hong_jean,near_miss,(near miss) HJ motion_data.csv
1080,2026-07-27T13:20:40.446,43.272481,0.7974,0.45,0.14,-0.98,5.68,-50.05,93.32,1.0874281585465773,106.04662795204757,"0.45,0.14,-0.98,5.68,-50.05,93.32",hong_jean,near_miss,(near miss) HJ motion_data.csv
1081,2026-07-27T13:20:40.447,43.273304,0.8235,0.4,0.28,-0.98,52.61,-26.06,21.79,1.0948972554536796,62.623795796805545,"0.40,0.28,-0.98,52.61,-26.06,21.79",hong_jean,near_miss,(near miss) HJ motion_data.csv
1082,2026-07-27T13:20:40.745,43.571259,297.9541,0.4,0.38,-0.87,53.77,-19.71,40.77,1.030194156457898,70.29857679924964,"0.40,0.38,-0.87,53.77,-19.71,40.77",hong_jean,near_miss,(near miss) HJ motion_data.csv
1083,2026-07-27T13:20:40.864,43.690626,119.3671,0.46,0.43,-0.83,20.75,-34.85,150.02,1.0418253212511202,155.40619485721928,"0.46,0.43,-0.83,20.75,-34.85,150.02",hong_jean,near_miss,(near miss) HJ motion_data.csv
1084,2026-07-27T13:20:40.865,43.69096,0.3339,0.45,0.38,-0.89,-22.03,-40.95,250.92,1.067239429556461,255.19222127643312,"0.45,0.38,-0.89,-22.03,-40.95,250.92",hong_jean,near_miss,(near miss) HJ motion_data.csv
1085,2026-07-27T13:20:40.865,43.691326,0.3665,0.31,0.27,-0.97,-36.38,-15.26,240.05,1.0535179163165664,243.2701677148269,"0.31,0.27,-0.97,-36.38,-15.26,240.05",hong_jean,near_miss,(near miss) HJ motion_data.csv
1086,2026-07-27T13:20:40.866,43.692277,0.9511,0.14,0.23,-0.99,-11.17,23.38,145.26,1.0259629622944486,147.55290881578713,"0.14,0.23,-0.99,-11.17,23.38,145.26",hong_jean,near_miss,(near miss) HJ motion_data.csv
1087,2026-07-27T13:20:40.867,43.692945,0.6674,0.02,0.28,-0.94,23.5,51.51,39.55,0.9810198774744576,69.06325071990167,"0.02,0.28,-0.94,23.50,51.51,39.55",hong_jean,near_miss,(near miss) HJ motion_data.csv
1088,2026-07-27T13:20:40.867,43.693695,0.7501,-0.1,0.47,-0.85,40.22,66.77,-66.65,0.9764220398987314,102.5578071138419,"-0.10,0.47,-0.85,40.22,66.77,-66.65",hong_jean,near_miss,(near miss) HJ motion_data.csv
1089,2026-07-27T13:20:40.869,43.695019,1.3245,-0.36,0.63,-0.78,29.79,78.49,-221.01,1.0653168542738822,236.4181556056979,"-0.36,0.63,-0.78,29.79,78.49,-221.01",hong_jean,near_miss,(near miss) HJ motion_data.csv
1090,2026-07-27T13:20:40.869,43.69561,0.5913,-0.61,0.43,-0.88,-15.99,66.96,-373.23,1.1538630767989762,379.52596037688915,"-0.61,0.43,-0.88,-15.99,66.96,-373.23",hong_jean,near_miss,(near miss) HJ motion_data.csv
1091,2026-07-27T13:20:40.870,43.696038,0.4273,-0.27,-0.01,-1.33,-86.85,-39.18,-285.03,1.3571661652133833,300.5330194837166,"-0.27,-0.01,-1.33,-86.85,-39.18,-285.03",hong_jean,near_miss,(near miss) HJ motion_data.csv
1092,2026-07-27T13:20:41.105,43.931096,235.0584,0.41,-0.19,-1.84,-115.97,-233.58,173.71,1.894676753433155,313.3429772629347,"0.41,-0.19,-1.84,-115.97,-233.58,173.71",hong_jean,near_miss,(near miss) HJ motion_data.csv
1093,2026-07-27T13:20:41.106,43.932501,1.4044,0.59,-0.09,-1.86,-78.06,-334.23,626.46,1.953407279601466,714.3214879170303,"0.59,-0.09,-1.86,-78.06,-334.23,626.46",hong_jean,near_miss,(near miss) HJ motion_data.csv
1094,2026-07-27T13:20:41.107,43.933179,0.6781,0.34,-0.21,-1.49,-52.0,-251.34,618.29,1.5426600403199662,669.446278427179,"0.34,-0.21,-1.49,-52.00,-251.34,618.29",hong_jean,near_miss,(near miss) HJ motion_data.csv
1095,2026-07-27T13:20:41.107,43.933684,0.5053,0.24,-0.11,-1.18,-0.24,-118.1,238.83,1.2091732712891068,266.43467585883036,"0.24,-0.11,-1.18,-0.24,-118.10,238.83",hong_jean,near_miss,(near miss) HJ motion_data.csv
1096,2026-07-27T13:20:41.108,43.934436,0.7516,0.36,0.37,-0.87,106.99,-34.12,-141.36,1.0116323442832382,180.53720973804818,"0.36,0.37,-0.87,106.99,-34.12,-141.36",hong_jean,near_miss,(near miss) HJ motion_data.csv
1097,2026-07-27T13:20:41.109,43.935027,0.5917,0.41,0.5,-0.47,134.95,10.93,-251.1,0.7993747556684537,285.2756165535358,"0.41,0.50,-0.47,134.95,10.93,-251.10",hong_jean,near_miss,(near miss) HJ motion_data.csv
1098,2026-07-27T13:20:41.345,44.171128,236.1008,0.14,0.34,-0.37,47.49,41.14,-126.89,0.5216320542297991,141.5940387163245,"0.14,0.34,-0.37,47.49,41.14,-126.89",hong_jean,near_miss,(near miss) HJ motion_data.csv
1099,2026-07-27T13:20:41.345,44.171684,0.5557,-0.25,0.17,-0.49,-56.34,63.23,1.77,0.5757603668193912,84.70750498037349,"-0.25,0.17,-0.49,-56.34,63.23,1.77",hong_jean,near_miss,(near miss) HJ motion_data.csv
1100,2026-07-27T13:20:41.346,44.172373,0.6893,-0.32,0.08,-0.52,-95.83,62.93,32.53,0.6157921727336261,119.1711991212642,"-0.32,0.08,-0.52,-95.83,62.93,32.53",hong_jean,near_miss,(near miss) HJ motion_data.csv
1101,2026-07-27T13:20:41.404,44.230452,58.0791,-0.07,0.14,-1.02,-32.17,29.11,14.4,1.0319399207318225,45.71281002082458,"-0.07,0.14,-1.02,-32.17,29.11,14.40",hong_jean,near_miss,(near miss) HJ motion_data.csv
1102,2026-07-27T13:20:41.405,44.231062,0.6101,0.21,0.26,-1.5,70.07,-18.68,6.59,1.5367823528398548,72.8160380685464,"0.21,0.26,-1.50,70.07,-18.68,6.59",hong_jean,near_miss,(near miss) HJ motion_data.csv
1103,2026-07-27T13:20:41.405,44.231629,0.5669,0.51,0.28,-1.4,77.27,-49.87,20.69,1.5160804727981954,94.26423446885886,"0.51,0.28,-1.40,77.27,-49.87,20.69",hong_jean,near_miss,(near miss) HJ motion_data.csv
1104,2026-07-27T13:20:41.406,44.231894,0.2652,0.76,0.26,-1.37,33.51,-53.04,68.05,1.5881120867243597,92.55789647566543,"0.76,0.26,-1.37,33.51,-53.04,68.05",hong_jean,near_miss,(near miss) HJ motion_data.csv
1105,2026-07-27T13:20:41.406,44.232716,0.8217,0.73,0.23,-1.36,6.9,-23.25,146.55,1.5605768164367944,148.5431755416586,"0.73,0.23,-1.36,6.90,-23.25,146.55",hong_jean,near_miss,(near miss) HJ motion_data.csv
1106,2026-07-27T13:20:41.464,44.290636,57.9201,0.51,0.18,-1.12,-12.88,26.67,186.83,1.2437443467208202,189.1629778788651,"0.51,0.18,-1.12,-12.88,26.67,186.83",hong_jean,near_miss,(near miss) HJ motion_data.csv
1107,2026-07-27T13:20:41.645,44.47094,180.3038,0.31,0.17,-0.89,-2.99,65.73,152.77,0.9576533819707421,166.33714528030112,"0.31,0.17,-0.89,-2.99,65.73,152.77",hong_jean,near_miss,(near miss) HJ motion_data.csv
1108,2026-07-27T13:20:41.945,44.770807,299.8671,0.15,0.27,-0.83,23.68,89.23,123.66,0.885607136375944,154.31957393668503,"0.15,0.27,-0.83,23.68,89.23,123.66",hong_jean,near_miss,(near miss) HJ motion_data.csv
1109,2026-07-27T13:20:41.946,44.771973,1.1657,-0.1,0.56,-0.83,41.93,111.21,93.2,1.0062305898749053,151.03651545238986,"-0.10,0.56,-0.83,41.93,111.21,93.20",hong_jean,near_miss,(near miss) HJ motion_data.csv
1110,2026-07-27T13:20:41.946,44.772504,0.5315,-0.43,0.65,-0.79,22.4,146.67,-83.8,1.1097296968181036,170.40037822727973,"-0.43,0.65,-0.79,22.40,146.67,-83.80",hong_jean,near_miss,(near miss) HJ motion_data.csv
1111,2026-07-27T13:20:41.947,44.773312,0.8078,-0.63,0.1,-0.72,-66.16,155.4,-302.98,0.9619251530134764,346.8763266641297,"-0.63,0.10,-0.72,-66.16,155.40,-302.98",hong_jean,near_miss,(near miss) HJ motion_data.csv
1112,2026-07-27T13:20:41.947,44.773714,0.4016,-0.56,-0.34,-0.82,-138.43,37.29,-173.4,1.049571341072154,224.99104204390005,"-0.56,-0.34,-0.82,-138.43,37.29,-173.40",hong_jean,near_miss,(near miss) HJ motion_data.csv
1113,2026-07-27T13:20:41.948,44.774359,0.645,-0.17,-0.05,-1.47,-27.4,-169.43,114.26,1.4806417527545277,206.18591731735708,"-0.17,-0.05,-1.47,-27.40,-169.43,114.26",hong_jean,near_miss,(near miss) HJ motion_data.csv
1114,2026-07-27T13:20:41.949,44.774987,0.6285,0.48,0.48,-2.37,189.94,-299.56,83.68,2.465299170486211,364.43893809525895,"0.48,0.48,-2.37,189.94,-299.56,83.68",hong_jean,near_miss,(near miss) HJ motion_data.csv
1115,2026-07-27T13:20:41.949,44.775563,0.5758,0.99,0.88,-2.38,252.69,-280.82,-105.41,2.723765775539446,392.2032337959492,"0.99,0.88,-2.38,252.69,-280.82,-105.41",hong_jean,near_miss,(near miss) HJ motion_data.csv
1116,2026-07-27T13:20:41.950,44.776551,0.9879,1.06,0.8,-1.47,113.16,-173.58,-138.31,1.981035082980612,249.1281961159756,"1.06,0.80,-1.47,113.16,-173.58,-138.31",hong_jean,near_miss,(near miss) HJ motion_data.csv
1117,2026-07-27T13:20:41.951,44.777106,0.555,0.67,-0.13,-0.75,-86.36,-74.22,-19.17,1.014051280754578,115.47357663119298,"0.67,-0.13,-0.75,-86.36,-74.22,-19.17",hong_jean,near_miss,(near miss) HJ motion_data.csv
1118,2026-07-27T13:20:41.951,44.777718,0.6123,0.22,-0.6,-0.42,-145.81,-6.1,39.06,0.7647221717722065,151.07431846611124,"0.22,-0.60,-0.42,-145.81,-6.10,39.06",hong_jean,near_miss,(near miss) HJ motion_data.csv
1119,2026-07-27T13:20:42.005,44.830746,53.0278,-0.02,-0.11,-0.18,-36.56,46.81,-62.81,0.2118962010041709,86.44597040926777,"-0.02,-0.11,-0.18,-36.56,46.81,-62.81",hong_jean,near_miss,(near miss) HJ motion_data.csv
1120,2026-07-27T13:20:42.005,44.831251,0.5053,-0.23,0.25,-0.0,66.53,70.86,-139.1,0.3397057550292606,169.694403266578,"-0.23,0.25,-0.00,66.53,70.86,-139.10",hong_jean,near_miss,(near miss) HJ motion_data.csv
1121,2026-07-27T13:20:42.125,44.950968,119.7171,-0.3,0.24,-0.15,98.75,55.54,-126.16,0.4124318125460256,169.5659155019074,"-0.30,0.24,-0.15,98.75,55.54,-126.16",hong_jean,near_miss,(near miss) HJ motion_data.csv
1122,2026-07-27T13:20:42.125,44.951503,0.5348,0.26,0.17,-1.13,94.42,-24.05,-66.28,1.1719214990774764,117.8413225485865,"0.26,0.17,-1.13,94.42,-24.05,-66.28",hong_jean,near_miss,(near miss) HJ motion_data.csv
1123,2026-07-27T13:20:42.126,44.952427,0.9243,0.93,0.2,-1.82,54.81,-109.99,12.02,2.0536065835500237,123.47638073737016,"0.93,0.20,-1.82,54.81,-109.99,12.02",hong_jean,near_miss,(near miss) HJ motion_data.csv
1124,2026-07-27T13:20:42.305,45.13174,179.313,0.89,0.17,-1.81,-10.74,-66.35,18.55,2.0241294425011462,69.72641249913836,"0.89,0.17,-1.81,-10.74,-66.35,18.55",hong_jean,near_miss,(near miss) HJ motion_data.csv
1125,2026-07-27T13:20:42.306,45.132252,0.5116,0.52,0.13,-1.82,-25.57,66.41,-3.36,1.8972875375124352,71.24185988588451,"0.52,0.13,-1.82,-25.57,66.41,-3.36",hong_jean,near_miss,(near miss) HJ motion_data.csv
1126,2026-07-27T13:20:42.306,45.13265,0.3976,0.27,0.14,-1.75,13.73,163.09,-4.7,1.776231966833161,163.73439162252996,"0.27,0.14,-1.75,13.73,163.09,-4.70",hong_jean,near_miss,(near miss) HJ motion_data.csv
1127,2026-07-27T13:20:42.307,45.133034,0.3848,-0.04,0.3,-1.71,42.6,209.11,-15.44,1.7365770930194835,213.96295403644064,"-0.04,0.30,-1.71,42.60,209.11,-15.44",hong_jean,near_miss,(near miss) HJ motion_data.csv
1128,2026-07-27T13:20:42.485,45.310832,177.7972,-0.56,0.23,-1.53,25.39,218.87,-105.77,1.6454178800535746,244.40953725253848,"-0.56,0.23,-1.53,25.39,218.87,-105.77",hong_jean,near_miss,(near miss) HJ motion_data.csv
1129,2026-07-27T13:20:42.486,45.312046,1.2146,-0.84,-0.08,-0.98,-35.95,187.26,-135.99,1.2932130528261767,234.20501745265835,"-0.84,-0.08,-0.98,-35.95,187.26,-135.99",hong_jean,near_miss,(near miss) HJ motion_data.csv
1130,2026-07-27T13:20:42.486,45.31245,0.404,-0.77,-0.06,-0.21,-43.09,91.98,-37.23,0.8003749121505497,108.18105841597225,"-0.77,-0.06,-0.21,-43.09,91.98,-37.23",hong_jean,near_miss,(near miss) HJ motion_data.csv
1131,2026-07-27T13:20:42.487,45.31289,0.4401,-0.68,0.23,0.25,32.59,-36.62,-74.83,0.7601315675591956,89.45759554112774,"-0.68,0.23,0.25,32.59,-36.62,-74.83",hong_jean,near_miss,(near miss) HJ motion_data.csv
1132,2026-07-27T13:20:42.487,45.313323,0.4327,-0.59,0.51,0.06,135.19,-104.86,-234.62,0.7821764506810468,290.37647993596175,"-0.59,0.51,0.06,135.19,-104.86,-234.62",hong_jean,near_miss,(near miss) HJ motion_data.csv
1133,2026-07-27T13:20:42.604,45.43059,117.2672,-0.37,0.75,-1.19,387.51,-111.69,-325.74,1.4544758506073587,518.4064079465068,"-0.37,0.75,-1.19,387.51,-111.69,-325.74",hong_jean,near_miss,(near miss) HJ motion_data.csv
1134,2026-07-27T13:20:42.606,45.432612,2.0221,0.12,1.38,-2.89,352.48,-189.27,-217.16,3.20482448817404,455.2183529911772,"0.12,1.38,-2.89,352.48,-189.27,-217.16",hong_jean,near_miss,(near miss) HJ motion_data.csv
1135,2026-07-27T13:20:42.607,45.433583,0.9707,0.82,1.85,-3.23,68.91,-238.16,-89.78,3.8115351238051054,263.683943576396,"0.82,1.85,-3.23,68.91,-238.16,-89.78",hong_jean,near_miss,(near miss) HJ motion_data.csv
1136,2026-07-27T13:20:42.905,45.730764,297.1814,1.45,1.0,-2.14,-325.68,-194.95,-15.2,2.771660152327482,379.87366965874327,"1.45,1.00,-2.14,-325.68,-194.95,-15.20",hong_jean,near_miss,(near miss) HJ motion_data.csv
1137,2026-07-27T13:20:42.905,45.731334,0.5691,1.36,-0.44,-1.11,-412.78,-69.34,-128.42,1.8097789920319,437.82080855071285,"1.36,-0.44,-1.11,-412.78,-69.34,-128.42",hong_jean,near_miss,(near miss) HJ motion_data.csv
1138,2026-07-27T13:20:42.906,45.731986,0.6525,0.37,-0.82,-0.67,-163.88,41.32,-335.39,1.121695145750395,375.5668367947308,"0.37,-0.82,-0.67,-163.88,41.32,-335.39",hong_jean,near_miss,(near miss) HJ motion_data.csv
1139,2026-07-27T13:20:42.906,45.732071,0.0852,-0.36,-0.18,-0.52,38.88,76.84,-379.76,0.6575712889109439,389.40171751033665,"-0.36,-0.18,-0.52,38.88,76.84,-379.76",hong_jean,near_miss,(near miss) HJ motion_data.csv
1140,2026-07-27T13:20:42.907,45.733058,0.9863,-0.22,0.27,-0.66,91.92,41.69,-251.34,0.7462573282722255,270.84892117193306,"-0.22,0.27,-0.66,91.92,41.69,-251.34",hong_jean,near_miss,(near miss) HJ motion_data.csv
1141,2026-07-27T13:20:42.908,45.734016,0.9581,0.39,0.33,-1.38,94.3,-15.44,-69.34,1.4715298162116863,118.06320002439372,"0.39,0.33,-1.38,94.30,-15.44,-69.34",hong_jean,near_miss,(near miss) HJ motion_data.csv
1142,2026-07-27T13:20:42.909,45.73478,0.7642,0.67,0.56,-2.95,85.69,10.07,-107.79,3.076524012583032,138.06833489254515,"0.67,0.56,-2.95,85.69,10.07,-107.79",hong_jean,near_miss,(near miss) HJ motion_data.csv
1143,2026-07-27T13:20:42.965,45.790978,56.1977,0.13,0.29,-3.23,38.57,138.06,-448.43,3.245597017499246,470.78410487186164,"0.13,0.29,-3.23,38.57,138.06,-448.43",hong_jean,near_miss,(near miss) HJ motion_data.csv
1144,2026-07-27T13:20:42.965,45.791393,0.4153,-0.28,-0.13,-2.3,-117.55,253.6,-657.2,2.320624915836249,714.172809969688,"-0.28,-0.13,-2.30,-117.55,253.60,-657.2",hong_jean,near_miss,(near miss) HJ motion_data.csv
1145,2026-07-27T13:20:43.025,45.850914,59.5212,-0.56,-0.35,-0.83,-277.59,269.71,-417.6,1.0606601717798212,569.3763713046055,"-0.56,-0.35,-0.83,-277.59,269.71,-417.6",hong_jean,near_miss,(near miss) HJ motion_data.csv
1146,2026-07-27T13:20:43.085,45.911469,60.5546,-0.81,-0.27,-0.03,-206.05,200.87,-13.37,0.8543418519538886,288.06963793499654,"-0.81,-0.27,-0.03,-206.05,200.87,-13.37",hong_jean,near_miss,(near miss) HJ motion_data.csv
1147,2026-07-27T13:20:43.144,45.970702,59.2331,-0.74,-0.01,0.11,48.03,158.94,168.27,0.7481978348003955,236.39711800273707,"-0.74,-0.01,0.11,48.03,158.94,168.27",hong_jean,near_miss,(near miss) HJ motion_data.csv
1148,2026-07-27T13:20:43.145,45.971253,0.5514,-0.33,0.16,0.13,210.27,146.79,86.49,0.3891015291668744,270.6312936450624,"-0.33,0.16,0.13,210.27,146.79,86.49",hong_jean,near_miss,(near miss) HJ motion_data.csv
1149,2026-07-27T13:20:43.265,46.090956,119.7029,0.02,0.28,0.09,206.18,60.18,-31.49,0.2947880594596735,217.07935162055372,"0.02,0.28,0.09,206.18,60.18,-31.49",hong_jean,near_miss,(near miss) HJ motion_data.csv
1150,2026-07-27T13:20:43.265,46.091595,0.6384,0.24,0.67,-0.1,267.82,-58.78,3.54,0.718679344353238,274.2173816518566,"0.24,0.67,-0.10,267.82,-58.78,3.54",hong_jean,near_miss,(near miss) HJ motion_data.csv
1151,2026-07-27T13:20:43.266,46.092197,0.6021,0.37,0.92,-0.27,402.47,-120.0,129.09,1.0277159140540737,439.37037792732457,"0.37,0.92,-0.27,402.47,-120.00,129.09",hong_jean,near_miss,(near miss) HJ motion_data.csv
1152,2026-07-27T13:20:43.445,46.271497,179.3007,0.35,0.65,-0.23,336.3,-131.59,119.93,0.7732399368889323,380.52177730059026,"0.35,0.65,-0.23,336.30,-131.59,119.93",hong_jean,near_miss,(near miss) HJ motion_data.csv
1153,2026-07-27T13:20:43.446,46.272088,0.5903,0.3,0.37,-0.09,117.31,-138.98,-48.58,0.4847679857416329,188.24742468357965,"0.30,0.37,-0.09,117.31,-138.98,-48.58",hong_jean,near_miss,(near miss) HJ motion_data.csv
1154,2026-07-27T13:20:43.447,46.272822,0.734,0.42,0.54,0.01,30.94,-156.86,-261.35,0.6841783393238929,306.37585691434634,"0.42,0.54,0.01,30.94,-156.86,-261.35",hong_jean,near_miss,(near miss) HJ motion_data.csv
1155,2026-07-27T13:20:43.447,46.273416,0.594,0.48,0.68,-0.08,99.06,-158.51,-407.47,0.8361817984146749,448.29689336420796,"0.48,0.68,-0.08,99.06,-158.51,-407.47",hong_jean,near_miss,(near miss) HJ motion_data.csv
1156,2026-07-27T13:20:43.448,46.274203,0.7875,0.65,0.03,-1.08,37.84,-182.37,-365.05,1.2608727136392477,409.8196981600567,"0.65,0.03,-1.08,37.84,-182.37,-365.05",hong_jean,near_miss,(near miss) HJ motion_data.csv
1157,2026-07-27T13:20:43.505,46.331277,57.0744,0.88,-0.65,-2.71,-171.45,-304.81,-186.4,2.922498930709813,396.2943332928191,"0.88,-0.65,-2.71,-171.45,-304.81,-186.4",hong_jean,near_miss,(near miss) HJ motion_data.csv
1158,2026-07-27T13:20:43.865,46.691686,360.409,0.26,-0.76,-3.58,-221.01,-289.43,-73.97,3.6690053147958235,371.6001963131882,"0.26,-0.76,-3.58,-221.01,-289.43,-73.97",hong_jean,near_miss,(near miss) HJ motion_data.csv
1159,2026-07-27T13:20:43.866,46.692326,0.6396,-0.5,-0.7,-3.02,-97.96,-66.1,-18.62,3.140127385951086,119.63308906820052,"-0.50,-0.70,-3.02,-97.96,-66.10,-18.62",hong_jean,near_miss,(near miss) HJ motion_data.csv
1160,2026-07-27T13:20:43.867,46.693248,0.9216,-0.35,-0.45,-1.64,28.63,77.94,-7.39,1.7362603491412225,83.36025791706741,"-0.35,-0.45,-1.64,28.63,77.94,-7.39",hong_jean,near_miss,(near miss) HJ motion_data.csv
1161,2026-07-27T13:20:44.045,46.870919,177.6714,0.1,-0.2,-0.66,69.52,83.86,-58.59,0.6968500556073739,123.6863699038823,"0.10,-0.20,-0.66,69.52,83.86,-58.59",hong_jean,near_miss,(near miss) HJ motion_data.csv
1162,2026-07-27T13:20:44.047,46.872827,1.9076,0.29,-0.12,-0.35,49.32,46.81,-64.21,0.4701063709417263,93.52305918863004,"0.29,-0.12,-0.35,49.32,46.81,-64.21",hong_jean,near_miss,(near miss) HJ motion_data.csv
1163,2026-07-27T13:20:44.047,46.873478,0.6515,0.25,-0.08,-0.39,41.02,22.4,-53.1,0.47010637094172636,70.73903024497862,"0.25,-0.08,-0.39,41.02,22.40,-53.10",hong_jean,near_miss,(near miss) HJ motion_data.csv
1164,2026-07-27T13:20:44.049,46.874815,1.3372,0.19,-0.0,-0.47,50.84,9.46,-67.02,0.5069516742254631,84.6515067792653,"0.19,-0.00,-0.47,50.84,9.46,-67.02",hong_jean,near_miss,(near miss) HJ motion_data.csv
1165,2026-07-27T13:20:44.049,46.875336,0.5202,0.2,0.09,-0.52,54.87,-1.4,-78.31,0.5643580423808985,95.63018874811448,"0.20,0.09,-0.52,54.87,-1.40,-78.31",hong_jean,near_miss,(near miss) HJ motion_data.csv
1166,2026-07-27T13:20:44.050,46.875878,0.5421,0.3,0.17,-0.69,43.52,-8.67,-58.72,0.7713624310270756,73.60161479206826,"0.30,0.17,-0.69,43.52,-8.67,-58.72",hong_jean,near_miss,(near miss) HJ motion_data.csv
1167,2026-07-27T13:20:44.050,46.876468,0.5906,0.34,0.04,-1.0,12.88,-4.88,-13.67,1.056976820937905,19.405610013601738,"0.34,0.04,-1.00,12.88,-4.88,-13.67",hong_jean,near_miss,(near miss) HJ motion_data.csv
1168,2026-07-27T13:20:44.051,46.876895,0.427,0.32,-0.18,-1.22,-14.04,12.21,-14.47,1.2740486646906388,23.570884582467414,"0.32,-0.18,-1.22,-14.04,12.21,-14.47",hong_jean,near_miss,(near miss) HJ motion_data.csv
1169,2026-07-27T13:20:44.104,46.930555,53.6595,0.34,-0.19,-1.25,-7.14,23.32,-55.97,1.30927460832325,61.052787815135844,"0.34,-0.19,-1.25,-7.14,23.32,-55.97",hong_jean,near_miss,(near miss) HJ motion_data.csv
1170,2026-07-27T13:20:44.225,47.051011,120.4567,0.24,-0.09,-1.23,6.84,20.08,-44.92,1.2564234954823155,49.6769403244604,"0.24,-0.09,-1.23,6.84,20.08,-44.92",hong_jean,near_miss,(near miss) HJ motion_data.csv
1171,2026-07-27T13:20:44.225,47.051595,0.5831,0.03,0.08,-1.19,5.31,13.85,13.18,1.1930632841555389,19.84265607220969,"0.03,0.08,-1.19,5.31,13.85,13.18",hong_jean,near_miss,(near miss) HJ motion_data.csv
1172,2026-07-27T13:20:44.226,47.052269,0.6745,-0.26,0.24,-1.09,-13.49,8.3,25.09,1.145993019175946,29.671167823326403,"-0.26,0.24,-1.09,-13.49,8.30,25.09",hong_jean,near_miss,(near miss) HJ motion_data.csv
1173,2026-07-27T13:20:44.227,47.053019,0.7504,-0.62,0.15,-1.02,-48.95,-12.57,-7.45,1.2030378215168467,51.084341044981684,"-0.62,0.15,-1.02,-48.95,-12.57,-7.45",hong_jean,near_miss,(near miss) HJ motion_data.csv
1174,2026-07-27T13:20:44.227,47.053351,0.3312,-0.36,-0.31,-1.01,-71.84,-64.7,43.15,1.1161541112229978,105.87255593400964,"-0.36,-0.31,-1.01,-71.84,-64.70,43.15",hong_jean,near_miss,(near miss) HJ motion_data.csv
1175,2026-07-27T13:20:44.228,47.054105,0.7548,0.33,-0.47,-1.01,-49.5,-103.21,96.07,1.1618519699169942,149.43894739993317,"0.33,-0.47,-1.01,-49.50,-103.21,96.07",hong_jean,near_miss,(near miss) HJ motion_data.csv
1176,2026-07-27T13:20:44.405,47.231127,177.0218,0.51,-0.23,-0.89,-19.23,-80.14,29.3,1.0512373661547614,87.46829425569015,"0.51,-0.23,-0.89,-19.23,-80.14,29.30",hong_jean,near_miss,(near miss) HJ motion_data.csv
1177,2026-07-27T13:20:44.405,47.231705,0.5774,0.27,-0.07,-0.61,-25.7,-22.16,-47.12,0.6707458535093601,58.067632980861205,"0.27,-0.07,-0.61,-25.70,-22.16,-47.12",hong_jean,near_miss,(near miss) HJ motion_data.csv
1178,2026-07-27T13:20:44.406,47.232228,0.523,-0.09,0.13,-0.39,-46.2,30.09,-85.94,0.4208325082500163,102.10549299621445,"-0.09,0.13,-0.39,-46.20,30.09,-85.94",hong_jean,near_miss,(near miss) HJ motion_data.csv
1179,2026-07-27T13:20:44.406,47.232717,0.4898,-0.26,0.14,-0.55,-66.04,43.21,-94.42,0.6242595614005444,123.05901876741908,"-0.26,0.14,-0.55,-66.04,43.21,-94.42",hong_jean,near_miss,(near miss) HJ motion_data.csv
1180,2026-07-27T13:20:44.407,47.233367,0.6491,0.19,0.03,-1.2,-67.57,-6.35,-5.43,1.2153188881935473,68.08459664270619,"0.19,0.03,-1.20,-67.57,-6.35,-5.43",hong_jean,near_miss,(near miss) HJ motion_data.csv
1181,2026-07-27T13:20:44.465,47.291544,58.1773,0.74,0.1,-1.71,-17.03,-60.36,73.55,1.865931402812011,96.65895199100805,"0.74,0.10,-1.71,-17.03,-60.36,73.55",hong_jean,near_miss,(near miss) HJ motion_data.csv
1182,2026-07-27T13:20:44.885,47.711363,419.8192,0.77,0.23,-1.72,36.5,-50.42,57.74,1.898473070654414,84.9019081057664,"0.77,0.23,-1.72,36.50,-50.42,57.74",hong_jean,near_miss,(near miss) HJ motion_data.csv
1183,2026-07-27T13:20:44.886,47.712113,0.7496,0.53,0.3,-1.51,45.59,3.3,32.04,1.6281891781976687,55.82024453547297,"0.53,0.30,-1.51,45.59,3.30,32.04",hong_jean,near_miss,(near miss) HJ motion_data.csv
1184,2026-07-27T13:20:44.886,47.712168,0.055,0.32,0.27,-1.22,31.56,50.29,24.96,1.2898449519225168,64.40589491653695,"0.32,0.27,-1.22,31.56,50.29,24.96",hong_jean,near_miss,(near miss) HJ motion_data.csv
1185,2026-07-27T13:20:44.886,47.712658,0.4905,0.19,0.22,-0.91,10.01,72.63,49.07,0.9553009996854395,88.22234354175816,"0.19,0.22,-0.91,10.01,72.63,49.07",hong_jean,near_miss,(near miss) HJ motion_data.csv
1186,2026-07-27T13:20:44.887,47.713262,0.6033,0.08,0.17,-0.63,-11.84,81.18,91.49,0.6574191965557441,122.88530465438086,"0.08,0.17,-0.63,-11.84,81.18,91.49",hong_jean,near_miss,(near miss) HJ motion_data.csv
1187,2026-07-27T13:20:44.888,47.714049,0.7873,-0.03,0.14,-0.46,-21.0,86.18,106.08,0.4817675788178362,138.2785550980339,"-0.03,0.14,-0.46,-21.00,86.18,106.08",hong_jean,near_miss,(near miss) HJ motion_data.csv
1188,2026-07-27T13:20:44.889,47.714773,0.7246,-0.15,0.23,-0.49,-12.02,90.09,58.96,0.5616938667993447,108.337297824895,"-0.15,0.23,-0.49,-12.02,90.09,58.96",hong_jean,near_miss,(near miss) HJ motion_data.csv
1189,2026-07-27T13:20:44.890,47.716012,1.2386,-0.31,0.35,-0.6,-14.1,86.55,-56.7,0.7606576102294645,104.42510474019167,"-0.31,0.35,-0.60,-14.10,86.55,-56.70",hong_jean,near_miss,(near miss) HJ motion_data.csv
1190,2026-07-27T13:20:44.890,47.716472,0.46,-0.42,0.3,-0.72,-44.98,58.72,-182.25,0.885889383614004,196.68833544468262,"-0.42,0.30,-0.72,-44.98,58.72,-182.25",hong_jean,near_miss,(near miss) HJ motion_data.csv
1191,2026-07-27T13:20:44.891,47.717225,0.7533,-0.28,0.14,-1.16,-60.79,-25.7,-150.15,1.201499063670047,164.01504991920712,"-0.28,0.14,-1.16,-60.79,-25.70,-150.15",hong_jean,near_miss,(near miss) HJ motion_data.csv
1192,2026-07-27T13:20:44.892,47.718396,1.1704,0.18,-0.06,-1.95,-41.26,-159.73,155.7,1.9592090240706834,226.8447718154421,"0.18,-0.06,-1.95,-41.26,-159.73,155.70",hong_jean,near_miss,(near miss) HJ motion_data.csv
1193,2026-07-27T13:20:44.945,47.77125,52.854,0.54,-0.5,-2.18,-72.51,-230.9,535.03,2.300869400900451,587.2219435613761,"0.54,-0.50,-2.18,-72.51,-230.90,535.03",hong_jean,near_miss,(near miss) HJ motion_data.csv
1194,2026-07-27T13:20:45.125,47.95125,180.0002,0.41,-0.68,-1.7,-111.69,-163.64,528.2,1.876299549645525,564.1346875525384,"0.41,-0.68,-1.70,-111.69,-163.64,528.20",hong_jean,near_miss,(near miss) HJ motion_data.csv
1195,2026-07-27T13:20:45.126,47.951951,0.7008,0.18,-0.26,-1.18,-38.51,-54.75,96.86,1.221638244326036,117.7388729349827,"0.18,-0.26,-1.18,-38.51,-54.75,96.86",hong_jean,near_miss,(near miss) HJ motion_data.csv
1196,2026-07-27T13:20:45.127,47.952754,0.8037,0.22,0.2,-0.77,66.41,-2.5,-253.36,0.8254089895318563,261.93095979666094,"0.22,0.20,-0.77,66.41,-2.50,-253.36",hong_jean,near_miss,(near miss) HJ motion_data.csv
1197,2026-07-27T13:20:45.127,47.953357,0.6025,0.35,0.4,-0.52,89.84,5.74,-256.65,0.7435724578008521,271.98050610291904,"0.35,0.40,-0.52,89.84,5.74,-256.65",hong_jean,near_miss,(near miss) HJ motion_data.csv
1198,2026-07-27T13:20:45.185,48.010782,57.4249,0.32,0.35,-0.5,33.75,4.52,-75.74,0.6891298861608021,83.04240181979324,"0.32,0.35,-0.50,33.75,4.52,-75.74",hong_jean,near_miss,(near miss) HJ motion_data.csv
1199,2026-07-27T13:20:45.185,48.011428,0.6458,0.06,0.17,-0.67,-49.13,10.38,76.11,0.6938299503480663,91.18241826141704,"0.06,0.17,-0.67,-49.13,10.38,76.11",hong_jean,near_miss,(near miss) HJ motion_data.csv
1200,2026-07-27T13:20:45.365,48.190943,179.5158,-0.22,0.04,-0.83,-94.12,20.2,131.71,0.8595929269136642,163.13840289766233,"-0.22,0.04,-0.83,-94.12,20.20,131.71",hong_jean,near_miss,(near miss) HJ motion_data.csv
1201,2026-07-27T13:20:45.366,48.191784,0.841,-0.12,0.05,-0.91,-63.35,17.33,89.54,0.9192388155425119,111.0448693096624,"-0.12,0.05,-0.91,-63.35,17.33,89.54",hong_jean,near_miss,(near miss) HJ motion_data.csv
1202,2026-07-27T13:20:45.369,48.195185,3.4003,0.24,0.12,-1.08,-1.04,2.01,-1.1,1.1128342194594845,2.5162869470710207,"0.24,0.12,-1.08,-1.04,2.01,-1.10",hong_jean,near_miss,(near miss) HJ motion_data.csv
1203,2026-07-27T13:20:45.369,48.19564,0.4552,0.5,0.18,-1.19,30.4,-8.97,-28.44,1.3032651303552933,42.584674473336065,"0.50,0.18,-1.19,30.40,-8.97,-28.44",hong_jean,near_miss,(near miss) HJ motion_data.csv
1204,2026-07-27T13:20:45.370,48.196086,0.4458,0.58,0.2,-1.11,27.22,-11.35,15.87,1.268266533501535,33.490413553732054,"0.58,0.20,-1.11,27.22,-11.35,15.87",hong_jean,near_miss,(near miss) HJ motion_data.csv
1205,2026-07-27T13:20:45.485,48.311338,115.252,0.56,0.2,-1.0,20.39,-10.38,67.75,1.1634431657799191,71.50915326026453,"0.56,0.20,-1.00,20.39,-10.38,67.75",hong_jean,near_miss,(near miss) HJ motion_data.csv
1206,2026-07-27T13:20:45.486,48.31194,0.602,0.5,0.23,-1.0,28.5,-3.85,85.69,1.1414464507807627,90.38721480386482,"0.50,0.23,-1.00,28.50,-3.85,85.69",hong_jean,near_miss,(near miss) HJ motion_data.csv
1207,2026-07-27T13:20:45.486,48.312038,0.0983,0.42,0.29,-1.06,49.13,44.31,9.22,1.1764777940955793,66.79926197197092,"0.42,0.29,-1.06,49.13,44.31,9.22",hong_jean,near_miss,(near miss) HJ motion_data.csv
1208,2026-07-27T13:20:45.545,48.371638,59.5997,0.31,0.36,-1.07,27.71,68.18,-10.13,1.1707262703125783,74.28979337701782,"0.31,0.36,-1.07,27.71,68.18,-10.13",hong_jean,near_miss,(near miss) HJ motion_data.csv
1209,2026-07-27T13:20:45.605,48.430945,59.3071,0.16,0.39,-1.0,-11.17,71.29,28.63,1.0852188719332152,77.63188713408944,"0.16,0.39,-1.00,-11.17,71.29,28.63",hong_jean,near_miss,(near miss) HJ motion_data.csv
1210,2026-07-27T13:20:45.605,48.431724,0.7796,0.05,0.38,-0.91,-44.98,58.96,106.14,0.987420882906575,129.48042940923543,"0.05,0.38,-0.91,-44.98,58.96,106.14",hong_jean,near_miss,(near miss) HJ motion_data.csv
1211,2026-07-27T13:20:45.905,48.731044,299.3195,-0.03,0.32,-0.82,-56.46,51.57,140.38,0.8807383266328312,159.85537494873296,"-0.03,0.32,-0.82,-56.46,51.57,140.38",hong_jean,near_miss,(near miss) HJ motion_data.csv
1212,2026-07-27T13:20:45.905,48.731396,0.3516,-0.12,0.26,-0.81,-52.19,61.16,57.31,0.8591274643497321,98.73589924642404,"-0.12,0.26,-0.81,-52.19,61.16,57.31",hong_jean,near_miss,(near miss) HJ motion_data.csv
1213,2026-07-27T13:20:45.906,48.732161,0.7655,-0.29,0.25,-0.91,-71.29,62.99,-102.78,0.9872689603142601,140.04903641225098,"-0.29,0.25,-0.91,-71.29,62.99,-102.78",hong_jean,near_miss,(near miss) HJ motion_data.csv
1214,2026-07-27T13:20:45.907,48.732963,0.8025,-0.43,0.13,-1.0,-112.55,1.89,-121.15,1.0962663909835053,165.37350785419048,"-0.43,0.13,-1.00,-112.55,1.89,-121.15",hong_jean,near_miss,(near miss) HJ motion_data.csv
1215,2026-07-27T13:20:45.907,48.733654,0.6907,-0.26,-0.09,-1.03,-90.21,-131.53,107.85,1.0661144403862093,192.53469167918803,"-0.26,-0.09,-1.03,-90.21,-131.53,107.85",hong_jean,near_miss,(near miss) HJ motion_data.csv
1216,2026-07-27T13:20:45.908,48.73435,0.6958,0.57,-0.11,-1.88,-31.68,-239.81,336.3,1.9675873551128549,414.25855271798554,"0.57,-0.11,-1.88,-31.68,-239.81,336.30",hong_jean,near_miss,(near miss) HJ motion_data.csv
1217,2026-07-27T13:20:45.909,48.735019,0.6686,0.57,-0.11,-1.88,-33.33,-230.59,297.36,1.9675873551128549,377.76395619487045,"0.57,-0.11,-1.88,-33.33,-230.59,297.36",hong_jean,near_miss,(near miss) HJ motion_data.csv
1218,2026-07-27T13:20:45.965,48.791626,56.6072,0.61,-0.12,-1.39,-21.12,-132.87,12.76,1.522694979304785,135.141810332702,"0.61,-0.12,-1.39,-21.12,-132.87,12.76",hong_jean,near_miss,(near miss) HJ motion_data.csv
1219,2026-07-27T13:20:46.025,48.850811,59.1852,0.39,0.25,-0.89,26.49,-35.71,-221.74,1.0033444074693394,226.15382331501718,"0.39,0.25,-0.89,26.49,-35.71,-221.74",hong_jean,near_miss,(near miss) HJ motion_data.csv
1220,2026-07-27T13:20:46.025,48.851521,0.7101,0.29,0.35,-0.46,17.15,10.99,-188.54,0.6466838485689897,189.63711187423203,"0.29,0.35,-0.46,17.15,10.99,-188.54",hong_jean,near_miss,(near miss) HJ motion_data.csv
1221,2026-07-27T13:20:46.085,48.910845,59.3242,0.1,0.11,-0.32,-42.42,22.71,4.7,0.352845575287547,48.34553236856536,"0.10,0.11,-0.32,-42.42,22.71,4.70",hong_jean,near_miss,(near miss) HJ motion_data.csv
1222,2026-07-27T13:20:46.145,48.971121,60.2757,-0.2,-0.0,-0.42,-71.59,27.65,128.6,0.46518813398452025,149.75850760474344,"-0.20,-0.00,-0.42,-71.59,27.65,128.60",hong_jean,near_miss,(near miss) HJ motion_data.csv
1223,2026-07-27T13:20:46.146,48.972039,0.9179,-0.21,0.09,-0.5,-36.01,21.0,77.76,0.5497272050753901,88.22889379336,"-0.21,0.09,-0.50,-36.01,21.00,77.76",hong_jean,near_miss,(near miss) HJ motion_data.csv
1224,2026-07-27T13:20:46.385,49.211013,238.9738,0.09,0.19,-0.82,24.54,-6.04,-30.94,0.8465222974027323,39.949678346640034,"0.09,0.19,-0.82,24.54,-6.04,-30.94",hong_jean,near_miss,(near miss) HJ motion_data.csv
1225,2026-07-27T13:20:46.385,49.211694,0.6815,0.38,0.25,-1.43,71.84,-29.79,-45.59,1.5005998800479758,90.14919744512427,"0.38,0.25,-1.43,71.84,-29.79,-45.59",hong_jean,near_miss,(near miss) HJ motion_data.csv
1226,2026-07-27T13:20:46.445,49.270754,59.06,0.53,0.23,-1.58,63.96,-29.17,24.17,1.682319826905693,74.3367970792393,"0.53,0.23,-1.58,63.96,-29.17,24.17",hong_jean,near_miss,(near miss) HJ motion_data.csv
1227,2026-07-27T13:20:46.445,49.27119,0.4361,0.61,0.18,-1.31,22.58,-16.42,80.26,1.4562280041257276,84.97729343771782,"0.61,0.18,-1.31,22.58,-16.42,80.26",hong_jean,near_miss,(near miss) HJ motion_data.csv
1228,2026-07-27T13:20:46.445,49.271558,0.368,0.66,0.19,-1.25,16.42,2.32,97.23,1.426253834350674,98.63402911774415,"0.66,0.19,-1.25,16.42,2.32,97.23",hong_jean,near_miss,(near miss) HJ motion_data.csv
1229,2026-07-27T13:20:46.446,49.272463,0.9047,0.54,0.22,-1.22,35.03,41.02,86.79,1.3521834195108295,102.18730547382097,"0.54,0.22,-1.22,35.03,41.02,86.79",hong_jean,near_miss,(near miss) HJ motion_data.csv
1230,2026-07-27T13:20:46.447,49.273108,0.6448,0.28,0.24,-1.04,48.4,93.26,33.81,1.1034491379306977,110.37709771506043,"0.28,0.24,-1.04,48.40,93.26,33.81",hong_jean,near_miss,(near miss) HJ motion_data.csv
1231,2026-07-27T13:20:46.448,49.273867,0.7589,0.06,0.26,-0.82,47.85,124.45,-21.85,0.8623224454924039,135.1105010722705,"0.06,0.26,-0.82,47.85,124.45,-21.85",hong_jean,near_miss,(near miss) HJ motion_data.csv
1232,2026-07-27T13:20:46.565,49.390929,117.0624,-0.08,0.3,-0.66,31.25,118.29,-18.98,0.7293833011524188,123.81165938634375,"-0.08,0.30,-0.66,31.25,118.29,-18.98",hong_jean,near_miss,(near miss) HJ motion_data.csv
1233,2026-07-27T13:20:46.566,49.391771,0.8422,-0.25,0.4,-0.68,8.12,101.32,-16.36,0.8275868534480233,102.95303006711362,"-0.25,0.40,-0.68,8.12,101.32,-16.36",hong_jean,near_miss,(near miss) HJ motion_data.csv
1234,2026-07-27T13:20:46.566,49.39223,0.459,-0.5,0.43,-0.77,-31.62,93.99,-114.99,1.013804714922948,151.8441457547837,"-0.50,0.43,-0.77,-31.62,93.99,-114.99",hong_jean,near_miss,(near miss) HJ motion_data.csv
1235,2026-07-27T13:20:46.625,49.450868,58.6382,-0.61,0.19,-0.84,-102.6,67.14,-221.8,1.0553672346628922,253.43594772644232,"-0.61,0.19,-0.84,-102.60,67.14,-221.80",hong_jean,near_miss,(near miss) HJ motion_data.csv
1236,2026-07-27T13:20:46.745,49.570966,120.0974,-0.16,-0.1,-1.27,-123.78,-33.45,-138.1,1.2839392508993563,188.44628120501608,"-0.16,-0.10,-1.27,-123.78,-33.45,-138.1",hong_jean,near_miss,(near miss) HJ motion_data.csv
1237,2026-07-27T13:20:46.746,49.571596,0.6303,0.5,-0.07,-1.96,-39.86,-200.81,168.76,2.0239812252093645,265.3175706582585,"0.50,-0.07,-1.96,-39.86,-200.81,168.76",hong_jean,near_miss,(near miss) HJ motion_data.csv
1238,2026-07-27T13:20:46.746,49.572423,0.8267,0.86,-0.07,-2.08,12.27,-304.63,409.97,2.2518658929874134,510.9064402608368,"0.86,-0.07,-2.08,12.27,-304.63,409.97",hong_jean,near_miss,(near miss) HJ motion_data.csv
1239,2026-07-27T13:20:46.804,49.630602,58.179,0.91,-0.16,-1.6,-20.2,-242.13,243.47,1.8476200908195386,343.9660125651952,"0.91,-0.16,-1.60,-20.20,-242.13,243.47",hong_jean,near_miss,(near miss) HJ motion_data.csv
1240,2026-07-27T13:20:46.925,49.750862,120.2602,0.7,0.08,-1.01,-10.01,-89.48,-147.71,1.2314625451064274,172.98877015575317,"0.70,0.08,-1.01,-10.01,-89.48,-147.71",hong_jean,near_miss,(near miss) HJ motion_data.csv
1241,2026-07-27T13:20:46.925,49.751566,0.7037,0.46,0.35,-0.46,16.17,18.37,-303.59,0.7387151006985034,304.57480838046996,"0.46,0.35,-0.46,16.17,18.37,-303.59",hong_jean,near_miss,(near miss) HJ motion_data.csv
1242,2026-07-27T13:20:46.926,49.752141,0.5754,0.33,0.19,-0.27,-12.08,46.94,-164.92,0.4667976006793523,171.89501563454363,"0.33,0.19,-0.27,-12.08,46.94,-164.92",hong_jean,near_miss,(near miss) HJ motion_data.csv
1243,2026-07-27T13:20:46.926,49.752632,0.4903,0.2,-0.02,-0.44,-45.78,40.28,47.97,0.48373546489791297,77.58484194738041,"0.20,-0.02,-0.44,-45.78,40.28,47.97",hong_jean,near_miss,(near miss) HJ motion_data.csv
1244,2026-07-27T13:20:47.165,49.990989,238.3578,0.01,0.06,-0.59,-44.37,36.25,145.45,0.5931273050534767,156.3280585819449,"0.01,0.06,-0.59,-44.37,36.25,145.45",hong_jean,near_miss,(near miss) HJ motion_data.csv
1245,2026-07-27T13:20:47.226,50.051896,60.9069,-0.11,0.22,-0.69,0.73,39.73,65.73,0.7325298628724974,76.80780363999482,"-0.11,0.22,-0.69,0.73,39.73,65.73",hong_jean,near_miss,(near miss) HJ motion_data.csv
1246,2026-07-27T13:20:47.226,50.052471,0.5744,-0.08,0.31,-0.94,52.92,41.44,-72.08,0.9930256794262674,98.55620934268931,"-0.08,0.31,-0.94,52.92,41.44,-72.08",hong_jean,near_miss,(near miss) HJ motion_data.csv
1247,2026-07-27T13:20:47.227,50.05278,0.3098,0.02,0.34,-1.46,80.08,37.6,-141.05,1.4991997865528128,166.49825494581017,"0.02,0.34,-1.46,80.08,37.60,-141.05",hong_jean,near_miss,(near miss) HJ motion_data.csv
1248,2026-07-27T13:20:47.230,50.056287,3.5064,0.15,0.27,-1.56,54.99,17.88,-104.31,1.5902829936838287,119.26512734240467,"0.15,0.27,-1.56,54.99,17.88,-104.31",hong_jean,near_miss,(near miss) HJ motion_data.csv
1249,2026-07-27T13:20:47.231,50.057237,0.9499,0.37,0.17,-1.22,-0.73,-23.38,22.64,1.2861570666135609,32.553446822110864,"0.37,0.17,-1.22,-0.73,-23.38,22.64",hong_jean,near_miss,(near miss) HJ motion_data.csv
1250,2026-07-27T13:20:47.231,50.057723,0.4865,0.62,0.17,-1.15,-9.34,-63.72,180.42,1.3174976280813562,191.56944015160664,"0.62,0.17,-1.15,-9.34,-63.72,180.42",hong_jean,near_miss,(near miss) HJ motion_data.csv
1251,2026-07-27T13:20:47.285,50.110897,53.1742,0.69,0.18,-1.11,-6.96,-59.27,291.5,1.3193180056377614,297.54600400610326,"0.69,0.18,-1.11,-6.96,-59.27,291.50",hong_jean,near_miss,(near miss) HJ motion_data.csv
1252,2026-07-27T13:20:47.644,50.470622,359.7243,0.55,0.16,-0.9,-23.56,-5.8,284.48,1.0668176976409793,285.5128438441956,"0.55,0.16,-0.90,-23.56,-5.80,284.48",hong_jean,near_miss,(near miss) HJ motion_data.csv
1253,2026-07-27T13:20:47.645,50.471618,0.996,0.34,0.14,-0.78,-4.76,58.84,155.27,0.862322445492404,166.11314246621188,"0.34,0.14,-0.78,-4.76,58.84,155.27",hong_jean,near_miss,(near miss) HJ motion_data.csv
1254,2026-07-27T13:20:47.646,50.472366,0.7482,0.13,0.14,-0.79,40.34,109.19,4.82,0.8127730310486441,116.5032364357317,"0.13,0.14,-0.79,40.34,109.19,4.82",hong_jean,near_miss,(near miss) HJ motion_data.csv
1255,2026-07-27T13:20:47.705,50.530787,58.4211,-0.07,0.17,-0.83,66.28,132.69,-61.89,0.8501176389182853,160.71728780688156,"-0.07,0.17,-0.83,66.28,132.69,-61.89",hong_jean,near_miss,(near miss) HJ motion_data.csv
1256,2026-07-27T13:20:47.705,50.531587,0.8003,-0.29,0.29,-0.83,70.68,125.0,-78.55,0.9257969539807311,163.6788468312262,"-0.29,0.29,-0.83,70.68,125.00,-78.55",hong_jean,near_miss,(near miss) HJ motion_data.csv
1257,2026-07-27T13:20:47.706,50.53228,0.6927,-0.68,0.48,-0.83,56.27,97.9,-203.12,1.1754573577973808,232.39719727225628,"-0.68,0.48,-0.83,56.27,97.90,-203.12",hong_jean,near_miss,(near miss) HJ motion_data.csv
1258,2026-07-27T13:20:47.707,50.532896,0.6158,-0.79,0.41,-1.04,2.93,43.64,-377.44,1.3688681455859801,379.96577227429316,"-0.79,0.41,-1.04,2.93,43.64,-377.44",hong_jean,near_miss,(near miss) HJ motion_data.csv
1259,2026-07-27T13:20:47.707,50.533565,0.6692,-0.14,0.11,-1.55,-15.26,-78.8,-283.33,1.560192295840484,294.47953494258303,"-0.14,0.11,-1.55,-15.26,-78.80,-283.33",hong_jean,near_miss,(near miss) HJ motion_data.csv
1260,2026-07-27T13:20:47.708,50.534069,0.5044,0.78,-0.2,-2.09,5.43,-242.49,147.34,2.2397544508271436,283.7956317493277,"0.78,-0.20,-2.09,5.43,-242.49,147.34",hong_jean,near_miss,(near miss) HJ motion_data.csv
1261,2026-07-27T13:20:47.708,50.534705,0.6358,1.16,-0.62,-1.97,-56.03,-305.6,513.85,2.368733838995002,600.4769299481871,"1.16,-0.62,-1.97,-56.03,-305.60,513.85",hong_jean,near_miss,(near miss) HJ motion_data.csv
1262,2026-07-27T13:20:48.005,50.831108,296.4024,0.85,-0.5,-1.32,-80.81,-198.55,361.08,1.6476953601925326,419.9179979472183,"0.85,-0.50,-1.32,-80.81,-198.55,361.08",hong_jean,near_miss,(near miss) HJ motion_data.csv
1263,2026-07-27T13:20:48.005,50.831735,0.627,0.42,0.18,-0.75,12.15,-41.44,-94.6,0.8782368700982668,103.99065390697376,"0.42,0.18,-0.75,12.15,-41.44,-94.60",hong_jean,near_miss,(near miss) HJ motion_data.csv
1264,2026-07-27T13:20:48.064,50.890487,58.752,0.24,0.52,-0.44,62.01,41.87,-276.79,0.7222188034107115,286.72467821936783,"0.24,0.52,-0.44,62.01,41.87,-276.79",hong_jean,near_miss,(near miss) HJ motion_data.csv
1265,2026-07-27T13:20:48.065,50.890837,0.3507,0.2,0.41,-0.46,7.2,57.43,-125.06,0.6478425734698207,137.80438490846365,"0.20,0.41,-0.46,7.20,57.43,-125.06",hong_jean,near_miss,(near miss) HJ motion_data.csv
1266,2026-07-27T13:20:48.066,50.892005,1.1673,0.08,0.23,-0.62,-81.6,61.22,85.57,0.6661080993352355,133.14906421000487,"0.08,0.23,-0.62,-81.60,61.22,85.57",hong_jean,near_miss,(near miss) HJ motion_data.csv
1267,2026-07-27T13:20:48.066,50.892662,0.6575,-0.09,0.16,-0.75,-106.81,70.13,175.66,0.7721398836998384,217.21654771218513,"-0.09,0.16,-0.75,-106.81,70.13,175.66",hong_jean,near_miss,(near miss) HJ motion_data.csv
1268,2026-07-27T13:20:48.067,50.89325,0.5879,-0.19,0.17,-0.86,-49.32,69.34,106.51,0.8969949832635632,136.32636612189148,"-0.19,0.17,-0.86,-49.32,69.34,106.51",hong_jean,near_miss,(near miss) HJ motion_data.csv
1269,2026-07-27T13:20:48.068,50.8939,0.6496,-0.15,0.26,-1.31,30.64,51.21,-14.53,1.3439494038095334,61.41982253312037,"-0.15,0.26,-1.31,30.64,51.21,-14.53",hong_jean,near_miss,(near miss) HJ motion_data.csv
1270,2026-07-27T13:20:48.069,50.894803,0.9038,0.03,0.3,-1.6,55.36,14.95,-33.81,1.628158468945821,66.56837237006776,"0.03,0.30,-1.60,55.36,14.95,-33.81",hong_jean,near_miss,(near miss) HJ motion_data.csv
1271,2026-07-27T13:20:48.069,50.895325,0.5215,0.31,0.22,-1.22,1.28,-36.62,70.13,1.2778497564267874,79.125720849797,"0.31,0.22,-1.22,1.28,-36.62,70.13",hong_jean,near_miss,(near miss) HJ motion_data.csv
1272,2026-07-27T13:20:48.125,50.951051,55.7266,0.59,0.15,-0.97,-38.21,-88.99,187.68,1.1452074047961793,211.19423903127662,"0.59,0.15,-0.97,-38.21,-88.99,187.68",hong_jean,near_miss,(near miss) HJ motion_data.csv
1273,2026-07-27T13:20:48.304,51.130577,179.5255,0.77,0.14,-1.03,-23.8,-110.05,229.37,1.293599628942433,255.51524298953282,"0.77,0.14,-1.03,-23.80,-110.05,229.37",hong_jean,near_miss,(near miss) HJ motion_data.csv
1274,2026-07-27T13:20:48.305,51.131226,0.6486,0.77,0.12,-0.93,-18.19,-83.31,216.55,1.2133424908079333,232.73447252179898,"0.77,0.12,-0.93,-18.19,-83.31,216.55",hong_jean,near_miss,(near miss) HJ motion_data.csv
1275,2026-07-27T13:20:48.305,51.131442,0.2169,0.65,0.13,-0.74,-22.89,-38.76,190.43,0.9934787365615835,195.6779870092699,"0.65,0.13,-0.74,-22.89,-38.76,190.43",hong_jean,near_miss,(near miss) HJ motion_data.csv
1276,2026-07-27T13:20:48.306,51.132281,0.8383,0.46,0.18,-0.7,0.0,-2.81,157.35,0.8567379996241558,157.37508888003845,"0.46,0.18,-0.70,0.00,-2.81,157.35",hong_jean,near_miss,(near miss) HJ motion_data.csv
1277,2026-07-27T13:20:48.307,51.1331,0.8192,0.22,0.25,-0.78,38.27,29.3,106.32,0.8481155581640983,116.73485040895027,"0.22,0.25,-0.78,38.27,29.30,106.32",hong_jean,near_miss,(near miss) HJ motion_data.csv
1278,2026-07-27T13:20:48.365,51.19092,57.8199,0.03,0.32,-0.84,57.5,72.08,-61.65,0.8993886812718959,110.91663040319968,"0.03,0.32,-0.84,57.50,72.08,-61.65",hong_jean,near_miss,(near miss) HJ motion_data.csv
1279,2026-07-27T13:20:48.485,51.310892,119.9721,-0.11,0.41,-0.79,38.39,76.72,-180.24,0.896827742657418,199.61514997614785,"-0.11,0.41,-0.79,38.39,76.72,-180.24",hong_jean,near_miss,(near miss) HJ motion_data.csv
1280,2026-07-27T13:20:48.485,51.311376,0.4838,-0.32,0.54,-0.73,9.22,61.83,-277.83,0.9627564593395361,284.77616859561823,"-0.32,0.54,-0.73,9.22,61.83,-277.83",hong_jean,near_miss,(near miss) HJ motion_data.csv
1281,2026-07-27T13:20:48.485,51.311688,0.3118,-0.57,0.5,-0.72,-61.71,-6.96,-201.84,1.0456098698845568,211.17753502681103,"-0.57,0.50,-0.72,-61.71,-6.96,-201.84",hong_jean,near_miss,(near miss) HJ motion_data.csv
1282,2026-07-27T13:20:48.545,51.371524,59.8366,-0.53,0.2,-0.8,-133.18,-130.68,133.61,0.9802550688468794,229.49031983942157,"-0.53,0.20,-0.80,-133.18,-130.68,133.61",hong_jean,near_miss,(near miss) HJ motion_data.csv
1283,2026-07-27T13:20:48.546,51.371877,0.3528,-0.14,-0.07,-1.45,-167.24,-227.97,572.2,1.4584238067173754,638.241630184055,"-0.14,-0.07,-1.45,-167.24,-227.97,572.2",hong_jean,near_miss,(near miss) HJ motion_data.csv
1284,2026-07-27T13:20:48.785,51.610967,239.0898,0.17,-0.52,-2.34,-193.73,-210.21,739.32,2.403102161790047,792.6623615386314,"0.17,-0.52,-2.34,-193.73,-210.21,739.32",hong_jean,near_miss,(near miss) HJ motion_data.csv
1285,2026-07-27T13:20:48.785,51.611688,0.7215,-0.09,-0.91,-2.48,-88.81,-126.53,368.04,2.643217736017977,399.1872976435999,"-0.09,-0.91,-2.48,-88.81,-126.53,368.04",hong_jean,near_miss,(near miss) HJ motion_data.csv
1286,2026-07-27T13:20:48.786,51.612371,0.6823,-0.23,-0.41,-1.98,114.38,-73.61,-114.62,2.0350429970887594,177.8734406818511,"-0.23,-0.41,-1.98,114.38,-73.61,-114.62",hong_jean,near_miss,(near miss) HJ motion_data.csv
1287,2026-07-27T13:20:48.787,51.613114,0.7434,0.17,0.46,-1.44,165.04,-49.07,-212.16,1.5212166183683373,273.2360373376835,"0.17,0.46,-1.44,165.04,-49.07,-212.16",hong_jean,near_miss,(near miss) HJ motion_data.csv
1288,2026-07-27T13:20:48.788,51.613971,0.8574,0.15,0.36,-0.75,40.59,-34.42,-57.13,0.8453401682163223,78.07766261870293,"0.15,0.36,-0.75,40.59,-34.42,-57.13",hong_jean,near_miss,(near miss) HJ motion_data.csv
1289,2026-07-27T13:20:48.788,51.614474,0.5023,-0.09,-0.1,-0.61,-83.98,-33.45,98.57,0.6246599074696566,133.74448698918397,"-0.09,-0.10,-0.61,-83.98,-33.45,98.57",hong_jean,near_miss,(near miss) HJ motion_data.csv
1290,2026-07-27T13:20:48.846,51.67183,57.3564,-0.13,-0.02,-0.46,-79.35,-39.79,116.82,0.4784349485562275,146.71938863013298,"-0.13,-0.02,-0.46,-79.35,-39.79,116.82",hong_jean,near_miss,(near miss) HJ motion_data.csv
1291,2026-07-27T13:20:48.905,51.731322,59.4917,-0.0,0.32,-0.18,-22.89,-38.09,36.38,0.3671511950137164,57.430868006673904,"-0.00,0.32,-0.18,-22.89,-38.09,36.38",hong_jean,near_miss,(near miss) HJ motion_data.csv
1292,2026-07-27T13:20:48.906,51.73187,0.5478,0.18,0.39,0.06,-21.97,-26.55,10.38,0.4337049688440288,35.99066267797802,"0.18,0.39,0.06,-21.97,-26.55,10.38",hong_jean,near_miss,(near miss) HJ motion_data.csv
1293,2026-07-27T13:20:49.085,51.911359,179.4894,0.33,0.24,-0.54,-44.68,-37.54,77.7,0.6768308503607087,97.17429701315055,"0.33,0.24,-0.54,-44.68,-37.54,77.70",hong_jean,near_miss,(near miss) HJ motion_data.csv
1294,2026-07-27T13:20:49.086,51.911889,0.5302,0.39,-0.02,-1.71,-58.23,-74.89,152.71,1.754023945104513,179.77649762969574,"0.39,-0.02,-1.71,-58.23,-74.89,152.71",hong_jean,near_miss,(near miss) HJ motion_data.csv
1295,2026-07-27T13:20:49.086,51.912674,0.7847,0.62,0.05,-1.87,-22.71,-90.82,153.69,1.9707359031590206,179.9573077149133,"0.62,0.05,-1.87,-22.71,-90.82,153.69",hong_jean,near_miss,(near miss) HJ motion_data.csv
1296,2026-07-27T13:20:49.087,51.913255,0.5811,0.65,0.48,-1.5,76.78,-54.38,67.87,1.703789893149974,116.01159295518703,"0.65,0.48,-1.50,76.78,-54.38,67.87",hong_jean,near_miss,(near miss) HJ motion_data.csv
1297,2026-07-27T13:20:49.088,51.914046,0.7906,0.17,0.57,-1.29,92.04,10.44,6.59,1.4205280708243677,92.86432738140088,"0.17,0.57,-1.29,92.04,10.44,6.59",hong_jean,near_miss,(near miss) HJ motion_data.csv
1298,2026-07-27T13:20:49.265,52.091199,177.153,-0.12,0.34,-0.9,19.17,41.44,55.48,0.9695359714832659,71.85257754597255,"-0.12,0.34,-0.90,19.17,41.44,55.48",hong_jean,near_miss,(near miss) HJ motion_data.csv
1299,2026-07-27T13:20:49.266,52.091896,0.697,-0.15,0.32,-0.55,8.85,28.75,105.47,0.6537583651472462,109.67591303472244,"-0.15,0.32,-0.55,8.85,28.75,105.47",hong_jean,near_miss,(near miss) HJ motion_data.csv
1300,2026-07-27T13:20:49.266,52.092481,0.5853,-0.25,0.43,-0.33,29.97,8.54,105.65,0.5969087032369356,110.15014752600199,"-0.25,0.43,-0.33,29.97,8.54,105.65",hong_jean,near_miss,(near miss) HJ motion_data.csv
1301,2026-07-27T13:20:49.267,52.092964,0.4827,-0.27,0.38,-0.3,24.17,-5.62,128.11,0.5543464620614079,130.4911698161987,"-0.27,0.38,-0.30,24.17,-5.62,128.11",hong_jean,near_miss,(near miss) HJ motion_data.csv
1302,2026-07-27T13:20:49.446,52.271976,179.0124,-0.03,0.19,-0.93,31.31,-20.87,184.08,0.9496841580230767,187.88645347656123,"-0.03,0.19,-0.93,31.31,-20.87,184.08",hong_jean,near_miss,(near miss) HJ motion_data.csv
1303,2026-07-27T13:20:49.447,52.273066,1.0903,0.46,-0.31,-2.48,58.53,-62.74,272.22,2.541279205439654,285.4221380692115,"0.46,-0.31,-2.48,58.53,-62.74,272.22",hong_jean,near_miss,(near miss) HJ motion_data.csv
1304,2026-07-27T13:20:49.448,52.273764,0.6982,0.59,-0.38,-3.55,124.69,-72.33,292.48,3.6187014245444455,326.07326692018165,"0.59,-0.38,-3.55,124.69,-72.33,292.48",hong_jean,near_miss,(near miss) HJ motion_data.csv
1305,2026-07-27T13:20:49.448,52.274479,0.7148,0.17,0.19,-2.87,172.91,6.23,177.98,2.8813017891224098,248.22079163518916,"0.17,0.19,-2.87,172.91,6.23,177.98",hong_jean,near_miss,(near miss) HJ motion_data.csv
1306,2026-07-27T13:20:49.449,52.275151,0.6714,-0.21,0.6,-1.26,117.68,96.92,23.99,1.4112760183606892,154.32948162940224,"-0.21,0.60,-1.26,117.68,96.92,23.99",hong_jean,near_miss,(near miss) HJ motion_data.csv
1307,2026-07-27T13:20:49.505,52.331082,55.9316,-0.27,0.42,0.01,15.08,131.1,-106.69,0.49939963956735084,169.6978859620826,"-0.27,0.42,0.01,15.08,131.10,-106.69",hong_jean,near_miss,(near miss) HJ motion_data.csv
1308,2026-07-27T13:20:49.625,52.451624,120.5416,-0.12,-0.23,0.53,-41.69,146.12,-40.77,0.5900847396772773,157.32546964811516,"-0.12,-0.23,0.53,-41.69,146.12,-40.77",hong_jean,near_miss,(near miss) HJ motion_data.csv
1309,2026-07-27T13:20:49.626,52.452246,0.6217,-0.05,-0.58,0.5,-95.21,217.04,183.72,0.7673982017179868,299.8738803230451,"-0.05,-0.58,0.50,-95.21,217.04,183.72",hong_jean,near_miss,(near miss) HJ motion_data.csv
1310,2026-07-27T13:20:49.627,52.452824,0.5784,-0.09,-0.35,0.24,-158.57,270.45,181.4,0.4338202392696772,362.20658111083515,"-0.09,-0.35,0.24,-158.57,270.45,181.40",hong_jean,near_miss,(near miss) HJ motion_data.csv
1311,2026-07-27T13:20:49.805,52.630907,178.0835,-0.09,-0.08,0.11,-125.24,224.0,14.47,0.16309506430300091,257.0417057599797,"-0.09,-0.08,0.11,-125.24,224.00,14.47",hong_jean,near_miss,(near miss) HJ motion_data.csv
1312,2026-07-27T13:20:49.805,52.631442,0.5345,-0.07,-0.13,0.13,3.48,165.59,-24.72,0.19672315572906005,167.46115042003026,"-0.07,-0.13,0.13,3.48,165.59,-24.72",hong_jean,near_miss,(near miss) HJ motion_data.csv
1313,2026-07-27T13:20:49.806,52.632086,0.6439,-0.07,-0.12,0.13,87.95,173.46,-35.34,0.1902629759044045,197.66762430909117,"-0.07,-0.12,0.13,87.95,173.46,-35.34",hong_jean,near_miss,(near miss) HJ motion_data.csv
1314,2026-07-27T13:20:49.807,52.632762,0.6757,-0.06,0.09,0.12,41.69,194.21,-84.66,0.16155494421403513,215.92335630959428,"-0.06,0.09,0.12,41.69,194.21,-84.66",hong_jean,near_miss,(near miss) HJ motion_data.csv
1315,2026-07-27T13:20:49.807,52.633542,0.7801,-0.04,0.3,0.12,-17.58,148.19,-61.28,0.3255764119219941,161.32132810016162,"-0.04,0.30,0.12,-17.58,148.19,-61.28",hong_jean,near_miss,(near miss) HJ motion_data.csv
1316,2026-07-27T13:20:49.865,52.690841,57.2991,0.01,0.38,0.04,-1.16,49.26,12.02,0.3822302970723278,50.718572535117744,"0.01,0.38,0.04,-1.16,49.26,12.02",hong_jean,near_miss,(near miss) HJ motion_data.csv
1317,2026-07-27T13:20:49.984,52.810671,119.8305,0.03,0.36,-0.12,51.27,-26.67,36.07,0.38065732621348564,68.12449412656214,"0.03,0.36,-0.12,51.27,-26.67,36.07",hong_jean,near_miss,(near miss) HJ motion_data.csv
1318,2026-07-27T13:20:49.985,52.811682,1.0107,0.39,0.02,-0.77,153.56,-51.09,-2.38,0.8633655077659751,161.8534092937186,"0.39,0.02,-0.77,153.56,-51.09,-2.38",hong_jean,near_miss,(near miss) HJ motion_data.csv
1319,2026-07-27T13:20:49.986,52.812221,0.5391,1.91,-1.37,-1.19,409.97,-63.23,6.23,2.6345967433366346,414.864130408981,"1.91,-1.37,-1.19,409.97,-63.23,6.23",hong_jean,near_miss,(near miss) HJ motion_data.csv
1320,2026-07-27T13:20:50.346,53.172092,359.8707,3.21,-2.81,-0.01,237.37,-57.62,54.87,4.266180961937738,250.35035090848186,"3.21,-2.81,-0.01,237.37,-57.62,54.87",hong_jean,near_miss,(near miss) HJ motion_data.csv
1321,2026-07-27T13:20:50.347,53.173609,1.5174,2.38,-2.57,0.9,-228.88,30.58,22.4,3.616531487489083,231.99773878208384,"2.38,-2.57,0.90,-228.88,30.58,22.40",hong_jean,near_miss,(near miss) HJ motion_data.csv
1322,2026-07-27T13:20:50.348,53.174505,0.8962,0.83,-1.27,0.19,-236.08,133.91,-1.53,1.5290192935342575,271.41848757960463,"0.83,-1.27,0.19,-236.08,133.91,-1.53",hong_jean,near_miss,(near miss) HJ motion_data.csv
1323,2026-07-27T13:20:50.349,53.174945,0.4398,0.15,-0.14,-0.51,2.08,143.86,47.73,0.5497272050753901,151.5855497730572,"0.15,-0.14,-0.51,2.08,143.86,47.73",hong_jean,near_miss,(near miss) HJ motion_data.csv
1324,2026-07-27T13:20:50.349,53.175642,0.6969,-0.0,0.34,-0.49,124.15,103.39,76.48,0.5964059020499378,178.75095803939067,"-0.00,0.34,-0.49,124.15,103.39,76.48",hong_jean,near_miss,(near miss) HJ motion_data.csv
1325,2026-07-27T13:20:50.350,53.176321,0.6786,-0.02,0.34,-0.21,50.05,74.71,50.9,0.4001249804748512,103.33148890827034,"-0.02,0.34,-0.21,50.05,74.71,50.90",hong_jean,near_miss,(near miss) HJ motion_data.csv
1326,2026-07-27T13:20:50.351,53.177158,0.8372,0.12,0.22,-0.16,-31.92,67.44,25.57,0.2973213749463701,78.87245970552713,"0.12,0.22,-0.16,-31.92,67.44,25.57",hong_jean,near_miss,(near miss) HJ motion_data.csv
1327,2026-07-27T13:20:50.464,53.290499,113.3411,0.58,0.03,-0.41,-14.4,47.0,46.94,0.7109149034870489,67.96854860889704,"0.58,0.03,-0.41,-14.40,47.00,46.94",hong_jean,near_miss,(near miss) HJ motion_data.csv
1328,2026-07-27T13:20:50.465,53.291665,1.1665,1.35,-0.42,-0.72,48.4,-39.18,65.31,1.5866001386612822,90.2387305983412,"1.35,-0.42,-0.72,48.40,-39.18,65.31",hong_jean,near_miss,(near miss) HJ motion_data.csv
1329,2026-07-27T13:20:50.466,53.291776,0.1105,1.76,-0.89,-0.51,-10.62,-137.63,31.86,2.037105790085532,141.66813650217892,"1.76,-0.89,-0.51,-10.62,-137.63,31.86",hong_jean,near_miss,(near miss) HJ motion_data.csv
1330,2026-07-27T13:20:50.466,53.292431,0.655,1.36,-1.14,0.12,-186.4,-107.24,7.93,1.7786511743453242,215.1935466039816,"1.36,-1.14,0.12,-186.40,-107.24,7.93",hong_jean,near_miss,(near miss) HJ motion_data.csv
1331,2026-07-27T13:20:50.467,53.293255,0.8244,0.8,-1.06,0.17,-194.34,-14.89,18.37,1.3388427838995884,195.77335007605095,"0.80,-1.06,0.17,-194.34,-14.89,18.37",hong_jean,near_miss,(near miss) HJ motion_data.csv
1332,2026-07-27T13:20:50.585,53.41166,118.4047,0.59,-0.68,-0.28,-1.4,1.34,-0.37,0.9428149341201592,1.972941965694886,"0.59,-0.68,-0.28,-1.40,1.34,-0.37",hong_jean,near_miss,(near miss) HJ motion_data.csv
1333,2026-07-27T13:20:50.586,53.412513,0.8531,0.6,-0.33,-0.45,133.36,-15.38,-31.43,0.8193900170248598,137.8741415204461,"0.60,-0.33,-0.45,133.36,-15.38,-31.43",hong_jean,near_miss,(near miss) HJ motion_data.csv
1334,2026-07-27T13:20:50.645,53.470905,58.3916,0.71,-0.17,-0.36,127.69,-17.76,-26.61,0.814002456998749,131.63679500808274,"0.71,-0.17,-0.36,127.69,-17.76,-26.61",hong_jean,near_miss,(near miss) HJ motion_data.csv
1335,2026-07-27T13:20:50.646,53.472626,1.7211,0.89,-0.23,-0.32,64.27,-0.79,3.91,0.973344748791506,64.39367282582971,"0.89,-0.23,-0.32,64.27,-0.79,3.91",hong_jean,near_miss,(near miss) HJ motion_data.csv
1336,2026-07-27T13:20:50.705,53.531146,58.5197,0.99,-0.4,-0.39,7.81,14.77,16.91,1.1367497525840944,23.77177107411225,"0.99,-0.40,-0.39,7.81,14.77,16.91",hong_jean,near_miss,(near miss) HJ motion_data.csv
1337,2026-07-27T13:20:50.705,53.531518,0.3723,1.0,-0.52,-0.42,-37.9,11.6,-0.79,1.2028299963003914,39.64333613610237,"1.00,-0.52,-0.42,-37.90,11.60,-0.79",hong_jean,near_miss,(near miss) HJ motion_data.csv
1338,2026-07-27T13:20:50.765,53.591221,59.7027,0.97,-0.51,-0.26,-84.59,8.3,-17.52,1.1263214461245068,86.78311183634752,"0.97,-0.51,-0.26,-84.59,8.30,-17.52",hong_jean,near_miss,(near miss) HJ motion_data.csv
1339,2026-07-27T13:20:50.885,53.710925,119.7049,0.91,-0.5,-0.05,-97.96,21.42,-21.24,1.0395191195932858,102.49934438814718,"0.91,-0.50,-0.05,-97.96,21.42,-21.24",hong_jean,near_miss,(near miss) HJ motion_data.csv
1340,2026-07-27T13:20:50.885,53.711655,0.7295,0.8,-0.52,-0.06,-48.95,28.99,-27.16,0.9560334722173697,63.04116274308399,"0.80,-0.52,-0.06,-48.95,28.99,-27.16",hong_jean,near_miss,(near miss) HJ motion_data.csv
1341,2026-07-27T13:20:50.886,53.711893,0.2383,0.74,-0.45,-0.18,19.65,12.94,-37.84,0.8845903006477066,44.55818331126169,"0.74,-0.45,-0.18,19.65,12.94,-37.84",hong_jean,near_miss,(near miss) HJ motion_data.csv
1342,2026-07-27T13:20:50.945,53.771544,59.6512,0.79,-0.3,-0.21,55.42,-5.68,-32.23,0.8707468059085833,64.36157005542981,"0.79,-0.30,-0.21,55.42,-5.68,-32.23",hong_jean,near_miss,(near miss) HJ motion_data.csv
1343,2026-07-27T13:20:50.946,53.772176,0.632,0.89,-0.17,-0.21,53.04,-11.35,-6.59,0.9301075206662938,54.63965775881104,"0.89,-0.17,-0.21,53.04,-11.35,-6.59",hong_jean,near_miss,(near miss) HJ motion_data.csv
1344,2026-07-27T13:20:51.005,53.831365,59.1883,1.01,-0.18,-0.25,36.32,2.81,21.85,1.0559356040971437,42.478947727080055,"1.01,-0.18,-0.25,36.32,2.81,21.85",hong_jean,near_miss,(near miss) HJ motion_data.csv
1345,2026-07-27T13:20:51.065,53.891286,59.9215,1.13,-0.25,-0.34,25.57,29.85,37.66,1.2062338081814816,54.43457540938479,"1.13,-0.25,-0.34,25.57,29.85,37.66",hong_jean,near_miss,(near miss) HJ motion_data.csv
1346,2026-07-27T13:20:51.065,53.891695,0.4083,1.23,-0.29,-0.43,15.14,52.73,31.25,1.3348782716038192,63.136637541129794,"1.23,-0.29,-0.43,15.14,52.73,31.25",hong_jean,near_miss,(near miss) HJ motion_data.csv
1347,2026-07-27T13:20:51.185,54.010748,119.0537,1.24,-0.37,-0.49,-22.34,70.74,10.13,1.3836907168872674,74.87215837679584,"1.24,-0.37,-0.49,-22.34,70.74,10.13",hong_jean,near_miss,(near miss) HJ motion_data.csv
1348,2026-07-27T13:20:51.185,54.011166,0.4173,1.05,-0.5,-0.48,-50.48,70.86,-22.34,1.258133538222394,89.82452671737268,"1.05,-0.50,-0.48,-50.48,70.86,-22.34",hong_jean,near_miss,(near miss) HJ motion_data.csv
1349,2026-07-27T13:20:51.185,54.01154,0.3747,0.73,-0.54,-0.42,-8.67,36.87,-66.89,1.0004498987955368,76.86896577943533,"0.73,-0.54,-0.42,-8.67,36.87,-66.89",hong_jean,near_miss,(near miss) HJ motion_data.csv
1350,2026-07-27T13:20:51.425,54.251608,240.0673,0.41,-0.52,-0.42,71.66,-9.16,-100.71,0.7841555968046138,123.94178189779264,"0.41,-0.52,-0.42,71.66,-9.16,-100.71",hong_jean,near_miss,(near miss) HJ motion_data.csv
1351,2026-07-27T13:20:51.426,54.252043,0.4352,0.16,-0.48,-0.44,114.75,-47.49,-98.63,0.6705221845696084,158.58984677462803,"0.16,-0.48,-0.44,114.75,-47.49,-98.63",hong_jean,near_miss,(near miss) HJ motion_data.csv
1352,2026-07-27T13:20:51.427,54.252971,0.9286,0.12,-0.46,-0.36,-69.58,-56.27,36.68,0.596322060635023,96.71148690822616,"0.12,-0.46,-0.36,-69.58,-56.27,36.68",hong_jean,near_miss,(near miss) HJ motion_data.csv
1353,2026-07-27T13:20:51.427,54.253478,0.5066,0.4,-0.48,-0.29,-145.26,-9.58,141.85,0.688839603971781,203.25763577292733,"0.40,-0.48,-0.29,-145.26,-9.58,141.85",hong_jean,near_miss,(near miss) HJ motion_data.csv
1354,2026-07-27T13:20:51.428,54.254072,0.5944,1.11,-0.67,-0.39,-75.81,-13.67,199.34,1.353920233987217,213.70648235371806,"1.11,-0.67,-0.39,-75.81,-13.67,199.34",hong_jean,near_miss,(near miss) HJ motion_data.csv
1355,2026-07-27T13:20:51.428,54.254439,0.3663,1.89,-0.85,-0.54,59.63,-76.66,147.64,2.1415415008820164,176.72029340174828,"1.89,-0.85,-0.54,59.63,-76.66,147.64",hong_jean,near_miss,(near miss) HJ motion_data.csv
1356,2026-07-27T13:20:51.547,54.372777,118.3388,2.05,-0.57,-0.51,109.31,-108.64,1.83,2.1880356487041066,154.1255157331193,"2.05,-0.57,-0.51,109.31,-108.64,1.83",hong_jean,near_miss,(near miss) HJ motion_data.csv
1357,2026-07-27T13:20:51.547,54.373665,0.8875,1.64,-0.05,-0.3,91.06,-95.83,-120.42,1.6679628293220443,178.81915137926362,"1.64,-0.05,-0.30,91.06,-95.83,-120.42",hong_jean,near_miss,(near miss) HJ motion_data.csv
1358,2026-07-27T13:20:51.548,54.374331,0.666,1.06,0.11,-0.03,88.2,-75.81,-127.56,1.0661144403862093,172.6208263796695,"1.06,0.11,-0.03,88.20,-75.81,-127.56",hong_jean,near_miss,(near miss) HJ motion_data.csv
1359,2026-07-27T13:20:51.666,54.491755,117.4243,0.6,-0.09,0.18,85.02,-42.79,-69.58,0.6328506932918696,117.90148811613872,"0.60,-0.09,0.18,85.02,-42.79,-69.58",hong_jean,near_miss,(near miss) HJ motion_data.csv
1360,2026-07-27T13:20:51.666,54.492248,0.4928,0.44,-0.27,0.15,72.63,-17.52,-34.48,0.5375872022286245,82.28570775049576,"0.44,-0.27,0.15,72.63,-17.52,-34.48",hong_jean,near_miss,(near miss) HJ motion_data.csv
1361,2026-07-27T13:20:51.667,54.492941,0.6931,0.5,-0.28,-0.15,72.45,-18.98,-24.11,0.5923681287847955,78.67995297405814,"0.50,-0.28,-0.15,72.45,-18.98,-24.11",hong_jean,near_miss,(near miss) HJ motion_data.csv
1362,2026-07-27T13:20:51.725,54.551651,58.7094,0.62,-0.18,-0.51,57.8,-30.58,-8.12,0.8227393268830657,65.8931771885375,"0.62,-0.18,-0.51,57.80,-30.58,-8.12",hong_jean,near_miss,(near miss) HJ motion_data.csv
1363,2026-07-27T13:20:52.158,54.984128,432.4774,0.88,-0.19,-0.26,-18.92,-19.96,11.84,0.9370699013414101,29.942504905234635,"0.88,-0.19,-0.26,-18.92,-19.96,11.84",hong_jean,near_miss,(near miss) HJ motion_data.csv
1364,2026-07-27T13:20:52.159,54.984797,0.6691,1.26,-0.32,-0.05,-76.48,12.51,16.11,1.3009611831257688,79.15315912836328,"1.26,-0.32,-0.05,-76.48,12.51,16.11",hong_jean,near_miss,(near miss) HJ motion_data.csv
1365,2026-07-27T13:20:52.205,55.030915,46.1183,1.28,-0.32,-0.09,-47.3,34.67,8.0,1.3224598292575847,59.188672058088954,"1.28,-0.32,-0.09,-47.30,34.67,8.00",hong_jean,near_miss,(near miss) HJ motion_data.csv
1366,2026-07-27T13:20:52.206,55.031803,0.888,1.12,-0.27,-0.25,6.96,53.16,12.39,1.1788977903109328,55.026714421269965,"1.12,-0.27,-0.25,6.96,53.16,12.39",hong_jean,near_miss,(near miss) HJ motion_data.csv
1367,2026-07-27T13:20:52.207,55.033019,1.2161,1.15,-0.33,-0.43,43.7,76.72,16.54,1.271337877985235,89.82883724060999,"1.15,-0.33,-0.43,43.70,76.72,16.54",hong_jean,near_miss,(near miss) HJ motion_data.csv
1368,2026-07-27T13:20:52.208,55.034065,1.0453,1.16,-0.37,-0.57,46.69,89.78,0.98,1.3443957750603057,101.19962895188895,"1.16,-0.37,-0.57,46.69,89.78,0.98",hong_jean,near_miss,(near miss) HJ motion_data.csv
1369,2026-07-27T13:20:52.209,55.034883,0.8179,0.99,-0.3,-0.57,14.22,80.14,-24.17,1.1811011811017718,84.9047519282637,"0.99,-0.30,-0.57,14.22,80.14,-24.17",hong_jean,near_miss,(near miss) HJ motion_data.csv
1370,2026-07-27T13:20:52.209,55.035219,0.3366,0.78,-0.24,-0.44,-24.23,53.47,-44.13,0.9271461589199408,73.44106957282145,"0.78,-0.24,-0.44,-24.23,53.47,-44.13",hong_jean,near_miss,(near miss) HJ motion_data.csv
1371,2026-07-27T13:20:52.209,55.035593,0.3734,0.61,-0.27,-0.31,-37.9,33.75,-51.7,0.7355949972641196,72.44558302615833,"0.61,-0.27,-0.31,-37.90,33.75,-51.70",hong_jean,near_miss,(near miss) HJ motion_data.csv
1372,2026-07-27T13:20:52.210,55.03598,0.3878,0.45,-0.32,-0.26,-15.08,16.78,-50.48,0.6103277807866851,55.291999421254424,"0.45,-0.32,-0.26,-15.08,16.78,-50.48",hong_jean,near_miss,(near miss) HJ motion_data.csv
1373,2026-07-27T13:20:52.211,55.036777,0.797,0.34,-0.39,-0.27,35.83,-19.96,-42.97,0.583609458456595,59.402116123922724,"0.34,-0.39,-0.27,35.83,-19.96,-42.97",hong_jean,near_miss,(near miss) HJ motion_data.csv
1374,2026-07-27T13:20:52.211,55.037088,0.3102,0.43,-0.47,-0.32,88.44,-72.81,-34.06,0.7128814768248646,119.5115613654177,"0.43,-0.47,-0.32,88.44,-72.81,-34.06",hong_jean,near_miss,(near miss) HJ motion_data.csv
1375,2026-07-27T13:20:52.212,55.038397,1.3096,0.91,-0.61,-0.43,105.65,-108.95,-7.81,1.1769027147559818,151.96388090595738,"0.91,-0.61,-0.43,105.65,-108.95,-7.81",hong_jean,near_miss,(near miss) HJ motion_data.csv
1376,2026-07-27T13:20:52.385,55.211021,172.624,1.57,-0.75,-0.55,42.66,-87.89,73.91,1.824801359052541,122.50394197739108,"1.57,-0.75,-0.55,42.66,-87.89,73.91",hong_jean,near_miss,(near miss) HJ motion_data.csv
1377,2026-07-27T13:20:52.386,55.211766,0.7446,1.86,-0.77,-0.28,-81.42,-54.99,159.91,2.032461561752153,187.68144447440721,"1.86,-0.77,-0.28,-81.42,-54.99,159.91",hong_jean,near_miss,(near miss) HJ motion_data.csv
1378,2026-07-27T13:20:52.386,55.212648,0.8817,1.68,-0.56,0.16,-48.89,-81.79,133.91,1.7780888616714294,164.3524392882564,"1.68,-0.56,0.16,-48.89,-81.79,133.91",hong_jean,near_miss,(near miss) HJ motion_data.csv
1379,2026-07-27T13:20:52.387,55.213675,1.0272,1.16,-0.16,0.11,152.83,-127.69,8.67,1.1761377470347596,199.3411997054297,"1.16,-0.16,0.11,152.83,-127.69,8.67",hong_jean,near_miss,(near miss) HJ motion_data.csv
1380,2026-07-27T13:20:52.505,55.331237,117.5619,0.65,0.12,-0.2,225.59,-125.06,-77.88,0.690579466824782,269.4367200290265,"0.65,0.12,-0.20,225.59,-125.06,-77.88",hong_jean,near_miss,(near miss) HJ motion_data.csv
1381,2026-07-27T13:20:52.506,55.331876,0.6389,0.44,0.16,-0.29,99.98,-73.73,-79.53,0.5507267925205745,147.50299725768286,"0.44,0.16,-0.29,99.98,-73.73,-79.53",hong_jean,near_miss,(near miss) HJ motion_data.csv
1382,2026-07-27T13:20:52.507,55.333489,1.6139,0.45,-0.04,-0.27,-60.61,-20.14,-53.28,0.5263078946776307,83.17421535548141,"0.45,-0.04,-0.27,-60.61,-20.14,-53.28",hong_jean,near_miss,(near miss) HJ motion_data.csv
1383,2026-07-27T13:20:52.625,55.451138,117.6489,0.47,-0.32,-0.3,-143.43,8.24,-17.82,0.6428841264178172,144.7674511069391,"0.47,-0.32,-0.30,-143.43,8.24,-17.82",hong_jean,near_miss,(near miss) HJ motion_data.csv
1384,2026-07-27T13:20:52.626,55.452023,0.8842,0.61,-0.59,-0.41,-126.04,6.53,25.57,0.9424966843443005,128.7732402325887,"0.61,-0.59,-0.41,-126.04,6.53,25.57",hong_jean,near_miss,(near miss) HJ motion_data.csv
1385,2026-07-27T13:20:52.626,55.452579,0.556,1.04,-0.73,-0.46,-67.99,5.55,45.84,1.351332675546625,82.18727517079515,"1.04,-0.73,-0.46,-67.99,5.55,45.84",hong_jean,near_miss,(near miss) HJ motion_data.csv
1386,2026-07-27T13:20:52.685,55.511088,58.5091,1.33,-0.63,-0.35,-33.63,33.45,37.05,1.5127127949482018,60.18788831650434,"1.33,-0.63,-0.35,-33.63,33.45,37.05",hong_jean,near_miss,(near miss) HJ motion_data.csv
1387,2026-07-27T13:20:52.745,55.571669,60.5813,1.31,-0.42,-0.28,14.77,51.94,15.93,1.4038874598770372,56.29992362339402,"1.31,-0.42,-0.28,14.77,51.94,15.93",hong_jean,near_miss,(near miss) HJ motion_data.csv
1388,2026-07-27T13:20:52.753,55.579487,7.8183,1.23,-0.3,-0.35,66.77,55.79,-2.62,1.3135448222272432,87.04953417451469,"1.23,-0.30,-0.35,66.77,55.79,-2.62",hong_jean,near_miss,(near miss) HJ motion_data.csv
1389,2026-07-27T13:20:52.990,55.816313,236.8262,1.09,-0.23,-0.42,60.55,67.75,-9.83,1.1905460931858118,91.39471483625297,"1.09,-0.23,-0.42,60.55,67.75,-9.83",hong_jean,near_miss,(near miss) HJ motion_data.csv
1390,2026-07-27T13:20:52.992,55.817754,1.4404,0.83,-0.12,-0.44,-1.1,81.85,-14.34,0.9470480452437458,83.10395959278955,"0.83,-0.12,-0.44,-1.10,81.85,-14.34",hong_jean,near_miss,(near miss) HJ motion_data.csv
1391,2026-07-27T13:20:52.994,55.820184,2.4306,0.61,-0.1,-0.4,-76.17,92.9,-14.89,0.7362744053679987,121.05366991545527,"0.61,-0.10,-0.40,-76.17,92.90,-14.89",hong_jean,near_miss,(near miss) HJ motion_data.csv
1392,2026-07-27T13:20:52.994,55.820648,0.4636,0.48,-0.22,-0.34,-109.62,85.27,-16.42,0.6280127387243033,139.84682227351468,"0.48,-0.22,-0.34,-109.62,85.27,-16.42",hong_jean,near_miss,(near miss) HJ motion_data.csv
1393,2026-07-27T13:20:52.995,55.821086,0.4375,0.42,-0.39,-0.31,-62.13,44.74,-33.57,0.6516133823057965,83.59874042113314,"0.42,-0.39,-0.31,-62.13,44.74,-33.57",hong_jean,near_miss,(near miss) HJ motion_data.csv
1394,2026-07-27T13:20:52.995,55.821495,0.4095,0.43,-0.55,-0.45,48.34,-14.16,-61.71,0.8306021911842034,79.65792678698084,"0.43,-0.55,-0.45,48.34,-14.16,-61.71",hong_jean,near_miss,(near miss) HJ motion_data.csv
1395,2026-07-27T13:20:53.109,55.935325,113.8301,0.57,-0.71,-0.65,151.49,-80.02,-80.99,1.1187046080176841,189.50409124871157,"0.57,-0.71,-0.65,151.49,-80.02,-80.99",hong_jean,near_miss,(near miss) HJ motion_data.csv
1396,2026-07-27T13:20:53.199,56.025138,89.8124,1.09,-0.88,-0.72,122.56,-114.32,-44.25,1.5750872991678906,173.34381586892565,"1.09,-0.88,-0.72,122.56,-114.32,-44.25",hong_jean,near_miss,(near miss) HJ motion_data.csv
1397,2026-07-27T13:20:53.234,56.060187,35.0498,1.65,-0.93,-0.27,-79.77,-53.16,75.07,1.9131910516203028,121.75690288439502,"1.65,-0.93,-0.27,-79.77,-53.16,75.07",hong_jean,near_miss,(near miss) HJ motion_data.csv
1398,2026-07-27T13:20:53.235,56.060759,0.5712,1.68,-0.75,0.47,-234.25,32.71,176.03,1.8988944151795275,294.83820563149544,"1.68,-0.75,0.47,-234.25,32.71,176.03",hong_jean,near_miss,(near miss) HJ motion_data.csv
1399,2026-07-27T13:20:53.275,56.101252,40.4937,1.29,-0.43,0.49,-123.6,1.22,153.38,1.4453719244540486,196.98698637219667,"1.29,-0.43,0.49,-123.60,1.22,153.38",hong_jean,near_miss,(near miss) HJ motion_data.csv
1400,2026-07-27T13:20:53.276,56.10204,0.7881,0.92,-0.08,-0.05,67.99,-67.75,75.2,0.9248243076390239,121.93335310734304,"0.92,-0.08,-0.05,67.99,-67.75,75.20",hong_jean,near_miss,(near miss) HJ motion_data.csv
1401,2026-07-27T13:20:53.512,56.338544,236.5036,0.68,0.12,-0.38,100.16,-46.94,27.28,0.7881624198095213,113.92799304824077,"0.68,0.12,-0.38,100.16,-46.94,27.28",hong_jean,near_miss,(near miss) HJ motion_data.csv
1402,2026-07-27T13:20:53.519,56.345588,7.0439,0.63,0.1,-0.42,9.7,4.21,18.62,0.763740793725201,21.41304508938418,"0.63,0.10,-0.42,9.70,4.21,18.62",hong_jean,near_miss,(near miss) HJ motion_data.csv
1403,2026-07-27T13:20:53.522,56.348637,3.0494,0.75,-0.13,-0.31,-106.99,36.62,36.87,0.8218880702382776,118.94234485665733,"0.75,-0.13,-0.31,-106.99,36.62,36.87",hong_jean,near_miss,(near miss) HJ motion_data.csv
1404,2026-07-27T13:20:53.645,56.471176,122.5392,0.82,-0.39,-0.29,-158.26,47.0,38.94,0.9532051195833979,169.62178869473107,"0.82,-0.39,-0.29,-158.26,47.00,38.94",hong_jean,near_miss,(near miss) HJ motion_data.csv
1405,2026-07-27T13:20:53.645,56.471727,0.5508,0.77,-0.55,-0.4,-122.25,37.6,7.39,1.0273266277090263,128.1149273113793,"0.77,-0.55,-0.40,-122.25,37.60,7.39",hong_jean,near_miss,(near miss) HJ motion_data.csv
1406,2026-07-27T13:20:53.646,56.472297,0.5694,0.66,-0.71,-0.54,-57.8,23.19,-15.5,1.109639581125331,64.17839278137151,"0.66,-0.71,-0.54,-57.80,23.19,-15.50",hong_jean,near_miss,(near miss) HJ motion_data.csv
1407,2026-07-27T13:20:53.647,56.473204,0.9078,0.56,-0.79,-0.63,9.58,-1.4,-16.97,1.1552488909321663,19.537586852014247,"0.56,-0.79,-0.63,9.58,-1.40,-16.97",hong_jean,near_miss,(near miss) HJ motion_data.csv
1408,2026-07-27T13:20:53.648,56.47391,0.7058,0.69,-0.69,-0.6,48.77,-18.55,-15.5,1.1455129855222068,54.43220921476548,"0.69,-0.69,-0.60,48.77,-18.55,-15.50",hong_jean,near_miss,(near miss) HJ motion_data.csv
1409,2026-07-27T13:20:53.648,56.474552,0.6415,1.08,-0.59,-0.38,23.86,-1.95,-5.86,1.2879829191413992,24.64633238435285,"1.08,-0.59,-0.38,23.86,-1.95,-5.86",hong_jean,near_miss,(near miss) HJ motion_data.csv
1410,2026-07-27T13:20:53.649,56.474915,0.363,1.18,-0.45,-0.1,7.14,31.74,-7.69,1.2668464784653268,33.429676935322,"1.18,-0.45,-0.10,7.14,31.74,-7.69",hong_jean,near_miss,(near miss) HJ motion_data.csv
1411,2026-07-27T13:20:53.649,56.475724,0.8096,0.88,-0.19,-0.03,28.81,33.63,-35.22,0.9007774419910837,56.58128135700004,"0.88,-0.19,-0.03,28.81,33.63,-35.22",hong_jean,near_miss,(near miss) HJ motion_data.csv
1412,2026-07-27T13:20:53.885,56.711025,235.301,0.78,-0.1,-0.21,34.36,30.52,-32.84,0.8139410298049854,56.48491480032523,"0.78,-0.10,-0.21,34.36,30.52,-32.84",hong_jean,near_miss,(near miss) HJ motion_data.csv
1413,2026-07-27T13:20:53.885,56.711437,0.4117,0.94,-0.15,-0.43,16.24,64.15,10.07,1.0445094542415592,66.93552868245683,"0.94,-0.15,-0.43,16.24,64.15,10.07",hong_jean,near_miss,(near miss) HJ motion_data.csv
1414,2026-07-27T13:20:53.886,56.712087,0.6498,0.97,-0.15,-0.49,-6.1,75.2,22.4,1.0970414759707128,78.70203301059001,"0.97,-0.15,-0.49,-6.10,75.20,22.40",hong_jean,near_miss,(near miss) HJ motion_data.csv
1415,2026-07-27T13:20:53.888,56.714214,2.1274,0.86,-0.2,-0.44,-11.05,41.81,-7.63,0.9865089964110819,43.91350020210186,"0.86,-0.20,-0.44,-11.05,41.81,-7.63",hong_jean,near_miss,(near miss) HJ motion_data.csv
1416,2026-07-27T13:20:53.888,56.714418,0.2033,0.84,-0.37,-0.4,-10.8,8.54,-35.77,1.0012492197250393,38.32837721584362,"0.84,-0.37,-0.40,-10.80,8.54,-35.77",hong_jean,near_miss,(near miss) HJ motion_data.csv
1417,2026-07-27T13:20:54.005,56.830894,116.4768,0.84,-0.48,-0.38,-32.9,2.62,-37.23,1.0394229168149027,49.75286222922254,"0.84,-0.48,-0.38,-32.90,2.62,-37.23",hong_jean,near_miss,(near miss) HJ motion_data.csv
1418,2026-07-27T13:20:54.005,56.831356,0.462,0.82,-0.46,-0.33,-79.83,18.55,-18.55,0.9964436762808021,84.02995834819865,"0.82,-0.46,-0.33,-79.83,18.55,-18.55",hong_jean,near_miss,(near miss) HJ motion_data.csv
1419,2026-07-27T13:20:54.006,56.83202,0.6638,0.81,-0.4,-0.22,-122.25,32.78,-2.5,0.9297849213662266,126.59321032346087,"0.81,-0.40,-0.22,-122.25,32.78,-2.50",hong_jean,near_miss,(near miss) HJ motion_data.csv
1420,2026-07-27T13:20:54.065,56.891156,59.1356,0.8,-0.4,-0.17,-118.16,32.29,-3.05,0.9104394543296112,122.53053578598275,"0.80,-0.40,-0.17,-118.16,32.29,-3.05",hong_jean,near_miss,(near miss) HJ motion_data.csv
1421,2026-07-27T13:20:54.185,57.011205,120.0496,0.81,-0.45,-0.33,-59.75,36.99,-6.96,0.9836157786453001,70.61702485944873,"0.81,-0.45,-0.33,-59.75,36.99,-6.96",hong_jean,near_miss,(near miss) HJ motion_data.csv
1422,2026-07-27T13:20:54.187,57.013679,2.4739,0.85,-0.48,-0.61,-0.73,53.34,0.43,1.1510864433221337,53.34672810960388,"0.85,-0.48,-0.61,-0.73,53.34,0.43",hong_jean,near_miss,(near miss) HJ motion_data.csv
1423,2026-07-27T13:20:54.188,57.013962,0.2824,0.85,-0.49,-0.65,23.93,38.45,7.02,1.1769027147559818,45.82933340121805,"0.85,-0.49,-0.65,23.93,38.45,7.02",hong_jean,near_miss,(near miss) HJ motion_data.csv
1424,2026-07-27T13:20:54.188,57.014277,0.3157,0.81,-0.47,-0.45,35.16,-91.8,14.1,1.0389898940798221,99.3089905295588,"0.81,-0.47,-0.45,35.16,-91.80,14.10",hong_jean,near_miss,(near miss) HJ motion_data.csv
1425,2026-07-27T13:20:54.365,57.190792,176.515,0.85,-0.46,-0.3,-52.25,-79.41,88.26,1.0119782606360672,129.71444869404488,"0.85,-0.46,-0.30,-52.25,-79.41,88.26",hong_jean,near_miss,(near miss) HJ motion_data.csv
1426,2026-07-27T13:20:54.365,57.191529,0.7368,1.14,-0.55,-0.23,-143.37,-21.79,177.86,1.2864680330268607,229.48625361881702,"1.14,-0.55,-0.23,-143.37,-21.79,177.86",hong_jean,near_miss,(near miss) HJ motion_data.csv
1427,2026-07-27T13:20:54.366,57.191992,0.4633,1.43,-0.67,0.01,-122.74,0.18,185.42,1.5792086625902229,222.3639278300327,"1.43,-0.67,0.01,-122.74,0.18,185.42",hong_jean,near_miss,(near miss) HJ motion_data.csv
1428,2026-07-27T13:20:54.366,57.192367,0.3748,1.24,-0.72,0.21,-4.15,-35.83,111.69,1.4491721774861674,117.36978955421195,"1.24,-0.72,0.21,-4.15,-35.83,111.69",hong_jean,near_miss,(near miss) HJ motion_data.csv
1429,2026-07-27T13:20:54.604,57.430463,238.0958,0.78,-0.58,0.04,100.04,-65.0,42.11,0.9728309205612248,126.51582391147758,"0.78,-0.58,0.04,100.04,-65.00,42.11",hong_jean,near_miss,(near miss) HJ motion_data.csv
1430,2026-07-27T13:20:54.605,57.431035,0.572,0.62,-0.23,-0.25,104.49,-36.19,14.47,0.7069653456853455,111.52245110290573,"0.62,-0.23,-0.25,104.49,-36.19,14.47",hong_jean,near_miss,(near miss) HJ motion_data.csv
1431,2026-07-27T13:20:54.606,57.431747,0.7121,0.73,0.05,-0.35,13.43,11.17,3.3,0.8111103500757464,17.77705824932798,"0.73,0.05,-0.35,13.43,11.17,3.30",hong_jean,near_miss,(near miss) HJ motion_data.csv
1432,2026-07-27T13:20:54.608,57.43378,2.0327,0.81,-0.01,-0.32,-106.08,30.52,-16.42,0.8709764635166671,111.59772936758166,"0.81,-0.01,-0.32,-106.08,30.52,-16.42",hong_jean,near_miss,(near miss) HJ motion_data.csv
1433,2026-07-27T13:20:54.608,57.434437,0.6571,0.78,-0.29,-0.32,-167.6,36.62,-34.24,0.8915716460273958,174.93759458732706,"0.78,-0.29,-0.32,-167.60,36.62,-34.24",hong_jean,near_miss,(near miss) HJ motion_data.csv
1434,2026-07-27T13:20:54.609,57.435026,0.5886,0.63,-0.77,-0.47,-134.28,42.18,-31.62,1.1003181358134566,144.2570455818363,"0.63,-0.77,-0.47,-134.28,42.18,-31.62",hong_jean,near_miss,(near miss) HJ motion_data.csv
1435,2026-07-27T13:20:54.725,57.551336,116.3109,0.53,-0.91,-0.64,-38.76,31.01,-32.53,1.2323148948219362,59.34777670646138,"0.53,-0.91,-0.64,-38.76,31.01,-32.53",hong_jean,near_miss,(near miss) HJ motion_data.csv
1436,2026-07-27T13:20:54.726,57.552135,0.798,0.53,-0.88,-0.69,37.84,-4.46,-36.56,1.2374974747448981,52.80521565148655,"0.53,-0.88,-0.69,37.84,-4.46,-36.56",hong_jean,near_miss,(near miss) HJ motion_data.csv
1437,2026-07-27T13:20:54.727,57.552854,0.7198,0.84,-0.7,-0.57,37.84,-4.46,-36.56,1.233085560697229,52.80521565148655,"0.84,-0.70,-0.57,37.84,-4.46,-36.56",hong_jean,near_miss,(near miss) HJ motion_data.csv
1438,2026-07-27T13:20:54.785,57.611071,58.2167,1.19,-0.63,-0.22,-43.09,25.09,12.15,1.364331338055386,51.32132792514239,"1.19,-0.63,-0.22,-43.09,25.09,12.15",hong_jean,near_miss,(near miss) HJ motion_data.csv
1439,2026-07-27T13:20:54.785,57.611391,0.3199,1.12,-0.43,0.05,-39.06,42.72,13.0,1.2007497657713702,59.32690789178212,"1.12,-0.43,0.05,-39.06,42.72,13.00",hong_jean,near_miss,(near miss) HJ motion_data.csv
1440,2026-07-27T13:20:54.965,57.791087,179.6966,0.9,-0.07,-0.09,42.85,17.7,-19.59,0.9071934744033381,50.330712293787386,"0.90,-0.07,-0.09,42.85,17.70,-19.59",hong_jean,near_miss,(near miss) HJ motion_data.csv
1441,2026-07-27T13:20:54.966,57.791828,0.7405,0.97,0.05,-0.37,73.67,32.47,-22.22,1.0393748120865733,83.51825070007153,"0.97,0.05,-0.37,73.67,32.47,-22.22",hong_jean,near_miss,(near miss) HJ motion_data.csv
1442,2026-07-27T13:20:54.966,57.792143,0.3154,1.01,0.04,-0.51,-8.36,87.59,10.8,1.1321660655575223,88.64839366846982,"1.01,0.04,-0.51,-8.36,87.59,10.80",hong_jean,near_miss,(near miss) HJ motion_data.csv
1443,2026-07-27T13:20:54.966,57.792679,0.5356,0.89,-0.04,-0.46,-115.54,104.86,23.07,1.0026464980241043,157.72550871688446,"0.89,-0.04,-0.46,-115.54,104.86,23.07",hong_jean,near_miss,(near miss) HJ motion_data.csv
1444,2026-07-27T13:20:55.145,57.970987,178.308,0.86,-0.25,-0.43,-130.25,84.35,4.94,0.9934787365615834,155.25588104802986,"0.86,-0.25,-0.43,-130.25,84.35,4.94",hong_jean,near_miss,(near miss) HJ motion_data.csv
1445,2026-07-27T13:20:55.145,57.971128,0.1415,0.85,-0.46,-0.49,-90.76,62.19,-18.01,1.0836050941187014,111.48692210299826,"0.85,-0.46,-0.49,-90.76,62.19,-18.01",hong_jean,near_miss,(near miss) HJ motion_data.csv
1446,2026-07-27T13:20:55.146,57.972108,0.9797,0.81,-0.55,-0.5,-71.96,47.0,-31.31,1.0993634521849451,91.4743554227085,"0.81,-0.55,-0.50,-71.96,47.00,-31.31",hong_jean,near_miss,(near miss) HJ motion_data.csv
1447,2026-07-27T13:20:55.146,57.972565,0.4566,0.76,-0.54,-0.42,-70.86,26.98,-34.85,1.0225458424931373,83.4480826622158,"0.76,-0.54,-0.42,-70.86,26.98,-34.85",hong_jean,near_miss,(near miss) HJ motion_data.csv
1448,2026-07-27T13:20:55.147,57.973531,0.9662,0.73,-0.53,-0.34,-64.09,6.71,-34.55,0.9640539403996023,73.11808736557596,"0.73,-0.53,-0.34,-64.09,6.71,-34.55",hong_jean,near_miss,(near miss) HJ motion_data.csv
1449,2026-07-27T13:20:55.265,58.091088,117.5575,0.71,-0.49,-0.29,-55.54,-3.23,-29.54,0.9101098834756163,62.9899682489204,"0.71,-0.49,-0.29,-55.54,-3.23,-29.54",hong_jean,near_miss,(near miss) HJ motion_data.csv
1450,2026-07-27T13:20:55.265,58.091597,0.5089,0.75,-0.43,-0.32,-54.5,7.51,-4.21,0.9218459741193211,55.17584797717204,"0.75,-0.43,-0.32,-54.50,7.51,-4.21",hong_jean,near_miss,(near miss) HJ motion_data.csv
1451,2026-07-27T13:20:55.266,58.092212,0.6151,0.86,-0.43,-0.41,-62.68,35.28,37.41,1.0452750834110607,81.07384843462162,"0.86,-0.43,-0.41,-62.68,35.28,37.41",hong_jean,near_miss,(near miss) HJ motion_data.csv
1452,2026-07-27T13:20:55.325,58.151422,59.2098,0.97,-0.48,-0.44,-58.35,36.74,60.0,1.168289347721702,91.40322806115766,"0.97,-0.48,-0.44,-58.35,36.74,60.00",hong_jean,near_miss,(near miss) HJ motion_data.csv
1453,2026-07-27T13:20:55.865,58.690988,539.5654,1.02,-0.5,-0.38,-35.22,-5.07,56.64,1.1978313737751236,66.88978173084436,"1.02,-0.50,-0.38,-35.22,-5.07,56.64",hong_jean,near_miss,(near miss) HJ motion_data.csv
1454,2026-07-27T13:20:55.865,58.69153,0.5428,1.02,-0.45,-0.31,-49.38,-46.94,66.89,1.1571516754514077,95.47785135831242,"1.02,-0.45,-0.31,-49.38,-46.94,66.89",hong_jean,near_miss,(near miss) HJ motion_data.csv
1455,2026-07-27T13:20:55.866,58.69228,0.7495,1.22,-0.52,-0.17,-127.44,-45.23,118.47,1.3370489893792223,179.7827783743482,"1.22,-0.52,-0.17,-127.44,-45.23,118.47",hong_jean,near_miss,(near miss) HJ motion_data.csv
1456,2026-07-27T13:20:55.924,58.750569,58.2889,1.24,-0.69,0.15,-177.06,5.74,184.27,1.4269547995644432,255.614209503306,"1.24,-0.69,0.15,-177.06,5.74,184.27",hong_jean,near_miss,(near miss) HJ motion_data.csv
1457,2026-07-27T13:20:55.925,58.751365,0.7965,0.84,-0.73,0.23,-100.34,6.23,180.3,1.136397817667739,206.43405363456876,"0.84,-0.73,0.23,-100.34,6.23,180.30",hong_jean,near_miss,(near miss) HJ motion_data.csv
1458,2026-07-27T13:20:55.926,58.752057,0.6916,0.6,-0.61,-0.14,31.25,-53.22,98.27,0.8670063436907482,116.04276711626623,"0.60,-0.61,-0.14,31.25,-53.22,98.27",hong_jean,near_miss,(near miss) HJ motion_data.csv
1459,2026-07-27T13:20:55.927,58.752748,0.6915,0.68,-0.34,-0.4,88.01,-45.1,32.47,0.8590692637965812,104.08684354902881,"0.68,-0.34,-0.40,88.01,-45.10,32.47",hong_jean,near_miss,(near miss) HJ motion_data.csv
1460,2026-07-27T13:20:55.927,58.753184,0.4355,0.78,-0.04,-0.33,73.43,24.29,-4.7,0.8478797084492588,77.4858632267848,"0.78,-0.04,-0.33,73.43,24.29,-4.70",hong_jean,near_miss,(near miss) HJ motion_data.csv
1461,2026-07-27T13:20:55.927,58.753657,0.4729,0.73,0.05,-0.23,4.58,63.23,-42.36,0.7670071707617862,76.2455172452781,"0.73,0.05,-0.23,4.58,63.23,-42.36",hong_jean,near_miss,(near miss) HJ motion_data.csv
1462,2026-07-27T13:20:55.928,58.754625,0.9678,0.67,-0.13,-0.21,-93.02,57.31,-54.2,0.7140728254176881,121.96227490498855,"0.67,-0.13,-0.21,-93.02,57.31,-54.20",hong_jean,near_miss,(near miss) HJ motion_data.csv
1463,2026-07-27T13:20:55.929,58.755292,0.6675,0.69,-0.47,-0.31,-132.32,45.41,-32.96,0.8905616205518851,143.7254747774381,"0.69,-0.47,-0.31,-132.32,45.41,-32.96",hong_jean,near_miss,(near miss) HJ motion_data.csv
1464,2026-07-27T13:20:55.930,58.756404,1.1118,0.67,-0.89,-0.58,-93.75,36.68,-11.84,1.2559458587057009,101.36404934689617,"0.67,-0.89,-0.58,-93.75,36.68,-11.84",hong_jean,near_miss,(near miss) HJ motion_data.csv
1465,2026-07-27T13:20:55.931,58.756828,0.4237,0.74,-1.09,-0.78,-39.37,7.14,-8.36,1.5310453944935793,40.87622903351041,"0.74,-1.09,-0.78,-39.37,7.14,-8.36",hong_jean,near_miss,(near miss) HJ motion_data.csv
1466,2026-07-27T13:20:55.931,58.757603,0.7754,1.07,-0.97,-0.58,-51.88,-23.62,6.96,1.5563418647585112,57.427174752028336,"1.07,-0.97,-0.58,-51.88,-23.62,6.96",hong_jean,near_miss,(near miss) HJ motion_data.csv
1467,2026-07-27T13:20:55.932,58.758687,1.0838,1.18,-0.58,-0.04,-75.99,13.24,24.48,1.3154466921924277,80.92618920967426,"1.18,-0.58,-0.04,-75.99,13.24,24.48",hong_jean,near_miss,(near miss) HJ motion_data.csv
1468,2026-07-27T13:20:55.933,58.759077,0.3902,0.97,-0.1,0.17,-31.31,51.94,-15.26,0.9898484732523458,62.53756710969815,"0.97,-0.10,0.17,-31.31,51.94,-15.26",hong_jean,near_miss,(near miss) HJ motion_data.csv
1469,2026-07-27T13:20:56.170,58.995826,236.7486,0.96,0.08,-0.1,-26.79,59.14,-64.7,0.96850400102426,91.65878954033813,"0.96,0.08,-0.10,-26.79,59.14,-64.70",hong_jean,near_miss,(near miss) HJ motion_data.csv
1470,2026-07-27T13:20:56.170,58.996618,0.7927,1.05,0.07,-0.35,-78.19,89.17,-37.78,1.1090085662428402,124.46804168138904,"1.05,0.07,-0.35,-78.19,89.17,-37.78",hong_jean,near_miss,(near miss) HJ motion_data.csv
1471,2026-07-27T13:20:56.226,59.05178,55.1613,1.0,0.04,-0.45,-78.25,100.89,4.21,1.097314904665019,127.74810644389215,"1.00,0.04,-0.45,-78.25,100.89,4.21",hong_jean,near_miss,(near miss) HJ motion_data.csv
1472,2026-07-27T13:20:56.226,59.052279,0.4993,0.94,-0.07,-0.52,-16.17,81.6,-7.87,1.076522178127325,83.55815818937131,"0.94,-0.07,-0.52,-16.17,81.60,-7.87",hong_jean,near_miss,(near miss) HJ motion_data.csv
1473,2026-07-27T13:20:56.226,59.052673,0.3942,0.89,-0.25,-0.54,2.32,58.65,-34.97,1.07060730429042,68.3235376718741,"0.89,-0.25,-0.54,2.32,58.65,-34.97",hong_jean,near_miss,(near miss) HJ motion_data.csv
1474,2026-07-27T13:20:56.227,59.053059,0.3854,0.86,-0.34,-0.44,-84.59,43.46,-36.74,1.0241093691593686,101.95129866755009,"0.86,-0.34,-0.44,-84.59,43.46,-36.74",hong_jean,near_miss,(near miss) HJ motion_data.csv
1475,2026-07-27T13:20:56.227,59.05372,0.6616,0.86,-0.36,-0.29,-175.84,40.59,-21.55,0.9763708311906906,181.74613118303233,"0.86,-0.36,-0.29,-175.84,40.59,-21.55",hong_jean,near_miss,(near miss) HJ motion_data.csv
1476,2026-07-27T13:20:56.285,59.11131,57.5902,0.78,-0.42,-0.23,-169.31,36.56,-20.69,0.9152595260361949,174.4436464879131,"0.78,-0.42,-0.23,-169.31,36.56,-20.69",hong_jean,near_miss,(near miss) HJ motion_data.csv
1477,2026-07-27T13:20:56.345,59.170918,59.6079,0.73,-0.6,-0.3,-66.71,14.16,-16.11,0.9914131328563284,70.07326023527092,"0.73,-0.60,-0.30,-66.71,14.16,-16.11",hong_jean,near_miss,(near miss) HJ motion_data.csv
1478,2026-07-27T13:20:56.345,59.171381,0.4627,0.78,-0.75,-0.35,11.11,-27.47,15.38,1.1372774507568504,33.38528717863604,"0.78,-0.75,-0.35,11.11,-27.47,15.38",hong_jean,near_miss,(near miss) HJ motion_data.csv
1479,2026-07-27T13:20:56.525,59.350844,179.4632,0.86,-0.75,-0.31,17.52,-60.18,39.86,1.182455073142316,74.27921916660137,"0.86,-0.75,-0.31,17.52,-60.18,39.86",hong_jean,near_miss,(near miss) HJ motion_data.csv
1480,2026-07-27T13:20:56.525,59.351253,0.4089,0.9,-0.62,-0.24,20.14,-69.21,55.05,1.1189280584559493,90.69810472110208,"0.90,-0.62,-0.24,20.14,-69.21,55.05",hong_jean,near_miss,(near miss) HJ motion_data.csv
1481,2026-07-27T13:20:56.527,59.3531,1.8465,0.95,-0.47,-0.15,-1.28,-54.02,102.23,1.070467187726929,115.6320530821796,"0.95,-0.47,-0.15,-1.28,-54.02,102.23",hong_jean,near_miss,(near miss) HJ motion_data.csv
1482,2026-07-27T13:20:56.527,59.353226,0.1268,1.2,-0.48,-0.1,-67.26,6.41,184.57,1.2963024338479041,196.54790917229315,"1.20,-0.48,-0.10,-67.26,6.41,184.57",hong_jean,near_miss,(near miss) HJ motion_data.csv
1483,2026-07-27T13:20:56.648,59.47434,121.1141,1.45,-0.52,-0.14,-111.94,53.96,242.13,1.546770829825802,272.15653969728527,"1.45,-0.52,-0.14,-111.94,53.96,242.13",hong_jean,near_miss,(near miss) HJ motion_data.csv
1484,2026-07-27T13:20:56.649,59.474829,0.4886,1.32,-0.46,-0.05,-97.84,38.57,221.92,1.3987494414654829,245.57849437603446,"1.32,-0.46,-0.05,-97.84,38.57,221.92",hong_jean,near_miss,(near miss) HJ motion_data.csv
1485,2026-07-27T13:20:56.704,59.53069,55.8612,0.93,-0.43,0.02,-63.84,5.07,140.93,1.024792661956554,154.79830554628174,"0.93,-0.43,0.02,-63.84,5.07,140.93",hong_jean,near_miss,(near miss) HJ motion_data.csv
1486,2026-07-27T13:20:56.705,59.531115,0.4246,0.65,-0.39,-0.19,-18.37,-30.52,63.54,0.7814729681825213,72.84407251108357,"0.65,-0.39,-0.19,-18.37,-30.52,63.54",hong_jean,near_miss,(near miss) HJ motion_data.csv
1487,2026-07-27T13:20:56.705,59.531456,0.3412,0.61,-0.3,-0.34,20.57,-35.46,31.13,0.7600657866263946,51.47439557683023,"0.61,-0.30,-0.34,20.57,-35.46,31.13",hong_jean,near_miss,(near miss) HJ motion_data.csv
1488,2026-07-27T13:20:56.765,59.591538,60.0822,0.65,-0.34,-0.27,5.98,-4.88,19.65,0.7816648898345121,21.111544235323002,"0.65,-0.34,-0.27,5.98,-4.88,19.65",hong_jean,near_miss,(near miss) HJ motion_data.csv
1489,2026-07-27T13:20:56.825,59.651302,59.7639,0.62,-0.52,-0.21,-16.85,17.03,-2.08,0.8360023923410747,24.047241005986532,"0.62,-0.52,-0.21,-16.85,17.03,-2.08",hong_jean,near_miss,(near miss) HJ motion_data.csv
1490,2026-07-27T13:20:56.884,59.710711,59.4085,0.54,-0.71,-0.29,-1.34,26.73,-24.05,0.9379765455489812,35.981814851394034,"0.54,-0.71,-0.29,-1.34,26.73,-24.05",hong_jean,near_miss,(near miss) HJ motion_data.csv
1491,2026-07-27T13:20:56.885,59.711045,0.3344,0.51,-0.84,-0.43,29.91,16.78,-27.89,1.07266024443903,44.20439570902423,"0.51,-0.84,-0.43,29.91,16.78,-27.89",hong_jean,near_miss,(near miss) HJ motion_data.csv
1492,2026-07-27T13:20:57.126,59.951943,240.8984,0.5,-0.88,-0.53,22.83,-7.08,-13.67,1.1424972647669664,27.535507985145287,"0.50,-0.88,-0.53,22.83,-7.08,-13.67",hong_jean,near_miss,(near miss) HJ motion_data.csv
1493,2026-07-27T13:20:57.127,59.952776,0.8322,0.52,-0.72,-0.47,-33.2,-16.3,-0.24,1.0048382954485762,36.98631638863217,"0.52,-0.72,-0.47,-33.20,-16.30,-0.24",hong_jean,near_miss,(near miss) HJ motion_data.csv
1494,2026-07-27T13:20:57.127,59.953145,0.3691,0.82,-0.58,-0.26,-65.61,-8.18,-8.73,1.037496987947435,66.6918090922716,"0.82,-0.58,-0.26,-65.61,-8.18,-8.73",hong_jean,near_miss,(near miss) HJ motion_data.csv
1495,2026-07-27T13:20:57.128,59.953875,0.7301,1.08,-0.68,-0.15,-46.08,19.47,-21.42,1.2850291825480074,54.41749442964092,"1.08,-0.68,-0.15,-46.08,19.47,-21.42",hong_jean,near_miss,(near miss) HJ motion_data.csv
1496,2026-07-27T13:20:57.128,59.954629,0.754,0.96,-0.68,-0.24,-7.93,34.61,-24.54,1.200666481584291,43.16188828121402,"0.96,-0.68,-0.24,-7.93,34.61,-24.54",hong_jean,near_miss,(near miss) HJ motion_data.csv
1497,2026-07-27T13:20:57.129,59.955043,0.4145,0.77,-0.44,-0.32,14.28,22.46,-20.32,0.9428149341201592,33.48540577624826,"0.77,-0.44,-0.32,14.28,22.46,-20.32",hong_jean,near_miss,(near miss) HJ motion_data.csv
1498,2026-07-27T13:20:57.245,60.071431,116.3881,0.85,-0.22,-0.36,7.81,43.58,-3.91,0.9489467845985885,44.44660391975972,"0.85,-0.22,-0.36,7.81,43.58,-3.91",hong_jean,near_miss,(near miss) HJ motion_data.csv
1499,2026-07-27T13:20:57.246,60.072061,0.63,0.98,-0.16,-0.38,-24.72,41.14,-21.67,1.063202708800161,52.660866874748656,"0.98,-0.16,-0.38,-24.72,41.14,-21.67",hong_jean,near_miss,(near miss) HJ motion_data.csv
1500,2026-07-27T13:20:57.246,60.072657,0.5955,0.92,-0.25,-0.35,-56.58,25.57,-37.9,1.0155786527886455,72.7429123695223,"0.92,-0.25,-0.35,-56.58,25.57,-37.90",hong_jean,near_miss,(near miss) HJ motion_data.csv
1501,2026-07-27T13:20:57.365,60.191114,118.4571,0.8,-0.42,-0.33,-92.77,25.88,-35.52,0.9619251530134765,102.65338620815196,"0.80,-0.42,-0.33,-92.77,25.88,-35.52",hong_jean,near_miss,(near miss) HJ motion_data.csv
1502,2026-07-27T13:20:57.366,60.191799,0.6849,0.71,-0.57,-0.39,-139.16,52.06,-11.66,0.9905049217444606,149.035917818491,"0.71,-0.57,-0.39,-139.16,52.06,-11.66",hong_jean,near_miss,(near miss) HJ motion_data.csv
1503,2026-07-27T13:20:57.366,60.192484,0.6849,0.7,-0.59,-0.46,-151.18,76.78,11.84,1.0245486811274513,169.9727813504268,"0.70,-0.59,-0.46,-151.18,76.78,11.84",hong_jean,near_miss,(near miss) HJ motion_data.csv
1504,2026-07-27T13:20:57.485,60.311263,118.7786,0.75,-0.55,-0.47,-96.98,55.36,0.85,1.0420652570736633,111.67171754746141,"0.75,-0.55,-0.47,-96.98,55.36,0.85",hong_jean,near_miss,(near miss) HJ motion_data.csv
1505,2026-07-27T13:20:57.486,60.311791,0.529,0.75,-0.52,-0.37,-15.44,11.54,-32.35,0.9847842403288144,37.65750522804186,"0.75,-0.52,-0.37,-15.44,11.54,-32.35",hong_jean,near_miss,(near miss) HJ motion_data.csv
1506,2026-07-27T13:20:57.486,60.312497,0.7053,0.7,-0.51,-0.36,24.78,11.29,-34.12,0.937923237797209,43.654173912697054,"0.70,-0.51,-0.36,24.78,11.29,-34.12",hong_jean,near_miss,(near miss) HJ motion_data.csv
1507,2026-07-27T13:20:57.665,60.49092,178.4236,0.73,-0.5,-0.48,20.51,29.11,-9.22,1.006628034578811,36.78397205305593,"0.73,-0.50,-0.48,20.51,29.11,-9.22",hong_jean,near_miss,(near miss) HJ motion_data.csv
1508,2026-07-27T13:20:57.665,60.491375,0.4545,0.86,-0.63,-0.37,7.51,14.53,5.37,1.1284502647436438,17.215048649364892,"0.86,-0.63,-0.37,7.51,14.53,5.37",hong_jean,near_miss,(near miss) HJ motion_data.csv
1509,2026-07-27T13:20:57.666,60.49193,0.5552,0.88,-0.77,-0.22,-14.83,-3.78,23.19,1.1898319209031165,27.78476920904689,"0.88,-0.77,-0.22,-14.83,-3.78,23.19",hong_jean,near_miss,(near miss) HJ motion_data.csv
1510,2026-07-27T13:20:57.667,60.492774,0.8441,0.84,-0.82,-0.14,-42.54,17.58,67.69,1.182201336490532,81.8574620911252,"0.84,-0.82,-0.14,-42.54,17.58,67.69",hong_jean,near_miss,(near miss) HJ motion_data.csv
1511,2026-07-27T13:20:57.667,60.493551,0.7772,0.81,-0.66,-0.24,-42.54,17.58,67.69,1.0720541031123383,81.8574620911252,"0.81,-0.66,-0.24,-42.54,17.58,67.69",hong_jean,near_miss,(near miss) HJ motion_data.csv
1512,2026-07-27T13:20:57.725,60.551387,57.8351,0.98,-0.52,-0.37,-43.7,50.96,143.8,1.1694870670511923,158.6979886450991,"0.98,-0.52,-0.37,-43.70,50.96,143.80",hong_jean,near_miss,(near miss) HJ motion_data.csv
1513,2026-07-27T13:20:57.965,60.790913,239.5267,1.18,-0.5,-0.25,-55.79,35.64,151.86,1.3057181931795236,165.66289053375837,"1.18,-0.50,-0.25,-55.79,35.64,151.86",hong_jean,near_miss,(near miss) HJ motion_data.csv
1514,2026-07-27T13:20:57.966,60.792009,1.0959,1.09,-0.49,-0.04,-62.81,9.16,122.74,1.1957424471850115,138.18143616274943,"1.09,-0.49,-0.04,-62.81,9.16,122.74",hong_jean,near_miss,(near miss) HJ motion_data.csv
1515,2026-07-27T13:20:57.966,60.792363,0.3544,0.76,-0.51,-0.08,-28.44,-29.48,63.42,0.9187491496594704,75.49834700177217,"0.76,-0.51,-0.08,-28.44,-29.48,63.42",hong_jean,near_miss,(near miss) HJ motion_data.csv
1516,2026-07-27T13:20:57.968,60.793797,1.4335,0.55,-0.49,-0.18,5.19,-46.33,28.38,0.758287544405155,54.57865333626325,"0.55,-0.49,-0.18,5.19,-46.33,28.38",hong_jean,near_miss,(near miss) HJ motion_data.csv
1517,2026-07-27T13:20:57.968,60.794172,0.3751,0.6,-0.39,-0.19,-2.32,-19.23,33.69,0.7404052944165108,38.86118114519938,"0.60,-0.39,-0.19,-2.32,-19.23,33.69",hong_jean,near_miss,(near miss) HJ motion_data.csv
1518,2026-07-27T13:20:57.968,60.794674,0.5019,0.66,-0.33,-0.18,-28.2,17.4,29.36,0.7595393340703298,44.271995663172895,"0.66,-0.33,-0.18,-28.20,17.40,29.36",hong_jean,near_miss,(near miss) HJ motion_data.csv
1519,2026-07-27T13:20:58.025,60.851009,56.3353,0.62,-0.41,-0.24,-41.69,38.45,-6.1,0.7810889834071404,57.04093793057754,"0.62,-0.41,-0.24,-41.69,38.45,-6.10",hong_jean,near_miss,(near miss) HJ motion_data.csv
1520,2026-07-27T13:20:58.144,60.970652,119.643,0.56,-0.64,-0.36,-40.83,43.88,-45.96,0.9234717104492156,75.53055606838865,"0.56,-0.64,-0.36,-40.83,43.88,-45.96",hong_jean,near_miss,(near miss) HJ motion_data.csv
1521,2026-07-27T13:20:58.145,60.971291,0.6392,0.51,-0.93,-0.55,-38.51,40.83,-54.63,1.1947803145348521,78.32334198691984,"0.51,-0.93,-0.55,-38.51,40.83,-54.63",hong_jean,near_miss,(near miss) HJ motion_data.csv
1522,2026-07-27T13:20:58.145,60.971399,0.1072,0.49,-0.98,-0.7,-25.57,19.17,-36.13,1.3001922934704697,48.23578236123055,"0.49,-0.98,-0.70,-25.57,19.17,-36.13",hong_jean,near_miss,(near miss) HJ motion_data.csv
1523,2026-07-27T13:20:58.146,60.972515,1.1165,0.67,-0.74,-0.49,-18.37,-8.3,-15.38,1.1120251795710383,25.35530122084926,"0.67,-0.74,-0.49,-18.37,-8.30,-15.38",hong_jean,near_miss,(near miss) HJ motion_data.csv
1524,2026-07-27T13:20:58.205,61.030879,58.3639,0.9,-0.66,-0.25,-20.63,-9.77,-13.61,1.1437219941926446,26.57596470497355,"0.90,-0.66,-0.25,-20.63,-9.77,-13.61",hong_jean,near_miss,(near miss) HJ motion_data.csv
1525,2026-07-27T13:20:58.265,61.091683,60.8042,0.98,-0.79,-0.24,-7.2,1.89,-25.09,1.2814444974324875,26.170980111566323,"0.98,-0.79,-0.24,-7.20,1.89,-25.09",hong_jean,near_miss,(near miss) HJ motion_data.csv
1526,2026-07-27T13:20:58.266,61.091947,0.2637,0.9,-0.64,-0.27,37.6,1.04,-23.62,1.1368817000902072,44.415605365682005,"0.90,-0.64,-0.27,37.60,1.04,-23.62",hong_jean,near_miss,(near miss) HJ motion_data.csv
1527,2026-07-27T13:20:58.385,61.211235,119.2882,0.74,-0.33,-0.33,67.44,1.16,-12.76,0.8748714191239761,68.64631672566271,"0.74,-0.33,-0.33,67.44,1.16,-12.76",hong_jean,near_miss,(near miss) HJ motion_data.csv
1528,2026-07-27T13:20:58.386,61.212019,0.7838,0.76,-0.23,-0.37,38.33,18.37,-5.31,0.8760136985230311,42.83505456982633,"0.76,-0.23,-0.37,38.33,18.37,-5.31",hong_jean,near_miss,(near miss) HJ motion_data.csv
1529,2026-07-27T13:20:58.386,61.212734,0.7153,0.89,-0.18,-0.33,-35.52,50.23,2.75,0.9661262857411551,61.58153781775833,"0.89,-0.18,-0.33,-35.52,50.23,2.75",hong_jean,near_miss,(near miss) HJ motion_data.csv
1530,2026-07-27T13:20:58.506,61.332197,119.4631,0.93,-0.28,-0.31,-79.77,73.12,3.85,1.0195096860746347,108.28023734735716,"0.93,-0.28,-0.31,-79.77,73.12,3.85",hong_jean,near_miss,(near miss) HJ motion_data.csv
1531,2026-07-27T13:20:58.507,61.333105,0.9078,0.81,-0.4,-0.32,6.16,44.25,-15.5,0.9583840566286567,47.28909070811153,"0.81,-0.40,-0.32,6.16,44.25,-15.50",hong_jean,near_miss,(near miss) HJ motion_data.csv
1532,2026-07-27T13:20:58.508,61.333999,0.8933,0.81,-0.31,-0.3,101.2,-23.38,-45.53,0.9177145525706781,113.40654875270653,"0.81,-0.31,-0.30,101.20,-23.38,-45.53",hong_jean,near_miss,(near miss) HJ motion_data.csv
1533,2026-07-27T13:20:58.565,61.391075,57.0769,0.99,-0.3,-0.32,62.87,-48.58,-68.3,1.0828203913853858,104.77377200425687,"0.99,-0.30,-0.32,62.87,-48.58,-68.30",hong_jean,near_miss,(near miss) HJ motion_data.csv
1534,2026-07-27T13:20:58.625,61.451511,60.4354,0.99,-0.43,-0.33,-48.65,-2.62,-67.02,1.1286717857729944,82.85751203119726,"0.99,-0.43,-0.33,-48.65,-2.62,-67.02",hong_jean,near_miss,(near miss) HJ motion_data.csv
1535,2026-07-27T13:20:58.626,61.451914,0.4034,0.86,-0.52,-0.32,-110.11,41.14,-52.31,1.0547037498748169,128.65864836846376,"0.86,-0.52,-0.32,-110.11,41.14,-52.31",hong_jean,near_miss,(near miss) HJ motion_data.csv
1536,2026-07-27T13:20:58.865,61.691442,239.5276,0.79,-0.56,-0.32,-89.78,46.39,-40.83,1.0198529305738158,108.99343741712158,"0.79,-0.56,-0.32,-89.78,46.39,-40.83",hong_jean,near_miss,(near miss) HJ motion_data.csv
1537,2026-07-27T13:20:58.866,61.691894,0.4527,0.75,-0.54,-0.33,-55.73,43.58,-26.25,0.9813256340277676,75.45933871960447,"0.75,-0.54,-0.33,-55.73,43.58,-26.25",hong_jean,near_miss,(near miss) HJ motion_data.csv
1538,2026-07-27T13:20:58.866,61.692545,0.6505,0.7,-0.48,-0.35,-34.18,45.96,-7.39,0.9180958555619342,57.75124327666028,"0.70,-0.48,-0.35,-34.18,45.96,-7.39",hong_jean,near_miss,(near miss) HJ motion_data.csv
1539,2026-07-27T13:20:58.984,61.810631,118.086,0.64,-0.42,-0.35,-9.89,42.24,4.58,0.8417244204607586,43.623458138941714,"0.64,-0.42,-0.35,-9.89,42.24,4.58",hong_jean,near_miss,(near miss) HJ motion_data.csv
1540,2026-07-27T13:20:58.985,61.81089,0.2592,0.57,-0.4,-0.33,29.17,20.45,5.37,0.7705841939723393,36.026771989730086,"0.57,-0.40,-0.33,29.17,20.45,5.37",hong_jean,near_miss,(near miss) HJ motion_data.csv
1541,2026-07-27T13:20:58.985,61.811409,0.5192,0.67,-0.45,-0.35,70.25,-15.44,8.42,0.8797158632194829,72.41790179230547,"0.67,-0.45,-0.35,70.25,-15.44,8.42",hong_jean,near_miss,(near miss) HJ motion_data.csv
1542,2026-07-27T13:20:58.986,61.812172,0.7631,0.96,-0.57,-0.4,54.26,-34.61,34.24,1.1859595271340417,72.8997757198196,"0.96,-0.57,-0.40,54.26,-34.61,34.24",hong_jean,near_miss,(near miss) HJ motion_data.csv
1543,2026-07-27T13:20:58.987,61.813326,1.1534,1.24,-0.67,-0.15,-55.36,-12.27,85.69,1.4173919711921612,102.75241408356302,"1.24,-0.67,-0.15,-55.36,-12.27,85.69",hong_jean,near_miss,(near miss) HJ motion_data.csv
1544,2026-07-27T13:20:58.988,61.813809,0.4833,1.25,-0.69,0.23,-148.8,40.22,127.87,1.4462019222777986,200.27437504583557,"1.25,-0.69,0.23,-148.80,40.22,127.87",hong_jean,near_miss,(near miss) HJ motion_data.csv
1545,2026-07-27T13:20:59.165,61.991336,177.5271,1.01,-0.57,0.14,-105.53,34.85,112.12,1.1681609478149833,157.86702568934402,"1.01,-0.57,0.14,-105.53,34.85,112.12",hong_jean,near_miss,(near miss) HJ motion_data.csv
1546,2026-07-27T13:20:59.225,62.050774,59.4377,0.85,-0.47,-0.1,-13.79,-15.87,64.64,0.9764220398987314,67.97316087986492,"0.85,-0.47,-0.10,-13.79,-15.87,64.64",hong_jean,near_miss,(near miss) HJ motion_data.csv
1547,2026-07-27T13:20:59.225,62.05156,0.7864,0.8,-0.55,-0.19,3.05,-12.45,44.68,0.9892421341612984,46.48233427873432,"0.80,-0.55,-0.19,3.05,-12.45,44.68",hong_jean,near_miss,(near miss) HJ motion_data.csv
1548,2026-07-27T13:20:59.226,62.052361,0.8009,0.79,-0.67,-0.2,-17.52,16.66,42.6,1.0549881515922348,48.98230292666935,"0.79,-0.67,-0.20,-17.52,16.66,42.60",hong_jean,near_miss,(near miss) HJ motion_data.csv
1549,2026-07-27T13:20:59.227,62.052939,0.578,0.77,-0.72,-0.19,-13.92,23.5,32.41,1.071167587261676,42.384248253331094,"0.77,-0.72,-0.19,-13.92,23.50,32.41",hong_jean,near_miss,(near miss) HJ motion_data.csv
1550,2026-07-27T13:20:59.228,62.053863,0.9234,0.71,-0.74,-0.13,7.51,16.72,18.62,1.0337311062360461,26.12781850824902,"0.71,-0.74,-0.13,7.51,16.72,18.62",hong_jean,near_miss,(near miss) HJ motion_data.csv
1551,2026-07-27T13:20:59.345,62.171022,117.1596,0.61,-0.8,-0.05,31.43,14.53,11.17,1.007273547751553,36.38316506297933,"0.61,-0.80,-0.05,31.43,14.53,11.17",hong_jean,near_miss,(near miss) HJ motion_data.csv
1552,2026-07-27T13:20:59.345,62.17116,0.1378,0.57,-0.79,-0.01,57.19,14.71,5.0,0.9742176348229383,59.26280621097857,"0.57,-0.79,-0.01,57.19,14.71,5.00",hong_jean,near_miss,(near miss) HJ motion_data.csv
1553,2026-07-27T13:20:59.405,62.231594,60.4341,0.59,-0.67,0.02,76.9,13.85,-9.28,0.892972563968233,78.68640861038202,"0.59,-0.67,0.02,76.90,13.85,-9.28",hong_jean,near_miss,(near miss) HJ motion_data.csv
1554,2026-07-27T13:20:59.406,62.23202,0.4262,0.61,-0.5,0.02,81.73,11.47,-29.85,0.788986691902975,87.76318305531085,"0.61,-0.50,0.02,81.73,11.47,-29.85",hong_jean,near_miss,(near miss) HJ motion_data.csv
1555,2026-07-27T13:20:59.585,62.41174,179.7198,0.61,-0.34,-0.08,72.27,-0.43,-47.73,0.702922470831599,86.60999191779203,"0.61,-0.34,-0.08,72.27,-0.43,-47.73",hong_jean,near_miss,(near miss) HJ motion_data.csv
1556,2026-07-27T13:20:59.586,62.412295,0.5546,0.59,-0.25,-0.15,53.34,-16.24,-51.21,0.6581033353509158,75.70572831695102,"0.59,-0.25,-0.15,53.34,-16.24,-51.21",hong_jean,near_miss,(near miss) HJ motion_data.csv
1557,2026-07-27T13:20:59.586,62.412531,0.236,0.65,-0.18,-0.17,30.7,-6.1,-36.5,0.6955573304911681,48.082741186417394,"0.65,-0.18,-0.17,30.70,-6.10,-36.50",hong_jean,near_miss,(near miss) HJ motion_data.csv
1558,2026-07-27T13:20:59.587,62.413078,0.5471,0.91,-0.22,-0.33,41.2,14.95,-14.28,0.9926731586982697,46.09621351043923,"0.91,-0.22,-0.33,41.20,14.95,-14.28",hong_jean,near_miss,(near miss) HJ motion_data.csv
1559,2026-07-27T13:20:59.587,62.413414,0.3364,1.24,-0.6,-0.62,150.57,-8.36,-1.4,1.5106290080625355,150.80840328045383,"1.24,-0.60,-0.62,150.57,-8.36,-1.40",hong_jean,near_miss,(near miss) HJ motion_data.csv
1560,2026-07-27T13:20:59.645,62.471361,57.9472,1.22,-0.96,-0.69,190.25,-58.35,-25.57,1.6988525539316235,200.6330229548466,"1.22,-0.96,-0.69,190.25,-58.35,-25.57",hong_jean,near_miss,(near miss) HJ motion_data.csv
1561,2026-07-27T13:20:59.765,62.591518,120.1563,1.09,-1.08,-0.69,-4.39,-26.86,-54.08,1.6824387061643584,60.542366157922835,"1.09,-1.08,-0.69,-4.39,-26.86,-54.08",hong_jean,near_miss,(near miss) HJ motion_data.csv
1562,2026-07-27T13:20:59.766,62.592092,0.5745,1.3,-1.01,-0.39,-217.59,101.68,-34.85,1.6918037711271363,242.69065288964057,"1.30,-1.01,-0.39,-217.59,101.68,-34.85",hong_jean,near_miss,(near miss) HJ motion_data.csv
1563,2026-07-27T13:20:59.766,62.592632,0.5396,1.36,-0.89,-0.09,-207.21,165.59,-29.91,1.6278206289391963,266.92815568987845,"1.36,-0.89,-0.09,-207.21,165.59,-29.91",hong_jean,near_miss,(near miss) HJ motion_data.csv
1564,2026-07-27T13:20:59.825,62.651425,58.7928,0.74,-0.91,-0.3,-76.17,120.91,-57.31,1.2106609764917675,153.96601280802201,"0.74,-0.91,-0.30,-76.17,120.91,-57.31",hong_jean,near_miss,(near miss) HJ motion_data.csv
1565,2026-07-27T13:20:59.826,62.651871,0.4465,-0.1,-0.89,-0.46,-3.17,61.83,-52.31,1.0068266980965492,81.05142750130932,"-0.10,-0.89,-0.46,-3.17,61.83,-52.31",hong_jean,near_miss,(near miss) HJ motion_data.csv
1566,2026-07-27T13:20:59.945,62.77159,119.719,-0.48,-0.54,-0.54,18.37,15.93,-8.73,0.9019977827023745,25.834757595146893,"-0.48,-0.54,-0.54,18.37,15.93,-8.73",hong_jean,near_miss,(near miss) HJ motion_data.csv
1567,2026-07-27T13:20:59.946,62.772056,0.4661,-0.34,-0.16,-0.56,31.98,-33.81,36.5,0.6743886120034946,59.144623593358006,"-0.34,-0.16,-0.56,31.98,-33.81,36.50",hong_jean,near_miss,(near miss) HJ motion_data.csv
1568,2026-07-27T13:20:59.946,62.772685,0.6283,0.16,-0.31,-0.45,65.0,-96.5,68.48,0.5693856338194704,135.0065198425617,"0.16,-0.31,-0.45,65.00,-96.50,68.48",hong_jean,near_miss,(near miss) HJ motion_data.csv
1569,2026-07-27T13:21:00.065,62.891134,118.4491,1.38,-0.8,-0.33,102.6,-145.08,110.9,1.6288953311984167,209.4606798423036,"1.38,-0.80,-0.33,102.60,-145.08,110.90",hong_jean,near_miss,(near miss) HJ motion_data.csv
1570,2026-07-27T13:21:00.244,63.07071,179.5764,2.7,-0.91,-0.14,50.66,-157.04,159.36,2.8526654202692616,229.39835832019375,"2.70,-0.91,-0.14,50.66,-157.04,159.36",hong_jean,near_miss,(near miss) HJ motion_data.csv
1571,2026-07-27T13:21:00.245,63.071238,0.5282,2.7,-0.66,0.24,2.93,-169.13,93.87,2.789838705015041,193.45572801031247,"2.70,-0.66,0.24,2.93,-169.13,93.87",hong_jean,near_miss,(near miss) HJ motion_data.csv
1572,2026-07-27T13:21:00.246,63.071763,0.5246,1.89,-0.44,0.47,15.14,-148.62,20.75,1.9966471896657154,150.8233619171778,"1.89,-0.44,0.47,15.14,-148.62,20.75",hong_jean,near_miss,(near miss) HJ motion_data.csv
1573,2026-07-27T13:21:00.246,63.072438,0.6747,1.39,-0.26,0.42,34.85,-88.99,-23.32,1.4751610081614819,98.37461562821986,"1.39,-0.26,0.42,34.85,-88.99,-23.32",hong_jean,near_miss,(near miss) HJ motion_data.csv
1574,2026-07-27T13:21:00.247,63.072914,0.4767,1.39,-0.26,0.42,34.85,-88.99,-23.32,1.4751610081614819,98.37461562821986,"1.39,-0.26,0.42,34.85,-88.99,-23.32",hong_jean,near_miss,(near miss) HJ motion_data.csv
1575,2026-07-27T13:21:00.247,63.07369,0.7759,0.97,-0.38,0.19,11.35,24.54,-35.89,1.0589617556833675,44.93468815959448,"0.97,-0.38,0.19,11.35,24.54,-35.89",hong_jean,near_miss,(near miss) HJ motion_data.csv
1576,2026-07-27T13:21:00.305,63.131504,57.8138,0.82,-0.64,0.07,30.82,47.49,-34.97,1.0425449630591477,66.54377055743085,"0.82,-0.64,0.07,30.82,47.49,-34.97",hong_jean,near_miss,(near miss) HJ motion_data.csv
1577,2026-07-27T13:21:00.306,63.13199,0.4863,0.65,-0.55,-0.02,35.4,51.09,-35.71,0.8517041739947034,71.68369549625633,"0.65,-0.55,-0.02,35.40,51.09,-35.71",hong_jean,near_miss,(near miss) HJ motion_data.csv
1578,2026-07-27T13:21:00.424,63.250731,118.7406,0.73,-0.2,-0.08,8.73,50.48,-57.98,0.7611175993235211,77.37004394466892,"0.73,-0.20,-0.08,8.73,50.48,-57.98",hong_jean,near_miss,(near miss) HJ motion_data.csv
1579,2026-07-27T13:21:00.428,63.254346,3.6154,0.96,-0.08,-0.13,-1.71,51.88,-64.21,0.97205966895042,82.56744273622624,"0.96,-0.08,-0.13,-1.71,51.88,-64.21",hong_jean,near_miss,(near miss) HJ motion_data.csv
1580,2026-07-27T13:21:00.485,63.311275,56.9288,0.85,-0.55,0.02,5.8,48.46,-28.63,1.0126203632161461,56.58346489920885,"0.85,-0.55,0.02,5.80,48.46,-28.63",hong_jean,near_miss,(near miss) HJ motion_data.csv
1581,2026-07-27T13:21:00.486,63.311964,0.689,0.78,-0.46,0.05,-0.79,34.73,6.1,0.9069178573608527,35.270483410353194,"0.78,-0.46,0.05,-0.79,34.73,6.10",hong_jean,near_miss,(near miss) HJ motion_data.csv
1582,2026-07-27T13:21:00.605,63.431399,119.4349,0.88,-0.32,0.05,-22.34,28.87,-12.63,0.937709976485267,38.62731417015685,"0.88,-0.32,0.05,-22.34,28.87,-12.63",hong_jean,near_miss,(near miss) HJ motion_data.csv
1583,2026-07-27T13:21:00.606,63.431814,0.4145,0.87,-0.34,0.06,-27.71,37.66,-46.26,0.9360021367496979,65.7731502970627,"0.87,-0.34,0.06,-27.71,37.66,-46.26",hong_jean,near_miss,(near miss) HJ motion_data.csv
1584,2026-07-27T13:21:00.606,63.432403,0.5893,0.85,-0.4,0.06,-35.52,49.38,-31.74,0.9413288479590965,68.61109531263877,"0.85,-0.40,0.06,-35.52,49.38,-31.74",hong_jean,near_miss,(near miss) HJ motion_data.csv
1585,2026-07-27T13:21:00.785,63.611293,178.8899,0.89,-0.62,0.09,-85.21,64.76,4.58,1.088393311262064,107.12412473388055,"0.89,-0.62,0.09,-85.21,64.76,4.58",hong_jean,near_miss,(near miss) HJ motion_data.csv
1586,2026-07-27T13:21:00.786,63.612029,0.7361,0.79,-0.92,0.15,-126.65,72.27,48.52,1.2218837915284744,153.67942542838972,"0.79,-0.92,0.15,-126.65,72.27,48.52",hong_jean,near_miss,(near miss) HJ motion_data.csv
1587,2026-07-27T13:21:00.786,63.612481,0.4525,0.51,-0.76,0.11,-113.1,59.88,90.76,0.9218459741193211,156.89041398377404,"0.51,-0.76,0.11,-113.10,59.88,90.76",hong_jean,near_miss,(near miss) HJ motion_data.csv
1588,2026-07-27T13:21:00.787,63.612993,0.5114,0.31,-0.39,0.01,-72.69,33.02,70.86,0.4982971001320397,106.7487522175318,"0.31,-0.39,0.01,-72.69,33.02,70.86",hong_jean,near_miss,(near miss) HJ motion_data.csv
1589,2026-07-27T13:21:00.787,63.613671,0.6784,0.49,-0.42,-0.09,-59.2,1.28,-13.85,0.6516133823057964,60.81201279352625,"0.49,-0.42,-0.09,-59.20,1.28,-13.85",hong_jean,near_miss,(near miss) HJ motion_data.csv
1590,2026-07-27T13:21:00.845,63.670973,57.3021,0.74,-0.57,-0.19,-102.54,-22.71,-53.77,0.9532051195833979,117.98901898058142,"0.74,-0.57,-0.19,-102.54,-22.71,-53.77",hong_jean,near_miss,(near miss) HJ motion_data.csv
1591,2026-07-27T13:21:00.965,63.791397,120.424,1.03,-0.91,-0.34,-237.61,2.14,26.55,1.4158389738949835,239.09829401315267,"1.03,-0.91,-0.34,-237.61,2.14,26.55",hong_jean,near_miss,(near miss) HJ motion_data.csv
1592,2026-07-27T13:21:00.966,63.792092,0.6949,1.25,-1.13,-0.51,-461.0,171.51,185.0,1.7605396899814556,525.5108753394168,"1.25,-1.13,-0.51,-461.00,171.51,185.00",hong_jean,near_miss,(near miss) HJ motion_data.csv
1593,2026-07-27T13:21:00.966,63.792727,0.635,1.34,-0.64,-0.57,-603.03,363.34,229.0,1.5906288064787462,740.3392036762608,"1.34,-0.64,-0.57,-603.03,363.34,229.00",hong_jean,near_miss,(near miss) HJ motion_data.csv
1594,2026-07-27T13:21:01.085,63.911299,118.5717,1.48,0.12,-0.62,-464.11,318.05,23.01,1.6090991268408543,563.101549189842,"1.48,0.12,-0.62,-464.11,318.05,23.01",hong_jean,near_miss,(near miss) HJ motion_data.csv
1595,2026-07-27T13:21:01.086,63.911922,0.6236,1.08,0.36,-0.61,-282.35,153.93,-220.09,1.2915494570476191,389.68650926096996,"1.08,0.36,-0.61,-282.35,153.93,-220.09",hong_jean,near_miss,(near miss) HJ motion_data.csv
1596,2026-07-27T13:21:01.086,63.912339,0.4165,0.26,-0.07,-0.5,-304.69,117.86,-268.01,0.5678908345800273,422.5592689789209,"0.26,-0.07,-0.50,-304.69,117.86,-268.01",hong_jean,near_miss,(near miss) HJ motion_data.csv
1597,2026-07-27T13:21:01.265,64.091591,179.2525,-0.1,-0.24,-0.32,-296.08,153.56,-209.1,0.412310562561766,393.6582909072283,"-0.10,-0.24,-0.32,-296.08,153.56,-209.1",hong_jean,near_miss,(near miss) HJ motion_data.csv
1598,2026-07-27T13:21:01.266,64.092189,0.5979,0.07,0.03,-0.21,-299.93,79.96,-83.68,0.22338307903688676,321.48708978744384,"0.07,0.03,-0.21,-299.93,79.96,-83.68",hong_jean,near_miss,(near miss) HJ motion_data.csv
1599,2026-07-27T13:21:01.266,64.092636,0.4463,0.62,-0.02,-0.62,-441.53,-115.23,88.81,0.877040477971228,464.88053293292455,"0.62,-0.02,-0.62,-441.53,-115.23,88.81",hong_jean,near_miss,(near miss) HJ motion_data.csv
1600,2026-07-27T13:21:01.267,64.093232,0.5966,1.12,-0.45,-1.04,-483.83,-268.49,182.07,1.593267083699403,582.5185266581656,"1.12,-0.45,-1.04,-483.83,-268.49,182.07",hong_jean,near_miss,(near miss) HJ motion_data.csv
1601,2026-07-27T13:21:01.267,64.093661,0.4288,1.11,-0.53,-0.85,-285.46,-251.59,106.69,1.4951588544365444,395.180586314662,"1.11,-0.53,-0.85,-285.46,-251.59,106.69",hong_jean,near_miss,(near miss) HJ motion_data.csv
1602,2026-07-27T13:21:01.565,64.391039,297.3776,0.9,0.05,-0.82,-24.6,-155.21,-18.55,1.2185647295076285,158.23844855154516,"0.90,0.05,-0.82,-24.60,-155.21,-18.55",hong_jean,near_miss,(near miss) HJ motion_data.csv
1603,2026-07-27T13:21:01.565,64.391479,0.4409,0.9,0.83,-1.05,150.94,-67.2,43.21,1.6128856128070583,170.78005650543625,"0.90,0.83,-1.05,150.94,-67.20,43.21",hong_jean,near_miss,(near miss) HJ motion_data.csv
1604,2026-07-27T13:21:01.565,64.39173,0.2503,1.13,1.04,-0.99,156.31,-7.75,145.45,1.8271836251455407,213.65528568233455,"1.13,1.04,-0.99,156.31,-7.75,145.45",hong_jean,near_miss,(near miss) HJ motion_data.csv
1605,2026-07-27T13:21:01.567,64.392842,1.1118,1.4,0.22,-0.88,-41.38,-20.51,163.02,1.6681726529349412,169.43578400090107,"1.40,0.22,-0.88,-41.38,-20.51,163.02",hong_jean,near_miss,(near miss) HJ motion_data.csv
1606,2026-07-27T13:21:01.567,64.393653,0.8112,1.26,-0.81,-0.6,-234.19,57.37,189.33,1.6135984630632245,306.5650369823669,"1.26,-0.81,-0.60,-234.19,57.37,189.33",hong_jean,near_miss,(near miss) HJ motion_data.csv
1607,2026-07-27T13:21:01.568,64.394731,1.078,0.86,-1.02,-0.23,-204.41,195.86,159.91,1.3538463723776046,325.13965584037885,"0.86,-1.02,-0.23,-204.41,195.86,159.91",hong_jean,near_miss,(near miss) HJ motion_data.csv
1608,2026-07-27T13:21:01.569,64.395358,0.6271,0.68,-0.62,0.05,-42.05,176.57,53.71,0.9215747392371386,189.28795920501653,"0.68,-0.62,0.05,-42.05,176.57,53.71",hong_jean,near_miss,(near miss) HJ motion_data.csv
1609,2026-07-27T13:21:01.746,64.571758,176.4003,0.64,-0.17,0.41,-0.18,92.29,-21.42,0.7788452991448301,94.7433000269676,"0.64,-0.17,0.41,-0.18,92.29,-21.42",hong_jean,near_miss,(near miss) HJ motion_data.csv
1610,2026-07-27T13:21:01.746,64.572322,0.5639,0.67,0.1,0.5,-71.53,82.64,-45.96,0.841961994391671,118.56741584432041,"0.67,0.10,0.50,-71.53,82.64,-45.96",hong_jean,near_miss,(near miss) HJ motion_data.csv
1611,2026-07-27T13:21:01.746,64.572628,0.3055,0.75,0.19,0.3,-129.58,117.98,-81.36,0.8298192574289898,193.2089708062232,"0.75,0.19,0.30,-129.58,117.98,-81.36",hong_jean,near_miss,(near miss) HJ motion_data.csv
1612,2026-07-27T13:21:01.747,64.573436,0.8088,0.8,0.33,0.15,-146.12,157.71,-131.59,0.8782938005018595,252.07028107256122,"0.80,0.33,0.15,-146.12,157.71,-131.59",hong_jean,near_miss,(near miss) HJ motion_data.csv
1613,2026-07-27T13:21:01.805,64.631359,57.9227,0.84,0.38,0.1,-149.48,169.43,-116.15,0.9273618495495703,254.05042373513177,"0.84,0.38,0.10,-149.48,169.43,-116.15",hong_jean,near_miss,(near miss) HJ motion_data.csv
1614,2026-07-27T13:21:01.806,64.631959,0.6002,1.07,0.35,0.01,-135.07,119.14,-42.66,1.1258330249197703,185.08949213826267,"1.07,0.35,0.01,-135.07,119.14,-42.66",hong_jean,near_miss,(near miss) HJ motion_data.csv
1615,2026-07-27T13:21:01.987,64.812848,180.8889,1.4,0.46,0.06,-122.68,54.14,-20.69,1.4748559251669295,135.6819741159451,"1.40,0.46,0.06,-122.68,54.14,-20.69",hong_jean,near_miss,(near miss) HJ motion_data.csv
1616,2026-07-27T13:21:01.987,64.813228,0.3802,1.46,0.42,0.29,-139.34,46.81,-27.65,1.546641522784126,149.57049909657988,"1.46,0.42,0.29,-139.34,46.81,-27.65",hong_jean,near_miss,(near miss) HJ motion_data.csv
1617,2026-07-27T13:21:01.990,64.815981,2.7526,1.18,0.03,0.48,-131.9,83.13,9.4,1.274244874425634,156.19400404625014,"1.18,0.03,0.48,-131.90,83.13,9.40",hong_jean,near_miss,(near miss) HJ motion_data.csv
1618,2026-07-27T13:21:02.045,64.870775,54.7936,0.87,-0.45,0.75,-98.45,129.39,79.96,1.2336531116971254,181.1843707387588,"0.87,-0.45,0.75,-98.45,129.39,79.96",hong_jean,near_miss,(near miss) HJ motion_data.csv
1619,2026-07-27T13:21:02.045,64.871506,0.7312,0.57,-0.7,0.86,-140.81,186.46,111.57,1.2467958934805647,258.92595968732064,"0.57,-0.70,0.86,-140.81,186.46,111.57",hong_jean,near_miss,(near miss) HJ motion_data.csv
1620,2026-07-27T13:21:02.046,64.871817,0.3108,0.55,-0.58,0.66,-179.44,155.33,49.8,1.0365809182114052,242.49981958756175,"0.55,-0.58,0.66,-179.44,155.33,49.80",hong_jean,near_miss,(near miss) HJ motion_data.csv
1621,2026-07-27T13:21:02.285,65.111337,239.5203,0.73,-0.35,0.53,-109.92,39.25,-64.58,0.9676259607927021,133.39244843693362,"0.73,-0.35,0.53,-109.92,39.25,-64.58",hong_jean,near_miss,(near miss) HJ motion_data.csv
1622,2026-07-27T13:21:02.286,65.111944,0.6068,0.65,-0.2,0.47,-4.21,-0.06,-155.7,0.8266801074176153,155.7569186264289,"0.65,-0.20,0.47,-4.21,-0.06,-155.70",hong_jean,near_miss,(near miss) HJ motion_data.csv
1623,2026-07-27T13:21:02.286,65.112333,0.3892,0.65,0.0,0.41,24.78,-0.43,-221.19,0.768505042273634,222.57414360163222,"0.65,0.00,0.41,24.78,-0.43,-221.19",hong_jean,near_miss,(near miss) HJ motion_data.csv
1624,2026-07-27T13:21:02.287,65.113017,0.6839,0.84,0.19,0.4,-77.64,-25.45,-267.4,0.9495788540189803,279.60406309637204,"0.84,0.19,0.40,-77.64,-25.45,-267.40",hong_jean,near_miss,(near miss) HJ motion_data.csv
1625,2026-07-27T13:21:02.287,65.113657,0.6401,0.83,0.19,0.55,-224.43,-12.88,-207.7,1.0136567466356647,306.0621003979421,"0.83,0.19,0.55,-224.43,-12.88,-207.70",hong_jean,near_miss,(near miss) HJ motion_data.csv
1626,2026-07-27T13:21:02.288,65.114555,0.8982,0.67,0.13,0.88,-210.75,70.19,-125.98,1.1136426715962353,255.3686727067359,"0.67,0.13,0.88,-210.75,70.19,-125.98",hong_jean,near_miss,(near miss) HJ motion_data.csv
1627,2026-07-27T13:21:02.466,65.291759,177.2043,0.5,0.2,1.08,18.62,164.18,-118.59,1.2068139873236472,203.3847705704633,"0.50,0.20,1.08,18.62,164.18,-118.59",hong_jean,near_miss,(near miss) HJ motion_data.csv
1628,2026-07-27T13:21:02.467,65.292976,1.2167,0.46,0.35,0.9,214.42,187.56,-89.23,1.0696261028976435,298.5241747329687,"0.46,0.35,0.90,214.42,187.56,-89.23",hong_jean,near_miss,(near miss) HJ motion_data.csv
1629,2026-07-27T13:21:02.468,65.29418,1.2042,0.55,0.51,0.64,211.43,144.59,-33.02,0.9860020283954795,258.26194725510766,"0.55,0.51,0.64,211.43,144.59,-33.02",hong_jean,near_miss,(near miss) HJ motion_data.csv
1630,2026-07-27T13:21:02.468,65.294505,0.3247,0.5,0.71,0.55,77.39,49.26,-34.55,1.0279105019407089,98.02786440599426,"0.50,0.71,0.55,77.39,49.26,-34.55",hong_jean,near_miss,(near miss) HJ motion_data.csv
1631,2026-07-27T13:21:02.525,65.350968,56.4627,0.23,0.72,0.48,-67.38,-52.25,-101.38,0.8953770155638349,132.46898240720353,"0.23,0.72,0.48,-67.38,-52.25,-101.38",hong_jean,near_miss,(near miss) HJ motion_data.csv
1632,2026-07-27T13:21:02.525,65.351571,0.6032,-0.2,0.47,0.59,-132.14,-108.95,-157.41,0.7803845206050668,232.61339213381504,"-0.20,0.47,0.59,-132.14,-108.95,-157.41",hong_jean,near_miss,(near miss) HJ motion_data.csv
1633,2026-07-27T13:21:02.586,65.411858,60.2873,-0.58,0.2,0.94,-116.33,-119.32,-159.61,1.1224972160321822,230.74939523214357,"-0.58,0.20,0.94,-116.33,-119.32,-159.61",hong_jean,near_miss,(near miss) HJ motion_data.csv
1634,2026-07-27T13:21:02.586,65.41235,0.4922,-0.63,0.02,1.17,-85.88,-91.8,-122.99,1.3289845747788045,175.86686583890668,"-0.63,0.02,1.17,-85.88,-91.80,-122.99",hong_jean,near_miss,(near miss) HJ motion_data.csv
1635,2026-07-27T13:21:02.645,65.471318,58.9673,-0.31,-0.14,1.19,-84.53,-53.96,-77.82,1.237659080684176,126.93681459686941,"-0.31,-0.14,1.19,-84.53,-53.96,-77.82",hong_jean,near_miss,(near miss) HJ motion_data.csv
1636,2026-07-27T13:21:02.765,65.591491,120.1738,0.17,-0.17,1.16,-110.66,-27.4,-41.93,1.184651847590675,121.46818719319063,"0.17,-0.17,1.16,-110.66,-27.40,-41.93",hong_jean,near_miss,(near miss) HJ motion_data.csv
1637,2026-07-27T13:21:02.766,65.591904,0.4124,0.55,0.04,1.08,-132.39,0.98,-19.41,1.212641744292188,133.808895817879,"0.55,0.04,1.08,-132.39,0.98,-19.41",hong_jean,near_miss,(near miss) HJ motion_data.csv
1638,2026-07-27T13:21:02.767,65.593022,1.1181,0.74,0.26,0.98,-138.67,27.34,-15.26,1.2552290627610563,142.16086697822294,"0.74,0.26,0.98,-138.67,27.34,-15.26",hong_jean,near_miss,(near miss) HJ motion_data.csv
1639,2026-07-27T13:21:02.886,65.711824,118.8021,0.75,0.34,0.92,-131.71,32.78,-26.31,1.2347064428438042,138.25436195650394,"0.75,0.34,0.92,-131.71,32.78,-26.31",hong_jean,near_miss,(near miss) HJ motion_data.csv
1640,2026-07-27T13:21:03.005,65.83094,119.1161,0.69,0.27,0.92,-114.99,17.64,-44.31,1.1812705024675763,124.48793435510125,"0.69,0.27,0.92,-114.99,17.64,-44.31",hong_jean,near_miss,(near miss) HJ motion_data.csv
1641,2026-07-27T13:21:03.065,65.891686,60.7461,0.65,0.19,0.99,-93.32,-1.04,-55.85,1.199458211026962,108.76086842242479,"0.65,0.19,0.99,-93.32,-1.04,-55.85",hong_jean,near_miss,(near miss) HJ motion_data.csv
1642,2026-07-27T13:21:03.066,65.89239,0.7038,0.61,0.16,0.9,-71.17,-8.91,-57.25,1.0989540481748998,91.77210632866613,"0.61,0.16,0.90,-71.17,-8.91,-57.25",hong_jean,near_miss,(near miss) HJ motion_data.csv
1643,2026-07-27T13:21:03.067,65.893028,0.6381,0.45,0.16,0.62,-10.5,-33.63,-70.01,0.7826237921249264,78.37491307810173,"0.45,0.16,0.62,-10.50,-33.63,-70.01",hong_jean,near_miss,(near miss) HJ motion_data.csv
1644,2026-07-27T13:21:03.067,65.893604,0.5762,0.29,0.21,0.36,161.99,-506.9,-135.5,0.5077400909914441,549.1344280774972,"0.29,0.21,0.36,161.99,-506.90,-135.50",hong_jean,near_miss,(near miss) HJ motion_data.csv
1645,2026-07-27T13:21:03.068,65.894095,0.4903,0.15,0.14,0.1,62.56,-852.6,-96.31,0.22825424421026655,860.3000230733462,"0.15,0.14,0.10,62.56,-852.60,-96.31",hong_jean,near_miss,(near miss) HJ motion_data.csv
1646,2026-07-27T13:21:03.068,65.894408,0.3135,0.02,0.03,-0.11,-28.08,-988.22,-64.03,0.11575836902790225,990.690211771571,"0.02,0.03,-0.11,-28.08,-988.22,-64.03",hong_jean,near_miss,(near miss) HJ motion_data.csv
1647,2026-07-27T13:21:03.365,66.191294,296.8862,-0.02,-0.01,-0.16,-51.27,-968.69,-63.6,0.16155494421403513,972.1285352256665,"-0.02,-0.01,-0.16,-51.27,-968.69,-63.60",hong_jean,near_miss,(near miss) HJ motion_data.csv
1648,2026-07-27T13:21:03.366,66.192362,1.0673,-0.01,-0.0,-0.12,-38.7,-915.89,-77.58,0.12041594578792295,919.9841512221827,"-0.01,-0.00,-0.12,-38.70,-915.89,-77.58",hong_jean,near_miss,(near miss) HJ motion_data.csv
1649,2026-07-27T13:21:03.367,66.19301,0.6482,0.01,0.01,-0.09,-26.31,-886.47,-89.66,0.09110433579144299,891.3810591436189,"0.01,0.01,-0.09,-26.31,-886.47,-89.66",hong_jean,near_miss,(near miss) HJ motion_data.csv
1650,2026-07-27T13:21:03.367,66.193454,0.4443,0.01,0.02,-0.06,-25.94,-881.96,-97.35,0.06403124237432849,887.6955264616354,"0.01,0.02,-0.06,-25.94,-881.96,-97.35",hong_jean,near_miss,(near miss) HJ motion_data.csv
1651,2026-07-27T13:21:03.368,66.193905,0.4509,0.01,0.03,-0.05,-48.1,-897.46,-100.1,0.05916079783099616,904.3052977838845,"0.01,0.03,-0.05,-48.10,-897.46,-100.10",hong_jean,near_miss,(near miss) HJ motion_data.csv
1652,2026-07-27T13:21:03.368,66.194373,0.4678,0.11,0.19,0.43,-366.82,-835.02,-54.99,0.4828043081829324,913.6953611023753,"0.11,0.19,0.43,-366.82,-835.02,-54.99",hong_jean,near_miss,(near miss) HJ motion_data.csv
1653,2026-07-27T13:21:03.370,66.195781,1.4083,0.57,-0.15,1.4,-1132.45,-354.61,54.93,1.5190128373387763,1187.9429950548974,"0.57,-0.15,1.40,-1132.45,-354.61,54.93",hong_jean,near_miss,(near miss) HJ motion_data.csv
1654,2026-07-27T13:21:03.485,66.311287,115.5061,0.53,-0.27,-0.55,-1751.04,245.54,145.39,0.8101234473831751,1774.1390095761944,"0.53,-0.27,-0.55,-1751.04,245.54,145.39",hong_jean,near_miss,(near miss) HJ motion_data.csv
1655,2026-07-27T13:21:03.486,66.311895,0.6073,0.67,0.38,-1.53,-1471.37,265.32,159.67,1.7129506706265654,1503.601971334169,"0.67,0.38,-1.53,-1471.37,265.32,159.67",hong_jean,near_miss,(near miss) HJ motion_data.csv
1656,2026-07-27T13:21:03.486,66.31235,0.4549,0.72,0.5,-1.35,-412.11,-85.39,117.8,1.6096272860510288,437.038836031765,"0.72,0.50,-1.35,-412.11,-85.39,117.80",hong_jean,near_miss,(near miss) HJ motion_data.csv
1657,2026-07-27T13:21:03.725,66.551241,238.8918,0.3,0.18,-1.02,392.58,-237.37,63.66,1.0783320453366858,463.1589024298248,"0.30,0.18,-1.02,392.58,-237.37,63.66",hong_jean,near_miss,(near miss) HJ motion_data.csv
1658,2026-07-27T13:21:03.725,66.551562,0.3209,-0.24,-0.02,-0.9,393.07,-135.93,19.78,0.9316651759081693,416.37992050530005,"-0.24,-0.02,-0.90,393.07,-135.93,19.78",hong_jean,near_miss,(near miss) HJ motion_data.csv
1659,2026-07-27T13:21:03.726,66.552162,0.5995,-0.43,0.01,-0.92,89.11,-11.96,-4.82,1.0155786527886455,90.03813691986302,"-0.43,0.01,-0.92,89.11,-11.96,-4.82",hong_jean,near_miss,(near miss) HJ motion_data.csv
1660,2026-07-27T13:21:03.727,66.552681,0.5194,-0.38,0.06,-0.95,-58.41,35.52,-6.29,1.0249390225764652,68.65102038571604,"-0.38,0.06,-0.95,-58.41,35.52,-6.29",hong_jean,near_miss,(near miss) HJ motion_data.csv
1661,2026-07-27T13:21:03.727,66.553675,0.9939,-0.28,0.08,-0.97,-56.52,25.02,-1.71,1.012768482921936,61.833930006105874,"-0.28,0.08,-0.97,-56.52,25.02,-1.71",hong_jean,near_miss,(near miss) HJ motion_data.csv
1662,2026-07-27T13:21:03.729,66.555167,1.4916,-0.24,0.07,-0.97,-15.62,4.33,0.67,1.0016985574512924,16.222891234302224,"-0.24,0.07,-0.97,-15.62,4.33,0.67",hong_jean,near_miss,(near miss) HJ motion_data.csv
1663,2026-07-27T13:21:03.845,66.671465,116.2979,-0.25,0.07,-0.96,7.63,-4.64,0.73,0.9944847912361455,8.959877231301776,"-0.25,0.07,-0.96,7.63,-4.64,0.73",hong_jean,near_miss,(near miss) HJ motion_data.csv
1664,2026-07-27T13:21:03.846,66.672492,1.0271,-0.26,0.06,-0.96,9.52,-4.09,0.12,0.996393496566492,10.362089557613368,"-0.26,0.06,-0.96,9.52,-4.09,0.12",hong_jean,near_miss,(near miss) HJ motion_data.csv
1665,2026-07-27T13:21:03.905,66.730977,58.4855,-0.27,0.06,-0.96,4.03,-1.16,-0.24,0.9990495483208027,4.200488066879848,"-0.27,0.06,-0.96,4.03,-1.16,-0.24",hong_jean,near_miss,(near miss) HJ motion_data.csv
1666,2026-07-27T13:21:03.905,66.731601,0.6235,-0.27,0.06,-0.96,0.31,0.31,-0.31,0.9990495483208027,0.536935750346352,"-0.27,0.06,-0.96,0.31,0.31,-0.31",hong_jean,near_miss,(near miss) HJ motion_data.csv
1667,2026-07-27T13:21:03.906,66.732641,1.0405,-0.27,0.06,-0.96,-0.31,0.43,-0.18,0.9990495483208027,0.5598214000911361,"-0.27,0.06,-0.96,-0.31,0.43,-0.18",hong_jean,near_miss,(near miss) HJ motion_data.csv
1668,2026-07-27T13:21:04.025,66.850894,118.2532,-0.26,0.06,-0.96,0.37,0.0,-0.12,0.996393496566492,0.3889730067755345,"-0.26,0.06,-0.96,0.37,0.00,-0.12",hong_jean,near_miss,(near miss) HJ motion_data.csv
1669,2026-07-27T13:21:04.084,66.910576,59.6821,-0.26,0.06,-0.96,0.92,-0.24,-0.12,0.996393496566492,0.9583318840568752,"-0.26,0.06,-0.96,0.92,-0.24,-0.12",hong_jean,near_miss,(near miss) HJ motion_data.csv
1670,2026-07-27T13:21:04.205,67.030869,120.2922,-0.26,0.06,-0.96,1.04,-0.24,-0.12,0.996393496566492,1.0740577265678042,"-0.26,0.06,-0.96,1.04,-0.24,-0.12",hong_jean,near_miss,(near miss) HJ motion_data.csv
1671,2026-07-27T13:21:04.206,67.031808,0.9396,-0.26,0.06,-0.96,0.92,-0.24,-0.06,0.996393496566492,0.9526804291051644,"-0.26,0.06,-0.96,0.92,-0.24,-0.06",hong_jean,near_miss,(near miss) HJ motion_data.csv
1672,2026-07-27T13:21:04.206,67.032098,0.2895,-0.26,0.06,-0.96,0.73,-0.24,-0.06,0.996393496566492,0.7707788269017254,"-0.26,0.06,-0.96,0.73,-0.24,-0.06",hong_jean,near_miss,(near miss) HJ motion_data.csv
1673,2026-07-27T13:21:04.207,67.033056,0.9578,-0.27,0.06,-0.96,0.67,-0.24,-0.06,0.9990495483208027,0.7142128534267639,"-0.27,0.06,-0.96,0.67,-0.24,-0.06",hong_jean,near_miss,(near miss) HJ motion_data.csv
1674,2026-07-27T13:21:04.208,67.033799,0.7431,-0.27,0.06,-0.96,0.67,-0.24,-0.06,0.9990495483208027,0.7142128534267639,"-0.27,0.06,-0.96,0.67,-0.24,-0.06",hong_jean,near_miss,(near miss) HJ motion_data.csv
1675,2026-07-27T13:21:04.325,67.151709,117.9108,-0.27,0.06,-0.96,0.67,-0.24,-0.06,0.9990495483208027,0.7142128534267639,"-0.27,0.06,-0.96,0.67,-0.24,-0.06",hong_jean,near_miss,(near miss) HJ motion_data.csv
1676,2026-07-27T13:21:04.327,67.152801,1.0916,-0.26,0.06,-0.96,0.67,-0.18,-0.06,0.996393496566492,0.6963476143421474,"-0.26,0.06,-0.96,0.67,-0.18,-0.06",hong_jean,near_miss,(near miss) HJ motion_data.csv
1677,2026-07-27T13:21:04.327,67.153551,0.7498,-0.26,0.06,-0.96,0.67,-0.18,-0.06,0.996393496566492,0.6963476143421474,"-0.26,0.06,-0.96,0.67,-0.18,-0.06",hong_jean,near_miss,(near miss) HJ motion_data.csv
1678,2026-07-27T13:21:04.626,67.451791,298.2402,-0.26,0.05,-0.96,0.67,-0.18,-0.06,0.9958413528268446,0.6963476143421474,"-0.26,0.05,-0.96,0.67,-0.18,-0.06",hong_jean,near_miss,(near miss) HJ motion_data.csv
1679,2026-07-27T13:21:04.626,67.452599,0.8076,-0.27,0.05,-0.96,0.67,-0.18,-0.06,0.9984988733093293,0.6963476143421474,"-0.27,0.05,-0.96,0.67,-0.18,-0.06",hong_jean,near_miss,(near miss) HJ motion_data.csv
1680,2026-07-27T13:21:04.626,67.452664,0.0652,-0.27,0.05,-0.96,0.67,-0.24,-0.06,0.9984988733093293,0.7142128534267639,"-0.27,0.05,-0.96,0.67,-0.24,-0.06",hong_jean,near_miss,(near miss) HJ motion_data.csv
1681,2026-07-27T13:21:04.626,67.452697,0.0331,-0.27,0.05,-0.96,0.67,-0.24,-0.12,0.9984988733093293,0.7217340230306453,"-0.27,0.05,-0.96,0.67,-0.24,-0.12",hong_jean,near_miss,(near miss) HJ motion_data.csv
1682,2026-07-27T13:21:04.632,67.458332,5.6347,-0.27,0.05,-0.96,0.67,-0.18,-0.06,0.9984988733093293,0.6963476143421474,"-0.27,0.05,-0.96,0.67,-0.18,-0.06",hong_jean,near_miss,(near miss) HJ motion_data.csv
1683,2026-07-27T13:21:04.633,67.459091,0.7592,-0.27,0.05,-0.96,0.61,-0.18,-0.06,0.9984988733093293,0.6388270501473775,"-0.27,0.05,-0.96,0.61,-0.18,-0.06",hong_jean,near_miss,(near miss) HJ motion_data.csv
1684,2026-07-27T13:21:04.634,67.460199,1.1078,-0.27,0.05,-0.96,0.61,-0.18,-0.06,0.9984988733093293,0.6388270501473775,"-0.27,0.05,-0.96,0.61,-0.18,-0.06",hong_jean,near_miss,(near miss) HJ motion_data.csv
1685,2026-07-27T13:21:04.634,67.460522,0.3234,-0.27,0.05,-0.96,0.55,-0.18,-0.06,0.9984988733093293,0.5818075283115542,"-0.27,0.05,-0.96,0.55,-0.18,-0.06",hong_jean,near_miss,(near miss) HJ motion_data.csv
1686,2026-07-27T13:21:04.745,67.571053,110.5315,-0.27,0.05,-0.96,0.55,-0.18,-0.06,0.9984988733093293,0.5818075283115542,"-0.27,0.05,-0.96,0.55,-0.18,-0.06",hong_jean,near_miss,(near miss) HJ motion_data.csv
1687,2026-07-27T13:21:04.745,67.571744,0.6905,-0.27,0.05,-0.96,0.49,-0.18,-0.06,0.9984988733093293,0.525452186216786,"-0.27,0.05,-0.96,0.49,-0.18,-0.06",hong_jean,near_miss,(near miss) HJ motion_data.csv
1688,2026-07-27T13:21:04.746,67.572349,0.6053,-0.27,0.05,-0.96,0.49,-0.18,-0.06,0.9984988733093293,0.525452186216786,"-0.27,0.05,-0.96,0.49,-0.18,-0.06",hong_jean,near_miss,(near miss) HJ motion_data.csv
1689,2026-07-27T13:21:04.804,67.630717,58.3676,-0.27,0.05,-0.96,0.55,-0.18,0.0,0.9984988733093293,0.5787054518492115,"-0.27,0.05,-0.96,0.55,-0.18,0.00",hong_jean,near_miss,(near miss) HJ motion_data.csv
1690,2026-07-27T13:21:04.865,67.691577,60.86,-0.27,0.05,-0.96,0.55,-0.18,0.0,0.9984988733093293,0.5787054518492115,"-0.27,0.05,-0.96,0.55,-0.18,0.00",hong_jean,near_miss,(near miss) HJ motion_data.csv
1691,2026-07-27T13:21:04.865,67.69169,0.113,-0.27,0.05,-0.96,0.55,-0.18,0.0,0.9984988733093293,0.5787054518492115,"-0.27,0.05,-0.96,0.55,-0.18,0.00",hong_jean,near_miss,(near miss) HJ motion_data.csv
1692,2026-07-27T13:21:04.985,67.811436,119.7461,-0.27,0.05,-0.96,0.55,-0.24,0.0,0.9984988733093293,0.6000833275470999,"-0.27,0.05,-0.96,0.55,-0.24,0.00",hong_jean,near_miss,(near miss) HJ motion_data.csv
1693,2026-07-27T13:21:04.986,67.812297,0.8613,-0.27,0.05,-0.96,0.55,-0.18,0.0,0.9984988733093293,0.5787054518492115,"-0.27,0.05,-0.96,0.55,-0.18,0.00",hong_jean,near_miss,(near miss) HJ motion_data.csv
1694,2026-07-27T13:21:04.987,67.812937,0.6398,-0.27,0.05,-0.96,0.49,-0.18,0.0,0.9984988733093293,0.5220153254455274,"-0.27,0.05,-0.96,0.49,-0.18,0.00",hong_jean,near_miss,(near miss) HJ motion_data.csv
1695,2026-07-27T13:21:05.404,68.230608,417.671,-0.27,0.05,-0.96,0.49,-0.18,0.0,0.9984988733093293,0.5220153254455274,"-0.27,0.05,-0.96,0.49,-0.18,0.00",hong_jean,near_miss,(near miss) HJ motion_data.csv
1696,2026-07-27T13:21:05.405,68.231167,0.5586,-0.27,0.05,-0.96,0.49,-0.18,0.0,0.9984988733093293,0.5220153254455274,"-0.27,0.05,-0.96,0.49,-0.18,0.00",hong_jean,near_miss,(near miss) HJ motion_data.csv
1697,2026-07-27T13:21:05.405,68.231657,0.4899,-0.27,0.05,-0.96,0.49,-0.18,0.0,0.9984988733093293,0.5220153254455274,"-0.27,0.05,-0.96,0.49,-0.18,0.00",hong_jean,near_miss,(near miss) HJ motion_data.csv
1698,2026-07-27T13:21:05.406,68.232306,0.649,-0.27,0.05,-0.96,0.49,-0.18,0.0,0.9984988733093293,0.5220153254455274,"-0.27,0.05,-0.96,0.49,-0.18,0.00",hong_jean,near_miss,(near miss) HJ motion_data.csv
1699,2026-07-27T13:21:05.407,68.232777,0.4715,-0.27,0.05,-0.96,0.49,-0.18,0.0,0.9984988733093293,0.5220153254455274,"-0.27,0.05,-0.96,0.49,-0.18,0.00",hong_jean,near_miss,(near miss) HJ motion_data.csv
1700,2026-07-27T13:21:05.407,68.233665,0.888,-0.27,0.05,-0.96,0.49,-0.18,0.0,0.9984988733093293,0.5220153254455274,"-0.27,0.05,-0.96,0.49,-0.18,0.00",hong_jean,near_miss,(near miss) HJ motion_data.csv
1701,2026-07-27T13:21:05.408,68.234237,0.5717,-0.27,0.05,-0.96,0.43,-0.18,0.0,0.9984988733093293,0.46615448083226657,"-0.27,0.05,-0.96,0.43,-0.18,0.00",hong_jean,near_miss,(near miss) HJ motion_data.csv
1702,2026-07-27T13:21:05.409,68.235008,0.7713,-0.27,0.05,-0.96,0.43,-0.18,0.0,0.9984988733093293,0.46615448083226657,"-0.27,0.05,-0.96,0.43,-0.18,0.00",hong_jean,near_miss,(near miss) HJ motion_data.csv
1703,2026-07-27T13:21:05.410,68.236355,1.347,-0.27,0.05,-0.96,0.43,-0.18,0.0,0.9984988733093293,0.46615448083226657,"-0.27,0.05,-0.96,0.43,-0.18,0.00",hong_jean,near_miss,(near miss) HJ motion_data.csv
1704,2026-07-27T13:21:05.411,68.236875,0.52,-0.27,0.05,-0.96,0.43,-0.18,0.06,0.9984988733093293,0.47,"-0.27,0.05,-0.96,0.43,-0.18,0.06",hong_jean,near_miss,(near miss) HJ motion_data.csv
1705,2026-07-27T13:21:05.465,68.291357,54.4819,-0.27,0.05,-0.96,0.43,-0.18,0.06,0.9984988733093293,0.47,"-0.27,0.05,-0.96,0.43,-0.18,0.06",hong_jean,near_miss,(near miss) HJ motion_data.csv
1706,2026-07-27T13:21:05.466,68.292072,0.715,-0.27,0.05,-0.96,0.43,-0.18,0.06,0.9984988733093293,0.47,"-0.27,0.05,-0.96,0.43,-0.18,0.06",hong_jean,near_miss,(near miss) HJ motion_data.csv
1707,2026-07-27T13:21:05.525,68.351016,58.9437,-0.27,0.04,-0.96,0.43,-0.18,0.06,0.9980480950335009,0.47,"-0.27,0.04,-0.96,0.43,-0.18,0.06",hong_jean,near_miss,(near miss) HJ motion_data.csv
1708,2026-07-27T13:21:05.825,68.651257,300.2415,-0.27,0.04,-0.96,0.43,-0.18,0.0,0.9980480950335009,0.46615448083226657,"-0.27,0.04,-0.96,0.43,-0.18,0.00",hong_jean,near_miss,(near miss) HJ motion_data.csv
1709,2026-07-27T13:21:05.826,68.651771,0.5139,-0.27,0.04,-0.96,0.37,-0.12,0.0,0.9980480950335009,0.3889730067755345,"-0.27,0.04,-0.96,0.37,-0.12,0.00",hong_jean,near_miss,(near miss) HJ motion_data.csv
1710,2026-07-27T13:21:05.885,68.710784,59.0134,-0.27,0.04,-0.96,0.37,-0.12,0.06,0.9980480950335009,0.39357337308308854,"-0.27,0.04,-0.96,0.37,-0.12,0.06",hong_jean,near_miss,(near miss) HJ motion_data.csv
1711,2026-07-27T13:21:05.885,68.711514,0.7297,-0.27,0.04,-0.96,0.37,-0.18,0.06,0.9980480950335009,0.4158124577258358,"-0.27,0.04,-0.96,0.37,-0.18,0.06",hong_jean,near_miss,(near miss) HJ motion_data.csv
1712,2026-07-27T13:21:05.886,68.711959,0.4446,-0.27,0.04,-0.96,0.37,-0.18,0.06,0.9980480950335009,0.4158124577258358,"-0.27,0.04,-0.96,0.37,-0.18,0.06",hong_jean,near_miss,(near miss) HJ motion_data.csv
1713,2026-07-27T13:21:05.886,68.71231,0.3513,-0.27,0.04,-0.96,0.37,-0.18,0.06,0.9980480950335009,0.4158124577258358,"-0.27,0.04,-0.96,0.37,-0.18,0.06",hong_jean,near_miss,(near miss) HJ motion_data.csv
1714,2026-07-27T13:21:05.886,68.712702,0.3919,-0.27,0.04,-0.96,0.37,-0.12,0.06,0.9980480950335009,0.39357337308308854,"-0.27,0.04,-0.96,0.37,-0.12,0.06",hong_jean,near_miss,(near miss) HJ motion_data.csv
1715,2026-07-27T13:21:05.888,68.713805,1.1026,-0.27,0.04,-0.96,0.37,-0.12,0.06,0.9980480950335009,0.39357337308308854,"-0.27,0.04,-0.96,0.37,-0.12,0.06",hong_jean,near_miss,(near miss) HJ motion_data.csv
1716,2026-07-27T13:21:05.888,68.714388,0.5833,-0.27,0.04,-0.96,0.37,-0.12,0.06,0.9980480950335009,0.39357337308308854,"-0.27,0.04,-0.96,0.37,-0.12,0.06",hong_jean,near_miss,(near miss) HJ motion_data.csv
1717,2026-07-27T13:21:05.945,68.771445,57.0567,-0.27,0.04,-0.96,0.37,-0.12,0.06,0.9980480950335009,0.39357337308308854,"-0.27,0.04,-0.96,0.37,-0.12,0.06",hong_jean,near_miss,(near miss) HJ motion_data.csv
1718,2026-07-27T13:21:05.946,68.771791,0.3468,-0.27,0.04,-0.96,0.31,-0.12,0.06,0.9980480950335009,0.33778691508109077,"-0.27,0.04,-0.96,0.31,-0.12,0.06",hong_jean,near_miss,(near miss) HJ motion_data.csv
1719,2026-07-27T13:21:06.005,68.831285,59.4935,-0.27,0.04,-0.96,0.31,-0.12,0.0,0.9980480950335009,0.33241540277189324,"-0.27,0.04,-0.96,0.31,-0.12,0.00",hong_jean,near_miss,(near miss) HJ motion_data.csv
1720,2026-07-27T13:21:06.066,68.892102,60.8167,-0.27,0.04,-0.96,0.31,-0.12,0.0,0.9980480950335009,0.33241540277189324,"-0.27,0.04,-0.96,0.31,-0.12,0.00",hong_jean,near_miss,(near miss) HJ motion_data.csv
1721,2026-07-27T13:21:06.067,68.893072,0.9707,-0.27,0.04,-0.96,0.31,-0.12,0.0,0.9980480950335009,0.33241540277189324,"-0.27,0.04,-0.96,0.31,-0.12,0.00",hong_jean,near_miss,(near miss) HJ motion_data.csv
1722,2026-07-27T13:21:06.185,69.010957,117.8847,-0.27,0.04,-0.96,0.31,-0.12,0.06,0.9980480950335009,0.33778691508109077,"-0.27,0.04,-0.96,0.31,-0.12,0.06",hong_jean,near_miss,(near miss) HJ motion_data.csv
1723,2026-07-27T13:21:06.185,69.011639,0.682,-0.27,0.04,-0.96,0.31,-0.12,0.06,0.9980480950335009,0.33778691508109077,"-0.27,0.04,-0.96,0.31,-0.12,0.06",hong_jean,near_miss,(near miss) HJ motion_data.csv
1724,2026-07-27T13:21:06.186,69.012394,0.7546,-0.27,0.04,-0.96,0.31,-0.12,0.06,0.9980480950335009,0.33778691508109077,"-0.27,0.04,-0.96,0.31,-0.12,0.06",hong_jean,near_miss,(near miss) HJ motion_data.csv
1725,2026-07-27T13:21:06.245,69.07134,58.9467,-0.27,0.04,-0.96,0.31,-0.12,0.06,0.9980480950335009,0.33778691508109077,"-0.27,0.04,-0.96,0.31,-0.12,0.06",hong_jean,near_miss,(near miss) HJ motion_data.csv
1726,2026-07-27T13:21:06.305,69.131152,59.8116,-0.27,0.04,-0.96,0.31,-0.12,0.0,0.9980480950335009,0.33241540277189324,"-0.27,0.04,-0.96,0.31,-0.12,0.00",hong_jean,near_miss,(near miss) HJ motion_data.csv
1727,2026-07-27T13:21:06.366,69.192122,60.9698,-0.27,0.04,-0.96,0.31,-0.12,0.0,0.9980480950335009,0.33241540277189324,"-0.27,0.04,-0.96,0.31,-0.12,0.00",hong_jean,near_miss,(near miss) HJ motion_data.csv
1728,2026-07-27T13:21:06.367,69.19316,1.0379,-0.27,0.04,-0.96,0.31,-0.12,0.06,0.9980480950335009,0.33778691508109077,"-0.27,0.04,-0.96,0.31,-0.12,0.06",hong_jean,near_miss,(near miss) HJ motion_data.csv
1729,2026-07-27T13:21:06.545,69.371656,178.4968,-0.27,0.04,-0.96,0.31,-0.12,0.06,0.9980480950335009,0.33778691508109077,"-0.27,0.04,-0.96,0.31,-0.12,0.06",hong_jean,near_miss,(near miss) HJ motion_data.csv
1730,2026-07-27T13:21:06.546,69.372243,0.5871,-0.27,0.04,-0.96,0.31,-0.12,0.06,0.9980480950335009,0.33778691508109077,"-0.27,0.04,-0.96,0.31,-0.12,0.06",hong_jean,near_miss,(near miss) HJ motion_data.csv
1731,2026-07-27T13:21:06.546,69.37236,0.1164,-0.27,0.04,-0.96,0.24,-0.12,0.06,0.9980480950335009,0.2749545416973504,"-0.27,0.04,-0.96,0.24,-0.12,0.06",hong_jean,near_miss,(near miss) HJ motion_data.csv
1732,2026-07-27T13:21:06.547,69.373268,0.9083,-0.27,0.04,-0.96,0.24,-0.12,0.06,0.9980480950335009,0.2749545416973504,"-0.27,0.04,-0.96,0.24,-0.12,0.06",hong_jean,near_miss,(near miss) HJ motion_data.csv
1733,2026-07-27T13:21:06.548,69.373849,0.5804,-0.27,0.04,-0.96,0.24,-0.12,0.06,0.9980480950335009,0.2749545416973504,"-0.27,0.04,-0.96,0.24,-0.12,0.06",hong_jean,near_miss,(near miss) HJ motion_data.csv
1734,2026-07-27T13:21:06.725,69.551649,177.8007,-0.27,0.04,-0.96,0.24,-0.12,0.06,0.9980480950335009,0.2749545416973504,"-0.27,0.04,-0.96,0.24,-0.12,0.06",hong_jean,near_miss,(near miss) HJ motion_data.csv
1735,2026-07-27T13:21:07.025,69.851026,299.3766,-0.27,0.04,-0.96,0.24,-0.12,0.06,0.9980480950335009,0.2749545416973504,"-0.27,0.04,-0.96,0.24,-0.12,0.06",hong_jean,near_miss,(near miss) HJ motion_data.csv
1736,2026-07-27T13:21:07.086,69.911946,60.9205,-0.27,0.04,-0.96,0.24,-0.12,0.06,0.9980480950335009,0.2749545416973504,"-0.27,0.04,-0.96,0.24,-0.12,0.06",hong_jean,near_miss,(near miss) HJ motion_data.csv
1737,2026-07-27T13:21:07.086,69.912627,0.6806,-0.27,0.04,-0.96,0.31,-0.12,0.06,0.9980480950335009,0.33778691508109077,"-0.27,0.04,-0.96,0.31,-0.12,0.06",hong_jean,near_miss,(near miss) HJ motion_data.csv
1738,2026-07-27T13:21:07.087,69.913641,1.0141,-0.27,0.04,-0.96,0.24,-0.12,0.06,0.9980480950335009,0.2749545416973504,"-0.27,0.04,-0.96,0.24,-0.12,0.06",hong_jean,near_miss,(near miss) HJ motion_data.csv
1739,2026-07-27T13:21:07.145,69.970865,57.2244,-0.27,0.04,-0.96,0.24,-0.12,0.06,0.9980480950335009,0.2749545416973504,"-0.27,0.04,-0.96,0.24,-0.12,0.06",hong_jean,near_miss,(near miss) HJ motion_data.csv
1740,2026-07-27T13:21:07.204,70.030659,59.7938,-0.27,0.04,-0.96,0.24,-0.12,0.06,0.9980480950335009,0.2749545416973504,"-0.27,0.04,-0.96,0.24,-0.12,0.06",hong_jean,near_miss,(near miss) HJ motion_data.csv
1741,2026-07-27T13:21:07.205,70.03118,0.5209,-0.27,0.04,-0.96,0.24,-0.12,0.06,0.9980480950335009,0.2749545416973504,"-0.27,0.04,-0.96,0.24,-0.12,0.06",hong_jean,near_miss,(near miss) HJ motion_data.csv
1742,2026-07-27T13:21:07.205,70.031628,0.4478,-0.27,0.04,-0.96,0.24,-0.12,0.06,0.9980480950335009,0.2749545416973504,"-0.27,0.04,-0.96,0.24,-0.12,0.06",hong_jean,near_miss,(near miss) HJ motion_data.csv
1743,2026-07-27T13:21:07.206,70.032014,0.3857,-0.27,0.04,-0.96,0.24,-0.12,0.06,0.9980480950335009,0.2749545416973504,"-0.27,0.04,-0.96,0.24,-0.12,0.06",hong_jean,near_miss,(near miss) HJ motion_data.csv
1744,2026-07-27T13:21:07.207,70.03314,1.1265,-0.27,0.04,-0.96,0.24,-0.12,0.12,0.9980480950335009,0.29393876913398137,"-0.27,0.04,-0.96,0.24,-0.12,0.12",hong_jean,near_miss,(near miss) HJ motion_data.csv
1745,2026-07-27T13:21:07.208,70.033958,0.8173,-0.27,0.04,-0.96,0.24,-0.12,0.06,0.9980480950335009,0.2749545416973504,"-0.27,0.04,-0.96,0.24,-0.12,0.06",hong_jean,near_miss,(near miss) HJ motion_data.csv
1746,2026-07-27T13:21:07.208,70.034524,0.566,-0.27,0.04,-0.96,0.18,-0.12,0.06,0.9980480950335009,0.22449944320643647,"-0.27,0.04,-0.96,0.18,-0.12,0.06",hong_jean,near_miss,(near miss) HJ motion_data.csv
1747,2026-07-27T13:21:07.209,70.034963,0.4395,-0.27,0.04,-0.96,0.18,-0.12,0.06,0.9980480950335009,0.22449944320643647,"-0.27,0.04,-0.96,0.18,-0.12,0.06",hong_jean,near_miss,(near miss) HJ motion_data.csv
1748,2026-07-27T13:21:07.210,70.036258,1.2952,-0.27,0.04,-0.96,0.24,-0.12,0.06,0.9980480950335009,0.2749545416973504,"-0.27,0.04,-0.96,0.24,-0.12,0.06",hong_jean,near_miss,(near miss) HJ motion_data.csv
1749,2026-07-27T13:21:07.210,70.036677,0.4185,-0.27,0.04,-0.96,0.24,-0.12,0.12,0.9980480950335009,0.29393876913398137,"-0.27,0.04,-0.96,0.24,-0.12,0.12",hong_jean,near_miss,(near miss) HJ motion_data.csv
1750,2026-07-27T13:21:07.265,70.091027,54.3505,-0.27,0.04,-0.96,0.24,-0.12,0.12,0.9980480950335009,0.29393876913398137,"-0.27,0.04,-0.96,0.24,-0.12,0.12",hong_jean,near_miss,(near miss) HJ motion_data.csv
1751,2026-07-27T13:21:07.265,70.09157,0.5424,-0.27,0.04,-0.96,0.18,-0.12,0.12,0.9980480950335009,0.2473863375370596,"-0.27,0.04,-0.96,0.18,-0.12,0.12",hong_jean,near_miss,(near miss) HJ motion_data.csv
1752,2026-07-27T13:21:07.325,70.151388,59.8186,-0.27,0.04,-0.96,0.24,-0.12,0.12,0.9980480950335009,0.29393876913398137,"-0.27,0.04,-0.96,0.24,-0.12,0.12",hong_jean,near_miss,(near miss) HJ motion_data.csv
1753,2026-07-27T13:21:07.385,70.211467,60.0789,-0.27,0.04,-0.96,0.24,-0.12,0.06,0.9980480950335009,0.2749545416973504,"-0.27,0.04,-0.96,0.24,-0.12,0.06",hong_jean,near_miss,(near miss) HJ motion_data.csv
1754,2026-07-27T13:21:07.386,70.212052,0.5845,-0.27,0.04,-0.96,0.24,-0.12,0.06,0.9980480950335009,0.2749545416973504,"-0.27,0.04,-0.96,0.24,-0.12,0.06",hong_jean,near_miss,(near miss) HJ motion_data.csv
1755,2026-07-27T13:21:07.804,70.630635,418.5838,-0.27,0.04,-0.96,0.18,-0.12,0.06,0.9980480950335009,0.22449944320643647,"-0.27,0.04,-0.96,0.18,-0.12,0.06",hong_jean,near_miss,(near miss) HJ motion_data.csv
1756,2026-07-27T13:21:07.805,70.631176,0.5402,-0.27,0.04,-0.96,0.24,-0.12,0.12,0.9980480950335009,0.29393876913398137,"-0.27,0.04,-0.96,0.24,-0.12,0.12",hong_jean,near_miss,(near miss) HJ motion_data.csv
1757,2026-07-27T13:21:07.806,70.63175,0.574,-0.27,0.04,-0.96,0.24,-0.12,0.12,0.9980480950335009,0.29393876913398137,"-0.27,0.04,-0.96,0.24,-0.12,0.12",hong_jean,near_miss,(near miss) HJ motion_data.csv
1758,2026-07-27T13:21:07.806,70.632737,0.9874,-0.27,0.04,-0.96,0.24,-0.12,0.12,0.9980480950335009,0.29393876913398137,"-0.27,0.04,-0.96,0.24,-0.12,0.12",hong_jean,near_miss,(near miss) HJ motion_data.csv
1759,2026-07-27T13:21:07.807,70.633587,0.85,-0.27,0.04,-0.96,0.18,-0.12,0.06,0.9980480950335009,0.22449944320643647,"-0.27,0.04,-0.96,0.18,-0.12,0.06",hong_jean,near_miss,(near miss) HJ motion_data.csv
1760,2026-07-27T13:21:07.808,70.634275,0.688,-0.27,0.04,-0.96,0.24,-0.12,0.06,0.9980480950335009,0.2749545416973504,"-0.27,0.04,-0.96,0.24,-0.12,0.06",hong_jean,near_miss,(near miss) HJ motion_data.csv
1761,2026-07-27T13:21:07.809,70.634946,0.6708,-0.27,0.04,-0.96,0.24,-0.12,0.06,0.9980480950335009,0.2749545416973504,"-0.27,0.04,-0.96,0.24,-0.12,0.06",hong_jean,near_miss,(near miss) HJ motion_data.csv
1762,2026-07-27T13:21:07.810,70.635912,0.9667,-0.27,0.04,-0.96,0.24,-0.12,0.06,0.9980480950335009,0.2749545416973504,"-0.27,0.04,-0.96,0.24,-0.12,0.06",hong_jean,near_miss,(near miss) HJ motion_data.csv
1763,2026-07-27T13:21:07.810,70.636472,0.5599,-0.27,0.04,-0.96,0.18,-0.12,0.06,0.9980480950335009,0.22449944320643647,"-0.27,0.04,-0.96,0.18,-0.12,0.06",hong_jean,near_miss,(near miss) HJ motion_data.csv
1764,2026-07-27T13:21:07.811,70.637164,0.6914,-0.27,0.04,-0.96,0.18,-0.12,0.06,0.9980480950335009,0.22449944320643647,"-0.27,0.04,-0.96,0.18,-0.12,0.06",hong_jean,near_miss,(near miss) HJ motion_data.csv
1765,2026-07-27T13:21:07.866,70.691816,54.6524,-0.27,0.04,-0.96,0.18,-0.12,0.12,0.9980480950335009,0.2473863375370596,"-0.27,0.04,-0.96,0.18,-0.12,0.12",hong_jean,near_miss,(near miss) HJ motion_data.csv
1766,2026-07-27T13:21:07.866,70.692553,0.7372,-0.27,0.04,-0.96,0.18,-0.12,0.06,0.9980480950335009,0.22449944320643647,"-0.27,0.04,-0.96,0.18,-0.12,0.06",hong_jean,near_miss,(near miss) HJ motion_data.csv
1767,2026-07-27T13:21:08.045,70.871323,178.7696,-0.27,0.04,-0.96,0.18,-0.12,0.06,0.9980480950335009,0.22449944320643647,"-0.27,0.04,-0.96,0.18,-0.12,0.06",hong_jean,near_miss,(near miss) HJ motion_data.csv
1768,2026-07-27T13:21:08.046,70.872306,0.9834,-0.27,0.04,-0.96,0.18,-0.12,0.12,0.9980480950335009,0.2473863375370596,"-0.27,0.04,-0.96,0.18,-0.12,0.12",hong_jean,near_miss,(near miss) HJ motion_data.csv
1769,2026-07-27T13:21:08.047,70.872819,0.5128,-0.27,0.04,-0.96,0.18,-0.12,0.12,0.9980480950335009,0.2473863375370596,"-0.27,0.04,-0.96,0.18,-0.12,0.12",hong_jean,near_miss,(near miss) HJ motion_data.csv
1770,2026-07-27T13:21:08.047,70.873289,0.4701,-0.27,0.04,-0.96,0.18,-0.12,0.12,0.9980480950335009,0.2473863375370596,"-0.27,0.04,-0.96,0.18,-0.12,0.12",hong_jean,near_miss,(near miss) HJ motion_data.csv
1771,2026-07-27T13:21:08.165,70.990962,117.673,-0.27,0.04,-0.96,0.12,-0.12,0.06,0.9980480950335009,0.18,"-0.27,0.04,-0.96,0.12,-0.12,0.06",hong_jean,near_miss,(near miss) HJ motion_data.csv
1772,2026-07-27T13:21:08.225,71.050805,59.8426,-0.27,0.04,-0.96,0.12,-0.12,0.12,0.9980480950335009,0.20784609690826528,"-0.27,0.04,-0.96,0.12,-0.12,0.12",hong_jean,near_miss,(near miss) HJ motion_data.csv
1773,2026-07-27T13:21:08.225,71.051048,0.2436,-0.27,0.04,-0.96,0.12,-0.12,0.12,0.9980480950335009,0.20784609690826528,"-0.27,0.04,-0.96,0.12,-0.12,0.12",hong_jean,near_miss,(near miss) HJ motion_data.csv
1774,2026-07-27T13:21:08.226,71.051794,0.7457,-0.27,0.04,-0.96,0.12,-0.12,0.12,0.9980480950335009,0.20784609690826528,"-0.27,0.04,-0.96,0.12,-0.12,0.12",hong_jean,near_miss,(near miss) HJ motion_data.csv
1775,2026-07-27T13:21:08.226,71.05241,0.6162,-0.27,0.04,-0.96,0.18,-0.12,0.12,0.9980480950335009,0.2473863375370596,"-0.27,0.04,-0.96,0.18,-0.12,0.12",hong_jean,near_miss,(near miss) HJ motion_data.csv
1776,2026-07-27T13:21:08.285,71.11157,59.1594,-0.27,0.04,-0.96,0.18,-0.12,0.06,0.9980480950335009,0.22449944320643647,"-0.27,0.04,-0.96,0.18,-0.12,0.06",hong_jean,near_miss,(near miss) HJ motion_data.csv
1777,2026-07-27T13:21:08.405,71.231401,119.831,-0.27,0.04,-0.96,0.18,-0.12,0.12,0.9980480950335009,0.2473863375370596,"-0.27,0.04,-0.96,0.18,-0.12,0.12",hong_jean,near_miss,(near miss) HJ motion_data.csv
1778,2026-07-27T13:21:08.465,71.291003,59.602,-0.27,0.04,-0.96,0.18,-0.12,0.12,0.9980480950335009,0.2473863375370596,"-0.27,0.04,-0.96,0.18,-0.12,0.12",hong_jean,near_miss,(near miss) HJ motion_data.csv
1779,2026-07-27T13:21:08.465,71.291608,0.6055,-0.27,0.04,-0.96,0.18,-0.12,0.12,0.9980480950335009,0.2473863375370596,"-0.27,0.04,-0.96,0.18,-0.12,0.12",hong_jean,near_miss,(near miss) HJ motion_data.csv
1780,2026-07-27T13:21:08.466,71.292535,0.9262,-0.27,0.04,-0.96,0.18,-0.12,0.12,0.9980480950335009,0.2473863375370596,"-0.27,0.04,-0.96,0.18,-0.12,0.12",hong_jean,near_miss,(near miss) HJ motion_data.csv
1781,2026-07-27T13:21:08.467,71.293054,0.5195,-0.27,0.04,-0.96,0.18,-0.12,0.12,0.9980480950335009,0.2473863375370596,"-0.27,0.04,-0.96,0.18,-0.12,0.12",hong_jean,near_miss,(near miss) HJ motion_data.csv
1782,2026-07-27T13:21:08.525,71.350964,57.9103,-0.27,0.04,-0.96,0.18,-0.12,0.12,0.9980480950335009,0.2473863375370596,"-0.27,0.04,-0.96,0.18,-0.12,0.12",hong_jean,near_miss,(near miss) HJ motion_data.csv
1783,2026-07-27T13:21:08.705,71.531669,180.7048,-0.27,0.04,-0.96,0.18,-0.12,0.12,0.9980480950335009,0.2473863375370596,"-0.27,0.04,-0.96,0.18,-0.12,0.12",hong_jean,near_miss,(near miss) HJ motion_data.csv
1784,2026-07-27T13:21:08.706,71.532132,0.4625,-0.27,0.04,-0.96,0.18,-0.06,0.06,0.9980480950335009,0.19899748742132398,"-0.27,0.04,-0.96,0.18,-0.06,0.06",hong_jean,near_miss,(near miss) HJ motion_data.csv
1785,2026-07-27T13:21:08.706,71.532242,0.11,-0.27,0.04,-0.96,0.18,-0.06,0.06,0.9980480950335009,0.19899748742132398,"-0.27,0.04,-0.96,0.18,-0.06,0.06",hong_jean,near_miss,(near miss) HJ motion_data.csv
1786,2026-07-27T13:21:08.824,71.650696,118.4541,-0.27,0.04,-0.96,0.18,-0.06,0.06,0.9980480950335009,0.19899748742132398,"-0.27,0.04,-0.96,0.18,-0.06,0.06",hong_jean,near_miss,(near miss) HJ motion_data.csv
1787,2026-07-27T13:21:08.945,71.770955,120.2594,-0.27,0.04,-0.96,0.18,-0.12,0.12,0.9980480950335009,0.2473863375370596,"-0.27,0.04,-0.96,0.18,-0.12,0.12",hong_jean,near_miss,(near miss) HJ motion_data.csv
1788,2026-07-27T13:21:08.945,71.771471,0.5164,-0.27,0.04,-0.96,0.12,-0.12,0.12,0.9980480950335009,0.20784609690826528,"-0.27,0.04,-0.96,0.12,-0.12,0.12",hong_jean,near_miss,(near miss) HJ motion_data.csv
1789,2026-07-27T13:21:09.125,71.951735,180.2636,-0.27,0.04,-0.96,0.12,-0.12,0.12,0.9980480950335009,0.20784609690826528,"-0.27,0.04,-0.96,0.12,-0.12,0.12",hong_jean,near_miss,(near miss) HJ motion_data.csv
1790,2026-07-27T13:21:09.127,71.95335,1.6147,-0.27,0.04,-0.96,0.18,-0.12,0.06,0.9980480950335009,0.22449944320643647,"-0.27,0.04,-0.96,0.18,-0.12,0.06",hong_jean,near_miss,(near miss) HJ motion_data.csv
1791,2026-07-27T13:21:09.128,71.953955,0.6048,-0.27,0.04,-0.96,0.18,-0.06,0.06,0.9980480950335009,0.19899748742132398,"-0.27,0.04,-0.96,0.18,-0.06,0.06",hong_jean,near_miss,(near miss) HJ motion_data.csv
1792,2026-07-27T13:21:09.128,71.954409,0.4548,-0.27,0.04,-0.96,0.18,-0.06,0.06,0.9980480950335009,0.19899748742132398,"-0.27,0.04,-0.96,0.18,-0.06,0.06",hong_jean,near_miss,(near miss) HJ motion_data.csv
1793,2026-07-27T13:21:09.129,71.954922,0.513,-0.27,0.04,-0.96,0.12,-0.12,0.06,0.9980480950335009,0.18,"-0.27,0.04,-0.96,0.12,-0.12,0.06",hong_jean,near_miss,(near miss) HJ motion_data.csv
1794,2026-07-27T13:21:09.129,71.955448,0.5258,-0.27,0.04,-0.96,0.12,-0.12,0.12,0.9980480950335009,0.20784609690826528,"-0.27,0.04,-0.96,0.12,-0.12,0.12",hong_jean,near_miss,(near miss) HJ motion_data.csv
1795,2026-07-27T13:21:09.130,71.955977,0.5287,-0.27,0.04,-0.96,0.12,-0.06,0.12,0.9980480950335009,0.18,"-0.27,0.04,-0.96,0.12,-0.06,0.12",hong_jean,near_miss,(near miss) HJ motion_data.csv
1796,2026-07-27T13:21:09.130,71.956618,0.641,-0.27,0.04,-0.96,0.18,-0.12,0.12,0.9980480950335009,0.2473863375370596,"-0.27,0.04,-0.96,0.18,-0.12,0.12",hong_jean,near_miss,(near miss) HJ motion_data.csv
1797,2026-07-27T13:21:09.131,71.956914,0.2962,-0.27,0.04,-0.96,0.18,-0.06,0.12,0.9980480950335009,0.22449944320643647,"-0.27,0.04,-0.96,0.18,-0.06,0.12",hong_jean,near_miss,(near miss) HJ motion_data.csv
1798,2026-07-27T13:21:09.425,72.251322,294.4075,-0.27,0.04,-0.96,0.18,-0.06,0.12,0.9980480950335009,0.22449944320643647,"-0.27,0.04,-0.96,0.18,-0.06,0.12",hong_jean,near_miss,(near miss) HJ motion_data.csv
1799,2026-07-27T13:21:09.605,72.430877,179.5556,-0.27,0.04,-0.96,0.12,-0.06,0.12,0.9980480950335009,0.18,"-0.27,0.04,-0.96,0.12,-0.06,0.12",hong_jean,near_miss,(near miss) HJ motion_data.csv
1800,2026-07-27T13:21:09.605,72.431627,0.7498,-0.27,0.04,-0.96,0.12,-0.06,0.06,0.9980480950335009,0.14696938456699069,"-0.27,0.04,-0.96,0.12,-0.06,0.06",hong_jean,near_miss,(near miss) HJ motion_data.csv
1801,2026-07-27T13:21:09.606,72.43176,0.1329,-0.27,0.04,-0.96,0.12,-0.12,0.06,0.9980480950335009,0.18,"-0.27,0.04,-0.96,0.12,-0.12,0.06",hong_jean,near_miss,(near miss) HJ motion_data.csv
1802,2026-07-27T13:21:09.606,72.432271,0.5107,-0.27,0.04,-0.96,0.12,-0.12,0.12,0.9980480950335009,0.20784609690826528,"-0.27,0.04,-0.96,0.12,-0.12,0.12",hong_jean,near_miss,(near miss) HJ motion_data.csv
1803,2026-07-27T13:21:09.607,72.433044,0.7738,-0.27,0.04,-0.96,0.12,-0.12,0.12,0.9980480950335009,0.20784609690826528,"-0.27,0.04,-0.96,0.12,-0.12,0.12",hong_jean,near_miss,(near miss) HJ motion_data.csv
1804,2026-07-27T13:21:09.608,72.43384,0.7955,-0.27,0.04,-0.96,0.12,-0.06,0.12,0.9980480950335009,0.18,"-0.27,0.04,-0.96,0.12,-0.06,0.12",hong_jean,near_miss,(near miss) HJ motion_data.csv
1805,2026-07-27T13:21:09.608,72.434616,0.776,-0.27,0.04,-0.96,0.12,-0.12,0.12,0.9980480950335009,0.20784609690826528,"-0.27,0.04,-0.96,0.12,-0.12,0.12",hong_jean,near_miss,(near miss) HJ motion_data.csv
1806,2026-07-27T13:21:09.609,72.435298,0.6817,-0.27,0.04,-0.96,0.12,-0.12,0.06,0.9980480950335009,0.18,"-0.27,0.04,-0.96,0.12,-0.12,0.06",hong_jean,near_miss,(near miss) HJ motion_data.csv
1807,2026-07-27T13:21:09.610,72.436276,0.9788,-0.27,0.04,-0.96,0.12,-0.12,0.12,0.9980480950335009,0.20784609690826528,"-0.27,0.04,-0.96,0.12,-0.12,0.12",hong_jean,near_miss,(near miss) HJ motion_data.csv
1808,2026-07-27T13:21:09.725,72.551118,114.8416,-0.27,0.04,-0.96,0.12,-0.12,0.06,0.9980480950335009,0.18,"-0.27,0.04,-0.96,0.12,-0.12,0.06",hong_jean,near_miss,(near miss) HJ motion_data.csv
1809,2026-07-27T13:21:09.725,72.551449,0.3315,-0.27,0.04,-0.96,0.12,-0.06,0.06,0.9980480950335009,0.14696938456699069,"-0.27,0.04,-0.96,0.12,-0.06,0.06",hong_jean,near_miss,(near miss) HJ motion_data.csv
1810,2026-07-27T13:21:09.726,72.552326,0.8768,-0.27,0.04,-0.96,0.12,-0.06,0.06,0.9980480950335009,0.14696938456699069,"-0.27,0.04,-0.96,0.12,-0.06,0.06",hong_jean,near_miss,(near miss) HJ motion_data.csv
1811,2026-07-27T13:21:09.727,72.553332,1.0055,-0.27,0.04,-0.96,0.18,-0.12,0.06,0.9980480950335009,0.22449944320643647,"-0.27,0.04,-0.96,0.18,-0.12,0.06",hong_jean,near_miss,(near miss) HJ motion_data.csv
1812,2026-07-27T13:21:09.728,72.553806,0.4742,-0.27,0.04,-0.96,0.12,-0.12,0.12,0.9980480950335009,0.20784609690826528,"-0.27,0.04,-0.96,0.12,-0.12,0.12",hong_jean,near_miss,(near miss) HJ motion_data.csv
1813,2026-07-27T13:21:09.785,72.611314,57.5076,-0.27,0.04,-0.96,0.18,-0.12,0.12,0.9980480950335009,0.2473863375370596,"-0.27,0.04,-0.96,0.18,-0.12,0.12",hong_jean,near_miss,(near miss) HJ motion_data.csv
1814,2026-07-27T13:21:09.786,72.61223,0.9169,-0.27,0.04,-0.96,0.18,-0.12,0.12,0.9980480950335009,0.2473863375370596,"-0.27,0.04,-0.96,0.18,-0.12,0.12",hong_jean,near_miss,(near miss) HJ motion_data.csv
1815,2026-07-27T13:21:09.845,72.671501,59.271,-0.27,0.04,-0.96,0.12,-0.12,0.12,0.9980480950335009,0.20784609690826528,"-0.27,0.04,-0.96,0.12,-0.12,0.12",hong_jean,near_miss,(near miss) HJ motion_data.csv
1816,2026-07-27T13:21:09.905,72.731045,59.5437,-0.27,0.04,-0.96,0.12,-0.06,0.06,0.9980480950335009,0.14696938456699069,"-0.27,0.04,-0.96,0.12,-0.06,0.06",hong_jean,near_miss,(near miss) HJ motion_data.csv
1817,2026-07-27T13:21:09.905,72.731298,0.2524,-0.27,0.04,-0.96,0.12,-0.06,0.06,0.9980480950335009,0.14696938456699069,"-0.27,0.04,-0.96,0.12,-0.06,0.06",hong_jean,near_miss,(near miss) HJ motion_data.csv
1818,2026-07-27T13:21:09.965,72.79117,59.872,-0.27,0.04,-0.96,0.12,-0.06,0.12,0.9980480950335009,0.18,"-0.27,0.04,-0.96,0.12,-0.06,0.12",hong_jean,near_miss,(near miss) HJ motion_data.csv
1819,2026-07-27T13:21:10.025,72.851444,60.2749,-0.27,0.04,-0.96,0.12,-0.06,0.12,0.9980480950335009,0.18,"-0.27,0.04,-0.96,0.12,-0.06,0.12",hong_jean,near_miss,(near miss) HJ motion_data.csv
1820,2026-07-27T13:21:10.026,72.852274,0.83,-0.27,0.04,-0.96,0.12,-0.06,0.12,0.9980480950335009,0.18,"-0.27,0.04,-0.96,0.12,-0.06,0.12",hong_jean,near_miss,(near miss) HJ motion_data.csv
1821,2026-07-27T13:21:10.085,72.911266,58.9912,-0.27,0.04,-0.96,0.12,-0.12,0.12,0.9980480950335009,0.20784609690826528,"-0.27,0.04,-0.96,0.12,-0.12,0.12",hong_jean,near_miss,(near miss) HJ motion_data.csv
1822,2026-07-27T13:21:10.145,72.971166,59.9003,-0.27,0.04,-0.96,0.12,-0.06,0.12,0.9980480950335009,0.18,"-0.27,0.04,-0.96,0.12,-0.06,0.12",hong_jean,near_miss,(near miss) HJ motion_data.csv
1823,2026-07-27T13:21:10.145,72.971705,0.539,-0.27,0.04,-0.96,0.12,-0.06,0.12,0.9980480950335009,0.18,"-0.27,0.04,-0.96,0.12,-0.06,0.12",hong_jean,near_miss,(near miss) HJ motion_data.csv
1824,2026-07-27T13:21:10.205,73.031414,59.7095,-0.27,0.04,-0.96,0.12,-0.06,0.12,0.9980480950335009,0.18,"-0.27,0.04,-0.96,0.12,-0.06,0.12",hong_jean,near_miss,(near miss) HJ motion_data.csv
1825,2026-07-27T13:21:10.325,73.151101,119.6861,-0.27,0.04,-0.96,0.12,-0.06,0.12,0.9980480950335009,0.18,"-0.27,0.04,-0.96,0.12,-0.06,0.12",hong_jean,near_miss,(near miss) HJ motion_data.csv
1826,2026-07-27T13:21:10.385,73.210808,59.7075,-0.27,0.04,-0.96,0.12,-0.12,0.12,0.9980480950335009,0.20784609690826528,"-0.27,0.04,-0.96,0.12,-0.12,0.12",hong_jean,near_miss,(near miss) HJ motion_data.csv
1827,2026-07-27T13:21:10.396,73.22221,11.4017,-0.27,0.04,-0.96,0.12,-0.12,0.12,0.9980480950335009,0.20784609690826528,"-0.27,0.04,-0.96,0.12,-0.12,0.12",hong_jean,near_miss,(near miss) HJ motion_data.csv
1828,2026-07-27T13:21:10.397,73.222766,0.5564,-0.27,0.04,-0.96,0.12,-0.12,0.12,0.9980480950335009,0.20784609690826528,"-0.27,0.04,-0.96,0.12,-0.12,0.12",hong_jean,near_miss,(near miss) HJ motion_data.csv
1829,2026-07-27T13:21:10.397,73.223162,0.3959,-0.27,0.04,-0.96,0.12,-0.12,0.06,0.9980480950335009,0.18,"-0.27,0.04,-0.96,0.12,-0.12,0.06",hong_jean,near_miss,(near miss) HJ motion_data.csv
1830,2026-07-27T13:21:10.505,73.331218,108.0556,-0.27,0.04,-0.96,0.12,-0.12,0.06,0.9980480950335009,0.18,"-0.27,0.04,-0.96,0.12,-0.12,0.06",hong_jean,near_miss,(near miss) HJ motion_data.csv
1831,2026-07-27T13:21:10.505,73.331667,0.4498,-0.27,0.04,-0.96,0.12,-0.12,0.12,0.9980480950335009,0.20784609690826528,"-0.27,0.04,-0.96,0.12,-0.12,0.12",hong_jean,near_miss,(near miss) HJ motion_data.csv
1832,2026-07-27T13:21:10.506,73.331972,0.3045,-0.27,0.04,-0.96,0.12,-0.12,0.12,0.9980480950335009,0.20784609690826528,"-0.27,0.04,-0.96,0.12,-0.12,0.12",hong_jean,near_miss,(near miss) HJ motion_data.csv
1833,2026-07-27T13:21:10.625,73.451132,119.1596,-0.27,0.04,-0.96,0.12,-0.06,0.12,0.9980480950335009,0.18,"-0.27,0.04,-0.96,0.12,-0.06,0.12",hong_jean,near_miss,(near miss) HJ motion_data.csv
1834,2026-07-27T13:21:10.625,73.451466,0.3342,-0.27,0.04,-0.96,0.12,-0.12,0.12,0.9980480950335009,0.20784609690826528,"-0.27,0.04,-0.96,0.12,-0.12,0.12",hong_jean,near_miss,(near miss) HJ motion_data.csv
1835,2026-07-27T13:21:10.626,73.452317,0.8511,-0.27,0.04,-0.96,0.12,-0.12,0.12,0.9980480950335009,0.20784609690826528,"-0.27,0.04,-0.96,0.12,-0.12,0.12",hong_jean,near_miss,(near miss) HJ motion_data.csv
1836,2026-07-27T13:21:10.745,73.571504,119.1873,-0.27,0.04,-0.96,0.12,-0.12,0.12,0.9980480950335009,0.20784609690826528,"-0.27,0.04,-0.96,0.12,-0.12,0.12",hong_jean,near_miss,(near miss) HJ motion_data.csv
1837,2026-07-27T13:21:10.746,73.572233,0.7284,-0.27,0.04,-0.96,0.12,-0.12,0.12,0.9980480950335009,0.20784609690826528,"-0.27,0.04,-0.96,0.12,-0.12,0.12",hong_jean,near_miss,(near miss) HJ motion_data.csv
1838,2026-07-27T13:21:10.747,73.572838,0.6057,-0.27,0.04,-0.96,0.18,-0.12,0.12,0.9980480950335009,0.2473863375370596,"-0.27,0.04,-0.96,0.18,-0.12,0.12",hong_jean,near_miss,(near miss) HJ motion_data.csv
1839,2026-07-27T13:21:10.865,73.69153,118.6916,-0.27,0.04,-0.96,0.12,-0.12,0.12,0.9980480950335009,0.20784609690826528,"-0.27,0.04,-0.96,0.12,-0.12,0.12",hong_jean,near_miss,(near miss) HJ motion_data.csv
1840,2026-07-27T13:21:10.866,73.692097,0.5671,-0.27,0.04,-0.96,0.12,-0.12,0.12,0.9980480950335009,0.20784609690826528,"-0.27,0.04,-0.96,0.12,-0.12,0.12",hong_jean,near_miss,(near miss) HJ motion_data.csv
1841,2026-07-27T13:21:10.866,73.692697,0.6002,-0.27,0.04,-0.96,0.12,-0.12,0.12,0.9980480950335009,0.20784609690826528,"-0.27,0.04,-0.96,0.12,-0.12,0.12",hong_jean,near_miss,(near miss) HJ motion_data.csv
1842,2026-07-27T13:21:11.285,74.111649,418.9522,-0.27,0.04,-0.96,0.12,-0.12,0.12,0.9980480950335009,0.20784609690826528,"-0.27,0.04,-0.96,0.12,-0.12,0.12",hong_jean,near_miss,(near miss) HJ motion_data.csv
1843,2026-07-27T13:21:11.286,74.112132,0.4824,-0.27,0.04,-0.96,0.12,-0.12,0.12,0.9980480950335009,0.20784609690826528,"-0.27,0.04,-0.96,0.12,-0.12,0.12",hong_jean,near_miss,(near miss) HJ motion_data.csv
1844,2026-07-27T13:21:11.345,74.170789,58.657,-0.27,0.04,-0.96,0.12,-0.12,0.06,0.9980480950335009,0.18,"-0.27,0.04,-0.96,0.12,-0.12,0.06",hong_jean,near_miss,(near miss) HJ motion_data.csv
1845,2026-07-27T13:21:11.345,74.171422,0.633,-0.27,0.04,-0.96,0.12,-0.12,0.06,0.9980480950335009,0.18,"-0.27,0.04,-0.96,0.12,-0.12,0.06",hong_jean,near_miss,(near miss) HJ motion_data.csv
1846,2026-07-27T13:21:11.346,74.172046,0.6245,-0.27,0.04,-0.96,0.12,-0.06,0.06,0.9980480950335009,0.14696938456699069,"-0.27,0.04,-0.96,0.12,-0.06,0.06",hong_jean,near_miss,(near miss) HJ motion_data.csv
1847,2026-07-27T13:21:11.346,74.172668,0.6222,-0.27,0.04,-0.96,0.12,-0.06,0.12,0.9980480950335009,0.18,"-0.27,0.04,-0.96,0.12,-0.06,0.12",hong_jean,near_miss,(near miss) HJ motion_data.csv
1848,2026-07-27T13:21:11.347,74.173283,0.6143,-0.27,0.03,-0.96,0.12,-0.12,0.12,0.9976973488989535,0.20784609690826528,"-0.27,0.03,-0.96,0.12,-0.12,0.12",hong_jean,near_miss,(near miss) HJ motion_data.csv
1849,2026-07-27T13:21:11.348,74.173809,0.526,-0.27,0.03,-0.96,0.12,-0.12,0.12,0.9976973488989535,0.20784609690826528,"-0.27,0.03,-0.96,0.12,-0.12,0.12",hong_jean,near_miss,(near miss) HJ motion_data.csv
1850,2026-07-27T13:21:11.348,74.174678,0.8696,-0.27,0.04,-0.96,0.12,-0.12,0.12,0.9980480950335009,0.20784609690826528,"-0.27,0.04,-0.96,0.12,-0.12,0.12",hong_jean,near_miss,(near miss) HJ motion_data.csv
1851,2026-07-27T13:21:11.349,74.175495,0.817,-0.27,0.04,-0.96,0.12,-0.06,0.12,0.9980480950335009,0.18,"-0.27,0.04,-0.96,0.12,-0.06,0.12",hong_jean,near_miss,(near miss) HJ motion_data.csv
1852,2026-07-27T13:21:11.350,74.1761,0.6049,-0.27,0.03,-0.96,0.12,-0.06,0.12,0.9976973488989535,0.18,"-0.27,0.03,-0.96,0.12,-0.06,0.12",hong_jean,near_miss,(near miss) HJ motion_data.csv
1853,2026-07-27T13:21:11.351,74.177018,0.9179,-0.27,0.03,-0.96,0.12,-0.06,0.06,0.9976973488989535,0.14696938456699069,"-0.27,0.03,-0.96,0.12,-0.06,0.06",hong_jean,near_miss,(near miss) HJ motion_data.csv
1854,2026-07-27T13:21:11.585,74.411624,234.6056,-0.27,0.03,-0.96,0.12,-0.06,0.06,0.9976973488989535,0.14696938456699069,"-0.27,0.03,-0.96,0.12,-0.06,0.06",hong_jean,near_miss,(near miss) HJ motion_data.csv
1855,2026-07-27T13:21:11.586,74.412257,0.6334,-0.27,0.03,-0.96,0.12,-0.06,0.12,0.9976973488989535,0.18,"-0.27,0.03,-0.96,0.12,-0.06,0.12",hong_jean,near_miss,(near miss) HJ motion_data.csv
1856,2026-07-27T13:21:11.587,74.412895,0.6378,-0.27,0.03,-0.96,0.12,-0.06,0.12,0.9976973488989535,0.18,"-0.27,0.03,-0.96,0.12,-0.06,0.12",hong_jean,near_miss,(near miss) HJ motion_data.csv
1857,2026-07-27T13:21:11.587,74.413477,0.5823,-0.27,0.03,-0.96,0.12,-0.06,0.12,0.9976973488989535,0.18,"-0.27,0.03,-0.96,0.12,-0.06,0.12",hong_jean,near_miss,(near miss) HJ motion_data.csv
1858,2026-07-27T13:21:11.588,74.414487,1.0102,-0.27,0.04,-0.96,0.12,-0.12,0.12,0.9980480950335009,0.20784609690826528,"-0.27,0.04,-0.96,0.12,-0.12,0.12",hong_jean,near_miss,(near miss) HJ motion_data.csv
1859,2026-07-27T13:21:11.644,74.47042,55.9328,-0.27,0.03,-0.96,0.12,-0.06,0.12,0.9976973488989535,0.18,"-0.27,0.03,-0.96,0.12,-0.06,0.12",hong_jean,near_miss,(near miss) HJ motion_data.csv
1860,2026-07-27T13:21:11.645,74.47146,1.0398,-0.27,0.03,-0.96,0.12,-0.06,0.12,0.9976973488989535,0.18,"-0.27,0.03,-0.96,0.12,-0.06,0.12",hong_jean,near_miss,(near miss) HJ motion_data.csv
1861,2026-07-27T13:21:11.765,74.591015,119.5553,-0.27,0.04,-0.96,0.12,-0.12,0.12,0.9980480950335009,0.20784609690826528,"-0.27,0.04,-0.96,0.12,-0.12,0.12",hong_jean,near_miss,(near miss) HJ motion_data.csv
1862,2026-07-27T13:21:11.766,74.591778,0.7629,-0.27,0.04,-0.96,0.12,-0.12,0.12,0.9980480950335009,0.20784609690826528,"-0.27,0.04,-0.96,0.12,-0.12,0.12",hong_jean,near_miss,(near miss) HJ motion_data.csv
1863,2026-07-27T13:21:11.766,74.592474,0.6958,-0.27,0.04,-0.96,0.12,-0.12,0.12,0.9980480950335009,0.20784609690826528,"-0.27,0.04,-0.96,0.12,-0.12,0.12",hong_jean,near_miss,(near miss) HJ motion_data.csv
1864,2026-07-27T13:21:11.825,74.651324,58.8497,-0.27,0.04,-0.96,0.12,-0.12,0.12,0.9980480950335009,0.20784609690826528,"-0.27,0.04,-0.96,0.12,-0.12,0.12",hong_jean,near_miss,(near miss) HJ motion_data.csv
1865,2026-07-27T13:21:11.825,74.651704,0.3802,-0.27,0.03,-0.96,0.06,-0.12,0.12,0.9976973488989535,0.18,"-0.27,0.03,-0.96,0.06,-0.12,0.12",hong_jean,near_miss,(near miss) HJ motion_data.csv
1866,2026-07-27T13:21:11.885,74.711219,59.5149,-0.27,0.03,-0.96,0.06,-0.12,0.12,0.9976973488989535,0.18,"-0.27,0.03,-0.96,0.06,-0.12,0.12",hong_jean,near_miss,(near miss) HJ motion_data.csv
1867,2026-07-27T13:21:11.945,74.771072,59.8533,-0.27,0.04,-0.96,0.06,-0.12,0.12,0.9980480950335009,0.18,"-0.27,0.04,-0.96,0.06,-0.12,0.12",hong_jean,near_miss,(near miss) HJ motion_data.csv
1868,2026-07-27T13:21:11.946,74.77213,1.0583,-0.27,0.03,-0.96,0.06,-0.06,0.12,0.9976973488989535,0.14696938456699069,"-0.27,0.03,-0.96,0.06,-0.06,0.12",hong_jean,near_miss,(near miss) HJ motion_data.csv
1869,2026-07-27T13:21:12.005,74.831035,58.9045,-0.27,0.03,-0.96,0.06,-0.06,0.12,0.9976973488989535,0.14696938456699069,"-0.27,0.03,-0.96,0.06,-0.06,0.12",hong_jean,near_miss,(near miss) HJ motion_data.csv
1870,2026-07-27T13:21:12.065,74.890973,59.9379,-0.27,0.03,-0.96,0.06,-0.06,0.06,0.9976973488989535,0.10392304845413264,"-0.27,0.03,-0.96,0.06,-0.06,0.06",hong_jean,near_miss,(near miss) HJ motion_data.csv
1871,2026-07-27T13:21:12.125,74.951156,60.1828,-0.27,0.03,-0.96,0.12,-0.06,0.06,0.9976973488989535,0.14696938456699069,"-0.27,0.03,-0.96,0.12,-0.06,0.06",hong_jean,near_miss,(near miss) HJ motion_data.csv
1872,2026-07-27T13:21:12.126,74.952225,1.0696,-0.27,0.03,-0.96,0.12,-0.06,0.12,0.9976973488989535,0.18,"-0.27,0.03,-0.96,0.12,-0.06,0.12",hong_jean,near_miss,(near miss) HJ motion_data.csv
1873,2026-07-27T13:21:12.245,75.070978,118.7528,-0.27,0.04,-0.96,0.12,-0.06,0.12,0.9980480950335009,0.18,"-0.27,0.04,-0.96,0.12,-0.06,0.12",hong_jean,near_miss,(near miss) HJ motion_data.csv
1874,2026-07-27T13:21:12.246,75.07176,0.7815,-0.27,0.04,-0.96,0.12,-0.06,0.12,0.9980480950335009,0.18,"-0.27,0.04,-0.96,0.12,-0.06,0.12",hong_jean,near_miss,(near miss) HJ motion_data.csv
1875,2026-07-27T13:21:12.246,75.072703,0.9436,-0.27,0.04,-0.96,0.12,-0.06,0.12,0.9980480950335009,0.18,"-0.27,0.04,-0.96,0.12,-0.06,0.12",hong_jean,near_miss,(near miss) HJ motion_data.csv
1876,2026-07-27T13:21:12.305,75.131301,58.5976,-0.27,0.03,-0.96,0.12,-0.06,0.12,0.9976973488989535,0.18,"-0.27,0.03,-0.96,0.12,-0.06,0.12",hong_jean,near_miss,(near miss) HJ motion_data.csv
1877,2026-07-27T13:21:12.306,75.13198,0.6792,-0.27,0.03,-0.96,0.12,-0.12,0.12,0.9976973488989535,0.20784609690826528,"-0.27,0.03,-0.96,0.12,-0.12,0.12",hong_jean,near_miss,(near miss) HJ motion_data.csv
1878,2026-07-27T13:21:12.427,75.252813,120.8331,-0.27,0.03,-0.96,0.12,-0.12,0.12,0.9976973488989535,0.20784609690826528,"-0.27,0.03,-0.96,0.12,-0.12,0.12",hong_jean,near_miss,(near miss) HJ motion_data.csv
1879,2026-07-27T13:21:12.427,75.253202,0.3888,-0.27,0.03,-0.96,0.12,-0.12,0.12,0.9976973488989535,0.20784609690826528,"-0.27,0.03,-0.96,0.12,-0.12,0.12",hong_jean,near_miss,(near miss) HJ motion_data.csv
1880,2026-07-27T13:21:12.427,75.253601,0.3996,-0.27,0.03,-0.96,0.12,-0.12,0.12,0.9976973488989535,0.20784609690826528,"-0.27,0.03,-0.96,0.12,-0.12,0.12",hong_jean,near_miss,(near miss) HJ motion_data.csv
1881,2026-07-27T13:21:12.665,75.491364,237.762,-0.27,0.03,-0.96,0.12,-0.12,0.12,0.9976973488989535,0.20784609690826528,"-0.27,0.03,-0.96,0.12,-0.12,0.12",hong_jean,near_miss,(near miss) HJ motion_data.csv
1882,2026-07-27T13:21:12.845,75.670949,179.5854,-0.27,0.03,-0.96,0.12,-0.12,0.12,0.9976973488989535,0.20784609690826528,"-0.27,0.03,-0.96,0.12,-0.12,0.12",hong_jean,near_miss,(near miss) HJ motion_data.csv
1883,2026-07-27T13:21:12.846,75.671766,0.8169,-0.27,0.03,-0.96,0.12,-0.12,0.12,0.9976973488989535,0.20784609690826528,"-0.27,0.03,-0.96,0.12,-0.12,0.12",hong_jean,near_miss,(near miss) HJ motion_data.csv
1884,2026-07-27T13:21:12.846,75.672281,0.5148,-0.27,0.03,-0.96,0.12,-0.12,0.12,0.9976973488989535,0.20784609690826528,"-0.27,0.03,-0.96,0.12,-0.12,0.12",hong_jean,near_miss,(near miss) HJ motion_data.csv
1885,2026-07-27T13:21:12.904,75.730531,58.2509,-0.27,0.03,-0.96,0.12,-0.12,0.12,0.9976973488989535,0.20784609690826528,"-0.27,0.03,-0.96,0.12,-0.12,0.12",hong_jean,near_miss,(near miss) HJ motion_data.csv
1886,2026-07-27T13:21:12.905,75.731203,0.6711,-0.27,0.03,-0.96,0.12,-0.12,0.12,0.9976973488989535,0.20784609690826528,"-0.27,0.03,-0.96,0.12,-0.12,0.12",hong_jean,near_miss,(near miss) HJ motion_data.csv
1887,2026-07-27T13:21:12.905,75.731349,0.1466,-0.27,0.03,-0.96,0.12,-0.12,0.12,0.9976973488989535,0.20784609690826528,"-0.27,0.03,-0.96,0.12,-0.12,0.12",hong_jean,near_miss,(near miss) HJ motion_data.csv
1888,2026-07-27T13:21:12.964,75.790686,59.3365,-0.27,0.03,-0.96,0.12,-0.12,0.12,0.9976973488989535,0.20784609690826528,"-0.27,0.03,-0.96,0.12,-0.12,0.12",hong_jean,near_miss,(near miss) HJ motion_data.csv
1889,2026-07-27T13:21:13.024,75.850564,59.8788,-0.27,0.03,-0.96,0.12,-0.12,0.12,0.9976973488989535,0.20784609690826528,"-0.27,0.03,-0.96,0.12,-0.12,0.12",hong_jean,near_miss,(near miss) HJ motion_data.csv
1890,2026-07-27T13:21:13.026,75.851751,1.1861,-0.27,0.03,-0.96,0.12,-0.12,0.12,0.9976973488989535,0.20784609690826528,"-0.27,0.03,-0.96,0.12,-0.12,0.12",hong_jean,near_miss,(near miss) HJ motion_data.csv
1891,2026-07-27T13:21:13.026,75.852243,0.4929,-0.27,0.03,-0.96,0.12,-0.12,0.06,0.9976973488989535,0.18,"-0.27,0.03,-0.96,0.12,-0.12,0.06",hong_jean,near_miss,(near miss) HJ motion_data.csv
1892,2026-07-27T13:21:13.027,75.85275,0.5067,-0.27,0.03,-0.96,0.12,-0.12,0.06,0.9976973488989535,0.18,"-0.27,0.03,-0.96,0.12,-0.12,0.06",hong_jean,near_miss,(near miss) HJ motion_data.csv
1893,2026-07-27T13:21:13.027,75.853285,0.5347,-0.27,0.03,-0.96,0.12,-0.12,0.12,0.9976973488989535,0.20784609690826528,"-0.27,0.03,-0.96,0.12,-0.12,0.12",hong_jean,near_miss,(near miss) HJ motion_data.csv
1894,2026-07-27T13:21:13.028,75.853807,0.5223,-0.27,0.03,-0.96,0.12,-0.06,0.12,0.9976973488989535,0.18,"-0.27,0.03,-0.96,0.12,-0.06,0.12",hong_jean,near_miss,(near miss) HJ motion_data.csv
1895,2026-07-27T13:21:13.029,75.854823,1.0157,-0.27,0.03,-0.96,0.12,-0.06,0.12,0.9976973488989535,0.18,"-0.27,0.03,-0.96,0.12,-0.06,0.12",hong_jean,near_miss,(near miss) HJ motion_data.csv
1896,2026-07-27T13:21:13.145,75.970768,115.9448,-0.27,0.03,-0.96,0.18,-0.12,0.12,0.9976973488989535,0.2473863375370596,"-0.27,0.03,-0.96,0.18,-0.12,0.12",hong_jean,near_miss,(near miss) HJ motion_data.csv
1897,2026-07-27T13:21:13.145,75.971048,0.2804,-0.27,0.03,-0.96,0.12,-0.12,0.12,0.9976973488989535,0.20784609690826528,"-0.27,0.03,-0.96,0.12,-0.12,0.12",hong_jean,near_miss,(near miss) HJ motion_data.csv
1898,2026-07-27T13:21:13.145,75.971566,0.5183,-0.27,0.03,-0.96,0.12,-0.12,0.12,0.9976973488989535,0.20784609690826528,"-0.27,0.03,-0.96,0.12,-0.12,0.12",hong_jean,near_miss,(near miss) HJ motion_data.csv
1899,2026-07-27T13:21:13.205,76.0313,59.7341,-0.27,0.03,-0.96,0.12,-0.12,0.12,0.9976973488989535,0.20784609690826528,"-0.27,0.03,-0.96,0.12,-0.12,0.12",hong_jean,near_miss,(near miss) HJ motion_data.csv
1900,2026-07-27T13:21:13.385,76.210807,179.5069,-0.27,0.03,-0.96,0.12,-0.12,0.12,0.9976973488989535,0.20784609690826528,"-0.27,0.03,-0.96,0.12,-0.12,0.12",hong_jean,near_miss,(near miss) HJ motion_data.csv
1901,2026-07-27T13:21:13.385,76.211341,0.5341,-0.27,0.03,-0.96,0.12,-0.12,0.12,0.9976973488989535,0.20784609690826528,"-0.27,0.03,-0.96,0.12,-0.12,0.12",hong_jean,near_miss,(near miss) HJ motion_data.csv
1902,2026-07-27T13:21:13.385,76.21149,0.148,-0.27,0.04,-0.96,0.12,-0.12,0.12,0.9980480950335009,0.20784609690826528,"-0.27,0.04,-0.96,0.12,-0.12,0.12",hong_jean,near_miss,(near miss) HJ motion_data.csv
1903,2026-07-27T13:21:13.386,76.212381,0.8917,-0.27,0.04,-0.96,0.12,-0.12,0.12,0.9980480950335009,0.20784609690826528,"-0.27,0.04,-0.96,0.12,-0.12,0.12",hong_jean,near_miss,(near miss) HJ motion_data.csv
1904,2026-07-27T13:21:13.387,76.213087,0.7058,-0.27,0.03,-0.96,0.12,-0.06,0.12,0.9976973488989535,0.18,"-0.27,0.03,-0.96,0.12,-0.06,0.12",hong_jean,near_miss,(near miss) HJ motion_data.csv
1905,2026-07-27T13:21:13.685,76.511246,298.1587,-0.27,0.03,-0.96,0.12,-0.12,0.12,0.9976973488989535,0.20784609690826528,"-0.27,0.03,-0.96,0.12,-0.12,0.12",hong_jean,near_miss,(near miss) HJ motion_data.csv
1906,2026-07-27T13:21:13.685,76.511733,0.4877,-0.27,0.03,-0.96,0.12,-0.12,0.12,0.9976973488989535,0.20784609690826528,"-0.27,0.03,-0.96,0.12,-0.12,0.12",hong_jean,near_miss,(near miss) HJ motion_data.csv
1907,2026-07-27T13:21:13.746,76.57215,60.4163,-0.27,0.03,-0.96,0.12,-0.12,0.12,0.9976973488989535,0.20784609690826528,"-0.27,0.03,-0.96,0.12,-0.12,0.12",hong_jean,near_miss,(near miss) HJ motion_data.csv
1908,2026-07-27T13:21:13.747,76.57293,0.7805,-0.27,0.03,-0.96,0.12,-0.06,0.12,0.9976973488989535,0.18,"-0.27,0.03,-0.96,0.12,-0.06,0.12",hong_jean,near_miss,(near miss) HJ motion_data.csv
1909,2026-07-27T13:21:13.747,76.573627,0.6966,-0.27,0.03,-0.96,0.12,-0.12,0.12,0.9976973488989535,0.20784609690826528,"-0.27,0.03,-0.96,0.12,-0.12,0.12",hong_jean,near_miss,(near miss) HJ motion_data.csv
1910,2026-07-27T13:21:13.748,76.574141,0.5147,-0.27,0.03,-0.96,0.12,-0.12,0.12,0.9976973488989535,0.20784609690826528,"-0.27,0.03,-0.96,0.12,-0.12,0.12",hong_jean,near_miss,(near miss) HJ motion_data.csv
1911,2026-07-27T13:21:13.748,76.574401,0.2594,-0.27,0.03,-0.96,0.12,-0.12,0.12,0.9976973488989535,0.20784609690826528,"-0.27,0.03,-0.96,0.12,-0.12,0.12",hong_jean,near_miss,(near miss) HJ motion_data.csv
1912,2026-07-27T13:21:13.749,76.575009,0.6076,-0.27,0.03,-0.96,0.12,-0.06,0.12,0.9976973488989535,0.18,"-0.27,0.03,-0.96,0.12,-0.06,0.12",hong_jean,near_miss,(near miss) HJ motion_data.csv
1913,2026-07-27T13:21:13.749,76.575442,0.4334,-0.27,0.03,-0.96,0.12,-0.12,0.12,0.9976973488989535,0.20784609690826528,"-0.27,0.03,-0.96,0.12,-0.12,0.12",hong_jean,near_miss,(near miss) HJ motion_data.csv
1914,2026-07-27T13:21:13.865,76.691216,115.7741,-0.27,0.03,-0.96,0.12,-0.12,0.12,0.9976973488989535,0.20784609690826528,"-0.27,0.03,-0.96,0.12,-0.12,0.12",hong_jean,near_miss,(near miss) HJ motion_data.csv
1915,2026-07-27T13:21:13.865,76.691738,0.5219,-0.27,0.03,-0.96,0.12,-0.12,0.12,0.9976973488989535,0.20784609690826528,"-0.27,0.03,-0.96,0.12,-0.12,0.12",hong_jean,near_miss,(near miss) HJ motion_data.csv
1916,2026-07-27T13:21:13.866,76.6918,0.0623,-0.27,0.03,-0.96,0.12,-0.12,0.12,0.9976973488989535,0.20784609690826528,"-0.27,0.03,-0.96,0.12,-0.12,0.12",hong_jean,near_miss,(near miss) HJ motion_data.csv
1917,2026-07-27T13:21:13.985,76.811232,119.4314,-0.27,0.03,-0.96,0.12,-0.12,0.12,0.9976973488989535,0.20784609690826528,"-0.27,0.03,-0.96,0.12,-0.12,0.12",hong_jean,near_miss,(near miss) HJ motion_data.csv
1918,2026-07-27T13:21:13.986,76.811886,0.6544,-0.27,0.03,-0.96,0.12,-0.06,0.12,0.9976973488989535,0.18,"-0.27,0.03,-0.96,0.12,-0.06,0.12",hong_jean,near_miss,(near miss) HJ motion_data.csv
1919,2026-07-27T13:21:13.986,76.812539,0.6527,-0.27,0.03,-0.96,0.12,-0.12,0.12,0.9976973488989535,0.20784609690826528,"-0.27,0.03,-0.96,0.12,-0.12,0.12",hong_jean,near_miss,(near miss) HJ motion_data.csv
1920,2026-07-27T13:21:14.105,76.931319,118.7807,-0.27,0.03,-0.96,0.12,-0.12,0.12,0.9976973488989535,0.20784609690826528,"-0.27,0.03,-0.96,0.12,-0.12,0.12",hong_jean,near_miss,(near miss) HJ motion_data.csv
1921,2026-07-27T13:21:14.105,76.931399,0.0799,-0.27,0.03,-0.96,0.12,-0.12,0.12,0.9976973488989535,0.20784609690826528,"-0.27,0.03,-0.96,0.12,-0.12,0.12",hong_jean,near_miss,(near miss) HJ motion_data.csv
1922,2026-07-27T13:21:14.106,76.932158,0.7592,-0.27,0.03,-0.96,0.12,-0.12,0.12,0.9976973488989535,0.20784609690826528,"-0.27,0.03,-0.96,0.12,-0.12,0.12",hong_jean,near_miss,(near miss) HJ motion_data.csv
1923,2026-07-27T13:21:14.165,76.991719,59.5607,-0.27,0.03,-0.96,0.12,-0.12,0.12,0.9976973488989535,0.20784609690826528,"-0.27,0.03,-0.96,0.12,-0.12,0.12",hong_jean,near_miss,(near miss) HJ motion_data.csv
1924,2026-07-27T13:21:14.585,77.410952,419.2328,-0.27,0.03,-0.96,0.12,-0.12,0.12,0.9976973488989535,0.20784609690826528,"-0.27,0.03,-0.96,0.12,-0.12,0.12",hong_jean,near_miss,(near miss) HJ motion_data.csv
1925,2026-07-27T13:21:14.586,77.411862,0.9103,-0.27,0.03,-0.96,0.12,-0.12,0.12,0.9976973488989535,0.20784609690826528,"-0.27,0.03,-0.96,0.12,-0.12,0.12",hong_jean,near_miss,(near miss) HJ motion_data.csv
1926,2026-07-27T13:21:14.586,77.412497,0.6348,-0.27,0.03,-0.96,0.12,-0.12,0.12,0.9976973488989535,0.20784609690826528,"-0.27,0.03,-0.96,0.12,-0.12,0.12",hong_jean,near_miss,(near miss) HJ motion_data.csv
1927,2026-07-27T13:21:14.587,77.413176,0.6788,-0.27,0.03,-0.96,0.12,-0.12,0.12,0.9976973488989535,0.20784609690826528,"-0.27,0.03,-0.96,0.12,-0.12,0.12",hong_jean,near_miss,(near miss) HJ motion_data.csv
1928,2026-07-27T13:21:14.587,77.413678,0.5026,-0.27,0.03,-0.96,0.12,-0.12,0.12,0.9976973488989535,0.20784609690826528,"-0.27,0.03,-0.96,0.12,-0.12,0.12",hong_jean,near_miss,(near miss) HJ motion_data.csv
1929,2026-07-27T13:21:14.588,77.414056,0.3771,-0.27,0.03,-0.96,0.12,-0.12,0.12,0.9976973488989535,0.20784609690826528,"-0.27,0.03,-0.96,0.12,-0.12,0.12",hong_jean,near_miss,(near miss) HJ motion_data.csv
1930,2026-07-27T13:21:14.705,77.530957,116.9016,-0.27,0.03,-0.96,0.12,-0.06,0.12,0.9976973488989535,0.18,"-0.27,0.03,-0.96,0.12,-0.06,0.12",hong_jean,near_miss,(near miss) HJ motion_data.csv
1931,2026-07-27T13:21:14.705,77.53138,0.4227,-0.27,0.03,-0.96,0.12,-0.06,0.12,0.9976973488989535,0.18,"-0.27,0.03,-0.96,0.12,-0.06,0.12",hong_jean,near_miss,(near miss) HJ motion_data.csv
1932,2026-07-27T13:21:14.824,77.650548,119.1684,-0.27,0.03,-0.96,0.12,-0.12,0.12,0.9976973488989535,0.20784609690826528,"-0.27,0.03,-0.96,0.12,-0.12,0.12",hong_jean,near_miss,(near miss) HJ motion_data.csv
1933,2026-07-27T13:21:14.825,77.651158,0.6099,-0.27,0.03,-0.96,0.12,-0.12,0.12,0.9976973488989535,0.20784609690826528,"-0.27,0.03,-0.96,0.12,-0.12,0.12",hong_jean,near_miss,(near miss) HJ motion_data.csv
1934,2026-07-27T13:21:14.826,77.651757,0.5991,-0.27,0.03,-0.96,0.12,-0.12,0.12,0.9976973488989535,0.20784609690826528,"-0.27,0.03,-0.96,0.12,-0.12,0.12",hong_jean,near_miss,(near miss) HJ motion_data.csv
1935,2026-07-27T13:21:14.826,77.652339,0.5816,-0.27,0.03,-0.96,0.12,-0.06,0.12,0.9976973488989535,0.18,"-0.27,0.03,-0.96,0.12,-0.06,0.12",hong_jean,near_miss,(near miss) HJ motion_data.csv
1936,2026-07-27T13:21:14.827,77.65296,0.6212,-0.27,0.03,-0.96,0.12,-0.06,0.12,0.9976973488989535,0.18,"-0.27,0.03,-0.96,0.12,-0.06,0.12",hong_jean,near_miss,(near miss) HJ motion_data.csv
1937,2026-07-27T13:21:14.828,77.65401,1.0495,-0.27,0.03,-0.96,0.12,-0.06,0.12,0.9976973488989535,0.18,"-0.27,0.03,-0.96,0.12,-0.06,0.12",hong_jean,near_miss,(near miss) HJ motion_data.csv
1938,2026-07-27T13:21:14.828,77.654596,0.5867,-0.27,0.03,-0.96,0.12,-0.06,0.12,0.9976973488989535,0.18,"-0.27,0.03,-0.96,0.12,-0.06,0.12",hong_jean,near_miss,(near miss) HJ motion_data.csv
1939,2026-07-27T13:21:14.829,77.6555,0.9038,-0.27,0.03,-0.96,0.12,-0.12,0.12,0.9976973488989535,0.20784609690826528,"-0.27,0.03,-0.96,0.12,-0.12,0.12",hong_jean,near_miss,(near miss) HJ motion_data.csv
1940,2026-07-27T13:21:14.945,77.77166,116.1599,-0.27,0.03,-0.96,0.12,-0.12,0.12,0.9976973488989535,0.20784609690826528,"-0.27,0.03,-0.96,0.12,-0.12,0.12",hong_jean,near_miss,(near miss) HJ motion_data.csv
1941,2026-07-27T13:21:14.946,77.772116,0.4557,-0.27,0.03,-0.96,0.12,-0.12,0.12,0.9976973488989535,0.20784609690826528,"-0.27,0.03,-0.96,0.12,-0.12,0.12",hong_jean,near_miss,(near miss) HJ motion_data.csv
1942,2026-07-27T13:21:14.946,77.772526,0.4107,-0.27,0.03,-0.96,0.12,-0.06,0.12,0.9976973488989535,0.18,"-0.27,0.03,-0.96,0.12,-0.06,0.12",hong_jean,near_miss,(near miss) HJ motion_data.csv
1943,2026-07-27T13:21:14.947,77.773188,0.6619,-0.27,0.03,-0.96,0.12,-0.06,0.12,0.9976973488989535,0.18,"-0.27,0.03,-0.96,0.12,-0.06,0.12",hong_jean,near_miss,(near miss) HJ motion_data.csv
1944,2026-07-27T13:21:15.124,77.950709,177.5204,-0.27,0.03,-0.96,0.12,-0.06,0.12,0.9976973488989535,0.18,"-0.27,0.03,-0.96,0.12,-0.06,0.12",hong_jean,near_miss,(near miss) HJ motion_data.csv
1945,2026-07-27T13:21:15.125,77.951386,0.6772,-0.27,0.03,-0.96,0.12,-0.06,0.12,0.9976973488989535,0.18,"-0.27,0.03,-0.96,0.12,-0.06,0.12",hong_jean,near_miss,(near miss) HJ motion_data.csv
1946,2026-07-27T13:21:15.126,77.952022,0.6357,-0.22,-0.0,-0.82,5.92,2.87,2.93,0.8489994110716449,7.201958067081479,"-0.22,-0.00,-0.82,5.92,2.87,2.93",hong_jean,near_miss,(near miss) HJ motion_data.csv
1947,2026-07-27T13:21:15.127,77.952929,0.9079,-0.1,-0.13,-0.65,72.88,32.96,30.58,0.6703730304837747,85.63289321283031,"-0.10,-0.13,-0.65,72.88,32.96,30.58",hong_jean,near_miss,(near miss) HJ motion_data.csv
1948,2026-07-27T13:21:15.245,78.071494,118.5643,-0.1,-0.35,-1.03,72.88,32.96,30.58,1.0924284873619874,85.63289321283031,"-0.10,-0.35,-1.03,72.88,32.96,30.58",hong_jean,near_miss,(near miss) HJ motion_data.csv
1949,2026-07-27T13:21:15.246,78.072313,0.8192,-0.21,-0.54,-1.63,93.87,77.33,-38.64,1.7299132926248066,127.61095329163558,"-0.21,-0.54,-1.63,93.87,77.33,-38.64",hong_jean,near_miss,(near miss) HJ motion_data.csv
1950,2026-07-27T13:21:15.247,78.072805,0.4924,0.02,-1.36,-2.04,140.56,10.62,-62.87,2.4518564395168,154.34550495560276,"0.02,-1.36,-2.04,140.56,10.62,-62.87",hong_jean,near_miss,(near miss) HJ motion_data.csv
1951,2026-07-27T13:21:15.365,78.191654,118.8489,0.27,-2.78,-2.28,391.42,-22.09,80.51,3.6055096727092546,400.2242428939056,"0.27,-2.78,-2.28,391.42,-22.09,80.51",hong_jean,near_miss,(near miss) HJ motion_data.csv
1952,2026-07-27T13:21:15.366,78.192189,0.5348,-0.25,-3.82,-1.96,618.35,40.47,104.98,4.300755747540192,628.5024612521419,"-0.25,-3.82,-1.96,618.35,40.47,104.98",hong_jean,near_miss,(near miss) HJ motion_data.csv
1953,2026-07-27T13:21:15.367,78.193024,0.8353,-1.22,-3.72,-1.32,715.39,104.74,-27.71,4.131488835758848,723.5476237263169,"-1.22,-3.72,-1.32,715.39,104.74,-27.71",hong_jean,near_miss,(near miss) HJ motion_data.csv
1954,2026-07-27T13:21:15.545,78.371527,178.5024,-1.64,-2.23,-0.84,721.98,43.33,-75.32,2.8927668416241223,727.1902857574488,"-1.64,-2.23,-0.84,721.98,43.33,-75.32",hong_jean,near_miss,(near miss) HJ motion_data.csv
1955,2026-07-27T13:21:15.546,78.3722,0.6735,-1.15,-0.55,-0.63,594.06,-116.58,-63.96,1.421935300919138,608.7602661146668,"-1.15,-0.55,-0.63,594.06,-116.58,-63.96",hong_jean,near_miss,(near miss) HJ motion_data.csv
1956,2026-07-27T13:21:15.547,78.372905,0.7043,-0.4,0.33,-0.53,353.27,-233.28,-50.35,0.7414849964766651,426.32660461200396,"-0.40,0.33,-0.53,353.27,-233.28,-50.35",hong_jean,near_miss,(near miss) HJ motion_data.csv
1957,2026-07-27T13:21:15.846,78.671882,298.9772,-0.1,0.53,-0.37,135.38,-249.33,-17.88,0.6540642170307134,284.27607655235425,"-0.10,0.53,-0.37,135.38,-249.33,-17.88",hong_jean,near_miss,(near miss) HJ motion_data.csv
1958,2026-07-27T13:21:15.846,78.672612,0.7306,-0.22,0.43,-0.18,57.19,-242.25,1.89,0.5154609587543949,248.9163126434264,"-0.22,0.43,-0.18,57.19,-242.25,1.89",hong_jean,near_miss,(near miss) HJ motion_data.csv
1959,2026-07-27T13:21:15.847,78.673344,0.7313,-0.34,0.41,-0.14,68.18,-249.08,70.8,0.5507267925205745,267.7722890816001,"-0.34,0.41,-0.14,68.18,-249.08,70.80",hong_jean,near_miss,(near miss) HJ motion_data.csv
1960,2026-07-27T13:21:15.848,78.673937,0.5932,-0.32,0.56,-0.23,57.37,-250.43,201.66,0.6847627326307997,326.6087221737962,"-0.32,0.56,-0.23,57.37,-250.43,201.66",hong_jean,near_miss,(near miss) HJ motion_data.csv
1961,2026-07-27T13:21:15.904,78.730594,56.6574,-0.25,0.65,-0.25,7.32,-260.19,313.05,0.7399324293474372,407.1274014359633,"-0.25,0.65,-0.25,7.32,-260.19,313.05",hong_jean,near_miss,(near miss) HJ motion_data.csv
1962,2026-07-27T13:21:15.905,78.731001,0.4067,-0.37,0.52,-0.19,-31.13,-250.92,374.69,0.6658828725834597,452.0204855977215,"-0.37,0.52,-0.19,-31.13,-250.92,374.69",hong_jean,near_miss,(near miss) HJ motion_data.csv
1963,2026-07-27T13:21:15.965,78.790827,59.8263,-0.57,0.31,-0.06,-16.72,-196.72,399.72,0.6516133823057964,445.8187918874663,"-0.57,0.31,-0.06,-16.72,-196.72,399.72",hong_jean,near_miss,(near miss) HJ motion_data.csv
1964,2026-07-27T13:21:16.025,78.85148,60.6532,-0.76,0.09,0.11,28.08,-105.41,409.18,0.7731752712031082,423.4714003330095,"-0.76,0.09,0.11,28.08,-105.41,409.18",hong_jean,near_miss,(near miss) HJ motion_data.csv
1965,2026-07-27T13:21:16.145,78.970798,119.3174,-0.92,-0.16,0.21,56.15,-16.42,399.05,0.9571311299921239,403.3154366001877,"-0.92,-0.16,0.21,56.15,-16.42,399.05",hong_jean,near_miss,(near miss) HJ motion_data.csv
1966,2026-07-27T13:21:16.205,79.030866,60.0686,-0.81,-0.72,0.3,52.19,29.66,373.17,1.1244998888394788,377.9674067958771,"-0.81,-0.72,0.30,52.19,29.66,373.17",hong_jean,near_miss,(near miss) HJ motion_data.csv
1967,2026-07-27T13:21:16.265,79.09116,60.2936,-0.5,-1.52,0.56,40.34,40.04,312.93,1.6952875862224674,318.0498421631427,"-0.50,-1.52,0.56,40.34,40.04,312.93",hong_jean,near_miss,(near miss) HJ motion_data.csv
1968,2026-07-27T13:21:16.266,79.091836,0.676,-0.31,-2.07,1.08,70.25,34.12,175.48,2.3552919139673536,192.07411928732094,"-0.31,-2.07,1.08,70.25,34.12,175.48",hong_jean,near_miss,(near miss) HJ motion_data.csv
1969,2026-07-27T13:21:16.266,79.092289,0.4528,-0.33,-2.33,1.31,124.69,82.82,-38.27,2.693306518018326,154.50353199846273,"-0.33,-2.33,1.31,124.69,82.82,-38.27",hong_jean,near_miss,(near miss) HJ motion_data.csv
1970,2026-07-27T13:21:16.267,79.092896,0.6066,-0.36,-2.35,0.97,147.28,199.4,-255.0,2.5676837811537467,355.63571024293947,"-0.36,-2.35,0.97,147.28,199.40,-255.00",hong_jean,near_miss,(near miss) HJ motion_data.csv
1971,2026-07-27T13:21:16.267,79.093301,0.406,-0.5,-2.05,0.65,105.65,219.48,-334.35,2.207940216581962,413.67053968103653,"-0.50,-2.05,0.65,105.65,219.48,-334.35",hong_jean,near_miss,(near miss) HJ motion_data.csv
1972,2026-07-27T13:21:16.268,79.093905,0.6037,-0.67,-1.36,0.63,58.35,63.48,-223.14,1.6417673403987547,239.2193397282084,"-0.67,-1.36,0.63,58.35,63.48,-223.14",hong_jean,near_miss,(near miss) HJ motion_data.csv
1973,2026-07-27T13:21:16.269,79.094998,1.0925,-0.44,-0.53,0.69,77.82,-131.65,-41.44,0.9749871794028883,158.44541173539864,"-0.44,-0.53,0.69,77.82,-131.65,-41.44",hong_jean,near_miss,(near miss) HJ motion_data.csv
1974,2026-07-27T13:21:16.270,79.095771,0.7736,-0.02,-0.09,0.57,80.69,-237.24,82.21,0.577408001330082,263.72746880065415,"-0.02,-0.09,0.57,80.69,-237.24,82.21",hong_jean,near_miss,(near miss) HJ motion_data.csv
1975,2026-07-27T13:21:16.270,79.096355,0.584,0.18,0.05,0.46,3.48,-268.37,132.39,0.49648766349225637,299.2685740267428,"0.18,0.05,0.46,3.48,-268.37,132.39",hong_jean,near_miss,(near miss) HJ motion_data.csv
1976,2026-07-27T13:21:16.271,79.09751,1.1548,0.13,-0.02,0.53,-109.68,-277.83,175.6,0.5460769176590419,346.4889194476499,"0.13,-0.02,0.53,-109.68,-277.83,175.60",hong_jean,near_miss,(near miss) HJ motion_data.csv
1977,2026-07-27T13:21:16.325,79.15124,53.7303,-0.08,-0.57,0.86,-217.1,-259.4,223.88,1.034842983258813,405.63903214557644,"-0.08,-0.57,0.86,-217.10,-259.40,223.88",hong_jean,near_miss,(near miss) HJ motion_data.csv
1978,2026-07-27T13:21:16.625,79.450958,299.7179,-0.43,-1.21,1.11,-263.0,-217.83,195.01,1.6973803345155145,393.25285631511946,"-0.43,-1.21,1.11,-263.00,-217.83,195.01",hong_jean,near_miss,(near miss) HJ motion_data.csv
1979,2026-07-27T13:21:16.625,79.451436,0.4778,-0.76,-1.2,0.84,-170.41,-155.4,66.1,1.6502121075789014,239.91235503825143,"-0.76,-1.20,0.84,-170.41,-155.40,66.10",hong_jean,near_miss,(near miss) HJ motion_data.csv
1980,2026-07-27T13:21:16.626,79.45216,0.7235,-0.63,-0.85,0.41,-42.36,-20.32,-60.79,1.1346805717910216,76.82900559033678,"-0.63,-0.85,0.41,-42.36,-20.32,-60.79",hong_jean,near_miss,(near miss) HJ motion_data.csv
1981,2026-07-27T13:21:16.627,79.452946,0.7862,-0.22,-0.52,0.04,10.13,188.66,-109.92,0.5660388679233962,218.58092071358837,"-0.22,-0.52,0.04,10.13,188.66,-109.92",hong_jean,near_miss,(near miss) HJ motion_data.csv
1982,2026-07-27T13:21:16.627,79.453525,0.5797,0.01,-0.37,-0.22,-13.85,384.7,-124.27,0.4305810028322197,404.5107481884752,"0.01,-0.37,-0.22,-13.85,384.70,-124.27",hong_jean,near_miss,(near miss) HJ motion_data.csv
1983,2026-07-27T13:21:16.628,79.454129,0.6034,0.03,-0.65,-0.26,-179.38,404.91,-120.91,0.7007139216541941,459.0735459596861,"0.03,-0.65,-0.26,-179.38,404.91,-120.91",hong_jean,near_miss,(near miss) HJ motion_data.csv
1984,2026-07-27T13:21:16.629,79.455021,0.8921,-0.13,-0.85,-0.32,-389.83,238.28,-32.59,0.9174965939991276,458.04682664548614,"-0.13,-0.85,-0.32,-389.83,238.28,-32.59",hong_jean,near_miss,(near miss) HJ motion_data.csv
1985,2026-07-27T13:21:16.629,79.455704,0.6828,-0.45,-0.7,-0.73,-553.04,74.83,91.49,1.1069778678907722,565.5291244489534,"-0.45,-0.70,-0.73,-553.04,74.83,91.49",hong_jean,near_miss,(near miss) HJ motion_data.csv
1986,2026-07-27T13:21:16.685,79.511281,55.5768,-0.7,-0.24,-1.13,-676.45,8.48,154.05,1.3507405376311172,693.8212416754045,"-0.70,-0.24,-1.13,-676.45,8.48,154.05",hong_jean,near_miss,(near miss) HJ motion_data.csv
1987,2026-07-27T13:21:16.746,79.571756,60.4757,-0.68,0.27,-1.06,-563.66,-7.32,114.75,1.2879829191413992,575.268407354341,"-0.68,0.27,-1.06,-563.66,-7.32,114.75",hong_jean,near_miss,(near miss) HJ motion_data.csv
1988,2026-07-27T13:21:16.746,79.572369,0.6131,-0.54,0.41,-0.84,-271.97,-23.13,19.47,1.0794906206169648,273.6453155089632,"-0.54,0.41,-0.84,-271.97,-23.13,19.47",hong_jean,near_miss,(near miss) HJ motion_data.csv
1989,2026-07-27T13:21:16.805,79.631198,58.8288,-0.42,0.23,-0.77,-100.59,-71.35,-26.12,0.9067524469225324,126.06119545680978,"-0.42,0.23,-0.77,-100.59,-71.35,-26.12",hong_jean,near_miss,(near miss) HJ motion_data.csv
1990,2026-07-27T13:21:16.865,79.691488,60.2898,-0.26,0.11,-0.57,-97.6,-210.69,-24.54,0.63608175575157,233.49142960716995,"-0.26,0.11,-0.57,-97.60,-210.69,-24.54",hong_jean,near_miss,(near miss) HJ motion_data.csv
1991,2026-07-27T13:21:16.985,79.810893,119.4047,-0.1,0.15,-0.28,-150.45,-442.38,-95.76,0.3330165161069343,476.97509840661496,"-0.10,0.15,-0.28,-150.45,-442.38,-95.76",hong_jean,near_miss,(near miss) HJ motion_data.csv
1992,2026-07-27T13:21:16.985,79.811445,0.5524,-0.25,0.08,0.05,-138.98,-619.32,-241.88,0.2672077843177478,679.2485827736413,"-0.25,0.08,0.05,-138.98,-619.32,-241.88",hong_jean,near_miss,(near miss) HJ motion_data.csv
1993,2026-07-27T13:21:16.986,79.811962,0.5174,-0.76,-0.2,0.45,-127.44,-595.28,-233.9,0.9055937278934744,652.1567618295466,"-0.76,-0.20,0.45,-127.44,-595.28,-233.9",hong_jean,near_miss,(near miss) HJ motion_data.csv
1994,2026-07-27T13:21:16.986,79.812687,0.7246,-1.72,-0.4,0.57,-288.45,-371.46,-23.8,1.8556131062266186,470.905907905178,"-1.72,-0.40,0.57,-288.45,-371.46,-23.80",hong_jean,near_miss,(near miss) HJ motion_data.csv
1995,2026-07-27T13:21:17.045,79.871562,58.8752,-2.16,-0.3,0.2,-438.23,-33.39,165.1,2.189885841773493,469.48741729677914,"-2.16,-0.30,0.20,-438.23,-33.39,165.10",hong_jean,near_miss,(near miss) HJ motion_data.csv
1996,2026-07-27T13:21:17.107,79.932943,61.3804,-1.45,-0.05,-0.27,-357.6,209.23,144.96,1.4757709849431246,438.9400351984312,"-1.45,-0.05,-0.27,-357.60,209.23,144.96",hong_jean,near_miss,(near miss) HJ motion_data.csv
1997,2026-07-27T13:21:17.107,79.933344,0.401,-0.71,0.14,-0.57,-204.1,252.08,-20.45,0.9211948762341223,324.991290498684,"-0.71,0.14,-0.57,-204.10,252.08,-20.45",hong_jean,near_miss,(near miss) HJ motion_data.csv
1998,2026-07-27T13:21:17.285,80.111492,178.1488,-0.61,0.23,-0.73,-135.74,189.03,-122.99,0.9787236586493656,263.218974619992,"-0.61,0.23,-0.73,-135.74,189.03,-122.99",hong_jean,near_miss,(near miss) HJ motion_data.csv
1999,2026-07-27T13:21:17.286,80.112209,0.7162,-1.13,0.23,-0.67,-130.37,136.35,-27.83,1.3336791218280355,190.68866851493826,"-1.13,0.23,-0.67,-130.37,136.35,-27.83",hong_jean,near_miss,(near miss) HJ motion_data.csv
2000,2026-07-27T13:21:17.286,80.112578,0.369,-1.95,0.29,-0.16,-60.18,141.48,243.77,1.9779282090106303,288.20485023677173,"-1.95,0.29,-0.16,-60.18,141.48,243.77",hong_jean,near_miss,(near miss) HJ motion_data.csv
2001,2026-07-27T13:21:17.287,80.113007,0.4295,-1.92,0.25,0.25,69.7,131.84,384.46,1.952280717519896,412.3704247396993,"-1.92,0.25,0.25,69.70,131.84,384.46",hong_jean,near_miss,(near miss) HJ motion_data.csv
2002,2026-07-27T13:21:17.345,80.171491,58.4841,-0.99,0.08,0.08,70.43,86.55,243.84,0.9964436762808021,268.1589696430086,"-0.99,0.08,0.08,70.43,86.55,243.84",hong_jean,near_miss,(near miss) HJ motion_data.csv
2003,2026-07-27T13:21:17.346,80.172154,0.6623,-0.44,-0.07,-0.05,-42.97,46.26,58.41,0.44833023542919787,86.01242119601099,"-0.44,-0.07,-0.05,-42.97,46.26,58.41",hong_jean,near_miss,(near miss) HJ motion_data.csv
2004,2026-07-27T13:21:17.525,80.351645,179.4911,-0.37,-0.13,-0.06,-109.5,18.13,-26.31,0.39673668849754745,114.06648499888125,"-0.37,-0.13,-0.06,-109.50,18.13,-26.31",hong_jean,near_miss,(near miss) HJ motion_data.csv
2005,2026-07-27T13:21:17.526,80.352532,0.8869,-0.53,0.05,-0.35,-74.95,-10.01,-57.62,0.637102817447859,95.06717098977964,"-0.53,0.05,-0.35,-74.95,-10.01,-57.62",hong_jean,near_miss,(near miss) HJ motion_data.csv
2006,2026-07-27T13:21:17.585,80.410992,58.4609,-0.72,0.25,-0.68,-5.62,-22.4,-82.7,1.0214205793893132,85.86404602626178,"-0.72,0.25,-0.68,-5.62,-22.40,-82.70",hong_jean,near_miss,(near miss) HJ motion_data.csv
2007,2026-07-27T13:21:17.645,80.470953,59.96,-0.79,0.36,-0.74,47.91,-8.06,-92.83,1.1407453703609758,104.77471355245979,"-0.79,0.36,-0.74,47.91,-8.06,-92.83",hong_jean,near_miss,(near miss) HJ motion_data.csv
2008,2026-07-27T13:21:17.884,80.710715,239.7626,-0.7,0.49,-0.46,143.19,-3.85,-49.93,0.9704122835166504,151.69444122972996,"-0.70,0.49,-0.46,143.19,-3.85,-49.93",hong_jean,near_miss,(near miss) HJ motion_data.csv
2009,2026-07-27T13:21:17.885,80.711272,0.5574,-0.61,0.43,-0.31,63.29,-15.75,8.0,0.808146026408594,65.70910591386858,"-0.61,0.43,-0.31,63.29,-15.75,8.00",hong_jean,near_miss,(near miss) HJ motion_data.csv
2010,2026-07-27T13:21:17.886,80.711812,0.5397,-0.92,0.36,-0.41,-99.91,6.84,0.73,1.0696261028976433,100.14652565116774,"-0.92,0.36,-0.41,-99.91,6.84,0.73",hong_jean,near_miss,(near miss) HJ motion_data.csv
2011,2026-07-27T13:21:17.945,80.77117,59.3574,-1.23,0.36,-0.26,-44.13,-29.72,51.82,1.3077079184588583,74.27009963639473,"-1.23,0.36,-0.26,-44.13,-29.72,51.82",hong_jean,near_miss,(near miss) HJ motion_data.csv
2012,2026-07-27T13:21:17.946,80.772324,1.1543,-1.38,0.2,-0.17,156.92,-93.99,84.41,1.4047419691886478,201.4523631035387,"-1.38,0.20,-0.17,156.92,-93.99,84.41",hong_jean,near_miss,(near miss) HJ motion_data.csv
2013,2026-07-27T13:21:17.947,80.772791,0.4669,-1.62,-0.03,-0.36,231.38,-118.04,59.2,1.6597891432347667,266.4109344602807,"-1.62,-0.03,-0.36,231.38,-118.04,59.20",hong_jean,near_miss,(near miss) HJ motion_data.csv
2014,2026-07-27T13:21:17.947,80.773278,0.4874,-1.49,-0.16,-0.43,138.61,-93.69,-2.99,1.5590381650235505,167.33047630363097,"-1.49,-0.16,-0.43,138.61,-93.69,-2.99",hong_jean,near_miss,(near miss) HJ motion_data.csv
2015,2026-07-27T13:21:17.948,80.773823,0.5445,-1.17,-0.09,-0.36,30.52,-66.04,-50.11,1.2274363527287269,88.33891611288878,"-1.17,-0.09,-0.36,30.52,-66.04,-50.11",hong_jean,near_miss,(near miss) HJ motion_data.csv
2016,2026-07-27T13:21:17.948,80.774311,0.4881,-0.66,0.13,-0.37,-29.36,-56.52,-78.37,0.7677239087067694,100.98701352154147,"-0.66,0.13,-0.37,-29.36,-56.52,-78.37",hong_jean,near_miss,(near miss) HJ motion_data.csv
2017,2026-07-27T13:21:17.949,80.775062,0.7511,-0.36,0.27,-0.58,-136.17,-39.43,-136.6,0.7340980860893181,196.86684281513735,"-0.36,0.27,-0.58,-136.17,-39.43,-136.60",hong_jean,near_miss,(near miss) HJ motion_data.csv
2018,2026-07-27T13:21:17.950,80.775786,0.7241,-0.15,0.59,-0.68,-412.35,14.65,-238.04,0.9126883367283709,476.35090700029116,"-0.15,0.59,-0.68,-412.35,14.65,-238.04",hong_jean,near_miss,(near miss) HJ motion_data.csv
2019,2026-07-27T13:21:18.185,81.011134,235.3484,-0.25,0.84,-0.27,-641.85,120.79,-225.1,0.9170605214488299,690.8195542976473,"-0.25,0.84,-0.27,-641.85,120.79,-225.10",hong_jean,near_miss,(near miss) HJ motion_data.csv
2020,2026-07-27T13:21:18.185,81.011628,0.4941,-0.92,0.83,0.08,-480.71,208.92,2.56,1.2416521251944925,524.1528632946689,"-0.92,0.83,0.08,-480.71,208.92,2.56",hong_jean,near_miss,(near miss) HJ motion_data.csv
2021,2026-07-27T13:21:18.186,81.01208,0.451,-2.01,0.63,-0.15,-84.05,41.69,242.0,2.1117528264453678,259.55049335341283,"-2.01,0.63,-0.15,-84.05,41.69,242.00",hong_jean,near_miss,(near miss) HJ motion_data.csv
2022,2026-07-27T13:21:18.187,81.012889,0.8096,-2.57,0.43,-0.3,360.6,-298.58,361.88,2.6229372848011443,591.7258747088891,"-2.57,0.43,-0.30,360.60,-298.58,361.88",hong_jean,near_miss,(near miss) HJ motion_data.csv
2023,2026-07-27T13:21:18.187,81.013584,0.6951,-2.2,0.17,-0.07,543.15,-360.05,335.02,2.2076684533688478,732.725272800113,"-2.20,0.17,-0.07,543.15,-360.05,335.02",hong_jean,near_miss,(near miss) HJ motion_data.csv
2024,2026-07-27T13:21:18.188,81.01449,0.906,-1.3,-0.15,-0.09,179.99,-145.2,145.39,1.311716432770437,273.16239162813025,"-1.30,-0.15,-0.09,179.99,-145.20,145.39",hong_jean,near_miss,(near miss) HJ motion_data.csv
2025,2026-07-27T13:21:18.426,81.252184,237.6941,-0.44,-0.35,-0.31,-90.15,5.49,-6.77,0.6420280367709809,90.57038975294299,"-0.44,-0.35,-0.31,-90.15,5.49,-6.77",hong_jean,near_miss,(near miss) HJ motion_data.csv
2026,2026-07-27T13:21:18.427,81.253072,0.8881,0.0,-0.33,-0.22,111.94,20.75,-2.08,0.3966106403010388,113.86594091298767,"0.00,-0.33,-0.22,111.94,20.75,-2.08",hong_jean,near_miss,(near miss) HJ motion_data.csv
2027,2026-07-27T13:21:18.427,81.253379,0.3066,-0.02,-0.06,-0.09,331.24,-12.82,31.37,0.11,332.96901792809496,"-0.02,-0.06,-0.09,331.24,-12.82,31.37",hong_jean,near_miss,(near miss) HJ motion_data.csv
2028,2026-07-27T13:21:18.428,81.253914,0.5351,-0.3,0.24,-0.24,166.14,-24.29,12.51,0.452990066116245,168.37162409384783,"-0.30,0.24,-0.24,166.14,-24.29,12.51",hong_jean,near_miss,(near miss) HJ motion_data.csv
2029,2026-07-27T13:21:18.428,81.254024,0.1102,-0.76,0.52,-0.44,-247.44,36.8,-39.67,1.020588065773846,253.28739111925805,"-0.76,0.52,-0.44,-247.44,36.80,-39.67",hong_jean,near_miss,(near miss) HJ motion_data.csv
2030,2026-07-27T13:21:18.428,81.254738,0.7137,-1.34,0.77,-0.53,-373.47,83.01,-53.1,1.6338298565028124,386.25135727916864,"-1.34,0.77,-0.53,-373.47,83.01,-53.10",hong_jean,near_miss,(near miss) HJ motion_data.csv
2031,2026-07-27T13:21:18.485,81.310836,56.0979,-1.52,0.73,-0.48,-75.44,29.91,27.59,1.7531970796233949,85.71470002280822,"-1.52,0.73,-0.48,-75.44,29.91,27.59",hong_jean,near_miss,(near miss) HJ motion_data.csv
2032,2026-07-27T13:21:18.546,81.371914,61.0778,-1.45,0.51,-0.38,265.87,-67.63,121.77,1.5833508770957876,300.14764150331087,"-1.45,0.51,-0.38,265.87,-67.63,121.77",hong_jean,near_miss,(near miss) HJ motion_data.csv
2033,2026-07-27T13:21:18.546,81.372707,0.7929,-1.35,0.35,-0.32,352.54,-132.63,135.07,1.430873858870865,400.1488140679665,"-1.35,0.35,-0.32,352.54,-132.63,135.07",hong_jean,near_miss,(near miss) HJ motion_data.csv
2034,2026-07-27T13:21:18.605,81.431369,58.6624,-1.09,0.22,-0.28,221.5,-132.2,65.86,1.1466908912169835,266.2266508071647,"-1.09,0.22,-0.28,221.50,-132.20,65.86",hong_jean,near_miss,(near miss) HJ motion_data.csv
2035,2026-07-27T13:21:18.668,81.494248,62.8791,-0.81,0.16,-0.28,31.92,-94.85,-24.9,0.871837140755084,103.12816734529902,"-0.81,0.16,-0.28,31.92,-94.85,-24.90",hong_jean,near_miss,(near miss) HJ motion_data.csv
2036,2026-07-27T13:21:18.680,81.506155,11.907,-0.59,0.18,-0.32,-101.56,-51.39,-84.96,0.6949100661236675,142.03368368101982,"-0.59,0.18,-0.32,-101.56,-51.39,-84.96",hong_jean,near_miss,(near miss) HJ motion_data.csv
2037,2026-07-27T13:21:18.848,81.673758,167.6029,-0.43,0.29,-0.37,-146.18,-10.38,-125.31,0.637102817447859,192.81839357281245,"-0.43,0.29,-0.37,-146.18,-10.38,-125.31",hong_jean,near_miss,(near miss) HJ motion_data.csv
2038,2026-07-27T13:21:18.848,81.674154,0.3963,-0.24,0.56,-0.5,-168.27,27.89,-166.26,0.7881624198095212,238.19116818219774,"-0.24,0.56,-0.50,-168.27,27.89,-166.26",hong_jean,near_miss,(near miss) HJ motion_data.csv
2039,2026-07-27T13:21:18.849,81.674844,0.6901,0.01,0.82,-0.54,-240.66,114.69,-179.99,0.9818859404228171,321.66353818858613,"0.01,0.82,-0.54,-240.66,114.69,-179.99",hong_jean,near_miss,(near miss) HJ motion_data.csv
2040,2026-07-27T13:21:18.849,81.675493,0.6489,-0.18,0.86,-0.33,-278.08,223.39,-107.91,0.9385627309881849,372.66090028335407,"-0.18,0.86,-0.33,-278.08,223.39,-107.91",hong_jean,near_miss,(near miss) HJ motion_data.csv
2041,2026-07-27T13:21:18.968,81.794063,118.5696,-1.07,0.92,-0.32,-145.39,168.27,95.21,1.4469623353771168,241.9049174779215,"-1.07,0.92,-0.32,-145.39,168.27,95.21",hong_jean,near_miss,(near miss) HJ motion_data.csv
2042,2026-07-27T13:21:18.969,81.795026,0.9634,-1.91,1.12,-0.56,132.75,-99.98,381.9,2.28387828046943,416.49270449792994,"-1.91,1.12,-0.56,132.75,-99.98,381.90",hong_jean,near_miss,(near miss) HJ motion_data.csv
2043,2026-07-27T13:21:18.972,81.798139,3.1132,-2.11,1.09,-0.3,376.1,-315.25,550.72,2.3937836159519517,737.6491651862693,"-2.11,1.09,-0.30,376.10,-315.25,550.72",hong_jean,near_miss,(near miss) HJ motion_data.csv
2044,2026-07-27T13:21:19.025,81.851466,53.327,-1.7,0.72,-0.01,285.16,-225.16,408.33,1.8462123388169627,546.577204153265,"-1.70,0.72,-0.01,285.16,-225.16,408.33",hong_jean,near_miss,(near miss) HJ motion_data.csv
2045,2026-07-27T13:21:19.026,81.852082,0.6154,-0.93,0.29,-0.24,3.11,14.34,99.98,1.0032945728947207,101.05101731303847,"-0.93,0.29,-0.24,3.11,14.34,99.98",hong_jean,near_miss,(near miss) HJ motion_data.csv
2046,2026-07-27T13:21:19.145,81.97125,119.1686,-0.39,0.03,-0.28,-60.55,114.32,-86.18,0.4810405388322278,155.44245655547266,"-0.39,0.03,-0.28,-60.55,114.32,-86.18",hong_jean,near_miss,(near miss) HJ motion_data.csv
2047,2026-07-27T13:21:19.146,81.971909,0.6583,-0.25,0.0,-0.11,51.27,11.11,-121.09,0.27313000567495327,131.96527232571455,"-0.25,0.00,-0.11,51.27,11.11,-121.09",hong_jean,near_miss,(near miss) HJ motion_data.csv
2048,2026-07-27T13:21:19.146,81.972357,0.4478,-0.24,0.16,-0.18,139.34,-122.31,-98.33,0.33999999999999997,209.86700693534465,"-0.24,0.16,-0.18,139.34,-122.31,-98.33",hong_jean,near_miss,(near miss) HJ motion_data.csv
2049,2026-07-27T13:21:19.325,82.151506,179.1498,-0.21,0.4,-0.46,67.81,-90.03,-53.77,0.6447480127925949,124.87918121128118,"-0.21,0.40,-0.46,67.81,-90.03,-53.77",hong_jean,near_miss,(near miss) HJ motion_data.csv
2050,2026-07-27T13:21:19.326,82.151969,0.4629,-0.31,0.7,-0.62,-97.53,79.71,25.39,0.9851395840184273,128.4929457207671,"-0.31,0.70,-0.62,-97.53,79.71,25.39",hong_jean,near_miss,(near miss) HJ motion_data.csv
2051,2026-07-27T13:21:19.326,82.152712,0.7427,-0.46,0.97,-0.66,-82.7,183.65,194.95,1.260198397078809,280.30717971539724,"-0.46,0.97,-0.66,-82.70,183.65,194.95",hong_jean,near_miss,(near miss) HJ motion_data.csv
2052,2026-07-27T13:21:19.327,82.153571,0.859,-0.57,1.14,-0.73,64.64,100.4,350.22,1.468809041366508,370.01694285532386,"-0.57,1.14,-0.73,64.64,100.40,350.22",hong_jean,near_miss,(near miss) HJ motion_data.csv
2053,2026-07-27T13:21:19.445,82.270903,117.3316,-0.74,1.16,-0.81,91.55,-39.98,307.62,1.5966527487215245,323.43448687485386,"-0.74,1.16,-0.81,91.55,-39.98,307.62",hong_jean,near_miss,(near miss) HJ motion_data.csv
2054,2026-07-27T13:21:19.445,82.271288,0.3858,-0.87,1.08,-0.82,11.35,-84.47,137.15,1.6111176245079066,161.47484602872362,"-0.87,1.08,-0.82,11.35,-84.47,137.15",hong_jean,near_miss,(near miss) HJ motion_data.csv
2055,2026-07-27T13:21:19.446,82.271903,0.6151,-0.83,0.95,-0.77,-50.42,-67.69,0.61,1.4779377524104322,84.40666205934221,"-0.83,0.95,-0.77,-50.42,-67.69,0.61",hong_jean,near_miss,(near miss) HJ motion_data.csv
2056,2026-07-27T13:21:19.565,82.390995,119.0911,-0.6,0.74,-0.66,-55.85,-71.23,-57.56,1.1589650555560336,107.26643929953114,"-0.60,0.74,-0.66,-55.85,-71.23,-57.56",hong_jean,near_miss,(near miss) HJ motion_data.csv
2057,2026-07-27T13:21:19.565,82.3914,0.405,-0.31,0.53,-0.6,-42.3,-85.27,-70.8,0.8584870412533903,118.62926662506179,"-0.31,0.53,-0.60,-42.30,-85.27,-70.80",hong_jean,near_miss,(near miss) HJ motion_data.csv
2058,2026-07-27T13:21:19.566,82.391913,0.513,-0.03,0.41,-0.59,-34.67,-79.35,-78.25,0.7190966555338718,116.71115585067264,"-0.03,0.41,-0.59,-34.67,-79.35,-78.25",hong_jean,near_miss,(near miss) HJ motion_data.csv
2059,2026-07-27T13:21:19.625,82.451608,59.6952,0.21,0.39,-0.54,-27.95,-17.46,-113.89,0.6984268036093689,118.56216175492078,"0.21,0.39,-0.54,-27.95,-17.46,-113.89",hong_jean,near_miss,(near miss) HJ motion_data.csv
2060,2026-07-27T13:21:19.626,82.452733,1.1257,0.5,0.46,-0.54,-32.23,124.82,-187.56,0.8678709581498854,227.5907706828201,"0.50,0.46,-0.54,-32.23,124.82,-187.56",hong_jean,near_miss,(near miss) HJ motion_data.csv
2061,2026-07-27T13:21:19.746,82.571759,119.0252,0.59,0.71,-0.49,-24.9,262.82,-217.53,1.0451315706646698,342.0725994580683,"0.59,0.71,-0.49,-24.90,262.82,-217.53",hong_jean,near_miss,(near miss) HJ motion_data.csv
2062,2026-07-27T13:21:19.746,82.572236,0.477,0.13,1.07,-0.46,26.18,219.54,-75.74,1.1719214990774767,233.7086896116616,"0.13,1.07,-0.46,26.18,219.54,-75.74",hong_jean,near_miss,(near miss) HJ motion_data.csv
2063,2026-07-27T13:21:19.747,82.572801,0.5657,-0.66,1.47,-0.67,66.16,-16.3,204.77,1.745107446548779,215.80914832323492,"-0.66,1.47,-0.67,66.16,-16.30,204.77",hong_jean,near_miss,(near miss) HJ motion_data.csv
2064,2026-07-27T13:21:19.865,82.690887,118.0859,-1.1,1.75,-0.94,53.53,-225.65,418.95,2.270704736419951,478.85539142835177,"-1.10,1.75,-0.94,53.53,-225.65,418.95",hong_jean,near_miss,(near miss) HJ motion_data.csv
2065,2026-07-27T13:21:19.865,82.691275,0.3874,-1.18,1.62,-0.74,38.76,-229.13,415.1,2.1364456463949653,475.72145684213154,"-1.18,1.62,-0.74,38.76,-229.13,415.10",hong_jean,near_miss,(near miss) HJ motion_data.csv
2066,2026-07-27T13:21:19.866,82.691785,0.5102,-0.99,1.15,-0.38,1.65,-75.74,227.54,1.5642889758609182,239.82018618123035,"-0.99,1.15,-0.38,1.65,-75.74,227.54",hong_jean,near_miss,(near miss) HJ motion_data.csv
2067,2026-07-27T13:21:19.925,82.750995,59.2096,-0.59,0.57,-0.35,-41.14,70.31,24.72,0.8919080670113932,85.12974861938687,"-0.59,0.57,-0.35,-41.14,70.31,24.72",hong_jean,near_miss,(near miss) HJ motion_data.csv
2068,2026-07-27T13:21:19.985,82.811013,60.0186,-0.35,0.18,-0.29,-11.9,116.7,-66.1,0.48887626246321264,134.64661154295715,"-0.35,0.18,-0.29,-11.90,116.70,-66.10",hong_jean,near_miss,(near miss) HJ motion_data.csv
2069,2026-07-27T13:21:19.985,82.81159,0.5772,-0.26,0.14,-0.18,42.05,41.08,-51.15,0.34583232931581165,77.9236254290058,"-0.26,0.14,-0.18,42.05,41.08,-51.15",hong_jean,near_miss,(near miss) HJ motion_data.csv
2070,2026-07-27T13:21:20.045,82.871271,59.6803,-0.11,0.37,-0.31,64.15,-80.81,-9.89,0.4950757517794625,103.64984659901819,"-0.11,0.37,-0.31,64.15,-80.81,-9.89",hong_jean,near_miss,(near miss) HJ motion_data.csv
2071,2026-07-27T13:21:20.105,82.931206,59.9356,0.07,0.61,-0.55,31.31,-89.17,-19.35,0.8243178998420452,96.46775367966231,"0.07,0.61,-0.55,31.31,-89.17,-19.35",hong_jean,near_miss,(near miss) HJ motion_data.csv
2072,2026-07-27T13:21:20.105,82.931642,0.436,0.14,0.78,-0.74,-38.33,32.59,-78.12,1.084250893474384,92.91948880617026,"0.14,0.78,-0.74,-38.33,32.59,-78.12",hong_jean,near_miss,(near miss) HJ motion_data.csv
2073,2026-07-27T13:21:20.345,83.171002,239.3603,0.12,1.07,-0.97,-78.19,124.88,-106.2,1.4492066795319432,181.6235956587139,"0.12,1.07,-0.97,-78.19,124.88,-106.20",hong_jean,near_miss,(near miss) HJ motion_data.csv
2074,2026-07-27T13:21:20.345,83.17137,0.3678,-0.06,1.21,-0.85,-19.04,64.45,-34.55,1.4799324308900053,75.56471795752302,"-0.06,1.21,-0.85,-19.04,64.45,-34.55",hong_jean,near_miss,(near miss) HJ motion_data.csv
2075,2026-07-27T13:21:20.346,83.17184,0.4697,-0.38,0.93,-0.41,84.17,-120.42,108.52,1.085080642164443,182.65310208151408,"-0.38,0.93,-0.41,84.17,-120.42,108.52",hong_jean,near_miss,(near miss) HJ motion_data.csv
2076,2026-07-27T13:21:20.346,83.172644,0.8045,-0.59,0.83,-0.34,111.02,-247.01,216.74,1.0735921013122256,346.86540343481937,"-0.59,0.83,-0.34,111.02,-247.01,216.74",hong_jean,near_miss,(near miss) HJ motion_data.csv
2077,2026-07-27T13:21:20.347,83.173456,0.8115,-0.64,0.95,-0.58,58.35,-199.89,206.54,1.2839392508993563,293.2908218816266,"-0.64,0.95,-0.58,58.35,-199.89,206.54",hong_jean,near_miss,(near miss) HJ motion_data.csv
2078,2026-07-27T13:21:20.348,83.174239,0.7826,-0.6,0.93,-0.69,-16.97,-81.6,106.02,1.3042239071570494,134.85837497167168,"-0.60,0.93,-0.69,-16.97,-81.60,106.02",hong_jean,near_miss,(near miss) HJ motion_data.csv
2079,2026-07-27T13:21:20.405,83.231097,56.8584,-0.54,0.78,-0.66,-54.99,-33.33,27.71,1.1556816170554933,70.01880533113945,"-0.54,0.78,-0.66,-54.99,-33.33,27.71",hong_jean,near_miss,(near miss) HJ motion_data.csv
2080,2026-07-27T13:21:20.465,83.291414,60.3174,-0.46,0.63,-0.63,-48.89,-67.81,14.28,1.00269636480841,84.80770365951433,"-0.46,0.63,-0.63,-48.89,-67.81,14.28",hong_jean,near_miss,(near miss) HJ motion_data.csv
2081,2026-07-27T13:21:20.466,83.29209,0.6754,-0.28,0.54,-0.62,-13.98,-98.88,-5.25,0.8685620300243386,100.0012864917247,"-0.28,0.54,-0.62,-13.98,-98.88,-5.25",hong_jean,near_miss,(near miss) HJ motion_data.csv
2082,2026-07-27T13:21:20.764,83.590538,298.4486,-0.05,0.55,-0.56,-2.87,-33.33,-46.51,0.7865112840894274,57.29141209640412,"-0.05,0.55,-0.56,-2.87,-33.33,-46.51",hong_jean,near_miss,(near miss) HJ motion_data.csv
2083,2026-07-27T13:21:20.765,83.591023,0.4851,0.11,0.57,-0.46,1.95,26.67,-64.39,0.7406753674856482,69.72204457702026,"0.11,0.57,-0.46,1.95,26.67,-64.39",hong_jean,near_miss,(near miss) HJ motion_data.csv
2084,2026-07-27T13:21:20.765,83.59135,0.3269,0.16,0.51,-0.37,-0.79,43.09,-43.4,0.6500769185258003,61.16316048079923,"0.16,0.51,-0.37,-0.79,43.09,-43.40",hong_jean,near_miss,(near miss) HJ motion_data.csv
2085,2026-07-27T13:21:20.766,83.592241,0.8905,0.15,0.39,-0.36,-2.81,26.67,3.48,0.5515432893255071,27.042473999247928,"0.15,0.39,-0.36,-2.81,26.67,3.48",hong_jean,near_miss,(near miss) HJ motion_data.csv
2086,2026-07-27T13:21:20.767,83.592813,0.5719,0.14,0.39,-0.46,0.67,9.22,59.08,0.6191122676865642,59.79886035703356,"0.14,0.39,-0.46,0.67,9.22,59.08",hong_jean,near_miss,(near miss) HJ motion_data.csv
2087,2026-07-27T13:21:20.824,83.650689,57.8758,-0.04,0.88,-0.77,9.28,-42.97,138.67,1.17,145.47133119621887,"-0.04,0.88,-0.77,9.28,-42.97,138.67",hong_jean,near_miss,(near miss) HJ motion_data.csv
2088,2026-07-27T13:21:20.825,83.651177,0.4884,-0.53,1.79,-0.84,17.88,-190.12,208.01,2.047095503390108,282.3711545112213,"-0.53,1.79,-0.84,17.88,-190.12,208.01",hong_jean,near_miss,(near miss) HJ motion_data.csv
2089,2026-07-27T13:21:20.886,83.711923,60.7457,-0.85,2.23,-0.12,14.65,-217.77,164.55,2.389518780005715,273.34062614254765,"-0.85,2.23,-0.12,14.65,-217.77,164.55",hong_jean,near_miss,(near miss) HJ motion_data.csv
2090,2026-07-27T13:21:20.888,83.713902,1.9793,-0.72,1.76,0.37,16.6,-36.07,58.47,1.9372403051764124,70.67776029275404,"-0.72,1.76,0.37,16.60,-36.07,58.47",hong_jean,near_miss,(near miss) HJ motion_data.csv
2091,2026-07-27T13:21:20.888,83.714609,0.7071,-0.35,0.5,-0.2,27.22,64.21,12.15,0.6422616289332564,70.79177212077686,"-0.35,0.50,-0.20,27.22,64.21,12.15",hong_jean,near_miss,(near miss) HJ motion_data.csv
2092,2026-07-27T13:21:21.064,83.890468,175.8589,-0.03,0.54,-0.31,40.1,-4.82,22.34,0.623377895020348,46.155368051831196,"-0.03,0.54,-0.31,40.10,-4.82,22.34",hong_jean,near_miss,(near miss) HJ motion_data.csv
2093,2026-07-27T13:21:21.065,83.890833,0.365,0.1,0.77,-0.28,42.79,-92.96,45.1,0.8254089895318563,111.8327130136795,"0.10,0.77,-0.28,42.79,-92.96,45.10",hong_jean,near_miss,(near miss) HJ motion_data.csv
2094,2026-07-27T13:21:21.065,83.891389,0.5563,-0.09,0.88,-0.27,42.79,-92.96,45.1,0.9248783703817491,111.8327130136795,"-0.09,0.88,-0.27,42.79,-92.96,45.10",hong_jean,near_miss,(near miss) HJ motion_data.csv
2095,2026-07-27T13:21:21.066,83.892062,0.6727,-0.34,0.93,-0.3,13.55,-80.44,58.72,1.03464969917359,100.50987264940693,"-0.34,0.93,-0.30,13.55,-80.44,58.72",hong_jean,near_miss,(near miss) HJ motion_data.csv
2096,2026-07-27T13:21:21.067,83.892796,0.7337,-0.44,1.0,-0.31,31.37,-72.14,56.82,1.135649593844862,97.04003761334803,"-0.44,1.00,-0.31,31.37,-72.14,56.82",hong_jean,near_miss,(near miss) HJ motion_data.csv
2097,2026-07-27T13:21:21.125,83.950935,58.139,-0.41,0.92,-0.37,59.27,-96.07,62.13,1.0730330842988953,128.8507458263242,"-0.41,0.92,-0.37,59.27,-96.07,62.13",hong_jean,near_miss,(near miss) HJ motion_data.csv
2098,2026-07-27T13:21:21.365,84.190914,239.9796,-0.34,0.78,-0.57,63.29,-98.51,61.65,1.0241581909060729,132.32749789820707,"-0.34,0.78,-0.57,63.29,-98.51,61.65",hong_jean,near_miss,(near miss) HJ motion_data.csv
2099,2026-07-27T13:21:21.365,84.191229,0.3147,-0.3,0.83,-0.76,17.58,-20.57,24.29,1.1646887996370532,36.36186738879069,"-0.30,0.83,-0.76,17.58,-20.57,24.29",hong_jean,near_miss,(near miss) HJ motion_data.csv
2100,2026-07-27T13:21:21.366,84.191955,0.7257,-0.27,0.78,-0.77,-28.08,63.9,-17.64,1.1288046775239726,71.99212456928883,"-0.27,0.78,-0.77,-28.08,63.90,-17.64",hong_jean,near_miss,(near miss) HJ motion_data.csv
2101,2026-07-27T13:21:21.366,84.192726,0.771,-0.29,0.68,-0.89,-52.73,53.89,-11.96,1.1569788243524597,76.33889310174729,"-0.29,0.68,-0.89,-52.73,53.89,-11.96",hong_jean,near_miss,(near miss) HJ motion_data.csv
2102,2026-07-27T13:21:21.367,84.193523,0.7972,-0.27,0.71,-1.04,-56.21,-3.05,2.69,1.2878664527038508,56.35692237871049,"-0.27,0.71,-1.04,-56.21,-3.05,2.69",hong_jean,near_miss,(near miss) HJ motion_data.csv
2103,2026-07-27T13:21:21.369,84.194889,1.366,-0.22,0.83,-0.95,3.17,-79.41,13.92,1.2805467582247827,80.68310479896023,"-0.22,0.83,-0.95,3.17,-79.41,13.92",hong_jean,near_miss,(near miss) HJ motion_data.csv
2104,2026-07-27T13:21:21.545,84.370977,176.0881,-0.25,0.91,-0.79,67.2,-156.13,36.74,1.230731489805961,173.90297438514386,"-0.25,0.91,-0.79,67.20,-156.13,36.74",hong_jean,near_miss,(near miss) HJ motion_data.csv
2105,2026-07-27T13:21:21.545,84.371267,0.2901,-0.33,0.82,-0.63,83.92,-194.34,51.88,1.0854492157627642,217.94984835966278,"-0.33,0.82,-0.63,83.92,-194.34,51.88",hong_jean,near_miss,(near miss) HJ motion_data.csv
2106,2026-07-27T13:21:21.546,84.372241,0.974,-0.35,0.77,-0.53,95.58,-239.56,65.12,0.9981482855768475,266.01718816647923,"-0.35,0.77,-0.53,95.58,-239.56,65.12",hong_jean,near_miss,(near miss) HJ motion_data.csv
2107,2026-07-27T13:21:21.547,84.372946,0.7054,-0.24,0.74,-0.48,104.37,-293.88,71.11,0.9141115905621151,319.8674466087476,"-0.24,0.74,-0.48,104.37,-293.88,71.11",hong_jean,near_miss,(near miss) HJ motion_data.csv
2108,2026-07-27T13:21:21.604,84.430664,57.7175,0.01,0.56,-0.68,70.68,-267.82,34.36,0.8809653795694812,279.1125658224652,"0.01,0.56,-0.68,70.68,-267.82,34.36",hong_jean,near_miss,(near miss) HJ motion_data.csv
2109,2026-07-27T13:21:21.665,84.490948,60.2837,0.37,0.4,-1.01,33.51,-151.31,-32.9,1.147606204235582,158.4299409833886,"0.37,0.40,-1.01,33.51,-151.31,-32.90",hong_jean,near_miss,(near miss) HJ motion_data.csv
2110,2026-07-27T13:21:21.665,84.491447,0.4995,0.64,0.5,-0.94,54.75,-2.5,-89.66,1.2422560122615627,105.08438561460974,"0.64,0.50,-0.94,54.75,-2.50,-89.66",hong_jean,near_miss,(near miss) HJ motion_data.csv
2111,2026-07-27T13:21:21.666,84.492303,0.8562,0.63,0.91,-0.58,129.15,125.12,-89.23,1.2495599225327292,200.7404538203498,"0.63,0.91,-0.58,129.15,125.12,-89.23",hong_jean,near_miss,(near miss) HJ motion_data.csv
2112,2026-07-27T13:21:21.845,84.671414,179.1111,0.11,1.66,-0.56,178.83,102.29,53.65,1.755363210278716,212.88902155818184,"0.11,1.66,-0.56,178.83,102.29,53.65",hong_jean,near_miss,(near miss) HJ motion_data.csv
2113,2026-07-27T13:21:21.846,84.671802,0.3871,-0.61,2.2,-0.89,110.72,-68.6,290.22,2.4503469142143937,318.10772829341954,"-0.61,2.20,-0.89,110.72,-68.60,290.22",hong_jean,near_miss,(near miss) HJ motion_data.csv
2114,2026-07-27T13:21:21.846,84.672175,0.3736,-1.03,2.04,-0.78,12.08,-208.62,411.93,2.414725657295255,461.90318866619657,"-1.03,2.04,-0.78,12.08,-208.62,411.93",hong_jean,near_miss,(near miss) HJ motion_data.csv
2115,2026-07-27T13:21:21.847,84.673236,1.0607,-1.01,1.43,-0.35,-37.35,-173.77,320.98,1.7853571071357124,366.9048865850658,"-1.01,1.43,-0.35,-37.35,-173.77,320.98",hong_jean,near_miss,(near miss) HJ motion_data.csv
2116,2026-07-27T13:21:22.086,84.912255,239.0189,-0.7,0.68,-0.22,-81.6,5.74,145.02,1.000399920031984,166.5001741740831,"-0.70,0.68,-0.22,-81.60,5.74,145.02",hong_jean,near_miss,(near miss) HJ motion_data.csv
2117,2026-07-27T13:21:22.087,84.912965,0.7107,-0.37,0.01,-0.24,-104.06,103.52,29.42,0.4411349000022555,149.7010701364556,"-0.37,0.01,-0.24,-104.06,103.52,29.42",hong_jean,near_miss,(near miss) HJ motion_data.csv
2118,2026-07-27T13:21:22.087,84.913351,0.3859,-0.12,-0.24,-0.11,-82.46,40.04,-15.38,0.29,92.94835985642781,"-0.12,-0.24,-0.11,-82.46,40.04,-15.38",hong_jean,near_miss,(near miss) HJ motion_data.csv
2119,2026-07-27T13:21:22.087,84.913637,0.2851,0.04,-0.1,-0.03,-65.98,-73.79,-22.28,0.1118033988749895,101.46291391439536,"0.04,-0.10,-0.03,-65.98,-73.79,-22.28",hong_jean,near_miss,(near miss) HJ motion_data.csv
2120,2026-07-27T13:21:22.088,84.913992,0.356,0.06,0.25,-0.14,-50.6,-103.94,-3.66,0.29274562336608895,115.66018848333249,"0.06,0.25,-0.14,-50.60,-103.94,-3.66",hong_jean,near_miss,(near miss) HJ motion_data.csv
2121,2026-07-27T13:21:22.145,84.970988,56.9959,-0.34,1.2,-0.48,-22.09,-9.46,49.13,1.336413109783049,54.69201587069177,"-0.34,1.20,-0.48,-22.09,-9.46,49.13",hong_jean,near_miss,(near miss) HJ motion_data.csv
2122,2026-07-27T13:21:22.146,84.971943,0.9542,-0.88,2.02,-0.81,-4.88,21.48,126.46,2.3475306174787156,128.364077529502,"-0.88,2.02,-0.81,-4.88,21.48,126.46",hong_jean,near_miss,(near miss) HJ motion_data.csv
2123,2026-07-27T13:21:22.146,84.972577,0.6348,-0.97,1.88,-0.85,46.45,-108.28,153.26,2.2798684172556976,193.315256769868,"-0.97,1.88,-0.85,46.45,-108.28,153.26",hong_jean,near_miss,(near miss) HJ motion_data.csv
2124,2026-07-27T13:21:22.205,85.031346,58.7682,-0.67,1.41,-0.74,54.32,-205.02,77.88,1.7275994906227543,225.94060546966762,"-0.67,1.41,-0.74,54.32,-205.02,77.88",hong_jean,near_miss,(near miss) HJ motion_data.csv
2125,2026-07-27T13:21:22.325,85.151089,119.7438,-0.28,0.97,-0.59,-26.73,-143.43,-47.79,1.1693587986584784,153.52700707041743,"-0.28,0.97,-0.59,-26.73,-143.43,-47.79",hong_jean,near_miss,(near miss) HJ motion_data.csv
2126,2026-07-27T13:21:22.325,85.151652,0.5626,0.06,0.66,-0.5,-87.77,-24.66,-148.8,0.8301807032206904,174.50824765609218,"0.06,0.66,-0.50,-87.77,-24.66,-148.80",hong_jean,near_miss,(near miss) HJ motion_data.csv
2127,2026-07-27T13:21:22.326,85.152405,0.7534,0.39,0.41,-0.52,-90.94,80.02,-201.11,0.768505042273634,234.7733291922232,"0.39,0.41,-0.52,-90.94,80.02,-201.11",hong_jean,near_miss,(near miss) HJ motion_data.csv
2128,2026-07-27T13:21:22.504,85.330489,178.0837,0.86,0.22,-0.52,-59.08,198.79,-217.53,1.0287856919689349,300.5448575504163,"0.86,0.22,-0.52,-59.08,198.79,-217.53",hong_jean,near_miss,(near miss) HJ motion_data.csv
2129,2026-07-27T13:21:22.505,85.331551,1.0617,0.97,0.33,-0.19,-19.59,286.07,-171.81,1.0420652570736633,334.2730756432531,"0.97,0.33,-0.19,-19.59,286.07,-171.81",hong_jean,near_miss,(near miss) HJ motion_data.csv
2130,2026-07-27T13:21:22.506,85.332006,0.4551,0.24,0.89,0.1,30.94,194.27,-37.35,0.9272000862812729,200.23271211268153,"0.24,0.89,0.10,30.94,194.27,-37.35",hong_jean,near_miss,(near miss) HJ motion_data.csv
2131,2026-07-27T13:21:22.624,85.450502,118.496,-0.57,1.83,-0.35,40.34,-13.37,106.63,1.9484096078597026,114.786886881734,"-0.57,1.83,-0.35,40.34,-13.37,106.63",hong_jean,near_miss,(near miss) HJ motion_data.csv
2132,2026-07-27T13:21:22.686,85.512074,61.572,-0.86,2.24,-0.96,-51.88,-116.94,207.28,2.5843374392675584,243.5805747591544,"-0.86,2.24,-0.96,-51.88,-116.94,207.28",hong_jean,near_miss,(near miss) HJ motion_data.csv
2133,2026-07-27T13:21:22.687,85.513418,1.3437,-0.82,1.68,-1.01,-91.13,-127.32,261.66,2.124829404917016,304.9278847531003,"-0.82,1.68,-1.01,-91.13,-127.32,261.66",hong_jean,near_miss,(near miss) HJ motion_data.csv
2134,2026-07-27T13:21:22.688,85.513808,0.3899,-0.69,1.0,-0.68,10.5,-100.59,229.61,1.392300254973761,250.89709085599222,"-0.69,1.00,-0.68,10.50,-100.59,229.61",hong_jean,near_miss,(near miss) HJ motion_data.csv
2135,2026-07-27T13:21:22.688,85.514586,0.7789,-0.54,0.59,-0.18,84.11,-41.02,128.6,0.819817052762383,159.04430986363516,"-0.54,0.59,-0.18,84.11,-41.02,128.60",hong_jean,near_miss,(near miss) HJ motion_data.csv
2136,2026-07-27T13:21:22.688,85.51467,0.0839,-0.33,0.29,0.07,36.44,10.86,16.78,0.4448595283907045,41.561780520088405,"-0.33,0.29,0.07,36.44,10.86,16.78",hong_jean,near_miss,(near miss) HJ motion_data.csv
2137,2026-07-27T13:21:22.753,85.579335,64.6646,-0.02,0.19,0.02,-20.51,28.32,-58.41,0.19209372712298545,68.07650549198306,"-0.02,0.19,0.02,-20.51,28.32,-58.41",hong_jean,near_miss,(near miss) HJ motion_data.csv
2138,2026-07-27T13:21:22.754,85.58074,1.4046,0.27,0.28,-0.12,-29.66,4.52,-66.16,0.40706264874095244,72.64496954366489,"0.27,0.28,-0.12,-29.66,4.52,-66.16",hong_jean,near_miss,(near miss) HJ motion_data.csv
2139,2026-07-27T13:21:22.805,85.631198,50.4589,0.13,0.61,-0.21,-38.21,30.94,-47.61,0.6581033353509158,68.4397530679356,"0.13,0.61,-0.21,-38.21,30.94,-47.61",hong_jean,near_miss,(near miss) HJ motion_data.csv
2140,2026-07-27T13:21:23.046,85.87193,240.7313,-0.43,1.46,-0.4,-33.08,62.19,-21.3,1.573689931339716,73.59057344524501,"-0.43,1.46,-0.40,-33.08,62.19,-21.30",hong_jean,near_miss,(near miss) HJ motion_data.csv
2141,2026-07-27T13:21:23.047,85.872911,0.9811,-0.75,1.73,-0.59,3.17,-3.6,21.0,1.9757277140334901,21.540865813611113,"-0.75,1.73,-0.59,3.17,-3.60,21.00",hong_jean,near_miss,(near miss) HJ motion_data.csv
2142,2026-07-27T13:21:23.047,85.873218,0.3072,-0.61,1.24,-0.62,26.86,-67.69,22.89,1.5146286673637204,76.3370670120355,"-0.61,1.24,-0.62,26.86,-67.69,22.89",hong_jean,near_miss,(near miss) HJ motion_data.csv
2143,2026-07-27T13:21:23.105,85.931027,57.8092,-0.37,1.03,-0.68,-37.54,-23.8,-38.15,1.2884874853874213,58.57571254368145,"-0.37,1.03,-0.68,-37.54,-23.80,-38.15",hong_jean,near_miss,(near miss) HJ motion_data.csv
2144,2026-07-27T13:21:23.106,85.932213,1.1856,-0.15,0.9,-0.61,-109.01,108.34,-119.87,1.09754270987511,194.90908803850067,"-0.15,0.90,-0.61,-109.01,108.34,-119.87",hong_jean,near_miss,(near miss) HJ motion_data.csv
2145,2026-07-27T13:21:23.106,85.932579,0.3657,0.04,0.59,-0.37,-66.96,188.54,-165.04,0.6975672010638114,259.3630174099615,"0.04,0.59,-0.37,-66.96,188.54,-165.04",hong_jean,near_miss,(near miss) HJ motion_data.csv
2146,2026-07-27T13:21:23.107,85.932936,0.3579,0.18,0.34,-0.22,28.63,130.55,-141.48,0.4431703961232068,194.62674482197968,"0.18,0.34,-0.22,28.63,130.55,-141.48",hong_jean,near_miss,(near miss) HJ motion_data.csv
2147,2026-07-27T13:21:23.284,86.11067,177.7337,0.1,0.25,-0.02,69.95,-30.4,-59.39,0.27,96.66609850407742,"0.10,0.25,-0.02,69.95,-30.40,-59.39",hong_jean,near_miss,(near miss) HJ motion_data.csv
2148,2026-07-27T13:21:23.285,86.111415,0.7454,-0.02,0.15,0.15,-12.82,-252.26,34.24,0.21307275752662516,254.8957386854476,"-0.02,0.15,0.15,-12.82,-252.26,34.24",hong_jean,near_miss,(near miss) HJ motion_data.csv
2149,2026-07-27T13:21:23.286,86.112044,0.6284,0.05,0.03,0.14,-115.42,-375.61,87.83,0.15165750888103102,402.63973648908524,"0.05,0.03,0.14,-115.42,-375.61,87.83",hong_jean,near_miss,(near miss) HJ motion_data.csv
2150,2026-07-27T13:21:23.405,86.231134,119.0902,0.02,0.92,0.27,-50.96,-307.13,136.96,0.9590099061010788,340.1232131154826,"0.02,0.92,0.27,-50.96,-307.13,136.96",hong_jean,near_miss,(near miss) HJ motion_data.csv
2151,2026-07-27T13:21:23.406,86.231885,0.7505,-0.23,2.01,0.39,65.92,-140.62,196.84,2.0603640455026384,250.72976767827151,"-0.23,2.01,0.39,65.92,-140.62,196.84",hong_jean,near_miss,(near miss) HJ motion_data.csv
2152,2026-07-27T13:21:23.406,86.232382,0.4976,-0.59,1.94,0.37,60.79,27.1,151.98,2.061213234966242,165.9149013801955,"-0.59,1.94,0.37,60.79,27.10,151.98",hong_jean,near_miss,(near miss) HJ motion_data.csv
2153,2026-07-27T13:21:23.407,86.232894,0.5122,-0.74,1.52,0.26,7.63,87.52,40.71,1.710438540258024,96.82598514861597,"-0.74,1.52,0.26,7.63,87.52,40.71",hong_jean,near_miss,(near miss) HJ motion_data.csv
2154,2026-07-27T13:21:23.407,86.233451,0.5568,-0.53,1.44,0.09,-13.12,41.81,-5.25,1.5370751445521458,44.13358131853793,"-0.53,1.44,0.09,-13.12,41.81,-5.25",hong_jean,near_miss,(near miss) HJ motion_data.csv
2155,2026-07-27T13:21:23.525,86.351303,117.8517,-0.3,1.59,-0.0,4.33,24.23,12.82,1.6180543872194162,27.752372871522176,"-0.30,1.59,-0.00,4.33,24.23,12.82",hong_jean,near_miss,(near miss) HJ motion_data.csv
2156,2026-07-27T13:21:23.525,86.35156,0.2567,-0.41,1.66,0.04,11.6,71.41,10.99,1.7103508412018862,73.17600836339736,"-0.41,1.66,0.04,11.60,71.41,10.99",hong_jean,near_miss,(near miss) HJ motion_data.csv
2157,2026-07-27T13:21:23.526,86.351986,0.4269,-0.62,1.48,0.23,9.7,121.7,-17.46,1.621018198540658,123.32814601703863,"-0.62,1.48,0.23,9.70,121.70,-17.46",hong_jean,near_miss,(near miss) HJ motion_data.csv
2158,2026-07-27T13:21:23.586,86.41205,60.0631,-0.47,0.98,0.33,5.55,146.0,-65.37,1.1358697108383513,160.06261087461993,"-0.47,0.98,0.33,5.55,146.00,-65.37",hong_jean,near_miss,(near miss) HJ motion_data.csv
2159,2026-07-27T13:21:23.587,86.413053,1.0031,-0.05,0.38,0.19,1.53,165.41,-96.62,0.42778499272414877,191.567829762724,"-0.05,0.38,0.19,1.53,165.41,-96.62",hong_jean,near_miss,(near miss) HJ motion_data.csv
2160,2026-07-27T13:21:23.705,86.530943,117.89,0.21,0.31,-0.07,-4.21,204.9,-81.73,0.38091993909481814,220.63890636059634,"0.21,0.31,-0.07,-4.21,204.90,-81.73",hong_jean,near_miss,(near miss) HJ motion_data.csv
2161,2026-07-27T13:21:23.705,86.531242,0.2995,0.16,0.91,-0.41,-14.89,187.32,-31.31,1.0108412338245805,190.50147138539373,"0.16,0.91,-0.41,-14.89,187.32,-31.31",hong_jean,near_miss,(near miss) HJ motion_data.csv
2162,2026-07-27T13:21:23.706,86.531927,0.6853,0.02,1.32,-0.62,-5.98,68.54,14.1,1.4584923722803627,70.2303495648427,"0.02,1.32,-0.62,-5.98,68.54,14.10",hong_jean,near_miss,(near miss) HJ motion_data.csv
2163,2026-07-27T13:21:23.825,86.651079,119.1516,-0.12,1.2,-0.46,28.02,-86.85,36.38,1.2907362240210043,98.24228875591203,"-0.12,1.20,-0.46,28.02,-86.85,36.38",hong_jean,near_miss,(near miss) HJ motion_data.csv
2164,2026-07-27T13:21:23.825,86.651637,0.5576,-0.22,1.12,-0.19,35.28,-166.2,46.02,1.1571084650973738,176.02544929640143,"-0.22,1.12,-0.19,35.28,-166.20,46.02",hong_jean,near_miss,(near miss) HJ motion_data.csv
2165,2026-07-27T13:21:23.826,86.652331,0.6942,-0.15,0.86,-0.23,6.65,-105.35,43.33,0.9027735042633894,114.10667771870321,"-0.15,0.86,-0.23,6.65,-105.35,43.33",hong_jean,near_miss,(near miss) HJ motion_data.csv
2166,2026-07-27T13:21:23.885,86.711506,59.1754,0.19,0.34,-0.4,-8.97,17.27,40.41,0.5583009940883145,44.851776999356446,"0.19,0.34,-0.40,-8.97,17.27,40.41",hong_jean,near_miss,(near miss) HJ motion_data.csv
2167,2026-07-27T13:21:23.945,86.771068,59.5614,0.43,-0.06,-0.08,17.7,-4.27,60.55,0.4414748010928823,63.22835914366274,"0.43,-0.06,-0.08,17.70,-4.27,60.55",hong_jean,near_miss,(near miss) HJ motion_data.csv
2168,2026-07-27T13:21:23.945,86.771724,0.6568,0.23,-0.16,0.24,55.18,-114.93,84.23,0.36891733491393436,152.80193127051766,"0.23,-0.16,0.24,55.18,-114.93,84.23",hong_jean,near_miss,(near miss) HJ motion_data.csv
2169,2026-07-27T13:21:24.185,87.01145,239.7252,-0.18,0.79,-0.29,18.8,-15.93,63.78,0.8605811989580066,68.37465392965437,"-0.18,0.79,-0.29,18.80,-15.93,63.78",hong_jean,near_miss,(near miss) HJ motion_data.csv
2170,2026-07-27T13:21:24.185,87.01174,0.2904,-0.72,2.16,-0.76,-63.84,145.63,43.64,2.4003333101883997,164.88811994804234,"-0.72,2.16,-0.76,-63.84,145.63,43.64",hong_jean,near_miss,(near miss) HJ motion_data.csv
2171,2026-07-27T13:21:24.186,87.012635,0.895,-1.41,2.49,-0.37,-33.63,60.67,67.5,2.885324938373493,96.78882063544323,"-1.41,2.49,-0.37,-33.63,60.67,67.50",hong_jean,near_miss,(near miss) HJ motion_data.csv
2172,2026-07-27T13:21:24.187,87.013106,0.4705,-1.45,1.79,0.15,7.63,-105.65,56.82,2.308484351257335,120.20254489818424,"-1.45,1.79,0.15,7.63,-105.65,56.82",hong_jean,near_miss,(near miss) HJ motion_data.csv
2173,2026-07-27T13:21:24.187,87.013607,0.5015,-0.22,0.74,-0.17,-26.92,-141.54,-13.37,0.7905061669588669,144.69628502487546,"-0.22,0.74,-0.17,-26.92,-141.54,-13.37",hong_jean,near_miss,(near miss) HJ motion_data.csv
2174,2026-07-27T13:21:24.188,87.014562,0.9546,1.14,0.38,-0.8,-20.39,-66.22,-72.81,1.4436065946094871,100.50938563139265,"1.14,0.38,-0.80,-20.39,-66.22,-72.81",hong_jean,near_miss,(near miss) HJ motion_data.csv
2175,2026-07-27T13:21:24.245,87.071329,56.7673,1.4,0.83,-0.84,26.49,14.65,-93.51,1.8315294155431956,98.28765283594883,"1.40,0.83,-0.84,26.49,14.65,-93.51",hong_jean,near_miss,(near miss) HJ motion_data.csv
2176,2026-07-27T13:21:24.545,87.370816,299.4873,0.85,1.23,-0.32,69.27,-22.83,-90.52,1.5289865924853625,116.24720297710392,"0.85,1.23,-0.32,69.27,-22.83,-90.52",hong_jean,near_miss,(near miss) HJ motion_data.csv
2177,2026-07-27T13:21:24.725,87.551201,180.3848,0.38,1.01,0.33,46.45,-208.13,-68.73,1.1284502647436438,224.05247666562403,"0.38,1.01,0.33,46.45,-208.13,-68.73",hong_jean,near_miss,(near miss) HJ motion_data.csv
2178,2026-07-27T13:21:24.726,87.551828,0.6265,0.04,0.68,0.45,-29.72,-255.92,-53.16,0.8163945124754332,263.06712147282866,"0.04,0.68,0.45,-29.72,-255.92,-53.16",hong_jean,near_miss,(near miss) HJ motion_data.csv
2179,2026-07-27T13:21:24.726,87.552545,0.7172,-0.25,0.68,0.06,-77.03,-37.29,-65.61,0.7269800547470338,107.83708592131002,"-0.25,0.68,0.06,-77.03,-37.29,-65.61",hong_jean,near_miss,(near miss) HJ motion_data.csv
2180,2026-07-27T13:21:24.727,87.553412,0.867,-0.34,0.74,-0.19,-65.55,108.58,-73.43,0.8362415918859812,146.55505381937533,"-0.34,0.74,-0.19,-65.55,108.58,-73.43",hong_jean,near_miss,(near miss) HJ motion_data.csv
2181,2026-07-27T13:21:24.728,87.554234,0.8223,-0.36,0.84,-0.13,-24.78,18.13,-54.44,0.9230926280715278,62.50167117765732,"-0.36,0.84,-0.13,-24.78,18.13,-54.44",hong_jean,near_miss,(near miss) HJ motion_data.csv
2182,2026-07-27T13:21:24.729,87.555094,0.8596,-0.31,0.97,0.05,7.2,-189.94,-31.86,1.0195587280779856,192.72805504129386,"-0.31,0.97,0.05,7.20,-189.94,-31.86",hong_jean,near_miss,(near miss) HJ motion_data.csv
2183,2026-07-27T13:21:24.730,87.555981,0.8869,-0.13,0.93,0.08,-5.8,-279.48,-35.64,0.942443632266673,281.80298082170816,"-0.13,0.93,0.08,-5.80,-279.48,-35.64",hong_jean,near_miss,(near miss) HJ motion_data.csv
2184,2026-07-27T13:21:24.731,87.55687,0.889,-0.06,0.69,-0.17,-52.67,-134.7,-67.08,0.7131619731870172,159.4300639779085,"-0.06,0.69,-0.17,-52.67,-134.70,-67.08",hong_jean,near_miss,(near miss) HJ motion_data.csv
2185,2026-07-27T13:21:24.732,87.558098,1.2283,-0.13,0.56,-0.29,-52.25,-0.12,-87.83,0.64389440128021,102.19679936279805,"-0.13,0.56,-0.29,-52.25,-0.12,-87.83",hong_jean,near_miss,(near miss) HJ motion_data.csv
2186,2026-07-27T13:21:24.733,87.558962,0.8643,-0.16,0.89,-0.24,-2.5,-2.62,-75.44,0.9355746896961247,75.52686939096576,"-0.16,0.89,-0.24,-2.50,-2.62,-75.44",hong_jean,near_miss,(near miss) HJ motion_data.csv
2187,2026-07-27T13:21:24.733,87.559458,0.4962,-0.19,1.49,-0.27,26.43,30.03,-40.22,1.5261389189716643,56.72736729304472,"-0.19,1.49,-0.27,26.43,30.03,-40.22",hong_jean,near_miss,(near miss) HJ motion_data.csv
2188,2026-07-27T13:21:24.845,87.671226,111.7673,-0.31,1.73,-0.41,14.1,122.92,-10.99,1.804743749123404,124.21318971832258,"-0.31,1.73,-0.41,14.10,122.92,-10.99",hong_jean,near_miss,(near miss) HJ motion_data.csv
2189,2026-07-27T13:21:24.846,87.671786,0.5603,-0.49,1.55,-0.55,-1.53,140.01,3.85,1.71612936575306,140.07128006839943,"-0.49,1.55,-0.55,-1.53,140.01,3.85",hong_jean,near_miss,(near miss) HJ motion_data.csv
2190,2026-07-27T13:21:24.846,87.672477,0.6913,-0.65,1.23,-0.44,7.93,66.53,16.6,1.4591093173576817,69.02670352841717,"-0.65,1.23,-0.44,7.93,66.53,16.60",hong_jean,near_miss,(near miss) HJ motion_data.csv
2191,2026-07-27T13:21:24.905,87.731256,58.7791,-0.61,0.89,-0.17,0.12,64.64,14.04,1.092291169972549,66.1473022881508,"-0.61,0.89,-0.17,0.12,64.64,14.04",hong_jean,near_miss,(near miss) HJ motion_data.csv
2192,2026-07-27T13:21:24.906,87.7318,0.5441,-0.45,0.68,-0.07,-24.29,136.78,0.06,0.818413098624405,138.92003491217528,"-0.45,0.68,-0.07,-24.29,136.78,0.06",hong_jean,near_miss,(near miss) HJ motion_data.csv
2193,2026-07-27T13:21:25.025,87.851389,119.5888,-0.33,0.57,-0.1,-27.77,151.18,2.14,0.6661831579978587,153.72424955094107,"-0.33,0.57,-0.10,-27.77,151.18,2.14",hong_jean,near_miss,(near miss) HJ motion_data.csv
2194,2026-07-27T13:21:25.026,87.851799,0.41,-0.29,0.43,-0.21,-24.41,125.92,23.38,0.5595533933415112,130.37760122045506,"-0.29,0.43,-0.21,-24.41,125.92,23.38",hong_jean,near_miss,(near miss) HJ motion_data.csv
2195,2026-07-27T13:21:25.026,87.852088,0.2892,-0.03,0.29,-0.36,-21.3,138.0,34.36,0.46324939287601874,143.79951182114633,"-0.03,0.29,-0.36,-21.30,138.00,34.36",hong_jean,near_miss,(near miss) HJ motion_data.csv
2196,2026-07-27T13:21:25.085,87.911082,58.9933,0.66,0.27,-0.17,-3.72,85.08,48.28,0.7330757123244502,97.89485788334339,"0.66,0.27,-0.17,-3.72,85.08,48.28",hong_jean,near_miss,(near miss) HJ motion_data.csv
2197,2026-07-27T13:21:25.265,88.091217,180.1357,0.76,0.52,0.07,8.85,-28.32,92.53,0.9235258523723091,97.17070443297197,"0.76,0.52,0.07,8.85,-28.32,92.53",hong_jean,near_miss,(near miss) HJ motion_data.csv
2198,2026-07-27T13:21:25.266,88.092047,0.8294,-0.03,1.37,-0.19,3.05,-23.19,131.59,1.3834377470634522,133.6525596462709,"-0.03,1.37,-0.19,3.05,-23.19,131.59",hong_jean,near_miss,(near miss) HJ motion_data.csv
2199,2026-07-27T13:21:25.266,88.092638,0.591,-0.29,2.34,-0.25,34.24,13.98,145.51,2.371117879819559,150.13653153047062,"-0.29,2.34,-0.25,34.24,13.98,145.51",hong_jean,near_miss,(near miss) HJ motion_data.csv
2200,2026-07-27T13:21:25.267,88.092979,0.3414,0.31,2.51,-0.04,62.5,-4.15,140.5,2.5293872775832487,153.83017421819426,"0.31,2.51,-0.04,62.50,-4.15,140.50",hong_jean,near_miss,(near miss) HJ motion_data.csv
2201,2026-07-27T13:21:25.267,88.093568,0.5885,0.67,1.95,-0.06,8.85,-9.95,121.89,2.0627651344736266,122.61524008050549,"0.67,1.95,-0.06,8.85,-9.95,121.89",hong_jean,near_miss,(near miss) HJ motion_data.csv
2202,2026-07-27T13:21:25.445,88.271609,178.0409,0.49,1.11,-0.13,-70.13,-4.76,95.76,1.2202868515230343,118.78910766564415,"0.49,1.11,-0.13,-70.13,-4.76,95.76",hong_jean,near_miss,(near miss) HJ motion_data.csv
2203,2026-07-27T13:21:25.446,88.27225,0.6417,0.38,0.44,-0.15,-102.91,2.01,54.32,0.600416522091123,116.38372137030161,"0.38,0.44,-0.15,-102.91,2.01,54.32",hong_jean,near_miss,(near miss) HJ motion_data.csv
2204,2026-07-27T13:21:25.447,88.272959,0.7088,0.35,0.02,-0.13,-90.39,26.0,0.31,0.3738983819167983,94.05555911268615,"0.35,0.02,-0.13,-90.39,26.00,0.31",hong_jean,near_miss,(near miss) HJ motion_data.csv
2205,2026-07-27T13:21:25.447,88.273714,0.7547,0.1,-0.2,-0.08,-58.72,49.68,-46.2,0.23748684174075838,89.72502883811183,"0.10,-0.20,-0.08,-58.72,49.68,-46.20",hong_jean,near_miss,(near miss) HJ motion_data.csv
2206,2026-07-27T13:21:25.685,88.511341,237.6269,-0.15,-0.04,-0.04,-24.05,44.19,-70.56,0.16031219541881397,86.65951880780322,"-0.15,-0.04,-0.04,-24.05,44.19,-70.56",hong_jean,near_miss,(near miss) HJ motion_data.csv
2207,2026-07-27T13:21:25.745,88.571163,59.8227,-0.33,0.45,-0.12,14.59,-5.07,-71.17,0.5707889277132134,72.82679383303923,"-0.33,0.45,-0.12,14.59,-5.07,-71.17",hong_jean,near_miss,(near miss) HJ motion_data.csv
2208,2026-07-27T13:21:26.224,89.05071,479.5463,-0.58,1.56,-0.58,41.63,-54.14,-58.84,1.7624982269494627,90.14622621052975,"-0.58,1.56,-0.58,41.63,-54.14,-58.84",hong_jean,near_miss,(near miss) HJ motion_data.csv
2209,2026-07-27T13:21:26.225,89.051269,0.5596,-0.5,2.19,-0.79,54.14,-75.38,-12.94,2.381218175640359,93.70553665605891,"-0.50,2.19,-0.79,54.14,-75.38,-12.94",hong_jean,near_miss,(near miss) HJ motion_data.csv
2210,2026-07-27T13:21:26.285,89.110949,59.6797,-0.53,1.56,-0.51,43.27,-99.24,34.85,1.7247028729610212,113.73386918592017,"-0.53,1.56,-0.51,43.27,-99.24,34.85",hong_jean,near_miss,(near miss) HJ motion_data.csv
2211,2026-07-27T13:21:26.286,89.11179,0.8414,-0.6,1.17,-0.47,4.09,-60.06,9.89,1.3963523910532039,61.006096416669706,"-0.60,1.17,-0.47,4.09,-60.06,9.89",hong_jean,near_miss,(near miss) HJ motion_data.csv
2212,2026-07-27T13:21:26.286,89.112224,0.4336,-0.14,1.31,-0.36,-3.54,-5.55,-39.55,1.3657598617619424,40.094096822350295,"-0.14,1.31,-0.36,-3.54,-5.55,-39.55",hong_jean,near_miss,(near miss) HJ motion_data.csv
2213,2026-07-27T13:21:26.287,89.113438,1.2136,0.1,1.1,-0.13,2.81,-39.06,-57.19,1.1121600604229591,69.31288336233027,"0.10,1.10,-0.13,2.81,-39.06,-57.19",hong_jean,near_miss,(near miss) HJ motion_data.csv
2214,2026-07-27T13:21:26.288,89.114147,0.7088,-0.11,0.78,-0.15,-14.1,-47.91,-72.45,0.8018728078691783,87.99534419501977,"-0.11,0.78,-0.15,-14.10,-47.91,-72.45",hong_jean,near_miss,(near miss) HJ motion_data.csv
2215,2026-07-27T13:21:26.288,89.114664,0.5171,-0.24,0.85,-0.31,-28.75,-11.05,-92.71,0.9360555539069249,97.69242089333235,"-0.24,0.85,-0.31,-28.75,-11.05,-92.71",hong_jean,near_miss,(near miss) HJ motion_data.csv
2216,2026-07-27T13:21:26.289,89.115424,0.7605,0.01,1.07,-0.57,-34.18,4.21,-112.3,1.2123943252918994,117.46185125392839,"0.01,1.07,-0.57,-34.18,4.21,-112.30",hong_jean,near_miss,(near miss) HJ motion_data.csv
2217,2026-07-27T13:21:26.290,89.116382,0.9578,0.47,0.91,-0.8,-27.22,12.39,-125.98,1.2996153277027784,129.48127625259184,"0.47,0.91,-0.80,-27.22,12.39,-125.98",hong_jean,near_miss,(near miss) HJ motion_data.csv
2218,2026-07-27T13:21:26.290,89.116718,0.3363,0.72,0.48,-0.71,-4.52,10.68,-101.62,1.1193301568348812,102.27960304967947,"0.72,0.48,-0.71,-4.52,10.68,-101.62",hong_jean,near_miss,(near miss) HJ motion_data.csv
2219,2026-07-27T13:21:26.291,89.117472,0.7536,0.71,0.35,-0.45,17.94,23.74,-40.59,0.9105492847726585,50.32871248104803,"0.71,0.35,-0.45,17.94,23.74,-40.59",hong_jean,near_miss,(near miss) HJ motion_data.csv
2220,2026-07-27T13:21:26.292,89.11807,0.5981,0.36,0.76,-0.37,13.37,84.53,21.55,0.9187491496594705,88.25236710706405,"0.36,0.76,-0.37,13.37,84.53,21.55",hong_jean,near_miss,(near miss) HJ motion_data.csv
2221,2026-07-27T13:21:26.405,89.230824,112.754,-0.28,1.56,-0.56,-19.96,167.72,66.53,1.6809521111560555,181.53413150148927,"-0.28,1.56,-0.56,-19.96,167.72,66.53",hong_jean,near_miss,(near miss) HJ motion_data.csv
2222,2026-07-27T13:21:26.405,89.231458,0.634,-0.86,2.04,-0.76,-52.49,212.46,104.19,2.340683660813652,242.38400896098736,"-0.86,2.04,-0.76,-52.49,212.46,104.19",hong_jean,near_miss,(near miss) HJ motion_data.csv
2223,2026-07-27T13:21:26.406,89.23186,0.4026,-1.02,1.8,-0.63,-56.15,157.9,128.54,2.1627066375262274,211.2055020590136,"-1.02,1.80,-0.63,-56.15,157.90,128.54",hong_jean,near_miss,(near miss) HJ motion_data.csv
2224,2026-07-27T13:21:26.406,89.232494,0.6335,-0.61,1.29,-0.3,-20.94,27.77,117.49,1.4581495122243122,122.52981922781083,"-0.61,1.29,-0.30,-20.94,27.77,117.49",hong_jean,near_miss,(near miss) HJ motion_data.csv
2225,2026-07-27T13:21:26.407,89.233427,0.9332,-0.2,0.77,-0.19,19.9,-29.54,73.61,0.8179242018671412,81.77440736562998,"-0.20,0.77,-0.19,19.90,-29.54,73.61",hong_jean,near_miss,(near miss) HJ motion_data.csv
2226,2026-07-27T13:21:26.408,89.234075,0.6479,-0.08,0.34,0.05,28.38,-4.27,23.44,0.35284557528754706,37.055241194735196,"-0.08,0.34,0.05,28.38,-4.27,23.44",hong_jean,near_miss,(near miss) HJ motion_data.csv
2227,2026-07-27T13:21:26.408,89.234649,0.5738,-0.04,0.07,0.25,-55.48,53.89,-16.72,0.26267851073127396,79.13103626264476,"-0.04,0.07,0.25,-55.48,53.89,-16.72",hong_jean,near_miss,(near miss) HJ motion_data.csv
2228,2026-07-27T13:21:26.410,89.235912,1.2627,-0.07,-0.08,0.08,-51.39,33.51,-8.48,0.13304134695650072,61.93353372769876,"-0.07,-0.08,0.08,-51.39,33.51,-8.48",hong_jean,near_miss,(near miss) HJ motion_data.csv
2229,2026-07-27T13:21:26.410,89.236644,0.7324,-0.34,0.43,-0.08,-42.11,-28.63,47.36,0.5539855593785816,69.54062553644452,"-0.34,0.43,-0.08,-42.11,-28.63,47.36",hong_jean,near_miss,(near miss) HJ motion_data.csv
2230,2026-07-27T13:21:26.525,89.351367,114.7227,-0.84,1.53,-0.23,37.23,-49.68,50.48,1.7605112893702215,80.01503421232786,"-0.84,1.53,-0.23,37.23,-49.68,50.48",hong_jean,near_miss,(near miss) HJ motion_data.csv
2231,2026-07-27T13:21:26.526,89.352045,0.6781,-0.87,1.52,-0.36,88.07,32.1,-121.15,1.7879876957071041,153.17982047254137,"-0.87,1.52,-0.36,88.07,32.10,-121.15",hong_jean,near_miss,(near miss) HJ motion_data.csv
2232,2026-07-27T13:21:26.526,89.352384,0.3392,-0.34,0.49,-0.14,3.97,71.04,-279.48,0.6126173356998641,288.39471718462534,"-0.34,0.49,-0.14,3.97,71.04,-279.48",hong_jean,near_miss,(near miss) HJ motion_data.csv
2233,2026-07-27T13:21:27.184,90.010654,658.2697,0.06,0.14,0.08,-18.74,54.26,-200.32,0.17204650534085253,208.3829110075968,"0.06,0.14,0.08,-18.74,54.26,-200.32",hong_jean,near_miss,(near miss) HJ motion_data.csv
2234,2026-07-27T13:21:27.185,90.011321,0.6673,0.27,0.79,-0.23,28.44,109.8,-29.85,0.8659676668328905,117.28553235587073,"0.27,0.79,-0.23,28.44,109.80,-29.85",hong_jean,near_miss,(near miss) HJ motion_data.csv
2235,2026-07-27T13:21:27.185,90.011484,0.1628,0.41,1.58,-0.51,95.64,5.43,117.86,1.7101461925812074,151.87980148788714,"0.41,1.58,-0.51,95.64,5.43,117.86",hong_jean,near_miss,(near miss) HJ motion_data.csv
2236,2026-07-27T13:21:27.186,90.012494,1.0098,0.2,2.43,0.03,183.53,-251.89,236.45,2.438401115485309,391.2038285855597,"0.20,2.43,0.03,183.53,-251.89,236.45",hong_jean,near_miss,(near miss) HJ motion_data.csv
2237,2026-07-27T13:21:27.187,90.013238,0.7449,0.46,2.5,0.88,125.73,-239.5,215.52,2.6899814125751873,345.85712845046294,"0.46,2.50,0.88,125.73,-239.50,215.52",hong_jean,near_miss,(near miss) HJ motion_data.csv
2238,2026-07-27T13:21:27.188,90.014105,0.8669,-0.23,1.39,0.33,-56.7,-17.88,115.48,1.44703144402601,129.88539101838975,"-0.23,1.39,0.33,-56.70,-17.88,115.48",hong_jean,near_miss,(near miss) HJ motion_data.csv
2239,2026-07-27T13:21:27.188,90.014629,0.5241,-0.67,0.34,-0.52,-175.84,124.21,46.75,0.9137286249209884,220.3029554953814,"-0.67,0.34,-0.52,-175.84,124.21,46.75",hong_jean,near_miss,(near miss) HJ motion_data.csv
2240,2026-07-27T13:21:27.189,90.015696,1.0668,-0.73,-0.48,-0.65,-140.01,82.03,-21.67,1.0889444430272832,163.71105613244328,"-0.73,-0.48,-0.65,-140.01,82.03,-21.67",hong_jean,near_miss,(near miss) HJ motion_data.csv
2241,2026-07-27T13:21:27.190,90.016233,0.5364,-0.47,-0.69,-0.35,-35.46,-71.84,-127.44,0.9052623929005335,150.53023217945292,"-0.47,-0.69,-0.35,-35.46,-71.84,-127.44",hong_jean,near_miss,(near miss) HJ motion_data.csv
2242,2026-07-27T13:21:27.191,90.017581,1.3485,-0.19,-0.05,-0.32,13.06,-134.95,-159.55,0.37549966711037175,209.37590262492006,"-0.19,-0.05,-0.32,13.06,-134.95,-159.55",hong_jean,near_miss,(near miss) HJ motion_data.csv
2243,2026-07-27T13:21:27.192,90.017973,0.3922,-0.35,1.48,-0.47,-24.54,-105.35,-19.35,1.591791443625703,109.88747244340458,"-0.35,1.48,-0.47,-24.54,-105.35,-19.35",hong_jean,near_miss,(near miss) HJ motion_data.csv
2244,2026-07-27T13:21:27.193,90.018816,0.8423,-0.44,2.52,-0.58,-37.66,-47.24,67.69,2.6230516578977245,90.729429073482,"-0.44,2.52,-0.58,-37.66,-47.24,67.69",hong_jean,near_miss,(near miss) HJ motion_data.csv
2245,2026-07-27T13:21:27.194,90.020142,1.3261,-0.26,2.38,-0.46,40.77,-6.1,-52.43,2.437949958469205,66.69563553936645,"-0.26,2.38,-0.46,40.77,-6.10,-52.43",hong_jean,near_miss,(near miss) HJ motion_data.csv
2246,2026-07-27T13:21:27.366,90.192205,172.0634,-0.03,1.84,-0.36,65.49,-51.51,-180.36,1.8751266623884373,198.6754886743707,"-0.03,1.84,-0.36,65.49,-51.51,-180.36",hong_jean,near_miss,(near miss) HJ motion_data.csv
2247,2026-07-27T13:21:27.367,90.192884,0.6791,0.3,1.08,-0.46,12.94,-128.97,-186.83,1.211610498468877,227.38987092656524,"0.30,1.08,-0.46,12.94,-128.97,-186.83",hong_jean,near_miss,(near miss) HJ motion_data.csv
2248,2026-07-27T13:21:27.367,90.193256,0.3718,0.57,0.47,-0.47,-27.83,-202.58,-116.94,0.8756140702387096,235.55918343380293,"0.57,0.47,-0.47,-27.83,-202.58,-116.94",hong_jean,near_miss,(near miss) HJ motion_data.csv
2249,2026-07-27T13:21:27.368,90.193765,0.509,0.63,0.0,-0.41,-52.19,-266.05,-28.5,0.7516648189186453,272.61446880163936,"0.63,0.00,-0.41,-52.19,-266.05,-28.50",hong_jean,near_miss,(near miss) HJ motion_data.csv
2250,2026-07-27T13:21:27.368,90.194196,0.4311,0.5,-0.32,-0.4,-33.02,-239.07,36.74,0.7158212067269312,244.12007885464888,"0.50,-0.32,-0.40,-33.02,-239.07,36.74",hong_jean,near_miss,(near miss) HJ motion_data.csv
2251,2026-07-27T13:21:27.369,90.194886,0.6902,0.38,-0.22,-0.21,25.27,-147.28,71.84,0.4867237409455183,165.80397130346427,"0.38,-0.22,-0.21,25.27,-147.28,71.84",hong_jean,near_miss,(near miss) HJ motion_data.csv
2252,2026-07-27T13:21:27.370,90.195841,0.9543,0.24,0.64,-0.15,68.18,-6.16,85.82,0.6997856814768362,109.77946256017105,"0.24,0.64,-0.15,68.18,-6.16,85.82",hong_jean,near_miss,(near miss) HJ motion_data.csv
2253,2026-07-27T13:21:27.370,90.196426,0.5851,-0.37,2.34,-0.71,44.43,251.34,117.19,2.4731760956308793,280.8546182636134,"-0.37,2.34,-0.71,44.43,251.34,117.19",hong_jean,near_miss,(near miss) HJ motion_data.csv
2254,2026-07-27T13:21:27.485,90.311327,114.9017,-1.25,3.23,-1.61,-31.13,438.05,199.83,3.8193585848935423,482.48202899175425,"-1.25,3.23,-1.61,-31.13,438.05,199.83",hong_jean,near_miss,(near miss) HJ motion_data.csv
2255,2026-07-27T13:21:27.665,90.491119,179.7919,-1.72,2.55,-1.91,-29.6,383.24,242.74,3.6206353033687333,454.61166417064135,"-1.72,2.55,-1.91,-29.60,383.24,242.74",hong_jean,near_miss,(near miss) HJ motion_data.csv
2256,2026-07-27T13:21:27.666,90.491801,0.6815,-1.38,1.62,-0.68,93.69,229.37,193.36,2.234099371111321,314.28729309343703,"-1.38,1.62,-0.68,93.69,229.37,193.36",hong_jean,near_miss,(near miss) HJ motion_data.csv
2257,2026-07-27T13:21:27.666,90.492174,0.373,-0.54,0.85,0.73,231.14,103.45,95.34,1.243784547258889,270.5869873072243,"-0.54,0.85,0.73,231.14,103.45,95.34",hong_jean,near_miss,(near miss) HJ motion_data.csv
2258,2026-07-27T13:21:27.667,90.493093,0.9192,-0.17,0.2,0.86,188.17,136.23,-15.69,0.899166280506559,232.83628991203238,"-0.17,0.20,0.86,188.17,136.23,-15.69",hong_jean,near_miss,(near miss) HJ motion_data.csv
2259,2026-07-27T13:21:27.667,90.493655,0.562,-0.33,-0.2,0.47,2.38,246.34,-95.89,0.6081118318204309,264.35573021971743,"-0.33,-0.20,0.47,2.38,246.34,-95.89",hong_jean,near_miss,(near miss) HJ motion_data.csv
2260,2026-07-27T13:21:27.668,90.49388,0.2254,-0.4,-0.38,0.22,-114.07,234.99,-141.72,0.5939696961966999,297.18146543820666,"-0.40,-0.38,0.22,-114.07,234.99,-141.72",hong_jean,near_miss,(near miss) HJ motion_data.csv
2261,2026-07-27T13:21:27.668,90.494675,0.7943,-0.1,-0.24,-0.14,-106.51,139.83,-176.8,0.295296461204668,249.30914343441157,"-0.10,-0.24,-0.14,-106.51,139.83,-176.8",hong_jean,near_miss,(near miss) HJ motion_data.csv
2262,2026-07-27T13:21:27.845,90.671504,176.829,0.38,0.51,-0.39,-35.77,123.78,-147.71,0.7460562981437795,196.00822788852514,"0.38,0.51,-0.39,-35.77,123.78,-147.71",hong_jean,near_miss,(near miss) HJ motion_data.csv
2263,2026-07-27T13:21:27.848,90.673805,2.301,0.15,1.54,-0.25,16.36,104.8,-13.37,1.5673544589530475,106.90858945847148,"0.15,1.54,-0.25,16.36,104.80,-13.37",hong_jean,near_miss,(near miss) HJ motion_data.csv
2264,2026-07-27T13:21:27.848,90.673942,0.1367,-0.99,2.61,-0.34,-39.98,42.11,127.62,2.8120810799121707,140.20883317394805,"-0.99,2.61,-0.34,-39.98,42.11,127.62",hong_jean,near_miss,(near miss) HJ motion_data.csv
2265,2026-07-27T13:21:27.848,90.674018,0.0768,-1.68,2.76,-0.66,-99.67,52.92,160.64,3.297817460078711,196.31567665369977,"-1.68,2.76,-0.66,-99.67,52.92,160.64",hong_jean,near_miss,(near miss) HJ motion_data.csv
2266,2026-07-27T13:21:27.905,90.731438,57.4197,-1.35,1.9,-0.7,-47.24,111.08,52.73,2.4336187047275915,131.7225755138427,"-1.35,1.90,-0.70,-47.24,111.08,52.73",hong_jean,near_miss,(near miss) HJ motion_data.csv
2267,2026-07-27T13:21:27.965,90.791292,59.8536,-0.68,1.29,-0.48,13.55,133.61,-102.05,1.5352198539622917,168.66960929580645,"-0.68,1.29,-0.48,13.55,133.61,-102.05",hong_jean,near_miss,(near miss) HJ motion_data.csv
2268,2026-07-27T13:21:27.966,90.791896,0.6047,-0.07,1.03,-0.07,63.35,38.51,-184.57,1.0347463457292323,198.90280918076544,"-0.07,1.03,-0.07,63.35,38.51,-184.57",hong_jean,near_miss,(near miss) HJ motion_data.csv
2269,2026-07-27T13:21:28.085,90.91132,119.4239,0.37,0.98,0.26,61.34,-104.8,-181.64,1.0793053321465618,218.49193394722835,"0.37,0.98,0.26,61.34,-104.80,-181.64",hong_jean,near_miss,(near miss) HJ motion_data.csv
2270,2026-07-27T13:21:28.085,90.911598,0.2778,0.56,0.82,0.12,-23.32,-118.84,-153.81,1.000199980003999,195.7658910535745,"0.56,0.82,0.12,-23.32,-118.84,-153.81",hong_jean,near_miss,(near miss) HJ motion_data.csv
2271,2026-07-27T13:21:28.087,90.912837,1.2395,0.69,0.53,-0.26,-94.3,71.23,-138.49,0.9080748867797193,182.05955893608004,"0.69,0.53,-0.26,-94.30,71.23,-138.49",hong_jean,near_miss,(near miss) HJ motion_data.csv
2272,2026-07-27T13:21:28.161,90.986958,74.1202,0.91,0.37,-0.37,-91.06,296.45,-114.07,1.0497142468310126,330.43379215812655,"0.91,0.37,-0.37,-91.06,296.45,-114.07",hong_jean,near_miss,(near miss) HJ motion_data.csv
2273,2026-07-27T13:21:28.325,91.151426,164.4682,0.92,0.32,-0.18,-54.38,351.93,-66.71,0.9905553997631834,362.30116395065585,"0.92,0.32,-0.18,-54.38,351.93,-66.71",hong_jean,near_miss,(near miss) HJ motion_data.csv
2274,2026-07-27T13:21:28.326,91.152272,0.846,0.53,0.55,-0.1,-87.16,254.94,-16.24,0.7703246069028303,269.91666639909437,"0.53,0.55,-0.10,-87.16,254.94,-16.24",hong_jean,near_miss,(near miss) HJ motion_data.csv
2275,2026-07-27T13:21:28.326,91.15272,0.4476,-0.26,1.72,-0.51,-233.28,167.97,50.17,1.8127603261324978,291.8056000148044,"-0.26,1.72,-0.51,-233.28,167.97,50.17",hong_jean,near_miss,(near miss) HJ motion_data.csv
2276,2026-07-27T13:21:28.327,91.153089,0.3698,-1.12,2.77,-1.27,-335.94,86.98,143.43,3.246567418058649,375.4908373049867,"-1.12,2.77,-1.27,-335.94,86.98,143.43",hong_jean,near_miss,(near miss) HJ motion_data.csv
2277,2026-07-27T13:21:28.327,91.15361,0.5206,-1.44,2.22,-1.51,-213.38,39.49,173.89,3.046653902234384,278.0795148873789,"-1.44,2.22,-1.51,-213.38,39.49,173.89",hong_jean,near_miss,(near miss) HJ motion_data.csv
2278,2026-07-27T13:21:28.446,91.271937,118.3272,-1.2,1.12,-0.94,5.43,133.3,126.34,1.8915602025840996,183.7394092185996,"-1.20,1.12,-0.94,5.43,133.30,126.34",hong_jean,near_miss,(near miss) HJ motion_data.csv
2279,2026-07-27T13:21:28.446,91.272703,0.7663,-0.86,0.67,-0.04,161.13,242.31,71.17,1.0909170454255448,299.569994992823,"-0.86,0.67,-0.04,161.13,242.31,71.17",hong_jean,near_miss,(near miss) HJ motion_data.csv
2280,2026-07-27T13:21:28.447,91.273323,0.6201,-0.56,0.54,0.64,201.6,209.53,13.79,1.0073728207570423,291.09370484433356,"-0.56,0.54,0.64,201.60,209.53,13.79",hong_jean,near_miss,(near miss) HJ motion_data.csv
2281,2026-07-27T13:21:28.505,91.330858,57.5341,-0.29,0.47,0.57,105.53,123.84,-40.41,0.7936623967405788,167.64812733818414,"-0.29,0.47,0.57,105.53,123.84,-40.41",hong_jean,near_miss,(near miss) HJ motion_data.csv
2282,2026-07-27T13:21:28.686,91.511832,180.9741,0.01,0.64,0.03,5.13,98.63,-66.96,0.6407807737440318,119.3224010821103,"0.01,0.64,0.03,5.13,98.63,-66.96",hong_jean,near_miss,(near miss) HJ motion_data.csv
2283,2026-07-27T13:21:28.686,91.51239,0.5587,0.27,0.76,-0.35,-35.77,100.16,-54.57,0.8792041856133306,119.53829260952324,"0.27,0.76,-0.35,-35.77,100.16,-54.57",hong_jean,near_miss,(near miss) HJ motion_data.csv
2284,2026-07-27T13:21:28.686,91.512684,0.2932,0.15,0.69,-0.41,-46.75,106.75,-10.19,0.8165169930871004,116.98273847025466,"0.15,0.69,-0.41,-46.75,106.75,-10.19",hong_jean,near_miss,(near miss) HJ motion_data.csv
2285,2026-07-27T13:21:28.687,91.513165,0.481,-0.35,0.93,-0.33,-54.08,130.25,35.16,1.0470434565957614,145.34763327966505,"-0.35,0.93,-0.33,-54.08,130.25,35.16",hong_jean,near_miss,(near miss) HJ motion_data.csv
2286,2026-07-27T13:21:28.687,91.513637,0.4727,-0.88,1.43,-0.31,-65.55,133.97,54.57,1.7074542453606185,158.8163980828176,"-0.88,1.43,-0.31,-65.55,133.97,54.57",hong_jean,near_miss,(near miss) HJ motion_data.csv
2287,2026-07-27T13:21:28.746,91.572228,58.5905,-1.17,1.53,-0.32,-54.2,51.09,53.65,1.9524855953373892,91.79406625702993,"-1.17,1.53,-0.32,-54.20,51.09,53.65",hong_jean,near_miss,(near miss) HJ motion_data.csv
2288,2026-07-27T13:21:28.865,91.691648,119.4199,-1.07,1.26,-0.31,-8.91,-86.98,35.1,1.6818442258425719,94.21740019762804,"-1.07,1.26,-0.31,-8.91,-86.98,35.10",hong_jean,near_miss,(near miss) HJ motion_data.csv
2289,2026-07-27T13:21:29.105,91.931097,239.4493,-0.71,1.06,-0.29,32.71,-167.24,-8.97,1.3083577492413916,170.64472625897352,"-0.71,1.06,-0.29,32.71,-167.24,-8.97",hong_jean,near_miss,(near miss) HJ motion_data.csv
2290,2026-07-27T13:21:29.106,91.932127,1.0296,-0.32,0.96,-0.26,29.79,-148.62,-67.5,1.0447966309287182,165.92648522764532,"-0.32,0.96,-0.26,29.79,-148.62,-67.50",hong_jean,near_miss,(near miss) HJ motion_data.csv
2291,2026-07-27T13:21:29.107,91.932763,0.6365,-0.04,0.81,-0.23,-6.65,-74.52,-116.03,0.842970936628304,138.05945748118816,"-0.04,0.81,-0.23,-6.65,-74.52,-116.03",hong_jean,near_miss,(near miss) HJ motion_data.csv
2292,2026-07-27T13:21:29.107,91.933125,0.3623,0.11,0.66,-0.19,-27.53,13.37,-139.77,0.6955573304911681,143.08148272924768,"0.11,0.66,-0.19,-27.53,13.37,-139.77",hong_jean,near_miss,(near miss) HJ motion_data.csv
2293,2026-07-27T13:21:29.107,91.933507,0.3818,0.14,0.62,-0.15,-17.4,77.82,-136.29,0.6530696746902278,157.90401039872293,"0.14,0.62,-0.15,-17.40,77.82,-136.29",hong_jean,near_miss,(near miss) HJ motion_data.csv
2294,2026-07-27T13:21:29.108,91.934582,1.0747,0.14,0.73,-0.19,-15.32,75.56,-111.69,0.7672027111526653,135.71540848407744,"0.14,0.73,-0.19,-15.32,75.56,-111.69",hong_jean,near_miss,(near miss) HJ motion_data.csv
2295,2026-07-27T13:21:29.109,91.935097,0.5149,0.21,0.88,-0.41,-40.16,43.58,-85.27,0.9932774033471213,103.84129669837525,"0.21,0.88,-0.41,-40.16,43.58,-85.27",hong_jean,near_miss,(near miss) HJ motion_data.csv
2296,2026-07-27T13:21:29.110,91.935882,0.7855,0.42,1.01,-0.66,-67.69,92.77,-68.42,1.27753669223236,133.6768693529288,"0.42,1.01,-0.66,-67.69,92.77,-68.42",hong_jean,near_miss,(near miss) HJ motion_data.csv
2297,2026-07-27T13:21:29.110,91.936631,0.7488,0.39,1.33,-0.7,-77.27,240.3,-36.62,1.5527395145355192,255.06032090468327,"0.39,1.33,-0.70,-77.27,240.30,-36.62",hong_jean,near_miss,(near miss) HJ motion_data.csv
2298,2026-07-27T13:21:29.285,92.111382,174.751,-0.13,1.85,-0.6,-95.52,332.46,46.39,1.9492049661336286,349.0068109650584,"-0.13,1.85,-0.60,-95.52,332.46,46.39",hong_jean,near_miss,(near miss) HJ motion_data.csv
2299,2026-07-27T13:21:29.285,92.111494,0.1123,-0.72,2.06,-0.64,-144.04,235.78,175.11,2.2741152125607003,327.11350033283554,"-0.72,2.06,-0.64,-144.04,235.78,175.11",hong_jean,near_miss,(near miss) HJ motion_data.csv
2300,2026-07-27T13:21:29.286,92.112465,0.9705,-1.09,1.66,-0.77,-133.06,13.79,276.43,2.1299295763005874,307.09717126668556,"-1.09,1.66,-0.77,-133.06,13.79,276.43",hong_jean,near_miss,(near miss) HJ motion_data.csv
2301,2026-07-27T13:21:29.287,92.113041,0.5765,-1.09,0.98,-0.49,83.44,-27.89,153.63,1.545509624686951,177.0374610075506,"-1.09,0.98,-0.49,83.44,-27.89,153.63",hong_jean,near_miss,(near miss) HJ motion_data.csv
2302,2026-07-27T13:21:29.345,92.171712,58.6703,-0.85,0.51,0.03,78.12,72.39,41.99,0.9917156850630123,114.48234186982725,"-0.85,0.51,0.03,78.12,72.39,41.99",hong_jean,near_miss,(near miss) HJ motion_data.csv
2303,2026-07-27T13:21:29.465,92.291387,119.6756,-0.61,0.34,0.22,49.62,84.17,-25.7,0.7321885003194192,101.03080371846994,"-0.61,0.34,0.22,49.62,84.17,-25.70",hong_jean,near_miss,(near miss) HJ motion_data.csv
2304,2026-07-27T13:21:29.466,92.29197,0.5827,-0.42,0.42,0.21,37.17,31.01,-59.39,0.6299999999999999,76.61854279480914,"-0.42,0.42,0.21,37.17,31.01,-59.39",hong_jean,near_miss,(near miss) HJ motion_data.csv
2305,2026-07-27T13:21:29.466,92.29264,0.6699,-0.2,0.65,0.14,31.92,-26.06,-76.9,0.694334213473598,87.24459868668089,"-0.20,0.65,0.14,31.92,-26.06,-76.90",hong_jean,near_miss,(near miss) HJ motion_data.csv
2306,2026-07-27T13:21:29.467,92.293238,0.5983,-0.02,0.9,-0.1,20.02,-31.92,-83.56,0.9057593499379402,91.66220813399599,"-0.02,0.90,-0.10,20.02,-31.92,-83.56",hong_jean,near_miss,(near miss) HJ motion_data.csv
2307,2026-07-27T13:21:29.707,92.53283,239.5919,0.07,1.08,-0.51,-4.27,62.07,-83.86,1.1964113005150026,104.41943018423343,"0.07,1.08,-0.51,-4.27,62.07,-83.86",hong_jean,near_miss,(near miss) HJ motion_data.csv
2308,2026-07-27T13:21:29.707,92.533275,0.4445,0.27,1.22,-0.81,1.1,192.87,-83.68,1.4890936840910984,210.24364271007101,"0.27,1.22,-0.81,1.10,192.87,-83.68",hong_jean,near_miss,(near miss) HJ motion_data.csv
2309,2026-07-27T13:21:29.708,92.534168,0.8933,0.31,1.49,-0.69,53.71,67.26,-49.5,1.6710176540060848,99.29210290853952,"0.31,1.49,-0.69,53.71,67.26,-49.50",hong_jean,near_miss,(near miss) HJ motion_data.csv
2310,2026-07-27T13:21:29.708,92.534706,0.5381,-0.24,1.25,0.32,62.93,-231.02,20.63,1.3124404748406688,240.3248264328927,"-0.24,1.25,0.32,62.93,-231.02,20.63",hong_jean,near_miss,(near miss) HJ motion_data.csv
2311,2026-07-27T13:21:29.709,92.535171,0.4648,-0.38,0.79,0.04,8.91,-238.28,59.63,0.8775534171775529,245.78951035387982,"-0.38,0.79,0.04,8.91,-238.28,59.63",hong_jean,near_miss,(near miss) HJ motion_data.csv
2312,2026-07-27T13:21:29.710,92.53605,0.8794,-0.48,0.75,-0.29,-52.86,-33.57,48.89,0.9364827814754524,79.44404697647269,"-0.48,0.75,-0.29,-52.86,-33.57,48.89",hong_jean,near_miss,(near miss) HJ motion_data.csv
2313,2026-07-27T13:21:29.765,92.59151,55.4599,-0.49,0.8,-0.49,-91.43,53.53,12.82,1.0583950113261116,106.72046757768634,"-0.49,0.80,-0.49,-91.43,53.53,12.82",hong_jean,near_miss,(near miss) HJ motion_data.csv
2314,2026-07-27T13:21:29.825,92.651165,59.6553,-0.4,0.64,-0.53,-88.07,2.5,-23.32,0.922225568936364,91.13943877378223,"-0.40,0.64,-0.53,-88.07,2.50,-23.32",hong_jean,near_miss,(near miss) HJ motion_data.csv
2315,2026-07-27T13:21:29.946,92.771869,120.7039,-0.29,0.63,-0.39,-39.31,-71.66,-34.67,0.7956758133813042,88.78310988020188,"-0.29,0.63,-0.39,-39.31,-71.66,-34.67",hong_jean,near_miss,(near miss) HJ motion_data.csv
2316,2026-07-27T13:21:29.946,92.772407,0.5377,-0.16,0.82,-0.15,39.31,-95.09,-38.45,0.8488227141164401,109.8443749128739,"-0.16,0.82,-0.15,39.31,-95.09,-38.45",hong_jean,near_miss,(near miss) HJ motion_data.csv
2317,2026-07-27T13:21:29.947,92.772846,0.439,-0.15,1.01,0.01,76.66,-29.11,-67.75,1.0211268285575499,106.36827628574225,"-0.15,1.01,0.01,76.66,-29.11,-67.75",hong_jean,near_miss,(near miss) HJ motion_data.csv
2318,2026-07-27T13:21:30.305,93.131299,358.4528,-0.21,1.09,-0.01,42.91,62.62,-99.85,1.1100900864344299,125.42948218022747,"-0.21,1.09,-0.01,42.91,62.62,-99.85",hong_jean,near_miss,(near miss) HJ motion_data.csv
2319,2026-07-27T13:21:30.305,93.131613,0.3145,-0.11,1.03,-0.17,-4.03,31.92,-90.52,1.0497142468310126,96.06767250225228,"-0.11,1.03,-0.17,-4.03,31.92,-90.52",hong_jean,near_miss,(near miss) HJ motion_data.csv
2320,2026-07-27T13:21:30.306,93.131848,0.2346,0.01,1.05,-0.35,-26.98,-81.42,-48.71,1.106842355532169,98.63975314243238,"0.01,1.05,-0.35,-26.98,-81.42,-48.71",hong_jean,near_miss,(near miss) HJ motion_data.csv
2321,2026-07-27T13:21:30.307,93.132834,0.9866,-0.0,1.21,-0.46,-31.43,-154.85,0.73,1.294488315899375,158.00917789799425,"-0.00,1.21,-0.46,-31.43,-154.85,0.73",hong_jean,near_miss,(near miss) HJ motion_data.csv
2322,2026-07-27T13:21:30.308,93.133843,1.0084,-0.06,1.2,-0.4,2.62,-190.25,57.8,1.2663332894621384,198.85363185016257,"-0.06,1.20,-0.40,2.62,-190.25,57.80",hong_jean,near_miss,(near miss) HJ motion_data.csv
2323,2026-07-27T13:21:30.308,93.134675,0.8317,-0.06,0.81,-0.23,63.29,-140.32,84.29,0.8441563836162114,175.49965982873016,"-0.06,0.81,-0.23,63.29,-140.32,84.29",hong_jean,near_miss,(near miss) HJ motion_data.csv
2324,2026-07-27T13:21:30.309,93.135427,0.7528,-0.09,0.74,-0.2,83.07,-0.24,71.29,0.7718160402582989,109.46664606171142,"-0.09,0.74,-0.20,83.07,-0.24,71.29",hong_jean,near_miss,(near miss) HJ motion_data.csv
2325,2026-07-27T13:21:30.310,93.13616,0.7327,-0.29,1.38,-0.34,76.66,64.39,108.7,1.450551619212498,147.7786104278965,"-0.29,1.38,-0.34,76.66,64.39,108.70",hong_jean,near_miss,(near miss) HJ motion_data.csv
2326,2026-07-27T13:21:30.311,93.136993,0.833,-0.42,1.74,0.05,69.7,25.02,183.47,1.7906702655709676,197.85179124789343,"-0.42,1.74,0.05,69.70,25.02,183.47",hong_jean,near_miss,(near miss) HJ motion_data.csv
2327,2026-07-27T13:21:30.312,93.137853,0.86,-0.39,1.28,0.38,34.42,28.75,179.93,1.3910068296022131,185.43490448133005,"-0.39,1.28,0.38,34.42,28.75,179.93",hong_jean,near_miss,(near miss) HJ motion_data.csv
2328,2026-07-27T13:21:30.425,93.251488,113.635,-0.28,0.71,0.04,6.71,98.82,97.23,0.7642643521714199,138.79513464095203,"-0.28,0.71,0.04,6.71,98.82,97.23",hong_jean,near_miss,(near miss) HJ motion_data.csv
2329,2026-07-27T13:21:30.426,93.251888,0.4002,-0.26,0.51,-0.22,9.34,104.31,23.8,0.6132699242584785,107.39763358659259,"-0.26,0.51,-0.22,9.34,104.31,23.80",hong_jean,near_miss,(near miss) HJ motion_data.csv
2330,2026-07-27T13:21:30.547,93.372896,121.0081,-0.39,0.52,-0.21,20.08,2.2,0.06,0.6830812543175226,20.200247523235944,"-0.39,0.52,-0.21,20.08,2.20,0.06",hong_jean,near_miss,(near miss) HJ motion_data.csv
2331,2026-07-27T13:21:30.548,93.373955,1.0582,-0.38,0.68,-0.19,33.87,-103.21,-13.12,0.8018104514160439,109.41487741619054,"-0.38,0.68,-0.19,33.87,-103.21,-13.12",hong_jean,near_miss,(near miss) HJ motion_data.csv
2332,2026-07-27T13:21:30.548,93.37429,0.3354,-0.09,0.94,-0.38,43.03,-138.92,-52.86,1.0178899744078433,154.74019161161718,"-0.09,0.94,-0.38,43.03,-138.92,-52.86",hong_jean,near_miss,(near miss) HJ motion_data.csv
2333,2026-07-27T13:21:30.845,93.671066,296.7756,0.35,1.19,-0.62,31.25,-68.05,-112.67,1.3867227552759058,135.28449245940942,"0.35,1.19,-0.62,31.25,-68.05,-112.67",hong_jean,near_miss,(near miss) HJ motion_data.csv
2334,2026-07-27T13:21:30.845,93.671666,0.6,0.65,1.25,-0.64,43.09,84.66,-151.86,1.547449514523818,179.12432358560355,"0.65,1.25,-0.64,43.09,84.66,-151.86",hong_jean,near_miss,(near miss) HJ motion_data.csv
2335,2026-07-27T13:21:30.846,93.672307,0.6412,0.42,1.2,-0.47,88.07,144.41,-124.57,1.355470398053753,210.0672699398933,"0.42,1.20,-0.47,88.07,144.41,-124.57",hong_jean,near_miss,(near miss) HJ motion_data.csv
2336,2026-07-27T13:21:30.847,93.673113,0.8065,-0.17,1.32,-0.09,90.27,-43.21,-24.05,1.3339415279539055,102.92803068163697,"-0.17,1.32,-0.09,90.27,-43.21,-24.05",hong_jean,near_miss,(near miss) HJ motion_data.csv
2337,2026-07-27T13:21:30.847,93.673661,0.5473,-0.52,1.19,0.2,14.16,-277.95,72.88,1.3139634698118514,287.6946341174962,"-0.52,1.19,0.20,14.16,-277.95,72.88",hong_jean,near_miss,(near miss) HJ motion_data.csv
2338,2026-07-27T13:21:30.848,93.674453,0.7924,-0.58,0.79,0.02,-72.94,-235.41,88.81,0.9802550688468793,261.9643636069609,"-0.58,0.79,0.02,-72.94,-235.41,88.81",hong_jean,near_miss,(near miss) HJ motion_data.csv
2339,2026-07-27T13:21:30.850,93.676015,1.5617,-0.58,0.72,-0.32,-106.87,-81.79,67.32,0.9783659846908007,150.47519197528874,"-0.58,0.72,-0.32,-106.87,-81.79,67.32",hong_jean,near_miss,(near miss) HJ motion_data.csv
2340,2026-07-27T13:21:30.851,93.676782,0.7678,-0.61,0.8,-0.49,-100.59,-31.56,42.42,1.1190174261377703,113.63906942596812,"-0.61,0.80,-0.49,-100.59,-31.56,42.42",hong_jean,near_miss,(near miss) HJ motion_data.csv
2341,2026-07-27T13:21:30.965,93.791315,114.5327,-0.56,0.78,-0.47,-84.53,26.12,-4.09,1.0690650120549265,88.56807212534324,"-0.56,0.78,-0.47,-84.53,26.12,-4.09",hong_jean,near_miss,(near miss) HJ motion_data.csv
2342,2026-07-27T13:21:31.145,93.97168,180.3653,-0.38,0.78,-0.45,-65.25,100.71,-54.02,0.9773944955850734,131.59873479634976,"-0.38,0.78,-0.45,-65.25,100.71,-54.02",hong_jean,near_miss,(near miss) HJ motion_data.csv
2343,2026-07-27T13:21:31.146,93.972343,0.6625,-0.17,0.89,-0.44,-12.7,57.8,-66.53,1.007273547751553,89.0413999216095,"-0.17,0.89,-0.44,-12.70,57.80,-66.53",hong_jean,near_miss,(near miss) HJ motion_data.csv
2344,2026-07-27T13:21:31.147,93.973429,1.0859,-0.07,0.99,-0.33,62.56,-103.15,-34.06,1.0458967444255671,125.35453601685103,"-0.07,0.99,-0.33,62.56,-103.15,-34.06",hong_jean,near_miss,(near miss) HJ motion_data.csv
2345,2026-07-27T13:21:31.147,93.973685,0.2564,-0.14,1.01,-0.15,118.04,-230.71,3.42,1.030630874755846,259.17608319441825,"-0.14,1.01,-0.15,118.04,-230.71,3.42",hong_jean,near_miss,(near miss) HJ motion_data.csv
2346,2026-07-27T13:21:31.149,93.97511,1.4249,-0.19,0.98,-0.0,118.35,-239.44,3.17,0.9982484660644363,267.1109975272452,"-0.19,0.98,-0.00,118.35,-239.44,3.17",hong_jean,near_miss,(near miss) HJ motion_data.csv
2347,2026-07-27T13:21:31.149,93.975562,0.4519,-0.13,0.95,-0.11,41.32,-126.71,-42.3,0.9651424765287248,139.8286683766959,"-0.13,0.95,-0.11,41.32,-126.71,-42.30",hong_jean,near_miss,(near miss) HJ motion_data.csv
2348,2026-07-27T13:21:31.150,93.9764,0.8377,-0.08,0.93,-0.52,-54.81,-11.9,-76.72,1.0685036265731624,95.03528029105823,"-0.08,0.93,-0.52,-54.81,-11.90,-76.72",hong_jean,near_miss,(near miss) HJ motion_data.csv
2349,2026-07-27T13:21:31.265,94.091369,114.969,-0.07,0.94,-0.82,-81.12,-13.31,-54.63,1.24935983607606,98.70181052037496,"-0.07,0.94,-0.82,-81.12,-13.31,-54.63",hong_jean,near_miss,(near miss) HJ motion_data.csv
2350,2026-07-27T13:21:31.266,94.09178,0.4115,-0.07,1.06,-0.73,-24.96,-45.47,-5.68,1.2889530635364501,52.18031142107146,"-0.07,1.06,-0.73,-24.96,-45.47,-5.68",hong_jean,near_miss,(near miss) HJ motion_data.csv
2351,2026-07-27T13:21:31.385,94.211341,119.5607,-0.04,1.34,-0.32,22.46,35.03,20.51,1.3782597723216043,46.39194542159232,"-0.04,1.34,-0.32,22.46,35.03,20.51",hong_jean,near_miss,(near miss) HJ motion_data.csv
2352,2026-07-27T13:21:31.386,94.212158,0.8166,0.01,1.6,-0.08,-5.62,160.52,41.2,1.602029962266624,165.8182583432838,"0.01,1.60,-0.08,-5.62,160.52,41.20",hong_jean,near_miss,(near miss) HJ motion_data.csv
2353,2026-07-27T13:21:31.386,94.212634,0.4763,-0.09,1.51,-0.25,-30.94,157.71,103.27,1.5331992695015217,191.03512923020207,"-0.09,1.51,-0.25,-30.94,157.71,103.27",hong_jean,near_miss,(near miss) HJ motion_data.csv
2354,2026-07-27T13:21:31.506,94.331805,119.1713,-0.55,1.2,-0.28,-40.95,51.57,189.88,1.3494072772888102,200.9745799846339,"-0.55,1.20,-0.28,-40.95,51.57,189.88",hong_jean,near_miss,(near miss) HJ motion_data.csv
2355,2026-07-27T13:21:31.506,94.332137,0.3323,-1.11,0.99,0.09,-66.16,34.85,235.47,1.4900671125825173,247.058270454563,"-1.11,0.99,0.09,-66.16,34.85,235.47",hong_jean,near_miss,(near miss) HJ motion_data.csv
2356,2026-07-27T13:21:31.507,94.3329,0.7628,-1.1,0.83,0.35,-54.99,126.59,187.5,1.4217594733287344,232.82005540760443,"-1.10,0.83,0.35,-54.99,126.59,187.50",hong_jean,near_miss,(near miss) HJ motion_data.csv
2357,2026-07-27T13:21:31.745,94.57134,238.4398,-0.54,0.76,0.17,-12.33,141.17,78.31,0.9476813810558905,161.90569446440108,"-0.54,0.76,0.17,-12.33,141.17,78.31",hong_jean,near_miss,(near miss) HJ motion_data.csv
2358,2026-07-27T13:21:31.746,94.571903,0.5629,-0.07,0.76,-0.04,15.56,75.68,-1.65,0.7642643521714199,77.28064764221376,"-0.07,0.76,-0.04,15.56,75.68,-1.65",hong_jean,near_miss,(near miss) HJ motion_data.csv
2359,2026-07-27T13:21:31.746,94.572569,0.6659,-0.04,0.67,-0.08,16.11,32.29,-24.48,0.6759437846448476,43.60557991817102,"-0.04,0.67,-0.08,16.11,32.29,-24.48",hong_jean,near_miss,(near miss) HJ motion_data.csv
2360,2026-07-27T13:21:31.864,94.690651,118.082,-0.17,0.57,-0.09,19.1,16.24,-41.14,0.6015812497078012,48.17724774206181,"-0.17,0.57,-0.09,19.10,16.24,-41.14",hong_jean,near_miss,(near miss) HJ motion_data.csv
2361,2026-07-27T13:21:31.865,94.690992,0.3407,-0.08,0.69,-0.06,35.03,23.44,-70.43,0.6972087205421343,82.0787390254017,"-0.08,0.69,-0.06,35.03,23.44,-70.43",hong_jean,near_miss,(near miss) HJ motion_data.csv
2362,2026-07-27T13:21:31.868,94.694005,3.013,0.21,0.96,-0.13,44.68,23.44,-83.25,0.9912618221237011,97.34628138763186,"0.21,0.96,-0.13,44.68,23.44,-83.25",hong_jean,near_miss,(near miss) HJ motion_data.csv
2363,2026-07-27T13:21:31.868,94.694522,0.5174,0.4,1.11,-0.34,60.49,-36.44,-65.12,1.2278843593759146,96.06002342285785,"0.40,1.11,-0.34,60.49,-36.44,-65.12",hong_jean,near_miss,(near miss) HJ motion_data.csv
2364,2026-07-27T13:21:31.869,94.694797,0.275,0.29,1.14,-0.31,86.73,-114.69,-15.69,1.2164703037887936,144.6446165607279,"0.29,1.14,-0.31,86.73,-114.69,-15.69",hong_jean,near_miss,(near miss) HJ motion_data.csv
2365,2026-07-27T13:21:31.869,94.695289,0.4921,-0.01,1.22,-0.12,82.76,-105.96,29.42,1.2259282197584,137.63093983548902,"-0.01,1.22,-0.12,82.76,-105.96,29.42",hong_jean,near_miss,(near miss) HJ motion_data.csv
2366,2026-07-27T13:21:32.105,94.930835,235.5458,-0.3,1.28,-0.08,19.29,-74.65,39.55,1.3171180660821566,86.65407722663717,"-0.30,1.28,-0.08,19.29,-74.65,39.55",hong_jean,near_miss,(near miss) HJ motion_data.csv
2367,2026-07-27T13:21:32.106,94.932072,1.2374,-0.49,1.07,-0.26,-43.46,-144.23,31.31,1.20523856559604,153.85506361507896,"-0.49,1.07,-0.26,-43.46,-144.23,31.31",hong_jean,near_miss,(near miss) HJ motion_data.csv
2368,2026-07-27T13:21:32.106,94.932292,0.2199,-0.53,0.86,-0.45,-14.22,-259.28,13.55,1.1058933040759402,260.02293994953595,"-0.53,0.86,-0.45,-14.22,-259.28,13.55",hong_jean,near_miss,(near miss) HJ motion_data.csv
2369,2026-07-27T13:21:32.107,94.933048,0.7556,-0.45,0.8,-0.37,80.14,-292.11,-13.31,0.9896464014990406,303.1960220715305,"-0.45,0.80,-0.37,80.14,-292.11,-13.31",hong_jean,near_miss,(near miss) HJ motion_data.csv
2370,2026-07-27T13:21:32.107,94.933567,0.5189,-0.34,0.78,-0.17,136.05,-244.08,-19.17,0.8676981041814026,280.09308774048674,"-0.34,0.78,-0.17,136.05,-244.08,-19.17",hong_jean,near_miss,(near miss) HJ motion_data.csv
2371,2026-07-27T13:21:32.108,94.934217,0.6503,-0.28,0.83,-0.13,131.77,-225.71,16.6,0.8855506761332183,261.8852745001139,"-0.28,0.83,-0.13,131.77,-225.71,16.60",hong_jean,near_miss,(near miss) HJ motion_data.csv
2372,2026-07-27T13:21:32.109,94.935524,1.3067,-0.26,0.87,-0.28,108.4,-243.29,60.61,0.9502105029939418,273.1559192109884,"-0.26,0.87,-0.28,108.40,-243.29,60.61",hong_jean,near_miss,(near miss) HJ motion_data.csv
2373,2026-07-27T13:21:32.526,95.352202,416.6788,-0.27,0.89,-0.41,43.27,-162.66,56.7,1.0164152694642086,177.61041213847795,"-0.27,0.89,-0.41,43.27,-162.66,56.70",hong_jean,near_miss,(near miss) HJ motion_data.csv
2374,2026-07-27T13:21:32.527,95.352839,0.6365,-0.23,0.87,-0.45,-7.26,-74.58,20.69,1.0061312041677268,77.73647856701511,"-0.23,0.87,-0.45,-7.26,-74.58,20.69",hong_jean,near_miss,(near miss) HJ motion_data.csv
2375,2026-07-27T13:21:32.527,95.35331,0.4712,-0.14,0.81,-0.44,-48.89,-15.38,-1.65,0.9323625904121208,51.27864077761812,"-0.14,0.81,-0.44,-48.89,-15.38,-1.65",hong_jean,near_miss,(near miss) HJ motion_data.csv
2376,2026-07-27T13:21:32.527,95.353652,0.3416,-0.13,0.81,-0.49,-61.83,-21.42,12.27,0.9555626614722867,66.5756577136118,"-0.13,0.81,-0.49,-61.83,-21.42,12.27",hong_jean,near_miss,(near miss) HJ motion_data.csv
2377,2026-07-27T13:21:32.528,95.354359,0.7077,-0.2,0.89,-0.53,-38.76,-56.88,44.8,1.0549881515922348,82.12619557729434,"-0.20,0.89,-0.53,-38.76,-56.88,44.80",hong_jean,near_miss,(near miss) HJ motion_data.csv
2378,2026-07-27T13:21:32.529,95.355011,0.6514,-0.2,0.99,-0.56,0.61,-106.38,71.53,1.1548592987892508,128.19367145066093,"-0.20,0.99,-0.56,0.61,-106.38,71.53",hong_jean,near_miss,(near miss) HJ motion_data.csv
2379,2026-07-27T13:21:32.529,95.355655,0.6441,-0.02,1.08,-0.74,43.09,-156.13,86.12,1.3093509842666327,183.43930712908835,"-0.02,1.08,-0.74,43.09,-156.13,86.12",hong_jean,near_miss,(near miss) HJ motion_data.csv
2380,2026-07-27T13:21:32.530,95.356354,0.6991,0.15,1.15,-0.81,101.32,-128.11,95.52,1.4146024176424978,189.2141244727782,"0.15,1.15,-0.81,101.32,-128.11,95.52",hong_jean,near_miss,(near miss) HJ motion_data.csv
2381,2026-07-27T13:21:32.531,95.357069,0.7146,0.01,1.25,-0.55,155.15,-23.5,86.43,1.3656866404852908,179.14775298618736,"0.01,1.25,-0.55,155.15,-23.50,86.43",hong_jean,near_miss,(near miss) HJ motion_data.csv
2382,2026-07-27T13:21:32.532,95.357833,0.7641,-0.26,1.28,0.01,170.84,-2.26,58.84,1.306177629574171,180.70295736373546,"-0.26,1.28,0.01,170.84,-2.26,58.84",hong_jean,near_miss,(near miss) HJ motion_data.csv
2383,2026-07-27T13:21:32.585,95.411208,53.3749,-0.31,1.02,0.09,135.38,-153.5,38.57,1.0698598038995577,208.2729922481549,"-0.31,1.02,0.09,135.38,-153.50,38.57",hong_jean,near_miss,(near miss) HJ motion_data.csv
2384,2026-07-27T13:21:32.646,95.472111,60.9035,-0.33,0.77,-0.04,53.65,-381.71,24.72,0.8386894538504702,386.2537054838439,"-0.33,0.77,-0.04,53.65,-381.71,24.72",hong_jean,near_miss,(near miss) HJ motion_data.csv
2385,2026-07-27T13:21:32.765,95.591494,119.3824,-0.19,0.66,-0.21,-12.08,-480.22,-10.01,0.718192174839019,480.47619597645,"-0.19,0.66,-0.21,-12.08,-480.22,-10.01",hong_jean,near_miss,(near miss) HJ motion_data.csv
2386,2026-07-27T13:21:32.766,95.592178,0.684,0.02,0.65,-0.13,-14.28,-326.29,-43.88,0.6631741852635702,329.53685211217277,"0.02,0.65,-0.13,-14.28,-326.29,-43.88",hong_jean,near_miss,(near miss) HJ motion_data.csv
2387,2026-07-27T13:21:32.767,95.592778,0.6005,0.07,0.64,0.01,7.08,-79.59,-30.82,0.6438944012802099,85.64208603251092,"0.07,0.64,0.01,7.08,-79.59,-30.82",hong_jean,near_miss,(near miss) HJ motion_data.csv
2388,2026-07-27T13:21:32.767,95.593593,0.8147,-0.16,0.67,-0.06,1.1,62.01,22.16,0.6914477565225012,65.85981855425962,"-0.16,0.67,-0.06,1.10,62.01,22.16",hong_jean,near_miss,(near miss) HJ motion_data.csv
2389,2026-07-27T13:21:33.065,95.890804,297.2116,-0.59,0.78,-0.29,-33.94,70.13,71.41,1.0200980345045274,105.68599055693237,"-0.59,0.78,-0.29,-33.94,70.13,71.41",hong_jean,near_miss,(near miss) HJ motion_data.csv
2390,2026-07-27T13:21:33.066,95.892089,1.285,-1.03,0.91,-0.54,-62.93,-23.5,74.95,1.476685477683044,100.64759013508471,"-1.03,0.91,-0.54,-62.93,-23.50,74.95",hong_jean,near_miss,(near miss) HJ motion_data.csv
2391,2026-07-27T13:21:33.067,95.892953,0.8638,-1.02,0.94,-0.56,-60.61,-129.33,21.67,1.4958609561052123,144.46248613394414,"-1.02,0.94,-0.56,-60.61,-129.33,21.67",hong_jean,near_miss,(near miss) HJ motion_data.csv
2392,2026-07-27T13:21:33.125,95.951586,58.6332,-0.49,0.93,-0.32,-35.46,-145.87,-28.87,1.0988175462741756,152.86904657254848,"-0.49,0.93,-0.32,-35.46,-145.87,-28.87",hong_jean,near_miss,(near miss) HJ motion_data.csv
2393,2026-07-27T13:21:33.126,95.952215,0.6282,-0.19,1.03,-0.22,-3.36,-40.34,-12.7,1.070233619356073,42.425171773370586,"-0.19,1.03,-0.22,-3.36,-40.34,-12.70",hong_jean,near_miss,(near miss) HJ motion_data.csv
2394,2026-07-27T13:21:33.127,95.952936,0.7211,-0.21,1.15,-0.3,13.31,85.57,28.81,1.206896847290604,91.26553073313056,"-0.21,1.15,-0.30,13.31,85.57,28.81",hong_jean,near_miss,(near miss) HJ motion_data.csv
2395,2026-07-27T13:21:33.127,95.953192,0.2565,-0.17,1.12,-0.17,23.8,117.68,55.79,1.145512985522207,132.39164059713136,"-0.17,1.12,-0.17,23.80,117.68,55.79",hong_jean,near_miss,(near miss) HJ motion_data.csv
2396,2026-07-27T13:21:33.128,95.953758,0.5656,-0.15,1.05,0.1,29.42,116.52,67.75,1.065363787633126,137.9583607470022,"-0.15,1.05,0.10,29.42,116.52,67.75",hong_jean,near_miss,(near miss) HJ motion_data.csv
2397,2026-07-27T13:21:33.128,95.954332,0.5747,-0.28,0.99,0.17,10.5,118.16,52.67,1.0427847332982967,129.79277522266023,"-0.28,0.99,0.17,10.50,118.16,52.67",hong_jean,near_miss,(near miss) HJ motion_data.csv
2398,2026-07-27T13:21:33.185,96.01136,57.0277,-0.3,0.9,-0.01,-11.54,64.88,28.63,0.9487360012142472,71.84888934423412,"-0.30,0.90,-0.01,-11.54,64.88,28.63",hong_jean,near_miss,(near miss) HJ motion_data.csv
2399,2026-07-27T13:21:33.245,96.071291,59.9307,-0.11,0.88,-0.19,-25.02,-31.92,19.47,0.9069729874698584,44.988528537839514,"-0.11,0.88,-0.19,-25.02,-31.92,19.47",hong_jean,near_miss,(near miss) HJ motion_data.csv
2400,2026-07-27T13:21:33.246,96.071931,0.6402,0.05,0.92,-0.21,-30.21,-95.58,21.0,0.944986772394196,102.41670029834,"0.05,0.92,-0.21,-30.21,-95.58,21.00",hong_jean,near_miss,(near miss) HJ motion_data.csv
2401,2026-07-27T13:21:33.366,96.191793,119.8617,-0.07,0.98,-0.14,-20.45,-87.16,25.02,0.9924212815130478,92.95734774615721,"-0.07,0.98,-0.14,-20.45,-87.16,25.02",hong_jean,near_miss,(near miss) HJ motion_data.csv
2402,2026-07-27T13:21:33.367,96.192763,0.9702,-0.32,1.0,-0.11,-7.81,-39.79,29.85,1.0556988206870368,50.35139223497202,"-0.32,1.00,-0.11,-7.81,-39.79,29.85",hong_jean,near_miss,(near miss) HJ motion_data.csv
2403,2026-07-27T13:21:33.367,96.192884,0.1213,-0.4,0.92,-0.17,-11.96,-12.27,28.63,1.0174969287422937,33.36572193134745,"-0.40,0.92,-0.17,-11.96,-12.27,28.63",hong_jean,near_miss,(near miss) HJ motion_data.csv
2404,2026-07-27T13:21:33.426,96.251809,58.9245,-0.27,0.88,-0.27,-24.72,-20.87,16.6,0.9592705562040357,36.36200352015823,"-0.27,0.88,-0.27,-24.72,-20.87,16.60",hong_jean,near_miss,(near miss) HJ motion_data.csv
2405,2026-07-27T13:21:33.728,96.553877,302.0685,-0.16,0.91,-0.35,-27.77,-39.86,1.46,0.9880283396745257,48.601688242282286,"-0.16,0.91,-0.35,-27.77,-39.86,1.46",hong_jean,near_miss,(near miss) HJ motion_data.csv
2406,2026-07-27T13:21:33.728,96.554325,0.4482,-0.15,0.99,-0.39,-17.03,-57.07,-2.56,1.074569681314339,59.61173877685502,"-0.15,0.99,-0.39,-17.03,-57.07,-2.56",hong_jean,near_miss,(near miss) HJ motion_data.csv
2407,2026-07-27T13:21:34.085,96.911437,357.1115,-0.2,1.04,-0.5,-1.83,-75.93,6.23,1.171153277756588,76.20713024382955,"-0.20,1.04,-0.50,-1.83,-75.93,6.23",hong_jean,near_miss,(near miss) HJ motion_data.csv
2408,2026-07-27T13:21:34.086,96.912378,0.9409,-0.17,1.1,-0.67,21.61,-145.08,30.09,1.2991535705989496,149.73512146453817,"-0.17,1.10,-0.67,21.61,-145.08,30.09",hong_jean,near_miss,(near miss) HJ motion_data.csv
2409,2026-07-27T13:21:34.087,96.913,0.6225,0.03,1.24,-0.63,67.26,-238.77,46.87,1.3911865439257238,252.45161397780765,"0.03,1.24,-0.63,67.26,-238.77,46.87",hong_jean,near_miss,(near miss) HJ motion_data.csv
2410,2026-07-27T13:21:34.087,96.91357,0.5692,0.23,1.37,-0.32,127.01,-225.28,25.39,1.4255525244620066,259.8600981297437,"0.23,1.37,-0.32,127.01,-225.28,25.39",hong_jean,near_miss,(near miss) HJ motion_data.csv
2411,2026-07-27T13:21:34.088,96.913885,0.3152,0.29,1.36,0.11,167.66,-124.15,-13.12,1.3949193525075205,209.03404626997968,"0.29,1.36,0.11,167.66,-124.15,-13.12",hong_jean,near_miss,(near miss) HJ motion_data.csv
2412,2026-07-27T13:21:34.088,96.914138,0.2529,0.11,1.16,0.31,134.58,-105.96,-43.76,1.2057362895757928,176.78867497665115,"0.11,1.16,0.31,134.58,-105.96,-43.76",hong_jean,near_miss,(near miss) HJ motion_data.csv
2413,2026-07-27T13:21:34.088,96.914715,0.5772,-0.21,0.9,0.16,46.26,-187.19,-71.96,0.9379232377972091,205.81138282417714,"-0.21,0.90,0.16,46.26,-187.19,-71.96",hong_jean,near_miss,(near miss) HJ motion_data.csv
2414,2026-07-27T13:21:34.089,96.915561,0.8464,-0.27,0.7,0.02,7.02,-203.8,-85.08,0.7505331438384316,220.9577489023637,"-0.27,0.70,0.02,7.02,-203.80,-85.08",hong_jean,near_miss,(near miss) HJ motion_data.csv
2415,2026-07-27T13:21:34.090,96.916438,0.8766,-0.19,0.6,0.01,25.45,-123.72,-63.6,0.6294441992742487,141.418884523956,"-0.19,0.60,0.01,25.45,-123.72,-63.60",hong_jean,near_miss,(near miss) HJ motion_data.csv
2416,2026-07-27T13:21:34.091,96.917735,1.2968,-0.18,0.6,-0.01,31.68,-50.42,-19.35,0.6264982043070834,62.61167063735004,"-0.18,0.60,-0.01,31.68,-50.42,-19.35",hong_jean,near_miss,(near miss) HJ motion_data.csv
2417,2026-07-27T13:21:34.385,97.211343,293.6087,-0.25,0.65,-0.06,7.63,-22.09,26.18,0.6989992846920517,35.09383706578692,"-0.25,0.65,-0.06,7.63,-22.09,26.18",hong_jean,near_miss,(near miss) HJ motion_data.csv
2418,2026-07-27T13:21:34.386,97.211841,0.498,-0.42,0.75,-0.16,-29.91,-29.91,56.4,0.8743569065318807,70.49947659380175,"-0.42,0.75,-0.16,-29.91,-29.91,56.40",hong_jean,near_miss,(near miss) HJ motion_data.csv
2419,2026-07-27T13:21:34.386,97.212483,0.6412,-0.6,0.87,-0.32,-56.76,-56.82,62.07,1.1042191811411357,101.50317679757615,"-0.60,0.87,-0.32,-56.76,-56.82,62.07",hong_jean,near_miss,(near miss) HJ motion_data.csv
2420,2026-07-27T13:21:34.387,97.213043,0.5609,-0.8,0.96,-0.46,-56.88,-73.49,42.24,1.3316155601373845,102.08002791927518,"-0.80,0.96,-0.46,-56.88,-73.49,42.24",hong_jean,near_miss,(near miss) HJ motion_data.csv
2421,2026-07-27T13:21:34.387,97.213434,0.391,-0.74,0.96,-0.33,-39.18,-65.31,7.02,1.2562245022288014,76.48365119422581,"-0.74,0.96,-0.33,-39.18,-65.31,7.02",hong_jean,near_miss,(near miss) HJ motion_data.csv
2422,2026-07-27T13:21:34.388,97.214288,0.8535,-0.32,1.01,-0.15,-27.1,-29.54,-6.29,1.0700467279516348,40.57814313149383,"-0.32,1.01,-0.15,-27.10,-29.54,-6.29",hong_jean,near_miss,(near miss) HJ motion_data.csv
2423,2026-07-27T13:21:34.389,97.214953,0.6653,-0.04,1.16,-0.22,-38.82,13.0,20.26,1.1813551540497886,45.67778453471666,"-0.04,1.16,-0.22,-38.82,13.00,20.26",hong_jean,near_miss,(near miss) HJ motion_data.csv
2424,2026-07-27T13:21:34.390,97.215972,1.0186,-0.04,1.19,-0.26,-33.45,44.86,52.67,1.2187288459702592,76.84693227448966,"-0.04,1.19,-0.26,-33.45,44.86,52.67",hong_jean,near_miss,(near miss) HJ motion_data.csv
2425,2026-07-27T13:21:34.391,97.216994,1.0218,-0.07,1.08,-0.07,19.47,85.75,67.26,1.0845275469069469,110.70705036265757,"-0.07,1.08,-0.07,19.47,85.75,67.26",hong_jean,near_miss,(near miss) HJ motion_data.csv
2426,2026-07-27T13:21:34.391,97.217592,0.598,-0.16,0.95,0.18,49.26,111.69,59.88,0.9800510190801293,135.96623882420224,"-0.16,0.95,0.18,49.26,111.69,59.88",hong_jean,near_miss,(near miss) HJ motion_data.csv
2427,2026-07-27T13:21:34.392,97.218013,0.4212,-0.33,0.92,0.28,31.86,85.39,38.57,1.0167103815738285,98.9654313384224,"-0.33,0.92,0.28,31.86,85.39,38.57",hong_jean,near_miss,(near miss) HJ motion_data.csv
2428,2026-07-27T13:21:34.392,97.218723,0.7105,-0.32,0.97,0.19,9.89,-2.75,16.6,1.0389417693018217,19.51754595229636,"-0.32,0.97,0.19,9.89,-2.75,16.60",hong_jean,near_miss,(near miss) HJ motion_data.csv
2429,2026-07-27T13:21:34.393,97.219724,1.0004,-0.09,0.99,-0.01,-3.17,-115.66,-13.31,0.9941327879111522,116.46647843907705,"-0.09,0.99,-0.01,-3.17,-115.66,-13.31",hong_jean,near_miss,(near miss) HJ motion_data.csv
2430,2026-07-27T13:21:34.446,97.27188,52.1561,0.08,0.96,-0.15,-1.77,-171.45,-35.22,0.9749358953285082,175.03909220514143,"0.08,0.96,-0.15,-1.77,-171.45,-35.22",hong_jean,near_miss,(near miss) HJ motion_data.csv
2431,2026-07-27T13:21:34.625,97.451422,179.542,-0.06,0.92,-0.11,15.99,-139.28,-21.55,0.9284934033152847,141.84146431844252,"-0.06,0.92,-0.11,15.99,-139.28,-21.55",hong_jean,near_miss,(near miss) HJ motion_data.csv
2432,2026-07-27T13:21:34.625,97.451736,0.3139,-0.38,0.91,-0.01,33.26,-53.16,8.48,0.9862048468751308,63.2781447262797,"-0.38,0.91,-0.01,33.26,-53.16,8.48",hong_jean,near_miss,(near miss) HJ motion_data.csv
2433,2026-07-27T13:21:34.626,97.452148,0.4119,-0.51,0.89,-0.03,22.52,7.39,31.56,1.0262066068779716,39.46892575178605,"-0.51,0.89,-0.03,22.52,7.39,31.56",hong_jean,near_miss,(near miss) HJ motion_data.csv
2434,2026-07-27T13:21:34.627,97.452935,0.7874,-0.38,0.88,-0.19,-11.96,5.13,42.85,0.9771898484941398,44.78259706627118,"-0.38,0.88,-0.19,-11.96,5.13,42.85",hong_jean,near_miss,(near miss) HJ motion_data.csv
2435,2026-07-27T13:21:34.685,97.511374,58.4389,-0.19,0.87,-0.35,-32.47,-20.81,42.18,0.9568176419778223,57.15338485164286,"-0.19,0.87,-0.35,-32.47,-20.81,42.18",hong_jean,near_miss,(near miss) HJ motion_data.csv
2436,2026-07-27T13:21:34.746,97.571909,60.5352,-0.14,0.93,-0.45,-23.62,-23.25,37.48,1.0425929215182694,50.032162655635815,"-0.14,0.93,-0.45,-23.62,-23.25,37.48",hong_jean,near_miss,(near miss) HJ motion_data.csv
2437,2026-07-27T13:21:34.746,97.572379,0.47,-0.22,1.03,-0.46,-6.53,-0.55,30.52,1.149304137293519,31.215601868296563,"-0.22,1.03,-0.46,-6.53,-0.55,30.52",hong_jean,near_miss,(near miss) HJ motion_data.csv
2438,2026-07-27T13:21:35.345,98.170926,598.547,-0.25,1.03,-0.42,4.7,-0.18,21.36,1.1400877159236475,21.87171689648529,"-0.25,1.03,-0.42,4.70,-0.18,21.36",hong_jean,near_miss,(near miss) HJ motion_data.csv
2439,2026-07-27T13:21:35.345,98.171635,0.7088,-0.16,1.02,-0.44,20.26,-26.12,16.78,1.122319027727856,37.071422956234095,"-0.16,1.02,-0.44,20.26,-26.12,16.78",hong_jean,near_miss,(near miss) HJ motion_data.csv
2440,2026-07-27T13:21:35.346,98.171869,0.2338,-0.01,1.08,-0.55,59.57,-26.86,17.4,1.2120231020900551,67.62251474176334,"-0.01,1.08,-0.55,59.57,-26.86,17.40",hong_jean,near_miss,(near miss) HJ motion_data.csv
2441,2026-07-27T13:21:35.347,98.172893,1.0247,-0.04,1.23,-0.55,111.45,12.57,23.99,1.3479614237803692,114.69362449587162,"-0.04,1.23,-0.55,111.45,12.57,23.99",hong_jean,near_miss,(near miss) HJ motion_data.csv
2442,2026-07-27T13:21:35.347,98.173544,0.6507,-0.2,1.37,-0.36,140.69,34.61,34.12,1.4305593311708538,148.8479176878199,"-0.20,1.37,-0.36,140.69,34.61,34.12",hong_jean,near_miss,(near miss) HJ motion_data.csv
2443,2026-07-27T13:21:35.348,98.174342,0.798,-0.06,1.33,-0.08,133.0,-41.38,41.02,1.3337541002748596,145.20311566905167,"-0.06,1.33,-0.08,133.00,-41.38,41.02",hong_jean,near_miss,(near miss) HJ motion_data.csv
2444,2026-07-27T13:21:35.349,98.175073,0.7308,0.29,1.1,0.08,100.04,-160.22,31.01,1.140394668524893,191.41596093325134,"0.29,1.10,0.08,100.04,-160.22,31.01",hong_jean,near_miss,(near miss) HJ motion_data.csv
2445,2026-07-27T13:21:35.350,98.175842,0.7691,0.27,0.86,-0.07,59.33,-188.11,-5.31,0.9041017641836564,197.31603356037746,"0.27,0.86,-0.07,59.33,-188.11,-5.31",hong_jean,near_miss,(near miss) HJ motion_data.csv
2446,2026-07-27T13:21:35.350,98.176666,0.8236,-0.02,0.73,-0.21,-51.7,-154.36,-54.75,0.7598684096605148,171.74825210173174,"-0.02,0.73,-0.21,-51.70,-154.36,-54.75",hong_jean,near_miss,(near miss) HJ motion_data.csv
2447,2026-07-27T13:21:35.351,98.17747,0.8042,-0.1,0.69,-0.14,-44.49,-127.01,-39.55,0.7111258679024409,140.26796747654114,"-0.10,0.69,-0.14,-44.49,-127.01,-39.55",hong_jean,near_miss,(near miss) HJ motion_data.csv
2448,2026-07-27T13:21:35.352,98.1786,1.1301,-0.03,0.69,-0.09,-10.31,-51.7,-3.97,0.6964912059746339,52.867258298497006,"-0.03,0.69,-0.09,-10.31,-51.70,-3.97",hong_jean,near_miss,(near miss) HJ motion_data.csv
2449,2026-07-27T13:21:35.353,98.179377,0.7771,-0.07,0.71,-0.1,17.94,31.62,38.27,0.720416546173115,52.78504428339527,"-0.07,0.71,-0.10,17.94,31.62,38.27",hong_jean,near_miss,(near miss) HJ motion_data.csv
2450,2026-07-27T13:21:35.354,98.180306,0.9293,-0.16,0.75,-0.23,29.54,68.79,64.76,0.8006247560499238,98.9875411352358,"-0.16,0.75,-0.23,29.54,68.79,64.76",hong_jean,near_miss,(near miss) HJ motion_data.csv
2451,2026-07-27T13:21:35.354,98.180728,0.4211,-0.25,0.82,-0.42,7.2,41.69,60.73,0.9546203433826455,74.01370818976712,"-0.25,0.82,-0.42,7.20,41.69,60.73",hong_jean,near_miss,(near miss) HJ motion_data.csv
2452,2026-07-27T13:21:35.356,98.181803,1.0755,-0.46,0.94,-0.59,-44.31,-46.45,29.36,1.2013742131409346,70.59028403399437,"-0.46,0.94,-0.59,-44.31,-46.45,29.36",hong_jean,near_miss,(near miss) HJ motion_data.csv
2453,2026-07-27T13:21:35.357,98.18313,1.3267,-0.61,1.0,-0.64,-68.42,-93.2,-7.26,1.3348033563038415,115.84577678966117,"-0.61,1.00,-0.64,-68.42,-93.20,-7.26",hong_jean,near_miss,(near miss) HJ motion_data.csv
2454,2026-07-27T13:21:35.406,98.232396,49.2662,-0.38,0.99,-0.44,-39.37,-6.71,-22.52,1.1480853626799707,45.8494427447052,"-0.38,0.99,-0.44,-39.37,-6.71,-22.52",hong_jean,near_miss,(near miss) HJ motion_data.csv
2455,2026-07-27T13:21:35.585,98.411574,179.1781,-0.03,1.09,-0.29,-7.51,76.17,-11.54,1.1283173312503891,77.40439651596026,"-0.03,1.09,-0.29,-7.51,76.17,-11.54",hong_jean,near_miss,(near miss) HJ motion_data.csv
2456,2026-07-27T13:21:35.705,98.531085,119.5107,0.04,1.13,-0.3,11.66,37.84,11.23,1.1698290473398238,41.15743067782537,"0.04,1.13,-0.30,11.66,37.84,11.23",hong_jean,near_miss,(near miss) HJ motion_data.csv
2457,2026-07-27T13:21:35.705,98.531667,0.5821,0.06,0.99,0.01,60.67,-12.27,21.97,0.9918669265581951,65.68167704923498,"0.06,0.99,0.01,60.67,-12.27,21.97",hong_jean,near_miss,(near miss) HJ motion_data.csv
2458,2026-07-27T13:21:35.707,98.532995,1.3283,-0.01,0.95,0.12,100.83,-0.31,12.39,0.957601169589929,101.58886307071263,"-0.01,0.95,0.12,100.83,-0.31,12.39",hong_jean,near_miss,(near miss) HJ motion_data.csv
2459,2026-07-27T13:21:35.707,98.533502,0.5074,-0.12,1.0,0.01,58.11,7.2,7.39,1.0072239075796403,59.018846142567035,"-0.12,1.00,0.01,58.11,7.20,7.39",hong_jean,near_miss,(near miss) HJ motion_data.csv
2460,2026-07-27T13:21:35.708,98.534222,0.72,-0.13,1.02,-0.21,-15.2,-29.36,20.94,1.0494760597555335,39.13480803581385,"-0.13,1.02,-0.21,-15.20,-29.36,20.94",hong_jean,near_miss,(near miss) HJ motion_data.csv
2461,2026-07-27T13:21:35.708,98.534625,0.4024,-0.12,0.92,-0.44,-39.43,-67.08,40.65,1.0268398122394748,87.78880224721146,"-0.12,0.92,-0.44,-39.43,-67.08,40.65",hong_jean,near_miss,(near miss) HJ motion_data.csv
2462,2026-07-27T13:21:35.825,98.651301,116.6761,-0.21,0.85,-0.45,-24.05,-67.38,50.11,0.9844287683728061,87.34688889708666,"-0.21,0.85,-0.45,-24.05,-67.38,50.11",hong_jean,near_miss,(near miss) HJ motion_data.csv
2463,2026-07-27T13:21:35.826,98.651876,0.5747,-0.27,0.87,-0.29,-9.34,-49.99,42.24,0.9559811713627,66.10940402091067,"-0.27,0.87,-0.29,-9.34,-49.99,42.24",hong_jean,near_miss,(near miss) HJ motion_data.csv
2464,2026-07-27T13:21:35.826,98.65243,0.5547,-0.16,0.89,-0.17,-13.79,-43.7,27.28,0.9201086892318755,53.329658727578604,"-0.16,0.89,-0.17,-13.79,-43.70,27.28",hong_jean,near_miss,(near miss) HJ motion_data.csv
2465,2026-07-27T13:21:35.885,98.711574,59.1441,-0.03,0.87,-0.18,-31.31,-40.95,17.46,0.8889319434017432,54.424904225914815,"-0.03,0.87,-0.18,-31.31,-40.95,17.46",hong_jean,near_miss,(near miss) HJ motion_data.csv
2466,2026-07-27T13:21:35.945,98.771275,59.7003,-0.05,0.87,-0.33,-37.6,-25.33,19.1,0.9318261640456336,49.19531380121485,"-0.05,0.87,-0.33,-37.60,-25.33,19.10",hong_jean,near_miss,(near miss) HJ motion_data.csv
2467,2026-07-27T13:21:35.946,98.771783,0.5087,-0.17,0.93,-0.45,-26.18,-15.69,30.03,1.0470434565957616,42.81786309474119,"-0.17,0.93,-0.45,-26.18,-15.69,30.03",hong_jean,near_miss,(near miss) HJ motion_data.csv
2468,2026-07-27T13:21:36.185,99.011617,239.8339,-0.26,1.05,-0.45,-14.65,-30.21,38.7,1.1715801295686097,51.23433028741569,"-0.26,1.05,-0.45,-14.65,-30.21,38.70",hong_jean,near_miss,(near miss) HJ motion_data.csv
2469,2026-07-27T13:21:36.186,99.011752,0.1345,-0.28,1.11,-0.47,-4.15,-49.99,38.09,1.2374974747448984,62.98468623403629,"-0.28,1.11,-0.47,-4.15,-49.99,38.09",hong_jean,near_miss,(near miss) HJ motion_data.csv
2470,2026-07-27T13:21:36.186,99.012321,0.5695,-0.1,1.02,-0.64,20.08,-65.86,33.02,1.2083045973594573,76.36141957821371,"-0.10,1.02,-0.64,20.08,-65.86,33.02",hong_jean,near_miss,(near miss) HJ motion_data.csv
2471,2026-07-27T13:21:36.187,99.012852,0.5304,0.31,0.98,-0.84,60.73,-74.22,25.82,1.3274411474713295,99.31472045975863,"0.31,0.98,-0.84,60.73,-74.22,25.82",hong_jean,near_miss,(near miss) HJ motion_data.csv
2472,2026-07-27T13:21:36.187,99.013671,0.8192,0.39,1.13,-0.6,86.18,-63.23,28.69,1.3375350462698163,110.67132148845066,"0.39,1.13,-0.60,86.18,-63.23,28.69",hong_jean,near_miss,(near miss) HJ motion_data.csv
2473,2026-07-27T13:21:36.190,99.015908,2.2373,0.13,1.21,-0.16,101.68,-54.44,36.87,1.227436352728727,121.0864686907666,"0.13,1.21,-0.16,101.68,-54.44,36.87",hong_jean,near_miss,(near miss) HJ motion_data.csv
2474,2026-07-27T13:21:36.365,99.191273,175.3649,0.04,1.11,0.02,112.79,-77.7,20.75,1.1109005356016353,138.52594197477958,"0.04,1.11,0.02,112.79,-77.70,20.75",hong_jean,near_miss,(near miss) HJ motion_data.csv
2475,2026-07-27T13:21:36.366,99.191918,0.6446,0.08,0.95,-0.05,89.72,-127.56,-5.49,0.9546727187890098,156.04926177332592,"0.08,0.95,-0.05,89.72,-127.56,-5.49",hong_jean,near_miss,(near miss) HJ motion_data.csv
2476,2026-07-27T13:21:36.367,99.192779,0.8617,0.09,0.78,-0.23,55.11,-163.51,-10.38,0.8181686867633104,172.85941281862551,"0.09,0.78,-0.23,55.11,-163.51,-10.38",hong_jean,near_miss,(near miss) HJ motion_data.csv
2477,2026-07-27T13:21:36.368,99.19392,1.1409,0.08,0.66,-0.3,31.68,-140.75,4.15,0.7293833011524188,144.3308955144393,"0.08,0.66,-0.30,31.68,-140.75,4.15",hong_jean,near_miss,(near miss) HJ motion_data.csv
2478,2026-07-27T13:21:36.368,99.194638,0.7176,0.06,0.65,-0.26,14.34,-74.22,24.23,0.7026378868236469,79.38096056360114,"0.06,0.65,-0.26,14.34,-74.22,24.23",hong_jean,near_miss,(near miss) HJ motion_data.csv
2479,2026-07-27T13:21:36.426,99.251857,57.2188,0.02,0.71,-0.23,-2.75,-17.4,40.34,0.7465922581972035,44.018610836781306,"0.02,0.71,-0.23,-2.75,-17.40,40.34",hong_jean,near_miss,(near miss) HJ motion_data.csv
2480,2026-07-27T13:21:36.485,99.311125,59.2677,-0.1,0.79,-0.33,-25.88,-9.58,48.46,0.861974477580398,55.76667822275234,"-0.10,0.79,-0.33,-25.88,-9.58,48.46",hong_jean,near_miss,(near miss) HJ motion_data.csv
2481,2026-07-27T13:21:36.485,99.311377,0.2528,-0.29,0.89,-0.59,-50.78,-65.73,48.58,1.106480908104609,96.22399752660456,"-0.29,0.89,-0.59,-50.78,-65.73,48.58",hong_jean,near_miss,(near miss) HJ motion_data.csv
2482,2026-07-27T13:21:36.545,99.371368,59.9907,-0.43,1.0,-0.64,-72.27,-138.0,40.47,1.262735126619989,160.9496001858967,"-0.43,1.00,-0.64,-72.27,-138.00,40.47",hong_jean,near_miss,(near miss) HJ motion_data.csv
2483,2026-07-27T13:21:36.725,99.551142,179.774,-0.25,1.05,-0.54,-92.35,-145.08,18.55,1.2068968472906043,172.9763897183659,"-0.25,1.05,-0.54,-92.35,-145.08,18.55",hong_jean,near_miss,(near miss) HJ motion_data.csv
2484,2026-07-27T13:21:36.725,99.55169,0.5482,0.08,1.1,-0.53,-88.75,-109.19,-0.49,1.2236421045387413,140.70983867519712,"0.08,1.10,-0.53,-88.75,-109.19,-0.49",hong_jean,near_miss,(near miss) HJ motion_data.csv
2485,2026-07-27T13:21:36.726,99.552,0.3103,0.13,1.11,-0.37,-61.83,-80.26,-3.66,1.1772425408555367,101.38053116846449,"0.13,1.11,-0.37,-61.83,-80.26,-3.66",hong_jean,near_miss,(near miss) HJ motion_data.csv
2486,2026-07-27T13:21:36.727,99.553046,1.0454,0.02,0.93,0.09,-70.86,-73.24,-18.37,0.9345587193964862,103.55044229746196,"0.02,0.93,0.09,-70.86,-73.24,-18.37",hong_jean,near_miss,(near miss) HJ motion_data.csv
2487,2026-07-27T13:21:36.728,99.553861,0.8154,-0.13,0.76,0.63,-117.49,-98.21,-45.35,0.9956907150315303,159.70512421334513,"-0.13,0.76,0.63,-117.49,-98.21,-45.35",hong_jean,near_miss,(near miss) HJ motion_data.csv
2488,2026-07-27T13:21:36.845,99.671652,117.7905,-0.21,0.84,0.69,-94.36,-109.37,-40.89,1.107158525234756,150.12527635278477,"-0.21,0.84,0.69,-94.36,-109.37,-40.89",hong_jean,near_miss,(near miss) HJ motion_data.csv
2489,2026-07-27T13:21:36.846,99.672345,0.6934,-0.27,1.09,0.29,14.83,-92.16,13.67,1.1597844627343479,94.3412073274452,"-0.27,1.09,0.29,14.83,-92.16,13.67",hong_jean,near_miss,(near miss) HJ motion_data.csv
2490,2026-07-27T13:21:36.847,99.672924,0.5788,-0.38,1.15,-0.04,91.49,-92.65,60.67,1.2118168178400561,143.64989209881085,"-0.38,1.15,-0.04,91.49,-92.65,60.67",hong_jean,near_miss,(near miss) HJ motion_data.csv
2491,2026-07-27T13:21:37.265,100.090955,418.031,-0.48,1.03,-0.09,84.96,-113.95,65.86,1.139912277326637,156.6535786377062,"-0.48,1.03,-0.09,84.96,-113.95,65.86",hong_jean,near_miss,(near miss) HJ motion_data.csv
2492,2026-07-27T13:21:37.265,100.091185,0.2304,-0.4,0.9,-0.02,33.75,-134.46,38.45,0.9850888284819801,143.86436876447206,"-0.40,0.90,-0.02,33.75,-134.46,38.45",hong_jean,near_miss,(near miss) HJ motion_data.csv
2493,2026-07-27T13:21:37.265,100.091387,0.2019,-0.2,0.9,0.03,-0.18,-149.84,-1.59,0.9224424101265076,149.84854387013576,"-0.20,0.90,0.03,-0.18,-149.84,-1.59",hong_jean,near_miss,(near miss) HJ motion_data.csv
2494,2026-07-27T13:21:37.266,100.092343,0.9558,-0.14,0.97,0.08,4.15,-152.65,-10.01,0.9833107342035883,153.03413050689053,"-0.14,0.97,0.08,4.15,-152.65,-10.01",hong_jean,near_miss,(near miss) HJ motion_data.csv
2495,2026-07-27T13:21:37.267,100.093341,0.9984,-0.27,0.97,0.13,15.56,-139.71,13.92,1.0152339631828715,141.26133264272997,"-0.27,0.97,0.13,15.56,-139.71,13.92",hong_jean,near_miss,(near miss) HJ motion_data.csv
2496,2026-07-27T13:21:37.268,100.094296,0.9543,-0.43,0.94,0.22,17.58,-119.81,34.0,1.0568348972285122,125.77556400191573,"-0.43,0.94,0.22,17.58,-119.81,34.00",hong_jean,near_miss,(near miss) HJ motion_data.csv
2497,2026-07-27T13:21:37.269,100.094766,0.4698,-0.43,0.92,0.31,21.97,-122.13,21.36,1.0617909398747007,125.9153183691325,"-0.43,0.92,0.31,21.97,-122.13,21.36",hong_jean,near_miss,(near miss) HJ motion_data.csv
2498,2026-07-27T13:21:37.269,100.095706,0.9409,-0.37,0.9,0.28,33.08,-147.4,-1.16,1.0125709851659783,151.07081783057905,"-0.37,0.90,0.28,33.08,-147.40,-1.16",hong_jean,near_miss,(near miss) HJ motion_data.csv
2499,2026-07-27T13:21:37.270,100.096499,0.7929,-0.37,0.94,0.12,39.67,-154.85,-0.43,1.0173003489628811,159.85123177504764,"-0.37,0.94,0.12,39.67,-154.85,-0.43",hong_jean,near_miss,(near miss) HJ motion_data.csv
2500,2026-07-27T13:21:37.271,100.09743,0.9304,-0.33,1.07,-0.06,43.88,-127.99,8.3,1.121338485917611,135.55731075821768,"-0.33,1.07,-0.06,43.88,-127.99,8.30",hong_jean,near_miss,(near miss) HJ motion_data.csv
2501,2026-07-27T13:21:37.272,100.098021,0.5914,-0.2,1.19,-0.15,61.77,-85.75,11.96,1.2159769734661918,106.35617988626707,"-0.20,1.19,-0.15,61.77,-85.75,11.96",hong_jean,near_miss,(near miss) HJ motion_data.csv
2502,2026-07-27T13:21:37.386,100.212231,114.2094,-0.06,1.12,-0.19,102.42,-35.71,20.51,1.13758516164725,110.38895143989728,"-0.06,1.12,-0.19,102.42,-35.71,20.51",hong_jean,near_miss,(near miss) HJ motion_data.csv
2503,2026-07-27T13:21:37.387,100.212929,0.6987,0.04,0.94,-0.24,161.19,19.78,30.03,0.9709788875150684,165.1522491521081,"0.04,0.94,-0.24,161.19,19.78,30.03",hong_jean,near_miss,(near miss) HJ motion_data.csv
2504,2026-07-27T13:21:37.445,100.271648,58.7188,0.14,0.87,-0.21,185.73,41.75,29.48,0.905869747811461,192.63376080012557,"0.14,0.87,-0.21,185.73,41.75,29.48",hong_jean,near_miss,(near miss) HJ motion_data.csv
2505,2026-07-27T13:21:37.446,100.272171,0.5234,0.15,0.9,-0.11,105.9,-23.86,25.02,0.9190212184710427,111.40067324751679,"0.15,0.90,-0.11,105.90,-23.86,25.02",hong_jean,near_miss,(near miss) HJ motion_data.csv
2506,2026-07-27T13:21:37.505,100.331664,59.4922,-0.03,0.94,-0.14,-7.69,-193.05,42.72,0.9508417323613851,197.86974756136928,"-0.03,0.94,-0.14,-7.69,-193.05,42.72",hong_jean,near_miss,(near miss) HJ motion_data.csv
2507,2026-07-27T13:21:37.565,100.391361,59.6977,-0.3,0.83,-0.19,-69.15,-367.55,48.03,0.9027735042633894,377.0697626434663,"-0.30,0.83,-0.19,-69.15,-367.55,48.03",hong_jean,near_miss,(near miss) HJ motion_data.csv
2508,2026-07-27T13:21:37.566,100.39194,0.5784,-0.39,0.65,-0.18,-77.76,-380.37,11.41,0.7791020472312982,388.40461197055834,"-0.39,0.65,-0.18,-77.76,-380.37,11.41",hong_jean,near_miss,(near miss) HJ motion_data.csv
2509,2026-07-27T13:21:37.745,100.571709,179.7697,-0.33,0.71,-0.23,-20.94,-187.68,24.29,0.8160269603389338,190.40028912793173,"-0.33,0.71,-0.23,-20.94,-187.68,24.29",hong_jean,near_miss,(near miss) HJ motion_data.csv
2510,2026-07-27T13:21:37.747,100.572815,1.1054,-0.28,0.87,-0.34,62.62,117.13,81.3,0.9751410154434076,155.72537140748773,"-0.28,0.87,-0.34,62.62,117.13,81.30",hong_jean,near_miss,(near miss) HJ motion_data.csv
2511,2026-07-27T13:21:37.748,100.573865,1.0497,-0.18,0.9,-0.5,95.15,356.45,81.05,1.0451794104363137,377.72903978910597,"-0.18,0.90,-0.50,95.15,356.45,81.05",hong_jean,near_miss,(near miss) HJ motion_data.csv
2512,2026-07-27T13:21:37.749,100.575126,1.2611,0.05,0.98,-0.67,51.39,360.84,18.25,1.1881919036923285,364.93766618424024,"0.05,0.98,-0.67,51.39,360.84,18.25",hong_jean,near_miss,(near miss) HJ motion_data.csv
2513,2026-07-27T13:21:37.925,100.751642,176.5165,0.27,1.06,-0.72,-29.54,169.19,-46.87,1.3095419046368848,178.02995422119278,"0.27,1.06,-0.72,-29.54,169.19,-46.87",hong_jean,near_miss,(near miss) HJ motion_data.csv
2514,2026-07-27T13:21:37.926,100.751809,0.1669,0.27,0.95,-0.59,-70.5,13.61,-68.36,1.1504347004502253,99.13915321405565,"0.27,0.95,-0.59,-70.50,13.61,-68.36",hong_jean,near_miss,(near miss) HJ motion_data.csv
2515,2026-07-27T13:21:37.927,100.753091,1.2824,0.09,0.79,-0.41,-44.07,9.89,-58.9,0.8945948803788226,74.2238977688453,"0.09,0.79,-0.41,-44.07,9.89,-58.90",hong_jean,near_miss,(near miss) HJ motion_data.csv
2516,2026-07-27T13:21:37.927,100.753422,0.3306,-0.08,0.71,-0.26,-5.13,63.23,-44.62,0.7603288762108145,77.55832772823302,"-0.08,0.71,-0.26,-5.13,63.23,-44.62",hong_jean,near_miss,(near miss) HJ motion_data.csv
2517,2026-07-27T13:21:37.928,100.753778,0.356,-0.26,0.78,-0.17,17.27,65.98,-23.25,0.8395832299420946,72.05675402070233,"-0.26,0.78,-0.17,17.27,65.98,-23.25",hong_jean,near_miss,(near miss) HJ motion_data.csv
2518,2026-07-27T13:21:37.985,100.811446,57.6679,-0.29,0.98,-0.06,38.33,-92.96,10.8,1.0237675517420934,101.13056165175786,"-0.29,0.98,-0.06,38.33,-92.96,10.80",hong_jean,near_miss,(near miss) HJ motion_data.csv
2519,2026-07-27T13:21:38.165,100.991335,179.8895,-0.18,1.13,-0.03,19.71,-92.96,-18.19,1.1446396812971318,96.75185682972703,"-0.18,1.13,-0.03,19.71,-92.96,-18.19",hong_jean,near_miss,(near miss) HJ motion_data.csv
2520,2026-07-27T13:21:38.166,100.992164,0.8286,-0.08,1.19,-0.31,-1.59,-110.78,-10.19,1.2323148948219362,111.25903379051968,"-0.08,1.19,-0.31,-1.59,-110.78,-10.19",hong_jean,near_miss,(near miss) HJ motion_data.csv
2521,2026-07-27T13:21:38.166,100.992254,0.0901,-0.04,1.13,-0.67,-13.79,-110.9,-5.55,1.3143059004660977,111.89180756427166,"-0.04,1.13,-0.67,-13.79,-110.90,-5.55",hong_jean,near_miss,(near miss) HJ motion_data.csv
2522,2026-07-27T13:21:38.167,100.992959,0.7044,-0.09,0.86,-0.75,-24.78,15.08,-72.81,1.144639681297132,78.37570350561455,"-0.09,0.86,-0.75,-24.78,15.08,-72.81",hong_jean,near_miss,(near miss) HJ motion_data.csv
2523,2026-07-27T13:21:38.168,100.993984,1.0254,-0.12,0.72,-0.65,-43.95,162.84,-144.9,0.9773944955850734,222.36114341314223,"-0.12,0.72,-0.65,-43.95,162.84,-144.90",hong_jean,near_miss,(near miss) HJ motion_data.csv
2524,2026-07-27T13:21:38.345,101.171508,177.5241,-0.1,0.84,-0.63,-43.46,187.07,-138.73,1.0547511554864493,236.9176426524627,"-0.10,0.84,-0.63,-43.46,187.07,-138.73",hong_jean,near_miss,(near miss) HJ motion_data.csv
2525,2026-07-27T13:21:38.346,101.17239,0.8816,-0.08,0.86,-0.6,-15.01,99.12,-67.5,1.0516653460107925,120.8566278695546,"-0.08,0.86,-0.60,-15.01,99.12,-67.50",hong_jean,near_miss,(near miss) HJ motion_data.csv
2526,2026-07-27T13:21:38.347,101.173135,0.7455,-0.09,0.81,-0.57,14.59,-11.84,13.0,0.9945350672550466,22.848494479943312,"-0.09,0.81,-0.57,14.59,-11.84,13.00",hong_jean,near_miss,(near miss) HJ motion_data.csv
2527,2026-07-27T13:21:38.347,101.173721,0.5859,-0.15,0.83,-0.55,34.91,-100.77,71.23,1.0069260151570223,128.24591182567966,"-0.15,0.83,-0.55,34.91,-100.77,71.23",hong_jean,near_miss,(near miss) HJ motion_data.csv
2528,2026-07-27T13:21:38.406,101.231809,58.0881,-0.19,0.92,-0.34,45.65,-151.18,87.46,0.9990495483208028,180.5230359261665,"-0.19,0.92,-0.34,45.65,-151.18,87.46",hong_jean,near_miss,(near miss) HJ motion_data.csv
2529,2026-07-27T13:21:38.406,101.232486,0.6766,-0.14,0.99,-0.23,34.06,-94.6,41.56,1.0259629622944486,108.79557527767385,"-0.14,0.99,-0.23,34.06,-94.60,41.56",hong_jean,near_miss,(near miss) HJ motion_data.csv
2530,2026-07-27T13:21:38.465,101.29094,58.454,-0.17,0.96,-0.28,2.75,24.66,-21.12,1.014347080638575,32.5842369866167,"-0.17,0.96,-0.28,2.75,24.66,-21.12",hong_jean,near_miss,(near miss) HJ motion_data.csv
2531,2026-07-27T13:21:38.525,101.351083,60.1434,-0.19,0.89,-0.42,-20.57,47.55,-29.42,1.002297361066066,59.57905504453725,"-0.19,0.89,-0.42,-20.57,47.55,-29.42",hong_jean,near_miss,(near miss) HJ motion_data.csv
2532,2026-07-27T13:21:38.525,101.351457,0.3736,-0.16,0.85,-0.54,-28.93,16.36,-14.22,1.0196568050084303,36.14972890631408,"-0.16,0.85,-0.54,-28.93,16.36,-14.22",hong_jean,near_miss,(near miss) HJ motion_data.csv
2533,2026-07-27T13:21:38.585,101.411406,59.949,-0.16,0.82,-0.62,-31.56,39.98,-26.18,1.040384544291196,57.26976863930917,"-0.16,0.82,-0.62,-31.56,39.98,-26.18",hong_jean,near_miss,(near miss) HJ motion_data.csv
2534,2026-07-27T13:21:38.645,101.471496,60.0903,-0.15,0.8,-0.66,-27.22,62.68,-38.57,1.047902667235846,78.46881992231054,"-0.15,0.80,-0.66,-27.22,62.68,-38.57",hong_jean,near_miss,(near miss) HJ motion_data.csv
2535,2026-07-27T13:21:38.646,101.472094,0.5984,-0.12,0.82,-0.64,-15.08,52.12,-35.16,1.047091209016674,64.65389702098396,"-0.12,0.82,-0.64,-15.08,52.12,-35.16",hong_jean,near_miss,(near miss) HJ motion_data.csv
2536,2026-07-27T13:21:38.767,101.59303,120.9355,-0.12,0.92,-0.57,-1.95,49.93,-29.42,1.088898526034451,57.98572065603738,"-0.12,0.92,-0.57,-1.95,49.93,-29.42",hong_jean,near_miss,(near miss) HJ motion_data.csv
2537,2026-07-27T13:21:38.768,101.594557,1.5271,-0.15,1.03,-0.5,7.02,47.42,-12.33,1.154729405531876,49.49712819952285,"-0.15,1.03,-0.50,7.02,47.42,-12.33",hong_jean,near_miss,(near miss) HJ motion_data.csv
2538,2026-07-27T13:21:38.769,101.594836,0.2793,-0.1,1.0,-0.42,17.09,12.02,27.53,1.0892199043352082,34.560807282238066,"-0.10,1.00,-0.42,17.09,12.02,27.53",hong_jean,near_miss,(near miss) HJ motion_data.csv
2539,2026-07-27T13:21:38.886,101.711882,117.0458,-0.05,0.85,-0.37,30.52,-45.47,78.49,0.9283856957105704,95.70617221475321,"-0.05,0.85,-0.37,30.52,-45.47,78.49",hong_jean,near_miss,(near miss) HJ motion_data.csv
2540,2026-07-27T13:21:38.886,101.712193,0.311,-0.17,0.79,-0.47,37.29,-67.57,106.87,0.934826187052973,131.8235407656766,"-0.17,0.79,-0.47,37.29,-67.57,106.87",hong_jean,near_miss,(near miss) HJ motion_data.csv
2541,2026-07-27T13:21:38.887,101.712798,0.6048,-0.33,0.91,-0.64,41.26,-6.35,81.91,1.1604309544302926,91.93453214108396,"-0.33,0.91,-0.64,41.26,-6.35,81.91",hong_jean,near_miss,(near miss) HJ motion_data.csv
2542,2026-07-27T13:21:38.945,101.771697,58.8991,-0.26,1.09,-0.53,57.13,96.8,21.36,1.239596708611313,114.41296473739328,"-0.26,1.09,-0.53,57.13,96.80,21.36",hong_jean,near_miss,(near miss) HJ motion_data.csv
2543,2026-07-27T13:21:39.005,101.83128,59.5829,-0.1,1.14,-0.27,51.94,166.08,-24.41,1.1757976016304845,175.71618622084875,"-0.10,1.14,-0.27,51.94,166.08,-24.41",hong_jean,near_miss,(near miss) HJ motion_data.csv
2544,2026-07-27T13:21:39.005,101.831675,0.3952,-0.11,0.97,-0.23,9.4,178.65,-23.44,1.0029456615390486,180.42620679934498,"-0.11,0.97,-0.23,9.40,178.65,-23.44",hong_jean,near_miss,(near miss) HJ motion_data.csv
2545,2026-07-27T13:21:39.065,101.891637,59.9614,-0.21,0.79,-0.29,-17.15,137.51,4.15,0.8673522929006414,138.6374592236889,"-0.21,0.79,-0.29,-17.15,137.51,4.15",hong_jean,near_miss,(near miss) HJ motion_data.csv
2546,2026-07-27T13:21:39.125,101.951401,59.7648,-0.27,0.75,-0.27,-8.97,60.36,21.55,0.8416056083463322,64.71624989135263,"-0.27,0.75,-0.27,-8.97,60.36,21.55",hong_jean,near_miss,(near miss) HJ motion_data.csv
2547,2026-07-27T13:21:39.126,101.9519,0.4985,-0.22,0.74,-0.28,12.15,-11.11,14.47,0.8212186067059124,21.918838929103888,"-0.22,0.74,-0.28,12.15,-11.11,14.47",hong_jean,near_miss,(near miss) HJ motion_data.csv
2548,2026-07-27T13:21:39.245,102.070925,119.0247,-0.07,0.73,-0.4,35.4,-47.91,-12.27,0.835344240418284,60.820070700386395,"-0.07,0.73,-0.40,35.40,-47.91,-12.27",hong_jean,near_miss,(near miss) HJ motion_data.csv
2549,2026-07-27T13:21:39.485,102.310782,239.857,0.1,0.76,-0.57,48.34,-59.75,-35.77,0.95524865872714,84.77211215960116,"0.10,0.76,-0.57,48.34,-59.75,-35.77",hong_jean,near_miss,(near miss) HJ motion_data.csv
2550,2026-07-27T13:21:39.725,102.551368,240.5869,0.26,0.83,-0.74,34.24,-43.82,-48.83,1.1419719786404567,74.00634364701448,"0.26,0.83,-0.74,34.24,-43.82,-48.83",hong_jean,near_miss,(near miss) HJ motion_data.csv
2551,2026-07-27T13:21:39.726,102.552253,0.8844,0.34,0.82,-0.81,3.11,33.87,-68.3,1.2017071190602144,76.30032110024177,"0.34,0.82,-0.81,3.11,33.87,-68.30",hong_jean,near_miss,(near miss) HJ motion_data.csv
2552,2026-07-27T13:21:39.727,102.553043,0.7906,0.17,0.76,-0.7,-17.03,116.64,-83.37,1.0471389592599447,144.3795948186585,"0.17,0.76,-0.70,-17.03,116.64,-83.37",hong_jean,near_miss,(near miss) HJ motion_data.csv
2553,2026-07-27T13:21:39.727,102.553711,0.6677,-0.13,0.91,-0.55,-21.73,66.04,-57.5,1.0712142642814275,90.2204217458553,"-0.13,0.91,-0.55,-21.73,66.04,-57.50",hong_jean,near_miss,(near miss) HJ motion_data.csv
2554,2026-07-27T13:21:39.785,102.611099,57.3881,-0.24,1.24,-0.41,-15.87,-66.65,-12.51,1.327893067984015,69.64610182917635,"-0.24,1.24,-0.41,-15.87,-66.65,-12.51",hong_jean,near_miss,(near miss) HJ motion_data.csv
2555,2026-07-27T13:21:39.785,102.61165,0.5508,-0.23,1.23,-0.33,-19.71,-65.92,-4.88,1.2941020052530634,68.976408285732,"-0.23,1.23,-0.33,-19.71,-65.92,-4.88",hong_jean,near_miss,(near miss) HJ motion_data.csv
2556,2026-07-27T13:21:39.965,102.79077,179.1196,-0.27,0.84,-0.34,-26.79,6.47,-8.06,0.945568612000208,28.71460603943575,"-0.27,0.84,-0.34,-26.79,6.47,-8.06",hong_jean,near_miss,(near miss) HJ motion_data.csv
2557,2026-07-27T13:21:39.966,102.791836,1.0665,-0.32,0.66,-0.42,-31.68,-4.27,9.95,0.8452218643646175,33.47921444717603,"-0.32,0.66,-0.42,-31.68,-4.27,9.95",hong_jean,near_miss,(near miss) HJ motion_data.csv
2558,2026-07-27T13:21:39.966,102.792621,0.7846,-0.41,0.73,-0.52,-47.61,-27.53,16.54,0.9855962662266937,57.42982326283096,"-0.41,0.73,-0.52,-47.61,-27.53,16.54",hong_jean,near_miss,(near miss) HJ motion_data.csv
2559,2026-07-27T13:21:39.967,102.793022,0.4016,-0.47,0.75,-0.51,-48.28,-23.07,5.37,1.021518477561713,53.777506450187886,"-0.47,0.75,-0.51,-48.28,-23.07,5.37",hong_jean,near_miss,(near miss) HJ motion_data.csv
2560,2026-07-27T13:21:39.967,102.793621,0.5984,-0.38,0.75,-0.47,-23.25,-37.48,-3.78,0.9632237538599222,44.26738415583193,"-0.38,0.75,-0.47,-23.25,-37.48,-3.78",hong_jean,near_miss,(near miss) HJ motion_data.csv
2561,2026-07-27T13:21:39.968,102.794259,0.6386,-0.24,0.83,-0.48,-1.34,-57.86,-10.25,0.9883825170448939,58.7761660879646,"-0.24,0.83,-0.48,-1.34,-57.86,-10.25",hong_jean,near_miss,(near miss) HJ motion_data.csv
2562,2026-07-27T13:21:39.969,102.794758,0.4989,-0.12,0.89,-0.51,-0.73,-38.39,-27.77,1.0327632836231155,47.38668483867594,"-0.12,0.89,-0.51,-0.73,-38.39,-27.77",hong_jean,near_miss,(near miss) HJ motion_data.csv
2563,2026-07-27T13:21:39.970,102.79582,1.0616,-0.08,0.87,-0.51,-6.35,7.51,-54.32,1.0116323442832382,55.20312491154826,"-0.08,0.87,-0.51,-6.35,7.51,-54.32",hong_jean,near_miss,(near miss) HJ motion_data.csv
2564,2026-07-27T13:21:39.971,102.797405,1.5848,-0.08,0.84,-0.44,-3.17,39.98,-73.85,0.9516301802696254,84.03732385077477,"-0.08,0.84,-0.44,-3.17,39.98,-73.85",hong_jean,near_miss,(near miss) HJ motion_data.csv
2565,2026-07-27T13:21:39.972,102.797886,0.4813,-0.05,0.85,-0.4,-2.69,50.96,-82.28,0.9407443861113389,96.8202256762501,"-0.05,0.85,-0.40,-2.69,50.96,-82.28",hong_jean,near_miss,(near miss) HJ motion_data.csv
2566,2026-07-27T13:21:39.972,102.798168,0.2816,0.01,0.88,-0.49,-18.25,47.3,-80.63,1.0072735477515529,95.24468174129198,"0.01,0.88,-0.49,-18.25,47.30,-80.63",hong_jean,near_miss,(near miss) HJ motion_data.csv
2567,2026-07-27T13:21:39.973,102.798944,0.7762,0.04,0.91,-0.63,-38.82,44.43,-64.21,1.1075197515168749,87.20058142007998,"0.04,0.91,-0.63,-38.82,44.43,-64.21",hong_jean,near_miss,(near miss) HJ motion_data.csv
2568,2026-07-27T13:21:39.974,102.799788,0.8447,0.03,0.94,-0.63,-44.74,66.59,-38.09,1.1319893992436503,88.80734091278717,"0.03,0.94,-0.63,-44.74,66.59,-38.09",hong_jean,near_miss,(near miss) HJ motion_data.csv
2569,2026-07-27T13:21:40.026,102.852239,52.4502,0.01,0.93,-0.52,-32.96,91.49,-2.75,1.065551500397799,97.28486110387371,"0.01,0.93,-0.52,-32.96,91.49,-2.75",hong_jean,near_miss,(near miss) HJ motion_data.csv
2570,2026-07-27T13:21:40.205,103.031508,179.2689,-0.05,1.01,-0.57,-24.11,69.7,58.53,1.16081867662439,94.15488834893279,"-0.05,1.01,-0.57,-24.11,69.70,58.53",hong_jean,near_miss,(near miss) HJ motion_data.csv
2571,2026-07-27T13:21:40.206,103.032392,0.8841,-0.31,1.2,-0.9,-37.48,38.21,126.53,1.531698403733581,137.38484414228523,"-0.31,1.20,-0.90,-37.48,38.21,126.53",hong_jean,near_miss,(near miss) HJ motion_data.csv
2572,2026-07-27T13:21:40.207,103.032966,0.5744,-0.61,1.09,-1.02,-37.48,48.4,145.2,1.612637591029057,157.5764906323275,"-0.61,1.09,-1.02,-37.48,48.40,145.20",hong_jean,near_miss,(near miss) HJ motion_data.csv
2573,2026-07-27T13:21:40.208,103.033792,0.8264,-0.45,0.97,-0.29,26.86,35.03,106.08,1.107925990308017,114.89789771793042,"-0.45,0.97,-0.29,26.86,35.03,106.08",hong_jean,near_miss,(near miss) HJ motion_data.csv
2574,2026-07-27T13:21:40.208,103.0339,0.1072,-0.17,0.93,0.18,57.98,16.24,55.11,0.9623928511787689,81.62432296809573,"-0.17,0.93,0.18,57.98,16.24,55.11",hong_jean,near_miss,(near miss) HJ motion_data.csv
2575,2026-07-27T13:21:40.265,103.090886,56.9859,-0.36,0.74,-0.2,12.02,64.76,22.89,0.8468766143896052,69.73012333274623,"-0.36,0.74,-0.20,12.02,64.76,22.89",hong_jean,near_miss,(near miss) HJ motion_data.csv
2576,2026-07-27T13:21:40.325,103.151473,60.5878,-0.56,0.7,-0.29,-5.07,73.3,4.39,0.942178327069775,73.60616142688056,"-0.56,0.70,-0.29,-5.07,73.30,4.39",hong_jean,near_miss,(near miss) HJ motion_data.csv
2577,2026-07-27T13:21:40.325,103.151731,0.2577,-0.36,0.84,-0.11,19.59,19.04,-22.89,0.9204890004774636,35.64045173675552,"-0.36,0.84,-0.11,19.59,19.04,-22.89",hong_jean,near_miss,(near miss) HJ motion_data.csv
2578,2026-07-27T13:21:40.385,103.211484,59.7525,-0.04,0.89,-0.17,42.11,-3.97,-56.76,0.9069729874698585,70.78637298237564,"-0.04,0.89,-0.17,42.11,-3.97,-56.76",hong_jean,near_miss,(near miss) HJ motion_data.csv
2579,2026-07-27T13:21:40.445,103.271197,59.7136,0.05,0.88,-0.38,41.38,-4.82,-71.59,0.9598437372822723,82.82913074516719,"0.05,0.88,-0.38,41.38,-4.82,-71.59",hong_jean,near_miss,(near miss) HJ motion_data.csv
2580,2026-07-27T13:21:40.445,103.271601,0.4038,0.02,0.89,-0.54,13.31,-5.31,-64.15,1.0412012293500235,65.73107864625379,"0.02,0.89,-0.54,13.31,-5.31,-64.15",hong_jean,near_miss,(near miss) HJ motion_data.csv
2581,2026-07-27T13:21:40.505,103.33117,59.5688,0.06,0.91,-0.69,-28.02,22.46,-58.47,1.1435908359199107,68.61714727384111,"0.06,0.91,-0.69,-28.02,22.46,-58.47",hong_jean,near_miss,(near miss) HJ motion_data.csv
2582,2026-07-27T13:21:40.565,103.390931,59.7611,0.06,1.04,-0.75,-57.86,107.67,-83.25,1.283627671873741,147.88904962842923,"0.06,1.04,-0.75,-57.86,107.67,-83.25",hong_jean,near_miss,(near miss) HJ motion_data.csv
2583,2026-07-27T13:21:40.625,103.451225,60.294,-0.06,1.22,-0.67,-48.28,139.4,-96.8,1.3931618714277247,176.4470413466885,"-0.06,1.22,-0.67,-48.28,139.40,-96.80",hong_jean,near_miss,(near miss) HJ motion_data.csv
2584,2026-07-27T13:21:40.626,103.452274,1.0494,-0.15,1.05,-0.45,4.46,23.13,-41.75,1.1521718621802912,47.93694817153049,"-0.15,1.05,-0.45,4.46,23.13,-41.75",hong_jean,near_miss,(near miss) HJ motion_data.csv
2585,2026-07-27T13:21:40.805,103.63133,179.0553,-0.23,0.75,-0.17,49.93,-101.99,28.38,0.8026830009412184,117.04866252973589,"-0.23,0.75,-0.17,49.93,-101.99,28.38",hong_jean,near_miss,(near miss) HJ motion_data.csv
2586,2026-07-27T13:21:40.806,103.632497,1.1671,-0.32,0.78,-0.17,20.69,-68.05,34.06,0.8600581375697809,78.86039690491039,"-0.32,0.78,-0.17,20.69,-68.05,34.06",hong_jean,near_miss,(near miss) HJ motion_data.csv
2587,2026-07-27T13:21:40.865,103.691145,58.6482,-0.37,0.86,-0.39,-58.11,48.58,1.89,1.0141991914806479,75.76516745840401,"-0.37,0.86,-0.39,-58.11,48.58,1.89",hong_jean,near_miss,(near miss) HJ motion_data.csv
2588,2026-07-27T13:21:40.866,103.691936,0.791,-0.35,0.83,-0.56,-109.56,118.41,-25.33,1.0606601717798212,163.29706243530532,"-0.35,0.83,-0.56,-109.56,118.41,-25.33",hong_jean,near_miss,(near miss) HJ motion_data.csv
2589,2026-07-27T13:21:40.866,103.692649,0.7135,-0.31,0.75,-0.62,-108.64,143.31,-49.01,1.0212737145349429,186.39309482918085,"-0.31,0.75,-0.62,-108.64,143.31,-49.01",hong_jean,near_miss,(near miss) HJ motion_data.csv
2590,2026-07-27T13:21:40.867,103.69323,0.5804,-0.3,0.7,-0.57,-59.2,98.39,-41.75,0.951262319236918,122.18140038483763,"-0.30,0.70,-0.57,-59.20,98.39,-41.75",hong_jean,near_miss,(near miss) HJ motion_data.csv
2591,2026-07-27T13:21:40.925,103.751513,58.2837,-0.3,0.78,-0.45,13.73,-18.37,-1.04,0.9491575211733825,22.95760004878559,"-0.30,0.78,-0.45,13.73,-18.37,-1.04",hong_jean,near_miss,(near miss) HJ motion_data.csv
2592,2026-07-27T13:21:40.926,103.751931,0.4179,-0.31,0.91,-0.17,28.56,-9.77,-35.71,0.9762684057163789,46.758214251615726,"-0.31,0.91,-0.17,28.56,-9.77,-35.71",hong_jean,near_miss,(near miss) HJ motion_data.csv
2593,2026-07-27T13:21:40.985,103.811501,59.5694,-0.36,0.98,-0.03,-19.41,11.66,-64.21,1.0444615837837214,68.08544484689807,"-0.36,0.98,-0.03,-19.41,11.66,-64.21",hong_jean,near_miss,(near miss) HJ motion_data.csv
2594,2026-07-27T13:21:41.165,103.99151,180.0094,-0.28,0.95,-0.28,-44.74,-51.76,-57.01,1.0292230079045066,89.05563036664218,"-0.28,0.95,-0.28,-44.74,-51.76,-57.01",hong_jean,near_miss,(near miss) HJ motion_data.csv
2595,2026-07-27T13:21:41.166,103.991919,0.409,-0.07,0.93,-0.58,-44.13,-73.24,-43.64,1.0982713690158732,96.00002135416429,"-0.07,0.93,-0.58,-44.13,-73.24,-43.64",hong_jean,near_miss,(near miss) HJ motion_data.csv
2596,2026-07-27T13:21:41.166,103.992473,0.5536,-0.02,0.94,-0.6,-16.78,-47.49,-26.67,1.1153474794878948,56.992608292654936,"-0.02,0.94,-0.60,-16.78,-47.49,-26.67",hong_jean,near_miss,(near miss) HJ motion_data.csv
2597,2026-07-27T13:21:41.167,103.993361,0.8884,-0.12,0.95,-0.43,-0.24,-21.42,-10.38,1.0496666137398103,23.803747604106377,"-0.12,0.95,-0.43,-0.24,-21.42,-10.38",hong_jean,near_miss,(near miss) HJ motion_data.csv
2598,2026-07-27T13:21:41.168,103.994249,0.8874,-0.09,0.93,-0.44,-5.74,20.02,-7.45,1.0327632836231158,22.11900766309375,"-0.09,0.93,-0.44,-5.74,20.02,-7.45",hong_jean,near_miss,(near miss) HJ motion_data.csv
2599,2026-07-27T13:21:41.585,104.411296,417.0473,0.09,0.94,-0.49,-15.32,59.2,0.79,1.0638608931622593,61.15526551328185,"0.09,0.94,-0.49,-15.32,59.20,0.79",hong_jean,near_miss,(near miss) HJ motion_data.csv
2600,2026-07-27T13:21:41.586,104.412407,1.1107,0.13,0.96,-0.44,-20.57,56.27,34.61,1.0640018796975876,69.19024425451902,"0.13,0.96,-0.44,-20.57,56.27,34.61",hong_jean,near_miss,(near miss) HJ motion_data.csv
2601,2026-07-27T13:21:41.587,104.412917,0.5102,-0.0,1.03,-0.46,-17.15,45.59,76.84,1.1280514172678477,90.97777860554741,"-0.00,1.03,-0.46,-17.15,45.59,76.84",hong_jean,near_miss,(near miss) HJ motion_data.csv
2602,2026-07-27T13:21:41.587,104.41342,0.5033,-0.4,1.18,-0.41,-11.11,54.69,109.68,1.311678314221898,123.06149113349798,"-0.40,1.18,-0.41,-11.11,54.69,109.68",hong_jean,near_miss,(near miss) HJ motion_data.csv
2603,2026-07-27T13:21:41.705,104.530792,117.3715,-0.48,1.16,-0.23,-9.22,74.22,113.4,1.2762836675285003,135.84247053112662,"-0.48,1.16,-0.23,-9.22,74.22,113.40",hong_jean,near_miss,(near miss) HJ motion_data.csv
2604,2026-07-27T13:21:41.705,104.531171,0.3799,-0.4,1.06,-0.1,-7.39,105.47,80.44,1.1373653766490346,132.85001543093625,"-0.40,1.06,-0.10,-7.39,105.47,80.44",hong_jean,near_miss,(near miss) HJ motion_data.csv
2605,2026-07-27T13:21:41.706,104.531947,0.7756,-0.34,0.88,-0.14,-5.07,156.49,36.13,0.9537295214053091,160.68665750459806,"-0.34,0.88,-0.14,-5.07,156.49,36.13",hong_jean,near_miss,(near miss) HJ motion_data.csv
2606,2026-07-27T13:21:41.706,104.532352,0.4049,-0.33,0.78,-0.13,0.61,166.99,16.05,0.8568547134724767,167.7606470540693,"-0.33,0.78,-0.13,0.61,166.99,16.05",hong_jean,near_miss,(near miss) HJ motion_data.csv
2607,2026-07-27T13:21:41.707,104.533539,1.1869,-0.38,0.77,-0.06,9.58,100.52,21.06,0.8607554821202128,103.14829324811923,"-0.38,0.77,-0.06,9.58,100.52,21.06",hong_jean,near_miss,(near miss) HJ motion_data.csv
2608,2026-07-27T13:21:41.708,104.534,0.4611,-0.43,0.75,-0.02,23.07,20.32,16.78,0.8647543003651383,35.02421590842542,"-0.43,0.75,-0.02,23.07,20.32,16.78",hong_jean,near_miss,(near miss) HJ motion_data.csv
2609,2026-07-27T13:21:41.708,104.534666,0.6659,-0.27,0.8,0.0,36.19,-22.03,-13.43,0.8443340571124678,44.4454935848394,"-0.27,0.80,0.00,36.19,-22.03,-13.43",hong_jean,near_miss,(near miss) HJ motion_data.csv
2610,2026-07-27T13:21:41.710,104.53592,1.2542,0.07,0.87,-0.17,39.49,-42.72,-42.18,0.8892131353055914,71.85826953107068,"0.07,0.87,-0.17,39.49,-42.72,-42.18",hong_jean,near_miss,(near miss) HJ motion_data.csv
2611,2026-07-27T13:21:41.710,104.536386,0.4664,0.25,0.9,-0.5,38.51,-31.56,-48.77,1.0594810050208545,69.69624523602401,"0.25,0.90,-0.50,38.51,-31.56,-48.77",hong_jean,near_miss,(near miss) HJ motion_data.csv
2612,2026-07-27T13:21:41.765,104.591419,55.0322,0.14,0.92,-0.66,36.99,35.22,-44.25,1.1408768557561328,67.57788839553956,"0.14,0.92,-0.66,36.99,35.22,-44.25",hong_jean,near_miss,(near miss) HJ motion_data.csv
2613,2026-07-27T13:21:41.765,104.59174,0.3212,-0.0,1.0,-0.59,44.68,85.94,-39.0,1.1610770861575042,104.41736445630103,"-0.00,1.00,-0.59,44.68,85.94,-39.00",hong_jean,near_miss,(near miss) HJ motion_data.csv
2614,2026-07-27T13:21:41.886,104.711911,120.1716,-0.04,1.33,-0.35,78.25,22.58,-33.63,1.3758633653092156,88.11297180324813,"-0.04,1.33,-0.35,78.25,22.58,-33.63",hong_jean,near_miss,(near miss) HJ motion_data.csv
2615,2026-07-27T13:21:41.945,104.771303,59.3915,-0.05,1.55,0.07,80.99,-150.09,-3.36,1.5523852614605693,170.58041446778114,"-0.05,1.55,0.07,80.99,-150.09,-3.36",hong_jean,near_miss,(near miss) HJ motion_data.csv
2616,2026-07-27T13:21:41.946,104.771864,0.561,-0.21,1.11,0.09,1.34,-191.35,32.35,1.1332696060514462,194.0699373937138,"-0.21,1.11,0.09,1.34,-191.35,32.35",hong_jean,near_miss,(near miss) HJ motion_data.csv
2617,2026-07-27T13:21:41.946,104.772332,0.468,-0.47,0.66,-0.35,-75.2,-75.74,42.05,0.8826097665446492,114.71612833424949,"-0.47,0.66,-0.35,-75.20,-75.74,42.05",hong_jean,near_miss,(near miss) HJ motion_data.csv
2618,2026-07-27T13:21:42.066,104.891867,119.5349,-0.56,0.74,-0.66,-82.03,-21.91,41.63,1.1387712676389408,94.56228582262592,"-0.56,0.74,-0.66,-82.03,-21.91,41.63",hong_jean,near_miss,(near miss) HJ motion_data.csv
2619,2026-07-27T13:21:42.066,104.892228,0.3611,-0.53,0.92,-0.65,-48.83,-16.78,31.13,1.2449096352747857,60.29107894207898,"-0.53,0.92,-0.65,-48.83,-16.78,31.13",hong_jean,near_miss,(near miss) HJ motion_data.csv
2620,2026-07-27T13:21:42.067,104.893075,0.8472,-0.32,0.94,-0.48,1.59,-47.73,19.35,1.1029052543169788,51.52769643599449,"-0.32,0.94,-0.48,1.59,-47.73,19.35",hong_jean,near_miss,(near miss) HJ motion_data.csv
2621,2026-07-27T13:21:42.125,104.951436,58.3612,-0.16,0.93,-0.26,46.33,-110.72,21.55,0.9788258272031853,121.9417475682549,"-0.16,0.93,-0.26,46.33,-110.72,21.55",hong_jean,near_miss,(near miss) HJ motion_data.csv
2622,2026-07-27T13:21:42.126,104.95204,0.6037,-0.22,0.91,-0.13,42.42,-131.84,31.43,0.9451983918733675,142.01791049019133,"-0.22,0.91,-0.13,42.42,-131.84,31.43",hong_jean,near_miss,(near miss) HJ motion_data.csv
2623,2026-07-27T13:21:42.185,105.011367,59.3267,-0.26,0.88,-0.25,3.11,-145.08,43.88,0.9510520490488414,151.60254912104875,"-0.26,0.88,-0.25,3.11,-145.08,43.88",hong_jean,near_miss,(near miss) HJ motion_data.csv
2624,2026-07-27T13:21:42.304,105.130699,119.3319,-0.18,0.88,-0.43,-26.25,-170.72,52.0,0.9958413528268446,180.38398182765565,"-0.18,0.88,-0.43,-26.25,-170.72,52.00",hong_jean,near_miss,(near miss) HJ motion_data.csv
2625,2026-07-27T13:21:42.485,105.311367,180.6682,-0.13,0.89,-0.5,-30.27,-177.43,51.82,1.0290772565750348,187.30453865296485,"-0.13,0.89,-0.50,-30.27,-177.43,51.82",hong_jean,near_miss,(near miss) HJ motion_data.csv
2626,2026-07-27T13:21:42.486,105.311947,0.5805,-0.13,0.9,-0.48,-19.29,-169.68,50.05,1.0282509421342634,177.95619966722148,"-0.13,0.90,-0.48,-19.29,-169.68,50.05",hong_jean,near_miss,(near miss) HJ motion_data.csv
2627,2026-07-27T13:21:42.487,105.312841,0.8936,-0.18,0.88,-0.46,-14.22,-153.56,50.96,1.009158064923429,162.41860607701324,"-0.18,0.88,-0.46,-14.22,-153.56,50.96",hong_jean,near_miss,(near miss) HJ motion_data.csv
2628,2026-07-27T13:21:42.487,105.312898,0.0569,-0.29,0.9,-0.48,-19.59,-144.35,59.88,1.0604244433244643,157.50017460307782,"-0.29,0.90,-0.48,-19.59,-144.35,59.88",hong_jean,near_miss,(near miss) HJ motion_data.csv
2629,2026-07-27T13:21:42.487,105.313285,0.3874,-0.37,0.95,-0.49,-23.56,-160.16,72.39,1.131149857445953,177.33192408587914,"-0.37,0.95,-0.49,-23.56,-160.16,72.39",hong_jean,near_miss,(near miss) HJ motion_data.csv
2630,2026-07-27T13:21:42.488,105.314086,0.8007,-0.27,0.99,-0.3,-12.57,-195.31,69.27,1.0691117808723276,207.6110158445356,"-0.27,0.99,-0.30,-12.57,-195.31,69.27",hong_jean,near_miss,(near miss) HJ motion_data.csv
2631,2026-07-27T13:21:42.489,105.314823,0.7373,-0.08,1.0,-0.06,-1.22,-212.04,47.73,1.004987562112089,217.34903473445655,"-0.08,1.00,-0.06,-1.22,-212.04,47.73",hong_jean,near_miss,(near miss) HJ motion_data.csv
2632,2026-07-27T13:21:42.545,105.371512,56.6891,-0.11,0.98,0.05,-2.26,-191.41,24.66,0.9874208829065749,193.00521055142528,"-0.11,0.98,0.05,-2.26,-191.41,24.66",hong_jean,near_miss,(near miss) HJ motion_data.csv
2633,2026-07-27T13:21:42.605,105.431411,59.899,-0.3,0.94,0.01,-4.39,-153.2,3.17,0.9867623827447011,153.2956653007514,"-0.30,0.94,0.01,-4.39,-153.20,3.17",hong_jean,near_miss,(near miss) HJ motion_data.csv
2634,2026-07-27T13:21:42.606,105.431888,0.4766,-0.39,0.89,-0.22,5.86,-146.61,-15.93,0.9962931295557548,147.58928348630195,"-0.39,0.89,-0.22,5.86,-146.61,-15.93",hong_jean,near_miss,(near miss) HJ motion_data.csv
2635,2026-07-27T13:21:42.726,105.55214,120.2518,-0.26,0.89,-0.45,31.25,-196.66,-21.79,1.030630874755846,200.31605577187267,"-0.26,0.89,-0.45,31.25,-196.66,-21.79",hong_jean,near_miss,(near miss) HJ motion_data.csv
2636,2026-07-27T13:21:42.726,105.552715,0.5754,0.04,0.96,-0.56,46.69,-224.73,-23.5,1.1121151019566275,230.7287996761566,"0.04,0.96,-0.56,46.69,-224.73,-23.50",hong_jean,near_miss,(near miss) HJ motion_data.csv
2637,2026-07-27T13:21:42.727,105.553137,0.4218,0.33,0.99,-0.54,45.72,-156.37,-37.29,1.1749893616539684,167.13000747920762,"0.33,0.99,-0.54,45.72,-156.37,-37.29",hong_jean,near_miss,(near miss) HJ motion_data.csv
2638,2026-07-27T13:21:42.905,105.731389,178.2521,0.35,1.02,-0.36,52.98,-107.73,-29.48,1.1368817000902072,123.6191882354839,"0.35,1.02,-0.36,52.98,-107.73,-29.48",hong_jean,near_miss,(near miss) HJ motion_data.csv
2639,2026-07-27T13:21:42.906,105.732513,1.1236,0.13,1.08,-0.18,56.46,-159.36,15.56,1.1025878649794765,169.78060784435897,"0.13,1.08,-0.18,56.46,-159.36,15.56",hong_jean,near_miss,(near miss) HJ motion_data.csv
2640,2026-07-27T13:21:42.907,105.732907,0.394,-0.13,1.05,-0.13,35.34,-183.04,41.75,1.0659737332598773,191.03826763243012,"-0.13,1.05,-0.13,35.34,-183.04,41.75",hong_jean,near_miss,(near miss) HJ motion_data.csv
2641,2026-07-27T13:21:42.907,105.733281,0.3747,-0.24,0.95,-0.16,11.84,-140.87,30.03,0.9928242543370905,144.52108289104396,"-0.24,0.95,-0.16,11.84,-140.87,30.03",hong_jean,near_miss,(near miss) HJ motion_data.csv
2642,2026-07-27T13:21:43.085,105.911479,178.1972,-0.2,0.91,-0.17,3.05,-106.75,11.72,0.947100839404126,107.4347401914297,"-0.20,0.91,-0.17,3.05,-106.75,11.72",hong_jean,near_miss,(near miss) HJ motion_data.csv
2643,2026-07-27T13:21:43.086,105.912601,1.122,-0.14,0.9,-0.18,-1.46,-93.63,1.83,0.9284395510748128,93.6592622221636,"-0.14,0.90,-0.18,-1.46,-93.63,1.83",hong_jean,near_miss,(near miss) HJ motion_data.csv
2644,2026-07-27T13:21:43.087,105.913315,0.7144,-0.11,0.88,-0.24,-4.33,-83.37,0.73,0.9187491496594704,83.48555982923035,"-0.11,0.88,-0.24,-4.33,-83.37,0.73",hong_jean,near_miss,(near miss) HJ motion_data.csv
2645,2026-07-27T13:21:43.088,105.913845,0.53,-0.13,0.9,-0.31,2.5,-73.3,3.91,0.960728889958036,73.44677052124212,"-0.13,0.90,-0.31,2.50,-73.30,3.91",hong_jean,near_miss,(near miss) HJ motion_data.csv
2646,2026-07-27T13:21:43.088,105.914068,0.223,-0.18,0.95,-0.29,21.55,-72.27,4.27,1.0094552986635912,75.53534470696482,"-0.18,0.95,-0.29,21.55,-72.27,4.27",hong_jean,near_miss,(near miss) HJ motion_data.csv
2647,2026-07-27T13:21:43.265,106.091243,177.175,-0.15,0.98,-0.26,44.13,-83.13,-0.31,1.0249390225764652,94.11774487311094,"-0.15,0.98,-0.26,44.13,-83.13,-0.31",hong_jean,near_miss,(near miss) HJ motion_data.csv
2648,2026-07-27T13:21:43.505,106.331232,239.989,-0.03,0.98,-0.33,63.66,-88.81,-7.26,1.0345047124107265,109.51036161021477,"-0.03,0.98,-0.33,63.66,-88.81,-7.26",hong_jean,near_miss,(near miss) HJ motion_data.csv
2649,2026-07-27T13:21:43.506,106.331916,0.6842,0.17,1.05,-0.3,79.71,-88.44,-8.54,1.1051696702316798,119.36603076252472,"0.17,1.05,-0.30,79.71,-88.44,-8.54",hong_jean,near_miss,(near miss) HJ motion_data.csv
2650,2026-07-27T13:21:43.507,106.332845,0.9286,0.22,1.09,-0.18,74.04,-103.58,11.9,1.1264546151532249,127.8762996023892,"0.22,1.09,-0.18,74.04,-103.58,11.90",hong_jean,near_miss,(near miss) HJ motion_data.csv
2651,2026-07-27T13:21:43.507,106.33343,0.5855,-0.05,0.93,-0.19,39.61,-49.62,27.65,0.9505261700763425,69.25040794103671,"-0.05,0.93,-0.19,39.61,-49.62,27.65",hong_jean,near_miss,(near miss) HJ motion_data.csv
2652,2026-07-27T13:21:43.508,106.334145,0.7151,-0.41,0.85,-0.31,10.31,36.01,28.69,0.9933277404764249,47.181906489670375,"-0.41,0.85,-0.31,10.31,36.01,28.69",hong_jean,near_miss,(near miss) HJ motion_data.csv
2653,2026-07-27T13:21:43.509,106.334956,0.8103,-0.6,0.89,-0.43,3.48,22.09,37.9,1.1562871615649808,44.00555078623605,"-0.60,0.89,-0.43,3.48,22.09,37.90",hong_jean,near_miss,(near miss) HJ motion_data.csv
2654,2026-07-27T13:21:43.509,106.335731,0.7757,-0.59,0.86,-0.46,8.24,-33.69,37.11,1.1398684134583255,50.79434811078886,"-0.59,0.86,-0.46,8.24,-33.69,37.11",hong_jean,near_miss,(near miss) HJ motion_data.csv
2655,2026-07-27T13:21:43.510,106.336353,0.6212,-0.42,0.84,-0.45,16.42,-57.8,15.93,1.0413932974625868,62.16286109889087,"-0.42,0.84,-0.45,16.42,-57.80,15.93",hong_jean,near_miss,(near miss) HJ motion_data.csv
2656,2026-07-27T13:21:43.510,106.336452,0.099,-0.24,0.85,-0.43,18.37,-40.1,-11.23,0.982344135219425,45.514610840915694,"-0.24,0.85,-0.43,18.37,-40.10,-11.23",hong_jean,near_miss,(near miss) HJ motion_data.csv
2657,2026-07-27T13:21:43.805,106.631354,294.9026,-0.16,0.87,-0.43,10.25,-1.95,-29.72,0.9835649444749441,31.4983078910598,"-0.16,0.87,-0.43,10.25,-1.95,-29.72",hong_jean,near_miss,(near miss) HJ motion_data.csv
2658,2026-07-27T13:21:43.806,106.631826,0.4722,-0.16,0.9,-0.42,4.7,10.56,-28.87,1.0059821071967434,31.09791793673654,"-0.16,0.90,-0.42,4.70,10.56,-28.87",hong_jean,near_miss,(near miss) HJ motion_data.csv
2659,2026-07-27T13:21:43.806,106.631999,0.1729,-0.17,0.92,-0.41,11.11,-14.77,-14.04,1.0214695296483396,23.210053856034026,"-0.17,0.92,-0.41,11.11,-14.77,-14.04",hong_jean,near_miss,(near miss) HJ motion_data.csv
2660,2026-07-27T13:21:43.807,106.632811,0.8117,-0.17,0.92,-0.38,23.68,-47.3,-3.11,1.00980196078241,52.9877768924117,"-0.17,0.92,-0.38,23.68,-47.30,-3.11",hong_jean,near_miss,(near miss) HJ motion_data.csv
2661,2026-07-27T13:21:43.808,106.633757,0.9456,-0.16,0.92,-0.35,34.61,-67.93,-1.89,0.9972462083156797,76.26210789114081,"-0.16,0.92,-0.35,34.61,-67.93,-1.89",hong_jean,near_miss,(near miss) HJ motion_data.csv
2662,2026-07-27T13:21:43.808,106.63473,0.9738,-0.14,0.91,-0.33,35.95,-73.79,-6.41,0.9780593029055038,82.33137129915912,"-0.14,0.91,-0.33,35.95,-73.79,-6.41",hong_jean,near_miss,(near miss) HJ motion_data.csv
2663,2026-07-27T13:21:43.809,106.635219,0.4888,-0.11,0.92,-0.35,22.09,-57.62,-15.56,0.9904544411531506,63.6407581664455,"-0.11,0.92,-0.35,22.09,-57.62,-15.56",hong_jean,near_miss,(near miss) HJ motion_data.csv
2664,2026-07-27T13:21:43.810,106.636015,0.7954,-0.1,0.94,-0.39,-2.38,-17.82,-27.4,1.0225947388873073,32.77158525308167,"-0.10,0.94,-0.39,-2.38,-17.82,-27.40",hong_jean,near_miss,(near miss) HJ motion_data.csv
2665,2026-07-27T13:21:43.925,106.751463,115.4488,-0.1,0.91,-0.42,-21.48,23.93,-32.53,1.0072239075796403,45.740968507455115,"-0.10,0.91,-0.42,-21.48,23.93,-32.53",hong_jean,near_miss,(near miss) HJ motion_data.csv
2666,2026-07-27T13:21:43.926,106.752025,0.562,-0.13,0.88,-0.47,-2.14,-35.1,17.33,1.006081507632458,39.20355213497879,"-0.13,0.88,-0.47,-2.14,-35.10,17.33",hong_jean,near_miss,(near miss) HJ motion_data.csv
2667,2026-07-27T13:21:43.927,106.752843,0.8174,-0.17,0.89,-0.52,-2.14,-35.1,17.33,1.0447009141376302,39.20355213497879,"-0.17,0.89,-0.52,-2.14,-35.10,17.33",hong_jean,near_miss,(near miss) HJ motion_data.csv
2668,2026-07-27T13:21:44.045,106.871666,118.8236,-0.19,0.96,-0.51,8.54,-21.12,29.17,1.1035397591387452,37.01182108462106,"-0.19,0.96,-0.51,8.54,-21.12,29.17",hong_jean,near_miss,(near miss) HJ motion_data.csv
2669,2026-07-27T13:21:44.046,106.872531,0.8647,-0.16,1.05,-0.48,-3.78,42.48,17.64,1.1655470818461175,46.152014040559486,"-0.16,1.05,-0.48,-3.78,42.48,17.64",hong_jean,near_miss,(near miss) HJ motion_data.csv
2670,2026-07-27T13:21:44.047,106.873064,0.5331,-0.12,1.0,-0.42,2.2,44.68,42.11,1.0912378292562992,61.43610095049978,"-0.12,1.00,-0.42,2.20,44.68,42.11",hong_jean,near_miss,(near miss) HJ motion_data.csv
2671,2026-07-27T13:21:44.285,107.11135,238.2858,-0.14,0.92,-0.39,31.31,-16.24,93.02,1.0090094152187083,99.48253163244289,"-0.14,0.92,-0.39,31.31,-16.24,93.02",hong_jean,near_miss,(near miss) HJ motion_data.csv
2672,2026-07-27T13:21:44.286,107.112155,0.8048,-0.24,1.0,-0.41,59.08,-74.46,125.98,1.107113363662457,157.8153934190198,"-0.24,1.00,-0.41,59.08,-74.46,125.98",hong_jean,near_miss,(near miss) HJ motion_data.csv
2673,2026-07-27T13:21:44.286,107.112408,0.2532,-0.31,1.16,-0.26,47.73,-71.53,120.48,1.2285357137665962,148.02068841888286,"-0.31,1.16,-0.26,47.73,-71.53,120.48",hong_jean,near_miss,(near miss) HJ motion_data.csv
2674,2026-07-27T13:21:44.287,107.113155,0.7468,-0.28,1.03,-0.03,4.46,-1.28,85.82,1.067801479676817,85.94534542370516,"-0.28,1.03,-0.03,4.46,-1.28,85.82",hong_jean,near_miss,(near miss) HJ motion_data.csv
2675,2026-07-27T13:21:44.288,107.113861,0.7064,-0.3,0.9,-0.09,-26.67,57.07,51.7,0.9529428104561155,81.49333592386559,"-0.30,0.90,-0.09,-26.67,57.07,51.70",hong_jean,near_miss,(near miss) HJ motion_data.csv
2676,2026-07-27T13:21:44.288,107.114349,0.4878,-0.32,0.82,-0.18,-27.83,50.23,34.91,0.8984430978086481,67.20319858459119,"-0.32,0.82,-0.18,-27.83,50.23,34.91",hong_jean,near_miss,(near miss) HJ motion_data.csv
2677,2026-07-27T13:21:44.405,107.231033,116.6842,-0.25,0.79,-0.23,-6.16,7.51,19.59,0.8599418584997477,21.865813499616245,"-0.25,0.79,-0.23,-6.16,7.51,19.59",hong_jean,near_miss,(near miss) HJ motion_data.csv
2678,2026-07-27T13:21:44.406,107.232025,0.9915,-0.13,0.74,-0.21,13.06,-27.53,-2.81,0.7801281945936834,30.60000980392,"-0.13,0.74,-0.21,13.06,-27.53,-2.81",hong_jean,near_miss,(near miss) HJ motion_data.csv
2679,2026-07-27T13:21:44.406,107.232426,0.4017,-0.02,0.75,-0.24,11.6,-24.17,-29.97,0.7877182237323191,40.2113143281838,"-0.02,0.75,-0.24,11.60,-24.17,-29.97",hong_jean,near_miss,(near miss) HJ motion_data.csv
2680,2026-07-27T13:21:44.525,107.35134,118.9136,0.19,0.92,-0.39,3.78,-11.47,-50.54,1.017152889196113,51.96288002026061,"0.19,0.92,-0.39,3.78,-11.47,-50.54",hong_jean,near_miss,(near miss) HJ motion_data.csv
2681,2026-07-27T13:21:44.526,107.351941,0.6012,0.31,1.02,-0.56,-8.48,10.19,-55.48,1.2042009799032718,57.04188724086888,"0.31,1.02,-0.56,-8.48,10.19,-55.48",hong_jean,near_miss,(near miss) HJ motion_data.csv
2682,2026-07-27T13:21:44.526,107.352056,0.1152,0.16,0.91,-0.59,-24.54,60.49,-46.69,1.0962663909835053,80.25713550831478,"0.16,0.91,-0.59,-24.54,60.49,-46.69",hong_jean,near_miss,(near miss) HJ motion_data.csv
2683,2026-07-27T13:21:44.765,107.591462,239.4058,-0.13,0.84,-0.48,-10.8,71.66,-27.34,0.9761659694949419,77.454962397512,"-0.13,0.84,-0.48,-10.80,71.66,-27.34",hong_jean,near_miss,(near miss) HJ motion_data.csv
2684,2026-07-27T13:21:44.767,107.593737,2.2748,-0.24,1.19,-0.25,36.8,3.3,-12.21,1.2394353553130555,38.91290402938336,"-0.24,1.19,-0.25,36.80,3.30,-12.21",hong_jean,near_miss,(near miss) HJ motion_data.csv
2685,2026-07-27T13:21:44.768,107.594025,0.2879,-0.15,1.54,-0.15,47.49,-68.12,-4.46,1.5545417331162261,83.15964225512278,"-0.15,1.54,-0.15,47.49,-68.12,-4.46",hong_jean,near_miss,(near miss) HJ motion_data.csv
2686,2026-07-27T13:21:44.768,107.594548,0.5226,-0.18,1.17,-0.24,2.08,-49.56,2.99,1.2078493283518437,49.69366257381317,"-0.18,1.17,-0.24,2.08,-49.56,2.99",hong_jean,near_miss,(near miss) HJ motion_data.csv
2687,2026-07-27T13:21:44.887,107.712655,118.1072,-0.32,0.59,-0.3,-12.63,-25.45,13.06,0.735187051028512,31.269521902325273,"-0.32,0.59,-0.30,-12.63,-25.45,13.06",hong_jean,near_miss,(near miss) HJ motion_data.csv
2688,2026-07-27T13:21:44.887,107.713225,0.5702,-0.39,0.58,-0.34,4.21,-49.5,11.84,0.7772387020729217,51.07014489895246,"-0.39,0.58,-0.34,4.21,-49.50,11.84",hong_jean,near_miss,(near miss) HJ motion_data.csv
2689,2026-07-27T13:21:44.888,107.71417,0.9448,-0.4,0.81,-0.39,-3.78,-36.93,-7.63,0.9839715443040008,37.898947214929336,"-0.40,0.81,-0.39,-3.78,-36.93,-7.63",hong_jean,near_miss,(near miss) HJ motion_data.csv
2690,2026-07-27T13:21:44.889,107.71498,0.8106,-0.34,0.9,-0.41,-21.67,-0.24,-25.63,1.0458011283222064,33.5640194255694,"-0.34,0.90,-0.41,-21.67,-0.24,-25.63",hong_jean,near_miss,(near miss) HJ motion_data.csv
2691,2026-07-27T13:21:44.889,107.715157,0.1771,-0.27,0.92,-0.45,-29.48,19.53,-34.97,1.0591506030777682,49.73321023219796,"-0.27,0.92,-0.45,-29.48,19.53,-34.97",hong_jean,near_miss,(near miss) HJ motion_data.csv
2692,2026-07-27T13:21:44.945,107.771271,56.1138,-0.21,0.87,-0.47,-30.64,35.16,-42.97,1.0108906963663282,63.41495170699099,"-0.21,0.87,-0.47,-30.64,35.16,-42.97",hong_jean,near_miss,(near miss) HJ motion_data.csv
2693,2026-07-27T13:21:45.065,107.891309,120.0381,-0.19,0.82,-0.45,-27.59,59.69,-53.47,0.9544631999192006,84.75343709844456,"-0.19,0.82,-0.45,-27.59,59.69,-53.47",hong_jean,near_miss,(near miss) HJ motion_data.csv
2694,2026-07-27T13:21:45.066,107.891849,0.5399,-0.2,0.84,-0.43,-17.76,63.29,-52.92,0.9646242791885346,84.38938381099841,"-0.20,0.84,-0.43,-17.76,63.29,-52.92",hong_jean,near_miss,(near miss) HJ motion_data.csv
2695,2026-07-27T13:21:45.066,107.892395,0.5462,-0.23,0.89,-0.4,-0.43,20.14,-31.98,1.002496882788171,37.79583178076651,"-0.23,0.89,-0.40,-0.43,20.14,-31.98",hong_jean,near_miss,(near miss) HJ motion_data.csv
2696,2026-07-27T13:21:45.125,107.951405,59.0101,-0.24,0.9,-0.37,15.93,-35.28,-8.36,1.0022474744293446,39.60218302063662,"-0.24,0.90,-0.37,15.93,-35.28,-8.36",hong_jean,near_miss,(near miss) HJ motion_data.csv
2697,2026-07-27T13:21:45.126,107.951818,0.4121,-0.24,0.9,-0.35,19.71,-55.79,-2.99,0.9950376877284598,59.24481665091048,"-0.24,0.90,-0.35,19.71,-55.79,-2.99",hong_jean,near_miss,(near miss) HJ motion_data.csv
2698,2026-07-27T13:21:45.245,108.071196,119.3782,-0.19,0.9,-0.35,10.56,-36.44,-17.09,0.9841747812253675,41.610759425898486,"-0.19,0.90,-0.35,10.56,-36.44,-17.09",hong_jean,near_miss,(near miss) HJ motion_data.csv
2699,2026-07-27T13:21:45.305,108.131337,60.1409,-0.12,0.9,-0.38,-5.86,-5.13,-35.89,0.9842763839491426,36.72531279648956,"-0.12,0.90,-0.38,-5.86,-5.13,-35.89",hong_jean,near_miss,(near miss) HJ motion_data.csv
2700,2026-07-27T13:21:45.306,108.131916,0.5793,-0.04,0.89,-0.45,-24.23,21.36,-46.39,0.9980981915623333,56.5276445644076,"-0.04,0.89,-0.45,-24.23,21.36,-46.39",hong_jean,near_miss,(near miss) HJ motion_data.csv
2701,2026-07-27T13:21:45.306,108.132543,0.627,-0.04,0.85,-0.5,-32.04,50.66,-44.74,0.9869650449737316,74.79749193656161,"-0.04,0.85,-0.50,-32.04,50.66,-44.74",hong_jean,near_miss,(near miss) HJ motion_data.csv
2702,2026-07-27T13:21:45.425,108.251741,119.1983,-0.13,0.93,-0.54,-18.92,57.74,-17.27,1.0832358930537707,63.167451270413,"-0.13,0.93,-0.54,-18.92,57.74,-17.27",hong_jean,near_miss,(near miss) HJ motion_data.csv
2703,2026-07-27T13:21:45.426,108.252424,0.6826,-0.23,1.09,-0.54,5.0,19.53,38.7,1.2379822292747178,43.6361192133306,"-0.23,1.09,-0.54,5.00,19.53,38.70",hong_jean,near_miss,(near miss) HJ motion_data.csv
2704,2026-07-27T13:21:45.427,108.253017,0.5932,-0.27,1.05,-0.44,25.51,-36.07,97.29,1.1700427342623003,106.85106035973627,"-0.27,1.05,-0.44,25.51,-36.07,97.29",hong_jean,near_miss,(near miss) HJ motion_data.csv
2705,2026-07-27T13:21:45.546,108.371777,118.7601,-0.21,0.91,-0.16,44.37,-95.28,143.8,0.9475230867899737,178.1162971207295,"-0.21,0.91,-0.16,44.37,-95.28,143.80",hong_jean,near_miss,(near miss) HJ motion_data.csv
2706,2026-07-27T13:21:45.547,108.372928,1.1511,-0.18,0.99,0.0,42.05,-122.92,155.4,1.0062305898749053,202.5504601327778,"-0.18,0.99,0.00,42.05,-122.92,155.40",hong_jean,near_miss,(near miss) HJ motion_data.csv
2707,2026-07-27T13:21:45.547,108.373475,0.5465,-0.22,1.14,-0.21,17.09,-52.98,104.37,1.179872874508097,118.2879765656679,"-0.22,1.14,-0.21,17.09,-52.98,104.37",hong_jean,near_miss,(near miss) HJ motion_data.csv
2708,2026-07-27T13:21:45.605,108.431192,57.7174,-0.22,1.14,-0.37,0.24,35.89,45.04,1.2185647295076285,57.5912432579815,"-0.22,1.14,-0.37,0.24,35.89,45.04",hong_jean,near_miss,(near miss) HJ motion_data.csv
2709,2026-07-27T13:21:45.845,108.671103,239.9108,-0.2,0.97,-0.3,-12.27,54.75,31.86,1.034842983258813,64.52267043450698,"-0.20,0.97,-0.30,-12.27,54.75,31.86",hong_jean,near_miss,(near miss) HJ motion_data.csv
2710,2026-07-27T13:21:45.845,108.671631,0.5279,-0.16,0.83,-0.17,-22.16,51.15,31.68,0.8622064717919948,64.11716228904707,"-0.16,0.83,-0.17,-22.16,51.15,31.68",hong_jean,near_miss,(near miss) HJ motion_data.csv
2711,2026-07-27T13:21:45.846,108.672165,0.5337,-0.22,0.8,-0.19,-14.22,57.74,15.5,0.8511756575466666,61.45214398212645,"-0.22,0.80,-0.19,-14.22,57.74,15.50",hong_jean,near_miss,(near miss) HJ motion_data.csv
2712,2026-07-27T13:21:45.847,108.672862,0.697,-0.32,0.79,-0.25,15.2,51.76,-9.46,0.8882567196480982,54.76887072051056,"-0.32,0.79,-0.25,15.20,51.76,-9.46",hong_jean,near_miss,(near miss) HJ motion_data.csv
2713,2026-07-27T13:21:45.847,108.673344,0.4827,-0.13,0.88,-0.23,48.1,7.81,-35.16,0.9188035698668133,60.090196371787634,"-0.13,0.88,-0.23,48.10,7.81,-35.16",hong_jean,near_miss,(near miss) HJ motion_data.csv
2714,2026-07-27T13:21:45.848,108.674427,1.0831,0.26,1.04,-0.33,48.1,-23.07,-58.23,1.121650569473399,78.97194311905969,"0.26,1.04,-0.33,48.10,-23.07,-58.23",hong_jean,near_miss,(near miss) HJ motion_data.csv
2715,2026-07-27T13:21:45.849,108.675012,0.5845,0.35,1.04,-0.5,12.88,20.94,-68.85,1.205860688471102,73.10745857981934,"0.35,1.04,-0.50,12.88,20.94,-68.85",hong_jean,near_miss,(near miss) HJ motion_data.csv
2716,2026-07-27T13:21:45.905,108.730953,55.9415,0.01,0.95,-0.43,-17.88,85.51,-53.89,1.0428326807307104,102.64397985269278,"0.01,0.95,-0.43,-17.88,85.51,-53.89",hong_jean,near_miss,(near miss) HJ motion_data.csv
2717,2026-07-27T13:21:45.965,108.791546,60.5924,-0.38,0.91,-0.22,-25.21,88.07,-30.27,1.0103959619871805,96.47871215972982,"-0.38,0.91,-0.22,-25.21,88.07,-30.27",hong_jean,near_miss,(near miss) HJ motion_data.csv
2718,2026-07-27T13:21:45.966,108.792301,0.7548,-0.45,0.99,-0.17,-14.16,34.3,-26.73,1.1006816070054046,45.7327945789452,"-0.45,0.99,-0.17,-14.16,34.30,-26.73",hong_jean,near_miss,(near miss) HJ motion_data.csv
2719,2026-07-27T13:21:46.025,108.851619,59.3184,-0.29,1.0,-0.26,-3.6,-11.84,-33.45,1.0731728658515367,35.66578332239459,"-0.29,1.00,-0.26,-3.60,-11.84,-33.45",hong_jean,near_miss,(near miss) HJ motion_data.csv
2720,2026-07-27T13:21:46.085,108.911402,59.7832,-0.2,0.89,-0.34,-4.7,-19.9,-30.58,0.9734988443752771,36.78636160318114,"-0.20,0.89,-0.34,-4.70,-19.90,-30.58",hong_jean,near_miss,(near miss) HJ motion_data.csv
2721,2026-07-27T13:21:46.092,108.918115,6.7127,-0.18,0.82,-0.36,-3.97,-16.48,-24.23,0.9134549797335388,29.571002688444636,"-0.18,0.82,-0.36,-3.97,-16.48,-24.23",hong_jean,near_miss,(near miss) HJ motion_data.csv
2722,2026-07-27T13:21:46.146,108.971746,53.6313,-0.2,0.86,-0.38,-2.14,-9.95,-26.25,0.9612491872558332,28.153944661450197,"-0.20,0.86,-0.38,-2.14,-9.95,-26.25",hong_jean,near_miss,(near miss) HJ motion_data.csv
2723,2026-07-27T13:21:46.385,109.210894,239.1473,-0.22,0.93,-0.4,-9.83,6.96,-31.25,1.036001930500132,33.49078977868393,"-0.22,0.93,-0.40,-9.83,6.96,-31.25",hong_jean,near_miss,(near miss) HJ motion_data.csv
2724,2026-07-27T13:21:46.924,109.750611,539.7177,-0.22,0.93,-0.43,-25.09,21.48,-29.79,1.047950380504726,44.478563376080395,"-0.22,0.93,-0.43,-25.09,21.48,-29.79",hong_jean,near_miss,(near miss) HJ motion_data.csv
2725,2026-07-27T13:21:46.929,109.755216,4.6051,-0.19,0.85,-0.46,-34.18,26.79,-26.79,0.9849873095629201,51.02627362447703,"-0.19,0.85,-0.46,-34.18,26.79,-26.79",hong_jean,near_miss,(near miss) HJ motion_data.csv
2726,2026-07-27T13:21:46.930,109.755767,0.5503,-0.17,0.79,-0.53,-28.2,13.92,-21.85,0.9663850164401351,38.2939799446336,"-0.17,0.79,-0.53,-28.20,13.92,-21.85",hong_jean,near_miss,(near miss) HJ motion_data.csv
2727,2026-07-27T13:21:46.930,109.755837,0.0703,-0.21,0.81,-0.56,-11.54,-23.99,-5.19,1.0068763578513502,27.122459328018174,"-0.21,0.81,-0.56,-11.54,-23.99,-5.19",hong_jean,near_miss,(near miss) HJ motion_data.csv
2728,2026-07-27T13:21:46.930,109.756707,0.8697,-0.29,0.84,-0.46,7.26,-54.87,11.11,1.000649788887201,56.45225061943943,"-0.29,0.84,-0.46,7.26,-54.87,11.11",hong_jean,near_miss,(near miss) HJ motion_data.csv
2729,2026-07-27T13:21:46.931,109.757729,1.0221,-0.32,0.88,-0.34,16.36,-51.94,6.47,0.9961927524329818,54.83861869157538,"-0.32,0.88,-0.34,16.36,-51.94,6.47",hong_jean,near_miss,(near miss) HJ motion_data.csv
2730,2026-07-27T13:21:46.932,109.75834,0.6111,-0.25,0.89,-0.3,11.05,-30.64,-16.17,0.9719053451854249,36.3645569201661,"-0.25,0.89,-0.30,11.05,-30.64,-16.17",hong_jean,near_miss,(near miss) HJ motion_data.csv
2731,2026-07-27T13:21:46.933,109.75877,0.43,-0.12,0.91,-0.37,-7.69,-2.08,-41.63,0.9896464014990405,42.38536775822525,"-0.12,0.91,-0.37,-7.69,-2.08,-41.63",hong_jean,near_miss,(near miss) HJ motion_data.csv
2732,2026-07-27T13:21:46.933,109.759368,0.5982,-0.07,0.9,-0.59,-37.6,30.76,-57.19,1.078424777163433,75.03754860068392,"-0.07,0.90,-0.59,-37.60,30.76,-57.19",hong_jean,near_miss,(near miss) HJ motion_data.csv
2733,2026-07-27T13:21:46.934,109.760398,1.0299,-0.11,0.81,-0.76,-44.25,19.65,-40.83,1.1161541112229978,63.33461849573265,"-0.11,0.81,-0.76,-44.25,19.65,-40.83",hong_jean,near_miss,(near miss) HJ motion_data.csv
2734,2026-07-27T13:21:46.935,109.76078,0.3817,-0.15,0.85,-0.59,-0.55,-24.96,-0.85,1.0455142275454694,24.980524414031024,"-0.15,0.85,-0.59,-0.55,-24.96,-0.85",hong_jean,near_miss,(near miss) HJ motion_data.csv
2735,2026-07-27T13:21:46.935,109.761283,0.5038,-0.2,1.13,-0.19,32.71,8.36,13.31,1.1631852818876276,36.2903540903089,"-0.20,1.13,-0.19,32.71,8.36,13.31",hong_jean,near_miss,(near miss) HJ motion_data.csv
2736,2026-07-27T13:21:46.936,109.761995,0.7115,-0.29,1.19,-0.05,-0.67,78.67,20.2,1.2258466462000865,81.22473637999695,"-0.29,1.19,-0.05,-0.67,78.67,20.20",hong_jean,near_miss,(near miss) HJ motion_data.csv
2737,2026-07-27T13:21:46.936,109.762718,0.7232,-0.31,0.94,-0.12,-34.18,-0.73,77.27,0.9970456358662826,84.49531466300364,"-0.31,0.94,-0.12,-34.18,-0.73,77.27",hong_jean,near_miss,(near miss) HJ motion_data.csv
2738,2026-07-27T13:21:46.937,109.763547,0.8287,-0.31,0.75,-0.18,49.5,-211.06,138.18,0.8312640976248162,257.08031040902375,"-0.31,0.75,-0.18,49.50,-211.06,138.18",hong_jean,near_miss,(near miss) HJ motion_data.csv
2739,2026-07-27T13:21:46.938,109.764065,0.518,-0.28,0.88,-0.27,87.77,-87.46,65.73,0.9621330469326994,140.2613895553584,"-0.28,0.88,-0.27,87.77,-87.46,65.73",hong_jean,near_miss,(near miss) HJ motion_data.csv
2740,2026-07-27T13:21:46.938,109.764658,0.593,-0.04,1.26,-0.22,68.42,13.92,24.48,1.2796874618437113,73.98873698070538,"-0.04,1.26,-0.22,68.42,13.92,24.48",hong_jean,near_miss,(near miss) HJ motion_data.csv
2741,2026-07-27T13:21:46.939,109.765297,0.6389,0.12,1.42,-0.06,-5.43,65.31,31.37,1.4263239463740347,72.65643742986578,"0.12,1.42,-0.06,-5.43,65.31,31.37",hong_jean,near_miss,(near miss) HJ motion_data.csv
2742,2026-07-27T13:21:46.939,109.765609,0.3123,-0.02,1.19,0.06,-66.89,90.21,43.88,1.1916794871105234,120.57184828972308,"-0.02,1.19,0.06,-66.89,90.21,43.88",hong_jean,near_miss,(near miss) HJ motion_data.csv
2743,2026-07-27T13:21:47.105,109.931327,165.7179,-0.26,0.89,0.06,-59.51,59.81,43.58,0.9291393867445293,94.96258526388169,"-0.26,0.89,0.06,-59.51,59.81,43.58",hong_jean,near_miss,(near miss) HJ motion_data.csv
2744,2026-07-27T13:21:47.225,110.051097,119.7696,-0.39,0.72,-0.08,-2.75,-24.66,34.12,0.8227393268830656,42.18829814059818,"-0.39,0.72,-0.08,-2.75,-24.66,34.12",hong_jean,near_miss,(near miss) HJ motion_data.csv
2745,2026-07-27T13:21:47.225,110.051449,0.352,-0.29,0.77,-0.22,46.14,-105.16,20.26,0.8517041739947033,116.61043178035145,"-0.29,0.77,-0.22,46.14,-105.16,20.26",hong_jean,near_miss,(near miss) HJ motion_data.csv
2746,2026-07-27T13:21:47.226,110.052739,1.291,-0.07,0.92,-0.24,50.42,-113.16,0.79,0.9533624704172071,123.88698922808642,"-0.07,0.92,-0.24,50.42,-113.16,0.79",hong_jean,near_miss,(near miss) HJ motion_data.csv
2747,2026-07-27T13:21:47.227,110.053165,0.4254,0.14,0.96,-0.24,23.32,-58.78,-21.18,0.9993998198919188,66.68960338763456,"0.14,0.96,-0.24,23.32,-58.78,-21.18",hong_jean,near_miss,(near miss) HJ motion_data.csv
2748,2026-07-27T13:21:47.285,110.110802,57.6374,0.15,0.98,-0.38,0.37,-9.52,-34.3,1.0617438485811914,35.59855755504708,"0.15,0.98,-0.38,0.37,-9.52,-34.30",hong_jean,near_miss,(near miss) HJ motion_data.csv
2749,2026-07-27T13:21:47.345,110.171183,60.3803,0.11,0.95,-0.47,-9.64,17.33,-34.67,1.065598423422257,39.94079869006127,"0.11,0.95,-0.47,-9.64,17.33,-34.67",hong_jean,near_miss,(near miss) HJ motion_data.csv
2750,2026-07-27T13:21:47.585,110.411384,240.2011,0.04,0.87,-0.49,-13.55,41.63,-28.32,0.9992997548283498,52.14098004449092,"0.04,0.87,-0.49,-13.55,41.63,-28.32",hong_jean,near_miss,(near miss) HJ motion_data.csv
2751,2026-07-27T13:21:47.586,110.411908,0.524,0.04,0.84,-0.45,-3.97,47.49,-20.87,0.9537819457297354,52.02516602568415,"0.04,0.84,-0.45,-3.97,47.49,-20.87",hong_jean,near_miss,(near miss) HJ motion_data.csv
2752,2026-07-27T13:21:47.705,110.531124,119.2163,0.08,0.89,-0.41,24.05,14.59,-15.93,0.9831581764904364,32.327008831625605,"0.08,0.89,-0.41,24.05,14.59,-15.93",hong_jean,near_miss,(near miss) HJ motion_data.csv
2753,2026-07-27T13:21:47.706,110.532345,1.2215,0.03,1.03,-0.42,50.72,-42.36,-13.49,1.1127443551867606,67.44529709327404,"0.03,1.03,-0.42,50.72,-42.36,-13.49",hong_jean,near_miss,(near miss) HJ motion_data.csv
2754,2026-07-27T13:21:47.707,110.53323,0.8846,-0.05,1.19,-0.45,57.92,-91.37,-6.71,1.2732242536175629,108.38924024090215,"-0.05,1.19,-0.45,57.92,-91.37,-6.71",hong_jean,near_miss,(near miss) HJ motion_data.csv
2755,2026-07-27T13:21:47.708,110.533909,0.6785,-0.1,1.13,-0.28,36.62,-99.24,2.93,1.1684605256490266,105.82148600355222,"-0.10,1.13,-0.28,36.62,-99.24,2.93",hong_jean,near_miss,(near miss) HJ motion_data.csv
2756,2026-07-27T13:21:47.708,110.53457,0.6616,-0.2,0.85,-0.12,-2.44,-51.82,1.71,0.8814193099768123,51.905588331122885,"-0.20,0.85,-0.12,-2.44,-51.82,1.71",hong_jean,near_miss,(near miss) HJ motion_data.csv
2757,2026-07-27T13:21:47.709,110.535224,0.6535,-0.3,0.71,-0.22,-10.31,-15.87,-6.59,0.8015609770940698,20.03948851642676,"-0.30,0.71,-0.22,-10.31,-15.87,-6.59",hong_jean,near_miss,(near miss) HJ motion_data.csv
2758,2026-07-27T13:21:47.710,110.535833,0.6089,-0.35,0.81,-0.34,5.55,-37.66,-6.1,0.9456214887575262,38.55240718813807,"-0.35,0.81,-0.34,5.55,-37.66,-6.10",hong_jean,near_miss,(near miss) HJ motion_data.csv
2759,2026-07-27T13:21:47.710,110.536367,0.5341,-0.33,0.88,-0.39,3.72,-61.89,-0.24,1.0175460677532,62.00216205907662,"-0.33,0.88,-0.39,3.72,-61.89,-0.24",hong_jean,near_miss,(near miss) HJ motion_data.csv
2760,2026-07-27T13:21:47.710,110.536475,0.1083,-0.3,0.88,-0.39,-8.3,-49.62,1.04,1.0082162466455298,50.32013513495368,"-0.30,0.88,-0.39,-8.30,-49.62,1.04",hong_jean,near_miss,(near miss) HJ motion_data.csv
2761,2026-07-27T13:21:47.711,110.537161,0.6865,-0.34,0.87,-0.39,-13.0,-29.48,3.23,1.0122252713699653,32.38060067386027,"-0.34,0.87,-0.39,-13.00,-29.48,3.23",hong_jean,near_miss,(near miss) HJ motion_data.csv
2762,2026-07-27T13:21:48.066,110.891783,354.6211,-0.35,0.87,-0.43,-11.11,-25.82,7.51,1.031649165171959,29.094752104116647,"-0.35,0.87,-0.43,-11.11,-25.82,7.51",hong_jean,near_miss,(near miss) HJ motion_data.csv
2763,2026-07-27T13:21:48.244,111.070409,178.6266,-0.31,0.87,-0.48,-11.47,-18.55,2.69,1.0408650248711404,21.974974402715468,"-0.31,0.87,-0.48,-11.47,-18.55,2.69",hong_jean,near_miss,(near miss) HJ motion_data.csv
2764,2026-07-27T13:21:48.248,111.074362,3.9525,-0.26,0.87,-0.48,-4.64,-27.47,-1.95,1.0270832488167645,27.927280569364427,"-0.26,0.87,-0.48,-4.64,-27.47,-1.95",hong_jean,near_miss,(near miss) HJ motion_data.csv
2765,2026-07-27T13:21:48.249,111.075105,0.7434,-0.22,0.87,-0.43,15.08,-75.87,8.36,0.9950879358127099,77.8045814846401,"-0.22,0.87,-0.43,15.08,-75.87,8.36",hong_jean,near_miss,(near miss) HJ motion_data.csv
2766,2026-07-27T13:21:48.250,111.07646,1.3548,-0.21,0.88,-0.39,29.42,-114.56,21.36,0.985190336940025,120.19059696997931,"-0.21,0.88,-0.39,29.42,-114.56,21.36",hong_jean,near_miss,(near miss) HJ motion_data.csv
2767,2026-07-27T13:21:48.252,111.077789,1.3292,-0.2,0.9,-0.38,26.25,-110.6,22.46,0.9971960689854328,115.87007422108609,"-0.20,0.90,-0.38,26.25,-110.60,22.46",hong_jean,near_miss,(near miss) HJ motion_data.csv
2768,2026-07-27T13:21:48.252,111.078289,0.5004,-0.16,0.91,-0.39,13.73,-83.68,12.51,1.0028958071504737,85.71671598935649,"-0.16,0.91,-0.39,13.73,-83.68,12.51",hong_jean,near_miss,(near miss) HJ motion_data.csv
2769,2026-07-27T13:21:48.252,111.078426,0.1361,-0.14,0.92,-0.41,-0.06,-53.22,0.37,1.0169070754006975,53.221319976114835,"-0.14,0.92,-0.41,-0.06,-53.22,0.37",hong_jean,near_miss,(near miss) HJ motion_data.csv
2770,2026-07-27T13:21:48.253,111.078749,0.3236,-0.16,0.91,-0.41,-9.7,-34.67,-5.13,1.0108412338245805,36.36503540490508,"-0.16,0.91,-0.41,-9.70,-34.67,-5.13",hong_jean,near_miss,(near miss) HJ motion_data.csv
2771,2026-07-27T13:21:48.253,111.079005,0.2554,-0.18,0.89,-0.39,-11.29,-39.12,-2.81,0.9882307422864358,40.81341201124943,"-0.18,0.89,-0.39,-11.29,-39.12,-2.81",hong_jean,near_miss,(near miss) HJ motion_data.csv
2772,2026-07-27T13:21:48.253,111.079353,0.3484,-0.18,0.87,-0.37,-10.8,-49.68,-0.12,0.9623928511787689,50.84050353802566,"-0.18,0.87,-0.37,-10.80,-49.68,-0.12",hong_jean,near_miss,(near miss) HJ motion_data.csv
2773,2026-07-27T13:21:48.253,111.079619,0.266,-0.2,0.87,-0.38,-18.68,-46.81,0.49,0.9702061636580135,50.401970199586444,"-0.20,0.87,-0.38,-18.68,-46.81,0.49",hong_jean,near_miss,(near miss) HJ motion_data.csv
2774,2026-07-27T13:21:48.254,111.080024,0.4045,-0.2,0.88,-0.41,-30.46,-41.63,1.95,0.9912113800799505,51.62045137346244,"-0.20,0.88,-0.41,-30.46,-41.63,1.95",hong_jean,near_miss,(near miss) HJ motion_data.csv
2775,2026-07-27T13:21:48.254,111.080306,0.2828,-0.1,0.85,-0.44,-32.59,-33.39,0.37,0.9623408959407264,46.65980175697278,"-0.10,0.85,-0.44,-32.59,-33.39,0.37",hong_jean,near_miss,(near miss) HJ motion_data.csv
2776,2026-07-27T13:21:48.365,111.191682,111.3761,-0.02,0.84,-0.48,-23.56,-4.64,-6.53,0.9676776322722356,24.88461572940197,"-0.02,0.84,-0.48,-23.56,-4.64,-6.53",hong_jean,near_miss,(near miss) HJ motion_data.csv
2777,2026-07-27T13:21:48.366,111.192356,0.6739,-0.06,0.97,-0.52,-10.62,29.72,-5.37,1.102225022397877,32.01405472601057,"-0.06,0.97,-0.52,-10.62,29.72,-5.37",hong_jean,near_miss,(near miss) HJ motion_data.csv
2778,2026-07-27T13:21:48.367,111.192941,0.5847,-0.19,1.09,-0.52,9.7,41.75,16.54,1.2225383429569807,45.942617470057144,"-0.19,1.09,-0.52,9.70,41.75,16.54",hong_jean,near_miss,(near miss) HJ motion_data.csv
2779,2026-07-27T13:21:48.425,111.251639,58.6977,-0.29,1.0,-0.42,45.9,20.51,59.33,1.1227199116431488,77.76579582309951,"-0.29,1.00,-0.42,45.90,20.51,59.33",hong_jean,near_miss,(near miss) HJ motion_data.csv
2780,2026-07-27T13:21:48.485,111.311176,59.5377,-0.25,1.03,-0.19,99.67,-40.71,105.9,1.0768008172359453,151.0172937116806,"-0.25,1.03,-0.19,99.67,-40.71,105.90",hong_jean,near_miss,(near miss) HJ motion_data.csv
2781,2026-07-27T13:21:48.785,111.611269,300.0931,0.01,1.34,0.16,144.59,-154.24,128.72,1.349555482371881,247.51784602327163,"0.01,1.34,0.16,144.59,-154.24,128.72",hong_jean,near_miss,(near miss) HJ motion_data.csv
2782,2026-07-27T13:21:48.786,111.611896,0.6267,0.1,1.44,0.18,114.07,-146.3,102.05,1.4546477236774544,211.73062461533522,"0.10,1.44,0.18,114.07,-146.30,102.05",hong_jean,near_miss,(near miss) HJ motion_data.csv
2783,2026-07-27T13:21:48.786,111.612625,0.7288,-0.15,1.14,-0.11,6.35,40.34,49.68,1.155075755091414,64.30972321507845,"-0.15,1.14,-0.11,6.35,40.34,49.68",hong_jean,near_miss,(near miss) HJ motion_data.csv
2784,2026-07-27T13:21:48.787,111.613344,0.7188,-0.32,0.82,-0.22,-78.12,160.46,17.33,0.9073036977771004,179.30553505120807,"-0.32,0.82,-0.22,-78.12,160.46,17.33",hong_jean,near_miss,(near miss) HJ motion_data.csv
2785,2026-07-27T13:21:48.788,111.614135,0.7917,-0.34,0.71,-0.21,-73.24,137.51,3.23,0.8147392220827472,155.83173810235192,"-0.34,0.71,-0.21,-73.24,137.51,3.23",hong_jean,near_miss,(near miss) HJ motion_data.csv
2786,2026-07-27T13:21:48.788,111.6146,0.4649,-0.26,0.77,-0.2,-14.95,50.23,-5.0,0.8369587803470372,52.64556391568049,"-0.26,0.77,-0.20,-14.95,50.23,-5.00",hong_jean,near_miss,(near miss) HJ motion_data.csv
2787,2026-07-27T13:21:48.789,111.615155,0.5547,-0.12,0.92,-0.18,33.33,-34.24,-9.09,0.9450925880568528,48.64046258003721,"-0.12,0.92,-0.18,33.33,-34.24,-9.09",hong_jean,near_miss,(near miss) HJ motion_data.csv
2788,2026-07-27T13:21:48.789,111.615644,0.4885,0.08,1.03,-0.18,43.95,-67.5,-11.29,1.0486658190291127,81.33459657488933,"0.08,1.03,-0.18,43.95,-67.50,-11.29",hong_jean,near_miss,(near miss) HJ motion_data.csv
2789,2026-07-27T13:21:48.905,111.731522,115.8787,0.21,1.01,-0.3,22.22,-47.85,-12.15,1.074337004854622,54.138465068747564,"0.21,1.01,-0.30,22.22,-47.85,-12.15",hong_jean,near_miss,(near miss) HJ motion_data.csv
2790,2026-07-27T13:21:48.965,111.791023,59.5012,0.19,0.93,-0.47,-1.89,-18.8,-7.39,1.059197809665409,20.288523849703804,"0.19,0.93,-0.47,-1.89,-18.80,-7.39",hong_jean,near_miss,(near miss) HJ motion_data.csv
2791,2026-07-27T13:21:48.966,111.792053,1.0299,0.11,0.89,-0.51,-6.96,-10.19,2.44,1.031649165171959,12.579002345178253,"0.11,0.89,-0.51,-6.96,-10.19,2.44",hong_jean,near_miss,(near miss) HJ motion_data.csv
2792,2026-07-27T13:21:48.967,111.792922,0.8682,0.08,0.87,-0.44,-0.98,-6.23,10.56,0.9782126558167197,12.2998739830943,"0.08,0.87,-0.44,-0.98,-6.23,10.56",hong_jean,near_miss,(near miss) HJ motion_data.csv
2793,2026-07-27T13:21:48.970,111.796129,3.2074,0.06,0.85,-0.32,5.37,-5.07,11.6,0.9102197536858888,13.751429016651324,"0.06,0.85,-0.32,5.37,-5.07,11.60",hong_jean,near_miss,(near miss) HJ motion_data.csv
2794,2026-07-27T13:21:49.025,111.851637,55.5079,-0.03,0.84,-0.27,10.31,-19.96,1.59,0.8828363381737296,22.521674005277674,"-0.03,0.84,-0.27,10.31,-19.96,1.59",hong_jean,near_miss,(near miss) HJ motion_data.csv
2795,2026-07-27T13:21:49.205,112.031485,179.8478,-0.23,0.94,-0.26,13.98,-46.94,-14.71,1.0020479030465559,51.13890984367969,"-0.23,0.94,-0.26,13.98,-46.94,-14.71",hong_jean,near_miss,(near miss) HJ motion_data.csv
2796,2026-07-27T13:21:49.206,112.031983,0.4984,-0.31,1.22,-0.33,13.0,-72.57,-28.81,1.3013070352534024,79.1544123849075,"-0.31,1.22,-0.33,13.00,-72.57,-28.81",hong_jean,near_miss,(near miss) HJ motion_data.csv
2797,2026-07-27T13:21:49.206,112.032626,0.6431,-0.16,1.28,-0.46,4.15,-47.18,-37.54,1.3695254652615994,60.435308388391626,"-0.16,1.28,-0.46,4.15,-47.18,-37.54",hong_jean,near_miss,(near miss) HJ motion_data.csv
2798,2026-07-27T13:21:49.275,112.101124,68.4978,-0.11,0.87,-0.42,-2.93,13.43,-31.68,0.9723168207945392,34.53363867303879,"-0.11,0.87,-0.42,-2.93,13.43,-31.68",hong_jean,near_miss,(near miss) HJ motion_data.csv
2799,2026-07-27T13:21:49.275,112.101561,0.4367,-0.23,0.6,-0.3,12.63,-3.85,-6.23,0.709154426059656,14.599736298988418,"-0.23,0.60,-0.30,12.63,-3.85,-6.23",hong_jean,near_miss,(near miss) HJ motion_data.csv
2800,2026-07-27T13:21:49.276,112.102144,0.5833,-0.34,0.76,-0.29,29.11,-70.31,13.67,0.8816461875378354,77.3159563091604,"-0.34,0.76,-0.29,29.11,-70.31,13.67",hong_jean,near_miss,(near miss) HJ motion_data.csv
2801,2026-07-27T13:21:49.387,112.213393,111.2495,-0.39,0.91,-0.35,16.3,-90.45,15.56,1.0500952337764418,93.21483841105986,"-0.39,0.91,-0.35,16.30,-90.45,15.56",hong_jean,near_miss,(near miss) HJ motion_data.csv
2802,2026-07-27T13:21:49.388,112.214129,0.7359,-0.38,0.9,-0.4,-8.0,-71.23,12.15,1.0556514576317317,72.70031224142026,"-0.38,0.90,-0.40,-8.00,-71.23,12.15",hong_jean,near_miss,(near miss) HJ motion_data.csv
2803,2026-07-27T13:21:49.389,112.214788,0.6587,-0.32,0.88,-0.45,-21.91,-38.76,0.73,1.0388936422945325,44.52997417470618,"-0.32,0.88,-0.45,-21.91,-38.76,0.73",hong_jean,near_miss,(near miss) HJ motion_data.csv
2804,2026-07-27T13:21:49.446,112.271912,57.1236,-0.26,0.87,-0.47,-19.65,-18.68,-12.08,1.0224480426897007,29.68149760372613,"-0.26,0.87,-0.47,-19.65,-18.68,-12.08",hong_jean,near_miss,(near miss) HJ motion_data.csv
2805,2026-07-27T13:21:49.446,112.272701,0.7898,-0.22,0.85,-0.44,-5.62,-34.18,-8.79,0.982089608946149,35.73682834276148,"-0.22,0.85,-0.44,-5.62,-34.18,-8.79",hong_jean,near_miss,(near miss) HJ motion_data.csv
2806,2026-07-27T13:21:49.506,112.331771,59.0692,-0.21,0.86,-0.4,13.43,-77.94,7.32,0.9714422267947795,79.42663847853565,"-0.21,0.86,-0.40,13.43,-77.94,7.32",hong_jean,near_miss,(near miss) HJ motion_data.csv
2807,2026-07-27T13:21:49.565,112.39132,59.5497,-0.22,0.89,-0.38,27.89,-112.3,19.59,0.9924212815130478,117.35804275804875,"-0.22,0.89,-0.38,27.89,-112.30,19.59",hong_jean,near_miss,(near miss) HJ motion_data.csv
2808,2026-07-27T13:21:49.565,112.391407,0.0862,-0.25,0.9,-0.36,28.99,-109.92,20.57,1.001049449328054,115.52467874874182,"-0.25,0.90,-0.36,28.99,-109.92,20.57",hong_jean,near_miss,(near miss) HJ motion_data.csv
2809,2026-07-27T13:21:49.625,112.451492,60.0858,-0.25,0.89,-0.34,20.51,-76.35,9.4,0.9849873095629202,79.61370861855387,"-0.25,0.89,-0.34,20.51,-76.35,9.40",hong_jean,near_miss,(near miss) HJ motion_data.csv
2810,2026-07-27T13:21:49.746,112.571828,120.3359,-0.21,0.9,-0.34,12.51,-32.96,-9.22,0.9847334664770971,36.43995197581906,"-0.21,0.90,-0.34,12.51,-32.96,-9.22",hong_jean,near_miss,(near miss) HJ motion_data.csv
2811,2026-07-27T13:21:49.746,112.572463,0.6347,-0.16,0.92,-0.36,5.92,-2.5,-20.45,1.0007996802557444,21.43592545238017,"-0.16,0.92,-0.36,5.92,-2.50,-20.45",hong_jean,near_miss,(near miss) HJ motion_data.csv
2812,2026-07-27T13:21:49.747,112.572804,0.3415,-0.18,0.89,-0.43,1.71,-34.48,18.55,1.0046890066085128,39.19052181331603,"-0.18,0.89,-0.43,1.71,-34.48,18.55",hong_jean,near_miss,(near miss) HJ motion_data.csv
2813,2026-07-27T13:21:50.046,112.872319,299.5149,-0.26,0.84,-0.49,26.31,-98.63,48.77,1.006628034578811,113.13092371230776,"-0.26,0.84,-0.49,26.31,-98.63,48.77",hong_jean,near_miss,(near miss) HJ motion_data.csv
2814,2026-07-27T13:21:50.047,112.872929,0.6094,-0.3,0.85,-0.46,48.65,-110.35,43.64,1.0119782606360672,128.2512947303067,"-0.30,0.85,-0.46,48.65,-110.35,43.64",hong_jean,near_miss,(near miss) HJ motion_data.csv
2815,2026-07-27T13:21:50.047,112.87357,0.6416,-0.25,0.92,-0.37,42.85,-60.73,12.33,1.0226436329435586,75.34111958286789,"-0.25,0.92,-0.37,42.85,-60.73,12.33",hong_jean,near_miss,(near miss) HJ motion_data.csv
2816,2026-07-27T13:21:50.048,112.874185,0.6149,-0.13,0.97,-0.32,23.32,-7.14,-6.47,1.0296601381038308,25.232179850341904,"-0.13,0.97,-0.32,23.32,-7.14,-6.47",hong_jean,near_miss,(near miss) HJ motion_data.csv
2817,2026-07-27T13:21:50.049,112.875159,0.9742,-0.06,0.98,-0.34,10.5,16.97,11.78,1.039038016628843,23.173245348893193,"-0.06,0.98,-0.34,10.50,16.97,11.78",hong_jean,near_miss,(near miss) HJ motion_data.csv
2818,2026-07-27T13:21:50.050,112.876179,1.0193,-0.08,1.0,-0.36,10.74,-11.35,75.81,1.065833007557938,77.4036575363206,"-0.08,1.00,-0.36,10.74,-11.35,75.81",hong_jean,near_miss,(near miss) HJ motion_data.csv
2819,2026-07-27T13:21:50.050,112.876664,0.4856,-0.34,1.17,-0.06,24.05,-115.6,172.3,1.219877042984251,208.87568671341336,"-0.34,1.17,-0.06,24.05,-115.60,172.30",hong_jean,near_miss,(near miss) HJ motion_data.csv
2820,2026-07-27T13:21:50.051,112.876758,0.0937,-0.28,1.31,-0.14,23.32,-181.21,219.18,1.3468852957843145,285.34322998802685,"-0.28,1.31,-0.14,23.32,-181.21,219.18",hong_jean,near_miss,(near miss) HJ motion_data.csv
2821,2026-07-27T13:21:50.165,112.991594,114.8362,-0.06,1.27,-0.1,-19.71,-123.96,171.75,1.27534309109353,212.7266513627289,"-0.06,1.27,-0.10,-19.71,-123.96,171.75",hong_jean,near_miss,(near miss) HJ motion_data.csv
2822,2026-07-27T13:21:50.166,112.991938,0.3439,-0.09,0.97,-0.12,-75.07,-20.26,95.03,0.9815294188153506,122.78710600058949,"-0.09,0.97,-0.12,-75.07,-20.26,95.03",hong_jean,near_miss,(near miss) HJ motion_data.csv
2823,2026-07-27T13:21:50.166,112.992471,0.5329,-0.3,0.65,-0.21,-89.84,41.81,43.58,0.7460562981437796,108.25210436753643,"-0.30,0.65,-0.21,-89.84,41.81,43.58",hong_jean,near_miss,(near miss) HJ motion_data.csv
2824,2026-07-27T13:21:50.285,113.111159,118.6884,-0.37,0.57,-0.24,-48.4,12.51,19.84,0.72069410986909,53.783693625484666,"-0.37,0.57,-0.24,-48.40,12.51,19.84",hong_jean,near_miss,(near miss) HJ motion_data.csv
2825,2026-07-27T13:21:50.285,113.111737,0.5774,-0.23,0.7,-0.24,13.73,-66.22,6.23,0.7749193506423748,67.91475686476393,"-0.23,0.70,-0.24,13.73,-66.22,6.23",hong_jean,near_miss,(near miss) HJ motion_data.csv
2826,2026-07-27T13:21:50.406,113.232335,120.5978,-0.06,0.82,-0.27,55.73,-120.06,-12.08,0.8653900854527974,132.91411851266966,"-0.06,0.82,-0.27,55.73,-120.06,-12.08",hong_jean,near_miss,(near miss) HJ motion_data.csv
2827,2026-07-27T13:21:50.407,113.232774,0.439,0.1,0.89,-0.35,72.14,-120.12,-36.93,0.9615612304996495,144.9027912084512,"0.10,0.89,-0.35,72.14,-120.12,-36.93",hong_jean,near_miss,(near miss) HJ motion_data.csv
2828,2026-07-27T13:21:50.407,113.233317,0.5438,0.29,0.98,-0.48,69.09,-93.02,-58.53,1.1291146974510604,129.81490438312545,"0.29,0.98,-0.48,69.09,-93.02,-58.53",hong_jean,near_miss,(near miss) HJ motion_data.csv
2829,2026-07-27T13:21:50.409,113.234814,1.4966,0.47,1.09,-0.58,49.38,-54.63,-68.24,1.3211358749197601,100.39680722015018,"0.47,1.09,-0.58,49.38,-54.63,-68.24",hong_jean,near_miss,(near miss) HJ motion_data.csv
2830,2026-07-27T13:21:50.586,113.411854,177.04,0.45,1.08,-0.57,30.15,-13.55,-52.73,1.3014607178090316,62.23405739625209,"0.45,1.08,-0.57,30.15,-13.55,-52.73",hong_jean,near_miss,(near miss) HJ motion_data.csv
2831,2026-07-27T13:21:50.586,113.412621,0.7673,0.08,1.03,-0.39,22.95,-8.42,-11.72,1.1042644610780517,27.11009590540026,"0.08,1.03,-0.39,22.95,-8.42,-11.72",hong_jean,near_miss,(near miss) HJ motion_data.csv
2832,2026-07-27T13:21:50.587,113.412785,0.1633,-0.21,1.13,-0.18,14.77,-35.28,13.73,1.1633572108342303,40.636734612909045,"-0.21,1.13,-0.18,14.77,-35.28,13.73",hong_jean,near_miss,(near miss) HJ motion_data.csv
2833,2026-07-27T13:21:50.588,113.414457,1.6723,-0.23,1.2,-0.16,-10.19,-29.79,3.3,1.23227432010896,31.657071879755396,"-0.23,1.20,-0.16,-10.19,-29.79,3.30",hong_jean,near_miss,(near miss) HJ motion_data.csv
2834,2026-07-27T13:21:50.765,113.591096,176.6393,-0.29,0.94,-0.24,-47.73,38.64,-16.11,1.0125709851659783,63.48806659522717,"-0.29,0.94,-0.24,-47.73,38.64,-16.11",hong_jean,near_miss,(near miss) HJ motion_data.csv
2835,2026-07-27T13:21:50.766,113.591885,0.7883,-0.39,0.67,-0.29,-49.74,64.39,-16.91,0.8277076778670113,83.10287479985274,"-0.39,0.67,-0.29,-49.74,64.39,-16.91",hong_jean,near_miss,(near miss) HJ motion_data.csv
2836,2026-07-27T13:21:50.766,113.59262,0.7353,-0.45,0.71,-0.35,-12.82,-20.32,5.68,0.9105492847726585,24.688402135415732,"-0.45,0.71,-0.35,-12.82,-20.32,5.68",hong_jean,near_miss,(near miss) HJ motion_data.csv
2837,2026-07-27T13:21:50.767,113.59323,0.6099,-0.45,0.88,-0.43,1.53,-80.08,19.35,1.0778682665335315,82.39884586570372,"-0.45,0.88,-0.43,1.53,-80.08,19.35",hong_jean,near_miss,(near miss) HJ motion_data.csv
2838,2026-07-27T13:21:50.767,113.59351,0.2801,-0.4,0.9,-0.44,-10.19,-46.39,3.54,1.078702924812944,47.6277209196493,"-0.40,0.90,-0.44,-10.19,-46.39,3.54",hong_jean,near_miss,(near miss) HJ motion_data.csv
2839,2026-07-27T13:21:50.886,113.711978,118.4678,-0.33,0.86,-0.42,-11.54,-14.89,-15.99,1.0123734488813898,24.709589231713263,"-0.33,0.86,-0.42,-11.54,-14.89,-15.99",hong_jean,near_miss,(near miss) HJ motion_data.csv
2840,2026-07-27T13:21:50.886,113.712461,0.4835,-0.28,0.86,-0.4,3.6,-35.64,-16.91,0.9889388252060892,39.61209032606081,"-0.28,0.86,-0.40,3.60,-35.64,-16.91",hong_jean,near_miss,(near miss) HJ motion_data.csv
2841,2026-07-27T13:21:50.887,113.712858,0.3973,-0.24,0.88,-0.38,20.14,-69.7,-11.17,0.98812954616285,73.40625654533815,"-0.24,0.88,-0.38,20.14,-69.70,-11.17",hong_jean,near_miss,(near miss) HJ motion_data.csv
2842,2026-07-27T13:21:50.946,113.772151,59.2929,-0.19,0.93,-0.37,27.53,-84.05,-11.78,1.0187737727287645,89.22483847001348,"-0.19,0.93,-0.37,27.53,-84.05,-11.78",hong_jean,near_miss,(near miss) HJ motion_data.csv
2843,2026-07-27T13:21:51.246,114.072332,300.1801,-0.17,0.94,-0.36,22.09,-78.61,-12.94,1.0208329931972222,82.67371891961798,"-0.17,0.94,-0.36,22.09,-78.61,-12.94",hong_jean,near_miss,(near miss) HJ motion_data.csv
2844,2026-07-27T13:21:51.247,114.072857,0.5252,-0.17,0.9,-0.35,10.19,-67.26,-10.25,0.9805100713404223,68.79539374115102,"-0.17,0.90,-0.35,10.19,-67.26,-10.25",hong_jean,near_miss,(near miss) HJ motion_data.csv
2845,2026-07-27T13:21:51.247,114.073454,0.5971,-0.18,0.88,-0.35,0.0,-59.2,-7.08,0.9640020746865641,59.62186176227643,"-0.18,0.88,-0.35,0.00,-59.20,-7.08",hong_jean,near_miss,(near miss) HJ motion_data.csv
2846,2026-07-27T13:21:51.248,114.073778,0.3239,-0.17,0.87,-0.37,-6.71,-54.75,-5.92,0.960572745813663,55.47641841359264,"-0.17,0.87,-0.37,-6.71,-54.75,-5.92",hong_jean,near_miss,(near miss) HJ motion_data.csv
2847,2026-07-27T13:21:51.248,114.074319,0.5411,-0.15,0.9,-0.45,-15.44,-42.72,-8.54,1.0173494974687902,46.2203807859693,"-0.15,0.90,-0.45,-15.44,-42.72,-8.54",hong_jean,near_miss,(near miss) HJ motion_data.csv
2848,2026-07-27T13:21:51.249,114.074947,0.6277,-0.22,0.88,-0.62,-23.07,-41.99,-3.85,1.0987265355856297,48.06461796373711,"-0.22,0.88,-0.62,-23.07,-41.99,-3.85",hong_jean,near_miss,(near miss) HJ motion_data.csv
2849,2026-07-27T13:21:51.250,114.07602,1.0733,-0.25,0.81,-0.66,0.0,-90.64,19.17,1.074337004854622,92.64501335743873,"-0.25,0.81,-0.66,0.00,-90.64,19.17",hong_jean,near_miss,(near miss) HJ motion_data.csv
2850,2026-07-27T13:21:51.250,114.07653,0.5102,-0.17,0.85,-0.48,41.87,-117.68,29.6,0.9908582138732059,128.36603639592525,"-0.17,0.85,-0.48,41.87,-117.68,29.60",hong_jean,near_miss,(near miss) HJ motion_data.csv
2851,2026-07-27T13:21:51.485,114.311634,235.1043,-0.03,0.97,-0.33,41.14,-29.42,-4.27,1.0250365847129554,50.756959128773666,"-0.03,0.97,-0.33,41.14,-29.42,-4.27",hong_jean,near_miss,(near miss) HJ motion_data.csv
2852,2026-07-27T13:21:51.486,114.312339,0.7052,0.05,1.09,-0.35,-1.22,110.53,-46.26,1.1459057552870568,119.82636145690147,"0.05,1.09,-0.35,-1.22,110.53,-46.26",hong_jean,near_miss,(near miss) HJ motion_data.csv
2853,2026-07-27T13:21:51.487,114.313206,0.867,-0.01,1.12,-0.35,-28.14,156.74,-25.88,1.173456432936477,161.33524599417203,"-0.01,1.12,-0.35,-28.14,156.74,-25.88",hong_jean,near_miss,(near miss) HJ motion_data.csv
2854,2026-07-27T13:21:51.488,114.31409,0.8834,-0.22,1.05,-0.25,-13.73,61.22,75.68,1.101544370418187,98.30495257106837,"-0.22,1.05,-0.25,-13.73,61.22,75.68",hong_jean,near_miss,(near miss) HJ motion_data.csv
2855,2026-07-27T13:21:51.488,114.314193,0.103,-0.44,1.08,-0.13,30.52,-79.35,178.28,1.1734138229968147,197.51367370387297,"-0.44,1.08,-0.13,30.52,-79.35,178.28",hong_jean,near_miss,(near miss) HJ motion_data.csv
2856,2026-07-27T13:21:51.488,114.314658,0.4647,-0.45,1.23,-0.09,68.91,-138.73,182.86,1.3128213892224638,239.65053849303158,"-0.45,1.23,-0.09,68.91,-138.73,182.86",hong_jean,near_miss,(near miss) HJ motion_data.csv
2857,2026-07-27T13:21:51.545,114.371599,56.9414,-0.17,1.23,-0.12,53.47,-38.51,96.86,1.247477454706096,117.14913828108169,"-0.17,1.23,-0.12,53.47,-38.51,96.86",hong_jean,near_miss,(near miss) HJ motion_data.csv
2858,2026-07-27T13:21:51.605,114.431606,60.007,-0.01,1.05,-0.2,-8.36,133.0,19.71,1.0689246933250256,134.71218838694588,"-0.01,1.05,-0.20,-8.36,133.00,19.71",hong_jean,near_miss,(near miss) HJ motion_data.csv
2859,2026-07-27T13:21:51.606,114.432104,0.4984,-0.2,0.81,-0.24,-49.8,198.85,2.69,0.8681589716175259,205.00877688528362,"-0.20,0.81,-0.24,-49.80,198.85,2.69",hong_jean,near_miss,(near miss) HJ motion_data.csv
2860,2026-07-27T13:21:51.666,114.49181,59.7058,-0.36,0.66,-0.21,-33.69,134.77,11.54,0.7805767098754612,139.39562618676385,"-0.36,0.66,-0.21,-33.69,134.77,11.54",hong_jean,near_miss,(near miss) HJ motion_data.csv
2861,2026-07-27T13:21:51.725,114.551477,59.6669,-0.26,0.69,-0.17,13.92,30.52,11.6,0.7567033764957045,35.49361632744682,"-0.26,0.69,-0.17,13.92,30.52,11.60",hong_jean,near_miss,(near miss) HJ motion_data.csv
2862,2026-07-27T13:21:51.726,114.552312,0.8354,0.02,0.86,-0.07,46.57,-43.88,-1.46,0.863075894692929,64.00274134753917,"0.02,0.86,-0.07,46.57,-43.88,-1.46",hong_jean,near_miss,(near miss) HJ motion_data.csv
2863,2026-07-27T13:21:51.845,114.671523,119.2109,0.33,1.04,-0.05,39.43,-62.74,-14.65,1.0922453936730518,75.53578622083708,"0.33,1.04,-0.05,39.43,-62.74,-14.65",hong_jean,near_miss,(near miss) HJ motion_data.csv
2864,2026-07-27T13:21:51.846,114.672015,0.492,0.34,1.06,-0.24,1.34,-27.83,-16.78,1.1387712676389408,32.52495810911984,"0.34,1.06,-0.24,1.34,-27.83,-16.78",hong_jean,near_miss,(near miss) HJ motion_data.csv
2865,2026-07-27T13:21:51.847,114.672966,0.951,0.06,0.88,-0.45,-23.44,5.19,-11.29,0.9902019995940222,26.5298661888823,"0.06,0.88,-0.45,-23.44,5.19,-11.29",hong_jean,near_miss,(near miss) HJ motion_data.csv
2866,2026-07-27T13:21:51.906,114.73195,58.9839,-0.14,0.77,-0.48,-4.76,-0.18,-14.28,0.9180958555619342,15.053517861284119,"-0.14,0.77,-0.48,-4.76,-0.18,-14.28",hong_jean,near_miss,(near miss) HJ motion_data.csv
2867,2026-07-27T13:21:52.145,114.971256,239.3059,-0.02,0.88,-0.48,28.44,-9.16,-34.06,1.0025966287595425,45.30808757826797,"-0.02,0.88,-0.48,28.44,-9.16,-34.06",hong_jean,near_miss,(near miss) HJ motion_data.csv
2868,2026-07-27T13:21:52.145,114.971346,0.0895,0.14,1.08,-0.48,41.99,-8.06,-53.77,1.1901260437449472,68.69742789944905,"0.14,1.08,-0.48,41.99,-8.06,-53.77",hong_jean,near_miss,(near miss) HJ motion_data.csv
2869,2026-07-27T13:21:52.146,114.972548,1.2025,0.09,1.32,-0.32,44.37,-51.82,-45.29,1.3612126946219685,81.88524531318204,"0.09,1.32,-0.32,44.37,-51.82,-45.29",hong_jean,near_miss,(near miss) HJ motion_data.csv
2870,2026-07-27T13:21:52.147,114.97313,0.582,-0.1,1.3,-0.15,27.89,-106.08,-15.5,1.3124404748406688,110.77485499877669,"-0.10,1.30,-0.15,27.89,-106.08,-15.50",hong_jean,near_miss,(near miss) HJ motion_data.csv
2871,2026-07-27T13:21:52.147,114.973667,0.5369,-0.24,0.94,-0.18,-15.26,-62.07,-3.11,0.9867117106835207,63.993941900776825,"-0.24,0.94,-0.18,-15.26,-62.07,-3.11",hong_jean,near_miss,(near miss) HJ motion_data.csv
2872,2026-07-27T13:21:52.148,114.974503,0.8363,-0.29,0.7,-0.31,-35.95,-6.04,-3.23,0.8186574375158391,36.59668017730571,"-0.29,0.70,-0.31,-35.95,-6.04,-3.23",hong_jean,near_miss,(near miss) HJ motion_data.csv
2873,2026-07-27T13:21:52.385,115.211167,236.6634,-0.3,0.76,-0.41,-27.53,-18.55,2.5,0.914166286842826,33.29044006918503,"-0.30,0.76,-0.41,-27.53,-18.55,2.50",hong_jean,near_miss,(near miss) HJ motion_data.csv
2874,2026-07-27T13:21:52.385,115.211583,0.4163,-0.33,0.83,-0.44,-22.95,-18.07,0.73,0.9956907150315303,29.21917692201476,"-0.33,0.83,-0.44,-22.95,-18.07,0.73",hong_jean,near_miss,(near miss) HJ motion_data.csv
2875,2026-07-27T13:21:52.386,115.21212,0.5373,-0.36,0.85,-0.42,-20.63,3.36,-10.07,1.0141498903022175,23.201107732175203,"-0.36,0.85,-0.42,-20.63,3.36,-10.07",hong_jean,near_miss,(near miss) HJ motion_data.csv
2876,2026-07-27T13:21:52.387,115.213006,0.8859,-0.33,0.85,-0.42,-9.77,0.0,-18.92,1.0038924245156946,21.293644591755545,"-0.33,0.85,-0.42,-9.77,0.00,-18.92",hong_jean,near_miss,(near miss) HJ motion_data.csv
2877,2026-07-27T13:21:52.387,115.213672,0.6661,-0.25,0.86,-0.4,9.09,-27.89,-21.91,0.9808669634563089,36.613225752451804,"-0.25,0.86,-0.40,9.09,-27.89,-21.91",hong_jean,near_miss,(near miss) HJ motion_data.csv
2878,2026-07-27T13:21:52.388,115.214533,0.8605,-0.18,0.9,-0.39,26.49,-60.97,-18.37,0.9972462083156797,68.96751336680191,"-0.18,0.90,-0.39,26.49,-60.97,-18.37",hong_jean,near_miss,(near miss) HJ motion_data.csv
2879,2026-07-27T13:21:52.505,115.331605,117.0719,-0.15,0.91,-0.38,35.22,-91.37,-7.08,0.9974968671630001,98.1786723275478,"-0.15,0.91,-0.38,35.22,-91.37,-7.08",hong_jean,near_miss,(near miss) HJ motion_data.csv
2880,2026-07-27T13:21:52.506,115.332077,0.472,-0.15,0.9,-0.38,36.13,-108.03,4.09,0.9883825170448939,113.98502489362365,"-0.15,0.90,-0.38,36.13,-108.03,4.09",hong_jean,near_miss,(near miss) HJ motion_data.csv
2881,2026-07-27T13:21:52.506,115.332634,0.5576,-0.16,0.89,-0.36,31.68,-86.18,-1.34,0.9732933781753578,91.8281569019002,"-0.16,0.89,-0.36,31.68,-86.18,-1.34",hong_jean,near_miss,(near miss) HJ motion_data.csv
2882,2026-07-27T13:21:52.746,115.571829,239.195,-0.17,0.88,-0.34,21.36,-33.63,-19.84,0.9585927185202274,44.50676465437586,"-0.17,0.88,-0.34,21.36,-33.63,-19.84",hong_jean,near_miss,(near miss) HJ motion_data.csv
2883,2026-07-27T13:21:52.746,115.572162,0.3326,-0.21,0.88,-0.38,9.09,-5.07,-25.88,0.9812746812182611,27.894576533799537,"-0.21,0.88,-0.38,9.09,-5.07,-25.88",hong_jean,near_miss,(near miss) HJ motion_data.csv
2884,2026-07-27T13:21:52.746,115.572673,0.5115,-0.24,0.88,-0.47,9.58,-64.94,14.95,1.0261091559868276,67.32371424691301,"-0.24,0.88,-0.47,9.58,-64.94,14.95",hong_jean,near_miss,(near miss) HJ motion_data.csv
2885,2026-07-27T13:21:52.747,115.572937,0.264,-0.2,0.89,-0.51,22.46,-70.37,28.08,1.045083728703112,79.02452087801609,"-0.20,0.89,-0.51,22.46,-70.37,28.08",hong_jean,near_miss,(near miss) HJ motion_data.csv
2886,2026-07-27T13:21:53.045,115.870785,297.8475,-0.13,0.93,-0.44,28.08,-53.59,31.74,1.037014946854673,68.32131512200274,"-0.13,0.93,-0.44,28.08,-53.59,31.74",hong_jean,near_miss,(near miss) HJ motion_data.csv
2887,2026-07-27T13:21:53.046,115.872076,1.2913,-0.08,0.97,-0.38,29.11,-48.1,40.34,1.04484448603608,69.19767120358892,"-0.08,0.97,-0.38,29.11,-48.10,40.34",hong_jean,near_miss,(near miss) HJ motion_data.csv
2888,2026-07-27T13:21:53.047,115.873065,0.9888,-0.05,0.97,-0.35,33.39,-54.32,67.81,1.0324243313676793,93.07927051712427,"-0.05,0.97,-0.35,33.39,-54.32,67.81",hong_jean,near_miss,(near miss) HJ motion_data.csv
2889,2026-07-27T13:21:53.048,115.874034,0.9691,-0.08,1.03,-0.35,39.67,-77.51,122.68,1.0907795377618705,150.4389956095161,"-0.08,1.03,-0.35,39.67,-77.51,122.68",hong_jean,near_miss,(near miss) HJ motion_data.csv
2890,2026-07-27T13:21:53.049,115.875079,1.0453,-0.21,1.21,-0.43,43.4,-92.53,163.02,1.301191761424887,192.40811131550564,"-0.21,1.21,-0.43,43.40,-92.53,163.02",hong_jean,near_miss,(near miss) HJ motion_data.csv
2891,2026-07-27T13:21:53.049,115.875539,0.4596,-0.28,1.31,-0.3,25.02,-70.62,143.25,1.3727709204379295,161.65935574534498,"-0.28,1.31,-0.30,25.02,-70.62,143.25",hong_jean,near_miss,(near miss) HJ motion_data.csv
2892,2026-07-27T13:21:53.050,115.876125,0.586,-0.15,1.19,0.0,-13.37,13.24,89.66,1.1994165248152953,91.61315462312166,"-0.15,1.19,0.00,-13.37,13.24,89.66",hong_jean,near_miss,(near miss) HJ motion_data.csv
2893,2026-07-27T13:21:53.051,115.876861,0.7363,-0.39,0.64,-0.23,-33.75,93.2,47.06,0.7839642849007855,109.72668818478029,"-0.39,0.64,-0.23,-33.75,93.20,47.06",hong_jean,near_miss,(near miss) HJ motion_data.csv
2894,2026-07-27T13:21:53.051,115.877524,0.6625,-0.45,0.62,-0.24,-19.35,48.83,25.21,0.802807573457052,58.26092601392463,"-0.45,0.62,-0.24,-19.35,48.83,25.21",hong_jean,near_miss,(near miss) HJ motion_data.csv
2895,2026-07-27T13:21:53.285,116.110883,233.3588,-0.32,0.73,-0.24,20.51,-61.52,5.62,0.8324061508662703,65.0918958089254,"-0.32,0.73,-0.24,20.51,-61.52,5.62",hong_jean,near_miss,(near miss) HJ motion_data.csv
2896,2026-07-27T13:21:53.285,116.111491,0.608,-0.14,0.8,-0.32,56.82,-126.77,-21.85,0.8729261137118078,140.62918544882496,"-0.14,0.80,-0.32,56.82,-126.77,-21.85",hong_jean,near_miss,(near miss) HJ motion_data.csv
2897,2026-07-27T13:21:53.286,116.111977,0.4859,0.01,0.87,-0.4,51.94,-122.25,-46.33,0.957601169589929,140.67442909071997,"0.01,0.87,-0.40,51.94,-122.25,-46.33",hong_jean,near_miss,(near miss) HJ motion_data.csv
2898,2026-07-27T13:21:53.287,116.113142,1.1656,0.14,0.99,-0.51,5.37,-67.14,-61.89,1.1224081254160627,91.47124466191548,"0.14,0.99,-0.51,5.37,-67.14,-61.89",hong_jean,near_miss,(near miss) HJ motion_data.csv
2899,2026-07-27T13:21:53.405,116.231338,118.1957,0.32,1.06,-0.66,-37.35,22.52,-75.2,1.2890306435457615,86.93223165201731,"0.32,1.06,-0.66,-37.35,22.52,-75.20",hong_jean,near_miss,(near miss) HJ motion_data.csv
2900,2026-07-27T13:21:53.406,116.231951,0.6131,0.32,1.03,-0.66,-32.47,111.51,-79.83,1.2644761761298628,140.93122400660542,"0.32,1.03,-0.66,-32.47,111.51,-79.83",hong_jean,near_miss,(near miss) HJ motion_data.csv
2901,2026-07-27T13:21:53.645,116.470903,238.9524,0.0,1.08,-0.54,5.19,86.79,-46.08,1.2074767078498865,98.40125304080227,"0.00,1.08,-0.54,5.19,86.79,-46.08",hong_jean,near_miss,(near miss) HJ motion_data.csv
2902,2026-07-27T13:21:53.646,116.471775,0.8714,-0.35,1.26,-0.19,30.33,-70.86,22.34,1.3214386100004798,80.25038379970528,"-0.35,1.26,-0.19,30.33,-70.86,22.34",hong_jean,near_miss,(near miss) HJ motion_data.csv
2903,2026-07-27T13:21:53.646,116.472347,0.5722,-0.48,1.03,0.1,-2.26,-115.48,52.61,1.1407453703609758,126.9194630464532,"-0.48,1.03,0.10,-2.26,-115.48,52.61",hong_jean,near_miss,(near miss) HJ motion_data.csv
2904,2026-07-27T13:21:53.647,116.47288,0.5327,-0.43,0.65,-0.03,-31.98,-30.82,43.88,0.7799358948016177,62.43434311338592,"-0.43,0.65,-0.03,-31.98,-30.82,43.88",hong_jean,near_miss,(near miss) HJ motion_data.csv
2905,2026-07-27T13:21:53.647,116.473468,0.5883,-0.44,0.74,-0.31,-10.13,-55.36,62.56,0.9150409826887537,84.14927272412994,"-0.44,0.74,-0.31,-10.13,-55.36,62.56",hong_jean,near_miss,(near miss) HJ motion_data.csv
2906,2026-07-27T13:21:53.648,116.474284,0.8156,-0.58,0.93,-0.47,8.91,-156.92,94.97,1.192560271013587,183.63707523264466,"-0.58,0.93,-0.47,8.91,-156.92,94.97",hong_jean,near_miss,(near miss) HJ motion_data.csv
2907,2026-07-27T13:21:53.649,116.474863,0.5791,-0.64,0.88,-0.44,14.77,-193.66,89.6,1.1737120600896969,213.8936850400217,"-0.64,0.88,-0.44,14.77,-193.66,89.60",hong_jean,near_miss,(near miss) HJ motion_data.csv
2908,2026-07-27T13:21:53.650,116.476021,1.158,-0.51,0.84,-0.39,9.83,-154.85,45.65,1.0572606112023657,161.73767000918494,"-0.51,0.84,-0.39,9.83,-154.85,45.65",hong_jean,near_miss,(near miss) HJ motion_data.csv
2909,2026-07-27T13:21:53.765,116.591438,115.4169,-0.31,0.9,-0.4,-1.95,-96.62,-2.5,1.0325211862233143,96.67200680652078,"-0.31,0.90,-0.40,-1.95,-96.62,-2.50",hong_jean,near_miss,(near miss) HJ motion_data.csv
2910,2026-07-27T13:21:53.766,116.592325,0.8878,-0.12,0.95,-0.44,-11.17,-49.07,-36.8,1.0538026380684384,62.34479769796354,"-0.12,0.95,-0.44,-11.17,-49.07,-36.80",hong_jean,near_miss,(near miss) HJ motion_data.csv
2911,2026-07-27T13:21:53.767,116.592899,0.5736,0.01,0.95,-0.47,-11.9,-17.09,-51.27,1.0599528291391085,55.337970689211225,"0.01,0.95,-0.47,-11.90,-17.09,-51.27",hong_jean,near_miss,(near miss) HJ motion_data.csv
2912,2026-07-27T13:21:53.767,116.593399,0.4995,0.04,0.94,-0.42,-3.85,-4.03,-50.48,1.0303397497913005,50.78674827157178,"0.04,0.94,-0.42,-3.85,-4.03,-50.48",hong_jean,near_miss,(near miss) HJ motion_data.csv
2913,2026-07-27T13:21:53.768,116.594115,0.7165,0.01,0.94,-0.35,7.2,-3.42,-46.2,1.0030952098380292,46.88258098697212,"0.01,0.94,-0.35,7.20,-3.42,-46.20",hong_jean,near_miss,(near miss) HJ motion_data.csv
2914,2026-07-27T13:21:53.825,116.651622,57.5067,-0.06,0.92,-0.32,11.17,-10.99,-36.19,0.9759098319004682,39.436849519199676,"-0.06,0.92,-0.32,11.17,-10.99,-36.19",hong_jean,near_miss,(near miss) HJ motion_data.csv
2915,2026-07-27T13:21:53.886,116.711966,60.3443,-0.11,0.89,-0.35,8.97,-38.45,-12.57,0.9626525853079084,41.4351095087246,"-0.11,0.89,-0.35,8.97,-38.45,-12.57",hong_jean,near_miss,(near miss) HJ motion_data.csv
2916,2026-07-27T13:21:53.886,116.712316,0.3502,-0.13,0.9,-0.42,5.68,-67.32,10.74,1.0016486409914407,68.40754636734165,"-0.13,0.90,-0.42,5.68,-67.32,10.74",hong_jean,near_miss,(near miss) HJ motion_data.csv
2917,2026-07-27T13:21:54.186,117.012223,299.9071,-0.1,0.94,-0.47,1.71,-55.18,14.95,1.0556988206870368,57.194921103188875,"-0.10,0.94,-0.47,1.71,-55.18,14.95",hong_jean,near_miss,(near miss) HJ motion_data.csv
2918,2026-07-27T13:21:54.187,117.012799,0.5756,-0.08,0.96,-0.43,3.23,-7.02,8.18,1.0549407566304376,11.252808538316112,"-0.08,0.96,-0.43,3.23,-7.02,8.18",hong_jean,near_miss,(near miss) HJ motion_data.csv
2919,2026-07-27T13:21:54.187,117.013133,0.3341,-0.09,0.92,-0.33,10.25,33.87,11.29,0.9815294188153506,37.144360271782844,"-0.09,0.92,-0.33,10.25,33.87,11.29",hong_jean,near_miss,(near miss) HJ motion_data.csv
2920,2026-07-27T13:21:54.187,117.01352,0.3869,-0.11,0.93,-0.26,18.07,22.71,43.21,0.971905345185425,52.05163878303929,"-0.11,0.93,-0.26,18.07,22.71,43.21",hong_jean,near_miss,(near miss) HJ motion_data.csv
2921,2026-07-27T13:21:54.187,117.01361,0.0904,-0.19,1.09,-0.27,36.07,-66.1,114.2,1.1389029809426263,136.7914284595347,"-0.19,1.09,-0.27,36.07,-66.10,114.20",hong_jean,near_miss,(near miss) HJ motion_data.csv
2922,2026-07-27T13:21:54.189,117.014889,1.2791,-0.33,1.34,-0.31,61.16,-183.84,189.03,1.4144256784999345,270.6843772736063,"-0.33,1.34,-0.31,61.16,-183.84,189.03",hong_jean,near_miss,(near miss) HJ motion_data.csv
2923,2026-07-27T13:21:54.189,117.015355,0.4652,-0.26,1.39,-0.15,60.36,-193.66,188.84,1.4220407870381213,277.14269032395566,"-0.26,1.39,-0.15,60.36,-193.66,188.84",hong_jean,near_miss,(near miss) HJ motion_data.csv
2924,2026-07-27T13:21:54.305,117.131363,116.0084,-0.06,1.13,0.03,14.77,-57.86,114.44,1.13198939924365,129.08309765418554,"-0.06,1.13,0.03,14.77,-57.86,114.44",hong_jean,near_miss,(near miss) HJ motion_data.csv
2925,2026-07-27T13:21:54.306,117.132262,0.8991,-0.16,0.75,-0.08,-36.5,96.5,47.97,0.7710382610480494,113.77882447977743,"-0.16,0.75,-0.08,-36.50,96.50,47.97",hong_jean,near_miss,(near miss) HJ motion_data.csv
2926,2026-07-27T13:21:54.307,117.132897,0.6346,-0.38,0.55,-0.2,-47.67,129.15,23.68,0.6977822009767806,139.6885600183494,"-0.38,0.55,-0.20,-47.67,129.15,23.68",hong_jean,near_miss,(near miss) HJ motion_data.csv
2927,2026-07-27T13:21:54.365,117.191178,58.2814,-0.41,0.64,-0.19,-15.5,32.23,16.66,0.7834538914320357,39.45349794378186,"-0.41,0.64,-0.19,-15.50,32.23,16.66",hong_jean,near_miss,(near miss) HJ motion_data.csv
2928,2026-07-27T13:21:54.366,117.191745,0.5666,-0.26,0.83,-0.19,31.62,-73.24,-2.44,0.8902808545621994,79.81150042443758,"-0.26,0.83,-0.19,31.62,-73.24,-2.44",hong_jean,near_miss,(near miss) HJ motion_data.csv
2929,2026-07-27T13:21:54.785,117.611242,419.4973,-0.09,0.92,-0.27,55.79,-102.78,-35.77,0.9630160954002794,122.29368503729046,"-0.09,0.92,-0.27,55.79,-102.78,-35.77",hong_jean,near_miss,(near miss) HJ motion_data.csv
2930,2026-07-27T13:21:54.845,117.671519,60.2775,0.08,0.97,-0.39,41.38,-66.16,-69.46,1.0485227703774487,104.47076911749046,"0.08,0.97,-0.39,41.38,-66.16,-69.46",hong_jean,near_miss,(near miss) HJ motion_data.csv
2931,2026-07-27T13:21:54.846,117.671796,0.2766,0.31,1.07,-0.57,6.77,-9.7,-91.0,1.2513592609638529,91.76558668694926,"0.31,1.07,-0.57,6.77,-9.70,-91.00",hong_jean,near_miss,(near miss) HJ motion_data.csv
2932,2026-07-27T13:21:54.846,117.6726,0.8036,0.52,1.11,-0.68,-3.6,45.72,-86.43,1.401748907615055,97.84387206156552,"0.52,1.11,-0.68,-3.60,45.72,-86.43",hong_jean,near_miss,(near miss) HJ motion_data.csv
2933,2026-07-27T13:21:54.847,117.673116,0.5162,0.36,0.99,-0.55,27.16,61.28,-46.33,1.1883602147497196,81.48234716796026,"0.36,0.99,-0.55,27.16,61.28,-46.33",hong_jean,near_miss,(near miss) HJ motion_data.csv
2934,2026-07-27T13:21:54.847,117.673613,0.4972,-0.19,1.02,-0.14,37.66,-11.72,8.24,1.0469479452198185,40.29307136468998,"-0.19,1.02,-0.14,37.66,-11.72,8.24",hong_jean,near_miss,(near miss) HJ motion_data.csv
2935,2026-07-27T13:21:54.848,117.674354,0.7413,-0.51,1.22,0.08,-0.73,-87.28,27.4,1.3247263868437134,91.48273771592103,"-0.51,1.22,0.08,-0.73,-87.28,27.40",hong_jean,near_miss,(near miss) HJ motion_data.csv
2936,2026-07-27T13:21:54.849,117.674808,0.4541,-0.44,1.14,-0.14,-42.36,-59.51,6.47,1.2299593489217437,73.33260257211658,"-0.44,1.14,-0.14,-42.36,-59.51,6.47",hong_jean,near_miss,(near miss) HJ motion_data.csv
2937,2026-07-27T13:21:54.850,117.675765,0.9568,-0.34,0.79,-0.32,-59.75,21.18,-13.31,0.917660067781093,64.7750800848598,"-0.34,0.79,-0.32,-59.75,21.18,-13.31",hong_jean,near_miss,(near miss) HJ motion_data.csv
2938,2026-07-27T13:21:54.851,117.677257,1.4916,-0.3,0.62,-0.36,-37.6,13.79,-8.42,0.7771743691090179,40.92457085908171,"-0.30,0.62,-0.36,-37.60,13.79,-8.42",hong_jean,near_miss,(near miss) HJ motion_data.csv
2939,2026-07-27T13:21:54.852,117.677745,0.4882,-0.31,0.78,-0.39,-6.84,-63.29,9.64,0.925526876973327,64.38430942395826,"-0.31,0.78,-0.39,-6.84,-63.29,9.64",hong_jean,near_miss,(near miss) HJ motion_data.csv
2940,2026-07-27T13:21:54.852,117.678512,0.7673,-0.36,0.93,-0.43,-11.23,-62.26,12.33,1.0860018416190647,64.45501842370382,"-0.36,0.93,-0.43,-11.23,-62.26,12.33",hong_jean,near_miss,(near miss) HJ motion_data.csv
2941,2026-07-27T13:21:54.906,117.731932,53.4201,-0.39,0.91,-0.43,-24.35,-4.7,-2.56,1.0793979803575695,24.931227406607963,"-0.39,0.91,-0.43,-24.35,-4.70,-2.56",hong_jean,near_miss,(near miss) HJ motion_data.csv
2942,2026-07-27T13:21:54.966,117.792263,60.3308,-0.37,0.86,-0.41,-16.97,10.13,-14.16,1.0220567498920987,24.31261812310636,"-0.37,0.86,-0.41,-16.97,10.13,-14.16",hong_jean,near_miss,(near miss) HJ motion_data.csv
2943,2026-07-27T13:21:54.966,117.792643,0.3801,-0.28,0.85,-0.39,0.61,-15.38,-18.55,0.9762171889492625,24.104335709577228,"-0.28,0.85,-0.39,0.61,-15.38,-18.55",hong_jean,near_miss,(near miss) HJ motion_data.csv
2944,2026-07-27T13:21:55.086,117.911809,119.1653,-0.15,0.9,-0.37,13.85,-31.13,-25.51,0.9845811292118085,42.56359359828537,"-0.15,0.90,-0.37,13.85,-31.13,-25.51",hong_jean,near_miss,(near miss) HJ motion_data.csv
2945,2026-07-27T13:21:55.086,117.912572,0.7629,-0.09,0.94,-0.35,20.32,-25.27,-30.46,1.0070749723828907,44.489177335617256,"-0.09,0.94,-0.35,20.32,-25.27,-30.46",hong_jean,near_miss,(near miss) HJ motion_data.csv
2946,2026-07-27T13:21:55.087,117.912999,0.4275,-0.12,0.92,-0.33,25.02,-22.83,-25.51,0.984733466477097,42.40246926772072,"-0.12,0.92,-0.33,25.02,-22.83,-25.51",hong_jean,near_miss,(near miss) HJ motion_data.csv
2947,2026-07-27T13:21:55.145,117.971618,58.6187,-0.18,0.89,-0.31,30.03,-32.65,-17.76,0.9594790253048786,47.78327113122332,"-0.18,0.89,-0.31,30.03,-32.65,-17.76",hong_jean,near_miss,(near miss) HJ motion_data.csv
2948,2026-07-27T13:21:55.685,118.510897,539.279,-0.21,0.9,-0.26,31.25,-29.24,-20.45,0.9600520819205591,47.43145159069033,"-0.21,0.90,-0.26,31.25,-29.24,-20.45",hong_jean,near_miss,(near miss) HJ motion_data.csv
2949,2026-07-27T13:21:55.744,118.570593,59.6967,-0.2,0.89,-0.24,18.13,-1.46,-28.26,0.9432391001225512,33.60738162963607,"-0.20,0.89,-0.24,18.13,-1.46,-28.26",hong_jean,near_miss,(near miss) HJ motion_data.csv
2950,2026-07-27T13:21:55.745,118.57121,0.6168,-0.19,0.9,-0.38,-5.25,2.38,-21.55,0.995238664843765,22.307608567482085,"-0.19,0.90,-0.38,-5.25,2.38,-21.55",hong_jean,near_miss,(near miss) HJ motion_data.csv
2951,2026-07-27T13:21:55.745,118.571722,0.512,-0.18,0.93,-0.56,-14.34,-35.95,-1.04,1.100409014866745,38.718467170072735,"-0.18,0.93,-0.56,-14.34,-35.95,-1.04",hong_jean,near_miss,(near miss) HJ motion_data.csv
2952,2026-07-27T13:21:55.865,118.691003,119.2808,-0.15,0.98,-0.57,-0.73,-50.66,13.67,1.1435908359199105,52.47701782685445,"-0.15,0.98,-0.57,-0.73,-50.66,13.67",hong_jean,near_miss,(near miss) HJ motion_data.csv
2953,2026-07-27T13:21:55.865,118.691692,0.6889,-0.08,1.02,-0.36,15.56,-14.4,19.17,1.0846197490365,28.582555868921173,"-0.08,1.02,-0.36,15.56,-14.40,19.17",hong_jean,near_miss,(near miss) HJ motion_data.csv
2954,2026-07-27T13:21:55.866,118.692347,0.655,0.01,1.02,-0.14,18.49,-18.98,46.57,1.0296115772464878,53.58064389310752,"0.01,1.02,-0.14,18.49,-18.98,46.57",hong_jean,near_miss,(near miss) HJ motion_data.csv
2955,2026-07-27T13:21:55.867,118.692847,0.5,-0.04,1.07,-0.15,20.02,-88.01,110.35,1.0812030336620408,142.56115529834906,"-0.04,1.07,-0.15,20.02,-88.01,110.35",hong_jean,near_miss,(near miss) HJ motion_data.csv
2956,2026-07-27T13:21:55.867,118.693561,0.7137,-0.33,1.23,-0.3,28.56,-95.46,164.0,1.3083577492413916,191.8965481711435,"-0.33,1.23,-0.30,28.56,-95.46,164.00",hong_jean,near_miss,(near miss) HJ motion_data.csv
2957,2026-07-27T13:21:55.868,118.694488,0.9268,-0.49,1.31,-0.23,6.77,-55.3,141.66,1.41742724681022,152.22180691346426,"-0.49,1.31,-0.23,6.77,-55.30,141.66",hong_jean,near_miss,(near miss) HJ motion_data.csv
2958,2026-07-27T13:21:55.869,118.694877,0.3895,-0.19,1.19,0.01,-27.53,-5.62,89.29,1.2051141024815866,93.60656707731569,"-0.19,1.19,0.01,-27.53,-5.62,89.29",hong_jean,near_miss,(near miss) HJ motion_data.csv
2959,2026-07-27T13:21:55.869,118.695694,0.8173,0.04,0.97,0.04,-55.73,68.91,52.49,0.9716480844420988,103.00301500441626,"0.04,0.97,0.04,-55.73,68.91,52.49",hong_jean,near_miss,(near miss) HJ motion_data.csv
2960,2026-07-27T13:21:55.870,118.696579,0.8846,-0.18,0.74,-0.12,-46.39,59.27,32.41,0.7709734106958552,81.9473800679436,"-0.18,0.74,-0.12,-46.39,59.27,32.41",hong_jean,near_miss,(near miss) HJ motion_data.csv
2961,2026-07-27T13:21:55.871,118.69753,0.9507,-0.43,0.62,-0.21,-1.22,-17.64,10.8,0.783198569968051,20.71950771615967,"-0.43,0.62,-0.21,-1.22,-17.64,10.80",hong_jean,near_miss,(near miss) HJ motion_data.csv
2962,2026-07-27T13:21:55.872,118.698519,0.9899,-0.42,0.64,-0.2,41.5,-76.17,-22.64,0.7912016177940993,89.64757944306137,"-0.42,0.64,-0.20,41.50,-76.17,-22.64",hong_jean,near_miss,(near miss) HJ motion_data.csv
2963,2026-07-27T13:21:55.873,118.699248,0.729,-0.18,0.77,-0.18,57.8,-81.18,-64.21,0.8109870529176159,118.54938422446571,"-0.18,0.77,-0.18,57.80,-81.18,-64.21",hong_jean,near_miss,(near miss) HJ motion_data.csv
2964,2026-07-27T13:21:55.874,118.699792,0.5434,0.24,1.02,-0.25,35.16,-42.42,-96.01,1.0772650555921695,110.6959895389169,"0.24,1.02,-0.25,35.16,-42.42,-96.01",hong_jean,near_miss,(near miss) HJ motion_data.csv
2965,2026-07-27T13:21:55.874,118.700412,0.6201,0.68,1.24,-0.48,-10.8,58.04,-99.98,1.4934523762075576,116.10892299905292,"0.68,1.24,-0.48,-10.80,58.04,-99.98",hong_jean,near_miss,(near miss) HJ motion_data.csv
2966,2026-07-27T13:21:55.926,118.752628,52.2156,0.0,1.01,-0.34,-32.35,119.26,-64.27,1.0656922632730332,139.28425251980212,"0.00,1.01,-0.34,-32.35,119.26,-64.27",hong_jean,near_miss,(near miss) HJ motion_data.csv
2967,2026-07-27T13:21:55.927,118.753488,0.8602,-0.42,1.05,0.01,-16.91,53.83,-17.76,1.1309288218097546,59.152638149113855,"-0.42,1.05,0.01,-16.91,53.83,-17.76",hong_jean,near_miss,(near miss) HJ motion_data.csv
2968,2026-07-27T13:21:55.985,118.811648,58.1599,-0.38,1.19,0.05,-0.12,-26.86,-1.89,1.2501999840025595,26.926680077573618,"-0.38,1.19,0.05,-0.12,-26.86,-1.89",hong_jean,near_miss,(near miss) HJ motion_data.csv
2969,2026-07-27T13:21:56.047,118.872774,61.126,-0.29,1.03,-0.18,-13.92,-7.75,-13.98,1.085080642164443,21.19597367426182,"-0.29,1.03,-0.18,-13.92,-7.75,-13.98",hong_jean,near_miss,(near miss) HJ motion_data.csv
2970,2026-07-27T13:21:56.047,118.873154,0.3808,-0.33,0.76,-0.36,-35.58,57.68,-25.45,0.9033825324855468,72.3921356225937,"-0.33,0.76,-0.36,-35.58,57.68,-25.45",hong_jean,near_miss,(near miss) HJ motion_data.csv
2971,2026-07-27T13:21:56.105,118.931688,58.5333,-0.35,0.69,-0.44,-39.61,54.81,-25.45,0.8900561780022651,72.25503927062805,"-0.35,0.69,-0.44,-39.61,54.81,-25.45",hong_jean,near_miss,(near miss) HJ motion_data.csv
2972,2026-07-27T13:21:56.166,118.99226,60.5718,-0.35,0.76,-0.42,-23.44,24.48,-15.38,0.9362157870918435,37.2189252934579,"-0.35,0.76,-0.42,-23.44,24.48,-15.38",hong_jean,near_miss,(near miss) HJ motion_data.csv
2973,2026-07-27T13:21:56.167,118.993017,0.7577,-0.46,0.87,-0.37,1.65,35.71,-2.62,1.0513800454640558,35.843981363682246,"-0.46,0.87,-0.37,1.65,35.71,-2.62",hong_jean,near_miss,(near miss) HJ motion_data.csv
2974,2026-07-27T13:21:56.225,119.051556,58.5389,-0.47,0.95,-0.38,18.37,6.41,2.5,1.1259662517144997,19.616192291064035,"-0.47,0.95,-0.38,18.37,6.41,2.50",hong_jean,near_miss,(near miss) HJ motion_data.csv
2975,2026-07-27T13:21:56.586,119.411858,360.3017,-0.29,0.94,-0.4,29.48,-74.65,-4.88,1.0619322012256713,80.40837829480209,"-0.29,0.94,-0.40,29.48,-74.65,-4.88",hong_jean,near_miss,(near miss) HJ motion_data.csv
2976,2026-07-27T13:21:56.586,119.412482,0.6244,-0.12,0.9,-0.36,33.69,-91.74,-27.22,0.9767292357659824,101.45034302554132,"-0.12,0.90,-0.36,33.69,-91.74,-27.22",hong_jean,near_miss,(near miss) HJ motion_data.csv
2977,2026-07-27T13:21:56.587,119.41318,0.6973,-0.05,0.94,-0.33,31.74,-48.89,-47.91,0.9974968671630001,75.45215570147748,"-0.05,0.94,-0.33,31.74,-48.89,-47.91",hong_jean,near_miss,(near miss) HJ motion_data.csv
2978,2026-07-27T13:21:56.706,119.532248,119.0686,-0.06,0.98,-0.32,26.55,-15.56,-53.34,1.032666451474047,61.58061139677001,"-0.06,0.98,-0.32,26.55,-15.56,-53.34",hong_jean,near_miss,(near miss) HJ motion_data.csv
2979,2026-07-27T13:21:56.707,119.533024,0.7756,-0.09,0.96,-0.32,15.62,-0.24,-48.58,1.0159232254457027,51.02997550459926,"-0.09,0.96,-0.32,15.62,-0.24,-48.58",hong_jean,near_miss,(near miss) HJ motion_data.csv
2980,2026-07-27T13:21:56.707,119.533727,0.703,-0.12,0.91,-0.31,1.53,13.67,-41.75,0.9688137075826291,43.95761936229031,"-0.12,0.91,-0.31,1.53,13.67,-41.75",hong_jean,near_miss,(near miss) HJ motion_data.csv
2981,2026-07-27T13:21:56.708,119.534509,0.7819,-0.14,0.89,-0.32,-10.25,22.22,-31.31,0.9560857702110204,39.737979314504656,"-0.14,0.89,-0.32,-10.25,22.22,-31.31",hong_jean,near_miss,(near miss) HJ motion_data.csv
2982,2026-07-27T13:21:56.765,119.591065,56.5559,-0.15,0.89,-0.35,-22.22,22.46,-16.6,0.9680392554023829,35.689494252510784,"-0.15,0.89,-0.35,-22.22,22.46,-16.60",hong_jean,near_miss,(near miss) HJ motion_data.csv
2983,2026-07-27T13:21:56.766,119.592096,1.0313,-0.17,0.88,-0.41,-28.93,17.82,-2.81,0.9855962662266938,34.093890948379595,"-0.17,0.88,-0.41,-28.93,17.82,-2.81",hong_jean,near_miss,(near miss) HJ motion_data.csv
2984,2026-07-27T13:21:56.766,119.592738,0.642,-0.21,0.83,-0.46,-19.47,-10.44,14.4,0.9719053451854249,26.371092127555126,"-0.21,0.83,-0.46,-19.47,-10.44,14.40",hong_jean,near_miss,(near miss) HJ motion_data.csv
2985,2026-07-27T13:21:56.767,119.593204,0.4664,-0.26,0.84,-0.47,3.42,-68.91,39.43,0.9970456358662826,79.46703341637965,"-0.26,0.84,-0.47,3.42,-68.91,39.43",hong_jean,near_miss,(near miss) HJ motion_data.csv
2986,2026-07-27T13:21:56.767,119.59348,0.2753,-0.26,0.99,-0.46,22.28,-96.86,51.21,1.1221853679316978,111.80662815772595,"-0.26,0.99,-0.46,22.28,-96.86,51.21",hong_jean,near_miss,(near miss) HJ motion_data.csv
2987,2026-07-27T13:21:56.768,119.594267,0.7878,-0.22,1.15,-0.42,25.02,-54.99,33.69,1.2439051410778876,69.17309158914325,"-0.22,1.15,-0.42,25.02,-54.99,33.69",hong_jean,near_miss,(near miss) HJ motion_data.csv
2988,2026-07-27T13:21:56.769,119.595166,0.8989,-0.12,1.12,-0.3,22.64,4.76,9.95,1.1656757696718245,25.183917487158347,"-0.12,1.12,-0.30,22.64,4.76,9.95",hong_jean,near_miss,(near miss) HJ motion_data.csv
2989,2026-07-27T13:21:56.886,119.711856,116.6898,-0.04,0.98,-0.03,22.34,-18.68,31.07,0.9812746812182611,42.583598955466414,"-0.04,0.98,-0.03,22.34,-18.68,31.07",hong_jean,near_miss,(near miss) HJ motion_data.csv
2990,2026-07-27T13:21:56.886,119.712495,0.6392,-0.1,0.95,0.02,24.41,-134.16,103.7,0.9554580053565933,171.31387480294757,"-0.10,0.95,0.02,24.41,-134.16,103.70",hong_jean,near_miss,(near miss) HJ motion_data.csv
2991,2026-07-27T13:21:56.887,119.713234,0.7387,-0.31,1.06,-0.25,24.6,-134.83,137.39,1.1323427043081966,194.062621336516,"-0.31,1.06,-0.25,24.60,-134.83,137.39",hong_jean,near_miss,(near miss) HJ motion_data.csv
2992,2026-07-27T13:21:56.946,119.772566,59.3318,-0.36,1.12,-0.4,19.1,-10.68,99.06,1.2425779653607254,101.44829224782447,"-0.36,1.12,-0.40,19.10,-10.68,99.06",hong_jean,near_miss,(near miss) HJ motion_data.csv
2993,2026-07-27T13:21:57.006,119.831884,59.3184,-0.13,1.05,-0.28,8.42,47.61,53.22,1.094440496326776,71.90255141509236,"-0.13,1.05,-0.28,8.42,47.61,53.22",hong_jean,near_miss,(near miss) HJ motion_data.csv
2994,2026-07-27T13:21:57.006,119.832383,0.4988,-0.08,0.89,-0.14,-18.07,57.07,27.22,0.9044888059008801,65.76046076480912,"-0.08,0.89,-0.14,-18.07,57.07,27.22",hong_jean,near_miss,(near miss) HJ motion_data.csv
2995,2026-07-27T13:21:57.125,119.951647,119.264,-0.29,0.72,-0.09,-44.07,88.32,4.94,0.781408983823452,98.82808760671229,"-0.29,0.72,-0.09,-44.07,88.32,4.94",hong_jean,near_miss,(near miss) HJ motion_data.csv
2996,2026-07-27T13:21:57.126,119.952555,0.9084,-0.4,0.69,-0.03,-36.8,101.5,-19.96,0.7981227975693965,109.79477036726294,"-0.40,0.69,-0.03,-36.80,101.50,-19.96",hong_jean,near_miss,(near miss) HJ motion_data.csv
2997,2026-07-27T13:21:57.127,119.952844,0.2888,-0.28,0.86,0.02,-7.57,70.62,-44.98,0.9046546302318913,84.069552752468,"-0.28,0.86,0.02,-7.57,70.62,-44.98",hong_jean,near_miss,(near miss) HJ motion_data.csv
2998,2026-07-27T13:21:57.245,120.070889,118.0446,0.05,1.14,-0.09,3.42,40.83,-73.73,1.144639681297132,84.3498559571977,"0.05,1.14,-0.09,3.42,40.83,-73.73",hong_jean,near_miss,(near miss) HJ motion_data.csv
2999,2026-07-27T13:21:57.245,120.071434,0.5455,0.4,1.3,-0.29,-21.06,34.42,-89.23,1.3907192383799112,97.92983661785615,"0.40,1.30,-0.29,-21.06,34.42,-89.23",hong_jean,near_miss,(near miss) HJ motion_data.csv
3000,2026-07-27T13:21:57.246,120.072335,0.9012,0.34,1.15,-0.42,-63.84,81.42,-76.11,1.270629765116495,128.44257121375296,"0.34,1.15,-0.42,-63.84,81.42,-76.11",hong_jean,near_miss,(near miss) HJ motion_data.csv
